controller,timestamp,loop,q0,q1,q2,q3,q4,q5,qvel0,qvel1,qvel2,qvel3,qvel4,qvel5,target0,target1,target2,target3,target4,target5,cmd_pos0,cmd_pos1,cmd_pos2,cmd_pos3,cmd_pos4,cmd_pos5,cmd_vel0,cmd_vel1,cmd_vel2,cmd_vel3,cmd_vel4,cmd_vel5,u0,u1,u2,u3,u4,u5,hal_vel0,hal_vel1,hal_vel2,hal_vel3,hal_vel4,hal_vel5,hal_torq0,hal_torq1,hal_torq2,hal_torq3,hal_torq4,hal_torq5,err_norm,poll_ms,pd_solve_ms,hal_write_ms,sleep_ms
pd,00:03:08.283,1,-100.002,-90.0,-0.0,-90.191,0.777,-0.0,0.0,0.0,0.0,0.0,0.0,0.0,-90.0,-90.0,0.0,-89.901,0.239,-0.0,-95.001,-90.0,0.0,-90.04599999999999,0.508,0.0,0.0,0.0,0.0,0.0,0.0,0.0,5.000999999999991,0.0,0.0,0.14500000000001023,-0.269,0.0,0.0413094,0.0,0.034424500000000004,-0.2203168,0.5439071,-0.0068849,-0.016367277167071998,-0.002184615384588,-0.004698656898598,0.0018971306471700002,0.0016556776557120003,0.0018108974359350002,10.02065606634615,4.866525000124966,0.4905509999844071,0.13281300016387831,0.0
pd,00:03:08.289,2,-100.002,-90.0,-0.0,-90.191,0.777,-0.0,0.0,0.0,0.0,0.0,0.0,0.0,-90.0,-90.0,0.0,-89.901,0.239,-0.0,-95.001,-90.0,0.0,-90.04599999999999,0.508,0.0,430.7835846545632,0.0,0.0,12.490225909800648,-23.17152254990553,0.0,5.000999999999991,0.0,0.0,0.14500000000001023,-0.269,0.0,0.0413094,0.0,0.034424500000000004,-0.2203168,0.5439071,-0.0068849,-0.016367277167071998,-0.002184615384588,-0.004698656898598,0.0018971306471700002,0.0016556776557120003,0.0018108974359350002,10.02065606634615,1.8365010000707116,0.22312700002657948,0.09883299981083837,0.0
pd,00:03:08.292,3,-100.002,-90.0,-0.0,-90.191,0.777,-0.0,0.0,0.0,0.0,0.0,0.0,0.0,-90.0,-90.0,0.0,-89.901,0.239,-0.0,-95.001,-90.0,0.0,-90.04599999999999,0.508,0.0,1028.624671635935,0.0,0.0,29.824150647313314,-55.328941545704204,0.0,5.000999999999991,0.0,0.0,0.14500000000001023,-0.269,0.0,0.0413094,0.0,0.034424500000000004,-0.2203168,0.5439071,-0.0068849,-0.016367277167071998,-0.002184615384588,-0.004698656898598,0.0018971306471700002,0.0016556776557120003,0.0018108974359350002,10.02065606634615,3.670019000310276,0.2614419995552453,0.8486769997944066,0.0
pd,00:03:08.298,4,-100.002,-90.0,-0.0,-90.191,0.777,-0.0,0.0,0.0,0.0,0.0,0.0,0.0,-90.0,-90.0,0.0,-89.901,0.239,-0.0,-95.001,-90.0,0.0,-90.04599999999999,0.508,0.0,395.7980659672426,0.0,0.0,11.47584874330163,-21.289678013434976,0.0,5.000999999999991,0.0,0.0,0.14500000000001023,-0.269,0.0,0.0413094,0.0,0.034424500000000004,-0.2203168,0.5439071,-0.0068849,-0.016367277167071998,-0.002184615384588,-0.004698656898598,0.0018971306471700002,0.0016556776557120003,0.0018108974359350002,10.02065606634615,2.2210329998415546,0.525013999777002,0.11636900035227882,0.0
pd,00:03:08.301,5,-100.002,-90.0,0.0,-90.194,0.786,-0.0,0.0,0.0,0.0,-0.9975354368162738,2.9926063104487106,0.0,-90.0,-90.0,0.0,-89.901,0.239,-0.0,-95.001,-90.0,0.0,-89.94774645631837,0.21323936895512896,0.0,831.4457865863322,0.0,0.0,40.94110604400023,-95.22483771341473,0.0,5.000999999999991,0.0,0.0,0.24625354368163244,-0.5727606310448711,0.0,0.0413094,0.0,0.034424500000000004,-0.2822809,0.7160296,0.0275396,-0.016367277167071998,-0.002184615384588,-0.005600244200174,0.0018971306471700002,0.001483211233242,0.0016556776557120003,10.021230563159394,7.808181999735098,1.5599849998579884,0.13542399983634823,0.0
pd,00:03:08.311,6,-100.002,-90.0,0.0,-90.194,0.786,-0.0,0.0,0.0,0.0,0.0,0.0,0.0,-90.0,-90.0,0.0,-89.901,0.239,-0.0,-95.001,-90.0,0.0,-90.0475,0.5125,0.0,259.119386090179,0.0,0.0,7.59067987646712,-14.17099621988882,0.0,5.000999999999991,0.0,0.0,0.14650000000000318,-0.2735000000000001,0.0,0.034424500000000004,0.0137698,0.0550792,-0.2822809,0.7160296,0.0275396,-0.016939438339226,-0.00164713064711,-0.005600244200174,0.0018971306471700002,0.001483211233242,0.0016556776557120003,10.021230563159394,2.1961259999443428,0.21670200021617347,0.10012899974753964,0.0
pd,00:03:08.313,7,-100.002,-90.0,0.0,-90.194,0.786,-0.0,0.0,0.0,0.0,0.0,0.0,0.0,-90.0,-90.0,0.0,-89.901,0.239,-0.0,-95.001,-90.0,0.0,-90.0475,0.5125,0.0,959.1967397109928,0.0,0.0,28.098844704591794,-52.4575701481617,0.0,5.000999999999991,0.0,0.0,0.14650000000000318,-0.2735000000000001,0.0,0.034424500000000004,0.0137698,0.0550792,-0.2822809,0.7160296,0.0275396,-0.016939438339226,-0.00164713064711,-0.005600244200174,0.0018971306471700002,0.001483211233242,0.0016556776557120003,10.021230563159394,2.083534999655967,0.1762390002113534,0.07920200005173683,0.0
pd,00:03:08.316,8,-100.002,-90.0,0.0,-90.194,0.786,-0.0,0.0,0.0,0.0,0.0,0.0,0.0,-90.0,-90.0,0.0,-89.901,0.239,-0.0,-95.001,-90.0,0.0,-90.0475,0.5125,0.0,1033.8975899053623,0.0,0.0,30.28714195583662,-56.542889589905364,0.0,5.000999999999991,0.0,0.0,0.14650000000000318,-0.2735000000000001,0.0,0.034424500000000004,0.0137698,0.0550792,-0.2822809,0.7160296,0.0275396,-0.016939438339226,-0.00164713064711,-0.005600244200174,0.0018971306471700002,0.001483211233242,0.0016556776557120003,10.021230563159394,1.827314999900409,0.16746200026318547,0.07383299998764414,0.0
pd,00:03:08.318,9,-100.002,-90.0,0.0,-90.194,0.786,-0.0,0.0,0.0,0.0,0.0,0.0,0.0,-90.0,-90.0,0.0,-89.901,0.239,-0.0,-95.001,-90.0,0.0,-90.0475,0.5125,0.0,1167.0031325247573,0.0,0.0,34.186354512073734,-63.82230688772672,0.0,5.000999999999991,0.0,0.0,0.14650000000000318,-0.2735000000000001,0.0,0.034424500000000004,0.0137698,0.0550792,-0.2822809,0.7160296,0.0275396,-0.016939438339226,-0.00164713064711,-0.005600244200174,0.0018971306471700002,0.001483211233242,0.0016556776557120003,10.021230563159394,1.7011680001814966,0.14644300017607748,0.06336899969028309,0.0
pd,00:03:08.320,10,-100.002,-90.0,0.0,-90.194,0.786,-0.0,0.0,0.0,0.0,0.0,0.0,0.0,-90.0,-90.0,0.0,-89.901,0.239,-0.0,-95.001,-90.0,0.0,-90.0475,0.5125,0.0,1262.9885780346815,0.0,0.0,36.998165703276335,-69.07166088631985,0.0,5.000999999999991,0.0,0.0,0.14650000000000318,-0.2735000000000001,0.0,0.034424500000000004,0.0137698,0.0550792,-0.2822809,0.46128830000000004,-0.0068849,-0.016939438339226,-0.00164713064711,-0.005600244200174,0.0018971306471700002,0.0017074175824530002,0.0016556776557120003,10.021230563159394,5.496888999914518,0.774178000028769,0.13931400008004857,0.0
pd,00:03:08.328,11,-100.002,-90.0,0.0,-90.197,0.796,-0.0,0.0,0.0,0.0,-0.34233627162913477,1.141120905430407,0.0,-90.0,-90.0,0.0,-89.901,0.239,-0.0,-95.001,-90.0,0.0,-90.01476637283709,0.4033879094569593,0.0,285.33728240287286,0.0,0.0,10.397530081400728,-22.400893212169958,0.0,5.000999999999991,0.0,0.0,0.18223362716291547,-0.39261209054304075,0.0,0.0206547,-0.0068849,-0.0206547,-0.26162620000000003,0.46128830000000004,-0.0068849,-0.014650793650609999,-0.0019245421245179999,-0.005340170940104,0.0019661172161580002,0.0017074175824530002,0.0016556776557120003,10.021869536169381,2.2580139998353843,0.4760320002787921,0.13290600008986075,0.0
pd,00:03:08.331,12,-100.002,-90.0,0.0,-90.197,0.796,-0.0,0.0,0.0,0.0,0.0,0.0,0.0,-90.0,-90.0,0.0,-89.901,0.239,-0.0,-95.001,-90.0,0.0,-90.049,0.5175000000000001,0.0,835.6858288446211,0.0,0.0,24.73135426294875,-46.53839298804781,0.0,5.000999999999991,0.0,0.0,0.14799999999999613,-0.27849999999999997,0.0,0.0206547,-0.0068849,-0.0206547,-0.26162620000000003,0.46128830000000004,-0.0068849,-0.014650793650609999,-0.0019245421245179999,-0.005340170940104,0.0019661172161580002,0.0017074175824530002,0.0016556776557120003,10.021869536169381,2.769713000361662,0.35294100007376983,0.14122099992164294,0.0
pd,00:03:08.335,13,-100.002,-90.0,0.0,-90.197,0.796,-0.0,0.0,0.0,0.0,0.0,0.0,0.0,-90.0,-90.0,0.0,-89.901,0.239,-0.0,-95.001,-90.0,0.0,-90.049,0.5175000000000001,0.0,735.1645276882094,0.0,0.0,21.756518715828317,-40.940476097013885,0.0,5.000999999999991,0.0,0.0,0.14799999999999613,-0.27849999999999997,0.0,0.0206547,-0.0068849,-0.0206547,-0.26162620000000003,0.46128830000000004,-0.0068849,-0.014650793650609999,-0.0019245421245179999,-0.005340170940104,0.0019661172161580002,0.0017074175824530002,0.0016556776557120003,10.021869536169381,2.21306999992521,0.3744220002772636,0.12805400001525413,0.0
pd,00:03:08.338,14,-100.002,-90.0,0.0,-90.197,0.796,-0.0,0.0,0.0,0.0,0.0,0.0,0.0,-90.0,-90.0,0.0,-89.901,0.239,-0.0,-95.001,-90.0,0.0,-90.049,0.5175000000000001,0.0,880.6664834998736,0.0,0.0,26.06251540851514,-49.04331446804938,0.0,5.000999999999991,0.0,0.0,0.14799999999999613,-0.27849999999999997,0.0,0.0206547,-0.0068849,-0.0206547,-0.26162620000000003,0.46128830000000004,-0.0068849,-0.014650793650609999,-0.0019245421245179999,-0.005340170940104,0.0019661172161580002,0.0017074175824530002,0.0016556776557120003,10.021869536169381,1.9608130000960955,0.19538700007615262,0.08097999989331583,0.0
pd,00:03:08.340,15,-100.002,-90.0,0.0,-90.197,0.796,-0.0,0.0,0.0,0.0,0.0,0.0,0.0,-90.0,-90.0,0.0,-89.901,0.239,-0.0,-95.001,-90.0,0.0,-90.049,0.5175000000000001,0.0,1080.442685896775,0.0,0.0,31.97470856083309,-60.16862387967447,0.0,5.000999999999991,0.0,0.0,0.14799999999999613,-0.27849999999999997,0.0,0.0206547,-0.0068849,-0.0206547,-0.26162620000000003,0.46128830000000004,-0.0068849,-0.014650793650609999,-0.0019245421245179999,-0.005340170940104,0.0019661172161580002,0.0017074175824530002,0.0016556776557120003,10.021869536169381,2.1469610001076944,0.20344199992905487,0.09672099986346439,0.0
pd,00:03:08.343,16,-100.002,-90.0,0.0,-90.202,0.81,-0.0,0.0,0.0,0.0,-1.9693417222256482,5.514156822236835,0.0,-90.0,-90.0,0.0,-89.901,0.239,-0.0,-95.001,-90.0,0.0,-89.85456582777744,-0.026915682223683568,0.0,984.8677952859418,0.0,0.0,68.42166110854524,-164.81729709895413,0.0,5.000999999999991,0.0,0.0,0.3474341722225631,-0.8369156822236836,0.0,1.0533897,-0.0137698,0.0137698,0.1239282,-0.3373601,0.0068849,0.029526984126614,-0.00364102564098,-0.005842979242906,-0.0016556776557120003,-0.002190323565369,0.0017246642247000002,10.022806293648497,4.468325999823719,0.45860699992772425,0.6922160000613076,0.0
pd,00:03:08.349,17,-100.002,-90.0,0.0,-90.202,0.81,-0.0,0.0,0.0,0.0,0.0,0.0,0.0,-90.0,-90.0,0.0,-89.901,0.239,-0.0,-95.001,-90.0,0.0,-90.0515,0.5245,0.0,414.4087700331909,0.0,0.0,12.471209736051922,-23.658009167061802,0.0,5.000999999999991,0.0,0.0,0.15049999999999386,-0.2855000000000001,0.0,1.0533897,-0.0137698,0.0137698,0.1239282,-0.3373601,0.0068849,0.029526984126614,-0.00364102564098,-0.005842979242906,-0.0016556776557120003,-0.002190323565369,0.0017246642247000002,10.022806293648497,3.083098999923095,0.2497750001566601,0.11625900015133084,0.0
pd,00:03:08.352,18,-100.002,-90.0,0.0,-90.202,0.81,-0.0,0.0,0.0,0.0,0.0,0.0,0.0,-90.0,-90.0,0.0,-89.901,0.239,-0.0,-95.001,-90.0,0.0,-90.0515,0.5245,0.0,702.3275398111562,0.0,0.0,21.135831781959553,-40.09488354650774,0.0,5.000999999999991,0.0,0.0,0.15049999999999386,-0.2855000000000001,0.0,1.0533897,-0.0137698,0.0137698,0.1239282,-0.3373601,0.0068849,0.029526984126614,-0.00364102564098,-0.005842979242906,-0.0016556776557120003,-0.002190323565369,0.0017246642247000002,10.022806293648497,2.1799410001221986,0.3690330004246789,0.10883200002353988,0.0
pd,00:03:08.355,19,-100.002,-90.0,0.0,-90.202,0.81,-0.0,0.0,0.0,0.0,0.0,0.0,0.0,-90.0,-90.0,0.0,-89.901,0.239,-0.0,-95.001,-90.0,0.0,-90.0515,0.5245,0.0,907.2540788927331,0.0,0.0,27.30288719723201,-51.793849134948104,0.0,5.000999999999991,0.0,0.0,0.15049999999999386,-0.2855000000000001,0.0,1.0533897,-0.0137698,0.0137698,0.1239282,-0.3373601,0.0068849,0.029526984126614,-0.00364102564098,-0.005842979242906,-0.0016556776557120003,-0.002190323565369,0.0017246642247000002,10.022806293648497,2.1959590003461926,0.35275600021122955,0.13064699987808126,0.0
pd,00:03:08.358,20,-100.002,-90.0,0.0,-90.202,0.81,-0.0,0.0,0.0,0.0,0.0,0.0,0.0,-90.0,-90.0,0.0,-89.901,0.239,-0.0,-95.001,-90.0,0.0,-90.0515,0.5245,0.0,894.105469053708,0.0,0.0,26.90719317988082,-51.04321364023871,0.0,5.000999999999991,0.0,0.0,0.15049999999999386,-0.2855000000000001,0.0,1.0533897,-0.0137698,0.0137698,0.1239282,-0.3373601,0.0068849,0.029526984126614,-0.00364102564098,-0.005842979242906,-0.0016556776557120003,-0.002190323565369,0.0017246642247000002,10.022806293648497,1.9523880000633653,0.2172199997403368,0.09183300016957219,0.0
pd,00:03:08.361,21,-100.002,-90.0,0.0,-90.202,0.81,-0.0,0.0,0.0,0.0,0.0,0.0,0.0,-90.0,-90.0,0.0,-89.901,0.239,-0.0,-95.001,-90.0,0.0,-90.0515,0.5245,0.0,839.0956998159849,0.0,0.0,25.251730218417634,-47.90278390271222,0.0,5.000999999999991,0.0,0.0,0.15049999999999386,-0.2855000000000001,0.0,1.0533897,-0.0137698,0.0137698,0.1239282,-0.3373601,0.0068849,0.029526984126614,-0.00364102564098,-0.005842979242906,-0.0016556776557120003,-0.002190323565369,0.0017246642247000002,10.022806293648497,2.096071000323718,0.3993850000370003,0.28234899991730344,0.0
pd,00:03:08.364,22,-100.002,-90.0,-0.0,-90.208,0.821,-0.0,0.0,0.0,-0.0,-1.835849430989273,3.3657239568135084,0.0,-90.0,-90.0,0.0,-89.901,0.239,-0.0,-95.001,-90.0,0.0,-89.87091505690107,0.19342760431864914,0.0,765.0902503647502,0.0,0.0,51.56976674859964,-96.01070212634492,0.0,5.000999999999991,0.0,0.0,0.33708494309892956,-0.6275723956813508,0.0,8.3238441,-0.0068849,-0.0,1.5009082,-2.8710033,0.0137698,0.030463247862866,-0.002271306471278,-0.005340170940104,-0.001345238095266,-0.00206959706964,0.0019661172161580002,10.023620952530074,4.864655000346829,0.25292400005128,0.12053599994032993,0.0
pd,00:03:08.369,23,-100.002,-90.0,-0.0,-90.208,0.821,-0.0,0.0,0.0,0.0,0.0,0.0,0.0,-90.0,-90.0,0.0,-89.901,0.239,-0.0,-95.001,-90.0,0.0,-90.05449999999999,0.53,0.0,458.30524174095416,0.0,0.0,14.067157489949409,-26.668031463030935,0.0,5.000999999999991,0.0,0.0,0.15350000000000819,-0.2909999999999999,0.0,8.3238441,-0.0068849,-0.0,1.5009082,-2.8710033,0.0137698,0.030463247862866,-0.002271306471278,-0.005340170940104,-0.001345238095266,-0.00206959706964,0.0019661172161580002,10.023620952530074,1.7633339998610609,0.336811000124726,0.10109200002261787,0.0
pd,00:03:08.372,24,-100.002,-90.0,-0.0,-90.208,0.821,-0.0,0.0,0.0,0.0,0.0,0.0,0.0,-90.0,-90.0,0.0,-89.901,0.239,-0.0,-95.001,-90.0,0.0,-90.05449999999999,0.53,0.0,1090.6673410981691,0.0,0.0,33.47679201331138,-63.46414642262895,0.0,5.000999999999991,0.0,0.0,0.15350000000000819,-0.2909999999999999,0.0,8.3238441,-0.0068849,-0.0,1.5009082,-2.8710033,0.0137698,0.030463247862866,-0.002271306471278,-0.005340170940104,-0.001345238095266,-0.00206959706964,0.0019661172161580002,10.023620952530074,2.2238850001485844,0.21546100015257252,0.09688799991636188,0.0
pd,00:03:08.374,25,-100.002,-90.0,-0.0,-90.208,0.821,-0.0,0.0,0.0,0.0,0.0,0.0,0.0,-90.0,-90.0,0.0,-89.901,0.239,-0.0,-95.001,-90.0,0.0,-90.05449999999999,0.53,0.0,953.5282436585139,0.0,0.0,29.267463587599078,-55.484246931539225,0.0,5.000999999999991,0.0,0.0,0.15350000000000819,-0.2909999999999999,0.0,8.3238441,-0.0068849,-0.0,1.5009082,-2.8710033,0.0137698,0.030463247862866,-0.002271306471278,-0.005340170940104,-0.001345238095266,-0.00206959706964,0.0019661172161580002,10.023620952530074,1.742352999826835,0.2221460003966058,0.0814250001894834,0.0
pd,00:03:08.376,26,-100.002,-90.0,-0.0,-90.208,0.821,-0.0,0.0,0.0,0.0,0.0,0.0,0.0,-90.0,-90.0,0.0,-89.901,0.239,-0.0,-95.001,-90.0,0.0,-90.05449999999999,0.53,0.0,1175.2417247870903,0.0,0.0,36.07270640968201,-68.38539130434782,0.0,5.000999999999991,0.0,0.0,0.15350000000000819,-0.2909999999999999,0.0,8.3238441,-0.0068849,-0.0,1.5009082,-2.8710033,0.0137698,0.030463247862866,-0.002271306471278,-0.005340170940104,-0.001345238095266,-0.00206959706964,0.0019661172161580002,10.023620952530074,1.787926999895717,0.32201499971051817,0.10149899981115595,0.0
pd,00:03:08.379,27,-100.002,-90.0,-0.0,-90.208,0.821,-0.0,0.0,0.0,0.0,0.0,0.0,0.0,-90.0,-90.0,0.0,-89.901,0.239,-0.0,-95.001,-90.0,0.0,-90.05449999999999,0.53,0.0,1086.9372113172344,0.0,0.0,33.362299927453854,-63.24709627940719,0.0,5.000999999999991,0.0,0.0,0.15350000000000819,-0.2909999999999999,0.0,8.3238441,-0.0068849,-0.0,1.5009082,-2.8710033,0.0137698,0.030463247862866,-0.002271306471278,-0.005340170940104,-0.001345238095266,-0.00206959706964,0.0019661172161580002,10.023620952530074,2.0148130001871323,0.32773799966889783,0.1362580001114111,0.0
pd,00:03:08.381,28,-100.002,-90.0,-0.0,-90.208,0.821,-0.0,0.0,0.0,0.0,0.0,0.0,0.0,-90.0,-90.0,0.0,-89.901,0.239,-0.0,-95.001,-90.0,0.0,-90.05449999999999,0.53,0.0,963.2491873622332,0.0,0.0,29.565836884643854,-56.04989272593681,0.0,5.000999999999991,0.0,0.0,0.15350000000000819,-0.2909999999999999,0.0,8.3238441,-0.0068849,-0.0,1.5009082,-2.8710033,0.0137698,0.030463247862866,-0.002271306471278,-0.005340170940104,-0.001345238095266,-0.00206959706964,0.0019661172161580002,10.023620952530074,2.033257999755733,0.6550670000251557,0.5987720001030539,0.0
pd,00:03:08.385,29,-99.995,-90.0,0.0,-90.204,0.812,-0.0,1.9938966383674959,0.0,0.0,1.1393695076414603,-2.5635813921901236,0.0,-90.0,-90.0,0.0,-89.901,0.239,-0.0,-95.19688966383676,-90.0,0.0,-90.16643695076414,0.7818581392190124,0.0,683.3525764146308,0.0,0.0,5.349774114164126,-4.292839634673676,0.0,4.798110336163248,0.0,0.0,0.03756304923585674,-0.030141860780987684,0.0,12.8541083,0.0,-0.0068849,0.9776558000000001,-2.6300318000000003,-0.0068849,0.034693772893338,-0.001543101343082,-0.005842979242906,-0.0033975885226590003,-0.0030526556777190003,0.001431471306501,10.015995357427043,3.197097999873222,0.19988700023532147,0.08116600020002807,0.0
pd,00:03:08.388,30,-99.995,-90.0,0.0,-90.204,0.812,-0.0,0.0,0.0,0.0,0.0,0.0,0.0,-90.0,-90.0,0.0,-89.901,0.239,-0.0,-94.9975,-90.0,0.0,-90.0525,0.5255000000000001,0.0,701.6950401713983,0.0,0.0,21.271995715050693,-40.22723942153188,0.0,4.997500000000002,0.0,0.0,0.15149999999999864,-0.2865,0.0,12.8541083,0.0,-0.0068849,0.9776558000000001,-2.6300318000000003,-0.0068849,0.034693772893338,-0.001543101343082,-0.005842979242906,-0.0033975885226590003,-0.0030526556777190003,0.001431471306501,10.015995357427043,1.7336310002065147,0.14325800020742463,0.060739999753423035,0.0
pd,00:03:08.391,31,-99.995,-90.0,0.0,-90.204,0.812,-0.0,0.0,0.0,0.0,0.0,0.0,0.0,-90.0,-90.0,0.0,-89.901,0.239,-0.0,-94.9975,-90.0,0.0,-90.0525,0.5255000000000001,0.0,993.8849805595073,0.0,0.0,30.129779800853214,-56.97809843527739,0.0,4.997500000000002,0.0,0.0,0.15149999999999864,-0.2865,0.0,12.8541083,0.0,-0.0068849,0.9776558000000001,-2.6300318000000003,-0.0068849,0.034693772893338,-0.001543101343082,-0.005842979242906,-0.0033975885226590003,-0.0030526556777190003,0.001431471306501,10.015995357427043,1.9800730001406919,0.2234049998151022,0.15272099972207798,0.0
pd,00:03:08.393,32,-99.995,-90.0,0.0,-90.204,0.812,-0.0,0.0,0.0,0.0,0.0,0.0,0.0,-90.0,-90.0,0.0,-89.901,0.239,-0.0,-94.9975,-90.0,0.0,-90.0525,0.5255000000000001,0.0,981.7814632318506,0.0,0.0,29.762859765807693,-56.284219953161596,0.0,4.997500000000002,0.0,0.0,0.15149999999999864,-0.2865,0.0,12.8541083,0.0,-0.0068849,0.9776558000000001,-2.6300318000000003,-0.0068849,0.034693772893338,-0.001543101343082,-0.005842979242906,-0.0033975885226590003,-0.0030526556777190003,0.001431471306501,10.015995357427043,1.750278999679722,0.15666499984945403,0.06357299980663811,0.0
pd,00:03:08.395,33,-99.995,-90.0,0.0,-90.204,0.812,-0.0,0.0,0.0,0.0,0.0,0.0,0.0,-90.0,-90.0,0.0,-89.901,0.239,-0.0,-94.9975,-90.0,0.0,-90.0525,0.5255000000000001,0.0,1225.648125365455,0.0,0.0,37.155716056601236,-70.26476996842476,0.0,4.997500000000002,0.0,0.0,0.15149999999999864,-0.2865,0.0,12.8541083,0.0,-0.0068849,0.9776558000000001,-2.6300318000000003,-0.0068849,0.034693772893338,-0.001543101343082,-0.005842979242906,-0.0033975885226590003,-0.0030526556777190003,0.001431471306501,10.015995357427043,2.499066999916977,0.930842999878223,0.13175799995224224,0.0
pd,00:03:08.399,34,-99.995,-90.0,0.0,-90.204,0.812,-0.0,0.0,0.0,0.0,0.0,0.0,0.0,-90.0,-90.0,0.0,-89.901,0.239,-0.0,-94.9975,-90.0,0.0,-90.0525,0.5255000000000001,0.0,678.1750433544717,0.0,0.0,20.558983305292944,-38.87886941892067,0.0,4.997500000000002,0.0,0.0,0.15149999999999864,-0.2865,0.0,12.8541083,0.0,-0.0068849,0.9776558000000001,-2.6300318000000003,-0.0068849,0.034693772893338,-0.001543101343082,-0.005842979242906,-0.0033975885226590003,-0.0030526556777190003,0.001431471306501,10.015995357427043,1.8952209998133185,0.24973900008262717,0.11401799974919413,0.0
pd,00:03:08.402,35,-99.995,-90.0,0.0,-90.204,0.812,-0.0,0.0,0.0,0.0,0.0,0.0,0.0,-90.0,-90.0,0.0,-89.901,0.239,-0.0,-94.9975,-90.0,0.0,-90.0525,0.5255000000000001,0.0,1057.249785130637,0.0,0.0,32.05069383637618,-60.61071804700899,0.0,4.997500000000002,0.0,0.0,0.15149999999999864,-0.2865,0.0,12.8541083,0.0,-0.0068849,0.9776558000000001,-2.6300318000000003,-0.0068849,0.034693772893338,-0.001543101343082,-0.005842979242906,-0.0033975885226590003,-0.0030526556777190003,0.001569444444477,10.015995357427043,2.3929570002110268,0.834917999782192,0.3354969999236346,0.0
pd,00:03:08.405,36,-99.907,-90.0,0.0,-90.18,0.77,-0.0,23.95500726895339,0.0,0.0,6.533183800619432,-11.433071651090353,0.0,-90.0,-90.0,0.0,-89.901,0.239,-0.0,-97.34900072689534,-90.0,0.0,-90.69381838006194,1.6478071651090354,0.0,348.16415443860217,0.0,0.0,-69.93478993922984,119.4765739825249,0.0,2.557999273104656,0.0,0.0,-0.5138183800619345,0.8778071651090353,0.0,17.343063100000002,0.0068849,-0.0,0.9019219,-2.3477509,0.0068849,0.035161904761464,-0.0024793650793339997,-0.005097435897372,-0.002655982906038,-0.005587912088028,0.001569444444477,9.925142366737111,2.9694520003431535,0.28158999975858023,0.10914700033026747,0.0
pd,00:03:08.409,37,-99.907,-90.0,0.0,-90.18,0.77,-0.0,0.0,0.0,0.0,0.0,0.0,0.0,-90.0,-90.0,0.0,-89.901,0.239,-0.0,-94.95349999999999,-90.0,0.0,-90.04050000000001,0.5045,0.0,718.412339695712,0.0,0.0,20.23186058091363,-38.50579917012448,0.0,4.953500000000005,0.0,0.0,0.13949999999999818,-0.26550000000000007,0.0,17.343063100000002,0.0068849,-0.0,0.9019219,-2.3477509,0.0068849,0.035161904761464,-0.0024793650793339997,-0.005097435897372,-0.002655982906038,-0.005587912088028,0.001569444444477,9.925142366737111,1.7349639997519262,0.1529060000393656,0.0596290001340094,0.0
pd,00:03:08.411,38,-99.907,-90.0,0.0,-90.18,0.77,-0.0,0.0,0.0,0.0,0.0,0.0,0.0,-90.0,-90.0,0.0,-89.901,0.239,-0.0,-94.95349999999999,-90.0,0.0,-90.04050000000001,0.5045,0.0,1228.3602260848998,0.0,0.0,34.592964881164846,-65.83822348350479,0.0,4.953500000000005,0.0,0.0,0.13949999999999818,-0.26550000000000007,0.0,17.343063100000002,0.0068849,-0.0,0.9019219,-2.3477509,0.0068849,0.035161904761464,-0.0024793650793339997,-0.005097435897372,-0.002655982906038,-0.005587912088028,0.001569444444477,9.925142366737111,1.9230549996791524,0.16699899970262777,0.087850999989314,0.0
pd,00:03:08.413,39,-99.907,-90.0,0.0,-90.18,0.77,-0.0,0.0,0.0,0.0,0.0,0.0,0.0,-90.0,-90.0,0.0,-89.901,0.239,-0.0,-94.95349999999999,-90.0,0.0,-90.04050000000001,0.5045,0.0,1097.426836256074,0.0,0.0,30.905631100782916,-58.82039467568139,0.0,4.953500000000005,0.0,0.0,0.13949999999999818,-0.26550000000000007,0.0,17.343063100000002,0.0068849,-0.0,0.9019219,-2.3477509,0.0068849,0.035161904761464,-0.0024793650793339997,-0.005097435897372,-0.002655982906038,-0.005587912088028,0.001569444444477,9.925142366737111,1.677945999745134,0.15131300006032689,0.060257999848545296,0.0
pd,00:03:08.415,40,-99.907,-90.0,0.0,-90.18,0.77,-0.0,0.0,0.0,0.0,0.0,0.0,0.0,-90.0,-90.0,0.0,-89.901,0.239,-0.0,-94.95349999999999,-90.0,0.0,-90.04050000000001,0.5045,0.0,1265.315765164433,0.0,0.0,35.6337032886737,-67.81898367844093,0.0,4.953500000000005,0.0,0.0,0.13949999999999818,-0.26550000000000007,0.0,17.343063100000002,0.0068849,-0.0,0.9019219,-2.3477509,0.0068849,0.035161904761464,-0.0024793650793339997,-0.005097435897372,-0.002655982906038,-0.005587912088028,0.001569444444477,9.925142366737111,1.6306880002048274,0.26275700020050863,0.06818500014560414,0.0
pd,00:03:08.418,41,-99.907,-90.0,0.0,-90.18,0.77,-0.0,0.0,0.0,0.0,0.0,0.0,0.0,-90.0,-90.0,0.0,-89.901,0.239,-0.0,-94.95349999999999,-90.0,0.0,-90.04050000000001,0.5045,0.0,944.0423874954558,0.0,0.0,26.586032715377236,-50.599223555070886,0.0,4.953500000000005,0.0,0.0,0.13949999999999818,-0.26550000000000007,0.0,17.343063100000002,0.0068849,-0.0,0.9019219,-2.3477509,0.0068849,0.035161904761464,-0.0024793650793339997,-0.005097435897372,-0.002655982906038,-0.005587912088028,0.001569444444477,9.925142366737111,2.0602760000656417,0.24999799961733515,0.11398100014048396,0.0
pd,00:03:08.420,42,-99.907,-90.0,0.0,-90.18,0.77,-0.0,0.0,0.0,0.0,0.0,0.0,0.0,-90.0,-90.0,0.0,-89.901,0.239,-0.0,-94.95349999999999,-90.0,0.0,-90.04050000000001,0.5045,0.0,978.638005840791,0.0,0.0,27.560311257655307,-52.4534956194065,0.0,4.953500000000005,0.0,0.0,0.13949999999999818,-0.26550000000000007,0.0,17.343063100000002,0.0068849,-0.0,0.9019219,-2.3477509,0.0068849,0.035161904761464,-0.0024793650793339997,-0.005097435897372,-0.002655982906038,-0.005587912088028,0.001569444444477,9.925142366737111,1.9375169999875652,0.18194299991591834,0.08070300009421771,0.0
pd,00:03:08.422,43,-99.693,-90.0,0.0,-90.16,0.715,-0.0,93.820534754886,0.0,0.0,8.768274276162112,-24.11275425943349,0.0,-90.0,-90.0,0.0,-89.901,0.239,-0.0,-104.2285534754886,-90.0,0.0,-90.90732742761621,2.888275425943349,0.0,-994.2244216816005,0.0,0.0,-163.81929648585682,476.3968753076144,0.0,-4.535553475488598,0.0,0.0,-0.747327427616213,2.1732754259433493,0.0,21.852672600000002,0.0137698,0.0206547,1.1084689,-3.2772124000000002,-0.0,0.037311843711376,-0.00225396825394,-0.0049934065933439995,-0.004725579975678001,-0.0025352564103090004,0.001500457875489,9.70813607238794,5.414778999693226,0.3106819999629806,0.1183330000458227,0.0
pd,00:03:08.428,44,-99.693,-90.0,0.0,-90.16,0.715,-0.0,0.0,0.0,0.0,0.0,0.0,0.0,-90.0,-90.0,0.0,-89.901,0.239,-0.0,-94.84649999999999,-90.0,0.0,-90.03049999999999,0.477,0.0,407.6300299991978,0.0,0.0,10.892002245929268,-20.01773385738349,0.0,4.846500000000006,0.0,0.0,0.12950000000000728,-0.238,0.0,21.852672600000002,0.0137698,0.0206547,1.1084689,-3.2772124000000002,-0.0,0.037311843711376,-0.00225396825394,-0.0049934065933439995,-0.004725579975678001,-0.0025352564103090004,0.001500457875489,9.70813607238794,1.794964000055188,0.18327599991607713,0.0793320000411768,0.0
pd,00:03:08.430,45,-99.693,-90.0,0.0,-90.16,0.715,-0.0,0.0,0.0,0.0,0.0,0.0,0.0,-90.0,-90.0,0.0,-89.901,0.239,-0.0,-94.84649999999999,-90.0,0.0,-90.03049999999999,0.477,0.0,1133.4724175309466,0.0,0.0,30.286738485558196,-55.66211397345823,0.0,4.846500000000006,0.0,0.0,0.12950000000000728,-0.238,0.0,21.852672600000002,0.0137698,0.0206547,1.1084689,-3.2772124000000002,-0.0,0.037311843711376,-0.00225396825394,-0.0049934065933439995,-0.004725579975678001,-0.0025352564103090004,0.001500457875489,9.70813607238794,1.8860360000871879,0.19699800031958148,0.11422199986554915,0.0
pd,00:03:08.433,46,-99.693,-90.0,0.0,-90.16,0.715,-0.0,0.0,0.0,0.0,0.0,0.0,0.0,-90.0,-90.0,0.0,-89.901,0.239,-0.0,-94.84649999999999,-90.0,0.0,-90.03049999999999,0.477,0.0,1060.0591539424279,0.0,0.0,28.325113057989192,-52.05696453900709,0.0,4.846500000000006,0.0,0.0,0.12950000000000728,-0.238,0.0,21.852672600000002,0.0137698,0.0206547,1.1084689,-3.2772124000000002,-0.0,0.037311843711376,-0.00225396825394,-0.0049934065933439995,-0.004725579975678001,-0.0025352564103090004,0.001500457875489,9.70813607238794,1.7548159999023483,0.16709100009393296,0.06896200011397013,0.0
pd,00:03:08.435,47,-99.693,-90.0,0.0,-90.16,0.715,-0.0,0.0,0.0,0.0,0.0,0.0,0.0,-90.0,-90.0,0.0,-89.901,0.239,-0.0,-94.84649999999999,-90.0,0.0,-90.03049999999999,0.477,0.0,1173.6544073902999,0.0,0.0,31.360413856812976,-57.63535519630485,0.0,4.846500000000006,0.0,0.0,0.12950000000000728,-0.238,0.0,21.852672600000002,0.0137698,0.0206547,1.1084689,-3.2772124000000002,-0.0,0.037311843711376,-0.00225396825394,-0.0049934065933439995,-0.004725579975678001,-0.0025352564103090004,0.001500457875489,9.70813607238794,1.6908339998735755,0.1699609997558582,0.08668400005262811,0.0
pd,00:03:08.437,48,-99.693,-90.0,0.0,-90.16,0.715,-0.0,0.0,0.0,0.0,0.0,0.0,0.0,-90.0,-90.0,0.0,-89.901,0.239,-0.0,-94.84649999999999,-90.0,0.0,-90.03049999999999,0.477,0.0,1193.0798412959266,0.0,0.0,31.879467543138908,-58.58929170090386,0.0,4.846500000000006,0.0,0.0,0.12950000000000728,-0.238,0.0,21.852672600000002,0.0137698,0.0206547,1.1084689,-3.2772124000000002,-0.0,0.037311843711376,-0.00225396825394,-0.0049934065933439995,-0.004725579975678001,-0.0025352564103090004,0.001500457875489,9.70813607238794,2.0674979996329057,0.24605399994470645,0.11742500009859214,0.0
pd,00:03:08.439,49,-99.693,-90.0,0.0,-90.16,0.715,-0.0,0.0,0.0,0.0,0.0,0.0,0.0,-90.0,-90.0,0.0,-89.901,0.239,-0.0,-94.84649999999999,-90.0,0.0,-90.03049999999999,0.477,0.0,956.5973805176468,0.0,0.0,25.560582023529445,-46.9762048,0.0,4.846500000000006,0.0,0.0,0.12950000000000728,-0.238,0.0,21.852672600000002,0.0137698,0.0206547,1.1084689,-3.2772124000000002,-0.0,0.037311843711376,-0.00225396825394,-0.0049934065933439995,-0.004725579975678001,-0.0025352564103090004,0.001500457875489,9.70813607238794,1.769760999650316,0.19159100020260666,0.06672100016658078,0.0
pd,00:03:08.441,50,-99.693,-90.0,0.0,-90.16,0.715,-0.0,0.0,0.0,0.0,0.0,0.0,0.0,-90.0,-90.0,0.0,-89.901,0.239,-0.0,-94.84649999999999,-90.0,0.0,-90.03049999999999,0.477,0.0,1155.6392459351903,0.0,0.0,30.87904309266633,-56.75067379192723,0.0,4.846500000000006,0.0,0.0,0.12950000000000728,-0.238,0.0,21.852672600000002,0.0137698,0.0206547,1.1084689,-3.2772124000000002,-0.0,0.037311843711376,-0.00225396825394,-0.0049934065933439995,-0.004725579975678001,-0.0025352564103090004,0.001500457875489,9.70813607238794,1.876758999969752,0.19848000010824762,0.48205000030066003,0.0
pd,00:03:08.446,51,-99.386,-90.0,0.0,-90.142,0.668,-0.0,61.41030751621562,0.0,0.0,3.600604349485066,-9.40157802365508,0.0,-90.0,-90.0,0.0,-89.901,0.239,-0.0,-100.83403075162155,-90.0,0.0,-90.3815604349485,1.393657802365508,0.0,-144.82738395768155,0.0,0.0,-23.96006511222486,72.57796220652565,0.0,-1.448030751621559,0.0,0.0,-0.2395604349485012,0.7256578023655079,0.0,26.3485123,0.0275396,0.0068849,0.7711088,-1.7969589000000001,-0.0068849,0.038941636141148,-0.0016818070817859999,-0.005305494505428,-0.004760073260172,-0.004208180708268,0.0018281440781820002,9.398889189686189,2.7860089999194315,0.23038600011204835,0.08740699968257104,0.0
pd,00:03:08.450,52,-99.386,-90.0,0.0,-90.142,0.668,-0.0,0.0,0.0,0.0,0.0,0.0,0.0,-90.0,-90.0,0.0,-89.901,0.239,-0.0,-94.693,-90.0,0.0,-90.0215,0.4535,0.0,733.2142096401695,0.0,0.0,18.826403635550893,-33.51256082842882,0.0,4.692999999999998,0.0,0.0,0.12049999999999272,-0.21450000000000002,0.0,26.3485123,0.0275396,0.0068849,0.7711088,-1.7969589000000001,-0.0068849,0.038941636141148,-0.0016818070817859999,-0.005305494505428,-0.004760073260172,-0.004208180708268,0.0018281440781820002,9.398889189686189,2.3559390001537395,0.4382359998089669,0.2704050002648728,0.0
pd,00:03:08.453,53,-99.386,-90.0,0.0,-90.142,0.668,-0.0,0.0,0.0,0.0,0.0,0.0,0.0,-90.0,-90.0,0.0,-89.901,0.239,-0.0,-94.693,-90.0,0.0,-90.0215,0.4535,0.0,736.065689626804,0.0,0.0,18.899619774138035,-33.64289163114203,0.0,4.692999999999998,0.0,0.0,0.12049999999999272,-0.21450000000000002,0.0,26.3485123,0.0275396,0.0068849,0.7711088,-1.7969589000000001,-0.0068849,0.038941636141148,-0.0016818070817859999,-0.005305494505428,-0.004760073260172,-0.004208180708268,0.0018281440781820002,9.398889189686189,1.8751289999272558,0.23033100023894804,0.09533299999020528,0.0
pd,00:03:08.455,54,-99.386,-90.0,0.0,-90.142,0.668,-0.0,0.0,0.0,0.0,0.0,0.0,0.0,-90.0,-90.0,0.0,-89.901,0.239,-0.0,-94.693,-90.0,0.0,-90.0215,0.4535,0.0,1021.7955083056473,0.0,0.0,26.236172757475046,-46.70256478405316,0.0,4.692999999999998,0.0,0.0,0.12049999999999272,-0.21450000000000002,0.0,26.3485123,0.0275396,0.0068849,0.7711088,-1.7969589000000001,-0.0068849,0.038941636141148,-0.0016818070817859999,-0.005305494505428,-0.004760073260172,-0.004208180708268,0.0018281440781820002,9.398889189686189,1.8124450002687809,0.2455710000504041,0.12333299991951208,0.0
pd,00:03:08.457,55,-99.386,-90.0,0.0,-90.142,0.668,-0.0,0.0,0.0,0.0,0.0,0.0,0.0,-90.0,-90.0,0.0,-89.901,0.239,-0.0,-94.693,-90.0,0.0,-90.0215,0.4535,0.0,998.7755567282318,0.0,0.0,25.645100060888943,-45.650406332453834,0.0,4.692999999999998,0.0,0.0,0.12049999999999272,-0.21450000000000002,0.0,26.3485123,0.0275396,0.0068849,0.7711088,-1.7969589000000001,-0.0068849,0.038941636141148,-0.0016818070817859999,-0.005305494505428,-0.004760073260172,-0.004208180708268,0.0018281440781820002,9.398889189686189,1.8816850001712737,0.17946199977814103,0.07387000005110167,0.0
pd,00:03:08.460,56,-99.386,-90.0,0.0,-90.142,0.668,-0.0,0.0,0.0,0.0,0.0,0.0,0.0,-90.0,-90.0,0.0,-89.901,0.239,-0.0,-94.693,-90.0,0.0,-90.0215,0.4535,0.0,1061.5828212706283,0.0,0.0,27.25777327149171,-48.52109847912847,0.0,4.692999999999998,0.0,0.0,0.12049999999999272,-0.21450000000000002,0.0,26.3485123,0.0275396,0.0068849,0.7711088,-1.7969589000000001,-0.0068849,0.038941636141148,-0.0016818070817859999,-0.005305494505428,-0.004760073260172,-0.004208180708268,0.0018281440781820002,9.398889189686189,2.053442000033101,0.2697749996514176,0.30557099989891867,0.0
pd,00:03:08.463,57,-98.99,-90.0,0.0,-90.118,0.605,-0.0,139.22417300922072,0.0,0.0,8.437828667225801,-22.14930025146691,0.0,-90.0,-90.0,0.0,-89.901,0.239,-0.0,-106.99,-90.0,0.0,-90.85328286672258,2.6369300251466914,0.0,-1406.3047778709138,0.0,0.0,-129.25397606982347,357.18911283289475,0.0,-8.0,0.0,0.0,-0.735282866722585,2.0319300251466914,0.0,30.9063161,-0.0068849,0.0137698,1.2737065,-2.9191976,0.0206547,0.04013797313747,-0.00164713064711,-0.005305494505428,-0.00293192918199,-0.0030526556777190003,0.001586691086724,9.00006361088631,3.33826299993234,0.2379980001023796,0.10801799999171635,0.0
pd,00:03:08.466,58,-98.99,-90.0,0.0,-90.118,0.605,-0.0,0.0,0.0,0.0,0.0,0.0,0.0,-90.0,-90.0,0.0,-89.901,0.239,-0.0,-94.495,-90.0,0.0,-90.0095,0.422,0.0,593.7703602922647,0.0,0.0,14.332388007054591,-24.173520786092215,0.0,4.49499999999999,0.0,0.0,0.10849999999999227,-0.183,0.0,30.9063161,-0.0068849,0.0137698,1.2737065,-2.9191976,0.0206547,0.04013797313747,-0.00164713064711,-0.005305494505428,-0.00293192918199,-0.0030526556777190003,0.001586691086724,9.00006361088631,2.9495449998648837,0.36864499998046085,0.13331299987839884,0.0
pd,00:03:08.470,59,-98.99,-90.0,0.0,-90.118,0.605,-0.0,0.0,0.0,0.0,0.0,0.0,0.0,-90.0,-90.0,0.0,-89.901,0.239,-0.0,-94.495,-90.0,0.0,-90.0095,0.422,0.0,629.6218434410897,0.0,0.0,15.197768634784845,-25.633102858669517,0.0,4.49499999999999,0.0,0.0,0.10849999999999227,-0.183,0.0,30.9063161,-0.0068849,0.0137698,1.2737065,-2.9191976,0.0206547,0.04013797313747,-0.00164713064711,-0.005305494505428,-0.00293192918199,-0.0030526556777190003,0.001586691086724,9.00006361088631,2.2349780001604813,0.22020200003680657,0.1309619997300615,0.0
pd,00:03:08.473,60,-98.99,-90.0,0.0,-90.118,0.605,-0.0,0.0,0.0,0.0,0.0,0.0,0.0,-90.0,-90.0,0.0,-89.901,0.239,-0.0,-94.495,-90.0,0.0,-90.0095,0.422,0.0,794.1616040438074,0.0,0.0,19.16941802864353,-32.33182948609941,0.0,4.49499999999999,0.0,0.0,0.10849999999999227,-0.183,0.0,30.9063161,-0.0068849,0.0137698,1.2737065,-2.9191976,0.0206547,0.04013797313747,-0.00164713064711,-0.005305494505428,-0.00293192918199,-0.0030526556777190003,0.001586691086724,9.00006361088631,1.9700170000760409,0.3736259996003355,0.19194300011804444,0.0
pd,00:03:08.476,61,-98.99,-90.0,0.0,-90.118,0.605,-0.0,0.0,0.0,0.0,0.0,0.0,0.0,-90.0,-90.0,0.0,-89.901,0.239,-0.0,-94.495,-90.0,0.0,-90.0095,0.422,0.0,623.0879925969988,0.0,0.0,15.040054993720583,-25.367097362680944,0.0,4.49499999999999,0.0,0.0,0.10849999999999227,-0.183,0.0,30.9063161,-0.0068849,0.0137698,1.2737065,-2.9191976,0.0206547,0.04013797313747,-0.00164713064711,-0.005305494505428,-0.00293192918199,-0.0030526556777190003,0.001586691086724,9.00006361088631,2.1879589999116433,0.24622000000817934,0.22209000007933355,0.0
pd,00:03:08.479,62,-98.99,-90.0,0.0,-90.118,0.605,-0.0,0.0,0.0,0.0,0.0,0.0,0.0,-90.0,-90.0,0.0,-89.901,0.239,-0.0,-94.495,-90.0,0.0,-90.0095,0.422,0.0,783.3387269403353,0.0,0.0,18.908176167525237,-31.89120957287685,0.0,4.49499999999999,0.0,0.0,0.10849999999999227,-0.183,0.0,30.9063161,-0.0068849,0.0137698,1.2737065,-2.9191976,0.0206547,0.04013797313747,-0.00164713064711,-0.005305494505428,-0.00293192918199,-0.0030526556777190003,0.001586691086724,9.00006361088631,1.8390559998806566,0.19814600000245264,0.08990600008473848,0.0
pd,00:03:08.481,63,-98.99,-90.0,0.0,-90.118,0.605,-0.0,0.0,0.0,0.0,0.0,0.0,0.0,-90.0,-90.0,0.0,-89.901,0.239,-0.0,-94.495,-90.0,0.0,-90.0095,0.422,0.0,1015.1516519491702,0.0,0.0,24.50366056429019,-41.32875468447125,0.0,4.49499999999999,0.0,0.0,0.10849999999999227,-0.183,0.0,30.9063161,0.0275396,0.0137698,1.7281099,-2.9260825,-0.0,0.040380708180202,-0.0019245421245179999,-0.004698656898598,-0.002207570207616,-0.0027077228327790004,0.001500457875489,9.00006361088631,4.663565000100789,0.26257100034854375,0.12159199968664325,0.0
pd,00:03:08.487,64,-98.506,-90.0,0.0,-90.106,0.568,-0.0,93.61940306216462,0.0,0.0,2.321142224681881,-7.156855192768869,0.0,-90.0,-90.0,0.0,-89.901,0.239,-0.0,-103.61494030621647,-90.0,0.0,-90.23561422246819,1.119185519276887,0.0,-494.10737783907337,0.0,0.0,-12.535543528758875,53.30749926778095,0.0,-5.108940306216468,0.0,0.0,-0.12961422246819154,0.551185519276887,0.0,35.2300333,0.0275396,0.0137698,1.7281099,-2.9260825,-0.0,0.040380708180202,-0.0019245421245179999,-0.004698656898598,-0.002207570207616,-0.0027077228327790004,0.001500457875489,8.514828359984715,2.996488999997382,0.23777500018695719,0.11472100004539243,0.0
pd,00:03:08.490,65,-98.506,-90.0,0.0,-90.106,0.568,-0.0,0.0,0.0,0.0,0.0,0.0,0.0,-90.0,-90.0,0.0,-89.901,0.239,-0.0,-94.253,-90.0,0.0,-90.0035,0.40349999999999997,0.0,616.7752891224674,0.0,0.0,14.864676025171025,-23.85599225503077,0.0,4.253,0.0,0.0,0.10249999999999204,-0.16449999999999998,0.0,35.2300333,0.0275396,0.0137698,1.7281099,-2.9260825,-0.0,0.040380708180202,-0.0019245421245179999,-0.004698656898598,-0.002207570207616,-0.0027077228327790004,0.001500457875489,8.514828359984715,1.8190370001320844,0.18092400023306254,0.085296000179369,0.0
pd,00:03:08.492,66,-98.506,-90.0,0.0,-90.106,0.568,-0.0,0.0,0.0,0.0,0.0,0.0,0.0,-90.0,-90.0,0.0,-89.901,0.239,-0.0,-94.253,-90.0,0.0,-90.0035,0.40349999999999997,0.0,977.5523296799649,0.0,0.0,23.559631740464514,-37.810335817623844,0.0,4.253,0.0,0.0,0.10249999999999204,-0.16449999999999998,0.0,35.2300333,0.0275396,0.0137698,1.7281099,-2.9260825,-0.0,0.040380708180202,-0.0019245421245179999,-0.004698656898598,-0.002207570207616,-0.0027077228327790004,0.001500457875489,8.514828359984715,2.3738469999443623,0.2746820000538719,0.1266290000785375,0.0
pd,00:03:08.495,67,-98.506,-90.0,0.0,-90.106,0.568,-0.0,0.0,0.0,0.0,0.0,0.0,0.0,-90.0,-90.0,0.0,-89.901,0.239,-0.0,-94.253,-90.0,0.0,-90.0035,0.40349999999999997,0.0,724.7836385503007,0.0,0.0,17.467745815049422,-28.03360182025028,0.0,4.253,0.0,0.0,0.10249999999999204,-0.16449999999999998,0.0,35.2300333,0.0275396,0.0137698,1.7281099,-2.9260825,-0.0,0.040380708180202,-0.0019245421245179999,-0.004698656898598,-0.002207570207616,-0.0027077228327790004,0.001500457875489,8.514828359984715,2.2690509999847563,0.21047999962320318,0.09899900032905862,0.0
pd,00:03:08.498,68,-98.506,-90.0,0.0,-90.106,0.568,-0.0,0.0,0.0,0.0,0.0,0.0,0.0,-90.0,-90.0,0.0,-89.901,0.239,-0.0,-94.253,-90.0,0.0,-90.0035,0.40349999999999997,0.0,798.1375799552573,0.0,0.0,19.235622371364492,-30.870828098434,0.0,4.253,0.0,0.0,0.10249999999999204,-0.16449999999999998,0.0,35.2300333,0.0275396,0.0137698,1.7281099,-2.9260825,-0.0,0.040380708180202,-0.0019245421245179999,-0.004698656898598,-0.002207570207616,-0.0027077228327790004,0.001500457875489,8.514828359984715,1.9255550000707444,0.17449899996790919,0.07370299999820418,0.0
pd,00:03:08.500,69,-98.506,-90.0,0.0,-90.106,0.568,-0.0,0.0,0.0,0.0,0.0,0.0,0.0,-90.0,-90.0,0.0,-89.901,0.239,-0.0,-94.253,-90.0,0.0,-90.0035,0.40349999999999997,0.0,927.8255961718506,0.0,0.0,22.361185894101553,-35.88697638614376,0.0,4.253,0.0,0.0,0.10249999999999204,-0.16449999999999998,0.0,35.2300333,0.0275396,0.0137698,1.7281099,-2.9260825,-0.0,0.040380708180202,-0.0019245421245179999,-0.004698656898598,-0.002207570207616,-0.0027077228327790004,0.001500457875489,8.514828359984715,1.7364270001962723,0.14692499962620786,0.06157399957373855,0.0
pd,00:03:08.502,70,-98.506,-90.0,0.0,-90.106,0.568,-0.0,0.0,0.0,0.0,0.0,0.0,0.0,-90.0,-90.0,0.0,-89.901,0.239,-0.0,-94.253,-90.0,0.0,-90.0035,0.40349999999999997,0.0,1057.4021880260818,0.0,0.0,25.484064018968372,-40.89881493775933,0.0,4.253,0.0,0.0,0.10249999999999204,-0.16449999999999998,0.0,39.6225995,-0.034424500000000004,-0.0,1.8038438,-3.3391765,-0.0206547,0.041160927960412,-0.0019245421245179999,-0.005045421245358,-0.001621184371218,-0.00022420634921100003,0.0017419108669470002,8.514828359984715,3.138264999961393,0.41782900007092394,0.11422099987612455,0.0
pd,00:03:08.508,71,-97.931,-90.0,0.0,-90.082,0.517,-0.0,95.43448221281358,0.0,0.0,3.983352301056698,-8.464623639745152,0.0,-90.0,-90.0,0.0,-89.901,0.239,-0.0,-103.50894822128136,-90.0,0.0,-90.38983523010566,1.2244623639745154,0.0,-462.8944350503203,0.0,0.0,-25.546170253910347,58.70982990518312,0.0,-5.5779482212813605,0.0,0.0,-0.3078352301056668,0.7074623639745153,0.0,39.6225995,-0.034424500000000004,-0.0,1.8038438,-3.3391765,-0.0206547,0.041160927960412,-0.0019245421245179999,-0.005045421245358,-0.001621184371218,-0.00022420634921100003,0.0017419108669470002,7.937934618022497,3.682556000057957,0.27612700023382786,0.13179500001569977,0.0
pd,00:03:08.512,72,-97.931,-90.0,0.0,-90.082,0.517,-0.0,0.0,0.0,0.0,0.0,0.0,0.0,-90.0,-90.0,0.0,-89.901,0.239,-0.0,-93.96549999999999,-90.0,0.0,-89.9915,0.378,0.0,466.91686351131307,0.0,0.0,10.65590118466101,-16.36652226152378,0.0,3.965500000000006,0.0,0.0,0.09049999999999159,-0.139,0.0,39.6225995,-0.034424500000000004,-0.0,1.8038438,-3.3391765,-0.0206547,0.041160927960412,-0.0019245421245179999,-0.005045421245358,-0.001621184371218,-0.00022420634921100003,0.0017419108669470002,7.937934618022497,3.1444319997717685,0.2515910000511212,0.22535000016432605,0.0
pd,00:03:08.516,73,-97.267,-90.0,0.0,-90.054,0.461,-0.0,177.58195855384852,0.0,0.0,7.4883958426299,-14.976791685264297,0.0,-90.0,-90.0,0.0,-89.901,0.239,-0.0,-105.267,-90.0,0.0,-90.72633958426299,1.84767916852643,0.0,-1069.7708346617355,0.0,0.0,-89.90615977914251,185.42861644032007,0.0,-8.0,0.0,0.0,-0.6723395842629856,1.38667916852643,0.0,39.6225995,-0.034424500000000004,-0.0,1.8038438,-3.3391765,-0.0206547,0.041160927960412,-0.0019245421245179999,-0.005045421245358,-0.001621184371218,-0.00022420634921100003,0.0017419108669470002,7.271999862486243,2.2182370003065444,0.259682999967481,0.12090700010958244,0.0
pd,00:03:08.519,74,-97.267,-90.0,0.0,-90.054,0.461,-0.0,0.0,0.0,0.0,0.0,0.0,0.0,-90.0,-90.0,0.0,-89.901,0.239,-0.0,-93.6335,-90.0,0.0,-89.97749999999999,0.35,0.0,668.597156444678,0.0,0.0,14.076698078442229,-20.42501289813109,0.0,3.633499999999998,0.0,0.0,0.07650000000001,-0.11100000000000004,0.0,39.6225995,-0.034424500000000004,-0.0,1.8038438,-3.3391765,-0.0206547,0.041160927960412,-0.0019245421245179999,-0.005045421245358,-0.001621184371218,-0.00022420634921100003,0.0017419108669470002,7.271999862486243,2.233940000223811,0.21490500012077973,0.10094399976878776,0.0
pd,00:03:08.521,75,-97.267,-90.0,0.0,-90.054,0.461,-0.0,0.0,0.0,0.0,0.0,0.0,0.0,-90.0,-90.0,0.0,-89.901,0.239,-0.0,-93.6335,-90.0,0.0,-89.97749999999999,0.35,0.0,687.2295988455985,0.0,0.0,14.468987012987562,-20.994216450216452,0.0,3.633499999999998,0.0,0.0,0.07650000000001,-0.11100000000000004,0.0,39.6225995,-0.034424500000000004,0.034424500000000004,1.2461669,-2.2444774,-0.0137698,0.041160927960412,-0.001577777777758,-0.005842979242906,-0.002793956044014,-0.00155219780223,0.001586691086724,7.271999862486243,3.8605909999205323,0.6975300002522999,0.13925800021752366,0.0
pd,00:03:08.526,76,-97.267,-90.0,0.0,-90.054,0.461,-0.0,0.0,0.0,0.0,0.0,0.0,0.0,-90.0,-90.0,0.0,-89.901,0.239,-0.0,-93.6335,-90.0,0.0,-89.97749999999999,0.35,0.0,376.18492259083706,0.0,0.0,7.9202274881519585,-11.49209478672986,0.0,3.633499999999998,0.0,0.0,0.07650000000001,-0.11100000000000004,0.0,44.0082808,-0.0137698,0.034424500000000004,1.2461669,-2.2444774,-0.0137698,0.042443956043424,-0.001577777777758,-0.005842979242906,-0.002793956044014,-0.00155219780223,0.001586691086724,7.271999862486243,2.8880080003546027,0.2746269997260242,0.10509100002309424,0.0
pd,00:03:08.530,77,-97.267,-90.0,0.0,-90.054,0.461,-0.0,0.0,0.0,0.0,0.0,0.0,0.0,-90.0,-90.0,0.0,-89.901,0.239,-0.0,-93.6335,-90.0,0.0,-89.97749999999999,0.35,0.0,540.1574957113487,0.0,0.0,11.372519174878152,-16.501302332175516,0.0,3.633499999999998,0.0,0.0,0.07650000000001,-0.11100000000000004,0.0,44.0082808,-0.0137698,0.034424500000000004,1.2461669,-2.2444774,-0.0137698,0.042443956043424,-0.001577777777758,-0.005842979242906,-0.002793956044014,-0.00155219780223,0.001586691086724,7.271999862486243,1.8401109996375453,0.2526640000724001,0.11885100002473337,0.0
pd,00:03:08.532,78,-97.267,-90.0,0.0,-90.054,0.461,-0.0,0.0,0.0,0.0,0.0,0.0,0.0,-90.0,-90.0,0.0,-89.901,0.239,-0.0,-93.6335,-90.0,0.0,-89.97749999999999,0.35,0.0,778.1864575163395,0.0,0.0,16.384000000000622,-23.772862745098042,0.0,3.633499999999998,0.0,0.0,0.07650000000001,-0.11100000000000004,0.0,44.0082808,-0.0137698,0.034424500000000004,1.2461669,-2.2444774,-0.0137698,0.042443956043424,-0.001577777777758,-0.005842979242906,-0.002793956044014,-0.00155219780223,0.001586691086724,7.271999862486243,2.0563870002661133,0.2536090000830882,0.0969249999798194,0.0
pd,00:03:08.534,79,-96.516,-90.0,0.0,-90.021,0.396,-0.0,300.7659986632255,0.0,0.0,13.216082497852119,-26.03167764728349,0.0,-90.0,-90.0,0.0,-89.901,0.239,-0.0,-104.516,-90.0,0.0,-91.28260824978521,2.920667764728349,0.0,-1601.949393678984,0.0,0.0,-252.6290713504776,505.54874936843186,0.0,-8.0,0.0,0.0,-1.261608249785212,2.524667764728349,0.0,44.0082808,-0.0137698,0.034424500000000004,1.2461669,-2.2444774,-0.0137698,0.042443956043424,-0.001577777777758,-0.005842979242906,-0.002793956044014,-0.00155219780223,0.001586691086724,6.518995704861299,1.7301870002484065,0.14425800009121303,0.05986899986965,0.0
pd,00:03:08.536,80,-96.516,-90.0,0.0,-90.021,0.396,-0.0,0.0,0.0,0.0,0.0,0.0,0.0,-90.0,-90.0,0.0,-89.901,0.239,-0.0,-93.25800000000001,-90.0,0.0,-89.961,0.3175,0.0,815.142115962778,0.0,0.0,15.011825340014886,-19.640471486518734,0.0,3.2579999999999956,0.0,0.0,0.060000000000002274,-0.07850000000000001,0.0,44.0082808,-0.0137698,0.034424500000000004,1.2461669,-2.2444774,-0.0137698,0.042443956043424,-0.001577777777758,-0.005842979242906,-0.002793956044014,-0.00155219780223,0.001586691086724,6.518995704861299,1.7341679999844928,0.25612699982957565,0.07240699960675556,0.0
pd,00:03:08.539,81,-96.516,-90.0,0.0,-90.021,0.396,-0.0,0.0,0.0,0.0,0.0,0.0,0.0,-90.0,-90.0,0.0,-89.901,0.239,-0.0,-93.25800000000001,-90.0,0.0,-89.961,0.3175,0.0,580.6510764001025,0.0,0.0,10.693389988952559,-13.990518568879072,0.0,3.2579999999999956,0.0,0.0,0.060000000000002274,-0.07850000000000001,0.0,44.0082808,-0.0137698,0.034424500000000004,1.2461669,-2.2444774,-0.0137698,0.042443956043424,-0.001577777777758,-0.005842979242906,-0.002793956044014,-0.00155219780223,0.001586691086724,6.518995704861299,1.972535999811953,0.20862800010945648,0.0814989998616511,0.0
pd,00:03:08.542,82,-96.516,-90.0,0.0,-90.021,0.396,-0.0,0.0,0.0,0.0,0.0,0.0,0.0,-90.0,-90.0,0.0,-89.901,0.239,-0.0,-93.25800000000001,-90.0,0.0,-89.961,0.3175,0.0,692.8129401744073,0.0,0.0,12.758986006895636,-16.693006692354494,0.0,3.2579999999999956,0.0,0.0,0.060000000000002274,-0.07850000000000001,0.0,44.0082808,-0.0137698,0.034424500000000004,1.2461669,-2.2444774,-0.0137698,0.042443956043424,-0.001577777777758,-0.005842979242906,-0.002793956044014,-0.00155219780223,0.001586691086724,6.518995704861299,1.8762409999908414,0.7444560001204081,0.3737189999810653,0.0
pd,00:03:08.546,83,-96.516,-90.0,0.0,-90.021,0.396,-0.0,0.0,0.0,0.0,0.0,0.0,0.0,-90.0,-90.0,0.0,-89.901,0.239,-0.0,-93.25800000000001,-90.0,0.0,-89.961,0.3175,0.0,380.32403094906795,0.0,0.0,7.004125800167257,-9.163731255218481,0.0,3.2579999999999956,0.0,0.0,0.060000000000002274,-0.07850000000000001,0.0,48.3044584,0.0068849,0.0481943,1.7556495,-2.1756284,0.0068849,0.04273870573817,-0.0016818070817859999,-0.004750671550612,0.0008968253968440001,-0.0009313186813380001,0.0016556776557120003,6.518995704861299,3.320040999824414,0.24190500016629812,0.12359199990896741,0.0
pd,00:03:08.550,84,-96.516,-90.0,0.0,-90.021,0.396,-0.0,0.0,0.0,0.0,0.0,0.0,0.0,-90.0,-90.0,0.0,-89.901,0.239,-0.0,-93.25800000000001,-90.0,0.0,-89.961,0.3175,0.0,429.63725183927596,0.0,0.0,7.912288247500771,-10.351910457146452,0.0,3.2579999999999956,0.0,0.0,0.060000000000002274,-0.07850000000000001,0.0,48.3044584,0.0068849,0.0481943,1.7556495,-2.1756284,0.0068849,0.04273870573817,-0.0016818070817859999,-0.004750671550612,0.0008968253968440001,-0.0009313186813380001,0.0016556776557120003,6.518995704861299,1.8618520002746664,0.24584899983892683,0.1139060000241443,0.0
pd,00:03:08.552,85,-96.516,-90.0,0.0,-90.021,0.396,-0.0,0.0,0.0,0.0,0.0,0.0,0.0,-90.0,-90.0,0.0,-89.901,0.239,-0.0,-93.25800000000001,-90.0,0.0,-89.961,0.3175,0.0,700.340428044281,0.0,0.0,12.89761377613825,-16.874378023780242,0.0,3.2579999999999956,0.0,0.0,0.060000000000002274,-0.07850000000000001,0.0,48.3044584,0.0068849,0.0481943,1.7556495,-2.1756284,0.0068849,0.04273870573817,-0.0016818070817859999,-0.004750671550612,0.0008968253968440001,-0.0009313186813380001,0.0016556776557120003,6.518995704861299,1.9990539999525936,0.1929239997480181,0.09374000001116656,0.0
pd,00:03:08.554,86,-95.678,-90.0,0.0,-89.993,0.348,-0.0,354.17440064490467,0.0,0.0,11.833989520357147,-20.286839177750924,0.0,-90.0,-90.0,0.0,-89.901,0.239,-0.0,-103.678,-90.0,0.0,-91.1303989520357,2.3221839177750923,0.0,-1690.5699314792423,0.0,0.0,-240.35655855094765,417.18699632505746,0.0,-8.0,0.0,0.0,-1.13739895203571,1.9741839177750924,0.0,48.3044584,0.0068849,0.0481943,1.7556495,-2.1756284,0.0068849,0.04273870573817,-0.0016818070817859999,-0.004750671550612,0.0008968253968440001,-0.0009313186813380001,0.0016556776557120003,5.679791281376453,1.7158160003418743,0.139517000206979,0.05898100016565877,0.0
pd,00:03:08.556,87,-95.678,-90.0,0.0,-89.993,0.348,-0.0,0.0,0.0,0.0,0.0,0.0,0.0,-90.0,-90.0,0.0,-89.901,0.239,-0.0,-92.839,-90.0,0.0,-89.947,0.2935,0.0,718.0191181862032,0.0,0.0,11.633983598649142,-13.783741437530148,0.0,2.8389999999999986,0.0,0.0,0.04599999999999227,-0.05449999999999999,0.0,48.3044584,0.0068849,0.0481943,1.7556495,-2.1756284,0.0068849,0.04273870573817,-0.0016818070817859999,-0.004750671550612,0.0008968253968440001,-0.0009313186813380001,0.0016556776557120003,5.679791281376453,1.7499820000921318,0.13907299990023603,0.0621100002717867,0.0
pd,00:03:08.558,88,-95.678,-90.0,0.0,-89.993,0.348,-0.0,0.0,0.0,0.0,0.0,0.0,0.0,-90.0,-90.0,0.0,-89.901,0.239,-0.0,-92.839,-90.0,0.0,-89.947,0.2935,0.0,704.3433725304623,0.0,0.0,11.412397018809735,-13.521209511416064,0.0,2.8389999999999986,0.0,0.0,0.04599999999999227,-0.05449999999999999,0.0,48.3044584,0.0068849,0.0481943,1.7556495,-2.1756284,0.0068849,0.04273870573817,-0.0016818070817859999,-0.004750671550612,0.0008968253968440001,-0.0009313186813380001,0.0016556776557120003,5.679791281376453,1.885093000055349,0.1567770000292512,0.07053699982861872,0.0
pd,00:03:08.561,89,-95.678,-90.0,0.0,-89.993,0.348,-0.0,0.0,0.0,0.0,0.0,0.0,0.0,-90.0,-90.0,0.0,-89.901,0.239,-0.0,-92.839,-90.0,0.0,-89.947,0.2935,0.0,650.6901123497265,0.0,0.0,10.543059234972535,-12.491233224043715,0.0,2.8389999999999986,0.0,0.0,0.04599999999999227,-0.05449999999999999,0.0,48.3044584,0.0068849,0.0481943,1.7556495,-2.1756284,0.0068849,0.04273870573817,-0.0016818070817859999,-0.004750671550612,0.0008968253968440001,-0.0009313186813380001,0.0016556776557120003,5.679791281376453,1.7191120000461524,0.14723899994351086,0.061498999912146246,0.0
pd,00:03:08.563,90,-95.678,-90.0,0.0,-89.993,0.348,-0.0,0.0,0.0,0.0,0.0,0.0,0.0,-90.0,-90.0,0.0,-89.901,0.239,-0.0,-92.839,-90.0,0.0,-89.947,0.2935,0.0,712.349189758315,0.0,0.0,11.542114381430807,-13.67489638669538,0.0,2.8389999999999986,0.0,0.0,0.04599999999999227,-0.05449999999999999,0.0,44.3525258,-0.034424500000000004,-0.0068849,1.3494404,-0.8537276,-0.0137698,0.030931379730991998,-0.002722100122066,-0.005305494505428,0.000810592185609,-0.0031561355312010003,0.0009830586080790001,5.679791281376453,3.283355999883497,0.21533100016313256,0.2629230002639815,0.0
pd,00:03:08.568,91,-95.678,-90.0,0.0,-89.993,0.348,-0.0,0.0,0.0,0.0,0.0,0.0,0.0,-90.0,-90.0,0.0,-89.901,0.239,-0.0,-92.839,-90.0,0.0,-89.947,0.2935,0.0,279.57431104432743,0.0,0.0,4.529911344853432,-5.3669601803155516,0.0,2.8389999999999986,0.0,0.0,0.04599999999999227,-0.05449999999999999,0.0,44.3525258,-0.034424500000000004,-0.0068849,1.3494404,-0.8537276,-0.0137698,0.030931379730991998,-0.002722100122066,-0.005305494505428,0.000810592185609,-0.0031561355312010003,0.0009830586080790001,5.679791281376453,2.1528490001401224,0.2556639997237653,0.11796199987657019,0.0
pd,00:03:08.570,92,-95.678,-90.0,0.0,-89.993,0.348,-0.0,0.0,0.0,0.0,0.0,0.0,0.0,-90.0,-90.0,0.0,-89.901,0.239,-0.0,-92.839,-90.0,0.0,-89.947,0.2935,0.0,538.6117720282248,0.0,0.0,8.727066401302578,-10.339676497195583,0.0,2.8389999999999986,0.0,0.0,0.04599999999999227,-0.05449999999999999,0.0,44.3525258,-0.034424500000000004,-0.0068849,1.3494404,-0.8537276,-0.0137698,0.030931379730991998,-0.002722100122066,-0.005305494505428,0.000810592185609,-0.0031561355312010003,0.0009830586080790001,5.679791281376453,2.230941000107123,0.5629569996017381,0.12109099998269812,0.0
pd,00:03:08.574,93,-94.754,-90.0,0.0,-89.958,0.304,-0.0,267.7215319148914,0.0,0.0,10.140967117987406,-12.74864437689969,0.0,-90.0,-90.0,0.0,-89.901,0.239,-0.0,-102.754,-90.0,0.0,-90.94359671179873,1.5463644376899692,0.0,-1158.967670627245,0.0,0.0,-142.78434065640718,179.98252730245883,0.0,-8.0,0.0,0.0,-0.9855967117987348,1.2423644376899692,0.0,44.3525258,-0.034424500000000004,-0.0068849,1.3494404,-0.8537276,-0.0137698,0.030931379730991998,-0.002722100122066,-0.005305494505428,0.000810592185609,-0.0031561355312010003,0.0009830586080790001,4.754786009906234,2.078997000353411,0.24760899987086304,0.10781399987536133,0.0
pd,00:03:08.576,94,-94.754,-90.0,0.0,-89.958,0.304,-0.0,0.0,0.0,0.0,0.0,0.0,0.0,-90.0,-90.0,0.0,-89.901,0.239,-0.0,-92.37700000000001,-90.0,0.0,-89.92949999999999,0.27149999999999996,0.0,465.5332745610763,0.0,0.0,5.5816989166980076,-6.3650952558834515,0.0,2.3769999999999953,0.0,0.0,0.028500000000008185,-0.03250000000000003,0.0,44.3525258,-0.034424500000000004,-0.0068849,1.3494404,-0.8537276,-0.0137698,0.030931379730991998,-0.002722100122066,-0.005305494505428,0.000810592185609,-0.0031561355312010003,0.0009830586080790001,4.754786009906234,1.8176669996137207,0.31221900007949444,0.08572200022172183,0.0
pd,00:03:08.579,95,-94.754,-90.0,0.0,-89.958,0.304,-0.0,0.0,0.0,0.0,0.0,0.0,0.0,-90.0,-90.0,0.0,-89.901,0.239,-0.0,-92.37700000000001,-90.0,0.0,-89.92949999999999,0.27149999999999996,0.0,517.7534590776906,0.0,0.0,6.207813876194668,-7.079085999169091,0.0,2.3769999999999953,0.0,0.0,0.028500000000008185,-0.03250000000000003,0.0,44.3525258,-0.034424500000000004,-0.0068849,1.3494404,-0.8537276,-0.0137698,0.030931379730991998,-0.002722100122066,-0.005305494505428,0.000810592185609,-0.0031561355312010003,0.0009830586080790001,4.754786009906234,1.8821109997588792,0.212997999824438,0.07640700005140388,0.0
pd,00:03:08.581,96,-94.754,-90.0,0.0,-89.958,0.304,-0.0,0.0,0.0,0.0,0.0,0.0,0.0,-90.0,-90.0,0.0,-89.901,0.239,-0.0,-92.37700000000001,-90.0,0.0,-89.92949999999999,0.27149999999999996,0.0,529.7481725823598,0.0,0.0,6.351629330499709,-7.243086078639745,0.0,2.3769999999999953,0.0,0.0,0.028500000000008185,-0.03250000000000003,0.0,44.3525258,-0.034424500000000004,-0.0068849,1.3494404,-0.8537276,-0.0137698,0.030931379730991998,-0.002722100122066,-0.005305494505428,0.000810592185609,-0.0031561355312010003,0.0009830586080790001,4.754786009906234,1.6972419998637633,0.14370300004884484,0.06098100038798293,0.0
pd,00:03:08.583,97,-94.754,-90.0,0.0,-89.958,0.304,-0.0,0.0,0.0,0.0,0.0,0.0,0.0,-90.0,-90.0,0.0,-89.901,0.239,-0.0,-92.37700000000001,-90.0,0.0,-89.92949999999999,0.27149999999999996,0.0,604.7470949896889,0.0,0.0,7.25085915322119,-8.268523595778236,0.0,2.3769999999999953,0.0,0.0,0.028500000000008185,-0.03250000000000003,0.0,39.8979955,-0.0068849,-0.0206547,0.757339,-0.8468427000000001,-0.0,0.028226617826264,-0.000710866910858,-0.005045421245358,-0.00120726495729,-0.0018626373626760002,0.0016556776557120003,4.754786009906234,3.3442820003983798,0.22512800023832824,0.10331399971619248,0.0
pd,00:03:08.587,98,-94.754,-90.0,0.0,-89.958,0.304,-0.0,0.0,0.0,0.0,0.0,0.0,0.0,-90.0,-90.0,0.0,-89.901,0.239,-0.0,-92.37700000000001,-90.0,0.0,-89.92949999999999,0.27149999999999996,0.0,315.7017291956938,0.0,0.0,3.785233185560625,-4.316493983533882,0.0,2.3769999999999953,0.0,0.0,0.028500000000008185,-0.03250000000000003,0.0,39.8979955,-0.0068849,-0.0206547,0.757339,-0.8468427000000001,-0.0,0.028226617826264,-0.000710866910858,-0.005045421245358,-0.00120726495729,-0.0018626373626760002,0.0016556776557120003,4.754786009906234,2.854749000107404,0.23742299981677206,0.11212899971724255,0.0
pd,00:03:08.590,99,-94.754,-90.0,0.0,-89.958,0.304,-0.0,0.0,0.0,0.0,0.0,0.0,0.0,-90.0,-90.0,0.0,-89.901,0.239,-0.0,-92.37700000000001,-90.0,0.0,-89.92949999999999,0.27149999999999996,0.0,360.0007441323034,0.0,0.0,4.316374088250326,-4.922180977829133,0.0,2.3769999999999953,0.0,0.0,0.028500000000008185,-0.03250000000000003,0.0,39.8979955,-0.0068849,-0.0206547,0.757339,-0.8468427000000001,-0.0,0.028226617826264,-0.000710866910858,-0.005045421245358,-0.00120726495729,-0.0018626373626760002,0.0016556776557120003,4.754786009906234,1.7291120002482785,0.14120200012257555,0.060647999816865195,0.0
pd,00:03:08.592,100,-94.754,-90.0,0.0,-89.958,0.304,-0.0,0.0,0.0,0.0,0.0,0.0,0.0,-90.0,-90.0,0.0,-89.901,0.239,-0.0,-92.37700000000001,-90.0,0.0,-89.92949999999999,0.27149999999999996,0.0,595.5711235364403,0.0,0.0,7.140840143369446,-8.143063321385902,0.0,2.3769999999999953,0.0,0.0,0.028500000000008185,-0.03250000000000003,0.0,39.8979955,-0.0068849,-0.0206547,0.757339,-0.8468427000000001,-0.0,0.028226617826264,-0.000710866910858,-0.005045421245358,-0.00120726495729,-0.0018626373626760002,0.0016556776557120003,4.754786009906234,1.7385010000907641,0.16696099964974565,0.07403599965982721,0.0
pd,00:03:08.595,101,-93.83,-90.0,0.0,-89.934,0.284,-0.0,286.9917725118504,0.0,0.0,7.454331753554785,-6.2119431279620905,0.0,-90.0,-90.0,0.0,-89.901,0.239,-0.0,-101.83,-90.0,0.0,-90.66293317535548,0.882694312796209,0.0,-1242.3886255924172,0.0,0.0,-113.20228573482606,92.97637555310986,0.0,-8.0,0.0,0.0,-0.7289331753554791,0.598694312796209,0.0,39.8979955,-0.0068849,-0.0206547,0.757339,-0.8468427000000001,-0.0,0.028226617826264,-0.000710866910858,-0.005045421245358,-0.00120726495729,-0.0018626373626760002,0.0016556776557120003,3.8304065058424266,1.9373509999240923,0.2258310000797792,0.0868510001055256,0.0
pd,00:03:08.597,102,-93.83,-90.0,0.0,-89.934,0.284,-0.0,0.0,0.0,0.0,0.0,0.0,0.0,-90.0,-90.0,0.0,-89.901,0.239,-0.0,-91.91499999999999,-90.0,0.0,-89.91749999999999,0.26149999999999995,0.0,407.76181135140604,0.0,0.0,3.5133524215657745,-4.790935120316782,0.0,1.9150000000000063,0.0,0.0,0.01650000000000773,-0.02250000000000002,0.0,39.8979955,-0.0068849,-0.0206547,0.757339,-0.8468427000000001,-0.0,0.028226617826264,-0.000710866910858,-0.005045421245358,-0.00120726495729,-0.0018626373626760002,0.0016556776557120003,3.8304065058424266,1.9871099998454156,0.18320199978916207,0.08455499983028858,0.0
pd,00:03:08.600,103,-93.83,-90.0,0.0,-89.934,0.284,-0.0,0.0,0.0,0.0,0.0,0.0,0.0,-90.0,-90.0,0.0,-89.901,0.239,-0.0,-91.91499999999999,-90.0,0.0,-89.91749999999999,0.26149999999999995,0.0,410.17731385966687,0.0,0.0,3.5341648452661945,-4.819315698090081,0.0,1.9150000000000063,0.0,0.0,0.01650000000000773,-0.02250000000000002,0.0,39.8979955,-0.0068849,-0.0206547,0.757339,-0.8468427000000001,-0.0,0.028226617826264,-0.000710866910858,-0.005045421245358,-0.00120726495729,-0.0018626373626760002,0.0016556776557120003,3.8304065058424266,2.67845500002295,0.42577400017762557,0.1302949999626435,0.0
pd,00:03:08.603,104,-93.83,-90.0,0.0,-89.934,0.284,-0.0,0.0,0.0,0.0,0.0,0.0,0.0,-90.0,-90.0,0.0,-89.901,0.239,-0.0,-91.91499999999999,-90.0,0.0,-89.91749999999999,0.26149999999999995,0.0,285.0281107168203,0.0,0.0,2.4558557842442377,-3.3488942512420143,0.0,1.9150000000000063,0.0,0.0,0.01650000000000773,-0.02250000000000002,0.0,38.8721454,0.0137698,0.0619641,0.7229145,-0.6058712,-0.0,0.032491819291412,-0.001335042735026,-0.005340170940104,-0.000258699633705,-0.00241452991458,0.001345238095266,3.8304065058424266,4.584120999879815,0.2579419997346122,0.12201700019431883,0.0
pd,00:03:08.608,105,-93.83,-90.0,0.0,-89.934,0.284,-0.0,0.0,0.0,0.0,0.0,0.0,0.0,-90.0,-90.0,0.0,-89.901,0.239,-0.0,-91.91499999999999,-90.0,0.0,-89.91749999999999,0.26149999999999995,0.0,185.86782431619375,0.0,0.0,1.60147211551818,-2.183825612070162,0.0,1.9150000000000063,0.0,0.0,0.01650000000000773,-0.02250000000000002,0.0,38.8721454,0.0137698,0.0619641,0.7229145,-0.6058712,-0.0,0.032491819291412,-0.001335042735026,-0.005340170940104,-0.000258699633705,-0.00241452991458,0.001345238095266,3.8304065058424266,1.958017000106338,0.17888699994728086,0.07648099972357159,0.0
pd,00:03:08.611,106,-93.83,-90.0,0.0,-89.934,0.284,-0.0,0.0,0.0,0.0,0.0,0.0,0.0,-90.0,-90.0,0.0,-89.901,0.239,-0.0,-91.91499999999999,-90.0,0.0,-89.91749999999999,0.26149999999999995,0.0,417.98980849292235,0.0,0.0,3.601478767693725,-4.9111074104912555,0.0,1.9150000000000063,0.0,0.0,0.01650000000000773,-0.02250000000000002,0.0,38.8721454,0.0137698,0.0619641,0.7229145,-0.6058712,-0.0,0.032491819291412,-0.001335042735026,-0.005340170940104,-0.000258699633705,-0.00241452991458,0.001345238095266,3.8304065058424266,1.6961490000539925,0.13696099995286204,0.09386900001118192,0.0
pd,00:03:08.613,107,-93.83,-90.0,0.0,-89.934,0.284,-0.0,0.0,0.0,0.0,0.0,0.0,0.0,-90.0,-90.0,0.0,-89.901,0.239,-0.0,-91.91499999999999,-90.0,0.0,-89.91749999999999,0.26149999999999995,0.0,481.25177711204293,0.0,0.0,4.14655578190549,-5.654394248052724,0.0,1.9150000000000063,0.0,0.0,0.01650000000000773,-0.02250000000000002,0.0,38.8721454,0.0137698,0.0619641,0.7229145,-0.6058712,-0.0,0.032491819291412,-0.001335042735026,-0.005340170940104,-0.000258699633705,-0.00241452991458,0.001345238095266,3.8304065058424266,1.865389000158757,0.18711000029725255,0.0845909999043215,0.0
pd,00:03:08.615,108,-92.995,-90.0,-0.0,-89.914,0.27,-0.0,376.14046181935066,0.0,-0.0,9.009352378904877,-6.30654666523465,0.0,-90.0,-90.0,0.0,-89.901,0.239,-0.0,-100.995,-90.0,0.0,-90.80843523789049,0.8851546665234651,0.0,-1801.8704757813339,0.0,0.0,-201.4570559566649,138.55362895596798,0.0,-8.0,0.0,0.0,-0.894435237890491,0.6151546665234651,0.0,38.8721454,0.0137698,0.0619641,0.7229145,-0.6058712,-0.0,0.032491819291412,-0.001335042735026,-0.005340170940104,-0.000258699633705,-0.00241452991458,0.001345238095266,2.9951886418053917,1.711223000256723,0.17220200015799492,0.06570300001840224,0.0
pd,00:03:08.617,109,-92.995,-90.0,-0.0,-89.914,0.27,-0.0,0.0,0.0,0.0,0.0,0.0,0.0,-90.0,-90.0,0.0,-89.901,0.239,-0.0,-91.4975,-90.0,0.0,-89.9075,0.2545,0.0,371.21573522458687,0.0,0.0,1.611286997636582,-3.842299763593384,0.0,1.4975000000000023,0.0,0.0,0.006500000000002615,-0.015500000000000014,0.0,38.8721454,0.0137698,0.0619641,0.7229145,-0.6058712,-0.0,0.032491819291412,-0.001335042735026,-0.005340170940104,-0.000258699633705,-0.00241452991458,0.001345238095266,2.9951886418053917,1.6908349998630001,0.13492499965650495,0.05774000010205782,0.0
pd,00:03:08.619,110,-92.995,-90.0,-0.0,-89.914,0.27,-0.0,0.0,0.0,0.0,0.0,0.0,0.0,-90.0,-90.0,0.0,-89.901,0.239,-0.0,-91.4975,-90.0,0.0,-89.9075,0.2545,0.0,382.37977840009796,0.0,0.0,1.6597452818708736,-3.957854133690494,0.0,1.4975000000000023,0.0,0.0,0.006500000000002615,-0.015500000000000014,0.0,38.8721454,0.0137698,0.0619641,0.7229145,-0.6058712,-0.0,0.032491819291412,-0.001335042735026,-0.005340170940104,-0.000258699633705,-0.00241452991458,0.001345238095266,2.9951886418053917,2.2698660000060045,0.20931300014126464,0.09829500004343572,0.0
pd,00:03:08.622,111,-92.995,-90.0,-0.0,-89.914,0.27,-0.0,0.0,0.0,0.0,0.0,0.0,0.0,-90.0,-90.0,0.0,-89.901,0.239,-0.0,-91.4975,-90.0,0.0,-89.9075,0.2545,0.0,249.24485079365118,0.0,0.0,1.0818641269845621,-2.5798298412698437,0.0,1.4975000000000023,0.0,0.0,0.006500000000002615,-0.015500000000000014,0.0,38.8721454,0.0137698,0.0619641,0.7229145,-0.2134319,0.0275396,0.032491819291412,-0.001335042735026,-0.005340170940104,0.000500152625163,-0.0032941086691770003,0.0019661172161580002,2.9951886418053917,3.272560000368685,0.6200309999258025,0.13109100018482422,0.0
pd,00:03:08.626,112,-92.995,-90.0,-0.0,-89.914,0.27,-0.0,0.0,0.0,0.0,0.0,0.0,0.0,-90.0,-90.0,0.0,-89.901,0.239,-0.0,-91.4975,-90.0,0.0,-89.9075,0.2545,0.0,166.72781482268022,0.0,0.0,0.7236933531538269,-1.7257303036738176,0.0,1.4975000000000023,0.0,0.0,0.006500000000002615,-0.015500000000000014,0.0,34.4038453,-0.0137698,0.0137698,0.5921014,-0.2134319,0.0275396,0.029353601953234,-0.0019418803418559999,-0.005305494505428,0.000500152625163,-0.0032941086691770003,0.0019661172161580002,2.9951886418053917,2.654621000147017,0.5116990000715305,0.2329610001652327,0.0
pd,00:03:08.630,113,-92.995,-90.0,-0.0,-89.914,0.27,-0.0,0.0,0.0,0.0,0.0,0.0,0.0,-90.0,-90.0,0.0,-89.901,0.239,-0.0,-91.4975,-90.0,0.0,-89.9075,0.2545,0.0,211.9944052922914,0.0,0.0,0.9201760496831027,-2.1942659646280567,0.0,1.4975000000000023,0.0,0.0,0.006500000000002615,-0.015500000000000014,0.0,34.4038453,-0.0137698,0.0137698,0.5921014,-0.2134319,0.0275396,0.029353601953234,-0.0019418803418559999,-0.005305494505428,0.000500152625163,-0.0032941086691770003,0.0019661172161580002,2.9951886418053917,1.814834000015253,0.19592400030887802,0.07018499991318095,0.0
pd,00:03:08.632,114,-92.995,-90.0,-0.0,-89.914,0.27,-0.0,0.0,0.0,0.0,0.0,0.0,0.0,-90.0,-90.0,0.0,-89.901,0.239,-0.0,-91.4975,-90.0,0.0,-89.9075,0.2545,0.0,347.4372297820561,0.0,0.0,1.5080747870345705,-3.596178338311763,0.0,1.4975000000000023,0.0,0.0,0.006500000000002615,-0.015500000000000014,0.0,34.4038453,-0.0137698,0.0137698,0.5921014,-0.2134319,0.0275396,0.029353601953234,-0.0019418803418559999,-0.005305494505428,0.000500152625163,-0.0032941086691770003,0.0019661172161580002,2.9951886418053917,2.008906000355637,0.19583200037232018,0.0881660002960416,0.0
pd,00:03:08.634,115,-92.995,-90.0,-0.0,-89.914,0.27,-0.0,0.0,0.0,0.0,0.0,0.0,0.0,-90.0,-90.0,0.0,-89.901,0.239,-0.0,-91.4975,-90.0,0.0,-89.9075,0.2545,0.0,314.70940174366217,0.0,0.0,1.366017436617445,-3.257426195009523,0.0,1.4975000000000023,0.0,0.0,0.006500000000002615,-0.015500000000000014,0.0,34.4038453,-0.0137698,0.0137698,0.5921014,-0.2134319,0.0275396,0.029353601953234,-0.0019418803418559999,-0.005305494505428,0.000500152625163,-0.0032941086691770003,0.0019661172161580002,2.9951886418053917,1.9300539997857413,0.16764600013630115,0.06429599989132839,0.0
pd,00:03:08.637,116,-92.214,-90.0,-0.0,-89.901,0.255,-0.0,349.3762184300368,0.0,0.0,5.815481228671281,-6.71017064846417,0.0,-90.0,-90.0,0.0,-89.901,0.239,-0.0,-100.214,-90.0,0.0,-90.48254812286713,0.9180170648464171,0.0,-1789.3788395904437,0.0,0.0,-130.0762381577478,148.29858826544296,0.0,-8.0,0.0,0.0,-0.5815481228671331,0.6630170648464171,0.0,34.4038453,-0.0137698,0.0137698,0.5921014,-0.2134319,0.0275396,0.029353601953234,-0.0019418803418559999,-0.005305494505428,0.000500152625163,-0.0032941086691770003,0.0019661172161580002,2.214057813156647,1.7447410000386299,0.14014699991093948,0.05923999970036675,0.0
pd,00:03:08.639,117,-92.214,-90.0,-0.0,-89.901,0.255,-0.0,0.0,0.0,0.0,0.0,0.0,0.0,-90.0,-90.0,0.0,-89.901,0.239,-0.0,-91.107,-90.0,0.0,-89.901,0.247,0.0,275.4564859990506,0.0,0.0,0.0,-1.9906521120075955,0.0,1.1069999999999993,0.0,0.0,0.0,-0.008000000000000007,0.0,34.4038453,-0.0137698,0.0137698,0.5921014,-0.2134319,0.0275396,0.029353601953234,-0.0019418803418559999,-0.005305494505428,0.000500152625163,-0.0032941086691770003,0.0019661172161580002,2.214057813156647,1.8600000003061723,0.18944200019177515,0.0753699996494106,0.0
pd,00:03:08.641,118,-92.214,-90.0,-0.0,-89.901,0.255,-0.0,0.0,0.0,0.0,0.0,0.0,0.0,-90.0,-90.0,0.0,-89.901,0.239,-0.0,-91.107,-90.0,0.0,-89.901,0.247,0.0,251.1953326119886,0.0,0.0,0.0,-1.8153230902402093,0.0,1.1069999999999993,0.0,0.0,0.0,-0.008000000000000007,0.0,34.4038453,-0.0137698,0.0137698,0.5921014,-0.2134319,0.0275396,0.029353601953234,-0.0019418803418559999,-0.005305494505428,0.000500152625163,-0.0032941086691770003,0.0019661172161580002,2.214057813156647,1.7003349998958583,0.14623900005972246,0.06314799975370988,0.0
pd,00:03:08.643,119,-92.214,-90.0,-0.0,-89.901,0.255,-0.0,0.0,0.0,0.0,0.0,0.0,0.0,-90.0,-90.0,0.0,-89.901,0.239,-0.0,-91.107,-90.0,0.0,-89.901,0.247,0.0,280.1770774800867,0.0,0.0,0.0,-2.024766594255372,0.0,1.1069999999999993,0.0,0.0,0.0,-0.008000000000000007,0.0,30.8099275,0.0206547,-0.0275396,0.46128830000000004,-0.1583527,0.0137698,0.024048107447806,-0.00164713064711,-0.006137728937652,-3.4493284494e-05,-0.0031906288156950003,0.0016729242979590003,2.214057813156647,3.794055000071239,0.9122689998548594,0.3249419996791403,0.0
pd,00:03:08.648,120,-92.214,-90.0,-0.0,-89.901,0.255,-0.0,0.0,0.0,0.0,0.0,0.0,0.0,-90.0,-90.0,0.0,-89.901,0.239,-0.0,-91.107,-90.0,0.0,-89.901,0.247,0.0,107.82347610422175,0.0,0.0,0.0,-0.779212112767638,0.0,1.1069999999999993,0.0,0.0,0.0,-0.008000000000000007,0.0,30.8099275,0.0206547,-0.0275396,0.46128830000000004,-0.1583527,0.0137698,0.024048107447806,-0.00164713064711,-0.006137728937652,-3.4493284494e-05,-0.0031906288156950003,0.0016729242979590003,2.214057813156647,2.0443130001694954,0.20149800002400298,0.08494400026393123,0.0
pd,00:03:08.651,121,-92.214,-90.0,-0.0,-89.901,0.255,-0.0,0.0,0.0,0.0,0.0,0.0,0.0,-90.0,-90.0,0.0,-89.901,0.239,-0.0,-91.107,-90.0,0.0,-89.901,0.247,0.0,201.87367513043466,0.0,0.0,0.0,-1.4588883478260883,0.0,1.1069999999999993,0.0,0.0,0.0,-0.008000000000000007,0.0,30.8099275,0.0206547,-0.0275396,0.46128830000000004,-0.1583527,0.0137698,0.024048107447806,-0.00164713064711,-0.006137728937652,-3.4493284494e-05,-0.0031906288156950003,0.0016729242979590003,2.214057813156647,1.8226669999421574,0.24129400026140502,0.08483300007355865,0.0
pd,00:03:08.653,122,-92.214,-90.0,-0.0,-89.901,0.255,-0.0,0.0,0.0,0.0,0.0,0.0,0.0,-90.0,-90.0,0.0,-89.901,0.239,-0.0,-91.107,-90.0,0.0,-89.901,0.247,0.0,247.4205759352018,0.0,0.0,0.0,-1.7880439091974865,0.0,1.1069999999999993,0.0,0.0,0.0,-0.008000000000000007,0.0,30.8099275,0.0206547,-0.0275396,0.46128830000000004,-0.1583527,0.0137698,0.024048107447806,-0.00164713064711,-0.006137728937652,-3.4493284494e-05,-0.0031906288156950003,0.0016729242979590003,2.214057813156647,1.7242609997083491,0.15783199978613993,0.2353489999222802,0.0
pd,00:03:08.655,123,-91.481,-90.0,0.0,-89.89,0.249,-0.0,333.9225406755748,0.0,0.0,5.011115890081664,-2.73333594004562,0.0,-90.0,-90.0,0.0,-89.901,0.239,-0.0,-99.481,-90.0,0.0,-90.39661158900816,0.517333594004562,0.0,-1822.2239600304117,0.0,0.0,-115.39497198996956,61.120488034523206,0.0,-8.0,0.0,0.0,-0.5066115890081591,0.268333594004562,0.0,30.8099275,0.0206547,-0.0275396,0.46128830000000004,-0.1583527,0.0137698,0.024048107447806,-0.00164713064711,-0.006137728937652,-3.4493284494e-05,-0.0031906288156950003,0.0016729242979590003,1.4810746098694638,1.964333000159968,0.2696639999157924,0.22081199995227507,0.0
pd,00:03:08.658,124,-91.481,-90.0,0.0,-89.89,0.249,-0.0,0.0,0.0,0.0,0.0,0.0,0.0,-90.0,-90.0,0.0,-89.901,0.239,-0.0,-90.7405,-90.0,0.0,-89.8955,0.244,0.0,142.98324795138515,0.0,0.0,-1.061995764662137,-0.9654506951477773,0.0,0.7404999999999973,0.0,0.0,-0.00549999999999784,-0.0050000000000000044,0.0,30.8099275,0.0206547,-0.0275396,0.46128830000000004,-0.1583527,0.0137698,0.024048107447806,-0.00164713064711,-0.006137728937652,-3.4493284494e-05,-0.0031906288156950003,0.0016729242979590003,1.4810746098694638,1.8931660001726414,0.21414599996205652,0.08553600036975695,0.0
pd,00:03:08.660,125,-91.481,-90.0,0.0,-89.89,0.249,-0.0,0.0,0.0,0.0,0.0,0.0,0.0,-90.0,-90.0,0.0,-89.901,0.239,-0.0,-90.7405,-90.0,0.0,-89.8955,0.244,0.0,162.4415330543927,0.0,0.0,-1.2065205020915764,-1.0968368200836829,0.0,0.7404999999999973,0.0,0.0,-0.00549999999999784,-0.0050000000000000044,0.0,30.8099275,0.0206547,-0.0275396,0.46128830000000004,-0.1583527,0.0137698,0.024048107447806,-0.00164713064711,-0.006137728937652,-3.4493284494e-05,-0.0031906288156950003,0.0016729242979590003,1.4810746098694638,2.0770720002474263,0.20564600026773405,0.11172099993927986,0.0
pd,00:03:08.662,126,-91.481,-90.0,0.0,-89.89,0.249,-0.0,0.0,0.0,0.0,0.0,0.0,0.0,-90.0,-90.0,0.0,-89.901,0.239,-0.0,-90.7405,-90.0,0.0,-89.8955,0.244,0.0,148.42215961005394,0.0,0.0,-1.1023928127683713,-1.0021752843352776,0.0,0.7404999999999973,0.0,0.0,-0.00549999999999784,-0.0050000000000000044,0.0,26.0455767,0.0068849,0.0137698,0.0826188,-0.1514678,0.0275396,0.02245299145271,-0.0019245421245179999,-0.00450793650788,-0.0008623321123500001,-0.002035103785146,0.0017419108669470002,1.4810746098694638,3.5480200003803475,1.2456909998945775,0.1988310000342608,0.0
pd,00:03:08.668,127,-91.481,-90.0,0.0,-89.89,0.249,-0.0,0.0,0.0,0.0,0.0,0.0,0.0,-90.0,-90.0,0.0,-89.901,0.239,-0.0,-90.7405,-90.0,0.0,-89.8955,0.244,0.0,72.18616910705128,0.0,0.0,-0.53615655650051,-0.4874150513642918,0.0,0.7404999999999973,0.0,0.0,-0.00549999999999784,-0.0050000000000000044,0.0,26.0455767,0.0068849,0.0137698,0.0826188,-0.1514678,0.0275396,0.02245299145271,-0.0019245421245179999,-0.00450793650788,-0.0008623321123500001,-0.002035103785146,0.0017419108669470002,1.4810746098694638,2.2473109997918073,0.349756000105117,0.1222209998559265,0.0
pd,00:03:08.671,128,-91.481,-90.0,0.0,-89.89,0.249,-0.0,0.0,0.0,0.0,0.0,0.0,0.0,-90.0,-90.0,0.0,-89.901,0.239,-0.0,-90.7405,-90.0,0.0,-89.8955,0.244,0.0,130.34590028537806,0.0,0.0,-0.9681329528282248,-0.8801208662078235,0.0,0.7404999999999973,0.0,0.0,-0.00549999999999784,-0.0050000000000000044,0.0,26.0455767,0.0068849,0.0137698,0.0826188,-0.1514678,0.0275396,0.02245299145271,-0.0019245421245179999,-0.00450793650788,-0.0008623321123500001,-0.002035103785146,0.0017419108669470002,1.4810746098694638,2.0908309998048935,0.25433100017835386,0.08466600002066116,0.0
pd,00:03:08.673,129,-91.481,-90.0,0.0,-89.89,0.249,-0.0,0.0,0.0,0.0,0.0,0.0,0.0,-90.0,-90.0,0.0,-89.901,0.239,-0.0,-90.7405,-90.0,0.0,-89.8955,0.244,0.0,146.87799640593911,0.0,0.0,-1.0909236735075636,-0.9917487940981755,0.0,0.7404999999999973,0.0,0.0,-0.00549999999999784,-0.0050000000000000044,0.0,26.0455767,0.0068849,0.0137698,0.0826188,-0.1514678,0.0275396,0.02245299145271,-0.0019245421245179999,-0.00450793650788,-0.0008623321123500001,-0.002035103785146,0.0017419108669470002,1.4810746098694638,2.5688069999887375,0.24671899973327527,0.20573899973896914,0.0
pd,00:03:08.676,130,-90.865,-90.0,-0.0,-89.882,0.247,-0.0,195.778681821626,0.0,-0.0,2.5425802833963327,-0.635645070849436,0.0,-90.0,-90.0,0.0,-89.901,0.239,-0.0,-98.865,-90.0,0.0,-90.14575802833963,0.3065645070849436,0.0,-1271.290141698871,0.0,0.0,-41.91412265276271,9.465471331530168,0.0,-8.0,0.0,0.0,-0.26375802833962325,0.059564507084943596,0.0,26.0455767,0.0068849,0.0137698,0.0826188,-0.1514678,0.0275396,0.02245299145271,-0.0019245421245179999,-0.00450793650788,-0.0008623321123500001,-0.002035103785146,0.0017419108669470002,0.865245629864717,2.1012939996580826,0.23312800021813018,0.10868399976970977,0.0
pd,00:03:08.679,131,-90.865,-90.0,-0.0,-89.882,0.247,-0.0,0.0,0.0,0.0,0.0,0.0,0.0,-90.0,-90.0,0.0,-89.901,0.239,-0.0,-90.4325,-90.0,0.0,-89.89150000000001,0.243,0.0,74.70704554814222,0.0,0.0,-1.640964006259025,-0.6909322131620136,0.0,0.43249999999999034,0.0,0.0,-0.009500000000002728,-0.0040000000000000036,0.0,26.0455767,0.0068849,0.0137698,0.0826188,-0.1514678,0.0275396,0.02245299145271,-0.0019245421245179999,-0.00450793650788,-0.0008623321123500001,-0.002035103785146,0.0017419108669470002,0.865245629864717,2.2129779999886523,0.28605299985429156,0.18053500025416724,0.0
pd,00:03:08.682,132,-90.865,-90.0,-0.0,-89.882,0.247,-0.0,0.0,0.0,0.0,0.0,0.0,0.0,-90.0,-90.0,0.0,-89.901,0.239,-0.0,-90.4325,-90.0,0.0,-89.89150000000001,0.243,0.0,77.00299176500506,0.0,0.0,-1.6913951948374921,-0.7121663978266413,0.0,0.43249999999999034,0.0,0.0,-0.009500000000002728,-0.0040000000000000036,0.0,21.811363200000002,-0.0275396,0.0413094,0.0275396,-0.0413094,0.0137698,0.019973626373375998,-0.0025140415140099998,-0.005600244200174,-1.7246642247e-05,-0.002380036630086,0.001414224664254,0.865245629864717,3.546574999745644,0.3295899996373919,0.12981300005776575,0.0
pd,00:03:08.686,133,-90.865,-90.0,-0.0,-89.882,0.247,-0.0,0.0,0.0,0.0,0.0,0.0,0.0,-90.0,-90.0,0.0,-89.901,0.239,-0.0,-90.4325,-90.0,0.0,-89.89150000000001,0.243,0.0,51.71141619156184,0.0,0.0,-1.1358576966927492,-0.47825587229190464,0.0,0.43249999999999034,0.0,0.0,-0.009500000000002728,-0.0040000000000000036,0.0,21.811363200000002,-0.0275396,0.0413094,0.0275396,-0.0413094,0.0137698,0.019973626373375998,-0.0025140415140099998,-0.005600244200174,-1.7246642247e-05,-0.002380036630086,0.001414224664254,0.865245629864717,2.369087000261061,0.4765139997289225,0.2615159996821603,0.0
pd,00:03:08.689,134,-90.865,-90.0,-0.0,-89.882,0.247,-0.0,0.0,0.0,0.0,0.0,0.0,0.0,-90.0,-90.0,0.0,-89.901,0.239,-0.0,-90.4325,-90.0,0.0,-89.89150000000001,0.243,0.0,66.40443956365726,0.0,0.0,-1.45859462625308,-0.6141451057910541,0.0,0.43249999999999034,0.0,0.0,-0.009500000000002728,-0.0040000000000000036,0.0,21.811363200000002,-0.0275396,0.0413094,0.0275396,-0.0413094,0.0137698,0.019973626373375998,-0.0025140415140099998,-0.005600244200174,-1.7246642247e-05,-0.002380036630086,0.001414224664254,0.865245629864717,2.0102579997001158,0.23347900014414336,0.10362900002292008,0.0
pd,00:03:08.692,135,-90.865,-90.0,-0.0,-89.882,0.247,-0.0,0.0,0.0,0.0,0.0,0.0,0.0,-90.0,-90.0,0.0,-89.901,0.239,-0.0,-90.4325,-90.0,0.0,-89.89150000000001,0.243,0.0,82.55376717939335,0.0,0.0,-1.8133197415118614,-0.7635030490579783,0.0,0.43249999999999034,0.0,0.0,-0.009500000000002728,-0.0040000000000000036,0.0,21.811363200000002,-0.0275396,0.0413094,0.0275396,-0.0413094,0.0137698,0.019973626373375998,-0.0025140415140099998,-0.005600244200174,-1.7246642247e-05,-0.002380036630086,0.001414224664254,0.865245629864717,2.0314240000516293,0.19747900023503462,0.08303599997816491,0.0
pd,00:03:08.694,136,-90.865,-90.0,-0.0,-89.882,0.247,-0.0,0.0,0.0,0.0,0.0,0.0,0.0,-90.0,-90.0,0.0,-89.901,0.239,-0.0,-90.4325,-90.0,0.0,-89.89150000000001,0.243,0.0,90.3404621513939,0.0,0.0,-1.9843569721106395,-0.8355187250996023,0.0,0.43249999999999034,0.0,0.0,-0.009500000000002728,-0.0040000000000000036,0.0,21.811363200000002,-0.0275396,0.0413094,0.0275396,-0.0413094,0.0137698,0.019973626373375998,-0.0025140415140099998,-0.005600244200174,-1.7246642247e-05,-0.002380036630086,0.001414224664254,0.865245629864717,2.8902680001010594,0.2520340003684396,0.12372099990898278,0.0
pd,00:03:08.698,137,-90.275,-90.0,-0.0,-89.878,0.244,-0.0,174.60236788259047,0.0,0.0,1.1837448670020818,-0.8878086502504771,0.0,-90.0,-90.0,0.0,-89.901,0.239,-0.0,-98.275,-90.0,0.0,-90.0078744867002,0.3302808650250477,0.0,-1183.744867000635,0.0,0.0,-19.21728212321392,12.766816386721855,0.0,-8.0,0.0,0.0,-0.12987448670020285,0.08628086502504773,0.0,21.811363200000002,-0.0275396,0.0413094,0.0275396,-0.0413094,0.0137698,0.019973626373375998,-0.0025140415140099998,-0.005600244200174,-1.7246642247e-05,-0.002380036630086,0.001414224664254,0.27600543472910627,2.1706079996874905,0.3267369997956848,0.15312799996536341,0.0
pd,00:03:08.700,138,-90.275,-90.0,-0.0,-89.878,0.244,-0.0,0.0,0.0,0.0,0.0,0.0,0.0,-90.0,-90.0,0.0,-89.901,0.239,-0.0,-90.1375,-90.0,0.0,-89.8895,0.2415,0.0,24.59766271432278,0.0,0.0,-2.0572590633793353,-0.4472302311694963,0.0,0.13750000000000284,0.0,0.0,-0.011499999999998067,-0.0025000000000000022,0.0,21.811363200000002,-0.0275396,0.0413094,0.0275396,-0.0413094,0.0137698,0.019973626373375998,-0.0025140415140099998,-0.005600244200174,-1.7246642247e-05,-0.002380036630086,0.001414224664254,0.27600543472910627,2.2026259998710884,0.23566399977426045,0.10201700024481397,0.0
pd,00:03:08.703,139,-90.275,-90.0,-0.0,-89.878,0.244,-0.0,0.0,0.0,0.0,0.0,0.0,0.0,-90.0,-90.0,0.0,-89.901,0.239,-0.0,-90.1375,-90.0,0.0,-89.8895,0.2415,0.0,26.062762111352672,0.0,0.0,-2.179794649312721,-0.47386840202458463,0.0,0.13750000000000284,0.0,0.0,-0.011499999999998067,-0.0025000000000000022,0.0,17.377487600000002,0.0,-0.0137698,-0.0,-0.0413094,-0.0206547,0.017615628815408,-0.0016644688644479998,-0.006103052502976,-0.0009313186813380001,-0.002483516483568,0.0018108974359350002,0.27600543472910627,4.047459999583225,0.8403249998991669,0.20029400002385955,0.0
pd,00:03:08.708,140,-90.275,-90.0,-0.0,-89.878,0.244,-0.0,0.0,0.0,0.0,0.0,0.0,0.0,-90.0,-90.0,0.0,-89.901,0.239,-0.0,-90.1375,-90.0,0.0,-89.8895,0.2415,0.0,12.952360418632079,0.0,0.0,-1.0832883259217512,-0.23549746215694223,0.0,0.13750000000000284,0.0,0.0,-0.011499999999998067,-0.0025000000000000022,0.0,17.377487600000002,0.0,-0.0137698,-0.0,-0.0413094,-0.0206547,0.017615628815408,-0.0016644688644479998,-0.006103052502976,-0.0009313186813380001,-0.002483516483568,0.0018108974359350002,0.27600543472910627,1.9225739997636992,0.25159000006169663,0.07742500019958243,0.0
pd,00:03:08.711,141,-90.275,-90.0,-0.0,-89.878,0.244,-0.0,0.0,0.0,0.0,0.0,0.0,0.0,-90.0,-90.0,0.0,-89.901,0.239,-0.0,-90.1375,-90.0,0.0,-89.8895,0.2415,0.0,25.785424304748812,0.0,0.0,-2.1565991236694937,-0.46882589644996914,0.0,0.13750000000000284,0.0,0.0,-0.011499999999998067,-0.0025000000000000022,0.0,17.377487600000002,0.0,-0.0137698,-0.0,-0.0413094,-0.0206547,0.017615628815408,-0.0016644688644479998,-0.006103052502976,-0.0009313186813380001,-0.002483516483568,0.0018108974359350002,0.27600543472910627,2.056701999663346,0.22738699999536038,0.09729499970489996,0.0
pd,00:03:08.713,142,-90.275,-90.0,-0.0,-89.878,0.244,-0.0,0.0,0.0,0.0,0.0,0.0,0.0,-90.0,-90.0,0.0,-89.901,0.239,-0.0,-90.1375,-90.0,0.0,-89.8895,0.2415,0.0,27.75078433259609,0.0,0.0,-2.320974689634871,-0.5045597151381007,0.0,0.13750000000000284,0.0,0.0,-0.011499999999998067,-0.0025000000000000022,0.0,17.377487600000002,0.0,-0.0137698,-0.0,-0.0413094,-0.0206547,0.017615628815408,-0.0016644688644479998,-0.006103052502976,-0.0009313186813380001,-0.002483516483568,0.0018108974359350002,0.27600543472910627,2.3459949998141383,0.21908999997322098,0.10590700003376696,0.0
pd,00:03:08.716,143,-89.823,-90.0,-0.0,-89.878,0.244,-0.0,162.80166663804656,0.0,0.0,0.0,0.0,0.0,-90.0,-90.0,0.0,-89.901,0.239,-0.0,-97.823,-90.0,0.0,-89.8895,0.2415,0.0,-1440.7227136109918,0.0,0.0,-2.0710389008154526,-0.45022584800343535,0.0,-8.0,0.0,0.0,-0.011499999999998067,-0.0025000000000000022,0.0,17.377487600000002,0.0,-0.0137698,-0.0,-0.0413094,-0.0206547,0.017615628815408,-0.0016644688644479998,-0.006103052502976,-0.0009313186813380001,-0.002483516483568,0.0018108974359350002,0.17855811378932684,1.8947399998978653,0.40455099997416255,0.4574029999275808,0.0
pd,00:03:08.719,144,-89.823,-90.0,-0.0,-89.878,0.244,-0.0,0.0,0.0,0.0,0.0,0.0,0.0,-90.0,-90.0,0.0,-89.901,0.239,-0.0,-89.91149999999999,-90.0,0.0,-89.8895,0.2415,0.0,-14.464808043021357,0.0,0.0,-1.8796078247989982,-0.4086103966955034,0.0,-0.08849999999999625,0.0,0.0,-0.011499999999998067,-0.0025000000000000022,0.0,17.377487600000002,0.0,-0.0137698,-0.0,-0.0413094,-0.0206547,0.017615628815408,-0.0016644688644479998,-0.006103052502976,-0.0009313186813380001,-0.002483516483568,0.0018108974359350002,0.17855811378932684,3.172561000155838,0.6663079998361354,0.7888629997978569,0.0
pd,00:03:08.725,145,-89.823,-90.0,-0.0,-89.878,0.244,-0.0,0.0,0.0,0.0,0.0,0.0,0.0,-90.0,-90.0,0.0,-89.901,0.239,-0.0,-89.91149999999999,-90.0,0.0,-89.8895,0.2415,0.0,-7.199299922420754,0.0,0.0,-0.935502249805894,-0.2033700543056635,0.0,-0.08849999999999625,0.0,0.0,-0.011499999999998067,-0.0025000000000000022,0.0,12.737065000000001,0.0,0.0068849,0.0068849,-0.0550792,-0.0481943,0.015535042734847999,-0.0019418803418559999,-0.0058949938949199995,0.001345238095266,-0.0019316239316640002,0.001569444444477,0.17855811378932684,3.05382099986673,0.3463859998191765,0.09605500008547097,0.0
pd,00:03:08.729,146,-89.823,-90.0,-0.0,-89.878,0.244,-0.0,0.0,0.0,0.0,0.0,0.0,0.0,-90.0,-90.0,0.0,-89.901,0.239,-0.0,-89.91149999999999,-90.0,0.0,-89.8895,0.2415,0.0,-12.323901195219591,0.0,0.0,-1.6014108897739672,-0.34813280212483433,0.0,-0.08849999999999625,0.0,0.0,-0.011499999999998067,-0.0025000000000000022,0.0,12.737065000000001,0.0,0.0068849,0.0068849,-0.0550792,-0.0481943,0.015535042734847999,-0.0019418803418559999,-0.0058949938949199995,0.001345238095266,-0.0019316239316640002,0.001569444444477,0.17855811378932684,2.3746800002300006,0.2200530002482992,0.0996469998426619,0.0
pd,00:03:08.732,147,-89.823,-90.0,-0.0,-89.878,0.244,-0.0,0.0,0.0,0.0,0.0,0.0,0.0,-90.0,-90.0,0.0,-89.901,0.239,-0.0,-89.91149999999999,-90.0,0.0,-89.8895,0.2415,0.0,-15.87256922945412,0.0,0.0,-2.062537244504913,-0.4483776618489699,0.0,-0.08849999999999625,0.0,0.0,-0.011499999999998067,-0.0025000000000000022,0.0,12.737065000000001,0.0,0.0068849,0.0068849,-0.0550792,-0.0481943,0.015535042734847999,-0.0019418803418559999,-0.0058949938949199995,0.001345238095266,-0.0019316239316640002,0.001569444444477,0.17855811378932684,2.1699229996556824,0.2598119999674964,0.16010900026230956,0.0
pd,00:03:08.735,148,-89.823,-90.0,-0.0,-89.878,0.244,-0.0,0.0,0.0,0.0,0.0,0.0,0.0,-90.0,-90.0,0.0,-89.901,0.239,-0.0,-89.91149999999999,-90.0,0.0,-89.8895,0.2415,0.0,-15.955807427786024,0.0,0.0,-2.0733535075649887,-0.4507290233837693,0.0,-0.08849999999999625,0.0,0.0,-0.011499999999998067,-0.0025000000000000022,0.0,12.737065000000001,0.0,0.0068849,0.0068849,-0.0550792,-0.0481943,0.015535042734847999,-0.0019418803418559999,-0.0058949938949199995,0.001345238095266,-0.0019316239316640002,0.001569444444477,0.17855811378932684,1.9859439998981543,0.33231199995498173,0.09361000002172659,0.0
pd,00:03:08.737,149,-89.418,-90.0,-0.0,-89.878,0.243,-0.0,162.32136837075444,0.0,0.0,0.0,-0.40079350215002424,0.0,-90.0,-90.0,0.0,-89.901,0.239,-0.0,-97.418,-90.0,0.0,-89.8895,0.2810793502150024,0.0,-1603.1740086000955,0.0,0.0,-2.30456263736225,7.630978066134043,0.0,-8.0,0.0,0.0,-0.011499999999998067,0.03807935021500242,0.0,12.737065000000001,0.0,0.0068849,0.0068849,-0.0550792,-0.0481943,0.015535042734847999,-0.0019418803418559999,-0.0058949938949199995,0.001345238095266,-0.0019316239316640002,0.001569444444477,0.5824680248734624,2.1542009999393485,0.24401699965892476,0.11603600023590843,0.0
pd,00:03:08.740,150,-89.418,-90.0,-0.0,-89.878,0.243,-0.0,0.0,0.0,0.0,0.0,0.0,0.0,-90.0,-90.0,0.0,-89.901,0.239,-0.0,-89.709,-90.0,0.0,-89.8895,0.241,0.0,-54.401072561953406,0.0,0.0,-2.1498705651627694,-0.37389053307184916,0.0,-0.2909999999999968,0.0,0.0,-0.011499999999998067,-0.0020000000000000018,0.0,12.737065000000001,0.0,0.0068849,0.0068849,-0.0550792,-0.0481943,0.015535042734847999,-0.0019418803418559999,-0.0058949938949199995,0.001345238095266,-0.0019316239316640002,0.001569444444477,0.5824680248734624,2.383458000167593,0.24610899981780676,0.1191100000141887,0.0
pd,00:03:08.743,151,-89.418,-90.0,-0.0,-89.878,0.243,-0.0,0.0,0.0,0.0,0.0,0.0,0.0,-90.0,-90.0,0.0,-89.901,0.239,-0.0,-89.709,-90.0,0.0,-89.8895,0.241,0.0,-41.577274288049686,0.0,0.0,-1.6430881591494717,-0.285754462460826,0.0,-0.2909999999999968,0.0,0.0,-0.011499999999998067,-0.0020000000000000018,0.0,8.2687649,0.0550792,0.0481943,-0.4957128,0.3098205,0.0275396,0.016696703296494,-0.0016644688644479998,-0.004438583638528,0.001431471306501,-0.001224511599537,0.0018108974359350002,0.5824680248734624,4.879081000126462,0.2463679998072621,0.12009200008833432,0.0
pd,00:03:08.749,152,-89.418,-90.0,-0.0,-89.878,0.243,-0.0,0.0,0.0,0.0,0.0,0.0,0.0,-90.0,-90.0,0.0,-89.901,0.239,-0.0,-89.709,-90.0,0.0,-89.8895,0.241,0.0,-26.85107497360055,0.0,0.0,-1.0611249560012297,-0.1845434706089407,0.0,-0.2909999999999968,0.0,0.0,-0.011499999999998067,-0.0020000000000000018,0.0,8.2687649,0.0550792,0.0481943,-0.4957128,0.3098205,0.0275396,0.016696703296494,-0.0016644688644479998,-0.004438583638528,0.001431471306501,-0.001224511599537,0.0018108974359350002,0.5824680248734624,2.1474600002875377,0.3259600002820662,0.1318879999416822,0.0
pd,00:03:08.751,153,-89.418,-90.0,-0.0,-89.878,0.243,-0.0,0.0,0.0,0.0,0.0,0.0,0.0,-90.0,-90.0,0.0,-89.901,0.239,-0.0,-89.709,-90.0,0.0,-89.8895,0.241,0.0,-52.8144726958021,0.0,0.0,-2.087169883167109,-0.36298606663781946,0.0,-0.2909999999999968,0.0,0.0,-0.011499999999998067,-0.0020000000000000018,0.0,8.2687649,0.0550792,0.0481943,-0.4957128,0.3098205,0.0275396,0.016696703296494,-0.0016644688644479998,-0.004438583638528,0.001431471306501,-0.001224511599537,0.0018108974359350002,0.5824680248734624,1.88029600030859,0.2102200000990706,0.08503600020048907,0.0
pd,00:03:08.754,154,-89.418,-90.0,-0.0,-89.878,0.243,-0.0,0.0,0.0,0.0,0.0,0.0,0.0,-90.0,-90.0,0.0,-89.901,0.239,-0.0,-89.709,-90.0,0.0,-89.8895,0.241,0.0,-64.46300116193021,0.0,0.0,-2.5475069187700377,-0.4430446815252988,0.0,-0.2909999999999968,0.0,0.0,-0.011499999999998067,-0.0020000000000000018,0.0,8.2687649,0.0550792,0.0481943,-0.4957128,0.3098205,0.0275396,0.016696703296494,-0.0016644688644479998,-0.004438583638528,0.001431471306501,-0.001224511599537,0.0018108974359350002,0.5824680248734624,1.9456650002211973,0.17688700017970405,0.24599800008218153,0.0
pd,00:03:08.756,155,-89.123,-90.0,0.0,-89.878,0.243,-0.0,120.05818746361412,0.0,0.0,0.0,0.0,0.0,-90.0,-90.0,0.0,-89.901,0.239,-0.0,-97.123,-90.0,0.0,-89.8895,0.241,0.0,-1627.9076266252669,0.0,0.0,-2.3401172132734276,-0.4069769066563171,0.0,-8.0,0.0,0.0,-0.011499999999998067,-0.0020000000000000018,0.0,8.2687649,0.0550792,0.0481943,-0.4957128,0.3098205,0.0275396,0.016696703296494,-0.0016644688644479998,-0.004438583638528,0.001431471306501,-0.001224511599537,0.0018108974359350002,0.8773106633342557,1.9098150000900205,0.24670099992363248,0.11379499983377173,0.0
pd,00:03:08.759,156,-89.123,-90.0,0.0,-89.878,0.243,-0.0,0.0,0.0,0.0,0.0,0.0,0.0,-90.0,-90.0,0.0,-89.901,0.239,-0.0,-89.5615,-90.0,0.0,-89.8895,0.241,0.0,-92.41293859913527,0.0,0.0,-2.423600442166209,-0.4214957290724554,0.0,-0.43849999999999056,0.0,0.0,-0.011499999999998067,-0.0020000000000000018,0.0,8.2687649,0.0550792,0.0481943,-0.4957128,0.3098205,0.0275396,0.016696703296494,-0.0016644688644479998,-0.004438583638528,0.001431471306501,-0.001224511599537,0.0018108974359350002,0.8773106633342557,1.745389999996405,0.14551699996445677,0.1829980001275544,0.0
pd,00:03:08.761,157,-89.123,-90.0,0.0,-89.878,0.243,-0.0,0.0,0.0,0.0,0.0,0.0,0.0,-90.0,-90.0,0.0,-89.901,0.239,-0.0,-89.5615,-90.0,0.0,-89.8895,0.241,0.0,-102.20061702600523,0.0,0.0,-2.6802898421867023,-0.4661373638586357,0.0,-0.43849999999999056,0.0,0.0,-0.011499999999998067,-0.0020000000000000018,0.0,8.2687649,0.0550792,0.0481943,-0.4957128,0.3098205,0.0275396,0.016696703296494,-0.0016644688644479998,-0.004438583638528,0.001431471306501,-0.001224511599537,0.0018108974359350002,0.8773106633342557,1.848055999744247,0.1732209998408507,0.07674000016777427,0.0
pd,00:03:08.763,158,-89.123,-90.0,0.0,-89.878,0.243,-0.0,0.0,0.0,0.0,0.0,0.0,0.0,-90.0,-90.0,0.0,-89.901,0.239,-0.0,-89.5615,-90.0,0.0,-89.8895,0.241,0.0,-100.64585224909655,0.0,0.0,-2.6395149392575186,-0.45904607639268946,0.0,-0.43849999999999056,0.0,0.0,-0.011499999999998067,-0.0020000000000000018,0.0,3.8830836,0.0068849,-0.0206547,0.034424500000000004,-0.0619641,0.0275396,0.014130647130469999,-0.001872527472504,-0.005305494505428,0.0018281440781820002,-0.0022248168498630004,0.0016556776557120003,0.8773106633342557,4.085477999979048,0.2913299999818264,0.10001800001191441,0.0
pd,00:03:08.767,159,-89.123,-90.0,0.0,-89.878,0.243,-0.0,0.0,0.0,0.0,0.0,0.0,0.0,-90.0,-90.0,0.0,-89.901,0.239,-0.0,-89.5615,-90.0,0.0,-89.8895,0.241,0.0,-47.19775980291496,0.0,0.0,-1.2377975774992787,-0.2152691439129544,0.0,-0.43849999999999056,0.0,0.0,-0.011499999999998067,-0.0020000000000000018,0.0,3.8830836,0.0068849,-0.0206547,0.034424500000000004,-0.0619641,0.0275396,0.014130647130469999,-0.001872527472504,-0.005305494505428,0.0018281440781820002,-0.0022248168498630004,0.0016556776557120003,0.8773106633342557,2.203275000283611,0.2910900002461858,0.14247999979488668,0.0
pd,00:03:08.770,160,-89.123,-90.0,0.0,-89.878,0.243,-0.0,0.0,0.0,0.0,0.0,0.0,0.0,-90.0,-90.0,0.0,-89.901,0.239,-0.0,-89.5615,-90.0,0.0,-89.8895,0.241,0.0,-79.39916698324944,0.0,0.0,-2.082304265238814,-0.36213987221550714,0.0,-0.43849999999999056,0.0,0.0,-0.011499999999998067,-0.0020000000000000018,0.0,3.8830836,0.0068849,-0.0206547,0.034424500000000004,-0.0619641,0.0275396,0.014130647130469999,-0.001872527472504,-0.005305494505428,0.0018281440781820002,-0.0022248168498630004,0.0016556776557120003,0.8773106633342557,2.257496000311221,0.37445899988597375,0.1439240004401654,0.0
pd,00:03:08.774,161,-89.123,-90.0,0.0,-89.878,0.243,-0.0,0.0,0.0,0.0,0.0,0.0,0.0,-90.0,-90.0,0.0,-89.901,0.239,-0.0,-89.5615,-90.0,0.0,-89.8895,0.241,0.0,-66.30145291997081,0.0,0.0,-1.7388066330206162,-0.3024011535688539,0.0,-0.43849999999999056,0.0,0.0,-0.011499999999998067,-0.0020000000000000018,0.0,3.8830836,0.0068849,-0.0206547,0.034424500000000004,-0.0619641,0.0275396,0.014130647130469999,-0.001872527472504,-0.005305494505428,0.0018281440781820002,-0.0022248168498630004,0.0016556776557120003,0.8773106633342557,1.993997999761632,0.3545520003171987,0.3023120002580981,0.0
pd,00:03:08.776,162,-88.923,-90.0,-0.0,-89.889,0.249,-0.0,70.64090947368521,0.0,-0.0,-3.885250021051106,2.1192272842105284,0.0,-90.0,-90.0,0.0,-89.901,0.239,-0.0,-96.52559094736853,-90.0,0.0,-89.50647499789488,0.03207727157894713,0.0,-1342.634847196277,0.0,0.0,67.55478511281991,-38.30904705294045,0.0,-7.602590947368526,0.0,0.0,0.38252500210511187,-0.21692272842105287,0.0,3.8830836,0.0068849,-0.0206547,0.034424500000000004,-0.0619641,0.0275396,0.014130647130469999,-0.001872527472504,-0.005305494505428,0.0018281440781820002,-0.0022248168498630004,0.0016556776557120003,1.0771132716664464,1.9864239998241828,0.2654419999998936,0.1297210001212079,0.0
pd,00:03:08.779,163,-88.923,-90.0,-0.0,-89.889,0.249,-0.0,0.0,0.0,0.0,0.0,0.0,0.0,-90.0,-90.0,0.0,-89.901,0.239,-0.0,-89.4615,-90.0,0.0,-89.895,0.244,0.0,-105.94955924570768,0.0,0.0,-1.1804964818463717,-0.9837470682052735,0.0,-0.5384999999999991,0.0,0.0,-0.006000000000000227,-0.0050000000000000044,0.0,3.8830836,0.0068849,-0.0206547,0.034424500000000004,-0.0619641,0.0275396,0.014130647130469999,-0.001872527472504,-0.005305494505428,0.0018281440781820002,-0.0022248168498630004,0.0016556776557120003,1.0771132716664464,2.1232379999673867,0.423885000145674,0.14081400013310486,0.0
pd,00:03:08.782,164,-88.923,-90.0,-0.0,-89.889,0.249,-0.0,0.0,0.0,0.0,0.0,0.0,0.0,-90.0,-90.0,0.0,-89.901,0.239,-0.0,-89.4615,-90.0,0.0,-89.895,0.244,0.0,-95.43787306684679,0.0,0.0,-1.0633746302713156,-0.8861455252260635,0.0,-0.5384999999999991,0.0,0.0,-0.006000000000000227,-0.0050000000000000044,0.0,3.8830836,0.0068849,-0.0137698,0.1239282,-0.0206547,-0.0206547,0.014130647130469999,-0.001872527472504,-0.005600244200174,0.0008968253968440001,-0.002828449328508,0.0017419108669470002,1.0771132716664464,3.6807229998885305,0.5866050000804535,0.3296820000286971,0.0
pd,00:03:08.787,165,-88.923,-90.0,-0.0,-89.889,0.249,-0.0,0.0,0.0,0.0,0.0,0.0,0.0,-90.0,-90.0,0.0,-89.901,0.239,-0.0,-89.4615,-90.0,0.0,-89.895,0.244,0.0,-56.73816077170408,0.0,0.0,-0.6321800643087057,-0.5268167202572352,0.0,-0.5384999999999991,0.0,0.0,-0.006000000000000227,-0.0050000000000000044,0.0,-0.1927772,-0.0275396,-0.0137698,0.1239282,-0.0206547,-0.0206547,0.010038827838702,-0.001595115995096,-0.005600244200174,0.0008968253968440001,-0.002828449328508,0.0017419108669470002,1.0771132716664464,3.2723369999985152,0.2807010000651644,0.1504249999015883,0.0
pd,00:03:08.790,166,-88.923,-90.0,-0.0,-89.889,0.249,-0.0,0.0,0.0,0.0,0.0,0.0,0.0,-90.0,-90.0,0.0,-89.901,0.239,-0.0,-89.4615,-90.0,0.0,-89.895,0.244,0.0,-70.40186721526078,0.0,0.0,-0.7844219188330201,-0.6536849323608259,0.0,-0.5384999999999991,0.0,0.0,-0.006000000000000227,-0.0050000000000000044,0.0,-0.1927772,-0.0275396,-0.0137698,0.1239282,-0.0206547,-0.0206547,0.010038827838702,-0.001595115995096,-0.005600244200174,0.0008968253968440001,-0.002828449328508,0.0017419108669470002,1.0771132716664464,2.0233320001352695,0.3446069999881729,0.14094300013312022,0.0
pd,00:03:08.793,167,-88.923,-90.0,-0.0,-89.889,0.249,-0.0,0.0,0.0,0.0,0.0,0.0,0.0,-90.0,-90.0,0.0,-89.901,0.239,-0.0,-89.4615,-90.0,0.0,-89.895,0.244,0.0,-102.34877215878177,0.0,0.0,-1.1403762914627946,-0.9503135762189604,0.0,-0.5384999999999991,0.0,0.0,-0.006000000000000227,-0.0050000000000000044,0.0,-0.1927772,-0.0275396,-0.0137698,0.1239282,-0.0206547,-0.0206547,0.010038827838702,-0.001595115995096,-0.005600244200174,0.0008968253968440001,-0.002828449328508,0.0017419108669470002,1.0771132716664464,2.455493999605096,0.2671819997885905,0.12492500036387355,0.0
pd,00:03:08.796,168,-88.923,-90.0,-0.0,-89.889,0.249,-0.0,0.0,0.0,0.0,0.0,0.0,0.0,-90.0,-90.0,0.0,-89.901,0.239,-0.0,-89.4615,-90.0,0.0,-89.895,0.244,0.0,-90.93456413559852,0.0,0.0,-1.013198486190553,-0.8443320718254296,0.0,-0.5384999999999991,0.0,0.0,-0.006000000000000227,-0.0050000000000000044,0.0,-0.1927772,-0.0275396,-0.0137698,0.1239282,-0.0206547,-0.0206547,0.010038827838702,-0.001595115995096,-0.005600244200174,0.0008968253968440001,-0.002828449328508,0.0017419108669470002,1.0771132716664464,2.5535670001772814,0.3687739999804762,0.12981300005776575,0.0
pd,00:03:08.799,169,-88.796,-90.0,-0.0,-89.887,0.246,-0.0,40.06593516359386,0.0,0.0,0.6309596088740466,-0.9464394133132765,0.0,-90.0,-90.0,0.0,-89.901,0.239,-0.0,-93.40459351635938,-90.0,0.0,-89.9570959608874,0.33714394133132763,0.0,-726.9590906370902,0.0,0.0,-11.056930016317265,14.377036393446893,0.0,-4.608593516359377,0.0,0.0,-0.07009596088740011,0.09114394133132764,0.0,-0.1927772,-0.0275396,-0.0137698,0.1239282,-0.0206547,-0.0206547,0.010038827838702,-0.001595115995096,-0.005600244200174,0.0008968253968440001,-0.002828449328508,0.0017419108669470002,1.20410173988745,2.156256000034773,0.45686600014960277,0.12618399978236994,0.0
pd,00:03:08.802,170,-88.796,-90.0,-0.0,-89.887,0.246,-0.0,0.0,0.0,0.0,0.0,0.0,0.0,-90.0,-90.0,0.0,-89.901,0.239,-0.0,-89.398,-90.0,0.0,-89.894,0.2425,0.0,-104.97094071672015,0.0,0.0,-1.2205923339149904,-0.6102961669576791,0.0,-0.6019999999999897,0.0,0.0,-0.007000000000005002,-0.003500000000000003,0.0,-0.1927772,-0.0275396,-0.0137698,0.0137698,-0.0206547,-0.0206547,0.010038827838702,-0.001595115995096,-0.005842979242906,0.000586385836398,-0.0022938034188510004,0.0025007631258150004,1.20410173988745,3.0040810001992213,0.6000680000397551,0.2941820002888562,0.0
pd,00:03:08.806,171,-88.796,-90.0,-0.0,-89.887,0.246,-0.0,0.0,0.0,0.0,0.0,0.0,0.0,-90.0,-90.0,0.0,-89.901,0.239,-0.0,-89.398,-90.0,0.0,-89.894,0.2425,0.0,-68.60588544723363,0.0,0.0,-0.7977428540373649,-0.3988714270188027,0.0,-0.6019999999999897,0.0,0.0,-0.007000000000005002,-0.003500000000000003,0.0,-1.9621965000000001,0.0137698,-0.0206547,0.0137698,-0.0206547,-0.0206547,-0.030272527472147998,-0.0019418803418559999,-0.005842979242906,0.000586385836398,-0.0022938034188510004,0.0025007631258150004,1.20410173988745,3.2233019996965595,0.24799799984975834,0.11625800016190624,0.0
pd,00:03:08.810,172,-88.796,-90.0,-0.0,-89.887,0.246,-0.0,0.0,0.0,0.0,0.0,0.0,0.0,-90.0,-90.0,0.0,-89.901,0.239,-0.0,-89.398,-90.0,0.0,-89.894,0.2425,0.0,-81.42441173814855,0.0,0.0,-0.9467954853270293,-0.4733977426636573,0.0,-0.6019999999999897,0.0,0.0,-0.007000000000005002,-0.003500000000000003,0.0,-1.9621965000000001,0.0137698,-0.0206547,0.0137698,-0.0206547,-0.0206547,-0.030272527472147998,-0.0019418803418559999,-0.005842979242906,0.000586385836398,-0.0022938034188510004,0.0025007631258150004,1.20410173988745,1.9720169998436177,0.2519790000405919,0.11827600019387319,0.0
pd,00:03:08.812,173,-88.796,-90.0,-0.0,-89.887,0.246,-0.0,0.0,0.0,0.0,0.0,0.0,0.0,-90.0,-90.0,0.0,-89.901,0.239,-0.0,-89.398,-90.0,0.0,-89.894,0.2425,0.0,-122.48816377219299,0.0,0.0,-1.4242809740948472,-0.7121404870476382,0.0,-0.6019999999999897,0.0,0.0,-0.007000000000005002,-0.003500000000000003,0.0,-1.9621965000000001,0.0137698,-0.0206547,0.0137698,-0.0206547,-0.0206547,-0.030272527472147998,-0.0019418803418559999,-0.005842979242906,0.000586385836398,-0.0022938034188510004,0.0025007631258150004,1.20410173988745,2.337087000341853,0.26060799973492976,0.12053499995090533,0.0
pd,00:03:08.815,174,-88.796,-90.0,-0.0,-89.887,0.246,-0.0,0.0,0.0,0.0,0.0,0.0,0.0,-90.0,-90.0,0.0,-89.901,0.239,-0.0,-89.398,-90.0,0.0,-89.894,0.2425,0.0,-106.04666140277138,0.0,0.0,-1.2331007139853498,-0.6165503569928606,0.0,-0.6019999999999897,0.0,0.0,-0.007000000000005002,-0.003500000000000003,0.0,-1.9621965000000001,0.0137698,-0.0206547,0.0137698,-0.0206547,-0.0206547,-0.030272527472147998,-0.0019418803418559999,-0.005842979242906,0.000586385836398,-0.0022938034188510004,0.0025007631258150004,1.20410173988745,2.0139990001553087,0.24401599966950016,0.2965150001728034,0.0
pd,00:03:08.818,175,-88.763,-90.0,-0.0,-89.887,0.246,-0.0,12.17451244612589,0.0,0.0,0.0,0.0,0.0,-90.0,-90.0,0.0,-89.901,0.239,-0.0,-90.59895124461259,-90.0,0.0,-89.894,0.2425,0.0,-338.6638072426577,0.0,0.0,-1.2912361685280667,-0.6456180842642278,0.0,-1.8359512446125876,0.0,0.0,-0.007000000000005002,-0.003500000000000003,0.0,-1.9621965000000001,0.0137698,-0.0206547,0.0137698,-0.0206547,-0.0206547,-0.030272527472147998,-0.0019418803418559999,-0.005842979242906,0.000586385836398,-0.0022938034188510004,0.0025007631258150004,1.2370990259473924,2.1997369999553484,0.2351269999962824,0.316348999604088,0.0
pd,00:03:08.821,176,-88.763,-90.0,-0.0,-89.887,0.246,-0.0,0.0,0.0,0.0,0.0,0.0,0.0,-90.0,-90.0,0.0,-89.901,0.239,-0.0,-89.3815,-90.0,0.0,-89.894,0.2425,0.0,-108.03669098783895,0.0,0.0,-1.2227273030147916,-0.6113636515075801,0.0,-0.6184999999999974,0.0,0.0,-0.007000000000005002,-0.003500000000000003,0.0,-1.9621965000000001,0.0137698,-0.0206547,0.0137698,-0.0206547,-0.0206547,-0.030272527472147998,-0.0019418803418559999,-0.005842979242906,0.000586385836398,-0.0022938034188510004,0.0025007631258150004,1.2370990259473924,2.149627000108012,0.25044200037882547,0.16172000005099108,0.0
pd,00:03:08.824,177,-88.763,-90.0,-0.0,-89.887,0.246,-0.0,0.0,0.0,0.0,0.0,0.0,0.0,-90.0,-90.0,0.0,-89.901,0.239,-0.0,-89.3815,-90.0,0.0,-89.894,0.2425,0.0,-114.49276299761625,0.0,0.0,-1.2957952158174233,-0.6478976079089069,0.0,-0.6184999999999974,0.0,0.0,-0.007000000000005002,-0.003500000000000003,0.0,-5.7006972000000005,-0.0137698,-0.034424500000000004,0.0206547,-0.0550792,0.034424500000000004,-0.023111843711554,-0.0024620268619959997,-0.004750671550612,0.0019143772894170002,-0.001983363858405,0.0070711233212700005,1.2370990259473924,4.717970999990939,0.2504609997231455,0.12149899976066081,0.0
pd,00:03:08.829,178,-88.763,-90.0,-0.0,-89.887,0.246,-0.0,0.0,0.0,0.0,0.0,0.0,0.0,-90.0,-90.0,0.0,-89.901,0.239,-0.0,-89.3815,-90.0,0.0,-89.894,0.2425,0.0,-58.11588834625183,0.0,0.0,-0.657738429140893,-0.3288692145705456,0.0,-0.6184999999999974,0.0,0.0,-0.007000000000005002,-0.003500000000000003,0.0,-5.7006972000000005,-0.0137698,-0.034424500000000004,0.0206547,-0.0550792,0.034424500000000004,-0.023111843711554,-0.0024620268619959997,-0.004750671550612,0.0019143772894170002,-0.001983363858405,0.0070711233212700005,1.2370990259473924,1.869259000159218,0.2546639998399769,0.12412800015226821,0.0
pd,00:03:08.831,179,-88.763,-90.0,-0.0,-89.887,0.246,-0.0,0.0,0.0,0.0,0.0,0.0,0.0,-90.0,-90.0,0.0,-89.901,0.239,-0.0,-89.3815,-90.0,0.0,-89.894,0.2425,0.0,-130.95290378596613,0.0,0.0,-1.4820862190808268,-0.7410431095406367,0.0,-0.6184999999999974,0.0,0.0,-0.007000000000005002,-0.003500000000000003,0.0,-5.7006972000000005,-0.0137698,-0.034424500000000004,0.0206547,-0.0550792,0.034424500000000004,-0.023111843711554,-0.0024620268619959997,-0.004750671550612,0.0019143772894170002,-0.001983363858405,0.0070711233212700005,1.2370990259473924,2.1764590001112083,0.2956079997602501,0.136886999825947,0.0
pd,00:03:08.834,180,-88.763,-90.0,-0.0,-89.887,0.246,-0.0,0.0,0.0,0.0,0.0,0.0,0.0,-90.0,-90.0,0.0,-89.901,0.239,-0.0,-89.3815,-90.0,0.0,-89.894,0.2425,0.0,-113.26305553615042,0.0,0.0,-1.2818777506108618,-0.640938875305624,0.0,-0.6184999999999974,0.0,0.0,-0.007000000000005002,-0.003500000000000003,0.0,-5.7006972000000005,-0.0137698,-0.034424500000000004,0.0206547,-0.0550792,0.034424500000000004,-0.023111843711554,-0.0024620268619959997,-0.004750671550612,0.0019143772894170002,-0.001983363858405,0.0070711233212700005,1.2370990259473924,1.8892590001087228,0.2706820000639709,0.14375799992194516,0.0
pd,00:03:08.837,181,-88.776,-90.0,-0.0,-89.887,0.246,-0.0,-4.093847285829441,0.0,0.0,0.0,0.0,0.0,-90.0,-90.0,0.0,-89.901,0.239,-0.0,-88.97861527141706,-90.0,0.0,-89.894,0.2425,0.0,-31.90292226764963,0.0,0.0,-1.1021896538775875,-0.5510948269389598,0.0,-0.20261527141705926,0.0,0.0,-0.007000000000005002,-0.003500000000000003,0.0,-5.7006972000000005,-0.0137698,-0.034424500000000004,0.0206547,-0.0550792,0.034424500000000004,-0.023111843711554,-0.0024620268619959997,-0.004750671550612,0.0019143772894170002,-0.001983363858405,0.0070711233212700005,1.2241000776080397,2.0947200000591693,0.3013489999830199,0.12959200012119254,0.0
pd,00:03:08.840,182,-88.776,-90.0,-0.0,-89.887,0.246,-0.0,0.0,0.0,0.0,0.0,0.0,0.0,-90.0,-90.0,0.0,-89.901,0.239,-0.0,-89.388,-90.0,0.0,-89.894,0.2425,0.0,-115.40841866738639,0.0,0.0,-1.320030932469705,-0.6600154662350514,0.0,-0.612000000000009,0.0,0.0,-0.007000000000005002,-0.003500000000000003,0.0,-5.7006972000000005,-0.0137698,-0.034424500000000004,0.0206547,-0.0550792,0.034424500000000004,-0.023111843711554,-0.0024620268619959997,-0.004750671550612,0.0019143772894170002,-0.001983363858405,0.0070711233212700005,1.2241000776080397,3.8189810002222657,1.2427100000422797,0.43090299959658296,0.0
pd,00:03:08.846,183,-88.776,-90.0,-0.0,-89.887,0.246,-0.0,0.0,0.0,0.0,0.0,0.0,0.0,-90.0,-90.0,0.0,-89.901,0.239,-0.0,-89.388,-90.0,0.0,-89.894,0.2425,0.0,-49.47600416329378,0.0,0.0,-0.5659020084035152,-0.2829510042018429,0.0,-0.612000000000009,0.0,0.0,-0.007000000000005002,-0.003500000000000003,0.0,-10.554551700000001,0.0,0.0413094,-0.2272017,0.3235903,0.034424500000000004,-0.030671306470921998,-0.0025140415140099998,-0.00563492063485,0.001121031746055,-0.000362179487187,0.001569444444477,1.2241000776080397,3.6378339996190334,0.2716820004025067,0.13148000016371952,0.0
pd,00:03:08.850,184,-88.776,-90.0,-0.0,-89.887,0.246,-0.0,0.0,0.0,0.0,0.0,0.0,0.0,-90.0,-90.0,0.0,-89.901,0.239,-0.0,-89.388,-90.0,0.0,-89.894,0.2425,0.0,-73.64339132430594,0.0,0.0,-0.8423263713561848,-0.4211631856782193,0.0,-0.612000000000009,0.0,0.0,-0.007000000000005002,-0.003500000000000003,0.0,-10.554551700000001,0.0,0.0413094,-0.2272017,0.3235903,0.034424500000000004,-0.030671306470921998,-0.0025140415140099998,-0.00563492063485,0.001121031746055,-0.000362179487187,0.001569444444477,1.2241000776080397,2.1575159998974414,0.4267920003258041,0.13768300004812772,0.0
pd,00:03:08.853,185,-88.776,-90.0,-0.0,-89.887,0.246,-0.0,0.0,0.0,0.0,0.0,0.0,0.0,-90.0,-90.0,0.0,-89.901,0.239,-0.0,-89.388,-90.0,0.0,-89.894,0.2425,0.0,-103.3462455914328,0.0,0.0,-1.182064900555245,-0.5910324502778007,0.0,-0.612000000000009,0.0,0.0,-0.007000000000005002,-0.003500000000000003,0.0,-10.554551700000001,0.0,0.0413094,-0.2272017,0.3235903,0.034424500000000004,-0.030671306470921998,-0.0025140415140099998,-0.00563492063485,0.001121031746055,-0.000362179487187,0.001569444444477,1.2241000776080397,2.742936000231566,0.27195999973628204,0.13162799996280228,0.0
pd,00:03:08.856,186,-88.776,-90.0,-0.0,-89.887,0.246,-0.0,0.0,0.0,0.0,0.0,0.0,0.0,-90.0,-90.0,0.0,-89.901,0.239,-0.0,-89.388,-90.0,0.0,-89.894,0.2425,0.0,-93.81995789473713,0.0,0.0,-1.073104093566929,-0.5365520467836262,0.0,-0.612000000000009,0.0,0.0,-0.007000000000005002,-0.003500000000000003,0.0,-10.554551700000001,0.0,0.0413094,-0.2272017,0.3235903,0.034424500000000004,-0.030671306470921998,-0.0025140415140099998,-0.00563492063485,0.001121031746055,-0.000362179487187,0.001569444444477,1.2241000776080397,3.0224140000427724,0.275292999958765,0.1339800001005642,0.0
pd,00:03:08.860,187,-88.866,-90.0,-0.0,-89.887,0.246,-0.0,-25.32792270531497,0.0,0.0,0.0,0.0,0.0,-90.0,-90.0,0.0,-89.901,0.239,-0.0,-86.9002077294685,-90.0,0.0,-89.894,0.2425,0.0,276.607970459586,0.0,0.0,-0.9849747718730266,-0.49248738593666175,0.0,1.9657922705314945,0.0,0.0,-0.007000000000005002,-0.003500000000000003,0.0,-10.554551700000001,0.0,0.0413094,-0.2272017,0.3235903,0.034424500000000004,-0.030671306470921998,-0.0025140415140099998,-0.00563492063485,0.001121031746055,-0.000362179487187,0.001569444444477,1.1341080195466393,2.2566449997611926,0.2748860001702269,0.1349429999208951,0.0
pd,00:03:08.863,188,-88.866,-90.0,-0.0,-89.887,0.246,-0.0,0.0,0.0,0.0,0.0,0.0,0.0,-90.0,-90.0,0.0,-89.901,0.239,-0.0,-89.43299999999999,-90.0,0.0,-89.894,0.2425,0.0,-101.4837572757532,0.0,0.0,-1.2528858922928727,-0.6264429461466251,0.0,-0.5669999999999931,0.0,0.0,-0.007000000000005002,-0.003500000000000003,0.0,-15.3189025,-0.0757339,-0.0068849,-0.0275396,-0.0550792,0.0068849,-0.027706471306123998,-0.001577777777758,-0.005790964590891999,0.001586691086724,-0.001603937728971,0.001414224664254,1.1341080195466393,3.5324649998074165,0.6758819999959087,0.49658700027066516,0.0
pd,00:03:08.868,189,-88.866,-90.0,-0.0,-89.887,0.246,-0.0,0.0,0.0,0.0,0.0,0.0,0.0,-90.0,-90.0,0.0,-89.901,0.239,-0.0,-89.43299999999999,-90.0,0.0,-89.894,0.2425,0.0,-56.853224193162816,0.0,0.0,-0.7018916567055027,-0.3509458283528571,0.0,-0.5669999999999931,0.0,0.0,-0.007000000000005002,-0.003500000000000003,0.0,-15.3189025,-0.0757339,-0.0068849,-0.0275396,-0.0550792,0.0068849,-0.027706471306123998,-0.001577777777758,-0.005790964590891999,0.001586691086724,-0.001603937728971,0.001414224664254,1.1341080195466393,2.529511999910028,0.2594239999780257,0.12418400001479313,0.0
pd,00:03:08.871,190,-88.866,-90.0,-0.0,-89.887,0.246,-0.0,0.0,0.0,0.0,0.0,0.0,0.0,-90.0,-90.0,0.0,-89.901,0.239,-0.0,-89.43299999999999,-90.0,0.0,-89.894,0.2425,0.0,-93.40076851779125,0.0,0.0,-1.1530959076267056,-0.5765479538135265,0.0,-0.5669999999999931,0.0,0.0,-0.007000000000005002,-0.003500000000000003,0.0,-15.3189025,-0.0757339,-0.0068849,-0.0275396,-0.0550792,0.0068849,-0.027706471306123998,-0.001577777777758,-0.005790964590891999,0.001586691086724,-0.001603937728971,0.001414224664254,1.1341080195466393,2.0292760000302223,0.21920200015301816,0.09507300001132535,0.0
pd,00:03:08.874,191,-88.866,-90.0,-0.0,-89.887,0.246,-0.0,0.0,0.0,0.0,0.0,0.0,0.0,-90.0,-90.0,0.0,-89.901,0.239,-0.0,-89.43299999999999,-90.0,0.0,-89.894,0.2425,0.0,-92.02021235102929,0.0,0.0,-1.136052004333353,-0.5680260021668477,0.0,-0.5669999999999931,0.0,0.0,-0.007000000000005002,-0.003500000000000003,0.0,-15.3189025,-0.0757339,-0.0068849,-0.0275396,-0.0550792,0.0068849,-0.027706471306123998,-0.001577777777758,-0.005790964590891999,0.001586691086724,-0.001603937728971,0.001414224664254,1.1341080195466393,1.8648150003173214,0.21955399961370858,0.08187000003090361,0.0
pd,00:03:08.876,192,-88.866,-90.0,-0.0,-89.887,0.246,-0.0,0.0,0.0,0.0,0.0,0.0,0.0,-90.0,-90.0,0.0,-89.901,0.239,-0.0,-89.43299999999999,-90.0,0.0,-89.894,0.2425,0.0,-125.48387336428877,0.0,0.0,-1.5491836217808768,-0.7745918108906719,0.0,-0.5669999999999931,0.0,0.0,-0.007000000000005002,-0.003500000000000003,0.0,-15.3189025,-0.0757339,-0.0068849,-0.0275396,-0.0550792,0.0068849,-0.027706471306123998,-0.001577777777758,-0.005790964590891999,0.001586691086724,-0.001603937728971,0.001414224664254,1.1341080195466393,1.812852000057319,0.17675699973551673,0.07890699998824857,0.0
pd,00:03:08.878,193,-88.866,-90.0,-0.0,-89.887,0.246,-0.0,0.0,0.0,0.0,0.0,0.0,0.0,-90.0,-90.0,0.0,-89.901,0.239,-0.0,-89.43299999999999,-90.0,0.0,-89.894,0.2425,0.0,-132.0618818302977,0.0,0.0,-1.6303936028426909,-0.8151968014215911,0.0,-0.5669999999999931,0.0,0.0,-0.007000000000005002,-0.003500000000000003,0.0,-15.3189025,-0.0757339,-0.0068849,-0.0275396,-0.0550792,0.0068849,-0.027706471306123998,-0.001577777777758,-0.005790964590891999,0.001586691086724,-0.001603937728971,0.001414224664254,1.1341080195466393,1.9735360001504887,0.23979400020834873,0.2444789997753105,0.0
pd,00:03:08.881,194,-89.03,-90.0,0.0,-89.892,0.254,-0.0,-63.90429728725439,0.0,0.0,-1.948301746560844,3.1172827945001886,0.0,-90.0,-90.0,0.0,-89.901,0.239,-0.0,-83.12457027127456,-90.0,0.0,-89.70166982534391,-0.06522827945001891,0.0,1150.555905467857,0.0,0.0,37.082061170601676,-62.19530144046507,0.0,5.905429728725437,0.0,0.0,0.19033017465608282,-0.3192282794500189,0.0,-15.3189025,-0.0757339,-0.0068849,-0.0275396,-0.0550792,0.0068849,-0.027706471306123998,-0.001577777777758,-0.005790964590891999,0.001586691086724,-0.001603937728971,0.001414224664254,0.9701577191364288,2.2353489998749865,0.24003499993341393,0.11909200020454591,0.0
pd,00:03:08.884,195,-89.03,-90.0,0.0,-89.892,0.254,-0.0,0.0,0.0,0.0,0.0,0.0,0.0,-90.0,-90.0,0.0,-89.901,0.239,-0.0,-89.515,-90.0,0.0,-89.8965,0.2465,0.0,-89.89912674562478,0.0,0.0,-0.8341156089800563,-1.3901926816333758,0.0,-0.48499999999999943,0.0,0.0,-0.004500000000007276,-0.007500000000000007,0.0,-11.0089551,-0.0137698,0.0137698,-0.0206547,-0.0275396,-0.034424500000000004,-0.014390720390539999,-0.002184615384588,-0.005600244200174,0.000810592185609,-0.0019143772894170002,0.0019661172161580002,0.9701577191364288,4.250475999924674,0.21884899979340844,0.10653599974830286,0.0
pd,00:03:08.888,196,-89.03,-90.0,0.0,-89.892,0.254,-0.0,0.0,0.0,0.0,0.0,0.0,0.0,-90.0,-90.0,0.0,-89.901,0.239,-0.0,-89.515,-90.0,0.0,-89.8965,0.2465,0.0,-51.91500204164959,0.0,0.0,-0.48168558595346866,-0.8028093099224181,0.0,-0.48499999999999943,0.0,0.0,-0.004500000000007276,-0.007500000000000007,0.0,-11.0089551,-0.0137698,0.0137698,-0.0206547,-0.0275396,-0.034424500000000004,-0.014390720390539999,-0.002184615384588,-0.005600244200174,0.000810592185609,-0.0019143772894170002,0.0019661172161580002,0.9701577191364288,2.2123300000203017,0.24142300026142038,0.11573900019357097,0.0
pd,00:03:08.891,197,-89.03,-90.0,0.0,-89.892,0.254,-0.0,0.0,0.0,0.0,0.0,0.0,0.0,-90.0,-90.0,0.0,-89.901,0.239,-0.0,-89.515,-90.0,0.0,-89.8965,0.2465,0.0,-90.78174937522303,0.0,0.0,-0.8423048911103497,-1.403841485183864,0.0,-0.48499999999999943,0.0,0.0,-0.004500000000007276,-0.007500000000000007,0.0,-11.0089551,-0.0137698,0.0137698,-0.0206547,-0.0275396,-0.034424500000000004,-0.014390720390539999,-0.002184615384588,-0.005600244200174,0.000810592185609,-0.0019143772894170002,0.0019661172161580002,0.9701577191364288,1.8947029998344078,0.41357000009156764,0.1167770001302415,0.0
pd,00:03:08.893,198,-89.03,-90.0,0.0,-89.892,0.254,-0.0,0.0,0.0,0.0,0.0,0.0,0.0,-90.0,-90.0,0.0,-89.901,0.239,-0.0,-89.515,-90.0,0.0,-89.8965,0.2465,0.0,-95.85512392799913,0.0,0.0,-0.8893774385072432,-1.4822957308453504,0.0,-0.48499999999999943,0.0,0.0,-0.004500000000007276,-0.007500000000000007,0.0,-11.0089551,-0.0137698,0.0137698,-0.0206547,-0.0275396,-0.034424500000000004,-0.014390720390539999,-0.002184615384588,-0.005600244200174,0.000810592185609,-0.0019143772894170002,0.0019661172161580002,0.9701577191364288,4.082274000211328,0.2534420000301907,0.1237579999724403,0.0
pd,00:03:08.898,199,-89.03,-90.0,0.0,-89.892,0.254,-0.0,0.0,0.0,0.0,0.0,0.0,0.0,-90.0,-90.0,0.0,-89.901,0.239,-0.0,-89.515,-90.0,0.0,-89.8965,0.2465,0.0,-53.032938109390415,0.0,0.0,-0.4920581886438478,-0.8200969810730494,0.0,-0.48499999999999943,0.0,0.0,-0.004500000000007276,-0.007500000000000007,0.0,-11.0089551,-0.0137698,0.0137698,-0.0206547,-0.0275396,-0.034424500000000004,-0.014390720390539999,-0.002184615384588,-0.005600244200174,0.000810592185609,-0.0019143772894170002,0.0019661172161580002,0.9701577191364288,2.1810149996781547,0.269200999809982,0.09505500020168256,0.0
pd,00:03:08.901,200,-89.287,-90.0,-0.0,-89.891,0.251,-0.0,-95.03933415623531,0.0,-0.0,0.3698028566355513,-1.1094085699171232,0.0,-90.0,-90.0,0.0,-89.901,0.239,-0.0,-81.287,-90.0,0.0,-89.93298028566356,0.3559408569917123,0.0,1479.211426556163,0.0,0.0,-7.762214780451987,19.403714346842133,0.0,8.0,0.0,0.0,-0.041980285663555605,0.1049408569917123,0.0,-11.0089551,-0.0137698,0.0137698,-0.0206547,-0.0275396,-0.034424500000000004,-0.014390720390539999,-0.002184615384588,-0.005600244200174,0.000810592185609,-0.0019143772894170002,0.0019661172161580002,0.7131710874677907,2.018536000377935,0.20647900009862497,0.09301799991590087,0.0
pd,00:03:08.904,201,-89.287,-90.0,-0.0,-89.891,0.251,-0.0,0.0,0.0,0.0,0.0,0.0,0.0,-90.0,-90.0,0.0,-89.901,0.239,-0.0,-89.6435,-90.0,0.0,-89.896,0.245,0.0,-51.91186557422535,0.0,0.0,-0.728076656019335,-0.8736919872239974,0.0,-0.35649999999999693,0.0,0.0,-0.0049999999999954525,-0.006000000000000005,0.0,-6.5062305,-0.0068849,-0.0137698,0.0481943,-0.0206547,0.0137698,-0.015673748473552,-0.001577777777758,-0.0049934065933439995,0.001000305250326,-0.002380036630086,0.002345543345592,0.7131710874677907,4.567362000216235,0.25462699977651937,0.29275599990796763,0.0
pd,00:03:08.909,202,-89.287,-90.0,-0.0,-89.891,0.251,-0.0,0.0,0.0,0.0,0.0,0.0,0.0,-90.0,-90.0,0.0,-89.901,0.239,-0.0,-89.6435,-90.0,0.0,-89.896,0.245,0.0,-34.02205633674601,0.0,0.0,-0.4771676905570177,-0.5726012286689425,0.0,-0.35649999999999693,0.0,0.0,-0.0049999999999954525,-0.006000000000000005,0.0,-6.5062305,-0.0068849,-0.0137698,0.0481943,-0.0206547,0.0137698,-0.015673748473552,-0.001577777777758,-0.0049934065933439995,0.001000305250326,-0.002380036630086,0.002345543345592,0.7131710874677907,2.175349000026472,0.270311999884143,0.21784999989904463,0.0
pd,00:03:08.912,203,-89.287,-90.0,-0.0,-89.891,0.251,-0.0,0.0,0.0,0.0,0.0,0.0,0.0,-90.0,-90.0,0.0,-89.901,0.239,-0.0,-89.6435,-90.0,0.0,-89.896,0.245,0.0,-61.849328921243675,0.0,0.0,-0.8674520185299853,-1.0409424222369301,0.0,-0.35649999999999693,0.0,0.0,-0.0049999999999954525,-0.006000000000000005,0.0,-6.5062305,-0.0068849,-0.0137698,0.0481943,-0.0206547,0.0137698,-0.015673748473552,-0.001577777777758,-0.0049934065933439995,0.001000305250326,-0.002380036630086,0.002345543345592,0.7131710874677907,2.1359409997785406,0.41440299992245855,0.1392759995724191,0.0
pd,00:03:08.915,204,-89.287,-90.0,-0.0,-89.891,0.251,-0.0,0.0,0.0,0.0,0.0,0.0,0.0,-90.0,-90.0,0.0,-89.901,0.239,-0.0,-89.6435,-90.0,0.0,-89.896,0.245,0.0,-61.88004370137341,0.0,0.0,-0.8678828008599953,-1.0414593610329426,0.0,-0.35649999999999693,0.0,0.0,-0.0049999999999954525,-0.006000000000000005,0.0,-6.5062305,-0.0068849,-0.0137698,0.0481943,-0.0206547,0.0137698,-0.015673748473552,-0.001577777777758,-0.0049934065933439995,0.001000305250326,-0.002380036630086,0.002345543345592,0.7131710874677907,2.341495000109717,0.2519419999771344,0.11690600013025687,0.0
pd,00:03:08.918,205,-89.287,-90.0,-0.0,-89.891,0.251,-0.0,0.0,0.0,0.0,0.0,0.0,0.0,-90.0,-90.0,0.0,-89.901,0.239,-0.0,-89.6435,-90.0,0.0,-89.896,0.245,0.0,-63.10751143749418,0.0,0.0,-0.8850983371309583,-1.062118004558117,0.0,-0.35649999999999693,0.0,0.0,-0.0049999999999954525,-0.006000000000000005,0.0,-6.5062305,-0.0068849,-0.0137698,0.0481943,-0.0206547,0.0137698,-0.015673748473552,-0.001577777777758,-0.0049934065933439995,0.001000305250326,-0.002380036630086,0.002345543345592,0.7131710874677907,1.9448140001259162,0.19598000017140293,0.1053880000654317,0.0
pd,00:03:08.920,206,-89.546,-90.0,-0.0,-89.891,0.25,-0.0,-110.84946285714301,0.0,0.0,0.0,-0.427990204081633,0.0,-90.0,-90.0,0.0,-89.901,0.239,-0.0,-81.546,-90.0,0.0,-89.896,0.2872990204081633,0.0,1711.9608163265307,0.0,0.0,-1.0699755102031085,7.981807678267395,0.0,8.0,0.0,0.0,-0.0049999999999954525,0.0372990204081633,0.0,-6.5062305,-0.0068849,-0.0137698,0.0481943,-0.0206547,0.0137698,-0.015673748473552,-0.001577777777758,-0.0049934065933439995,0.001000305250326,-0.002380036630086,0.002345543345592,0.45424332686347074,2.557696999701875,0.2297569999427651,0.10868400022445712,0.0
pd,00:03:08.923,207,-89.546,-90.0,-0.0,-89.891,0.25,-0.0,0.0,0.0,0.0,0.0,0.0,0.0,-90.0,-90.0,0.0,-89.901,0.239,-0.0,-89.773,-90.0,0.0,-89.896,0.2445,0.0,-37.91140431631705,0.0,0.0,-0.8350529585084385,-0.9185582543601187,0.0,-0.22699999999998965,0.0,0.0,-0.0049999999999954525,-0.005500000000000005,0.0,-7.8694407,0.0,-0.0413094,0.034424500000000004,-0.0137698,-0.0,-0.020667155066896,-0.0024620268619959997,-0.0058949938949199995,0.001569444444477,-0.002138583638628,0.001586691086724,0.45424332686347074,5.09496799986664,0.32001499994294136,0.12466600037441822,0.0
pd,00:03:08.929,208,-89.546,-90.0,-0.0,-89.891,0.25,-0.0,0.0,0.0,0.0,0.0,0.0,0.0,-90.0,-90.0,0.0,-89.901,0.239,-0.0,-89.773,-90.0,0.0,-89.896,0.2445,0.0,-20.057025658310227,0.0,0.0,-0.4417847061297857,-0.48596317674320666,0.0,-0.22699999999998965,0.0,0.0,-0.0049999999999954525,-0.005500000000000005,0.0,-7.8694407,0.0,-0.0413094,0.034424500000000004,-0.0137698,-0.0,-0.020667155066896,-0.0024620268619959997,-0.0058949938949199995,0.001569444444477,-0.002138583638628,0.001586691086724,0.45424332686347074,1.9494620000841678,0.18712800010689534,0.0833690000945353,0.0
pd,00:03:08.931,209,-89.546,-90.0,-0.0,-89.891,0.25,-0.0,0.0,0.0,0.0,0.0,0.0,0.0,-90.0,-90.0,0.0,-89.901,0.239,-0.0,-89.773,-90.0,0.0,-89.896,0.2445,0.0,-49.46010431168761,0.0,0.0,-1.0894296103886196,-1.1983725714285725,0.0,-0.22699999999998965,0.0,0.0,-0.0049999999999954525,-0.005500000000000005,0.0,-7.8694407,0.0,-0.0413094,0.034424500000000004,-0.0137698,-0.0,-0.020667155066896,-0.0024620268619959997,-0.0058949938949199995,0.001569444444477,-0.002138583638628,0.001586691086724,0.45424332686347074,1.869203000296693,0.18481300003259094,0.07992500013642712,0.0
pd,00:03:08.933,210,-89.546,-90.0,-0.0,-89.891,0.25,-0.0,0.0,0.0,0.0,0.0,0.0,0.0,-90.0,-90.0,0.0,-89.901,0.239,-0.0,-89.773,-90.0,0.0,-89.896,0.2445,0.0,-51.24364951560745,0.0,0.0,-1.1287147470388013,-1.2415862217438116,0.0,-0.22699999999998965,0.0,0.0,-0.0049999999999954525,-0.005500000000000005,0.0,-7.8694407,0.0,-0.0413094,0.034424500000000004,-0.0137698,-0.0,-0.020667155066896,-0.0024620268619959997,-0.0058949938949199995,0.001569444444477,-0.002138583638628,0.001586691086724,0.45424332686347074,1.9413879999774508,0.2199980003751989,0.07724000033704215,0.0
pd,00:03:08.936,211,-89.546,-90.0,-0.0,-89.891,0.25,-0.0,0.0,0.0,0.0,0.0,0.0,0.0,-90.0,-90.0,0.0,-89.901,0.239,-0.0,-89.773,-90.0,0.0,-89.896,0.2445,0.0,-42.14354674220903,0.0,0.0,-0.9282719546733768,-1.021099150141644,0.0,-0.22699999999998965,0.0,0.0,-0.0049999999999954525,-0.005500000000000005,0.0,-7.8694407,0.0,-0.0413094,0.034424500000000004,-0.0137698,-0.0,-0.020667155066896,-0.0024620268619959997,-0.0058949938949199995,0.001569444444477,-0.002138583638628,0.001586691086724,0.45424332686347074,2.3232180001286906,0.25216400035787956,0.20996100010961527,0.0
pd,00:03:08.939,212,-89.546,-90.0,-0.0,-89.891,0.25,-0.0,0.0,0.0,0.0,0.0,0.0,0.0,-90.0,-90.0,0.0,-89.901,0.239,-0.0,-89.773,-90.0,0.0,-89.896,0.2445,0.0,-39.15557690409551,0.0,0.0,-0.8624576410586003,-0.948703405165324,0.0,-0.22699999999998965,0.0,0.0,-0.0049999999999954525,-0.005500000000000005,0.0,-7.8694407,0.0,-0.0413094,0.034424500000000004,-0.0137698,-0.0,-0.020667155066896,-0.0024620268619959997,-0.0058949938949199995,0.001569444444477,-0.002138583638628,0.001586691086724,0.45424332686347074,2.251476999845181,0.2583499999673222,0.13022099983572843,0.0
pd,00:03:08.942,213,-89.709,-90.0,0.0,-89.891,0.25,-0.0,-59.300160638388945,0.0,0.0,0.0,0.0,0.0,-90.0,-90.0,0.0,-89.901,0.239,-0.0,-83.92448393616111,-90.0,0.0,-89.896,0.2445,0.0,1052.2169687147082,0.0,0.0,-0.9095116662321505,-1.0004628328562764,0.0,5.784516063838893,0.0,0.0,-0.0049999999999954525,-0.005500000000000005,0.0,-3.4699896,-0.06884900000000001,-0.0068849,-0.06884900000000001,0.0137698,-0.0137698,-0.0182051282049,-0.001317704517688,-0.005236141636076,0.0008795787545970001,-0.002155830280875,0.0016729242979590003,0.2913794776575694,4.245790999902965,0.8806400001049042,0.40645900025992887,0.0
pd,00:03:08.948,214,-89.709,-90.0,0.0,-89.891,0.25,-0.0,0.0,0.0,0.0,0.0,0.0,0.0,-90.0,-90.0,0.0,-89.901,0.239,-0.0,-89.8545,-90.0,0.0,-89.896,0.2445,0.0,-12.559088574250769,0.0,0.0,-0.4315837998020441,-0.4747421797826807,0.0,-0.1454999999999984,0.0,0.0,-0.0049999999999954525,-0.005500000000000005,0.0,-3.4699896,-0.06884900000000001,-0.0068849,-0.06884900000000001,0.0137698,-0.0137698,-0.0182051282049,-0.001317704517688,-0.005236141636076,0.0008795787545970001,-0.002155830280875,0.0016729242979590003,0.2913794776575694,2.528178000375192,0.3387560000192025,0.12042499974995735,0.0
pd,00:03:08.951,215,-89.709,-90.0,0.0,-89.891,0.25,-0.0,0.0,0.0,0.0,0.0,0.0,0.0,-90.0,-90.0,0.0,-89.901,0.239,-0.0,-89.8545,-90.0,0.0,-89.896,0.2445,0.0,-22.085669947886267,0.0,0.0,-0.758957730167231,-0.8348535031847141,0.0,-0.1454999999999984,0.0,0.0,-0.0049999999999954525,-0.005500000000000005,0.0,-3.4699896,-0.06884900000000001,-0.0068849,-0.06884900000000001,0.0137698,-0.0137698,-0.0182051282049,-0.001317704517688,-0.005236141636076,0.0008795787545970001,-0.002155830280875,0.0016729242979590003,0.2913794776575694,3.6657599998761725,0.2530900001147529,0.12055400020472007,0.0
pd,00:03:08.955,216,-89.709,-90.0,0.0,-89.891,0.25,-0.0,0.0,0.0,0.0,0.0,0.0,0.0,-90.0,-90.0,0.0,-89.901,0.239,-0.0,-89.8545,-90.0,0.0,-89.896,0.2445,0.0,-17.344149150230017,0.0,0.0,-0.5960188711413894,-0.6556207582561252,0.0,-0.1454999999999984,0.0,0.0,-0.0049999999999954525,-0.005500000000000005,0.0,-3.4699896,-0.06884900000000001,-0.0068849,-0.06884900000000001,0.0137698,-0.0137698,-0.0182051282049,-0.001317704517688,-0.005236141636076,0.0008795787545970001,-0.002155830280875,0.0016729242979590003,0.2913794776575694,1.844185999743786,0.5669199999829289,0.10379599962107022,0.0
pd,00:03:08.958,217,-89.709,-90.0,0.0,-89.891,0.25,-0.0,0.0,0.0,0.0,0.0,0.0,0.0,-90.0,-90.0,0.0,-89.901,0.239,-0.0,-89.8545,-90.0,0.0,-89.896,0.2445,0.0,-27.858633798958884,0.0,0.0,-0.9573413676609571,-1.0530755044280116,0.0,-0.1454999999999984,0.0,0.0,-0.0049999999999954525,-0.005500000000000005,0.0,-3.4699896,-0.06884900000000001,-0.0068849,-0.06884900000000001,0.0137698,-0.0137698,-0.0182051282049,-0.001317704517688,-0.005236141636076,0.0008795787545970001,-0.002155830280875,0.0016729242979590003,0.2913794776575694,2.195995999954903,0.3014600001733925,0.11907299995073117,0.0
pd,00:03:08.960,218,-89.866,-90.0,0.0,-89.891,0.249,-0.0,-57.54659861924191,0.0,0.0,0.0,-0.3665388447085558,0.0,-90.0,-90.0,0.0,-89.901,0.239,-0.0,-84.17834013807581,-90.0,0.0,-89.896,0.2806538844708556,0.0,1042.3741374424576,0.0,0.0,-0.9163471117705552,5.801189122242744,0.0,5.687659861924189,0.0,0.0,-0.0049999999999954525,0.0316538844708556,0.0,-3.4699896,-0.06884900000000001,-0.0068849,-0.06884900000000001,0.0137698,-0.0137698,-0.0182051282049,-0.001317704517688,-0.005236141636076,0.0008795787545970001,-0.002155830280875,0.0016729242979590003,0.13474420210161145,2.2211629998309945,0.29855299999326235,0.11588799998207833,0.0
pd,00:03:08.963,219,-89.866,-90.0,0.0,-89.891,0.249,-0.0,0.0,0.0,0.0,0.0,0.0,0.0,-90.0,-90.0,0.0,-89.901,0.239,-0.0,-89.93299999999999,-90.0,0.0,-89.896,0.244,0.0,-12.24267526357065,0.0,0.0,-0.9136324823551855,-0.9136324823560172,0.0,-0.06699999999999307,0.0,0.0,-0.0049999999999954525,-0.0050000000000000044,0.0,-3.8280044,-0.0481943,-0.0068849,0.0206547,0.0481943,0.0068849,-0.019314774114532,-0.001317704517688,-0.004750671550612,0.000620879120892,-0.002155830280875,0.0018971306471700002,0.13474420210161145,4.085291999672336,0.4687729997385759,0.12009100009890972,0.0
pd,00:03:08.968,220,-89.866,-90.0,0.0,-89.891,0.249,-0.0,0.0,0.0,0.0,0.0,0.0,0.0,-90.0,-90.0,0.0,-89.901,0.239,-0.0,-89.93299999999999,-90.0,0.0,-89.896,0.244,0.0,-6.908022812192741,0.0,0.0,-0.5155240904616747,-0.515524090462144,0.0,-0.06699999999999307,0.0,0.0,-0.0049999999999954525,-0.0050000000000000044,0.0,-3.8280044,-0.0481943,-0.0068849,0.0206547,0.0481943,0.0068849,-0.019314774114532,-0.001317704517688,-0.004750671550612,0.000620879120892,-0.002155830280875,0.0018971306471700002,0.13474420210161145,2.2927730001356394,0.24423800005024532,0.18736799984253594,0.0
pd,00:03:08.971,221,-89.866,-90.0,0.0,-89.891,0.249,-0.0,0.0,0.0,0.0,0.0,0.0,0.0,-90.0,-90.0,0.0,-89.901,0.239,-0.0,-89.93299999999999,-90.0,0.0,-89.896,0.244,0.0,-9.849234824057223,0.0,0.0,-0.7350175241827046,-0.7350175241833737,0.0,-0.06699999999999307,0.0,0.0,-0.0049999999999954525,-0.0050000000000000044,0.0,-3.8280044,-0.0481943,-0.0068849,0.0206547,0.0481943,0.0068849,-0.019314774114532,-0.001317704517688,-0.004750671550612,0.000620879120892,-0.002155830280875,0.0018971306471700002,0.13474420210161145,2.0156840000709053,0.24314600022989907,0.11175899999216199,0.0
pd,00:03:08.974,222,-89.866,-90.0,0.0,-89.891,0.249,-0.0,0.0,0.0,0.0,0.0,0.0,0.0,-90.0,-90.0,0.0,-89.901,0.239,-0.0,-89.93299999999999,-90.0,0.0,-89.896,0.244,0.0,-13.53392255827397,0.0,0.0,-1.009994220765793,-1.0099942207667125,0.0,-0.06699999999999307,0.0,0.0,-0.0049999999999954525,-0.0050000000000000044,0.0,-3.8280044,-0.0481943,-0.0068849,0.0206547,0.0481943,0.0068849,-0.019314774114532,-0.001317704517688,-0.004750671550612,0.000620879120892,-0.002155830280875,0.0018971306471700002,0.13474420210161145,1.7692970000098285,0.18147999981010798,0.08001800006240956,0.0
pd,00:03:08.976,223,-89.866,-90.0,0.0,-89.891,0.249,-0.0,0.0,0.0,0.0,0.0,0.0,0.0,-90.0,-90.0,0.0,-89.901,0.239,-0.0,-89.93299999999999,-90.0,0.0,-89.896,0.244,0.0,-15.865987353206906,0.0,0.0,-1.1840289069546595,-1.1840289069557373,0.0,-0.06699999999999307,0.0,0.0,-0.0049999999999954525,-0.0050000000000000044,0.0,-3.8280044,-0.0481943,-0.0068849,0.0206547,0.0481943,0.0068849,-0.019314774114532,-0.001317704517688,-0.004750671550612,0.000620879120892,-0.002155830280875,0.0018971306471700002,0.13474420210161145,1.9714809996003169,0.23807100023987005,0.12403499977153842,0.0
pd,00:03:08.978,224,-89.866,-90.0,0.0,-89.891,0.249,-0.0,0.0,0.0,0.0,0.0,0.0,0.0,-90.0,-90.0,0.0,-89.901,0.239,-0.0,-89.93299999999999,-90.0,0.0,-89.896,0.244,0.0,-13.741729486552602,0.0,0.0,-1.025502200488065,-1.0255022004889984,0.0,-0.06699999999999307,0.0,0.0,-0.0049999999999954525,-0.0050000000000000044,0.0,-3.8280044,-0.0481943,-0.0068849,0.0206547,0.0481943,0.0068849,-0.019314774114532,-0.001317704517688,-0.004750671550612,0.000620879120892,-0.002155830280875,0.0018971306471700002,0.13474420210161145,2.269681000143464,0.23964599995451863,0.11540600007720059,0.0
pd,00:03:08.981,225,-89.979,-90.0,0.0,-89.89,0.249,-0.0,-41.491407861332235,0.0,0.0,0.36718060054451784,0.0,0.0,-90.0,-90.0,0.0,-89.901,0.239,-0.0,-85.84035921386678,-90.0,0.0,-89.93221806005445,0.244,0.0,759.8143046415881,0.0,0.0,-7.750826322271657,-0.9179515013569123,0.0,4.138640786133223,0.0,0.0,-0.04221806005445217,-0.0050000000000000044,0.0,-3.8280044,-0.0481943,-0.0068849,0.0206547,0.0481943,0.0068849,-0.019314774114532,-0.001317704517688,-0.004750671550612,0.000620879120892,-0.002155830280875,0.0018971306471700002,0.02572936066053602,2.172756000163645,0.30497799980366835,0.3540520001479308,0.0
pd,00:03:08.985,226,-89.979,-90.0,0.0,-89.89,0.249,-0.0,0.0,0.0,0.0,0.0,0.0,0.0,-90.0,-90.0,0.0,-89.901,0.239,-0.0,-89.98949999999999,-90.0,0.0,-89.8955,0.244,0.0,-1.4610905712959217,0.0,0.0,-0.7653331563927722,-0.6957574149027941,0.0,-0.010499999999993292,0.0,0.0,-0.00549999999999784,-0.0050000000000000044,0.0,-2.4097150000000003,0.0068849,0.0275396,-0.0550792,-0.034424500000000004,-0.034424500000000004,-0.018534554334322,-0.002132600732574,-0.004750671550612,0.001517704517736,-0.0019661172161580002,0.001276251526278,0.02572936066053602,3.2876149998628534,0.21234999985608738,0.0870919998305908,0.0
pd,00:03:08.988,227,-89.979,-90.0,0.0,-89.89,0.249,-0.0,0.0,0.0,0.0,0.0,0.0,0.0,-90.0,-90.0,0.0,-89.901,0.239,-0.0,-89.98949999999999,-90.0,0.0,-89.8955,0.244,0.0,-1.4289484750162773,0.0,0.0,-0.7484968202462992,-0.6804516547696308,0.0,-0.010499999999993292,0.0,0.0,-0.00549999999999784,-0.0050000000000000044,0.0,-2.4097150000000003,0.0068849,0.0275396,-0.0550792,-0.034424500000000004,-0.034424500000000004,-0.018534554334322,-0.002132600732574,-0.004750671550612,0.001517704517736,-0.0019661172161580002,0.001276251526278,0.02572936066053602,1.9120550000479852,0.17862799995782552,0.07864700000936864,0.0
pd,00:03:08.991,228,-89.979,-90.0,0.0,-89.89,0.249,-0.0,0.0,0.0,0.0,0.0,0.0,0.0,-90.0,-90.0,0.0,-89.901,0.239,-0.0,-89.98949999999999,-90.0,0.0,-89.8955,0.244,0.0,-2.332390212901264,0.0,0.0,-1.221728206757279,-1.110662006143418,0.0,-0.010499999999993292,0.0,0.0,-0.00549999999999784,-0.0050000000000000044,0.0,-2.4097150000000003,0.0068849,0.0275396,-0.0550792,-0.034424500000000004,-0.034424500000000004,-0.018534554334322,-0.002132600732574,-0.004750671550612,0.001517704517736,-0.0019661172161580002,0.001276251526278,0.02572936066053602,1.740777999657439,0.1458499996260798,0.09892499974739621,0.0
pd,00:03:08.993,229,-89.979,-90.0,0.0,-89.89,0.249,-0.0,0.0,0.0,0.0,0.0,0.0,0.0,-90.0,-90.0,0.0,-89.901,0.239,-0.0,-89.98949999999999,-90.0,0.0,-89.8955,0.244,0.0,-2.552462733279336,0.0,0.0,-1.337004288860029,-1.2154584444186867,0.0,-0.010499999999993292,0.0,0.0,-0.00549999999999784,-0.0050000000000000044,0.0,-2.4097150000000003,0.0068849,0.0275396,-0.0550792,-0.034424500000000004,-0.034424500000000004,-0.018534554334322,-0.002132600732574,-0.004750671550612,0.001517704517736,-0.0019661172161580002,0.001276251526278,0.02572936066053602,1.7967779999708,0.1660349998928723,0.06981399974392843,0.0
pd,00:03:08.995,230,-89.979,-90.0,0.0,-89.89,0.249,-0.0,0.0,0.0,0.0,0.0,0.0,0.0,-90.0,-90.0,0.0,-89.901,0.239,-0.0,-89.98949999999999,-90.0,0.0,-89.8955,0.244,0.0,-2.498309053778175,0.0,0.0,-1.3086380757880043,-1.1896709779895631,0.0,-0.010499999999993292,0.0,0.0,-0.00549999999999784,-0.0050000000000000044,0.0,-2.4097150000000003,0.0068849,0.0275396,-0.0550792,-0.034424500000000004,-0.034424500000000004,-0.018534554334322,-0.002132600732574,-0.004750671550612,0.001517704517736,-0.0019661172161580002,0.001276251526278,0.02572936066053602,1.983572999961325,0.19320199999128818,0.08977700008472311,0.0
pd,00:03:08.998,231,-89.979,-90.0,0.0,-89.89,0.249,-0.0,0.0,0.0,0.0,0.0,0.0,0.0,-90.0,-90.0,0.0,-89.901,0.239,-0.0,-89.98949999999999,-90.0,0.0,-89.8955,0.244,0.0,-1.9462697542867982,0.0,0.0,-1.0194746331974076,-0.9267951210889173,0.0,-0.010499999999993292,0.0,0.0,-0.00549999999999784,-0.0050000000000000044,0.0,-2.4097150000000003,0.0068849,0.0275396,-0.0550792,-0.034424500000000004,-0.034424500000000004,-0.018534554334322,-0.002132600732574,-0.004750671550612,0.001517704517736,-0.0019661172161580002,0.001276251526278,0.02572936066053602,1.8548699999882956,0.21501699984582956,0.0822769998194417,0.0
pd,00:03:09.000,232,-89.979,-90.0,0.0,-89.89,0.249,-0.0,0.0,0.0,0.0,0.0,0.0,0.0,-90.0,-90.0,0.0,-89.901,0.239,-0.0,-89.98949999999999,-90.0,0.0,-89.8955,0.244,0.0,-2.3418160161651422,0.0,0.0,-1.226665532276451,-1.1151504838881219,0.0,-0.010499999999993292,0.0,0.0,-0.00549999999999784,-0.0050000000000000044,0.0,-2.4097150000000003,0.0068849,0.0275396,-0.0550792,-0.034424500000000004,-0.034424500000000004,-0.018534554334322,-0.002132600732574,-0.004750671550612,0.001517704517736,-0.0019661172161580002,0.001276251526278,0.02572936066053602,2.081053999972937,0.29686699963349383,0.2746820000538719,0.0
pd,00:03:09.003,233,-90.053,-90.0,-0.0,-89.891,0.249,-0.0,-26.521276253951285,0.0,-0.0,-0.3583956250551164,0.0,0.0,-90.0,-90.0,0.0,-89.901,0.239,-0.0,-87.37437237460487,-90.0,0.0,-89.86016043749449,0.244,0.0,480.0042110444025,0.0,0.0,5.526382140269016,-0.8959890626335135,0.0,2.678627625395123,0.0,0.0,0.03083956250551978,-0.0050000000000000044,0.0,-1.7694193,0.0275396,0.0137698,0.0206547,-0.0137698,0.0068849,-0.016141880341678,-0.002219291819264,-0.005340170940104,0.000741605616621,-0.0019143772894170002,0.001052045177067,0.054854352607605614,3.6160009999548492,0.24410900005022995,0.3252559999964433,0.0
pd,00:03:09.007,234,-90.053,-90.0,-0.0,-89.891,0.249,-0.0,0.0,0.0,0.0,0.0,0.0,0.0,-90.0,-90.0,0.0,-89.901,0.239,-0.0,-90.0265,-90.0,0.0,-89.896,0.244,0.0,2.8796584278976702,0.0,0.0,-0.5433317788481509,-0.5433317788486455,0.0,0.026499999999998636,0.0,0.0,-0.0049999999999954525,-0.0050000000000000044,0.0,-1.7694193,0.0275396,0.0137698,0.0206547,-0.0137698,0.0068849,-0.016141880341678,-0.002219291819264,-0.005340170940104,0.000741605616621,-0.0019143772894170002,0.001052045177067,0.054854352607605614,2.2184599997672194,0.19320100000186358,0.08385099999941303,0.0
pd,00:03:09.010,235,-90.053,-90.0,-0.0,-89.891,0.249,-0.0,0.0,0.0,0.0,0.0,0.0,0.0,-90.0,-90.0,0.0,-89.901,0.239,-0.0,-90.0265,-90.0,0.0,-89.896,0.244,0.0,4.99995753486254,0.0,0.0,-0.9433882141241983,-0.943388214125057,0.0,0.026499999999998636,0.0,0.0,-0.0049999999999954525,-0.0050000000000000044,0.0,-1.7694193,0.0275396,0.0137698,0.0206547,-0.0137698,0.0068849,-0.016141880341678,-0.002219291819264,-0.005340170940104,0.000741605616621,-0.0019143772894170002,0.001052045177067,0.054854352607605614,1.906889000110823,0.19220199965275242,0.09259099988412345,0.0
pd,00:03:09.012,236,-90.053,-90.0,-0.0,-89.891,0.249,-0.0,0.0,0.0,0.0,0.0,0.0,0.0,-90.0,-90.0,0.0,-89.901,0.239,-0.0,-90.0265,-90.0,0.0,-89.896,0.244,0.0,5.816885911659738,0.0,0.0,-1.0975256437084429,-1.097525643709442,0.0,0.026499999999998636,0.0,0.0,-0.0049999999999954525,-0.0050000000000000044,0.0,-1.7694193,0.0275396,0.0137698,0.0206547,-0.0137698,0.0068849,-0.016141880341678,-0.002219291819264,-0.005340170940104,0.000741605616621,-0.0019143772894170002,0.001052045177067,0.054854352607605614,1.881870000033814,0.17251700000997516,0.07492599979741499,0.0
pd,00:03:09.014,237,-90.053,-90.0,-0.0,-89.891,0.249,-0.0,0.0,0.0,0.0,0.0,0.0,0.0,-90.0,-90.0,0.0,-89.901,0.239,-0.0,-90.0265,-90.0,0.0,-89.896,0.244,0.0,6.012607162176473,0.0,0.0,-1.1344541815417573,-1.1344541815427902,0.0,0.026499999999998636,0.0,0.0,-0.0049999999999954525,-0.0050000000000000044,0.0,-1.7694193,0.0275396,0.0137698,0.0206547,-0.0137698,0.0068849,-0.016141880341678,-0.002219291819264,-0.005340170940104,0.000741605616621,-0.0019143772894170002,0.001052045177067,0.054854352607605614,1.7217969998455374,0.13664699963555904,0.05975800013402477,0.0
pd,00:03:09.016,238,-90.053,-90.0,-0.0,-89.891,0.249,-0.0,0.0,0.0,0.0,0.0,0.0,0.0,-90.0,-90.0,0.0,-89.901,0.239,-0.0,-90.0265,-90.0,0.0,-89.896,0.244,0.0,6.677223116664321,0.0,0.0,-1.25985341823747,-1.259853418238617,0.0,0.026499999999998636,0.0,0.0,-0.0049999999999954525,-0.0050000000000000044,0.0,-1.7694193,0.0275396,0.0137698,0.0206547,-0.0137698,0.0068849,-0.016141880341678,-0.002219291819264,-0.005340170940104,0.000741605616621,-0.0019143772894170002,0.001052045177067,0.054854352607605614,1.7406860001756286,0.14375699993252056,0.06118499959484325,0.0
pd,00:03:09.018,239,-90.053,-90.0,-0.0,-89.891,0.249,-0.0,0.0,0.0,0.0,0.0,0.0,0.0,-90.0,-90.0,0.0,-89.901,0.239,-0.0,-90.0265,-90.0,0.0,-89.896,0.244,0.0,6.586220431381505,0.0,0.0,-1.242683100259595,-1.2426831002607264,0.0,0.026499999999998636,0.0,0.0,-0.0049999999999954525,-0.0050000000000000044,0.0,-1.7694193,0.0275396,0.0137698,0.0206547,-0.0137698,0.0068849,-0.016141880341678,-0.002219291819264,-0.005340170940104,0.000741605616621,-0.0019143772894170002,0.001052045177067,0.054854352607605614,1.703797999653034,0.44901400042363093,0.18066499978885986,0.0
pd,00:03:09.021,240,-90.106,-90.0,0.0,-89.891,0.249,-0.0,-21.335839523945538,0.0,0.0,0.0,0.0,0.0,-90.0,-90.0,0.0,-89.901,0.239,-0.0,-87.91941604760544,-90.0,0.0,-89.896,0.244,0.0,440.11890862195384,0.0,0.0,-1.0064075247135487,-1.0064075247144648,0.0,2.1865839523945567,0.0,0.0,-0.0049999999999954525,-0.0050000000000000044,0.0,-1.7694193,0.0275396,0.0137698,0.0206547,-0.0137698,0.0068849,-0.016141880341678,-0.002219291819264,-0.005340170940104,0.000741605616621,-0.0019143772894170002,0.001052045177067,0.10693923508235254,2.2466249997705745,0.23964599995451863,0.17101699995691888,0.0
pd,00:03:09.025,241,-90.106,-90.0,0.0,-89.891,0.249,-0.0,0.0,0.0,0.0,0.0,0.0,0.0,-90.0,-90.0,0.0,-89.901,0.239,-0.0,-90.053,-90.0,0.0,-89.896,0.244,0.0,6.449405593593727,0.0,0.0,-0.6084344899611502,-0.6084344899617041,0.0,0.05299999999999727,0.0,0.0,-0.0049999999999954525,-0.0050000000000000044,0.0,-0.5783316000000001,-0.0275396,-0.0,-0.0137698,-0.0275396,0.0068849,-0.018863980463744,-0.002548717948686,-0.0049934065933439995,0.001121031746055,-0.001983363858405,0.001431471306501,0.10693923508235254,3.242320000026666,0.2275900001222908,0.13551799975175527,0.0
pd,00:03:09.029,242,-90.106,-90.0,0.0,-89.891,0.249,-0.0,0.0,0.0,0.0,0.0,0.0,0.0,-90.0,-90.0,0.0,-89.901,0.239,-0.0,-90.053,-90.0,0.0,-89.896,0.244,0.0,7.148308958775116,0.0,0.0,-0.674368769695187,-0.674368769695801,0.0,0.05299999999999727,0.0,0.0,-0.0049999999999954525,-0.0050000000000000044,0.0,-0.5783316000000001,-0.0275396,-0.0,-0.0137698,-0.0275396,0.0068849,-0.018863980463744,-0.002548717948686,-0.0049934065933439995,0.001121031746055,-0.001983363858405,0.001431471306501,0.10693923508235254,2.0220350002091436,0.24659000018800725,0.321978000101808,0.0
pd,00:03:09.031,243,-90.106,-90.0,0.0,-89.891,0.249,-0.0,0.0,0.0,0.0,0.0,0.0,0.0,-90.0,-90.0,0.0,-89.901,0.239,-0.0,-90.053,-90.0,0.0,-89.896,0.244,0.0,9.736252277504754,0.0,0.0,-0.9185143658015472,-0.9185143658023834,0.0,0.05299999999999727,0.0,0.0,-0.0049999999999954525,-0.0050000000000000044,0.0,-0.5783316000000001,-0.0275396,-0.0,-0.0137698,-0.0275396,0.0068849,-0.018863980463744,-0.002548717948686,-0.0049934065933439995,0.001121031746055,-0.001983363858405,0.001431471306501,0.10693923508235254,1.9302949999655539,0.34934799987240694,0.10618400028761243,0.0
pd,00:03:09.034,244,-90.106,-90.0,0.0,-89.891,0.249,-0.0,0.0,0.0,0.0,0.0,0.0,0.0,-90.0,-90.0,0.0,-89.901,0.239,-0.0,-90.053,-90.0,0.0,-89.896,0.244,0.0,10.664848973325109,0.0,0.0,-1.0061178276713167,-1.0061178276722327,0.0,0.05299999999999727,0.0,0.0,-0.0049999999999954525,-0.0050000000000000044,0.0,-0.5783316000000001,-0.0275396,-0.0,-0.0137698,-0.0275396,0.0068849,-0.018863980463744,-0.002548717948686,-0.0049934065933439995,0.001121031746055,-0.001983363858405,0.001431471306501,0.10693923508235254,1.7550009997648885,0.14544299983754172,0.06164800015540095,0.0
pd,00:03:09.036,245,-90.106,-90.0,0.0,-89.891,0.249,-0.0,0.0,0.0,0.0,0.0,0.0,0.0,-90.0,-90.0,0.0,-89.901,0.239,-0.0,-90.053,-90.0,0.0,-89.896,0.244,0.0,13.051791451384956,0.0,0.0,-1.231301080318279,-1.2313010803193998,0.0,0.05299999999999727,0.0,0.0,-0.0049999999999954525,-0.0050000000000000044,0.0,-0.5783316000000001,-0.0275396,-0.0,-0.0137698,-0.0275396,0.0068849,-0.018863980463744,-0.002548717948686,-0.0049934065933439995,0.001121031746055,-0.001983363858405,0.001431471306501,0.10693923508235254,1.7873339998004667,0.14364599974214798,0.06420299996534595,0.0
pd,00:03:09.038,246,-90.106,-90.0,0.0,-89.891,0.249,-0.0,0.0,0.0,0.0,0.0,0.0,0.0,-90.0,-90.0,0.0,-89.901,0.239,-0.0,-90.053,-90.0,0.0,-89.896,0.244,0.0,12.84217862507155,0.0,0.0,-1.211526285383069,-1.2115262853841722,0.0,0.05299999999999727,0.0,0.0,-0.0049999999999954525,-0.0050000000000000044,0.0,-0.5783316000000001,-0.0275396,-0.0,-0.0137698,-0.0275396,0.0068849,-0.018863980463744,-0.002548717948686,-0.0049934065933439995,0.001121031746055,-0.001983363858405,0.001431471306501,0.10693923508235254,1.8558149999989837,0.2573490000941092,0.126257999909285,0.0
pd,00:03:09.040,247,-90.106,-90.0,0.0,-89.891,0.249,-0.0,0.0,0.0,0.0,0.0,0.0,0.0,-90.0,-90.0,0.0,-89.901,0.239,-0.0,-90.053,-90.0,0.0,-89.896,0.244,0.0,11.25218222312151,0.0,0.0,-1.061526624821873,-1.0615266248228397,0.0,0.05299999999999727,0.0,0.0,-0.0049999999999954525,-0.0050000000000000044,0.0,-0.5783316000000001,-0.0275396,-0.0,-0.0137698,-0.0275396,0.0068849,-0.018863980463744,-0.002548717948686,-0.0049934065933439995,0.001121031746055,-0.001983363858405,0.001431471306501,0.10693923508235254,2.000036000026739,0.20727599985548295,0.21314600007826812,0.0
pd,00:03:09.043,248,-90.141,-90.0,0.0,-89.891,0.249,-0.0,-13.950455193390221,0.0,0.0,0.0,0.0,0.0,-90.0,-90.0,0.0,-89.901,0.239,-0.0,-88.67545448066097,-90.0,0.0,-89.896,0.244,0.0,292.0718157343794,0.0,0.0,-0.9964610852409449,-0.9964610852418521,0.0,1.465545519339031,0.0,0.0,-0.0049999999999954525,-0.0050000000000000044,0.0,0.0068849,0.0068849,-0.0206547,-0.0,-0.0137698,0.034424500000000004,-0.0182051282049,-0.001595115995096,-0.00450793650788,0.001000305250326,-0.001983363858405,0.0018108974359350002,0.1417074451114031,3.3718360000420944,0.22127500005808542,0.3411259999666072,0.0
pd,00:03:09.047,249,-90.141,-90.0,0.0,-89.891,0.249,-0.0,0.0,0.0,0.0,0.0,0.0,0.0,-90.0,-90.0,0.0,-89.901,0.239,-0.0,-90.07050000000001,-90.0,0.0,-89.896,0.244,0.0,8.034410172807608,0.0,0.0,-0.5698163243120564,-0.5698163243125752,0.0,0.07049999999999557,0.0,0.0,-0.0049999999999954525,-0.0050000000000000044,0.0,0.0068849,0.0068849,-0.0206547,-0.0,-0.0137698,0.034424500000000004,-0.0182051282049,-0.001595115995096,-0.00450793650788,0.001000305250326,-0.001983363858405,0.0018108974359350002,0.1417074451114031,2.122867999787559,0.20051699993928196,0.08197999977710424,0.0
pd,00:03:09.050,250,-90.141,-90.0,0.0,-89.891,0.249,-0.0,0.0,0.0,0.0,0.0,0.0,0.0,-90.0,-90.0,0.0,-89.901,0.239,-0.0,-90.07050000000001,-90.0,0.0,-89.896,0.244,0.0,13.822851159312416,0.0,0.0,-0.9803440538510156,-0.9803440538519081,0.0,0.07049999999999557,0.0,0.0,-0.0049999999999954525,-0.0050000000000000044,0.0,0.0068849,0.0068849,-0.0206547,-0.0,-0.0137698,0.034424500000000004,-0.0182051282049,-0.001595115995096,-0.00450793650788,0.001000305250326,-0.001983363858405,0.0018108974359350002,0.1417074451114031,1.9192029999430815,0.1896649996524502,0.08936999984143768,0.0
pd,00:03:09.052,251,-90.141,-90.0,0.0,-89.891,0.249,-0.0,0.0,0.0,0.0,0.0,0.0,0.0,-90.0,-90.0,0.0,-89.901,0.239,-0.0,-90.07050000000001,-90.0,0.0,-89.896,0.244,0.0,13.319749189189693,0.0,0.0,-0.9446630630622039,-0.9446630630630639,0.0,0.07049999999999557,0.0,0.0,-0.0049999999999954525,-0.0050000000000000044,0.0,0.0068849,0.0068849,-0.0206547,-0.0,-0.0137698,0.034424500000000004,-0.0182051282049,-0.001595115995096,-0.00450793650788,0.001000305250326,-0.001983363858405,0.0018108974359350002,0.1417074451114031,1.9779989997914527,0.22320100015349453,0.09064699997907155,0.0
pd,00:03:09.055,252,-90.141,-90.0,0.0,-89.891,0.249,-0.0,0.0,0.0,0.0,0.0,0.0,0.0,-90.0,-90.0,0.0,-89.901,0.239,-0.0,-90.07050000000001,-90.0,0.0,-89.896,0.244,0.0,14.780487453764431,0.0,0.0,-1.0482615215425835,-1.0482615215435378,0.0,0.07049999999999557,0.0,0.0,-0.0049999999999954525,-0.0050000000000000044,0.0,0.0068849,0.0068849,-0.0206547,-0.0,-0.0137698,0.034424500000000004,-0.0182051282049,-0.001595115995096,-0.00450793650788,0.001000305250326,-0.001983363858405,0.0018108974359350002,0.1417074451114031,1.7415570000594016,0.14381400023921742,0.06849900000815978,0.0
pd,00:03:09.057,253,-90.141,-90.0,0.0,-89.891,0.249,-0.0,0.0,0.0,0.0,0.0,0.0,0.0,-90.0,-90.0,0.0,-89.901,0.239,-0.0,-90.07050000000001,-90.0,0.0,-89.896,0.244,0.0,17.18977049180393,0.0,0.0,-1.2191326589920315,-1.2191326589931415,0.0,0.07049999999999557,0.0,0.0,-0.0049999999999954525,-0.0050000000000000044,0.0,0.0068849,0.0068849,-0.0206547,-0.0,-0.0137698,0.034424500000000004,-0.0182051282049,-0.001595115995096,-0.00450793650788,0.001000305250326,-0.001983363858405,0.0018108974359350002,0.1417074451114031,1.92061100005958,0.26036799999928917,0.12920200015287264,0.0
pd,00:03:09.059,254,-90.141,-90.0,0.0,-89.891,0.249,-0.0,0.0,0.0,0.0,0.0,0.0,0.0,-90.0,-90.0,0.0,-89.901,0.239,-0.0,-90.07050000000001,-90.0,0.0,-89.896,0.244,0.0,14.547792580931379,0.0,0.0,-1.0317583390721698,-1.0317583390731093,0.0,0.07049999999999557,0.0,0.0,-0.0049999999999954525,-0.0050000000000000044,0.0,0.0068849,0.0068849,-0.0206547,-0.0,-0.0137698,0.034424500000000004,-0.0182051282049,-0.001595115995096,-0.00450793650788,0.001000305250326,-0.001983363858405,0.0018108974359350002,0.1417074451114031,2.1809780000694445,0.23773800012349966,0.11527700007718522,0.0
pd,00:03:09.062,255,-90.158,-90.0,0.0,-89.891,0.248,-0.0,-6.450440383570005,0.0,0.0,0.0,-0.37943766962185665,0.0,-90.0,-90.0,0.0,-89.901,0.239,-0.0,-89.433955961643,-90.0,0.0,-89.896,0.28144376696218565,0.0,137.36479130888924,0.0,0.0,-0.9485941740537781,6.344912499754079,0.0,0.7240440383570075,0.0,0.0,-0.0049999999999954525,0.03344376696218565,0.0,0.0068849,0.0068849,-0.0206547,-0.0,0.0068849,0.0068849,-0.0182051282049,-0.001595115995096,-0.00450793650788,0.001517704517736,-0.003242368742436,0.00241452991458,0.15857175032142456,2.63539999968998,0.7535300001109135,0.2210160000686301,0.0
pd,00:03:09.066,256,-90.158,-90.0,0.0,-89.891,0.248,-0.0,0.0,0.0,0.0,0.0,0.0,0.0,-90.0,-90.0,0.0,-89.901,0.239,-0.0,-90.07900000000001,-90.0,0.0,-89.896,0.2435,0.0,10.204804927625581,0.0,0.0,-0.6458737295959632,-0.5812863566368961,0.0,0.07899999999999352,0.0,0.0,-0.0049999999999954525,-0.004500000000000004,0.0,0.034424500000000004,0.0068849,-0.0413094,-0.0137698,0.0068849,0.0068849,-0.012154090353938,-0.001837851037828,-0.005340170940104,0.001517704517736,-0.003242368742436,0.00241452991458,0.15857175032142456,2.657510000062757,0.19529500013959478,0.11249900035181781,0.0
pd,00:03:09.069,257,-90.158,-90.0,0.0,-89.891,0.248,-0.0,0.0,0.0,0.0,0.0,0.0,0.0,-90.0,-90.0,0.0,-89.901,0.239,-0.0,-90.07900000000001,-90.0,0.0,-89.896,0.2435,0.0,12.961587232045167,0.0,0.0,-0.8203536222805871,-0.7383182600532004,0.0,0.07899999999999352,0.0,0.0,-0.0049999999999954525,-0.004500000000000004,0.0,0.034424500000000004,0.0068849,-0.0413094,-0.0137698,0.0068849,0.0068849,-0.012154090353938,-0.001837851037828,-0.005340170940104,0.001517704517736,-0.003242368742436,0.00241452991458,0.15857175032142456,1.7310569996880076,0.14529400004903437,0.06107399985921802,0.0
pd,00:03:09.071,258,-90.158,-90.0,0.0,-89.891,0.248,-0.0,0.0,0.0,0.0,0.0,0.0,0.0,-90.0,-90.0,0.0,-89.901,0.239,-0.0,-90.07900000000001,-90.0,0.0,-89.896,0.2435,0.0,18.25821115274425,0.0,0.0,-1.1555829843498417,-1.0400246859158042,0.0,0.07899999999999352,0.0,0.0,-0.0049999999999954525,-0.004500000000000004,0.0,0.034424500000000004,0.0068849,-0.0413094,-0.0137698,0.0068849,0.0068849,-0.012154090353938,-0.001837851037828,-0.005340170940104,0.001517704517736,-0.003242368742436,0.00241452991458,0.15857175032142456,2.1133860000190907,0.2144790000784269,0.09764800006450969,0.0
pd,00:03:09.073,259,-90.158,-90.0,0.0,-89.891,0.248,-0.0,0.0,0.0,0.0,0.0,0.0,0.0,-90.0,-90.0,0.0,-89.901,0.239,-0.0,-90.07900000000001,-90.0,0.0,-89.896,0.2435,0.0,15.68595038818418,0.0,0.0,-0.9927816701373284,-0.8935035031244091,0.0,0.07899999999999352,0.0,0.0,-0.0049999999999954525,-0.004500000000000004,0.0,0.034424500000000004,0.0068849,-0.0413094,-0.0137698,0.0068849,0.0068849,-0.012154090353938,-0.001837851037828,-0.005340170940104,0.001517704517736,-0.003242368742436,0.00241452991458,0.15857175032142456,1.8109630000253674,0.15651700005037128,0.06662900023002294,0.0
pd,00:03:09.075,260,-90.158,-90.0,0.0,-89.891,0.248,-0.0,0.0,0.0,0.0,0.0,0.0,0.0,-90.0,-90.0,0.0,-89.901,0.239,-0.0,-90.07900000000001,-90.0,0.0,-89.896,0.2435,0.0,18.75636907053111,0.0,0.0,-1.1871119664882217,-1.0684007698403724,0.0,0.07899999999999352,0.0,0.0,-0.0049999999999954525,-0.004500000000000004,0.0,0.034424500000000004,0.0068849,-0.0413094,-0.0137698,0.0068849,0.0068849,-0.012154090353938,-0.001837851037828,-0.005340170940104,0.001517704517736,-0.003242368742436,0.00241452991458,0.15857175032142456,2.062664999812114,0.24244199994427618,0.11896100022568135,0.0
pd,00:03:09.078,261,-90.158,-90.0,0.0,-89.891,0.248,-0.0,0.0,0.0,0.0,0.0,0.0,0.0,-90.0,-90.0,0.0,-89.901,0.239,-0.0,-90.07900000000001,-90.0,0.0,-89.896,0.2435,0.0,13.821223658963987,0.0,0.0,-0.8747609910728675,-0.7872848919662975,0.0,0.07899999999999352,0.0,0.0,-0.0049999999999954525,-0.004500000000000004,0.0,0.034424500000000004,0.0068849,-0.0413094,-0.0137698,0.0068849,0.0068849,-0.012154090353938,-0.001837851037828,-0.005340170940104,0.001517704517736,-0.003242368742436,0.00241452991458,0.15857175032142456,1.8604439997034206,0.21707199994125403,0.08007399992493447,0.0
pd,00:03:09.081,262,-90.158,-90.0,0.0,-89.891,0.248,-0.0,0.0,0.0,0.0,0.0,0.0,0.0,-90.0,-90.0,0.0,-89.901,0.239,-0.0,-90.07900000000001,-90.0,0.0,-89.896,0.2435,0.0,16.9940514924609,0.0,0.0,-1.0755728792686905,-0.9680155913427027,0.0,0.07899999999999352,0.0,0.0,-0.0049999999999954525,-0.004500000000000004,0.0,0.034424500000000004,0.0068849,-0.0413094,-0.0137698,0.0068849,0.0068849,-0.012154090353938,-0.001837851037828,-0.005340170940104,0.001517704517736,-0.003242368742436,0.00241452991458,0.15857175032142456,1.8850179999390093,0.1799609999579843,0.2080349995594588,0.0
pd,00:03:09.083,263,-90.16,-90.0,-0.0,-89.891,0.248,-0.0,-0.8470774512754166,0.0,-0.0,0.0,0.0,0.0,-90.0,-90.0,0.0,-89.901,0.239,-0.0,-89.99529225487245,-90.0,0.0,-89.896,0.2435,0.0,34.88005423707065,0.0,0.0,-1.0588468140957754,-0.9529621326870654,0.0,0.1647077451275436,0.0,0.0,-0.0049999999999954525,-0.004500000000000004,0.0,0.0137698,-0.0137698,0.06884900000000001,0.034424500000000004,-0.0,0.0137698,-0.005097435897372,-0.001837851037828,-0.006103052502976,5.173992674100001e-05,-0.0019143772894170002,0.0016729242979590003,0.1605646287324787,4.415936999976111,0.32332999990103417,0.12346199991952744,0.0
pd,00:03:09.088,264,-90.16,-90.0,-0.0,-89.891,0.248,-0.0,0.0,0.0,0.0,0.0,0.0,0.0,-90.0,-90.0,0.0,-89.901,0.239,-0.0,-90.08,-90.0,0.0,-89.896,0.2435,0.0,8.035834850081255,0.0,0.0,-0.5022396781296323,-0.4520157103170806,0.0,0.0799999999999983,0.0,0.0,-0.0049999999999954525,-0.004500000000000004,0.0,0.0137698,-0.0137698,0.06884900000000001,0.034424500000000004,-0.0,0.0137698,-0.005097435897372,-0.001837851037828,-0.006103052502976,5.173992674100001e-05,-0.0019143772894170002,0.0016729242979590003,0.1605646287324787,1.81120400020518,0.15316500002882094,0.06744399979652371,0.0
pd,00:03:09.090,265,-90.16,-90.0,-0.0,-89.891,0.248,-0.0,0.0,0.0,0.0,0.0,0.0,0.0,-90.0,-90.0,0.0,-89.901,0.239,-0.0,-90.08,-90.0,0.0,-89.896,0.2435,0.0,19.049864880208517,0.0,0.0,-1.190616555011975,-1.071554899511753,0.0,0.0799999999999983,0.0,0.0,-0.0049999999999954525,-0.004500000000000004,0.0,0.0137698,-0.0137698,0.06884900000000001,0.034424500000000004,-0.0,0.0137698,-0.005097435897372,-0.001837851037828,-0.006103052502976,5.173992674100001e-05,-0.0019143772894170002,0.0016729242979590003,0.1605646287324787,1.8350739997003984,0.2180720002797898,0.0816470001154812,0.0
pd,00:03:09.092,266,-90.16,-90.0,-0.0,-89.891,0.248,-0.0,0.0,0.0,0.0,0.0,0.0,0.0,-90.0,-90.0,0.0,-89.901,0.239,-0.0,-90.08,-90.0,0.0,-89.896,0.2435,0.0,18.09644698522235,0.0,0.0,-1.1310279365753924,-1.01792514291878,0.0,0.0799999999999983,0.0,0.0,-0.0049999999999954525,-0.004500000000000004,0.0,0.0137698,-0.0137698,0.06884900000000001,0.034424500000000004,-0.0,0.0137698,-0.005097435897372,-0.001837851037828,-0.006103052502976,5.173992674100001e-05,-0.0019143772894170002,0.0016729242979590003,0.1605646287324787,1.772593000168854,0.22757199985790066,0.08649900019008783,0.0
pd,00:03:09.095,267,-90.16,-90.0,-0.0,-89.891,0.248,-0.0,0.0,0.0,0.0,0.0,0.0,0.0,-90.0,-90.0,0.0,-89.901,0.239,-0.0,-90.08,-90.0,0.0,-89.896,0.2435,0.0,18.436501098900706,0.0,0.0,-1.1522813186802707,-1.0370531868131878,0.0,0.0799999999999983,0.0,0.0,-0.0049999999999954525,-0.004500000000000004,0.0,0.0137698,-0.0137698,0.06884900000000001,0.034424500000000004,-0.0,0.0137698,-0.005097435897372,-0.001837851037828,-0.006103052502976,5.173992674100001e-05,-0.0019143772894170002,0.0016729242979590003,0.1605646287324787,1.8351859998801956,0.2878119998968032,0.12123999977120548,0.0
pd,00:03:09.097,268,-90.16,-90.0,-0.0,-89.891,0.248,-0.0,0.0,0.0,0.0,0.0,0.0,0.0,-90.0,-90.0,0.0,-89.901,0.239,-0.0,-90.08,-90.0,0.0,-89.896,0.2435,0.0,17.00680790674064,0.0,0.0,-1.062925494170346,-0.9566329447541823,0.0,0.0799999999999983,0.0,0.0,-0.0049999999999954525,-0.004500000000000004,0.0,0.0137698,-0.0137698,0.06884900000000001,0.034424500000000004,-0.0,0.0137698,-0.005097435897372,-0.001837851037828,-0.006103052502976,5.173992674100001e-05,-0.0019143772894170002,0.0016729242979590003,0.1605646287324787,2.484901000116224,0.22942399982639472,0.10812800019266433,0.0
pd,00:03:09.100,269,-90.16,-90.0,-0.0,-89.891,0.248,-0.0,0.0,0.0,0.0,0.0,0.0,0.0,-90.0,-90.0,0.0,-89.901,0.239,-0.0,-90.08,-90.0,0.0,-89.896,0.2435,0.0,13.68674824604311,0.0,0.0,-0.8554217653769345,-0.7698795888399419,0.0,0.0799999999999983,0.0,0.0,-0.0049999999999954525,-0.004500000000000004,0.0,0.0137698,-0.0137698,0.06884900000000001,0.034424500000000004,-0.0,0.0137698,-0.005097435897372,-0.001837851037828,-0.006103052502976,5.173992674100001e-05,-0.0019143772894170002,0.0016729242979590003,0.1605646287324787,2.1017379999648256,0.27960800025539356,0.12342500031081727,0.0
pd,00:03:09.102,270,-90.16,-90.0,-0.0,-89.891,0.248,-0.0,0.0,0.0,0.0,0.0,0.0,0.0,-90.0,-90.0,0.0,-89.901,0.239,-0.0,-90.08,-90.0,0.0,-89.896,0.2435,0.0,15.19262519242927,0.0,0.0,-0.949539074525986,-0.8545851670741654,0.0,0.0799999999999983,0.0,0.0,-0.0049999999999954525,-0.004500000000000004,0.0,0.0413094,0.0550792,0.0413094,0.0413094,-0.034424500000000004,-0.0,0.002618070818038,-0.001872527472504,-0.005045421245358,0.001517704517736,-0.0023627899878390004,0.001431471306501,0.1605646287324787,6.5542859997549385,0.24881200033632922,0.11909100021512131,0.0
pd,00:03:09.110,271,-90.16,-90.0,-0.0,-89.891,0.248,-0.0,0.0,0.0,0.0,0.0,0.0,0.0,-90.0,-90.0,0.0,-89.901,0.239,-0.0,-90.08,-90.0,0.0,-89.896,0.2435,0.0,5.443260009084304,0.0,0.0,-0.3402037505674668,-0.3061833755109989,0.0,0.0799999999999983,0.0,0.0,-0.0049999999999954525,-0.004500000000000004,0.0,0.0413094,0.0550792,0.0413094,0.0413094,-0.034424500000000004,-0.0,0.002618070818038,-0.001872527472504,-0.005045421245358,0.001517704517736,-0.0023627899878390004,0.001431471306501,0.1605646287324787,2.0352760002424475,0.2230169998256315,0.09857400027613039,0.0
pd,00:03:09.112,272,-90.16,-90.0,-0.0,-89.891,0.248,-0.0,0.0,0.0,0.0,0.0,0.0,0.0,-90.0,-90.0,0.0,-89.901,0.239,-0.0,-90.08,-90.0,0.0,-89.896,0.2435,0.0,16.313901205756167,0.0,0.0,-1.019618825358855,-0.9176569428238048,0.0,0.0799999999999983,0.0,0.0,-0.0049999999999954525,-0.004500000000000004,0.0,0.0413094,0.0550792,0.0413094,0.0413094,-0.034424500000000004,-0.0,0.002618070818038,-0.001872527472504,-0.005045421245358,0.001517704517736,-0.0023627899878390004,0.001431471306501,0.1605646287324787,1.8482410000615346,0.26596099996822886,0.1859609997154621,0.0
pd,00:03:09.115,273,-90.16,-90.0,-0.0,-89.891,0.248,-0.0,0.0,0.0,0.0,0.0,0.0,0.0,-90.0,-90.0,0.0,-89.901,0.239,-0.0,-90.08,-90.0,0.0,-89.896,0.2435,0.0,15.873986186015369,0.0,0.0,-0.9921241366250794,-0.8929117229633843,0.0,0.0799999999999983,0.0,0.0,-0.0049999999999954525,-0.004500000000000004,0.0,0.0413094,0.0550792,0.0413094,0.0413094,-0.034424500000000004,-0.0,0.002618070818038,-0.001872527472504,-0.005045421245358,0.001517704517736,-0.0023627899878390004,0.001431471306501,0.1605646287324787,1.9926649997614732,0.2540340001360164,0.12523999976110645,0.0
pd,00:03:09.117,274,-90.16,-90.0,-0.0,-89.891,0.248,-0.0,0.0,0.0,0.0,0.0,0.0,0.0,-90.0,-90.0,0.0,-89.901,0.239,-0.0,-90.08,-90.0,0.0,-89.896,0.2435,0.0,16.07166970016251,0.0,0.0,-1.0044793562592647,-0.9040314206341612,0.0,0.0799999999999983,0.0,0.0,-0.0049999999999954525,-0.004500000000000004,0.0,0.0413094,0.0550792,0.0413094,0.0413094,-0.034424500000000004,-0.0,0.002618070818038,-0.001872527472504,-0.005045421245358,0.001517704517736,-0.0023627899878390004,0.001431471306501,0.1605646287324787,2.060701999653247,0.24936699992395006,0.1205920002576022,0.0
pd,00:03:09.120,275,-90.16,-90.0,-0.0,-89.891,0.248,-0.0,0.0,0.0,0.0,0.0,0.0,0.0,-90.0,-90.0,0.0,-89.901,0.239,-0.0,-90.08,-90.0,0.0,-89.896,0.2435,0.0,15.741429911803005,0.0,0.0,-0.9838393694868139,-0.8854554325389387,0.0,0.0799999999999983,0.0,0.0,-0.0049999999999954525,-0.004500000000000004,0.0,0.0413094,0.0550792,0.0413094,0.0413094,-0.034424500000000004,-0.0,0.002618070818038,-0.001872527472504,-0.005045421245358,0.001517704517736,-0.0023627899878390004,0.001431471306501,0.1605646287324787,2.142459999959101,0.25225599983969005,0.1267029997507052,0.0
pd,00:03:09.122,276,-90.159,-90.0,0.0,-89.891,0.248,-0.0,0.3794033468982743,0.0,0.0,0.0,0.0,0.0,-90.0,-90.0,0.0,-89.901,0.239,-0.0,-90.11744033468983,-90.0,0.0,-89.896,0.2435,0.0,7.883938057400753,0.0,0.0,-0.9485083672537733,-0.853657530529173,0.0,0.04155966531017441,0.0,0.0,-0.0049999999999954525,-0.004500000000000004,0.0,0.1101584,0.0,-0.0,0.0068849,-0.0206547,0.034424500000000004,0.008270329670226,-0.00225396825394,-0.0058949938949199995,0.002207570207616,-0.002052350427393,0.0017419108669470002,0.15956816725149706,3.6490559996309457,0.27479300024424447,0.4780139997819788,0.0
pd,00:03:09.127,277,-90.159,-90.0,0.0,-89.891,0.248,-0.0,0.0,0.0,0.0,0.0,0.0,0.0,-90.0,-90.0,0.0,-89.901,0.239,-0.0,-90.0795,-90.0,0.0,-89.896,0.2435,0.0,8.686687021310181,0.0,0.0,-0.5463325170630159,-0.4916992653571619,0.0,0.07950000000001012,0.0,0.0,-0.0049999999999954525,-0.004500000000000004,0.0,0.1101584,0.0,-0.0,0.0068849,-0.0206547,0.034424500000000004,0.008270329670226,-0.00225396825394,-0.0058949938949199995,0.002207570207616,-0.002052350427393,0.0017419108669470002,0.15956816725149706,2.492844999778754,0.24821999977575615,0.11912799982383149,0.0
pd,00:03:09.130,278,-90.159,-90.0,0.0,-89.891,0.248,-0.0,0.0,0.0,0.0,0.0,0.0,0.0,-90.0,-90.0,0.0,-89.901,0.239,-0.0,-90.0795,-90.0,0.0,-89.896,0.2435,0.0,13.41731723804976,0.0,0.0,-0.8438564300652232,-0.7594707870593923,0.0,0.07950000000001012,0.0,0.0,-0.0049999999999954525,-0.004500000000000004,0.0,0.1101584,0.0,-0.0,0.0068849,-0.0206547,0.034424500000000004,0.008270329670226,-0.00225396825394,-0.0058949938949199995,0.002207570207616,-0.002052350427393,0.0017419108669470002,0.15956816725149706,2.1089789997859043,0.23129400005927891,0.11262800035183318,0.0
pd,00:03:09.133,279,-90.159,-90.0,0.0,-89.891,0.248,-0.0,0.0,0.0,0.0,0.0,0.0,0.0,-90.0,-90.0,0.0,-89.901,0.239,-0.0,-90.0795,-90.0,0.0,-89.896,0.2435,0.0,15.59767836093239,0.0,0.0,-0.98098606043507,-0.8828874543923668,0.0,0.07950000000001012,0.0,0.0,-0.0049999999999954525,-0.004500000000000004,0.0,0.1101584,0.0,-0.0,0.0068849,-0.0206547,0.034424500000000004,0.008270329670226,-0.00225396825394,-0.0058949938949199995,0.002207570207616,-0.002052350427393,0.0017419108669470002,0.15956816725149706,1.9132219999846711,0.2516079998713394,0.18925800031865947,0.0
pd,00:03:09.135,280,-90.159,-90.0,0.0,-89.891,0.248,-0.0,0.0,0.0,0.0,0.0,0.0,0.0,-90.0,-90.0,0.0,-89.901,0.239,-0.0,-90.0795,-90.0,0.0,-89.896,0.2435,0.0,16.117902552204786,0.0,0.0,-1.0137045630307873,-0.9123341067285391,0.0,0.07950000000001012,0.0,0.0,-0.0049999999999954525,-0.004500000000000004,0.0,0.1101584,0.0,-0.0,0.0068849,-0.0206547,0.034424500000000004,0.008270329670226,-0.00225396825394,-0.0058949938949199995,0.002207570207616,-0.002052350427393,0.0017419108669470002,0.15956816725149706,1.8165189999308495,0.19055399980061338,0.07540700016761548,0.0
pd,00:03:09.137,281,-90.159,-90.0,0.0,-89.891,0.248,-0.0,0.0,0.0,0.0,0.0,0.0,0.0,-90.0,-90.0,0.0,-89.901,0.239,-0.0,-90.0795,-90.0,0.0,-89.896,0.2435,0.0,15.899636086210787,0.0,0.0,-0.9999771123393537,-0.8999794011062376,0.0,0.07950000000001012,0.0,0.0,-0.0049999999999954525,-0.004500000000000004,0.0,0.1101584,0.0,-0.0,0.0068849,-0.0206547,0.034424500000000004,0.008270329670226,-0.00225396825394,-0.0058949938949199995,0.002207570207616,-0.002052350427393,0.0017419108669470002,0.15956816725149706,1.9407390000196756,0.21996099985699402,0.08331400022143498,0.0
pd,00:03:09.140,282,-90.159,-90.0,0.0,-89.891,0.248,-0.0,0.0,0.0,0.0,0.0,0.0,0.0,-90.0,-90.0,0.0,-89.901,0.239,-0.0,-90.0795,-90.0,0.0,-89.896,0.2435,0.0,17.014346770079225,0.0,0.0,-1.0700847025196922,-0.9630762322685997,0.0,0.07950000000001012,0.0,0.0,-0.0049999999999954525,-0.004500000000000004,0.0,0.1101584,0.0,-0.0,0.0068849,-0.0206547,0.034424500000000004,0.008270329670226,-0.00225396825394,-0.0058949938949199995,0.002207570207616,-0.002052350427393,0.0017419108669470002,0.15956816725149706,1.9700170000760409,0.24566399997638655,0.1256840000678494,0.0
pd,00:03:09.142,283,-90.158,-90.0,0.0,-89.891,0.247,-0.0,0.40697690665826,0.0,0.0,0.0,-0.4069769066563171,0.0,-90.0,-90.0,0.0,-89.901,0.239,-0.0,-90.11969769066583,-90.0,0.0,-89.896,0.2836976906656317,0.0,7.794077685307878,0.0,0.0,-1.0174422666398664,7.46755631426459,0.0,0.03830230933417056,0.0,0.0,-0.0049999999999954525,0.03669769066563172,0.0,0.1032735,0.0137698,-0.0068849,-0.0137698,0.0068849,-0.0206547,0.014512087911906,-0.0016644688644479998,-0.005600244200174,0.0027767094017670003,-0.0027077228327790004,0.001431471306501,0.15851813776347556,3.9615710002181004,0.2766640000118059,0.4906430003757123,0.0
pd,00:03:09.148,284,-90.158,-90.0,0.0,-89.891,0.247,-0.0,0.0,0.0,0.0,0.0,0.0,0.0,-90.0,-90.0,0.0,-89.901,0.239,-0.0,-90.07900000000001,-90.0,0.0,-89.896,0.243,0.0,7.639369576243893,0.0,0.0,-0.4835044035592965,-0.38680352284778935,0.0,0.07899999999999352,0.0,0.0,-0.0049999999999954525,-0.0040000000000000036,0.0,0.1032735,0.0137698,-0.0068849,-0.0137698,0.0068849,-0.0206547,0.014512087911906,-0.0016644688644479998,-0.005600244200174,0.0027767094017670003,-0.0027077228327790004,0.001431471306501,0.15851813776347556,2.3254400002770126,0.22690500009048264,0.10092499996972037,0.0
pd,00:03:09.150,285,-90.158,-90.0,0.0,-89.891,0.247,-0.0,0.0,0.0,0.0,0.0,0.0,0.0,-90.0,-90.0,0.0,-89.901,0.239,-0.0,-90.07900000000001,-90.0,0.0,-89.896,0.243,0.0,14.395256581805658,0.0,0.0,-0.9110921887210413,-0.7288737509774965,0.0,0.07899999999999352,0.0,0.0,-0.0049999999999954525,-0.0040000000000000036,0.0,0.1032735,0.0137698,-0.0068849,-0.0137698,0.0068849,-0.0206547,0.014512087911906,-0.0016644688644479998,-0.005600244200174,0.0027767094017670003,-0.0027077228327790004,0.001431471306501,0.15851813776347556,2.0436089998838725,0.2618309999888879,0.16649899998810724,0.0
pd,00:03:09.153,286,-90.158,-90.0,0.0,-89.891,0.247,-0.0,0.0,0.0,0.0,0.0,0.0,0.0,-90.0,-90.0,0.0,-89.901,0.239,-0.0,-90.07900000000001,-90.0,0.0,-89.896,0.243,0.0,15.217691558739903,0.0,0.0,-0.9631450353624014,-0.7705160282906225,0.0,0.07899999999999352,0.0,0.0,-0.0049999999999954525,-0.0040000000000000036,0.0,0.1032735,0.0137698,-0.0068849,-0.0137698,0.0068849,-0.0206547,0.014512087911906,-0.0016644688644479998,-0.005600244200174,0.0027767094017670003,-0.0027077228327790004,0.001431471306501,0.15851813776347556,1.955424999778188,0.368218999938108,0.14053600034458213,0.0
pd,00:03:09.155,287,-90.158,-90.0,0.0,-89.891,0.247,-0.0,0.0,0.0,0.0,0.0,0.0,0.0,-90.0,-90.0,0.0,-89.901,0.239,-0.0,-90.07900000000001,-90.0,0.0,-89.896,0.243,0.0,15.276625910557982,0.0,0.0,-0.966875057629365,-0.7735000461041962,0.0,0.07899999999999352,0.0,0.0,-0.0049999999999954525,-0.0040000000000000036,0.0,0.1032735,0.0137698,-0.0068849,-0.0137698,0.0068849,-0.0206547,0.014512087911906,-0.0016644688644479998,-0.005600244200174,0.0027767094017670003,-0.0027077228327790004,0.001431471306501,0.15851813776347556,2.037387000200397,0.2580899999884423,0.12735100017380319,0.0
pd,00:03:09.158,288,-90.158,-90.0,0.0,-89.891,0.247,-0.0,0.0,0.0,0.0,0.0,0.0,0.0,-90.0,-90.0,0.0,-89.901,0.239,-0.0,-90.07900000000001,-90.0,0.0,-89.896,0.243,0.0,15.566570327915185,0.0,0.0,-0.9852259701203103,-0.7881807760969658,0.0,0.07899999999999352,0.0,0.0,-0.0049999999999954525,-0.0040000000000000036,0.0,0.1032735,0.0137698,-0.0068849,-0.0137698,0.0068849,-0.0206547,0.014512087911906,-0.0016644688644479998,-0.005600244200174,0.0027767094017670003,-0.0027077228327790004,0.001431471306501,0.15851813776347556,1.7727780000313942,0.16379499993490754,0.06487000018751132,0.0
pd,00:03:09.160,289,-90.158,-90.0,0.0,-89.891,0.247,-0.0,0.0,0.0,0.0,0.0,0.0,0.0,-90.0,-90.0,0.0,-89.901,0.239,-0.0,-90.07900000000001,-90.0,0.0,-89.896,0.243,0.0,19.067212337438292,0.0,0.0,-1.206785590976,-0.9654284727816789,0.0,0.07899999999999352,0.0,0.0,-0.0049999999999954525,-0.0040000000000000036,0.0,0.1032735,0.0137698,-0.0068849,-0.0137698,0.0068849,-0.0206547,0.014512087911906,-0.0016644688644479998,-0.005600244200174,0.0027767094017670003,-0.0027077228327790004,0.001431471306501,0.15851813776347556,1.9663140001284773,0.20235000010870863,0.09259199987354805,0.0
pd,00:03:09.162,290,-90.156,-90.0,0.0,-89.891,0.247,-0.0,0.849651372427879,0.0,0.0,0.0,0.0,0.0,-90.0,-90.0,0.0,-89.901,0.239,-0.0,-90.1629651372428,-90.0,0.0,-89.896,0.243,0.0,-1.4794846043736407,0.0,0.0,-1.062064215536358,-0.84965137242986,0.0,-0.006965137242787023,0.0,0.0,-0.0049999999999954525,-0.0040000000000000036,0.0,0.1927772,-0.034424500000000004,-0.0,0.0068849,-0.0413094,0.0068849,0.021204639804374,-0.001872527472504,-0.005236141636076,0.001327991453019,-0.0022248168498630004,0.002035103785146,0.1565247584249906,3.4036320002996945,0.2215530003013555,0.10438800018164329,0.0
pd,00:03:09.167,291,-90.156,-90.0,0.0,-89.891,0.247,-0.0,0.0,0.0,0.0,0.0,0.0,0.0,-90.0,-90.0,0.0,-89.901,0.239,-0.0,-90.078,-90.0,0.0,-89.896,0.243,0.0,8.420996447876767,0.0,0.0,-0.5398074646069737,-0.43184597168597205,0.0,0.07800000000000296,0.0,0.0,-0.0049999999999954525,-0.0040000000000000036,0.0,0.1927772,-0.034424500000000004,-0.0,0.0068849,-0.0413094,0.0068849,0.021204639804374,-0.001872527472504,-0.005236141636076,0.001327991453019,-0.0022248168498630004,0.002035103785146,0.1565247584249906,2.324235999822122,0.22994200026005274,0.09966500010705204,0.0
pd,00:03:09.170,292,-90.156,-90.0,0.0,-89.891,0.247,-0.0,0.0,0.0,0.0,0.0,0.0,0.0,-90.0,-90.0,0.0,-89.901,0.239,-0.0,-90.078,-90.0,0.0,-89.896,0.243,0.0,14.171173525080672,0.0,0.0,-0.9084085592991825,-0.7267268474400076,0.0,0.07800000000000296,0.0,0.0,-0.0049999999999954525,-0.0040000000000000036,0.0,0.1927772,-0.034424500000000004,-0.0,0.0068849,-0.0413094,0.0068849,0.021204639804374,-0.001872527472504,-0.005236141636076,0.001327991453019,-0.0022248168498630004,0.002035103785146,0.1565247584249906,1.8362780001552892,0.5093280001347011,0.14807299976382637,0.0
pd,00:03:09.172,293,-90.156,-90.0,0.0,-89.891,0.247,-0.0,0.0,0.0,0.0,0.0,0.0,0.0,-90.0,-90.0,0.0,-89.901,0.239,-0.0,-90.078,-90.0,0.0,-89.896,0.243,0.0,14.876123681339232,0.0,0.0,-0.9535976718798166,-0.7628781375045478,0.0,0.07800000000000296,0.0,0.0,-0.0049999999999954525,-0.0040000000000000036,0.0,0.1927772,-0.034424500000000004,-0.0,0.0068849,-0.0413094,0.0068849,0.021204639804374,-0.001872527472504,-0.005236141636076,0.001327991453019,-0.0022248168498630004,0.002035103785146,0.1565247584249906,2.2029219999240013,0.2633859999150445,0.1318879999416822,0.0
pd,00:03:09.175,294,-90.156,-90.0,0.0,-89.891,0.247,-0.0,0.0,0.0,0.0,0.0,0.0,0.0,-90.0,-90.0,0.0,-89.901,0.239,-0.0,-90.078,-90.0,0.0,-89.896,0.243,0.0,14.37541576588507,0.0,0.0,-0.9215010106327852,-0.7372008085068993,0.0,0.07800000000000296,0.0,0.0,-0.0049999999999954525,-0.0040000000000000036,0.0,0.1927772,-0.034424500000000004,-0.0,0.0068849,-0.0413094,0.0068849,0.021204639804374,-0.001872527472504,-0.005236141636076,0.001327991453019,-0.0022248168498630004,0.002035103785146,0.1565247584249906,2.1364409999478085,0.26857200009544613,0.13138799977241433,0.0
pd,00:03:09.178,295,-90.156,-90.0,0.0,-89.891,0.247,-0.0,0.0,0.0,0.0,0.0,0.0,0.0,-90.0,-90.0,0.0,-89.901,0.239,-0.0,-90.078,-90.0,0.0,-89.896,0.243,0.0,14.656200698862664,0.0,0.0,-0.9395000447979986,-0.7516000358390832,0.0,0.07800000000000296,0.0,0.0,-0.0049999999999954525,-0.0040000000000000036,0.0,0.1927772,-0.034424500000000004,-0.0,0.0068849,-0.0413094,0.0068849,0.021204639804374,-0.001872527472504,-0.005236141636076,0.001327991453019,-0.0022248168498630004,0.002035103785146,0.1565247584249906,2.4984379997476935,0.26807099993675365,0.22064599988880218,0.0
pd,00:03:09.181,296,-90.156,-90.0,0.0,-89.891,0.247,-0.0,0.0,0.0,0.0,0.0,0.0,0.0,-90.0,-90.0,0.0,-89.901,0.239,-0.0,-90.078,-90.0,0.0,-89.896,0.243,0.0,12.484953136926134,0.0,0.0,-0.800317508776558,-0.6402540070218293,0.0,0.07800000000000296,0.0,0.0,-0.0049999999999954525,-0.0040000000000000036,0.0,0.1927772,-0.034424500000000004,-0.0,0.0068849,-0.0413094,0.0068849,0.021204639804374,-0.001872527472504,-0.005236141636076,0.001327991453019,-0.0022248168498630004,0.002035103785146,0.1565247584249906,1.9613320000644308,0.22418300022764015,0.08675800017954316,0.0
pd,00:03:09.183,297,-90.155,-90.0,-0.0,-89.891,0.247,-0.0,0.42430996459484344,0.0,-0.0,0.0,0.0,0.0,-90.0,-90.0,0.0,-89.901,0.239,-0.0,-90.11993099645949,-90.0,0.0,-89.896,0.243,0.0,7.440063825290913,0.0,0.0,-1.0607749114810787,-0.8486199291856356,0.0,0.03506900354051368,0.0,0.0,-0.0049999999999954525,-0.0040000000000000036,0.0,0.3098205,0.0206547,-0.0068849,-0.0757339,-0.0206547,-0.0275396,0.026978266177928,-0.001595115995096,-0.004542612942556,0.001327991453019,-0.0022248168498630004,0.0017419108669470002,0.15552813250341616,4.161754000051587,0.3168120001646457,0.12196199986647116,0.0
pd,00:03:09.188,298,-90.155,-90.0,-0.0,-89.891,0.247,-0.0,0.0,0.0,0.0,0.0,0.0,0.0,-90.0,-90.0,0.0,-89.901,0.239,-0.0,-90.0775,-90.0,0.0,-89.896,0.243,0.0,8.100946020036943,0.0,0.0,-0.5226416787115816,-0.418113342969646,0.0,0.07750000000000057,0.0,0.0,-0.0049999999999954525,-0.0040000000000000036,0.0,0.3098205,0.0206547,-0.0068849,-0.0757339,-0.0206547,-0.0275396,0.026978266177928,-0.001595115995096,-0.004542612942556,0.001327991453019,-0.0022248168498630004,0.0017419108669470002,0.15552813250341616,2.1961450001981575,0.26244199989378103,0.1308140003857261,0.0
pd,00:03:09.191,299,-90.155,-90.0,-0.0,-89.891,0.247,-0.0,0.0,0.0,0.0,0.0,0.0,0.0,-90.0,-90.0,0.0,-89.901,0.239,-0.0,-90.0775,-90.0,0.0,-89.896,0.243,0.0,14.332388007054778,0.0,0.0,-0.9246701940026864,-0.7397361552028225,0.0,0.07750000000000057,0.0,0.0,-0.0049999999999954525,-0.0040000000000000036,0.0,0.3098205,0.0206547,-0.0068849,-0.0757339,-0.0206547,-0.0275396,0.026978266177928,-0.001595115995096,-0.004542612942556,0.001327991453019,-0.0022248168498630004,0.0017419108669470002,0.15552813250341616,2.054072000191809,0.23273900023923488,0.10783300012917607,0.0
pd,00:03:09.193,300,-90.155,-90.0,-0.0,-89.891,0.247,-0.0,0.0,0.0,0.0,0.0,0.0,0.0,-90.0,-90.0,0.0,-89.901,0.239,-0.0,-90.0775,-90.0,0.0,-89.896,0.243,0.0,15.560486357108779,0.0,0.0,-1.0039023456190008,-0.8031218764959318,0.0,0.07750000000000057,0.0,0.0,-0.0049999999999954525,-0.0040000000000000036,0.0,0.3098205,0.0206547,-0.0068849,-0.0757339,-0.0206547,-0.0275396,0.026978266177928,-0.001595115995096,-0.004542612942556,0.001327991453019,-0.0022248168498630004,0.0017419108669470002,0.15552813250341616,1.7840189998423739,0.1567210001667263,0.07311100034712581,0.0
pd,00:03:09.196,301,-90.155,-90.0,-0.0,-89.891,0.247,-0.0,0.0,0.0,0.0,0.0,0.0,0.0,-90.0,-90.0,0.0,-89.901,0.239,-0.0,-90.0775,-90.0,0.0,-89.896,0.243,0.0,14.559641673385398,0.0,0.0,-0.9393317208627128,-0.7514653766908543,0.0,0.07750000000000057,0.0,0.0,-0.0049999999999954525,-0.0040000000000000036,0.0,0.3098205,0.0206547,-0.0068849,-0.0757339,-0.0206547,-0.0275396,0.026978266177928,-0.001595115995096,-0.004542612942556,0.001327991453019,-0.0022248168498630004,0.0017419108669470002,0.15552813250341616,2.1368490001805185,0.250607999987551,0.11740600029952475,0.0
pd,00:03:09.198,302,-90.155,-90.0,-0.0,-89.891,0.247,-0.0,0.0,0.0,0.0,0.0,0.0,0.0,-90.0,-90.0,0.0,-89.901,0.239,-0.0,-90.0775,-90.0,0.0,-89.896,0.243,0.0,14.809046013667535,0.0,0.0,-0.9554223234615457,-0.7643378587699323,0.0,0.07750000000000057,0.0,0.0,-0.0049999999999954525,-0.0040000000000000036,0.0,0.3098205,0.0206547,-0.0068849,-0.0757339,-0.0206547,-0.0275396,0.026978266177928,-0.001595115995096,-0.004542612942556,0.001327991453019,-0.0022248168498630004,0.0017419108669470002,0.15552813250341616,1.8327590000808414,0.2327940001123352,0.1401829999849724,0.0
pd,00:03:09.201,303,-90.155,-90.0,-0.0,-89.891,0.247,-0.0,0.0,0.0,0.0,0.0,0.0,0.0,-90.0,-90.0,0.0,-89.901,0.239,-0.0,-90.0775,-90.0,0.0,-89.896,0.243,0.0,16.760779622563803,0.0,0.0,-1.0813406208095766,-0.8650724966484488,0.0,0.07750000000000057,0.0,0.0,-0.0049999999999954525,-0.0040000000000000036,0.0,0.3098205,0.0206547,-0.0068849,-0.0757339,-0.0206547,-0.0275396,0.026978266177928,-0.001595115995096,-0.004542612942556,0.001327991453019,-0.0022248168498630004,0.0017419108669470002,0.15552813250341616,2.1000720003030438,0.2617390000523301,0.1270180000574328,0.0
pd,00:03:09.203,304,-90.151,-90.0,0.0,-89.892,0.247,-0.0,1.5370788822739812,0.0,0.0,-0.3842697205643997,0.0,0.0,-90.0,-90.0,0.0,-89.901,0.239,-0.0,-90.22920788822739,-90.0,0.0,-89.85807302794356,0.243,0.0,-15.026461677679189,0.0,0.0,6.5185540359236676,-0.768539441136052,0.0,-0.07820788822739644,0.0,0.0,0.03392697205643458,-0.0040000000000000036,0.0,1.2530518,-0.0550792,0.0206547,0.0619641,0.0137698,0.0068849,0.019973626373375998,-0.002531379731348,-0.00554822954816,0.0032941086691770003,-0.002828449328508,0.002190323565369,0.1514793715328885,4.461881999759498,0.26351500036980724,0.1291839998884825,0.0
pd,00:03:09.208,305,-90.151,-90.0,0.0,-89.892,0.247,-0.0,0.0,0.0,0.0,0.0,0.0,0.0,-90.0,-90.0,0.0,-89.901,0.239,-0.0,-90.0755,-90.0,0.0,-89.8965,0.243,0.0,7.562448106223244,0.0,0.0,-0.45074194010604945,-0.40065950231647357,0.0,0.07549999999999102,0.0,0.0,-0.004500000000007276,-0.0040000000000000036,0.0,1.2530518,-0.0550792,0.0206547,0.0619641,0.0137698,0.0068849,0.019973626373375998,-0.002531379731348,-0.00554822954816,0.0032941086691770003,-0.002828449328508,0.002190323565369,0.1514793715328885,2.112183000008372,0.2399429999968561,0.11288799987596576,0.0
pd,00:03:09.211,306,-90.151,-90.0,0.0,-89.892,0.247,-0.0,0.0,0.0,0.0,0.0,0.0,0.0,-90.0,-90.0,0.0,-89.901,0.239,-0.0,-90.0755,-90.0,0.0,-89.8965,0.243,0.0,14.738432095317515,0.0,0.0,-0.878449595085205,-0.7808440845201533,0.0,0.07549999999999102,0.0,0.0,-0.004500000000007276,-0.0040000000000000036,0.0,1.2530518,-0.0550792,0.0206547,0.0619641,0.0137698,0.0068849,0.019973626373375998,-0.002531379731348,-0.00554822954816,0.0032941086691770003,-0.002828449328508,0.002190323565369,0.1514793715328885,1.9421279998823593,0.19020200033992296,0.08897999987311778,0.0
pd,00:03:09.213,307,-90.151,-90.0,0.0,-89.892,0.247,-0.0,0.0,0.0,0.0,0.0,0.0,0.0,-90.0,-90.0,0.0,-89.901,0.239,-0.0,-90.0755,-90.0,0.0,-89.8965,0.243,0.0,16.383999999999592,0.0,0.0,-0.9765298013245404,-0.8680264900662259,0.0,0.07549999999999102,0.0,0.0,-0.004500000000007276,-0.0040000000000000036,0.0,1.2530518,-0.0550792,0.0206547,0.0619641,0.0137698,0.0068849,0.019973626373375998,-0.002531379731348,-0.00554822954816,0.0032941086691770003,-0.002828449328508,0.002190323565369,0.1514793715328885,1.7360010001539194,0.15377599993371405,0.06859199993414222,0.0
pd,00:03:09.215,308,-90.151,-90.0,0.0,-89.892,0.247,-0.0,0.0,0.0,0.0,0.0,0.0,0.0,-90.0,-90.0,0.0,-89.901,0.239,-0.0,-90.0755,-90.0,0.0,-89.8965,0.243,0.0,18.61450458499836,0.0,0.0,-1.1094737832118926,-0.9861989184105346,0.0,0.07549999999999102,0.0,0.0,-0.004500000000007276,-0.0040000000000000036,0.0,1.2530518,-0.0550792,0.0206547,0.0619641,0.0137698,0.0068849,0.019973626373375998,-0.002531379731348,-0.00554822954816,0.0032941086691770003,-0.002828449328508,0.002190323565369,0.1514793715328885,1.7957599998226215,0.15286899997590808,0.0691659997755778,0.0
pd,00:03:09.217,309,-90.151,-90.0,0.0,-89.892,0.247,-0.0,0.0,0.0,0.0,0.0,0.0,0.0,-90.0,-90.0,0.0,-89.901,0.239,-0.0,-90.0755,-90.0,0.0,-89.8965,0.243,0.0,18.0809610597232,0.0,0.0,-1.077673175745159,-0.9579317117734393,0.0,0.07549999999999102,0.0,0.0,-0.004500000000007276,-0.0040000000000000036,0.0,1.2530518,-0.0550792,0.0206547,0.0619641,0.0137698,0.0068849,0.019973626373375998,-0.002531379731348,-0.00554822954816,0.0032941086691770003,-0.002828449328508,0.002190323565369,0.1514793715328885,1.6527979996681097,0.1345539999419998,0.0575369999751274,0.0
pd,00:03:09.219,310,-90.151,-90.0,0.0,-89.892,0.247,-0.0,0.0,0.0,0.0,0.0,0.0,0.0,-90.0,-90.0,0.0,-89.901,0.239,-0.0,-90.0755,-90.0,0.0,-89.8965,0.243,0.0,19.67138476829371,0.0,0.0,-1.1724666418189038,-1.0421925705056538,0.0,0.07549999999999102,0.0,0.0,-0.004500000000007276,-0.0040000000000000036,0.0,1.2530518,-0.0550792,0.0206547,0.0619641,0.0137698,0.0068849,0.019973626373375998,-0.002531379731348,-0.00554822954816,0.0032941086691770003,-0.002828449328508,0.002190323565369,0.1514793715328885,1.9980729998678726,0.19497999983286718,0.0945360002333473,0.0
pd,00:03:09.222,311,-90.151,-90.0,0.0,-89.892,0.247,-0.0,0.0,0.0,0.0,0.0,0.0,0.0,-90.0,-90.0,0.0,-89.901,0.239,-0.0,-90.0755,-90.0,0.0,-89.8965,0.243,0.0,13.800660332955292,0.0,0.0,-0.8225559138848041,-0.731160812342021,0.0,0.07549999999999102,0.0,0.0,-0.004500000000007276,-0.0040000000000000036,0.0,1.2530518,-0.0137698,-0.0137698,0.0619641,-0.0137698,0.0206547,0.02123931623905,-0.0019072039071799999,-0.00658852258844,0.0034838217338940005,-0.0030181623932250003,0.0018108974359350002,0.1514793715328885,2.8215829997861874,0.2854050003406883,0.3364220001458307,0.0
pd,00:03:09.226,312,-90.147,-90.0,0.0,-89.892,0.246,-0.0,1.1232737011221812,0.0,0.0,0.0,-0.28081842528120005,0.0,-90.0,-90.0,0.0,-89.901,0.239,-0.0,-90.18582737011222,-90.0,0.0,-89.8965,0.27058184252812,0.0,-5.451720466361316,0.0,0.0,-0.6318414568827234,3.4515171546285432,0.0,-0.03882737011221593,0.0,0.0,-0.004500000000007276,0.024581842528120013,0.0,0.963886,-0.0137698,-0.0137698,0.0619641,-0.0137698,0.0206547,0.02123931623905,-0.0019072039071799999,-0.00658852258844,0.0034838217338940005,-0.0030181623932250003,0.0018108974359350002,0.14744151382837076,3.1129499998314714,0.25729399976626155,0.16660900018905522,0.0
pd,00:03:09.229,313,-90.147,-90.0,0.0,-89.892,0.246,-0.0,0.0,0.0,0.0,0.0,0.0,0.0,-90.0,-90.0,0.0,-89.901,0.239,-0.0,-90.0735,-90.0,0.0,-89.8965,0.2425,0.0,10.080483421620944,0.0,0.0,-0.6171724543849557,-0.48002302007717,0.0,0.07350000000000989,0.0,0.0,-0.004500000000007276,-0.003500000000000003,0.0,0.963886,-0.0137698,-0.0137698,0.0619641,-0.0137698,0.0206547,0.02123931623905,-0.0019072039071799999,-0.00658852258844,0.0034838217338940005,-0.0030181623932250003,0.0018108974359350002,0.14744151382837076,1.8115560001206177,0.22462700007963576,0.10822100011864677,0.0
pd,00:03:09.231,314,-90.147,-90.0,0.0,-89.892,0.246,-0.0,0.0,0.0,0.0,0.0,0.0,0.0,-90.0,-90.0,0.0,-89.901,0.239,-0.0,-90.0735,-90.0,0.0,-89.8965,0.2425,0.0,16.39619955323964,0.0,0.0,-1.0038489522391616,-0.7807714072970967,0.0,0.07350000000000989,0.0,0.0,-0.004500000000007276,-0.003500000000000003,0.0,0.963886,-0.0137698,-0.0137698,0.0619641,-0.0137698,0.0206547,0.02123931623905,-0.0019072039071799999,-0.00658852258844,0.0034838217338940005,-0.0030181623932250003,0.0018108974359350002,0.14744151382837076,1.9535730002644414,0.18849800017051166,0.0889440002538322,0.0
pd,00:03:09.234,315,-90.147,-90.0,0.0,-89.892,0.246,-0.0,0.0,0.0,0.0,0.0,0.0,0.0,-90.0,-90.0,0.0,-89.901,0.239,-0.0,-90.0735,-90.0,0.0,-89.8965,0.2425,0.0,15.90226679046795,0.0,0.0,-0.9736081708449765,-0.7572507995460649,0.0,0.07350000000000989,0.0,0.0,-0.004500000000007276,-0.003500000000000003,0.0,0.963886,-0.0137698,-0.0137698,0.0619641,-0.0137698,0.0206547,0.02123931623905,-0.0019072039071799999,-0.00658852258844,0.0034838217338940005,-0.0030181623932250003,0.0018108974359350002,0.14744151382837076,1.752983000187669,0.16484999969179626,0.07892499979789136,0.0
pd,00:03:09.236,316,-90.147,-90.0,0.0,-89.892,0.246,-0.0,0.0,0.0,0.0,0.0,0.0,0.0,-90.0,-90.0,0.0,-89.901,0.239,-0.0,-90.0735,-90.0,0.0,-89.8965,0.2425,0.0,17.709176470588908,0.0,0.0,-1.084235294117688,-0.8432941176470595,0.0,0.07350000000000989,0.0,0.0,-0.004500000000007276,-0.003500000000000003,0.0,0.963886,-0.0137698,-0.0137698,0.0619641,-0.0137698,0.0206547,0.02123931623905,-0.0019072039071799999,-0.00658852258844,0.0034838217338940005,-0.0030181623932250003,0.0018108974359350002,0.14744151382837076,1.853185000072699,0.1745350000419421,0.07046300015645102,0.0
pd,00:03:09.238,317,-90.147,-90.0,0.0,-89.892,0.246,-0.0,0.0,0.0,0.0,0.0,0.0,0.0,-90.0,-90.0,0.0,-89.901,0.239,-0.0,-90.0735,-90.0,0.0,-89.8965,0.2425,0.0,16.918084952256155,0.0,0.0,-1.0358011195258872,-0.805623092964549,0.0,0.07350000000000989,0.0,0.0,-0.004500000000007276,-0.003500000000000003,0.0,0.963886,-0.0137698,-0.0137698,0.0619641,-0.0137698,0.0206547,0.02123931623905,-0.0019072039071799999,-0.00658852258844,0.0034838217338940005,-0.0030181623932250003,0.0018108974359350002,0.14744151382837076,1.7055940002137504,0.13481399992087972,0.057222000123147154,0.0
pd,00:03:09.240,318,-90.147,-90.0,0.0,-89.892,0.246,-0.0,0.0,0.0,0.0,0.0,0.0,0.0,-90.0,-90.0,0.0,-89.901,0.239,-0.0,-90.0735,-90.0,0.0,-89.8965,0.2425,0.0,18.754188100742894,0.0,0.0,-1.1482155980046669,-0.893056576225819,0.0,0.07350000000000989,0.0,0.0,-0.004500000000007276,-0.003500000000000003,0.0,0.963886,-0.0137698,-0.0137698,0.0619641,-0.0137698,0.0206547,0.02123931623905,-0.0019072039071799999,-0.00658852258844,0.0034838217338940005,-0.0030181623932250003,0.0018108974359350002,0.14744151382837076,1.7260939998777758,0.14316499982669484,0.06316600001810002,0.0
pd,00:03:09.242,319,-90.147,-90.0,0.0,-89.892,0.246,-0.0,0.0,0.0,0.0,0.0,0.0,0.0,-90.0,-90.0,0.0,-89.901,0.239,-0.0,-90.0735,-90.0,0.0,-89.8965,0.2425,0.0,18.38290661896313,0.0,0.0,-1.1254840787120284,-0.8753765056648786,0.0,0.07350000000000989,0.0,0.0,-0.004500000000007276,-0.003500000000000003,0.0,0.963886,-0.0137698,-0.0137698,0.0275396,-0.0413094,0.0481943,0.02123931623905,-0.0019072039071799999,-0.00658852258844,0.001638431013465,-0.002897435897496,0.001431471306501,0.14744151382837076,3.0844689999867114,0.5650499997500447,0.5345499998838932,0.0
pd,00:03:09.246,320,-90.128,-90.0,0.0,-89.892,0.246,-0.0,4.337675593295389,0.0,0.0,0.0,0.0,0.0,-90.0,-90.0,0.0,-89.901,0.239,-0.0,-90.49776755932955,-90.0,0.0,-89.8965,0.2425,0.0,-42.208729402518024,0.0,0.0,-0.5136721097322207,-0.3995227520139346,0.0,-0.36976755932954575,0.0,0.0,-0.004500000000007276,-0.003500000000000003,0.0,1.0258501,0.0068849,-0.0550792,0.0275396,-0.0413094,0.0481943,0.020563125762868,-0.0019072039071799999,-0.00554822954816,0.001638431013465,-0.002897435897496,0.001431471306501,0.1285068091581144,2.8618599999390426,0.23353400001724367,0.09498000008534291,0.0
pd,00:03:09.250,321,-90.128,-90.0,0.0,-89.892,0.246,-0.0,0.0,0.0,0.0,0.0,0.0,0.0,-90.0,-90.0,0.0,-89.901,0.239,-0.0,-90.064,-90.0,0.0,-89.8965,0.2425,0.0,8.750666840526804,0.0,0.0,-0.6152812622245637,-0.4785520928413096,0.0,0.06400000000000716,0.0,0.0,-0.004500000000007276,-0.003500000000000003,0.0,1.0258501,0.0068849,-0.0550792,0.0275396,-0.0413094,0.0481943,0.020563125762868,-0.0019072039071799999,-0.00554822954816,0.001638431013465,-0.002897435897496,0.001431471306501,0.1285068091581144,1.8595189999359718,0.2248870000585157,0.09092500022234162,0.0
pd,00:03:09.252,322,-90.128,-90.0,0.0,-89.892,0.246,-0.0,0.0,0.0,0.0,0.0,0.0,0.0,-90.0,-90.0,0.0,-89.901,0.239,-0.0,-90.064,-90.0,0.0,-89.8965,0.2425,0.0,14.099981930875105,0.0,0.0,-0.9914049795146924,-0.7710927618447323,0.0,0.06400000000000716,0.0,0.0,-0.004500000000007276,-0.003500000000000003,0.0,1.0258501,0.0068849,-0.0550792,0.0275396,-0.0413094,0.0481943,0.020563125762868,-0.0019072039071799999,-0.00554822954816,0.001638431013465,-0.002897435897496,0.001431471306501,0.1285068091581144,1.9367769996279094,0.18538699987402651,0.08923999985199771,0.0
pd,00:03:09.255,323,-90.128,-90.0,0.0,-89.892,0.246,-0.0,0.0,0.0,0.0,0.0,0.0,0.0,-90.0,-90.0,0.0,-89.901,0.239,-0.0,-90.064,-90.0,0.0,-89.8965,0.2425,0.0,13.95194677754679,0.0,0.0,-0.980996257796295,-0.7629970893970901,0.0,0.06400000000000716,0.0,0.0,-0.004500000000007276,-0.003500000000000003,0.0,1.0258501,0.0068849,-0.0550792,0.0275396,-0.0413094,0.0481943,0.020563125762868,-0.0019072039071799999,-0.00554822954816,0.001638431013465,-0.002897435897496,0.001431471306501,0.1285068091581144,1.8434260000503855,0.2595159999145835,0.12296200020500692,0.0
pd,00:03:09.257,324,-90.128,-90.0,0.0,-89.892,0.246,-0.0,0.0,0.0,0.0,0.0,0.0,0.0,-90.0,-90.0,0.0,-89.901,0.239,-0.0,-90.064,-90.0,0.0,-89.8965,0.2425,0.0,13.715279787451474,0.0,0.0,-0.9643556100552174,-0.7500543633762524,0.0,0.06400000000000716,0.0,0.0,-0.004500000000007276,-0.003500000000000003,0.0,1.0258501,0.0068849,-0.0550792,0.0275396,-0.0413094,0.0481943,0.020563125762868,-0.0019072039071799999,-0.00554822954816,0.001638431013465,-0.002897435897496,0.001431471306501,0.1285068091581144,1.939906999723462,0.23570100029246532,0.11518399969645543,0.0
pd,00:03:09.259,325,-90.128,-90.0,0.0,-89.892,0.246,-0.0,0.0,0.0,0.0,0.0,0.0,0.0,-90.0,-90.0,0.0,-89.901,0.239,-0.0,-90.064,-90.0,0.0,-89.8965,0.2425,0.0,13.398994509334145,0.0,0.0,-0.9421168014375919,-0.732757512229211,0.0,0.06400000000000716,0.0,0.0,-0.004500000000007276,-0.003500000000000003,0.0,1.0258501,0.0068849,-0.0550792,0.0275396,-0.0413094,0.0481943,0.020563125762868,-0.0019072039071799999,-0.00554822954816,0.001638431013465,-0.002897435897496,0.001431471306501,0.1285068091581144,1.7207239998242585,0.1551840000502125,0.07686900016778964,0.0
pd,00:03:09.261,326,-90.128,-90.0,0.0,-89.892,0.246,-0.0,0.0,0.0,0.0,0.0,0.0,0.0,-90.0,-90.0,0.0,-89.901,0.239,-0.0,-90.064,-90.0,0.0,-89.8965,0.2425,0.0,15.779182694568554,0.0,0.0,-1.1094737832118926,-0.8629240536092178,0.0,0.06400000000000716,0.0,0.0,-0.004500000000007276,-0.003500000000000003,0.0,1.0258501,0.0068849,-0.0550792,0.0275396,-0.0413094,0.0481943,0.020563125762868,-0.0019072039071799999,-0.00554822954816,0.001638431013465,-0.002897435897496,0.001431471306501,0.1285068091581144,1.8837590000657656,0.25055299965970335,0.13612900011139573,0.0
pd,00:03:09.264,327,-90.108,-90.0,0.0,-89.892,0.246,-0.0,7.653839416056871,0.0,0.0,0.0,0.0,0.0,-90.0,-90.0,0.0,-89.901,0.239,-0.0,-90.8193839416057,-90.0,0.0,-89.8965,0.2425,0.0,-136.1204613053144,0.0,0.0,-0.861056934306602,-0.6697109489051101,0.0,-0.7113839416056891,0.0,0.0,-0.004500000000007276,-0.003500000000000003,0.0,1.1635481,-0.034424500000000004,-0.0206547,-0.034424500000000004,0.0068849,-0.0137698,0.019661538461292,-0.00225396825394,-0.005305494505428,0.001000305250326,-0.0031906288156950003,0.0016556776557120003,0.10860018416191057,4.215902000396454,0.2854049998859409,0.11736899978131987,0.0
pd,00:03:09.269,328,-90.108,-90.0,0.0,-89.892,0.246,-0.0,0.0,0.0,0.0,0.0,0.0,0.0,-90.0,-90.0,0.0,-89.901,0.239,-0.0,-90.054,-90.0,0.0,-89.8965,0.2425,0.0,5.68390925516986,0.0,0.0,-0.47365910459748833,-0.36840152579803287,0.0,0.054000000000002046,0.0,0.0,-0.004500000000007276,-0.003500000000000003,0.0,1.1635481,-0.034424500000000004,-0.0206547,-0.034424500000000004,0.0068849,-0.0137698,0.019661538461292,-0.00225396825394,-0.005305494505428,0.001000305250326,-0.0031906288156950003,0.0016556776557120003,0.10860018416191057,1.7061860003195761,0.15101700000741403,0.06166599996504374,0.0
pd,00:03:09.271,329,-90.108,-90.0,0.0,-89.892,0.246,-0.0,0.0,0.0,0.0,0.0,0.0,0.0,-90.0,-90.0,0.0,-89.901,0.239,-0.0,-90.054,-90.0,0.0,-89.8965,0.2425,0.0,13.594982953181788,0.0,0.0,-1.1329152460984824,-0.8811563025210092,0.0,0.054000000000002046,0.0,0.0,-0.004500000000007276,-0.003500000000000003,0.0,1.1635481,-0.034424500000000004,-0.0206547,-0.034424500000000004,0.0068849,-0.0137698,0.019661538461292,-0.00225396825394,-0.005305494505428,0.001000305250326,-0.0031906288156950003,0.0016556776557120003,0.10860018416191057,1.9179440000698378,0.41701399959492846,0.15562800035695545,0.0
pd,00:03:09.273,330,-90.108,-90.0,0.0,-89.892,0.246,-0.0,0.0,0.0,0.0,0.0,0.0,0.0,-90.0,-90.0,0.0,-89.901,0.239,-0.0,-90.054,-90.0,0.0,-89.8965,0.2425,0.0,10.43359203980139,0.0,0.0,-0.8694660033167826,-0.6762513359130281,0.0,0.054000000000002046,0.0,0.0,-0.004500000000007276,-0.003500000000000003,0.0,1.1635481,-0.034424500000000004,-0.0206547,-0.034424500000000004,0.0068849,-0.0137698,0.019661538461292,-0.00225396825394,-0.005305494505428,0.001000305250326,-0.0031906288156950003,0.0016556776557120003,0.10860018416191057,1.7573710001670406,0.18172000000049593,0.07753599993520766,0.0
pd,00:03:09.276,331,-90.108,-90.0,0.0,-89.892,0.246,-0.0,0.0,0.0,0.0,0.0,0.0,0.0,-90.0,-90.0,0.0,-89.901,0.239,-0.0,-90.054,-90.0,0.0,-89.8965,0.2425,0.0,10.874419819474197,0.0,0.0,-0.9062016516228498,-0.704823506817746,0.0,0.054000000000002046,0.0,0.0,-0.004500000000007276,-0.003500000000000003,0.0,1.1635481,-0.034424500000000004,-0.0206547,-0.034424500000000004,0.0068849,-0.0137698,0.019661538461292,-0.00225396825394,-0.005305494505428,0.001000305250326,-0.0031906288156950003,0.0016556776557120003,0.10860018416191057,1.9439810002950253,0.22540500003742636,0.1354800001536205,0.0
pd,00:03:09.278,332,-90.108,-90.0,0.0,-89.892,0.246,-0.0,0.0,0.0,0.0,0.0,0.0,0.0,-90.0,-90.0,0.0,-89.901,0.239,-0.0,-90.054,-90.0,0.0,-89.8965,0.2425,0.0,11.252604133545736,0.0,0.0,-0.9377170111288113,-0.7293354531001597,0.0,0.054000000000002046,0.0,0.0,-0.004500000000007276,-0.003500000000000003,0.0,1.1635481,-0.034424500000000004,-0.0206547,-0.034424500000000004,0.0068849,-0.0137698,0.019661538461292,-0.00225396825394,-0.005305494505428,0.001000305250326,-0.0031906288156950003,0.0016556776557120003,0.10860018416191057,1.7152979999082163,0.13949799995316425,0.05964799993307679,0.0
pd,00:03:09.280,333,-90.108,-90.0,0.0,-89.892,0.246,-0.0,0.0,0.0,0.0,0.0,0.0,0.0,-90.0,-90.0,0.0,-89.901,0.239,-0.0,-90.054,-90.0,0.0,-89.8965,0.2425,0.0,13.640834497711912,0.0,0.0,-1.1367362081426593,-0.8841281618887024,0.0,0.054000000000002046,0.0,0.0,-0.004500000000007276,-0.003500000000000003,0.0,1.1635481,-0.034424500000000004,-0.0206547,-0.034424500000000004,0.0068849,-0.0137698,0.019661538461292,-0.00225396825394,-0.005305494505428,0.001000305250326,-0.0031906288156950003,0.0016556776557120003,0.10860018416191057,1.7819270001382392,0.22794200003772858,0.10946200018224772,0.0
pd,00:03:09.282,334,-90.108,-90.0,0.0,-89.892,0.246,-0.0,0.0,0.0,0.0,0.0,0.0,0.0,-90.0,-90.0,0.0,-89.901,0.239,-0.0,-90.054,-90.0,0.0,-89.8965,0.2425,0.0,12.162625711524464,0.0,0.0,-1.0135521426270386,-0.7883183331543343,0.0,0.054000000000002046,0.0,0.0,-0.004500000000007276,-0.003500000000000003,0.0,1.1773179,-0.0275396,0.0068849,-0.0068849,0.0137698,0.0481943,0.018101098900871998,-0.00225396825394,-0.0054962148961459996,0.002655982906038,-0.0025352564103090004,0.0016556776557120003,0.10860018416191057,3.8433139998232946,0.7455850000042119,0.3222739996999735,0.0
pd,00:03:09.288,335,-90.087,-90.0,-0.0,-89.892,0.246,-0.0,4.011677172527024,0.0,-0.0,0.0,0.0,0.0,-90.0,-90.0,0.0,-89.901,0.239,-0.0,-90.4446677172527,-90.0,0.0,-89.8965,0.2425,0.0,-34.16303372982037,0.0,0.0,-0.42982255419932397,-0.3343064310439063,0.0,-0.35766771725269564,0.0,0.0,-0.004500000000007276,-0.003500000000000003,0.0,1.1773179,-0.0275396,0.0068849,-0.0068849,0.0137698,0.0481943,0.018101098900871998,-0.00225396825394,-0.0054962148961459996,0.002655982906038,-0.0025352564103090004,0.0016556776557120003,0.0877439456600886,1.8848699996851792,0.19223899971620995,0.07144400024117203,0.0
pd,00:03:09.290,336,-90.087,-90.0,-0.0,-89.892,0.246,-0.0,0.0,0.0,0.0,0.0,0.0,0.0,-90.0,-90.0,0.0,-89.901,0.239,-0.0,-90.0435,-90.0,0.0,-89.8965,0.2425,0.0,9.784010296010667,0.0,0.0,-1.0121389961390346,-0.7872192192192199,0.0,0.043500000000008754,0.0,0.0,-0.004500000000007276,-0.003500000000000003,0.0,1.1773179,-0.0275396,0.0068849,-0.0068849,0.0137698,0.0481943,0.018101098900871998,-0.00225396825394,-0.0054962148961459996,0.002655982906038,-0.0025352564103090004,0.0016556776557120003,0.0877439456600886,1.6937609998421976,0.14747999966857606,0.06286999996518716,0.0
pd,00:03:09.292,337,-90.087,-90.0,-0.0,-89.892,0.246,-0.0,0.0,0.0,0.0,0.0,0.0,0.0,-90.0,-90.0,0.0,-89.901,0.239,-0.0,-90.0435,-90.0,0.0,-89.8965,0.2425,0.0,11.042986563370471,0.0,0.0,-1.1423779203486695,-0.8885161602711544,0.0,0.043500000000008754,0.0,0.0,-0.004500000000007276,-0.003500000000000003,0.0,1.1773179,-0.0275396,0.0068849,-0.0068849,0.0137698,0.0481943,0.018101098900871998,-0.00225396825394,-0.0054962148961459996,0.002655982906038,-0.0025352564103090004,0.0016556776557120003,0.0877439456600886,1.88620400012951,0.17922000006365124,0.08268400006272714,0.0
pd,00:03:09.294,338,-90.062,-90.0,-0.0,-89.893,0.246,-0.0,11.227925902133402,0.0,0.0,-0.4491170360873784,0.0,0.0,-90.0,-90.0,0.0,-89.901,0.239,-0.0,-91.15379259021334,-90.0,0.0,-89.85208829639126,0.2425,0.0,-245.17132606821815,0.0,0.0,9.187071532977454,-0.7859548131491602,0.0,-1.0917925902133447,0.0,0.0,0.0409117036087423,-0.003500000000000003,0.0,1.1773179,-0.0275396,0.0068849,-0.0068849,0.0137698,0.0481943,0.018101098900871998,-0.00225396825394,-0.0054962148961459996,0.002655982906038,-0.0025352564103090004,0.0016556776557120003,0.0629046898092633,1.7123159996117465,0.13729499960390967,0.05725900018660468,0.0
pd,00:03:09.296,339,-90.062,-90.0,-0.0,-89.893,0.246,-0.0,0.0,0.0,0.0,0.0,0.0,0.0,-90.0,-90.0,0.0,-89.901,0.239,-0.0,-90.031,-90.0,0.0,-89.89699999999999,0.2425,0.0,7.866857696030674,0.0,0.0,-1.0150784123905314,-0.8881936108422079,0.0,0.0309999999999917,0.0,0.0,-0.003999999999990678,-0.003500000000000003,0.0,1.1773179,-0.0275396,0.0068849,-0.0068849,0.0137698,0.0481943,0.018101098900871998,-0.00225396825394,-0.0054962148961459996,0.002655982906038,-0.0025352564103090004,0.0016556776557120003,0.0629046898092633,2.0054429996889667,0.1897570000437554,0.0903320001270913,0.0
pd,00:03:09.298,340,-90.062,-90.0,-0.0,-89.893,0.246,-0.0,0.0,0.0,0.0,0.0,0.0,0.0,-90.0,-90.0,0.0,-89.901,0.239,-0.0,-90.031,-90.0,0.0,-89.89699999999999,0.2425,0.0,6.541729925538085,0.0,0.0,-0.8440941839399628,-0.7385824109478775,0.0,0.0309999999999917,0.0,0.0,-0.003999999999990678,-0.003500000000000003,0.0,1.1773179,-0.0275396,0.0068849,-0.0068849,0.0137698,0.0481943,0.018101098900871998,-0.00225396825394,-0.0054962148961459996,0.002655982906038,-0.0025352564103090004,0.0016556776557120003,0.0629046898092633,1.6693719999238965,0.13512899977285997,0.058555000123305945,0.0
pd,00:03:09.301,341,-90.062,-90.0,-0.0,-89.893,0.246,-0.0,0.0,0.0,0.0,0.0,0.0,0.0,-90.0,-90.0,0.0,-89.901,0.239,-0.0,-90.031,-90.0,0.0,-89.89699999999999,0.2425,0.0,5.540928321827112,0.0,0.0,-0.7149584931386134,-0.6255886814966339,0.0,0.0309999999999917,0.0,0.0,-0.003999999999990678,-0.003500000000000003,0.0,1.1773179,-0.0275396,0.0068849,-0.0068849,0.0137698,0.0481943,0.018101098900871998,-0.00225396825394,-0.0054962148961459996,0.002655982906038,-0.0025352564103090004,0.0016556776557120003,0.0629046898092633,2.225404000000708,0.5517350000445731,0.3494409997983894,0.0
pd,00:03:09.305,342,-90.062,-90.0,-0.0,-89.893,0.246,-0.0,0.0,0.0,0.0,0.0,0.0,0.0,-90.0,-90.0,0.0,-89.901,0.239,-0.0,-90.031,-90.0,0.0,-89.89699999999999,0.2425,0.0,4.2776491643635675,0.0,0.0,-0.551954730885337,-0.4829603895249379,0.0,0.0309999999999917,0.0,0.0,-0.003999999999990678,-0.003500000000000003,0.0,0.7779937,-0.034424500000000004,0.0275396,-0.1101584,-0.0206547,0.06884900000000001,0.020389743589488,-0.0019072039071799999,-0.005305494505428,0.0023282967033450004,-0.0030181623932250003,0.0017419108669470002,0.0629046898092633,3.606593000313296,0.23816400016585249,0.12598000012076227,0.0
pd,00:03:09.309,343,-90.062,-90.0,-0.0,-89.893,0.246,-0.0,0.0,0.0,0.0,0.0,0.0,0.0,-90.0,-90.0,0.0,-89.901,0.239,-0.0,-90.031,-90.0,0.0,-89.89699999999999,0.2425,0.0,3.7568166425887024,0.0,0.0,-0.48475053452732453,-0.4241567177116444,0.0,0.0309999999999917,0.0,0.0,-0.003999999999990678,-0.003500000000000003,0.0,0.7779937,-0.034424500000000004,0.0275396,-0.1101584,-0.0206547,0.06884900000000001,0.020389743589488,-0.0019072039071799999,-0.005305494505428,0.0023282967033450004,-0.0030181623932250003,0.0017419108669470002,0.0629046898092633,1.9523880000633653,0.23071999976309598,0.10255500001221662,0.0
pd,00:03:09.311,344,-90.062,-90.0,-0.0,-89.893,0.246,-0.0,0.0,0.0,0.0,0.0,0.0,0.0,-90.0,-90.0,0.0,-89.901,0.239,-0.0,-90.031,-90.0,0.0,-89.89699999999999,0.2425,0.0,6.509633723840743,0.0,0.0,-0.8399527385596627,-0.7349586462401128,0.0,0.0309999999999917,0.0,0.0,-0.003999999999990678,-0.003500000000000003,0.0,0.7779937,-0.034424500000000004,0.0275396,-0.1101584,-0.0206547,0.06884900000000001,0.020389743589488,-0.0019072039071799999,-0.005305494505428,0.0023282967033450004,-0.0030181623932250003,0.0017419108669470002,0.0629046898092633,2.128867999999784,0.21986899992043618,0.1050729997587041,0.0
pd,00:03:09.314,345,-90.039,-90.0,-0.0,-89.893,0.246,-0.0,9.013266560775838,0.0,0.0,0.0,0.0,0.0,-90.0,-90.0,0.0,-89.901,0.239,-0.0,-90.92082665607758,-90.0,0.0,-89.89699999999999,0.2425,0.0,-172.78562416578674,0.0,0.0,-0.7837623096323788,-0.6857920209287122,0.0,-0.8818266560775783,0.0,0.0,-0.003999999999990678,-0.003500000000000003,0.0,0.7779937,-0.034424500000000004,0.0275396,-0.1101584,-0.0206547,0.06884900000000001,0.020389743589488,-0.0019072039071799999,-0.005305494505428,0.0023282967033450004,-0.0030181623932250003,0.0017419108669470002,0.040422765862816026,1.7566679998708423,0.15247999999701278,0.062259000060294056,0.0
pd,00:03:09.316,346,-90.039,-90.0,-0.0,-89.893,0.246,-0.0,0.0,0.0,0.0,0.0,0.0,0.0,-90.0,-90.0,0.0,-89.901,0.239,-0.0,-90.0195,-90.0,0.0,-89.89699999999999,0.2425,0.0,4.776274702172571,0.0,0.0,-0.9797486568553317,-0.8572800747488912,0.0,0.019500000000007844,0.0,0.0,-0.003999999999990678,-0.003500000000000003,0.0,0.7779937,-0.034424500000000004,0.0275396,-0.1101584,-0.0206547,0.06884900000000001,0.020389743589488,-0.0019072039071799999,-0.005305494505428,0.0023282967033450004,-0.0030181623932250003,0.0017419108669470002,0.040422765862816026,1.820685999973648,0.1587209999343031,0.06961099961699801,0.0
pd,00:03:09.318,347,-90.039,-90.0,-0.0,-89.893,0.246,-0.0,0.0,0.0,0.0,0.0,0.0,0.0,-90.0,-90.0,0.0,-89.901,0.239,-0.0,-90.0195,-90.0,0.0,-89.89699999999999,0.2425,0.0,4.600569692879013,0.0,0.0,-0.9437066036669312,-0.8257432782090232,0.0,0.019500000000007844,0.0,0.0,-0.003999999999990678,-0.003500000000000003,0.0,0.7779937,-0.034424500000000004,0.0275396,-0.1101584,-0.0206547,0.06884900000000001,0.020389743589488,-0.0019072039071799999,-0.005305494505428,0.0023282967033450004,-0.0030181623932250003,0.0017419108669470002,0.040422765862816026,1.6463360002489935,0.13286900002640323,0.05805499995403807,0.0
pd,00:03:09.320,348,-90.039,-90.0,-0.0,-89.893,0.246,-0.0,0.0,0.0,0.0,0.0,0.0,0.0,-90.0,-90.0,0.0,-89.901,0.239,-0.0,-90.0195,-90.0,0.0,-89.89699999999999,0.2425,0.0,5.135559964837568,0.0,0.0,-1.0534481979147747,-0.9217671731759395,0.0,0.019500000000007844,0.0,0.0,-0.003999999999990678,-0.003500000000000003,0.0,0.7779937,-0.034424500000000004,0.0275396,-0.1101584,-0.0206547,0.06884900000000001,0.020389743589488,-0.0019072039071799999,-0.005305494505428,0.0023282967033450004,-0.0030181623932250003,0.0017419108669470002,0.040422765862816026,1.9072589998359035,0.3158300000905001,0.13425799988908693,0.0
pd,00:03:09.323,349,-90.039,-90.0,-0.0,-89.893,0.246,-0.0,0.0,0.0,0.0,0.0,0.0,0.0,-90.0,-90.0,0.0,-89.901,0.239,-0.0,-90.0195,-90.0,0.0,-89.89699999999999,0.2425,0.0,3.2634637299498483,0.0,0.0,-0.6694284574252135,-0.585749900247387,0.0,0.019500000000007844,0.0,0.0,-0.003999999999990678,-0.003500000000000003,0.0,0.7917635000000001,-0.0275396,-0.0,0.0068849,-0.0068849,0.034424500000000004,0.019210744810504,-0.001057631257618,-0.0049934065933439995,0.0029146825397430003,-0.0033113553114240005,0.002104090354134,0.040422765862816026,4.481585000121413,0.5416980002337368,0.12510999977166648,0.0
pd,00:03:09.328,350,-90.039,-90.0,-0.0,-89.893,0.246,-0.0,0.0,0.0,0.0,0.0,0.0,0.0,-90.0,-90.0,0.0,-89.901,0.239,-0.0,-90.0195,-90.0,0.0,-89.89699999999999,0.2425,0.0,1.8531114736270413,0.0,0.0,-0.3801254304873732,-0.33260975167663615,0.0,0.019500000000007844,0.0,0.0,-0.003999999999990678,-0.003500000000000003,0.0,0.7917635000000001,-0.0275396,-0.0,0.0068849,-0.0068849,0.034424500000000004,0.019210744810504,-0.001057631257618,-0.0049934065933439995,0.0029146825397430003,-0.0033113553114240005,0.002104090354134,0.040422765862816026,1.8774069999381027,0.1992200000131561,0.08675799972479581,0.0
pd,00:03:09.331,351,-90.039,-90.0,-0.0,-89.893,0.246,-0.0,0.0,0.0,0.0,0.0,0.0,0.0,-90.0,-90.0,0.0,-89.901,0.239,-0.0,-90.0195,-90.0,0.0,-89.89699999999999,0.2425,0.0,3.7421727672036558,0.0,0.0,-0.76762518301568,-0.6716720351390928,0.0,0.019500000000007844,0.0,0.0,-0.003999999999990678,-0.003500000000000003,0.0,0.7917635000000001,-0.0275396,-0.0,0.0068849,-0.0068849,0.034424500000000004,0.019210744810504,-0.001057631257618,-0.0049934065933439995,0.0029146825397430003,-0.0033113553114240005,0.002104090354134,0.040422765862816026,1.8404630000077304,0.34638600027392386,0.09909200025504106,0.0
pd,00:03:09.333,352,-90.039,-90.0,-0.0,-89.893,0.246,-0.0,0.0,0.0,0.0,0.0,0.0,0.0,-90.0,-90.0,0.0,-89.901,0.239,-0.0,-90.0195,-90.0,0.0,-89.89699999999999,0.2425,0.0,4.085769207713213,0.0,0.0,-0.8381065041458039,-0.7333431911279855,0.0,0.019500000000007844,0.0,0.0,-0.003999999999990678,-0.003500000000000003,0.0,0.7917635000000001,-0.0275396,-0.0,0.0068849,-0.0068849,0.034424500000000004,0.019210744810504,-0.001057631257618,-0.0049934065933439995,0.0029146825397430003,-0.0033113553114240005,0.002104090354134,0.040422765862816026,1.910795000185317,0.18159100000048056,0.07749899987175013,0.0
pd,00:03:09.335,353,-90.023,-90.0,0.0,-89.893,0.246,-0.0,7.12938106873711,0.0,0.0,0.0,0.0,0.0,-90.0,-90.0,0.0,-89.901,0.239,-0.0,-90.7244381068737,-90.0,0.0,-89.89699999999999,0.2425,0.0,-156.27561125108053,0.0,0.0,-0.8911726335913471,-0.7797760543928617,0.0,-0.7014381068737094,0.0,0.0,-0.003999999999990678,-0.003500000000000003,0.0,0.7917635000000001,-0.0275396,-0.0,0.0068849,-0.0068849,0.034424500000000004,0.019210744810504,-0.001057631257618,-0.0049934065933439995,0.0029146825397430003,-0.0033113553114240005,0.002104090354134,0.025337718918634948,2.081756999814388,0.2645709996613732,0.13253599991003284,0.0
pd,00:03:09.338,354,-90.023,-90.0,0.0,-89.893,0.246,-0.0,0.0,0.0,0.0,0.0,0.0,0.0,-90.0,-90.0,0.0,-89.901,0.239,-0.0,-90.0115,-90.0,0.0,-89.89699999999999,0.2425,0.0,2.1867121225855426,0.0,0.0,-0.7605955208990254,-0.6655210807870167,0.0,0.011499999999998067,0.0,0.0,-0.003999999999990678,-0.003500000000000003,0.0,0.7917635000000001,-0.0275396,-0.0,0.0068849,-0.0068849,0.034424500000000004,0.019210744810504,-0.001057631257618,-0.0049934065933439995,0.0029146825397430003,-0.0033113553114240005,0.002104090354134,0.025337718918634948,1.865315000031842,0.30073799962337944,0.15923899991321377,0.0
pd,00:03:09.340,355,-90.023,-90.0,0.0,-89.893,0.246,-0.0,0.0,0.0,0.0,0.0,0.0,0.0,-90.0,-90.0,0.0,-89.901,0.239,-0.0,-90.0115,-90.0,0.0,-89.89699999999999,0.2425,0.0,2.349692907248241,0.0,0.0,-0.8172844894773335,-0.7151239282930638,0.0,0.011499999999998067,0.0,0.0,-0.003999999999990678,-0.003500000000000003,0.0,0.7917635000000001,-0.0275396,-0.0,0.0068849,-0.0068849,0.034424500000000004,0.019210744810504,-0.001057631257618,-0.0049934065933439995,0.0029146825397430003,-0.0033113553114240005,0.002104090354134,0.025337718918634948,1.8656110000847548,0.2202380001108395,0.09329600015917094,0.0
pd,00:03:09.343,356,-90.023,-90.0,0.0,-89.893,0.246,-0.0,0.0,0.0,0.0,0.0,0.0,0.0,-90.0,-90.0,0.0,-89.901,0.239,-0.0,-90.0115,-90.0,0.0,-89.89699999999999,0.2425,0.0,2.534122937900173,0.0,0.0,-0.8814340653562416,-0.7712548071871395,0.0,0.011499999999998067,0.0,0.0,-0.003999999999990678,-0.003500000000000003,0.0,0.2822809,-0.0275396,-0.0137698,-0.034424500000000004,-0.0619641,0.0068849,0.020771184370923998,-0.0019072039071799999,-0.0058949938949199995,0.001086538461561,-0.002897435897496,0.0017419108669470002,0.025337718918634948,3.5225200003878854,0.23353400001724367,0.464274000023579,0.0
pd,00:03:09.348,357,-90.023,-90.0,0.0,-89.893,0.246,-0.0,0.0,0.0,0.0,0.0,0.0,0.0,-90.0,-90.0,0.0,-89.901,0.239,-0.0,-90.0115,-90.0,0.0,-89.89699999999999,0.2425,0.0,1.1461480847826226,0.0,0.0,-0.3986602034024974,-0.3488276779773789,0.0,0.011499999999998067,0.0,0.0,-0.003999999999990678,-0.003500000000000003,0.0,0.2822809,-0.0275396,-0.0137698,-0.034424500000000004,-0.0619641,0.0068849,0.020771184370923998,-0.0019072039071799999,-0.0058949938949199995,0.001086538461561,-0.002897435897496,0.0017419108669470002,0.025337718918634948,1.8489999997655104,0.20740599984492292,0.08322100029545254,0.0
pd,00:03:09.350,358,-90.023,-90.0,0.0,-89.893,0.246,-0.0,0.0,0.0,0.0,0.0,0.0,0.0,-90.0,-90.0,0.0,-89.901,0.239,-0.0,-90.0115,-90.0,0.0,-89.89699999999999,0.2425,0.0,2.5829761165252165,0.0,0.0,-0.8984264753127719,-0.7861231658991118,0.0,0.011499999999998067,0.0,0.0,-0.003999999999990678,-0.003500000000000003,0.0,0.2822809,-0.0275396,-0.0137698,-0.034424500000000004,-0.0619641,0.0068849,0.020771184370923998,-0.0019072039071799999,-0.0058949938949199995,0.001086538461561,-0.002897435897496,0.0017419108669470002,0.025337718918634948,1.7312039999524131,0.1692939999884402,0.07372199979727156,0.0
pd,00:03:09.352,359,-90.023,-90.0,0.0,-89.893,0.246,-0.0,0.0,0.0,0.0,0.0,0.0,0.0,-90.0,-90.0,0.0,-89.901,0.239,-0.0,-90.0115,-90.0,0.0,-89.89699999999999,0.2425,0.0,2.8036791443845557,0.0,0.0,-0.9751927458725123,-0.853293652638922,0.0,0.011499999999998067,0.0,0.0,-0.003999999999990678,-0.003500000000000003,0.0,0.2822809,-0.0275396,-0.0137698,-0.034424500000000004,-0.0619641,0.0068849,0.020771184370923998,-0.0019072039071799999,-0.0058949938949199995,0.001086538461561,-0.002897435897496,0.0017419108669470002,0.025337718918634948,1.968609999948967,0.19220200010749977,0.09007299968288862,0.0
pd,00:03:09.354,360,-90.007,-90.0,-0.0,-89.893,0.245,-0.0,6.851338846346382,0.0,-0.0,0.0,-0.42820867789688655,0.0,-90.0,-90.0,0.0,-89.901,0.239,-0.0,-90.68863388463464,-90.0,0.0,-89.89699999999999,0.2848208677896886,0.0,-145.940772274558,0.0,0.0,-0.8564173557932977,8.52582057446464,0.0,-0.6816338846346355,0.0,0.0,-0.003999999999990678,0.03982086778968863,0.0,0.2822809,-0.0275396,-0.0137698,-0.034424500000000004,-0.0619641,0.0068849,0.020771184370923998,-0.0019072039071799999,-0.0058949938949199995,0.001086538461561,-0.002897435897496,0.0017419108669470002,0.012206555615733668,1.6713540003365779,0.14318400008050958,0.05886999997528619,0.0
pd,00:03:09.357,361,-90.007,-90.0,-0.0,-89.893,0.245,-0.0,0.0,0.0,0.0,0.0,0.0,0.0,-90.0,-90.0,0.0,-89.901,0.239,-0.0,-90.0035,-90.0,0.0,-89.89699999999999,0.242,0.0,0.7278167575612539,0.0,0.0,-0.831790580068949,-0.623842935052058,0.0,0.003500000000002501,0.0,0.0,-0.003999999999990678,-0.0030000000000000027,0.0,0.2822809,-0.0275396,-0.0137698,-0.034424500000000004,-0.0619641,0.0068849,0.020771184370923998,-0.0019072039071799999,-0.0058949938949199995,0.001086538461561,-0.002897435897496,0.0017419108669470002,0.012206555615733668,1.893443999961164,0.33292299985987484,0.16798000024209614,0.0
pd,00:03:09.359,362,-90.007,-90.0,-0.0,-89.893,0.245,-0.0,0.0,0.0,0.0,0.0,0.0,0.0,-90.0,-90.0,0.0,-89.901,0.239,-0.0,-90.0035,-90.0,0.0,-89.89699999999999,0.242,0.0,0.6936337176342133,0.0,0.0,-0.7927242487238094,-0.594543186543187,0.0,0.003500000000002501,0.0,0.0,-0.003999999999990678,-0.0030000000000000027,0.0,0.2822809,-0.0275396,-0.0137698,-0.034424500000000004,-0.0619641,0.0068849,0.020771184370923998,-0.0019072039071799999,-0.0058949938949199995,0.001086538461561,-0.002897435897496,0.0017419108669470002,0.012206555615733668,1.8554069997662737,0.2607750002425746,0.08451799976683105,0.0
pd,00:03:09.362,363,-90.007,-90.0,-0.0,-89.893,0.245,-0.0,0.0,0.0,0.0,0.0,0.0,0.0,-90.0,-90.0,0.0,-89.901,0.239,-0.0,-90.0035,-90.0,0.0,-89.89699999999999,0.242,0.0,0.7656234484202822,0.0,0.0,-0.8749982267649266,-0.6562486700740592,0.0,0.003500000000002501,0.0,0.0,-0.003999999999990678,-0.0030000000000000027,0.0,0.2822809,-0.0275396,-0.0137698,-0.034424500000000004,-0.0619641,0.0068849,0.020771184370923998,-0.0019072039071799999,-0.0058949938949199995,0.001086538461561,-0.002897435897496,0.0017419108669470002,0.012206555615733668,1.8138899999939895,1.4558749999196152,0.37656999984392314,0.0
pd,00:03:09.366,364,-90.007,-90.0,-0.0,-89.893,0.245,-0.0,0.0,0.0,0.0,0.0,0.0,0.0,-90.0,-90.0,0.0,-89.901,0.239,-0.0,-90.0035,-90.0,0.0,-89.89699999999999,0.242,0.0,0.4338336781136737,0.0,0.0,-0.4958099178435694,-0.3718574383828835,0.0,0.003500000000002501,0.0,0.0,-0.003999999999990678,-0.0030000000000000027,0.0,0.2409715,0.0,0.0068849,-0.034424500000000004,-0.0550792,-0.034424500000000004,0.020407081806826,-0.001595115995096,-0.00554822954816,0.002276556776604,-0.002690476190532,0.001431471306501,0.012206555615733668,3.282336999745894,0.25210799958585994,0.12040599995088996,0.0
pd,00:03:09.369,365,-90.007,-90.0,-0.0,-89.893,0.245,-0.0,0.0,0.0,0.0,0.0,0.0,0.0,-90.0,-90.0,0.0,-89.901,0.239,-0.0,-90.0035,-90.0,0.0,-89.89699999999999,0.242,0.0,0.46570852103326216,0.0,0.0,-0.5322383097516243,-0.3991787323139398,0.0,0.003500000000002501,0.0,0.0,-0.003999999999990678,-0.0030000000000000027,0.0,0.2409715,0.0,0.0068849,-0.034424500000000004,-0.0550792,-0.034424500000000004,0.020407081806826,-0.001595115995096,-0.00554822954816,0.002276556776604,-0.002690476190532,0.001431471306501,0.012206555615733668,1.7792050002753967,0.149369000155275,0.06299899996520253,0.0
pd,00:03:09.371,366,-90.007,-90.0,-0.0,-89.893,0.245,-0.0,0.0,0.0,0.0,0.0,0.0,0.0,-90.0,-90.0,0.0,-89.901,0.239,-0.0,-90.0035,-90.0,0.0,-89.89699999999999,0.242,0.0,0.8501311095674363,0.0,0.0,-0.9715784109329801,-0.7286838082001397,0.0,0.003500000000002501,0.0,0.0,-0.003999999999990678,-0.0030000000000000027,0.0,0.2409715,0.0,0.0068849,-0.034424500000000004,-0.0550792,-0.034424500000000004,0.020407081806826,-0.001595115995096,-0.00554822954816,0.002276556776604,-0.002690476190532,0.001431471306501,0.012206555615733668,2.0739050000884163,0.40814400017552543,0.13831299975208822,0.0
pd,00:03:09.374,367,-90.0,-90.0,-0.0,-89.894,0.245,-0.0,2.551501520815241,0.0,0.0,-0.3645002172608001,0.0,0.0,-90.0,-90.0,0.0,-89.901,0.239,-0.0,-90.25515015208153,-90.0,0.0,-89.86104997827393,0.242,0.0,-46.50114293369884,0.0,0.0,6.00514503892429,-0.5467503258885901,0.0,-0.25515015208152647,0.0,0.0,0.03295002172608008,-0.0030000000000000027,0.0,0.2409715,0.0,0.0068849,-0.034424500000000004,-0.0550792,-0.034424500000000004,0.020407081806826,-0.001595115995096,-0.00554822954816,0.002276556776604,-0.002690476190532,0.001431471306501,0.0092195444572859,2.0525159998214804,0.2702010001485178,0.20434999987628544,0.0
pd,00:03:09.377,368,-90.0,-90.0,-0.0,-89.894,0.245,-0.0,0.0,0.0,0.0,0.0,0.0,0.0,-90.0,-90.0,0.0,-89.901,0.239,-0.0,-90.0,-90.0,0.0,-89.89750000000001,0.242,0.0,0.0,0.0,0.0,-0.6615621451095398,-0.5670532672374948,0.0,0.0,0.0,0.0,-0.003500000000002501,-0.0030000000000000027,0.0,0.2409715,0.0,0.0068849,-0.034424500000000004,-0.0550792,-0.034424500000000004,0.020407081806826,-0.001595115995096,-0.00554822954816,0.002276556776604,-0.002690476190532,0.001431471306501,0.0092195444572859,2.4516240000593825,0.25140500019915635,0.12516500009951415,0.0
pd,00:03:09.380,369,-90.0,-90.0,-0.0,-89.894,0.245,-0.0,0.0,0.0,0.0,0.0,0.0,0.0,-90.0,-90.0,0.0,-89.901,0.239,-0.0,-90.0,-90.0,0.0,-89.89750000000001,0.242,0.0,0.0,0.0,0.0,-0.5967020567425693,-0.5114589057800183,0.0,0.0,0.0,0.0,-0.003500000000002501,-0.0030000000000000027,0.0,0.2409715,0.0,0.0068849,-0.034424500000000004,-0.0550792,-0.034424500000000004,0.020407081806826,-0.001595115995096,-0.00554822954816,0.002276556776604,-0.002690476190532,0.001431471306501,0.0092195444572859,1.83724099997562,0.17397999999957392,0.08579499990446493,0.0
pd,00:03:09.382,370,-90.0,-90.0,-0.0,-89.894,0.245,-0.0,0.0,0.0,0.0,0.0,0.0,0.0,-90.0,-90.0,0.0,-89.901,0.239,-0.0,-90.0,-90.0,0.0,-89.89750000000001,0.242,0.0,0.0,0.0,0.0,-0.8029791051296733,-0.6882678043977689,0.0,0.0,0.0,0.0,-0.003500000000002501,-0.0030000000000000027,0.0,0.2409715,0.0,0.0068849,-0.034424500000000004,-0.0550792,0.0550792,0.020407081806826,-0.001595115995096,-0.00554822954816,0.002276556776604,-0.002690476190532,0.0017419108669470002,0.0092195444572859,2.9974520002724603,0.930564999634953,0.13855399993190076,0.0
pd,00:03:09.387,371,-90.0,-90.0,-0.0,-89.894,0.245,-0.0,0.0,0.0,0.0,0.0,0.0,0.0,-90.0,-90.0,0.0,-89.901,0.239,-0.0,-90.0,-90.0,0.0,-89.89750000000001,0.242,0.0,0.0,0.0,0.0,-0.35985841055009776,-0.30845006618620413,0.0,0.0,0.0,0.0,-0.003500000000002501,-0.0030000000000000027,0.0,0.0413094,0.0481943,-0.0137698,-0.0619641,-0.0481943,0.0550792,0.020632478632219998,-0.002149938949912,-0.005305494505428,0.0022248168498630004,-0.00258699633705,0.0017419108669470002,0.0092195444572859,2.884044999973412,0.24290500005008653,0.11416600000302424,0.0
pd,00:03:09.390,372,-90.0,-90.0,-0.0,-89.894,0.245,-0.0,0.0,0.0,0.0,0.0,0.0,0.0,-90.0,-90.0,0.0,-89.901,0.239,-0.0,-90.0,-90.0,0.0,-89.89750000000001,0.242,0.0,0.0,0.0,0.0,-0.5231669280107158,-0.4484287954383468,0.0,0.0,0.0,0.0,-0.003500000000002501,-0.0030000000000000027,0.0,0.0413094,0.0481943,-0.0137698,-0.0619641,-0.0481943,0.0550792,0.020632478632219998,-0.002149938949912,-0.005305494505428,0.0022248168498630004,-0.00258699633705,0.0017419108669470002,0.0092195444572859,1.7943339998964802,0.24560899964853888,0.11866600016219309,0.0
pd,00:03:09.392,373,-90.0,-90.0,-0.0,-89.894,0.245,-0.0,0.0,0.0,0.0,0.0,0.0,0.0,-90.0,-90.0,0.0,-89.901,0.239,-0.0,-90.0,-90.0,0.0,-89.89750000000001,0.242,0.0,0.0,0.0,0.0,-0.7721472754039916,-0.6618405217757212,0.0,0.0,0.0,0.0,-0.003500000000002501,-0.0030000000000000027,0.0,0.0413094,0.0481943,-0.0137698,-0.0619641,-0.0481943,0.0550792,0.020632478632219998,-0.002149938949912,-0.005305494505428,0.0022248168498630004,-0.00258699633705,0.0017419108669470002,0.0092195444572859,2.076164999834873,0.32423799984826474,0.13738699999521486,0.0
pd,00:03:09.395,374,-89.996,-90.0,-0.0,-89.894,0.245,-0.0,1.4989025283677748,0.0,0.0,0.0,0.0,0.0,-90.0,-90.0,0.0,-89.901,0.239,-0.0,-90.14789025283677,-90.0,0.0,-89.89750000000001,0.242,0.0,-28.45858550139897,0.0,0.0,-0.6557698561592373,-0.5620884481372291,0.0,-0.15189025283677893,0.0,0.0,-0.003500000000002501,-0.0030000000000000027,0.0,0.0413094,0.0481943,-0.0137698,-0.0619641,-0.0481943,0.0550792,0.020632478632219998,-0.002149938949912,-0.005305494505428,0.0022248168498630004,-0.00258699633705,0.0017419108669470002,0.010049875621116425,2.0393310001054488,0.3884220000145433,0.15025700031401357,0.0
pd,00:03:09.398,375,-89.996,-90.0,-0.0,-89.894,0.245,-0.0,0.0,0.0,0.0,0.0,0.0,0.0,-90.0,-90.0,0.0,-89.901,0.239,-0.0,-89.99799999999999,-90.0,0.0,-89.89750000000001,0.242,0.0,-0.36860040425389984,0.0,0.0,-0.6450507074426878,-0.5529006063801745,0.0,-0.001999999999995339,0.0,0.0,-0.003500000000002501,-0.0030000000000000027,0.0,0.0413094,0.0481943,-0.0137698,-0.0619641,-0.0481943,0.0550792,0.020632478632219998,-0.002149938949912,-0.005305494505428,0.0022248168498630004,-0.00258699633705,0.0017419108669470002,0.010049875621116425,2.1779590001642646,0.22855300039736903,0.10129499969480094,0.0
pd,00:03:09.400,376,-89.996,-90.0,-0.0,-89.894,0.245,-0.0,0.0,0.0,0.0,0.0,0.0,0.0,-90.0,-90.0,0.0,-89.901,0.239,-0.0,-89.99799999999999,-90.0,0.0,-89.89750000000001,0.242,0.0,-0.3786156345915441,0.0,0.0,-0.6625773605335209,-0.5679234518866226,0.0,-0.001999999999995339,0.0,0.0,-0.003500000000002501,-0.0030000000000000027,0.0,0.0413094,0.0481943,-0.0137698,-0.0619641,-0.0481943,0.0550792,0.020632478632219998,-0.002149938949912,-0.005305494505428,0.0022248168498630004,-0.00258699633705,0.0017419108669470002,0.010049875621116425,1.8272229999638512,0.18373900002188748,0.08897999987311778,0.0
pd,00:03:09.403,377,-89.996,-90.0,-0.0,-89.894,0.245,-0.0,0.0,0.0,0.0,0.0,0.0,0.0,-90.0,-90.0,0.0,-89.901,0.239,-0.0,-89.99799999999999,-90.0,0.0,-89.89750000000001,0.242,0.0,-0.4581435281272666,0.0,0.0,-0.801751174220682,-0.6872152921900607,0.0,-0.001999999999995339,0.0,0.0,-0.003500000000002501,-0.0030000000000000027,0.0,0.0,-0.0206547,0.0068849,-0.0,-0.0137698,-0.0068849,0.020493772893515998,-0.0019072039071799999,-0.00554822954816,0.003000915750978,-0.0031216422467070003,0.002190323565369,0.010049875621116425,3.5158719997525623,0.7751769999231328,0.4017179999209475,0.0
pd,00:03:09.408,378,-89.996,-90.0,-0.0,-89.894,0.245,-0.0,0.0,0.0,0.0,0.0,0.0,0.0,-90.0,-90.0,0.0,-89.901,0.239,-0.0,-89.99799999999999,-90.0,0.0,-89.89750000000001,0.242,0.0,-0.20222284364327303,0.0,0.0,-0.3538899763748298,-0.3033342654645391,0.0,-0.001999999999995339,0.0,0.0,-0.003500000000002501,-0.0030000000000000027,0.0,0.0,-0.0206547,0.0068849,-0.0,-0.0137698,-0.0068849,0.020493772893515998,-0.0019072039071799999,-0.00554822954816,0.003000915750978,-0.0031216422467070003,0.002190323565369,0.010049875621116425,2.1533120002459327,0.374645000192686,0.14009100004841457,0.0
pd,00:03:09.410,379,-89.996,-90.0,-0.0,-89.894,0.245,-0.0,0.0,0.0,0.0,0.0,0.0,0.0,-90.0,-90.0,0.0,-89.901,0.239,-0.0,-89.99799999999999,-90.0,0.0,-89.89750000000001,0.242,0.0,-0.3519301896295625,0.0,0.0,-0.6158778318501715,-0.527895284443699,0.0,-0.001999999999995339,0.0,0.0,-0.003500000000002501,-0.0030000000000000027,0.0,0.0,-0.0206547,0.0068849,-0.0,-0.0137698,-0.0068849,0.020493772893515998,-0.0019072039071799999,-0.00554822954816,0.003000915750978,-0.0031216422467070003,0.002190323565369,0.010049875621116425,1.832055999784643,0.23309000016524806,0.11118399970655446,0.0
pd,00:03:09.413,380,-89.996,-90.0,-0.0,-89.894,0.245,-0.0,0.0,0.0,0.0,0.0,0.0,0.0,-90.0,-90.0,0.0,-89.901,0.239,-0.0,-89.99799999999999,-90.0,0.0,-89.89750000000001,0.242,0.0,-0.43396833936938706,0.0,0.0,-0.7594445938945001,-0.6509525090532856,0.0,-0.001999999999995339,0.0,0.0,-0.003500000000002501,-0.0030000000000000027,0.0,0.0,-0.0206547,0.0068849,-0.0,-0.0137698,-0.0068849,0.020493772893515998,-0.0019072039071799999,-0.00554822954816,0.003000915750978,-0.0031216422467070003,0.002190323565369,0.010049875621116425,1.9896280000466504,0.2483860002939764,0.17101699995691888,0.0
pd,00:03:09.416,381,-89.993,-90.0,0.0,-89.895,0.244,-0.0,0.9761762606672209,0.0,0.0,-0.32539208688599086,-0.32539208688906157,0.0,-90.0,-90.0,0.0,-89.901,0.239,-0.0,-90.09411762606672,-90.0,0.0,-89.86546079131139,0.27403920868890613,0.0,-16.45143768355963,0.0,0.0,4.8059123801173556,4.887260401889598,0.0,-0.10111762606672414,0.0,0.0,0.029539208688603935,0.03003920868890614,0.0,0.0,-0.0206547,0.0068849,-0.0,-0.0137698,-0.0068849,0.020493772893515998,-0.0019072039071799999,-0.00554822954816,0.003000915750978,-0.0031216422467070003,0.002190323565369,0.010488088481704986,2.1580709999398096,0.31475600007979665,0.12242399998285691,0.0
pd,00:03:09.418,382,-89.993,-90.0,0.0,-89.895,0.244,-0.0,0.0,0.0,0.0,0.0,0.0,0.0,-90.0,-90.0,0.0,-89.901,0.239,-0.0,-89.9965,-90.0,0.0,-89.898,0.2415,0.0,-0.6473833127540347,0.0,0.0,-0.5548999823602256,-0.4624166519668376,0.0,-0.003500000000002501,0.0,0.0,-0.0030000000000001137,-0.0025000000000000022,0.0,0.0,-0.0206547,0.0068849,-0.0,-0.0137698,-0.0068849,0.020493772893515998,-0.0019072039071799999,-0.00554822954816,0.003000915750978,-0.0031216422467070003,0.002190323565369,0.010488088481704986,1.8268149997311411,0.2270350000799226,0.22546099989995128,0.0
pd,00:03:09.421,383,-89.993,-90.0,0.0,-89.895,0.244,-0.0,0.0,0.0,0.0,0.0,0.0,0.0,-90.0,-90.0,0.0,-89.901,0.239,-0.0,-89.9965,-90.0,0.0,-89.898,0.2415,0.0,-0.7353267882193193,0.0,0.0,-0.6302801041875614,-0.5252334201562818,0.0,-0.003500000000002501,0.0,0.0,-0.0030000000000001137,-0.0025000000000000022,0.0,0.0,-0.0206547,0.0068849,-0.0,-0.0137698,-0.0068849,0.020493772893515998,-0.0019072039071799999,-0.00554822954816,0.003000915750978,-0.0031216422467070003,0.002190323565369,0.010488088481704986,1.7973889998756931,0.2529609996599902,0.11810999967565294,0.0
pd,00:03:09.423,384,-89.993,-90.0,0.0,-89.895,0.244,-0.0,0.0,0.0,0.0,0.0,0.0,0.0,-90.0,-90.0,0.0,-89.901,0.239,-0.0,-89.9965,-90.0,0.0,-89.898,0.2415,0.0,-0.7677857740591261,0.0,0.0,-0.6581020920502342,-0.5484184100418414,0.0,-0.003500000000002501,0.0,0.0,-0.0030000000000001137,-0.0025000000000000022,0.0,0.0137698,-0.0757339,0.0275396,-0.0137698,-0.1032735,0.0275396,0.020597802197544,-0.001595115995096,-0.00554822954816,0.00241452991458,-0.002483516483568,0.001276251526278,0.010488088481704986,4.8528960001021915,0.32427399992229766,0.14029499971002224,0.0
pd,00:03:09.429,385,-89.993,-90.0,0.0,-89.895,0.244,-0.0,0.0,0.0,0.0,0.0,0.0,0.0,-90.0,-90.0,0.0,-89.901,0.239,-0.0,-89.9965,-90.0,0.0,-89.898,0.2415,0.0,-0.3214941088872693,0.0,0.0,-0.27556637904604436,-0.22963864920502847,0.0,-0.003500000000002501,0.0,0.0,-0.0030000000000001137,-0.0025000000000000022,0.0,0.0137698,-0.0757339,0.0275396,-0.0137698,-0.1032735,0.0275396,0.020597802197544,-0.001595115995096,-0.00554822954816,0.00241452991458,-0.002483516483568,0.001276251526278,0.010488088481704986,2.0274789999348286,0.22614599993175943,0.10136900027646334,0.0
pd,00:03:09.431,386,-89.993,-90.0,0.0,-89.895,0.244,-0.0,0.0,0.0,0.0,0.0,0.0,0.0,-90.0,-90.0,0.0,-89.901,0.239,-0.0,-89.9965,-90.0,0.0,-89.898,0.2415,0.0,-0.714566978193657,0.0,0.0,-0.6124859813084345,-0.5104049844236764,0.0,-0.003500000000002501,0.0,0.0,-0.0030000000000001137,-0.0025000000000000022,0.0,0.0137698,-0.0757339,0.0275396,-0.0137698,-0.1032735,0.0275396,0.020597802197544,-0.001595115995096,-0.00554822954816,0.00241452991458,-0.002483516483568,0.001276251526278,0.010488088481704986,2.0044429998051783,0.27559000000110245,0.1402019997840398,0.0
pd,00:03:09.434,387,-89.993,-90.0,0.0,-89.895,0.244,-0.0,0.0,0.0,0.0,0.0,0.0,0.0,-90.0,-90.0,0.0,-89.901,0.239,-0.0,-89.9965,-90.0,0.0,-89.898,0.2415,0.0,-0.6877196664485379,0.0,0.0,-0.5894739998126336,-0.4912283331771765,0.0,-0.003500000000002501,0.0,0.0,-0.0030000000000001137,-0.0025000000000000022,0.0,0.0137698,-0.0757339,0.0275396,-0.0137698,-0.1032735,0.0275396,0.020597802197544,-0.001595115995096,-0.00554822954816,0.00241452991458,-0.002483516483568,0.001276251526278,0.010488088481704986,2.2026819997336133,0.2582760002951545,0.12373999970805016,0.0
pd,00:03:09.436,388,-89.992,-90.0,0.0,-89.895,0.244,-0.0,0.371111661649303,0.0,0.0,0.0,0.0,0.0,-90.0,-90.0,0.0,-89.901,0.239,-0.0,-90.03311116616493,-90.0,0.0,-89.898,0.2415,0.0,-7.628416593975514,0.0,0.0,-0.5566674924792283,-0.4638895770660064,0.0,-0.041111166164924384,0.0,0.0,-0.0030000000000001137,-0.0025000000000000022,0.0,0.0137698,-0.0757339,0.0275396,-0.0137698,-0.1032735,0.0275396,0.020597802197544,-0.001595115995096,-0.00554822954816,0.00241452991458,-0.002483516483568,0.001276251526278,0.0111803398874959,1.8104260002473893,0.15938700016704388,0.06977700013521826,0.0
pd,00:03:09.438,389,-89.992,-90.0,0.0,-89.895,0.244,-0.0,0.0,0.0,0.0,0.0,0.0,0.0,-90.0,-90.0,0.0,-89.901,0.239,-0.0,-89.99600000000001,-90.0,0.0,-89.898,0.2415,0.0,-0.9175900240642475,0.0,0.0,-0.6881925180485932,-0.573493765040473,0.0,-0.0040000000000048885,0.0,0.0,-0.0030000000000001137,-0.0025000000000000022,0.0,0.0137698,-0.0757339,0.0275396,-0.0137698,-0.1032735,0.0275396,0.020597802197544,-0.001595115995096,-0.00554822954816,0.00241452991458,-0.002483516483568,0.001276251526278,0.0111803398874959,1.7169279999507125,0.17370199975630385,0.0748330003261799,0.0
pd,00:03:09.440,390,-89.992,-90.0,0.0,-89.895,0.244,-0.0,0.0,0.0,0.0,0.0,0.0,0.0,-90.0,-90.0,0.0,-89.901,0.239,-0.0,-89.99600000000001,-90.0,0.0,-89.898,0.2415,0.0,-0.9803211405861109,0.0,0.0,-0.7352408554400185,-0.6127007128666594,0.0,-0.0040000000000048885,0.0,0.0,-0.0030000000000001137,-0.0025000000000000022,0.0,0.0137698,-0.0757339,0.0275396,-0.0137698,-0.1032735,0.0275396,0.020597802197544,-0.001595115995096,-0.00554822954816,0.00241452991458,-0.002483516483568,0.001276251526278,0.0111803398874959,1.730686999962927,0.14170199983709608,0.06709200033583329,0.0
pd,00:03:09.443,391,-89.992,-90.0,0.0,-89.895,0.244,-0.0,0.0,0.0,0.0,0.0,0.0,0.0,-90.0,-90.0,0.0,-89.901,0.239,-0.0,-89.99600000000001,-90.0,0.0,-89.898,0.2415,0.0,-0.838190247801294,0.0,0.0,-0.6286426858513428,-0.5238689048760996,0.0,-0.0040000000000048885,0.0,0.0,-0.0030000000000001137,-0.0025000000000000022,0.0,0.034424500000000004,0.0137698,-0.0,-0.0481943,-0.0550792,-0.0275396,0.020181684981432,-0.002132600732574,-0.005045421245358,0.0030871489622130003,-0.00241452991458,0.0017246642247000002,0.0111803398874959,3.3658549996289366,0.9821569997257029,0.18475700017006602,0.0
pd,00:03:09.448,392,-89.992,-90.0,0.0,-89.895,0.244,-0.0,0.0,0.0,0.0,0.0,0.0,0.0,-90.0,-90.0,0.0,-89.901,0.239,-0.0,-89.99600000000001,-90.0,0.0,-89.898,0.2415,0.0,-0.4186976790614101,0.0,0.0,-0.3140232592962435,-0.2616860494135266,0.0,-0.0040000000000048885,0.0,0.0,-0.0030000000000001137,-0.0025000000000000022,0.0,0.034424500000000004,0.0137698,-0.0,-0.0481943,-0.0550792,-0.0275396,0.020181684981432,-0.002132600732574,-0.005045421245358,0.0030871489622130003,-0.00241452991458,0.0017246642247000002,0.0111803398874959,2.246237000235851,0.3346069997860468,0.14009100004841457,0.0
pd,00:03:09.450,393,-89.992,-90.0,0.0,-89.895,0.244,-0.0,0.0,0.0,0.0,0.0,0.0,0.0,-90.0,-90.0,0.0,-89.901,0.239,-0.0,-89.99600000000001,-90.0,0.0,-89.898,0.2415,0.0,-0.704510624002297,0.0,0.0,-0.5283829680020357,-0.4403191400016801,0.0,-0.0040000000000048885,0.0,0.0,-0.0030000000000001137,-0.0025000000000000022,0.0,0.034424500000000004,0.0137698,-0.0,-0.0481943,-0.0550792,-0.0275396,0.020181684981432,-0.002132600732574,-0.005045421245358,0.0030871489622130003,-0.00241452991458,0.0017246642247000002,0.0111803398874959,1.8251480000799347,0.22777599997425568,0.17062799997802358,0.0
pd,00:03:09.453,394,-89.992,-90.0,0.0,-89.895,0.244,-0.0,0.0,0.0,0.0,0.0,0.0,0.0,-90.0,-90.0,0.0,-89.901,0.239,-0.0,-89.99600000000001,-90.0,0.0,-89.898,0.2415,0.0,-0.8585209292800482,0.0,0.0,-0.6438906969604175,-0.536575580800328,0.0,-0.0040000000000048885,0.0,0.0,-0.0030000000000001137,-0.0025000000000000022,0.0,0.034424500000000004,0.0137698,-0.0,-0.0481943,-0.0550792,-0.0275396,0.020181684981432,-0.002132600732574,-0.005045421245358,0.0030871489622130003,-0.00241452991458,0.0017246642247000002,0.0111803398874959,2.0244799998181406,0.24871999994502403,0.11864699990837835,0.0
pd,00:03:09.455,395,-89.992,-90.0,0.0,-89.895,0.243,-0.0,0.0,0.0,0.0,0.0,-0.40060210124164314,0.0,-90.0,-90.0,0.0,-89.901,0.239,-0.0,-89.99600000000001,-90.0,0.0,-89.898,0.2810602101241643,0.0,-0.8012042024828415,0.0,0.0,-0.600903151862487,7.6235000747193356,0.0,-0.0040000000000048885,0.0,0.0,-0.0030000000000001137,0.03806021012416433,0.0,0.034424500000000004,0.0137698,-0.0,-0.0481943,-0.0550792,-0.0275396,0.020181684981432,-0.002132600732574,-0.005045421245358,0.0030871489622130003,-0.00241452991458,0.0017246642247000002,0.010770329614265843,1.7850570002337918,0.16001700032575172,0.06877700025142985,0.0
pd,00:03:09.457,396,-89.992,-90.0,0.0,-89.895,0.243,-0.0,0.0,0.0,0.0,0.0,0.0,0.0,-90.0,-90.0,0.0,-89.901,0.239,-0.0,-89.99600000000001,-90.0,0.0,-89.898,0.241,0.0,-0.9589172382253488,0.0,0.0,-0.7191879286694374,-0.4794586191129405,0.0,-0.0040000000000048885,0.0,0.0,-0.0030000000000001137,-0.0020000000000000018,0.0,0.034424500000000004,0.0137698,-0.0,-0.0481943,-0.0550792,-0.0275396,0.020181684981432,-0.002132600732574,-0.005045421245358,0.0030871489622130003,-0.00241452991458,0.0017246642247000002,0.010770329614265843,1.7639630000303441,0.14335100013340707,0.06222199999683653,0.0
pd,00:03:09.459,397,-89.992,-90.0,0.0,-89.895,0.243,-0.0,0.0,0.0,0.0,0.0,0.0,0.0,-90.0,-90.0,0.0,-89.901,0.239,-0.0,-89.99600000000001,-90.0,0.0,-89.898,0.241,0.0,-0.9833088735195582,0.0,0.0,-0.7374816551401053,-0.491654436760052,0.0,-0.0040000000000048885,0.0,0.0,-0.0030000000000001137,-0.0020000000000000018,0.0,0.034424500000000004,0.0137698,-0.0,-0.0481943,-0.0550792,-0.0275396,0.020181684981432,-0.002132600732574,-0.005045421245358,0.0030871489622130003,-0.00241452991458,0.0017246642247000002,0.010770329614265843,1.7097980003200064,0.13429499995254446,0.058851000176218804,0.0
pd,00:03:09.461,398,-89.992,-90.0,0.0,-89.895,0.243,-0.0,0.0,0.0,0.0,0.0,0.0,0.0,-90.0,-90.0,0.0,-89.901,0.239,-0.0,-89.99600000000001,-90.0,0.0,-89.898,0.241,0.0,-1.017170850005499,0.0,0.0,-0.762878137504576,-0.5085854250030318,0.0,-0.0040000000000048885,0.0,0.0,-0.0030000000000001137,-0.0020000000000000018,0.0,0.034424500000000004,0.0137698,-0.0,-0.0481943,-0.0550792,-0.0275396,0.020181684981432,-0.002132600732574,-0.005045421245358,0.0030871489622130003,-0.00241452991458,0.0017246642247000002,0.010770329614265843,1.684167999883357,0.1477020000493212,0.06481399987023906,0.0
pd,00:03:09.463,399,-89.992,-90.0,0.0,-89.895,0.243,-0.0,0.0,0.0,0.0,0.0,0.0,0.0,-90.0,-90.0,0.0,-89.901,0.239,-0.0,-89.99600000000001,-90.0,0.0,-89.898,0.241,0.0,-1.0181585143822491,0.0,0.0,-0.763618885787139,-0.5090792571914072,0.0,-0.0040000000000048885,0.0,0.0,-0.0030000000000001137,-0.0020000000000000018,0.0,-0.0206547,0.0137698,-0.0206547,-0.034424500000000004,-0.0206547,0.0275396,0.01933211233187,-0.001872527472504,-0.005340170940104,0.001362484737513,-0.002655982906038,0.001500457875489,0.010770329614265843,3.860850000364735,0.4312360001677007,0.10366600008637761,0.0
pd,00:03:09.468,400,-89.992,-90.0,0.0,-89.895,0.243,-0.0,0.0,0.0,0.0,0.0,0.0,0.0,-90.0,-90.0,0.0,-89.901,0.239,-0.0,-89.99600000000001,-90.0,0.0,-89.898,0.241,0.0,-0.43937816886629744,0.0,0.0,-0.3295336266499182,-0.21968908443327068,0.0,-0.0040000000000048885,0.0,0.0,-0.0030000000000001137,-0.0020000000000000018,0.0,-0.0206547,0.0137698,-0.0206547,-0.034424500000000004,-0.0206547,0.0275396,0.01933211233187,-0.001872527472504,-0.005340170940104,0.001362484737513,-0.002655982906038,0.001500457875489,0.010770329614265843,1.8549999999777356,0.1716090000627446,0.07481400007236516,0.0
pd,00:03:09.471,401,-89.992,-90.0,0.0,-89.895,0.243,-0.0,0.0,0.0,0.0,0.0,0.0,0.0,-90.0,-90.0,0.0,-89.901,0.239,-0.0,-89.99600000000001,-90.0,0.0,-89.898,0.241,0.0,-0.723592512722794,0.0,0.0,-0.5426943845424168,-0.36179625636159785,0.0,-0.0040000000000048885,0.0,0.0,-0.0030000000000001137,-0.0020000000000000018,0.0,-0.0206547,0.0137698,-0.0206547,-0.034424500000000004,-0.0206547,0.0275396,0.01933211233187,-0.001872527472504,-0.005340170940104,0.001362484737513,-0.002655982906038,0.001500457875489,0.010770329614265843,1.9130730001961638,0.3423119997023605,0.12168300008852384,0.0
pd,00:03:09.473,402,-89.992,-90.0,0.0,-89.895,0.243,-0.0,0.0,0.0,0.0,0.0,0.0,0.0,-90.0,-90.0,0.0,-89.901,0.239,-0.0,-89.99600000000001,-90.0,0.0,-89.898,0.241,0.0,-0.7954303053285938,0.0,0.0,-0.5965727289967986,-0.3977151526645177,0.0,-0.0040000000000048885,0.0,0.0,-0.0030000000000001137,-0.0020000000000000018,0.0,-0.0206547,0.0137698,-0.0206547,-0.034424500000000004,-0.0206547,0.0275396,0.01933211233187,-0.001872527472504,-0.005340170940104,0.001362484737513,-0.002655982906038,0.001500457875489,0.010770329614265843,1.7214829999829817,0.1880350000647013,0.08668400005262811,0.0
pd,00:03:09.475,403,-89.992,-90.0,0.0,-89.895,0.243,-0.0,0.0,0.0,0.0,0.0,0.0,0.0,-90.0,-90.0,0.0,-89.901,0.239,-0.0,-89.99600000000001,-90.0,0.0,-89.898,0.241,0.0,-0.9599047945983924,0.0,0.0,-0.7199285959492205,-0.4799523972994626,0.0,-0.0040000000000048885,0.0,0.0,-0.0030000000000001137,-0.0020000000000000018,0.0,-0.0206547,0.0137698,-0.0206547,-0.034424500000000004,-0.0206547,0.0275396,0.01933211233187,-0.001872527472504,-0.005340170940104,0.001362484737513,-0.002655982906038,0.001500457875489,0.010770329614265843,1.9607949998317054,0.233812999795191,0.12903500009997515,0.0
pd,00:03:09.478,404,-89.991,-90.0,-0.0,-89.896,0.243,-0.0,0.41068285518652964,0.0,-0.0,-0.41068285518652964,0.0,0.0,-90.0,-90.0,0.0,-89.901,0.239,-0.0,-90.03656828551865,-90.0,0.0,-89.85743171448135,0.241,0.0,-9.357056801333052,0.0,0.0,7.919666808187493,-0.41068285518456904,0.0,-0.045568285518655216,0.0,0.0,0.038568285518650214,-0.0020000000000000018,0.0,-0.0206547,0.0137698,-0.0206547,-0.034424500000000004,-0.0206547,0.0275396,0.01933211233187,-0.001872527472504,-0.005340170940104,0.001362484737513,-0.002655982906038,0.001500457875489,0.011045361017185482,1.9030729999940377,0.23197899963633972,0.10883200002353988,0.0
pd,00:03:09.480,405,-89.991,-90.0,-0.0,-89.896,0.243,-0.0,0.0,0.0,0.0,0.0,0.0,0.0,-90.0,-90.0,0.0,-89.901,0.239,-0.0,-89.99549999999999,-90.0,0.0,-89.8985,0.241,0.0,-0.9614083129584716,0.0,0.0,-0.5341157294208672,-0.4272925835370827,0.0,-0.004499999999993065,0.0,0.0,-0.0024999999999977263,-0.0020000000000000018,0.0,-0.0206547,0.0137698,-0.0206547,-0.034424500000000004,-0.0206547,0.0275396,0.01933211233187,-0.001872527472504,-0.005340170940104,0.001362484737513,-0.002655982906038,0.001500457875489,0.011045361017185482,2.072979000331543,0.5570309999711753,0.13349900018511107,0.0
pd,00:03:09.486,406,-89.991,-90.0,-0.0,-89.896,0.243,-0.0,0.0,0.0,0.0,0.0,0.0,0.0,-90.0,-90.0,0.0,-89.901,0.239,-0.0,-89.99549999999999,-90.0,0.0,-89.8985,0.241,0.0,-0.3696218079273209,0.0,0.0,-0.20534544884831707,-0.16427635907880322,0.0,-0.004499999999993065,0.0,0.0,-0.0024999999999977263,-0.0020000000000000018,0.0,0.0206547,-0.0481943,-0.0137698,-0.0275396,-0.0275396,0.0068849,0.018621245421012,-0.002410012209982,-0.005045421245358,0.0037252747253520005,-0.003069902319966,0.0016556776557120003,0.011045361017185482,2.9261560002851184,0.2179610000894172,0.10090600017065299,0.0
pd,00:03:09.489,407,-89.991,-90.0,-0.0,-89.896,0.243,-0.0,0.0,0.0,0.0,0.0,0.0,0.0,-90.0,-90.0,0.0,-89.901,0.239,-0.0,-89.99549999999999,-90.0,0.0,-89.8985,0.241,0.0,-0.674614625777422,0.0,0.0,-0.37478590320932387,-0.2998287225677321,0.0,-0.004499999999993065,0.0,0.0,-0.0024999999999977263,-0.0020000000000000018,0.0,0.0206547,-0.0481943,-0.0137698,-0.0275396,-0.0275396,0.0068849,0.018621245421012,-0.002410012209982,-0.005045421245358,0.0037252747253520005,-0.003069902319966,0.0016556776557120003,0.011045361017185482,2.9407850001916813,0.2845349999915925,0.12227600018377416,0.0
pd,00:03:09.493,408,-89.991,-90.0,-0.0,-89.896,0.243,-0.0,0.0,0.0,0.0,0.0,0.0,0.0,-90.0,-90.0,0.0,-89.901,0.239,-0.0,-89.99549999999999,-90.0,0.0,-89.8985,0.241,0.0,-0.650974960336646,0.0,0.0,-0.3616527557422385,-0.2893222045940542,0.0,-0.004499999999993065,0.0,0.0,-0.0024999999999977263,-0.0020000000000000018,0.0,0.0206547,-0.0481943,-0.0137698,-0.0275396,-0.0275396,0.0068849,0.018621245421012,-0.002410012209982,-0.005045421245358,0.0037252747253520005,-0.003069902319966,0.0016556776557120003,0.011045361017185482,1.7568520001987054,0.16514599974470912,0.06459199994424125,0.0
pd,00:03:09.495,409,-89.991,-90.0,-0.0,-89.896,0.243,-0.0,0.0,0.0,0.0,0.0,0.0,0.0,-90.0,-90.0,0.0,-89.901,0.239,-0.0,-89.99549999999999,-90.0,0.0,-89.8985,0.241,0.0,-1.0948009280742874,0.0,0.0,-0.6082227378184724,-0.48657819025522087,0.0,-0.004499999999993065,0.0,0.0,-0.0024999999999977263,-0.0020000000000000018,0.0,0.0206547,-0.0481943,-0.0137698,-0.0275396,-0.0275396,0.0068849,0.018621245421012,-0.002410012209982,-0.005045421245358,0.0037252747253520005,-0.003069902319966,0.0016556776557120003,0.011045361017185482,2.0411649998095527,0.20299800007705926,0.09835099990596063,0.0
pd,00:03:09.497,410,-89.991,-90.0,0.0,-89.896,0.242,-0.0,0.0,0.0,0.0,0.0,-0.41124659280321635,0.0,-90.0,-90.0,0.0,-89.901,0.239,-0.0,-89.99549999999999,-90.0,0.0,-89.8985,0.28162465928032165,0.0,-0.925304833807271,0.0,0.0,-0.5140582410035525,8.147753060010302,0.0,-0.004499999999993065,0.0,0.0,-0.0024999999999977263,0.03962465928032166,0.0,0.0206547,-0.0481943,-0.0137698,-0.0275396,-0.0275396,0.0068849,0.018621245421012,-0.002410012209982,-0.005045421245358,0.0037252747253520005,-0.003069902319966,0.0016556776557120003,0.010723805294761775,1.7698530000416213,0.15586900008202065,0.06705499981762841,0.0
pd,00:03:09.500,411,-89.991,-90.0,0.0,-89.896,0.242,-0.0,0.0,0.0,0.0,0.0,0.0,0.0,-90.0,-90.0,0.0,-89.901,0.239,-0.0,-89.99549999999999,-90.0,0.0,-89.8985,0.2405,0.0,-0.8981806414771445,0.0,0.0,-0.4989892452646076,-0.2993935471590371,0.0,-0.004499999999993065,0.0,0.0,-0.0024999999999977263,-0.0015000000000000013,0.0,0.0206547,-0.0481943,-0.0137698,-0.0275396,-0.0275396,0.0068849,0.018621245421012,-0.002410012209982,-0.005045421245358,0.0037252747253520005,-0.003069902319966,0.0016556776557120003,0.010723805294761775,1.8712589999267948,0.2212200001849851,0.08344300022145035,0.0
pd,00:03:09.502,412,-89.991,-90.0,0.0,-89.896,0.242,-0.0,0.0,0.0,0.0,0.0,0.0,0.0,-90.0,-90.0,0.0,-89.901,0.239,-0.0,-89.99549999999999,-90.0,0.0,-89.8985,0.2405,0.0,-0.991926003783935,0.0,0.0,-0.551070002101664,-0.33064200126129945,0.0,-0.004499999999993065,0.0,0.0,-0.0024999999999977263,-0.0015000000000000013,0.0,0.0413094,0.0206547,-0.0137698,-0.0275396,-0.0275396,0.0206547,0.016974114773902,-0.002184615384588,-0.00450793650788,0.0017936507936880002,-0.003035409035472,0.001431471306501,0.010723805294761775,12.25073000023258,0.34712600017883233,0.17823899997893022,0.0
pd,00:03:09.515,413,-89.991,-90.0,0.0,-89.896,0.242,-0.0,0.0,0.0,0.0,0.0,0.0,0.0,-90.0,-90.0,0.0,-89.901,0.239,-0.0,-89.99549999999999,-90.0,0.0,-89.8985,0.2405,0.0,-0.17403109152267981,0.0,0.0,-0.09668393973473051,-0.05801036384089112,0.0,-0.004499999999993065,0.0,0.0,-0.0024999999999977263,-0.0015000000000000013,0.0,0.0413094,0.0206547,-0.0137698,-0.0275396,-0.0275396,0.0206547,0.016974114773902,-0.002184615384588,-0.00450793650788,0.0017936507936880002,-0.003035409035472,0.001431471306501,0.010723805294761775,2.3727359998702013,0.3282750003563706,0.1413509999110829,0.0
pd,00:03:09.518,414,-89.991,-90.0,0.0,-89.897,0.241,-0.0,0.0,0.0,0.0,-0.335893649396975,-0.3358936493953715,0.0,-90.0,-90.0,0.0,-89.901,0.239,-0.0,-89.99549999999999,-90.0,0.0,-89.8654106350603,0.2735893649395371,0.0,-0.7557607111396138,0.0,0.0,5.305333535839375,5.473280360509346,0.0,-0.004499999999993065,0.0,0.0,0.03158936493970543,0.032589364939537124,0.0,0.0413094,0.0206547,-0.0137698,-0.0275396,-0.0275396,0.0206547,0.016974114773902,-0.002184615384588,-0.00450793650788,0.0017936507936880002,-0.003035409035472,0.001431471306501,0.010049875621117485,2.125700999840774,0.34049599980789935,0.2334050000172283,0.0
pd,00:03:09.521,415,-89.991,-90.0,0.0,-89.897,0.241,-0.0,0.0,0.0,0.0,0.0,0.0,0.0,-90.0,-90.0,0.0,-89.901,0.239,-0.0,-89.99549999999999,-90.0,0.0,-89.899,0.24,0.0,-0.7264401508737093,0.0,0.0,-0.32286228927643945,-0.1614311446385961,0.0,-0.004499999999993065,0.0,0.0,-0.001999999999995339,-0.0010000000000000009,0.0,0.0413094,0.0206547,-0.0137698,-0.0275396,-0.0275396,0.0206547,0.016974114773902,-0.002184615384588,-0.00450793650788,0.0017936507936880002,-0.003035409035472,0.001431471306501,0.010049875621117485,1.9181480001861928,0.29240499998195446,0.18812799999068375,0.0
pd,00:03:09.524,416,-89.991,-90.0,0.0,-89.897,0.241,-0.0,0.0,0.0,0.0,0.0,0.0,0.0,-90.0,-90.0,0.0,-89.901,0.239,-0.0,-89.99549999999999,-90.0,0.0,-89.899,0.24,0.0,-0.8773063121688536,0.0,0.0,-0.38991391651856694,-0.19495695825973802,0.0,-0.004499999999993065,0.0,0.0,-0.001999999999995339,-0.0010000000000000009,0.0,0.0206547,-0.0068849,0.0206547,0.0757339,-0.0206547,-0.0413094,0.012050061049909999,-0.0012483516483359999,-0.006103052502976,0.002017857142899,-0.0027767094017670003,0.001431471306501,0.010049875621117485,5.153671000243776,0.27929299994866597,0.24709100034669973,0.0
pd,00:03:09.530,417,-89.991,-90.0,0.0,-89.897,0.241,-0.0,0.0,0.0,0.0,0.0,0.0,0.0,-90.0,-90.0,0.0,-89.901,0.239,-0.0,-89.99549999999999,-90.0,0.0,-89.899,0.24,0.0,-0.38464169553700256,0.0,0.0,-0.17095186468270734,-0.08547593234155296,0.0,-0.004499999999993065,0.0,0.0,-0.001999999999995339,-0.0010000000000000009,0.0,0.0206547,-0.0068849,0.0206547,0.0757339,-0.0206547,-0.0413094,0.012050061049909999,-0.0012483516483359999,-0.006103052502976,0.002017857142899,-0.0027767094017670003,0.001431471306501,0.010049875621117485,1.983721000215155,0.3302190002614225,0.15255399966918048,0.0
pd,00:03:09.532,418,-89.991,-90.0,0.0,-89.897,0.241,-0.0,0.0,0.0,0.0,0.0,0.0,0.0,-90.0,-90.0,0.0,-89.901,0.239,-0.0,-89.99549999999999,-90.0,0.0,-89.899,0.24,0.0,-0.8578478320153039,0.0,0.0,-0.3812657031170098,-0.19063285155894935,0.0,-0.004499999999993065,0.0,0.0,-0.001999999999995339,-0.0010000000000000009,0.0,0.0206547,-0.0068849,0.0206547,0.0757339,-0.0206547,-0.0413094,0.012050061049909999,-0.0012483516483359999,-0.006103052502976,0.002017857142899,-0.0027767094017670003,0.001431471306501,0.010049875621117485,2.101404999848455,0.27410799975768896,0.13212900012149476,0.0
pd,00:03:09.535,419,-89.991,-90.0,0.0,-89.897,0.241,-0.0,0.0,0.0,0.0,0.0,0.0,0.0,-90.0,-90.0,0.0,-89.901,0.239,-0.0,-89.99549999999999,-90.0,0.0,-89.899,0.24,0.0,-0.8576919022085211,0.0,0.0,-0.3811964009806621,-0.19059820049077542,0.0,-0.004499999999993065,0.0,0.0,-0.001999999999995339,-0.0010000000000000009,0.0,0.0206547,-0.0068849,0.0206547,0.0757339,-0.0206547,-0.0413094,0.012050061049909999,-0.0012483516483359999,-0.006103052502976,0.002017857142899,-0.0027767094017670003,0.001431471306501,0.010049875621117485,1.8438329998389236,0.2670159997251176,0.12859100024797954,0.0
pd,00:03:09.537,420,-89.99,-90.0,-0.0,-89.898,0.24,-0.0,0.42422413270153003,0.0,-0.0,-0.4242241326955014,-0.42422413269950476,0.0,-90.0,-90.0,0.0,-89.901,0.239,-0.0,-90.03742241327015,-90.0,0.0,-89.85707758673044,0.2819224132699505,0.0,-10.058866070024605,0.0,0.0,8.680137638622789,8.892249705057468,0.0,-0.04742241327015506,0.0,0.0,0.04092241326955559,0.0419224132699505,0.0,0.0206547,-0.0068849,0.0206547,0.0757339,-0.0206547,-0.0413094,0.012050061049909999,-0.0012483516483359999,-0.006103052502976,0.002017857142899,-0.0027767094017670003,0.001431471306501,0.010488088481706426,1.8755549999696086,0.2536270003474783,0.31282999998438754,0.0
pd,00:03:09.540,421,-89.99,-90.0,-0.0,-89.898,0.24,-0.0,0.0,0.0,0.0,0.0,0.0,0.0,-90.0,-90.0,0.0,-89.901,0.239,-0.0,-89.995,-90.0,0.0,-89.89949999999999,0.2395,0.0,-0.8178582013887656,0.0,0.0,-0.24535746041651346,-0.0817858201388348,0.0,-0.005000000000009663,0.0,0.0,-0.0014999999999929514,-0.0005000000000000004,0.0,0.0206547,-0.0068849,0.0206547,0.0757339,-0.0206547,-0.0413094,0.012050061049909999,-0.0012483516483359999,-0.006103052502976,0.002017857142899,-0.0027767094017670003,0.001431471306501,0.010488088481706426,2.0414059999893652,0.30495999999402557,0.14412800010177307,0.0
pd,00:03:09.543,422,-89.99,-90.0,-0.0,-89.898,0.24,-0.0,0.0,0.0,0.0,0.0,0.0,0.0,-90.0,-90.0,0.0,-89.901,0.239,-0.0,-89.995,-90.0,0.0,-89.89949999999999,0.2395,0.0,-0.9522986104809158,0.0,0.0,-0.28568958314413945,-0.09522986104804296,0.0,-0.005000000000009663,0.0,0.0,-0.0014999999999929514,-0.0005000000000000004,0.0,-0.0068849,0.0068849,0.0137698,-0.0550792,-0.0206547,0.0275396,0.013506471306302,-0.001057631257618,-0.004750671550612,0.000551892551904,-0.00241452991458,0.001500457875489,0.010488088481706426,5.185263000385021,0.2974789999825589,0.15379499973278143,0.0
pd,00:03:09.549,423,-89.99,-90.0,-0.0,-89.898,0.24,-0.0,0.0,0.0,0.0,0.0,0.0,0.0,-90.0,-90.0,0.0,-89.901,0.239,-0.0,-89.995,-90.0,0.0,-89.89949999999999,0.2395,0.0,-0.42811252194526456,0.0,0.0,-0.12843375658351852,-0.04281125219450459,0.0,-0.005000000000009663,0.0,0.0,-0.0014999999999929514,-0.0005000000000000004,0.0,-0.0068849,0.0068849,0.0137698,-0.0550792,-0.0206547,0.0275396,0.013506471306302,-0.001057631257618,-0.004750671550612,0.000551892551904,-0.00241452991458,0.001500457875489,0.010488088481706426,2.135015000021667,0.30038499971851707,0.1488679999965825,0.0
pd,00:03:09.551,424,-89.99,-90.0,-0.0,-89.898,0.24,-0.0,0.0,0.0,0.0,0.0,0.0,0.0,-90.0,-90.0,0.0,-89.901,0.239,-0.0,-89.995,-90.0,0.0,-89.89949999999999,0.2395,0.0,-0.9221493272364228,0.0,0.0,-0.2766447981707958,-0.0922149327235952,0.0,-0.005000000000009663,0.0,0.0,-0.0014999999999929514,-0.0005000000000000004,0.0,-0.0068849,0.0068849,0.0137698,-0.0550792,-0.0206547,0.0275396,0.013506471306302,-0.001057631257618,-0.004750671550612,0.000551892551904,-0.00241452991458,0.001500457875489,0.010488088481706426,2.0625909996851988,0.26373800028522965,0.13909100016462617,0.0
pd,00:03:09.554,425,-89.99,-90.0,-0.0,-89.898,0.24,-0.0,0.0,0.0,0.0,0.0,0.0,0.0,-90.0,-90.0,0.0,-89.901,0.239,-0.0,-89.995,-90.0,0.0,-89.89949999999999,0.2395,0.0,-0.9678567472775857,0.0,0.0,-0.2903570241831382,-0.09678567472770915,0.0,-0.005000000000009663,0.0,0.0,-0.0014999999999929514,-0.0005000000000000004,0.0,-0.0068849,0.0068849,0.0137698,-0.0550792,-0.0206547,0.0275396,0.013506471306302,-0.001057631257618,-0.004750671550612,0.000551892551904,-0.00241452991458,0.001500457875489,0.010488088481706426,1.8808879999596684,0.28621899991776445,0.14379399999597808,0.0
pd,00:03:09.556,426,-89.991,-90.0,0.0,-89.894,0.239,-0.0,-0.41088401254114687,0.0,0.0,1.6435360501529095,-0.41088401253918533,0.0,-90.0,-90.0,0.0,-89.901,0.239,-0.0,-89.95441159874588,-90.0,0.0,-90.06185360501529,0.28008840125391854,0.0,7.51679455984216,0.0,0.0,-34.48418137392416,8.441283588015063,0.0,0.03658840125412155,0.0,0.0,-0.16785360501528146,0.04108840125391855,0.0,-0.0068849,0.0068849,0.0137698,-0.0550792,-0.0206547,0.0275396,0.013506471306302,-0.001057631257618,-0.004750671550612,0.000551892551904,-0.00241452991458,0.001500457875489,0.011401754250985996,2.155274999950052,0.39088499988793046,0.20820200006710365,0.0
pd,00:03:09.559,427,-89.991,-90.0,0.0,-89.894,0.239,-0.0,0.0,0.0,0.0,0.0,0.0,0.0,-90.0,-90.0,0.0,-89.901,0.239,-0.0,-89.99549999999999,-90.0,0.0,-89.89750000000001,0.239,0.0,-0.7713898970083667,0.0,0.0,-0.5999699198945843,0.0,0.0,-0.004499999999993065,0.0,0.0,-0.003500000000002501,0.0,0.0,-0.0068849,0.0068849,0.0137698,-0.0550792,-0.0206547,0.0275396,0.013506471306302,-0.001057631257618,-0.004750671550612,0.000551892551904,-0.00241452991458,0.001500457875489,0.011401754250985996,2.203329999701964,0.3536630001690355,0.13851800031261519,0.0
pd,00:03:09.562,428,-89.991,-90.0,0.0,-89.894,0.239,-0.0,0.0,0.0,0.0,0.0,0.0,0.0,-90.0,-90.0,0.0,-89.901,0.239,-0.0,-89.99549999999999,-90.0,0.0,-89.89750000000001,0.239,0.0,-0.7997613559322337,0.0,0.0,-0.6220366101686732,0.0,0.0,-0.004499999999993065,0.0,0.0,-0.003500000000002501,0.0,0.0,0.0,-0.0206547,0.0068849,0.0481943,0.0206547,0.0068849,0.013506471306302,-0.00199389499387,-0.005305494505428,0.00051739926741,-0.002000610500652,0.001586691086724,0.011401754250985996,3.505279999899358,0.5359209999369341,0.9550089998811018,0.0
pd,00:03:09.568,429,-89.991,-90.0,0.0,-89.894,0.239,-0.0,0.0,0.0,0.0,0.0,0.0,0.0,-90.0,-90.0,0.0,-89.901,0.239,-0.0,-89.99549999999999,-90.0,0.0,-89.89750000000001,0.239,0.0,-0.4162484121383362,0.0,0.0,-0.32374876499604555,0.0,0.0,-0.004499999999993065,0.0,0.0,-0.003500000000002501,0.0,0.0,0.0,-0.0206547,0.0068849,0.0481943,0.0206547,0.0068849,0.013506471306302,-0.00199389499387,-0.005305494505428,0.00051739926741,-0.002000610500652,0.001586691086724,0.011401754250985996,2.176979000068968,0.3751449999072065,0.14881299966873485,0.0
pd,00:03:09.570,430,-89.991,-90.0,0.0,-89.894,0.239,-0.0,0.0,0.0,0.0,0.0,0.0,0.0,-90.0,-90.0,0.0,-89.901,0.239,-0.0,-89.99549999999999,-90.0,0.0,-89.89750000000001,0.239,0.0,-0.7925078938529021,0.0,0.0,-0.6163950285514229,0.0,0.0,-0.004499999999993065,0.0,0.0,-0.003500000000002501,0.0,0.0,0.0,-0.0206547,0.0068849,0.0481943,0.0206547,0.0068849,0.013506471306302,-0.00199389499387,-0.005305494505428,0.00051739926741,-0.002000610500652,0.001586691086724,0.011401754250985996,2.3403469999720983,0.26053500005218666,0.12744300011036103,0.0
pd,00:03:09.574,431,-89.991,-90.0,0.0,-89.894,0.239,-0.0,0.0,0.0,0.0,0.0,0.0,0.0,-90.0,-90.0,0.0,-89.901,0.239,-0.0,-89.99549999999999,-90.0,0.0,-89.89750000000001,0.239,0.0,-0.6774233005527498,0.0,0.0,-0.5268847893180924,0.0,0.0,-0.004499999999993065,0.0,0.0,-0.003500000000002501,0.0,0.0,0.0,-0.0206547,0.0068849,0.0481943,0.0206547,0.0068849,0.013506471306302,-0.00199389499387,-0.005305494505428,0.00051739926741,-0.002000610500652,0.001586691086724,0.011401754250985996,1.9151289998262655,0.26933100025416934,0.13340599980438128,0.0
pd,00:03:09.576,432,-89.991,-90.0,0.0,-89.894,0.239,-0.0,0.0,0.0,0.0,0.0,0.0,0.0,-90.0,-90.0,0.0,-89.901,0.239,-0.0,-89.99549999999999,-90.0,0.0,-89.89750000000001,0.239,0.0,-0.9214200351494198,0.0,0.0,-0.7166600273374677,0.0,0.0,-0.004499999999993065,0.0,0.0,-0.003500000000002501,0.0,0.0,0.0,-0.0206547,0.0068849,0.0481943,0.0206547,0.0068849,0.013506471306302,-0.00199389499387,-0.005305494505428,0.00051739926741,-0.002000610500652,0.001586691086724,0.011401754250985996,2.0940720000908186,0.2871090000553522,0.13768300004812772,0.0
pd,00:03:09.579,433,-89.991,-90.0,0.0,-89.896,0.237,-0.0,0.0,0.0,0.0,-0.7578469599765516,-0.7578469599783185,0.0,-90.0,-90.0,0.0,-89.901,0.239,-0.0,-89.99549999999999,-90.0,0.0,-89.82271530400234,0.3137846959978319,0.0,-0.8525778299756399,0.0,0.0,13.884646018689972,14.547762108704045,0.0,-0.004499999999993065,0.0,0.0,0.07328469599765697,0.07678469599783189,0.0,0.0,-0.0206547,0.0068849,0.0481943,0.0206547,0.0068849,0.013506471306302,-0.00199389499387,-0.005305494505428,0.00051739926741,-0.002000610500652,0.001586691086724,0.010488088481699642,2.0446460002858657,0.2663860000211571,0.1341649999631045,0.0
pd,00:03:09.581,434,-89.991,-90.0,0.0,-89.896,0.237,-0.0,0.0,0.0,0.0,0.0,0.0,0.0,-90.0,-90.0,0.0,-89.901,0.239,-0.0,-89.99549999999999,-90.0,0.0,-89.8985,0.238,0.0,-0.876328721329776,0.0,0.0,-0.4868492896271921,0.19473971585105412,0.0,-0.004499999999993065,0.0,0.0,-0.0024999999999977263,0.0010000000000000009,0.0,0.0,-0.0206547,0.0068849,0.0481943,0.0206547,0.0068849,0.013506471306302,-0.00199389499387,-0.005305494505428,0.00051739926741,-0.002000610500652,0.001586691086724,0.010488088481699642,1.9349060003150953,0.653233999855729,0.45273600017026183,0.0
pd,00:03:09.586,435,-89.991,-90.0,0.0,-89.896,0.237,-0.0,0.0,0.0,0.0,0.0,0.0,0.0,-90.0,-90.0,0.0,-89.901,0.239,-0.0,-89.99549999999999,-90.0,0.0,-89.8985,0.238,0.0,-0.4459495321803401,0.0,0.0,-0.24774974009995424,0.09909989604007191,0.0,-0.004499999999993065,0.0,0.0,-0.0024999999999977263,0.0010000000000000009,0.0,0.0,0.0206547,-0.0068849,0.0275396,-0.0137698,-0.0,0.012864957264796,-0.00164713064711,-0.0049934065933439995,0.001465964590995,-0.0022593101343570004,0.0016556776557120003,0.010488088481699642,2.830102000189072,0.2881269997487834,0.13210999986768002,0.0
pd,00:03:09.590,436,-89.991,-90.0,0.0,-89.896,0.237,-0.0,0.0,0.0,0.0,0.0,0.0,0.0,-90.0,-90.0,0.0,-89.901,0.239,-0.0,-89.99549999999999,-90.0,0.0,-89.8985,0.238,0.0,-0.667504880464023,0.0,0.0,-0.3708360447018837,0.14833441788088852,0.0,-0.004499999999993065,0.0,0.0,-0.0024999999999977263,0.0010000000000000009,0.0,0.0,0.0206547,-0.0068849,0.0275396,-0.0137698,-0.0,0.012864957264796,-0.00164713064711,-0.0049934065933439995,0.001465964590995,-0.0022593101343570004,0.0016556776557120003,0.010488088481699642,2.0492009998633876,0.29071899962218595,0.1452209999115439,0.0
pd,00:03:09.592,437,-89.991,-90.0,0.0,-89.896,0.237,-0.0,0.0,0.0,0.0,0.0,0.0,0.0,-90.0,-90.0,0.0,-89.901,0.239,-0.0,-89.99549999999999,-90.0,0.0,-89.8985,0.238,0.0,-0.8605073402024581,0.0,0.0,-0.4780596334453571,0.19122385337831693,0.0,-0.004499999999993065,0.0,0.0,-0.0024999999999977263,0.0010000000000000009,0.0,0.0,0.0206547,-0.0068849,0.0275396,-0.0137698,-0.0,0.012864957264796,-0.00164713064711,-0.0049934065933439995,0.001465964590995,-0.0022593101343570004,0.0016556776557120003,0.010488088481699642,2.2855520001030527,0.2828490000865713,0.14442500014411053,0.0
pd,00:03:09.595,438,-89.991,-90.0,0.0,-89.896,0.237,-0.0,0.0,0.0,0.0,0.0,0.0,0.0,-90.0,-90.0,0.0,-89.901,0.239,-0.0,-89.99549999999999,-90.0,0.0,-89.8985,0.238,0.0,-0.7950449873631303,0.0,0.0,-0.44169165964576507,0.1766766638584669,0.0,-0.004499999999993065,0.0,0.0,-0.0024999999999977263,0.0010000000000000009,0.0,0.0,0.0206547,-0.0068849,0.0275396,-0.0137698,-0.0,0.012864957264796,-0.00164713064711,-0.0049934065933439995,0.001465964590995,-0.0022593101343570004,0.0016556776557120003,0.010488088481699642,2.403328000127658,0.2673680000953027,0.13457300019581453,0.0
pd,00:03:09.598,439,-89.991,-90.0,0.0,-89.894,0.238,-0.0,0.0,0.0,0.0,0.6847843265290163,0.3423921632653064,0.0,-90.0,-90.0,0.0,-89.901,0.239,-0.0,-89.99549999999999,-90.0,0.0,-89.9659784326529,0.20426078367346934,0.0,-0.770382367346968,0.0,0.0,-12.322425632235781,-5.776021632458481,0.0,-0.004499999999993065,0.0,0.0,-0.07197843265289805,-0.03373921632653065,0.0,0.0,0.0206547,-0.0068849,0.0275396,-0.0137698,-0.0,0.012864957264796,-0.00164713064711,-0.0049934065933439995,0.001465964590995,-0.0022593101343570004,0.0016556776557120003,0.011445523142254234,1.88607400014007,3.1425239999407495,0.15942399977575406,0.0
pd,00:03:09.603,440,-89.991,-90.0,0.0,-89.894,0.238,-0.0,0.0,0.0,0.0,0.0,0.0,0.0,-90.0,-90.0,0.0,-89.901,0.239,-0.0,-89.99549999999999,-90.0,0.0,-89.89750000000001,0.2385,0.0,-0.4220942839252329,0.0,0.0,-0.3282955541636257,0.0468993648805797,0.0,-0.004499999999993065,0.0,0.0,-0.003500000000002501,0.0005000000000000004,0.0,-0.0068849,-0.034424500000000004,-0.0,-0.0550792,-0.0068849,-0.0068849,0.012015384615234,-0.002184615384588,-0.006345787545708,0.001500457875489,-0.001431471306501,0.0017419108669470002,0.011445523142254234,4.758638000112114,0.26208999997834326,0.3662929998426989,0.0
pd,00:03:09.609,441,-89.991,-90.0,0.0,-89.894,0.238,-0.0,0.0,0.0,0.0,0.0,0.0,0.0,-90.0,-90.0,0.0,-89.901,0.239,-0.0,-89.99549999999999,-90.0,0.0,-89.89750000000001,0.2385,0.0,-0.37706504714720945,0.0,0.0,-0.29327281444743264,0.041896116349688386,0.0,-0.004499999999993065,0.0,0.0,-0.003500000000002501,0.0005000000000000004,0.0,-0.0068849,-0.034424500000000004,-0.0,-0.0550792,-0.0068849,-0.0068849,0.012015384615234,-0.002184615384588,-0.006345787545708,0.001500457875489,-0.001431471306501,0.0017419108669470002,0.011445523142254234,2.142886000001454,0.2650530000209983,0.12757299964505364,0.0
pd,00:03:09.612,442,-89.991,-90.0,0.0,-89.894,0.238,-0.0,0.0,0.0,0.0,0.0,0.0,0.0,-90.0,-90.0,0.0,-89.901,0.239,-0.0,-89.99549999999999,-90.0,0.0,-89.89750000000001,0.2385,0.0,-0.8486676258993128,0.0,0.0,-0.6600748201430165,0.09429640287769793,0.0,-0.004499999999993065,0.0,0.0,-0.003500000000002501,0.0005000000000000004,0.0,-0.0068849,-0.034424500000000004,-0.0,-0.0550792,-0.0068849,-0.0068849,0.012015384615234,-0.002184615384588,-0.006345787545708,0.001500457875489,-0.001431471306501,0.0017419108669470002,0.011445523142254234,2.0666279997385573,0.2678119999472983,0.13520199991035042,0.0
pd,00:03:09.615,443,-89.991,-90.0,0.0,-89.894,0.238,-0.0,0.0,0.0,0.0,0.0,0.0,0.0,-90.0,-90.0,0.0,-89.901,0.239,-0.0,-89.99549999999999,-90.0,0.0,-89.89750000000001,0.2385,0.0,-0.8699469026549003,0.0,0.0,-0.6766253687306734,0.096660766961652,0.0,-0.004499999999993065,0.0,0.0,-0.003500000000002501,0.0005000000000000004,0.0,-0.0068849,-0.034424500000000004,-0.0,-0.0550792,-0.0068849,-0.0068849,0.012015384615234,-0.002184615384588,-0.006345787545708,0.001500457875489,-0.001431471306501,0.0017419108669470002,0.011445523142254234,1.8137410002054821,0.3629409998211486,0.14177699995343573,0.0
pd,00:03:09.617,444,-89.991,-90.0,0.0,-89.895,0.237,-0.0,0.0,0.0,0.0,-0.4108035259510698,-0.4108035259549465,0.0,-90.0,-90.0,0.0,-89.901,0.239,-0.0,-89.99549999999999,-90.0,0.0,-89.8569196474049,0.27908035259549463,0.0,-0.9243079333986638,0.0,0.0,7.8217715578387415,8.643378609828286,0.0,-0.004499999999993065,0.0,0.0,0.03808035259510234,0.04208035259549464,0.0,-0.0068849,-0.034424500000000004,-0.0,-0.0550792,-0.0068849,-0.0068849,0.012015384615234,-0.002184615384588,-0.006345787545708,0.001500457875489,-0.001431471306501,0.0017419108669470002,0.011000000000000404,1.9139619998895796,0.29059000007691793,0.14647999978478765,0.0
pd,00:03:09.620,445,-89.991,-90.0,0.0,-89.895,0.237,-0.0,0.0,0.0,0.0,0.0,0.0,0.0,-90.0,-90.0,0.0,-89.901,0.239,-0.0,-89.99549999999999,-90.0,0.0,-89.898,0.238,0.0,-0.9059406738984696,0.0,0.0,-0.6039604492656464,0.201320149755208,0.0,-0.004499999999993065,0.0,0.0,-0.0030000000000001137,0.0010000000000000009,0.0,-0.0068849,-0.034424500000000004,-0.0,-0.0550792,-0.0068849,-0.0068849,0.012015384615234,-0.002184615384588,-0.006345787545708,0.001500457875489,-0.001431471306501,0.0017419108669470002,0.011000000000000404,2.00674000006984,0.27983100017081597,0.14609199979531695,0.0
pd,00:03:09.622,446,-89.991,-90.0,0.0,-89.895,0.237,-0.0,0.0,0.0,0.0,0.0,0.0,0.0,-90.0,-90.0,0.0,-89.901,0.239,-0.0,-89.99549999999999,-90.0,0.0,-89.898,0.238,0.0,-0.8792680518028844,0.0,0.0,-0.586178701201923,0.19539290040063373,0.0,-0.004499999999993065,0.0,0.0,-0.0030000000000001137,0.0010000000000000009,0.0,0.0550792,0.0068849,-0.0,0.4681732,0.4062091,0.034424500000000004,0.012535531135374,-0.002288644688616,-0.004542612942556,5.173992674100001e-05,-0.00024145299145800003,0.0018798840049230002,0.011000000000000404,5.450500999813812,0.2745530000538565,0.13246200023786514,0.0
pd,00:03:09.628,447,-89.991,-90.0,0.0,-89.895,0.237,-0.0,0.0,0.0,0.0,0.0,0.0,0.0,-90.0,-90.0,0.0,-89.901,0.239,-0.0,-89.99549999999999,-90.0,0.0,-89.898,0.238,0.0,-0.37620825194340674,0.0,0.0,-0.25080550129560447,0.0836018337651984,0.0,-0.004499999999993065,0.0,0.0,-0.0030000000000001137,0.0010000000000000009,0.0,0.0550792,0.0068849,-0.0,0.4681732,0.4062091,0.034424500000000004,0.012535531135374,-0.002288644688616,-0.004542612942556,5.173992674100001e-05,-0.00024145299145800003,0.0018798840049230002,0.011000000000000404,2.1156640000299376,0.32710799996493733,0.1403500000378699,0.0
pd,00:03:09.631,448,-89.991,-90.0,0.0,-89.895,0.237,-0.0,0.0,0.0,0.0,0.0,0.0,0.0,-90.0,-90.0,0.0,-89.901,0.239,-0.0,-89.99549999999999,-90.0,0.0,-89.898,0.238,0.0,-0.8344843929613899,0.0,0.0,-0.5563229286409266,0.1854409762136353,0.0,-0.004499999999993065,0.0,0.0,-0.0030000000000001137,0.0010000000000000009,0.0,0.0550792,0.0068849,-0.0,0.4681732,0.4062091,0.034424500000000004,0.012535531135374,-0.002288644688616,-0.004542612942556,5.173992674100001e-05,-0.00024145299145800003,0.0018798840049230002,0.011000000000000404,1.9980729998678726,0.42877300029431353,0.14307300034488435,0.0
pd,00:03:09.634,449,-89.991,-90.0,0.0,-89.895,0.237,-0.0,0.0,0.0,0.0,0.0,0.0,0.0,-90.0,-90.0,0.0,-89.901,0.239,-0.0,-89.99549999999999,-90.0,0.0,-89.898,0.238,0.0,-0.830080394054038,0.0,0.0,-0.5533869293693586,0.1844623097897794,0.0,-0.004499999999993065,0.0,0.0,-0.0030000000000001137,0.0010000000000000009,0.0,0.0550792,0.0068849,-0.0,0.4681732,0.4062091,0.034424500000000004,0.012535531135374,-0.002288644688616,-0.004542612942556,5.173992674100001e-05,-0.00024145299145800003,0.0018798840049230002,0.011000000000000404,1.8938510002044495,0.26370099976702477,0.13248000004750793,0.0
pd,00:03:09.636,450,-89.991,-90.0,0.0,-89.895,0.237,-0.0,0.0,0.0,0.0,0.0,0.0,0.0,-90.0,-90.0,0.0,-89.901,0.239,-0.0,-89.99549999999999,-90.0,0.0,-89.898,0.238,0.0,-0.9357644025781218,0.0,0.0,-0.6238429350520811,0.2079476450173527,0.0,-0.004499999999993065,0.0,0.0,-0.0030000000000001137,0.0010000000000000009,0.0,0.0550792,0.0068849,-0.0,0.4681732,0.4062091,0.034424500000000004,0.012535531135374,-0.002288644688616,-0.004542612942556,5.173992674100001e-05,-0.00024145299145800003,0.0018798840049230002,0.011000000000000404,2.025221000167221,0.2407010001661547,0.11460999985501985,0.0
pd,00:03:09.639,451,-89.991,-90.0,0.0,-89.895,0.237,-0.0,0.0,0.0,0.0,0.0,0.0,0.0,-90.0,-90.0,0.0,-89.901,0.239,-0.0,-89.99549999999999,-90.0,0.0,-89.898,0.238,0.0,-0.7663784310541139,0.0,0.0,-0.5109189540360759,0.17030631801201898,0.0,-0.004499999999993065,0.0,0.0,-0.0030000000000001137,0.0010000000000000009,0.0,0.0550792,0.0068849,-0.0,0.4681732,0.4062091,0.034424500000000004,0.012535531135374,-0.002288644688616,-0.004542612942556,5.173992674100001e-05,-0.00024145299145800003,0.0018798840049230002,0.011000000000000404,1.9971470001109992,0.25497899969195714,0.12498100022639846,0.0
pd,00:03:09.641,452,-89.991,-90.0,0.0,-89.895,0.237,-0.0,0.0,0.0,0.0,0.0,0.0,0.0,-90.0,-90.0,0.0,-89.901,0.239,-0.0,-89.99549999999999,-90.0,0.0,-89.898,0.238,0.0,-0.9020439686484761,0.0,0.0,-0.6013626457656508,0.2004542152552095,0.0,-0.004499999999993065,0.0,0.0,-0.0030000000000001137,0.0010000000000000009,0.0,0.0550792,0.0068849,-0.0,0.4681732,0.4062091,0.034424500000000004,0.012535531135374,-0.002288644688616,-0.004542612942556,5.173992674100001e-05,-0.00024145299145800003,0.0018798840049230002,0.011000000000000404,2.0839599997088953,0.8223810000345111,0.31532999992123223,0.0
pd,00:03:09.645,453,-89.991,-90.0,0.0,-89.895,0.237,-0.0,0.0,0.0,0.0,0.0,0.0,0.0,-90.0,-90.0,0.0,-89.901,0.239,-0.0,-89.99549999999999,-90.0,0.0,-89.898,0.238,0.0,-0.5713272793316598,0.0,0.0,-0.38088485288777324,0.12696161762925304,0.0,-0.004499999999993065,0.0,0.0,-0.0030000000000001137,0.0010000000000000009,0.0,-0.0137698,0.0137698,-0.0,-0.0619641,-0.0206547,0.0137698,0.011408547008404,-0.0019245421245179999,-0.00554822954816,0.002138583638628,-0.001483211233242,0.001586691086724,0.011000000000000404,4.087329999947542,0.272534000032465,0.18559099999038153,0.0
pd,00:03:09.650,454,-89.991,-90.0,0.0,-89.895,0.237,-0.0,0.0,0.0,0.0,0.0,0.0,0.0,-90.0,-90.0,0.0,-89.901,0.239,-0.0,-89.99549999999999,-90.0,0.0,-89.898,0.238,0.0,-0.48235031944801215,0.0,0.0,-0.3215668796320081,0.10718895987733207,0.0,-0.004499999999993065,0.0,0.0,-0.0030000000000001137,0.0010000000000000009,0.0,-0.0137698,0.0137698,-0.0,-0.0619641,-0.0206547,0.0137698,0.011408547008404,-0.0019245421245179999,-0.00554822954816,0.002138583638628,-0.001483211233242,0.001586691086724,0.011000000000000404,1.9180550002602104,0.26364599989392445,0.13210999986768002,0.0
pd,00:03:09.652,455,-89.991,-90.0,0.0,-89.895,0.237,-0.0,0.0,0.0,0.0,0.0,0.0,0.0,-90.0,-90.0,0.0,-89.901,0.239,-0.0,-89.99549999999999,-90.0,0.0,-89.898,0.238,0.0,-0.9251234192726554,0.0,0.0,-0.6167489461817702,0.20558298206058248,0.0,-0.004499999999993065,0.0,0.0,-0.0030000000000001137,0.0010000000000000009,0.0,-0.0137698,0.0137698,-0.0,-0.0619641,-0.0206547,0.0137698,0.011408547008404,-0.0019245421245179999,-0.00554822954816,0.002138583638628,-0.001483211233242,0.001586691086724,0.011000000000000404,10.333823000109987,0.2991269998346979,0.13557200009017834,0.0
pd,00:03:09.663,456,-89.991,-90.0,0.0,-89.886,0.244,-0.0,0.0,0.0,0.0,0.8264095625903374,0.6427629931257942,0.0,-90.0,-90.0,0.0,-89.901,0.239,-0.0,-89.99549999999999,-90.0,0.0,-89.97614095625903,0.17722370068742055,0.0,-0.20660239064758434,0.0,0.0,-4.138519346305568,-3.0658095725726735,0.0,-0.004499999999993065,0.0,0.0,-0.09014095625903451,-0.06677629931257945,0.0,0.0068849,0.034424500000000004,-0.0413094,-0.0550792,0.0206547,-0.0275396,0.010923076922939999,-0.002184615384588,-0.005045421245358,0.00068986568988,-0.0019316239316640002,0.0017419108669470002,0.018193405398660892,7.081021999965742,0.25727499996719416,0.12746199990942841,0.0
pd,00:03:09.671,457,-89.991,-90.0,0.0,-89.886,0.244,-0.0,0.0,0.0,0.0,0.0,0.0,0.0,-90.0,-90.0,0.0,-89.901,0.239,-0.0,-89.99549999999999,-90.0,0.0,-89.89349999999999,0.2415,0.0,-0.2971311986398526,0.0,0.0,-0.4952186643997543,-0.16507288813324533,0.0,-0.004499999999993065,0.0,0.0,-0.007499999999993179,-0.0025000000000000022,0.0,0.0068849,0.034424500000000004,-0.0413094,-0.0550792,0.0206547,-0.0275396,0.010923076922939999,-0.002184615384588,-0.005045421245358,0.00068986568988,-0.0019316239316640002,0.0017419108669470002,0.018193405398660892,2.9188410003371246,2.31407000001127,0.1267950001420104,0.0
pd,00:03:09.676,458,-89.991,-90.0,0.0,-89.886,0.244,-0.0,0.0,0.0,0.0,0.0,0.0,0.0,-90.0,-90.0,0.0,-89.901,0.239,-0.0,-89.99549999999999,-90.0,0.0,-89.89349999999999,0.2415,0.0,-0.4077946590614622,0.0,0.0,-0.6796577651024369,-0.2265525883674706,0.0,-0.004499999999993065,0.0,0.0,-0.007499999999993179,-0.0025000000000000022,0.0,0.0068849,0.034424500000000004,-0.0413094,-0.0550792,0.0206547,-0.0275396,0.010923076922939999,-0.002184615384588,-0.005045421245358,0.00068986568988,-0.0019316239316640002,0.0017419108669470002,0.018193405398660892,5.529001000013523,0.28425700020306977,0.13399900035437895,0.0
pd,00:03:09.682,459,-89.991,-90.0,0.0,-89.888,0.243,-0.0,0.0,0.0,0.0,-0.32890052930954927,-0.16445026465398957,0.0,-90.0,-90.0,0.0,-89.901,0.239,-0.0,-89.99549999999999,-90.0,0.0,-89.86160994706904,0.25744502646539896,0.0,-0.3700130954714902,0.0,0.0,2.169925594364533,1.1877442125843698,0.0,-0.004499999999993065,0.0,0.0,0.026390052930963748,0.014445026465398969,0.0,0.0,0.0,0.0068849,-0.0068849,-0.0550792,-0.0206547,0.011581929181783999,-0.001872527472504,-0.005305494505428,0.0017074175824530002,-0.001327991453019,0.001569444444477,0.016309506430293122,7.137483999940741,0.27631200009636814,0.13992399999551708,0.0
pd,00:03:09.690,460,-89.991,-90.0,0.0,-89.888,0.243,-0.0,0.0,0.0,0.0,0.0,0.0,0.0,-90.0,-90.0,0.0,-89.901,0.239,-0.0,-89.99549999999999,-90.0,0.0,-89.8945,0.241,0.0,-0.29261678707638084,0.0,0.0,-0.42266869244335314,-0.13005190536727554,0.0,-0.004499999999993065,0.0,0.0,-0.006499999999988404,-0.0020000000000000018,0.0,0.0,0.0,0.0068849,-0.0068849,-0.0550792,-0.0206547,0.011581929181783999,-0.001872527472504,-0.005305494505428,0.0017074175824530002,-0.001327991453019,0.001569444444477,0.016309506430293122,1.9132209999952465,0.26534900007391116,0.1300540002375783,0.0
pd,00:03:09.695,461,-89.991,-90.0,0.0,-89.888,0.243,-0.0,0.0,0.0,0.0,0.0,0.0,0.0,-90.0,-90.0,0.0,-89.901,0.239,-0.0,-89.99549999999999,-90.0,0.0,-89.8945,0.241,0.0,-0.5064497155737017,0.0,0.0,-0.7315384780503693,-0.22508876247719242,0.0,-0.004499999999993065,0.0,0.0,-0.006499999999988404,-0.0020000000000000018,0.0,0.0,0.0,0.0068849,-0.0068849,-0.0550792,-0.0206547,0.011581929181783999,-0.001872527472504,-0.005305494505428,0.0017074175824530002,-0.001327991453019,0.001569444444477,0.016309506430293122,3.938609000215365,0.4045700002279773,0.15994300019883667,0.0
pd,00:03:09.699,462,-89.991,-90.0,-0.0,-89.888,0.242,-0.0,0.0,0.0,-0.0,0.0,-0.21392961338365826,0.0,-90.0,-90.0,0.0,-89.901,0.239,-0.0,-89.99549999999999,-90.0,0.0,-89.8945,0.2618929613383658,0.0,-0.4813416301132489,0.0,0.0,-0.6952712434964083,2.1278467640863292,0.0,-0.004499999999993065,0.0,0.0,-0.006499999999988404,0.019892961338365822,0.0,0.0,0.0,0.0068849,-0.0206547,-0.0,0.0068849,0.011581929181783999,-0.001872527472504,-0.006432478632398,0.001000305250326,-0.002017857142899,0.002104090354134,0.016093476939424017,6.772914000066521,0.7667150002816925,0.5734200003644219,0.0
pd,00:03:09.708,463,-89.991,-90.0,-0.0,-89.888,0.242,-0.0,0.0,0.0,0.0,0.0,0.0,0.0,-90.0,-90.0,0.0,-89.901,0.239,-0.0,-89.99549999999999,-90.0,0.0,-89.8945,0.2405,0.0,-0.2722552577676588,0.0,0.0,-0.39325759455299836,-0.09075175258921625,0.0,-0.004499999999993065,0.0,0.0,-0.006499999999988404,-0.0015000000000000013,0.0,-0.0137698,0.0,0.0619641,-0.0206547,-0.0,0.0068849,0.010853724053587999,-0.0009709401709279999,-0.006432478632398,0.001000305250326,-0.002017857142899,0.002104090354134,0.016093476939424017,2.1585159997812298,0.2662010001586168,0.13496199971996248,0.0
pd,00:03:09.710,464,-89.991,-90.0,-0.0,-89.888,0.242,-0.0,0.0,0.0,0.0,0.0,0.0,0.0,-90.0,-90.0,0.0,-89.901,0.239,-0.0,-89.99549999999999,-90.0,0.0,-89.8945,0.2405,0.0,-0.8394577477317522,0.0,0.0,-1.2125500800560918,-0.27981924924390705,0.0,-0.004499999999993065,0.0,0.0,-0.006499999999988404,-0.0015000000000000013,0.0,-0.0137698,0.0,0.0619641,-0.0206547,-0.0,0.0068849,0.010853724053587999,-0.0009709401709279999,-0.006432478632398,0.001000305250326,-0.002017857142899,0.002104090354134,0.016093476939424017,1.8821290000232693,0.25857199989332,0.12533200015241164,0.0
pd,00:03:09.713,465,-89.991,-90.0,-0.0,-89.888,0.242,-0.0,0.0,0.0,0.0,0.0,0.0,0.0,-90.0,-90.0,0.0,-89.901,0.239,-0.0,-89.99549999999999,-90.0,0.0,-89.8945,0.2405,0.0,-0.9451361041562701,0.0,0.0,-1.3651965948913953,-0.3150453680520784,0.0,-0.004499999999993065,0.0,0.0,-0.006499999999988404,-0.0015000000000000013,0.0,-0.0137698,0.0,0.0619641,-0.0206547,-0.0,0.0068849,0.010853724053587999,-0.0009709401709279999,-0.006432478632398,0.001000305250326,-0.002017857142899,0.002104090354134,0.016093476939424017,2.134922999630362,0.26634899995769956,0.12936900020577013,0.0
pd,00:03:09.715,466,-89.991,-90.0,-0.0,-89.888,0.242,-0.0,0.0,0.0,0.0,0.0,0.0,0.0,-90.0,-90.0,0.0,-89.901,0.239,-0.0,-89.99549999999999,-90.0,0.0,-89.8945,0.2405,0.0,-0.8472961034297323,0.0,0.0,-1.2238721493976101,-0.28243203447656695,0.0,-0.004499999999993065,0.0,0.0,-0.006499999999988404,-0.0015000000000000013,0.0,-0.0137698,0.0,0.0619641,-0.0206547,-0.0,0.0068849,0.010853724053587999,-0.0009709401709279999,-0.006432478632398,0.001000305250326,-0.002017857142899,0.002104090354134,0.016093476939424017,1.98955499990916,0.2843490001396276,0.18342400016990723,0.0
pd,00:03:09.718,467,-89.991,-90.0,-0.0,-89.888,0.242,-0.0,0.0,0.0,0.0,0.0,0.0,0.0,-90.0,-90.0,0.0,-89.901,0.239,-0.0,-89.99549999999999,-90.0,0.0,-89.8945,0.2405,0.0,-0.8511168831169154,0.0,0.0,-1.229391053390204,-0.28370562770562796,0.0,-0.004499999999993065,0.0,0.0,-0.006499999999988404,-0.0015000000000000013,0.0,-0.0137698,0.0,0.0619641,-0.0206547,-0.0,0.0068849,0.010853724053587999,-0.0009709401709279999,-0.006432478632398,0.001000305250326,-0.002017857142899,0.002104090354134,0.016093476939424017,1.9430910001574375,0.2636819999679574,0.1287400000364869,0.0
pd,00:03:09.720,468,-89.991,-90.0,0.0,-89.888,0.242,-0.0,0.0,0.0,0.0,0.0,0.0,0.0,-90.0,-90.0,0.0,-89.901,0.239,-0.0,-89.99549999999999,-90.0,0.0,-89.8945,0.2405,0.0,-0.9161425104359148,0.0,0.0,-1.323316959517579,-0.30538083681196027,0.0,-0.004499999999993065,0.0,0.0,-0.006499999999988404,-0.0015000000000000013,0.0,-0.0137698,0.0,0.0619641,-0.0206547,-0.0,0.0068849,0.010853724053587999,-0.0009709401709279999,-0.006432478632398,0.001000305250326,-0.002017857142899,0.002104090354134,0.016093476939424017,2.0434800003386044,0.26362700009485707,0.1284239997403347,0.0
pd,00:03:09.723,469,-89.991,-90.0,0.0,-89.888,0.242,-0.0,0.0,0.0,0.0,0.0,0.0,0.0,-90.0,-90.0,0.0,-89.901,0.239,-0.0,-89.99549999999999,-90.0,0.0,-89.8945,0.2405,0.0,-0.8797598583015156,0.0,0.0,-1.2707642397679297,-0.29325328610049434,0.0,-0.004499999999993065,0.0,0.0,-0.006499999999988404,-0.0015000000000000013,0.0,-0.0275396,-0.0275396,-0.0481943,-0.0206547,0.0137698,0.0137698,0.010385592185461999,-0.0009709401709279999,-0.0049934065933439995,0.001086538461561,-0.0018626373626760002,0.001500457875489,0.016093476939424017,4.658454000036727,0.26499799969315063,0.4455319999578933,0.0
pd,00:03:09.728,470,-89.991,-90.0,0.0,-89.888,0.242,-0.0,0.0,0.0,0.0,0.0,0.0,0.0,-90.0,-90.0,0.0,-89.901,0.239,-0.0,-89.99549999999999,-90.0,0.0,-89.8945,0.2405,0.0,-0.40963555864225876,0.0,0.0,-0.5916958069272759,-0.1365451862140812,0.0,-0.004499999999993065,0.0,0.0,-0.006499999999988404,-0.0015000000000000013,0.0,-0.0275396,-0.0275396,-0.0481943,-0.0206547,0.0137698,0.0137698,0.010385592185461999,-0.0009709401709279999,-0.0049934065933439995,0.001086538461561,-0.0018626373626760002,0.001500457875489,0.016093476939424017,1.9424430001890869,0.2625709998937964,0.12675800007855287,0.0
pd,00:03:09.731,471,-89.991,-90.0,0.0,-89.888,0.242,-0.0,0.0,0.0,0.0,0.0,0.0,0.0,-90.0,-90.0,0.0,-89.901,0.239,-0.0,-89.99549999999999,-90.0,0.0,-89.8945,0.2405,0.0,-0.760082474226833,0.0,0.0,-1.0978969072157363,-0.2533608247422683,0.0,-0.004499999999993065,0.0,0.0,-0.006499999999988404,-0.0015000000000000013,0.0,-0.0275396,-0.0275396,-0.0481943,-0.0206547,0.0137698,0.0137698,0.010385592185461999,-0.0009709401709279999,-0.0049934065933439995,0.001086538461561,-0.0018626373626760002,0.001500457875489,0.016093476939424017,2.1555529997385747,0.26697799967223546,0.12707300038528047,0.0
pd,00:03:09.734,472,-89.991,-90.0,0.0,-89.888,0.242,-0.0,0.0,0.0,0.0,0.0,0.0,0.0,-90.0,-90.0,0.0,-89.901,0.239,-0.0,-89.99549999999999,-90.0,0.0,-89.8945,0.2405,0.0,-0.8418540588760355,0.0,0.0,-1.2160114183756094,-0.2806180196253348,0.0,-0.004499999999993065,0.0,0.0,-0.006499999999988404,-0.0015000000000000013,0.0,-0.0275396,-0.0275396,-0.0481943,-0.0206547,0.0137698,0.0137698,0.010385592185461999,-0.0009709401709279999,-0.0049934065933439995,0.001086538461561,-0.0018626373626760002,0.001500457875489,0.016093476939424017,1.9619440004134958,0.2885530002458836,0.17777599987311987,0.0
pd,00:03:09.737,473,-89.991,-90.0,0.0,-89.888,0.242,-0.0,0.0,0.0,0.0,0.0,0.0,0.0,-90.0,-90.0,0.0,-89.901,0.239,-0.0,-89.99549999999999,-90.0,0.0,-89.8945,0.2405,0.0,-0.8367781521546691,0.0,0.0,-1.208679553111419,-0.2789260507182127,0.0,-0.004499999999993065,0.0,0.0,-0.006499999999988404,-0.0015000000000000013,0.0,-0.0275396,-0.0275396,-0.0481943,-0.0206547,0.0137698,0.0137698,0.010385592185461999,-0.0009709401709279999,-0.0049934065933439995,0.001086538461561,-0.0018626373626760002,0.001500457875489,0.016093476939424017,2.1268310001687496,0.28234899991730344,0.13668399969901657,0.0
pd,00:03:09.739,474,-89.991,-90.0,0.0,-89.889,0.242,-0.0,0.0,0.0,0.0,-0.37389053306832076,0.0,0.0,-90.0,-90.0,0.0,-89.901,0.239,-0.0,-89.99549999999999,-90.0,0.0,-89.85761094669316,0.2405,0.0,-0.8412536994116917,0.0,0.0,5.86803493675602,-0.28041789980388687,0.0,-0.004499999999993065,0.0,0.0,0.03138905330683883,-0.0015000000000000013,0.0,-0.0275396,-0.0275396,-0.0481943,-0.0206547,0.0137698,0.0137698,0.010385592185461999,-0.0009709401709279999,-0.0049934065933439995,0.001086538461561,-0.0018626373626760002,0.001500457875489,0.015297058540778912,2.0560170000862854,0.25605300015740795,0.12266600015209406,0.0
pd,00:03:09.742,475,-89.991,-90.0,0.0,-89.889,0.242,-0.0,0.0,0.0,0.0,0.0,0.0,0.0,-90.0,-90.0,0.0,-89.901,0.239,-0.0,-89.99549999999999,-90.0,0.0,-89.895,0.2405,0.0,-0.8839625327838476,0.0,0.0,-1.1786167103784635,-0.294654177594605,0.0,-0.004499999999993065,0.0,0.0,-0.006000000000000227,-0.0015000000000000013,0.0,-0.0275396,-0.0275396,-0.0481943,-0.0,-0.0,0.0068849,0.010385592185461999,-0.0009709401709279999,-0.0049934065933439995,0.0017074175824530002,-0.001603937728971,0.001431471306501,0.015297058540778912,3.3300780000899977,0.7220489997052937,0.1343879998785269,0.0
pd,00:03:09.746,476,-89.991,-90.0,0.0,-89.889,0.242,-0.0,0.0,0.0,0.0,0.0,0.0,0.0,-90.0,-90.0,0.0,-89.901,0.239,-0.0,-89.99549999999999,-90.0,0.0,-89.895,0.2405,0.0,-0.5204425081343604,0.0,0.0,-0.6939233441791473,-0.1734808360447804,0.0,-0.004499999999993065,0.0,0.0,-0.006000000000000227,-0.0015000000000000013,0.0,0.0068849,0.0481943,-0.0137698,-0.0,-0.0,0.0068849,0.010610989010856,-0.001595115995096,-0.004195848595796,0.0017074175824530002,-0.001603937728971,0.001431471306501,0.015297058540778912,2.942007999990892,0.26899700014837435,0.14044299996385234,0.0
pd,00:03:09.750,477,-89.991,-90.0,0.0,-89.889,0.242,-0.0,0.0,0.0,0.0,0.0,0.0,0.0,-90.0,-90.0,0.0,-89.901,0.239,-0.0,-89.99549999999999,-90.0,0.0,-89.895,0.2405,0.0,-0.6474023461617863,0.0,0.0,-0.863203128215715,-0.21580078205392075,0.0,-0.004499999999993065,0.0,0.0,-0.006000000000000227,-0.0015000000000000013,0.0,0.0068849,0.0481943,-0.0137698,-0.0,-0.0,0.0068849,0.010610989010856,-0.001595115995096,-0.004195848595796,0.0017074175824530002,-0.001603937728971,0.001431471306501,0.015297058540778912,2.3955689998729213,0.2783489999274025,0.13007300003664568,0.0
pd,00:03:09.753,478,-89.991,-90.0,0.0,-89.889,0.242,-0.0,0.0,0.0,0.0,0.0,0.0,0.0,-90.0,-90.0,0.0,-89.901,0.239,-0.0,-89.99549999999999,-90.0,0.0,-89.895,0.2405,0.0,-0.742267107126031,0.0,0.0,-0.9896894761680413,-0.24742236904200116,0.0,-0.004499999999993065,0.0,0.0,-0.006000000000000227,-0.0015000000000000013,0.0,0.0068849,0.0481943,-0.0137698,-0.0,-0.0,0.0068849,0.010610989010856,-0.001595115995096,-0.004195848595796,0.0017074175824530002,-0.001603937728971,0.001431471306501,0.015297058540778912,2.2764029999962077,0.314700999751949,0.20099800030948245,0.0
pd,00:03:09.756,479,-89.991,-90.0,0.0,-89.889,0.242,-0.0,0.0,0.0,0.0,0.0,0.0,0.0,-90.0,-90.0,0.0,-89.901,0.239,-0.0,-89.99549999999999,-90.0,0.0,-89.895,0.2405,0.0,-0.7623543097180998,0.0,0.0,-1.0164724129574665,-0.2541181032393572,0.0,-0.004499999999993065,0.0,0.0,-0.006000000000000227,-0.0015000000000000013,0.0,0.0068849,0.0481943,-0.0137698,-0.0,-0.0,0.0068849,0.010610989010856,-0.001595115995096,-0.004195848595796,0.0017074175824530002,-0.001603937728971,0.001431471306501,0.015297058540778912,2.153923000150826,0.2731459999267827,0.13510999997379258,0.0
pd,00:03:09.758,480,-89.991,-90.0,0.0,-89.889,0.242,-0.0,0.0,0.0,0.0,0.0,0.0,0.0,-90.0,-90.0,0.0,-89.901,0.239,-0.0,-89.99549999999999,-90.0,0.0,-89.895,0.2405,0.0,-0.8387862412230341,0.0,0.0,-1.1183816549640455,-0.27959541374100105,0.0,-0.004499999999993065,0.0,0.0,-0.006000000000000227,-0.0015000000000000013,0.0,0.0068849,0.0481943,-0.0137698,-0.0,-0.0,0.0068849,0.010610989010856,-0.001595115995096,-0.004195848595796,0.0017074175824530002,-0.001603937728971,0.001431471306501,0.015297058540778912,2.113015999839263,0.3541080000104557,0.13681299969903193,0.0
pd,00:03:09.762,481,-89.991,-90.0,-0.0,-89.889,0.242,-0.0,0.0,0.0,-0.0,0.0,0.0,0.0,-90.0,-90.0,0.0,-89.901,0.239,-0.0,-89.99549999999999,-90.0,0.0,-89.895,0.2405,0.0,-0.7063231794027661,0.0,0.0,-0.9417642392036881,-0.23544105980091332,0.0,-0.004499999999993065,0.0,0.0,-0.006000000000000227,-0.0015000000000000013,0.0,0.0068849,0.0481943,-0.0137698,-0.0,-0.0,0.0068849,0.010610989010856,-0.001595115995096,-0.004195848595796,0.0017074175824530002,-0.001603937728971,0.001431471306501,0.015297058540778912,1.9823140000880812,1.3636339999720803,0.37323700007618754,0.0
pd,00:03:09.766,482,-89.991,-90.0,-0.0,-89.889,0.242,-0.0,0.0,0.0,0.0,0.0,0.0,0.0,-90.0,-90.0,0.0,-89.901,0.239,-0.0,-89.99549999999999,-90.0,0.0,-89.895,0.2405,0.0,-0.5598044845177576,0.0,0.0,-0.7464059793570101,-0.18660149483924562,0.0,-0.004499999999993065,0.0,0.0,-0.006000000000000227,-0.0015000000000000013,0.0,0.0,-0.0206547,-0.0,0.034424500000000004,0.0206547,0.0413094,0.009952136752012,-0.001577777777758,-0.00554822954816,0.0025352564103090004,-0.0018971306471700002,0.0017419108669470002,0.015297058540778912,3.259301000070991,0.27072000011685304,0.1434619998690323,0.0
pd,00:03:09.769,483,-89.991,-90.0,-0.0,-89.889,0.242,-0.0,0.0,0.0,0.0,0.0,0.0,0.0,-90.0,-90.0,0.0,-89.901,0.239,-0.0,-89.99549999999999,-90.0,0.0,-89.895,0.2405,0.0,-0.5921556127251275,0.0,0.0,-0.7895408169668368,-0.1973852042417019,0.0,-0.004499999999993065,0.0,0.0,-0.006000000000000227,-0.0015000000000000013,0.0,0.0,-0.0206547,-0.0,0.034424500000000004,0.0206547,0.0413094,0.009952136752012,-0.001577777777758,-0.00554822954816,0.0025352564103090004,-0.0018971306471700002,0.0017419108669470002,0.015297058540778912,1.8765370000437542,0.2542560000620142,0.12399900015225285,0.0
pd,00:03:09.772,484,-89.991,-90.0,-0.0,-89.889,0.242,-0.0,0.0,0.0,0.0,0.0,0.0,0.0,-90.0,-90.0,0.0,-89.901,0.239,-0.0,-89.99549999999999,-90.0,0.0,-89.895,0.2405,0.0,-0.9498927025667194,0.0,0.0,-1.2665236034222926,-0.31663090085556145,0.0,-0.004499999999993065,0.0,0.0,-0.006000000000000227,-0.0015000000000000013,0.0,0.0,-0.0206547,-0.0,0.034424500000000004,0.0206547,0.0413094,0.009952136752012,-0.001577777777758,-0.00554822954816,0.0025352564103090004,-0.0018971306471700002,0.0017419108669470002,0.015297058540778912,1.9132769998577714,0.28040400002282695,0.14383199959411286,0.0
pd,00:03:09.774,485,-89.991,-90.0,-0.0,-89.889,0.242,-0.0,0.0,0.0,0.0,0.0,0.0,0.0,-90.0,-90.0,0.0,-89.901,0.239,-0.0,-89.99549999999999,-90.0,0.0,-89.895,0.2405,0.0,-0.8998935825307864,0.0,0.0,-1.1998581100410486,-0.29996452751025104,0.0,-0.004499999999993065,0.0,0.0,-0.006000000000000227,-0.0015000000000000013,0.0,0.0,-0.0206547,-0.0,0.034424500000000004,0.0206547,0.0413094,0.009952136752012,-0.001577777777758,-0.00554822954816,0.0025352564103090004,-0.0018971306471700002,0.0017419108669470002,0.015297058540778912,2.1939230000498355,0.37638499998138286,0.14027599991095485,0.0
pd,00:03:09.777,486,-89.991,-90.0,-0.0,-89.889,0.242,-0.0,0.0,0.0,0.0,0.0,0.0,0.0,-90.0,-90.0,0.0,-89.901,0.239,-0.0,-89.99549999999999,-90.0,0.0,-89.895,0.2405,0.0,-0.7798036688151014,0.0,0.0,-1.039738225086802,-0.2599345562716909,0.0,-0.004499999999993065,0.0,0.0,-0.006000000000000227,-0.0015000000000000013,0.0,0.0,-0.0206547,-0.0,0.034424500000000004,0.0206547,0.0413094,0.009952136752012,-0.001577777777758,-0.00554822954816,0.0025352564103090004,-0.0018971306471700002,0.0017419108669470002,0.015297058540778912,2.1997369999553484,0.26033099993583164,0.13136899997334694,0.0
pd,00:03:09.780,487,-89.991,-90.0,0.0,-89.889,0.242,-0.0,0.0,0.0,0.0,0.0,0.0,0.0,-90.0,-90.0,0.0,-89.901,0.239,-0.0,-89.99549999999999,-90.0,0.0,-89.895,0.2405,0.0,-0.8309574711631907,0.0,0.0,-1.1079432948842545,-0.27698582372105335,0.0,-0.004499999999993065,0.0,0.0,-0.006000000000000227,-0.0015000000000000013,0.0,0.0,-0.0206547,-0.0,0.034424500000000004,0.0206547,0.0413094,0.009952136752012,-0.001577777777758,-0.00554822954816,0.0025352564103090004,-0.0018971306471700002,0.0017419108669470002,0.015297058540778912,2.0142390003456967,0.29901499965490075,0.127238999994006,0.0
pd,00:03:09.782,488,-89.991,-90.0,0.0,-89.889,0.242,-0.0,0.0,0.0,0.0,0.0,0.0,0.0,-90.0,-90.0,0.0,-89.901,0.239,-0.0,-89.99549999999999,-90.0,0.0,-89.895,0.2405,0.0,-0.8800880350648473,0.0,0.0,-1.1734507134197965,-0.29336267835493823,0.0,-0.004499999999993065,0.0,0.0,-0.006000000000000227,-0.0015000000000000013,0.0,0.034424500000000004,0.0,0.0550792,0.0895037,-0.034424500000000004,-0.0068849,0.010056166056039999,-0.0019245421245179999,-0.005305494505428,0.001414224664254,-0.002190323565369,0.0017419108669470002,0.015297058540778912,3.827851000096416,0.2744610001172987,0.7003269997767347,0.0
pd,00:03:09.788,489,-89.991,-90.0,0.0,-89.889,0.242,-0.0,0.0,0.0,0.0,0.0,0.0,0.0,-90.0,-90.0,0.0,-89.901,0.239,-0.0,-89.99549999999999,-90.0,0.0,-89.895,0.2405,0.0,-0.4363006934812925,0.0,0.0,-0.5817342579750567,-0.1454335644937588,0.0,-0.004499999999993065,0.0,0.0,-0.006000000000000227,-0.0015000000000000013,0.0,0.034424500000000004,0.0,0.0550792,0.0895037,-0.034424500000000004,-0.0068849,0.010056166056039999,-0.0019245421245179999,-0.005305494505428,0.001414224664254,-0.002190323565369,0.0017419108669470002,0.015297058540778912,2.020127999912802,0.26536799987297854,0.13349899973036372,0.0
pd,00:03:09.790,490,-89.991,-90.0,0.0,-89.889,0.242,-0.0,0.0,0.0,0.0,0.0,0.0,0.0,-90.0,-90.0,0.0,-89.901,0.239,-0.0,-89.99549999999999,-90.0,0.0,-89.895,0.2405,0.0,-0.8868700310121566,0.0,0.0,-1.1824933746828754,-0.2956233436707079,0.0,-0.004499999999993065,0.0,0.0,-0.006000000000000227,-0.0015000000000000013,0.0,0.034424500000000004,0.0,0.0550792,0.0895037,-0.034424500000000004,-0.0068849,0.010056166056039999,-0.0019245421245179999,-0.005305494505428,0.001414224664254,-0.002190323565369,0.0017419108669470002,0.015297058540778912,1.8503889996281941,0.2555529999881401,0.1226649997079221,0.0
pd,00:03:09.793,491,-89.991,-90.0,0.0,-89.889,0.242,-0.0,0.0,0.0,0.0,0.0,0.0,0.0,-90.0,-90.0,0.0,-89.901,0.239,-0.0,-89.99549999999999,-90.0,0.0,-89.895,0.2405,0.0,-0.7812885172613923,0.0,0.0,-1.0417180230151897,-0.2604295057537878,0.0,-0.004499999999993065,0.0,0.0,-0.006000000000000227,-0.0015000000000000013,0.0,0.034424500000000004,0.0,0.0550792,0.0895037,-0.034424500000000004,-0.0068849,0.010056166056039999,-0.0019245421245179999,-0.005305494505428,0.001414224664254,-0.002190323565369,0.0017419108669470002,0.015297058540778912,2.275384999848029,0.2760160000434553,0.13096200018480886,0.0
pd,00:03:09.796,492,-89.991,-90.0,0.0,-89.889,0.242,-0.0,0.0,0.0,0.0,0.0,0.0,0.0,-90.0,-90.0,0.0,-89.901,0.239,-0.0,-89.99549999999999,-90.0,0.0,-89.895,0.2405,0.0,-0.798543239126786,0.0,0.0,-1.0647243188357147,-0.26618107970891886,0.0,-0.004499999999993065,0.0,0.0,-0.006000000000000227,-0.0015000000000000013,0.0,0.034424500000000004,0.0,0.0550792,0.0895037,-0.034424500000000004,-0.0068849,0.010056166056039999,-0.0019245421245179999,-0.005305494505428,0.001414224664254,-0.002190323565369,0.0017419108669470002,0.015297058540778912,2.053923999937979,0.26690400000006775,0.13220199980423786,0.0
pd,00:03:09.798,493,-89.991,-90.0,0.0,-89.889,0.242,-0.0,0.0,0.0,0.0,0.0,0.0,0.0,-90.0,-90.0,0.0,-89.901,0.239,-0.0,-89.99549999999999,-90.0,0.0,-89.895,0.2405,0.0,-0.875353306743378,0.0,0.0,-1.167137742324504,-0.29178443558111516,0.0,-0.004499999999993065,0.0,0.0,-0.006000000000000227,-0.0015000000000000013,0.0,0.034424500000000004,0.0,0.0550792,0.0895037,-0.034424500000000004,-0.0068849,0.010056166056039999,-0.0019245421245179999,-0.005305494505428,0.001414224664254,-0.002190323565369,0.0017419108669470002,0.015297058540778912,1.8866290001824382,0.26551600012680865,0.18690500019147294,0.0
pd,00:03:09.801,494,-89.991,-90.0,0.0,-89.89,0.242,-0.0,0.0,0.0,0.0,-0.4073721833741285,0.0,0.0,-90.0,-90.0,0.0,-89.901,0.239,-0.0,-89.99549999999999,-90.0,0.0,-89.85476278166259,0.2405,0.0,-0.9165874125874474,0.0,0.0,7.177331285037545,-0.3055291375291378,0.0,-0.004499999999993065,0.0,0.0,0.03523721833741433,-0.0015000000000000013,0.0,0.034424500000000004,0.0,0.0550792,0.0895037,-0.034424500000000004,-0.0068849,0.010056166056039999,-0.0019245421245179999,-0.005305494505428,0.001414224664254,-0.002190323565369,0.0017419108669470002,0.014525839046330891,1.8967579999298323,0.2844600003300002,0.13185100033297203,0.0
pd,00:03:09.803,495,-89.991,-90.0,0.0,-89.89,0.242,-0.0,0.0,0.0,0.0,0.0,0.0,0.0,-90.0,-90.0,0.0,-89.901,0.239,-0.0,-89.99549999999999,-90.0,0.0,-89.8955,0.2405,0.0,-0.9241269095182489,0.0,0.0,-1.1294884449662623,-0.30804230317273823,0.0,-0.004499999999993065,0.0,0.0,-0.00549999999999784,-0.0015000000000000013,0.0,0.0206547,-0.0413094,0.0137698,0.0068849,-0.0,-0.034424500000000004,0.009206593406478,-0.002791452991418,-0.00450793650788,0.001414224664254,-0.0018971306471700002,0.0017419108669470002,0.014525839046330891,4.683730999659019,0.4696430000876717,0.19159100020260666,0.0
pd,00:03:09.809,496,-89.991,-90.0,0.0,-89.89,0.242,-0.0,0.0,0.0,0.0,0.0,0.0,0.0,-90.0,-90.0,0.0,-89.901,0.239,-0.0,-89.99549999999999,-90.0,0.0,-89.8955,0.2405,0.0,-0.41033018826907075,0.0,0.0,-0.5015146745508705,-0.13677672942301852,0.0,-0.004499999999993065,0.0,0.0,-0.00549999999999784,-0.0015000000000000013,0.0,0.0206547,-0.0413094,0.0137698,0.0068849,-0.0,-0.034424500000000004,0.009206593406478,-0.002791452991418,-0.00450793650788,0.001414224664254,-0.0018971306471700002,0.0017419108669470002,0.014525839046330891,2.541159999964293,0.3309039998384833,0.1484800000071118,0.0
pd,00:03:09.812,497,-89.991,-90.0,0.0,-89.89,0.242,-0.0,0.0,0.0,0.0,0.0,0.0,0.0,-90.0,-90.0,0.0,-89.901,0.239,-0.0,-89.99549999999999,-90.0,0.0,-89.8955,0.2405,0.0,-0.7073290361265445,0.0,0.0,-0.8645132663765155,-0.23577634537550612,0.0,-0.004499999999993065,0.0,0.0,-0.00549999999999784,-0.0015000000000000013,0.0,0.0206547,-0.0413094,0.0137698,0.0068849,-0.0,-0.034424500000000004,0.009206593406478,-0.002791452991418,-0.00450793650788,0.001414224664254,-0.0018971306471700002,0.0017419108669470002,0.014525839046330891,2.1413679996840074,0.2710720000322908,0.1330729996880109,0.0
pd,00:03:09.815,498,-89.991,-90.0,0.0,-89.89,0.242,-0.0,0.0,0.0,0.0,0.0,0.0,0.0,-90.0,-90.0,0.0,-89.901,0.239,-0.0,-89.99549999999999,-90.0,0.0,-89.8955,0.2405,0.0,-0.8439620819173992,0.0,0.0,-1.0315092112319326,-0.28132069397245596,0.0,-0.004499999999993065,0.0,0.0,-0.00549999999999784,-0.0015000000000000013,0.0,0.0206547,-0.0413094,0.0137698,0.0068849,-0.0,-0.034424500000000004,0.009206593406478,-0.002791452991418,-0.00450793650788,0.001414224664254,-0.0018971306471700002,0.0017419108669470002,0.014525839046330891,1.931720999891695,0.31497800000579446,0.13194299981478252,0.0
pd,00:03:09.817,499,-89.991,-90.0,0.0,-89.89,0.242,-0.0,0.0,0.0,0.0,0.0,0.0,0.0,-90.0,-90.0,0.0,-89.901,0.239,-0.0,-89.99549999999999,-90.0,0.0,-89.8955,0.2405,0.0,-0.9022164435946805,0.0,0.0,-1.1027089866152457,-0.30073881453154905,0.0,-0.004499999999993065,0.0,0.0,-0.00549999999999784,-0.0015000000000000013,0.0,0.0206547,-0.0413094,0.0137698,0.0068849,-0.0,-0.034424500000000004,0.009206593406478,-0.002791452991418,-0.00450793650788,0.001414224664254,-0.0018971306471700002,0.0017419108669470002,0.014525839046330891,1.8317600001864776,0.2572750004219415,0.1307399998040637,0.0
pd,00:03:09.820,500,-89.991,-90.0,0.0,-89.89,0.242,-0.0,0.0,0.0,0.0,0.0,0.0,0.0,-90.0,-90.0,0.0,-89.901,0.239,-0.0,-89.99549999999999,-90.0,0.0,-89.8955,0.2405,0.0,-0.9627814731687776,0.0,0.0,-1.1767329116502214,-0.32092715772291397,0.0,-0.004499999999993065,0.0,0.0,-0.00549999999999784,-0.0015000000000000013,0.0,0.0206547,-0.0413094,0.0137698,0.0068849,-0.0,-0.034424500000000004,0.009206593406478,-0.002791452991418,-0.00450793650788,0.001414224664254,-0.0018971306471700002,0.0017419108669470002,0.014525839046330891,2.0988859996577958,0.2706830000533955,0.12749799998346134,0.0
pd,00:03:09.823,501,-89.991,-90.0,0.0,-89.887,0.242,-0.0,0.0,0.0,0.0,0.9681397245518564,0.0,0.0,-90.0,-90.0,0.0,-89.901,0.239,-0.0,-89.99549999999999,-90.0,0.0,-89.99081397245519,0.2405,0.0,-0.7261047934138922,0.0,0.0,-16.751071782898595,-0.24203493113795513,0.0,-0.004499999999993065,0.0,0.0,-0.10381397245518542,-0.0015000000000000013,0.0,0.0413094,-0.0481943,-0.0068849,-0.0619641,-0.0757339,0.0137698,0.008374358974254,-0.00164713064711,-0.005842979242906,0.001190018315043,-0.0023282967033450004,0.002035103785146,0.01691153452528446,3.9117749997785722,1.0018970001510752,0.1497580001341703,0.0
pd,00:03:09.828,502,-89.991,-90.0,0.0,-89.887,0.242,-0.0,0.0,0.0,0.0,0.0,0.0,0.0,-90.0,-90.0,0.0,-89.901,0.239,-0.0,-89.99549999999999,-90.0,0.0,-89.894,0.2405,0.0,-0.4258849226048268,0.0,0.0,-0.662487657385062,-0.14196164086827034,0.0,-0.004499999999993065,0.0,0.0,-0.007000000000005002,-0.0015000000000000013,0.0,0.0413094,-0.0481943,-0.0068849,-0.0619641,-0.0757339,0.0137698,0.008374358974254,-0.00164713064711,-0.005842979242906,0.001190018315043,-0.0023282967033450004,0.002035103785146,0.01691153452528446,2.3917539997455606,0.2662199999576842,0.1469619996896654,0.0
pd,00:03:09.831,503,-89.991,-90.0,0.0,-89.887,0.242,-0.0,0.0,0.0,0.0,0.0,0.0,0.0,-90.0,-90.0,0.0,-89.901,0.239,-0.0,-89.99549999999999,-90.0,0.0,-89.894,0.2405,0.0,-0.7676251830161345,0.0,0.0,-1.194083618024694,-0.2558750610053687,0.0,-0.004499999999993065,0.0,0.0,-0.007000000000005002,-0.0015000000000000013,0.0,0.0413094,-0.0481943,-0.0068849,-0.0619641,-0.0757339,0.0137698,0.008374358974254,-0.00164713064711,-0.005842979242906,0.001190018315043,-0.0023282967033450004,0.002035103785146,0.01691153452528446,2.1225349996711884,0.26690499998949235,0.13509099971997784,0.0
pd,00:03:09.833,504,-89.991,-90.0,0.0,-89.887,0.242,-0.0,0.0,0.0,0.0,0.0,0.0,0.0,-90.0,-90.0,0.0,-89.901,0.239,-0.0,-89.99549999999999,-90.0,0.0,-89.894,0.2405,0.0,-0.8479051212938327,0.0,0.0,-1.3189635220121823,-0.2826350404312671,0.0,-0.004499999999993065,0.0,0.0,-0.007000000000005002,-0.0015000000000000013,0.0,0.0413094,-0.0481943,-0.0068849,-0.0619641,-0.0757339,0.0137698,0.008374358974254,-0.00164713064711,-0.005842979242906,0.001190018315043,-0.0023282967033450004,0.002035103785146,0.01691153452528446,1.9854989996019867,0.31690400010120356,0.1716649999252695,0.0
pd,00:03:09.836,505,-89.991,-90.0,0.0,-89.887,0.242,-0.0,0.0,0.0,0.0,0.0,0.0,0.0,-90.0,-90.0,0.0,-89.901,0.239,-0.0,-89.99549999999999,-90.0,0.0,-89.894,0.2405,0.0,-0.8682660778360803,0.0,0.0,-1.3506361210778903,-0.28942202594534944,0.0,-0.004499999999993065,0.0,0.0,-0.007000000000005002,-0.0015000000000000013,0.0,0.0413094,-0.0481943,-0.0068849,-0.0619641,-0.0757339,0.0137698,0.008374358974254,-0.00164713064711,-0.005842979242906,0.001190018315043,-0.0023282967033450004,0.002035103785146,0.01691153452528446,1.9397219998609216,0.2531639997869206,0.1286279998566897,0.0
pd,00:03:09.838,506,-89.991,-90.0,0.0,-89.887,0.242,-0.0,0.0,0.0,0.0,0.0,0.0,0.0,-90.0,-90.0,0.0,-89.901,0.239,-0.0,-89.99549999999999,-90.0,0.0,-89.894,0.2405,0.0,-0.9234938839417123,0.0,0.0,-1.4365460416866218,-0.30783129464722603,0.0,-0.004499999999993065,0.0,0.0,-0.007000000000005002,-0.0015000000000000013,0.0,0.0413094,-0.0481943,-0.0068849,-0.0619641,-0.0757339,0.0137698,0.008374358974254,-0.00164713064711,-0.005842979242906,0.001190018315043,-0.0023282967033450004,0.002035103785146,0.01691153452528446,1.8502040002204012,0.2518310002415092,0.2024610002990812,0.0
pd,00:03:09.841,507,-89.991,-90.0,0.0,-89.888,0.242,-0.0,0.0,0.0,0.0,-0.41286583325327564,0.0,0.0,-90.0,-90.0,0.0,-89.901,0.239,-0.0,-89.99549999999999,-90.0,0.0,-89.85321341667468,0.2405,0.0,-0.9289481248154698,0.0,0.0,7.1810958552895725,-0.3096493749384785,0.0,-0.004499999999993065,0.0,0.0,0.034786583325328024,-0.0015000000000000013,0.0,0.0413094,-0.0481943,-0.0068849,-0.0619641,-0.0757339,0.0137698,0.008374358974254,-0.00164713064711,-0.005842979242906,0.001190018315043,-0.0023282967033450004,0.002035103785146,0.016093476939424017,1.8787399999382615,0.259274999734771,0.12749899997288594,0.0
pd,00:03:09.843,508,-89.991,-90.0,0.0,-89.888,0.242,-0.0,0.0,0.0,0.0,0.0,0.0,0.0,-90.0,-90.0,0.0,-89.901,0.239,-0.0,-89.99549999999999,-90.0,0.0,-89.8945,0.2405,0.0,-0.9436240375962761,0.0,0.0,-1.3630124987491834,-0.3145413458654137,0.0,-0.004499999999993065,0.0,0.0,-0.006499999999988404,-0.0015000000000000013,0.0,0.0137698,0.0068849,-0.0,-0.0137698,-0.0068849,0.0068849,0.008183638583535999,-0.0024793650793339997,-0.006189743589666,0.001396978022007,-0.001983363858405,0.0018108974359350002,0.016093476939424017,4.6602130000792386,0.2649049997671682,0.12994300004720571,0.0
pd,00:03:09.848,509,-89.991,-90.0,0.0,-89.888,0.242,-0.0,0.0,0.0,0.0,0.0,0.0,0.0,-90.0,-90.0,0.0,-89.901,0.239,-0.0,-89.99549999999999,-90.0,0.0,-89.8945,0.2405,0.0,-0.4345728495118971,0.0,0.0,-0.6277163381833939,-0.14485761650396034,0.0,-0.004499999999993065,0.0,0.0,-0.006499999999988404,-0.0015000000000000013,0.0,0.0137698,0.0068849,-0.0,-0.0137698,-0.0068849,0.0068849,0.008183638583535999,-0.0024793650793339997,-0.006189743589666,0.001396978022007,-0.001983363858405,0.0018108974359350002,0.016093476939424017,2.1205900002314593,0.3352560001985694,0.1527579997855355,0.0
pd,00:03:09.852,510,-89.991,-90.0,0.0,-89.888,0.242,-0.0,0.0,0.0,0.0,0.0,0.0,0.0,-90.0,-90.0,0.0,-89.901,0.239,-0.0,-89.99549999999999,-90.0,0.0,-89.8945,0.2405,0.0,-0.6922816901408713,0.0,0.0,-0.9999624413138631,-0.2307605633802819,0.0,-0.004499999999993065,0.0,0.0,-0.006499999999988404,-0.0015000000000000013,0.0,0.0137698,0.0068849,-0.0,-0.0137698,-0.0068849,0.0068849,0.008183638583535999,-0.0024793650793339997,-0.006189743589666,0.001396978022007,-0.001983363858405,0.0018108974359350002,0.016093476939424017,1.9285729999864998,0.2585150000413705,0.13062800007901387,0.0
pd,00:03:09.855,511,-89.991,-90.0,0.0,-89.888,0.242,-0.0,0.0,0.0,0.0,0.0,0.0,0.0,-90.0,-90.0,0.0,-89.901,0.239,-0.0,-89.99549999999999,-90.0,0.0,-89.8945,0.2405,0.0,-0.7159687428875167,0.0,0.0,-1.0341770730589928,-0.2386562476291634,0.0,-0.004499999999993065,0.0,0.0,-0.006499999999988404,-0.0015000000000000013,0.0,0.0137698,0.0068849,-0.0,-0.0137698,-0.0068849,0.0068849,0.008183638583535999,-0.0024793650793339997,-0.006189743589666,0.001396978022007,-0.001983363858405,0.0018108974359350002,0.016093476939424017,2.126664000115852,0.2660350000951439,0.12751700023727608,0.0
pd,00:03:09.857,512,-89.991,-90.0,0.0,-89.888,0.242,-0.0,0.0,0.0,0.0,0.0,0.0,0.0,-90.0,-90.0,0.0,-89.901,0.239,-0.0,-89.99549999999999,-90.0,0.0,-89.8945,0.2405,0.0,-0.8495844436442526,0.0,0.0,-1.2271775297074705,-0.2831948145480737,0.0,-0.004499999999993065,0.0,0.0,-0.006499999999988404,-0.0015000000000000013,0.0,0.0137698,0.0068849,-0.0,-0.0137698,-0.0068849,0.0068849,0.008183638583535999,-0.0024793650793339997,-0.006189743589666,0.001396978022007,-0.001983363858405,0.0018108974359350002,0.016093476939424017,1.813667000078567,0.24747899988142308,0.11957300011999905,0.0
pd,00:03:09.860,513,-89.991,-90.0,0.0,-89.888,0.242,-0.0,0.0,0.0,0.0,0.0,0.0,0.0,-90.0,-90.0,0.0,-89.901,0.239,-0.0,-89.99549999999999,-90.0,0.0,-89.8945,0.2405,0.0,-0.980282954191374,0.0,0.0,-1.415964267164286,-0.3267609847304459,0.0,-0.004499999999993065,0.0,0.0,-0.006499999999988404,-0.0015000000000000013,0.0,0.0137698,0.0068849,-0.0,-0.0137698,-0.0068849,0.0068849,0.008183638583535999,-0.0024793650793339997,-0.006189743589666,0.001396978022007,-0.001983363858405,0.0018108974359350002,0.016093476939424017,2.4489019997417927,0.27331199999025557,0.23625699986951076,0.0
pd,00:03:09.863,514,-89.991,-90.0,0.0,-89.889,0.242,-0.0,0.0,0.0,0.0,-0.3232604238890499,0.0,0.0,-90.0,-90.0,0.0,-89.901,0.239,-0.0,-89.99549999999999,-90.0,0.0,-89.8626739576111,0.2405,0.0,-0.727335953757253,0.0,0.0,4.255083811019376,-0.24244531791907536,0.0,-0.004499999999993065,0.0,0.0,0.026326042388902238,-0.0015000000000000013,0.0,-0.0206547,0.034424500000000004,-0.0413094,-0.0206547,-0.0068849,0.0068849,0.007940903540804,-0.001074969474956,-0.00563492063485,0.000603632478645,-0.0019316239316640002,0.001500457875489,0.015297058540778912,4.437677999703737,0.4138849999435479,0.13753499979429762,0.0
pd,00:03:09.868,515,-89.991,-90.0,0.0,-89.889,0.242,-0.0,0.0,0.0,0.0,0.0,0.0,0.0,-90.0,-90.0,0.0,-89.901,0.239,-0.0,-89.99549999999999,-90.0,0.0,-89.895,0.2405,0.0,-0.4334949012402553,0.0,0.0,-0.5779932016536737,-0.14449830041341308,0.0,-0.004499999999993065,0.0,0.0,-0.006000000000000227,-0.0015000000000000013,0.0,-0.0206547,0.034424500000000004,-0.0413094,-0.0206547,-0.0068849,0.0068849,0.007940903540804,-0.001074969474956,-0.00563492063485,0.000603632478645,-0.0019316239316640002,0.001500457875489,0.015297058540778912,3.1637649999538553,0.2743679997365689,0.13653600035468116,0.0
pd,00:03:09.872,516,-89.991,-90.0,0.0,-89.889,0.242,-0.0,0.0,0.0,0.0,0.0,0.0,0.0,-90.0,-90.0,0.0,-89.901,0.239,-0.0,-89.99549999999999,-90.0,0.0,-89.895,0.2405,0.0,-0.6085364972917434,0.0,0.0,-0.8113819963889913,-0.2028454990972403,0.0,-0.004499999999993065,0.0,0.0,-0.006000000000000227,-0.0015000000000000013,0.0,-0.0206547,0.034424500000000004,-0.0413094,-0.0206547,-0.0068849,0.0068849,0.007940903540804,-0.001074969474956,-0.00563492063485,0.000603632478645,-0.0019316239316640002,0.001500457875489,0.015297058540778912,2.001294999899983,0.2731449999373581,0.1314979999733623,0.0
pd,00:03:09.874,517,-89.991,-90.0,0.0,-89.889,0.242,-0.0,0.0,0.0,0.0,0.0,0.0,0.0,-90.0,-90.0,0.0,-89.901,0.239,-0.0,-89.99549999999999,-90.0,0.0,-89.895,0.2405,0.0,-0.8905524204964006,0.0,0.0,-1.1874032273285342,-0.29685080683212256,0.0,-0.004499999999993065,0.0,0.0,-0.006000000000000227,-0.0015000000000000013,0.0,-0.0206547,0.034424500000000004,-0.0413094,-0.0206547,-0.0068849,0.0068849,0.007940903540804,-0.001074969474956,-0.00563492063485,0.000603632478645,-0.0019316239316640002,0.001500457875489,0.015297058540778912,1.9367029999557417,0.26408999974592007,0.2532010003051255,0.0
pd,00:03:09.877,518,-89.991,-90.0,0.0,-89.889,0.242,-0.0,0.0,0.0,0.0,0.0,0.0,0.0,-90.0,-90.0,0.0,-89.901,0.239,-0.0,-89.99549999999999,-90.0,0.0,-89.895,0.2405,0.0,-0.8704283342557053,0.0,0.0,-1.1605711123409406,-0.2901427780852244,0.0,-0.004499999999993065,0.0,0.0,-0.006000000000000227,-0.0015000000000000013,0.0,-0.0206547,0.034424500000000004,-0.0413094,-0.0206547,-0.0068849,0.0068849,0.007940903540804,-0.001074969474956,-0.00563492063485,0.000603632478645,-0.0019316239316640002,0.001500457875489,0.015297058540778912,1.9387030001780658,0.26690499998949235,0.13135000017427956,0.0
pd,00:03:09.879,519,-89.991,-90.0,0.0,-89.889,0.242,-0.0,0.0,0.0,0.0,0.0,0.0,0.0,-90.0,-90.0,0.0,-89.901,0.239,-0.0,-89.99549999999999,-90.0,0.0,-89.895,0.2405,0.0,-0.9158757763975502,0.0,0.0,-1.2211677018634004,-0.3052919254658388,0.0,-0.004499999999993065,0.0,0.0,-0.006000000000000227,-0.0015000000000000013,0.0,-0.0206547,0.034424500000000004,-0.0413094,-0.0206547,-0.0068849,-0.0206547,0.007940903540804,-0.001074969474956,-0.00563492063485,0.000603632478645,-0.002449023199074,0.001500457875489,0.015297058540778912,6.846709999990708,0.27564599986362737,2.4661229999765055,0.0
pd,00:03:09.889,520,-89.991,-90.0,-0.0,-89.889,0.242,-0.0,0.0,0.0,-0.0,0.0,0.0,0.0,-90.0,-90.0,0.0,-89.901,0.239,-0.0,-89.99549999999999,-90.0,0.0,-89.895,0.2405,0.0,-0.2306646787084877,0.0,0.0,-0.30755290494465026,-0.07688822623615972,0.0,-0.004499999999993065,0.0,0.0,-0.006000000000000227,-0.0015000000000000013,0.0,0.0481943,-0.0206547,-0.0206547,0.0068849,-0.0,-0.0206547,0.007039316239228,-0.001543101343082,-0.0058949938949199995,0.0022248168498630004,-0.002449023199074,0.001500457875489,0.015297058540778912,1.9851289998769062,0.2788130000226374,0.12897999977212748,0.0
pd,00:03:09.892,521,-89.991,-90.0,-0.0,-89.889,0.242,-0.0,0.0,0.0,0.0,0.0,0.0,0.0,-90.0,-90.0,0.0,-89.901,0.239,-0.0,-89.99549999999999,-90.0,0.0,-89.895,0.2405,0.0,-0.7530469198851227,0.0,0.0,-1.0040625598468302,-0.2510156399616983,0.0,-0.004499999999993065,0.0,0.0,-0.006000000000000227,-0.0015000000000000013,0.0,0.0481943,-0.0206547,-0.0206547,0.0068849,-0.0,-0.0206547,0.007039316239228,-0.001543101343082,-0.0058949938949199995,0.0022248168498630004,-0.002449023199074,0.001500457875489,0.015297058540778912,2.1981630002301245,0.3150889997414197,0.1322769999205775,0.0
pd,00:03:09.895,522,-89.991,-90.0,-0.0,-89.889,0.242,-0.0,0.0,0.0,0.0,0.0,0.0,0.0,-90.0,-90.0,0.0,-89.901,0.239,-0.0,-89.99549999999999,-90.0,0.0,-89.895,0.2405,0.0,-0.8068727770178145,0.0,0.0,-1.0758303693570859,-0.26895759233926153,0.0,-0.004499999999993065,0.0,0.0,-0.006000000000000227,-0.0015000000000000013,0.0,0.0481943,-0.0206547,-0.0206547,0.0068849,-0.0,-0.0206547,0.007039316239228,-0.001543101343082,-0.0058949938949199995,0.0022248168498630004,-0.002449023199074,0.001500457875489,0.015297058540778912,4.789006999999401,0.2743129998634686,0.13712800000575953,0.0
pd,00:03:09.900,523,-89.991,-90.0,-0.0,-89.889,0.242,-0.0,0.0,0.0,0.0,0.0,0.0,0.0,-90.0,-90.0,0.0,-89.901,0.239,-0.0,-89.99549999999999,-90.0,0.0,-89.895,0.2405,0.0,-0.42273714388104094,0.0,0.0,-0.5636495251747212,-0.1409123812936751,0.0,-0.004499999999993065,0.0,0.0,-0.006000000000000227,-0.0015000000000000013,0.0,0.0481943,-0.0206547,-0.0206547,0.0068849,-0.0,-0.0206547,0.007039316239228,-0.001543101343082,-0.0058949938949199995,0.0022248168498630004,-0.002449023199074,0.001500457875489,0.015297058540778912,2.0854230001532414,0.2763299999060109,0.13364699998419383,0.0
pd,00:03:09.903,524,-89.991,-90.0,-0.0,-89.889,0.242,-0.0,0.0,0.0,0.0,0.0,0.0,0.0,-90.0,-90.0,0.0,-89.901,0.239,-0.0,-89.99549999999999,-90.0,0.0,-89.895,0.2405,0.0,-0.8589409301902574,0.0,0.0,-1.1452545735870099,-0.28631364339674187,0.0,-0.004499999999993065,0.0,0.0,-0.006000000000000227,-0.0015000000000000013,0.0,0.0,-0.0137698,0.0275396,-0.0,-0.034424500000000004,-0.0206547,0.00728205128196,-0.002184615384588,-0.005045421245358,0.002345543345592,-0.0018453907204290002,0.0016729242979590003,0.015297058540778912,9.117908999996871,0.2803309998853365,0.1357209998786857,0.0
pd,00:03:09.912,525,-89.991,-90.0,-0.0,-89.889,0.242,-0.0,0.0,0.0,0.0,0.0,0.0,0.0,-90.0,-90.0,0.0,-89.901,0.239,-0.0,-89.99549999999999,-90.0,0.0,-89.895,0.2405,0.0,-0.23274104764724174,0.0,0.0,-0.310321396862989,-0.07758034921574437,0.0,-0.004499999999993065,0.0,0.0,-0.006000000000000227,-0.0015000000000000013,0.0,0.0,-0.0137698,0.0275396,-0.0,-0.034424500000000004,-0.0206547,0.00728205128196,-0.002184615384588,-0.005045421245358,0.002345543345592,-0.0018453907204290002,0.0016729242979590003,0.015297058540778912,2.181349000238697,0.26901599994744174,0.1302770001530007,0.0
pd,00:03:09.915,526,-89.991,-90.0,-0.0,-89.889,0.242,-0.0,0.0,0.0,0.0,0.0,0.0,0.0,-90.0,-90.0,0.0,-89.901,0.239,-0.0,-89.99549999999999,-90.0,0.0,-89.895,0.2405,0.0,-0.8324968242766724,0.0,0.0,-1.1099957657022297,-0.27749894142554715,0.0,-0.004499999999993065,0.0,0.0,-0.006000000000000227,-0.0015000000000000013,0.0,0.0,-0.0137698,0.0275396,-0.0,-0.034424500000000004,-0.0206547,0.00728205128196,-0.002184615384588,-0.005045421245358,0.002345543345592,-0.0018453907204290002,0.0016729242979590003,0.015297058540778912,3.3255599996664387,0.27309000006425777,0.140183999974397,0.0
pd,00:03:09.919,527,-89.991,-90.0,-0.0,-89.889,0.242,-0.0,0.0,0.0,0.0,0.0,0.0,0.0,-90.0,-90.0,0.0,-89.901,0.239,-0.0,-89.99549999999999,-90.0,0.0,-89.895,0.2405,0.0,-0.576386978562289,0.0,0.0,-0.7685159714163853,-0.19212899285408921,0.0,-0.004499999999993065,0.0,0.0,-0.006000000000000227,-0.0015000000000000013,0.0,0.0,-0.0137698,0.0275396,-0.0,-0.034424500000000004,-0.0206547,0.00728205128196,-0.002184615384588,-0.005045421245358,0.002345543345592,-0.0018453907204290002,0.0016729242979590003,0.015297058540778912,2.01209100032429,0.2771819999907166,0.13796099983665044,0.0
pd,00:03:09.922,528,-89.991,-90.0,0.0,-89.889,0.242,-0.0,0.0,0.0,0.0,0.0,0.0,0.0,-90.0,-90.0,0.0,-89.901,0.239,-0.0,-89.99549999999999,-90.0,0.0,-89.895,0.2405,0.0,-0.8798418795450641,0.0,0.0,-1.1731225060600854,-0.2932806265150105,0.0,-0.004499999999993065,0.0,0.0,-0.006000000000000227,-0.0015000000000000013,0.0,0.0,-0.0137698,0.0275396,-0.0,-0.034424500000000004,-0.0206547,0.00728205128196,-0.002184615384588,-0.005045421245358,0.002345543345592,-0.0018453907204290002,0.0016729242979590003,0.015297058540778912,1.927184000123816,1.4781709996896097,0.532087000010506,0.0
pd,00:03:09.926,529,-89.991,-90.0,0.0,-89.889,0.242,-0.0,0.0,0.0,0.0,0.0,0.0,0.0,-90.0,-90.0,0.0,-89.901,0.239,-0.0,-89.99549999999999,-90.0,0.0,-89.895,0.2405,0.0,-0.5056356622374817,0.0,0.0,-0.6741808829833089,-0.16854522074582098,0.0,-0.004499999999993065,0.0,0.0,-0.006000000000000227,-0.0015000000000000013,0.0,0.034424500000000004,-0.0137698,0.0137698,0.0137698,-0.034424500000000004,-0.0068849,0.006085714285638,-0.0005028083028019999,-0.005790964590891999,0.0019488705739110002,-0.001431471306501,0.001586691086724,0.015297058540778912,3.1254129999069846,0.2696639999157924,0.13440600014291704,0.0
pd,00:03:09.930,530,-89.991,-90.0,0.0,-89.889,0.242,-0.0,0.0,0.0,0.0,0.0,0.0,0.0,-90.0,-90.0,0.0,-89.901,0.239,-0.0,-89.99549999999999,-90.0,0.0,-89.895,0.2405,0.0,-0.6156023483366182,0.0,0.0,-0.820803131115491,-0.20520078277886517,0.0,-0.004499999999993065,0.0,0.0,-0.006000000000000227,-0.0015000000000000013,0.0,0.034424500000000004,-0.0137698,0.0137698,0.0137698,-0.034424500000000004,-0.0068849,0.006085714285638,-0.0005028083028019999,-0.005790964590891999,0.0019488705739110002,-0.001431471306501,0.001586691086724,0.015297058540778912,1.892777000193746,0.25584900004105293,0.1295719998779532,0.0
pd,00:03:09.933,531,-89.991,-90.0,0.0,-89.889,0.242,-0.0,0.0,0.0,0.0,0.0,0.0,0.0,-90.0,-90.0,0.0,-89.901,0.239,-0.0,-89.99549999999999,-90.0,0.0,-89.895,0.2405,0.0,-0.6777638609595201,0.0,0.0,-0.9036851479460267,-0.22592128698649833,0.0,-0.004499999999993065,0.0,0.0,-0.006000000000000227,-0.0015000000000000013,0.0,0.034424500000000004,-0.0137698,0.0137698,0.0137698,-0.034424500000000004,-0.0068849,0.006085714285638,-0.0005028083028019999,-0.005790964590891999,0.0019488705739110002,-0.001431471306501,0.001586691086724,0.015297058540778912,2.0152400002189097,0.2728499998738698,0.12981400004719035,0.0
pd,00:03:09.936,532,-89.991,-90.0,0.0,-89.889,0.242,-0.0,0.0,0.0,0.0,0.0,0.0,0.0,-90.0,-90.0,0.0,-89.901,0.239,-0.0,-89.99549999999999,-90.0,0.0,-89.895,0.2405,0.0,-0.883879741500455,0.0,0.0,-1.1785063220006067,-0.29462658050014073,0.0,-0.004499999999993065,0.0,0.0,-0.006000000000000227,-0.0015000000000000013,0.0,0.034424500000000004,-0.0137698,0.0137698,0.0137698,-0.034424500000000004,-0.0068849,0.006085714285638,-0.0005028083028019999,-0.005790964590891999,0.0019488705739110002,-0.001431471306501,0.001586691086724,0.015297058540778912,2.041183000073943,0.26668200007406995,0.13153600002624444,0.0
pd,00:03:09.938,533,-89.991,-90.0,0.0,-89.889,0.242,-0.0,0.0,0.0,0.0,0.0,0.0,0.0,-90.0,-90.0,0.0,-89.901,0.239,-0.0,-89.99549999999999,-90.0,0.0,-89.895,0.2405,0.0,-0.8791042384723202,0.0,0.0,-1.1721389846297603,-0.29303474615742925,0.0,-0.004499999999993065,0.0,0.0,-0.006000000000000227,-0.0015000000000000013,0.0,0.034424500000000004,-0.0137698,0.0137698,0.0137698,-0.034424500000000004,-0.0068849,0.006085714285638,-0.0005028083028019999,-0.005790964590891999,0.0019488705739110002,-0.001431471306501,0.001586691086724,0.015297058540778912,3.7635920002685452,0.2739599999586062,0.14505399985864642,0.0
pd,00:03:09.942,534,-89.991,-90.0,0.0,-89.889,0.242,-0.0,0.0,0.0,0.0,0.0,0.0,0.0,-90.0,-90.0,0.0,-89.901,0.239,-0.0,-89.99549999999999,-90.0,0.0,-89.895,0.2405,0.0,-0.5225461794020132,0.0,0.0,-0.6967282392026842,-0.17418205980066462,0.0,-0.004499999999993065,0.0,0.0,-0.006000000000000227,-0.0015000000000000013,0.0,-0.0137698,-0.0275396,-0.0,0.034424500000000004,0.0137698,-0.0,0.006311111111032,-0.001595115995096,-0.005236141636076,0.0019488705739110002,-0.002155830280875,0.0019661172161580002,0.015297058540778912,3.7417960002130712,0.2704600001379731,0.19873800010827836,0.0
pd,00:03:09.947,535,-89.991,-90.0,0.0,-89.889,0.242,-0.0,0.0,0.0,0.0,0.0,0.0,0.0,-90.0,-90.0,0.0,-89.901,0.239,-0.0,-89.99549999999999,-90.0,0.0,-89.895,0.2405,0.0,-0.5176732857926691,0.0,0.0,-0.6902310477235588,-0.17255776193088332,0.0,-0.004499999999993065,0.0,0.0,-0.006000000000000227,-0.0015000000000000013,0.0,-0.0137698,-0.0275396,-0.0,0.034424500000000004,0.0137698,-0.0,0.006311111111032,-0.001595115995096,-0.005236141636076,0.0019488705739110002,-0.002155830280875,0.0019661172161580002,0.015297058540778912,2.934396000000561,0.27559000000110245,0.1374799999211973,0.0
pd,00:03:09.950,536,-89.991,-90.0,0.0,-89.889,0.242,-0.0,0.0,0.0,0.0,0.0,0.0,0.0,-90.0,-90.0,0.0,-89.901,0.239,-0.0,-89.99549999999999,-90.0,0.0,-89.895,0.2405,0.0,-0.6345178511396731,0.0,0.0,-0.8460238015195641,-0.2115059503798832,0.0,-0.004499999999993065,0.0,0.0,-0.006000000000000227,-0.0015000000000000013,0.0,-0.0137698,-0.0275396,-0.0,0.034424500000000004,0.0137698,-0.0,0.006311111111032,-0.001595115995096,-0.005236141636076,0.0019488705739110002,-0.002155830280875,0.0019661172161580002,0.015297058540778912,1.9126659999528783,0.2632750001794193,0.1875910002127057,0.0
pd,00:03:09.953,537,-89.991,-90.0,0.0,-89.889,0.242,-0.0,0.0,0.0,0.0,0.0,0.0,0.0,-90.0,-90.0,0.0,-89.901,0.239,-0.0,-89.99549999999999,-90.0,0.0,-89.895,0.2405,0.0,-0.905419169145194,0.0,0.0,-1.2072255588602587,-0.3018063897150535,0.0,-0.004499999999993065,0.0,0.0,-0.006000000000000227,-0.0015000000000000013,0.0,-0.0137698,-0.0275396,-0.0,0.034424500000000004,0.0137698,-0.0,0.006311111111032,-0.001595115995096,-0.005236141636076,0.0019488705739110002,-0.002155830280875,0.0019661172161580002,0.015297058540778912,1.9373139998606348,0.2580710001893749,0.1274249998459709,0.0
pd,00:03:09.955,538,-89.991,-90.0,0.0,-89.889,0.242,-0.0,0.0,0.0,0.0,0.0,0.0,0.0,-90.0,-90.0,0.0,-89.901,0.239,-0.0,-89.99549999999999,-90.0,0.0,-89.895,0.2405,0.0,-0.9209704303698992,0.0,0.0,-1.2279605738265322,-0.30699014345662173,0.0,-0.004499999999993065,0.0,0.0,-0.006000000000000227,-0.0015000000000000013,0.0,-0.0137698,-0.0275396,-0.0,0.034424500000000004,0.0137698,-0.0,0.006311111111032,-0.001595115995096,-0.005236141636076,0.0019488705739110002,-0.002155830280875,0.0019661172161580002,0.015297058540778912,2.056256999821926,0.5687530001523555,0.1284059999306919,0.0
pd,00:03:09.958,539,-89.991,-90.0,0.0,-89.889,0.242,-0.0,0.0,0.0,0.0,0.0,0.0,0.0,-90.0,-90.0,0.0,-89.901,0.239,-0.0,-89.99549999999999,-90.0,0.0,-89.895,0.2405,0.0,-0.7835589505148088,0.0,0.0,-1.0447452673530784,-0.26118631683825994,0.0,-0.004499999999993065,0.0,0.0,-0.006000000000000227,-0.0015000000000000013,0.0,-0.0137698,-0.0275396,-0.0,0.034424500000000004,0.0137698,-0.0,0.006311111111032,-0.001595115995096,-0.005236141636076,0.0019488705739110002,-0.002155830280875,0.0019661172161580002,0.015297058540778912,1.9966469999417313,0.271831000191014,0.2208310002060898,0.0
pd,00:03:09.961,540,-89.991,-90.0,0.0,-89.889,0.242,-0.0,0.0,0.0,0.0,0.0,0.0,0.0,-90.0,-90.0,0.0,-89.901,0.239,-0.0,-89.99549999999999,-90.0,0.0,-89.895,0.2405,0.0,-0.8528860370538055,0.0,0.0,-1.1371813827384074,-0.2842953456845913,0.0,-0.004499999999993065,0.0,0.0,-0.006000000000000227,-0.0015000000000000013,0.0,-0.0137698,-0.0275396,-0.0,0.034424500000000004,0.0137698,-0.0,0.006311111111032,-0.001595115995096,-0.005236141636076,0.0019488705739110002,-0.002155830280875,0.0019661172161580002,0.015297058540778912,1.8866110003727954,0.475217000257544,0.2246269996248884,0.0
pd,00:03:09.965,541,-89.991,-90.0,0.0,-89.89,0.241,-0.0,0.0,0.0,0.0,-0.22138203314789545,-0.22138203314683857,0.0,-90.0,-90.0,0.0,-89.901,0.239,-0.0,-89.99549999999999,-90.0,0.0,-89.8733617966852,0.26213820331468385,0.0,-0.4981095745804052,0.0,0.0,1.841699638869527,2.339809213437975,0.0,-0.004499999999993065,0.0,0.0,0.01663820331479826,0.021138203314683857,0.0,0.0275396,-0.0481943,0.0206547,-0.0206547,0.0206547,-0.0275396,0.005912332112258,-0.001283028083012,-0.00554822954816,0.002035103785146,-0.0022248168498630004,0.001190018315043,0.014352700094404227,3.7529259998336784,0.27825699999084463,0.1377019998471951,0.0
pd,00:03:09.970,542,-89.991,-90.0,0.0,-89.89,0.241,-0.0,0.0,0.0,0.0,0.0,0.0,0.0,-90.0,-90.0,0.0,-89.901,0.239,-0.0,-89.99549999999999,-90.0,0.0,-89.8955,0.24,0.0,-0.522690888950449,0.0,0.0,-0.6388444198280515,-0.11615353087787327,0.0,-0.004499999999993065,0.0,0.0,-0.00549999999999784,-0.0010000000000000009,0.0,0.0275396,-0.0481943,0.0206547,-0.0206547,0.0206547,-0.0275396,0.005912332112258,-0.001283028083012,-0.00554822954816,0.002035103785146,-0.0022248168498630004,0.001190018315043,0.014352700094404227,1.9729249997908482,0.2691079998839996,0.136313999973936,0.0
pd,00:03:09.972,543,-89.991,-90.0,0.0,-89.89,0.241,-0.0,0.0,0.0,0.0,0.0,0.0,0.0,-90.0,-90.0,0.0,-89.901,0.239,-0.0,-89.99549999999999,-90.0,0.0,-89.8955,0.24,0.0,-0.9007525054882464,0.0,0.0,-1.1009197289296049,-0.20016722344182514,0.0,-0.004499999999993065,0.0,0.0,-0.00549999999999784,-0.0010000000000000009,0.0,0.0275396,-0.0481943,0.0206547,-0.0206547,0.0206547,-0.0275396,0.005912332112258,-0.001283028083012,-0.00554822954816,0.002035103785146,-0.0022248168498630004,0.001190018315043,0.014352700094404227,2.0331460000306834,0.2679780000107712,0.13651800009029103,0.0
pd,00:03:09.975,544,-89.991,-90.0,0.0,-89.89,0.241,-0.0,0.0,0.0,0.0,0.0,0.0,0.0,-90.0,-90.0,0.0,-89.901,0.239,-0.0,-89.99549999999999,-90.0,0.0,-89.8955,0.24,0.0,-0.8782860865519179,0.0,0.0,-1.0734607724518819,-0.19517468590041898,0.0,-0.004499999999993065,0.0,0.0,-0.00549999999999784,-0.0010000000000000009,0.0,0.0275396,-0.0481943,0.0206547,-0.0206547,0.0206547,-0.0275396,0.005912332112258,-0.001283028083012,-0.00554822954816,0.002035103785146,-0.0022248168498630004,0.001190018315043,0.014352700094404227,2.1001280001655687,0.33273799999733455,0.1372390001961321,0.0
pd,00:03:09.977,545,-89.991,-90.0,0.0,-89.89,0.241,-0.0,0.0,0.0,0.0,0.0,0.0,0.0,-90.0,-90.0,0.0,-89.901,0.239,-0.0,-89.99549999999999,-90.0,0.0,-89.8955,0.24,0.0,-0.8358147196882789,0.0,0.0,-1.021551324063012,-0.18573660437516623,0.0,-0.004499999999993065,0.0,0.0,-0.00549999999999784,-0.0010000000000000009,0.0,0.0275396,-0.0481943,0.0206547,-0.0206547,0.0206547,-0.0275396,0.005912332112258,-0.001283028083012,-0.00554822954816,0.002035103785146,-0.0022248168498630004,0.001190018315043,0.014352700094404227,1.8935930002044188,0.25831200036918744,0.12331399966569734,0.0
pd,00:03:09.980,546,-89.991,-90.0,0.0,-89.89,0.241,-0.0,0.0,0.0,0.0,0.0,0.0,0.0,-90.0,-90.0,0.0,-89.901,0.239,-0.0,-89.99549999999999,-90.0,0.0,-89.8955,0.24,0.0,-0.9416467770904368,0.0,0.0,-1.1509016164433716,-0.20925483935342265,0.0,-0.004499999999993065,0.0,0.0,-0.00549999999999784,-0.0010000000000000009,0.0,0.0275396,-0.0481943,0.0206547,-0.0206547,0.0206547,-0.0275396,0.005912332112258,-0.001283028083012,-0.00554822954816,0.002035103785146,-0.0022248168498630004,0.001190018315043,0.014352700094404227,2.068183000119461,0.3553300002749893,0.19599799998104572,0.0
pd,00:03:09.983,547,-89.991,-90.0,0.0,-89.89,0.241,-0.0,0.0,0.0,0.0,0.0,0.0,0.0,-90.0,-90.0,0.0,-89.901,0.239,-0.0,-89.99549999999999,-90.0,0.0,-89.8955,0.24,0.0,-0.8100587124463826,0.0,0.0,-0.9900717596562635,-0.1800130472103006,0.0,-0.004499999999993065,0.0,0.0,-0.00549999999999784,-0.0010000000000000009,0.0,0.0,-0.0481943,-0.0,0.1101584,-0.0068849,0.034424500000000004,0.0049934065933439995,-0.0019245421245179999,-0.005340170940104,0.002966422466484,-0.002190323565369,0.0016556776557120003,0.014352700094404227,5.0773939997270645,0.26420099993629265,0.1343130002169346,0.0
pd,00:03:09.988,548,-89.991,-90.0,0.0,-89.89,0.241,-0.0,0.0,0.0,0.0,0.0,0.0,0.0,-90.0,-90.0,0.0,-89.901,0.239,-0.0,-89.99549999999999,-90.0,0.0,-89.8955,0.24,0.0,-0.4011384850803518,0.0,0.0,-0.49028037065355223,-0.08914188557340823,0.0,-0.004499999999993065,0.0,0.0,-0.00549999999999784,-0.0010000000000000009,0.0,0.0,-0.0481943,-0.0,0.1101584,-0.0068849,0.034424500000000004,0.0049934065933439995,-0.0019245421245179999,-0.005340170940104,0.002966422466484,-0.002190323565369,0.0016556776557120003,0.014352700094404227,2.0497569998951803,0.25146000007225666,0.12948099993081996,0.0
pd,00:03:09.991,549,-89.991,-90.0,0.0,-89.89,0.241,-0.0,0.0,0.0,0.0,0.0,0.0,0.0,-90.0,-90.0,0.0,-89.901,0.239,-0.0,-89.99549999999999,-90.0,0.0,-89.8955,0.24,0.0,-0.8846254218223057,0.0,0.0,-1.0812088488934637,-0.19658342707161622,0.0,-0.004499999999993065,0.0,0.0,-0.00549999999999784,-0.0010000000000000009,0.0,0.0,-0.0481943,-0.0,0.1101584,-0.0068849,0.034424500000000004,0.0049934065933439995,-0.0019245421245179999,-0.005340170940104,0.002966422466484,-0.002190323565369,0.0016556776557120003,0.014352700094404227,1.9002210001417552,0.39919999971971265,0.13125700024829712,0.0
pd,00:03:09.993,550,-89.991,-90.0,0.0,-89.89,0.241,-0.0,0.0,0.0,0.0,0.0,0.0,0.0,-90.0,-90.0,0.0,-89.901,0.239,-0.0,-89.99549999999999,-90.0,0.0,-89.8955,0.24,0.0,-0.8817325983369483,0.0,0.0,-1.077673175744695,-0.19594057740820348,0.0,-0.004499999999993065,0.0,0.0,-0.00549999999999784,-0.0010000000000000009,0.0,0.0,-0.0481943,-0.0,0.1101584,-0.0068849,0.034424500000000004,0.0049934065933439995,-0.0019245421245179999,-0.005340170940104,0.002966422466484,-0.002190323565369,0.0016556776557120003,0.014352700094404227,2.015293999647838,0.33616400014579995,0.15010900006018346,0.0
pd,00:03:09.996,551,-89.991,-90.0,0.0,-89.89,0.241,-0.0,0.0,0.0,0.0,0.0,0.0,0.0,-90.0,-90.0,0.0,-89.901,0.239,-0.0,-89.99549999999999,-90.0,0.0,-89.8955,0.24,0.0,-0.711917923958989,0.0,0.0,-0.8701219070606118,-0.15820398310199169,0.0,-0.004499999999993065,0.0,0.0,-0.00549999999999784,-0.0010000000000000009,0.0,0.0,-0.0481943,-0.0,0.1101584,-0.0068849,0.034424500000000004,0.0049934065933439995,-0.0019245421245179999,-0.005340170940104,0.002966422466484,-0.002190323565369,0.0016556776557120003,0.014352700094404227,2.5929369999175833,0.27605299965216545,0.13566500001616077,0.0
pd,00:03:09.999,552,-89.991,-90.0,0.0,-89.89,0.241,-0.0,0.0,0.0,0.0,0.0,0.0,0.0,-90.0,-90.0,0.0,-89.901,0.239,-0.0,-89.99549999999999,-90.0,0.0,-89.8955,0.24,0.0,-0.7189139940580755,0.0,0.0,-0.8786726594039361,-0.1597586653462331,0.0,-0.004499999999993065,0.0,0.0,-0.00549999999999784,-0.0010000000000000009,0.0,0.0,-0.0481943,-0.0,0.1101584,-0.0068849,0.034424500000000004,0.0049934065933439995,-0.0019245421245179999,-0.005340170940104,0.002966422466484,-0.002190323565369,0.0016556776557120003,0.014352700094404227,2.142868000191811,0.2886269999180513,0.14275800003815675,0.0
pd,00:03:10.002,553,-89.991,-90.0,0.0,-89.89,0.241,-0.0,0.0,0.0,0.0,0.0,0.0,0.0,-90.0,-90.0,0.0,-89.901,0.239,-0.0,-89.99549999999999,-90.0,0.0,-89.8955,0.24,0.0,-0.815096216963237,0.0,0.0,-0.996228709621305,-0.1811324926584904,0.0,-0.004499999999993065,0.0,0.0,-0.00549999999999784,-0.0010000000000000009,0.0,-0.0137698,0.034424500000000004,0.0206547,-0.0,-0.0137698,0.0413094,0.004976068376006,-0.001577777777758,-0.005045421245358,0.0019488705739110002,-0.0018971306471700002,0.002035103785146,0.014352700094404227,3.751203000319947,0.27405299988458864,0.13773899991065264,0.0
pd,00:03:10.007,554,-89.991,-90.0,0.0,-89.89,0.241,-0.0,0.0,0.0,0.0,0.0,0.0,0.0,-90.0,-90.0,0.0,-89.901,0.239,-0.0,-89.99549999999999,-90.0,0.0,-89.8955,0.24,0.0,-0.4835118352290377,0.0,0.0,-0.5909589097241249,-0.10744707449533773,0.0,-0.004499999999993065,0.0,0.0,-0.00549999999999784,-0.0010000000000000009,0.0,-0.0137698,0.034424500000000004,0.0206547,-0.0,-0.0137698,0.0413094,0.004976068376006,-0.001577777777758,-0.005045421245358,0.0019488705739110002,-0.0018971306471700002,0.002035103785146,0.014352700094404227,3.3740779999789083,0.36732899980052025,0.14016500017532962,0.0
pd,00:03:10.011,555,-89.991,-90.0,0.0,-89.89,0.241,-0.0,0.0,0.0,0.0,0.0,0.0,0.0,-90.0,-90.0,0.0,-89.901,0.239,-0.0,-89.99549999999999,-90.0,0.0,-89.8955,0.24,0.0,-0.5608357996077945,0.0,0.0,-0.6854659772981203,-0.12463017769061638,0.0,-0.004499999999993065,0.0,0.0,-0.00549999999999784,-0.0010000000000000009,0.0,-0.0137698,0.034424500000000004,0.0206547,-0.0,-0.0137698,0.0413094,0.004976068376006,-0.001577777777758,-0.005045421245358,0.0019488705739110002,-0.0018971306471700002,0.002035103785146,0.014352700094404227,1.9559620000109135,0.25551599992468255,0.13207300025896984,0.0
pd,00:03:10.013,556,-89.991,-90.0,0.0,-89.89,0.241,-0.0,0.0,0.0,0.0,0.0,0.0,0.0,-90.0,-90.0,0.0,-89.901,0.239,-0.0,-89.99549999999999,-90.0,0.0,-89.8955,0.24,0.0,-0.9120695853871033,0.0,0.0,-1.1147517154726463,-0.20268213008601546,0.0,-0.004499999999993065,0.0,0.0,-0.00549999999999784,-0.0010000000000000009,0.0,-0.0137698,0.034424500000000004,0.0206547,-0.0,-0.0137698,0.0413094,0.004976068376006,-0.001577777777758,-0.005045421245358,0.0019488705739110002,-0.0018971306471700002,0.002035103785146,0.014352700094404227,2.0727199998873402,0.2693490000638121,0.23166399978435948,0.0
pd,00:03:10.016,557,-89.991,-90.0,0.0,-89.89,0.241,-0.0,0.0,0.0,0.0,0.0,0.0,0.0,-90.0,-90.0,0.0,-89.901,0.239,-0.0,-89.99549999999999,-90.0,0.0,-89.8955,0.24,0.0,-0.8331582943409868,0.0,0.0,-1.0183045819718788,-0.18514628763132354,0.0,-0.004499999999993065,0.0,0.0,-0.00549999999999784,-0.0010000000000000009,0.0,-0.0137698,0.034424500000000004,0.0206547,-0.0,-0.0137698,0.0413094,0.004976068376006,-0.001577777777758,-0.005045421245358,0.0019488705739110002,-0.0018971306471700002,0.002035103785146,0.014352700094404227,2.1308489999682934,0.2678309997463657,0.1291290000153822,0.0
pd,00:03:10.019,558,-89.991,-90.0,0.0,-89.89,0.241,-0.0,0.0,0.0,0.0,0.0,0.0,0.0,-90.0,-90.0,0.0,-89.901,0.239,-0.0,-89.99549999999999,-90.0,0.0,-89.8955,0.24,0.0,-0.8492786177106153,0.0,0.0,-1.0380071994236384,-0.1887285817134631,0.0,-0.004499999999993065,0.0,0.0,-0.00549999999999784,-0.0010000000000000009,0.0,-0.0137698,0.034424500000000004,0.0206547,-0.0,-0.0137698,0.0413094,0.004976068376006,-0.001577777777758,-0.005045421245358,0.0019488705739110002,-0.0018971306471700002,0.002035103785146,0.014352700094404227,2.1591820000139705,0.27560899980016984,0.14070199995330768,0.0
pd,00:03:10.021,559,-89.991,-90.0,0.0,-89.89,0.241,-0.0,0.0,0.0,0.0,0.0,0.0,0.0,-90.0,-90.0,0.0,-89.901,0.239,-0.0,-89.99549999999999,-90.0,0.0,-89.8955,0.24,0.0,-0.8312502422267557,0.0,0.0,-1.0159725182767083,-0.18472227605038333,0.0,-0.004499999999993065,0.0,0.0,-0.00549999999999784,-0.0010000000000000009,0.0,-0.0137698,0.034424500000000004,0.0206547,-0.0,-0.0137698,0.0413094,0.004976068376006,-0.001577777777758,-0.005045421245358,0.0019488705739110002,-0.0018971306471700002,0.002035103785146,0.014352700094404227,1.8749440000647155,0.5469570000968815,0.6291039999268833,0.0
pd,00:03:10.025,560,-89.991,-90.0,0.0,-89.89,0.241,-0.0,0.0,0.0,0.0,0.0,0.0,0.0,-90.0,-90.0,0.0,-89.901,0.239,-0.0,-89.99549999999999,-90.0,0.0,-89.8955,0.24,0.0,-0.6628166877370668,0.0,0.0,-0.8101092850116217,-0.1472925972748983,0.0,-0.004499999999993065,0.0,0.0,-0.00549999999999784,-0.0010000000000000009,0.0,-0.0137698,0.0206547,0.0550792,-0.0206547,0.0206547,0.034424500000000004,0.004351892551838,-0.0019072039071799999,-0.005305494505428,0.000638125763139,-0.001396978022007,0.001638431013465,0.014352700094404227,3.63659300001018,0.2872190002563002,0.1306839999415388,0.0
pd,00:03:10.030,561,-89.991,-90.0,0.0,-89.89,0.241,-0.0,0.0,0.0,0.0,0.0,0.0,0.0,-90.0,-90.0,0.0,-89.901,0.239,-0.0,-89.99549999999999,-90.0,0.0,-89.8955,0.24,0.0,-0.44266541582627505,0.0,0.0,-0.541035508231881,-0.09837009240583526,0.0,-0.004499999999993065,0.0,0.0,-0.00549999999999784,-0.0010000000000000009,0.0,-0.0137698,0.0206547,0.0550792,-0.0206547,0.0206547,0.034424500000000004,0.004351892551838,-0.0019072039071799999,-0.005305494505428,0.000638125763139,-0.001396978022007,0.001638431013465,0.014352700094404227,1.9258699999227247,0.26225700003124075,0.11762900021494715,0.0
pd,00:03:10.032,562,-89.991,-90.0,0.0,-89.89,0.241,-0.0,0.0,0.0,0.0,0.0,0.0,0.0,-90.0,-90.0,0.0,-89.901,0.239,-0.0,-89.99549999999999,-90.0,0.0,-89.8955,0.24,0.0,-0.9286738830939143,0.0,0.0,-1.1350458571142954,-0.20637197402086221,0.0,-0.004499999999993065,0.0,0.0,-0.00549999999999784,-0.0010000000000000009,0.0,-0.0137698,0.0206547,0.0550792,-0.0206547,0.0206547,0.034424500000000004,0.004351892551838,-0.0019072039071799999,-0.005305494505428,0.000638125763139,-0.001396978022007,0.001638431013465,0.014352700094404227,2.0924979999108473,0.45479199980036356,0.18155399993702304,0.0
pd,00:03:10.035,563,-89.991,-90.0,0.0,-89.89,0.241,-0.0,0.0,0.0,0.0,0.0,0.0,0.0,-90.0,-90.0,0.0,-89.901,0.239,-0.0,-89.99549999999999,-90.0,0.0,-89.8955,0.24,0.0,-0.7720841037388823,0.0,0.0,-0.943658349013783,-0.17157424527530082,0.0,-0.004499999999993065,0.0,0.0,-0.00549999999999784,-0.0010000000000000009,0.0,-0.0137698,0.0206547,0.0550792,-0.0206547,0.0206547,0.034424500000000004,0.004351892551838,-0.0019072039071799999,-0.005305494505428,0.000638125763139,-0.001396978022007,0.001638431013465,0.014352700094404227,2.267050999762432,0.29894099998273305,0.23281299991140258,0.0
pd,00:03:10.038,564,-89.991,-90.0,0.0,-89.89,0.241,-0.0,0.0,0.0,0.0,0.0,0.0,0.0,-90.0,-90.0,0.0,-89.901,0.239,-0.0,-89.99549999999999,-90.0,0.0,-89.8955,0.24,0.0,-0.7613702299314529,0.0,0.0,-0.9305636143602638,-0.16919338442920548,0.0,-0.004499999999993065,0.0,0.0,-0.00549999999999784,-0.0010000000000000009,0.0,-0.0137698,0.0206547,0.0550792,-0.0206547,0.0206547,0.034424500000000004,0.004351892551838,-0.0019072039071799999,-0.005305494505428,0.000638125763139,-0.001396978022007,0.001638431013465,0.014352700094404227,2.152534000288142,1.284765000036714,0.15538699972239556,0.0
pd,00:03:10.042,565,-89.991,-90.0,0.0,-89.89,0.241,-0.0,0.0,0.0,0.0,0.0,0.0,0.0,-90.0,-90.0,0.0,-89.901,0.239,-0.0,-89.99549999999999,-90.0,0.0,-89.8955,0.24,0.0,-0.6031691167071684,0.0,0.0,-0.7372066981973329,-0.13403758149047693,0.0,-0.004499999999993065,0.0,0.0,-0.00549999999999784,-0.0010000000000000009,0.0,0.034424500000000004,-0.034424500000000004,-0.0550792,-0.0619641,-0.0206547,0.034424500000000004,0.0044559218558659994,-0.002149938949912,-0.0063978021977219995,0.0019661172161580002,-0.001345238095266,0.0016556776557120003,0.014352700094404227,4.651286999887816,1.299302000006719,0.19216500004404224,0.0
pd,00:03:10.049,566,-89.991,-90.0,0.0,-89.89,0.241,-0.0,0.0,0.0,0.0,0.0,0.0,0.0,-90.0,-90.0,0.0,-89.901,0.239,-0.0,-89.99549999999999,-90.0,0.0,-89.8955,0.24,0.0,-0.343845514829132,0.0,0.0,-0.4202556292354248,-0.07641011440647096,0.0,-0.004499999999993065,0.0,0.0,-0.00549999999999784,-0.0010000000000000009,0.0,0.034424500000000004,-0.034424500000000004,-0.0550792,-0.0619641,-0.0206547,0.034424500000000004,0.0044559218558659994,-0.002149938949912,-0.0063978021977219995,0.0019661172161580002,-0.001345238095266,0.0016556776557120003,0.014352700094404227,2.056831000118109,0.29234900011942955,0.13623899985759635,0.0
pd,00:03:10.051,567,-89.991,-90.0,0.0,-89.89,0.241,-0.0,0.0,0.0,0.0,0.0,0.0,0.0,-90.0,-90.0,0.0,-89.901,0.239,-0.0,-89.99549999999999,-90.0,0.0,-89.8955,0.24,0.0,-0.8465360602799029,0.0,0.0,-1.0346551847861025,-0.18811912450663812,0.0,-0.004499999999993065,0.0,0.0,-0.00549999999999784,-0.0010000000000000009,0.0,0.034424500000000004,-0.034424500000000004,-0.0550792,-0.0619641,-0.0206547,0.034424500000000004,0.0044559218558659994,-0.002149938949912,-0.0063978021977219995,0.0019661172161580002,-0.001345238095266,0.0016556776557120003,0.014352700094404227,1.9642580000436283,0.27383099995859084,0.14286899977378198,0.0
pd,00:03:10.054,568,-89.991,-90.0,0.0,-89.891,0.241,-0.0,0.0,0.0,0.0,-0.3986223151511145,0.0,0.0,-90.0,-90.0,0.0,-89.901,0.239,-0.0,-89.99549999999999,-90.0,0.0,-89.85613776848488,0.24,0.0,-0.8969002090857592,0.0,0.0,6.9484317189116656,-0.19931115757460577,0.0,-0.004499999999993065,0.0,0.0,0.03486223151512036,-0.0010000000000000009,0.0,0.034424500000000004,-0.034424500000000004,-0.0550792,-0.0619641,-0.0206547,0.034424500000000004,0.0044559218558659994,-0.002149938949912,-0.0063978021977219995,0.0019661172161580002,-0.001345238095266,0.0016556776557120003,0.013601470508728983,3.1193569998322346,0.25629399988247314,0.1374060002490296,0.0
pd,00:03:10.057,569,-89.991,-90.0,0.0,-89.891,0.241,-0.0,0.0,0.0,0.0,0.0,0.0,0.0,-90.0,-90.0,0.0,-89.901,0.239,-0.0,-89.99549999999999,-90.0,0.0,-89.896,0.24,0.0,-0.6206632028938085,0.0,0.0,-0.6896257809924672,-0.137925156198619,0.0,-0.004499999999993065,0.0,0.0,-0.0049999999999954525,-0.0010000000000000009,0.0,0.034424500000000004,-0.034424500000000004,-0.0550792,-0.0619641,-0.0206547,0.034424500000000004,0.0044559218558659994,-0.002149938949912,-0.0063978021977219995,0.0019661172161580002,-0.001345238095266,0.0016556776557120003,0.013601470508728983,1.8722590002653305,0.24190499971155077,0.1144620000559371,0.0
pd,00:03:10.060,570,-89.991,-90.0,0.0,-89.891,0.241,-0.0,0.0,0.0,0.0,0.0,0.0,0.0,-90.0,-90.0,0.0,-89.901,0.239,-0.0,-89.99549999999999,-90.0,0.0,-89.896,0.24,0.0,-0.9646513339466787,0.0,0.0,-1.0718348154952941,-0.214366963099254,0.0,-0.004499999999993065,0.0,0.0,-0.0049999999999954525,-0.0010000000000000009,0.0,0.034424500000000004,-0.034424500000000004,-0.0550792,-0.0619641,-0.0206547,0.034424500000000004,0.0044559218558659994,-0.002149938949912,-0.0063978021977219995,0.0019661172161580002,-0.001345238095266,0.0016556776557120003,0.013601470508728983,1.8638889996509533,0.2469050000399875,0.128554000184522,0.0
pd,00:03:10.063,571,-89.991,-90.0,0.0,-89.891,0.241,-0.0,0.0,0.0,0.0,0.0,0.0,0.0,-90.0,-90.0,0.0,-89.901,0.239,-0.0,-89.99549999999999,-90.0,0.0,-89.896,0.24,0.0,-0.7161860818092401,0.0,0.0,-0.7957623131206241,-0.1591524626242697,0.0,-0.004499999999993065,0.0,0.0,-0.0049999999999954525,-0.0010000000000000009,0.0,0.0481943,0.0068849,0.0068849,-0.0550792,-0.0206547,-0.0137698,0.004802686202626,-0.0024793650793339997,-0.006137728937652,0.0022593101343570004,-0.001983363858405,0.001431471306501,0.013601470508728983,2.5464000000283704,0.2825160004249483,0.18884899964177748,0.0
pd,00:03:10.066,572,-89.991,-90.0,0.0,-89.891,0.241,-0.0,0.0,0.0,0.0,0.0,0.0,0.0,-90.0,-90.0,0.0,-89.901,0.239,-0.0,-89.99549999999999,-90.0,0.0,-89.896,0.24,0.0,-0.7132630942483832,0.0,0.0,-0.7925145491641193,-0.15850290983296816,0.0,-0.004499999999993065,0.0,0.0,-0.0049999999999954525,-0.0010000000000000009,0.0,0.0481943,0.0068849,0.0068849,-0.0550792,-0.0206547,-0.0137698,0.004802686202626,-0.0024793650793339997,-0.006137728937652,0.0022593101343570004,-0.001983363858405,0.001431471306501,0.013601470508728983,2.5168080001094495,0.3203299997949216,0.12960999993083533,0.0
pd,00:03:10.069,573,-89.991,-90.0,0.0,-89.891,0.241,-0.0,0.0,0.0,0.0,0.0,0.0,0.0,-90.0,-90.0,0.0,-89.901,0.239,-0.0,-89.99549999999999,-90.0,0.0,-89.896,0.24,0.0,-0.7285150532654282,0.0,0.0,-0.8094611702941534,-0.16189223405897807,0.0,-0.004499999999993065,0.0,0.0,-0.0049999999999954525,-0.0010000000000000009,0.0,0.0481943,0.0068849,0.0068849,-0.0550792,-0.0206547,-0.0137698,0.004802686202626,-0.0024793650793339997,-0.006137728937652,0.0022593101343570004,-0.001983363858405,0.001431471306501,0.013601470508728983,1.8633149998095178,0.24297900017700158,0.10710999958973844,0.0
pd,00:03:10.071,574,-89.991,-90.0,0.0,-89.891,0.241,-0.0,0.0,0.0,0.0,0.0,0.0,0.0,-90.0,-90.0,0.0,-89.901,0.239,-0.0,-89.99549999999999,-90.0,0.0,-89.896,0.24,0.0,-0.969606904346076,0.0,0.0,-1.0773410048279526,-0.2154682009657867,0.0,-0.004499999999993065,0.0,0.0,-0.0049999999999954525,-0.0010000000000000009,0.0,0.0481943,0.0068849,0.0068849,-0.0550792,-0.0206547,-0.0137698,0.004802686202626,-0.0024793650793339997,-0.006137728937652,0.0022593101343570004,-0.001983363858405,0.001431471306501,0.013601470508728983,4.35790099982114,0.27670100007526344,0.132758000290778,0.0
pd,00:03:10.076,575,-89.991,-90.0,-0.0,-89.891,0.241,-0.0,0.0,0.0,-0.0,0.0,0.0,0.0,-90.0,-90.0,0.0,-89.901,0.239,-0.0,-89.99549999999999,-90.0,0.0,-89.896,0.24,0.0,-0.4583827472314143,0.0,0.0,-0.5093141635899778,-0.1018628327180883,0.0,-0.004499999999993065,0.0,0.0,-0.0049999999999954525,-0.0010000000000000009,0.0,0.0481943,0.0068849,0.0068849,-0.0550792,-0.0206547,-0.0137698,0.004802686202626,-0.0024793650793339997,-0.006137728937652,0.0022593101343570004,-0.001983363858405,0.001431471306501,0.013601470508728983,2.083996999772353,0.699974999861297,0.11759100016206503,0.0
pd,00:03:10.079,576,-89.991,-90.0,-0.0,-89.891,0.241,-0.0,0.0,0.0,0.0,0.0,0.0,0.0,-90.0,-90.0,0.0,-89.901,0.239,-0.0,-89.99549999999999,-90.0,0.0,-89.896,0.24,0.0,-0.7441987224982539,0.0,0.0,-0.826887469441721,-0.16537749388849474,0.0,-0.004499999999993065,0.0,0.0,-0.0049999999999954525,-0.0010000000000000009,0.0,0.0481943,0.0068849,0.0068849,-0.0550792,-0.0206547,-0.0137698,0.004802686202626,-0.0024793650793339997,-0.006137728937652,0.0022593101343570004,-0.001983363858405,0.001431471306501,0.013601470508728983,2.4430309999843303,0.2349050000702846,0.10505399995963671,0.0
pd,00:03:10.082,577,-89.991,-90.0,-0.0,-89.891,0.241,-0.0,0.0,0.0,0.0,0.0,0.0,0.0,-90.0,-90.0,0.0,-89.901,0.239,-0.0,-89.99549999999999,-90.0,0.0,-89.896,0.24,0.0,-0.7801259816483721,0.0,0.0,-0.8668066462751478,-0.17336132925518738,0.0,-0.004499999999993065,0.0,0.0,-0.0049999999999954525,-0.0010000000000000009,0.0,-0.0206547,-0.0137698,0.0137698,0.0275396,-0.0275396,-0.0137698,0.00424786324781,-0.002826129426094,-0.004837362637302,0.0019661172161580002,-0.001983363858405,0.001431471306501,0.013601470508728983,3.026191999651928,0.31247900005837437,0.12692400014202576,0.0
pd,00:03:10.086,578,-89.991,-90.0,-0.0,-89.891,0.241,-0.0,0.0,0.0,0.0,0.0,0.0,0.0,-90.0,-90.0,0.0,-89.901,0.239,-0.0,-89.99549999999999,-90.0,0.0,-89.896,0.24,0.0,-0.6260985868772214,0.0,0.0,-0.6956650965295869,-0.13913301930604405,0.0,-0.004499999999993065,0.0,0.0,-0.0049999999999954525,-0.0010000000000000009,0.0,-0.0206547,-0.0137698,0.0137698,0.0275396,-0.0275396,-0.0137698,0.00424786324781,-0.002826129426094,-0.004837362637302,0.0019661172161580002,-0.001983363858405,0.001431471306501,0.013601470508728983,1.926294999975653,0.2198500001213688,0.09494300002188538,0.0
pd,00:03:10.088,579,-89.991,-90.0,-0.0,-89.891,0.241,-0.0,0.0,0.0,0.0,0.0,0.0,0.0,-90.0,-90.0,0.0,-89.901,0.239,-0.0,-89.99549999999999,-90.0,0.0,-89.896,0.24,0.0,-0.9626832602264978,0.0,0.0,-1.0696480669173174,-0.21392961338365826,0.0,-0.004499999999993065,0.0,0.0,-0.0049999999999954525,-0.0010000000000000009,0.0,-0.0206547,-0.0137698,0.0137698,0.0275396,-0.0275396,-0.0137698,0.00424786324781,-0.002826129426094,-0.004837362637302,0.0019661172161580002,-0.001983363858405,0.001431471306501,0.013601470508728983,1.8577400001049682,0.2177569999730622,0.14157299983708072,0.0
pd,00:03:10.090,580,-89.991,-90.0,-0.0,-89.891,0.241,-0.0,0.0,0.0,0.0,0.0,0.0,0.0,-90.0,-90.0,0.0,-89.901,0.239,-0.0,-89.99549999999999,-90.0,0.0,-89.896,0.24,0.0,-0.9718035217794623,0.0,0.0,-1.0797816908650462,-0.21595633817320584,0.0,-0.004499999999993065,0.0,0.0,-0.0049999999999954525,-0.0010000000000000009,0.0,-0.0206547,-0.0137698,0.0137698,0.0275396,-0.0275396,-0.0137698,0.00424786324781,-0.002826129426094,-0.004837362637302,0.0019661172161580002,-0.001983363858405,0.001431471306501,0.013601470508728983,2.40223499986314,0.26001599962910404,0.11503599989737268,0.0
pd,00:03:10.094,581,-89.991,-90.0,0.0,-89.891,0.241,-0.0,0.0,0.0,0.0,0.0,0.0,0.0,-90.0,-90.0,0.0,-89.901,0.239,-0.0,-89.99549999999999,-90.0,0.0,-89.896,0.24,0.0,-0.5832262530128148,0.0,0.0,-0.6480291700136248,-0.12960583400284295,0.0,-0.004499999999993065,0.0,0.0,-0.0049999999999954525,-0.0010000000000000009,0.0,-0.0206547,-0.0137698,0.0137698,0.0275396,-0.0275396,-0.0137698,0.00424786324781,-0.002826129426094,-0.004837362637302,0.0019661172161580002,-0.001983363858405,0.001431471306501,0.013601470508728983,2.0279790001040965,0.3438489998188743,0.13009199983571307,0.0
pd,00:03:10.097,582,-89.991,-90.0,0.0,-89.891,0.241,-0.0,0.0,0.0,0.0,0.0,0.0,0.0,-90.0,-90.0,0.0,-89.901,0.239,-0.0,-89.99549999999999,-90.0,0.0,-89.896,0.24,0.0,-0.7825842938884118,0.0,0.0,-0.8695381043196337,-0.17390762086408507,0.0,-0.004499999999993065,0.0,0.0,-0.0049999999999954525,-0.0010000000000000009,0.0,-0.0206547,-0.0137698,0.0137698,0.0275396,-0.0275396,-0.0137698,0.00424786324781,-0.002826129426094,-0.004837362637302,0.0019661172161580002,-0.001983363858405,0.001431471306501,0.013601470508728983,4.553972999929101,0.25455300010435167,0.11477699990791734,0.0
pd,00:03:10.102,583,-89.991,-90.0,0.0,-89.891,0.241,-0.0,0.0,0.0,0.0,0.0,0.0,0.0,-90.0,-90.0,0.0,-89.901,0.239,-0.0,-89.99549999999999,-90.0,0.0,-89.896,0.24,0.0,-0.4455074352074946,0.0,0.0,-0.4950082613411917,-0.09900165226832847,0.0,-0.004499999999993065,0.0,0.0,-0.0049999999999954525,-0.0010000000000000009,0.0,-0.0206547,-0.0275396,0.0068849,-0.0413094,-0.0137698,-0.0068849,0.0038837606837119998,-0.0019245421245179999,-0.005045421245358,0.002655982906038,-0.001259004884031,0.0019661172161580002,0.013601470508728983,2.08975699979419,0.27577499986364273,0.21490500012077973,0.0
pd,00:03:10.105,584,-89.991,-90.0,0.0,-89.891,0.241,-0.0,0.0,0.0,0.0,0.0,0.0,0.0,-90.0,-90.0,0.0,-89.901,0.239,-0.0,-89.99549999999999,-90.0,0.0,-89.896,0.24,0.0,-0.7645158781594587,0.0,0.0,-0.8494620868430381,-0.16989241736876232,0.0,-0.004499999999993065,0.0,0.0,-0.0049999999999954525,-0.0010000000000000009,0.0,0.0068849,-0.0275396,0.0068849,-0.0413094,-0.0137698,-0.0068849,0.0038837606837119998,-0.0019245421245179999,-0.005045421245358,0.002655982906038,-0.001259004884031,0.0019661172161580002,0.013601470508728983,3.3193929998560634,0.30801599996266305,0.11235099964324036,0.0
pd,00:03:10.109,585,-89.991,-90.0,0.0,-89.891,0.241,-0.0,0.0,0.0,0.0,0.0,0.0,0.0,-90.0,-90.0,0.0,-89.901,0.239,-0.0,-89.99549999999999,-90.0,0.0,-89.896,0.24,0.0,-0.5846353611696418,0.0,0.0,-0.649594845743431,-0.12991896914880446,0.0,-0.004499999999993065,0.0,0.0,-0.0049999999999954525,-0.0010000000000000009,0.0,0.0068849,-0.0275396,0.0068849,-0.0413094,-0.0137698,-0.0068849,0.0038837606837119998,-0.0019245421245179999,-0.005045421245358,0.002655982906038,-0.001259004884031,0.0019661172161580002,0.013601470508728983,2.6596769998832315,0.2509969999664463,0.11238699971727328,0.0
pd,00:03:10.112,586,-89.991,-90.0,0.0,-89.891,0.241,-0.0,0.0,0.0,0.0,0.0,0.0,0.0,-90.0,-90.0,0.0,-89.901,0.239,-0.0,-89.99549999999999,-90.0,0.0,-89.896,0.24,0.0,-0.717111246200635,0.0,0.0,-0.7967902735555064,-0.15935805471124634,0.0,-0.004499999999993065,0.0,0.0,-0.0049999999999954525,-0.0010000000000000009,0.0,0.0068849,-0.0275396,0.0068849,-0.0413094,-0.0137698,-0.0068849,0.0038837606837119998,-0.0019245421245179999,-0.005045421245358,0.002655982906038,-0.001259004884031,0.0019661172161580002,0.013601470508728983,3.067320999889489,0.283052999748179,0.1391840000906086,0.0
pd,00:03:10.117,587,-89.991,-90.0,0.0,-89.891,0.241,-0.0,0.0,0.0,0.0,0.0,0.0,0.0,-90.0,-90.0,0.0,-89.901,0.239,-0.0,-89.99549999999999,-90.0,0.0,-89.896,0.24,0.0,-0.48408227750707145,0.0,0.0,-0.5378691972295698,-0.1075738394460119,0.0,-0.004499999999993065,0.0,0.0,-0.0049999999999954525,-0.0010000000000000009,0.0,0.0068849,-0.0275396,0.0068849,-0.0413094,-0.0137698,-0.0068849,0.0038837606837119998,-0.0019245421245179999,-0.005045421245358,0.002655982906038,-0.001259004884031,0.0019661172161580002,0.013601470508728983,2.012572000239743,0.32621899981677416,0.1360170003863459,0.0
pd,00:03:10.119,588,-89.991,-90.0,0.0,-89.891,0.241,-0.0,0.0,0.0,0.0,0.0,0.0,0.0,-90.0,-90.0,0.0,-89.901,0.239,-0.0,-89.99549999999999,-90.0,0.0,-89.896,0.24,0.0,-0.863420311070481,0.0,0.0,-0.9593559011885144,-0.19187118023787758,0.0,-0.004499999999993065,0.0,0.0,-0.0049999999999954525,-0.0010000000000000009,0.0,0.0068849,-0.0275396,0.0068849,-0.0413094,-0.0137698,-0.0068849,0.0038837606837119998,-0.0019245421245179999,-0.005045421245358,0.002655982906038,-0.001259004884031,0.0019661172161580002,0.013601470508728983,2.1384599999692,0.27259000034973724,0.1327760001004208,0.0
pd,00:03:10.122,589,-89.991,-90.0,0.0,-89.891,0.241,-0.0,0.0,0.0,0.0,0.0,0.0,0.0,-90.0,-90.0,0.0,-89.901,0.239,-0.0,-89.99549999999999,-90.0,0.0,-89.896,0.24,0.0,-0.8457015861636668,0.0,0.0,-0.9396684290698506,-0.18793368581414122,0.0,-0.004499999999993065,0.0,0.0,-0.0049999999999954525,-0.0010000000000000009,0.0,0.0068849,-0.0275396,0.0068849,-0.0275396,-0.0481943,-0.0206547,0.0038837606837119998,-0.0019245421245179999,-0.006103052502976,0.001069291819314,-0.002190323565369,0.001431471306501,0.013601470508728983,2.856341999631695,0.3609959999266721,0.1696829999673355,0.0
pd,00:03:10.126,590,-89.991,-90.0,0.0,-89.891,0.241,-0.0,0.0,0.0,0.0,0.0,0.0,0.0,-90.0,-90.0,0.0,-89.901,0.239,-0.0,-89.99549999999999,-90.0,0.0,-89.896,0.24,0.0,-0.6429913470055432,0.0,0.0,-0.7144348300054822,-0.14288696600122652,0.0,-0.004499999999993065,0.0,0.0,-0.0049999999999954525,-0.0010000000000000009,0.0,0.0826188,-0.0137698,-0.0206547,-0.0275396,-0.0481943,-0.0206547,0.003276923076882,-0.00225396825394,-0.006103052502976,0.001069291819314,-0.002190323565369,0.001431471306501,0.013601470508728983,2.284495999901992,0.18560900025477167,0.08112900013657054,0.0
pd,00:03:10.130,591,-89.991,-90.0,0.0,-89.891,0.241,-0.0,0.0,0.0,0.0,0.0,0.0,0.0,-90.0,-90.0,0.0,-89.901,0.239,-0.0,-89.99549999999999,-90.0,0.0,-89.896,0.24,0.0,-0.5499844979311357,0.0,0.0,-0.6110938865895719,-0.12221877731802563,0.0,-0.004499999999993065,0.0,0.0,-0.0049999999999954525,-0.0010000000000000009,0.0,0.0826188,-0.0137698,-0.0206547,-0.0275396,-0.0481943,-0.0206547,0.003276923076882,-0.00225396825394,-0.006103052502976,0.001069291819314,-0.002190323565369,0.001431471306501,0.013601470508728983,2.1007750001444947,0.23155300004873425,0.09722100003273226,0.0
pd,00:03:10.132,592,-89.991,-90.0,0.0,-89.891,0.241,-0.0,0.0,0.0,0.0,0.0,0.0,0.0,-90.0,-90.0,0.0,-89.901,0.239,-0.0,-89.99549999999999,-90.0,0.0,-89.896,0.24,0.0,-0.888623728813593,0.0,0.0,-0.9873596986808346,-0.1974719397363467,0.0,-0.004499999999993065,0.0,0.0,-0.0049999999999954525,-0.0010000000000000009,0.0,0.0826188,-0.0137698,-0.0206547,-0.0275396,-0.0481943,-0.0206547,0.003276923076882,-0.00225396825394,-0.006103052502976,0.001069291819314,-0.002190323565369,0.001431471306501,0.013601470508728983,3.1304499998441315,0.28058999987479183,0.23873899999671266,0.0
pd,00:03:10.136,593,-89.991,-90.0,0.0,-89.892,0.241,-0.0,0.0,0.0,0.0,-0.264624858041667,0.0,0.0,-90.0,-90.0,0.0,-89.901,0.239,-0.0,-89.99549999999999,-90.0,0.0,-89.87003751419583,0.24,0.0,-0.5954059305993916,0.0,0.0,2.9059098441122684,-0.13231242902208212,0.0,-0.004499999999993065,0.0,0.0,0.02196248580416693,-0.0010000000000000009,0.0,0.0826188,-0.0137698,-0.0206547,-0.0275396,-0.0481943,-0.0206547,0.003276923076882,-0.00225396825394,-0.006103052502976,0.001069291819314,-0.002190323565369,0.001431471306501,0.012884098726725603,1.8442600003254483,0.2009790000556677,0.07594399994559353,0.0
pd,00:03:10.138,594,-89.991,-90.0,0.0,-89.892,0.241,-0.0,0.0,0.0,0.0,0.0,0.0,0.0,-90.0,-90.0,0.0,-89.901,0.239,-0.0,-89.99549999999999,-90.0,0.0,-89.8965,0.24,0.0,-1.019574762316374,0.0,0.0,-1.019574762316374,-0.22657216940363029,0.0,-0.004499999999993065,0.0,0.0,-0.004500000000007276,-0.0010000000000000009,0.0,0.0826188,-0.0137698,-0.0206547,-0.0275396,-0.0481943,-0.0206547,0.003276923076882,-0.00225396825394,-0.006103052502976,0.001069291819314,-0.002190323565369,0.001431471306501,0.012884098726725603,1.7067429998860462,0.1385730001857155,0.057776999710767996,0.0
pd,00:03:10.140,595,-89.991,-90.0,0.0,-89.892,0.241,-0.0,0.0,0.0,0.0,0.0,0.0,0.0,-90.0,-90.0,0.0,-89.901,0.239,-0.0,-89.99549999999999,-90.0,0.0,-89.8965,0.24,0.0,-1.1434852780807412,0.0,0.0,-1.1434852780807412,-0.25410783957348865,0.0,-0.004499999999993065,0.0,0.0,-0.004500000000007276,-0.0010000000000000009,0.0,0.0826188,-0.0137698,-0.0206547,-0.0275396,-0.0481943,-0.0206547,0.003276923076882,-0.00225396825394,-0.006103052502976,0.001069291819314,-0.002190323565369,0.001431471306501,0.012884098726725603,1.9454250000308093,0.16684999991412042,0.07314699996641139,0.0
pd,00:03:10.142,596,-89.991,-90.0,0.0,-89.892,0.241,-0.0,0.0,0.0,0.0,0.0,0.0,0.0,-90.0,-90.0,0.0,-89.901,0.239,-0.0,-89.99549999999999,-90.0,0.0,-89.8965,0.24,0.0,-0.9963243243243621,0.0,0.0,-0.9963243243243621,-0.2214054054054056,0.0,-0.004499999999993065,0.0,0.0,-0.004500000000007276,-0.0010000000000000009,0.0,0.0137698,-0.0550792,-0.0275396,-0.0275396,-0.0068849,-0.0206547,0.0029128205127839997,-0.003068864468826,-0.005842979242906,0.002966422466484,-0.0019316239316640002,0.001569444444477,0.012884098726725603,1.937240000188467,0.3897370002050593,0.23010900031295023,0.0
pd,00:03:10.145,597,-89.991,-90.0,0.0,-89.892,0.241,-0.0,0.0,0.0,0.0,0.0,0.0,0.0,-90.0,-90.0,0.0,-89.901,0.239,-0.0,-89.99549999999999,-90.0,0.0,-89.8965,0.24,0.0,-0.7750007390983294,0.0,0.0,-0.7750007390983294,-0.17222238646628907,0.0,-0.004499999999993065,0.0,0.0,-0.004500000000007276,-0.0010000000000000009,0.0,0.0137698,-0.0550792,-0.0275396,-0.0275396,-0.0068849,-0.0206547,0.0029128205127839997,-0.003068864468826,-0.005842979242906,0.002966422466484,-0.0019316239316640002,0.001569444444477,0.012884098726725603,2.908804000071541,0.19864600017172052,0.07959200002005673,0.0
pd,00:03:10.149,598,-89.991,-90.0,0.0,-89.892,0.241,-0.0,0.0,0.0,0.0,0.0,0.0,0.0,-90.0,-90.0,0.0,-89.901,0.239,-0.0,-89.99549999999999,-90.0,0.0,-89.8965,0.24,0.0,-0.6882929035081582,0.0,0.0,-0.6882929035081582,-0.15295397855736284,0.0,-0.004499999999993065,0.0,0.0,-0.004500000000007276,-0.0010000000000000009,0.0,0.0137698,-0.0550792,-0.0275396,-0.0275396,-0.0068849,-0.0206547,0.0029128205127839997,-0.003068864468826,-0.005842979242906,0.002966422466484,-0.0019316239316640002,0.001569444444477,0.012884098726725603,2.0460910000110744,0.18670200006454252,0.08159199978763354,0.0
pd,00:03:10.151,599,-89.991,-90.0,0.0,-89.892,0.241,-0.0,0.0,0.0,0.0,0.0,0.0,0.0,-90.0,-90.0,0.0,-89.901,0.239,-0.0,-89.99549999999999,-90.0,0.0,-89.8965,0.24,0.0,-0.9393036727381664,0.0,0.0,-0.9393036727381664,-0.20873414949736258,0.0,-0.004499999999993065,0.0,0.0,-0.004500000000007276,-0.0010000000000000009,0.0,0.0137698,-0.0550792,-0.0275396,-0.0275396,-0.0068849,-0.0206547,0.0029128205127839997,-0.003068864468826,-0.005842979242906,0.002966422466484,-0.0019316239316640002,0.001569444444477,0.012884098726725603,1.9737759998861293,0.25044200037882547,0.12048000007780502,0.0
pd,00:03:10.153,600,-89.991,-90.0,0.0,-89.892,0.241,-0.0,0.0,0.0,0.0,0.0,0.0,0.0,-90.0,-90.0,0.0,-89.901,0.239,-0.0,-89.99549999999999,-90.0,0.0,-89.8965,0.24,0.0,-0.915520372526228,0.0,0.0,-0.915520372526228,-0.20344897167248757,0.0,-0.004499999999993065,0.0,0.0,-0.004500000000007276,-0.0010000000000000009,0.0,0.0137698,-0.0550792,-0.0275396,-0.0275396,-0.0068849,-0.0206547,0.0029128205127839997,-0.003068864468826,-0.005842979242906,0.002966422466484,-0.0019316239316640002,0.001569444444477,0.012884098726725603,2.1852929999113258,0.203479999981937,0.09618400008548633,0.0
pd,00:03:10.157,601,-89.991,-90.0,-0.0,-89.892,0.241,-0.0,0.0,0.0,-0.0,0.0,0.0,0.0,-90.0,-90.0,0.0,-89.901,0.239,-0.0,-89.99549999999999,-90.0,0.0,-89.8965,0.24,0.0,-0.5716041187159514,0.0,0.0,-0.5716041187159514,-0.12702313749242894,0.0,-0.004499999999993065,0.0,0.0,-0.004500000000007276,-0.0010000000000000009,0.0,0.0137698,-0.0550792,-0.0275396,-0.0275396,-0.0068849,-0.0206547,0.0029128205127839997,-0.003068864468826,-0.005842979242906,0.002966422466484,-0.0019316239316640002,0.001569444444477,0.012884098726725603,2.403345999937301,0.25294200031567016,0.11831399979200796,0.0
pd,00:03:10.160,602,-89.991,-90.0,-0.0,-89.892,0.241,-0.0,0.0,0.0,0.0,0.0,0.0,0.0,-90.0,-90.0,0.0,-89.901,0.239,-0.0,-89.99549999999999,-90.0,0.0,-89.8965,0.24,0.0,-0.7797392382054331,0.0,0.0,-0.7797392382054331,-0.17327538626786762,0.0,-0.004499999999993065,0.0,0.0,-0.004500000000007276,-0.0010000000000000009,0.0,0.0137698,-0.0550792,-0.0275396,-0.0275396,-0.0068849,-0.0206547,0.0029128205127839997,-0.003068864468826,-0.005842979242906,0.002966422466484,-0.0019316239316640002,0.001569444444477,0.012884098726725603,2.4553090001973032,0.24920099986047717,0.1197209999190818,0.0
pd,00:03:10.163,603,-89.991,-90.0,-0.0,-89.892,0.241,-0.0,0.0,0.0,0.0,0.0,0.0,0.0,-90.0,-90.0,0.0,-89.901,0.239,-0.0,-89.99549999999999,-90.0,0.0,-89.8965,0.24,0.0,-0.7668766455387906,0.0,0.0,-0.7668766455387906,-0.17041703234194716,0.0,-0.004499999999993065,0.0,0.0,-0.004500000000007276,-0.0010000000000000009,0.0,-0.0275396,-0.0137698,-0.0413094,-0.0895037,-0.0206547,0.0137698,0.001144322344308,-0.00199389499387,-0.005842979242906,0.002655982906038,-0.0023282967033450004,0.00120726495729,0.012884098726725603,4.305512999962957,0.30801599996266305,0.11603599978116108,0.0
pd,00:03:10.168,604,-89.991,-90.0,-0.0,-89.892,0.241,-0.0,0.0,0.0,0.0,0.0,0.0,0.0,-90.0,-90.0,0.0,-89.901,0.239,-0.0,-89.99549999999999,-90.0,0.0,-89.8965,0.24,0.0,-0.4588507803763484,0.0,0.0,-0.4588507803763484,-0.1019668400836292,0.0,-0.004499999999993065,0.0,0.0,-0.004500000000007276,-0.0010000000000000009,0.0,-0.0275396,-0.0137698,-0.0413094,-0.0895037,-0.0206547,0.0137698,0.001144322344308,-0.00199389499387,-0.005842979242906,0.002655982906038,-0.0023282967033450004,0.00120726495729,0.012884098726725603,1.8535559997872042,0.19146099975841935,0.10029499981101253,0.0
pd,00:03:10.170,605,-89.991,-90.0,-0.0,-89.892,0.241,-0.0,0.0,0.0,0.0,0.0,0.0,0.0,-90.0,-90.0,0.0,-89.901,0.239,-0.0,-89.99549999999999,-90.0,0.0,-89.8965,0.24,0.0,-1.0064182574384513,0.0,0.0,-1.0064182574384513,-0.2236485016529809,0.0,-0.004499999999993065,0.0,0.0,-0.004500000000007276,-0.0010000000000000009,0.0,-0.0275396,-0.0137698,-0.0413094,-0.0895037,-0.0206547,0.0137698,0.001144322344308,-0.00199389499387,-0.005842979242906,0.002655982906038,-0.0023282967033450004,0.00120726495729,0.012884098726725603,1.9685170000229846,0.2577759996711393,0.15209100001811748,0.0
pd,00:03:10.173,606,-89.991,-90.0,-0.0,-89.892,0.241,-0.0,0.0,0.0,0.0,0.0,0.0,0.0,-90.0,-90.0,0.0,-89.901,0.239,-0.0,-89.99549999999999,-90.0,0.0,-89.8965,0.24,0.0,-0.9020439686484761,0.0,0.0,-0.9020439686484761,-0.2004542152552095,0.0,-0.004499999999993065,0.0,0.0,-0.004500000000007276,-0.0010000000000000009,0.0,-0.0275396,-0.0137698,-0.0413094,-0.0895037,-0.0206547,0.0137698,0.001144322344308,-0.00199389499387,-0.005842979242906,0.002655982906038,-0.0023282967033450004,0.00120726495729,0.012884098726725603,1.9238700001551479,0.2451270001984085,0.12296100021558232,0.0
pd,00:03:10.175,607,-89.991,-90.0,0.0,-89.893,0.241,-0.0,0.0,0.0,0.0,-0.41672170889419047,0.0,0.0,-90.0,-90.0,0.0,-89.901,0.239,-0.0,-89.99549999999999,-90.0,0.0,-89.85532782911058,0.24,0.0,-0.9376238450074871,0.0,0.0,7.849405715359323,-0.20836085444610053,0.0,-0.004499999999993065,0.0,0.0,0.03767217088942232,-0.0010000000000000009,0.0,-0.0275396,-0.0137698,-0.0413094,-0.0895037,-0.0206547,0.0137698,0.001144322344308,-0.00199389499387,-0.005842979242906,0.002655982906038,-0.0023282967033450004,0.00120726495729,0.01220655561573105,1.9151110000166227,0.22633099979429971,0.1067759999386908,0.0
pd,00:03:10.177,608,-89.991,-90.0,0.0,-89.893,0.241,-0.0,0.0,0.0,0.0,0.0,0.0,0.0,-90.0,-90.0,0.0,-89.901,0.239,-0.0,-89.99549999999999,-90.0,0.0,-89.89699999999999,0.24,0.0,-0.9599414098260968,0.0,0.0,-0.8532812531782474,-0.2133203132946803,0.0,-0.004499999999993065,0.0,0.0,-0.003999999999990678,-0.0010000000000000009,0.0,-0.0275396,-0.0137698,-0.0413094,-0.0895037,-0.0206547,0.0137698,0.001144322344308,-0.00199389499387,-0.005842979242906,0.002655982906038,-0.0023282967033450004,0.00120726495729,0.01220655561573105,2.0075360002920206,0.20396099989739014,0.095386999873881,0.0
pd,00:03:10.180,609,-89.991,-90.0,0.0,-89.893,0.241,-0.0,0.0,0.0,0.0,0.0,0.0,0.0,-90.0,-90.0,0.0,-89.901,0.239,-0.0,-89.99549999999999,-90.0,0.0,-89.89699999999999,0.24,0.0,-0.9384630071599401,0.0,0.0,-0.8341893396972306,-0.20854733492442343,0.0,-0.004499999999993065,0.0,0.0,-0.003999999999990678,-0.0010000000000000009,0.0,-0.0275396,-0.0137698,-0.0413094,-0.0895037,-0.0206547,0.0137698,0.001144322344308,-0.00199389499387,-0.005842979242906,0.002655982906038,-0.0023282967033450004,0.00120726495729,0.01220655561573105,1.944221000030666,0.26146100026380736,0.12238799990882399,0.0
pd,00:03:10.182,610,-89.991,-90.0,0.0,-89.893,0.241,-0.0,0.0,0.0,0.0,0.0,0.0,0.0,-90.0,-90.0,0.0,-89.901,0.239,-0.0,-89.99549999999999,-90.0,0.0,-89.89699999999999,0.24,0.0,-0.9188184207964519,0.0,0.0,-0.8167274851519181,-0.20418187128809287,0.0,-0.004499999999993065,0.0,0.0,-0.003999999999990678,-0.0010000000000000009,0.0,0.0550792,0.0137698,-0.034424500000000004,-0.034424500000000004,0.0275396,-0.0481943,0.002149938949912,-0.0019072039071799999,-0.004750671550612,0.0027767094017670003,-0.0027077228327790004,0.0016556776557120003,0.01220655561573105,3.593000999899232,0.2528859999983979,0.11957300011999905,0.0
pd,00:03:10.188,611,-89.991,-90.0,0.0,-89.893,0.241,-0.0,0.0,0.0,0.0,0.0,0.0,0.0,-90.0,-90.0,0.0,-89.901,0.239,-0.0,-89.99549999999999,-90.0,0.0,-89.89699999999999,0.24,0.0,-0.38096173098661223,0.0,0.0,-0.33863264976567703,-0.08465816244146625,0.0,-0.004499999999993065,0.0,0.0,-0.003999999999990678,-0.0010000000000000009,0.0,0.0550792,0.0137698,-0.034424500000000004,-0.034424500000000004,0.0275396,-0.0481943,0.002149938949912,-0.0019072039071799999,-0.004750671550612,0.0027767094017670003,-0.0027077228327790004,0.0016556776557120003,0.01220655561573105,2.0408130003488623,0.25994199995693634,0.11694399972839165,0.0
pd,00:03:10.191,612,-89.991,-90.0,0.0,-89.893,0.241,-0.0,0.0,0.0,0.0,0.0,0.0,0.0,-90.0,-90.0,0.0,-89.901,0.239,-0.0,-89.99549999999999,-90.0,0.0,-89.89699999999999,0.24,0.0,-0.8887074112440303,0.0,0.0,-0.7899621433275592,-0.1974905358319994,0.0,-0.004499999999993065,0.0,0.0,-0.003999999999990678,-0.0010000000000000009,0.0,0.0550792,0.0137698,-0.034424500000000004,-0.034424500000000004,0.0275396,-0.0481943,0.002149938949912,-0.0019072039071799999,-0.004750671550612,0.0027767094017670003,-0.0027077228327790004,0.0016556776557120003,0.01220655561573105,2.51510500038421,0.24888600000849692,0.12188700020487886,0.0
pd,00:03:10.194,613,-89.991,-90.0,0.0,-89.893,0.241,-0.0,0.0,0.0,0.0,0.0,0.0,0.0,-90.0,-90.0,0.0,-89.901,0.239,-0.0,-89.99549999999999,-90.0,0.0,-89.89699999999999,0.24,0.0,-0.7497564153491982,0.0,0.0,-0.6664501469766705,-0.1666125367442601,0.0,-0.004499999999993065,0.0,0.0,-0.003999999999990678,-0.0010000000000000009,0.0,0.0550792,0.0137698,-0.034424500000000004,-0.034424500000000004,0.0275396,-0.0481943,0.002149938949912,-0.0019072039071799999,-0.004750671550612,0.0027767094017670003,-0.0027077228327790004,0.0016556776557120003,0.01220655561573105,1.8387219997748616,0.258682000094268,0.20018300028823433,0.0
pd,00:03:10.196,614,-89.991,-90.0,-0.0,-89.893,0.241,-0.0,0.0,0.0,-0.0,0.0,0.0,0.0,-90.0,-90.0,0.0,-89.901,0.239,-0.0,-89.99549999999999,-90.0,0.0,-89.89699999999999,0.24,0.0,-0.9308723614125427,0.0,0.0,-0.8274420990328814,-0.20686052475833516,0.0,-0.004499999999993065,0.0,0.0,-0.003999999999990678,-0.0010000000000000009,0.0,0.0550792,0.0137698,-0.034424500000000004,-0.034424500000000004,0.0275396,-0.0481943,0.002149938949912,-0.0019072039071799999,-0.004750671550612,0.0027767094017670003,-0.0027077228327790004,0.0016556776557120003,0.01220655561573105,1.998998999624746,0.24638700006107683,0.11138699983348488,0.0
pd,00:03:10.199,615,-89.991,-90.0,-0.0,-89.893,0.241,-0.0,0.0,0.0,0.0,0.0,0.0,0.0,-90.0,-90.0,0.0,-89.901,0.239,-0.0,-89.99549999999999,-90.0,0.0,-89.89699999999999,0.24,0.0,-0.9156091976327115,0.0,0.0,-0.8138748423397061,-0.2034687105850395,0.0,-0.004499999999993065,0.0,0.0,-0.003999999999990678,-0.0010000000000000009,0.0,0.0550792,0.0137698,-0.034424500000000004,-0.034424500000000004,0.0275396,-0.0481943,0.002149938949912,-0.0019072039071799999,-0.004750671550612,0.0027767094017670003,-0.0027077228327790004,0.0016556776557120003,0.01220655561573105,1.8276480000167794,0.27383099995859084,0.1222209998559265,0.0
pd,00:03:10.201,616,-89.991,-90.0,-0.0,-89.893,0.241,-0.0,0.0,0.0,0.0,0.0,0.0,0.0,-90.0,-90.0,0.0,-89.901,0.239,-0.0,-89.99549999999999,-90.0,0.0,-89.89699999999999,0.24,0.0,-0.9410833665736296,0.0,0.0,-0.8365185480649532,-0.2091296370163544,0.0,-0.004499999999993065,0.0,0.0,-0.003999999999990678,-0.0010000000000000009,0.0,0.0550792,0.0137698,-0.034424500000000004,-0.034424500000000004,0.0275396,-0.0481943,0.002149938949912,-0.0019072039071799999,-0.004750671550612,0.0027767094017670003,-0.0027077228327790004,0.001638431013465,0.01220655561573105,2.901138000197534,1.2916169998788973,0.2905159999500029,0.0
pd,00:03:10.206,617,-89.991,-90.0,-0.0,-89.893,0.241,-0.0,0.0,0.0,0.0,0.0,0.0,0.0,-90.0,-90.0,0.0,-89.901,0.239,-0.0,-89.99549999999999,-90.0,0.0,-89.89699999999999,0.24,0.0,-0.46550505598581154,0.0,0.0,-0.413782271987143,-0.10344556799684318,0.0,-0.004499999999993065,0.0,0.0,-0.003999999999990678,-0.0010000000000000009,0.0,0.0619641,-0.0068849,-0.0,0.0068849,0.0068849,-0.0275396,0.002184615384588,-0.002791452991418,-0.005842979242906,0.0027767094017670003,-0.0018971306471700002,0.001638431013465,0.01220655561573105,3.121320999980526,0.2888119997805916,0.14716600026076776,0.0
pd,00:03:10.210,618,-89.991,-90.0,-0.0,-89.893,0.241,-0.0,0.0,0.0,0.0,0.0,0.0,0.0,-90.0,-90.0,0.0,-89.901,0.239,-0.0,-89.99549999999999,-90.0,0.0,-89.89699999999999,0.24,0.0,-0.6090470474346794,0.0,0.0,-0.54137515327495,-0.13534378831881264,0.0,-0.004499999999993065,0.0,0.0,-0.003999999999990678,-0.0010000000000000009,0.0,0.0619641,-0.0068849,-0.0,0.0068849,0.0068849,-0.0275396,0.002184615384588,-0.002791452991418,-0.005842979242906,0.0027767094017670003,-0.0018971306471700002,0.001638431013465,0.01220655561573105,2.0247759998710535,0.22631299998465693,0.09931400018103886,0.0
pd,00:03:10.212,619,-89.991,-90.0,-0.0,-89.893,0.241,-0.0,0.0,0.0,0.0,0.0,0.0,0.0,-90.0,-90.0,0.0,-89.901,0.239,-0.0,-89.99549999999999,-90.0,0.0,-89.89699999999999,0.24,0.0,-0.9224107125403536,0.0,0.0,-0.8199206333687177,-0.20498015834229322,0.0,-0.004499999999993065,0.0,0.0,-0.003999999999990678,-0.0010000000000000009,0.0,0.0619641,-0.0068849,-0.0,0.0068849,0.0068849,-0.0275396,0.002184615384588,-0.002791452991418,-0.005842979242906,0.0027767094017670003,-0.0018971306471700002,0.001638431013465,0.01220655561573105,1.8880729999182222,0.20277600015106145,0.09122200026467908,0.0
pd,00:03:10.214,620,-89.991,-90.0,-0.0,-89.893,0.241,-0.0,0.0,0.0,0.0,0.0,0.0,0.0,-90.0,-90.0,0.0,-89.901,0.239,-0.0,-89.99549999999999,-90.0,0.0,-89.89699999999999,0.24,0.0,-0.9925519562474082,0.0,0.0,-0.8822684055527293,-0.2205671013883048,0.0,-0.004499999999993065,0.0,0.0,-0.003999999999990678,-0.0010000000000000009,0.0,0.0619641,-0.0068849,-0.0,0.0068849,0.0068849,-0.0275396,0.002184615384588,-0.002791452991418,-0.005842979242906,0.0027767094017670003,-0.0018971306471700002,0.001638431013465,0.01220655561573105,1.689038999757031,0.1604979997864575,0.07303600023078616,0.0
pd,00:03:10.217,621,-89.991,-90.0,-0.0,-89.894,0.241,-0.0,0.0,0.0,0.0,-0.3362167535086194,0.0,0.0,-90.0,-90.0,0.0,-89.901,0.239,-0.0,-89.99549999999999,-90.0,0.0,-89.86387832464914,0.24,0.0,-0.7564876953908102,0.0,0.0,5.063705948330298,-0.16810837675350718,0.0,-0.004499999999993065,0.0,0.0,0.030121675350869737,-0.0010000000000000009,0.0,0.0619641,-0.0068849,-0.0,0.0068849,0.0068849,-0.0275396,0.002184615384588,-0.002791452991418,-0.005842979242906,0.0027767094017670003,-0.0018971306471700002,0.001638431013465,0.011575836902784924,1.95475800001077,0.24179399997592554,0.09616599982109619,0.0
pd,00:03:10.220,622,-89.991,-90.0,-0.0,-89.894,0.241,-0.0,0.0,0.0,0.0,0.0,0.0,0.0,-90.0,-90.0,0.0,-89.901,0.239,-0.0,-89.99549999999999,-90.0,0.0,-89.89750000000001,0.24,0.0,-0.9382763968980272,0.0,0.0,-0.7297705309197001,-0.20850586597733167,0.0,-0.004499999999993065,0.0,0.0,-0.003500000000002501,-0.0010000000000000009,0.0,0.0619641,-0.0068849,-0.0,0.0068849,0.0068849,-0.0275396,0.002184615384588,-0.002791452991418,-0.005842979242906,0.0027767094017670003,-0.0018971306471700002,0.001638431013465,0.011575836902784924,2.3550129999421188,0.3687180001179513,0.13723899974138476,0.0
pd,00:03:10.223,623,-89.991,-90.0,-0.0,-89.894,0.241,-0.0,0.0,0.0,0.0,0.0,0.0,0.0,-90.0,-90.0,0.0,-89.901,0.239,-0.0,-89.99549999999999,-90.0,0.0,-89.89750000000001,0.24,0.0,-0.7514878165313232,0.0,0.0,-0.5844905239680159,-0.1669972925625101,0.0,-0.004499999999993065,0.0,0.0,-0.003500000000002501,-0.0010000000000000009,0.0,0.0068849,0.0,0.0206547,-0.034424500000000004,-0.0550792,0.0206547,0.0010056166056039999,-0.002115262515236,-0.0063978021977219995,0.0019661172161580002,-0.002276556776604,0.0019661172161580002,0.011575836902784924,5.0259130002814345,0.28947900000275695,0.14096100039751036,0.0
pd,00:03:10.228,624,-89.991,-90.0,-0.0,-89.894,0.241,-0.0,0.0,0.0,0.0,0.0,0.0,0.0,-90.0,-90.0,0.0,-89.901,0.239,-0.0,-89.99549999999999,-90.0,0.0,-89.89750000000001,0.24,0.0,-0.4023870720163884,0.0,0.0,-0.31296772267898965,-0.08941934933697189,0.0,-0.004499999999993065,0.0,0.0,-0.003500000000002501,-0.0010000000000000009,0.0,0.0068849,0.0,0.0206547,-0.034424500000000004,-0.0550792,0.0206547,0.0010056166056039999,-0.002115262515236,-0.0063978021977219995,0.0019661172161580002,-0.002276556776604,0.0019661172161580002,0.011575836902784924,2.2462739998445613,0.22979400000622263,0.1048320000336389,0.0
pd,00:03:10.231,625,-89.991,-90.0,-0.0,-89.894,0.241,-0.0,0.0,0.0,0.0,0.0,0.0,0.0,-90.0,-90.0,0.0,-89.901,0.239,-0.0,-89.99549999999999,-90.0,0.0,-89.89750000000001,0.24,0.0,-0.8406541956173488,0.0,0.0,-0.6538421521459419,-0.18681204347051505,0.0,-0.004499999999993065,0.0,0.0,-0.003500000000002501,-0.0010000000000000009,0.0,0.0068849,0.0,0.0206547,-0.034424500000000004,-0.0550792,0.0206547,0.0010056166056039999,-0.002115262515236,-0.0063978021977219995,0.0019661172161580002,-0.002276556776604,0.0019661172161580002,0.011575836902784924,1.93490700030452,0.22825699988970882,0.10861000009754207,0.0
pd,00:03:10.233,626,-89.991,-90.0,-0.0,-89.894,0.241,-0.0,0.0,0.0,0.0,0.0,0.0,0.0,-90.0,-90.0,0.0,-89.901,0.239,-0.0,-89.99549999999999,-90.0,0.0,-89.89750000000001,0.24,0.0,-0.948746757816463,0.0,0.0,-0.7379141449673614,-0.2108326128480951,0.0,-0.004499999999993065,0.0,0.0,-0.003500000000002501,-0.0010000000000000009,0.0,0.0068849,0.0,0.0206547,-0.034424500000000004,-0.0550792,0.0206547,0.0010056166056039999,-0.002115262515236,-0.0063978021977219995,0.0019661172161580002,-0.002276556776604,0.0019661172161580002,0.011575836902784924,1.7990930000451044,0.2272199999424629,0.10975800023516058,0.0
pd,00:03:10.236,627,-89.991,-90.0,0.0,-89.894,0.241,-0.0,0.0,0.0,0.0,0.0,0.0,0.0,-90.0,-90.0,0.0,-89.901,0.239,-0.0,-89.99549999999999,-90.0,0.0,-89.89750000000001,0.24,0.0,-1.0048109028961199,0.0,0.0,-0.7815195911403688,-0.22329131175468503,0.0,-0.004499999999993065,0.0,0.0,-0.003500000000002501,-0.0010000000000000009,0.0,0.0068849,0.0,0.0206547,-0.034424500000000004,-0.0550792,0.0206547,0.0010056166056039999,-0.002115262515236,-0.0063978021977219995,0.0019661172161580002,-0.002276556776604,0.0019661172161580002,0.011575836902784924,2.1478489998116856,0.24181300022974028,0.11583200011955341,0.0
pd,00:03:10.238,628,-89.991,-90.0,0.0,-89.894,0.241,-0.0,0.0,0.0,0.0,0.0,0.0,0.0,-90.0,-90.0,0.0,-89.901,0.239,-0.0,-89.99549999999999,-90.0,0.0,-89.89750000000001,0.24,0.0,-0.8628676968090296,0.0,0.0,-0.6711193197394482,-0.19174837706866615,0.0,-0.004499999999993065,0.0,0.0,-0.003500000000002501,-0.0010000000000000009,0.0,0.0068849,0.0,0.0206547,-0.034424500000000004,-0.0550792,0.0206547,0.0010056166056039999,-0.002115262515236,-0.0063978021977219995,0.0019661172161580002,-0.002276556776604,0.0019661172161580002,0.011575836902784924,1.7391680003129295,0.14194300001690863,0.06144300004962133,0.0
pd,00:03:10.240,629,-89.991,-90.0,0.0,-89.894,0.241,-0.0,0.0,0.0,0.0,0.0,0.0,0.0,-90.0,-90.0,0.0,-89.901,0.239,-0.0,-89.99549999999999,-90.0,0.0,-89.89750000000001,0.24,0.0,-1.1193433756375706,0.0,0.0,-0.8706004032724878,-0.24874297236389536,0.0,-0.004499999999993065,0.0,0.0,-0.003500000000002501,-0.0010000000000000009,0.0,0.0068849,0.0,0.0206547,-0.034424500000000004,-0.0550792,0.0206547,0.0010056166056039999,-0.002115262515236,-0.0063978021977219995,0.0019661172161580002,-0.002276556776604,0.0019661172161580002,0.011575836902784924,1.7597969999769703,0.19483099958961247,0.06659200016656541,0.0
pd,00:03:10.242,630,-89.991,-90.0,0.0,-89.894,0.241,-0.0,0.0,0.0,0.0,0.0,0.0,0.0,-90.0,-90.0,0.0,-89.901,0.239,-0.0,-89.99549999999999,-90.0,0.0,-89.89750000000001,0.24,0.0,-1.0764439374929118,0.0,0.0,-0.837234173604465,-0.2392097638873049,0.0,-0.004499999999993065,0.0,0.0,-0.003500000000002501,-0.0010000000000000009,0.0,-0.0275396,-0.034424500000000004,-0.0,-0.0275396,0.0137698,-0.0275396,0.0007282051281959999,-0.0012310134309979999,-0.004750671550612,0.00241452991458,-0.0017591575091940002,0.002276556776604,0.011575836902784924,3.011117999903945,0.6035309997969307,0.189423999927385,0.0
pd,00:03:10.248,631,-89.991,-90.0,0.0,-89.894,0.241,-0.0,0.0,0.0,0.0,0.0,0.0,0.0,-90.0,-90.0,0.0,-89.901,0.239,-0.0,-89.99549999999999,-90.0,0.0,-89.89750000000001,0.24,0.0,-0.37560931343285003,0.0,0.0,-0.29214057711404356,-0.08346873631840804,0.0,-0.004499999999993065,0.0,0.0,-0.003500000000002501,-0.0010000000000000009,0.0,-0.0275396,-0.034424500000000004,-0.0,-0.0275396,0.0137698,-0.0275396,0.0007282051281959999,-0.0012310134309979999,-0.004750671550612,0.00241452991458,-0.0017591575091940002,0.002276556776604,0.011575836902784924,2.1685149999939313,0.27014600027541746,0.12534999996205443,0.0
pd,00:03:10.251,632,-89.991,-90.0,0.0,-89.894,0.241,-0.0,0.0,0.0,0.0,0.0,0.0,0.0,-90.0,-90.0,0.0,-89.901,0.239,-0.0,-89.99549999999999,-90.0,0.0,-89.89750000000001,0.24,0.0,-0.8363332151719566,0.0,0.0,-0.6504813895773081,-0.18585182559376123,0.0,-0.004499999999993065,0.0,0.0,-0.003500000000002501,-0.0010000000000000009,0.0,-0.0275396,-0.034424500000000004,-0.0,-0.0275396,0.0137698,-0.0275396,0.0007282051281959999,-0.0012310134309979999,-0.004750671550612,0.00241452991458,-0.0017591575091940002,0.002276556776604,0.011575836902784924,2.4132539997481217,0.24720200008232496,0.1154619999397255,0.0
pd,00:03:10.254,633,-89.991,-90.0,0.0,-89.894,0.241,-0.0,0.0,0.0,0.0,0.0,0.0,0.0,-90.0,-90.0,0.0,-89.901,0.239,-0.0,-89.99549999999999,-90.0,0.0,-89.89750000000001,0.24,0.0,-0.7789669005365545,0.0,0.0,-0.6058631448609446,-0.17310375567478348,0.0,-0.004499999999993065,0.0,0.0,-0.003500000000002501,-0.0010000000000000009,0.0,-0.0275396,-0.034424500000000004,-0.0,-0.0275396,0.0137698,-0.0275396,0.0007282051281959999,-0.0012310134309979999,-0.004750671550612,0.00241452991458,-0.0017591575091940002,0.002276556776604,0.011575836902784924,2.1649790000992652,0.22658999978375505,0.11247999964325572,0.0
pd,00:03:10.256,634,-89.991,-90.0,0.0,-89.895,0.241,-0.0,0.0,0.0,0.0,-0.38462209995052016,0.0,0.0,-90.0,-90.0,0.0,-89.901,0.239,-0.0,-89.99549999999999,-90.0,0.0,-89.85953779000495,0.24,0.0,-0.8653997248968691,0.0,0.0,6.819774838655946,-0.1923110499770749,0.0,-0.004499999999993065,0.0,0.0,0.03546220999504612,-0.0010000000000000009,0.0,-0.0275396,-0.034424500000000004,-0.0,-0.0275396,0.0137698,-0.0275396,0.0007282051281959999,-0.0012310134309979999,-0.004750671550612,0.00241452991458,-0.0017591575091940002,0.002276556776604,0.011000000000000404,1.8823700002030819,0.18649800040293485,0.08270299986179452,0.0
pd,00:03:10.259,635,-89.991,-90.0,0.0,-89.895,0.241,-0.0,0.0,0.0,0.0,0.0,0.0,0.0,-90.0,-90.0,0.0,-89.901,0.239,-0.0,-89.99549999999999,-90.0,0.0,-89.898,0.24,0.0,-1.007492687093024,0.0,0.0,-0.6716617913953494,-0.22388726379844154,0.0,-0.004499999999993065,0.0,0.0,-0.0030000000000001137,-0.0010000000000000009,0.0,-0.0275396,-0.034424500000000004,-0.0,-0.0275396,0.0137698,-0.0275396,0.0007282051281959999,-0.0012310134309979999,-0.004750671550612,0.00241452991458,-0.0017591575091940002,0.002276556776604,0.011000000000000404,1.8589440001051116,0.2798680002342735,0.28792300008717575,0.0
pd,00:03:10.261,636,-89.991,-90.0,0.0,-89.895,0.241,-0.0,0.0,0.0,0.0,0.0,0.0,0.0,-90.0,-90.0,0.0,-89.901,0.239,-0.0,-89.99549999999999,-90.0,0.0,-89.898,0.24,0.0,-0.8847083528640065,0.0,0.0,-0.5898055685760043,-0.19660185619199416,0.0,-0.004499999999993065,0.0,0.0,-0.0030000000000001137,-0.0010000000000000009,0.0,-0.0275396,-0.034424500000000004,-0.0,-0.0275396,0.0137698,-0.0275396,0.0007282051281959999,-0.0012310134309979999,-0.004750671550612,0.00241452991458,-0.0017591575091940002,0.002276556776604,0.011000000000000404,2.048200999979599,0.2489970001988695,0.49223599990000366,0.0
pd,00:03:10.264,637,-89.991,-90.0,0.0,-89.895,0.241,-0.0,0.0,0.0,0.0,0.0,0.0,0.0,-90.0,-90.0,0.0,-89.901,0.239,-0.0,-89.99549999999999,-90.0,0.0,-89.898,0.24,0.0,-0.7456687737042001,0.0,0.0,-0.49711251580280014,-0.16570417193426057,0.0,-0.004499999999993065,0.0,0.0,-0.0030000000000001137,-0.0010000000000000009,0.0,0.0137698,-0.0206547,-0.034424500000000004,-0.0619641,-0.0275396,0.0550792,1.7338217338e-05,-0.001335042735026,-0.005340170940104,0.001500457875489,-0.002190323565369,0.0016556776557120003,0.011000000000000404,3.8989420004327258,0.24338699995496427,0.11481299998195027,0.0
pd,00:03:10.269,638,-89.991,-90.0,0.0,-89.895,0.241,-0.0,0.0,0.0,0.0,0.0,0.0,0.0,-90.0,-90.0,0.0,-89.901,0.239,-0.0,-89.99549999999999,-90.0,0.0,-89.898,0.24,0.0,-0.5160879361260176,0.0,0.0,-0.3440586240840117,-0.11468620802799967,0.0,-0.004499999999993065,0.0,0.0,-0.0030000000000001137,-0.0010000000000000009,0.0,0.0137698,-0.0206547,-0.034424500000000004,-0.0619641,-0.0275396,0.0550792,1.7338217338e-05,-0.001335042735026,-0.005340170940104,0.001500457875489,-0.002190323565369,0.0016556776557120003,0.011000000000000404,1.820796000174596,0.18507200002204627,0.0773880001361249,0.0
pd,00:03:10.271,639,-89.991,-90.0,0.0,-89.895,0.241,-0.0,0.0,0.0,0.0,0.0,0.0,0.0,-90.0,-90.0,0.0,-89.901,0.239,-0.0,-89.99549999999999,-90.0,0.0,-89.898,0.24,0.0,-1.0383082847398346,0.0,0.0,-0.6922055231598898,-0.2307351743866214,0.0,-0.004499999999993065,0.0,0.0,-0.0030000000000001137,-0.0010000000000000009,0.0,0.0137698,-0.0206547,-0.034424500000000004,-0.0619641,-0.0275396,0.0550792,1.7338217338e-05,-0.001335042735026,-0.005340170940104,0.001500457875489,-0.002190323565369,0.0016556776557120003,0.011000000000000404,1.6988170000331593,0.13790599996355013,0.12307299994063214,0.0
pd,00:03:10.273,640,-89.991,-90.0,0.0,-89.895,0.241,-0.0,0.0,0.0,0.0,0.0,0.0,0.0,-90.0,-90.0,0.0,-89.901,0.239,-0.0,-89.99549999999999,-90.0,0.0,-89.898,0.24,0.0,-1.108301115678257,0.0,0.0,-0.7388674104521713,-0.24628913681738132,0.0,-0.004499999999993065,0.0,0.0,-0.0030000000000001137,-0.0010000000000000009,0.0,0.0137698,-0.0206547,-0.034424500000000004,-0.0619641,-0.0275396,0.0550792,1.7338217338e-05,-0.001335042735026,-0.005340170940104,0.001500457875489,-0.002190323565369,0.0016556776557120003,0.011000000000000404,1.780833999873721,0.18007199969360954,0.07509199986088788,0.0
pd,00:03:10.276,641,-89.992,-90.0,0.0,-89.896,0.241,-0.0,-0.3165034711756736,0.0,0.0,-0.3165034711756736,0.0,0.0,-90.0,-90.0,0.0,-89.901,0.239,-0.0,-89.96434965288243,-90.0,0.0,-89.86684965288244,0.24,0.0,4.375715420940634,0.0,0.0,4.613093024321264,-0.15825173558708133,0.0,0.027650347117571528,0.0,0.0,0.02915034711756448,-0.0010000000000000009,0.0,0.0137698,-0.0206547,-0.034424500000000004,-0.0619641,-0.0275396,0.0550792,1.7338217338e-05,-0.001335042735026,-0.005340170940104,0.001500457875489,-0.002190323565369,0.0016556776557120003,0.00964365076098692,2.209477999713272,0.22823900008006603,0.09036899973580148,0.0
pd,00:03:10.279,642,-89.992,-90.0,0.0,-89.896,0.241,-0.0,0.0,0.0,0.0,0.0,0.0,0.0,-90.0,-90.0,0.0,-89.901,0.239,-0.0,-89.99600000000001,-90.0,0.0,-89.8985,0.24,0.0,-0.7613548738423808,0.0,0.0,-0.4758467961513189,-0.19033871846070083,0.0,-0.0040000000000048885,0.0,0.0,-0.0024999999999977263,-0.0010000000000000009,0.0,0.0137698,-0.0206547,-0.034424500000000004,-0.0619641,-0.0275396,0.0550792,1.7338217338e-05,-0.001335042735026,-0.005340170940104,0.001500457875489,-0.002190323565369,0.0016556776557120003,0.00964365076098692,1.7358529999000893,0.7873439999457332,0.12368399984552525,0.0
pd,00:03:10.281,643,-89.992,-90.0,0.0,-89.896,0.241,-0.0,0.0,0.0,0.0,0.0,0.0,0.0,-90.0,-90.0,0.0,-89.901,0.239,-0.0,-89.99600000000001,-90.0,0.0,-89.8985,0.24,0.0,-0.6975973388769523,0.0,0.0,-0.43599833679794026,-0.1743993347193349,0.0,-0.0040000000000048885,0.0,0.0,-0.0024999999999977263,-0.0010000000000000009,0.0,0.0137698,-0.0206547,-0.034424500000000004,-0.0619641,-0.0275396,0.0550792,1.7338217338e-05,-0.001335042735026,-0.005340170940104,0.001500457875489,-0.002190323565369,0.0016556776557120003,0.00964365076098692,1.968571999896085,0.8949729999585543,0.25423799979762407,0.0
pd,00:03:10.285,644,-89.992,-90.0,0.0,-89.896,0.241,-0.0,0.0,0.0,0.0,0.0,0.0,0.0,-90.0,-90.0,0.0,-89.901,0.239,-0.0,-89.99600000000001,-90.0,0.0,-89.8985,0.24,0.0,-0.53362646310403,0.0,0.0,-0.33351653943990023,-0.13340661577608154,0.0,-0.0040000000000048885,0.0,0.0,-0.0024999999999977263,-0.0010000000000000009,0.0,0.0275396,0.0068849,-0.0,-0.1032735,-0.0,-0.0137698,-0.000936263736252,-0.0019245421245179999,-0.00667521367513,0.002311050061098,-0.002449023199074,0.0017419108669470002,0.00964365076098692,3.0706910001754295,0.22020200003680657,0.09251800020138035,0.0
pd,00:03:10.289,645,-89.992,-90.0,0.0,-89.896,0.241,-0.0,0.0,0.0,0.0,0.0,0.0,0.0,-90.0,-90.0,0.0,-89.901,0.239,-0.0,-89.99600000000001,-90.0,0.0,-89.8985,0.24,0.0,-0.5711198257077444,0.0,0.0,-0.3569498910672135,-0.14277995642701538,0.0,-0.0040000000000048885,0.0,0.0,-0.0024999999999977263,-0.0010000000000000009,0.0,0.0275396,0.0068849,-0.0,-0.1032735,-0.0,-0.0137698,-0.000936263736252,-0.0019245421245179999,-0.00667521367513,0.002311050061098,-0.002449023199074,0.0017419108669470002,0.00964365076098692,1.7404829995939508,0.14855500012345146,0.05955500000709435,0.0
pd,00:03:10.291,646,-89.992,-90.0,0.0,-89.896,0.241,-0.0,0.0,0.0,0.0,0.0,0.0,0.0,-90.0,-90.0,0.0,-89.901,0.239,-0.0,-89.99600000000001,-90.0,0.0,-89.8985,0.24,0.0,-0.9924997633690666,0.0,0.0,-0.6203123521054462,-0.24812494084240438,0.0,-0.0040000000000048885,0.0,0.0,-0.0024999999999977263,-0.0010000000000000009,0.0,0.0275396,0.0068849,-0.0,-0.1032735,-0.0,-0.0137698,-0.000936263736252,-0.0019245421245179999,-0.00667521367513,0.002311050061098,-0.002449023199074,0.0017419108669470002,0.00964365076098692,1.6930199999478646,0.1312210001742642,0.05507400010174024,0.0
pd,00:03:10.293,647,-89.992,-90.0,0.0,-89.896,0.241,-0.0,0.0,0.0,0.0,0.0,0.0,0.0,-90.0,-90.0,0.0,-89.901,0.239,-0.0,-89.99600000000001,-90.0,0.0,-89.8985,0.24,0.0,-1.0164313582933904,0.0,0.0,-0.6352695989331433,-0.25410783957348865,0.0,-0.0040000000000048885,0.0,0.0,-0.0024999999999977263,-0.0010000000000000009,0.0,0.0275396,0.0068849,-0.0,-0.1032735,-0.0,-0.0137698,-0.000936263736252,-0.0019245421245179999,-0.00667521367513,0.002311050061098,-0.002449023199074,0.0017419108669470002,0.00964365076098692,1.7535010001665796,0.18233199989481363,0.09094400002140901,0.0
pd,00:03:10.295,648,-89.992,-90.0,0.0,-89.896,0.241,-0.0,0.0,0.0,0.0,0.0,0.0,0.0,-90.0,-90.0,0.0,-89.901,0.239,-0.0,-89.99600000000001,-90.0,0.0,-89.8985,0.24,0.0,-0.9479724262623291,0.0,0.0,-0.5924827664137452,-0.23699310656571385,0.0,-0.0040000000000048885,0.0,0.0,-0.0024999999999977263,-0.0010000000000000009,0.0,0.0275396,0.0068849,-0.0,-0.1032735,-0.0,-0.0137698,-0.000936263736252,-0.0019245421245179999,-0.00667521367513,0.002311050061098,-0.002449023199074,0.0017419108669470002,0.00964365076098692,1.7095749999498366,0.20992400004615774,0.07914700017863652,0.0
pd,00:03:10.297,649,-89.992,-90.0,0.0,-89.896,0.241,-0.0,0.0,0.0,0.0,0.0,0.0,0.0,-90.0,-90.0,0.0,-89.901,0.239,-0.0,-89.99600000000001,-90.0,0.0,-89.8985,0.24,0.0,-0.9633220027555525,0.0,0.0,-0.6020762517220064,-0.24083050068902181,0.0,-0.0040000000000048885,0.0,0.0,-0.0024999999999977263,-0.0010000000000000009,0.0,0.0275396,0.0068849,-0.0,-0.1032735,-0.0,-0.0137698,-0.000936263736252,-0.0019245421245179999,-0.00667521367513,0.002311050061098,-0.002449023199074,0.0017419108669470002,0.00964365076098692,1.7053159999704803,0.13833200000590296,0.05790699970020796,0.0
pd,00:03:10.299,650,-89.992,-90.0,0.0,-89.896,0.241,-0.0,0.0,0.0,0.0,0.0,0.0,0.0,-90.0,-90.0,0.0,-89.901,0.239,-0.0,-89.99600000000001,-90.0,0.0,-89.8985,0.24,0.0,-1.0175409995142346,0.0,0.0,-0.6359631246961708,-0.25438524987869987,0.0,-0.0040000000000048885,0.0,0.0,-0.0024999999999977263,-0.0010000000000000009,0.0,0.0275396,0.0068849,-0.0,-0.1032735,-0.0,-0.0137698,-0.000936263736252,-0.0019245421245179999,-0.00667521367513,0.002311050061098,-0.002449023199074,0.0017419108669470002,0.00964365076098692,1.670798000304785,0.18260899969391176,0.06712899994454347,0.0
pd,00:03:10.302,651,-89.992,-90.0,0.0,-89.896,0.241,-0.0,0.0,0.0,0.0,0.0,0.0,0.0,-90.0,-90.0,0.0,-89.901,0.239,-0.0,-89.99600000000001,-90.0,0.0,-89.8985,0.24,0.0,-0.6251757340881913,0.0,0.0,-0.39073483380498075,-0.15629393352213458,0.0,-0.0040000000000048885,0.0,0.0,-0.0024999999999977263,-0.0010000000000000009,0.0,0.0137698,0.0068849,-0.0,-0.0550792,-0.034424500000000004,0.0068849,-0.00041611721611199996,-0.001335042735026,-0.0049934065933439995,0.0026387362637910004,-0.002483516483568,0.001500457875489,0.00964365076098692,3.365855000083684,0.45284699990588706,0.13094299993099412,0.0
pd,00:03:10.308,652,-89.992,-90.0,0.0,-89.896,0.241,-0.0,0.0,0.0,0.0,0.0,0.0,0.0,-90.0,-90.0,0.0,-89.901,0.239,-0.0,-89.99600000000001,-90.0,0.0,-89.8985,0.24,0.0,-0.3725124561479351,0.0,0.0,-0.23282028509237673,-0.09312811403703547,0.0,-0.0040000000000048885,0.0,0.0,-0.0024999999999977263,-0.0010000000000000009,0.0,0.0137698,0.0068849,-0.0,-0.0550792,-0.034424500000000004,0.0068849,-0.00041611721611199996,-0.001335042735026,-0.0049934065933439995,0.0026387362637910004,-0.002483516483568,0.001500457875489,0.00964365076098692,2.22736600017015,0.24473799976476585,0.11162800001329742,0.0
pd,00:03:10.310,653,-89.992,-90.0,0.0,-89.896,0.241,-0.0,0.0,0.0,0.0,0.0,0.0,0.0,-90.0,-90.0,0.0,-89.901,0.239,-0.0,-89.99600000000001,-90.0,0.0,-89.8985,0.24,0.0,-0.7444629037979544,0.0,0.0,-0.46528931487355624,-0.18611572594959194,0.0,-0.0040000000000048885,0.0,0.0,-0.0024999999999977263,-0.0010000000000000009,0.0,0.0137698,0.0068849,-0.0,-0.0550792,-0.034424500000000004,0.0068849,-0.00041611721611199996,-0.001335042735026,-0.0049934065933439995,0.0026387362637910004,-0.002483516483568,0.001500457875489,0.00964365076098692,1.7307049997725699,0.14570199982699705,0.06105500006015063,0.0
pd,00:03:10.312,654,-89.992,-90.0,0.0,-89.896,0.241,-0.0,0.0,0.0,0.0,0.0,0.0,0.0,-90.0,-90.0,0.0,-89.901,0.239,-0.0,-89.99600000000001,-90.0,0.0,-89.8985,0.24,0.0,-0.9973377719647308,0.0,0.0,-0.6233361074777353,-0.2493344429913211,0.0,-0.0040000000000048885,0.0,0.0,-0.0024999999999977263,-0.0010000000000000009,0.0,0.0137698,0.0068849,-0.0,-0.0550792,-0.034424500000000004,0.0068849,-0.00041611721611199996,-0.001335042735026,-0.0049934065933439995,0.0026387362637910004,-0.002483516483568,0.001500457875489,0.00964365076098692,1.8221109999103646,0.19059100031881826,0.08583299995734706,0.0
pd,00:03:10.314,655,-89.992,-90.0,0.0,-89.896,0.241,-0.0,0.0,0.0,0.0,0.0,0.0,0.0,-90.0,-90.0,0.0,-89.901,0.239,-0.0,-89.99600000000001,-90.0,0.0,-89.8985,0.24,0.0,-0.9166875751278932,0.0,0.0,-0.5729297344547297,-0.2291718937821005,0.0,-0.0040000000000048885,0.0,0.0,-0.0024999999999977263,-0.0010000000000000009,0.0,0.0137698,0.0068849,-0.0,-0.0550792,-0.034424500000000004,0.0068849,-0.00041611721611199996,-0.001335042735026,-0.0049934065933439995,0.0026387362637910004,-0.002483516483568,0.001500457875489,0.00964365076098692,1.7318709997198312,0.16534999986106413,0.08446199990430614,0.0
pd,00:03:10.316,656,-89.992,-90.0,0.0,-89.897,0.24,-0.0,0.0,0.0,0.0,-0.4853956717995634,-0.48539567179724613,0.0,-90.0,-90.0,0.0,-89.901,0.239,-0.0,-89.99600000000001,-90.0,0.0,-89.85046043282004,0.2880395671797246,0.0,-0.9707913435939534,0.0,0.0,11.295052238235108,11.659098992025672,0.0,-0.0040000000000048885,0.0,0.0,0.04653956717996266,0.04803956717972463,0.0,0.0137698,0.0068849,-0.0,-0.0550792,-0.034424500000000004,0.0068849,-0.00041611721611199996,-0.001335042735026,-0.0049934065933439995,0.0026387362637910004,-0.002483516483568,0.001500457875489,0.008999999999991916,1.762130999850342,0.15171999984886497,0.062166000134311616,0.0
pd,00:03:10.318,657,-89.992,-90.0,0.0,-89.897,0.24,-0.0,0.0,0.0,0.0,0.0,0.0,0.0,-90.0,-90.0,0.0,-89.901,0.239,-0.0,-89.99600000000001,-90.0,0.0,-89.899,0.2395,0.0,-0.9775793031109836,0.0,0.0,-0.48878965155462356,-0.12219741288894079,0.0,-0.0040000000000048885,0.0,0.0,-0.001999999999995339,-0.0005000000000000004,0.0,0.0137698,0.0068849,-0.0,-0.0550792,-0.034424500000000004,0.0068849,-0.00041611721611199996,-0.001335042735026,-0.0049934065933439995,0.0026387362637910004,-0.002483516483568,0.001500457875489,0.008999999999991916,1.6832429996611609,0.1333879999947385,0.09051799997905619,0.0
pd,00:03:10.320,658,-89.992,-90.0,0.0,-89.897,0.24,-0.0,0.0,0.0,0.0,0.0,0.0,0.0,-90.0,-90.0,0.0,-89.901,0.239,-0.0,-89.99600000000001,-90.0,0.0,-89.899,0.2395,0.0,-1.0159389608811131,0.0,0.0,-0.5079694804396542,-0.12699237011020964,0.0,-0.0040000000000048885,0.0,0.0,-0.001999999999995339,-0.0005000000000000004,0.0,0.0137698,0.0068849,-0.0,-0.0550792,-0.034424500000000004,0.0068849,-0.00041611721611199996,-0.001335042735026,-0.0049934065933439995,0.0026387362637910004,-0.002483516483568,0.001500457875489,0.008999999999991916,2.298718000020017,0.25384999980815337,0.12112900003558025,0.0
pd,00:03:10.323,659,-89.992,-90.0,0.0,-89.897,0.24,-0.0,0.0,0.0,0.0,0.0,0.0,0.0,-90.0,-90.0,0.0,-89.901,0.239,-0.0,-89.99600000000001,-90.0,0.0,-89.899,0.2395,0.0,-0.7191262751817703,0.0,0.0,-0.35956313759024644,-0.08989078439777119,0.0,-0.0040000000000048885,0.0,0.0,-0.001999999999995339,-0.0005000000000000004,0.0,0.0206547,-0.0275396,-0.0275396,-0.0895037,-0.034424500000000004,-0.0068849,-0.00130036630035,-0.002219291819264,-0.005305494505428,0.002621489621544,-0.002086843711887,0.001500457875489,0.008999999999991916,3.8598129999627417,0.5782530001852138,0.10724000003392575,0.0
pd,00:03:10.328,660,-89.992,-90.0,0.0,-89.897,0.24,-0.0,0.0,0.0,0.0,0.0,0.0,0.0,-90.0,-90.0,0.0,-89.901,0.239,-0.0,-89.99600000000001,-90.0,0.0,-89.899,0.2395,0.0,-0.4243314279930877,0.0,0.0,-0.21216571399616696,-0.053041428499165405,0.0,-0.0040000000000048885,0.0,0.0,-0.001999999999995339,-0.0005000000000000004,0.0,0.0206547,-0.0275396,-0.0275396,-0.0895037,-0.034424500000000004,-0.0068849,-0.00130036630035,-0.002219291819264,-0.005305494505428,0.002621489621544,-0.002086843711887,0.001500457875489,0.008999999999991916,1.8111489998773322,0.1696829999673355,0.07233299993458786,0.0
pd,00:03:10.331,661,-89.992,-90.0,0.0,-89.897,0.24,-0.0,0.0,0.0,0.0,0.0,0.0,0.0,-90.0,-90.0,0.0,-89.901,0.239,-0.0,-89.99600000000001,-90.0,0.0,-89.899,0.2395,0.0,-0.6169455026840738,0.0,0.0,-0.30847275134148894,-0.07711818783555204,0.0,-0.0040000000000048885,0.0,0.0,-0.001999999999995339,-0.0005000000000000004,0.0,0.0206547,-0.0275396,-0.0275396,-0.0895037,-0.034424500000000004,-0.0068849,-0.00130036630035,-0.002219291819264,-0.005305494505428,0.002621489621544,-0.002086843711887,0.001500457875489,0.008999999999991916,1.978331999907823,0.2382749999014777,0.1473319998694933,0.0
pd,00:03:10.334,662,-89.992,-90.0,0.0,-89.897,0.24,-0.0,0.0,0.0,0.0,0.0,0.0,0.0,-90.0,-90.0,0.0,-89.901,0.239,-0.0,-89.99600000000001,-90.0,0.0,-89.899,0.2395,0.0,-0.7565483405479213,0.0,0.0,-0.3782741702732887,-0.09456854256854265,0.0,-0.0040000000000048885,0.0,0.0,-0.001999999999995339,-0.0005000000000000004,0.0,0.0206547,-0.0275396,-0.0275396,-0.0895037,-0.034424500000000004,-0.0068849,-0.00130036630035,-0.002219291819264,-0.005305494505428,0.002621489621544,-0.002086843711887,0.001500457875489,0.008999999999991916,1.763650000157213,0.19509000003381516,0.08590700008426211,0.0
pd,00:03:10.336,663,-89.992,-90.0,0.0,-89.897,0.24,-0.0,0.0,0.0,0.0,0.0,0.0,0.0,-90.0,-90.0,0.0,-89.901,0.239,-0.0,-89.99600000000001,-90.0,0.0,-89.899,0.2395,0.0,-0.9399000560218881,0.0,0.0,-0.4699500280101092,-0.11748750700280122,0.0,-0.0040000000000048885,0.0,0.0,-0.001999999999995339,-0.0005000000000000004,0.0,0.0206547,-0.0275396,-0.0275396,-0.0895037,-0.034424500000000004,-0.0068849,-0.00130036630035,-0.002219291819264,-0.005305494505428,0.002621489621544,-0.002086843711887,0.001500457875489,0.008999999999991916,2.522899999803485,0.27273800014882,0.13518400010070764,0.0
pd,00:03:10.339,664,-89.992,-90.0,-0.0,-89.899,0.24,-0.0,0.0,0.0,-0.0,-0.6556673440660036,0.0,0.0,-90.0,-90.0,0.0,-89.901,0.239,-0.0,-89.99600000000001,-90.0,0.0,-89.8344332655934,0.2395,0.0,-0.6556673440671683,0.0,0.0,10.583574815872726,-0.08195841800844153,0.0,-0.0040000000000048885,0.0,0.0,0.06456673440659699,-0.0005000000000000004,0.0,0.0206547,-0.0275396,-0.0275396,-0.0895037,-0.034424500000000004,-0.0068849,-0.00130036630035,-0.002219291819264,-0.005305494505428,0.002621489621544,-0.002086843711887,0.001500457875489,0.008306623862912683,2.026664999903005,0.2515160003895289,0.5068100003882137,0.0
pd,00:03:10.342,665,-89.992,-90.0,-0.0,-89.899,0.24,-0.0,0.0,0.0,0.0,0.0,0.0,0.0,-90.0,-90.0,0.0,-89.901,0.239,-0.0,-89.99600000000001,-90.0,0.0,-89.9,0.2395,0.0,-0.6890593067188558,0.0,0.0,-0.17226482667940796,-0.08613241333990479,0.0,-0.0040000000000048885,0.0,0.0,-0.0010000000000047748,-0.0005000000000000004,0.0,0.0206547,-0.0275396,-0.0275396,-0.0895037,-0.034424500000000004,-0.0068849,-0.00130036630035,-0.002219291819264,-0.005305494505428,0.002621489621544,-0.002086843711887,0.001052045177067,0.008306623862912683,2.113200999701803,1.0981739997077966,0.21570099988821312,0.0
pd,00:03:10.345,666,-89.992,-90.0,-0.0,-89.899,0.24,-0.0,0.0,0.0,0.0,0.0,0.0,0.0,-90.0,-90.0,0.0,-89.901,0.239,-0.0,-89.99600000000001,-90.0,0.0,-89.9,0.2395,0.0,-0.5496401520112273,0.0,0.0,-0.13741003800256274,-0.06870501900144155,0.0,-0.0040000000000048885,0.0,0.0,-0.0010000000000047748,-0.0005000000000000004,0.0,-0.0206547,-0.0137698,-0.0137698,-0.0413094,-0.0275396,0.034424500000000004,-0.0016818070817859999,-0.0024967032966719998,-0.004802686202626,0.001638431013465,-0.0017246642247000002,0.001052045177067,0.008306623862912683,2.811249000387761,0.21499800004676217,0.09759199974723742,0.0
pd,00:03:10.349,667,-89.992,-90.0,-0.0,-89.899,0.24,-0.0,0.0,0.0,0.0,0.0,0.0,0.0,-90.0,-90.0,0.0,-89.901,0.239,-0.0,-89.99600000000001,-90.0,0.0,-89.9,0.2395,0.0,-0.6167640614657268,0.0,0.0,-0.1541910153661578,-0.07709550768325865,0.0,-0.0040000000000048885,0.0,0.0,-0.0010000000000047748,-0.0005000000000000004,0.0,-0.0206547,-0.0137698,-0.0137698,-0.0413094,-0.0275396,0.034424500000000004,-0.0016818070817859999,-0.0024967032966719998,-0.004802686202626,0.001638431013465,-0.0017246642247000002,0.001052045177067,0.008306623862912683,1.7630560000725382,0.17853499957709573,0.08029600030567963,0.0
pd,00:03:10.351,668,-89.992,-90.0,-0.0,-89.899,0.24,-0.0,0.0,0.0,0.0,0.0,0.0,0.0,-90.0,-90.0,0.0,-89.901,0.239,-0.0,-89.99600000000001,-90.0,0.0,-89.9,0.2395,0.0,-0.9532509090903808,0.0,0.0,-0.23831272727217187,-0.11915636363636374,0.0,-0.0040000000000048885,0.0,0.0,-0.0010000000000047748,-0.0005000000000000004,0.0,-0.0206547,-0.0137698,-0.0137698,-0.0413094,-0.0275396,0.034424500000000004,-0.0016818070817859999,-0.0024967032966719998,-0.004802686202626,0.001638431013465,-0.0017246642247000002,0.001052045177067,0.008306623862912683,1.713741999992635,0.196182999843586,0.07557299977634102,0.0
pd,00:03:10.353,669,-89.992,-90.0,-0.0,-89.899,0.24,-0.0,0.0,0.0,0.0,0.0,0.0,0.0,-90.0,-90.0,0.0,-89.901,0.239,-0.0,-89.99600000000001,-90.0,0.0,-89.9,0.2395,0.0,-0.9695570966245204,0.0,0.0,-0.24238927415569955,-0.12119463707813233,0.0,-0.0040000000000048885,0.0,0.0,-0.0010000000000047748,-0.0005000000000000004,0.0,-0.0206547,-0.0137698,-0.0137698,-0.0413094,-0.0275396,0.034424500000000004,-0.0016818070817859999,-0.0024967032966719998,-0.004802686202626,0.001638431013465,-0.0017246642247000002,0.001052045177067,0.008306623862912683,1.7948149998119334,0.16023899979700218,0.0667590002194629,0.0
pd,00:03:10.355,670,-89.992,-90.0,-0.0,-89.899,0.24,-0.0,0.0,0.0,0.0,0.0,0.0,0.0,-90.0,-90.0,0.0,-89.901,0.239,-0.0,-89.99600000000001,-90.0,0.0,-89.9,0.2395,0.0,-0.955422323461885,0.0,0.0,-0.23885558086504696,-0.11942779043280193,0.0,-0.0040000000000048885,0.0,0.0,-0.0010000000000047748,-0.0005000000000000004,0.0,-0.0206547,-0.0137698,-0.0137698,-0.0413094,-0.0275396,0.034424500000000004,-0.0016818070817859999,-0.0024967032966719998,-0.004802686202626,0.001638431013465,-0.0017246642247000002,0.001052045177067,0.008306623862912683,2.03551700042226,0.2098320001095999,0.09988799956772709,0.0
pd,00:03:10.358,671,-89.992,-90.0,-0.0,-89.9,0.24,-0.0,0.0,0.0,0.0,-0.3053067404294677,0.0,0.0,-90.0,-90.0,0.0,-89.901,0.239,-0.0,-89.99600000000001,-90.0,0.0,-89.86996932595706,0.2395,0.0,-0.6106134808556813,0.0,0.0,4.584283602454782,-0.07632668510700254,0.0,-0.0040000000000048885,0.0,0.0,0.03003067404294768,-0.0005000000000000004,0.0,-0.0206547,-0.0137698,-0.0137698,-0.0413094,-0.0275396,0.034424500000000004,-0.0016818070817859999,-0.0024967032966719998,-0.004802686202626,0.001638431013465,-0.0017246642247000002,0.001052045177067,0.008124038404630433,1.9953689998146729,0.326052000218624,0.11933300038435846,0.0
pd,00:03:10.361,672,-89.992,-90.0,-0.0,-89.9,0.24,-0.0,0.0,0.0,0.0,0.0,0.0,0.0,-90.0,-90.0,0.0,-89.901,0.239,-0.0,-89.99600000000001,-90.0,0.0,-89.9005,0.2395,0.0,-0.724092188173962,0.0,0.0,-0.09051152352094136,-0.0905115235217955,0.0,-0.0040000000000048885,0.0,0.0,-0.0004999999999881766,-0.0005000000000000004,0.0,-0.0206547,-0.0137698,-0.0137698,-0.0413094,-0.0275396,0.034424500000000004,-0.0016818070817859999,-0.0024967032966719998,-0.004802686202626,0.001638431013465,-0.0017246642247000002,0.001052045177067,0.008124038404630433,1.7413340001439792,0.16099800041047274,0.074129000040557,0.0
pd,00:03:10.363,673,-89.992,-90.0,-0.0,-89.9,0.24,-0.0,0.0,0.0,0.0,0.0,0.0,0.0,-90.0,-90.0,0.0,-89.901,0.239,-0.0,-89.99600000000001,-90.0,0.0,-89.9005,0.2395,0.0,-0.9747394840803336,0.0,0.0,-0.12184243550895953,-0.12184243551010933,0.0,-0.0040000000000048885,0.0,0.0,-0.0004999999999881766,-0.0005000000000000004,0.0,0.0068849,-0.0137698,0.0206547,-0.0757339,0.0481943,-0.034424500000000004,-0.001508424908406,-0.00130036630035,-0.004802686202626,0.001638431013465,-0.002449023199074,0.001276251526278,0.008124038404630433,4.519491999872116,0.6034379998709483,0.11868399997183587,0.0
pd,00:03:10.368,674,-89.992,-90.0,-0.0,-89.9,0.24,-0.0,0.0,0.0,0.0,0.0,0.0,0.0,-90.0,-90.0,0.0,-89.901,0.239,-0.0,-89.99600000000001,-90.0,0.0,-89.9005,0.2395,0.0,-0.3716707133360811,0.0,0.0,-0.0464588391665975,-0.04645883916703593,0.0,-0.0040000000000048885,0.0,0.0,-0.0004999999999881766,-0.0005000000000000004,0.0,0.0068849,-0.0137698,0.0206547,-0.0757339,0.0481943,-0.034424500000000004,-0.001508424908406,-0.00130036630035,-0.004802686202626,0.001638431013465,-0.002449023199074,0.001276251526278,0.008124038404630433,1.808205000088492,0.1650909998716088,0.06757300025128643,0.0
pd,00:03:10.370,675,-89.992,-90.0,-0.0,-89.9,0.24,-0.0,0.0,0.0,0.0,0.0,0.0,0.0,-90.0,-90.0,0.0,-89.901,0.239,-0.0,-89.99600000000001,-90.0,0.0,-89.9005,0.2395,0.0,-0.946688635593652,0.0,0.0,-0.11833607944815547,-0.1183360794492722,0.0,-0.0040000000000048885,0.0,0.0,-0.0004999999999881766,-0.0005000000000000004,0.0,0.0068849,-0.0137698,0.0206547,-0.0757339,0.0481943,-0.034424500000000004,-0.001508424908406,-0.00130036630035,-0.004802686202626,0.001638431013465,-0.002449023199074,0.001276251526278,0.008124038404630433,1.6925209997680213,0.13329500006875605,0.05742499979533022,0.0
pd,00:03:10.372,676,-89.992,-90.0,-0.0,-89.9,0.24,-0.0,0.0,0.0,0.0,0.0,0.0,0.0,-90.0,-90.0,0.0,-89.901,0.239,-0.0,-89.99600000000001,-90.0,0.0,-89.9005,0.2395,0.0,-1.0270088148867962,0.0,0.0,-0.1283761018597093,-0.12837610186092077,0.0,-0.0040000000000048885,0.0,0.0,-0.0004999999999881766,-0.0005000000000000004,0.0,0.0068849,-0.0137698,0.0206547,-0.0757339,0.0481943,-0.034424500000000004,-0.001508424908406,-0.00130036630035,-0.004802686202626,0.001638431013465,-0.002449023199074,0.001276251526278,0.008124038404630433,1.818574000026274,0.19212699999116012,0.08564700010538218,0.0
pd,00:03:10.375,677,-89.992,-90.0,-0.0,-89.9,0.24,-0.0,0.0,0.0,0.0,0.0,0.0,0.0,-90.0,-90.0,0.0,-89.901,0.239,-0.0,-89.99600000000001,-90.0,0.0,-89.9005,0.2395,0.0,-0.9187960569545839,0.0,0.0,-0.11484950711830291,-0.11484950711938674,0.0,-0.0040000000000048885,0.0,0.0,-0.0004999999999881766,-0.0005000000000000004,0.0,0.0068849,-0.0137698,0.0206547,-0.0757339,0.0481943,-0.034424500000000004,-0.001508424908406,-0.00130036630035,-0.004802686202626,0.001638431013465,-0.002449023199074,0.001276251526278,0.008124038404630433,1.6658169997754158,0.15751699993415968,0.06907400029376731,0.0
pd,00:03:10.377,678,-89.992,-90.0,-0.0,-89.9,0.24,-0.0,0.0,0.0,0.0,0.0,0.0,0.0,-90.0,-90.0,0.0,-89.901,0.239,-0.0,-89.99600000000001,-90.0,0.0,-89.9005,0.2395,0.0,-1.0180349514557465,0.0,0.0,-0.12725436893083805,-0.12725436893203895,0.0,-0.0040000000000048885,0.0,0.0,-0.0004999999999881766,-0.0005000000000000004,0.0,0.0068849,-0.0137698,0.0206547,-0.0757339,0.0481943,-0.034424500000000004,-0.001508424908406,-0.00130036630035,-0.004802686202626,0.001638431013465,-0.002449023199074,0.001276251526278,0.008124038404630433,1.7787050001061289,0.2423119999548362,0.11603599978116108,0.0
pd,00:03:10.379,679,-89.992,-90.0,0.0,-89.901,0.24,-0.0,0.0,0.0,0.0,-0.4459653375821821,0.0,0.0,-90.0,-90.0,0.0,-89.901,0.239,-0.0,-89.99600000000001,-90.0,0.0,-89.85640346624177,0.2395,0.0,-0.8919306751722861,0.0,0.0,9.944254116333315,-0.11149133439659765,0.0,-0.0040000000000048885,0.0,0.0,0.0445965337582237,-0.0005000000000000004,0.0,0.0068849,-0.0137698,0.0206547,-0.0757339,0.0481943,-0.034424500000000004,-0.001508424908406,-0.00130036630035,-0.004802686202626,0.001638431013465,-0.002449023199074,0.001276251526278,0.00806225774829415,2.2943849999137456,0.25340399997730856,0.131128999782959,0.0
pd,00:03:10.382,680,-89.992,-90.0,0.0,-89.901,0.24,-0.0,0.0,0.0,0.0,0.0,0.0,0.0,-90.0,-90.0,0.0,-89.901,0.239,-0.0,-89.99600000000001,-90.0,0.0,-89.901,0.2395,0.0,-0.7163627668655296,0.0,0.0,0.0,-0.0895453458582409,0.0,-0.0040000000000048885,0.0,0.0,0.0,-0.0005000000000000004,0.0,0.0068849,-0.0137698,0.0206547,-0.0757339,0.0481943,-0.034424500000000004,-0.001508424908406,-0.00130036630035,-0.004802686202626,0.001638431013465,-0.002449023199074,0.001276251526278,0.00806225774829415,1.821462999942014,1.0164529999201477,0.2388499997323379,0.0
pd,00:03:10.387,681,-89.992,-90.0,0.0,-89.901,0.24,-0.0,0.0,0.0,0.0,0.0,0.0,0.0,-90.0,-90.0,0.0,-89.901,0.239,-0.0,-89.99600000000001,-90.0,0.0,-89.901,0.2395,0.0,-0.3512229107350256,0.0,0.0,0.0,-0.04390286384190257,0.0,-0.0040000000000048885,0.0,0.0,0.0,-0.0005000000000000004,0.0,0.0206547,-0.0206547,0.0275396,0.2822809,-0.0137698,0.0068849,-0.002531379731348,-0.002132600732574,-0.005045421245358,0.0008278388278560001,-0.0016901709402060002,0.001431471306501,0.00806225774829415,2.2460699997282063,0.2474610000717803,0.12444300000424846,0.0
pd,00:03:10.390,682,-89.992,-90.0,0.0,-89.901,0.24,-0.0,0.0,0.0,0.0,0.0,0.0,0.0,-90.0,-90.0,0.0,-89.901,0.239,-0.0,-89.99600000000001,-90.0,0.0,-89.901,0.2395,0.0,-0.7314158165485527,0.0,0.0,0.0,-0.09142697706861984,0.0,-0.0040000000000048885,0.0,0.0,0.0,-0.0005000000000000004,0.0,0.0206547,-0.0206547,0.0275396,0.2822809,-0.0137698,0.0068849,-0.002531379731348,-0.002132600732574,-0.005045421245358,0.0008278388278560001,-0.0016901709402060002,0.001431471306501,0.00806225774829415,2.3024769998301053,0.2845899998646928,0.1198140002998116,0.0
pd,00:03:10.393,683,-89.992,-90.0,0.0,-89.901,0.24,-0.0,0.0,0.0,0.0,0.0,0.0,0.0,-90.0,-90.0,0.0,-89.901,0.239,-0.0,-89.99600000000001,-90.0,0.0,-89.901,0.2395,0.0,-0.7077202396013963,0.0,0.0,0.0,-0.08846502995022365,0.0,-0.0040000000000048885,0.0,0.0,0.0,-0.0005000000000000004,0.0,0.0206547,-0.0206547,0.0275396,0.2822809,-0.0137698,0.0068849,-0.002531379731348,-0.002132600732574,-0.005045421245358,0.0008278388278560001,-0.0016901709402060002,0.001431471306501,0.00806225774829415,2.004702000249381,0.2381460003562097,0.11257300002398551,0.0
pd,00:03:10.395,684,-89.992,-90.0,0.0,-89.901,0.24,-0.0,0.0,0.0,0.0,0.0,0.0,0.0,-90.0,-90.0,0.0,-89.901,0.239,-0.0,-89.99600000000001,-90.0,0.0,-89.901,0.2395,0.0,-0.8144279611645971,0.0,0.0,0.0,-0.10180349514563115,0.0,-0.0040000000000048885,0.0,0.0,0.0,-0.0005000000000000004,0.0,0.0206547,-0.0206547,0.0275396,0.2822809,-0.0137698,0.0068849,-0.002531379731348,-0.002132600732574,-0.005045421245358,0.0008278388278560001,-0.0016901709402060002,0.001431471306501,0.00806225774829415,1.8733140000222193,0.24777499993433594,0.11872099958054605,0.0
pd,00:03:10.398,685,-89.992,-90.0,0.0,-89.902,0.24,-0.0,0.0,0.0,0.0,-0.4255584415604735,0.0,0.0,-90.0,-90.0,0.0,-89.901,0.239,-0.0,-89.99600000000001,-90.0,0.0,-89.85894415584396,0.2395,0.0,-0.8511168831164114,0.0,0.0,9.16138896951583,-0.10638961038961048,0.0,-0.0040000000000048885,0.0,0.0,0.04305584415604358,-0.0005000000000000004,0.0,0.0206547,-0.0206547,0.0275396,0.2822809,-0.0137698,0.0068849,-0.002531379731348,-0.002132600732574,-0.005045421245358,0.0008278388278560001,-0.0016901709402060002,0.001431471306501,0.008124038404632182,1.7847409999376396,0.1728319998619554,0.07292600002983818,0.0
pd,00:03:10.400,686,-89.992,-90.0,0.0,-89.902,0.24,-0.0,0.0,0.0,0.0,0.0,0.0,0.0,-90.0,-90.0,0.0,-89.901,0.239,-0.0,-89.99600000000001,-90.0,0.0,-89.9015,0.2395,0.0,-0.9507659526232971,0.0,0.0,0.11884574407854548,-0.11884574407797811,0.0,-0.0040000000000048885,0.0,0.0,0.0005000000000023874,-0.0005000000000000004,0.0,0.0206547,-0.0206547,0.0275396,0.2822809,-0.0137698,0.0068849,-0.002531379731348,-0.002132600732574,-0.005045421245358,0.0008278388278560001,-0.0016901709402060002,0.001431471306501,0.008124038404632182,1.8012230002568685,0.24920099986047717,0.30121899999357993,0.0
pd,00:03:10.402,687,-89.992,-90.0,0.0,-89.902,0.24,-0.0,0.0,0.0,0.0,0.0,0.0,0.0,-90.0,-90.0,0.0,-89.901,0.239,-0.0,-89.99600000000001,-90.0,0.0,-89.9015,0.2395,0.0,-0.8073732435029212,0.0,0.0,0.10092165543840297,-0.10092165543792117,0.0,-0.0040000000000048885,0.0,0.0,0.0005000000000023874,-0.0005000000000000004,0.0,0.0206547,-0.0275396,-0.0206547,-0.0206547,-0.0068849,-0.0,-0.0019418803418559999,-0.0019245421245179999,-0.005097435897372,0.001327991453019,-0.003138888888954,0.0018971306471700002,0.008124038404632182,3.319207999993523,0.4217919999973674,0.4753109997182037,0.0
pd,00:03:10.407,688,-89.992,-90.0,0.0,-89.902,0.24,-0.0,0.0,0.0,0.0,0.0,0.0,0.0,-90.0,-90.0,0.0,-89.901,0.239,-0.0,-89.99600000000001,-90.0,0.0,-89.9015,0.2395,0.0,-0.46098851459006157,0.0,0.0,0.05762356432406478,-0.057623564323789685,0.0,-0.0040000000000048885,0.0,0.0,0.0005000000000023874,-0.0005000000000000004,0.0,0.0206547,-0.0275396,-0.0206547,-0.0206547,-0.0068849,-0.0,-0.0019418803418559999,-0.0019245421245179999,-0.005097435897372,0.001327991453019,-0.003138888888954,0.0018971306471700002,0.008124038404632182,2.4623649997010943,0.22895999973115977,0.0991850001810235,0.0
pd,00:03:10.409,689,-89.992,-90.0,0.0,-89.902,0.24,-0.0,0.0,0.0,0.0,0.0,0.0,0.0,-90.0,-90.0,0.0,-89.901,0.239,-0.0,-89.99600000000001,-90.0,0.0,-89.9015,0.2395,0.0,-0.6927009083398308,0.0,0.0,0.08658761354294028,-0.08658761354252692,0.0,-0.0040000000000048885,0.0,0.0,0.0005000000000023874,-0.0005000000000000004,0.0,0.0206547,-0.0275396,-0.0206547,-0.0206547,-0.0068849,-0.0,-0.0019418803418559999,-0.0019245421245179999,-0.005097435897372,0.001327991453019,-0.003138888888954,0.0018971306471700002,0.008124038404632182,1.9879430001310539,0.3917369999726361,0.13203599974076496,0.0
pd,00:03:10.412,690,-89.992,-90.0,0.0,-89.902,0.24,-0.0,0.0,0.0,0.0,0.0,0.0,0.0,-90.0,-90.0,0.0,-89.901,0.239,-0.0,-89.99600000000001,-90.0,0.0,-89.9015,0.2395,0.0,-0.7590126673900969,0.0,0.0,0.09487658342426772,-0.09487658342381478,0.0,-0.0040000000000048885,0.0,0.0,0.0005000000000023874,-0.0005000000000000004,0.0,0.0206547,-0.0275396,-0.0206547,-0.0206547,-0.0068849,-0.0,-0.0019418803418559999,-0.0019245421245179999,-0.005097435897372,0.001327991453019,-0.003138888888954,0.0018971306471700002,0.008124038404632182,1.8769620000966825,0.2545900001678092,0.12057300000378746,0.0
pd,00:03:10.416,691,-89.992,-90.0,0.0,-89.902,0.24,-0.0,0.0,0.0,0.0,0.0,0.0,0.0,-90.0,-90.0,0.0,-89.901,0.239,-0.0,-89.99600000000001,-90.0,0.0,-89.9015,0.2395,0.0,-0.5452104510591025,0.0,0.0,0.06815130638275099,-0.06815130638242564,0.0,-0.0040000000000048885,0.0,0.0,0.0005000000000023874,-0.0005000000000000004,0.0,0.0206547,-0.0275396,-0.0206547,-0.0206547,-0.0068849,-0.0,-0.0019418803418559999,-0.0019245421245179999,-0.005097435897372,0.001327991453019,-0.003138888888954,0.0018971306471700002,0.008124038404632182,2.0067770001332974,0.24223799982792116,0.12986899992029066,0.0
pd,00:03:10.418,692,-89.992,-90.0,0.0,-89.897,0.24,-0.0,0.0,0.0,0.0,2.0095362207724152,0.0,0.0,-90.0,-90.0,0.0,-89.901,0.239,-0.0,-89.99600000000001,-90.0,0.0,-90.09995362207724,0.2395,0.0,-0.8038144883092517,0.0,0.0,-40.78426547015346,-0.10047681103871224,0.0,-0.0040000000000048885,0.0,0.0,-0.20295362207723144,-0.0005000000000000004,0.0,0.0206547,-0.0275396,-0.0206547,-0.0206547,-0.0068849,-0.0,-0.0019418803418559999,-0.0019245421245179999,-0.005097435897372,0.001327991453019,-0.003138888888954,0.0018971306471700002,0.008999999999991916,2.2061449999455363,0.2795529999275459,0.11425799993958208,0.0
pd,00:03:10.421,693,-89.992,-90.0,0.0,-89.897,0.24,-0.0,0.0,0.0,0.0,0.0,0.0,0.0,-90.0,-90.0,0.0,-89.901,0.239,-0.0,-89.99600000000001,-90.0,0.0,-89.899,0.2395,0.0,-0.7375897300620198,0.0,0.0,-0.36879486503035475,-0.09219871625780365,0.0,-0.0040000000000048885,0.0,0.0,-0.001999999999995339,-0.0005000000000000004,0.0,0.0206547,-0.0275396,-0.0206547,-0.0206547,-0.0068849,-0.0,-0.0019418803418559999,-0.0019245421245179999,-0.005097435897372,0.001327991453019,-0.003138888888954,0.0018971306471700002,0.008999999999991916,2.2318850001283863,0.25722000009409385,0.5019949999223172,0.0
pd,00:03:10.424,694,-89.992,-90.0,0.0,-89.897,0.24,-0.0,0.0,0.0,0.0,0.0,0.0,0.0,-90.0,-90.0,0.0,-89.901,0.239,-0.0,-89.99600000000001,-90.0,0.0,-89.899,0.2395,0.0,-0.6197715552268452,0.0,0.0,-0.30988577761287217,-0.07747144440339866,0.0,-0.0040000000000048885,0.0,0.0,-0.001999999999995339,-0.0005000000000000004,0.0,0.0481943,-0.0275396,-0.0137698,0.4406336,-0.0413094,-0.0,-0.002115262515236,-0.002410012209982,-0.005045421245358,0.0008795787545970001,-0.0017246642247000002,0.0017419108669470002,0.008999999999991916,3.7252769998303847,0.2665530000740546,0.12683199975072057,0.0
pd,00:03:10.428,695,-89.992,-90.0,0.0,-89.897,0.24,-0.0,0.0,0.0,0.0,0.0,0.0,0.0,-90.0,-90.0,0.0,-89.901,0.239,-0.0,-89.99600000000001,-90.0,0.0,-89.899,0.2395,0.0,-0.47166758504331463,0.0,0.0,-0.2358337925212384,-0.05895844813044706,0.0,-0.0040000000000048885,0.0,0.0,-0.001999999999995339,-0.0005000000000000004,0.0,0.0481943,-0.0275396,-0.0137698,0.4406336,-0.0413094,-0.0,-0.002115262515236,-0.002410012209982,-0.005045421245358,0.0008795787545970001,-0.0017246642247000002,0.0017419108669470002,0.008999999999991916,1.984479999919131,0.2600339998934942,0.1286279998566897,0.0
pd,00:03:10.431,696,-89.992,-90.0,0.0,-89.897,0.24,-0.0,0.0,0.0,0.0,0.0,0.0,0.0,-90.0,-90.0,0.0,-89.901,0.239,-0.0,-89.99600000000001,-90.0,0.0,-89.899,0.2395,0.0,-0.8039685643085442,0.0,0.0,-0.4019842821535581,-0.10049607053862382,0.0,-0.0040000000000048885,0.0,0.0,-0.001999999999995339,-0.0005000000000000004,0.0,0.0481943,-0.0275396,-0.0137698,0.4406336,-0.0413094,-0.0,-0.002115262515236,-0.002410012209982,-0.005045421245358,0.0008795787545970001,-0.0017246642247000002,0.0017419108669470002,0.008999999999991916,2.105478999965271,0.2206280000791594,0.09796199992706534,0.0
pd,00:03:10.433,697,-89.992,-90.0,0.0,-89.897,0.24,-0.0,0.0,0.0,0.0,0.0,0.0,0.0,-90.0,-90.0,0.0,-89.901,0.239,-0.0,-89.99600000000001,-90.0,0.0,-89.899,0.2395,0.0,-0.7939998106952533,0.0,0.0,-0.3969999053469214,-0.09924997633696175,0.0,-0.0040000000000048885,0.0,0.0,-0.001999999999995339,-0.0005000000000000004,0.0,0.0481943,-0.0275396,-0.0137698,0.4406336,-0.0413094,-0.0,-0.002115262515236,-0.002410012209982,-0.005045421245358,0.0008795787545970001,-0.0017246642247000002,0.0017419108669470002,0.008999999999991916,1.911295999889262,0.2482939999026712,0.12103600010959781,0.0
pd,00:03:10.436,698,-89.992,-90.0,0.0,-89.897,0.24,-0.0,0.0,0.0,0.0,0.0,0.0,0.0,-90.0,-90.0,0.0,-89.901,0.239,-0.0,-89.99600000000001,-90.0,0.0,-89.899,0.2395,0.0,-0.8366854179129614,0.0,0.0,-0.41834270895573755,-0.10458567723917823,0.0,-0.0040000000000048885,0.0,0.0,-0.001999999999995339,-0.0005000000000000004,0.0,0.0481943,-0.0275396,-0.0137698,0.4406336,-0.0413094,-0.0,-0.002115262515236,-0.002410012209982,-0.005045421245358,0.0008795787545970001,-0.0017246642247000002,0.0017419108669470002,0.008999999999991916,2.3652169998058525,0.20468299999265582,0.10262800014970708,0.0
pd,00:03:10.439,699,-89.992,-90.0,-0.0,-89.896,0.24,-0.0,0.0,0.0,-0.0,0.3614221456286107,0.0,0.0,-90.0,-90.0,0.0,-89.901,0.239,-0.0,-89.99600000000001,-90.0,0.0,-89.93464221456286,0.2395,0.0,-0.7228442912533694,0.0,0.0,-6.9830760495414435,-0.09035553640672132,0.0,-0.0040000000000048885,0.0,0.0,-0.03864221456285577,-0.0005000000000000004,0.0,0.0481943,-0.0275396,-0.0137698,0.4406336,-0.0413094,-0.0,-0.002115262515236,-0.002410012209982,-0.005045421245358,0.0008795787545970001,-0.0017246642247000002,0.0017419108669470002,0.009486832980499002,1.7373529999531456,0.1739419999466918,0.13579500000560074,0.0
pd,00:03:10.441,700,-89.992,-90.0,-0.0,-89.896,0.24,-0.0,0.0,0.0,0.0,0.0,0.0,0.0,-90.0,-90.0,0.0,-89.901,0.239,-0.0,-89.99600000000001,-90.0,0.0,-89.8985,0.2395,0.0,-0.9409543466063209,0.0,0.0,-0.5880964666287416,-0.1176192933258554,0.0,-0.0040000000000048885,0.0,0.0,-0.0024999999999977263,-0.0005000000000000004,0.0,0.0481943,-0.0275396,-0.0137698,0.4406336,-0.0413094,-0.0,-0.002115262515236,-0.002410012209982,-0.005045421245358,0.0008795787545970001,-0.0017246642247000002,0.0017419108669470002,0.009486832980499002,1.730186000258982,0.26249699976688134,0.11644300002444652,0.0
pd,00:03:10.446,701,-89.992,-90.0,-0.0,-89.896,0.24,-0.0,0.0,0.0,0.0,0.0,0.0,0.0,-90.0,-90.0,0.0,-89.901,0.239,-0.0,-89.99600000000001,-90.0,0.0,-89.8985,0.2395,0.0,-0.4121963539872906,0.0,0.0,-0.2576227212419651,-0.05152454424843993,0.0,-0.0040000000000048885,0.0,0.0,-0.0024999999999977263,-0.0005000000000000004,0.0,0.0,0.0137698,0.0068849,-0.034424500000000004,-0.034424500000000004,-0.0206547,-0.0028954822954459997,-0.001837851037828,-0.0049934065933439995,0.0022248168498630004,-0.002276556776604,0.001569444444477,0.009486832980499002,3.9942749999681837,0.2544789999774366,0.43293999988236465,0.0
pd,00:03:10.450,702,-89.992,-90.0,-0.0,-89.896,0.24,-0.0,0.0,0.0,0.0,0.0,0.0,0.0,-90.0,-90.0,0.0,-89.901,0.239,-0.0,-89.99600000000001,-90.0,0.0,-89.8985,0.2395,0.0,-0.41562740920553687,0.0,0.0,-0.25976713075336827,-0.05195342615072095,0.0,-0.0040000000000048885,0.0,0.0,-0.0024999999999977263,-0.0005000000000000004,0.0,0.0,0.0137698,0.0068849,-0.034424500000000004,-0.034424500000000004,-0.0206547,-0.0028954822954459997,-0.001837851037828,-0.0049934065933439995,0.0022248168498630004,-0.002276556776604,0.001569444444477,0.009486832980499002,1.8906289997175918,0.37660699990738067,0.32562599972152384,0.0
pd,00:03:10.453,703,-89.992,-90.0,-0.0,-89.896,0.24,-0.0,0.0,0.0,0.0,0.0,0.0,0.0,-90.0,-90.0,0.0,-89.901,0.239,-0.0,-89.99600000000001,-90.0,0.0,-89.8985,0.2395,0.0,-0.722035462213406,0.0,0.0,-0.45127216388321845,-0.09025443277672585,0.0,-0.0040000000000048885,0.0,0.0,-0.0024999999999977263,-0.0005000000000000004,0.0,0.0,0.0137698,0.0068849,-0.034424500000000004,-0.034424500000000004,-0.0206547,-0.0028954822954459997,-0.001837851037828,-0.0049934065933439995,0.0022248168498630004,-0.002276556776604,0.001569444444477,0.009486832980499002,1.9397770001887693,0.31981099982658634,0.11553600006664055,0.0
pd,00:03:10.456,704,-89.992,-90.0,-0.0,-89.896,0.24,-0.0,0.0,0.0,0.0,0.0,0.0,0.0,-90.0,-90.0,0.0,-89.901,0.239,-0.0,-89.99600000000001,-90.0,0.0,-89.8985,0.2395,0.0,-0.8063643179847497,0.0,0.0,-0.5039776987402895,-0.10079553974814966,0.0,-0.0040000000000048885,0.0,0.0,-0.0024999999999977263,-0.0005000000000000004,0.0,0.0,0.0137698,0.0068849,-0.034424500000000004,-0.034424500000000004,-0.0206547,-0.0028954822954459997,-0.001837851037828,-0.0049934065933439995,0.0022248168498630004,-0.002276556776604,0.001569444444477,0.009486832980499002,2.1836260002601193,0.2213870002378826,0.10316599991710973,0.0
pd,00:03:10.458,705,-89.992,-90.0,0.0,-89.89,0.24,-0.0,0.0,0.0,0.0,2.3043516161524544,0.0,0.0,-90.0,-90.0,0.0,-89.901,0.239,-0.0,-89.99600000000001,-90.0,0.0,-90.12593516161525,0.2395,0.0,-0.7681172053836967,0.0,0.0,-45.30646424793798,-0.09601465067301537,0.0,-0.0040000000000048885,0.0,0.0,-0.2359351616152452,-0.0005000000000000004,0.0,0.0,0.0137698,0.0068849,-0.034424500000000004,-0.034424500000000004,-0.0206547,-0.0028954822954459997,-0.001837851037828,-0.0049934065933439995,0.0022248168498630004,-0.002276556776604,0.001569444444477,0.01363818169697977,1.684167999883357,0.16051700004027225,0.07211100000859005,0.0
pd,00:03:10.460,706,-89.992,-90.0,0.0,-89.89,0.24,-0.0,0.0,0.0,0.0,0.0,0.0,0.0,-90.0,-90.0,0.0,-89.901,0.239,-0.0,-89.99600000000001,-90.0,0.0,-89.8955,0.2395,0.0,-1.0048643986578043,0.0,0.0,-1.381688548154704,-0.12560804983229526,0.0,-0.0040000000000048885,0.0,0.0,-0.00549999999999784,-0.0005000000000000004,0.0,0.0,0.0137698,0.0068849,-0.034424500000000004,-0.034424500000000004,-0.0206547,-0.0028954822954459997,-0.001837851037828,-0.0049934065933439995,0.0022248168498630004,-0.002276556776604,0.001569444444477,0.01363818169697977,1.7569820001881453,0.25257200013584225,0.275959999726183,0.0
pd,00:03:10.463,707,-89.992,-90.0,0.0,-89.89,0.24,-0.0,0.0,0.0,0.0,0.0,0.0,0.0,-90.0,-90.0,0.0,-89.901,0.239,-0.0,-89.99600000000001,-90.0,0.0,-89.8955,0.2395,0.0,-0.8353523202544664,0.0,0.0,-1.1486094403500766,-0.10441904003186625,0.0,-0.0040000000000048885,0.0,0.0,-0.00549999999999784,-0.0005000000000000004,0.0,-0.0137698,-0.0137698,-0.0,-2.0241606,0.0137698,-0.0619641,-0.003710378510332,-0.0019245421245179999,-0.005790964590891999,0.002276556776604,-0.001983363858405,0.001500457875489,0.01363818169697977,3.5289649999867834,0.24957100004030508,0.1201839995701448,0.0
pd,00:03:10.467,708,-89.992,-90.0,0.0,-89.89,0.24,-0.0,0.0,0.0,0.0,0.0,0.0,0.0,-90.0,-90.0,0.0,-89.901,0.239,-0.0,-89.99600000000001,-90.0,0.0,-89.8955,0.2395,0.0,-0.499024866150824,0.0,0.0,-0.6861591909574938,-0.06237810826888762,0.0,-0.0040000000000048885,0.0,0.0,-0.00549999999999784,-0.0005000000000000004,0.0,-0.0137698,-0.0137698,-0.0,-2.0241606,0.0137698,-0.0619641,-0.003710378510332,-0.0019245421245179999,-0.005790964590891999,0.002276556776604,-0.001983363858405,0.001500457875489,0.01363818169697977,2.6818810001714155,0.19825700019282522,0.09418500030733412,0.0
pd,00:03:10.470,709,-89.992,-90.0,0.0,-89.89,0.24,-0.0,0.0,0.0,0.0,0.0,0.0,0.0,-90.0,-90.0,0.0,-89.901,0.239,-0.0,-89.99600000000001,-90.0,0.0,-89.8955,0.2395,0.0,-0.6533183800619432,0.0,0.0,-0.8983127725853169,-0.08166479750778824,0.0,-0.0040000000000048885,0.0,0.0,-0.00549999999999784,-0.0005000000000000004,0.0,-0.0137698,-0.0137698,-0.0,-2.0241606,0.0137698,-0.0619641,-0.003710378510332,-0.0019245421245179999,-0.005790964590891999,0.002276556776604,-0.001983363858405,0.001500457875489,0.01363818169697977,1.7415570000594016,0.2799789999698987,0.20008999990750453,0.0
pd,00:03:10.472,710,-89.992,-90.0,0.0,-89.89,0.24,-0.0,0.0,0.0,0.0,0.0,0.0,0.0,-90.0,-90.0,0.0,-89.901,0.239,-0.0,-89.99600000000001,-90.0,0.0,-89.8955,0.2395,0.0,-0.8581696163678109,0.0,0.0,-1.1799832225059304,-0.10727120204603591,0.0,-0.0040000000000048885,0.0,0.0,-0.00549999999999784,-0.0005000000000000004,0.0,-0.0137698,-0.0137698,-0.0,-2.0241606,0.0137698,-0.0619641,-0.003710378510332,-0.0019245421245179999,-0.005790964590891999,0.002276556776604,-0.001983363858405,0.001500457875489,0.01363818169697977,1.8577409996396455,0.22881299992150161,0.1009620000331779,0.0
pd,00:03:10.475,711,-89.992,-90.0,0.0,-89.89,0.24,-0.0,0.0,0.0,0.0,0.0,0.0,0.0,-90.0,-90.0,0.0,-89.901,0.239,-0.0,-89.99600000000001,-90.0,0.0,-89.8955,0.2395,0.0,-0.6027164822528632,0.0,0.0,-0.8287351630978208,-0.07533956028164973,0.0,-0.0040000000000048885,0.0,0.0,-0.00549999999999784,-0.0005000000000000004,0.0,-0.0137698,-0.0137698,-0.0,-2.0241606,0.0137698,-0.0619641,-0.003710378510332,-0.0019245421245179999,-0.005790964590891999,0.002276556776604,-0.001983363858405,0.001500457875489,0.01363818169697977,2.0200349999868195,0.22929499982637935,0.08349899962922791,0.0
pd,00:03:10.478,712,-89.992,-90.0,0.0,-89.89,0.24,-0.0,0.0,0.0,0.0,0.0,0.0,0.0,-90.0,-90.0,0.0,-89.901,0.239,-0.0,-89.99600000000001,-90.0,0.0,-89.8955,0.2395,0.0,-0.8213657103686821,0.0,0.0,-1.1293778517571202,-0.10267071379614226,0.0,-0.0040000000000048885,0.0,0.0,-0.00549999999999784,-0.0005000000000000004,0.0,-0.0137698,-0.0137698,-0.0,-2.0241606,0.0137698,-0.0619641,-0.003710378510332,-0.0019245421245179999,-0.005790964590891999,0.002276556776604,-0.001983363858405,0.001500457875489,0.01363818169697977,1.7353529997308215,0.16079499982879497,0.06864799979666714,0.0
pd,00:03:10.480,713,-89.992,-90.0,0.0,-89.89,0.24,-0.0,0.0,0.0,0.0,0.0,0.0,0.0,-90.0,-90.0,0.0,-89.901,0.239,-0.0,-89.99600000000001,-90.0,0.0,-89.8955,0.2395,0.0,-0.9808942937319166,0.0,0.0,-1.3487296538816032,-0.12261178671655763,0.0,-0.0040000000000048885,0.0,0.0,-0.00549999999999784,-0.0005000000000000004,0.0,-0.0137698,-0.0137698,-0.0,-2.0241606,0.0137698,-0.0619641,-0.003710378510332,-0.0019245421245179999,-0.005790964590891999,0.002276556776604,-0.001983363858405,0.001500457875489,0.01363818169697977,2.6820289999704983,0.24007199999687145,0.14623900005972246,0.0
pd,00:03:10.483,714,-89.992,-90.0,0.0,-89.89,0.24,-0.0,0.0,0.0,0.0,0.0,0.0,0.0,-90.0,-90.0,0.0,-89.901,0.239,-0.0,-89.99600000000001,-90.0,0.0,-89.8955,0.2395,0.0,-0.6291141442924367,0.0,0.0,-0.8650319484022402,-0.07863926803659824,0.0,-0.0040000000000048885,0.0,0.0,-0.00549999999999784,-0.0005000000000000004,0.0,0.034424500000000004,-0.0068849,-0.0275396,0.13769800000000001,-0.0413094,0.0068849,-0.00468131868126,-0.002219291819264,-0.004750671550612,0.002104090354134,-0.0022248168498630004,0.001431471306501,0.01363818169697977,3.6804450001000077,0.7430850000673672,0.11581400030991063,0.0
pd,00:03:10.488,715,-89.992,-90.0,0.0,-89.89,0.24,-0.0,0.0,0.0,0.0,0.0,0.0,0.0,-90.0,-90.0,0.0,-89.901,0.239,-0.0,-89.99600000000001,-90.0,0.0,-89.8955,0.2395,0.0,-0.41940942952829113,0.0,0.0,-0.5766879656014934,-0.05242617869106549,0.0,-0.0040000000000048885,0.0,0.0,-0.00549999999999784,-0.0005000000000000004,0.0,0.034424500000000004,-0.0068849,-0.0275396,0.13769800000000001,-0.0413094,0.0068849,-0.00468131868126,-0.002219291819264,-0.004750671550612,0.002104090354134,-0.0022248168498630004,0.001431471306501,0.01363818169697977,1.791962999959651,0.2012199997807329,0.08722100028535351,0.0
pd,00:03:10.490,716,-89.992,-90.0,0.0,-89.89,0.24,-0.0,0.0,0.0,0.0,0.0,0.0,0.0,-90.0,-90.0,0.0,-89.901,0.239,-0.0,-89.99600000000001,-90.0,0.0,-89.8955,0.2395,0.0,-0.9231438318471828,0.0,0.0,-1.2693227687900814,-0.11539297898096192,0.0,-0.0040000000000048885,0.0,0.0,-0.00549999999999784,-0.0005000000000000004,0.0,0.034424500000000004,-0.0068849,-0.0275396,0.13769800000000001,-0.0413094,0.0068849,-0.00468131868126,-0.002219291819264,-0.004750671550612,0.002104090354134,-0.0022248168498630004,0.001431471306501,0.01363818169697977,1.8198519996985851,0.2403869998488517,0.11399899995012674,0.0
pd,00:03:10.492,717,-89.992,-90.0,0.0,-89.89,0.24,-0.0,0.0,0.0,0.0,0.0,0.0,0.0,-90.0,-90.0,0.0,-89.901,0.239,-0.0,-89.99600000000001,-90.0,0.0,-89.8955,0.2395,0.0,-0.878296304051445,0.0,0.0,-1.2076574180709319,-0.10978703800649156,0.0,-0.0040000000000048885,0.0,0.0,-0.00549999999999784,-0.0005000000000000004,0.0,0.034424500000000004,-0.0068849,-0.0275396,0.13769800000000001,-0.0413094,0.0068849,-0.00468131868126,-0.002219291819264,-0.004750671550612,0.002104090354134,-0.0022248168498630004,0.001431471306501,0.01363818169697977,1.734518999910506,0.16296200010401662,0.06994400018811575,0.0
pd,00:03:10.494,718,-89.992,-90.0,0.0,-89.89,0.24,-0.0,0.0,0.0,0.0,0.0,0.0,0.0,-90.0,-90.0,0.0,-89.901,0.239,-0.0,-89.99600000000001,-90.0,0.0,-89.8955,0.2395,0.0,-0.980206590324299,0.0,0.0,-1.3477840616961287,-0.12252582379060539,0.0,-0.0040000000000048885,0.0,0.0,-0.00549999999999784,-0.0005000000000000004,0.0,0.034424500000000004,-0.0068849,-0.0275396,0.13769800000000001,-0.0413094,0.0068849,-0.00468131868126,-0.002219291819264,-0.004750671550612,0.002104090354134,-0.0022248168498630004,0.001431471306501,0.01363818169697977,1.7189459999826795,0.16633099994578515,0.07172200002969475,0.0
pd,00:03:10.496,719,-89.992,-90.0,0.0,-89.89,0.24,-0.0,0.0,0.0,0.0,0.0,0.0,0.0,-90.0,-90.0,0.0,-89.901,0.239,-0.0,-89.99600000000001,-90.0,0.0,-89.8955,0.2395,0.0,-0.983654784239605,0.0,0.0,-1.3525253283296752,-0.12295684803001887,0.0,-0.0040000000000048885,0.0,0.0,-0.00549999999999784,-0.0005000000000000004,0.0,0.034424500000000004,-0.0068849,-0.0275396,0.13769800000000001,-0.0413094,0.0068849,-0.00468131868126,-0.002219291819264,-0.004750671550612,0.002104090354134,-0.0022248168498630004,0.001431471306501,0.01363818169697977,1.7205199997079035,0.1629799999136594,0.07253600006151828,0.0
pd,00:03:10.498,720,-89.992,-90.0,0.0,-89.924,0.24,-0.0,0.0,0.0,0.0,-16.75159591213735,0.0,0.0,-90.0,-90.0,0.0,-89.901,0.239,-0.0,-89.99600000000001,-90.0,0.0,-88.23734040878627,0.2395,0.0,-0.9853879948308881,0.0,0.0,415.50352813732854,-0.12317349935392939,0.0,-0.0040000000000048885,0.0,0.0,1.6866595912137399,-0.0005000000000000004,0.0,0.034424500000000004,-0.0068849,-0.0275396,0.13769800000000001,-0.0413094,0.0068849,-0.00468131868126,-0.002219291819264,-0.004750671550612,0.002104090354134,-0.0022248168498630004,0.001431471306501,0.02437211521391619,1.7093159999603813,0.13738699999521486,0.056461999974999344,0.0
pd,00:03:10.501,721,-89.992,-90.0,0.0,-89.924,0.24,-0.0,0.0,0.0,0.0,0.0,0.0,0.0,-90.0,-90.0,0.0,-89.901,0.239,-0.0,-89.99600000000001,-90.0,0.0,-89.9125,0.2395,0.0,-0.6524037953021739,0.0,0.0,1.8756609114956329,-0.081550474412817,0.0,-0.0040000000000048885,0.0,0.0,0.011500000000012278,-0.0005000000000000004,0.0,0.034424500000000004,-0.0068849,-0.0275396,0.13769800000000001,-0.0413094,0.0068849,-0.00468131868126,-0.002219291819264,-0.004750671550612,0.002104090354134,-0.0022248168498630004,0.001431471306501,0.02437211521391619,1.9148700002915575,0.2771819999907166,0.3161820000059379,0.0
pd,00:03:10.504,722,-89.992,-90.0,0.0,-89.924,0.24,-0.0,0.0,0.0,0.0,0.0,0.0,0.0,-90.0,-90.0,0.0,-89.901,0.239,-0.0,-89.99600000000001,-90.0,0.0,-89.9125,0.2395,0.0,-0.6980036611745175,0.0,0.0,2.0067605258787524,-0.08725045764686312,0.0,-0.0040000000000048885,0.0,0.0,0.011500000000012278,-0.0005000000000000004,0.0,0.0068849,0.0068849,-0.0068849,-0.0137698,0.0206547,-0.0137698,-0.00468131868126,-0.000988278388266,-0.005097435897372,0.002655982906038,-0.002449023199074,0.0018971306471700002,0.02437211521391619,4.81100700017123,0.332238000282814,0.14231400018616114,0.0
pd,00:03:10.510,723,-89.992,-90.0,0.0,-89.924,0.24,-0.0,0.0,0.0,0.0,0.0,0.0,0.0,-90.0,-90.0,0.0,-89.901,0.239,-0.0,-89.99600000000001,-90.0,0.0,-89.9125,0.2395,0.0,-0.3672288228339251,0.0,0.0,1.0557828656485946,-0.04590360285426612,0.0,-0.0040000000000048885,0.0,0.0,0.011500000000012278,-0.0005000000000000004,0.0,0.0068849,0.0068849,-0.0068849,-0.0137698,0.0206547,-0.0137698,-0.00468131868126,-0.000988278388266,-0.005097435897372,0.002655982906038,-0.002449023199074,0.0018971306471700002,0.02437211521391619,1.8794820002767665,0.20814600020457874,0.083980999988853,0.0
pd,00:03:10.512,724,-89.992,-90.0,0.0,-89.924,0.24,-0.0,0.0,0.0,0.0,0.0,0.0,0.0,-90.0,-90.0,0.0,-89.901,0.239,-0.0,-89.99600000000001,-90.0,0.0,-89.9125,0.2395,0.0,-0.8859022072019591,0.0,0.0,2.54696884570819,-0.11073777590030637,0.0,-0.0040000000000048885,0.0,0.0,0.011500000000012278,-0.0005000000000000004,0.0,0.0068849,0.0068849,-0.0068849,-0.0137698,0.0206547,-0.0137698,-0.00468131868126,-0.000988278388266,-0.005097435897372,0.002655982906038,-0.002449023199074,0.0018971306471700002,0.02437211521391619,1.8715920000431652,0.20690499968623044,0.09712800010674982,0.0
pd,00:03:10.514,725,-89.992,-90.0,0.0,-89.924,0.24,-0.0,0.0,0.0,0.0,0.0,0.0,0.0,-90.0,-90.0,0.0,-89.901,0.239,-0.0,-89.99600000000001,-90.0,0.0,-89.9125,0.2395,0.0,-0.8822684055527293,0.0,0.0,2.5365216659666436,-0.1102835506941524,0.0,-0.0040000000000048885,0.0,0.0,0.011500000000012278,-0.0005000000000000004,0.0,0.0068849,0.0068849,-0.0068849,-0.0137698,0.0206547,-0.0137698,-0.00468131868126,-0.000988278388266,-0.005097435897372,0.002655982906038,-0.002449023199074,0.0018971306471700002,0.02437211521391619,1.7668890000095416,0.17194200017911498,0.07503599999836297,0.0
pd,00:03:10.516,726,-89.992,-90.0,0.0,-89.924,0.24,-0.0,0.0,0.0,0.0,0.0,0.0,0.0,-90.0,-90.0,0.0,-89.901,0.239,-0.0,-89.99600000000001,-90.0,0.0,-89.9125,0.2395,0.0,-0.9295886524817543,0.0,0.0,2.672567375887727,-0.11619858156028379,0.0,-0.0040000000000048885,0.0,0.0,0.011500000000012278,-0.0005000000000000004,0.0,0.0068849,0.0068849,-0.0068849,-0.0137698,0.0206547,-0.0137698,-0.00468131868126,-0.000988278388266,-0.005097435897372,0.002655982906038,-0.002449023199074,0.0018971306471700002,0.02437211521391619,1.755576000050496,0.15990600013537914,0.08423999997830833,0.0
pd,00:03:10.518,727,-89.993,-90.0,0.0,-89.929,0.24,-0.0,-0.4815504018324251,0.0,0.0,-2.407752009182655,0.0,0.0,-90.0,-90.0,0.0,-89.901,0.239,-0.0,-89.94834495981675,-90.0,0.0,-89.67422479908173,0.2395,0.0,10.751826272142614,0.0,0.0,61.34355019014334,-0.12038760045924236,0.0,0.044655040183243955,0.0,0.0,0.25477520091827444,-0.0005000000000000004,0.0,0.0068849,0.0068849,-0.0068849,-0.0137698,0.0206547,-0.0137698,-0.00468131868126,-0.000988278388266,-0.005097435897372,0.002655982906038,-0.002449023199074,0.0018971306471700002,0.028879058156394136,1.7172240000036254,0.14349899993248982,0.059499000144569436,0.0
pd,00:03:10.520,728,-89.993,-90.0,0.0,-89.929,0.24,-0.0,0.0,0.0,0.0,0.0,0.0,0.0,-90.0,-90.0,0.0,-89.901,0.239,-0.0,-89.9965,-90.0,0.0,-89.91499999999999,0.2395,0.0,-0.8808390735635719,0.0,0.0,3.5233562942525,-0.12583415336613477,0.0,-0.003500000000002501,0.0,0.0,0.014000000000010004,-0.0005000000000000004,0.0,0.0068849,0.0068849,-0.0068849,-0.0137698,0.0206547,-0.0137698,-0.00468131868126,-0.000988278388266,-0.005097435897372,0.002655982906038,-0.002449023199074,0.0018971306471700002,0.028879058156394136,2.0647020000978955,0.1926280001498526,0.09059099966179929,0.0
pd,00:03:10.523,729,-89.993,-90.0,0.0,-89.929,0.24,-0.0,0.0,0.0,0.0,0.0,0.0,0.0,-90.0,-90.0,0.0,-89.901,0.239,-0.0,-89.9965,-90.0,0.0,-89.91499999999999,0.2395,0.0,-0.7191879286699241,0.0,0.0,2.876751714678236,-0.10274113266705868,0.0,-0.003500000000002501,0.0,0.0,0.014000000000010004,-0.0005000000000000004,0.0,-0.0275396,0.0206547,-0.0413094,0.0137698,-0.0206547,0.0068849,-0.005600244200174,-0.001872527472504,-0.004750671550612,0.001448717948748,-0.0016901709402060002,0.0017419108669470002,0.028879058156394136,3.303059999780089,0.37351499986471026,0.09838799996941816,0.0
pd,00:03:10.527,730,-89.993,-90.0,0.0,-89.929,0.24,-0.0,0.0,0.0,0.0,0.0,0.0,0.0,-90.0,-90.0,0.0,-89.901,0.239,-0.0,-89.9965,-90.0,0.0,-89.91499999999999,0.2395,0.0,-0.45252971639983014,0.0,0.0,1.810118865598402,-0.06464710234278674,0.0,-0.003500000000002501,0.0,0.0,0.014000000000010004,-0.0005000000000000004,0.0,-0.0275396,0.0206547,-0.0413094,0.0137698,-0.0206547,0.0068849,-0.005600244200174,-0.001872527472504,-0.004750671550612,0.001448717948748,-0.0016901709402060002,0.0017419108669470002,0.028879058156394136,2.626954999868758,0.2464420003889245,0.11883200022566598,0.0
pd,00:03:10.531,731,-89.993,-90.0,0.0,-89.929,0.24,-0.0,0.0,0.0,0.0,0.0,0.0,0.0,-90.0,-90.0,0.0,-89.901,0.239,-0.0,-89.9965,-90.0,0.0,-89.91499999999999,0.2395,0.0,-0.3919910280376633,0.0,0.0,1.5679641121498573,-0.05599871829105479,0.0,-0.003500000000002501,0.0,0.0,0.014000000000010004,-0.0005000000000000004,0.0,-0.0275396,0.0206547,-0.0413094,0.0137698,-0.0206547,0.0068849,-0.005600244200174,-0.001872527472504,-0.004750671550612,0.001448717948748,-0.0016901709402060002,0.0017419108669470002,0.028879058156394136,2.00968399985868,0.237682999795652,0.09055500004251371,0.0
pd,00:03:10.534,732,-89.993,-90.0,0.0,-89.929,0.24,-0.0,0.0,0.0,0.0,0.0,0.0,0.0,-90.0,-90.0,0.0,-89.901,0.239,-0.0,-89.9965,-90.0,0.0,-89.91499999999999,0.2395,0.0,-0.7168000000005122,0.0,0.0,2.8672000000005937,-0.10240000000000009,0.0,-0.003500000000002501,0.0,0.0,0.014000000000010004,-0.0005000000000000004,0.0,-0.0275396,0.0206547,-0.0413094,0.0137698,-0.0206547,0.0068849,-0.005600244200174,-0.001872527472504,-0.004750671550612,0.001448717948748,-0.0016901709402060002,0.0017419108669470002,0.028879058156394136,2.3183470002550166,0.318442000207142,0.11962899998252396,0.0
pd,00:03:10.537,733,-89.993,-90.0,0.0,-89.929,0.24,-0.0,0.0,0.0,0.0,0.0,0.0,0.0,-90.0,-90.0,0.0,-89.901,0.239,-0.0,-89.9965,-90.0,0.0,-89.91499999999999,0.2395,0.0,-0.6090302024564591,0.0,0.0,2.4361208098246,-0.08700431463657492,0.0,-0.003500000000002501,0.0,0.0,0.014000000000010004,-0.0005000000000000004,0.0,-0.0275396,0.0206547,-0.0413094,0.0137698,-0.0206547,0.0068849,-0.005600244200174,-0.001872527472504,-0.004750671550612,0.001448717948748,-0.0016901709402060002,0.0017419108669470002,0.028879058156394136,1.8860370000766125,0.25510900013614446,0.11648000008790405,0.0
pd,00:03:10.539,734,-89.993,-90.0,-0.0,-89.928,0.24,-0.0,0.0,0.0,-0.0,0.42328226864668755,0.0,0.0,-90.0,-90.0,0.0,-89.901,0.239,-0.0,-89.9965,-90.0,0.0,-89.95682822686467,0.2395,0.0,-0.7407439701286956,0.0,0.0,-6.101238634139947,-0.10582056716116671,0.0,-0.003500000000002501,0.0,0.0,-0.028828226864675344,-0.0005000000000000004,0.0,-0.0275396,0.0206547,-0.0413094,0.0137698,-0.0206547,0.0068849,-0.005600244200174,-0.001872527472504,-0.004750671550612,0.001448717948748,-0.0016901709402060002,0.0017419108669470002,0.02791057147390797,1.7997220002143877,0.15253600031428505,0.0656849997540121,0.0
pd,00:03:10.541,735,-89.993,-90.0,-0.0,-89.928,0.24,-0.0,0.0,0.0,0.0,0.0,0.0,0.0,-90.0,-90.0,0.0,-89.901,0.239,-0.0,-89.9965,-90.0,0.0,-89.9145,0.2395,0.0,-0.8374252139195945,0.0,0.0,3.230068682259107,-0.11963217341699954,0.0,-0.003500000000002501,0.0,0.0,0.013499999999993406,-0.0005000000000000004,0.0,-0.0275396,0.0206547,-0.0413094,0.0137698,-0.0206547,0.0068849,-0.005600244200174,-0.001872527472504,-0.004750671550612,0.001448717948748,-0.0016901709402060002,0.0017419108669470002,0.02791057147390797,1.8047040002784343,0.20079400019312743,0.0845909999043215,0.0
pd,00:03:10.543,736,-89.993,-90.0,-0.0,-89.928,0.24,-0.0,0.0,0.0,0.0,0.0,0.0,0.0,-90.0,-90.0,0.0,-89.901,0.239,-0.0,-89.9965,-90.0,0.0,-89.9145,0.2395,0.0,-0.8047398311594393,0.0,0.0,3.1039964916128793,-0.11496283302269499,0.0,-0.003500000000002501,0.0,0.0,0.013499999999993406,-0.0005000000000000004,0.0,0.0206547,0.0481943,0.034424500000000004,3.8761987,0.0137698,0.0275396,-0.006779242979158,-0.001335042735026,-0.006103052502976,-0.002655982906038,-0.0022248168498630004,0.001345238095266,0.02791057147390797,3.9676639999015606,0.4816430000573746,0.12525800002549659,0.0
pd,00:03:10.548,737,-89.993,-90.0,-0.0,-89.928,0.24,-0.0,0.0,0.0,0.0,0.0,0.0,0.0,-90.0,-90.0,0.0,-89.901,0.239,-0.0,-89.9965,-90.0,0.0,-89.9145,0.2395,0.0,-0.3670750150032629,0.0,0.0,1.4158607721544845,-0.05243928785757156,0.0,-0.003500000000002501,0.0,0.0,0.013499999999993406,-0.0005000000000000004,0.0,0.0206547,0.0481943,0.034424500000000004,3.8761987,0.0137698,0.0275396,-0.006779242979158,-0.001335042735026,-0.006103052502976,-0.002655982906038,-0.0022248168498630004,0.001345238095266,0.02791057147390797,1.8722029999480583,0.19405400007599383,0.08777699986239895,0.0
pd,00:03:10.550,738,-89.993,-90.0,-0.0,-89.928,0.24,-0.0,0.0,0.0,0.0,0.0,0.0,0.0,-90.0,-90.0,0.0,-89.901,0.239,-0.0,-89.9965,-90.0,0.0,-89.9145,0.2395,0.0,-0.7820191774989607,0.0,0.0,3.0163596846368073,-0.11171702535691465,0.0,-0.003500000000002501,0.0,0.0,0.013499999999993406,-0.0005000000000000004,0.0,0.0206547,0.0481943,0.034424500000000004,3.8761987,0.0137698,0.0275396,-0.006779242979158,-0.001335042735026,-0.006103052502976,-0.002655982906038,-0.0022248168498630004,0.001345238095266,0.02791057147390797,1.7585380001037265,0.14801699990130146,0.06011000004946254,0.0
pd,00:03:10.552,739,-89.993,-90.0,-0.0,-89.928,0.24,-0.0,0.0,0.0,0.0,0.0,0.0,0.0,-90.0,-90.0,0.0,-89.901,0.239,-0.0,-89.9965,-90.0,0.0,-89.9145,0.2395,0.0,-0.8607988741650341,0.0,0.0,3.3202242289200274,-0.12297126773777424,0.0,-0.003500000000002501,0.0,0.0,0.013499999999993406,-0.0005000000000000004,0.0,0.0206547,0.0481943,0.034424500000000004,3.8761987,0.0137698,0.0275396,-0.006779242979158,-0.001335042735026,-0.006103052502976,-0.002655982906038,-0.0022248168498630004,0.001345238095266,0.02791057147390797,1.7154279998976563,0.15529499978583772,0.06857300013507484,0.0
pd,00:03:10.554,740,-89.993,-90.0,-0.0,-89.928,0.24,-0.0,0.0,0.0,0.0,0.0,0.0,0.0,-90.0,-90.0,0.0,-89.901,0.239,-0.0,-89.9965,-90.0,0.0,-89.9145,0.2395,0.0,-0.8704971537008118,0.0,0.0,3.357631878558002,-0.12435673624288436,0.0,-0.003500000000002501,0.0,0.0,0.013499999999993406,-0.0005000000000000004,0.0,0.0206547,0.0481943,0.034424500000000004,3.8761987,0.0137698,0.0275396,-0.006779242979158,-0.001335042735026,-0.006103052502976,-0.002655982906038,-0.0022248168498630004,0.001345238095266,0.02791057147390797,1.9745539998439199,0.19696100025612395,0.09170300018013222,0.0
pd,00:03:10.558,741,-89.993,-90.0,-0.0,-89.928,0.24,-0.0,0.0,0.0,0.0,0.0,0.0,0.0,-90.0,-90.0,0.0,-89.901,0.239,-0.0,-89.9965,-90.0,0.0,-89.9145,0.2395,0.0,-0.529851440121652,0.0,0.0,2.043712697610703,-0.0756930628744677,0.0,-0.003500000000002501,0.0,0.0,0.013499999999993406,-0.0005000000000000004,0.0,0.0206547,0.0481943,0.034424500000000004,3.8761987,0.0137698,0.0275396,-0.006779242979158,-0.001335042735026,-0.006103052502976,-0.002655982906038,-0.0022248168498630004,0.001345238095266,0.02791057147390797,1.913518000037584,0.24042399991230923,0.09683300004326156,0.0
pd,00:03:10.560,742,-89.993,-90.0,-0.0,-89.928,0.24,-0.0,0.0,0.0,0.0,0.0,0.0,0.0,-90.0,-90.0,0.0,-89.901,0.239,-0.0,-89.9965,-90.0,0.0,-89.9145,0.2395,0.0,-0.6768749538920367,0.0,0.0,2.610803393581803,-0.09669642198450765,0.0,-0.003500000000002501,0.0,0.0,0.013499999999993406,-0.0005000000000000004,0.0,0.0206547,0.0481943,0.034424500000000004,3.8761987,0.0137698,0.0275396,-0.006779242979158,-0.001335042735026,-0.006103052502976,-0.002655982906038,-0.0022248168498630004,0.001345238095266,0.02791057147390797,2.246385000034934,0.25436799978706404,0.11785099968619761,0.0
pd,00:03:10.563,743,-89.993,-90.0,-0.0,-89.928,0.24,-0.0,0.0,0.0,0.0,0.0,0.0,0.0,-90.0,-90.0,0.0,-89.901,0.239,-0.0,-89.9965,-90.0,0.0,-89.9145,0.2395,0.0,-0.6398214783826051,0.0,0.0,2.467882845188378,-0.09140306834030691,0.0,-0.003500000000002501,0.0,0.0,0.013499999999993406,-0.0005000000000000004,0.0,0.0137698,0.0068849,0.0206547,-0.3648997,0.034424500000000004,-0.0137698,-0.005444200244132,-0.002184615384588,-0.004750671550612,0.001431471306501,-0.00241452991458,0.001431471306501,0.02791057147390797,3.8400169996748446,0.9089720001611568,0.2560349998930178,0.0
pd,00:03:10.568,744,-89.993,-90.0,-0.0,-89.928,0.24,-0.0,0.0,0.0,0.0,0.0,0.0,0.0,-90.0,-90.0,0.0,-89.901,0.239,-0.0,-89.9965,-90.0,0.0,-89.9145,0.2395,0.0,-0.33292656597293263,0.0,0.0,1.2841453258947282,-0.047560937996099284,0.0,-0.003500000000002501,0.0,0.0,0.013499999999993406,-0.0005000000000000004,0.0,0.0137698,0.0068849,0.0206547,-0.3648997,0.034424500000000004,-0.0137698,-0.005444200244132,-0.002184615384588,-0.004750671550612,0.001431471306501,-0.00241452991458,0.001431471306501,0.02791057147390797,1.849981999839656,0.20068399999217945,0.08449899996776367,0.0
pd,00:03:10.570,745,-89.993,-90.0,-0.0,-89.928,0.24,-0.0,0.0,0.0,0.0,0.0,0.0,0.0,-90.0,-90.0,0.0,-89.901,0.239,-0.0,-89.9965,-90.0,0.0,-89.9145,0.2395,0.0,-0.7890810578375882,0.0,0.0,3.0435983659429233,-0.11272586540528928,0.0,-0.003500000000002501,0.0,0.0,0.013499999999993406,-0.0005000000000000004,0.0,0.0137698,0.0068849,0.0206547,-0.3648997,0.034424500000000004,-0.0137698,-0.005444200244132,-0.002184615384588,-0.004750671550612,0.001431471306501,-0.00241452991458,0.001431471306501,0.02791057147390797,1.7139459996542428,0.14044299996385234,0.060350999774527736,0.0
pd,00:03:10.572,746,-89.993,-90.0,-0.0,-89.928,0.24,-0.0,0.0,0.0,0.0,0.0,0.0,0.0,-90.0,-90.0,0.0,-89.901,0.239,-0.0,-89.9965,-90.0,0.0,-89.9145,0.2395,0.0,-0.8831707375773367,0.0,0.0,3.4065157020817076,-0.12616724822524378,0.0,-0.003500000000002501,0.0,0.0,0.013499999999993406,-0.0005000000000000004,0.0,0.0137698,0.0068849,0.0206547,-0.3648997,0.034424500000000004,-0.0137698,-0.005444200244132,-0.002184615384588,-0.004750671550612,0.001431471306501,-0.00241452991458,0.001431471306501,0.02791057147390797,1.723185999708221,0.15259200017680996,0.0677769999128941,0.0
pd,00:03:10.574,747,-89.993,-90.0,-0.0,-89.928,0.24,-0.0,0.0,0.0,0.0,0.0,0.0,0.0,-90.0,-90.0,0.0,-89.901,0.239,-0.0,-89.9965,-90.0,0.0,-89.9145,0.2395,0.0,-0.8695690084119471,0.0,0.0,3.354051889586669,-0.12422414405876092,0.0,-0.003500000000002501,0.0,0.0,0.013499999999993406,-0.0005000000000000004,0.0,0.0137698,0.0068849,0.0206547,-0.3648997,0.034424500000000004,-0.0137698,-0.005444200244132,-0.002184615384588,-0.004750671550612,0.001431471306501,-0.00241452991458,0.001431471306501,0.02791057147390797,1.6853350002747902,0.15909100011413102,0.06988800032559084,0.0
pd,00:03:10.576,748,-89.993,-90.0,-0.0,-89.928,0.24,-0.0,0.0,0.0,0.0,0.0,0.0,0.0,-90.0,-90.0,0.0,-89.901,0.239,-0.0,-89.9965,-90.0,0.0,-89.9145,0.2395,0.0,-0.881367915466528,0.0,0.0,3.3995619596543074,-0.12590970220941414,0.0,-0.003500000000002501,0.0,0.0,0.013499999999993406,-0.0005000000000000004,0.0,0.0137698,0.0068849,0.0206547,-0.3648997,0.034424500000000004,-0.0137698,-0.005444200244132,-0.002184615384588,-0.004750671550612,0.001431471306501,-0.00241452991458,0.001431471306501,0.02791057147390797,1.782019000074797,0.14201700014382368,0.062092000007396564,0.0
pd,00:03:10.578,749,-89.993,-90.0,-0.0,-89.928,0.24,-0.0,0.0,0.0,0.0,0.0,0.0,0.0,-90.0,-90.0,0.0,-89.901,0.239,-0.0,-89.9965,-90.0,0.0,-89.9145,0.2395,0.0,-0.85309530451014,0.0,0.0,3.2905104602511708,-0.12187075778707589,0.0,-0.003500000000002501,0.0,0.0,0.013499999999993406,-0.0005000000000000004,0.0,0.0137698,0.0068849,0.0206547,-0.3648997,0.034424500000000004,-0.0137698,-0.005444200244132,-0.002184615384588,-0.004750671550612,0.001431471306501,-0.00241452991458,0.001431471306501,0.02791057147390797,1.7336309997517674,0.15464599982806249,0.06859200038888957,0.0
pd,00:03:10.580,750,-89.993,-90.0,0.0,-89.888,0.24,-0.0,0.0,0.0,0.0,19.74022355570851,0.0,0.0,-90.0,-90.0,0.0,-89.901,0.239,-0.0,-89.9965,-90.0,0.0,-91.86852235557085,0.2395,0.0,-0.8636347805630362,0.0,0.0,-488.6994257006839,-0.12337639722320284,0.0,-0.003500000000002501,0.0,0.0,-1.9805223555708409,-0.0005000000000000004,0.0,0.0137698,0.0068849,0.0206547,-0.3648997,0.034424500000000004,-0.0137698,-0.005444200244132,-0.002184615384588,-0.004750671550612,0.001431471306501,-0.00241452991458,0.001431471306501,0.014798648586943219,1.9897019997188181,0.19453499999144697,0.0887950000105775,0.0
pd,00:03:10.585,751,-89.993,-90.0,0.0,-89.888,0.24,-0.0,0.0,0.0,0.0,0.0,0.0,0.0,-90.0,-90.0,0.0,-89.901,0.239,-0.0,-89.9965,-90.0,0.0,-89.8945,0.2395,0.0,-0.4440162119657156,0.0,0.0,-0.8246015365065986,-0.06343088742362839,0.0,-0.003500000000002501,0.0,0.0,-0.006499999999988404,-0.0005000000000000004,0.0,0.0481943,0.0068849,0.0275396,-0.48882790000000004,-0.0,0.0275396,-0.005912332112258,-0.002184615384588,-0.005600244200174,-0.000500152625163,-0.002190323565369,0.0016556776557120003,0.014798648586943219,3.5126870002386568,0.8471030000691826,0.1372579999951995,0.0
pd,00:03:10.589,752,-89.993,-90.0,0.0,-89.888,0.24,-0.0,0.0,0.0,0.0,0.0,0.0,0.0,-90.0,-90.0,0.0,-89.901,0.239,-0.0,-89.9965,-90.0,0.0,-89.8945,0.2395,0.0,-0.3482979975327534,0.0,0.0,-0.6468391382742044,-0.04975685679035783,0.0,-0.003500000000002501,0.0,0.0,-0.006499999999988404,-0.0005000000000000004,0.0,0.0481943,0.0068849,0.0275396,-0.48882790000000004,-0.0,0.0275396,-0.005912332112258,-0.002184615384588,-0.005600244200174,-0.000500152625163,-0.002190323565369,0.0016556776557120003,0.014798648586943219,1.8999070002791996,0.24701600023036008,0.11333200018270873,0.0
pd,00:03:10.592,753,-89.993,-90.0,0.0,-89.888,0.24,-0.0,0.0,0.0,0.0,0.0,0.0,0.0,-90.0,-90.0,0.0,-89.901,0.239,-0.0,-89.9965,-90.0,0.0,-89.8945,0.2395,0.0,-0.7391030107748712,0.0,0.0,-1.3726198771514029,-0.1055861443963348,0.0,-0.003500000000002501,0.0,0.0,-0.006499999999988404,-0.0005000000000000004,0.0,0.0481943,0.0068849,0.0275396,-0.48882790000000004,-0.0,0.0275396,-0.005912332112258,-0.002184615384588,-0.005600244200174,-0.000500152625163,-0.002190323565369,0.0016556776557120003,0.014798648586943219,1.7944449996321055,0.16570200023124926,0.07166600016716984,0.0
pd,00:03:10.594,754,-89.993,-90.0,0.0,-89.888,0.24,-0.0,0.0,0.0,0.0,0.0,0.0,0.0,-90.0,-90.0,0.0,-89.901,0.239,-0.0,-89.9965,-90.0,0.0,-89.8945,0.2395,0.0,-0.8318259292843659,0.0,0.0,-1.5448195829545084,-0.11883227561196746,0.0,-0.003500000000002501,0.0,0.0,-0.006499999999988404,-0.0005000000000000004,0.0,0.0481943,0.0068849,0.0275396,-0.48882790000000004,-0.0,0.0275396,-0.005912332112258,-0.002184615384588,-0.005600244200174,-0.000500152625163,-0.002190323565369,0.0016556776557120003,0.014798648586943219,1.720871000088664,0.16697899991413578,0.07681400029468932,0.0
pd,00:03:10.596,755,-89.993,-90.0,0.0,-89.888,0.24,-0.0,0.0,0.0,0.0,0.0,0.0,0.0,-90.0,-90.0,0.0,-89.901,0.239,-0.0,-89.9965,-90.0,0.0,-89.8945,0.2395,0.0,-0.8584832748544147,0.0,0.0,-1.5943260818702436,-0.12264046783625741,0.0,-0.003500000000002501,0.0,0.0,-0.006499999999988404,-0.0005000000000000004,0.0,0.0481943,0.0068849,0.0275396,-0.48882790000000004,-0.0,0.0275396,-0.005912332112258,-0.002184615384588,-0.005600244200174,-0.000500152625163,-0.002190323565369,0.0016556776557120003,0.014798648586943219,1.8625190000420844,0.19212799998058472,0.0952209998104081,0.0
pd,00:03:10.598,756,-89.993,-90.0,0.0,-89.888,0.24,-0.0,0.0,0.0,0.0,0.0,0.0,0.0,-90.0,-90.0,0.0,-89.901,0.239,-0.0,-89.9965,-90.0,0.0,-89.8945,0.2395,0.0,-0.7819358687552195,0.0,0.0,-1.4521666134005096,-0.11170512410780876,0.0,-0.003500000000002501,0.0,0.0,-0.006499999999988404,-0.0005000000000000004,0.0,0.0481943,0.0068849,0.0275396,-0.48882790000000004,-0.0,0.0275396,-0.005912332112258,-0.002184615384588,-0.005600244200174,-0.000500152625163,-0.002190323565369,0.0016556776557120003,0.014798648586943219,1.9010360001630033,0.23712700021860655,0.11342500010869117,0.0
pd,00:03:10.600,757,-89.993,-90.0,0.0,-89.857,0.24,-0.0,0.0,0.0,0.0,13.18695983773071,0.0,0.0,-90.0,-90.0,0.0,-89.901,0.239,-0.0,-89.9965,-90.0,0.0,-91.19769598377307,0.2395,0.0,-0.7444251521303494,0.0,0.0,-285.15651762288644,-0.10634645030425972,0.0,-0.003500000000002501,0.0,0.0,-1.3406959837730739,-0.0005000000000000004,0.0,0.0481943,0.0068849,0.0275396,-0.48882790000000004,-0.0,0.0275396,-0.005912332112258,-0.002184615384588,-0.005600244200174,-0.000500152625163,-0.002190323565369,0.0016556776557120003,0.04456455991031214,1.9063519998780976,0.2388309999332705,0.11249899989707046,0.0
pd,00:03:10.603,758,-89.993,-90.0,0.0,-89.857,0.24,-0.0,0.0,0.0,0.0,0.0,0.0,0.0,-90.0,-90.0,0.0,-89.901,0.239,-0.0,-89.9965,-90.0,0.0,-89.87899999999999,0.2395,0.0,-0.7411179321491564,0.0,0.0,-4.6584555735053295,-0.10587399030694679,0.0,-0.003500000000002501,0.0,0.0,-0.02199999999999136,-0.0005000000000000004,0.0,-0.0275396,-0.0275396,-0.0,-0.0206547,-0.0275396,-0.0481943,-0.0059643467642719996,-0.0024967032966719998,-0.005600244200174,0.000603632478645,-0.001983363858405,0.0016556776557120003,0.04456455991031214,6.084736000047997,0.2981820002787572,0.11731299991879496,0.0
pd,00:03:10.609,759,-89.993,-90.0,0.0,-89.857,0.24,-0.0,0.0,0.0,0.0,0.0,0.0,0.0,-90.0,-90.0,0.0,-89.901,0.239,-0.0,-89.9965,-90.0,0.0,-89.87899999999999,0.2395,0.0,-0.26473461732688613,0.0,0.0,-1.6640461660534076,-0.03781923104667103,0.0,-0.003500000000002501,0.0,0.0,-0.02199999999999136,-0.0005000000000000004,0.0,-0.0275396,-0.0275396,-0.0,-0.0206547,-0.0275396,-0.0481943,-0.0059643467642719996,-0.0024967032966719998,-0.005600244200174,0.000603632478645,-0.001983363858405,0.0016556776557120003,0.04456455991031214,1.7532049996589194,0.1548499999444175,0.15946199982863618,0.0
pd,00:03:10.612,760,-89.993,-90.0,0.0,-89.857,0.24,-0.0,0.0,0.0,0.0,0.0,0.0,0.0,-90.0,-90.0,0.0,-89.901,0.239,-0.0,-89.9965,-90.0,0.0,-89.87899999999999,0.2395,0.0,-0.8172844894783705,0.0,0.0,-5.137216791002871,-0.11675492706825531,0.0,-0.003500000000002501,0.0,0.0,-0.02199999999999136,-0.0005000000000000004,0.0,-0.0275396,-0.0275396,-0.0,-0.0206547,-0.0275396,-0.0481943,-0.0059643467642719996,-0.0024967032966719998,-0.005600244200174,0.000603632478645,-0.001983363858405,0.0016556776557120003,0.04456455991031214,1.748909000070853,0.20034999988638447,0.08698100009496557,0.0
pd,00:03:10.615,761,-89.993,-90.0,0.0,-89.857,0.24,-0.0,0.0,0.0,0.0,0.0,0.0,0.0,-90.0,-90.0,0.0,-89.901,0.239,-0.0,-89.9965,-90.0,0.0,-89.87899999999999,0.2395,0.0,-0.5550958178934617,0.0,0.0,-3.4891737124704516,-0.07929940255615223,0.0,-0.003500000000002501,0.0,0.0,-0.02199999999999136,-0.0005000000000000004,0.0,-0.0275396,-0.0275396,-0.0,-0.0206547,-0.0275396,-0.0481943,-0.0059643467642719996,-0.0024967032966719998,-0.005600244200174,0.000603632478645,-0.001983363858405,0.0016556776557120003,0.04456455991031214,2.30512500002078,0.25970100023187115,0.13105399966661935,0.0
pd,00:03:10.618,762,-89.993,-90.0,0.0,-89.857,0.24,-0.0,0.0,0.0,0.0,0.0,0.0,0.0,-90.0,-90.0,0.0,-89.901,0.239,-0.0,-89.9965,-90.0,0.0,-89.87899999999999,0.2395,0.0,-0.6128951235809323,0.0,0.0,-3.852483633934267,-0.08755644622578498,0.0,-0.003500000000002501,0.0,0.0,-0.02199999999999136,-0.0005000000000000004,0.0,-0.0275396,-0.0275396,-0.0,-0.0206547,-0.0275396,-0.0481943,-0.0059643467642719996,-0.0024967032966719998,-0.005600244200174,0.000603632478645,-0.001983363858405,0.0016556776557120003,0.04456455991031214,2.3374219999823254,0.2523869998185546,0.11922099974981393,0.0
pd,00:03:10.621,763,-89.993,-90.0,0.0,-89.867,0.24,-0.0,0.0,0.0,0.0,-3.542486486488299,0.0,0.0,-90.0,-90.0,0.0,-89.901,0.239,-0.0,-89.9965,-90.0,0.0,-89.52975135135117,0.2395,0.0,-0.6199351351355782,0.0,0.0,59.73493902121617,-0.08856216216216224,0.0,-0.003500000000002501,0.0,0.0,0.3372486486488384,-0.0005000000000000004,0.0,-0.0275396,-0.0275396,-0.0,-0.0206547,-0.0275396,-0.0481943,-0.0059643467642719996,-0.0024967032966719998,-0.005600244200174,0.000603632478645,-0.001983363858405,0.0016556776557120003,0.03472751070836367,2.376883000124508,0.27725600011763163,0.12546199968710425,0.0
pd,00:03:10.623,764,-89.993,-90.0,0.0,-89.867,0.24,-0.0,0.0,0.0,0.0,0.0,0.0,0.0,-90.0,-90.0,0.0,-89.901,0.239,-0.0,-89.9965,-90.0,0.0,-89.884,0.2395,0.0,-0.604316812119648,0.0,0.0,-2.9352530874354863,-0.08633097315988811,0.0,-0.003500000000002501,0.0,0.0,-0.016999999999995907,-0.0005000000000000004,0.0,-0.034424500000000004,0.0413094,0.0137698,-3.4217953000000003,0.0275396,-0.0413094,-0.006172405372328,-0.002271306471278,-0.004299877899824,0.006260531135661,-0.0016901709402060002,0.0018971306471700002,0.03472751070836367,3.417595000428264,0.864121000176965,0.14177699995343573,0.0
pd,00:03:10.628,765,-89.993,-90.0,0.0,-89.867,0.24,-0.0,0.0,0.0,0.0,0.0,0.0,0.0,-90.0,-90.0,0.0,-89.901,0.239,-0.0,-89.9965,-90.0,0.0,-89.884,0.2395,0.0,-0.35985841055082834,0.0,0.0,-1.7478837083880676,-0.05140834436436736,0.0,-0.003500000000002501,0.0,0.0,-0.016999999999995907,-0.0005000000000000004,0.0,-0.034424500000000004,0.0413094,0.0137698,-3.4217953000000003,0.0275396,-0.0413094,-0.006172405372328,-0.002271306471278,-0.004299877899824,0.006260531135661,-0.0016901709402060002,0.0018971306471700002,0.03472751070836367,1.8697400000746711,0.2198310003223014,0.08877700020093471,0.0
pd,00:03:10.630,766,-89.993,-90.0,0.0,-89.867,0.24,-0.0,0.0,0.0,0.0,0.0,0.0,0.0,-90.0,-90.0,0.0,-89.901,0.239,-0.0,-89.9965,-90.0,0.0,-89.884,0.2395,0.0,-0.7736936860973169,0.0,0.0,-3.7579407610405204,-0.11052766944239495,0.0,-0.003500000000002501,0.0,0.0,-0.016999999999995907,-0.0005000000000000004,0.0,-0.034424500000000004,0.0413094,0.0137698,-3.4217953000000003,0.0275396,-0.0413094,-0.006172405372328,-0.002271306471278,-0.004299877899824,0.006260531135661,-0.0016901709402060002,0.0018971306471700002,0.03472751070836367,2.0017949996145035,0.19186800000170479,0.0951470001382404,0.0
pd,00:03:10.633,767,-89.993,-90.0,0.0,-89.867,0.24,-0.0,0.0,0.0,0.0,0.0,0.0,0.0,-90.0,-90.0,0.0,-89.901,0.239,-0.0,-89.9965,-90.0,0.0,-89.884,0.2395,0.0,-0.7183433157178748,0.0,0.0,-3.489096104912059,-0.10262047367390888,0.0,-0.003500000000002501,0.0,0.0,-0.016999999999995907,-0.0005000000000000004,0.0,-0.034424500000000004,0.0413094,0.0137698,-3.4217953000000003,0.0275396,-0.0413094,-0.006172405372328,-0.002271306471278,-0.004299877899824,0.006260531135661,-0.0016901709402060002,0.0018971306471700002,0.03472751070836367,1.691945999937161,0.16559000005145208,0.06488899998657871,0.0
pd,00:03:10.635,768,-89.993,-90.0,0.0,-89.867,0.24,-0.0,0.0,0.0,0.0,0.0,0.0,0.0,-90.0,-90.0,0.0,-89.901,0.239,-0.0,-89.9965,-90.0,0.0,-89.884,0.2395,0.0,-0.8775743663325257,0.0,0.0,-4.262504065039624,-0.12536776661884277,0.0,-0.003500000000002501,0.0,0.0,-0.016999999999995907,-0.0005000000000000004,0.0,-0.034424500000000004,0.0413094,0.0137698,-3.4217953000000003,0.0275396,-0.0413094,-0.006172405372328,-0.002271306471278,-0.004299877899824,0.006260531135661,-0.0016901709402060002,0.0018971306471700002,0.03472751070836367,1.643336000142881,0.27714499992725905,0.08605499988334486,0.0
pd,00:03:10.637,769,-89.993,-90.0,0.0,-89.867,0.24,-0.0,0.0,0.0,0.0,0.0,0.0,0.0,-90.0,-90.0,0.0,-89.901,0.239,-0.0,-89.9965,-90.0,0.0,-89.884,0.2395,0.0,-0.8090864197536646,0.0,0.0,-3.929848324514045,-0.11558377425044102,0.0,-0.003500000000002501,0.0,0.0,-0.016999999999995907,-0.0005000000000000004,0.0,-0.034424500000000004,0.0413094,0.0137698,-3.4217953000000003,0.0275396,-0.0413094,-0.006172405372328,-0.002271306471278,-0.004299877899824,0.006260531135661,-0.0016901709402060002,0.0018971306471700002,0.03472751070836367,1.8171490000895574,0.15123899993341183,0.06248099998629186,0.0
pd,00:03:10.639,770,-89.993,-90.0,0.0,-89.867,0.24,-0.0,0.0,0.0,0.0,0.0,0.0,0.0,-90.0,-90.0,0.0,-89.901,0.239,-0.0,-89.9965,-90.0,0.0,-89.884,0.2395,0.0,-0.8337155838261296,0.0,0.0,-4.0494756928659035,-0.11910222626079066,0.0,-0.003500000000002501,0.0,0.0,-0.016999999999995907,-0.0005000000000000004,0.0,-0.034424500000000004,0.0413094,0.0137698,-3.4217953000000003,0.0275396,-0.0413094,-0.006172405372328,-0.002271306471278,-0.004299877899824,0.006260531135661,-0.0016901709402060002,0.0018971306471700002,0.03472751070836367,1.6968350000752253,0.3404039998713415,0.12974000037502265,0.0
pd,00:03:10.643,771,-89.993,-90.0,0.0,-89.868,0.239,-0.0,0.0,0.0,0.0,-0.3056404576229995,-0.3056404576258838,0.0,-90.0,-90.0,0.0,-89.901,0.239,-0.0,-89.9965,-90.0,0.0,-89.8539359542377,0.26956404576258836,0.0,-0.5348708008456784,0.0,0.0,2.1492706914302677,4.67080446688798,0.0,-0.003500000000002501,0.0,0.0,0.014064045762296473,0.030564045762588365,0.0,-0.0137698,0.0068849,-0.0,-8.0209085,0.0068849,0.034424500000000004,-0.006900610500524,-0.001872527472504,-0.00450793650788,0.006329517704649,-0.002000610500652,0.0016556776557120003,0.03373425558686826,3.9788489998500154,0.27499699990585214,1.5661699999327539,0.0
pd,00:03:10.648,772,-89.993,-90.0,0.0,-89.868,0.239,-0.0,0.0,0.0,0.0,0.0,0.0,0.0,-90.0,-90.0,0.0,-89.901,0.239,-0.0,-89.9965,-90.0,0.0,-89.8845,0.239,0.0,-0.29320252456679896,0.0,0.0,-1.3822404729568312,0.0,0.0,-0.003500000000002501,0.0,0.0,-0.01650000000000773,0.0,0.0,-0.0137698,0.0068849,-0.0,-8.0209085,0.0068849,0.034424500000000004,-0.006900610500524,-0.001872527472504,-0.00450793650788,0.006329517704649,-0.002000610500652,0.0016556776557120003,0.03373425558686826,1.9832580001093447,0.25579399971320527,0.11999899970760453,0.0
pd,00:03:10.651,773,-89.993,-90.0,0.0,-89.868,0.239,-0.0,0.0,0.0,0.0,0.0,0.0,0.0,-90.0,-90.0,0.0,-89.901,0.239,-0.0,-89.9965,-90.0,0.0,-89.8845,0.239,0.0,-0.7099363574818885,0.0,0.0,-3.346842828126638,0.0,0.0,-0.003500000000002501,0.0,0.0,-0.01650000000000773,0.0,0.0,-0.0137698,0.0068849,-0.0,-8.0209085,0.0068849,0.034424500000000004,-0.006900610500524,-0.001872527472504,-0.00450793650788,0.006329517704649,-0.002000610500652,0.0016556776557120003,0.03373425558686826,1.7682420002529398,0.19710899960045936,0.07774000005156267,0.0
pd,00:03:10.653,774,-89.993,-90.0,0.0,-89.868,0.239,-0.0,0.0,0.0,0.0,0.0,0.0,0.0,-90.0,-90.0,0.0,-89.901,0.239,-0.0,-89.9965,-90.0,0.0,-89.8845,0.239,0.0,-0.8251862844300444,0.0,0.0,-3.890163912310434,0.0,0.0,-0.003500000000002501,0.0,0.0,-0.01650000000000773,0.0,0.0,-0.0137698,0.0068849,-0.0,-8.0209085,0.0068849,0.034424500000000004,-0.006900610500524,-0.001872527472504,-0.00450793650788,0.006329517704649,-0.002000610500652,0.0016556776557120003,0.03373425558686826,1.763982999818836,0.16746099981901352,0.08338799989360268,0.0
pd,00:03:10.655,775,-89.993,-90.0,0.0,-89.868,0.239,-0.0,0.0,0.0,0.0,0.0,0.0,0.0,-90.0,-90.0,0.0,-89.901,0.239,-0.0,-89.9965,-90.0,0.0,-89.8845,0.239,0.0,-0.8358993280953474,0.0,0.0,-3.9406682610182564,0.0,0.0,-0.003500000000002501,0.0,0.0,-0.01650000000000773,0.0,0.0,-0.0137698,0.0068849,-0.0,-8.0209085,0.0068849,0.034424500000000004,-0.006900610500524,-0.001872527472504,-0.00450793650788,0.006329517704649,-0.002000610500652,0.0016556776557120003,0.03373425558686826,2.058276000298065,0.2061280001726118,0.0957769998422009,0.0
pd,00:03:10.657,776,-89.993,-90.0,0.0,-89.868,0.239,-0.0,0.0,0.0,0.0,0.0,0.0,0.0,-90.0,-90.0,0.0,-89.901,0.239,-0.0,-89.9965,-90.0,0.0,-89.8845,0.239,0.0,-0.7150542620560395,0.0,0.0,-3.370970092547619,0.0,0.0,-0.003500000000002501,0.0,0.0,-0.01650000000000773,0.0,0.0,-0.0137698,0.0068849,-0.0,-8.0209085,0.0068849,0.034424500000000004,-0.006900610500524,-0.001872527472504,-0.00450793650788,0.006329517704649,-0.002000610500652,0.0016556776557120003,0.03373425558686826,1.8048340002678742,0.19072000031883363,0.11635100008788868,0.0
pd,00:03:10.660,777,-89.993,-90.0,0.0,-89.902,0.239,-0.0,0.0,0.0,0.0,-15.391941284406398,0.0,0.0,-90.0,-90.0,0.0,-89.901,0.239,-0.0,-89.9965,-90.0,0.0,-88.36230587155936,0.239,0.0,-0.7922322719919315,0.0,0.0,348.5129650132272,0.0,0.0,-0.003500000000002501,0.0,0.0,1.5396941284406438,0.0,0.0,-0.0137698,0.0068849,-0.0,-8.0209085,0.0068849,0.034424500000000004,-0.006900610500524,-0.001872527472504,-0.00450793650788,0.006329517704649,-0.002000610500652,0.0016556776557120003,0.007071067811871103,1.9343509998179798,0.31538599978375714,0.11614699997153366,0.0
pd,00:03:10.662,778,-89.993,-90.0,0.0,-89.902,0.239,-0.0,0.0,0.0,0.0,0.0,0.0,0.0,-90.0,-90.0,0.0,-89.901,0.239,-0.0,-89.9965,-90.0,0.0,-89.9015,0.239,0.0,-0.7091133223848174,0.0,0.0,0.10130190319824237,0.0,0.0,-0.003500000000002501,0.0,0.0,0.0005000000000023874,0.0,0.0,-0.0137698,0.0,0.0206547,-4.4545303,-0.0,-0.0068849,-0.0072993894992979995,-0.0019245421245179999,-0.005842979242906,-0.002121336996381,-0.0019488705739110002,0.002035103785146,0.007071067811871103,3.3033000004252244,0.4404950000207464,0.13486899979398004,0.0
pd,00:03:10.666,779,-89.993,-90.0,0.0,-89.902,0.239,-0.0,0.0,0.0,0.0,0.0,0.0,0.0,-90.0,-90.0,0.0,-89.901,0.239,-0.0,-89.9965,-90.0,0.0,-89.9015,0.239,0.0,-0.43646500564935753,0.0,0.0,0.06235214366444709,0.0,0.0,-0.003500000000002501,0.0,0.0,0.0005000000000023874,0.0,0.0,-0.0275396,0.0,0.0206547,-4.4545303,-0.0,-0.0068849,-0.0072993894992979995,-0.0019245421245179999,-0.005842979242906,-0.002121336996381,-0.0019488705739110002,0.002035103785146,0.007071067811871103,2.77269400021396,0.2272010001433955,0.10122100002263323,0.0
pd,00:03:10.669,780,-89.993,-90.0,0.0,-89.902,0.239,-0.0,0.0,0.0,0.0,0.0,0.0,0.0,-90.0,-90.0,0.0,-89.901,0.239,-0.0,-89.9965,-90.0,0.0,-89.9015,0.239,0.0,-0.5480498768017058,0.0,0.0,0.07829283954341872,0.0,0.0,-0.003500000000002501,0.0,0.0,0.0005000000000023874,0.0,0.0,-0.0275396,0.0,0.0206547,-4.4545303,-0.0,-0.0068849,-0.0072993894992979995,-0.0019245421245179999,-0.005842979242906,-0.002121336996381,-0.0019488705739110002,0.002035103785146,0.007071067811871103,1.7276129997298995,0.1903869997477159,0.08775800006333156,0.0
pd,00:03:10.672,781,-89.993,-90.0,0.0,-89.902,0.239,-0.0,0.0,0.0,0.0,0.0,0.0,0.0,-90.0,-90.0,0.0,-89.901,0.239,-0.0,-89.9965,-90.0,0.0,-89.9015,0.239,0.0,-0.5563159011675948,0.0,0.0,0.07947370016712194,0.0,0.0,-0.003500000000002501,0.0,0.0,0.0005000000000023874,0.0,0.0,-0.0275396,0.0,0.0206547,-4.4545303,-0.0,-0.0068849,-0.0072993894992979995,-0.0019245421245179999,-0.005842979242906,-0.002121336996381,-0.0019488705739110002,0.002035103785146,0.007071067811871103,2.0068130002073303,0.23097899975255132,0.07790600011503557,0.0
pd,00:03:10.675,782,-89.993,-90.0,0.0,-89.902,0.239,-0.0,0.0,0.0,0.0,0.0,0.0,0.0,-90.0,-90.0,0.0,-89.901,0.239,-0.0,-89.9965,-90.0,0.0,-89.9015,0.239,0.0,-0.7251562932232014,0.0,0.0,0.10359375617516368,0.0,0.0,-0.003500000000002501,0.0,0.0,0.0005000000000023874,0.0,0.0,-0.0275396,0.0,0.0206547,-4.4545303,-0.0,-0.0068849,-0.0072993894992979995,-0.0019245421245179999,-0.005842979242906,-0.002121336996381,-0.0019488705739110002,0.002035103785146,0.007071067811871103,1.7572050001035677,0.1554619998387352,0.0669989999551035,0.0
pd,00:03:10.677,783,-89.993,-90.0,0.0,-89.902,0.239,-0.0,0.0,0.0,0.0,0.0,0.0,0.0,-90.0,-90.0,0.0,-89.901,0.239,-0.0,-89.9965,-90.0,0.0,-89.9015,0.239,0.0,-0.8529961650209466,0.0,0.0,0.12185659500348714,0.0,0.0,-0.003500000000002501,0.0,0.0,0.0005000000000023874,0.0,0.0,-0.0275396,0.0,0.0206547,-4.4545303,-0.0,-0.0068849,-0.0072993894992979995,-0.0019245421245179999,-0.005842979242906,-0.002121336996381,-0.0019488705739110002,0.002035103785146,0.007071067811871103,2.801767999699223,0.2880160000131582,0.1368510002066614,0.0
pd,00:03:10.680,784,-89.993,-90.0,0.0,-90.023,0.239,-0.0,0.0,0.0,0.0,-36.04736018182964,0.0,0.0,-90.0,-90.0,0.0,-89.901,0.239,-0.0,-89.9965,-90.0,0.0,-86.35726398181703,0.239,0.0,-0.5213461183326404,0.0,0.0,546.0334982601349,0.0,0.0,-0.003500000000002501,0.0,0.0,3.665736018182969,0.0,0.0,-0.0275396,0.0,0.0206547,-4.4545303,-0.0,-0.0068849,-0.0072993894992979995,-0.0019245421245179999,-0.005842979242906,-0.002121336996381,-0.0019488705739110002,0.002035103785146,0.12220065466273101,2.174460000333056,0.21942300008959137,0.10994400008712546,0.0
pd,00:03:10.683,785,-89.993,-90.0,0.0,-90.023,0.239,-0.0,0.0,0.0,0.0,0.0,0.0,0.0,-90.0,-90.0,0.0,-89.901,0.239,-0.0,-89.9965,-90.0,0.0,-89.96199999999999,0.239,0.0,-0.6730886749202426,0.0,0.0,11.730974048601547,0.0,0.0,-0.003500000000002501,0.0,0.0,0.06100000000000705,0.0,0.0,0.0413094,0.0,0.0068849,-0.0,0.0068849,-0.0481943,-0.007628815628719999,-0.001837851037828,-0.005842979242906,0.001172771672796,-0.0019488705739110002,0.0017419108669470002,0.12220065466273101,3.5196320000068226,0.31858900001680013,0.6407720002243877,0.0
pd,00:03:10.688,786,-89.993,-90.0,0.0,-90.023,0.239,-0.0,0.0,0.0,0.0,0.0,0.0,0.0,-90.0,-90.0,0.0,-89.901,0.239,-0.0,-89.9965,-90.0,0.0,-89.96199999999999,0.239,0.0,-0.3509122723146362,0.0,0.0,6.115899603193569,0.0,0.0,-0.003500000000002501,0.0,0.0,0.06100000000000705,0.0,0.0,0.0413094,0.0,0.0068849,-0.0,0.0068849,-0.0481943,-0.007628815628719999,-0.001837851037828,-0.005842979242906,0.001172771672796,-0.0019488705739110002,0.0017419108669470002,0.12220065466273101,2.413995000097202,0.2418500002931978,0.11522199974933756,0.0
pd,00:03:10.691,787,-89.993,-90.0,0.0,-90.023,0.239,-0.0,0.0,0.0,0.0,0.0,0.0,0.0,-90.0,-90.0,0.0,-89.901,0.239,-0.0,-89.9965,-90.0,0.0,-89.96199999999999,0.239,0.0,-0.6088281353687164,0.0,0.0,10.611004644990036,0.0,0.0,-0.003500000000002501,0.0,0.0,0.06100000000000705,0.0,0.0,0.0413094,0.0,0.0068849,-0.0,0.0068849,-0.0481943,-0.007628815628719999,-0.001837851037828,-0.005842979242906,0.001172771672796,-0.0019488705739110002,0.0017419108669470002,0.12220065466273101,1.7419270002392295,0.30342299987751176,0.1164799996331567,0.0
pd,00:03:10.693,788,-89.993,-90.0,0.0,-90.023,0.239,-0.0,0.0,0.0,0.0,0.0,0.0,0.0,-90.0,-90.0,0.0,-89.901,0.239,-0.0,-89.9965,-90.0,0.0,-89.96199999999999,0.239,0.0,-0.7738568265688187,0.0,0.0,13.487218977332619,0.0,0.0,-0.003500000000002501,0.0,0.0,0.06100000000000705,0.0,0.0,0.0413094,0.0,0.0068849,-0.0,0.0068849,-0.0481943,-0.007628815628719999,-0.001837851037828,-0.005842979242906,0.001172771672796,-0.0019488705739110002,0.0017419108669470002,0.12220065466273101,1.7762040001798596,0.18664599974727025,0.06438799982788623,0.0
pd,00:03:10.695,789,-89.993,-90.0,0.0,-90.023,0.239,-0.0,0.0,0.0,0.0,0.0,0.0,0.0,-90.0,-90.0,0.0,-89.901,0.239,-0.0,-89.9965,-90.0,0.0,-89.96199999999999,0.239,0.0,-0.8351384685408175,0.0,0.0,14.555270451700975,0.0,0.0,-0.003500000000002501,0.0,0.0,0.06100000000000705,0.0,0.0,0.0413094,0.0,0.0068849,-0.0,0.0068849,-0.0481943,-0.007628815628719999,-0.001837851037828,-0.005842979242906,0.001172771672796,-0.0019488705739110002,0.0017419108669470002,0.12220065466273101,1.956609999979264,0.27807100013887975,0.1803499999368796,0.0
pd,00:03:10.698,790,-89.993,-90.0,0.0,-90.023,0.239,-0.0,0.0,0.0,0.0,0.0,0.0,0.0,-90.0,-90.0,0.0,-89.901,0.239,-0.0,-89.9965,-90.0,0.0,-89.96199999999999,0.239,0.0,-0.67075134789411,0.0,0.0,11.690237777574694,0.0,0.0,-0.003500000000002501,0.0,0.0,0.06100000000000705,0.0,0.0,0.0413094,0.0,0.0068849,-0.0,0.0068849,-0.0481943,-0.007628815628719999,-0.001837851037828,-0.005842979242906,0.001172771672796,-0.0019488705739110002,0.0017419108669470002,0.12220065466273101,1.9780170000558428,0.2789790000861103,0.13507299991033506,0.0
pd,00:03:10.701,791,-89.994,-90.0,0.0,-90.152,0.239,-0.0,-0.27379750636595257,0.0,0.0,-35.31987832104057,0.0,0.0,-90.0,-90.0,0.0,-89.901,0.239,-0.0,-89.9696202493634,-90.0,0.0,-86.49451216789595,0.239,0.0,3.337557465045811,0.0,0.0,500.7055239945618,0.0,0.0,0.02437975063659792,0.0,0.0,3.657487832104053,0.0,0.0,0.0413094,0.0,0.0068849,-0.0,0.0068849,-0.0481943,-0.007628815628719999,-0.001837851037828,-0.005842979242906,0.001172771672796,-0.0019488705739110002,0.0017419108669470002,0.25107170290576836,1.9280550000075891,0.2796820003823086,0.3165709999848332,0.0
pd,00:03:10.704,792,-89.994,-90.0,0.0,-90.152,0.239,-0.0,0.0,0.0,0.0,0.0,0.0,0.0,-90.0,-90.0,0.0,-89.901,0.239,-0.0,-89.997,-90.0,0.0,-90.0265,0.239,0.0,-0.5204281578294514,0.0,0.0,21.77124460253164,0.0,0.0,-0.0030000000000001137,0.0,0.0,0.1255000000000024,0.0,0.0,-0.034424500000000004,0.0275396,-0.0068849,2.9329674,0.0068849,-0.0137698,-0.007836874236776,-0.001317704517688,-0.006103052502976,-0.006088064713191001,-0.002035103785146,0.001500457875489,0.25107170290576836,3.634759999840753,0.2453679999234737,0.12386900016281288,0.0
pd,00:03:10.708,793,-89.994,-90.0,0.0,-90.152,0.239,-0.0,0.0,0.0,0.0,0.0,0.0,0.0,-90.0,-90.0,0.0,-89.901,0.239,-0.0,-89.997,-90.0,0.0,-90.0265,0.239,0.0,-0.3647855279179126,0.0,0.0,15.260194584565722,0.0,0.0,-0.0030000000000001137,0.0,0.0,0.1255000000000024,0.0,0.0,-0.034424500000000004,0.0275396,-0.0068849,2.9329674,0.0068849,-0.0137698,-0.007836874236776,-0.001317704517688,-0.006103052502976,-0.006088064713191001,-0.002035103785146,0.001500457875489,0.25107170290576836,2.1139420000508835,0.26727500016932026,0.12368399984552525,0.0
pd,00:03:10.711,794,-89.994,-90.0,0.0,-90.152,0.239,-0.0,0.0,0.0,0.0,0.0,0.0,0.0,-90.0,-90.0,0.0,-89.901,0.239,-0.0,-89.997,-90.0,0.0,-90.0265,0.239,0.0,-0.5733578784288926,0.0,0.0,23.98547124760822,0.0,0.0,-0.0030000000000001137,0.0,0.0,0.1255000000000024,0.0,0.0,-0.034424500000000004,0.0275396,-0.0068849,2.9329674,0.0068849,-0.0137698,-0.007836874236776,-0.001317704517688,-0.006103052502976,-0.006088064713191001,-0.002035103785146,0.001500457875489,0.25107170290576836,1.8141669997930876,0.1904610003293783,0.14938699996491778,0.0
pd,00:03:10.713,795,-89.994,-90.0,0.0,-90.152,0.239,-0.0,0.0,0.0,0.0,0.0,0.0,0.0,-90.0,-90.0,0.0,-89.901,0.239,-0.0,-89.997,-90.0,0.0,-90.0265,0.239,0.0,-0.671375093373198,0.0,0.0,28.085858072778255,0.0,0.0,-0.0030000000000001137,0.0,0.0,0.1255000000000024,0.0,0.0,-0.034424500000000004,0.0275396,-0.0068849,2.9329674,0.0068849,-0.0137698,-0.007836874236776,-0.001317704517688,-0.006103052502976,-0.006088064713191001,-0.002035103785146,0.001500457875489,0.25107170290576836,1.689521000116656,0.1558499998282059,0.06192499995449907,0.0
pd,00:03:10.715,796,-89.994,-90.0,0.0,-90.152,0.239,-0.0,0.0,0.0,0.0,0.0,0.0,0.0,-90.0,-90.0,0.0,-89.901,0.239,-0.0,-89.997,-90.0,0.0,-90.0265,0.239,0.0,-0.7602967975831104,0.0,0.0,31.805749365559517,0.0,0.0,-0.0030000000000001137,0.0,0.0,0.1255000000000024,0.0,0.0,-0.034424500000000004,0.0275396,-0.0068849,2.9329674,0.0068849,-0.0137698,-0.007836874236776,-0.001317704517688,-0.006103052502976,-0.006088064713191001,-0.002035103785146,0.001500457875489,0.25107170290576836,1.9146099998579302,0.2447930000926135,0.11690600013025687,0.0
pd,00:03:10.718,797,-89.994,-90.0,0.0,-90.152,0.239,-0.0,0.0,0.0,0.0,0.0,0.0,0.0,-90.0,-90.0,0.0,-89.901,0.239,-0.0,-89.997,-90.0,0.0,-90.0265,0.239,0.0,-0.6285170829171067,0.0,0.0,26.292964635365134,0.0,0.0,-0.0030000000000001137,0.0,0.0,0.1255000000000024,0.0,0.0,-0.034424500000000004,0.0275396,-0.0068849,2.9329674,0.0068849,-0.0137698,-0.007836874236776,-0.001317704517688,-0.006103052502976,-0.006088064713191001,-0.002035103785146,0.001500457875489,0.25107170290576836,1.8464450004103128,0.21783100009997725,0.10590700003376696,0.0
pd,00:03:10.720,798,-89.994,-90.0,0.0,-90.152,0.239,-0.0,0.0,0.0,0.0,0.0,0.0,0.0,-90.0,-90.0,0.0,-89.901,0.239,-0.0,-89.997,-90.0,0.0,-90.0265,0.239,0.0,-0.6623979785218191,0.0,0.0,27.710315434828914,0.0,0.0,-0.0030000000000001137,0.0,0.0,0.1255000000000024,0.0,0.0,-0.034424500000000004,0.0275396,-0.0068849,2.9329674,0.0068849,-0.0137698,-0.007836874236776,-0.001317704517688,-0.006103052502976,-0.006088064713191001,-0.002035103785146,0.001500457875489,0.25107170290576836,2.263940999910119,0.24207200021919562,0.12386900016281288,0.0
pd,00:03:10.723,799,-89.994,-90.0,0.0,-90.19,0.239,-0.0,0.0,0.0,0.0,-13.91388494107256,0.0,0.0,-90.0,-90.0,0.0,-89.901,0.239,-0.0,-89.997,-90.0,0.0,-88.65411150589274,0.239,0.0,-0.5492323003055642,0.0,0.0,281.1865235437819,0.0,0.0,-0.0030000000000001137,0.0,0.0,1.5358884941072546,0.0,0.0,-0.0275396,0.0275396,0.0206547,7.5802749,-0.0275396,-0.0068849,-0.00875579975569,-0.002271306471278,-0.005305494505428,-0.005656898657016,-0.0024317765568270004,0.001431471306501,0.28906227702694254,2.2441259998231544,0.3527369999574148,0.16399900005126256,0.0
pd,00:03:10.725,800,-89.994,-90.0,0.0,-90.19,0.239,-0.0,0.0,0.0,0.0,0.0,0.0,0.0,-90.0,-90.0,0.0,-89.901,0.239,-0.0,-89.997,-90.0,0.0,-90.0455,0.239,0.0,-0.5231110002494586,0.0,0.0,25.19651317868143,0.0,0.0,-0.0030000000000001137,0.0,0.0,0.14449999999999363,0.0,0.0,-0.0275396,0.0275396,0.0206547,7.5802749,-0.0275396,-0.0068849,-0.00875579975569,-0.002271306471278,-0.005305494505428,-0.005656898657016,-0.0024317765568270004,0.001431471306501,0.28906227702694254,2.088663999984419,0.31288599984691245,0.08072100035860785,0.0
pd,00:03:10.729,801,-89.994,-90.0,0.0,-90.19,0.239,-0.0,0.0,0.0,0.0,0.0,0.0,0.0,-90.0,-90.0,0.0,-89.901,0.239,-0.0,-89.997,-90.0,0.0,-90.0455,0.239,0.0,-0.39900152207003037,0.0,0.0,19.218573313039165,0.0,0.0,-0.0030000000000001137,0.0,0.0,0.14449999999999363,0.0,0.0,-0.0275396,0.0275396,0.0206547,7.5802749,-0.0275396,-0.0068849,-0.00875579975569,-0.002271306471278,-0.005305494505428,-0.005656898657016,-0.0024317765568270004,0.001431471306501,0.28906227702694254,1.9461100000626175,0.2442009999867878,0.09462799971515778,0.0
pd,00:03:10.732,802,-89.994,-90.0,0.0,-90.19,0.239,-0.0,0.0,0.0,0.0,0.0,0.0,0.0,-90.0,-90.0,0.0,-89.901,0.239,-0.0,-89.997,-90.0,0.0,-90.0455,0.239,0.0,-0.5874923895788812,0.0,0.0,28.297550098048514,0.0,0.0,-0.0030000000000001137,0.0,0.0,0.14449999999999363,0.0,0.0,-0.0275396,0.0275396,0.0206547,7.5802749,-0.0275396,-0.0068849,-0.00875579975569,-0.002271306471278,-0.005305494505428,-0.005656898657016,-0.0024317765568270004,0.001431471306501,0.28906227702694254,1.8493330003366282,0.19151699962094426,0.07920300004116143,0.0
pd,00:03:10.734,803,-89.994,-90.0,0.0,-90.19,0.239,-0.0,0.0,0.0,0.0,0.0,0.0,0.0,-90.0,-90.0,0.0,-89.901,0.239,-0.0,-89.997,-90.0,0.0,-90.0455,0.239,0.0,-0.6813359324236775,0.0,0.0,32.81768074507273,0.0,0.0,-0.0030000000000001137,0.0,0.0,0.14449999999999363,0.0,0.0,-0.0275396,0.0275396,0.0206547,7.5802749,-0.0275396,-0.0068849,-0.00875579975569,-0.002271306471278,-0.005305494505428,-0.005656898657016,-0.0024317765568270004,0.001431471306501,0.28906227702694254,2.6104189996658533,0.3310709998913808,0.13933199988969136,0.0
pd,00:03:10.737,804,-89.994,-90.0,0.0,-90.19,0.239,-0.0,0.0,0.0,0.0,0.0,0.0,0.0,-90.0,-90.0,0.0,-89.901,0.239,-0.0,-89.997,-90.0,0.0,-90.0455,0.239,0.0,-0.46825364691874355,0.0,0.0,22.55421732658541,0.0,0.0,-0.0030000000000001137,0.0,0.0,0.14449999999999363,0.0,0.0,-0.0275396,0.0275396,0.0206547,7.5802749,-0.0275396,-0.0068849,-0.00875579975569,-0.002271306471278,-0.005305494505428,-0.005656898657016,-0.0024317765568270004,0.001431471306501,0.28906227702694254,1.8064450000565557,0.20999699972890085,0.08711000009498093,0.0
pd,00:03:10.739,805,-89.994,-90.0,0.0,-90.19,0.239,-0.0,0.0,0.0,0.0,0.0,0.0,0.0,-90.0,-90.0,0.0,-89.901,0.239,-0.0,-89.997,-90.0,0.0,-90.0455,0.239,0.0,-0.6855678326250668,0.0,0.0,33.021517271439635,0.0,0.0,-0.0030000000000001137,0.0,0.0,0.14449999999999363,0.0,0.0,-0.0275396,0.0275396,0.0206547,7.5802749,-0.0275396,-0.0068849,-0.00875579975569,-0.002271306471278,-0.005305494505428,-0.005656898657016,-0.0024317765568270004,0.001431471306501,0.28906227702694254,1.7751300001691561,0.2627010003379837,0.09516599993730779,0.0
pd,00:03:10.742,806,-89.994,-90.0,-0.0,-90.16,0.239,-0.0,0.0,0.0,-0.0,13.50967575692557,0.0,0.0,-90.0,-90.0,0.0,-89.901,0.239,-0.0,-89.997,-90.0,0.0,-91.38146757569255,0.239,0.0,-0.6754837878462786,0.0,0.0,-275.0271815867294,0.0,0.0,-0.0030000000000001137,0.0,0.0,-1.2214675756925573,0.0,0.0,-0.0275396,0.0275396,0.0206547,7.5802749,-0.0275396,-0.0068849,-0.00875579975569,-0.002271306471278,-0.005305494505428,-0.005656898657016,-0.0024317765568270004,0.001431471306501,0.2590694887477107,1.758501000040269,0.2289799999743991,0.14823999981672387,0.0
pd,00:03:10.744,807,-89.994,-90.0,-0.0,-90.16,0.239,-0.0,0.0,0.0,0.0,0.0,0.0,0.0,-90.0,-90.0,0.0,-89.901,0.239,-0.0,-89.997,-90.0,0.0,-90.03049999999999,0.239,0.0,-0.6738198564849779,0.0,0.0,29.086557138267146,0.0,0.0,-0.0030000000000001137,0.0,0.0,0.12950000000000728,0.0,0.0,-0.0068849,-0.0206547,0.0137698,3.9450477,-0.0206547,0.0206547,-0.008357020756916,-0.00164713064711,-0.005305494505428,0.002276556776604,-0.002000610500652,0.002035103785146,0.2590694887477107,2.3718459997326136,0.29018200029895524,0.08598100021117716,0.0
pd,00:03:10.747,808,-89.994,-90.0,-0.0,-90.16,0.239,-0.0,0.0,0.0,0.0,0.0,0.0,0.0,-90.0,-90.0,0.0,-89.901,0.239,-0.0,-89.997,-90.0,0.0,-90.03049999999999,0.239,0.0,-0.5298068210526516,0.0,0.0,22.869994442105295,0.0,0.0,-0.0030000000000001137,0.0,0.0,0.12950000000000728,0.0,0.0,-0.0068849,-0.0206547,0.0137698,3.9450477,-0.0206547,0.0206547,-0.008357020756916,-0.00164713064711,-0.005305494505428,0.002276556776604,-0.002000610500652,0.002035103785146,0.2590694887477107,2.1139420000508835,0.16914600018935744,0.07477700000890763,0.0
pd,00:03:10.749,809,-89.994,-90.0,-0.0,-90.16,0.239,-0.0,0.0,0.0,0.0,0.0,0.0,0.0,-90.0,-90.0,0.0,-89.901,0.239,-0.0,-89.997,-90.0,0.0,-90.03049999999999,0.239,0.0,-0.6166280505733841,0.0,0.0,26.617777516416776,0.0,0.0,-0.0030000000000001137,0.0,0.0,0.12950000000000728,0.0,0.0,-0.0068849,-0.0206547,0.0137698,3.9450477,-0.0206547,0.0206547,-0.008357020756916,-0.00164713064711,-0.005305494505428,0.002276556776604,-0.002000610500652,0.002035103785146,0.2590694887477107,1.7279089997828123,0.20123900003454764,0.06888899997647968,0.0
pd,00:03:10.751,810,-89.994,-90.0,-0.0,-90.16,0.239,-0.0,0.0,0.0,0.0,0.0,0.0,0.0,-90.0,-90.0,0.0,-89.901,0.239,-0.0,-89.997,-90.0,0.0,-90.03049999999999,0.239,0.0,-0.7242380568666097,0.0,0.0,31.262942788074174,0.0,0.0,-0.0030000000000001137,0.0,0.0,0.12950000000000728,0.0,0.0,-0.0068849,-0.0206547,0.0137698,3.9450477,-0.0206547,0.0206547,-0.008357020756916,-0.00164713064711,-0.005305494505428,0.002276556776604,-0.002000610500652,0.002035103785146,0.2590694887477107,1.7337790000055975,0.16162800011443323,0.06857299968032748,0.0
pd,00:03:10.755,811,-89.994,-90.0,-0.0,-90.16,0.239,-0.0,0.0,0.0,0.0,0.0,0.0,0.0,-90.0,-90.0,0.0,-89.901,0.239,-0.0,-89.997,-90.0,0.0,-90.03049999999999,0.239,0.0,-0.4317200301928387,0.0,0.0,18.635914636656857,0.0,0.0,-0.0030000000000001137,0.0,0.0,0.12950000000000728,0.0,0.0,-0.0068849,-0.0206547,0.0137698,3.9450477,-0.0206547,0.0206547,-0.008357020756916,-0.00164713064711,-0.005305494505428,0.002276556776604,-0.002000610500652,0.002035103785146,0.2590694887477107,1.994888000353967,0.238535000335105,0.08499900013703154,0.0
pd,00:03:10.757,812,-89.994,-90.0,-0.0,-90.16,0.239,-0.0,0.0,0.0,0.0,0.0,0.0,0.0,-90.0,-90.0,0.0,-89.901,0.239,-0.0,-89.997,-90.0,0.0,-90.03049999999999,0.239,0.0,-0.5678721906309449,0.0,0.0,24.51314956223489,0.0,0.0,-0.0030000000000001137,0.0,0.0,0.12950000000000728,0.0,0.0,-0.0068849,-0.0206547,0.0137698,3.9450477,-0.0206547,0.0206547,-0.008357020756916,-0.00164713064711,-0.005305494505428,0.002276556776604,-0.002000610500652,0.002035103785146,0.2590694887477107,2.1563120003520453,0.25671999992482597,0.12538800001493655,0.0
pd,00:03:10.760,813,-89.994,-90.0,-0.0,-90.16,0.239,-0.0,0.0,0.0,0.0,0.0,0.0,0.0,-90.0,-90.0,0.0,-89.901,0.239,-0.0,-89.997,-90.0,0.0,-90.03049999999999,0.239,0.0,-0.5652700808625551,0.0,0.0,24.400825157232738,0.0,0.0,-0.0030000000000001137,0.0,0.0,0.12950000000000728,0.0,0.0,-0.0068849,-0.0206547,0.0137698,3.9450477,-0.0206547,0.0206547,-0.008357020756916,-0.00164713064711,-0.005305494505428,0.002276556776604,-0.002000610500652,0.002035103785146,0.2590694887477107,2.157719000024372,0.25373800008310354,0.12057300000378746,0.0
pd,00:03:10.763,814,-89.994,-90.0,0.0,-90.055,0.239,-0.0,0.0,0.0,0.0,39.790560173469196,0.0,0.0,-90.0,-90.0,0.0,-89.901,0.239,-0.0,-89.997,-90.0,0.0,-93.95705601734691,0.239,0.0,-0.5684365739067798,0.0,0.0,-739.3571178976433,0.0,0.0,-0.0030000000000001137,0.0,0.0,-3.902056017346908,0.0,0.0,-0.0068849,-0.0275396,-0.0068849,1.721225,-0.0068849,0.0068849,-0.008894505494394,-0.002739438339404,-0.00554822954816,-0.000758852258868,-0.0029491758242370003,0.0019661172161580002,0.15411683879447843,2.249107999887201,0.2619980000417854,0.14259099998525926,0.0
pd,00:03:10.765,815,-89.994,-90.0,0.0,-90.055,0.239,-0.0,0.0,0.0,0.0,0.0,0.0,0.0,-90.0,-90.0,0.0,-89.901,0.239,-0.0,-89.997,-90.0,0.0,-89.97800000000001,0.239,0.0,-0.5462755926022609,0.0,0.0,14.02107354345846,0.0,0.0,-0.0030000000000001137,0.0,0.0,0.07699999999999818,0.0,0.0,-0.0068849,-0.0275396,-0.0068849,1.721225,-0.0068849,0.0068849,-0.008894505494394,-0.002739438339404,-0.00554822954816,-0.000758852258868,-0.0029491758242370003,0.0019661172161580002,0.15411683879447843,2.109775000008085,0.29490399992937455,0.11551699981282582,0.0
pd,00:03:10.768,816,-89.994,-90.0,0.0,-90.055,0.239,-0.0,0.0,0.0,0.0,0.0,0.0,0.0,-90.0,-90.0,0.0,-89.901,0.239,-0.0,-89.997,-90.0,0.0,-89.97800000000001,0.239,0.0,-0.5697234447161313,0.0,0.0,14.622901747714488,0.0,0.0,-0.0030000000000001137,0.0,0.0,0.07699999999999818,0.0,0.0,-0.0068849,-0.0275396,-0.0068849,1.721225,-0.0068849,0.0068849,-0.008894505494394,-0.002739438339404,-0.00554822954816,-0.000758852258868,-0.0029491758242370003,0.0019661172161580002,0.15411683879447843,1.7471860001023742,0.15859099994486314,0.06464799980676617,0.0
pd,00:03:10.770,817,-89.994,-90.0,0.0,-90.055,0.239,-0.0,0.0,0.0,0.0,0.0,0.0,0.0,-90.0,-90.0,0.0,-89.901,0.239,-0.0,-89.997,-90.0,0.0,-89.97800000000001,0.239,0.0,-0.7354127410871114,0.0,0.0,18.87559368790311,0.0,0.0,-0.0030000000000001137,0.0,0.0,0.07699999999999818,0.0,0.0,-0.0068849,-0.0275396,-0.0068849,1.721225,-0.0068849,0.0068849,-0.008894505494394,-0.002739438339404,-0.00554822954816,-0.000758852258868,-0.0029491758242370003,0.0019661172161580002,0.15411683879447843,1.7112969999288907,0.15196100002867752,0.06581399975402746,0.0
pd,00:03:10.772,818,-89.994,-90.0,0.0,-90.055,0.239,-0.0,0.0,0.0,0.0,0.0,0.0,0.0,-90.0,-90.0,0.0,-89.901,0.239,-0.0,-89.997,-90.0,0.0,-89.97800000000001,0.239,0.0,-0.7507704057279521,0.0,0.0,19.26977374701803,0.0,0.0,-0.0030000000000001137,0.0,0.0,0.07699999999999818,0.0,0.0,-0.0068849,-0.0275396,-0.0068849,1.721225,-0.0068849,0.0068849,-0.008894505494394,-0.002739438339404,-0.00554822954816,-0.000758852258868,-0.0029491758242370003,0.0019661172161580002,0.15411683879447843,1.912777000143251,0.245961000018724,0.11899899982381612,0.0
pd,00:03:10.774,819,-89.994,-90.0,0.0,-90.055,0.239,-0.0,0.0,0.0,0.0,0.0,0.0,0.0,-90.0,-90.0,0.0,-89.901,0.239,-0.0,-89.997,-90.0,0.0,-89.97800000000001,0.239,0.0,-0.6290197960408157,0.0,0.0,16.144841431714767,0.0,0.0,-0.0030000000000001137,0.0,0.0,0.07699999999999818,0.0,0.0,-0.0068849,-0.0275396,-0.0068849,1.721225,-0.0068849,0.0068849,-0.008894505494394,-0.002739438339404,-0.00554822954816,-0.000758852258868,-0.0029491758242370003,0.0019661172161580002,0.15411683879447843,1.7434459996366058,0.1517579999017471,0.062073000208329177,0.0
pd,00:03:10.776,820,-89.994,-90.0,0.0,-90.055,0.239,-0.0,0.0,0.0,0.0,0.0,0.0,0.0,-90.0,-90.0,0.0,-89.901,0.239,-0.0,-89.997,-90.0,0.0,-89.97800000000001,0.239,0.0,-0.7415671852899857,0.0,0.0,19.033557755776883,0.0,0.0,-0.0030000000000001137,0.0,0.0,0.07699999999999818,0.0,0.0,-0.0068849,-0.0275396,-0.0068849,1.721225,-0.0068849,0.0068849,-0.008894505494394,-0.002739438339404,-0.00554822954816,-0.000758852258868,-0.0029491758242370003,0.0019661172161580002,0.15411683879447843,1.7293529999733437,0.15840600008232286,0.07092499981808942,0.0
pd,00:03:10.780,821,-89.994,-90.0,0.0,-90.055,0.239,-0.0,0.0,0.0,0.0,0.0,0.0,0.0,-90.0,-90.0,0.0,-89.901,0.239,-0.0,-89.997,-90.0,0.0,-89.97800000000001,0.239,0.0,-0.466690601587437,0.0,0.0,11.978392107411253,0.0,0.0,-0.0030000000000001137,0.0,0.0,0.07699999999999818,0.0,0.0,-0.0068849,-0.0275396,-0.0068849,1.721225,-0.0068849,0.0068849,-0.008894505494394,-0.002739438339404,-0.00554822954816,-0.000758852258868,-0.0029491758242370003,0.0019661172161580002,0.15411683879447843,2.003942000101233,0.23464600008082925,0.09061100035978598,0.0
pd,00:03:10.782,822,-89.994,-90.0,0.0,-89.939,0.239,-0.0,0.0,0.0,0.0,44.2993047437001,0.0,0.0,-90.0,-90.0,0.0,-89.901,0.239,-0.0,-89.997,-90.0,0.0,-94.34993047437,0.239,0.0,-0.5728358372029717,0.0,0.0,-842.2463503765837,0.0,0.0,-0.0030000000000001137,0.0,0.0,-4.410930474370005,0.0,0.0,-0.0068849,-0.0275396,0.0275396,1.7900740000000002,-0.0481943,-0.0,-0.008894505494394,-0.0019245421245179999,-0.0049934065933439995,-0.001345238095266,-0.0019661172161580002,0.001431471306501,0.03847076812333947,2.968302999761363,0.5362359997889143,0.2340899995942891,0.0
pd,00:03:10.786,823,-89.994,-90.0,0.0,-89.939,0.239,-0.0,0.0,0.0,0.0,0.0,0.0,0.0,-90.0,-90.0,0.0,-89.901,0.239,-0.0,-89.997,-90.0,0.0,-89.91999999999999,0.239,0.0,-0.35234408602151873,0.0,0.0,2.2315125448026736,0.0,0.0,-0.0030000000000001137,0.0,0.0,0.019000000000005457,0.0,0.0,-0.0068849,-0.0481943,0.0275396,1.7900740000000002,-0.0481943,-0.0,-0.008825152625042,-0.0019245421245179999,-0.0049934065933439995,-0.001345238095266,-0.0019661172161580002,0.001431471306501,0.03847076812333947,2.603789000204415,0.23888699979579542,0.10629600001266226,0.0
pd,00:03:10.789,824,-89.994,-90.0,0.0,-89.939,0.239,-0.0,0.0,0.0,0.0,0.0,0.0,0.0,-90.0,-90.0,0.0,-89.901,0.239,-0.0,-89.997,-90.0,0.0,-89.91999999999999,0.239,0.0,-0.4925204321277782,0.0,0.0,3.119296070142206,0.0,0.0,-0.0030000000000001137,0.0,0.0,0.019000000000005457,0.0,0.0,-0.0068849,-0.0481943,0.0275396,1.7900740000000002,-0.0481943,-0.0,-0.008825152625042,-0.0019245421245179999,-0.0049934065933439995,-0.001345238095266,-0.0019661172161580002,0.001431471306501,0.03847076812333947,1.761019999776181,0.20390500003486522,0.10581399965303717,0.0
pd,00:03:10.792,825,-89.994,-90.0,0.0,-89.939,0.239,-0.0,0.0,0.0,0.0,0.0,0.0,0.0,-90.0,-90.0,0.0,-89.901,0.239,-0.0,-89.997,-90.0,0.0,-89.91999999999999,0.239,0.0,-0.6911409425464394,0.0,0.0,4.377225969460238,0.0,0.0,-0.0030000000000001137,0.0,0.0,0.019000000000005457,0.0,0.0,-0.0068849,-0.0481943,0.0275396,1.7900740000000002,-0.0481943,-0.0,-0.008825152625042,-0.0019245421245179999,-0.0049934065933439995,-0.001345238095266,-0.0019661172161580002,0.001431471306501,0.03847076812333947,2.180516000407806,0.23833099976400263,0.10762900001282105,0.0
pd,00:03:10.794,826,-89.994,-90.0,0.0,-89.939,0.239,-0.0,0.0,0.0,0.0,0.0,0.0,0.0,-90.0,-90.0,0.0,-89.901,0.239,-0.0,-89.997,-90.0,0.0,-89.91999999999999,0.239,0.0,-0.571482968480356,0.0,0.0,3.6193921337084696,0.0,0.0,-0.0030000000000001137,0.0,0.0,0.019000000000005457,0.0,0.0,-0.0068849,-0.0481943,0.0275396,1.7900740000000002,-0.0481943,-0.0,-0.008825152625042,-0.0019245421245179999,-0.0049934065933439995,-0.001345238095266,-0.0019661172161580002,0.001431471306501,0.03847076812333947,1.7282610001529974,0.14114700024947524,0.05927699976382428,0.0
pd,00:03:10.796,827,-89.994,-90.0,0.0,-89.939,0.239,-0.0,0.0,0.0,0.0,0.0,0.0,0.0,-90.0,-90.0,0.0,-89.901,0.239,-0.0,-89.997,-90.0,0.0,-89.91999999999999,0.239,0.0,-0.7521166766288391,0.0,0.0,4.76340561864872,0.0,0.0,-0.0030000000000001137,0.0,0.0,0.019000000000005457,0.0,0.0,-0.0068849,-0.0481943,0.0275396,1.7900740000000002,-0.0481943,-0.0,-0.008825152625042,-0.0019245421245179999,-0.0049934065933439995,-0.001345238095266,-0.0019661172161580002,0.001431471306501,0.03847076812333947,1.778241000010894,0.15798000003997004,0.07229599987113033,0.0
pd,00:03:10.798,828,-89.994,-90.0,0.0,-89.939,0.239,-0.0,0.0,0.0,0.0,0.0,0.0,0.0,-90.0,-90.0,0.0,-89.901,0.239,-0.0,-89.997,-90.0,0.0,-89.91999999999999,0.239,0.0,-0.720258271322294,0.0,0.0,4.56163571837396,0.0,0.0,-0.0030000000000001137,0.0,0.0,0.019000000000005457,0.0,0.0,-0.0068849,-0.0481943,0.0275396,1.7900740000000002,-0.0481943,-0.0,-0.008825152625042,-0.0019245421245179999,-0.0049934065933439995,-0.001345238095266,-0.0019661172161580002,0.001431471306501,0.03847076812333947,1.7101119997278147,0.1461829997424502,0.0635179999335378,0.0
pd,00:03:10.800,829,-89.994,-90.0,0.0,-89.939,0.239,-0.0,0.0,0.0,0.0,0.0,0.0,0.0,-90.0,-90.0,0.0,-89.901,0.239,-0.0,-89.997,-90.0,0.0,-89.91999999999999,0.239,0.0,-0.7552768307323215,0.0,0.0,4.783419927970773,0.0,0.0,-0.0030000000000001137,0.0,0.0,0.019000000000005457,0.0,0.0,-0.0068849,-0.0481943,0.0275396,1.7900740000000002,-0.0481943,-0.0,-0.008825152625042,-0.0019245421245179999,-0.0049934065933439995,-0.001345238095266,-0.0019661172161580002,0.001431471306501,0.03847076812333947,1.7075939999813272,0.1590350002516061,0.07116599999790196,0.0
pd,00:03:10.802,830,-89.994,-90.0,0.0,-89.895,0.239,-0.0,0.0,0.0,0.0,21.8867855787461,0.0,0.0,-90.0,-90.0,0.0,-89.901,0.239,-0.0,-89.997,-90.0,0.0,-92.0866785578746,0.239,0.0,-0.7461404174573337,0.0,0.0,-545.0999847015956,0.0,0.0,-0.0030000000000001137,0.0,0.0,-2.19167855787461,0.0,0.0,0.0413094,-0.0275396,-0.0,1.2323971,0.06884900000000001,-0.0068849,-0.00875579975569,-0.001283028083012,-0.005842979242906,-0.000793345543362,-0.0022593101343570004,0.0022593101343570004,0.008485281374238892,3.4234660001857264,0.2248870000585157,0.3837929998553591,0.0
pd,00:03:10.808,831,-89.994,-90.0,0.0,-89.895,0.239,-0.0,0.0,0.0,0.0,0.0,0.0,0.0,-90.0,-90.0,0.0,-89.901,0.239,-0.0,-89.997,-90.0,0.0,-89.898,0.239,0.0,-0.24834041209442798,0.0,0.0,-0.24834041209442798,0.0,0.0,-0.0030000000000001137,0.0,0.0,-0.0030000000000001137,0.0,0.0,0.0413094,-0.0275396,-0.0,1.2323971,0.06884900000000001,-0.0068849,-0.00875579975569,-0.001283028083012,-0.005842979242906,-0.000793345543362,-0.0022593101343570004,0.0022593101343570004,0.008485281374238892,1.9602580000537273,0.36547800027619815,0.13614699992103851,0.0
pd,00:03:10.811,832,-89.994,-90.0,0.0,-89.895,0.239,-0.0,0.0,0.0,0.0,0.0,0.0,0.0,-90.0,-90.0,0.0,-89.901,0.239,-0.0,-89.997,-90.0,0.0,-89.898,0.239,0.0,-0.57603515839592,0.0,0.0,-0.57603515839592,0.0,0.0,-0.0030000000000001137,0.0,0.0,-0.0030000000000001137,0.0,0.0,0.0413094,-0.0275396,-0.0,1.2323971,0.06884900000000001,-0.0068849,-0.00875579975569,-0.001283028083012,-0.005842979242906,-0.000793345543362,-0.0022593101343570004,0.0022593101343570004,0.008485281374238892,2.5382519997947384,0.2552010000727023,0.11959099992964184,0.0
pd,00:03:10.814,833,-89.994,-90.0,0.0,-89.895,0.239,-0.0,0.0,0.0,0.0,0.0,0.0,0.0,-90.0,-90.0,0.0,-89.901,0.239,-0.0,-89.997,-90.0,0.0,-89.898,0.239,0.0,-0.4951173369009395,0.0,0.0,-0.4951173369009395,0.0,0.0,-0.0030000000000001137,0.0,0.0,-0.0030000000000001137,0.0,0.0,0.0413094,-0.0275396,-0.0,1.2323971,0.06884900000000001,-0.0068849,-0.00875579975569,-0.001283028083012,-0.005842979242906,-0.000793345543362,-0.0022593101343570004,0.0022593101343570004,0.008485281374238892,2.153627000097913,0.23475700027120183,0.10912800007645274,0.0
pd,00:03:10.817,834,-89.994,-90.0,0.0,-89.895,0.239,-0.0,0.0,0.0,0.0,0.0,0.0,0.0,-90.0,-90.0,0.0,-89.901,0.239,-0.0,-89.997,-90.0,0.0,-89.898,0.239,0.0,-0.570757144153156,0.0,0.0,-0.570757144153156,0.0,0.0,-0.0030000000000001137,0.0,0.0,-0.0030000000000001137,0.0,0.0,0.0413094,-0.0275396,-0.0,1.2323971,0.06884900000000001,-0.0068849,-0.00875579975569,-0.001283028083012,-0.005842979242906,-0.000793345543362,-0.0022593101343570004,0.0022593101343570004,0.008485281374238892,1.7327969999314519,0.16568399996685912,0.07272099992405856,0.0
pd,00:03:10.819,835,-89.994,-90.0,0.0,-89.895,0.239,-0.0,0.0,0.0,0.0,0.0,0.0,0.0,-90.0,-90.0,0.0,-89.901,0.239,-0.0,-89.997,-90.0,0.0,-89.898,0.239,0.0,-0.7338686574128355,0.0,0.0,-0.7338686574128355,0.0,0.0,-0.0030000000000001137,0.0,0.0,-0.0030000000000001137,0.0,0.0,0.0413094,-0.0275396,-0.0,1.2323971,0.06884900000000001,-0.0068849,-0.00875579975569,-0.001283028083012,-0.005842979242906,-0.000793345543362,-0.0022593101343570004,0.0022593101343570004,0.008485281374238892,1.9260180001765548,0.18371999976807274,0.08355499994650017,0.0
pd,00:03:10.821,836,-89.994,-90.0,0.0,-89.895,0.239,-0.0,0.0,0.0,0.0,0.0,0.0,0.0,-90.0,-90.0,0.0,-89.901,0.239,-0.0,-89.997,-90.0,0.0,-89.898,0.239,0.0,-0.6590672532998364,0.0,0.0,-0.6590672532998364,0.0,0.0,-0.0030000000000001137,0.0,0.0,-0.0030000000000001137,0.0,0.0,0.0413094,-0.0275396,-0.0,1.2323971,0.06884900000000001,-0.0068849,-0.00875579975569,-0.001283028083012,-0.005842979242906,-0.000793345543362,-0.0022593101343570004,0.0022593101343570004,0.008485281374238892,1.7059460001291882,0.16794299972389126,0.07566600015707081,0.0
pd,00:03:10.823,837,-89.994,-90.0,0.0,-89.855,0.239,-0.0,0.0,0.0,0.0,19.758822282412744,0.0,0.0,-90.0,-90.0,0.0,-89.901,0.239,-0.0,-89.997,-90.0,0.0,-91.85388222824128,0.239,0.0,-0.7409558355906535,0.0,0.0,-493.6944838912539,0.0,0.0,-0.0030000000000001137,0.0,0.0,-1.9988822282412713,0.0,0.0,-0.0275396,-0.0206547,-0.0,0.6402957,-0.0137698,-0.0206547,-0.008738461538352,-0.001335042735026,-0.005600244200174,-0.0009313186813380001,-0.002724969475026,0.00120726495729,0.046389654018965165,3.5030389999519684,0.5672349998349091,0.30712599982507527,0.0
pd,00:03:10.827,838,-89.994,-90.0,0.0,-89.855,0.239,-0.0,0.0,0.0,0.0,0.0,0.0,0.0,-90.0,-90.0,0.0,-89.901,0.239,-0.0,-89.997,-90.0,0.0,-89.878,0.239,0.0,-0.3360282006088895,0.0,0.0,-2.5762162046676225,0.0,0.0,-0.0030000000000001137,0.0,0.0,-0.022999999999996135,0.0,0.0,-0.0275396,-0.0206547,-0.0,0.6402957,-0.0137698,-0.0206547,-0.008738461538352,-0.001335042735026,-0.005600244200174,-0.0009313186813380001,-0.002724969475026,0.00120726495729,0.046389654018965165,2.8640460000133316,0.35282900034872,0.13529499983633286,0.0
pd,00:03:10.831,839,-89.994,-90.0,0.0,-89.855,0.239,-0.0,0.0,0.0,0.0,0.0,0.0,0.0,-90.0,-90.0,0.0,-89.901,0.239,-0.0,-89.997,-90.0,0.0,-89.878,0.239,0.0,-0.4313648268769447,0.0,0.0,-3.307130339389228,0.0,0.0,-0.0030000000000001137,0.0,0.0,-0.022999999999996135,0.0,0.0,-0.0275396,-0.0206547,-0.0,0.6402957,-0.0137698,-0.0206547,-0.008738461538352,-0.001335042735026,-0.005600244200174,-0.0009313186813380001,-0.002724969475026,0.00120726495729,0.046389654018965165,2.6337330000387738,0.5140879998180026,0.13714699980482692,0.0
pd,00:03:10.834,840,-89.994,-90.0,0.0,-89.855,0.239,-0.0,0.0,0.0,0.0,0.0,0.0,0.0,-90.0,-90.0,0.0,-89.901,0.239,-0.0,-89.997,-90.0,0.0,-89.878,0.239,0.0,-0.4329380677126506,0.0,0.0,-3.319191852462971,0.0,0.0,-0.0030000000000001137,0.0,0.0,-0.022999999999996135,0.0,0.0,-0.0275396,-0.0206547,-0.0,0.6402957,-0.0137698,-0.0206547,-0.008738461538352,-0.001335042735026,-0.005600244200174,-0.0009313186813380001,-0.002724969475026,0.00120726495729,0.046389654018965165,1.953240000148071,0.20810900014112121,0.08322199983012979,0.0
pd,00:03:10.838,841,-89.994,-90.0,0.0,-89.855,0.239,-0.0,0.0,0.0,0.0,0.0,0.0,0.0,-90.0,-90.0,0.0,-89.901,0.239,-0.0,-89.997,-90.0,0.0,-89.878,0.239,0.0,-0.3900226892319285,0.0,0.0,-2.9901739507775025,0.0,0.0,-0.0030000000000001137,0.0,0.0,-0.022999999999996135,0.0,0.0,-0.0275396,-0.0206547,-0.0,0.6402957,-0.0137698,-0.0206547,-0.008738461538352,-0.001335042735026,-0.005600244200174,-0.0009313186813380001,-0.002724969475026,0.00120726495729,0.046389654018965165,2.1917929998380714,0.2988679998452426,0.13097999999445165,0.0
pd,00:03:10.841,842,-89.994,-90.0,0.0,-89.855,0.239,-0.0,0.0,0.0,0.0,0.0,0.0,0.0,-90.0,-90.0,0.0,-89.901,0.239,-0.0,-89.997,-90.0,0.0,-89.878,0.239,0.0,-0.5452340757431526,0.0,0.0,-4.180127914029976,0.0,0.0,-0.0030000000000001137,0.0,0.0,-0.022999999999996135,0.0,0.0,-0.0275396,-0.0206547,-0.0,0.6402957,-0.0137698,-0.0206547,-0.008738461538352,-0.001335042735026,-0.005600244200174,-0.0009313186813380001,-0.002724969475026,0.00120726495729,0.046389654018965165,2.387273000294954,1.6550570003346365,0.43310699993526214,0.0
pd,00:03:10.846,843,-89.994,-90.0,-0.0,-89.827,0.239,-0.0,0.0,0.0,-0.0,5.855921815009939,0.0,0.0,-90.0,-90.0,0.0,-89.901,0.239,-0.0,-89.997,-90.0,0.0,-90.44959218150099,0.239,0.0,-0.3137100972326222,0.0,0.0,-65.10448459831315,0.0,0.0,-0.0030000000000001137,0.0,0.0,-0.6225921815009912,0.0,0.0,-0.0068849,-0.0275396,-0.0137698,0.481943,-0.0,-0.0275396,-0.009119902319787999,-0.0024967032966719998,-0.005340170940104,0.000793345543362,-0.002000610500652,0.001586691086724,0.07424284477308044,3.2887639999898965,0.28864500018244144,0.31745900014357176,0.0
pd,00:03:10.850,844,-89.994,-90.0,-0.0,-89.827,0.239,-0.0,0.0,0.0,0.0,0.0,0.0,0.0,-90.0,-90.0,0.0,-89.901,0.239,-0.0,-89.997,-90.0,0.0,-89.864,0.239,0.0,-0.37262828713576396,0.0,0.0,-4.595748874674128,0.0,0.0,-0.0030000000000001137,0.0,0.0,-0.03700000000000614,0.0,0.0,-0.0068849,-0.0275396,-0.0137698,0.481943,-0.0,-0.0275396,-0.009119902319787999,-0.0024967032966719998,-0.005340170940104,0.000793345543362,-0.002000610500652,0.001586691086724,0.07424284477308044,1.8598890001157997,0.26666400026442716,0.19753500009755953,0.0
pd,00:03:10.852,845,-89.994,-90.0,-0.0,-89.827,0.239,-0.0,0.0,0.0,0.0,0.0,0.0,0.0,-90.0,-90.0,0.0,-89.901,0.239,-0.0,-89.997,-90.0,0.0,-89.864,0.239,0.0,-0.6082815430726325,0.0,0.0,-7.502139031228655,0.0,0.0,-0.0030000000000001137,0.0,0.0,-0.03700000000000614,0.0,0.0,-0.0068849,-0.0275396,-0.0137698,0.481943,-0.0,-0.0275396,-0.009119902319787999,-0.0024967032966719998,-0.005340170940104,0.000793345543362,-0.002000610500652,0.001586691086724,0.07424284477308044,1.8447590000505443,0.20625700017262716,0.0842209997244936,0.0
pd,00:03:10.854,846,-89.994,-90.0,-0.0,-89.827,0.239,-0.0,0.0,0.0,0.0,0.0,0.0,0.0,-90.0,-90.0,0.0,-89.901,0.239,-0.0,-89.997,-90.0,0.0,-89.864,0.239,0.0,-0.6767917383821255,0.0,0.0,-8.347098106712346,0.0,0.0,-0.0030000000000001137,0.0,0.0,-0.03700000000000614,0.0,0.0,-0.0068849,-0.0275396,-0.0137698,0.481943,-0.0,-0.0275396,-0.009119902319787999,-0.0024967032966719998,-0.005340170940104,0.000793345543362,-0.002000610500652,0.001586691086724,0.07424284477308044,2.0587019998856704,0.25457099991399446,0.09301699992647627,0.0
pd,00:03:10.857,847,-89.994,-90.0,-0.0,-89.827,0.239,-0.0,0.0,0.0,0.0,0.0,0.0,0.0,-90.0,-90.0,0.0,-89.901,0.239,-0.0,-89.997,-90.0,0.0,-89.864,0.239,0.0,-0.6024567652973511,0.0,0.0,-7.430300105333522,0.0,0.0,-0.0030000000000001137,0.0,0.0,-0.03700000000000614,0.0,0.0,-0.0068849,-0.0275396,-0.0137698,0.481943,-0.0,-0.0275396,-0.009119902319787999,-0.0024967032966719998,-0.005340170940104,0.000793345543362,-0.002000610500652,0.001586691086724,0.07424284477308044,2.071442000215029,0.235127999985707,0.117721000151505,0.0
pd,00:03:10.860,848,-89.994,-90.0,-0.0,-89.827,0.239,-0.0,0.0,0.0,0.0,0.0,0.0,0.0,-90.0,-90.0,0.0,-89.901,0.239,-0.0,-89.997,-90.0,0.0,-89.864,0.239,0.0,-0.5915246333208197,0.0,0.0,-7.295470477622976,0.0,0.0,-0.0030000000000001137,0.0,0.0,-0.03700000000000614,0.0,0.0,-0.0068849,-0.0275396,-0.0137698,0.481943,-0.0,-0.0275396,-0.009119902319787999,-0.0024967032966719998,-0.005340170940104,0.000793345543362,-0.002000610500652,0.001586691086724,0.07424284477308044,2.641917999881116,0.2696830001696071,0.127573000099801,0.0
pd,00:03:10.863,849,-89.994,-90.0,-0.0,-89.814,0.239,-0.0,0.0,0.0,0.0,4.120141453832699,0.0,0.0,-90.0,-90.0,0.0,-89.901,0.239,-0.0,-89.997,-90.0,0.0,-90.26951414538327,0.239,0.0,-0.47540093698052277,0.0,0.0,-72.18395050769372,0.0,0.0,-0.0030000000000001137,0.0,0.0,-0.45551414538327606,0.0,0.0,0.0206547,0.0,-0.0,0.26162620000000003,0.0068849,-0.0,-0.010281562881434,-0.0016644688644479998,-0.00658852258844,0.001276251526278,-0.002138583638628,0.0017419108669470002,0.08720665112249511,3.446891000294272,0.23994199955268414,0.11236900036237785,0.0
pd,00:03:10.867,850,-89.994,-90.0,-0.0,-89.814,0.239,-0.0,0.0,0.0,0.0,0.0,0.0,0.0,-90.0,-90.0,0.0,-89.901,0.239,-0.0,-89.997,-90.0,0.0,-89.85749999999999,0.239,0.0,-0.384422338995493,0.0,0.0,-5.574123915434648,0.0,0.0,-0.0030000000000001137,0.0,0.0,-0.04349999999999454,0.0,0.0,0.0206547,0.0,-0.0,0.26162620000000003,0.0068849,-0.0,-0.010281562881434,-0.0016644688644479998,-0.00658852258844,0.001276251526278,-0.002138583638628,0.0017419108669470002,0.08720665112249511,3.155524000248988,0.23777500018695719,0.11383199989722925,0.0
pd,00:03:10.872,851,-89.994,-90.0,-0.0,-89.814,0.239,-0.0,0.0,0.0,0.0,0.0,0.0,0.0,-90.0,-90.0,0.0,-89.901,0.239,-0.0,-89.997,-90.0,0.0,-89.85749999999999,0.239,0.0,-0.2996216782550833,0.0,0.0,-4.344514334698707,0.0,0.0,-0.0030000000000001137,0.0,0.0,-0.04349999999999454,0.0,0.0,0.0206547,0.0,-0.0,0.26162620000000003,0.0068849,-0.0,-0.010281562881434,-0.0016644688644479998,-0.00658852258844,0.001276251526278,-0.002138583638628,0.0017419108669470002,0.08720665112249511,1.9287219997750071,0.23283100017579272,0.08325900034833467,0.0
pd,00:03:10.874,852,-89.994,-90.0,-0.0,-89.814,0.239,-0.0,0.0,0.0,0.0,0.0,0.0,0.0,-90.0,-90.0,0.0,-89.901,0.239,-0.0,-89.997,-90.0,0.0,-89.85749999999999,0.239,0.0,-0.6392456817720218,0.0,0.0,-9.269062385694316,0.0,0.0,-0.0030000000000001137,0.0,0.0,-0.04349999999999454,0.0,0.0,0.0206547,0.0,-0.0,0.26162620000000003,0.0068849,-0.0,-0.010281562881434,-0.0016644688644479998,-0.00658852258844,0.001276251526278,-0.002138583638628,0.0017419108669470002,0.08720665112249511,2.3640499998691666,0.3114599999207712,0.13447999981508474,0.0
pd,00:03:10.877,853,-89.994,-90.0,-0.0,-89.814,0.239,-0.0,0.0,0.0,0.0,0.0,0.0,0.0,-90.0,-90.0,0.0,-89.901,0.239,-0.0,-89.997,-90.0,0.0,-89.85749999999999,0.239,0.0,-0.5093471502590866,0.0,0.0,-7.385533678756756,0.0,0.0,-0.0030000000000001137,0.0,0.0,-0.04349999999999454,0.0,0.0,0.0206547,0.0,-0.0,0.26162620000000003,0.0068849,-0.0,-0.010281562881434,-0.0016644688644479998,-0.00658852258844,0.001276251526278,-0.002138583638628,0.0017419108669470002,0.08720665112249511,2.239219000330195,0.24986800008264254,0.12692500013145036,0.0
pd,00:03:10.880,854,-89.994,-90.0,-0.0,-89.814,0.239,-0.0,0.0,0.0,0.0,0.0,0.0,0.0,-90.0,-90.0,0.0,-89.901,0.239,-0.0,-89.997,-90.0,0.0,-89.85749999999999,0.239,0.0,-0.5496161439678726,0.0,0.0,-7.969434087534154,0.0,0.0,-0.0030000000000001137,0.0,0.0,-0.04349999999999454,0.0,0.0,0.0206547,0.0,-0.0,0.26162620000000003,0.0068849,-0.0,-0.010281562881434,-0.0016644688644479998,-0.00658852258844,0.001276251526278,-0.002138583638628,0.0017419108669470002,0.08720665112249511,2.3358849998658116,0.23283100017579272,0.11279499994998332,0.0
pd,00:03:10.882,855,-89.994,-90.0,0.0,-89.806,0.239,-0.0,0.0,0.0,0.0,2.8767517146760464,0.0,0.0,-90.0,-90.0,0.0,-89.901,0.239,-0.0,-89.997,-90.0,0.0,-90.1411751714676,0.239,0.0,-0.5393909465020781,0.0,0.0,-60.263484327300134,0.0,0.0,-0.0030000000000001137,0.0,0.0,-0.335175171467597,0.0,0.0,0.0206547,-0.0275396,-0.0,0.0275396,-0.0206547,0.0068849,-0.010368253968124,-0.002219291819264,-0.006345787545708,0.0016729242979590003,-0.0022248168498630004,0.0018108974359350002,0.09518928511129698,3.322633000152564,1.039008000134345,0.34386700008326443,0.0
pd,00:03:10.887,856,-89.994,-90.0,0.0,-89.806,0.239,-0.0,0.0,0.0,0.0,0.0,0.0,0.0,-90.0,-90.0,0.0,-89.901,0.239,-0.0,-89.997,-90.0,0.0,-89.8535,0.239,0.0,-0.3054104854369048,0.0,0.0,-4.835666019417418,0.0,0.0,-0.0030000000000001137,0.0,0.0,-0.04749999999999943,0.0,0.0,0.0206547,-0.0275396,-0.0,0.0275396,-0.0206547,0.0068849,-0.010368253968124,-0.002219291819264,-0.006345787545708,0.0016729242979590003,-0.0022248168498630004,0.0018108974359350002,0.09518928511129698,1.8653329998414847,0.2075160000458709,0.07316599976547877,0.0
pd,00:03:10.890,857,-89.994,-90.0,0.0,-89.806,0.239,-0.0,0.0,0.0,0.0,0.0,0.0,0.0,-90.0,-90.0,0.0,-89.901,0.239,-0.0,-89.997,-90.0,0.0,-89.8535,0.239,0.0,-0.6754112721417325,0.0,0.0,-10.694011808910231,0.0,0.0,-0.0030000000000001137,0.0,0.0,-0.04749999999999943,0.0,0.0,0.0206547,-0.0275396,-0.0,0.0275396,-0.0206547,0.0068849,-0.010368253968124,-0.002219291819264,-0.006345787545708,0.0016729242979590003,-0.0022248168498630004,0.0018108974359350002,0.09518928511129698,1.6574470000705332,0.14420200022868812,0.06070300014471286,0.0
pd,00:03:10.891,858,-89.994,-90.0,0.0,-89.806,0.239,-0.0,0.0,0.0,0.0,0.0,0.0,0.0,-90.0,-90.0,0.0,-89.901,0.239,-0.0,-89.997,-90.0,0.0,-89.8535,0.239,0.0,-0.7775869484612827,0.0,0.0,-12.311793350636362,0.0,0.0,-0.0030000000000001137,0.0,0.0,-0.04749999999999943,0.0,0.0,0.0206547,-0.0275396,-0.0,0.0275396,-0.0206547,0.0068849,-0.010368253968124,-0.002219291819264,-0.006345787545708,0.0016729242979590003,-0.0022248168498630004,0.0018108974359350002,0.09518928511129698,1.8065379999825382,0.211554000088654,0.09742499969433993,0.0
pd,00:03:10.894,859,-89.994,-90.0,0.0,-89.806,0.239,-0.0,0.0,0.0,0.0,0.0,0.0,0.0,-90.0,-90.0,0.0,-89.901,0.239,-0.0,-89.997,-90.0,0.0,-89.8535,0.239,0.0,-0.6795696694750744,0.0,0.0,-10.759853100021473,0.0,0.0,-0.0030000000000001137,0.0,0.0,-0.04749999999999943,0.0,0.0,0.0206547,-0.0275396,-0.0,0.0275396,-0.0206547,0.0068849,-0.010368253968124,-0.002219291819264,-0.006345787545708,0.0016729242979590003,-0.0022248168498630004,0.0018108974359350002,0.09518928511129698,1.8287779998900078,0.23234900027091498,0.11170200014021248,0.0
pd,00:03:10.896,860,-89.994,-90.0,0.0,-89.806,0.239,-0.0,0.0,0.0,0.0,0.0,0.0,0.0,-90.0,-90.0,0.0,-89.901,0.239,-0.0,-89.997,-90.0,0.0,-89.8535,0.239,0.0,-0.6596892104435607,0.0,0.0,-10.445079165355857,0.0,0.0,-0.0030000000000001137,0.0,0.0,-0.04749999999999943,0.0,0.0,0.0206547,-0.0275396,-0.0,0.0275396,-0.0206547,0.0068849,-0.010368253968124,-0.002219291819264,-0.006345787545708,0.0016729242979590003,-0.0022248168498630004,0.0018108974359350002,0.09518928511129698,1.8830179997166852,0.24708999990252778,0.12460900006772135,0.0
pd,00:03:10.899,861,-89.994,-90.0,0.0,-89.806,0.239,-0.0,0.0,0.0,0.0,0.0,0.0,0.0,-90.0,-90.0,0.0,-89.901,0.239,-0.0,-89.997,-90.0,0.0,-89.8535,0.239,0.0,-0.424324273285239,0.0,0.0,-6.718467660349282,0.0,0.0,-0.0030000000000001137,0.0,0.0,-0.04749999999999943,0.0,0.0,0.0206547,-0.0275396,-0.0,0.0275396,-0.0206547,0.0068849,-0.010368253968124,-0.002219291819264,-0.006345787545708,0.0016729242979590003,-0.0022248168498630004,0.0018108974359350002,0.09518928511129698,2.092719999836845,0.2786269997159252,0.12111000023651286,0.0
pd,00:03:10.902,862,-89.995,-90.0,0.0,-89.8,0.238,-0.0,-0.37871819413273383,0.0,0.0,2.2723091647856393,-0.37871819413092583,0.0,-90.0,-90.0,0.0,-89.901,0.239,-0.0,-89.95962818058673,-90.0,0.0,-90.07773091647856,0.2763718194130926,0.0,6.697975785660486,0.0,0.0,-52.59087557154424,7.266053076822208,0.0,0.035371819413271055,0.0,0.0,-0.27773091647856063,0.03837181941309259,0.0,0.0206547,0.0137698,-0.0,-0.0619641,0.0206547,-0.0,-0.010298901098772,-0.0019245421245179999,-0.005236141636076,0.002104090354134,-0.0027422161172730003,0.001431471306501,0.1011286309607708,4.662267999719916,1.097118999950908,0.13892399965698132,0.0
pd,00:03:10.908,863,-89.995,-90.0,0.0,-89.8,0.238,-0.0,0.0,0.0,0.0,0.0,0.0,0.0,-90.0,-90.0,0.0,-89.901,0.239,-0.0,-89.9975,-90.0,0.0,-89.8505,0.2385,0.0,-0.20723664966975894,0.0,0.0,-4.1861803233329,0.04144732993398952,0.0,-0.0024999999999977263,0.0,0.0,-0.050499999999999545,0.0005000000000000004,0.0,0.0137698,0.0137698,-0.0,-0.0619641,0.0206547,-0.0,-0.010298901098772,-0.0019245421245179999,-0.005236141636076,0.002104090354134,-0.0027422161172730003,0.001431471306501,0.1011286309607708,1.9226100002924795,0.29684899982385105,0.12457299999368843,0.0
pd,00:03:10.911,864,-89.995,-90.0,0.0,-89.8,0.238,-0.0,0.0,0.0,0.0,0.0,0.0,0.0,-90.0,-90.0,0.0,-89.901,0.239,-0.0,-89.9975,-90.0,0.0,-89.8505,0.2385,0.0,-0.5091163332681328,0.0,0.0,-10.284149932025544,0.10182326665371925,0.0,-0.0024999999999977263,0.0,0.0,-0.050499999999999545,0.0005000000000000004,0.0,0.0137698,0.0137698,-0.0,-0.0619641,0.0206547,-0.0,-0.010298901098772,-0.0019245421245179999,-0.005236141636076,0.002104090354134,-0.0027422161172730003,0.001431471306501,0.1011286309607708,1.9591840000430238,0.3611629999795696,0.11970200012001442,0.0
pd,00:03:10.913,865,-89.995,-90.0,0.0,-89.8,0.238,-0.0,0.0,0.0,0.0,0.0,0.0,0.0,-90.0,-90.0,0.0,-89.901,0.239,-0.0,-89.9975,-90.0,0.0,-89.8505,0.2385,0.0,-0.492104373943611,0.0,0.0,-9.940508353669893,0.0984208747888118,0.0,-0.0024999999999977263,0.0,0.0,-0.050499999999999545,0.0005000000000000004,0.0,0.0137698,0.0137698,-0.0,-0.0619641,0.0206547,-0.0,-0.010298901098772,-0.0019245421245179999,-0.005236141636076,0.002104090354134,-0.0027422161172730003,0.001431471306501,0.1011286309607708,1.7815559999689867,0.17359100002067862,0.07012800006123143,0.0
pd,00:03:10.915,866,-89.995,-90.0,0.0,-89.8,0.238,-0.0,0.0,0.0,0.0,0.0,0.0,0.0,-90.0,-90.0,0.0,-89.901,0.239,-0.0,-89.9975,-90.0,0.0,-89.8505,0.2385,0.0,-0.5954434980119514,0.0,0.0,-12.027958659852247,0.11908869960249868,0.0,-0.0024999999999977263,0.0,0.0,-0.050499999999999545,0.0005000000000000004,0.0,0.0137698,0.0137698,-0.0,-0.0619641,0.0206547,-0.0,-0.010298901098772,-0.0019245421245179999,-0.005236141636076,0.002104090354134,-0.0027422161172730003,0.001431471306501,0.1011286309607708,1.7160570000669395,0.16568299997743452,0.11025800040442846,0.0
pd,00:03:10.917,867,-89.995,-90.0,0.0,-89.8,0.238,-0.0,0.0,0.0,0.0,0.0,0.0,0.0,-90.0,-90.0,0.0,-89.901,0.239,-0.0,-89.9975,-90.0,0.0,-89.8505,0.2385,0.0,-0.6052037400433142,0.0,0.0,-12.225115548885958,0.12104074800877306,0.0,-0.0024999999999977263,0.0,0.0,-0.050499999999999545,0.0005000000000000004,0.0,0.0137698,0.0137698,-0.0,-0.0619641,0.0206547,-0.0,-0.010298901098772,-0.0019245421245179999,-0.005236141636076,0.002104090354134,-0.0027422161172730003,0.001431471306501,0.1011286309607708,1.6998529999909806,0.14272099997469923,0.06694399962725583,0.0
pd,00:03:10.919,868,-89.995,-90.0,0.0,-89.8,0.238,-0.0,0.0,0.0,0.0,0.0,0.0,0.0,-90.0,-90.0,0.0,-89.901,0.239,-0.0,-89.9975,-90.0,0.0,-89.8505,0.2385,0.0,-0.6318245360322043,0.0,0.0,-12.76285562786202,0.1263649072065559,0.0,-0.0024999999999977263,0.0,0.0,-0.050499999999999545,0.0005000000000000004,0.0,0.0137698,0.0137698,-0.0,-0.0619641,0.0206547,-0.0,-0.010298901098772,-0.0019245421245179999,-0.005236141636076,0.002104090354134,-0.0027422161172730003,0.001431471306501,0.1011286309607708,1.8073890000778192,0.15812800029380014,0.06703700000798563,0.0
pd,00:03:10.922,869,-89.995,-90.0,0.0,-89.8,0.238,-0.0,0.0,0.0,0.0,0.0,0.0,0.0,-90.0,-90.0,0.0,-89.901,0.239,-0.0,-89.9975,-90.0,0.0,-89.8505,0.2385,0.0,-0.5951055618609797,0.0,0.0,-12.021132349602617,0.11902111237230431,0.0,-0.0024999999999977263,0.0,0.0,-0.050499999999999545,0.0005000000000000004,0.0,0.0137698,0.0137698,-0.0,-0.0619641,0.0206547,-0.0,-0.010298901098772,-0.0019245421245179999,-0.005236141636076,0.002104090354134,-0.0027422161172730003,0.001431471306501,0.1011286309607708,2.1259040004224516,1.4816339999015327,0.3908670000782877,0.0
pd,00:03:10.926,870,-89.995,-90.0,0.0,-89.799,0.238,-0.0,0.0,0.0,0.0,0.23496185087448448,0.0,0.0,-90.0,-90.0,0.0,-89.901,0.239,-0.0,-89.9975,-90.0,0.0,-89.87349618508745,0.2385,0.0,-0.2937023135956099,0.0,0.0,-8.751880765699504,0.05874046271917545,0.0,-0.0024999999999977263,0.0,0.0,-0.07449618508744038,0.0005000000000000004,0.0,-0.034424500000000004,0.0068849,-0.0206547,-0.1239282,0.0068849,0.034424500000000004,-0.010524297924165999,-0.002132600732574,-0.004785347985288,0.001259004884031,-0.0016901709402060002,0.0016556776557120003,0.10212737145348372,3.1214689997796086,0.24436800003968528,0.1157770002464531,0.0
pd,00:03:10.931,871,-89.995,-90.0,0.0,-89.799,0.238,-0.0,0.0,0.0,0.0,0.0,0.0,0.0,-90.0,-90.0,0.0,-89.901,0.239,-0.0,-89.9975,-90.0,0.0,-89.85,0.2385,0.0,-0.2607489928878118,0.0,0.0,-5.319279454915659,0.05214979857760983,0.0,-0.0024999999999977263,0.0,0.0,-0.05099999999998772,0.0005000000000000004,0.0,-0.034424500000000004,0.0068849,-0.0206547,-0.1239282,0.0068849,0.034424500000000004,-0.010524297924165999,-0.002132600732574,-0.004785347985288,0.001259004884031,-0.0016901709402060002,0.0016556776557120003,0.10212737145348372,1.9171660001120472,0.2938669999821286,0.09946099999069702,0.0
pd,00:03:10.933,872,-89.995,-90.0,0.0,-89.799,0.238,-0.0,0.0,0.0,0.0,0.0,0.0,0.0,-90.0,-90.0,0.0,-89.901,0.239,-0.0,-89.9975,-90.0,0.0,-89.85,0.2385,0.0,-0.48348210992209806,0.0,0.0,-9.86303504241877,0.09669642198450765,0.0,-0.0024999999999977263,0.0,0.0,-0.05099999999998772,0.0005000000000000004,0.0,-0.034424500000000004,0.0068849,-0.0206547,-0.1239282,0.0068849,0.034424500000000004,-0.010524297924165999,-0.002132600732574,-0.004785347985288,0.001259004884031,-0.0016901709402060002,0.0016556776557120003,0.10212737145348372,1.7452970000704227,0.16012800006137695,0.06244399992283434,0.0
pd,00:03:10.935,873,-89.995,-90.0,0.0,-89.799,0.238,-0.0,0.0,0.0,0.0,0.0,0.0,0.0,-90.0,-90.0,0.0,-89.901,0.239,-0.0,-89.9975,-90.0,0.0,-89.85,0.2385,0.0,-0.61363295880094,0.0,0.0,-12.518112359549292,0.12272659176029974,0.0,-0.0024999999999977263,0.0,0.0,-0.05099999999998772,0.0005000000000000004,0.0,-0.034424500000000004,0.0068849,-0.0206547,-0.1239282,0.0068849,0.034424500000000004,-0.010524297924165999,-0.002132600732574,-0.004785347985288,0.001259004884031,-0.0016901709402060002,0.0016556776557120003,0.10212737145348372,2.5681040001472866,0.26553399993645144,0.13346100013222895,0.0
pd,00:03:10.938,874,-89.995,-90.0,0.0,-89.799,0.238,-0.0,0.0,0.0,0.0,0.0,0.0,0.0,-90.0,-90.0,0.0,-89.901,0.239,-0.0,-89.9975,-90.0,0.0,-89.85,0.2385,0.0,-0.4049494091291598,0.0,0.0,-8.260967946241536,0.08098988182590569,0.0,-0.0024999999999977263,0.0,0.0,-0.05099999999998772,0.0005000000000000004,0.0,-0.034424500000000004,0.0068849,-0.0206547,-0.1239282,0.0068849,0.034424500000000004,-0.010524297924165999,-0.002132600732574,-0.004785347985288,0.001259004884031,-0.0016901709402060002,0.0016556776557120003,0.10212737145348372,1.8170190001001174,0.20964600025763502,0.08725799989406369,0.0
pd,00:03:10.940,875,-89.995,-90.0,0.0,-89.799,0.238,-0.0,0.0,0.0,0.0,0.0,0.0,0.0,-90.0,-90.0,0.0,-89.901,0.239,-0.0,-89.9975,-90.0,0.0,-89.85,0.2385,0.0,-0.5680875501132552,0.0,0.0,-11.58898602231977,0.11361751002275446,0.0,-0.0024999999999977263,0.0,0.0,-0.05099999999998772,0.0005000000000000004,0.0,-0.034424500000000004,0.0068849,-0.0206547,-0.1239282,0.0068849,0.034424500000000004,-0.010524297924165999,-0.002132600732574,-0.004785347985288,0.001259004884031,-0.0016901709402060002,0.0016556776557120003,0.10212737145348372,1.9590550000430085,0.37057100007586996,0.14373899966813042,0.0
pd,00:03:10.943,876,-89.995,-90.0,0.0,-89.8,0.238,-0.0,0.0,0.0,0.0,-0.38504580923165543,0.0,0.0,-90.0,-90.0,0.0,-89.901,0.239,-0.0,-89.9975,-90.0,0.0,-89.81199541907684,0.2385,0.0,-0.48130726154367315,0.0,0.0,-2.3093929227779832,0.09626145230882227,0.0,-0.0024999999999977263,0.0,0.0,-0.011995419076839653,0.0005000000000000004,0.0,0.0,0.0068849,-0.0275396,-0.0757339,0.0137698,0.034424500000000004,-0.011148473748334,-0.00164713064711,-0.006033699633624,0.002966422466484,-0.002138583638628,0.002086843711887,0.1011286309607708,3.781111000080273,0.6652900001427042,0.10705500017138547,0.0
pd,00:03:10.948,877,-89.995,-90.0,0.0,-89.8,0.238,-0.0,0.0,0.0,0.0,0.0,0.0,0.0,-90.0,-90.0,0.0,-89.901,0.239,-0.0,-89.9975,-90.0,0.0,-89.8505,0.2385,0.0,-0.2686589802713416,0.0,0.0,-5.426911401485987,0.05373179605431724,0.0,-0.0024999999999977263,0.0,0.0,-0.050499999999999545,0.0005000000000000004,0.0,0.0,0.0068849,-0.0275396,-0.0757339,0.0137698,0.034424500000000004,-0.011148473748334,-0.00164713064711,-0.006033699633624,0.002966422466484,-0.002138583638628,0.002086843711887,0.1011286309607708,1.766631000009511,0.1632209996387246,0.06994400018811575,0.0
pd,00:03:10.950,878,-89.995,-90.0,0.0,-89.8,0.238,-0.0,0.0,0.0,0.0,0.0,0.0,0.0,-90.0,-90.0,0.0,-89.901,0.239,-0.0,-89.9975,-90.0,0.0,-89.8505,0.2385,0.0,-0.6030457786974042,0.0,0.0,-12.181524729698532,0.12060915573959063,0.0,-0.0024999999999977263,0.0,0.0,-0.050499999999999545,0.0005000000000000004,0.0,0.0,0.0068849,-0.0275396,-0.0757339,0.0137698,0.034424500000000004,-0.011148473748334,-0.00164713064711,-0.006033699633624,0.002966422466484,-0.002138583638628,0.002086843711887,0.1011286309607708,1.691335000032268,0.17116400022132439,0.058721999721456086,0.0
pd,00:03:10.952,879,-89.995,-90.0,0.0,-89.8,0.238,-0.0,0.0,0.0,0.0,0.0,0.0,0.0,-90.0,-90.0,0.0,-89.901,0.239,-0.0,-89.9975,-90.0,0.0,-89.8505,0.2385,0.0,-0.6300781156105314,0.0,0.0,-12.727577935344195,0.126015623122221,0.0,-0.0024999999999977263,0.0,0.0,-0.050499999999999545,0.0005000000000000004,0.0,0.0,0.0068849,-0.0275396,-0.0757339,0.0137698,0.034424500000000004,-0.011148473748334,-0.00164713064711,-0.006033699633624,0.002966422466484,-0.002138583638628,0.002086843711887,0.1011286309607708,1.7359450002913945,0.1739979998092167,0.0818879998405464,0.0
pd,00:03:10.954,880,-89.995,-90.0,0.0,-89.8,0.238,-0.0,0.0,0.0,0.0,0.0,0.0,0.0,-90.0,-90.0,0.0,-89.901,0.239,-0.0,-89.9975,-90.0,0.0,-89.8505,0.2385,0.0,-0.6039488538181352,0.0,0.0,-12.199766847137317,0.12078977076373701,0.0,-0.0024999999999977263,0.0,0.0,-0.050499999999999545,0.0005000000000000004,0.0,0.0,0.0068849,-0.0275396,-0.0757339,0.0137698,0.034424500000000004,-0.011148473748334,-0.00164713064711,-0.006033699633624,0.002966422466484,-0.002138583638628,0.002086843711887,0.1011286309607708,1.9559059996936412,0.18851599998015445,0.08696199984115083,0.0
pd,00:03:10.957,881,-89.995,-90.0,0.0,-89.8,0.238,-0.0,0.0,0.0,0.0,0.0,0.0,0.0,-90.0,-90.0,0.0,-89.901,0.239,-0.0,-89.9975,-90.0,0.0,-89.8505,0.2385,0.0,-0.37398387902098806,0.0,0.0,-7.554474356230761,0.0747967758042657,0.0,-0.0024999999999977263,0.0,0.0,-0.050499999999999545,0.0005000000000000004,0.0,0.0,0.0068849,-0.0275396,-0.0757339,0.0137698,0.034424500000000004,-0.011148473748334,-0.00164713064711,-0.006033699633624,0.002966422466484,-0.002138583638628,0.002086843711887,0.1011286309607708,1.9019249998564192,0.2395340002294688,0.09148100025413441,0.0
pd,00:03:10.960,882,-89.995,-90.0,0.0,-89.8,0.238,-0.0,0.0,0.0,0.0,0.0,0.0,0.0,-90.0,-90.0,0.0,-89.901,0.239,-0.0,-89.9975,-90.0,0.0,-89.8505,0.2385,0.0,-0.4912743628181439,0.0,0.0,-9.923742128935443,0.09825487256371823,0.0,-0.0024999999999977263,0.0,0.0,-0.050499999999999545,0.0005000000000000004,0.0,0.0,0.0068849,-0.0275396,-0.0757339,0.0137698,0.034424500000000004,-0.011148473748334,-0.00164713064711,-0.006033699633624,0.002966422466484,-0.002138583638628,0.002086843711887,0.1011286309607708,2.558677999786596,0.2982930000143824,0.13174000014259946,0.0
pd,00:03:10.963,883,-89.995,-90.0,-0.0,-89.802,0.238,-0.0,0.0,0.0,-0.0,-0.6402540070248859,0.0,0.0,-90.0,-90.0,0.0,-89.901,0.239,-0.0,-89.9975,-90.0,0.0,-89.78747459929751,0.2385,0.0,-0.400158754388279,0.0,0.0,2.3249865008423387,0.08003175087772867,0.0,-0.0024999999999977263,0.0,0.0,0.014525400702495972,0.0005000000000000004,0.0,0.0619641,-0.0206547,-0.0137698,-0.47505810000000004,-0.0,0.0068849,-0.011217826617686,-0.002149938949912,-0.005842979242906,0.002121336996381,-0.002207570207616,0.0019661172161580002,0.09913122616006463,2.608473999771377,0.2530530000512954,0.12140599983467837,0.0
pd,00:03:10.966,884,-89.995,-90.0,-0.0,-89.802,0.238,-0.0,0.0,0.0,0.0,0.0,0.0,0.0,-90.0,-90.0,0.0,-89.901,0.239,-0.0,-89.9975,-90.0,0.0,-89.8515,0.2385,0.0,-0.4041066748878705,0.0,0.0,-8.001312162786267,0.08082133497764768,0.0,-0.0024999999999977263,0.0,0.0,-0.04949999999999477,0.0005000000000000004,0.0,0.0619641,-0.0206547,-0.0137698,-0.47505810000000004,-0.0,0.0068849,-0.011217826617686,-0.002149938949912,-0.005842979242906,0.002121336996381,-0.002207570207616,0.0019661172161580002,0.09913122616006463,1.8077419999826816,0.17512800013719243,0.0759990002734412,0.0
pd,00:03:10.968,885,-89.995,-90.0,-0.0,-89.802,0.238,-0.0,0.0,0.0,0.0,0.0,0.0,0.0,-90.0,-90.0,0.0,-89.901,0.239,-0.0,-89.9975,-90.0,0.0,-89.8515,0.2385,0.0,-0.5850122740454398,0.0,0.0,-11.58324302610902,0.11700245480919448,0.0,-0.0024999999999977263,0.0,0.0,-0.04949999999999477,0.0005000000000000004,0.0,0.0619641,-0.0206547,-0.0137698,-0.47505810000000004,-0.0,0.0068849,-0.011217826617686,-0.002149938949912,-0.005842979242906,0.002121336996381,-0.002207570207616,0.0019661172161580002,0.09913122616006463,3.179079999881651,0.2532390003580076,0.12033199982397491,0.0
pd,00:03:10.972,886,-89.995,-90.0,-0.0,-89.802,0.238,-0.0,0.0,0.0,0.0,0.0,0.0,0.0,-90.0,-90.0,0.0,-89.901,0.239,-0.0,-89.9975,-90.0,0.0,-89.8515,0.2385,0.0,-0.3418675013038101,0.0,0.0,-6.768976525820881,0.06837350026082427,0.0,-0.0024999999999977263,0.0,0.0,-0.04949999999999477,0.0005000000000000004,0.0,0.0619641,-0.0206547,-0.0137698,-0.47505810000000004,-0.0,0.0068849,-0.011217826617686,-0.002149938949912,-0.005842979242906,0.002121336996381,-0.002207570207616,0.0019661172161580002,0.09913122616006463,1.7918889998327359,0.17757199975676485,0.08218399989345926,0.0
pd,00:03:10.974,887,-89.995,-90.0,-0.0,-89.802,0.238,-0.0,0.0,0.0,0.0,0.0,0.0,0.0,-90.0,-90.0,0.0,-89.901,0.239,-0.0,-89.9975,-90.0,0.0,-89.8515,0.2385,0.0,-0.5862551716420923,0.0,0.0,-11.607852398522759,0.11725103432852521,0.0,-0.0024999999999977263,0.0,0.0,-0.04949999999999477,0.0005000000000000004,0.0,0.0619641,-0.0206547,-0.0137698,-0.47505810000000004,-0.0,0.0068849,-0.011217826617686,-0.002149938949912,-0.005842979242906,0.002121336996381,-0.002207570207616,0.0019661172161580002,0.09913122616006463,1.7302790001849644,0.14283199971032445,0.06581399975402746,0.0
pd,00:03:10.976,888,-89.995,-90.0,-0.0,-89.802,0.238,-0.0,0.0,0.0,0.0,0.0,0.0,0.0,-90.0,-90.0,0.0,-89.901,0.239,-0.0,-89.9975,-90.0,0.0,-89.8515,0.2385,0.0,-0.6229657794671141,0.0,0.0,-12.334722433458772,0.12459315589353623,0.0,-0.0024999999999977263,0.0,0.0,-0.04949999999999477,0.0005000000000000004,0.0,0.0619641,-0.0206547,-0.0137698,-0.47505810000000004,-0.0,0.0068849,-0.011217826617686,-0.002149938949912,-0.005842979242906,0.002121336996381,-0.002207570207616,0.0019661172161580002,0.09913122616006463,1.737167999635858,0.13375799971981905,0.06022100023983512,0.0
pd,00:03:10.978,889,-89.995,-90.0,-0.0,-89.802,0.238,-0.0,0.0,0.0,0.0,0.0,0.0,0.0,-90.0,-90.0,0.0,-89.901,0.239,-0.0,-89.9975,-90.0,0.0,-89.8515,0.2385,0.0,-0.6267638971901054,0.0,0.0,-12.409925164374062,0.1253527794381352,0.0,-0.0024999999999977263,0.0,0.0,-0.04949999999999477,0.0005000000000000004,0.0,0.0619641,-0.0206547,-0.0137698,-0.47505810000000004,-0.0,0.0068849,-0.011217826617686,-0.002149938949912,-0.005842979242906,0.002121336996381,-0.002207570207616,0.0019661172161580002,0.09913122616006463,1.6811319997032115,0.15277600004992564,0.08757400019021588,0.0
pd,00:03:10.980,890,-89.995,-90.0,-0.0,-89.802,0.238,-0.0,0.0,0.0,0.0,0.0,0.0,0.0,-90.0,-90.0,0.0,-89.901,0.239,-0.0,-89.9975,-90.0,0.0,-89.8515,0.2385,0.0,-0.6249707950882384,0.0,0.0,-12.374421742757066,0.12499415901776147,0.0,-0.0024999999999977263,0.0,0.0,-0.04949999999999477,0.0005000000000000004,0.0,0.0619641,-0.0206547,-0.0137698,-0.47505810000000004,-0.0,0.0068849,-0.011217826617686,-0.002149938949912,-0.005842979242906,0.002121336996381,-0.002207570207616,0.0019661172161580002,0.09913122616006463,2.2962550001466298,0.23751700018692645,0.11477699990791734,0.0
pd,00:03:10.984,891,-89.995,-90.0,0.0,-89.803,0.238,-0.0,0.0,0.0,0.0,-0.2521524588169065,0.0,0.0,-90.0,-90.0,0.0,-89.901,0.239,-0.0,-89.9975,-90.0,0.0,-89.82678475411831,0.2385,0.0,-0.31519057352382057,0.0,0.0,-2.9986921166718536,0.06303811470482151,0.0,-0.0024999999999977263,0.0,0.0,-0.023784754118310047,0.0005000000000000004,0.0,-0.0481943,-0.0206547,-0.0206547,-0.6540655,-0.0068849,-0.0206547,-0.011287179487038,-0.002132600732574,-0.0058949938949199995,0.001448717948748,-0.002000610500652,0.00241452991458,0.0981325634027755,2.047109000159253,0.2386090000072727,0.09425799999007722,0.0
pd,00:03:10.986,892,-89.995,-90.0,0.0,-89.803,0.238,-0.0,0.0,0.0,0.0,0.0,0.0,0.0,-90.0,-90.0,0.0,-89.901,0.239,-0.0,-89.9975,-90.0,0.0,-89.852,0.2385,0.0,-0.5029141486805978,0.0,0.0,-9.857117314148578,0.10058282973621112,0.0,-0.0024999999999977263,0.0,0.0,-0.049000000000006594,0.0005000000000000004,0.0,-0.0481943,-0.0206547,-0.0206547,-0.6540655,-0.0068849,-0.0206547,-0.011287179487038,-0.002132600732574,-0.0058949938949199995,0.001448717948748,-0.002000610500652,0.00241452991458,0.0981325634027755,3.162949999932607,0.2558119999775954,0.13094299993099412,0.0
pd,00:03:10.990,893,-89.995,-90.0,0.0,-89.803,0.238,-0.0,0.0,0.0,0.0,0.0,0.0,0.0,-90.0,-90.0,0.0,-89.901,0.239,-0.0,-89.9975,-90.0,0.0,-89.852,0.2385,0.0,-0.34142224537608956,0.0,0.0,-6.691876009377372,0.06828444907528008,0.0,-0.0024999999999977263,0.0,0.0,-0.049000000000006594,0.0005000000000000004,0.0,-0.0481943,-0.0206547,-0.0206547,-0.6540655,-0.0068849,-0.0206547,-0.011287179487038,-0.002132600732574,-0.0058949938949199995,0.001448717948748,-0.002000610500652,0.00241452991458,0.0981325634027755,1.83722299971123,0.22507099993163138,0.10081400023409515,0.0
pd,00:03:10.992,894,-89.995,-90.0,0.0,-89.803,0.238,-0.0,0.0,0.0,0.0,0.0,0.0,0.0,-90.0,-90.0,0.0,-89.901,0.239,-0.0,-89.9975,-90.0,0.0,-89.852,0.2385,0.0,-0.5543914560637868,0.0,0.0,-10.86607253885999,0.1108782912128583,0.0,-0.0024999999999977263,0.0,0.0,-0.049000000000006594,0.0005000000000000004,0.0,-0.0481943,-0.0206547,-0.0206547,-0.6540655,-0.0068849,-0.0206547,-0.011287179487038,-0.002132600732574,-0.0058949938949199995,0.001448717948748,-0.002000610500652,0.00241452991458,0.0981325634027755,1.7767230001481948,0.18481299957784358,0.08473999969282886,0.0
pd,00:03:10.994,895,-89.995,-90.0,0.0,-89.803,0.238,-0.0,0.0,0.0,0.0,0.0,0.0,0.0,-90.0,-90.0,0.0,-89.901,0.239,-0.0,-89.9975,-90.0,0.0,-89.852,0.2385,0.0,-0.5876350594031867,0.0,0.0,-11.517647164312814,0.11752701188074433,0.0,-0.0024999999999977263,0.0,0.0,-0.049000000000006594,0.0005000000000000004,0.0,-0.0481943,-0.0206547,-0.0206547,-0.6540655,-0.0068849,-0.0206547,-0.011287179487038,-0.002132600732574,-0.0058949938949199995,0.001448717948748,-0.002000610500652,0.00241452991458,0.0981325634027755,1.7910569999912695,0.17242400008399272,0.07986899981915485,0.0
pd,00:03:10.996,896,-89.995,-90.0,0.0,-89.803,0.238,-0.0,0.0,0.0,0.0,0.0,0.0,0.0,-90.0,-90.0,0.0,-89.901,0.239,-0.0,-89.9975,-90.0,0.0,-89.852,0.2385,0.0,-0.5892862762723651,0.0,0.0,-11.550011014948739,0.1178572552545803,0.0,-0.0024999999999977263,0.0,0.0,-0.049000000000006594,0.0005000000000000004,0.0,-0.0481943,-0.0206547,-0.0206547,-0.6540655,-0.0068849,-0.0206547,-0.011287179487038,-0.002132600732574,-0.0058949938949199995,0.001448717948748,-0.002000610500652,0.00241452991458,0.0981325634027755,1.7384449997734919,0.1418500000909262,0.06116600025052321,0.0
pd,00:03:10.998,897,-89.995,-90.0,0.0,-89.803,0.238,-0.0,0.0,0.0,0.0,0.0,0.0,0.0,-90.0,-90.0,0.0,-89.901,0.239,-0.0,-89.9975,-90.0,0.0,-89.852,0.2385,0.0,-0.6229657794671141,0.0,0.0,-12.210129277566413,0.12459315589353623,0.0,-0.0024999999999977263,0.0,0.0,-0.049000000000006594,0.0005000000000000004,0.0,-0.0481943,-0.0206547,-0.0206547,-0.6540655,-0.0068849,-0.0206547,-0.011287179487038,-0.002132600732574,-0.0058949938949199995,0.001448717948748,-0.002000610500652,0.00241452991458,0.0981325634027755,1.7632969997976033,0.2421639997010061,0.11870200023622601,0.0
pd,00:03:11.001,898,-89.995,-90.0,0.0,-89.803,0.238,-0.0,0.0,0.0,0.0,0.0,0.0,0.0,-90.0,-90.0,0.0,-89.901,0.239,-0.0,-89.9975,-90.0,0.0,-89.852,0.2385,0.0,-0.5418997416015743,0.0,0.0,-10.621234935400405,0.10837994832041353,0.0,-0.0024999999999977263,0.0,0.0,-0.049000000000006594,0.0005000000000000004,0.0,-0.0481943,-0.0206547,-0.0206547,-0.6540655,-0.0068849,-0.0206547,-0.011287179487038,-0.002132600732574,-0.0058949938949199995,0.001448717948748,-0.002000610500652,0.00241452991458,0.0981325634027755,1.752779000071314,0.15897999992375844,0.08070300009421771,0.0
pd,00:03:11.003,899,-89.995,-90.0,0.0,-89.811,0.238,-0.0,0.0,0.0,0.0,-3.8634924582660917,0.0,0.0,-90.0,-90.0,0.0,-89.901,0.239,-0.0,-89.9975,-90.0,0.0,-89.46965075417339,0.2385,0.0,-0.60367069660279,0.0,0.0,82.42501480527075,0.12073413932066793,0.0,-0.0024999999999977263,0.0,0.0,0.3413492458266205,0.0005000000000000004,0.0,0.0,-0.0413094,-0.0550792,-0.5714467,-0.0413094,-0.0,-0.011373870573728,-0.002219291819264,-0.00450793650788,0.002121336996381,-0.001448717948748,0.0018971306471700002,0.09014432871788447,3.9889049999146664,0.5044949998591619,0.10590600004434236,0.0
pd,00:03:11.007,900,-89.995,-90.0,0.0,-89.811,0.238,-0.0,0.0,0.0,0.0,0.0,0.0,0.0,-90.0,-90.0,0.0,-89.901,0.239,-0.0,-89.9975,-90.0,0.0,-89.856,0.2385,0.0,-0.2662306403288088,0.0,0.0,-4.792151525922342,0.053246128065810236,0.0,-0.0024999999999977263,0.0,0.0,-0.044999999999987494,0.0005000000000000004,0.0,0.0,-0.0413094,-0.0550792,-0.5714467,-0.0413094,-0.0,-0.011373870573728,-0.002219291819264,-0.00450793650788,0.002121336996381,-0.001448717948748,0.0018971306471700002,0.09014432871788447,1.8141490004381922,0.15575799989164807,0.06579599994438468,0.0
pd,00:03:11.011,901,-89.995,-90.0,0.0,-89.811,0.238,-0.0,0.0,0.0,0.0,0.0,0.0,0.0,-90.0,-90.0,0.0,-89.901,0.239,-0.0,-89.9975,-90.0,0.0,-89.856,0.2385,0.0,-0.3794514004483775,0.0,0.0,-6.830125208076187,0.07589028008974459,0.0,-0.0024999999999977263,0.0,0.0,-0.044999999999987494,0.0005000000000000004,0.0,0.0,-0.0413094,-0.0550792,-0.5714467,-0.0413094,-0.0,-0.011373870573728,-0.002219291819264,-0.00450793650788,0.002121336996381,-0.001448717948748,0.0018971306471700002,0.09014432871788447,2.035016999798245,0.25673799973446876,0.10233300008621882,0.0
pd,00:03:11.013,902,-89.995,-90.0,0.0,-89.811,0.238,-0.0,0.0,0.0,0.0,0.0,0.0,0.0,-90.0,-90.0,0.0,-89.901,0.239,-0.0,-89.9975,-90.0,0.0,-89.856,0.2385,0.0,-0.4988468125590135,0.0,0.0,-8.97924262606933,0.09976936251189353,0.0,-0.0024999999999977263,0.0,0.0,-0.044999999999987494,0.0005000000000000004,0.0,0.0,-0.0413094,-0.0550792,-0.5714467,-0.0413094,-0.0,-0.011373870573728,-0.002219291819264,-0.00450793650788,0.002121336996381,-0.001448717948748,0.0018971306471700002,0.09014432871788447,2.235181999822089,0.24079400009213714,0.11572099992918083,0.0
pd,00:03:11.016,903,-89.995,-90.0,0.0,-89.811,0.238,-0.0,0.0,0.0,0.0,0.0,0.0,0.0,-90.0,-90.0,0.0,-89.901,0.239,-0.0,-89.9975,-90.0,0.0,-89.856,0.2385,0.0,-0.46270232106568104,0.0,0.0,-8.328641779188834,0.09254046421322046,0.0,-0.0024999999999977263,0.0,0.0,-0.044999999999987494,0.0005000000000000004,0.0,0.0,-0.0413094,-0.0550792,-0.5714467,-0.0413094,-0.0,-0.011373870573728,-0.002219291819264,-0.00450793650788,0.002121336996381,-0.001448717948748,0.0018971306471700002,0.09014432871788447,2.2079219997976907,0.26560899959804374,0.1322759999311529,0.0
pd,00:03:11.019,904,-89.995,-90.0,0.0,-89.811,0.238,-0.0,0.0,0.0,0.0,0.0,0.0,0.0,-90.0,-90.0,0.0,-89.901,0.239,-0.0,-89.9975,-90.0,0.0,-89.856,0.2385,0.0,-0.45881508707405544,0.0,0.0,-8.258671567339519,0.09176301741489463,0.0,-0.0024999999999977263,0.0,0.0,-0.044999999999987494,0.0005000000000000004,0.0,0.0,-0.0413094,-0.0550792,-0.5714467,-0.0413094,-0.0,-0.011373870573728,-0.002219291819264,-0.00450793650788,0.002121336996381,-0.001448717948748,0.0018971306471700002,0.09014432871788447,1.8467230001988355,0.23127600024963613,0.08522200005245395,0.0
pd,00:03:11.021,905,-89.995,-90.0,0.0,-89.811,0.238,-0.0,0.0,0.0,0.0,0.0,0.0,0.0,-90.0,-90.0,0.0,-89.901,0.239,-0.0,-89.9975,-90.0,0.0,-89.856,0.2385,0.0,-0.5568645778008743,0.0,0.0,-10.023562400423652,0.11137291556027626,0.0,-0.0024999999999977263,0.0,0.0,-0.044999999999987494,0.0005000000000000004,0.0,0.0,-0.0413094,-0.0550792,-0.5714467,-0.0413094,-0.0,-0.011373870573728,-0.002219291819264,-0.00450793650788,0.002121336996381,-0.001448717948748,0.0018971306471700002,0.09014432871788447,1.7232800000783755,0.155016999997315,0.09451799996895716,0.0
pd,00:03:11.023,906,-89.995,-90.0,-0.0,-89.821,0.238,-0.0,0.0,0.0,-0.0,-4.87256505575765,0.0,0.0,-90.0,-90.0,0.0,-89.901,0.239,-0.0,-89.9975,-90.0,0.0,-89.37374349442423,0.2385,0.0,-0.6090706319697062,0.0,0.0,108.96432100153677,0.12181412639405215,0.0,-0.0024999999999977263,0.0,0.0,0.4472565055757656,0.0005000000000000004,0.0,0.0068849,0.0,-0.0068849,-0.44751850000000004,0.0413094,-0.034424500000000004,-0.011980708180558,-0.00164713064711,-0.004698656898598,0.003173382173448,-0.0022248168498630004,0.001345238095266,0.08016233529532234,3.5580020003180834,0.7829000001038366,0.10136899982171599,0.0
pd,00:03:11.027,907,-89.995,-90.0,-0.0,-89.821,0.238,-0.0,0.0,0.0,0.0,0.0,0.0,0.0,-90.0,-90.0,0.0,-89.901,0.239,-0.0,-89.9975,-90.0,0.0,-89.86099999999999,0.2385,0.0,-0.27572337628163196,0.0,0.0,-4.411574020510029,0.05514467525637659,0.0,-0.0024999999999977263,0.0,0.0,-0.03999999999999204,0.0005000000000000004,0.0,0.0068849,0.0,-0.0068849,-0.44751850000000004,0.0413094,-0.034424500000000004,-0.011980708180558,-0.00164713064711,-0.004698656898598,0.003173382173448,-0.0022248168498630004,0.001345238095266,0.08016233529532234,1.78533400003289,0.16127700018842006,0.06525799972223467,0.0
pd,00:03:11.030,908,-89.995,-90.0,-0.0,-89.821,0.238,-0.0,0.0,0.0,0.0,0.0,0.0,0.0,-90.0,-90.0,0.0,-89.901,0.239,-0.0,-89.9975,-90.0,0.0,-89.86099999999999,0.2385,0.0,-0.6006277924155381,0.0,0.0,-9.610044678657145,0.12012555848321697,0.0,-0.0024999999999977263,0.0,0.0,-0.03999999999999204,0.0005000000000000004,0.0,0.0068849,0.0,-0.0068849,-0.44751850000000004,0.0413094,-0.034424500000000004,-0.011980708180558,-0.00164713064711,-0.004698656898598,0.003173382173448,-0.0022248168498630004,0.001345238095266,0.08016233529532234,1.983240000299702,0.18629400028657983,0.08588800028519472,0.0
pd,00:03:11.032,909,-89.995,-90.0,-0.0,-89.821,0.238,-0.0,0.0,0.0,0.0,0.0,0.0,0.0,-90.0,-90.0,0.0,-89.901,0.239,-0.0,-89.9975,-90.0,0.0,-89.86099999999999,0.2385,0.0,-0.5350423512598461,0.0,0.0,-8.56067762016514,0.10700847025206663,0.0,-0.0024999999999977263,0.0,0.0,-0.03999999999999204,0.0005000000000000004,0.0,0.0068849,0.0,-0.0068849,-0.44751850000000004,0.0413094,-0.034424500000000004,-0.011980708180558,-0.00164713064711,-0.004698656898598,0.003173382173448,-0.0022248168498630004,0.001345238095266,0.08016233529532234,1.7870930000754015,0.17722099983075168,0.08296200030599721,0.0
pd,00:03:11.034,910,-89.995,-90.0,-0.0,-89.833,0.238,-0.0,0.0,0.0,0.0,-5.639400336134668,0.0,0.0,-90.0,-90.0,0.0,-89.901,0.239,-0.0,-89.9975,-90.0,0.0,-89.30305996638653,0.2385,0.0,-0.5874375350134713,0.0,0.0,124.52266682045394,0.11748750700280122,0.0,-0.0024999999999977263,0.0,0.0,0.529940033613471,0.0005000000000000004,0.0,0.0068849,0.0,-0.0068849,-0.44751850000000004,0.0413094,-0.034424500000000004,-0.011980708180558,-0.00164713064711,-0.004698656898598,0.003173382173448,-0.0022248168498630004,0.001345238095266,0.0681909084849268,1.7091680001612986,0.21592399980363552,0.08857300008457969,0.0
pd,00:03:11.038,911,-89.995,-90.0,-0.0,-89.833,0.238,-0.0,0.0,0.0,0.0,0.0,0.0,0.0,-90.0,-90.0,0.0,-89.901,0.239,-0.0,-89.9975,-90.0,0.0,-89.86699999999999,0.2385,0.0,-0.3555941399888247,0.0,0.0,-4.836080303852261,0.07111882799782969,0.0,-0.0024999999999977263,0.0,0.0,-0.033999999999991815,0.0005000000000000004,0.0,0.0068849,0.0,-0.0068849,-0.44751850000000004,0.0413094,-0.034424500000000004,-0.011980708180558,-0.00164713064711,-0.004698656898598,0.003173382173448,-0.0022248168498630004,0.001345238095266,0.0681909084849268,1.9415910001043812,0.2787929997793981,0.08016599986149231,0.0
pd,00:03:11.040,912,-89.995,-90.0,-0.0,-89.833,0.238,-0.0,0.0,0.0,0.0,0.0,0.0,0.0,-90.0,-90.0,0.0,-89.901,0.239,-0.0,-89.9975,-90.0,0.0,-89.86699999999999,0.2385,0.0,-0.5193026941358193,0.0,0.0,-7.0625166402533415,0.10386053882725842,0.0,-0.0024999999999977263,0.0,0.0,-0.033999999999991815,0.0005000000000000004,0.0,0.0068849,0.0,-0.0068849,-0.44751850000000004,0.0413094,-0.034424500000000004,-0.011980708180558,-0.00164713064711,-0.004698656898598,0.003173382173448,-0.0022248168498630004,0.001345238095266,0.0681909084849268,2.190532999975403,0.2353310001126374,0.1138320003519766,0.0
pd,00:03:11.043,913,-89.995,-90.0,-0.0,-89.833,0.238,-0.0,0.0,0.0,0.0,0.0,0.0,0.0,-90.0,-90.0,0.0,-89.901,0.239,-0.0,-89.9975,-90.0,0.0,-89.86699999999999,0.2385,0.0,-0.47228898297407723,0.0,0.0,-6.423130168453088,0.09445779659490144,0.0,-0.0024999999999977263,0.0,0.0,-0.033999999999991815,0.0005000000000000004,0.0,0.0,-0.0481943,0.0137698,-0.3786695,-0.0068849,-0.0206547,-0.011911355311206,-0.0019072039071799999,-0.005305494505428,0.004466880341973001,-0.0019488705739110002,0.002276556776604,0.0681909084849268,3.8369429998965643,0.7772890003252542,0.35923699988416047,0.0
pd,00:03:11.048,914,-89.995,-90.0,-0.0,-89.833,0.238,-0.0,0.0,0.0,0.0,0.0,0.0,0.0,-90.0,-90.0,0.0,-89.901,0.239,-0.0,-89.9975,-90.0,0.0,-89.86699999999999,0.2385,0.0,-0.2383885781837508,0.0,0.0,-3.2420846633018567,0.047677715636793565,0.0,-0.0024999999999977263,0.0,0.0,-0.033999999999991815,0.0005000000000000004,0.0,0.0,-0.0481943,0.0137698,-0.3786695,-0.0068849,-0.0206547,-0.011911355311206,-0.0019072039071799999,-0.005305494505428,0.004466880341973001,-0.0019488705739110002,0.002276556776604,0.0681909084849268,1.9100919998891186,0.22592300001633703,0.09790600006454042,0.0
pd,00:03:11.050,915,-89.995,-90.0,-0.0,-89.833,0.238,-0.0,0.0,0.0,0.0,0.0,0.0,0.0,-90.0,-90.0,0.0,-89.901,0.239,-0.0,-89.9975,-90.0,0.0,-89.86699999999999,0.2385,0.0,-0.5378967887550253,0.0,0.0,-7.315396327074765,0.107579357751103,0.0,-0.0024999999999977263,0.0,0.0,-0.033999999999991815,0.0005000000000000004,0.0,0.0,-0.0481943,0.0137698,-0.3786695,-0.0068849,-0.0206547,-0.011911355311206,-0.0019072039071799999,-0.005305494505428,0.004466880341973001,-0.0019488705739110002,0.002276556776604,0.0681909084849268,1.7312969998783956,0.17794299992601736,0.08368399994651554,0.0
pd,00:03:11.052,916,-89.995,-90.0,-0.0,-89.833,0.238,-0.0,0.0,0.0,0.0,0.0,0.0,0.0,-90.0,-90.0,0.0,-89.901,0.239,-0.0,-89.9975,-90.0,0.0,-89.86699999999999,0.2385,0.0,-0.6040184331791741,0.0,0.0,-8.214650691243978,0.1208036866359448,0.0,-0.0024999999999977263,0.0,0.0,-0.033999999999991815,0.0005000000000000004,0.0,0.0,-0.0481943,0.0137698,-0.3786695,-0.0068849,-0.0206547,-0.011911355311206,-0.0019072039071799999,-0.005305494505428,0.004466880341973001,-0.0019488705739110002,0.002276556776604,0.0681909084849268,1.8065369999931136,0.22908999972059974,0.08570299996790709,0.0
pd,00:03:11.054,917,-89.995,-90.0,-0.0,-89.843,0.238,-0.0,0.0,0.0,0.0,-4.545192891203019,0.0,0.0,-90.0,-90.0,0.0,-89.901,0.239,-0.0,-89.9975,-90.0,0.0,-89.4174807108797,0.2385,0.0,-0.5681491113995699,0.0,0.0,96.70336239891927,0.11362982228001745,0.0,-0.0024999999999977263,0.0,0.0,0.42551928912030235,0.0005000000000000004,0.0,0.0,-0.0481943,0.0137698,-0.3786695,-0.0068849,-0.0206547,-0.011911355311206,-0.0019072039071799999,-0.005305494505428,0.004466880341973001,-0.0019488705739110002,0.002276556776604,0.05822370651203091,2.1867750001547392,0.23699699977441924,0.11927700006708619,0.0
pd,00:03:11.057,918,-89.995,-90.0,-0.0,-89.843,0.238,-0.0,0.0,0.0,0.0,0.0,0.0,0.0,-90.0,-90.0,0.0,-89.901,0.239,-0.0,-89.9975,-90.0,0.0,-89.872,0.2385,0.0,-0.4727148138125716,0.0,0.0,-5.48349184023013,0.0945429627626004,0.0,-0.0024999999999977263,0.0,0.0,-0.028999999999996362,0.0005000000000000004,0.0,0.0,-0.0481943,0.0137698,-0.3786695,-0.0068849,-0.0206547,-0.011911355311206,-0.0019072039071799999,-0.005305494505428,0.004466880341973001,-0.0019488705739110002,0.002276556776604,0.05822370651203091,1.7486860001554305,0.14390600017577526,0.06024000003890251,0.0
pd,00:03:11.059,919,-89.995,-90.0,-0.0,-89.843,0.238,-0.0,0.0,0.0,0.0,0.0,0.0,0.0,-90.0,-90.0,0.0,-89.901,0.239,-0.0,-89.9975,-90.0,0.0,-89.872,0.2385,0.0,-0.6187749321368148,0.0,0.0,-7.177789212792679,0.12375498642747562,0.0,-0.0024999999999977263,0.0,0.0,-0.028999999999996362,0.0005000000000000004,0.0,0.0,-0.0481943,0.0137698,-0.3786695,-0.0068849,-0.0206547,-0.011911355311206,-0.0019072039071799999,-0.005305494505428,0.004466880341973001,-0.0019488705739110002,0.002276556776604,0.05822370651203091,1.79731600019295,0.1596829997652094,0.06931400002940791,0.0
pd,00:03:11.061,920,-89.995,-90.0,-0.0,-89.843,0.238,-0.0,0.0,0.0,0.0,0.0,0.0,0.0,-90.0,-90.0,0.0,-89.901,0.239,-0.0,-89.9975,-90.0,0.0,-89.872,0.2385,0.0,-0.5952406902810209,0.0,0.0,-6.9047920072652555,0.11904813805631255,0.0,-0.0024999999999977263,0.0,0.0,-0.028999999999996362,0.0005000000000000004,0.0,0.0,-0.0481943,0.0137698,-0.3786695,-0.0068849,-0.0206547,-0.011911355311206,-0.0019072039071799999,-0.005305494505428,0.004466880341973001,-0.0019488705739110002,0.002276556776604,0.05822370651203091,1.8085570000039297,0.1700719999462308,0.08764700032770634,0.0
pd,00:03:11.066,921,-89.995,-90.0,-0.0,-89.843,0.238,-0.0,0.0,0.0,0.0,0.0,0.0,0.0,-90.0,-90.0,0.0,-89.901,0.239,-0.0,-89.9975,-90.0,0.0,-89.872,0.2385,0.0,-0.25826995073868136,0.0,0.0,-2.9959314285710525,0.051653990147783296,0.0,-0.0024999999999977263,0.0,0.0,-0.028999999999996362,0.0005000000000000004,0.0,0.0137698,0.0068849,-0.0068849,-0.6127561,-0.0,-0.0137698,-0.011755311355164,-0.0024793650793339997,-0.005600244200174,0.001983363858405,-0.0019661172161580002,0.001414224664254,0.05822370651203091,2.9413600000225415,0.6491969998023706,0.12770300008924096,0.0
pd,00:03:11.070,922,-89.995,-90.0,-0.0,-89.843,0.238,-0.0,0.0,0.0,0.0,0.0,0.0,0.0,-90.0,-90.0,0.0,-89.901,0.239,-0.0,-89.9975,-90.0,0.0,-89.872,0.2385,0.0,-0.3244758014602817,0.0,0.0,-3.763919296942219,0.06489516029211542,0.0,-0.0024999999999977263,0.0,0.0,-0.028999999999996362,0.0005000000000000004,0.0,0.0137698,0.0068849,-0.0068849,-0.6127561,-0.0,-0.0137698,-0.011755311355164,-0.0024793650793339997,-0.005600244200174,0.001983363858405,-0.0019661172161580002,0.001414224664254,0.05822370651203091,2.0832940003856493,0.24831200016706134,0.12146100016252603,0.0
pd,00:03:11.072,923,-89.995,-90.0,-0.0,-89.843,0.238,-0.0,0.0,0.0,0.0,0.0,0.0,0.0,-90.0,-90.0,0.0,-89.901,0.239,-0.0,-89.9975,-90.0,0.0,-89.872,0.2385,0.0,-0.4889377972577853,0.0,0.0,-5.671678448194756,0.09778755945164608,0.0,-0.0024999999999977263,0.0,0.0,-0.028999999999996362,0.0005000000000000004,0.0,0.0137698,0.0068849,-0.0068849,-0.6127561,-0.0,-0.0137698,-0.011755311355164,-0.0024793650793339997,-0.005600244200174,0.001983363858405,-0.0019661172161580002,0.001414224664254,0.05822370651203091,1.9253690002187795,0.2669420000529499,0.12849899985667435,0.0
pd,00:03:11.075,924,-89.996,-90.0,0.0,-89.849,0.238,-0.0,-0.4080856197665326,0.0,0.0,-2.448513718622393,0.0,0.0,-90.0,-90.0,0.0,-89.901,0.239,-0.0,-89.95719143802334,-90.0,0.0,-89.63014862813776,0.2385,0.0,7.918608033319442,0.0,0.0,44.655048862001046,0.10202140494259593,0.0,0.03880856197665139,0.0,0.0,0.21885137186224313,0.0005000000000000004,0.0,0.0137698,0.0068849,-0.0068849,-0.6127561,-0.0,-0.0137698,-0.011755311355164,-0.0024793650793339997,-0.005600244200174,0.001983363858405,-0.0019661172161580002,0.001414224664254,0.0521632054229728,1.85401799990359,0.21096099999340368,0.0988699998742959,0.0
pd,00:03:11.077,925,-89.996,-90.0,0.0,-89.849,0.238,-0.0,0.0,0.0,0.0,0.0,0.0,0.0,-90.0,-90.0,0.0,-89.901,0.239,-0.0,-89.99799999999999,-90.0,0.0,-89.875,0.2385,0.0,-0.44393564775668143,0.0,0.0,-5.771163420828972,0.11098391193903481,0.0,-0.001999999999995339,0.0,0.0,-0.02599999999999625,0.0005000000000000004,0.0,0.0137698,0.0068849,-0.0068849,-0.6127561,-0.0,-0.0137698,-0.011755311355164,-0.0024793650793339997,-0.005600244200174,0.001983363858405,-0.0019661172161580002,0.001414224664254,0.0521632054229728,1.7552599997543439,0.161980000029871,0.09116599994740682,0.0
pd,00:03:11.079,926,-89.996,-90.0,0.0,-89.849,0.238,-0.0,0.0,0.0,0.0,0.0,0.0,0.0,-90.0,-90.0,0.0,-89.901,0.239,-0.0,-89.99799999999999,-90.0,0.0,-89.875,0.2385,0.0,-0.47841952777519403,0.0,0.0,-6.219453861069024,0.11960488194365244,0.0,-0.001999999999995339,0.0,0.0,-0.02599999999999625,0.0005000000000000004,0.0,0.0137698,0.0068849,-0.0068849,-0.6127561,-0.0,-0.0137698,-0.011755311355164,-0.0024793650793339997,-0.005600244200174,0.001983363858405,-0.0019661172161580002,0.001414224664254,0.0521632054229728,2.2053480001886783,0.24647899999763467,0.1250730001629563,0.0
pd,00:03:11.082,927,-89.996,-90.0,0.0,-89.849,0.238,-0.0,0.0,0.0,0.0,0.0,0.0,0.0,-90.0,-90.0,0.0,-89.901,0.239,-0.0,-89.99799999999999,-90.0,0.0,-89.875,0.2385,0.0,-0.371637781322446,0.0,0.0,-4.831291157185197,0.09290944533049804,0.0,-0.001999999999995339,0.0,0.0,-0.02599999999999625,0.0005000000000000004,0.0,0.0137698,0.0068849,-0.0068849,-0.5783316000000001,0.0206547,-0.0413094,-0.011755311355164,-0.0024793650793339997,-0.005600244200174,0.0017246642247000002,-0.0017074175824530002,0.0016556776557120003,0.0521632054229728,2.8996559999541205,0.5743830001847527,0.28357099972708966,0.0
pd,00:03:11.086,928,-89.996,-90.0,0.0,-89.849,0.238,-0.0,0.0,0.0,0.0,0.0,0.0,0.0,-90.0,-90.0,0.0,-89.901,0.239,-0.0,-89.99799999999999,-90.0,0.0,-89.875,0.2385,0.0,-0.25822224958475193,0.0,0.0,-3.3568892445971885,0.06455556239610916,0.0,-0.001999999999995339,0.0,0.0,-0.02599999999999625,0.0005000000000000004,0.0,-0.0481943,-0.0481943,-0.0481943,-0.5783316000000001,0.0206547,-0.0413094,-0.01283028083012,-0.001317704517688,-0.00554822954816,0.0017246642247000002,-0.0017074175824530002,0.0016556776557120003,0.0521632054229728,2.7073990004282678,0.3012369998032227,0.09559099999023601,0.0
pd,00:03:11.089,929,-89.996,-90.0,0.0,-89.849,0.238,-0.0,0.0,0.0,0.0,0.0,0.0,0.0,-90.0,-90.0,0.0,-89.901,0.239,-0.0,-89.99799999999999,-90.0,0.0,-89.875,0.2385,0.0,-0.31328831789700673,0.0,0.0,-4.072748132655522,0.07832207947415604,0.0,-0.001999999999995339,0.0,0.0,-0.02599999999999625,0.0005000000000000004,0.0,-0.0481943,-0.0481943,-0.0481943,-0.5783316000000001,0.0206547,-0.0413094,-0.01283028083012,-0.001317704517688,-0.00554822954816,0.0017246642247000002,-0.0017074175824530002,0.0016556776557120003,0.0521632054229728,1.7690750000838307,0.17288700018980308,0.07277700024133082,0.0
pd,00:03:11.091,930,-89.996,-90.0,0.0,-89.849,0.238,-0.0,0.0,0.0,0.0,0.0,0.0,0.0,-90.0,-90.0,0.0,-89.901,0.239,-0.0,-89.99799999999999,-90.0,0.0,-89.875,0.2385,0.0,-0.47847410449522315,0.0,0.0,-6.220163358429401,0.1196185261236597,0.0,-0.001999999999995339,0.0,0.0,-0.02599999999999625,0.0005000000000000004,0.0,-0.0481943,-0.0481943,-0.0481943,-0.5783316000000001,0.0206547,-0.0413094,-0.01283028083012,-0.001317704517688,-0.00554822954816,0.0017246642247000002,-0.0017074175824530002,0.0016556776557120003,0.0521632054229728,1.7663900002844457,0.29325599962248816,0.18066499978885986,0.0
pd,00:03:11.095,931,-89.996,-90.0,0.0,-89.858,0.238,-0.0,0.0,0.0,0.0,-2.48297941195826,0.0,0.0,-90.0,-90.0,0.0,-89.901,0.239,-0.0,-89.99799999999999,-90.0,0.0,-89.63120205880418,0.2385,0.0,-0.2758866013290223,0.0,0.0,31.285256592430258,0.06897165033217134,0.0,-0.001999999999995339,0.0,0.0,0.22679794119582652,0.0005000000000000004,0.0,-0.0481943,-0.0481943,-0.0481943,-0.5783316000000001,0.0206547,-0.0413094,-0.01283028083012,-0.001317704517688,-0.00554822954816,0.0017246642247000002,-0.0017074175824530002,0.0016556776557120003,0.043197222132902995,1.9897399997717002,0.23438700009137392,0.07820300015737303,0.0
pd,00:03:11.097,932,-89.996,-90.0,0.0,-89.858,0.238,-0.0,0.0,0.0,0.0,0.0,0.0,0.0,-90.0,-90.0,0.0,-89.901,0.239,-0.0,-89.99799999999999,-90.0,0.0,-89.87950000000001,0.2385,0.0,-0.415977784390075,0.0,0.0,-4.471761182187025,0.10399444609739174,0.0,-0.001999999999995339,0.0,0.0,-0.021500000000003183,0.0005000000000000004,0.0,-0.0481943,-0.0481943,-0.0481943,-0.5783316000000001,0.0206547,-0.0413094,-0.01283028083012,-0.001317704517688,-0.00554822954816,0.0017246642247000002,-0.0017074175824530002,0.0016556776557120003,0.043197222132902995,2.160256000024674,0.2521090000300319,0.11525800027811783,0.0
pd,00:03:11.100,933,-89.996,-90.0,0.0,-89.858,0.238,-0.0,0.0,0.0,0.0,0.0,0.0,0.0,-90.0,-90.0,0.0,-89.901,0.239,-0.0,-89.99799999999999,-90.0,0.0,-89.87950000000001,0.2385,0.0,-0.37906046091325135,0.0,0.0,-4.074899954811729,0.0947651152281971,0.0,-0.001999999999995339,0.0,0.0,-0.021500000000003183,0.0005000000000000004,0.0,-0.0481943,-0.0481943,-0.0481943,-0.5783316000000001,0.0206547,-0.0413094,-0.01283028083012,-0.001317704517688,-0.00554822954816,0.0017246642247000002,-0.0017074175824530002,0.0016556776557120003,0.043197222132902995,2.1530720000555448,0.2735709999797109,0.1385730001857155,0.0
pd,00:03:11.102,934,-89.996,-90.0,0.0,-89.858,0.238,-0.0,0.0,0.0,0.0,0.0,0.0,0.0,-90.0,-90.0,0.0,-89.901,0.239,-0.0,-89.99799999999999,-90.0,0.0,-89.87950000000001,0.2385,0.0,-0.3728270222226779,0.0,0.0,-4.007890488888158,0.09320675555555563,0.0,-0.001999999999995339,0.0,0.0,-0.021500000000003183,0.0005000000000000004,0.0,-0.0550792,0.0137698,-0.0137698,-0.4199789,-0.0068849,0.0137698,-0.012362148961994,-0.00164713064711,-0.004698656898598,0.002121336996381,-0.0017074175824530002,0.0018971306471700002,0.043197222132902995,3.4887990000243008,0.25164499993479694,0.4210689999126771,0.0
pd,00:03:11.107,935,-89.996,-90.0,0.0,-89.858,0.238,-0.0,0.0,0.0,0.0,0.0,0.0,0.0,-90.0,-90.0,0.0,-89.901,0.239,-0.0,-89.99799999999999,-90.0,0.0,-89.87950000000001,0.2385,0.0,-0.23017802656158085,0.0,0.0,-2.4744137855335184,0.057544506640324934,0.0,-0.001999999999995339,0.0,0.0,-0.021500000000003183,0.0005000000000000004,0.0,-0.0550792,0.0137698,-0.0137698,-0.4199789,-0.0068849,0.0137698,-0.012362148961994,-0.00164713064711,-0.004698656898598,0.002121336996381,-0.0017074175824530002,0.0018971306471700002,0.043197222132902995,2.4819750001370267,0.19979400030933903,0.08225900000979891,0.0
pd,00:03:11.110,936,-89.996,-90.0,0.0,-89.858,0.238,-0.0,0.0,0.0,0.0,0.0,0.0,0.0,-90.0,-90.0,0.0,-89.901,0.239,-0.0,-89.99799999999999,-90.0,0.0,-89.87950000000001,0.2385,0.0,-0.35119350247049536,0.0,0.0,-3.7753301515525224,0.08779837561751662,0.0,-0.001999999999995339,0.0,0.0,-0.021500000000003183,0.0005000000000000004,0.0,-0.0550792,0.0137698,-0.0137698,-0.4199789,-0.0068849,0.0137698,-0.012362148961994,-0.00164713064711,-0.004698656898598,0.002121336996381,-0.0017074175824530002,0.0018971306471700002,0.043197222132902995,1.7270199996346491,0.16807199972390663,0.08781399992585648,0.0
pd,00:03:11.112,937,-89.996,-90.0,0.0,-89.858,0.238,-0.0,0.0,0.0,0.0,0.0,0.0,0.0,-90.0,-90.0,0.0,-89.901,0.239,-0.0,-89.99799999999999,-90.0,0.0,-89.87950000000001,0.2385,0.0,-0.48354899700312726,0.0,0.0,-5.198151717776317,0.12088724925063418,0.0,-0.001999999999995339,0.0,0.0,-0.021500000000003183,0.0005000000000000004,0.0,-0.0550792,0.0137698,-0.0137698,-0.4199789,-0.0068849,0.0137698,-0.012362148961994,-0.00164713064711,-0.004698656898598,0.002121336996381,-0.0017074175824530002,0.0018971306471700002,0.043197222132902995,2.0550160002130724,0.24760799988143845,0.11749900022550719,0.0
pd,00:03:11.114,938,-89.996,-90.0,-0.0,-89.868,0.238,-0.0,0.0,0.0,-0.0,-3.9587579046684147,0.0,0.0,-90.0,-90.0,0.0,-89.901,0.239,-0.0,-89.99799999999999,-90.0,0.0,-89.48862420953316,0.2385,0.0,-0.39587579046768534,0.0,0.0,75.09284546759002,0.09896894761680046,0.0,-0.001999999999995339,0.0,0.0,0.3793757904668382,0.0005000000000000004,0.0,-0.0550792,0.0137698,-0.0137698,-0.4199789,-0.0068849,0.0137698,-0.012362148961994,-0.00164713064711,-0.004698656898598,0.002121336996381,-0.0017074175824530002,0.0018971306471700002,0.03325657829663361,1.761389999956009,0.14607299999624956,0.06146200030343607,0.0
pd,00:03:11.116,939,-89.996,-90.0,-0.0,-89.868,0.238,-0.0,0.0,0.0,0.0,0.0,0.0,0.0,-90.0,-90.0,0.0,-89.901,0.239,-0.0,-89.99799999999999,-90.0,0.0,-89.8845,0.2385,0.0,-0.4911362997664082,0.0,0.0,-4.051874473068069,0.1227840749414521,0.0,-0.001999999999995339,0.0,0.0,-0.01650000000000773,0.0005000000000000004,0.0,-0.0550792,0.0137698,-0.0137698,-0.4199789,-0.0068849,0.0137698,-0.012362148961994,-0.00164713064711,-0.004698656898598,0.002121336996381,-0.0017074175824530002,0.0018971306471700002,0.03325657829663361,1.7442970001866342,0.139517000206979,0.06164800015540095,0.0
pd,00:03:11.118,940,-89.996,-90.0,-0.0,-89.868,0.238,-0.0,0.0,0.0,0.0,0.0,0.0,0.0,-90.0,-90.0,0.0,-89.901,0.239,-0.0,-89.99799999999999,-90.0,0.0,-89.8845,0.2385,0.0,-0.49754495848222136,0.0,0.0,-4.104745907473466,0.12438623962040343,0.0,-0.001999999999995339,0.0,0.0,-0.01650000000000773,0.0005000000000000004,0.0,-0.0550792,0.0137698,-0.0137698,-0.4199789,-0.0068849,0.0137698,-0.012362148961994,-0.00164713064711,-0.004698656898598,0.002121336996381,-0.0017074175824530002,0.0018971306471700002,0.03325657829663361,1.7102050001085445,0.1720729997032322,0.07757299999866518,0.0
pd,00:03:11.122,941,-89.996,-90.0,-0.0,-89.868,0.238,-0.0,0.0,0.0,0.0,0.0,0.0,0.0,-90.0,-90.0,0.0,-89.901,0.239,-0.0,-89.99799999999999,-90.0,0.0,-89.8845,0.2385,0.0,-0.29627067881649544,0.0,0.0,-2.444233100233193,0.0740676697040334,0.0,-0.001999999999995339,0.0,0.0,-0.01650000000000773,0.0005000000000000004,0.0,-0.0550792,0.0137698,-0.0137698,-0.4199789,-0.0068849,0.0137698,-0.012362148961994,-0.00164713064711,-0.004698656898598,0.002121336996381,-0.0017074175824530002,0.0018971306471700002,0.03325657829663361,1.941832999818871,0.9309899996878812,0.11974000017289654,0.0
pd,00:03:11.125,942,-89.996,-90.0,-0.0,-89.868,0.238,-0.0,0.0,0.0,0.0,0.0,0.0,0.0,-90.0,-90.0,0.0,-89.901,0.239,-0.0,-89.99799999999999,-90.0,0.0,-89.8845,0.2385,0.0,-0.29736292095038114,0.0,0.0,-2.453244097837739,0.0743407302375045,0.0,-0.001999999999995339,0.0,0.0,-0.01650000000000773,0.0005000000000000004,0.0,0.0068849,0.0,0.0206547,-0.28916580000000003,-0.0137698,0.0068849,-0.012292796092642,-0.0024793650793339997,-0.006103052502976,0.002345543345592,-0.002000610500652,0.0017419108669470002,0.03325657829663361,2.501511999980721,0.3133489999527228,0.1311099999838916,0.0
pd,00:03:11.128,943,-89.996,-90.0,-0.0,-89.868,0.238,-0.0,0.0,0.0,0.0,0.0,0.0,0.0,-90.0,-90.0,0.0,-89.901,0.239,-0.0,-89.99799999999999,-90.0,0.0,-89.8845,0.2385,0.0,-0.32635418611929085,0.0,0.0,-2.692422035480961,0.08158854652972307,0.0,-0.001999999999995339,0.0,0.0,-0.01650000000000773,0.0005000000000000004,0.0,0.0068849,0.0,0.0206547,-0.28916580000000003,-0.0137698,0.0068849,-0.012292796092642,-0.0024793650793339997,-0.006103052502976,0.002345543345592,-0.002000610500652,0.0017419108669470002,0.03325657829663361,1.9085919998360623,0.22601599994231947,0.10766500008685398,0.0
pd,00:03:11.130,944,-89.996,-90.0,-0.0,-89.868,0.238,-0.0,0.0,0.0,0.0,0.0,0.0,0.0,-90.0,-90.0,0.0,-89.901,0.239,-0.0,-89.99799999999999,-90.0,0.0,-89.8845,0.2385,0.0,-0.42685772440516245,0.0,0.0,-3.5215762263384196,0.10671443110116029,0.0,-0.001999999999995339,0.0,0.0,-0.01650000000000773,0.0005000000000000004,0.0,0.0068849,0.0,0.0206547,-0.28916580000000003,-0.0137698,0.0068849,-0.012292796092642,-0.0024793650793339997,-0.006103052502976,0.002345543345592,-0.002000610500652,0.0017419108669470002,0.03325657829663361,1.8635740002537204,0.4029219999210909,0.1424430001861765,0.0
pd,00:03:11.133,945,-89.996,-90.0,-0.0,-89.868,0.238,-0.0,0.0,0.0,0.0,0.0,0.0,0.0,-90.0,-90.0,0.0,-89.901,0.239,-0.0,-89.99799999999999,-90.0,0.0,-89.8845,0.2385,0.0,-0.3952043719970909,0.0,0.0,-3.260436068972139,0.09880109299915207,0.0,-0.001999999999995339,0.0,0.0,-0.01650000000000773,0.0005000000000000004,0.0,0.0068849,0.0,0.0206547,-0.28916580000000003,-0.0137698,0.0068849,-0.012292796092642,-0.0024793650793339997,-0.006103052502976,0.002345543345592,-0.002000610500652,0.0017419108669470002,0.03325657829663361,2.0955899999535177,0.2515350001885963,0.1159990001724509,0.0
pd,00:03:11.136,946,-89.996,-90.0,0.0,-89.878,0.238,-0.0,0.0,0.0,0.0,-3.8937096175289136,0.0,0.0,-90.0,-90.0,0.0,-89.901,0.239,-0.0,-89.99799999999999,-90.0,0.0,-89.50012903824711,0.2385,0.0,-0.38937096175316804,0.0,0.0,73.56598989806942,0.09734274043817313,0.0,-0.001999999999995339,0.0,0.0,0.37787096175289037,0.0005000000000000004,0.0,0.0068849,0.0,0.0206547,-0.28916580000000003,-0.0137698,0.0068849,-0.012292796092642,-0.0024793650793339997,-0.006103052502976,0.002345543345592,-0.002000610500652,0.0017419108669470002,0.023366642891092877,1.9806100003734173,0.2332379999643308,0.11046200006603613,0.0
pd,00:03:11.138,947,-89.996,-90.0,0.0,-89.878,0.238,-0.0,0.0,0.0,0.0,0.0,0.0,0.0,-90.0,-90.0,0.0,-89.901,0.239,-0.0,-89.99799999999999,-90.0,0.0,-89.8895,0.2385,0.0,-0.41290647765358596,0.0,0.0,-2.3742122465048188,0.10322661941327042,0.0,-0.001999999999995339,0.0,0.0,-0.011499999999998067,0.0005000000000000004,0.0,0.0068849,0.0,0.0206547,-0.28916580000000003,-0.0137698,0.0068849,-0.012292796092642,-0.0024793650793339997,-0.006103052502976,0.002345543345592,-0.002000610500652,0.0017419108669470002,0.023366642891092877,1.8394999997326522,0.16405399992436287,0.07342500020968146,0.0
pd,00:03:11.140,948,-89.996,-90.0,0.0,-89.878,0.238,-0.0,0.0,0.0,0.0,0.0,0.0,0.0,-90.0,-90.0,0.0,-89.901,0.239,-0.0,-89.99799999999999,-90.0,0.0,-89.8895,0.2385,0.0,-0.4647943262417028,0.0,0.0,-2.6725673758860755,0.11619858156028379,0.0,-0.001999999999995339,0.0,0.0,-0.011499999999998067,0.0005000000000000004,0.0,0.0068849,0.0,0.0206547,-0.28916580000000003,-0.0137698,0.0068849,-0.012292796092642,-0.0024793650793339997,-0.006103052502976,0.002345543345592,-0.002000610500652,0.0017419108669470002,0.023366642891092877,1.8690369997784728,0.1969429999917338,0.09087000034924131,0.0
pd,00:03:11.142,949,-89.996,-90.0,0.0,-89.878,0.238,-0.0,0.0,0.0,0.0,0.0,0.0,0.0,-90.0,-90.0,0.0,-89.901,0.239,-0.0,-89.99799999999999,-90.0,0.0,-89.8895,0.2385,0.0,-0.43681566340399147,0.0,0.0,-2.5116900645694593,0.1092039158508645,0.0,-0.001999999999995339,0.0,0.0,-0.011499999999998067,0.0005000000000000004,0.0,0.0068849,0.0,0.0068849,-0.0826188,-0.0,0.0068849,-0.0121367521366,-0.00164713064711,-0.005305494505428,0.0028801892552490003,-0.002207570207616,0.0023972832723330004,0.023366642891092877,1.7611120001674863,0.21849800032214262,0.10423999992781319,0.0
pd,00:03:11.145,950,-89.996,-90.0,0.0,-89.878,0.238,-0.0,0.0,0.0,0.0,0.0,0.0,0.0,-90.0,-90.0,0.0,-89.901,0.239,-0.0,-89.99799999999999,-90.0,0.0,-89.8895,0.2385,0.0,-0.4588452029324063,0.0,0.0,-2.6383599168576684,0.11471130073296149,0.0,-0.001999999999995339,0.0,0.0,-0.011499999999998067,0.0005000000000000004,0.0,0.0068849,0.0,0.0068849,-0.0826188,-0.0,0.0068849,-0.0121367521366,-0.00164713064711,-0.005305494505428,0.0028801892552490003,-0.002207570207616,0.0023972832723330004,0.023366642891092877,3.0932659997233714,0.2203679996455321,0.10079600042445236,0.0
pd,00:03:11.149,951,-89.996,-90.0,0.0,-89.878,0.238,-0.0,0.0,0.0,0.0,0.0,0.0,0.0,-90.0,-90.0,0.0,-89.901,0.239,-0.0,-89.99799999999999,-90.0,0.0,-89.8895,0.2385,0.0,-0.21160910145830816,0.0,0.0,-1.2167523333835804,0.05290227536451243,0.0,-0.001999999999995339,0.0,0.0,-0.011499999999998067,0.0005000000000000004,0.0,0.0068849,0.0,0.0068849,-0.0826188,-0.0,0.0068849,-0.0121367521366,-0.00164713064711,-0.005305494505428,0.0028801892552490003,-0.002207570207616,0.0023972832723330004,0.023366642891092877,2.1210339996287075,0.2820150002662558,0.13014700016356073,0.0
pd,00:03:11.152,952,-89.996,-90.0,0.0,-89.878,0.238,-0.0,0.0,0.0,0.0,0.0,0.0,0.0,-90.0,-90.0,0.0,-89.901,0.239,-0.0,-89.99799999999999,-90.0,0.0,-89.8895,0.2385,0.0,-0.3755981015496665,0.0,0.0,-2.15968908390758,0.09389952538730195,0.0,-0.001999999999995339,0.0,0.0,-0.011499999999998067,0.0005000000000000004,0.0,0.0068849,0.0,0.0068849,-0.0826188,-0.0,0.0068849,-0.0121367521366,-0.00164713064711,-0.005305494505428,0.0028801892552490003,-0.002207570207616,0.0023972832723330004,0.023366642891092877,2.5215670002580737,0.27766400035034167,0.1289430001634173,0.0
pd,00:03:11.155,953,-89.996,-90.0,0.0,-89.884,0.238,-0.0,0.0,0.0,0.0,-1.9706988253720403,0.0,0.0,-90.0,-90.0,0.0,-89.901,0.239,-0.0,-89.99799999999999,-90.0,0.0,-89.69543011746279,0.2385,0.0,-0.32844980422906234,0.0,0.0,30.967870501383462,0.0821124510571653,0.0,-0.001999999999995339,0.0,0.0,0.18856988253720885,0.0005000000000000004,0.0,0.0068849,0.0,0.0068849,-0.0826188,-0.0,0.0068849,-0.0121367521366,-0.00164713064711,-0.005305494505428,0.0028801892552490003,-0.002207570207616,0.0023972832723330004,0.017492855684533043,1.845407000018895,0.2874970000448229,0.12062799987688777,0.0
pd,00:03:11.157,954,-89.996,-90.0,0.0,-89.884,0.238,-0.0,0.0,0.0,0.0,0.0,0.0,0.0,-90.0,-90.0,0.0,-89.901,0.239,-0.0,-89.99799999999999,-90.0,0.0,-89.8925,0.2385,0.0,-0.422599899244849,0.0,0.0,-1.7960495717879807,0.10564997481108322,0.0,-0.001999999999995339,0.0,0.0,-0.008499999999997954,0.0005000000000000004,0.0,0.0068849,0.0,0.0068849,-0.0826188,-0.0,0.0068849,-0.0121367521366,-0.00164713064711,-0.005305494505428,0.0028801892552490003,-0.002207570207616,0.0023972832723330004,0.017492855684533043,2.122405000136496,0.2266639999106701,0.1050729997587041,0.0
pd,00:03:11.160,955,-89.996,-90.0,0.0,-89.884,0.238,-0.0,0.0,0.0,0.0,0.0,0.0,0.0,-90.0,-90.0,0.0,-89.901,0.239,-0.0,-89.99799999999999,-90.0,0.0,-89.8925,0.2385,0.0,-0.39213762154124215,0.0,0.0,-1.6665848915478412,0.09803440538519081,0.0,-0.001999999999995339,0.0,0.0,-0.008499999999997954,0.0005000000000000004,0.0,0.0068849,0.0,0.0068849,-0.0826188,-0.0,0.0068849,-0.0121367521366,-0.00164713064711,-0.005305494505428,0.0028801892552490003,-0.002207570207616,0.0023972832723330004,0.017492855684533043,1.8944620001093426,0.29977499980304856,0.12201800018374342,0.0
pd,00:03:11.162,956,-89.996,-90.0,0.0,-89.884,0.238,-0.0,0.0,0.0,0.0,0.0,0.0,0.0,-90.0,-90.0,0.0,-89.901,0.239,-0.0,-89.99799999999999,-90.0,0.0,-89.8925,0.2385,0.0,-0.4122166093371131,0.0,0.0,-1.751920589680168,0.10305415233415242,0.0,-0.001999999999995339,0.0,0.0,-0.008499999999997954,0.0005000000000000004,0.0,0.0,-0.0137698,-0.0137698,-0.1032735,-0.0068849,-0.0275396,-0.012760927960768,-0.001837851037828,-0.00563492063485,0.003069902319966,-0.0017936507936880002,0.0018281440781820002,0.017492855684533043,3.00552599992443,0.5794020003122569,0.2788860001601279,0.0
pd,00:03:11.166,957,-89.996,-90.0,0.0,-89.884,0.238,-0.0,0.0,0.0,0.0,0.0,0.0,0.0,-90.0,-90.0,0.0,-89.901,0.239,-0.0,-89.99799999999999,-90.0,0.0,-89.8925,0.2385,0.0,-0.2518042864864697,0.0,0.0,-1.0701682175659308,0.06295107162154055,0.0,-0.001999999999995339,0.0,0.0,-0.008499999999997954,0.0005000000000000004,0.0,0.0,-0.0137698,-0.0137698,-0.1032735,-0.0068849,-0.0275396,-0.012760927960768,-0.001837851037828,-0.00563492063485,0.003069902319966,-0.0017936507936880002,0.0018281440781820002,0.017492855684533043,2.863101999992068,0.2637749998939398,0.13357300031202612,0.0
pd,00:03:11.170,958,-89.996,-90.0,0.0,-89.884,0.238,-0.0,0.0,0.0,0.0,0.0,0.0,0.0,-90.0,-90.0,0.0,-89.901,0.239,-0.0,-89.99799999999999,-90.0,0.0,-89.8925,0.2385,0.0,-0.2965010603707851,0.0,0.0,-1.2601295065739933,0.07412526509260575,0.0,-0.001999999999995339,0.0,0.0,-0.008499999999997954,0.0005000000000000004,0.0,0.0,-0.0137698,-0.0137698,-0.1032735,-0.0068849,-0.0275396,-0.012760927960768,-0.001837851037828,-0.00563492063485,0.003069902319966,-0.0017936507936880002,0.0018281440781820002,0.017492855684533043,1.8020000002252345,0.23005399998510256,0.07248100018841797,0.0
pd,00:03:11.172,959,-89.996,-90.0,0.0,-89.884,0.238,-0.0,0.0,0.0,0.0,0.0,0.0,0.0,-90.0,-90.0,0.0,-89.901,0.239,-0.0,-89.99799999999999,-90.0,0.0,-89.8925,0.2385,0.0,-0.45909632224224234,0.0,0.0,-1.9511593695266756,0.11477408056042042,0.0,-0.001999999999995339,0.0,0.0,-0.008499999999997954,0.0005000000000000004,0.0,0.0,-0.0137698,-0.0137698,-0.1032735,-0.0068849,-0.0275396,-0.012760927960768,-0.001837851037828,-0.00563492063485,0.003069902319966,-0.0017936507936880002,0.0018281440781820002,0.017492855684533043,1.7962970000553469,0.1962019996426534,0.10155499967368087,0.0
pd,00:03:11.174,960,-89.996,-90.0,0.0,-89.884,0.238,-0.0,0.0,0.0,0.0,0.0,0.0,0.0,-90.0,-90.0,0.0,-89.901,0.239,-0.0,-89.99799999999999,-90.0,0.0,-89.8925,0.2385,0.0,-0.45774353377770666,0.0,0.0,-1.9454100185524072,0.1144358834442869,0.0,-0.001999999999995339,0.0,0.0,-0.008499999999997954,0.0005000000000000004,0.0,0.0,-0.0137698,-0.0137698,-0.1032735,-0.0068849,-0.0275396,-0.012760927960768,-0.001837851037828,-0.00563492063485,0.003069902319966,-0.0017936507936880002,0.0018281440781820002,0.017492855684533043,1.8311670000912272,0.2337380001335987,0.10797999993883423,0.0
pd,00:03:11.177,961,-89.996,-90.0,0.0,-89.885,0.238,-0.0,0.0,0.0,0.0,-0.2977428835110405,0.0,0.0,-90.0,-90.0,0.0,-89.901,0.239,-0.0,-89.99799999999999,-90.0,0.0,-89.8632257116489,0.2385,0.0,-0.2977428835099827,0.0,0.0,3.241569700014472,0.07443572087740477,0.0,-0.001999999999995339,0.0,0.0,0.021774288351110727,0.0005000000000000004,0.0,0.0,-0.0137698,-0.0137698,-0.1032735,-0.0068849,-0.0275396,-0.012760927960768,-0.001837851037828,-0.00563492063485,0.003069902319966,-0.0017936507936880002,0.0018281440781820002,0.016522711641850905,2.2097739997661847,0.234127000112494,0.08851799975673202,0.0
pd,00:03:11.180,962,-89.996,-90.0,0.0,-89.885,0.238,-0.0,0.0,0.0,0.0,0.0,0.0,0.0,-90.0,-90.0,0.0,-89.901,0.239,-0.0,-89.99799999999999,-90.0,0.0,-89.893,0.2385,0.0,-0.3793347200872864,0.0,0.0,-1.5173388803464503,0.0948336800217058,0.0,-0.001999999999995339,0.0,0.0,-0.007999999999995566,0.0005000000000000004,0.0,0.0,-0.0137698,-0.0137698,-0.1032735,-0.0068849,-0.0275396,-0.012760927960768,-0.001837851037828,-0.00563492063485,0.003069902319966,-0.0017936507936880002,0.0018281440781820002,0.016522711641850905,2.186107999932574,0.2667380003913422,0.12364699978206772,0.0
pd,00:03:11.183,963,-89.996,-90.0,0.0,-89.885,0.238,-0.0,0.0,0.0,0.0,0.0,0.0,0.0,-90.0,-90.0,0.0,-89.901,0.239,-0.0,-89.99799999999999,-90.0,0.0,-89.893,0.2385,0.0,-0.3711445004871362,0.0,0.0,-1.4845780019459076,0.09278612512167073,0.0,-0.001999999999995339,0.0,0.0,-0.007999999999995566,0.0005000000000000004,0.0,-0.034424500000000004,-0.0068849,0.0275396,-0.0,-0.0,-0.0550792,-0.012986324786161999,-0.0012483516483359999,-0.006189743589666,0.0026732295482850004,-0.0019661172161580002,0.0018971306471700002,0.016522711641850905,4.094978000011906,0.8457879998786666,0.13383200030148146,0.0
pd,00:03:11.188,964,-89.996,-90.0,0.0,-89.885,0.238,-0.0,0.0,0.0,0.0,0.0,0.0,0.0,-90.0,-90.0,0.0,-89.901,0.239,-0.0,-89.99799999999999,-90.0,0.0,-89.893,0.2385,0.0,-0.1899766283180146,0.0,0.0,-0.7599065132707085,0.04749415707944565,0.0,-0.001999999999995339,0.0,0.0,-0.007999999999995566,0.0005000000000000004,0.0,-0.034424500000000004,-0.0068849,0.0275396,-0.0,-0.0,-0.0550792,-0.012986324786161999,-0.0012483516483359999,-0.006189743589666,0.0026732295482850004,-0.0019661172161580002,0.0018971306471700002,0.016522711641850905,1.9066669997300778,0.1959430001079454,0.08705399977770867,0.0
pd,00:03:11.190,965,-89.996,-90.0,0.0,-89.885,0.238,-0.0,0.0,0.0,0.0,0.0,0.0,0.0,-90.0,-90.0,0.0,-89.901,0.239,-0.0,-89.99799999999999,-90.0,0.0,-89.893,0.2385,0.0,-0.4397466974213804,0.0,0.0,-1.758986789682397,0.10993667435521083,0.0,-0.001999999999995339,0.0,0.0,-0.007999999999995566,0.0005000000000000004,0.0,-0.034424500000000004,-0.0068849,0.0275396,-0.0,-0.0,-0.0550792,-0.012986324786161999,-0.0012483516483359999,-0.006189743589666,0.0026732295482850004,-0.0019661172161580002,0.0018971306471700002,0.016522711641850905,1.7489450001448859,0.16847999995661667,0.07285099991349853,0.0
pd,00:03:11.192,966,-89.996,-90.0,0.0,-89.885,0.238,-0.0,0.0,0.0,0.0,0.0,0.0,0.0,-90.0,-90.0,0.0,-89.901,0.239,-0.0,-89.99799999999999,-90.0,0.0,-89.893,0.2385,0.0,-0.4847225239807149,0.0,0.0,-1.9388900959194155,0.12118063099503074,0.0,-0.001999999999995339,0.0,0.0,-0.007999999999995566,0.0005000000000000004,0.0,-0.034424500000000004,-0.0068849,0.0275396,-0.0,-0.0,-0.0550792,-0.012986324786161999,-0.0012483516483359999,-0.006189743589666,0.0026732295482850004,-0.0019661172161580002,0.0018971306471700002,0.016522711641850905,1.7598900003577,0.1775910000105796,0.07866599980843603,0.0
pd,00:03:11.194,967,-89.996,-90.0,0.0,-89.885,0.238,-0.0,0.0,0.0,0.0,0.0,0.0,0.0,-90.0,-90.0,0.0,-89.901,0.239,-0.0,-89.99799999999999,-90.0,0.0,-89.893,0.2385,0.0,-0.4774392714860701,0.0,0.0,-1.909757085940888,0.11935981787137176,0.0,-0.001999999999995339,0.0,0.0,-0.007999999999995566,0.0005000000000000004,0.0,-0.034424500000000004,-0.0068849,0.0275396,-0.0,-0.0,-0.0550792,-0.012986324786161999,-0.0012483516483359999,-0.006189743589666,0.0026732295482850004,-0.0019661172161580002,0.0018971306471700002,0.016522711641850905,1.746222999827296,0.155016999997315,0.06988799987084349,0.0
pd,00:03:11.196,968,-89.996,-90.0,-0.0,-89.887,0.238,-0.0,0.0,0.0,-0.0,-0.9795198505348494,0.0,0.0,-90.0,-90.0,0.0,-89.901,0.239,-0.0,-89.99799999999999,-90.0,0.0,-89.7960480149465,0.2385,0.0,-0.4897599252691646,0.0,0.0,22.272318701411777,0.12243998131714164,0.0,-0.001999999999995339,0.0,0.0,0.09095198505349344,0.0005000000000000004,0.0,-0.034424500000000004,-0.0068849,0.0275396,-0.0,-0.0,-0.0550792,-0.012986324786161999,-0.0012483516483359999,-0.006189743589666,0.0026732295482850004,-0.0019661172161580002,0.0018971306471700002,0.01459451951932373,1.7501299998912145,0.141295000048558,0.05914800021855626,0.0
pd,00:03:11.198,969,-89.996,-90.0,-0.0,-89.887,0.238,-0.0,0.0,0.0,0.0,0.0,0.0,0.0,-90.0,-90.0,0.0,-89.901,0.239,-0.0,-89.99799999999999,-90.0,0.0,-89.894,0.2385,0.0,-0.4960151371813063,0.0,0.0,-1.7360529801319287,0.12400378429517514,0.0,-0.001999999999995339,0.0,0.0,-0.007000000000005002,0.0005000000000000004,0.0,-0.034424500000000004,-0.0068849,0.0275396,-0.0,-0.0,-0.0550792,-0.012986324786161999,-0.0012483516483359999,-0.006189743589666,0.0026732295482850004,-0.0019661172161580002,0.0018971306471700002,0.01459451951932373,1.6959089998636045,0.1300550002270029,0.05611000005956157,0.0
pd,00:03:11.200,970,-89.996,-90.0,-0.0,-89.887,0.238,-0.0,0.0,0.0,0.0,0.0,0.0,0.0,-90.0,-90.0,0.0,-89.901,0.239,-0.0,-89.99799999999999,-90.0,0.0,-89.894,0.2385,0.0,-0.5141338563379659,0.0,0.0,-1.799468497180141,0.1285334640843345,0.0,-0.001999999999995339,0.0,0.0,-0.007000000000005002,0.0005000000000000004,0.0,-0.034424500000000004,-0.0068849,0.0275396,-0.0,-0.0,-0.0550792,-0.012986324786161999,-0.0012483516483359999,-0.006189743589666,0.0026732295482850004,-0.0019661172161580002,0.0018971306471700002,0.01459451951932373,1.7207420000886486,0.15366500019808882,0.07251800025187549,0.0
pd,00:03:11.204,971,-89.996,-90.0,-0.0,-89.887,0.238,-0.0,0.0,0.0,0.0,0.0,0.0,0.0,-90.0,-90.0,0.0,-89.901,0.239,-0.0,-89.99799999999999,-90.0,0.0,-89.894,0.2385,0.0,-0.2778604836041819,0.0,0.0,-0.972511692613156,0.06946512090096064,0.0,-0.001999999999995339,0.0,0.0,-0.007000000000005002,0.0005000000000000004,0.0,-0.0137698,0.0275396,0.0275396,-0.034424500000000004,0.0413094,-0.0275396,-0.01343711843695,-0.002149938949912,-0.004750671550612,0.002449023199074,-0.001448717948748,0.0016556776557120003,0.01459451951932373,4.434437000327307,0.303070999962074,0.12455500018404564,0.0
pd,00:03:11.209,972,-89.996,-90.0,-0.0,-89.887,0.238,-0.0,0.0,0.0,0.0,0.0,0.0,0.0,-90.0,-90.0,0.0,-89.901,0.239,-0.0,-89.99799999999999,-90.0,0.0,-89.894,0.2385,0.0,-0.20028192149771398,0.0,0.0,-0.7009867252409315,0.05007048037436734,0.0,-0.001999999999995339,0.0,0.0,-0.007000000000005002,0.0005000000000000004,0.0,-0.0137698,0.0275396,0.0275396,-0.034424500000000004,0.0413094,-0.0275396,-0.01343711843695,-0.002149938949912,-0.004750671550612,0.002449023199074,-0.001448717948748,0.0016556776557120003,0.01459451951932373,2.4226789996646403,0.2549600003476371,0.12249900009919656,0.0
pd,00:03:11.212,973,-89.996,-90.0,-0.0,-89.887,0.238,-0.0,0.0,0.0,0.0,0.0,0.0,0.0,-90.0,-90.0,0.0,-89.901,0.239,-0.0,-89.99799999999999,-90.0,0.0,-89.894,0.2385,0.0,-0.34376723219450256,0.0,0.0,-1.2031853126789271,0.0859418080485207,0.0,-0.001999999999995339,0.0,0.0,-0.007000000000005002,0.0005000000000000004,0.0,-0.0137698,0.0275396,0.0275396,-0.034424500000000004,0.0413094,-0.0275396,-0.01343711843695,-0.002149938949912,-0.004750671550612,0.002449023199074,-0.001448717948748,0.0016556776557120003,0.01459451951932373,1.9160920001013437,0.1826839998102514,0.08457400008410332,0.0
pd,00:03:11.214,974,-89.996,-90.0,-0.0,-89.887,0.238,-0.0,0.0,0.0,0.0,0.0,0.0,0.0,-90.0,-90.0,0.0,-89.901,0.239,-0.0,-89.99799999999999,-90.0,0.0,-89.894,0.2385,0.0,-0.43836789297712436,0.0,0.0,-1.5342876254175992,0.10959197324414725,0.0,-0.001999999999995339,0.0,0.0,-0.007000000000005002,0.0005000000000000004,0.0,-0.0137698,0.0275396,0.0275396,-0.034424500000000004,0.0413094,-0.0275396,-0.01343711843695,-0.002149938949912,-0.004750671550612,0.002449023199074,-0.001448717948748,0.0016556776557120003,0.01459451951932373,1.9613509998634981,0.1780349998625752,0.07975900007295422,0.0
pd,00:03:11.217,975,-89.996,-90.0,0.0,-89.888,0.238,-0.0,0.0,0.0,0.0,-0.4349133139796793,0.0,0.0,-90.0,-90.0,0.0,-89.901,0.239,-0.0,-89.99799999999999,-90.0,0.0,-89.85100866860203,0.2385,0.0,-0.43491331397813415,0.0,0.0,8.044011263367965,0.10872832849440076,0.0,-0.001999999999995339,0.0,0.0,0.03699133139797084,0.0005000000000000004,0.0,-0.0137698,0.0275396,0.0275396,-0.034424500000000004,0.0413094,-0.0275396,-0.01343711843695,-0.002149938949912,-0.004750671550612,0.002449023199074,-0.001448717948748,0.0016556776557120003,0.01363818169697873,1.8141120003747346,0.18323900030736695,0.07818399990355829,0.0
pd,00:03:11.219,976,-89.996,-90.0,0.0,-89.888,0.238,-0.0,0.0,0.0,0.0,0.0,0.0,0.0,-90.0,-90.0,0.0,-89.901,0.239,-0.0,-89.99799999999999,-90.0,0.0,-89.8945,0.2385,0.0,-0.4640743527334727,0.0,0.0,-1.508241646380901,0.11601858818322648,0.0,-0.001999999999995339,0.0,0.0,-0.006499999999988404,0.0005000000000000004,0.0,-0.0137698,0.0275396,0.0275396,-0.034424500000000004,0.0413094,-0.0275396,-0.01343711843695,-0.002149938949912,-0.004750671550612,0.002449023199074,-0.001448717948748,0.0016556776557120003,0.01363818169697873,1.6762059999564372,0.16286800018860959,0.13623899985759635,0.0
pd,00:03:11.221,977,-89.996,-90.0,0.0,-89.888,0.238,-0.0,0.0,0.0,0.0,0.0,0.0,0.0,-90.0,-90.0,0.0,-89.901,0.239,-0.0,-89.99799999999999,-90.0,0.0,-89.8945,0.2385,0.0,-0.4876530635978521,0.0,0.0,-1.5848724566899874,0.12191326589931414,0.0,-0.001999999999995339,0.0,0.0,-0.006499999999988404,0.0005000000000000004,0.0,-0.0137698,0.0275396,0.0275396,-0.034424500000000004,0.0413094,-0.0275396,-0.01343711843695,-0.002149938949912,-0.004750671550612,0.002449023199074,-0.001448717948748,0.0016556776557120003,0.01363818169697873,1.722816999972565,0.16373900007238262,0.07023999978628126,0.0
pd,00:03:11.223,978,-89.996,-90.0,0.0,-89.888,0.238,-0.0,0.0,0.0,0.0,0.0,0.0,0.0,-90.0,-90.0,0.0,-89.901,0.239,-0.0,-89.99799999999999,-90.0,0.0,-89.8945,0.2385,0.0,-0.4928676850769831,0.0,0.0,-1.6018199764971308,0.1232169212690953,0.0,-0.001999999999995339,0.0,0.0,-0.006499999999988404,0.0005000000000000004,0.0,0.0275396,0.034424500000000004,0.034424500000000004,-0.0206547,-0.0068849,0.0137698,-0.013593162392991999,-0.00164713064711,-0.004750671550612,0.0019488705739110002,-0.001483211233242,0.002190323565369,0.01363818169697873,3.4608539999680943,0.4013110001324094,0.40358900014325627,0.0
pd,00:03:11.227,979,-89.996,-90.0,0.0,-89.888,0.238,-0.0,0.0,0.0,0.0,0.0,0.0,0.0,-90.0,-90.0,0.0,-89.901,0.239,-0.0,-89.99799999999999,-90.0,0.0,-89.8945,0.2385,0.0,-0.21777279335436792,0.0,0.0,-0.7077615784003418,0.05444319833852549,0.0,-0.001999999999995339,0.0,0.0,-0.006499999999988404,0.0005000000000000004,0.0,0.0275396,0.034424500000000004,0.034424500000000004,-0.0206547,-0.0068849,0.0137698,-0.013593162392991999,-0.00164713064711,-0.004750671550612,0.0019488705739110002,-0.001483211233242,0.002190323565369,0.01363818169697873,2.0405719997143024,0.17605400034881313,0.07207399994513253,0.0
pd,00:03:11.230,980,-89.996,-90.0,0.0,-89.888,0.238,-0.0,0.0,0.0,0.0,0.0,0.0,0.0,-90.0,-90.0,0.0,-89.901,0.239,-0.0,-89.99799999999999,-90.0,0.0,-89.8945,0.2385,0.0,-0.42225953891121776,0.0,0.0,-1.3723435014588323,0.10556488472767551,0.0,-0.001999999999995339,0.0,0.0,-0.006499999999988404,0.0005000000000000004,0.0,0.0275396,0.034424500000000004,0.034424500000000004,-0.0206547,-0.0068849,0.0137698,-0.013593162392991999,-0.00164713064711,-0.004750671550612,0.0019488705739110002,-0.001483211233242,0.002190323565369,0.01363818169697873,1.6672980000294046,0.14681299990115804,0.062369999795919284,0.0
pd,00:03:11.233,981,-89.996,-90.0,0.0,-89.888,0.238,-0.0,0.0,0.0,0.0,0.0,0.0,0.0,-90.0,-90.0,0.0,-89.901,0.239,-0.0,-89.99799999999999,-90.0,0.0,-89.8945,0.2385,0.0,-0.30684790401676243,0.0,0.0,-0.9972556880525703,0.07671197600409693,0.0,-0.001999999999995339,0.0,0.0,-0.006499999999988404,0.0005000000000000004,0.0,0.0275396,0.034424500000000004,0.034424500000000004,-0.0206547,-0.0068849,0.0137698,-0.013593162392991999,-0.00164713064711,-0.004750671550612,0.0019488705739110002,-0.001483211233242,0.002190323565369,0.01363818169697873,1.9178699999429227,0.2707009998630383,0.08240599981945707,0.0
pd,00:03:11.236,982,-89.997,-90.0,0.0,-89.888,0.238,-0.0,-0.387464572750118,0.0,0.0,0.0,0.0,0.0,-90.0,-90.0,0.0,-89.901,0.239,-0.0,-89.95975354272498,-90.0,0.0,-89.8945,0.2385,0.0,7.2158413272245205,0.0,0.0,-1.2592598614310007,0.09686614318706706,0.0,0.03724645727501752,0.0,0.0,-0.006499999999988404,0.0005000000000000004,0.0,0.0275396,0.034424500000000004,0.034424500000000004,-0.0206547,-0.0068849,0.0137698,-0.013593162392991999,-0.00164713064711,-0.004750671550612,0.0019488705739110002,-0.001483211233242,0.002190323565369,0.01337908816025095,2.2383479999916744,0.2629049999995914,0.11836900011985563,0.0
pd,00:03:11.238,983,-89.997,-90.0,0.0,-89.888,0.238,-0.0,0.0,0.0,0.0,0.0,0.0,0.0,-90.0,-90.0,0.0,-89.901,0.239,-0.0,-89.9985,-90.0,0.0,-89.8945,0.2385,0.0,-0.274161408401614,0.0,0.0,-1.1880327697394617,0.09138713613386795,0.0,-0.0015000000000071623,0.0,0.0,-0.006499999999988404,0.0005000000000000004,0.0,0.0275396,0.034424500000000004,0.034424500000000004,-0.0206547,-0.0068849,0.0137698,-0.013593162392991999,-0.00164713064711,-0.004750671550612,0.0019488705739110002,-0.001483211233242,0.002190323565369,0.01337908816025095,2.1357939999688824,0.30279300017355126,0.13218399999459507,0.0
pd,00:03:11.241,984,-89.997,-90.0,0.0,-89.888,0.238,-0.0,0.0,0.0,0.0,0.0,0.0,0.0,-90.0,-90.0,0.0,-89.901,0.239,-0.0,-89.9985,-90.0,0.0,-89.8945,0.2385,0.0,-0.2784815864022768,0.0,0.0,-1.2067535410756536,0.09282719546742219,0.0,-0.0015000000000071623,0.0,0.0,-0.006499999999988404,0.0005000000000000004,0.0,0.0275396,0.034424500000000004,0.034424500000000004,-0.0206547,-0.0068849,0.0137698,-0.013593162392991999,-0.00164713064711,-0.004750671550612,0.0019488705739110002,-0.001483211233242,0.002190323565369,0.01337908816025095,1.8610739998621284,0.28334899980109185,0.14342500026032212,0.0
pd,00:03:11.243,985,-89.997,-90.0,0.0,-89.888,0.238,-0.0,0.0,0.0,0.0,0.0,0.0,0.0,-90.0,-90.0,0.0,-89.901,0.239,-0.0,-89.9985,-90.0,0.0,-89.8945,0.2385,0.0,-0.308949911608733,0.0,0.0,-1.338782950303534,0.10298330386957386,0.0,-0.0015000000000071623,0.0,0.0,-0.006499999999988404,0.0005000000000000004,0.0,0.06884900000000001,0.0275396,0.0619641,-0.0413094,-0.0206547,0.0206547,-0.013367765567598,-0.001057631257618,-0.0049934065933439995,0.0027767094017670003,-0.001414224664254,0.0019661172161580002,0.01337908816025095,4.35510500028613,0.24409000025116256,0.11355500009813113,0.0
pd,00:03:11.248,986,-89.997,-90.0,0.0,-89.888,0.238,-0.0,0.0,0.0,0.0,0.0,0.0,0.0,-90.0,-90.0,0.0,-89.901,0.239,-0.0,-89.9985,-90.0,0.0,-89.8945,0.2385,0.0,-0.155729108910897,0.0,0.0,-0.6748261386133951,0.051909702970297074,0.0,-0.0015000000000071623,0.0,0.0,-0.006499999999988404,0.0005000000000000004,0.0,0.06884900000000001,0.0275396,0.0619641,-0.0413094,-0.0206547,0.0206547,-0.013367765567598,-0.001057631257618,-0.0049934065933439995,0.0027767094017670003,-0.001414224664254,0.0019661172161580002,0.01337908816025095,1.811444999930245,0.1802940000743547,0.08190600010493654,0.0
pd,00:03:11.250,987,-89.997,-90.0,0.0,-89.888,0.238,-0.0,0.0,0.0,0.0,0.0,0.0,0.0,-90.0,-90.0,0.0,-89.901,0.239,-0.0,-89.9985,-90.0,0.0,-89.8945,0.2385,0.0,-0.34863437880972176,0.0,0.0,-1.5107489748410265,0.11621145960323628,0.0,-0.0015000000000071623,0.0,0.0,-0.006499999999988404,0.0005000000000000004,0.0,0.06884900000000001,0.0275396,0.0619641,-0.0413094,-0.0206547,0.0206547,-0.013367765567598,-0.001057631257618,-0.0049934065933439995,0.0027767094017670003,-0.001414224664254,0.0019661172161580002,0.01337908816025095,1.7063909999706084,0.14868400012346683,0.06372200004989281,0.0
pd,00:03:11.252,988,-89.997,-90.0,0.0,-89.888,0.238,-0.0,0.0,0.0,0.0,0.0,0.0,0.0,-90.0,-90.0,0.0,-89.901,0.239,-0.0,-89.9985,-90.0,0.0,-89.8945,0.2385,0.0,-0.37727608539219465,0.0,0.0,-1.6348630366983188,0.1257586951307269,0.0,-0.0015000000000071623,0.0,0.0,-0.006499999999988404,0.0005000000000000004,0.0,0.06884900000000001,0.0275396,0.0619641,-0.0413094,-0.0206547,0.0206547,-0.013367765567598,-0.001057631257618,-0.0049934065933439995,0.0027767094017670003,-0.001414224664254,0.0019661172161580002,0.01337908816025095,1.724242000364029,0.1525170000604703,0.06453600008171634,0.0
pd,00:03:11.254,989,-89.997,-90.0,0.0,-89.888,0.238,-0.0,0.0,0.0,0.0,0.0,0.0,0.0,-90.0,-90.0,0.0,-89.901,0.239,-0.0,-89.9985,-90.0,0.0,-89.8945,0.2385,0.0,-0.37289331436701273,0.0,0.0,-1.6158710289225442,0.1242977714556663,0.0,-0.0015000000000071623,0.0,0.0,-0.006499999999988404,0.0005000000000000004,0.0,0.06884900000000001,0.0275396,0.0619641,-0.0413094,-0.0206547,0.0206547,-0.013367765567598,-0.001057631257618,-0.0049934065933439995,0.0027767094017670003,-0.001414224664254,0.0019661172161580002,0.01337908816025095,1.7189459999826795,0.18209000018032384,0.0839060003272607,0.0
pd,00:03:11.256,990,-89.997,-90.0,0.0,-89.889,0.238,-0.0,0.0,0.0,0.0,-0.4836047503701629,0.0,0.0,-90.0,-90.0,0.0,-89.901,0.239,-0.0,-89.9985,-90.0,0.0,-89.84663952496298,0.2385,0.0,-0.36270356278105836,0.0,0.0,10.242863478015487,0.12090118759368165,0.0,-0.0015000000000071623,0.0,0.0,0.04236047503701457,0.0005000000000000004,0.0,0.06884900000000001,0.0275396,0.0619641,-0.0413094,-0.0206547,0.0206547,-0.013367765567598,-0.001057631257618,-0.0049934065933439995,0.0027767094017670003,-0.001414224664254,0.0019661172161580002,0.012409673645991324,2.1473860001606226,0.24123799994413275,0.11751700003514998,0.0
pd,00:03:11.260,991,-89.997,-90.0,0.0,-89.889,0.238,-0.0,0.0,0.0,0.0,0.0,0.0,0.0,-90.0,-90.0,0.0,-89.901,0.239,-0.0,-89.9985,-90.0,0.0,-89.895,0.2385,0.0,-0.1914741006756418,0.0,0.0,-0.7658964027025672,0.06382470022521157,0.0,-0.0015000000000071623,0.0,0.0,-0.006000000000000227,0.0005000000000000004,0.0,0.06884900000000001,0.0275396,0.0619641,-0.0413094,-0.0206547,0.0206547,-0.013367765567598,-0.001057631257618,-0.0049934065933439995,0.0027767094017670003,-0.001414224664254,0.0019661172161580002,0.012409673645991324,2.064813000288268,0.3532559999257501,0.14262800004871679,0.0
pd,00:03:11.263,992,-89.997,-90.0,0.0,-89.889,0.238,-0.0,0.0,0.0,0.0,0.0,0.0,0.0,-90.0,-90.0,0.0,-89.901,0.239,-0.0,-89.9985,-90.0,0.0,-89.895,0.2385,0.0,-0.27860490656275966,0.0,0.0,-1.1144196262510386,0.09286830218758312,0.0,-0.0015000000000071623,0.0,0.0,-0.006000000000000227,0.0005000000000000004,0.0,-0.0206547,-0.0068849,0.0206547,-0.0206547,0.0481943,-0.0619641,-0.014130647130469999,-0.0024793650793339997,-0.005340170940104,0.002449023199074,-0.0029491758242370003,0.0018971306471700002,0.012409673645991324,5.012246000205778,0.25607199995647534,0.1193509997392539,0.0
pd,00:03:11.269,993,-89.997,-90.0,0.0,-89.889,0.238,-0.0,0.0,0.0,0.0,0.0,0.0,0.0,-90.0,-90.0,0.0,-89.901,0.239,-0.0,-89.9985,-90.0,0.0,-89.895,0.2385,0.0,-0.1363439667129039,0.0,0.0,-0.5453758668516157,0.04544798890429962,0.0,-0.0015000000000071623,0.0,0.0,-0.006000000000000227,0.0005000000000000004,0.0,-0.0206547,-0.0068849,0.0206547,-0.0206547,0.0481943,-0.0619641,-0.014130647130469999,-0.0024793650793339997,-0.005340170940104,0.002449023199074,-0.0029491758242370003,0.0018971306471700002,0.012409673645991324,1.8389080000815738,0.19177600006514695,0.08512799968229956,0.0
pd,00:03:11.271,994,-89.997,-90.0,0.0,-89.889,0.238,-0.0,0.0,0.0,0.0,0.0,0.0,0.0,-90.0,-90.0,0.0,-89.901,0.239,-0.0,-89.9985,-90.0,0.0,-89.895,0.2385,0.0,-0.3404099123471615,0.0,0.0,-1.361639649388646,0.11346997078238295,0.0,-0.0015000000000071623,0.0,0.0,-0.006000000000000227,0.0005000000000000004,0.0,-0.0206547,-0.0068849,0.0206547,-0.0206547,0.0481943,-0.0619641,-0.014130647130469999,-0.0024793650793339997,-0.005340170940104,0.002449023199074,-0.0029491758242370003,0.0018971306471700002,0.012409673645991324,1.8259260000377253,0.27751600009651156,0.11772099969675764,0.0
pd,00:03:11.273,995,-89.997,-90.0,0.0,-89.889,0.238,-0.0,0.0,0.0,0.0,0.0,0.0,0.0,-90.0,-90.0,0.0,-89.901,0.239,-0.0,-89.9985,-90.0,0.0,-89.895,0.2385,0.0,-0.3178466201879478,0.0,0.0,-1.2713864807517912,0.10594887339597868,0.0,-0.0015000000000071623,0.0,0.0,-0.006000000000000227,0.0005000000000000004,0.0,-0.0206547,-0.0068849,0.0206547,-0.0206547,0.0481943,-0.0619641,-0.014130647130469999,-0.0024793650793339997,-0.005340170940104,0.002449023199074,-0.0029491758242370003,0.0018971306471700002,0.012409673645991324,1.8898150001405156,0.2289789999849745,0.10523999981160159,0.0
pd,00:03:11.275,996,-89.997,-90.0,0.0,-89.889,0.238,-0.0,0.0,0.0,0.0,0.0,0.0,0.0,-90.0,-90.0,0.0,-89.901,0.239,-0.0,-89.9985,-90.0,0.0,-89.895,0.2385,0.0,-0.3234681748072102,0.0,0.0,-1.2938726992288407,0.10782272493573275,0.0,-0.0015000000000071623,0.0,0.0,-0.006000000000000227,0.0005000000000000004,0.0,-0.0206547,-0.0068849,0.0206547,-0.0206547,0.0481943,-0.0619641,-0.014130647130469999,-0.0024793650793339997,-0.005340170940104,0.002449023199074,-0.0029491758242370003,0.0018971306471700002,0.012409673645991324,1.797722999981488,0.17344200023217127,0.07836900022084592,0.0
pd,00:03:11.278,997,-89.997,-90.0,0.0,-89.889,0.238,-0.0,0.0,0.0,0.0,0.0,0.0,0.0,-90.0,-90.0,0.0,-89.901,0.239,-0.0,-89.9985,-90.0,0.0,-89.895,0.2385,0.0,-0.3525020170327341,0.0,0.0,-1.4100080681309364,0.11750067234424036,0.0,-0.0015000000000071623,0.0,0.0,-0.006000000000000227,0.0005000000000000004,0.0,-0.0206547,-0.0068849,0.0206547,-0.0206547,0.0481943,-0.0619641,-0.014130647130469999,-0.0024793650793339997,-0.005340170940104,0.002449023199074,-0.0029491758242370003,0.0018971306471700002,0.012409673645991324,1.7165200001727499,0.19033099988519098,0.0712579999344598,0.0
pd,00:03:11.280,998,-89.997,-90.0,0.0,-89.889,0.238,-0.0,0.0,0.0,0.0,0.0,0.0,0.0,-90.0,-90.0,0.0,-89.901,0.239,-0.0,-89.9985,-90.0,0.0,-89.895,0.2385,0.0,-0.3656122733612412,0.0,0.0,-1.4624490934449648,0.12187075778707589,0.0,-0.0015000000000071623,0.0,0.0,-0.006000000000000227,0.0005000000000000004,0.0,-0.0206547,-0.0068849,0.0206547,-0.0206547,0.0481943,-0.0619641,-0.014130647130469999,-0.0024793650793339997,-0.005340170940104,0.002449023199074,-0.0029491758242370003,0.0018971306471700002,0.012409673645991324,1.9572960000004969,0.2602009999463917,0.1257579997400171,0.0
pd,00:03:11.282,999,-89.997,-90.0,0.0,-89.889,0.238,-0.0,0.0,0.0,0.0,0.0,0.0,0.0,-90.0,-90.0,0.0,-89.901,0.239,-0.0,-89.9985,-90.0,0.0,-89.895,0.2385,0.0,-0.3057964421114143,0.0,0.0,-1.2231857684456573,0.10193214737046767,0.0,-0.0015000000000071623,0.0,0.0,-0.006000000000000227,0.0005000000000000004,0.0,-0.0275396,0.0137698,-0.034424500000000004,0.0137698,0.0550792,-0.0,-0.013367765567598,-0.001872527472504,-0.005305494505428,0.001327991453019,-0.0019143772894170002,0.001500457875489,0.012409673645991324,3.5602789998847584,0.2407199999652221,0.12103600010959781,0.0
pd,00:03:11.286,1000,-89.997,-90.0,0.0,-89.889,0.238,-0.0,0.0,0.0,0.0,0.0,0.0,0.0,-90.0,-90.0,0.0,-89.901,0.239,-0.0,-89.9985,-90.0,0.0,-89.895,0.2385,0.0,-0.18627001421128134,0.0,0.0,-0.7450800568451253,0.06209000473709148,0.0,-0.0015000000000071623,0.0,0.0,-0.006000000000000227,0.0005000000000000004,0.0,-0.0275396,0.0137698,-0.034424500000000004,0.0137698,0.0550792,-0.0,-0.013367765567598,-0.001872527472504,-0.005305494505428,0.001327991453019,-0.0019143772894170002,0.001500457875489,0.012409673645991324,2.8089719999115914,0.20955300033165258,0.0880919997143792,0.0
pd,00:03:11.290,1001,-89.997,-90.0,0.0,-89.889,0.238,-0.0,0.0,0.0,0.0,0.0,0.0,0.0,-90.0,-90.0,0.0,-89.901,0.239,-0.0,-89.9985,-90.0,0.0,-89.895,0.2385,0.0,-0.17195408330600848,0.0,0.0,-0.6878163332240339,0.05731802776866737,0.0,-0.0015000000000071623,0.0,0.0,-0.006000000000000227,0.0005000000000000004,0.0,-0.0275396,0.0137698,-0.034424500000000004,0.0137698,0.0550792,-0.0,-0.013367765567598,-0.001872527472504,-0.005305494505428,0.001327991453019,-0.0019143772894170002,0.001500457875489,0.012409673645991324,1.9197770002392645,0.26016499987235875,0.07959200002005673,0.0
pd,00:03:11.293,1002,-89.997,-90.0,0.0,-89.889,0.238,-0.0,0.0,0.0,0.0,0.0,0.0,0.0,-90.0,-90.0,0.0,-89.901,0.239,-0.0,-89.9985,-90.0,0.0,-89.895,0.2385,0.0,-0.3175257898455758,0.0,0.0,-1.2701031593823031,0.10584192994852135,0.0,-0.0015000000000071623,0.0,0.0,-0.006000000000000227,0.0005000000000000004,0.0,-0.0275396,0.0137698,-0.034424500000000004,0.0137698,0.0550792,-0.0,-0.013367765567598,-0.001872527472504,-0.005305494505428,0.001327991453019,-0.0019143772894170002,0.001500457875489,0.012409673645991324,2.3188840000329947,0.25881200008370797,0.11855399998239591,0.0
pd,00:03:11.296,1003,-89.997,-90.0,0.0,-89.889,0.238,-0.0,0.0,0.0,0.0,0.0,0.0,0.0,-90.0,-90.0,0.0,-89.901,0.239,-0.0,-89.9985,-90.0,0.0,-89.895,0.2385,0.0,-0.26713043478261883,0.0,0.0,-1.0685217391304753,0.08904347826086964,0.0,-0.0015000000000071623,0.0,0.0,-0.006000000000000227,0.0005000000000000004,0.0,-0.0275396,0.0137698,-0.034424500000000004,0.0137698,0.0550792,-0.0,-0.013367765567598,-0.001872527472504,-0.005305494505428,0.001327991453019,-0.0019143772894170002,0.001500457875489,0.012409673645991324,1.8818329999703565,0.2403120001872594,0.11379499983377173,0.0
pd,00:03:11.298,1004,-89.997,-90.0,0.0,-89.89,0.238,-0.0,0.0,0.0,0.0,-0.4272055408453888,0.0,0.0,-90.0,-90.0,0.0,-89.901,0.239,-0.0,-89.9985,-90.0,0.0,-89.85277944591546,0.2385,0.0,-0.32040415563252383,0.0,0.0,7.950413469087739,0.10680138521083733,0.0,-0.0015000000000071623,0.0,0.0,0.03722055408454139,0.0005000000000000004,0.0,-0.0275396,0.0137698,-0.034424500000000004,0.0137698,0.0550792,-0.0,-0.013367765567598,-0.001872527472504,-0.005305494505428,0.001327991453019,-0.0019143772894170002,0.001500457875489,0.011445523142255474,1.7844819999481842,0.21059100026832311,0.14629499992224737,0.0
pd,00:03:11.300,1005,-89.997,-90.0,0.0,-89.89,0.238,-0.0,0.0,0.0,0.0,0.0,0.0,0.0,-90.0,-90.0,0.0,-89.901,0.239,-0.0,-89.9985,-90.0,0.0,-89.8955,0.2385,0.0,-0.3271687987519625,0.0,0.0,-1.1996189287566792,0.10905626625065012,0.0,-0.0015000000000071623,0.0,0.0,-0.00549999999999784,0.0005000000000000004,0.0,-0.0275396,0.0137698,-0.034424500000000004,0.0137698,0.0550792,-0.0,-0.013367765567598,-0.001872527472504,-0.005305494505428,0.001327991453019,-0.0019143772894170002,0.001500457875489,0.011445523142255474,2.00046099962492,0.2764230002867407,0.13049899962425116,0.0
pd,00:03:11.303,1006,-89.997,-90.0,0.0,-89.89,0.238,-0.0,0.0,0.0,0.0,0.0,0.0,0.0,-90.0,-90.0,0.0,-89.901,0.239,-0.0,-89.9985,-90.0,0.0,-89.8955,0.2385,0.0,-0.29679479196151703,0.0,0.0,-1.0882475705250938,0.09893159732050202,0.0,-0.0015000000000071623,0.0,0.0,-0.00549999999999784,0.0005000000000000004,0.0,-0.0137698,0.0,-0.0137698,0.2547413,-0.0206547,0.0206547,-0.013974603174428,-0.001317704517688,-0.0058949938949199995,0.001190018315043,-0.002207570207616,0.0017591575091940002,0.011445523142255474,3.4642619998521695,0.24349800014533685,0.42214399991280516,0.0
pd,00:03:11.307,1007,-89.997,-90.0,0.0,-89.89,0.238,-0.0,0.0,0.0,0.0,0.0,0.0,0.0,-90.0,-90.0,0.0,-89.901,0.239,-0.0,-89.9985,-90.0,0.0,-89.8955,0.2385,0.0,-0.16849105516872626,0.0,0.0,-0.6178005356183969,0.056163685056240004,0.0,-0.0015000000000071623,0.0,0.0,-0.00549999999999784,0.0005000000000000004,0.0,-0.0137698,0.0,-0.0137698,0.2547413,-0.0206547,0.0206547,-0.013974603174428,-0.001317704517688,-0.0058949938949199995,0.001190018315043,-0.002207570207616,0.0017591575091940002,0.011445523142255474,2.398625000296306,0.2124049997291877,0.09949900004357914,0.0
pd,00:03:11.310,1008,-89.997,-90.0,0.0,-89.89,0.238,-0.0,0.0,0.0,0.0,0.0,0.0,0.0,-90.0,-90.0,0.0,-89.901,0.239,-0.0,-89.9985,-90.0,0.0,-89.8955,0.2385,0.0,-0.2676076563164712,0.0,0.0,-0.981228073159972,0.08920255210548711,0.0,-0.0015000000000071623,0.0,0.0,-0.00549999999999784,0.0005000000000000004,0.0,-0.0137698,0.0,-0.0137698,0.2547413,-0.0206547,0.0206547,-0.013974603174428,-0.001317704517688,-0.0058949938949199995,0.001190018315043,-0.002207570207616,0.0017591575091940002,0.011445523142255474,1.742927000123018,0.16377600013584015,0.06770299978597905,0.0
pd,00:03:11.312,1009,-89.997,-90.0,0.0,-89.89,0.238,-0.0,0.0,0.0,0.0,0.0,0.0,0.0,-90.0,-90.0,0.0,-89.901,0.239,-0.0,-89.9985,-90.0,0.0,-89.8955,0.2385,0.0,-0.36659223866683593,0.0,0.0,-1.3441715417778195,0.12219741288894079,0.0,-0.0015000000000071623,0.0,0.0,-0.00549999999999784,0.0005000000000000004,0.0,-0.0137698,0.0,-0.0137698,0.2547413,-0.0206547,0.0206547,-0.013974603174428,-0.001317704517688,-0.0058949938949199995,0.001190018315043,-0.002207570207616,0.0017591575091940002,0.011445523142255474,1.8234640001537628,0.16801699985080631,0.07586899982925388,0.0
pd,00:03:11.314,1010,-89.997,-90.0,0.0,-89.89,0.238,-0.0,0.0,0.0,0.0,0.0,0.0,0.0,-90.0,-90.0,0.0,-89.901,0.239,-0.0,-89.9985,-90.0,0.0,-89.8955,0.2385,0.0,-0.3501088480801468,0.0,0.0,-1.2837324429599855,0.11670294936004462,0.0,-0.0015000000000071623,0.0,0.0,-0.00549999999999784,0.0005000000000000004,0.0,-0.0137698,0.0,-0.0137698,0.2547413,-0.0206547,0.0206547,-0.013974603174428,-0.001317704517688,-0.0058949938949199995,0.001190018315043,-0.002207570207616,0.0017591575091940002,0.011445523142255474,1.7143909999504103,0.1631649997761997,0.08981300015875604,0.0
pd,00:03:11.318,1011,-89.997,-90.0,0.0,-89.89,0.238,-0.0,0.0,0.0,0.0,0.0,0.0,0.0,-90.0,-90.0,0.0,-89.901,0.239,-0.0,-89.9985,-90.0,0.0,-89.8955,0.2385,0.0,-0.22773676970970239,0.0,0.0,-0.8350348222685492,0.07591225656989799,0.0,-0.0015000000000071623,0.0,0.0,-0.00549999999999784,0.0005000000000000004,0.0,-0.0137698,0.0,-0.0137698,0.2547413,-0.0206547,0.0206547,-0.013974603174428,-0.001317704517688,-0.0058949938949199995,0.001190018315043,-0.002207570207616,0.0017591575091940002,0.011445523142255474,2.1365530001276056,0.2735709999797109,0.12916500008941512,0.0
pd,00:03:11.320,1012,-89.997,-90.0,0.0,-89.89,0.238,-0.0,0.0,0.0,0.0,0.0,0.0,0.0,-90.0,-90.0,0.0,-89.901,0.239,-0.0,-89.9985,-90.0,0.0,-89.8955,0.2385,0.0,-0.28127038626610507,0.0,0.0,-1.031324749641941,0.09375679542203155,0.0,-0.0015000000000071623,0.0,0.0,-0.00549999999999784,0.0005000000000000004,0.0,-0.0137698,0.0,-0.0137698,0.2547413,-0.0206547,0.0206547,-0.013974603174428,-0.001317704517688,-0.0058949938949199995,0.001190018315043,-0.002207570207616,0.0017591575091940002,0.011445523142255474,2.4519749999853957,0.2596459999040235,0.35223699978814693,0.0
pd,00:03:11.323,1013,-89.997,-90.0,0.0,-89.89,0.238,-0.0,0.0,0.0,0.0,0.0,0.0,0.0,-90.0,-90.0,0.0,-89.901,0.239,-0.0,-89.9985,-90.0,0.0,-89.8955,0.2385,0.0,-0.2317978041411922,0.0,0.0,-0.8499252818506721,0.07726593471372788,0.0,-0.0015000000000071623,0.0,0.0,-0.00549999999999784,0.0005000000000000004,0.0,-0.0137698,0.0,-0.034424500000000004,-0.0068849,-0.0481943,0.0206547,-0.014130647130469999,-0.0018898656898419998,-0.0058949938949199995,0.002862942613002,-0.002380036630086,0.0018971306471700002,0.011445523142255474,2.768027999991318,0.26347899984102696,0.11681400019369903,0.0
pd,00:03:11.327,1014,-89.997,-90.0,0.0,-89.89,0.238,-0.0,0.0,0.0,0.0,0.0,0.0,0.0,-90.0,-90.0,0.0,-89.901,0.239,-0.0,-89.9985,-90.0,0.0,-89.8955,0.2385,0.0,-0.23060831317352976,0.0,0.0,-0.8455638149692449,0.07686943772450706,0.0,-0.0015000000000071623,0.0,0.0,-0.00549999999999784,0.0005000000000000004,0.0,-0.0137698,0.0,-0.034424500000000004,-0.0068849,-0.0481943,0.0206547,-0.014130647130469999,-0.0018898656898419998,-0.0058949938949199995,0.002862942613002,-0.002380036630086,0.0018971306471700002,0.011445523142255474,1.7601669997020508,0.26099699971382506,0.09420300011697691,0.0
pd,00:03:11.329,1015,-89.997,-90.0,0.0,-89.89,0.238,-0.0,0.0,0.0,0.0,0.0,0.0,0.0,-90.0,-90.0,0.0,-89.901,0.239,-0.0,-89.9985,-90.0,0.0,-89.8955,0.2385,0.0,-0.33996844266725595,0.0,0.0,-1.2465509564460684,0.11332281422241446,0.0,-0.0015000000000071623,0.0,0.0,-0.00549999999999784,0.0005000000000000004,0.0,-0.0137698,0.0,-0.034424500000000004,-0.0068849,-0.0481943,0.0206547,-0.014130647130469999,-0.0018898656898419998,-0.0058949938949199995,0.002862942613002,-0.002380036630086,0.0018971306471700002,0.011445523142255474,1.7374080002809933,0.15031400016596308,0.06144400003904593,0.0
pd,00:03:11.331,1016,-89.997,-90.0,0.0,-89.89,0.238,-0.0,0.0,0.0,0.0,0.0,0.0,0.0,-90.0,-90.0,0.0,-89.901,0.239,-0.0,-89.9985,-90.0,0.0,-89.8955,0.2385,0.0,-0.3723195644455106,0.0,0.0,-1.3651717362996176,0.12410652148183228,0.0,-0.0015000000000071623,0.0,0.0,-0.00549999999999784,0.0005000000000000004,0.0,-0.0137698,0.0,-0.034424500000000004,-0.0068849,-0.0481943,0.0206547,-0.014130647130469999,-0.0018898656898419998,-0.0058949938949199995,0.002862942613002,-0.002380036630086,0.0018971306471700002,0.011445523142255474,1.687539000158722,0.5444759999591042,0.10027700000136974,0.0
pd,00:03:11.333,1017,-89.997,-90.0,0.0,-89.89,0.238,-0.0,0.0,0.0,0.0,0.0,0.0,0.0,-90.0,-90.0,0.0,-89.901,0.239,-0.0,-89.9985,-90.0,0.0,-89.8955,0.2385,0.0,-0.3047890708264819,0.0,0.0,-1.1175599263632856,0.10159635694215685,0.0,-0.0015000000000071623,0.0,0.0,-0.00549999999999784,0.0005000000000000004,0.0,-0.0137698,0.0,-0.034424500000000004,-0.0068849,-0.0481943,0.0206547,-0.014130647130469999,-0.0018898656898419998,-0.0058949938949199995,0.002862942613002,-0.002380036630086,0.0018971306471700002,0.011445523142255474,1.753259999986767,0.18181300038122572,0.06488799999715411,0.0
pd,00:03:11.335,1018,-89.997,-90.0,0.0,-89.89,0.238,-0.0,0.0,0.0,0.0,0.0,0.0,0.0,-90.0,-90.0,0.0,-89.901,0.239,-0.0,-89.9985,-90.0,0.0,-89.8955,0.2385,0.0,-0.3622024179620172,0.0,0.0,-1.3280755325268243,0.12073413932066793,0.0,-0.0015000000000071623,0.0,0.0,-0.00549999999999784,0.0005000000000000004,0.0,-0.0137698,0.0,-0.034424500000000004,-0.0068849,-0.0481943,0.0206547,-0.014130647130469999,-0.0018898656898419998,-0.0058949938949199995,0.002862942613002,-0.002380036630086,0.0018971306471700002,0.011445523142255474,1.8097039996973763,0.2059600001302897,0.10712899984355317,0.0
pd,00:03:11.338,1019,-89.997,-90.0,0.0,-89.885,0.238,-0.0,0.0,0.0,0.0,2.254517308103733,0.0,0.0,-90.0,-90.0,0.0,-89.901,0.239,-0.0,-89.9985,-90.0,0.0,-90.11845173081038,0.2385,0.0,-0.3381775962158804,0.0,0.0,-52.63209677192289,0.11272586540528928,0.0,-0.0015000000000071623,0.0,0.0,-0.23345173081037274,0.0005000000000000004,0.0,-0.0137698,0.0,-0.034424500000000004,-0.0068849,-0.0481943,0.0206547,-0.014130647130469999,-0.0018898656898419998,-0.0058949938949199995,0.002862942613002,-0.002380036630086,0.0018971306471700002,0.016309506430291415,2.0554049997372204,0.2326459998585051,0.11462899965408724,0.0
pd,00:03:11.340,1020,-89.997,-90.0,0.0,-89.885,0.238,-0.0,0.0,0.0,0.0,0.0,0.0,0.0,-90.0,-90.0,0.0,-89.901,0.239,-0.0,-89.9985,-90.0,0.0,-89.893,0.2385,0.0,-0.29979300486039445,0.0,0.0,-1.598896025921157,0.09993100162012779,0.0,-0.0015000000000071623,0.0,0.0,-0.007999999999995566,0.0005000000000000004,0.0,-0.0137698,0.0,-0.034424500000000004,-0.0068849,-0.0481943,0.0206547,-0.014130647130469999,-0.0018898656898419998,-0.0058949938949199995,0.002862942613002,-0.002380036630086,0.0018971306471700002,0.016309506430291415,1.8892210000558407,0.270516000000498,0.13203600019551232,0.0
pd,00:03:11.344,1021,-89.997,-90.0,0.0,-89.885,0.238,-0.0,0.0,0.0,0.0,0.0,0.0,0.0,-90.0,-90.0,0.0,-89.901,0.239,-0.0,-89.9985,-90.0,0.0,-89.893,0.2385,0.0,-0.2011720918334795,0.0,0.0,-1.0729178231112555,0.06705736394449069,0.0,-0.0015000000000071623,0.0,0.0,-0.007999999999995566,0.0005000000000000004,0.0,0.0206547,0.0068849,0.0137698,0.0206547,0.0481943,0.0206547,-0.014598778998595999,-0.0019072039071799999,-0.0049934065933439995,0.003173382173448,-0.0016901709402060002,0.001414224664254,0.016309506430291415,2.264459000343777,0.2862370001821546,0.12907300015285728,0.0
pd,00:03:11.347,1022,-89.997,-90.0,0.0,-89.885,0.238,-0.0,0.0,0.0,0.0,0.0,0.0,0.0,-90.0,-90.0,0.0,-89.901,0.239,-0.0,-89.9985,-90.0,0.0,-89.893,0.2385,0.0,-0.26697173894594917,0.0,0.0,-1.4238492743775526,0.08899057964864643,0.0,-0.0015000000000071623,0.0,0.0,-0.007999999999995566,0.0005000000000000004,0.0,0.0206547,0.0068849,0.0137698,0.0206547,0.0481943,0.0206547,-0.014598778998595999,-0.0019072039071799999,-0.0049934065933439995,0.003173382173448,-0.0016901709402060002,0.001414224664254,0.016309506430291415,2.476363999903697,0.2513489998818841,0.12005400003545219,0.0
pd,00:03:11.350,1023,-89.997,-90.0,0.0,-89.885,0.238,-0.0,0.0,0.0,0.0,0.0,0.0,0.0,-90.0,-90.0,0.0,-89.901,0.239,-0.0,-89.9985,-90.0,0.0,-89.893,0.2385,0.0,-0.25305510417505583,0.0,0.0,-1.3496272222661654,0.08435170139168216,0.0,-0.0015000000000071623,0.0,0.0,-0.007999999999995566,0.0005000000000000004,0.0,0.0206547,0.0068849,0.0137698,0.0206547,0.0481943,0.0206547,-0.014598778998595999,-0.0019072039071799999,-0.0049934065933439995,0.003173382173448,-0.0016901709402060002,0.001414224664254,0.016309506430291415,1.843092999934015,0.25258999994548503,0.12035100007778965,0.0
pd,00:03:11.352,1024,-89.997,-90.0,0.0,-89.885,0.238,-0.0,0.0,0.0,0.0,0.0,0.0,0.0,-90.0,-90.0,0.0,-89.901,0.239,-0.0,-89.9985,-90.0,0.0,-89.893,0.2385,0.0,-0.32224216349110013,0.0,0.0,-1.7186248719515163,0.1074140544970294,0.0,-0.0015000000000071623,0.0,0.0,-0.007999999999995566,0.0005000000000000004,0.0,0.0206547,0.0068849,0.0137698,0.0206547,0.0481943,0.0206547,-0.014598778998595999,-0.0019072039071799999,-0.0049934065933439995,0.003173382173448,-0.0016901709402060002,0.001414224664254,0.016309506430291415,1.9478879999041965,0.2416460001768428,0.1194240003314917,0.0
pd,00:03:11.354,1025,-89.997,-90.0,0.0,-89.885,0.238,-0.0,0.0,0.0,0.0,0.0,0.0,0.0,-90.0,-90.0,0.0,-89.901,0.239,-0.0,-89.9985,-90.0,0.0,-89.893,0.2385,0.0,-0.3109655990510201,0.0,0.0,-1.6584831949377918,0.10365519968366953,0.0,-0.0015000000000071623,0.0,0.0,-0.007999999999995566,0.0005000000000000004,0.0,0.0206547,0.0068849,0.0137698,0.0206547,0.0481943,0.0206547,-0.014598778998595999,-0.0019072039071799999,-0.0049934065933439995,0.003173382173448,-0.0016901709402060002,0.001414224664254,0.016309506430291415,1.840982000430813,0.2787749999697553,0.3667930000119668,0.0
pd,00:03:11.357,1026,-89.997,-90.0,0.0,-89.888,0.238,-0.0,0.0,0.0,0.0,-1.1381070911722573,0.0,0.0,-90.0,-90.0,0.0,-89.901,0.239,-0.0,-89.9985,-90.0,0.0,-89.78068929088278,0.2385,0.0,-0.2845267727930643,0.0,0.0,20.355179834173082,0.0948422575976846,0.0,-0.0015000000000071623,0.0,0.0,0.10731070911722895,0.0005000000000000004,0.0,0.0206547,0.0068849,0.0137698,0.0206547,0.0481943,0.0206547,-0.014598778998595999,-0.0019072039071799999,-0.0049934065933439995,0.003173382173448,-0.0016901709402060002,0.001414224664254,0.01337908816025095,2.5056790000235196,0.233478999689396,0.10512800008655176,0.0
pd,00:03:11.360,1027,-89.997,-90.0,0.0,-89.888,0.238,-0.0,0.0,0.0,0.0,0.0,0.0,0.0,-90.0,-90.0,0.0,-89.901,0.239,-0.0,-89.9985,-90.0,0.0,-89.8945,0.2385,0.0,-0.2554179928548327,0.0,0.0,-1.106811302370135,0.08513933095160774,0.0,-0.0015000000000071623,0.0,0.0,-0.006499999999988404,0.0005000000000000004,0.0,0.0206547,0.0068849,0.0137698,0.0206547,0.0481943,0.0206547,-0.014598778998595999,-0.0019072039071799999,-0.0049934065933439995,0.003173382173448,-0.0016901709402060002,0.001414224664254,0.01337908816025095,1.8091859997184656,0.17540499993629055,0.08046199991440517,0.0
pd,00:03:11.362,1028,-89.997,-90.0,0.0,-89.888,0.238,-0.0,0.0,0.0,0.0,0.0,0.0,0.0,-90.0,-90.0,0.0,-89.901,0.239,-0.0,-89.9985,-90.0,0.0,-89.8945,0.2385,0.0,-0.3499530537323528,0.0,0.0,-1.5164632328390903,0.11665101791077995,0.0,-0.0015000000000071623,0.0,0.0,-0.006499999999988404,0.0005000000000000004,0.0,0.0206547,0.0068849,0.0137698,-0.0275396,0.1101584,0.0275396,-0.014598778998595999,-0.0019072039071799999,-0.004750671550612,0.0027767094017670003,-0.0017074175824530002,0.0017246642247000002,0.01337908816025095,1.7480199999226897,0.21660900029019103,0.1001100004032196,0.0
pd,00:03:11.364,1029,-89.997,-90.0,0.0,-89.888,0.238,-0.0,0.0,0.0,0.0,0.0,0.0,0.0,-90.0,-90.0,0.0,-89.901,0.239,-0.0,-89.9985,-90.0,0.0,-89.8945,0.2385,0.0,-0.3211565084226768,0.0,0.0,-1.3916782031639185,0.10705216947422164,0.0,-0.0015000000000071623,0.0,0.0,-0.006499999999988404,0.0005000000000000004,0.0,-0.0619641,0.0413094,0.0550792,-0.0275396,0.1101584,0.0275396,-0.013835897435724,-0.001595115995096,-0.004750671550612,0.0027767094017670003,-0.0017074175824530002,0.0017246642247000002,0.01337908816025095,1.8775550001919328,0.18825699999069911,0.09275799993702094,0.0
pd,00:03:11.367,1030,-89.997,-90.0,0.0,-89.888,0.238,-0.0,0.0,0.0,0.0,0.0,0.0,0.0,-90.0,-90.0,0.0,-89.901,0.239,-0.0,-89.9985,-90.0,0.0,-89.8945,0.2385,0.0,-0.33450957039558904,0.0,0.0,-1.4495414717131627,0.11150319013185889,0.0,-0.0015000000000071623,0.0,0.0,-0.006499999999988404,0.0005000000000000004,0.0,-0.0619641,0.0413094,0.0550792,-0.0275396,0.1101584,0.0275396,-0.013835897435724,-0.001595115995096,-0.004750671550612,0.0027767094017670003,-0.0017074175824530002,0.0017246642247000002,0.01337908816025095,2.4070129998108314,0.20594299985532416,0.09603600028640358,0.0
pd,00:03:11.371,1031,-89.997,-90.0,0.0,-89.888,0.238,-0.0,0.0,0.0,0.0,0.0,0.0,0.0,-90.0,-90.0,0.0,-89.901,0.239,-0.0,-89.9985,-90.0,0.0,-89.8945,0.2385,0.0,-0.18774861235452817,0.0,0.0,-0.8135773202023624,0.0625828707848404,0.0,-0.0015000000000071623,0.0,0.0,-0.006499999999988404,0.0005000000000000004,0.0,-0.0619641,0.0413094,0.0550792,-0.0275396,0.1101584,0.0275396,-0.013835897435724,-0.001595115995096,-0.004750671550612,0.0027767094017670003,-0.0017074175824530002,0.0017246642247000002,0.01337908816025095,2.066368999749102,0.24403400038863765,0.08527699992555426,0.0
pd,00:03:11.373,1032,-89.997,-90.0,0.0,-89.888,0.238,-0.0,0.0,0.0,0.0,0.0,0.0,0.0,-90.0,-90.0,0.0,-89.901,0.239,-0.0,-89.9985,-90.0,0.0,-89.8945,0.2385,0.0,-0.29999313370209035,0.0,0.0,-1.299970246041444,0.09999771123402641,0.0,-0.0015000000000071623,0.0,0.0,-0.006499999999988404,0.0005000000000000004,0.0,-0.0619641,0.0413094,0.0550792,-0.0275396,0.1101584,0.0275396,-0.013835897435724,-0.001595115995096,-0.004750671550612,0.0027767094017670003,-0.0017074175824530002,0.0017246642247000002,0.01337908816025095,2.1960889998808852,0.3305529999124701,0.15023900004962343,0.0
pd,00:03:11.376,1033,-89.997,-90.0,0.0,-89.888,0.238,-0.0,0.0,0.0,0.0,0.0,0.0,0.0,-90.0,-90.0,0.0,-89.901,0.239,-0.0,-89.9985,-90.0,0.0,-89.8945,0.2385,0.0,-0.26454696829535945,0.0,0.0,-1.1463701959457222,0.08818232276511655,0.0,-0.0015000000000071623,0.0,0.0,-0.006499999999988404,0.0005000000000000004,0.0,-0.0619641,0.0413094,0.0550792,-0.0275396,0.1101584,0.0275396,-0.013835897435724,-0.001595115995096,-0.004750671550612,0.0027767094017670003,-0.0017074175824530002,0.0017246642247000002,0.01337908816025095,2.222867000000406,0.2749410000433272,0.13162899995222688,0.0
pd,00:03:11.379,1034,-89.997,-90.0,0.0,-89.888,0.238,-0.0,0.0,0.0,0.0,0.0,0.0,0.0,-90.0,-90.0,0.0,-89.901,0.239,-0.0,-89.9985,-90.0,0.0,-89.8945,0.2385,0.0,-0.27202767208579376,0.0,0.0,-1.1787865790375807,0.09067589069526123,0.0,-0.0015000000000071623,0.0,0.0,-0.006499999999988404,0.0005000000000000004,0.0,-0.0619641,0.0413094,0.0550792,-0.0275396,0.1101584,0.0275396,-0.013835897435724,-0.001595115995096,-0.004750671550612,0.0027767094017670003,-0.0017074175824530002,0.0017246642247000002,0.01337908816025095,1.88014800005476,0.25749699989319197,0.12396100009937072,0.0
pd,00:03:11.381,1035,-89.997,-90.0,0.0,-89.888,0.238,-0.0,0.0,0.0,0.0,0.0,0.0,0.0,-90.0,-90.0,0.0,-89.901,0.239,-0.0,-89.9985,-90.0,0.0,-89.8945,0.2385,0.0,-0.31570935367323555,0.0,0.0,-1.3680738659163572,0.10523645122440796,0.0,-0.0015000000000071623,0.0,0.0,-0.006499999999988404,0.0005000000000000004,0.0,-0.0619641,0.0413094,0.0550792,-0.0275396,0.1101584,0.0275396,-0.013835897435724,-0.001595115995096,-0.004750671550612,0.0027767094017670003,-0.0017074175824530002,0.0017246642247000002,0.01337908816025095,1.8249810000270372,0.22492399966722587,0.10362900002292008,0.0
pd,00:03:11.383,1036,-89.997,-90.0,0.0,-89.888,0.238,-0.0,0.0,0.0,0.0,0.0,0.0,0.0,-90.0,-90.0,0.0,-89.901,0.239,-0.0,-89.9985,-90.0,0.0,-89.8945,0.2385,0.0,-0.3334458342166758,0.0,0.0,-1.4449319482712086,0.11114861140555447,0.0,-0.0015000000000071623,0.0,0.0,-0.006499999999988404,0.0005000000000000004,0.0,-0.0481943,0.0550792,-0.0137698,-0.0413094,0.0481943,-0.0413094,-0.014286691086512,-0.0019245421245179999,-0.005600244200174,0.0022593101343570004,-0.002000610500652,0.001500457875489,0.01337908816025095,4.295123999781936,0.24183100003938307,0.11838800037367037,0.0
pd,00:03:11.388,1037,-89.997,-90.0,0.0,-89.888,0.238,-0.0,0.0,0.0,0.0,0.0,0.0,0.0,-90.0,-90.0,0.0,-89.901,0.239,-0.0,-89.9985,-90.0,0.0,-89.8945,0.2385,0.0,-0.15757791915043426,0.0,0.0,-0.6828376496513842,0.05252597305014281,0.0,-0.0015000000000071623,0.0,0.0,-0.006499999999988404,0.0005000000000000004,0.0,-0.0481943,0.0550792,-0.0137698,-0.0413094,0.0481943,-0.0413094,-0.014286691086512,-0.0019245421245179999,-0.005600244200174,0.0022593101343570004,-0.002000610500652,0.001500457875489,0.01337908816025095,1.920851000249968,0.18820199966285145,0.07679600003029918,0.0
pd,00:03:11.390,1038,-89.997,-90.0,0.0,-89.888,0.238,-0.0,0.0,0.0,0.0,0.0,0.0,0.0,-90.0,-90.0,0.0,-89.901,0.239,-0.0,-89.9985,-90.0,0.0,-89.8945,0.2385,0.0,-0.3310247290329495,0.0,0.0,-1.434440492475069,0.11034157634431242,0.0,-0.0015000000000071623,0.0,0.0,-0.006499999999988404,0.0005000000000000004,0.0,-0.0481943,0.0550792,-0.0137698,-0.0413094,0.0481943,-0.0413094,-0.014286691086512,-0.0019245421245179999,-0.005600244200174,0.0022593101343570004,-0.002000610500652,0.001500457875489,0.01337908816025095,1.7183169998133963,0.14118399985818542,0.05849899980603368,0.0
pd,00:03:11.392,1039,-89.997,-90.0,0.0,-89.888,0.238,-0.0,0.0,0.0,0.0,0.0,0.0,0.0,-90.0,-90.0,0.0,-89.901,0.239,-0.0,-89.9985,-90.0,0.0,-89.8945,0.2385,0.0,-0.378228688228943,0.0,0.0,-1.6389909823242255,0.12607622940964303,0.0,-0.0015000000000071623,0.0,0.0,-0.006499999999988404,0.0005000000000000004,0.0,-0.0481943,0.0550792,-0.0137698,-0.0413094,0.0481943,-0.0413094,-0.014286691086512,-0.0019245421245179999,-0.005600244200174,0.0022593101343570004,-0.002000610500652,0.001500457875489,0.01337908816025095,1.7184650000672264,0.21966399981465656,0.15320200009227847,0.0
pd,00:03:11.395,1040,-89.997,-90.0,0.0,-89.888,0.238,-0.0,0.0,0.0,0.0,0.0,0.0,0.0,-90.0,-90.0,0.0,-89.901,0.239,-0.0,-89.9985,-90.0,0.0,-89.8945,0.2385,0.0,-0.3334104928457996,0.0,0.0,-1.4447788023307453,0.11113683094859575,0.0,-0.0015000000000071623,0.0,0.0,-0.006499999999988404,0.0005000000000000004,0.0,-0.0481943,0.0550792,-0.0137698,-0.0413094,0.0481943,-0.0413094,-0.014286691086512,-0.0019245421245179999,-0.005600244200174,0.0022593101343570004,-0.002000610500652,0.001500457875489,0.01337908816025095,1.8297230003554432,0.25475599977653474,0.10199899998042383,0.0
pd,00:03:11.398,1041,-89.997,-90.0,0.0,-89.889,0.238,-0.0,0.0,0.0,0.0,-0.2815347026419937,0.0,0.0,-90.0,-90.0,0.0,-89.901,0.239,-0.0,-89.9985,-90.0,0.0,-89.8668465297358,0.2385,0.0,-0.21115102698349572,0.0,0.0,3.118485331689204,0.07038367566116263,0.0,-0.0015000000000071623,0.0,0.0,0.022153470264200337,0.0005000000000000004,0.0,-0.0481943,0.0550792,-0.0137698,-0.0413094,0.0481943,-0.0413094,-0.014286691086512,-0.0019245421245179999,-0.005600244200174,0.0022593101343570004,-0.002000610500652,0.001500457875489,0.012409673645991324,1.9315360000291548,0.22851599987916416,0.07403600011457456,0.0
pd,00:03:11.401,1042,-89.997,-90.0,0.0,-89.889,0.238,-0.0,0.0,0.0,0.0,0.0,0.0,0.0,-90.0,-90.0,0.0,-89.901,0.239,-0.0,-89.9985,-90.0,0.0,-89.895,0.2385,0.0,-0.3211565084226768,0.0,0.0,-1.2846260336907072,0.10705216947422164,0.0,-0.0015000000000071623,0.0,0.0,-0.006000000000000227,0.0005000000000000004,0.0,-0.0481943,0.0550792,-0.0137698,-0.0413094,0.0481943,-0.0413094,-0.014286691086512,-0.0019245421245179999,-0.005600244200174,0.0022593101343570004,-0.002000610500652,0.001500457875489,0.012409673645991324,2.1914600001764484,0.2720709999266546,0.11781400007748744,0.0
pd,00:03:11.403,1043,-89.997,-90.0,0.0,-89.889,0.238,-0.0,0.0,0.0,0.0,0.0,0.0,0.0,-90.0,-90.0,0.0,-89.901,0.239,-0.0,-89.9985,-90.0,0.0,-89.895,0.2385,0.0,-0.27830912147218606,0.0,0.0,-1.1132364858887442,0.09276970715739193,0.0,-0.0015000000000071623,0.0,0.0,-0.006000000000000227,0.0005000000000000004,0.0,0.0481943,0.0550792,0.0068849,-0.0481943,0.0068849,-0.0,-0.014650793650609999,-0.001595115995096,-0.005045421245358,0.0036045482296230003,-0.0019661172161580002,0.0016556776557120003,0.012409673645991324,3.698147999784851,0.7342330000028596,0.1179430000775028,0.0
pd,00:03:11.408,1044,-89.997,-90.0,0.0,-89.889,0.238,-0.0,0.0,0.0,0.0,0.0,0.0,0.0,-90.0,-90.0,0.0,-89.901,0.239,-0.0,-89.9985,-90.0,0.0,-89.895,0.2385,0.0,-0.15872284171754977,0.0,0.0,-0.6348913668701991,0.05290761390584797,0.0,-0.0015000000000071623,0.0,0.0,-0.006000000000000227,0.0005000000000000004,0.0,0.0481943,0.0550792,0.0068849,-0.0481943,0.0068849,-0.0,-0.014650793650609999,-0.001595115995096,-0.005045421245358,0.0036045482296230003,-0.0019661172161580002,0.0016556776557120003,0.012409673645991324,1.8042599999716913,0.18425700000079814,0.08737000007386087,0.0
pd,00:03:11.410,1045,-89.997,-90.0,0.0,-89.889,0.238,-0.0,0.0,0.0,0.0,0.0,0.0,0.0,-90.0,-90.0,0.0,-89.901,0.239,-0.0,-89.9985,-90.0,0.0,-89.895,0.2385,0.0,-0.3095579610313048,0.0,0.0,-1.2382318441252191,0.10318598701043111,0.0,-0.0015000000000071623,0.0,0.0,-0.006000000000000227,0.0005000000000000004,0.0,0.0481943,0.0550792,0.0068849,-0.0481943,0.0068849,-0.0,-0.014650793650609999,-0.001595115995096,-0.005045421245358,0.0036045482296230003,-0.0019661172161580002,0.0016556776557120003,0.012409673645991324,1.768352999988565,0.19448000011834665,0.07166599971242249,0.0
pd,00:03:11.413,1046,-89.997,-90.0,0.0,-89.889,0.238,-0.0,0.0,0.0,0.0,0.0,0.0,0.0,-90.0,-90.0,0.0,-89.901,0.239,-0.0,-89.9985,-90.0,0.0,-89.895,0.2385,0.0,-0.3397848347375372,0.0,0.0,-1.3591393389501487,0.11326161157917487,0.0,-0.0015000000000071623,0.0,0.0,-0.006000000000000227,0.0005000000000000004,0.0,0.0481943,0.0550792,0.0068849,-0.0481943,0.0068849,-0.0,-0.014650793650609999,-0.001595115995096,-0.005045421245358,0.0036045482296230003,-0.0019661172161580002,0.0016556776557120003,0.012409673645991324,1.8747780000012426,0.2629420000630489,0.11885000003530877,0.0
pd,00:03:11.415,1047,-89.997,-90.0,0.0,-89.889,0.238,-0.0,0.0,0.0,0.0,0.0,0.0,0.0,-90.0,-90.0,0.0,-89.901,0.239,-0.0,-89.9985,-90.0,0.0,-89.895,0.2385,0.0,-0.31691799314931685,0.0,0.0,-1.2676719725972674,0.10563933104976837,0.0,-0.0015000000000071623,0.0,0.0,-0.006000000000000227,0.0005000000000000004,0.0,0.0481943,0.0550792,0.0068849,-0.0481943,0.0068849,-0.0,-0.014650793650609999,-0.001595115995096,-0.005045421245358,0.0036045482296230003,-0.0019661172161580002,0.0016556776557120003,0.012409673645991324,1.9048700000894314,0.17799799979911768,0.09179500011669006,0.0
pd,00:03:11.417,1048,-89.998,-90.0,-0.0,-89.89,0.238,-0.0,-0.4422039008982633,0.0,-0.0,-0.4422039008982633,0.0,0.0,-90.0,-90.0,0.0,-89.901,0.239,-0.0,-89.95477960991018,-90.0,0.0,-89.85127960991018,0.2385,0.0,9.556112547987809,0.0,0.0,8.561153770971428,0.11055097522403805,0.0,0.0432203900898287,0.0,0.0,0.03872039008982142,0.0005000000000000004,0.0,0.0481943,0.0550792,0.0068849,-0.0481943,0.0068849,-0.0,-0.014650793650609999,-0.001595115995096,-0.005045421245358,0.0036045482296230003,-0.0019661172161580002,0.0016556776557120003,0.011224972160316761,1.6973349997897458,0.15392400018754415,0.06048100021871505,0.0
pd,00:03:11.419,1049,-89.998,-90.0,-0.0,-89.89,0.238,-0.0,0.0,0.0,0.0,0.0,0.0,0.0,-90.0,-90.0,0.0,-89.901,0.239,-0.0,-89.999,-90.0,0.0,-89.8955,0.2385,0.0,-0.25257762254547905,0.0,0.0,-1.3891769240028267,0.12628881127303396,0.0,-0.000999999999990564,0.0,0.0,-0.00549999999999784,0.0005000000000000004,0.0,0.0481943,0.0550792,0.0068849,-0.0481943,0.0068849,-0.0,-0.014650793650609999,-0.001595115995096,-0.005045421245358,0.0036045482296230003,-0.0019661172161580002,0.0016556776557120003,0.011224972160316761,1.6990200001600897,0.14894200012349756,0.06229500013432698,0.0
pd,00:03:11.421,1050,-89.998,-90.0,-0.0,-89.89,0.238,-0.0,0.0,0.0,0.0,0.0,0.0,0.0,-90.0,-90.0,0.0,-89.901,0.239,-0.0,-89.999,-90.0,0.0,-89.8955,0.2385,0.0,-0.2523344964498992,0.0,0.0,-1.387839730477135,0.12616724822524378,0.0,-0.000999999999990564,0.0,0.0,-0.00549999999999784,0.0005000000000000004,0.0,0.0481943,0.0550792,0.0068849,-0.0481943,0.0068849,-0.0,-0.014650793650609999,-0.001595115995096,-0.005045421245358,0.0036045482296230003,-0.0019661172161580002,0.0016556776557120003,0.011224972160316761,1.744444999985717,0.15005400018708315,0.0652210001135245,0.0
pd,00:03:11.425,1051,-89.998,-90.0,-0.0,-89.89,0.238,-0.0,0.0,0.0,0.0,0.0,0.0,0.0,-90.0,-90.0,0.0,-89.901,0.239,-0.0,-89.999,-90.0,0.0,-89.8955,0.2385,0.0,-0.1309901311677147,0.0,0.0,-0.720445721423827,0.06549506558401005,0.0,-0.000999999999990564,0.0,0.0,-0.00549999999999784,0.0005000000000000004,0.0,0.06884900000000001,-0.0619641,0.0413094,-0.0206547,0.034424500000000004,-0.0,-0.014061294261117999,-0.002149938949912,-0.0058949938949199995,0.002449023199074,-0.0017074175824530002,0.002173076923122,0.011224972160316761,3.3088560003307066,0.23314600002777297,0.12497999978222651,0.0
pd,00:03:11.429,1052,-89.998,-90.0,-0.0,-89.89,0.238,-0.0,0.0,0.0,0.0,0.0,0.0,0.0,-90.0,-90.0,0.0,-89.901,0.239,-0.0,-89.999,-90.0,0.0,-89.8955,0.2385,0.0,-0.1325633375470994,0.0,0.0,-0.7290983565104595,0.06628166877370423,0.0,-0.000999999999990564,0.0,0.0,-0.00549999999999784,0.0005000000000000004,0.0,0.06884900000000001,-0.0619641,0.0413094,-0.0206547,0.034424500000000004,-0.0,-0.014061294261117999,-0.002149938949912,-0.0058949938949199995,0.002449023199074,-0.0017074175824530002,0.002173076923122,0.011224972160316761,1.7627600000196253,0.24436800003968528,0.10951700005534803,0.0
pd,00:03:11.431,1053,-89.998,-90.0,-0.0,-89.89,0.238,-0.0,0.0,0.0,0.0,0.0,0.0,0.0,-90.0,-90.0,0.0,-89.901,0.239,-0.0,-89.999,-90.0,0.0,-89.8955,0.2385,0.0,-0.2254274965059779,0.0,0.0,-1.2398512307852811,0.11271374825325174,0.0,-0.000999999999990564,0.0,0.0,-0.00549999999999784,0.0005000000000000004,0.0,0.06884900000000001,-0.0619641,0.0413094,-0.0206547,0.034424500000000004,-0.0,-0.014061294261117999,-0.002149938949912,-0.0058949938949199995,0.002449023199074,-0.0017074175824530002,0.002173076923122,0.011224972160316761,1.9701840001289384,0.25184900005115196,0.11994300029982696,0.0
pd,00:03:11.433,1054,-89.998,-90.0,-0.0,-89.89,0.238,-0.0,0.0,0.0,0.0,0.0,0.0,0.0,-90.0,-90.0,0.0,-89.901,0.239,-0.0,-89.999,-90.0,0.0,-89.8955,0.2385,0.0,-0.20386429474046003,0.0,0.0,-1.121253621074703,0.10193214737046767,0.0,-0.000999999999990564,0.0,0.0,-0.00549999999999784,0.0005000000000000004,0.0,0.06884900000000001,-0.0619641,0.0413094,-0.0206547,0.034424500000000004,-0.0,-0.014061294261117999,-0.002149938949912,-0.0058949938949199995,0.002449023199074,-0.0017074175824530002,0.002173076923122,0.011224972160316761,1.7517969999971683,0.152128000081575,0.0987960002021282,0.0
pd,00:03:11.436,1055,-89.998,-90.0,-0.0,-89.89,0.238,-0.0,0.0,0.0,0.0,0.0,0.0,0.0,-90.0,-90.0,0.0,-89.901,0.239,-0.0,-89.999,-90.0,0.0,-89.8955,0.2385,0.0,-0.2139296133831595,0.0,0.0,-1.1766128736096573,0.10696480669182913,0.0,-0.000999999999990564,0.0,0.0,-0.00549999999999784,0.0005000000000000004,0.0,0.06884900000000001,-0.0619641,0.0413094,-0.0206547,0.034424500000000004,-0.0,-0.014061294261117999,-0.002149938949912,-0.0058949938949199995,0.002449023199074,-0.0017074175824530002,0.002173076923122,0.011224972160316761,1.8424449999656645,0.2082210003209184,0.08622099994681776,0.0
pd,00:03:11.438,1056,-89.998,-90.0,0.0,-89.89,0.238,-0.0,0.0,0.0,0.0,0.0,0.0,0.0,-90.0,-90.0,0.0,-89.901,0.239,-0.0,-89.999,-90.0,0.0,-89.8955,0.2385,0.0,-0.22504045498391592,0.0,0.0,-1.237722502413936,0.11252022749222029,0.0,-0.000999999999990564,0.0,0.0,-0.00549999999999784,0.0005000000000000004,0.0,0.06884900000000001,-0.0619641,0.0413094,-0.0206547,0.034424500000000004,-0.0,-0.014061294261117999,-0.002149938949912,-0.0058949938949199995,0.002449023199074,-0.0017074175824530002,0.002173076923122,0.011224972160316761,1.7308159999629424,0.14038799963600468,0.05829600013385061,0.0
pd,00:03:11.440,1057,-89.998,-90.0,0.0,-89.89,0.238,-0.0,0.0,0.0,0.0,0.0,0.0,0.0,-90.0,-90.0,0.0,-89.901,0.239,-0.0,-89.999,-90.0,0.0,-89.8955,0.2385,0.0,-0.2507655147668435,0.0,0.0,-1.3792103312203121,0.1253827573837141,0.0,-0.000999999999990564,0.0,0.0,-0.00549999999999784,0.0005000000000000004,0.0,0.06884900000000001,-0.0619641,0.0413094,-0.0206547,0.034424500000000004,-0.0,-0.014061294261117999,-0.002149938949912,-0.0058949938949199995,0.002449023199074,-0.0017074175824530002,0.002173076923122,0.011224972160316761,1.818629999888799,0.15486900019823224,0.06898099991303752,0.0
pd,00:03:11.442,1058,-89.998,-90.0,0.0,-89.89,0.238,-0.0,0.0,0.0,0.0,0.0,0.0,0.0,-90.0,-90.0,0.0,-89.901,0.239,-0.0,-89.999,-90.0,0.0,-89.8955,0.2385,0.0,-0.23677904482275178,0.0,0.0,-1.3022847465276584,0.1183895224116519,0.0,-0.000999999999990564,0.0,0.0,-0.00549999999999784,0.0005000000000000004,0.0,0.06884900000000001,-0.0619641,0.0413094,0.0619641,-0.0068849,-0.0206547,-0.014061294261117999,-0.002149938949912,-0.0058949938949199995,0.0030871489622130003,-0.0016901709402060002,0.002104090354134,0.011224972160316761,2.739564999956201,0.554753999949753,0.31012599993118783,0.0
pd,00:03:11.446,1059,-89.998,-90.0,0.0,-89.89,0.238,-0.0,0.0,0.0,0.0,0.0,0.0,0.0,-90.0,-90.0,0.0,-89.901,0.239,-0.0,-89.999,-90.0,0.0,-89.8955,0.2385,0.0,-0.1347957320989274,0.0,0.0,-0.7413765265455373,0.06739786604962084,0.0,-0.000999999999990564,0.0,0.0,-0.00549999999999784,0.0005000000000000004,0.0,0.034424500000000004,-0.034424500000000004,-0.0,0.0619641,-0.0068849,-0.0206547,-0.013835897435724,-0.002410012209982,-0.005600244200174,0.0030871489622130003,-0.0016901709402060002,0.002104090354134,0.011224972160316761,2.742749999924854,0.31260800005838973,0.13096200018480886,0.0
pd,00:03:11.449,1060,-89.998,-90.0,0.0,-89.89,0.238,-0.0,0.0,0.0,0.0,0.0,0.0,0.0,-90.0,-90.0,0.0,-89.901,0.239,-0.0,-89.999,-90.0,0.0,-89.8955,0.2385,0.0,-0.15102635748200435,0.0,0.0,-0.8306449661526336,0.07551317874117823,0.0,-0.000999999999990564,0.0,0.0,-0.00549999999999784,0.0005000000000000004,0.0,0.034424500000000004,-0.034424500000000004,-0.0,0.0619641,-0.0068849,-0.0206547,-0.013835897435724,-0.002410012209982,-0.005600244200174,0.0030871489622130003,-0.0016901709402060002,0.002104090354134,0.011224972160316761,2.01818400000775,0.26501599995754077,0.12405400002535316,0.0
pd,00:03:11.452,1061,-89.998,-90.0,0.0,-89.89,0.238,-0.0,0.0,0.0,0.0,0.0,0.0,0.0,-90.0,-90.0,0.0,-89.901,0.239,-0.0,-89.999,-90.0,0.0,-89.8955,0.2385,0.0,-0.14983938268041672,0.0,0.0,-0.8241166047438889,0.07491969134038304,0.0,-0.000999999999990564,0.0,0.0,-0.00549999999999784,0.0005000000000000004,0.0,0.034424500000000004,-0.034424500000000004,-0.0,0.0619641,-0.0068849,-0.0206547,-0.013835897435724,-0.002410012209982,-0.005600244200174,0.0030871489622130003,-0.0016901709402060002,0.002104090354134,0.011224972160316761,1.9454809998933342,0.227034000090498,0.08596199995736242,0.0
pd,00:03:11.455,1062,-89.998,-90.0,0.0,-89.89,0.238,-0.0,0.0,0.0,0.0,0.0,0.0,0.0,-90.0,-90.0,0.0,-89.901,0.239,-0.0,-89.999,-90.0,0.0,-89.8955,0.2385,0.0,-0.2118763386537798,0.0,0.0,-1.165319862598047,0.10593816932713689,0.0,-0.000999999999990564,0.0,0.0,-0.00549999999999784,0.0005000000000000004,0.0,0.034424500000000004,-0.034424500000000004,-0.0,0.0619641,-0.0068849,-0.0206547,-0.013835897435724,-0.002410012209982,-0.005600244200174,0.0030871489622130003,-0.0016901709402060002,0.002104090354134,0.011224972160316761,1.725741999962338,0.18622000015966478,0.08694400003150804,0.0
pd,00:03:11.457,1063,-89.998,-90.0,0.0,-89.89,0.238,-0.0,0.0,0.0,0.0,0.0,0.0,0.0,-90.0,-90.0,0.0,-89.901,0.239,-0.0,-89.999,-90.0,0.0,-89.8955,0.2385,0.0,-0.24019608292235853,0.0,0.0,-1.321078456075532,0.12009804146145928,0.0,-0.000999999999990564,0.0,0.0,-0.00549999999999784,0.0005000000000000004,0.0,0.034424500000000004,-0.034424500000000004,-0.0,0.0619641,-0.0068849,-0.0206547,-0.013835897435724,-0.002410012209982,-0.005600244200174,0.0030871489622130003,-0.0016901709402060002,0.002104090354134,0.011224972160316761,1.8560930002422538,0.24833099996612873,0.1170179998553067,0.0
pd,00:03:11.459,1064,-89.998,-90.0,0.0,-89.891,0.238,-0.0,0.0,0.0,0.0,-0.42948023756092846,0.0,0.0,-90.0,-90.0,0.0,-89.901,0.239,-0.0,-89.999,-90.0,0.0,-89.8530519762439,0.2385,0.0,-0.2147401187789384,0.0,0.0,8.148963128829322,0.10737005938971952,0.0,-0.000999999999990564,0.0,0.0,0.03794802375610118,0.0005000000000000004,0.0,0.034424500000000004,-0.034424500000000004,-0.0,0.0619641,-0.0068849,-0.0206547,-0.013835897435724,-0.002410012209982,-0.005600244200174,0.0030871489622130003,-0.0016901709402060002,0.002104090354134,0.010246950765949813,2.1037199999227596,0.24918300005083438,0.12799900014215382,0.0
pd,00:03:11.462,1065,-89.998,-90.0,0.0,-89.891,0.238,-0.0,0.0,0.0,0.0,0.0,0.0,0.0,-90.0,-90.0,0.0,-89.901,0.239,-0.0,-89.999,-90.0,0.0,-89.896,0.2385,0.0,-0.19282383229083416,0.0,0.0,-0.9641191614555409,0.09641191614564186,0.0,-0.000999999999990564,0.0,0.0,-0.0049999999999954525,0.0005000000000000004,0.0,0.034424500000000004,-0.034424500000000004,-0.0,0.0619641,-0.0068849,-0.034424500000000004,-0.013835897435724,-0.002410012209982,-0.005600244200174,0.0030871489622130003,-0.0016901709402060002,0.002104090354134,0.010246950765949813,2.280365999922651,1.019064000047365,0.28809000014007324,0.0
pd,00:03:11.466,1066,-89.998,-90.0,0.0,-89.891,0.238,-0.0,0.0,0.0,0.0,0.0,0.0,0.0,-90.0,-90.0,0.0,-89.901,0.239,-0.0,-89.999,-90.0,0.0,-89.896,0.2385,0.0,-0.12591726208316495,0.0,0.0,-0.6295863104167195,0.06295863104172926,0.0,-0.000999999999990564,0.0,0.0,-0.0049999999999954525,0.0005000000000000004,0.0,-0.0068849,0.0068849,-0.0137698,-0.0,-0.0,-0.034424500000000004,-0.013783882783709999,-0.002219291819264,-0.005045421245358,0.002449023199074,-0.0018626373626760002,0.002104090354134,0.010246950765949813,2.761269000075117,0.26370199975644937,0.09320299977844115,0.0
pd,00:03:11.469,1067,-89.998,-90.0,0.0,-89.891,0.238,-0.0,0.0,0.0,0.0,0.0,0.0,0.0,-90.0,-90.0,0.0,-89.901,0.239,-0.0,-89.999,-90.0,0.0,-89.896,0.2385,0.0,-0.15599166914572393,0.0,0.0,-0.779958345729728,0.0779958345730438,0.0,-0.000999999999990564,0.0,0.0,-0.0049999999999954525,0.0005000000000000004,0.0,-0.0068849,0.0068849,-0.0137698,-0.0,-0.0,-0.034424500000000004,-0.013783882783709999,-0.002219291819264,-0.005045421245358,0.002449023199074,-0.0018626373626760002,0.002104090354134,0.010246950765949813,1.8143709999094426,0.24281299965878134,0.11185099992871983,0.0
pd,00:03:11.471,1068,-89.998,-90.0,0.0,-89.891,0.238,-0.0,0.0,0.0,0.0,0.0,0.0,0.0,-90.0,-90.0,0.0,-89.901,0.239,-0.0,-89.999,-90.0,0.0,-89.896,0.2385,0.0,-0.22035851633866896,0.0,0.0,-1.1017925816949106,0.11017925816959136,0.0,-0.000999999999990564,0.0,0.0,-0.0049999999999954525,0.0005000000000000004,0.0,-0.0068849,0.0068849,-0.0137698,-0.0,-0.0,-0.034424500000000004,-0.013783882783709999,-0.002219291819264,-0.005045421245358,0.002449023199074,-0.0018626373626760002,0.002104090354134,0.010246950765949813,1.8025370000032126,0.17040599959727842,0.07368400019913679,0.0
pd,00:03:11.473,1069,-89.998,-90.0,0.0,-89.891,0.238,-0.0,0.0,0.0,0.0,0.0,0.0,0.0,-90.0,-90.0,0.0,-89.901,0.239,-0.0,-89.999,-90.0,0.0,-89.896,0.2385,0.0,-0.23550275126278636,0.0,0.0,-1.177513756315605,0.11775137563166771,0.0,-0.000999999999990564,0.0,0.0,-0.0049999999999954525,0.0005000000000000004,0.0,-0.0068849,0.0068849,-0.0137698,-0.0,-0.0,-0.034424500000000004,-0.013783882783709999,-0.002219291819264,-0.005045421245358,0.002449023199074,-0.0018626373626760002,0.002104090354134,0.010246950765949813,1.7130199998973694,0.1361649997306813,0.05796200002805563,0.0
pd,00:03:11.475,1070,-89.998,-90.0,0.0,-89.891,0.238,-0.0,0.0,0.0,0.0,0.0,0.0,0.0,-90.0,-90.0,0.0,-89.901,0.239,-0.0,-89.999,-90.0,0.0,-89.896,0.2385,0.0,-0.253646831155674,0.0,0.0,-1.2682341557801722,0.12682341557813268,0.0,-0.000999999999990564,0.0,0.0,-0.0049999999999954525,0.0005000000000000004,0.0,-0.0068849,0.0068849,-0.0137698,-0.0,-0.0,-0.034424500000000004,-0.013783882783709999,-0.002219291819264,-0.005045421245358,0.002449023199074,-0.0018626373626760002,0.002104090354134,0.010246950765949813,1.7393160001120123,0.17507200027466752,0.07790700010446017,0.0
pd,00:03:11.478,1071,-89.998,-90.0,0.0,-89.89,0.238,-0.0,0.0,0.0,0.0,0.3524921421985064,0.0,0.0,-90.0,-90.0,0.0,-89.901,0.239,-0.0,-89.999,-90.0,0.0,-89.93074921421984,0.2385,0.0,-0.1762460710980009,0.0,0.0,-7.181888906595821,0.08812303554920589,0.0,-0.000999999999990564,0.0,0.0,-0.040749214219843566,0.0005000000000000004,0.0,-0.0068849,0.0068849,-0.0137698,-0.0,-0.0,-0.034424500000000004,-0.013783882783709999,-0.002219291819264,-0.005045421245358,0.002449023199074,-0.0018626373626760002,0.002104090354134,0.011224972160316761,1.9287959999019222,0.22438699988924782,0.07486999993489007,0.0
pd,00:03:11.481,1072,-89.998,-90.0,0.0,-89.89,0.238,-0.0,0.0,0.0,0.0,0.0,0.0,0.0,-90.0,-90.0,0.0,-89.901,0.239,-0.0,-89.999,-90.0,0.0,-89.8955,0.2385,0.0,-0.21471813248644542,0.0,0.0,-1.1809497286777384,0.10735906624347301,0.0,-0.000999999999990564,0.0,0.0,-0.00549999999999784,0.0005000000000000004,0.0,-0.0068849,0.0068849,-0.0137698,-0.0,-0.0,-0.034424500000000004,-0.013783882783709999,-0.002219291819264,-0.005045421245358,0.002449023199074,-0.0018626373626760002,0.002104090354134,0.011224972160316761,1.8132410000362142,0.2518860001146095,0.12836899986723438,0.0
pd,00:03:11.483,1073,-89.998,-90.0,0.0,-89.89,0.238,-0.0,0.0,0.0,0.0,0.0,0.0,0.0,-90.0,-90.0,0.0,-89.901,0.239,-0.0,-89.999,-90.0,0.0,-89.8955,0.2385,0.0,-0.2160008239772492,0.0,0.0,-1.1880045318771728,0.1080004119888764,0.0,-0.000999999999990564,0.0,0.0,-0.00549999999999784,0.0005000000000000004,0.0,0.0206547,0.034424500000000004,-0.0068849,-0.0137698,-0.0,-0.0275396,-0.013783882783709999,-0.0025140415140099998,-0.0049934065933439995,0.002155830280875,-0.0017419108669470002,0.001345238095266,0.011224972160316761,4.328364000230067,0.6022349998602294,0.12420200027918327,0.0
pd,00:03:11.488,1074,-89.998,-90.0,0.0,-89.89,0.238,-0.0,0.0,0.0,0.0,0.0,0.0,0.0,-90.0,-90.0,0.0,-89.901,0.239,-0.0,-89.999,-90.0,0.0,-89.8955,0.2385,0.0,-0.09678120817735532,0.0,0.0,-0.5322966449764858,0.04839060408879048,0.0,-0.000999999999990564,0.0,0.0,-0.00549999999999784,0.0005000000000000004,0.0,0.0206547,0.034424500000000004,-0.0068849,-0.0137698,-0.0,-0.0275396,-0.013783882783709999,-0.0025140415140099998,-0.0049934065933439995,0.002155830280875,-0.0017419108669470002,0.001345238095266,0.011224972160316761,2.001109000048018,0.2492939997864596,0.11933200039493386,0.0
pd,00:03:11.490,1075,-89.998,-90.0,0.0,-89.89,0.238,-0.0,0.0,0.0,0.0,0.0,0.0,0.0,-90.0,-90.0,0.0,-89.901,0.239,-0.0,-89.999,-90.0,0.0,-89.8955,0.2385,0.0,-0.20184331087537175,0.0,0.0,-1.1101382098166959,0.10092165543792117,0.0,-0.000999999999990564,0.0,0.0,-0.00549999999999784,0.0005000000000000004,0.0,0.0206547,0.034424500000000004,-0.0068849,-0.0137698,-0.0,-0.0275396,-0.013783882783709999,-0.0025140415140099998,-0.0049934065933439995,0.002155830280875,-0.0017419108669470002,0.001345238095266,0.011224972160316761,1.8530560000726837,0.17898000032801065,0.14542400003847433,0.0
pd,00:03:11.493,1076,-89.998,-90.0,0.0,-89.89,0.238,-0.0,0.0,0.0,0.0,0.0,0.0,0.0,-90.0,-90.0,0.0,-89.901,0.239,-0.0,-89.999,-90.0,0.0,-89.8955,0.2385,0.0,-0.22110195044756062,0.0,0.0,-1.21606072746394,0.11055097522403805,0.0,-0.000999999999990564,0.0,0.0,-0.00549999999999784,0.0005000000000000004,0.0,0.0206547,0.034424500000000004,-0.0068849,-0.0137698,-0.0,-0.0275396,-0.013783882783709999,-0.0025140415140099998,-0.0049934065933439995,0.002155830280875,-0.0017419108669470002,0.001345238095266,0.011224972160316761,1.7302790001849644,0.20940600006724708,0.0660729997434828,0.0
pd,00:03:11.495,1077,-89.998,-90.0,0.0,-89.89,0.238,-0.0,0.0,0.0,0.0,0.0,0.0,0.0,-90.0,-90.0,0.0,-89.901,0.239,-0.0,-89.999,-90.0,0.0,-89.8955,0.2385,0.0,-0.24083050068846032,0.0,0.0,-1.3245677537890985,0.12041525034451091,0.0,-0.000999999999990564,0.0,0.0,-0.00549999999999784,0.0005000000000000004,0.0,0.0206547,0.034424500000000004,-0.0068849,-0.0137698,-0.0,-0.0275396,-0.013783882783709999,-0.0025140415140099998,-0.0049934065933439995,0.002155830280875,-0.0017419108669470002,0.001345238095266,0.011224972160316761,1.8558329998086265,0.2570339997873816,0.12661000027947011,0.0
pd,00:03:11.497,1078,-89.998,-90.0,0.0,-89.89,0.238,-0.0,0.0,0.0,0.0,0.0,0.0,0.0,-90.0,-90.0,0.0,-89.901,0.239,-0.0,-89.999,-90.0,0.0,-89.8955,0.2385,0.0,-0.2122193887872002,0.0,0.0,-1.167206638331863,0.10610969439384749,0.0,-0.000999999999990564,0.0,0.0,-0.00549999999999784,0.0005000000000000004,0.0,0.0206547,0.034424500000000004,-0.0068849,-0.0137698,-0.0,-0.0275396,-0.013783882783709999,-0.0025140415140099998,-0.0049934065933439995,0.002155830280875,-0.0017419108669470002,0.001345238095266,0.011224972160316761,1.8884999999499996,0.2505900001779082,0.1197209999190818,0.0
pd,00:03:11.500,1079,-89.998,-90.0,-0.0,-89.891,0.238,-0.0,0.0,0.0,-0.0,-0.4147027882163365,0.0,0.0,-90.0,-90.0,0.0,-89.901,0.239,-0.0,-89.999,-90.0,0.0,-89.85452972117837,0.2385,0.0,-0.20735139410669493,0.0,0.0,7.562163157144175,0.10367569705358917,0.0,-0.000999999999990564,0.0,0.0,0.03647027882163911,0.0005000000000000004,0.0,0.0206547,0.034424500000000004,-0.0068849,-0.0137698,-0.0,-0.0275396,-0.013783882783709999,-0.0025140415140099998,-0.0049934065933439995,0.002155830280875,-0.0017419108669470002,0.001345238095266,0.010246950765949813,1.8841109999812033,0.2334050000172283,0.11151799981234944,0.0
pd,00:03:11.502,1080,-89.998,-90.0,-0.0,-89.891,0.238,-0.0,0.0,0.0,0.0,0.0,0.0,0.0,-90.0,-90.0,0.0,-89.901,0.239,-0.0,-89.999,-90.0,0.0,-89.896,0.2385,0.0,-0.21460826852180848,0.0,0.0,-1.0730413426105672,0.10730413426115441,0.0,-0.000999999999990564,0.0,0.0,-0.0049999999999954525,0.0005000000000000004,0.0,0.0206547,0.034424500000000004,-0.0068849,-0.0137698,-0.0,-0.0,-0.013783882783709999,-0.0025140415140099998,-0.0049934065933439995,0.002155830280875,-0.002138583638628,0.002190323565369,0.010246950765949813,2.1491819998118444,0.8644169997751305,0.321848000112368,0.0
pd,00:03:11.507,1081,-89.998,-90.0,-0.0,-89.891,0.238,-0.0,0.0,0.0,0.0,0.0,0.0,0.0,-90.0,-90.0,0.0,-89.901,0.239,-0.0,-89.999,-90.0,0.0,-89.896,0.2385,0.0,-0.1086607253883478,0.0,0.0,-0.543303626942511,0.05433036269430057,0.0,-0.000999999999990564,0.0,0.0,-0.0049999999999954525,0.0005000000000000004,0.0,0.0550792,-0.034424500000000004,0.0206547,0.1927772,-0.0206547,-0.0,-0.014546764346582,-0.001057631257618,-0.004750671550612,0.001621184371218,-0.002138583638628,0.002190323565369,0.010246950765949813,2.879174999634415,0.259812999956921,0.11898000002474873,0.0
pd,00:03:11.510,1082,-89.998,-90.0,-0.0,-89.891,0.238,-0.0,0.0,0.0,0.0,0.0,0.0,0.0,-90.0,-90.0,0.0,-89.901,0.239,-0.0,-89.999,-90.0,0.0,-89.896,0.2385,0.0,-0.14824005089383702,0.0,0.0,-0.7412002544702384,0.07412002544709133,0.0,-0.000999999999990564,0.0,0.0,-0.0049999999999954525,0.0005000000000000004,0.0,0.0550792,-0.034424500000000004,0.0206547,0.1927772,-0.0206547,-0.0,-0.014546764346582,-0.001057631257618,-0.004750671550612,0.001621184371218,-0.002138583638628,0.002190323565369,0.010246950765949813,1.8320190001759329,0.24638600007165223,0.11466599971754476,0.0
pd,00:03:11.512,1083,-89.998,-90.0,-0.0,-89.891,0.238,-0.0,0.0,0.0,0.0,0.0,0.0,0.0,-90.0,-90.0,0.0,-89.901,0.239,-0.0,-89.999,-90.0,0.0,-89.896,0.2385,0.0,-0.19492071753835044,0.0,0.0,-0.9746035876931373,0.09746035876940244,0.0,-0.000999999999990564,0.0,0.0,-0.0049999999999954525,0.0005000000000000004,0.0,0.0550792,-0.034424500000000004,0.0206547,0.1927772,-0.0206547,-0.0,-0.014546764346582,-0.001057631257618,-0.004750671550612,0.001621184371218,-0.002138583638628,0.002190323565369,0.010246950765949813,1.8956109997816384,0.26038599980893196,0.12679499968726304,0.0
pd,00:03:11.515,1084,-89.998,-90.0,-0.0,-89.891,0.238,-0.0,0.0,0.0,0.0,0.0,0.0,0.0,-90.0,-90.0,0.0,-89.901,0.239,-0.0,-89.999,-90.0,0.0,-89.896,0.2385,0.0,-0.20860956928231497,0.0,0.0,-1.043047846413057,0.10430478464140067,0.0,-0.000999999999990564,0.0,0.0,-0.0049999999999954525,0.0005000000000000004,0.0,0.0550792,-0.034424500000000004,0.0206547,0.1927772,-0.0206547,-0.0,-0.014546764346582,-0.001057631257618,-0.004750671550612,0.001621184371218,-0.002138583638628,0.002190323565369,0.010246950765949813,1.8564819997664017,0.2223860001322464,0.09762799982127035,0.0
pd,00:03:11.517,1085,-89.998,-90.0,-0.0,-89.891,0.238,-0.0,0.0,0.0,0.0,0.0,0.0,0.0,-90.0,-90.0,0.0,-89.901,0.239,-0.0,-89.999,-90.0,0.0,-89.896,0.2385,0.0,-0.22015032542463914,0.0,0.0,-1.10075162712476,0.11007516271257621,0.0,-0.000999999999990564,0.0,0.0,-0.0049999999999954525,0.0005000000000000004,0.0,0.0550792,-0.034424500000000004,0.0206547,0.1927772,-0.0206547,-0.0,-0.014546764346582,-0.001057631257618,-0.004750671550612,0.001621184371218,-0.002138583638628,0.002190323565369,0.010246950765949813,1.8951480001305754,0.24673799998709,0.09757299994817004,0.0
pd,00:03:11.519,1086,-89.998,-90.0,-0.0,-89.891,0.238,-0.0,0.0,0.0,0.0,0.0,0.0,0.0,-90.0,-90.0,0.0,-89.901,0.239,-0.0,-89.999,-90.0,0.0,-89.896,0.2385,0.0,-0.21460826852180848,0.0,0.0,-1.0730413426105672,0.10730413426115441,0.0,-0.000999999999990564,0.0,0.0,-0.0049999999999954525,0.0005000000000000004,0.0,0.0550792,-0.034424500000000004,0.0206547,0.1927772,-0.0206547,-0.0,-0.014546764346582,-0.001057631257618,-0.004750671550612,0.001621184371218,-0.002138583638628,0.002190323565369,0.010246950765949813,1.9223879999117344,0.25607099996705074,0.13466500013237237,0.0
pd,00:03:11.522,1087,-89.998,-90.0,-0.0,-89.891,0.238,-0.0,0.0,0.0,0.0,0.0,0.0,0.0,-90.0,-90.0,0.0,-89.901,0.239,-0.0,-89.999,-90.0,0.0,-89.896,0.2385,0.0,-0.20446056351712122,0.0,0.0,-1.022302817587059,0.10223028175879896,0.0,-0.000999999999990564,0.0,0.0,-0.0049999999999954525,0.0005000000000000004,0.0,0.0550792,-0.034424500000000004,0.0206547,0.1927772,0.034424500000000004,-0.0,-0.014546764346582,-0.001057631257618,-0.004750671550612,0.001517704517736,-0.002121336996381,0.001586691086724,0.010246950765949813,2.8525460002128966,0.5975130002298101,0.4160329999649548,0.0
pd,00:03:11.526,1088,-89.998,-90.0,-0.0,-89.891,0.238,-0.0,0.0,0.0,0.0,0.0,0.0,0.0,-90.0,-90.0,0.0,-89.901,0.239,-0.0,-89.999,-90.0,0.0,-89.896,0.2385,0.0,-0.12491970455057853,0.0,0.0,-0.6245985227537802,0.062459852275434886,0.0,-0.000999999999990564,0.0,0.0,-0.0049999999999954525,0.0005000000000000004,0.0,-0.0206547,0.0137698,-0.0275396,0.0550792,0.034424500000000004,-0.0,-0.014512087911906,-0.00164713064711,-0.005842979242906,0.001517704517736,-0.002121336996381,0.001586691086724,0.010246950765949813,2.877211999930296,0.3020520002792182,0.11918400014110375,0.0
pd,00:03:11.529,1089,-89.998,-90.0,-0.0,-89.891,0.238,-0.0,0.0,0.0,0.0,0.0,0.0,0.0,-90.0,-90.0,0.0,-89.901,0.239,-0.0,-89.999,-90.0,0.0,-89.896,0.2385,0.0,-0.14682853742176802,0.0,0.0,-0.7341426871098833,0.07341426871105516,0.0,-0.000999999999990564,0.0,0.0,-0.0049999999999954525,0.0005000000000000004,0.0,-0.0206547,0.0137698,-0.0275396,0.0550792,0.034424500000000004,-0.0,-0.014512087911906,-0.00164713064711,-0.005842979242906,0.001517704517736,-0.002121336996381,0.001586691086724,0.010246950765949813,1.8250190000799194,0.2231090002169367,0.1086470001609996,0.0
pd,00:03:11.532,1090,-89.998,-90.0,-0.0,-89.891,0.238,-0.0,0.0,0.0,0.0,0.0,0.0,0.0,-90.0,-90.0,0.0,-89.901,0.239,-0.0,-89.999,-90.0,0.0,-89.896,0.2385,0.0,-0.22163939970356292,0.0,0.0,-1.1081969985193896,0.11081969985203984,0.0,-0.000999999999990564,0.0,0.0,-0.0049999999999954525,0.0005000000000000004,0.0,-0.0206547,0.0137698,-0.0275396,0.0550792,0.034424500000000004,-0.0,-0.014512087911906,-0.00164713064711,-0.005842979242906,0.001517704517736,-0.002121336996381,0.001586691086724,0.010246950765949813,1.8870369999604009,0.22462800006906036,0.1486470000600093,0.0
pd,00:03:11.535,1091,-89.998,-90.0,-0.0,-89.891,0.238,-0.0,0.0,0.0,0.0,0.0,0.0,0.0,-90.0,-90.0,0.0,-89.901,0.239,-0.0,-89.999,-90.0,0.0,-89.896,0.2385,0.0,-0.14628571428537335,0.0,0.0,-0.7314285714279062,0.0731428571428572,0.0,-0.000999999999990564,0.0,0.0,-0.0049999999999954525,0.0005000000000000004,0.0,-0.0206547,0.0137698,-0.0275396,0.0550792,0.034424500000000004,-0.0,-0.014512087911906,-0.00164713064711,-0.005842979242906,0.001517704517736,-0.002121336996381,0.001586691086724,0.010246950765949813,2.0057579999956943,0.23129400005927891,0.08874000013747718,0.0
pd,00:03:11.537,1092,-89.998,-90.0,-0.0,-89.891,0.238,-0.0,0.0,0.0,0.0,0.0,0.0,0.0,-90.0,-90.0,0.0,-89.901,0.239,-0.0,-89.999,-90.0,0.0,-89.896,0.2385,0.0,-0.20572415146116466,0.0,0.0,-1.028620757307285,0.10286207573082215,0.0,-0.000999999999990564,0.0,0.0,-0.0049999999999954525,0.0005000000000000004,0.0,-0.0206547,0.0137698,-0.0275396,0.0550792,0.034424500000000004,-0.0,-0.014512087911906,-0.00164713064711,-0.005842979242906,0.001517704517736,-0.002121336996381,0.001586691086724,0.010246950765949813,1.7418349998479243,0.17907299979924574,0.08625800001027528,0.0
pd,00:03:11.540,1093,-89.998,-90.0,0.0,-89.887,0.238,-0.0,0.0,0.0,0.0,1.911062307782265,0.0,0.0,-90.0,-90.0,0.0,-89.901,0.239,-0.0,-89.999,-90.0,0.0,-90.08510623077822,0.2385,0.0,-0.23888278847193445,0.0,0.0,-47.324168822077105,0.1194413942362457,0.0,-0.000999999999990564,0.0,0.0,-0.19810623077822243,0.0005000000000000004,0.0,-0.0206547,0.0137698,-0.0275396,0.0550792,0.034424500000000004,-0.0,-0.014512087911906,-0.00164713064711,-0.005842979242906,0.001517704517736,-0.002121336996381,0.001586691086724,0.014177446878753015,1.8488150003577175,0.23564599996461766,0.11927700006708619,0.0
pd,00:03:11.542,1094,-89.998,-90.0,0.0,-89.887,0.238,-0.0,0.0,0.0,0.0,0.0,0.0,0.0,-90.0,-90.0,0.0,-89.901,0.239,-0.0,-89.999,-90.0,0.0,-89.894,0.2385,0.0,-0.21651373115786832,0.0,0.0,-1.515596118108155,0.10825686557918655,0.0,-0.000999999999990564,0.0,0.0,-0.007000000000005002,0.0005000000000000004,0.0,-0.0206547,0.0137698,-0.0275396,0.0550792,-0.0137698,-0.0206547,-0.014512087911906,-0.00164713064711,-0.005842979242906,0.002052350427393,-0.0017074175824530002,0.0017419108669470002,0.014177446878753015,3.390595999917423,0.5736239995712822,0.13057300020591356,0.0
pd,00:03:11.546,1095,-89.998,-90.0,0.0,-89.887,0.238,-0.0,0.0,0.0,0.0,0.0,0.0,0.0,-90.0,-90.0,0.0,-89.901,0.239,-0.0,-89.999,-90.0,0.0,-89.894,0.2385,0.0,-0.11473640442034755,0.0,0.0,-0.8031548309440634,0.05736820221030752,0.0,-0.000999999999990564,0.0,0.0,-0.007000000000005002,0.0005000000000000004,0.0,-0.0206547,-0.0413094,-0.0,0.1514678,-0.0137698,-0.0206547,-0.014789499389313999,-0.0019245421245179999,-0.00563492063485,0.002052350427393,-0.0017074175824530002,0.0017419108669470002,0.014177446878753015,2.932914999746572,0.23894200012364308,0.11183200012965244,0.0
pd,00:03:11.550,1096,-89.998,-90.0,0.0,-89.887,0.238,-0.0,0.0,0.0,0.0,0.0,0.0,0.0,-90.0,-90.0,0.0,-89.901,0.239,-0.0,-89.999,-90.0,0.0,-89.894,0.2385,0.0,-0.14779083861840114,0.0,0.0,-1.0345358703309084,0.07389541930937286,0.0,-0.000999999999990564,0.0,0.0,-0.007000000000005002,0.0005000000000000004,0.0,-0.0206547,-0.0413094,-0.0,0.1514678,-0.0137698,-0.0206547,-0.014789499389313999,-0.0019245421245179999,-0.00563492063485,0.002052350427393,-0.0017074175824530002,0.0017419108669470002,0.014177446878753015,1.7440750002606364,0.14498000018647872,0.05953599975327961,0.0
pd,00:03:11.552,1097,-89.998,-90.0,0.0,-89.887,0.238,-0.0,0.0,0.0,0.0,0.0,0.0,0.0,-90.0,-90.0,0.0,-89.901,0.239,-0.0,-89.999,-90.0,0.0,-89.894,0.2385,0.0,-0.2481249408418259,0.0,0.0,-1.7368745858963073,0.12406247042120219,0.0,-0.000999999999990564,0.0,0.0,-0.007000000000005002,0.0005000000000000004,0.0,-0.0206547,-0.0413094,-0.0,0.1514678,-0.0137698,-0.0206547,-0.014789499389313999,-0.0019245421245179999,-0.00563492063485,0.002052350427393,-0.0017074175824530002,0.0017419108669470002,0.014177446878753015,1.748314999986178,0.22718299987900537,0.0841470000523259,0.0
pd,00:03:11.554,1098,-89.998,-90.0,0.0,-89.887,0.238,-0.0,0.0,0.0,0.0,0.0,0.0,0.0,-90.0,-90.0,0.0,-89.901,0.239,-0.0,-89.999,-90.0,0.0,-89.894,0.2385,0.0,-0.23353585746048022,0.0,0.0,-1.6347510022266802,0.11676792873051235,0.0,-0.000999999999990564,0.0,0.0,-0.007000000000005002,0.0005000000000000004,0.0,-0.0206547,-0.0413094,-0.0,0.1514678,-0.0137698,-0.0206547,-0.014789499389313999,-0.0019245421245179999,-0.00563492063485,0.002052350427393,-0.0017074175824530002,0.0017419108669470002,0.014177446878753015,1.721353000448289,0.14557300028172904,0.06398100003934815,0.0
pd,00:03:11.556,1099,-89.998,-90.0,0.0,-89.887,0.238,-0.0,0.0,0.0,0.0,0.0,0.0,0.0,-90.0,-90.0,0.0,-89.901,0.239,-0.0,-89.999,-90.0,0.0,-89.894,0.2385,0.0,-0.25010757304652503,0.0,0.0,-1.7507530113292296,0.1250537865235541,0.0,-0.000999999999990564,0.0,0.0,-0.007000000000005002,0.0005000000000000004,0.0,-0.0206547,-0.0413094,-0.0,0.1514678,-0.0137698,-0.0206547,-0.014789499389313999,-0.0019245421245179999,-0.00563492063485,0.002052350427393,-0.0017074175824530002,0.0017419108669470002,0.014177446878753015,1.737149000291538,0.1469609997002408,0.06644399991273531,0.0
pd,00:03:11.558,1100,-89.998,-90.0,0.0,-89.887,0.238,-0.0,0.0,0.0,0.0,0.0,0.0,0.0,-90.0,-90.0,0.0,-89.901,0.239,-0.0,-89.999,-90.0,0.0,-89.894,0.2385,0.0,-0.24730566037678212,0.0,0.0,-1.7311396226409892,0.12365283018867936,0.0,-0.000999999999990564,0.0,0.0,-0.007000000000005002,0.0005000000000000004,0.0,-0.0206547,-0.0413094,-0.0,0.1514678,-0.0137698,-0.0206547,-0.014789499389313999,-0.0019245421245179999,-0.00563492063485,0.002052350427393,-0.0017074175824530002,0.0017419108669470002,0.014177446878753015,1.9813140002042928,0.20229400024618371,0.09507300001132535,0.0
pd,00:03:11.561,1101,-89.998,-90.0,-0.0,-89.889,0.238,-0.0,0.0,0.0,-0.0,-0.6108357969839401,0.0,0.0,-90.0,-90.0,0.0,-89.901,0.239,-0.0,-89.999,-90.0,0.0,-89.8339164203016,0.2385,0.0,-0.15270894924598502,0.0,0.0,8.411755576468792,0.07635447462317053,0.0,-0.000999999999990564,0.0,0.0,0.055083579698390395,0.0005000000000000004,0.0,-0.0206547,-0.0413094,-0.0,0.1514678,-0.0137698,-0.0206547,-0.014789499389313999,-0.0019245421245179999,-0.00563492063485,0.002052350427393,-0.0017074175824530002,0.0017419108669470002,0.012206555615733387,1.944757999808644,0.28255300003365846,0.10201800023423857,0.0
pd,00:03:11.563,1102,-89.998,-90.0,-0.0,-89.889,0.238,-0.0,0.0,0.0,0.0,0.0,0.0,0.0,-90.0,-90.0,0.0,-89.901,0.239,-0.0,-89.999,-90.0,0.0,-89.895,0.2385,0.0,-0.20303533739908147,0.0,0.0,-1.218212024397374,0.10151766869977742,0.0,-0.000999999999990564,0.0,0.0,-0.006000000000000227,0.0005000000000000004,0.0,-0.0206547,-0.0137698,0.0068849,-0.0275396,-0.0550792,0.0068849,-0.0147374847373,-0.0016644688644479998,-0.005600244200174,0.0036045482296230003,-0.0019488705739110002,0.001431471306501,0.012206555615733387,4.428455999914149,0.3121820000160369,0.131128999782959,0.0
pd,00:03:11.568,1103,-89.998,-90.0,-0.0,-89.889,0.238,-0.0,0.0,0.0,0.0,0.0,0.0,0.0,-90.0,-90.0,0.0,-89.901,0.239,-0.0,-89.999,-90.0,0.0,-89.895,0.2385,0.0,-0.10000247961447296,0.0,0.0,-0.6000148776882589,0.050001239807353055,0.0,-0.000999999999990564,0.0,0.0,-0.006000000000000227,0.0005000000000000004,0.0,-0.0206547,-0.0137698,0.0068849,-0.0275396,-0.0550792,0.0068849,-0.0147374847373,-0.0016644688644479998,-0.005600244200174,0.0036045482296230003,-0.0019488705739110002,0.001431471306501,0.012206555615733387,1.8429259998811176,0.19951600006606895,0.07209100022009807,0.0
pd,00:03:11.571,1104,-89.998,-90.0,-0.0,-89.889,0.238,-0.0,0.0,0.0,0.0,0.0,0.0,0.0,-90.0,-90.0,0.0,-89.901,0.239,-0.0,-89.999,-90.0,0.0,-89.895,0.2385,0.0,-0.2277779950032706,0.0,0.0,-1.3666679700228606,0.11388899750190083,0.0,-0.000999999999990564,0.0,0.0,-0.006000000000000227,0.0005000000000000004,0.0,-0.0206547,-0.0137698,0.0068849,-0.0275396,-0.0550792,0.0068849,-0.0147374847373,-0.0016644688644479998,-0.005600244200174,0.0036045482296230003,-0.0019488705739110002,0.001431471306501,0.012206555615733387,1.6612800000075367,0.1347580000583548,0.057776999710767996,0.0
pd,00:03:11.573,1105,-89.998,-90.0,-0.0,-89.889,0.238,-0.0,0.0,0.0,0.0,0.0,0.0,0.0,-90.0,-90.0,0.0,-89.901,0.239,-0.0,-89.999,-90.0,0.0,-89.895,0.2385,0.0,-0.2606776880043645,0.0,0.0,-1.5640661280298915,0.13033884400248613,0.0,-0.000999999999990564,0.0,0.0,-0.006000000000000227,0.0005000000000000004,0.0,-0.0206547,-0.0137698,0.0068849,-0.0275396,-0.0550792,0.0068849,-0.0147374847373,-0.0016644688644479998,-0.005600244200174,0.0036045482296230003,-0.0019488705739110002,0.001431471306501,0.012206555615733387,1.677613000083511,0.1732950004225131,0.07986999980857945,0.0
pd,00:03:11.575,1106,-89.998,-90.0,-0.0,-89.889,0.238,-0.0,0.0,0.0,0.0,0.0,0.0,0.0,-90.0,-90.0,0.0,-89.901,0.239,-0.0,-89.999,-90.0,0.0,-89.895,0.2385,0.0,-0.24838943503436128,0.0,0.0,-1.4903366102096975,0.1241947175174702,0.0,-0.000999999999990564,0.0,0.0,-0.006000000000000227,0.0005000000000000004,0.0,-0.0206547,-0.0137698,0.0068849,-0.0275396,-0.0550792,0.0068849,-0.0147374847373,-0.0016644688644479998,-0.005600244200174,0.0036045482296230003,-0.0019488705739110002,0.001431471306501,0.012206555615733387,1.7302229998676921,0.15183200002866215,0.059981000049447175,0.0
pd,00:03:11.577,1107,-89.998,-90.0,-0.0,-89.889,0.238,-0.0,0.0,0.0,0.0,0.0,0.0,0.0,-90.0,-90.0,0.0,-89.901,0.239,-0.0,-89.999,-90.0,0.0,-89.895,0.2385,0.0,-0.24194185509865165,0.0,0.0,-1.4516511305953481,0.12097092754960787,0.0,-0.000999999999990564,0.0,0.0,-0.006000000000000227,0.0005000000000000004,0.0,-0.0206547,-0.0137698,0.0068849,-0.0275396,-0.0550792,0.0068849,-0.0147374847373,-0.0016644688644479998,-0.005600244200174,0.0036045482296230003,-0.0019488705739110002,0.001431471306501,0.012206555615733387,1.703575999727036,0.14614699966841727,0.07392500037894933,0.0
pd,00:03:11.579,1108,-89.998,-90.0,0.0,-89.885,0.238,-0.0,0.0,0.0,0.0,1.9989534135542595,0.0,0.0,-90.0,-90.0,0.0,-89.901,0.239,-0.0,-89.999,-90.0,0.0,-90.09289534135543,0.2385,0.0,-0.24986917669428244,0.0,0.0,-51.94663778317705,0.1249345883474325,0.0,-0.000999999999990564,0.0,0.0,-0.20789534135542453,0.0005000000000000004,0.0,-0.0206547,-0.0137698,0.0068849,-0.0275396,-0.0550792,0.0068849,-0.0147374847373,-0.0016644688644479998,-0.005600244200174,0.0036045482296230003,-0.0019488705739110002,0.001431471306501,0.016155494421394155,1.7174089998661657,0.14923899971108767,0.08968399970399332,0.0
pd,00:03:11.581,1109,-89.998,-90.0,0.0,-89.885,0.238,-0.0,0.0,0.0,0.0,0.0,0.0,0.0,-90.0,-90.0,0.0,-89.901,0.239,-0.0,-89.999,-90.0,0.0,-89.893,0.2385,0.0,-0.24692711644826473,0.0,0.0,-1.975416931589627,0.12346355822442022,0.0,-0.000999999999990564,0.0,0.0,-0.007999999999995566,0.0005000000000000004,0.0,-0.0206547,-0.0137698,0.0068849,-0.0275396,-0.0550792,0.0068849,-0.0147374847373,-0.0016644688644479998,-0.005600244200174,0.0036045482296230003,-0.0019488705739110002,0.001431471306501,0.016155494421394155,1.7152979999082163,0.25086799996643094,0.19220200010749977,0.0
pd,00:03:11.583,1110,-89.998,-90.0,0.0,-89.885,0.238,-0.0,0.0,0.0,0.0,0.0,0.0,0.0,-90.0,-90.0,0.0,-89.901,0.239,-0.0,-89.999,-90.0,0.0,-89.893,0.2385,0.0,-0.21478410487455063,0.0,0.0,-1.7182728389994573,0.1073920524375257,0.0,-0.000999999999990564,0.0,0.0,-0.007999999999995566,0.0005000000000000004,0.0,-0.0619641,0.0068849,-0.0275396,-2.5887224,0.0206547,-0.0068849,-0.015448351648158,-0.00130036630035,-0.005305494505428,0.0017419108669470002,-0.0022248168498630004,0.001500457875489,0.016155494421394155,3.798757999902591,0.8509360000061861,0.11048000033042626,0.0
pd,00:03:11.589,1111,-89.998,-90.0,0.0,-89.885,0.238,-0.0,0.0,0.0,0.0,0.0,0.0,0.0,-90.0,-90.0,0.0,-89.901,0.239,-0.0,-89.999,-90.0,0.0,-89.893,0.2385,0.0,-0.08728313980085373,0.0,0.0,-0.6982651184080702,0.04364156990052861,0.0,-0.000999999999990564,0.0,0.0,-0.007999999999995566,0.0005000000000000004,0.0,-0.0619641,0.0068849,-0.0275396,-2.5887224,0.0206547,-0.0068849,-0.015448351648158,-0.00130036630035,-0.005305494505428,0.0017419108669470002,-0.0022248168498630004,0.001500457875489,0.016155494421394155,1.9419800000832765,0.23864600007073022,0.0919619997148402,0.0
pd,00:03:11.591,1112,-89.998,-90.0,0.0,-89.885,0.238,-0.0,0.0,0.0,0.0,0.0,0.0,0.0,-90.0,-90.0,0.0,-89.901,0.239,-0.0,-89.999,-90.0,0.0,-89.893,0.2385,0.0,-0.2103040513432724,0.0,0.0,-1.682432410749168,0.10515202567188137,0.0,-0.000999999999990564,0.0,0.0,-0.007999999999995566,0.0005000000000000004,0.0,-0.0619641,0.0068849,-0.0275396,-2.5887224,0.0206547,-0.0068849,-0.015448351648158,-0.00130036630035,-0.005305494505428,0.0017419108669470002,-0.0022248168498630004,0.001500457875489,0.016155494421394155,1.7740379998940625,0.1766649997989589,0.0952950003920705,0.0
pd,00:03:11.593,1113,-89.998,-90.0,0.0,-89.885,0.238,-0.0,0.0,0.0,0.0,0.0,0.0,0.0,-90.0,-90.0,0.0,-89.901,0.239,-0.0,-89.999,-90.0,0.0,-89.893,0.2385,0.0,-0.23384834968723375,0.0,0.0,-1.8707867975011934,0.11692417484388949,0.0,-0.000999999999990564,0.0,0.0,-0.007999999999995566,0.0005000000000000004,0.0,-0.0619641,0.0068849,-0.0275396,-2.5887224,0.0206547,-0.0068849,-0.015448351648158,-0.00130036630035,-0.005305494505428,0.0017419108669470002,-0.0022248168498630004,0.001500457875489,0.016155494421394155,1.8239629998788587,0.26286799993613386,0.1252950000889541,0.0
pd,00:03:11.596,1114,-89.998,-90.0,0.0,-89.885,0.238,-0.0,0.0,0.0,0.0,0.0,0.0,0.0,-90.0,-90.0,0.0,-89.901,0.239,-0.0,-89.999,-90.0,0.0,-89.893,0.2385,0.0,-0.21502635086589894,0.0,0.0,-1.7202108069302473,0.10751317543320013,0.0,-0.000999999999990564,0.0,0.0,-0.007999999999995566,0.0005000000000000004,0.0,-0.0619641,0.0068849,-0.0275396,-2.5887224,0.0206547,-0.0068849,-0.015448351648158,-0.00130036630035,-0.005305494505428,0.0017419108669470002,-0.0022248168498630004,0.001500457875489,0.016155494421394155,1.8824260000656068,0.20357199991849484,0.08449999995718827,0.0
pd,00:03:11.598,1115,-89.998,-90.0,0.0,-89.885,0.238,-0.0,0.0,0.0,0.0,0.0,0.0,0.0,-90.0,-90.0,0.0,-89.901,0.239,-0.0,-89.999,-90.0,0.0,-89.893,0.2385,0.0,-0.22180349021629958,0.0,0.0,-1.7744279217335486,0.11090174510840835,0.0,-0.000999999999990564,0.0,0.0,-0.007999999999995566,0.0005000000000000004,0.0,-0.0619641,0.0068849,-0.0275396,-2.5887224,0.0206547,-0.0068849,-0.015448351648158,-0.00130036630035,-0.005305494505428,0.0017419108669470002,-0.0022248168498630004,0.001500457875489,0.016155494421394155,1.7314269998678355,0.17634999994697864,0.08036999997784733,0.0
pd,00:03:11.600,1116,-89.998,-90.0,0.0,-89.887,0.238,-0.0,0.0,0.0,0.0,-0.9681024812441373,0.0,0.0,-90.0,-90.0,0.0,-89.901,0.239,-0.0,-89.999,-90.0,0.0,-89.79718975187558,0.2385,0.0,-0.24202562031103433,0.0,0.0,21.736381012650313,0.1210128101557993,0.0,-0.000999999999990564,0.0,0.0,0.08981024812442229,0.0005000000000000004,0.0,-0.0619641,0.0068849,-0.0275396,-2.5887224,0.0206547,-0.0068849,-0.015448351648158,-0.00130036630035,-0.005305494505428,0.0017419108669470002,-0.0022248168498630004,0.001500457875489,0.014177446878753015,1.858832999914739,0.2610159999676398,0.1273870002478361,0.0
pd,00:03:11.602,1117,-89.998,-90.0,0.0,-89.887,0.238,-0.0,0.0,0.0,0.0,0.0,0.0,0.0,-90.0,-90.0,0.0,-89.901,0.239,-0.0,-89.999,-90.0,0.0,-89.894,0.2385,0.0,-0.21072668810240278,0.0,0.0,-1.4750868167198141,0.10536334405144704,0.0,-0.000999999999990564,0.0,0.0,-0.007000000000005002,0.0005000000000000004,0.0,-0.0481943,-0.0619641,0.0206547,0.0275396,-0.034424500000000004,-0.0275396,-0.014772161171976,-0.0019072039071799999,-0.00554822954816,0.0025352564103090004,-0.001483211233242,0.001500457875489,0.014177446878753015,3.2783190004010976,0.2383870000812749,0.10544299993853201,0.0
pd,00:03:11.606,1118,-89.998,-90.0,0.0,-89.887,0.238,-0.0,0.0,0.0,0.0,0.0,0.0,0.0,-90.0,-90.0,0.0,-89.901,0.239,-0.0,-89.999,-90.0,0.0,-89.894,0.2385,0.0,-0.13109658060855864,0.0,0.0,-0.9176760642617734,0.06554829030443214,0.0,-0.000999999999990564,0.0,0.0,-0.007000000000005002,0.0005000000000000004,0.0,-0.0481943,-0.0619641,0.0206547,0.0275396,-0.034424500000000004,-0.0275396,-0.014772161171976,-0.0019072039071799999,-0.00554822954816,0.0025352564103090004,-0.001483211233242,0.001500457875489,0.014177446878753015,2.6453999998921063,0.19675700013976893,0.08836899996822467,0.0
pd,00:03:11.609,1119,-89.998,-90.0,0.0,-89.887,0.238,-0.0,0.0,0.0,0.0,0.0,0.0,0.0,-90.0,-90.0,0.0,-89.901,0.239,-0.0,-89.999,-90.0,0.0,-89.894,0.2385,0.0,-0.16587455508938642,0.0,0.0,-1.161121885628062,0.08293727754488657,0.0,-0.000999999999990564,0.0,0.0,-0.007000000000005002,0.0005000000000000004,0.0,-0.0481943,-0.0619641,0.0206547,0.0275396,-0.034424500000000004,-0.0275396,-0.014772161171976,-0.0019072039071799999,-0.00554822954816,0.0025352564103090004,-0.001483211233242,0.001500457875489,0.014177446878753015,1.9839430001411529,0.1990529999602586,0.08942599970396259,0.0
pd,00:03:11.611,1120,-89.998,-90.0,0.0,-89.887,0.238,-0.0,0.0,0.0,0.0,0.0,0.0,0.0,-90.0,-90.0,0.0,-89.901,0.239,-0.0,-89.999,-90.0,0.0,-89.894,0.2385,0.0,-0.21206916776166573,0.0,0.0,-1.4844841743346737,0.10603458388108009,0.0,-0.000999999999990564,0.0,0.0,-0.007000000000005002,0.0005000000000000004,0.0,-0.0481943,-0.0619641,0.0206547,0.0275396,-0.034424500000000004,-0.0275396,-0.014772161171976,-0.0019072039071799999,-0.00554822954816,0.0025352564103090004,-0.001483211233242,0.001500457875489,0.014177446878753015,1.8783330001497234,0.17311000010522548,0.07524000011471799,0.0
pd,00:03:11.615,1121,-89.998,-90.0,0.0,-89.887,0.238,-0.0,0.0,0.0,0.0,0.0,0.0,0.0,-90.0,-90.0,0.0,-89.901,0.239,-0.0,-89.999,-90.0,0.0,-89.894,0.2385,0.0,-0.16489636735297314,0.0,0.0,-1.1542745714731553,0.08244818367667879,0.0,-0.000999999999990564,0.0,0.0,-0.007000000000005002,0.0005000000000000004,0.0,-0.0481943,-0.0619641,0.0206547,0.0275396,-0.034424500000000004,-0.0275396,-0.014772161171976,-0.0019072039071799999,-0.00554822954816,0.0025352564103090004,-0.001483211233242,0.001500457875489,0.014177446878753015,1.9291649996375781,0.29684899982385105,0.09551699986332096,0.0
pd,00:03:11.617,1122,-89.998,-90.0,0.0,-89.887,0.238,-0.0,0.0,0.0,0.0,0.0,0.0,0.0,-90.0,-90.0,0.0,-89.901,0.239,-0.0,-89.999,-90.0,0.0,-89.894,0.2385,0.0,-0.20606779994056326,0.0,0.0,-1.4424745995868713,0.10303389997052186,0.0,-0.000999999999990564,0.0,0.0,-0.007000000000005002,0.0005000000000000004,0.0,-0.0481943,-0.0619641,0.0206547,0.0275396,-0.034424500000000004,-0.0275396,-0.014772161171976,-0.0019072039071799999,-0.00554822954816,0.0025352564103090004,-0.001483211233242,0.001500457875489,0.014177446878753015,1.7575379997651908,0.15210900028250762,0.08547999959773733,0.0
pd,00:03:11.619,1123,-89.998,-90.0,-0.0,-89.924,0.238,-0.0,0.0,0.0,-0.0,-17.874826998390436,0.0,0.0,-90.0,-90.0,0.0,-89.901,0.239,-0.0,-89.999,-90.0,0.0,-88.12501730016096,0.2385,0.0,-0.2415517161938623,0.0,0.0,434.54735855020283,0.12077585809721274,0.0,-0.000999999999990564,0.0,0.0,1.7989826998390441,0.0005000000000000004,0.0,-0.0481943,-0.0619641,0.0206547,0.0275396,-0.034424500000000004,-0.0275396,-0.014772161171976,-0.0019072039071799999,-0.00554822954816,0.0025352564103090004,-0.001483211233242,0.001500457875489,0.02310844001659258,1.9738880000659265,0.2832010000020091,0.14071999976295047,0.0
pd,00:03:11.622,1124,-89.998,-90.0,-0.0,-89.924,0.238,-0.0,0.0,0.0,0.0,0.0,0.0,0.0,-90.0,-90.0,0.0,-89.901,0.239,-0.0,-89.999,-90.0,0.0,-89.9125,0.2385,0.0,-0.19758356887084158,0.0,0.0,2.2722110420209956,0.09879178443565112,0.0,-0.000999999999990564,0.0,0.0,0.011500000000012278,0.0005000000000000004,0.0,-0.0481943,-0.0619641,0.0206547,0.0275396,-0.034424500000000004,-0.0275396,-0.014772161171976,-0.0019072039071799999,-0.00554822954816,0.0025352564103090004,-0.001483211233242,0.001500457875489,0.02310844001659258,1.889425999706873,0.7550109999101551,0.6108279999352817,0.0
pd,00:03:11.625,1125,-89.998,-90.0,-0.0,-89.924,0.238,-0.0,0.0,0.0,0.0,0.0,0.0,0.0,-90.0,-90.0,0.0,-89.901,0.239,-0.0,-89.999,-90.0,0.0,-89.9125,0.2385,0.0,-0.14357171219244969,0.0,0.0,1.651074690217762,0.07178585609639221,0.0,-0.000999999999990564,0.0,0.0,0.011500000000012278,0.0005000000000000004,0.0,0.0413094,-0.0413094,-0.0137698,-0.0275396,-0.0206547,-0.0206547,-0.014945543345356,-0.0019245421245179999,-0.002999511599474,0.002207570207616,-0.002173076923122,0.001345238095266,0.02310844001659258,3.069747000154166,0.21408999964478426,0.09459100010644761,0.0
pd,00:03:11.628,1126,-89.998,-90.0,-0.0,-89.924,0.238,-0.0,0.0,0.0,0.0,0.0,0.0,0.0,-90.0,-90.0,0.0,-89.901,0.239,-0.0,-89.999,-90.0,0.0,-89.9125,0.2385,0.0,-0.1442531297286499,0.0,0.0,1.6589109918840863,0.07212656486449312,0.0,-0.000999999999990564,0.0,0.0,0.011500000000012278,0.0005000000000000004,0.0,0.0413094,-0.0413094,-0.0137698,-0.0275396,-0.0206547,-0.0206547,-0.014945543345356,-0.0019245421245179999,-0.002999511599474,0.002207570207616,-0.002173076923122,0.001345238095266,0.02310844001659258,1.772925999830477,0.17112800014729146,0.07812900003045797,0.0
pd,00:03:11.631,1127,-89.998,-90.0,-0.0,-89.924,0.238,-0.0,0.0,0.0,0.0,0.0,0.0,0.0,-90.0,-90.0,0.0,-89.901,0.239,-0.0,-89.999,-90.0,0.0,-89.9125,0.2385,0.0,-0.23852957233793362,0.0,0.0,2.7430900818938637,0.11926478616924488,0.0,-0.000999999999990564,0.0,0.0,0.011500000000012278,0.0005000000000000004,0.0,0.0413094,-0.0413094,-0.0137698,-0.0275396,-0.0206547,-0.0206547,-0.014945543345356,-0.0019245421245179999,-0.002999511599474,0.002207570207616,-0.002173076923122,0.001345238095266,0.02310844001659258,1.7160190000140574,0.1451839998480864,0.06214699988049688,0.0
pd,00:03:11.633,1128,-89.998,-90.0,-0.0,-89.924,0.238,-0.0,0.0,0.0,0.0,0.0,0.0,0.0,-90.0,-90.0,0.0,-89.901,0.239,-0.0,-89.999,-90.0,0.0,-89.9125,0.2385,0.0,-0.2515173902608674,0.0,0.0,2.8924499880080172,0.1257586951307269,0.0,-0.000999999999990564,0.0,0.0,0.011500000000012278,0.0005000000000000004,0.0,0.0413094,-0.0413094,-0.0137698,-0.0275396,-0.0206547,-0.0206547,-0.014945543345356,-0.0019245421245179999,-0.002999511599474,0.002207570207616,-0.002173076923122,0.001345238095266,0.02310844001659258,1.7280570000366424,0.14661000022897497,0.06572199981746962,0.0
pd,00:03:11.635,1129,-89.998,-90.0,-0.0,-89.924,0.238,-0.0,0.0,0.0,0.0,0.0,0.0,0.0,-90.0,-90.0,0.0,-89.901,0.239,-0.0,-89.999,-90.0,0.0,-89.9125,0.2385,0.0,-0.24894966761575407,0.0,0.0,2.862921177589132,0.12447483380816725,0.0,-0.000999999999990564,0.0,0.0,0.011500000000012278,0.0005000000000000004,0.0,0.0413094,-0.0413094,-0.0137698,-0.0275396,-0.0206547,-0.0206547,-0.014945543345356,-0.0019245421245179999,-0.002999511599474,0.002207570207616,-0.002173076923122,0.001345238095266,0.02310844001659258,1.966683999853558,0.2333310003450606,0.08966499990492593,0.0
pd,00:03:11.637,1130,-89.998,-90.0,-0.0,-89.924,0.238,-0.0,0.0,0.0,0.0,0.0,0.0,0.0,-90.0,-90.0,0.0,-89.901,0.239,-0.0,-89.999,-90.0,0.0,-89.9125,0.2385,0.0,-0.2068197238653957,0.0,0.0,2.3784268244586637,0.10340986193293895,0.0,-0.000999999999990564,0.0,0.0,0.011500000000012278,0.0005000000000000004,0.0,0.0413094,-0.0413094,-0.0137698,-0.0275396,-0.0206547,-0.0206547,-0.014945543345356,-0.0019245421245179999,-0.002999511599474,0.002207570207616,-0.002173076923122,0.001345238095266,0.02310844001659258,1.7331310000372468,0.1973319999706291,0.11807300006694277,0.0
pd,00:03:11.640,1131,-89.999,-90.0,0.0,-89.936,0.238,-0.0,-0.313921413064922,0.0,0.0,-3.7670569568147525,0.0,0.0,-90.0,-90.0,0.0,-89.901,0.239,-0.0,-89.9681078586935,-90.0,0.0,-89.54179430431853,0.2385,0.0,4.8488523258130165,0.0,0.0,61.874804513869364,0.0784803532669711,0.0,0.03089214130649509,0.0,0.0,0.3942056956814781,0.0005000000000000004,0.0,0.0413094,-0.0413094,-0.0137698,-0.0275396,-0.0206547,-0.0206547,-0.014945543345356,-0.0019245421245179999,-0.002999511599474,0.002207570207616,-0.002173076923122,0.001345238095266,0.03502855977628491,2.038534999883268,0.2376090001234843,0.09425899997950182,0.0
pd,00:03:11.643,1132,-89.999,-90.0,0.0,-89.936,0.238,-0.0,0.0,0.0,0.0,0.0,0.0,0.0,-90.0,-90.0,0.0,-89.901,0.239,-0.0,-89.9995,-90.0,0.0,-89.9185,0.2385,0.0,-0.10109679907491388,0.0,0.0,3.5383879676061825,0.10109679907443125,0.0,-0.0005000000000023874,0.0,0.0,0.017500000000012506,0.0005000000000000004,0.0,-0.0275396,-0.0481943,-0.034424500000000004,0.8193031000000001,-0.0413094,-0.0206547,-0.014408058607878,-0.001335042735026,-0.004802686202626,-0.000655372405386,-0.001396978022007,0.001569444444477,0.03502855977628491,3.296430000318651,0.2671830002327624,0.5861609997737105,0.0
pd,00:03:11.647,1133,-89.999,-90.0,0.0,-89.936,0.238,-0.0,0.0,0.0,0.0,0.0,0.0,0.0,-90.0,-90.0,0.0,-89.901,0.239,-0.0,-89.9995,-90.0,0.0,-89.9185,0.2385,0.0,-0.05753503429382753,0.0,0.0,2.0137262002749696,0.05753503429355286,0.0,-0.0005000000000023874,0.0,0.0,0.017500000000012506,0.0005000000000000004,0.0,-0.0275396,-0.0481943,-0.034424500000000004,0.8193031000000001,-0.0413094,-0.0206547,-0.014408058607878,-0.001335042735026,-0.004802686202626,-0.000655372405386,-0.001396978022007,0.001569444444477,0.03502855977628491,2.2566630000255827,0.24012700032471912,0.11498000003484776,0.0
pd,00:03:11.650,1134,-89.999,-90.0,0.0,-89.936,0.238,-0.0,0.0,0.0,0.0,0.0,0.0,0.0,-90.0,-90.0,0.0,-89.901,0.239,-0.0,-89.9995,-90.0,0.0,-89.9185,0.2385,0.0,-0.0921987162582438,0.0,0.0,3.226955069024121,0.09219871625780365,0.0,-0.0005000000000023874,0.0,0.0,0.017500000000012506,0.0005000000000000004,0.0,-0.0275396,-0.0481943,-0.034424500000000004,0.8193031000000001,-0.0413094,-0.0206547,-0.014408058607878,-0.001335042735026,-0.004802686202626,-0.000655372405386,-0.001396978022007,0.001569444444477,0.03502855977628491,1.757556000029581,0.16738699969209847,0.07783299997754511,0.0
pd,00:03:11.652,1135,-89.999,-90.0,0.0,-89.936,0.238,-0.0,0.0,0.0,0.0,0.0,0.0,0.0,-90.0,-90.0,0.0,-89.901,0.239,-0.0,-89.9995,-90.0,0.0,-89.9185,0.2385,0.0,-0.12013932172376338,0.0,0.0,4.204876260312938,0.12013932172318983,0.0,-0.0005000000000023874,0.0,0.0,0.017500000000012506,0.0005000000000000004,0.0,-0.0275396,-0.0481943,-0.034424500000000004,0.8193031000000001,-0.0413094,-0.0206547,-0.014408058607878,-0.001335042735026,-0.004802686202626,-0.000655372405386,-0.001396978022007,0.001569444444477,0.03502855977628491,1.7740739999680954,0.17783100020096754,0.07481400007236516,0.0
pd,00:03:11.654,1136,-89.999,-90.0,0.0,-89.936,0.238,-0.0,0.0,0.0,0.0,0.0,0.0,0.0,-90.0,-90.0,0.0,-89.901,0.239,-0.0,-89.9995,-90.0,0.0,-89.9185,0.2385,0.0,-0.11902111237287251,0.0,0.0,4.165738933031933,0.11902111237230431,0.0,-0.0005000000000023874,0.0,0.0,0.017500000000012506,0.0005000000000000004,0.0,-0.0275396,-0.0481943,-0.034424500000000004,0.8193031000000001,-0.0413094,-0.0206547,-0.014408058607878,-0.001335042735026,-0.004802686202626,-0.000655372405386,-0.001396978022007,0.001569444444477,0.03502855977628491,1.7018710000229476,0.13444300020637456,0.06901799997649505,0.0
pd,00:03:11.656,1137,-89.999,-90.0,0.0,-89.936,0.238,-0.0,0.0,0.0,0.0,0.0,0.0,0.0,-90.0,-90.0,0.0,-89.901,0.239,-0.0,-89.9995,-90.0,0.0,-89.9185,0.2385,0.0,-0.1264715957067913,0.0,0.0,4.426505849717926,0.12647159570618755,0.0,-0.0005000000000023874,0.0,0.0,0.017500000000012506,0.0005000000000000004,0.0,-0.0275396,-0.0481943,-0.034424500000000004,0.8193031000000001,-0.0413094,-0.0206547,-0.014408058607878,-0.001335042735026,-0.004802686202626,-0.000655372405386,-0.001396978022007,0.001569444444477,0.03502855977628491,1.8826850000550621,0.30531199990946334,0.18133200001102523,0.0
pd,00:03:11.658,1138,-89.999,-90.0,0.0,-89.936,0.238,-0.0,0.0,0.0,0.0,0.0,0.0,0.0,-90.0,-90.0,0.0,-89.901,0.239,-0.0,-89.9995,-90.0,0.0,-89.9185,0.2385,0.0,-0.09992147894082397,0.0,0.0,3.4972517629132196,0.09992147894034695,0.0,-0.0005000000000023874,0.0,0.0,0.017500000000012506,0.0005000000000000004,0.0,-0.0275396,-0.0481943,-0.034424500000000004,0.8193031000000001,-0.0413094,-0.0206547,-0.014408058607878,-0.001335042735026,-0.004802686202626,-0.000655372405386,-0.001396978022007,0.001569444444477,0.03502855977628491,1.891315000193572,0.24660899998707464,0.15246099974319804,0.0
pd,00:03:11.661,1139,-89.999,-90.0,-0.0,-89.936,0.238,-0.0,0.0,0.0,-0.0,0.0,0.0,0.0,-90.0,-90.0,0.0,-89.901,0.239,-0.0,-89.9995,-90.0,0.0,-89.9185,0.2385,0.0,-0.10431516116245591,0.0,0.0,3.65103064066965,0.10431516116195791,0.0,-0.0005000000000023874,0.0,0.0,0.017500000000012506,0.0005000000000000004,0.0,-0.0275396,-0.0481943,-0.034424500000000004,0.8193031000000001,-0.0413094,-0.0206547,-0.014408058607878,-0.001335042735026,-0.004802686202626,-0.000655372405386,-0.001396978022007,0.001569444444477,0.03502855977628491,2.0635169998968195,0.20925700027873972,0.0988699998742959,0.0
pd,00:03:11.663,1140,-89.999,-90.0,-0.0,-89.936,0.238,-0.0,0.0,0.0,0.0,0.0,0.0,0.0,-90.0,-90.0,0.0,-89.901,0.239,-0.0,-89.9995,-90.0,0.0,-89.9185,0.2385,0.0,-0.10150784123959407,0.0,0.0,3.552774443369925,0.10150784123910948,0.0,-0.0005000000000023874,0.0,0.0,0.017500000000012506,0.0005000000000000004,0.0,0.0275396,0.0,-0.0,4.8676243,-0.0275396,0.0068849,-0.01361050061033,-0.001335042735026,-0.005600244200174,-0.0038115079365870002,-0.001155525030549,0.0016556776557120003,0.03502855977628491,3.5476869998092297,0.8157520001077501,0.12525800002549659,0.0
pd,00:03:11.669,1141,-89.999,-90.0,-0.0,-89.936,0.238,-0.0,0.0,0.0,0.0,0.0,0.0,0.0,-90.0,-90.0,0.0,-89.901,0.239,-0.0,-89.9995,-90.0,0.0,-89.9185,0.2385,0.0,-0.04528312316483878,0.0,0.0,1.5849093107622787,0.0452831231646226,0.0,-0.0005000000000023874,0.0,0.0,0.017500000000012506,0.0005000000000000004,0.0,0.0275396,0.0,-0.0,4.8676243,-0.0275396,0.0068849,-0.01361050061033,-0.001335042735026,-0.005600244200174,-0.0038115079365870002,-0.001155525030549,0.0016556776557120003,0.03502855977628491,1.9563509999898088,0.301959999887913,0.1285550001739466,0.0
pd,00:03:11.671,1142,-89.999,-90.0,-0.0,-89.936,0.238,-0.0,0.0,0.0,0.0,0.0,0.0,0.0,-90.0,-90.0,0.0,-89.901,0.239,-0.0,-89.9995,-90.0,0.0,-89.9185,0.2385,0.0,-0.09970295711752465,0.0,0.0,3.4896034990977776,0.09970295711704867,0.0,-0.0005000000000023874,0.0,0.0,0.017500000000012506,0.0005000000000000004,0.0,0.0275396,0.0,-0.0,4.8676243,-0.0275396,0.0068849,-0.01361050061033,-0.001335042735026,-0.005600244200174,-0.0038115079365870002,-0.001155525030549,0.0016556776557120003,0.03502855977628491,1.9420180001361587,0.26207100017927587,0.1280169999517966,0.0
pd,00:03:11.674,1143,-89.999,-90.0,-0.0,-89.936,0.238,-0.0,0.0,0.0,0.0,0.0,0.0,0.0,-90.0,-90.0,0.0,-89.901,0.239,-0.0,-89.9995,-90.0,0.0,-89.9185,0.2385,0.0,-0.10209093564453381,0.0,0.0,3.5731827475427247,0.10209093564404643,0.0,-0.0005000000000023874,0.0,0.0,0.017500000000012506,0.0005000000000000004,0.0,0.0275396,0.0,-0.0,4.8676243,-0.0275396,0.0068849,-0.01361050061033,-0.001335042735026,-0.005600244200174,-0.0038115079365870002,-0.001155525030549,0.0016556776557120003,0.03502855977628491,1.8593139998301922,0.2980150002258597,0.11583200011955341,0.0
pd,00:03:11.676,1144,-89.999,-90.0,-0.0,-89.936,0.238,-0.0,0.0,0.0,0.0,0.0,0.0,0.0,-90.0,-90.0,0.0,-89.901,0.239,-0.0,-89.9995,-90.0,0.0,-89.9185,0.2385,0.0,-0.10497307037791638,0.0,0.0,3.6740574632106644,0.10497307037741525,0.0,-0.0005000000000023874,0.0,0.0,0.017500000000012506,0.0005000000000000004,0.0,0.0275396,0.0,-0.0,4.8676243,-0.0275396,0.0068849,-0.01361050061033,-0.001335042735026,-0.005600244200174,-0.0038115079365870002,-0.001155525030549,0.0016556776557120003,0.03502855977628491,1.8812409998645307,0.24049800003922428,0.11396199988666922,0.0
pd,00:03:11.678,1145,-89.999,-90.0,-0.0,-89.936,0.238,-0.0,0.0,0.0,0.0,0.0,0.0,0.0,-90.0,-90.0,0.0,-89.901,0.239,-0.0,-89.9995,-90.0,0.0,-89.9185,0.2385,0.0,-0.10707403247268527,0.0,0.0,3.7475911365272463,0.10707403247217409,0.0,-0.0005000000000023874,0.0,0.0,0.017500000000012506,0.0005000000000000004,0.0,0.0275396,0.0,-0.0,4.8676243,-0.0275396,0.0068849,-0.01361050061033,-0.001335042735026,-0.005600244200174,-0.0038115079365870002,-0.001155525030549,0.0016556776557120003,0.03502855977628491,1.7989269999816315,0.2249609997306834,0.18127600014850032,0.0
pd,00:03:11.681,1146,-89.999,-90.0,-0.0,-89.919,0.238,-0.0,0.0,0.0,0.0,7.344028015247959,0.0,0.0,-90.0,-90.0,0.0,-89.901,0.239,-0.0,-89.9995,-90.0,0.0,-90.64440280152479,0.2385,0.0,-0.10800041198939199,0.0,0.0,-156.68760284512598,0.1080004119888764,0.0,-0.0005000000000023874,0.0,0.0,-0.725402801524794,0.0005000000000000004,0.0,0.0275396,0.0,-0.0,4.8676243,-0.0275396,0.0068849,-0.01361050061033,-0.001335042735026,-0.005600244200174,-0.0038115079365870002,-0.001155525030549,0.0016556776557120003,0.018055470085268734,1.8871659999604162,0.2527929996176681,0.11999900016235188,0.0
pd,00:03:11.683,1147,-89.999,-90.0,-0.0,-89.919,0.238,-0.0,0.0,0.0,0.0,0.0,0.0,0.0,-90.0,-90.0,0.0,-89.901,0.239,-0.0,-89.9995,-90.0,0.0,-89.91,0.2385,0.0,-0.10556488472817949,0.0,0.0,1.9001679250982297,0.10556488472767551,0.0,-0.0005000000000023874,0.0,0.0,0.009000000000000341,0.0005000000000000004,0.0,0.0137698,0.0206547,-0.0,3.304752,-0.0,-0.0,-0.013211721611556,-0.0024793650793339997,-0.005045421245358,0.000155219780223,0.006967643467788001,0.0016556776557120003,0.018055470085268734,3.2622270000501885,1.0975820000567182,0.17846100035967538,0.0
pd,00:03:11.688,1148,-89.999,-90.0,-0.0,-89.919,0.238,-0.0,0.0,0.0,0.0,0.0,0.0,0.0,-90.0,-90.0,0.0,-89.901,0.239,-0.0,-89.9995,-90.0,0.0,-89.91,0.2385,0.0,-0.053883658787513194,0.0,0.0,0.9699058581706431,0.053883658787255956,0.0,-0.0005000000000023874,0.0,0.0,0.009000000000000341,0.0005000000000000004,0.0,0.0137698,0.0206547,-0.0,3.304752,-0.0,-0.0,-0.013211721611556,-0.0024793650793339997,-0.005045421245358,0.000155219780223,0.006967643467788001,0.0016556776557120003,0.018055470085268734,1.921998999932839,0.26710900010584737,0.13212800013207016,0.0
pd,00:03:11.690,1149,-89.999,-90.0,-0.0,-89.919,0.238,-0.0,0.0,0.0,0.0,0.0,0.0,0.0,-90.0,-90.0,0.0,-89.901,0.239,-0.0,-89.9995,-90.0,0.0,-89.91,0.2385,0.0,-0.10248006254935563,0.0,0.0,1.8446411258796633,0.1024800625488664,0.0,-0.0005000000000023874,0.0,0.0,0.009000000000000341,0.0005000000000000004,0.0,0.0137698,0.0206547,-0.0,3.304752,-0.0,-0.0,-0.013211721611556,-0.0024793650793339997,-0.005045421245358,0.000155219780223,0.006967643467788001,0.0016556776557120003,0.018055470085268734,1.874832999874343,0.2519969998502347,0.11861000029966817,0.0
pd,00:03:11.693,1150,-89.999,-90.0,-0.0,-89.919,0.238,-0.0,0.0,0.0,0.0,0.0,0.0,0.0,-90.0,-90.0,0.0,-89.901,0.239,-0.0,-89.9995,-90.0,0.0,-89.91,0.2385,0.0,-0.10626023510387178,0.0,0.0,1.9126842318606319,0.1062602351033645,0.0,-0.0005000000000023874,0.0,0.0,0.009000000000000341,0.0005000000000000004,0.0,0.0137698,0.0206547,-0.0,3.304752,-0.0,-0.0,-0.013211721611556,-0.0024793650793339997,-0.005045421245358,0.000155219780223,0.006967643467788001,0.0016556776557120003,0.018055470085268734,1.9101289999525761,0.19553499987523537,0.08392600011575269,0.0
pd,00:03:11.696,1151,-89.999,-90.0,-0.0,-89.919,0.238,-0.0,0.0,0.0,0.0,0.0,0.0,0.0,-90.0,-90.0,0.0,-89.901,0.239,-0.0,-89.9995,-90.0,0.0,-89.91,0.2385,0.0,-0.07925145491686243,0.0,0.0,1.4265261884967664,0.07925145491648408,0.0,-0.0005000000000023874,0.0,0.0,0.009000000000000341,0.0005000000000000004,0.0,0.0137698,0.0206547,-0.0,3.304752,-0.0,-0.0,-0.013211721611556,-0.0024793650793339997,-0.005045421245358,0.000155219780223,0.006967643467788001,0.0016556776557120003,0.018055470085268734,2.2271820002970344,0.2735899997787783,0.12048000007780502,0.0
pd,00:03:11.698,1152,-89.999,-90.0,-0.0,-89.919,0.238,-0.0,0.0,0.0,0.0,0.0,0.0,0.0,-90.0,-90.0,0.0,-89.901,0.239,-0.0,-89.9995,-90.0,0.0,-89.91,0.2385,0.0,-0.09125987815535307,0.0,0.0,1.642677806788574,0.0912598781549174,0.0,-0.0005000000000023874,0.0,0.0,0.009000000000000341,0.0005000000000000004,0.0,0.0137698,0.0206547,-0.0,3.304752,-0.0,-0.0,-0.013211721611556,-0.0024793650793339997,-0.005045421245358,0.000155219780223,0.006967643467788001,0.0016556776557120003,0.018055470085268734,1.8280740000591322,0.243644999954995,0.14607299999624956,0.0
pd,00:03:11.701,1153,-89.999,-90.0,0.0,-89.861,0.238,-0.0,0.0,0.0,0.0,24.97634825461699,0.0,0.0,-90.0,-90.0,0.0,-89.901,0.239,-0.0,-89.9995,-90.0,0.0,-92.3786348254617,0.2385,0.0,-0.10765667351180767,0.0,0.0,-542.0803808507849,0.10765667351129372,0.0,-0.0005000000000023874,0.0,0.0,-2.5176348254616983,0.0005000000000000004,0.0,0.0137698,0.0206547,-0.0,3.304752,-0.0,-0.0,-0.013211721611556,-0.0024793650793339997,-0.005045421245358,0.000155219780223,0.006967643467788001,0.0016556776557120003,0.04002499219237116,1.823166999656678,0.24151599973265547,0.11631300003500655,0.0
pd,00:03:11.703,1154,-89.999,-90.0,0.0,-89.861,0.238,-0.0,0.0,0.0,0.0,0.0,0.0,0.0,-90.0,-90.0,0.0,-89.901,0.239,-0.0,-89.9995,-90.0,0.0,-89.881,0.2385,0.0,-0.10934056308707057,0.0,0.0,-4.373622523461069,0.10934056308654859,0.0,-0.0005000000000023874,0.0,0.0,-0.01999999999999602,0.0005000000000000004,0.0,-0.0550792,-0.0206547,-0.0068849,0.0068849,0.0068849,-0.0068849,-0.012899633699472,-0.0019072039071799999,-0.0049934065933439995,-0.000275946275952,-0.0017074175824530002,0.0016556776557120003,0.04002499219237116,3.812294999988808,0.6092160001571756,0.11616499978117645,0.0
pd,00:03:11.708,1155,-89.999,-90.0,0.0,-89.861,0.238,-0.0,0.0,0.0,0.0,0.0,0.0,0.0,-90.0,-90.0,0.0,-89.901,0.239,-0.0,-89.9995,-90.0,0.0,-89.881,0.2385,0.0,-0.05306021657752286,0.0,0.0,-2.1224086630903582,0.05306021657726955,0.0,-0.0005000000000023874,0.0,0.0,-0.01999999999999602,0.0005000000000000004,0.0,-0.0550792,-0.0206547,-0.0068849,0.0068849,0.0068849,-0.0068849,-0.012899633699472,-0.0019072039071799999,-0.0049934065933439995,-0.000275946275952,-0.0017074175824530002,0.0016556776557120003,0.04002499219237116,1.817592999941553,0.22020200003680657,0.10453599998072605,0.0
pd,00:03:11.710,1156,-89.999,-90.0,0.0,-89.861,0.238,-0.0,0.0,0.0,0.0,0.0,0.0,0.0,-90.0,-90.0,0.0,-89.901,0.239,-0.0,-89.9995,-90.0,0.0,-89.881,0.2385,0.0,-0.10926081067052275,0.0,0.0,-4.370432426799172,0.10926081067000114,0.0,-0.0005000000000023874,0.0,0.0,-0.01999999999999602,0.0005000000000000004,0.0,-0.0550792,-0.0206547,-0.0068849,0.0068849,0.0068849,-0.0068849,-0.012899633699472,-0.0019072039071799999,-0.0049934065933439995,-0.000275946275952,-0.0017074175824530002,0.0016556776557120003,0.04002499219237116,1.8806299999596376,0.27468199959912454,0.13036900008955854,0.0
pd,00:03:11.713,1157,-89.999,-90.0,0.0,-89.861,0.238,-0.0,0.0,0.0,0.0,0.0,0.0,0.0,-90.0,-90.0,0.0,-89.901,0.239,-0.0,-89.9995,-90.0,0.0,-89.881,0.2385,0.0,-0.09274509110251254,0.0,0.0,-3.70980364408205,0.09274509110206978,0.0,-0.0005000000000023874,0.0,0.0,-0.01999999999999602,0.0005000000000000004,0.0,-0.0550792,-0.0206547,-0.0068849,0.0068849,0.0068849,-0.0068849,-0.012899633699472,-0.0019072039071799999,-0.0049934065933439995,-0.000275946275952,-0.0017074175824530002,0.0016556776557120003,0.04002499219237116,1.8844069995793689,0.41386599968973314,0.13512799978343537,0.0
pd,00:03:11.715,1158,-89.999,-90.0,0.0,-89.861,0.238,-0.0,0.0,0.0,0.0,0.0,0.0,0.0,-90.0,-90.0,0.0,-89.901,0.239,-0.0,-89.9995,-90.0,0.0,-89.881,0.2385,0.0,-0.09749660623012615,0.0,0.0,-3.899864249185649,0.0974966062296607,0.0,-0.0005000000000023874,0.0,0.0,-0.01999999999999602,0.0005000000000000004,0.0,-0.0550792,-0.0206547,-0.0068849,0.0068849,0.0068849,-0.0068849,-0.012899633699472,-0.0019072039071799999,-0.0049934065933439995,-0.000275946275952,-0.0017074175824530002,0.0016556776557120003,0.04002499219237116,1.9106110003122012,0.23347900014414336,0.11170300012963708,0.0
pd,00:03:11.718,1159,-89.999,-90.0,0.0,-89.861,0.238,-0.0,0.0,0.0,0.0,0.0,0.0,0.0,-90.0,-90.0,0.0,-89.901,0.239,-0.0,-89.9995,-90.0,0.0,-89.881,0.2385,0.0,-0.10616340994279708,0.0,0.0,-4.246536397690762,0.10616340994229026,0.0,-0.0005000000000023874,0.0,0.0,-0.01999999999999602,0.0005000000000000004,0.0,-0.0550792,-0.0206547,-0.0068849,0.0068849,0.0068849,-0.0068849,-0.012899633699472,-0.0019072039071799999,-0.0049934065933439995,-0.000275946275952,-0.0017074175824530002,0.0016556776557120003,0.04002499219237116,1.9272590002401557,0.264998000147898,0.1104250000025786,0.0
pd,00:03:11.720,1160,-89.999,-90.0,0.0,-89.791,0.238,-0.0,0.0,0.0,0.0,29.106897987511747,0.0,0.0,-90.0,-90.0,0.0,-89.901,0.239,-0.0,-89.9995,-90.0,0.0,-92.75668979875117,0.2385,0.0,-0.10395320709874163,0.0,0.0,-616.5859316774684,0.10395320709824536,0.0,-0.0005000000000023874,0.0,0.0,-2.9656897987511712,0.0005000000000000004,0.0,-0.0550792,-0.0206547,-0.0068849,0.0068849,0.0068849,-0.0068849,-0.012899633699472,-0.0019072039071799999,-0.0049934065933439995,-0.000275946275952,-0.0017074175824530002,0.0016556776557120003,0.11000909053346403,1.952831999915361,0.24720100009290036,0.12129500009905314,0.0
pd,00:03:11.723,1161,-89.999,-90.0,0.0,-89.791,0.238,-0.0,0.0,0.0,0.0,0.0,0.0,0.0,-90.0,-90.0,0.0,-89.901,0.239,-0.0,-89.9995,-90.0,0.0,-89.846,0.2385,0.0,-0.07694841124275385,0.0,0.0,-8.464325236662464,0.07694841124238651,0.0,-0.0005000000000023874,0.0,0.0,-0.05500000000000682,0.0005000000000000004,0.0,0.0275396,-0.0206547,0.0206547,0.1721225,0.0206547,-0.0068849,-0.012899633699472,-0.002184615384588,-0.005045421245358,0.000362179487187,-0.001396978022007,0.001276251526278,0.11000909053346403,4.338122999797633,0.2440529997329577,0.10788800000227639,0.0
pd,00:03:11.728,1162,-89.999,-90.0,0.0,-89.791,0.238,-0.0,0.0,0.0,0.0,0.0,0.0,0.0,-90.0,-90.0,0.0,-89.901,0.239,-0.0,-89.9995,-90.0,0.0,-89.846,0.2385,0.0,-0.052110923367707326,0.0,0.0,-5.732201570420406,0.052110923367458546,0.0,-0.0005000000000023874,0.0,0.0,-0.05500000000000682,0.0005000000000000004,0.0,0.0275396,-0.0206547,0.0206547,0.1721225,0.0206547,-0.0068849,-0.012899633699472,-0.002184615384588,-0.005045421245358,0.000362179487187,-0.001396978022007,0.001276251526278,0.11000909053346403,1.932481000039843,0.2507010003682808,0.11627599997154903,0.0
pd,00:03:11.731,1163,-89.999,-90.0,0.0,-89.791,0.238,-0.0,0.0,0.0,0.0,0.0,0.0,0.0,-90.0,-90.0,0.0,-89.901,0.239,-0.0,-89.9995,-90.0,0.0,-89.846,0.2385,0.0,-0.1039944460978882,0.0,0.0,-11.439389070713021,0.10399444609739174,0.0,-0.0005000000000023874,0.0,0.0,-0.05500000000000682,0.0005000000000000004,0.0,0.0275396,-0.0206547,0.0206547,0.1721225,0.0206547,-0.0068849,-0.012899633699472,-0.002184615384588,-0.005045421245358,0.000362179487187,-0.001396978022007,0.001276251526278,0.11000909053346403,1.9078889999946114,0.37936600028842804,0.142072000016924,0.0
pd,00:03:11.733,1164,-89.999,-90.0,0.0,-89.791,0.238,-0.0,0.0,0.0,0.0,0.0,0.0,0.0,-90.0,-90.0,0.0,-89.901,0.239,-0.0,-89.9995,-90.0,0.0,-89.846,0.2385,0.0,-0.09789711511576947,0.0,0.0,-10.768682662683167,0.09789711511530211,0.0,-0.0005000000000023874,0.0,0.0,-0.05500000000000682,0.0005000000000000004,0.0,0.0275396,-0.0206547,0.0206547,0.1721225,0.0206547,-0.0068849,-0.012899633699472,-0.002184615384588,-0.005045421245358,0.000362179487187,-0.001396978022007,0.001276251526278,0.11000909053346403,1.9818129999293888,0.2847010000550654,0.1314989999627869,0.0
pd,00:03:11.736,1165,-89.999,-90.0,0.0,-89.791,0.238,-0.0,0.0,0.0,0.0,0.0,0.0,0.0,-90.0,-90.0,0.0,-89.901,0.239,-0.0,-89.9995,-90.0,0.0,-89.846,0.2385,0.0,-0.09899697885243644,0.0,0.0,-10.889667673715955,0.09899697885196383,0.0,-0.0005000000000023874,0.0,0.0,-0.05500000000000682,0.0005000000000000004,0.0,0.0275396,-0.0206547,0.0206547,0.1721225,0.0206547,-0.0068849,-0.012899633699472,-0.002184615384588,-0.005045421245358,0.000362179487187,-0.001396978022007,0.001276251526278,0.11000909053346403,1.8260550000377407,0.20944200014128,0.10588800023469958,0.0
pd,00:03:11.738,1166,-89.999,-90.0,0.0,-89.791,0.238,-0.0,0.0,0.0,0.0,0.0,0.0,0.0,-90.0,-90.0,0.0,-89.901,0.239,-0.0,-89.9995,-90.0,0.0,-89.846,0.2385,0.0,-0.10029421329555302,0.0,0.0,-11.032363462458097,0.10029421329507422,0.0,-0.0005000000000023874,0.0,0.0,-0.05500000000000682,0.0005000000000000004,0.0,0.0275396,-0.0206547,0.0206547,0.1721225,0.0206547,-0.0068849,-0.012899633699472,-0.002184615384588,-0.005045421245358,0.000362179487187,-0.001396978022007,0.001276251526278,0.11000909053346403,1.7883900000015274,0.21877600011066534,0.08992500033855322,0.0
pd,00:03:11.740,1167,-89.999,-90.0,0.0,-89.769,0.238,-0.0,0.0,0.0,0.0,10.081359991255736,0.0,0.0,-90.0,-90.0,0.0,-89.901,0.239,-0.0,-89.9995,-90.0,0.0,-90.84313599912558,0.2385,0.0,-0.11456090899213447,0.0,0.0,-246.10799288082436,0.11456090899158757,0.0,-0.0005000000000023874,0.0,0.0,-1.0741359991255734,0.0005000000000000004,0.0,0.0275396,-0.0206547,0.0206547,0.1721225,0.0206547,-0.0068849,-0.012899633699472,-0.002184615384588,-0.005045421245358,0.000362179487187,-0.001396978022007,0.001276251526278,0.13200757554018475,1.8309269999008393,0.18020200013779686,0.0849070002004737,0.0
pd,00:03:11.742,1168,-89.999,-90.0,0.0,-89.769,0.238,-0.0,0.0,0.0,0.0,0.0,0.0,0.0,-90.0,-90.0,0.0,-89.901,0.239,-0.0,-89.9995,-90.0,0.0,-89.83500000000001,0.2385,0.0,-0.11486208785244899,0.0,0.0,-15.161795596449814,0.11486208785190063,0.0,-0.0005000000000023874,0.0,0.0,-0.0660000000000025,0.0005000000000000004,0.0,0.0068849,0.0137698,-0.0275396,0.06884900000000001,-0.0619641,-0.0206547,-0.012795604395443999,-0.00164713064711,-0.005842979242906,0.001069291819314,-0.001224511599537,0.001500457875489,0.13200757554018475,3.4055950000038138,0.21777600022687693,0.10725799984356854,0.0
pd,00:03:11.746,1169,-89.999,-90.0,0.0,-89.769,0.238,-0.0,0.0,0.0,0.0,0.0,0.0,0.0,-90.0,-90.0,0.0,-89.901,0.239,-0.0,-89.9995,-90.0,0.0,-89.83500000000001,0.2385,0.0,-0.06286049997032593,0.0,0.0,-8.297585996042823,0.06286049997002584,0.0,-0.0005000000000023874,0.0,0.0,-0.0660000000000025,0.0005000000000000004,0.0,0.0068849,0.0137698,-0.0275396,0.06884900000000001,-0.0619641,-0.0206547,-0.012795604395443999,-0.00164713064711,-0.005842979242906,0.001069291819314,-0.001224511599537,0.001500457875489,0.13200757554018475,2.5317710001218074,0.20814600020457874,0.07279600004039821,0.0
pd,00:03:11.749,1170,-89.999,-90.0,0.0,-89.769,0.238,-0.0,0.0,0.0,0.0,0.0,0.0,0.0,-90.0,-90.0,0.0,-89.901,0.239,-0.0,-89.9995,-90.0,0.0,-89.83500000000001,0.2385,0.0,-0.08649476202301466,0.0,0.0,-11.417308586982623,0.08649476202260174,0.0,-0.0005000000000023874,0.0,0.0,-0.0660000000000025,0.0005000000000000004,0.0,0.0068849,0.0137698,-0.0275396,0.06884900000000001,-0.0619641,-0.0206547,-0.012795604395443999,-0.00164713064711,-0.005842979242906,0.001069291819314,-0.001224511599537,0.001500457875489,0.13200757554018475,1.7359089997626143,0.16031299992391723,0.0746660002732824,0.0
pd,00:03:11.752,1171,-89.999,-90.0,0.0,-89.769,0.238,-0.0,0.0,0.0,0.0,0.0,0.0,0.0,-90.0,-90.0,0.0,-89.901,0.239,-0.0,-89.9995,-90.0,0.0,-89.83500000000001,0.2385,0.0,-0.08688176319537715,0.0,0.0,-11.468392741734224,0.08688176319496238,0.0,-0.0005000000000023874,0.0,0.0,-0.0660000000000025,0.0005000000000000004,0.0,0.0068849,0.0137698,-0.0275396,0.06884900000000001,-0.0619641,-0.0206547,-0.012795604395443999,-0.00164713064711,-0.005842979242906,0.001069291819314,-0.001224511599537,0.001500457875489,0.13200757554018475,2.0918679997521394,0.2451830000609334,0.11622100009844871,0.0
pd,00:03:11.755,1172,-89.999,-90.0,0.0,-89.769,0.238,-0.0,0.0,0.0,0.0,0.0,0.0,0.0,-90.0,-90.0,0.0,-89.901,0.239,-0.0,-89.9995,-90.0,0.0,-89.83500000000001,0.2385,0.0,-0.09753288066272968,0.0,0.0,-12.874340247417946,0.09753288066226407,0.0,-0.0005000000000023874,0.0,0.0,-0.0660000000000025,0.0005000000000000004,0.0,0.0068849,0.0137698,-0.0275396,0.06884900000000001,-0.0619641,-0.0206547,-0.012795604395443999,-0.00164713064711,-0.005842979242906,0.001069291819314,-0.001224511599537,0.001500457875489,0.13200757554018475,1.755037999828346,0.24044300016612397,0.10984999971697107,0.0
pd,00:03:11.757,1173,-89.999,-90.0,0.0,-89.769,0.238,-0.0,0.0,0.0,0.0,0.0,0.0,0.0,-90.0,-90.0,0.0,-89.901,0.239,-0.0,-89.9995,-90.0,0.0,-89.83500000000001,0.2385,0.0,-0.11359289351153795,0.0,0.0,-14.994261943450368,0.11359289351099566,0.0,-0.0005000000000023874,0.0,0.0,-0.0660000000000025,0.0005000000000000004,0.0,0.0068849,0.0137698,-0.0275396,0.06884900000000001,-0.0619641,-0.0206547,-0.012795604395443999,-0.00164713064711,-0.005842979242906,0.001069291819314,-0.001224511599537,0.001500457875489,0.13200757554018475,1.9033700000363751,0.32199700035562273,0.14177699995343573,0.0
pd,00:03:11.759,1174,-89.999,-90.0,0.0,-89.769,0.238,-0.0,0.0,0.0,0.0,0.0,0.0,0.0,-90.0,-90.0,0.0,-89.901,0.239,-0.0,-89.9995,-90.0,0.0,-89.83500000000001,0.2385,0.0,-0.10027503108013835,0.0,0.0,-13.236304102514138,0.10027503107965964,0.0,-0.0005000000000023874,0.0,0.0,-0.0660000000000025,0.0005000000000000004,0.0,0.0068849,0.0137698,-0.0275396,0.06884900000000001,-0.0619641,-0.0206547,-0.012795604395443999,-0.00164713064711,-0.005842979242906,0.001069291819314,-0.001224511599537,0.001500457875489,0.13200757554018475,1.9908499998564366,0.24731299981795019,0.11753599983421736,0.0
pd,00:03:11.762,1175,-89.999,-90.0,0.0,-89.767,0.238,-0.0,0.0,0.0,0.0,0.8115128180361859,0.0,0.0,-90.0,-90.0,0.0,-89.901,0.239,-0.0,-89.9995,-90.0,0.0,-89.91515128180362,0.2385,0.0,-0.10143910225452324,0.0,0.0,-30.056666047888427,0.10143910225403897,0.0,-0.0005000000000023874,0.0,0.0,-0.1481512818036208,0.0005000000000000004,0.0,0.0206547,0.0137698,0.0137698,-3.6696517,0.0068849,0.0275396,-0.012986324786161999,-0.001595115995096,-0.00554822954816,0.005656898657016,-0.0019661172161580002,0.001431471306501,0.1340074624787743,3.703554999901826,0.3129219999209454,0.11816500000350061,0.0
pd,00:03:11.766,1176,-89.999,-90.0,0.0,-89.767,0.238,-0.0,0.0,0.0,0.0,0.0,0.0,0.0,-90.0,-90.0,0.0,-89.901,0.239,-0.0,-89.9995,-90.0,0.0,-89.834,0.2385,0.0,-0.05878656724813628,0.0,0.0,-7.877400011212668,0.05878656724785564,0.0,-0.0005000000000023874,0.0,0.0,-0.06700000000000728,0.0005000000000000004,0.0,0.0206547,0.0137698,0.0137698,-3.6696517,0.0068849,0.0275396,-0.012986324786161999,-0.001595115995096,-0.00554822954816,0.005656898657016,-0.0019661172161580002,0.001431471306501,0.1340074624787743,3.0346180001288303,0.24575600036769174,0.11816599999292521,0.0
pd,00:03:11.770,1177,-89.999,-90.0,0.0,-89.767,0.238,-0.0,0.0,0.0,0.0,0.0,0.0,0.0,-90.0,-90.0,0.0,-89.901,0.239,-0.0,-89.9995,-90.0,0.0,-89.834,0.2385,0.0,-0.07136082754900006,0.0,0.0,-9.562350891520373,0.07136082754865938,0.0,-0.0005000000000023874,0.0,0.0,-0.06700000000000728,0.0005000000000000004,0.0,0.0206547,0.0137698,0.0137698,-3.6696517,0.0068849,0.0275396,-0.012986324786161999,-0.001595115995096,-0.00554822954816,0.005656898657016,-0.0019661172161580002,0.001431471306501,0.1340074624787743,1.8470739996701013,0.3012199999830045,0.12012900015179184,0.0
pd,00:03:11.772,1178,-89.999,-90.0,0.0,-89.767,0.238,-0.0,0.0,0.0,0.0,0.0,0.0,0.0,-90.0,-90.0,0.0,-89.901,0.239,-0.0,-89.9995,-90.0,0.0,-89.834,0.2385,0.0,-0.10487857571564381,0.0,0.0,-14.053729145829202,0.10487857571514313,0.0,-0.0005000000000023874,0.0,0.0,-0.06700000000000728,0.0005000000000000004,0.0,0.0206547,0.0137698,0.0137698,-3.6696517,0.0068849,0.0275396,-0.012986324786161999,-0.001595115995096,-0.00554822954816,0.005656898657016,-0.0019661172161580002,0.001431471306501,0.1340074624787743,1.9089630000053148,0.2055540003311762,0.08959199976743548,0.0
pd,00:03:11.774,1179,-89.999,-90.0,0.0,-89.767,0.238,-0.0,0.0,0.0,0.0,0.0,0.0,0.0,-90.0,-90.0,0.0,-89.901,0.239,-0.0,-89.9995,-90.0,0.0,-89.834,0.2385,0.0,-0.1091698073925046,0.0,0.0,-14.628754190525806,0.10916980739198344,0.0,-0.0005000000000023874,0.0,0.0,-0.06700000000000728,0.0005000000000000004,0.0,0.0206547,0.0137698,0.0137698,-3.6696517,0.0068849,0.0275396,-0.012986324786161999,-0.001595115995096,-0.00554822954816,0.005656898657016,-0.0019661172161580002,0.001431471306501,0.1340074624787743,1.7309459999523824,0.13848000025973306,0.061498999912146246,0.0
pd,00:03:11.776,1180,-89.999,-90.0,0.0,-89.767,0.238,-0.0,0.0,0.0,0.0,0.0,0.0,0.0,-90.0,-90.0,0.0,-89.901,0.239,-0.0,-89.9995,-90.0,0.0,-89.834,0.2385,0.0,-0.125233010868865,0.0,0.0,-16.781223456347828,0.12523301086826716,0.0,-0.0005000000000023874,0.0,0.0,-0.06700000000000728,0.0005000000000000004,0.0,0.0206547,0.0137698,0.0137698,-3.6696517,0.0068849,0.0275396,-0.012986324786161999,-0.001595115995096,-0.00554822954816,0.005656898657016,-0.0019661172161580002,0.001431471306501,0.1340074624787743,1.7322240000794409,0.138406000132818,0.06223999980647932,0.0
pd,00:03:11.779,1181,-89.999,-90.0,0.0,-89.767,0.238,-0.0,0.0,0.0,0.0,0.0,0.0,0.0,-90.0,-90.0,0.0,-89.901,0.239,-0.0,-89.9995,-90.0,0.0,-89.834,0.2385,0.0,-0.08688176319537715,0.0,0.0,-11.642156268124978,0.08688176319496238,0.0,-0.0005000000000023874,0.0,0.0,-0.06700000000000728,0.0005000000000000004,0.0,0.0206547,0.0137698,0.0137698,-3.6696517,0.0068849,0.0275396,-0.012986324786161999,-0.001595115995096,-0.00554822954816,0.005656898657016,-0.0019661172161580002,0.001431471306501,0.1340074624787743,1.9600169998739148,0.23283099972104537,0.09098000009544194,0.0
pd,00:03:11.782,1182,-89.999,-90.0,0.0,-89.767,0.238,-0.0,0.0,0.0,0.0,0.0,0.0,0.0,-90.0,-90.0,0.0,-89.901,0.239,-0.0,-89.9995,-90.0,0.0,-89.834,0.2385,0.0,-0.10471100459406898,0.0,0.0,-14.031274615538281,0.1047110045935691,0.0,-0.0005000000000023874,0.0,0.0,-0.06700000000000728,0.0005000000000000004,0.0,0.0206547,0.0137698,0.0137698,-3.6696517,0.0068849,0.0275396,-0.012986324786161999,-0.001595115995096,-0.00554822954816,0.005656898657016,-0.0019661172161580002,0.001431471306501,0.1340074624787743,1.7926309997164935,0.24683099991307245,0.32079299990073196,0.0
pd,00:03:11.784,1183,-89.999,-90.0,0.0,-89.767,0.238,-0.0,0.0,0.0,0.0,0.0,0.0,0.0,-90.0,-90.0,0.0,-89.901,0.239,-0.0,-89.9995,-90.0,0.0,-89.834,0.2385,0.0,-0.08927850149042203,0.0,0.0,-11.96331919965946,0.08927850148999582,0.0,-0.0005000000000023874,0.0,0.0,-0.06700000000000728,0.0005000000000000004,0.0,-0.0137698,-0.034424500000000004,-0.0206547,-7.9727142,0.0137698,-0.0206547,-0.013662515262343999,-0.000901587301576,-0.00667521367513,0.0057086385837570005,-0.002086843711887,0.001431471306501,0.1340074624787743,5.2881510000588605,0.31590500020683976,0.17444199966121232,0.0
pd,00:03:11.790,1184,-89.999,-90.0,0.0,-89.767,0.238,-0.0,0.0,0.0,0.0,0.0,0.0,0.0,-90.0,-90.0,0.0,-89.901,0.239,-0.0,-89.9995,-90.0,0.0,-89.834,0.2385,0.0,-0.04152776237643591,0.0,0.0,-5.564720158415856,0.04152776237623766,0.0,-0.0005000000000023874,0.0,0.0,-0.06700000000000728,0.0005000000000000004,0.0,-0.0137698,-0.034424500000000004,-0.0206547,-7.9727142,0.0137698,-0.0206547,-0.013662515262343999,-0.000901587301576,-0.00667521367513,0.0057086385837570005,-0.002086843711887,0.001431471306501,0.1340074624787743,1.9226660001550044,0.23868300013418775,0.11177700025655213,0.0
pd,00:03:11.793,1185,-89.999,-90.0,0.0,-89.767,0.238,-0.0,0.0,0.0,0.0,0.0,0.0,0.0,-90.0,-90.0,0.0,-89.901,0.239,-0.0,-89.9995,-90.0,0.0,-89.834,0.2385,0.0,-0.10243000879212727,0.0,0.0,-13.72562117807955,0.10243000879163827,0.0,-0.0005000000000023874,0.0,0.0,-0.06700000000000728,0.0005000000000000004,0.0,-0.0137698,-0.034424500000000004,-0.0206547,-7.9727142,0.0137698,-0.0206547,-0.013662515262343999,-0.000901587301576,-0.00667521367513,0.0057086385837570005,-0.002086843711887,0.001431471306501,0.1340074624787743,1.9068139999944833,0.19622099989646813,0.08324000009451993,0.0
pd,00:03:11.795,1186,-89.999,-90.0,0.0,-89.767,0.238,-0.0,0.0,0.0,0.0,0.0,0.0,0.0,-90.0,-90.0,0.0,-89.901,0.239,-0.0,-89.9995,-90.0,0.0,-89.834,0.2385,0.0,-0.11013296922644751,0.0,0.0,-14.757817876273538,0.11013296922592175,0.0,-0.0005000000000023874,0.0,0.0,-0.06700000000000728,0.0005000000000000004,0.0,-0.0137698,-0.034424500000000004,-0.0206547,-7.9727142,0.0137698,-0.0206547,-0.013662515262343999,-0.000901587301576,-0.00667521367513,0.0057086385837570005,-0.002086843711887,0.001431471306501,0.1340074624787743,1.810964000014792,0.1661830001467024,0.07275799998751609,0.0
pd,00:03:11.797,1187,-89.999,-90.0,0.0,-89.767,0.238,-0.0,0.0,0.0,0.0,0.0,0.0,0.0,-90.0,-90.0,0.0,-89.901,0.239,-0.0,-89.9995,-90.0,0.0,-89.834,0.2385,0.0,-0.11759291241505067,0.0,0.0,-15.75745026354159,0.11759291241448928,0.0,-0.0005000000000023874,0.0,0.0,-0.06700000000000728,0.0005000000000000004,0.0,-0.0137698,-0.034424500000000004,-0.0206547,-7.9727142,0.0137698,-0.0206547,-0.013662515262343999,-0.000901587301576,-0.00667521367513,0.0057086385837570005,-0.002086843711887,0.001431471306501,0.1340074624787743,1.7215940001733543,0.13655400016432395,0.056629000027896836,0.0
pd,00:03:11.799,1188,-89.999,-90.0,0.0,-89.767,0.238,-0.0,0.0,0.0,0.0,0.0,0.0,0.0,-90.0,-90.0,0.0,-89.901,0.239,-0.0,-89.9995,-90.0,0.0,-89.834,0.2385,0.0,-0.1263496806850231,0.0,0.0,-16.930857211712297,0.12634968068441993,0.0,-0.0005000000000023874,0.0,0.0,-0.06700000000000728,0.0005000000000000004,0.0,-0.0137698,-0.034424500000000004,-0.0206547,-7.9727142,0.0137698,-0.0206547,-0.013662515262343999,-0.000901587301576,-0.00667521367513,0.0057086385837570005,-0.002086843711887,0.001431471306501,0.1340074624787743,1.7997049999394221,0.17514599994683522,0.08094399981928291,0.0
pd,00:03:11.801,1189,-89.999,-90.0,0.0,-89.806,0.238,-0.0,0.0,0.0,0.0,-18.25034653575881,0.0,0.0,-90.0,-90.0,0.0,-89.901,0.239,-0.0,-89.9995,-90.0,0.0,-88.02846534642411,0.2385,0.0,-0.11698940087080295,0.0,0.0,415.9054282958794,0.11698940087024444,0.0,-0.0005000000000023874,0.0,0.0,1.7775346535758842,0.0005000000000000004,0.0,-0.0137698,-0.034424500000000004,-0.0206547,-7.9727142,0.0137698,-0.0206547,-0.013662515262343999,-0.000901587301576,-0.00667521367513,0.0057086385837570005,-0.002086843711887,0.001431471306501,0.0950105257326776,1.766853000390256,0.15709099989180686,0.06773999984943657,0.0
pd,00:03:11.803,1190,-89.999,-90.0,0.0,-89.806,0.238,-0.0,0.0,0.0,0.0,0.0,0.0,0.0,-90.0,-90.0,0.0,-89.901,0.239,-0.0,-89.9995,-90.0,0.0,-89.8535,0.2385,0.0,-0.12092907392515359,0.0,0.0,-11.488262022834599,0.12092907392457627,0.0,-0.0005000000000023874,0.0,0.0,-0.04749999999999943,0.0005000000000000004,0.0,0.06884900000000001,-0.0206547,-0.034424500000000004,-4.1515947,0.0413094,0.0137698,-0.012812942612782,-0.001872527472504,-0.005305494505428,-0.00046565934066900006,-0.001414224664254,0.0016556776557120003,0.0950105257326776,4.025830000045971,0.21372000037445105,0.139979999858042,0.0
pd,00:03:11.809,1191,-89.999,-90.0,0.0,-89.806,0.238,-0.0,0.0,0.0,0.0,0.0,0.0,0.0,-90.0,-90.0,0.0,-89.901,0.239,-0.0,-89.9995,-90.0,0.0,-89.8535,0.2385,0.0,-0.04304322482677258,0.0,0.0,-4.089106358523821,0.04304322482656709,0.0,-0.0005000000000023874,0.0,0.0,-0.04749999999999943,0.0005000000000000004,0.0,0.06884900000000001,-0.0206547,-0.034424500000000004,-4.1515947,0.0413094,0.0137698,-0.012812942612782,-0.001872527472504,-0.005305494505428,-0.00046565934066900006,-0.001414224664254,0.0016556776557120003,0.0950105257326776,2.029832000062015,0.24879400007193908,0.11257300002398551,0.0
pd,00:03:11.812,1192,-89.999,-90.0,0.0,-89.806,0.238,-0.0,0.0,0.0,0.0,0.0,0.0,0.0,-90.0,-90.0,0.0,-89.901,0.239,-0.0,-89.9995,-90.0,0.0,-89.8535,0.2385,0.0,-0.099911958075751,0.0,0.0,-9.491636017150912,0.09991195807527403,0.0,-0.0005000000000023874,0.0,0.0,-0.04749999999999943,0.0005000000000000004,0.0,0.06884900000000001,-0.0206547,-0.034424500000000004,-4.1515947,0.0413094,0.0137698,-0.012812942612782,-0.001872527472504,-0.005305494505428,-0.00046565934066900006,-0.001414224664254,0.0016556776557120003,0.0950105257326776,2.0189060001030157,0.2661089997673116,0.12364700023681507,0.0
pd,00:03:11.814,1193,-89.999,-90.0,0.0,-89.806,0.238,-0.0,0.0,0.0,0.0,0.0,0.0,0.0,-90.0,-90.0,0.0,-89.901,0.239,-0.0,-89.9995,-90.0,0.0,-89.8535,0.2385,0.0,-0.09916550028418827,0.0,0.0,-9.42072252695279,0.09916550028371486,0.0,-0.0005000000000023874,0.0,0.0,-0.04749999999999943,0.0005000000000000004,0.0,0.06884900000000001,-0.0206547,-0.034424500000000004,-4.1515947,0.0413094,0.0137698,-0.012812942612782,-0.001872527472504,-0.005305494505428,-0.00046565934066900006,-0.001414224664254,0.0016556776557120003,0.0950105257326776,1.9496479999361327,0.24433099997622776,0.18748000002233312,0.0
pd,00:03:11.817,1194,-89.999,-90.0,0.0,-89.806,0.238,-0.0,0.0,0.0,0.0,0.0,0.0,0.0,-90.0,-90.0,0.0,-89.901,0.239,-0.0,-89.9995,-90.0,0.0,-89.8535,0.2385,0.0,-0.10048643986631593,0.0,0.0,-9.546211787254318,0.10048643986583622,0.0,-0.0005000000000023874,0.0,0.0,-0.04749999999999943,0.0005000000000000004,0.0,0.06884900000000001,-0.0206547,-0.034424500000000004,-4.1515947,0.0413094,0.0137698,-0.012812942612782,-0.001872527472504,-0.005305494505428,-0.00046565934066900006,-0.001414224664254,0.0016556776557120003,0.0950105257326776,1.7738339997777075,0.1615910000509757,0.06503600025098422,0.0
pd,00:03:11.819,1195,-89.999,-90.0,0.0,-89.806,0.238,-0.0,0.0,0.0,0.0,0.0,0.0,0.0,-90.0,-90.0,0.0,-89.901,0.239,-0.0,-89.9995,-90.0,0.0,-89.8535,0.2385,0.0,-0.120817605715521,0.0,0.0,-11.477672542919553,0.12081760571494422,0.0,-0.0005000000000023874,0.0,0.0,-0.04749999999999943,0.0005000000000000004,0.0,0.06884900000000001,-0.0206547,-0.034424500000000004,-4.1515947,0.0413094,0.0137698,-0.012812942612782,-0.001872527472504,-0.005305494505428,-0.00046565934066900006,-0.001414224664254,0.0016556776557120003,0.0950105257326776,1.7234460001418483,0.22279400036495645,0.08935100004237029,0.0
pd,00:03:11.821,1196,-89.999,-90.0,0.0,-89.926,0.238,-0.0,0.0,0.0,0.0,-56.63513896703264,0.0,0.0,-90.0,-90.0,0.0,-89.901,0.239,-0.0,-89.9995,-90.0,0.0,-84.24998610329673,0.2385,0.0,-0.11798987284854358,0.0,0.0,1339.4243159107743,0.1179898728479803,0.0,-0.0005000000000023874,0.0,0.0,5.676013896703267,0.0005000000000000004,0.0,0.06884900000000001,-0.0206547,-0.034424500000000004,-4.1515947,0.0413094,0.0137698,-0.012812942612782,-0.001872527472504,-0.005305494505428,-0.00046565934066900006,-0.001414224664254,0.0016556776557120003,0.025039968051103693,1.7219269998349773,0.15312799996536341,0.06959200027267798,0.0
pd,00:03:11.823,1197,-89.999,-90.0,0.0,-89.926,0.238,-0.0,0.0,0.0,0.0,0.0,0.0,0.0,-90.0,-90.0,0.0,-89.901,0.239,-0.0,-89.9995,-90.0,0.0,-89.9135,0.2385,0.0,-0.12401845062152653,0.0,0.0,3.1004612655240638,0.12401845062093447,0.0,-0.0005000000000023874,0.0,0.0,0.012500000000002842,0.0005000000000000004,0.0,0.0,-0.0206547,0.0206547,-1.2599367000000001,0.0275396,0.0137698,-0.01335042735026,-0.002410012209982,-0.004698656898598,0.000189713064717,-0.0018798840049230002,0.002190323565369,0.025039968051103693,3.227227000024868,0.5244210001364991,0.4553470002974791,0.0
pd,00:03:11.827,1198,-89.999,-90.0,0.0,-89.926,0.238,-0.0,0.0,0.0,0.0,0.0,0.0,0.0,-90.0,-90.0,0.0,-89.901,0.239,-0.0,-89.9995,-90.0,0.0,-89.9135,0.2385,0.0,-0.057174263904307895,0.0,0.0,1.4293565976011975,0.05717426390403495,0.0,-0.0005000000000023874,0.0,0.0,0.012500000000002842,0.0005000000000000004,0.0,0.0,-0.0206547,0.0206547,-1.2599367000000001,0.0275396,0.0137698,-0.01335042735026,-0.002410012209982,-0.004698656898598,0.000189713064717,-0.0018798840049230002,0.002190323565369,0.025039968051103693,2.090757000132726,0.24694200010344503,0.11673900007735938,0.0
pd,00:03:11.830,1199,-89.999,-90.0,0.0,-89.926,0.238,-0.0,0.0,0.0,0.0,0.0,0.0,0.0,-90.0,-90.0,0.0,-89.901,0.239,-0.0,-89.9995,-90.0,0.0,-89.9135,0.2385,0.0,-0.09776020883880354,0.0,0.0,2.4440052209589744,0.09776020883833683,0.0,-0.0005000000000023874,0.0,0.0,0.012500000000002842,0.0005000000000000004,0.0,0.0,-0.0206547,0.0206547,-1.2599367000000001,0.0275396,0.0137698,-0.01335042735026,-0.002410012209982,-0.004698656898598,0.000189713064717,-0.0018798840049230002,0.002190323565369,0.025039968051103693,1.7185570000037842,0.16775700032667373,0.07588800008306862,0.0
pd,00:03:11.832,1200,-89.999,-90.0,0.0,-89.926,0.238,-0.0,0.0,0.0,0.0,0.0,0.0,0.0,-90.0,-90.0,0.0,-89.901,0.239,-0.0,-89.9995,-90.0,0.0,-89.9135,0.2385,0.0,-0.12272659176088563,0.0,0.0,3.0681647940081884,0.12272659176029974,0.0,-0.0005000000000023874,0.0,0.0,0.012500000000002842,0.0005000000000000004,0.0,0.0,-0.0206547,0.0206547,-1.2599367000000001,0.0275396,0.0137698,-0.01335042735026,-0.002410012209982,-0.004698656898598,0.000189713064717,-0.0018798840049230002,0.002190323565369,0.025039968051103693,1.7901299997902242,0.1673500000833883,0.07307300029424368,0.0
pd,00:03:11.835,1201,-89.999,-90.0,0.0,-89.926,0.238,-0.0,0.0,0.0,0.0,0.0,0.0,0.0,-90.0,-90.0,0.0,-89.901,0.239,-0.0,-89.9995,-90.0,0.0,-89.9135,0.2385,0.0,-0.07781062629897646,0.0,0.0,1.9452656574655656,0.077810626298605,0.0,-0.0005000000000023874,0.0,0.0,0.012500000000002842,0.0005000000000000004,0.0,0.0,-0.0206547,0.0206547,-1.2599367000000001,0.0275396,0.0137698,-0.01335042735026,-0.002410012209982,-0.004698656898598,0.000189713064717,-0.0018798840049230002,0.002190323565369,0.025039968051103693,1.9386839999242511,0.26868199984164676,0.08218399989345926,0.0
pd,00:03:11.838,1202,-89.999,-90.0,0.0,-89.926,0.238,-0.0,0.0,0.0,0.0,0.0,0.0,0.0,-90.0,-90.0,0.0,-89.901,0.239,-0.0,-89.9995,-90.0,0.0,-89.9135,0.2385,0.0,-0.10456481850867638,0.0,0.0,2.614120462705022,0.1045648185081772,0.0,-0.0005000000000023874,0.0,0.0,0.012500000000002842,0.0005000000000000004,0.0,0.0,-0.0206547,0.0206547,-1.2599367000000001,0.0275396,0.0137698,-0.01335042735026,-0.002410012209982,-0.004698656898598,0.000189713064717,-0.0018798840049230002,0.002190323565369,0.025039968051103693,1.7432790000384557,0.17268400006287266,0.07664799977646908,0.0
pd,00:03:11.840,1203,-89.999,-90.0,0.0,-89.926,0.238,-0.0,0.0,0.0,0.0,0.0,0.0,0.0,-90.0,-90.0,0.0,-89.901,0.239,-0.0,-89.9995,-90.0,0.0,-89.9135,0.2385,0.0,-0.12090118759425883,0.0,0.0,3.0225296898427256,0.12090118759368165,0.0,-0.0005000000000023874,0.0,0.0,0.012500000000002842,0.0005000000000000004,0.0,0.0,-0.0206547,0.0206547,-1.2599367000000001,0.0275396,0.0137698,-0.01335042735026,-0.002410012209982,-0.004698656898598,0.000189713064717,-0.0018798840049230002,0.002190323565369,0.025039968051103693,1.8211120000160008,0.23571999963678536,0.113517000045249,0.0
pd,00:03:11.842,1204,-89.999,-90.0,0.0,-90.047,0.238,-0.0,0.0,0.0,0.0,-53.14805571263792,0.0,0.0,-90.0,-90.0,0.0,-89.901,0.239,-0.0,-89.9995,-90.0,0.0,-84.6591944287362,0.2385,0.0,-0.10981003246465669,0.0,0.0,1183.2702093818207,0.10981003246413247,0.0,-0.0005000000000023874,0.0,0.0,5.387805571263797,0.0005000000000000004,0.0,0.0,-0.0206547,0.0206547,-1.2599367000000001,-0.0413094,-0.0413094,-0.01335042735026,-0.002410012209982,-0.004698656898598,-0.000603632478645,-0.0016556776557120003,0.002190323565369,0.1460068491544155,2.490734999810229,0.8221209996008838,0.32466299990119296,0.0
pd,00:03:11.846,1205,-89.999,-90.0,0.0,-90.047,0.238,-0.0,0.0,0.0,0.0,0.0,0.0,0.0,-90.0,-90.0,0.0,-89.901,0.239,-0.0,-89.9995,-90.0,0.0,-89.97399999999999,0.2385,0.0,-0.06540926954057806,0.0,0.0,9.549753352878849,0.0654092695402658,0.0,-0.0005000000000023874,0.0,0.0,0.0730000000000075,0.0005000000000000004,0.0,-0.0206547,-0.034424500000000004,-0.0068849,-1.5422176,-0.0413094,-0.0413094,-0.013489133088964,-0.0024793650793339997,-0.005305494505428,-0.000603632478645,-0.0016556776557120003,0.002190323565369,0.1460068491544155,2.986507000059646,0.2569789999142813,0.12051700014126254,0.0
pd,00:03:11.849,1206,-89.999,-90.0,0.0,-90.047,0.238,-0.0,0.0,0.0,0.0,0.0,0.0,0.0,-90.0,-90.0,0.0,-89.901,0.239,-0.0,-89.9995,-90.0,0.0,-89.97399999999999,0.2385,0.0,-0.07200274668715284,0.0,0.0,10.512401016274177,0.0720027466868091,0.0,-0.0005000000000023874,0.0,0.0,0.0730000000000075,0.0005000000000000004,0.0,-0.0206547,-0.034424500000000004,-0.0068849,-1.5422176,-0.0413094,-0.0413094,-0.013489133088964,-0.0024793650793339997,-0.005305494505428,-0.000603632478645,-0.0016556776557120003,0.002190323565369,0.1460068491544155,1.7739640002218948,0.17436799998904462,0.07644399966011406,0.0
pd,00:03:11.851,1207,-89.999,-90.0,0.0,-90.047,0.238,-0.0,0.0,0.0,0.0,0.0,0.0,0.0,-90.0,-90.0,0.0,-89.901,0.239,-0.0,-89.9995,-90.0,0.0,-89.97399999999999,0.2385,0.0,-0.11867089180681381,0.0,0.0,17.325950203712182,0.11867089180624728,0.0,-0.0005000000000023874,0.0,0.0,0.0730000000000075,0.0005000000000000004,0.0,-0.0206547,-0.034424500000000004,-0.0068849,-1.5422176,-0.0413094,-0.0413094,-0.013489133088964,-0.0024793650793339997,-0.005305494505428,-0.000603632478645,-0.0016556776557120003,0.002190323565369,0.1460068491544155,1.7793709998841223,0.15820299995539244,0.06992599992372561,0.0
pd,00:03:11.853,1208,-89.999,-90.0,0.0,-90.047,0.238,-0.0,0.0,0.0,0.0,0.0,0.0,0.0,-90.0,-90.0,0.0,-89.901,0.239,-0.0,-89.9995,-90.0,0.0,-89.97399999999999,0.2385,0.0,-0.12015308811791071,0.0,0.0,17.542350865131297,0.1201530881173371,0.0,-0.0005000000000023874,0.0,0.0,0.0730000000000075,0.0005000000000000004,0.0,-0.0206547,-0.034424500000000004,-0.0068849,-1.5422176,-0.0413094,-0.0413094,-0.013489133088964,-0.0024793650793339997,-0.005305494505428,-0.000603632478645,-0.0016556776557120003,0.002190323565369,0.1460068491544155,1.7245940002794669,0.14285000042946194,0.062277000324684195,0.0
pd,00:03:11.855,1209,-89.999,-90.0,0.0,-90.047,0.238,-0.0,0.0,0.0,0.0,0.0,0.0,0.0,-90.0,-90.0,0.0,-89.901,0.239,-0.0,-89.9995,-90.0,0.0,-89.97399999999999,0.2385,0.0,-0.1252479694224805,0.0,0.0,18.28620353559494,0.12524796942188257,0.0,-0.0005000000000023874,0.0,0.0,0.0730000000000075,0.0005000000000000004,0.0,-0.0206547,-0.034424500000000004,-0.0068849,-1.5422176,-0.0413094,-0.0413094,-0.013489133088964,-0.0024793650793339997,-0.005305494505428,-0.000603632478645,-0.0016556776557120003,0.002190323565369,0.1460068491544155,1.7310019998149073,0.13218399999459507,0.05859200018676347,0.0
pd,00:03:11.857,1210,-89.999,-90.0,0.0,-90.047,0.238,-0.0,0.0,0.0,0.0,0.0,0.0,0.0,-90.0,-90.0,0.0,-89.901,0.239,-0.0,-89.9995,-90.0,0.0,-89.97399999999999,0.2385,0.0,-0.12593994715409643,0.0,0.0,18.38723228441038,0.12593994715349519,0.0,-0.0005000000000023874,0.0,0.0,0.0730000000000075,0.0005000000000000004,0.0,-0.0206547,-0.034424500000000004,-0.0068849,-1.5422176,-0.0413094,-0.0413094,-0.013489133088964,-0.0024793650793339997,-0.005305494505428,-0.000603632478645,-0.0016556776557120003,0.002190323565369,0.1460068491544155,1.698298000064824,0.12605400024767732,0.05286999976306106,0.0
pd,00:03:11.860,1211,-89.999,-90.0,0.0,-90.047,0.238,-0.0,0.0,0.0,0.0,0.0,0.0,0.0,-90.0,-90.0,0.0,-89.901,0.239,-0.0,-89.9995,-90.0,0.0,-89.97399999999999,0.2385,0.0,-0.08279320963324176,0.0,0.0,12.087808606395644,0.0827932096328465,0.0,-0.0005000000000023874,0.0,0.0,0.0730000000000075,0.0005000000000000004,0.0,-0.0206547,-0.034424500000000004,-0.0068849,-1.5422176,-0.0413094,-0.0413094,-0.013489133088964,-0.0024793650793339997,-0.005305494505428,-0.000603632478645,-0.0016556776557120003,0.002190323565369,0.1460068491544155,1.9776469998760149,0.2351829998588073,0.09614699956728145,0.0
pd,00:03:11.863,1212,-89.999,-90.0,0.0,-90.09,0.238,-0.0,0.0,0.0,0.0,-17.80229710788932,0.0,0.0,-90.0,-90.0,0.0,-89.901,0.239,-0.0,-89.9995,-90.0,0.0,-88.21527028921106,0.2385,0.0,-0.10350172737192842,0.0,0.0,388.07552684240824,0.1035017273714343,0.0,-0.0005000000000023874,0.0,0.0,1.874729710788941,0.0005000000000000004,0.0,-0.0137698,0.0206547,-0.0481943,2.2513623000000003,0.0137698,0.034424500000000004,-0.01361050061033,-0.001335042735026,-0.005236141636076,-0.005260225885335,-0.0017419108669470002,0.001569444444477,0.1890052909312401,4.024293999918882,0.6406039997273183,0.12770300008924096,0.0
pd,00:03:11.868,1213,-89.999,-90.0,0.0,-90.09,0.238,-0.0,0.0,0.0,0.0,0.0,0.0,0.0,-90.0,-90.0,0.0,-89.901,0.239,-0.0,-89.9995,-90.0,0.0,-89.99549999999999,0.2385,0.0,-0.05004419414904819,0.0,0.0,9.458352694125304,0.050044194148809285,0.0,-0.0005000000000023874,0.0,0.0,0.09450000000001069,0.0005000000000000004,0.0,-0.0137698,0.0206547,-0.0481943,2.2513623000000003,0.0137698,0.034424500000000004,-0.01361050061033,-0.001335042735026,-0.005236141636076,-0.005260225885335,-0.0017419108669470002,0.001569444444477,0.1890052909312401,1.8974619997607078,0.2344049999010167,0.10935000000245054,0.0
pd,00:03:11.870,1214,-89.999,-90.0,0.0,-90.09,0.238,-0.0,0.0,0.0,0.0,0.0,0.0,0.0,-90.0,-90.0,0.0,-89.901,0.239,-0.0,-89.9995,-90.0,0.0,-89.99549999999999,0.2385,0.0,-0.10679050819890078,0.0,0.0,20.18340604949664,0.10679050819839098,0.0,-0.0005000000000023874,0.0,0.0,0.09450000000001069,0.0005000000000000004,0.0,-0.0137698,0.0206547,-0.0481943,2.2513623000000003,0.0137698,0.034424500000000004,-0.01361050061033,-0.001335042735026,-0.005236141636076,-0.005260225885335,-0.0017419108669470002,0.001569444444477,0.1890052909312401,1.809648999824276,0.16642400032651494,0.07709199962846469,0.0
pd,00:03:11.872,1215,-89.999,-90.0,0.0,-90.09,0.238,-0.0,0.0,0.0,0.0,0.0,0.0,0.0,-90.0,-90.0,0.0,-89.901,0.239,-0.0,-89.9995,-90.0,0.0,-89.99549999999999,0.2385,0.0,-0.11757972639661435,0.0,0.0,22.222568288854845,0.11757972639605303,0.0,-0.0005000000000023874,0.0,0.0,0.09450000000001069,0.0005000000000000004,0.0,-0.0137698,0.0206547,-0.0481943,2.2513623000000003,0.0137698,0.034424500000000004,-0.01361050061033,-0.001335042735026,-0.005236141636076,-0.005260225885335,-0.0017419108669470002,0.001569444444477,0.1890052909312401,1.7821120000007795,0.17794200039134012,0.08153599992510863,0.0
pd,00:03:11.874,1216,-89.999,-90.0,0.0,-90.09,0.238,-0.0,0.0,0.0,0.0,0.0,0.0,0.0,-90.0,-90.0,0.0,-89.901,0.239,-0.0,-89.9995,-90.0,0.0,-89.99549999999999,0.2385,0.0,-0.1177381540540093,0.0,0.0,22.252511116102347,0.11773815405344722,0.0,-0.0005000000000023874,0.0,0.0,0.09450000000001069,0.0005000000000000004,0.0,-0.0137698,0.0206547,-0.0481943,2.2513623000000003,0.0137698,0.034424500000000004,-0.01361050061033,-0.001335042735026,-0.005236141636076,-0.005260225885335,-0.0017419108669470002,0.001569444444477,0.1890052909312401,1.7232609998245607,0.13527699957194272,0.05829599967910326,0.0
pd,00:03:11.876,1217,-89.999,-90.0,0.0,-90.09,0.238,-0.0,0.0,0.0,0.0,0.0,0.0,0.0,-90.0,-90.0,0.0,-89.901,0.239,-0.0,-89.9995,-90.0,0.0,-89.99549999999999,0.2385,0.0,-0.12390121706309899,0.0,0.0,23.417330024814785,0.1239012170625075,0.0,-0.0005000000000023874,0.0,0.0,0.09450000000001069,0.0005000000000000004,0.0,-0.0137698,0.0206547,-0.0481943,2.2513623000000003,0.0137698,0.034424500000000004,-0.01361050061033,-0.001335042735026,-0.005236141636076,-0.005260225885335,-0.0017419108669470002,0.001569444444477,0.1890052909312401,1.7308909996245347,0.13490599985743756,0.058647000059863785,0.0
pd,00:03:11.878,1218,-89.999,-90.0,0.0,-90.09,0.238,-0.0,0.0,0.0,0.0,0.0,0.0,0.0,-90.0,-90.0,0.0,-89.901,0.239,-0.0,-89.9995,-90.0,0.0,-89.99549999999999,0.2385,0.0,-0.12575869513132726,0.0,0.0,23.768393379708264,0.1257586951307269,0.0,-0.0005000000000023874,0.0,0.0,0.09450000000001069,0.0005000000000000004,0.0,-0.0137698,0.0206547,-0.0481943,2.2513623000000003,0.0137698,0.034424500000000004,-0.01361050061033,-0.001335042735026,-0.005236141636076,-0.005260225885335,-0.0017419108669470002,0.001569444444477,0.1890052909312401,1.7068720003408089,0.13844300019627553,0.06022199977451237,0.0
pd,00:03:11.880,1219,-89.999,-90.0,0.0,-90.09,0.238,-0.0,0.0,0.0,0.0,0.0,0.0,0.0,-90.0,-90.0,0.0,-89.901,0.239,-0.0,-89.9995,-90.0,0.0,-89.99549999999999,0.2385,0.0,-0.12699237011081588,0.0,0.0,24.00155795083051,0.12699237011020964,0.0,-0.0005000000000023874,0.0,0.0,0.09450000000001069,0.0005000000000000004,0.0,-0.0137698,0.0206547,-0.0481943,2.2513623000000003,0.0137698,0.034424500000000004,-0.01361050061033,-0.001335042735026,-0.005236141636076,-0.005260225885335,-0.0017419108669470002,0.001569444444477,0.1890052909312401,1.7582779996700992,0.1547760002722498,0.0706480000189913,0.0
pd,00:03:11.882,1220,-89.999,-90.0,-0.0,-90.118,0.238,-0.0,0.0,0.0,-0.0,-13.595799027548589,0.0,0.0,-90.0,-90.0,0.0,-89.901,0.239,-0.0,-89.9995,-90.0,0.0,-88.64992009724514,0.2385,0.0,-0.12139106274658565,0.0,0.0,356.42355918293083,0.12139106274600613,0.0,-0.0005000000000023874,0.0,0.0,1.4680799027548517,0.0005000000000000004,0.0,0.0413094,-0.034424500000000004,-0.0275396,-0.1514678,-0.0275396,-0.0137698,-0.012760927960768,-0.002149938949912,-0.0058949938949199995,-0.0017074175824530002,-0.0016901709402060002,0.0016556776557120003,0.21700460824599893,3.766573000120843,0.28412699975888245,0.13488800004779478,0.0
pd,00:03:11.888,1221,-89.999,-90.0,-0.0,-90.118,0.238,-0.0,0.0,0.0,0.0,0.0,0.0,0.0,-90.0,-90.0,0.0,-89.901,0.239,-0.0,-89.9995,-90.0,0.0,-90.0095,0.2385,0.0,-0.04136068160322684,0.0,0.0,8.975267907857317,0.04136068160302939,0.0,-0.0005000000000023874,0.0,0.0,0.10849999999999227,0.0005000000000000004,0.0,0.0413094,-0.034424500000000004,-0.0275396,-0.1514678,-0.0275396,-0.0137698,-0.012760927960768,-0.002149938949912,-0.0058949938949199995,-0.0017074175824530002,-0.0016901709402060002,0.0016556776557120003,0.21700460824599893,2.0233499999449123,0.24540499998693122,0.09666599999036407,0.0
pd,00:03:11.891,1222,-89.999,-90.0,-0.0,-90.118,0.238,-0.0,0.0,0.0,0.0,0.0,0.0,0.0,-90.0,-90.0,0.0,-89.901,0.239,-0.0,-89.9995,-90.0,0.0,-90.0095,0.2385,0.0,-0.10119436402287268,0.0,0.0,21.959176992858396,0.10119436402238959,0.0,-0.0005000000000023874,0.0,0.0,0.10849999999999227,0.0005000000000000004,0.0,0.0413094,-0.034424500000000004,-0.0275396,-0.1514678,-0.0275396,-0.0137698,-0.012760927960768,-0.002149938949912,-0.0058949938949199995,-0.0017074175824530002,-0.0016901709402060002,0.0016556776557120003,0.21700460824599893,1.9516099996508274,0.24929300025178236,0.1250730001629563,0.0
pd,00:03:11.893,1223,-89.999,-90.0,-0.0,-90.118,0.238,-0.0,0.0,0.0,0.0,0.0,0.0,0.0,-90.0,-90.0,0.0,-89.901,0.239,-0.0,-89.9995,-90.0,0.0,-90.0095,0.2385,0.0,-0.10225021940565644,0.0,0.0,22.188297610921374,0.1022502194051683,0.0,-0.0005000000000023874,0.0,0.0,0.10849999999999227,0.0005000000000000004,0.0,0.0413094,-0.034424500000000004,-0.0275396,-0.1514678,-0.0275396,-0.0137698,-0.012760927960768,-0.002149938949912,-0.0058949938949199995,-0.0017074175824530002,-0.0016901709402060002,0.0016556776557120003,0.21700460824599893,1.9112029999632796,0.25997900002039387,0.12294399994061678,0.0
pd,00:03:11.896,1224,-89.999,-90.0,-0.0,-90.118,0.238,-0.0,0.0,0.0,0.0,0.0,0.0,0.0,-90.0,-90.0,0.0,-89.901,0.239,-0.0,-89.9995,-90.0,0.0,-90.0095,0.2385,0.0,-0.10374750173196862,0.0,0.0,22.513207875729563,0.10374750173147333,0.0,-0.0005000000000023874,0.0,0.0,0.10849999999999227,0.0005000000000000004,0.0,0.0413094,-0.034424500000000004,-0.0275396,-0.1514678,-0.0275396,-0.0137698,-0.012760927960768,-0.002149938949912,-0.0058949938949199995,-0.0017074175824530002,-0.0016901709402060002,0.0016556776557120003,0.21700460824599893,2.0170719999441644,0.2621270000418008,0.1204989998768724,0.0
pd,00:03:11.898,1225,-89.999,-90.0,-0.0,-90.118,0.238,-0.0,0.0,0.0,0.0,0.0,0.0,0.0,-90.0,-90.0,0.0,-89.901,0.239,-0.0,-89.9995,-90.0,0.0,-90.0095,0.2385,0.0,-0.09953260560085495,0.0,0.0,21.59857541528227,0.09953260560037977,0.0,-0.0005000000000023874,0.0,0.0,0.10849999999999227,0.0005000000000000004,0.0,0.0413094,-0.034424500000000004,-0.0275396,-0.1514678,-0.0275396,-0.0137698,-0.012760927960768,-0.002149938949912,-0.0058949938949199995,-0.0017074175824530002,-0.0016901709402060002,0.0016556776557120003,0.21700460824599893,1.8410739999126235,0.23112700000638142,0.10896200001297984,0.0
pd,00:03:11.901,1226,-89.999,-90.0,-0.0,-90.118,0.238,-0.0,0.0,0.0,0.0,0.0,0.0,0.0,-90.0,-90.0,0.0,-89.901,0.239,-0.0,-89.9995,-90.0,0.0,-90.0095,0.2385,0.0,-0.10958052043108024,0.0,0.0,23.778972933430733,0.1095805204305571,0.0,-0.0005000000000023874,0.0,0.0,0.10849999999999227,0.0005000000000000004,0.0,0.0413094,-0.034424500000000004,-0.0275396,-0.1514678,-0.0275396,-0.0137698,-0.012760927960768,-0.002149938949912,-0.0058949938949199995,-0.0017074175824530002,-0.0016901709402060002,0.0016556776557120003,0.21700460824599893,2.013017000081163,0.2116089999617543,0.10362900002292008,0.0
pd,00:03:11.903,1227,-89.999,-90.0,-0.0,-90.11,0.238,-0.0,0.0,0.0,0.0,3.301626685032117,0.0,0.0,-90.0,-90.0,0.0,-89.901,0.239,-0.0,-89.9995,-90.0,0.0,-90.3356626685032,0.2385,0.0,-0.10317583390780348,0.0,0.0,-46.56586800913551,0.10317583390731093,0.0,-0.0005000000000023874,0.0,0.0,-0.2256626685032046,0.0005000000000000004,0.0,0.034424500000000004,0.06884900000000001,0.034424500000000004,0.2340866,0.0068849,0.0275396,-0.013125030524865999,-0.00164713064711,-0.00563492063485,-0.0031561355312010003,-0.0019661172161580002,0.0018108974359350002,0.20900478463423114,3.4283359996152285,0.2388309999332705,0.319681999826571,0.0
pd,00:03:11.907,1228,-89.999,-90.0,-0.0,-90.11,0.238,-0.0,0.0,0.0,0.0,0.0,0.0,0.0,-90.0,-90.0,0.0,-89.901,0.239,-0.0,-89.9995,-90.0,0.0,-90.0055,0.2385,0.0,-0.056756481732341366,0.0,0.0,11.862104682002887,0.056756481732070416,0.0,-0.0005000000000023874,0.0,0.0,0.10450000000000159,0.0005000000000000004,0.0,0.034424500000000004,0.06884900000000001,0.034424500000000004,0.2340866,0.0068849,0.0275396,-0.013125030524865999,-0.00164713064711,-0.00563492063485,-0.0031561355312010003,-0.0019661172161580002,0.0018108974359350002,0.20900478463423114,2.210052000009455,0.23996100026124623,0.11953600005654152,0.0
pd,00:03:11.910,1229,-89.999,-90.0,-0.0,-90.11,0.238,-0.0,0.0,0.0,0.0,0.0,0.0,0.0,-90.0,-90.0,0.0,-89.901,0.239,-0.0,-89.9995,-90.0,0.0,-90.0055,0.2385,0.0,-0.09344764281302975,0.0,0.0,19.53055734783026,0.09344764281258364,0.0,-0.0005000000000023874,0.0,0.0,0.10450000000000159,0.0005000000000000004,0.0,0.034424500000000004,0.06884900000000001,0.034424500000000004,0.2340866,0.0068849,0.0275396,-0.013125030524865999,-0.00164713064711,-0.00563492063485,-0.0031561355312010003,-0.0019661172161580002,0.0018108974359350002,0.20900478463423114,2.2185699999681674,0.2639419999468373,0.24601599989182432,0.0
pd,00:03:11.913,1230,-89.999,-90.0,-0.0,-90.11,0.238,-0.0,0.0,0.0,0.0,0.0,0.0,0.0,-90.0,-90.0,0.0,-89.901,0.239,-0.0,-89.9995,-90.0,0.0,-90.0055,0.2385,0.0,-0.08760765310426993,0.0,0.0,18.309999498705267,0.0876076531038517,0.0,-0.0005000000000023874,0.0,0.0,0.10450000000000159,0.0005000000000000004,0.0,0.034424500000000004,0.06884900000000001,0.034424500000000004,0.2340866,0.0068849,0.0275396,-0.013125030524865999,-0.00164713064711,-0.00563492063485,-0.0031561355312010003,-0.0019661172161580002,0.0018108974359350002,0.20900478463423114,1.8283150002389448,0.20531300015136367,0.07998000000952743,0.0
pd,00:03:11.916,1231,-89.999,-90.0,-0.0,-90.11,0.238,-0.0,0.0,0.0,0.0,0.0,0.0,0.0,-90.0,-90.0,0.0,-89.901,0.239,-0.0,-89.9995,-90.0,0.0,-90.0055,0.2385,0.0,-0.07995851761514464,0.0,0.0,16.71133018148569,0.07995851761476291,0.0,-0.0005000000000023874,0.0,0.0,0.10450000000000159,0.0005000000000000004,0.0,0.034424500000000004,0.06884900000000001,0.034424500000000004,0.2340866,0.0068849,0.0275396,-0.013125030524865999,-0.00164713064711,-0.00563492063485,-0.0031561355312010003,-0.0019661172161580002,0.0018108974359350002,0.20900478463423114,2.048386999831564,0.23477600007026922,0.09459100010644761,0.0
pd,00:03:11.919,1232,-89.999,-90.0,-0.0,-90.11,0.238,-0.0,0.0,0.0,0.0,0.0,0.0,0.0,-90.0,-90.0,0.0,-89.901,0.239,-0.0,-89.9995,-90.0,0.0,-90.0055,0.2385,0.0,-0.10070841336967026,0.0,0.0,21.048058394160904,0.10070841336918948,0.0,-0.0005000000000023874,0.0,0.0,0.10450000000000159,0.0005000000000000004,0.0,0.034424500000000004,0.06884900000000001,0.034424500000000004,0.2340866,0.0068849,0.0275396,-0.013125030524865999,-0.00164713064711,-0.00563492063485,-0.0031561355312010003,-0.0019661172161580002,0.0018108974359350002,0.20900478463423114,1.7953149999812013,0.35720100004255073,0.12642399997275788,0.0
pd,00:03:11.921,1233,-89.999,-90.0,-0.0,-90.11,0.238,-0.0,0.0,0.0,0.0,0.0,0.0,0.0,-90.0,-90.0,0.0,-89.901,0.239,-0.0,-89.9995,-90.0,0.0,-90.0055,0.2385,0.0,-0.10425293298916354,0.0,0.0,21.788862994631472,0.10425293298866584,0.0,-0.0005000000000023874,0.0,0.0,0.10450000000000159,0.0005000000000000004,0.0,0.034424500000000004,0.06884900000000001,0.034424500000000004,0.2340866,0.0068849,0.0275396,-0.013125030524865999,-0.00164713064711,-0.00563492063485,-0.0031561355312010003,-0.0019661172161580002,0.0018108974359350002,0.20900478463423114,2.0310360000621586,0.300182000046334,0.14870199993310962,0.0
pd,00:03:11.924,1234,-89.999,-90.0,0.0,-90.097,0.238,-0.0,0.0,0.0,0.0,4.965933697634056,0.0,0.0,-90.0,-90.0,0.0,-89.901,0.239,-0.0,-89.9995,-90.0,0.0,-90.4955933697634,0.2385,0.0,-0.09549872495491865,0.0,0.0,-76.13031717541601,0.09549872495446274,0.0,-0.0005000000000023874,0.0,0.0,-0.39859336976340387,0.0005000000000000004,0.0,0.0137698,0.0068849,0.034424500000000004,0.8124182,0.0137698,0.0068849,-0.013523809523639999,-0.002149938949912,-0.0049934065933439995,-0.0036907814408580005,-0.0017074175824530002,0.001431471306501,0.19600510197441087,4.441306999979133,0.4549770001176512,0.16257300012512133,0.0
pd,00:03:11.929,1235,-89.999,-90.0,0.0,-90.097,0.238,-0.0,0.0,0.0,0.0,0.0,0.0,0.0,-90.0,-90.0,0.0,-89.901,0.239,-0.0,-89.9995,-90.0,0.0,-89.999,0.2385,0.0,-0.04769289547916887,0.0,0.0,9.347807513872366,0.047692895478941184,0.0,-0.0005000000000023874,0.0,0.0,0.09799999999999898,0.0005000000000000004,0.0,0.0137698,0.0068849,0.034424500000000004,0.8124182,0.0137698,0.0068849,-0.013523809523639999,-0.002149938949912,-0.0049934065933439995,-0.0036907814408580005,-0.0017074175824530002,0.001431471306501,0.19600510197441087,1.7487229997641407,0.1946279999174294,0.08429599984083325,0.0
pd,00:03:11.931,1236,-89.999,-90.0,0.0,-90.097,0.238,-0.0,0.0,0.0,0.0,0.0,0.0,0.0,-90.0,-90.0,0.0,-89.901,0.239,-0.0,-89.9995,-90.0,0.0,-89.999,0.2385,0.0,-0.1184697774268452,0.0,0.0,23.220076375550544,0.11846977742627962,0.0,-0.0005000000000023874,0.0,0.0,0.09799999999999898,0.0005000000000000004,0.0,0.0137698,0.0068849,0.034424500000000004,0.8124182,0.0137698,0.0068849,-0.013523809523639999,-0.002149938949912,-0.0049934065933439995,-0.0036907814408580005,-0.0017074175824530002,0.001431471306501,0.19600510197441087,3.2769859999461914,0.2468119996592577,0.11677699967549415,0.0
pd,00:03:11.935,1237,-89.999,-90.0,0.0,-90.097,0.238,-0.0,0.0,0.0,0.0,0.0,0.0,0.0,-90.0,-90.0,0.0,-89.901,0.239,-0.0,-89.9995,-90.0,0.0,-89.999,0.2385,0.0,-0.0667967894002425,0.0,0.0,13.09217072238488,0.06679678939992362,0.0,-0.0005000000000023874,0.0,0.0,0.09799999999999898,0.0005000000000000004,0.0,0.0137698,0.0068849,0.034424500000000004,0.8124182,0.0137698,0.0068849,-0.013523809523639999,-0.002149938949912,-0.0049934065933439995,-0.0036907814408580005,-0.0017074175824530002,0.001431471306501,0.19600510197441087,2.101368000239745,0.2040170002146624,0.0953140001911379,0.0
pd,00:03:11.937,1238,-89.999,-90.0,0.0,-90.097,0.238,-0.0,0.0,0.0,0.0,0.0,0.0,0.0,-90.0,-90.0,0.0,-89.901,0.239,-0.0,-89.9995,-90.0,0.0,-89.999,0.2385,0.0,-0.1003806241628381,0.0,0.0,19.67460233582212,0.10038062416235889,0.0,-0.0005000000000023874,0.0,0.0,0.09799999999999898,0.0005000000000000004,0.0,0.0137698,0.0068849,0.034424500000000004,0.8124182,0.0137698,0.0068849,-0.013523809523639999,-0.002149938949912,-0.0049934065933439995,-0.0036907814408580005,-0.0017074175824530002,0.001431471306501,0.19600510197441087,1.8112050001946045,0.2591089996712981,0.12546099969767965,0.0
pd,00:03:11.939,1239,-89.999,-90.0,0.0,-90.097,0.238,-0.0,0.0,0.0,0.0,0.0,0.0,0.0,-90.0,-90.0,0.0,-89.901,0.239,-0.0,-89.9995,-90.0,0.0,-89.999,0.2385,0.0,-0.10826804336654691,0.0,0.0,21.220536499741648,0.10826804336603003,0.0,-0.0005000000000023874,0.0,0.0,0.09799999999999898,0.0005000000000000004,0.0,0.0137698,0.0068849,0.034424500000000004,0.8124182,0.0137698,0.0068849,-0.013523809523639999,-0.002149938949912,-0.0049934065933439995,-0.0036907814408580005,-0.0017074175824530002,0.001431471306501,0.19600510197441087,1.9098510001640534,0.32573800035606837,0.21207200006756466,0.0
pd,00:03:11.942,1240,-89.999,-90.0,0.0,-90.093,0.238,-0.0,0.0,0.0,0.0,1.5527270707969365,0.0,0.0,-90.0,-90.0,0.0,-89.901,0.239,-0.0,-89.9995,-90.0,0.0,-90.15227270707969,0.2385,0.0,-0.09704544192549808,0.0,0.0,-11.504292105283302,0.0970454419250348,0.0,-0.0005000000000023874,0.0,0.0,-0.05927270707968546,0.0005000000000000004,0.0,0.0137698,0.0206547,0.0206547,1.37698,-0.0826188,-0.0137698,-0.013523809523639999,-0.001577777777758,-0.004802686202626,-0.0029146825397430003,-0.001396978022007,0.0016556776557120003,0.1920052082627,3.20922699984294,0.5323100003806758,0.11614699997153366,0.0
pd,00:03:11.948,1241,-89.999,-90.0,0.0,-90.093,0.238,-0.0,0.0,0.0,0.0,0.0,0.0,0.0,-90.0,-90.0,0.0,-89.901,0.239,-0.0,-89.9995,-90.0,0.0,-89.997,0.2385,0.0,-0.04393597586545742,0.0,0.0,8.435707366127865,0.043935975865247674,0.0,-0.0005000000000023874,0.0,0.0,0.09600000000000364,0.0005000000000000004,0.0,-0.0757339,0.0206547,0.0206547,1.37698,-0.0826188,-0.0137698,-0.013749206349034,-0.001577777777758,-0.004802686202626,-0.0029146825397430003,-0.001396978022007,0.0016556776557120003,0.1920052082627,1.9723320001503453,0.27581199992710026,0.0854620002428419,0.0
pd,00:03:11.950,1242,-89.999,-90.0,0.0,-90.093,0.238,-0.0,0.0,0.0,0.0,0.0,0.0,0.0,-90.0,-90.0,0.0,-89.901,0.239,-0.0,-89.9995,-90.0,0.0,-89.997,0.2385,0.0,-0.10282172975142251,0.0,0.0,19.741772112179607,0.10282172975093165,0.0,-0.0005000000000023874,0.0,0.0,0.09600000000000364,0.0005000000000000004,0.0,-0.0757339,0.0206547,0.0206547,1.37698,-0.0826188,-0.0137698,-0.013749206349034,-0.001577777777758,-0.004802686202626,-0.0029146825397430003,-0.001396978022007,0.0016556776557120003,0.1920052082627,1.7900560001180565,0.26064500025313464,0.12864700011050445,0.0
pd,00:03:11.952,1243,-89.999,-90.0,0.0,-90.093,0.238,-0.0,0.0,0.0,0.0,0.0,0.0,0.0,-90.0,-90.0,0.0,-89.901,0.239,-0.0,-89.9995,-90.0,0.0,-89.997,0.2385,0.0,-0.10877344398392187,0.0,0.0,20.884501244814068,0.10877344398340259,0.0,-0.0005000000000023874,0.0,0.0,0.09600000000000364,0.0005000000000000004,0.0,-0.0757339,0.0206547,0.0206547,1.37698,-0.0826188,-0.0137698,-0.013749206349034,-0.001577777777758,-0.004802686202626,-0.0029146825397430003,-0.001396978022007,0.0016556776557120003,0.1920052082627,1.8950730000142357,0.23360900013358332,0.159683999754634,0.0
pd,00:03:11.955,1244,-89.999,-90.0,0.0,-90.093,0.238,-0.0,0.0,0.0,0.0,0.0,0.0,0.0,-90.0,-90.0,0.0,-89.901,0.239,-0.0,-89.9995,-90.0,0.0,-89.997,0.2385,0.0,-0.10459610972618522,0.0,0.0,20.08245306733243,0.10459610972568588,0.0,-0.0005000000000023874,0.0,0.0,0.09600000000000364,0.0005000000000000004,0.0,-0.0757339,0.0206547,0.0206547,1.37698,-0.0826188,-0.0137698,-0.013749206349034,-0.001577777777758,-0.004802686202626,-0.0029146825397430003,-0.001396978022007,0.0016556776557120003,0.1920052082627,1.7242789999727393,0.21384999990914366,0.07499999992433004,0.0
pd,00:03:11.957,1245,-89.999,-90.0,0.0,-90.093,0.238,-0.0,0.0,0.0,0.0,0.0,0.0,0.0,-90.0,-90.0,0.0,-89.901,0.239,-0.0,-89.9995,-90.0,0.0,-89.997,0.2385,0.0,-0.11957760291994604,0.0,0.0,22.958899760520882,0.11957760291937518,0.0,-0.0005000000000023874,0.0,0.0,0.09600000000000364,0.0005000000000000004,0.0,-0.0757339,0.0206547,0.0206547,1.37698,-0.0826188,-0.0137698,-0.013749206349034,-0.001577777777758,-0.004802686202626,-0.0029146825397430003,-0.001396978022007,0.0016556776557120003,0.1920052082627,1.7386309996254568,0.21107200018377625,0.10964699959004065,0.0
pd,00:03:11.959,1246,-89.999,-90.0,0.0,-90.093,0.238,-0.0,0.0,0.0,0.0,0.0,0.0,0.0,-90.0,-90.0,0.0,-89.901,0.239,-0.0,-89.9995,-90.0,0.0,-89.997,0.2385,0.0,-0.1134454181548206,0.0,0.0,21.781520285622378,0.11344541815427901,0.0,-0.0005000000000023874,0.0,0.0,0.09600000000000364,0.0005000000000000004,0.0,-0.0757339,0.0206547,0.0206547,1.37698,-0.0826188,-0.0137698,-0.013749206349034,-0.001577777777758,-0.004802686202626,-0.0029146825397430003,-0.001396978022007,0.0016556776557120003,0.1920052082627,2.055626999663218,0.24403500037806225,0.13544300009016297,0.0
pd,00:03:11.962,1247,-89.999,-90.0,0.0,-90.078,0.238,-0.0,0.0,0.0,0.0,5.230240252722785,0.0,0.0,-90.0,-90.0,0.0,-89.901,0.239,-0.0,-89.9995,-90.0,0.0,-90.51252402527228,0.2385,0.0,-0.08717067087912601,0.0,0.0,-75.75550159180335,0.08717067087870986,0.0,-0.0005000000000023874,0.0,0.0,-0.43452402527228173,0.0005000000000000004,0.0,-0.0757339,0.0206547,0.0206547,0.963886,-0.0,0.0206547,-0.013749206349034,-0.001577777777758,-0.005842979242906,-0.0035873015873760005,-0.001396978022007,0.0017246642247000002,0.1770056496273562,2.867157000309817,0.5727720003960712,0.28907100022479426,0.0
pd,00:03:11.966,1248,-89.999,-90.0,0.0,-90.078,0.238,-0.0,0.0,0.0,0.0,0.0,0.0,0.0,-90.0,-90.0,0.0,-89.901,0.239,-0.0,-89.9995,-90.0,0.0,-89.98949999999999,0.2385,0.0,-0.0649635090765756,0.0,0.0,11.498541106499413,0.06496350907626547,0.0,-0.0005000000000023874,0.0,0.0,0.08850000000001046,0.0005000000000000004,0.0,0.0,0.0275396,-0.0,0.963886,-0.0,0.0206547,-0.013662515262343999,-0.001577777777758,-0.005842979242906,-0.0035873015873760005,-0.001396978022007,0.0017246642247000002,0.1770056496273562,2.702529000089271,0.3087559998675715,0.11388799975975417,0.0
pd,00:03:11.969,1249,-89.999,-90.0,0.0,-90.078,0.238,-0.0,0.0,0.0,0.0,0.0,0.0,0.0,-90.0,-90.0,0.0,-89.901,0.239,-0.0,-89.9995,-90.0,0.0,-89.98949999999999,0.2385,0.0,-0.0775918306944655,0.0,0.0,13.733754032855337,0.07759183069409509,0.0,-0.0005000000000023874,0.0,0.0,0.08850000000001046,0.0005000000000000004,0.0,0.0,0.0275396,-0.0,0.963886,-0.0,0.0206547,-0.013662515262343999,-0.001577777777758,-0.005842979242906,-0.0035873015873760005,-0.001396978022007,0.0017246642247000002,0.1770056496273562,1.7922229999385308,0.19518300041454495,0.10929500012935023,0.0
pd,00:03:11.971,1250,-89.999,-90.0,0.0,-90.078,0.238,-0.0,0.0,0.0,0.0,0.0,0.0,0.0,-90.0,-90.0,0.0,-89.901,0.239,-0.0,-89.9995,-90.0,0.0,-89.98949999999999,0.2385,0.0,-0.11419908516717564,0.0,0.0,20.213238074494342,0.11419908516663047,0.0,-0.0005000000000023874,0.0,0.0,0.08850000000001046,0.0005000000000000004,0.0,0.0,0.0275396,-0.0,0.963886,-0.0,0.0206547,-0.013662515262343999,-0.001577777777758,-0.005842979242906,-0.0035873015873760005,-0.001396978022007,0.0017246642247000002,0.1770056496273562,1.8992960003743065,0.25794200018935953,0.1301839997722709,0.0
pd,00:03:11.975,1251,-89.999,-90.0,0.0,-90.078,0.238,-0.0,0.0,0.0,0.0,0.0,0.0,0.0,-90.0,-90.0,0.0,-89.901,0.239,-0.0,-89.9995,-90.0,0.0,-89.98949999999999,0.2385,0.0,-0.075807981492554,0.0,0.0,13.418012724118496,0.07580798149219209,0.0,-0.0005000000000023874,0.0,0.0,0.08850000000001046,0.0005000000000000004,0.0,0.0,0.0275396,-0.0,0.963886,-0.0,0.0206547,-0.013662515262343999,-0.001577777777758,-0.005842979242906,-0.0035873015873760005,-0.001396978022007,0.0017246642247000002,0.1770056496273562,1.9654249999803142,0.29583100013041985,0.10611000016069738,0.0
pd,00:03:11.977,1252,-89.999,-90.0,0.0,-90.078,0.238,-0.0,0.0,0.0,0.0,0.0,0.0,0.0,-90.0,-90.0,0.0,-89.901,0.239,-0.0,-89.9995,-90.0,0.0,-89.98949999999999,0.2385,0.0,-0.10087311207359373,0.0,0.0,17.854540836941514,0.10087311207311216,0.0,-0.0005000000000023874,0.0,0.0,0.08850000000001046,0.0005000000000000004,0.0,0.0,0.0275396,-0.0,0.963886,-0.0,0.0206547,-0.013662515262343999,-0.001577777777758,-0.005842979242906,-0.0035873015873760005,-0.001396978022007,0.0017246642247000002,0.1770056496273562,1.7865560002974235,0.30744200012122747,0.1799050000954594,0.0
pd,00:03:11.979,1253,-89.999,-90.0,0.0,-90.078,0.238,-0.0,0.0,0.0,0.0,0.0,0.0,0.0,-90.0,-90.0,0.0,-89.901,0.239,-0.0,-89.9995,-90.0,0.0,-89.98949999999999,0.2385,0.0,-0.1028620757313132,0.0,0.0,18.206587404356192,0.10286207573082215,0.0,-0.0005000000000023874,0.0,0.0,0.08850000000001046,0.0005000000000000004,0.0,0.0,0.0275396,-0.0,0.963886,-0.0,0.0206547,-0.013662515262343999,-0.001577777777758,-0.005842979242906,-0.0035873015873760005,-0.001396978022007,0.0017246642247000002,0.1770056496273562,2.017164999870147,0.26662700020096963,0.13525799977287534,0.0
pd,00:03:11.982,1254,-89.999,-90.0,0.0,-90.078,0.238,-0.0,0.0,0.0,0.0,0.0,0.0,0.0,-90.0,-90.0,0.0,-89.901,0.239,-0.0,-89.9995,-90.0,0.0,-89.98949999999999,0.2385,0.0,-0.09856890392978067,0.0,0.0,17.446695995488536,0.09856890392931011,0.0,-0.0005000000000023874,0.0,0.0,0.08850000000001046,0.0005000000000000004,0.0,0.0,0.0275396,-0.0,1.5697572,-0.0,-0.0275396,-0.013662515262343999,-0.001577777777758,-0.005842979242906,-0.001276251526278,-0.0019488705739110002,0.0016556776557120003,0.1770056496273562,3.0413770000450313,0.5766419999417849,0.19499800009725732,0.0
pd,00:03:11.986,1255,-89.999,-90.0,0.0,-90.057,0.238,-0.0,0.0,0.0,0.0,5.189746877209719,0.0,0.0,-90.0,-90.0,0.0,-89.901,0.239,-0.0,-89.9995,-90.0,0.0,-90.49797468772097,0.2385,0.0,-0.06178270091945597,0.0,0.0,-54.48921448877006,0.06178270091916103,0.0,-0.0005000000000023874,0.0,0.0,-0.44097468772096704,0.0005000000000000004,0.0,0.0,-0.0206547,-0.0137698,1.5697572,-0.0,-0.0275396,-0.013246398046232,-0.001335042735026,-0.004750671550612,-0.001276251526278,-0.0019488705739110002,0.0016556776557120003,0.15600641012471844,2.921619000062492,0.2367569995840313,0.11296100001345621,0.0
pd,00:03:11.989,1256,-89.999,-90.0,0.0,-90.057,0.238,-0.0,0.0,0.0,0.0,0.0,0.0,0.0,-90.0,-90.0,0.0,-89.901,0.239,-0.0,-89.9995,-90.0,0.0,-89.979,0.2385,0.0,-0.07423546902690313,0.0,0.0,11.580733168142032,0.07423546902654873,0.0,-0.0005000000000023874,0.0,0.0,0.07800000000000296,0.0005000000000000004,0.0,0.0,-0.0206547,-0.0137698,1.5697572,-0.0,-0.0275396,-0.013246398046232,-0.001335042735026,-0.004750671550612,-0.001276251526278,-0.0019488705739110002,0.0016556776557120003,0.15600641012471844,1.7103909999605094,0.17707200004224433,0.07881400006226613,0.0
pd,00:03:11.991,1257,-89.999,-90.0,0.0,-90.057,0.238,-0.0,0.0,0.0,0.0,0.0,0.0,0.0,-90.0,-90.0,0.0,-89.901,0.239,-0.0,-89.9995,-90.0,0.0,-89.979,0.2385,0.0,-0.12229717751399659,0.0,0.0,19.078359692093095,0.12229717751341275,0.0,-0.0005000000000023874,0.0,0.0,0.07800000000000296,0.0005000000000000004,0.0,0.0,-0.0206547,-0.0137698,1.5697572,-0.0,-0.0275396,-0.013246398046232,-0.001335042735026,-0.004750671550612,-0.001276251526278,-0.0019488705739110002,0.0016556776557120003,0.15600641012471844,1.8501290001040616,0.20290599968575407,0.09594300036042114,0.0
pd,00:03:11.994,1258,-89.999,-90.0,0.0,-90.057,0.238,-0.0,0.0,0.0,0.0,0.0,0.0,0.0,-90.0,-90.0,0.0,-89.901,0.239,-0.0,-89.9995,-90.0,0.0,-89.979,0.2385,0.0,-0.11187197268804085,0.0,0.0,17.4520277392517,0.11187197268750677,0.0,-0.0005000000000023874,0.0,0.0,0.07800000000000296,0.0005000000000000004,0.0,0.0,-0.0206547,-0.0137698,1.5697572,-0.0,-0.0275396,-0.013246398046232,-0.001335042735026,-0.004750671550612,-0.001276251526278,-0.0019488705739110002,0.0016556776557120003,0.15600641012471844,1.7952039997908287,0.13964600020699436,0.05861099998583086,0.0
pd,00:03:11.996,1259,-89.999,-90.0,0.0,-90.057,0.238,-0.0,0.0,0.0,0.0,0.0,0.0,0.0,-90.0,-90.0,0.0,-89.901,0.239,-0.0,-89.9995,-90.0,0.0,-89.979,0.2385,0.0,-0.12150359212109,0.0,0.0,18.954560370800255,0.12150359212050996,0.0,-0.0005000000000023874,0.0,0.0,0.07800000000000296,0.0005000000000000004,0.0,0.0,-0.0206547,-0.0137698,1.5697572,-0.0,-0.0275396,-0.013246398046232,-0.001335042735026,-0.004750671550612,-0.001276251526278,-0.0019488705739110002,0.0016556776557120003,0.15600641012471844,1.7876490001071943,0.19846099985443288,0.1339989998996316,0.0
pd,00:03:11.998,1260,-89.999,-90.0,0.0,-90.057,0.238,-0.0,0.0,0.0,0.0,0.0,0.0,0.0,-90.0,-90.0,0.0,-89.901,0.239,-0.0,-89.9995,-90.0,0.0,-89.979,0.2385,0.0,-0.11268952176303136,0.0,0.0,17.57956539494962,0.11268952176249339,0.0,-0.0005000000000023874,0.0,0.0,0.07800000000000296,0.0005000000000000004,0.0,0.0,-0.0206547,-0.0137698,1.5697572,-0.0,-0.0275396,-0.013246398046232,-0.001335042735026,-0.004750671550612,-0.001276251526278,-0.0019488705739110002,0.0016556776557120003,0.15600641012471844,1.8447590000505443,0.22018200024831458,0.09914799966281862,0.0
pd,00:03:12.001,1261,-89.999,-90.0,0.0,-90.057,0.238,-0.0,0.0,0.0,0.0,0.0,0.0,0.0,-90.0,-90.0,0.0,-89.901,0.239,-0.0,-89.9995,-90.0,0.0,-89.979,0.2385,0.0,-0.07851561213066319,0.0,0.0,12.248435492325436,0.07851561213028835,0.0,-0.0005000000000023874,0.0,0.0,0.07800000000000296,0.0005000000000000004,0.0,0.0,-0.0206547,-0.0137698,1.5697572,-0.0,-0.0275396,-0.013246398046232,-0.001335042735026,-0.004750671550612,-0.001276251526278,-0.0019488705739110002,0.0016556776557120003,0.15600641012471844,1.8918890000350075,0.23371999986920855,0.09974000022339169,0.0
pd,00:03:12.003,1262,-89.999,-90.0,0.0,-90.037,0.238,-0.0,0.0,0.0,0.0,8.571174006333228,0.0,0.0,-90.0,-90.0,0.0,-89.901,0.239,-0.0,-89.9995,-90.0,0.0,-90.82611740063332,0.2385,0.0,-0.10713967507969825,0.0,0.0,-169.0915638063721,0.10713967507918677,0.0,-0.0005000000000023874,0.0,0.0,-0.7891174006333159,0.0005000000000000004,0.0,0.0206547,0.0413094,-0.0206547,1.5835270000000001,0.0068849,0.0275396,-0.01361050061033,-0.00164713064711,-0.006137728937652,-0.00017246642247,-0.001396978022007,0.001500457875489,0.13600735274242604,4.205125000225962,0.24545999986003153,0.12068400019416003,0.0
pd,00:03:12.008,1263,-89.999,-90.0,0.0,-90.037,0.238,-0.0,0.0,0.0,0.0,0.0,0.0,0.0,-90.0,-90.0,0.0,-89.901,0.239,-0.0,-89.9995,-90.0,0.0,-89.969,0.2385,0.0,-0.05340885244257153,0.0,0.0,7.263603932155573,0.05340885244231656,0.0,-0.0005000000000023874,0.0,0.0,0.06800000000001205,0.0005000000000000004,0.0,0.0206547,0.0413094,-0.0206547,1.5835270000000001,0.0068849,0.0275396,-0.01361050061033,-0.00164713064711,-0.006137728937652,-0.00017246642247,-0.001396978022007,0.001500457875489,0.13600735274242604,1.901758000258269,0.23049800029184553,0.11061000031986623,0.0
pd,00:03:12.010,1264,-89.999,-90.0,0.0,-90.037,0.238,-0.0,0.0,0.0,0.0,0.0,0.0,0.0,-90.0,-90.0,0.0,-89.901,0.239,-0.0,-89.9995,-90.0,0.0,-89.969,0.2385,0.0,-0.10684491542745127,0.0,0.0,14.530908498065047,0.1068449154269412,0.0,-0.0005000000000023874,0.0,0.0,0.06800000000001205,0.0005000000000000004,0.0,0.0206547,0.0413094,-0.0206547,1.5835270000000001,0.0068849,0.0275396,-0.01361050061033,-0.00164713064711,-0.006137728937652,-0.00017246642247,-0.001396978022007,0.001500457875489,0.13600735274242604,1.7393349999110796,0.43225500030530384,0.09855500002231565,0.0
pd,00:03:12.013,1265,-89.999,-90.0,0.0,-90.037,0.238,-0.0,0.0,0.0,0.0,0.0,0.0,0.0,-90.0,-90.0,0.0,-89.901,0.239,-0.0,-89.9995,-90.0,0.0,-89.969,0.2385,0.0,-0.10605603317538251,0.0,0.0,14.423620511784199,0.10605603317487619,0.0,-0.0005000000000023874,0.0,0.0,0.06800000000001205,0.0005000000000000004,0.0,0.0206547,0.0413094,-0.0206547,1.5835270000000001,0.0068849,0.0275396,-0.01361050061033,-0.00164713064711,-0.006137728937652,-0.00017246642247,-0.001396978022007,0.001500457875489,0.13600735274242604,1.8670739996196062,0.2132570002686407,0.08666599978823797,0.0
pd,00:03:12.015,1266,-89.999,-90.0,0.0,-90.012,0.238,-0.0,0.0,0.0,0.0,11.106620061436695,0.0,0.0,-90.0,-90.0,0.0,-89.901,0.239,-0.0,-89.9995,-90.0,0.0,-91.06716200614366,0.2385,0.0,-0.11106620061487203,0.0,0.0,-234.38567010996766,0.1110662006143418,0.0,-0.0005000000000023874,0.0,0.0,-1.0551620061436608,0.0005000000000000004,0.0,0.0206547,0.0413094,-0.0206547,1.5835270000000001,0.0068849,0.0275396,-0.01361050061033,-0.00164713064711,-0.006137728937652,-0.00017246642247,-0.001396978022007,0.001500457875489,0.11100900864344723,1.8966849997923418,0.2627200001370511,0.12346099993010284,0.0
pd,00:03:12.017,1267,-89.999,-90.0,0.0,-90.012,0.238,-0.0,0.0,0.0,0.0,0.0,0.0,0.0,-90.0,-90.0,0.0,-89.901,0.239,-0.0,-89.9995,-90.0,0.0,-89.9565,0.2385,0.0,-0.10438785465455518,0.0,0.0,11.587051866600738,0.10438785465405684,0.0,-0.0005000000000023874,0.0,0.0,0.055499999999995,0.0005000000000000004,0.0,0.0206547,0.0413094,-0.0206547,1.5835270000000001,0.0068849,0.0275396,-0.01361050061033,-0.00164713064711,-0.006137728937652,-0.00017246642247,-0.001396978022007,0.001500457875489,0.11100900864344723,1.9108139999843843,0.20914600008836715,0.09851699996943353,0.0
pd,00:03:12.020,1268,-89.999,-90.0,0.0,-90.012,0.238,-0.0,0.0,0.0,0.0,0.0,0.0,0.0,-90.0,-90.0,0.0,-89.901,0.239,-0.0,-89.9995,-90.0,0.0,-89.9565,0.2385,0.0,-0.10833515859128079,0.0,0.0,12.025202603575206,0.1083351585907636,0.0,-0.0005000000000023874,0.0,0.0,0.055499999999995,0.0005000000000000004,0.0,0.0206547,0.0413094,-0.0206547,1.5835270000000001,0.0068849,0.0275396,-0.01361050061033,-0.00164713064711,-0.006137728937652,-0.00017246642247,-0.001396978022007,0.001500457875489,0.11100900864344723,1.808277999771235,0.14873999998599174,0.06446300039897324,0.0
pd,00:03:12.022,1269,-89.999,-90.0,0.0,-90.012,0.238,-0.0,0.0,0.0,0.0,0.0,0.0,0.0,-90.0,-90.0,0.0,-89.901,0.239,-0.0,-89.9995,-90.0,0.0,-89.9565,0.2385,0.0,-0.11963217341757065,0.0,0.0,13.27917124928744,0.11963217341699954,0.0,-0.0005000000000023874,0.0,0.0,0.055499999999995,0.0005000000000000004,0.0,0.0206547,0.0413094,-0.0206547,1.5835270000000001,0.0068849,0.0068849,-0.01361050061033,-0.00164713064711,-0.006137728937652,-0.00017246642247,-0.001190018315043,0.002104090354134,0.11100900864344723,2.1687559997189965,0.8315289996971842,0.21494300017366186,0.0
pd,00:03:12.025,1270,-89.999,-90.0,0.0,-90.012,0.238,-0.0,0.0,0.0,0.0,0.0,0.0,0.0,-90.0,-90.0,0.0,-89.901,0.239,-0.0,-89.9995,-90.0,0.0,-89.9565,0.2385,0.0,-0.07069687162924804,0.0,0.0,7.847352750809359,0.07069687162891053,0.0,-0.0005000000000023874,0.0,0.0,0.055499999999995,0.0005000000000000004,0.0,-0.034424500000000004,0.0,-0.0206547,1.2805914,-0.0,0.0068849,-0.013835897435724,-0.001283028083012,-0.00554822954816,-0.000500152625163,-0.001190018315043,0.002104090354134,0.11100900864344723,2.833342000030825,0.19475699991744477,0.08481400027449126,0.0
pd,00:03:12.029,1271,-89.999,-90.0,0.0,-90.012,0.238,-0.0,0.0,0.0,0.0,0.0,0.0,0.0,-90.0,-90.0,0.0,-89.901,0.239,-0.0,-89.9995,-90.0,0.0,-89.9565,0.2385,0.0,-0.0614388000237304,0.0,0.0,6.81970680260177,0.061438800023437094,0.0,-0.0005000000000023874,0.0,0.0,0.055499999999995,0.0005000000000000004,0.0,-0.034424500000000004,0.0,-0.0206547,1.2805914,-0.0,0.0068849,-0.013835897435724,-0.001283028083012,-0.00554822954816,-0.000500152625163,-0.001190018315043,0.002104090354134,0.11100900864344723,1.9314989999656973,0.2278130000377132,0.07918500023151864,0.0
pd,00:03:12.032,1272,-89.999,-90.0,0.0,-90.012,0.238,-0.0,0.0,0.0,0.0,0.0,0.0,0.0,-90.0,-90.0,0.0,-89.901,0.239,-0.0,-89.9995,-90.0,0.0,-89.9565,0.2385,0.0,-0.10689937812264316,0.0,0.0,11.865830971557184,0.10689937812213283,0.0,-0.0005000000000023874,0.0,0.0,0.055499999999995,0.0005000000000000004,0.0,-0.034424500000000004,0.0,-0.0206547,1.2805914,-0.0,0.0068849,-0.013835897435724,-0.001283028083012,-0.00554822954816,-0.000500152625163,-0.001190018315043,0.002104090354134,0.11100900864344723,1.776037000126962,0.19172000020262203,0.10707299998102826,0.0
pd,00:03:12.034,1273,-89.999,-90.0,0.0,-89.982,0.238,-0.0,0.0,0.0,0.0,13.807650609020605,0.0,0.0,-90.0,-90.0,0.0,-89.901,0.239,-0.0,-89.9995,-90.0,0.0,-91.32226506090205,0.2385,0.0,-0.11506375507571676,0.0,0.0,-308.43186140687754,0.11506375507516745,0.0,-0.0005000000000023874,0.0,0.0,-1.3402650609020554,0.0005000000000000004,0.0,-0.034424500000000004,0.0,-0.0206547,1.2805914,-0.0,0.0068849,-0.013835897435724,-0.001283028083012,-0.00554822954816,-0.000500152625163,-0.001190018315043,0.002104090354134,0.08101234473832063,1.9605729999057075,0.2858670000023267,0.14370200005942024,0.0
pd,00:03:12.037,1274,-89.999,-90.0,0.0,-89.982,0.238,-0.0,0.0,0.0,0.0,0.0,0.0,0.0,-90.0,-90.0,0.0,-89.901,0.239,-0.0,-89.9995,-90.0,0.0,-89.94149999999999,0.2385,0.0,-0.09946651489328465,0.0,0.0,8.056787706317893,0.0994665148928098,0.0,-0.0005000000000023874,0.0,0.0,0.04050000000000864,0.0005000000000000004,0.0,-0.034424500000000004,0.0,-0.0206547,1.2805914,-0.0,0.0068849,-0.013835897435724,-0.001283028083012,-0.00554822954816,-0.000500152625163,-0.001190018315043,0.002104090354134,0.08101234473832063,2.203217999976914,0.21960899994155625,0.10259100008624955,0.0
pd,00:03:12.039,1275,-89.999,-90.0,0.0,-89.982,0.238,-0.0,0.0,0.0,0.0,0.0,0.0,0.0,-90.0,-90.0,0.0,-89.901,0.239,-0.0,-89.9995,-90.0,0.0,-89.94149999999999,0.2385,0.0,-0.09557706681296206,0.0,0.0,7.741742411813255,0.09557706681250579,0.0,-0.0005000000000023874,0.0,0.0,0.04050000000000864,0.0005000000000000004,0.0,-0.034424500000000004,0.0,-0.0206547,1.2805914,-0.0,0.0068849,-0.013835897435724,-0.001283028083012,-0.00554822954816,-0.000500152625163,-0.001190018315043,0.002104090354134,0.08101234473832063,1.7850200001703342,0.1509620001343137,0.06507399984911899,0.0
pd,00:03:12.041,1276,-89.999,-90.0,0.0,-89.982,0.238,-0.0,0.0,0.0,0.0,0.0,0.0,0.0,-90.0,-90.0,0.0,-89.901,0.239,-0.0,-89.9995,-90.0,0.0,-89.94149999999999,0.2385,0.0,-0.1207341393212443,0.0,0.0,9.779465284974464,0.12073413932066793,0.0,-0.0005000000000023874,0.0,0.0,0.04050000000000864,0.0005000000000000004,0.0,-0.034424500000000004,0.0,-0.0206547,1.2805914,-0.0,0.0068849,-0.013835897435724,-0.001283028083012,-0.00554822954816,-0.000500152625163,-0.001190018315043,0.002104090354134,0.08101234473832063,1.7379079999955138,0.18910899962065741,0.18312800011699437,0.0
pd,00:03:12.043,1277,-89.999,-90.0,0.0,-89.982,0.238,-0.0,0.0,0.0,0.0,0.0,0.0,0.0,-90.0,-90.0,0.0,-89.901,0.239,-0.0,-89.9995,-90.0,0.0,-89.94149999999999,0.2385,0.0,-0.11342087614981144,0.0,0.0,9.187090968091209,0.11342087614926998,0.0,-0.0005000000000023874,0.0,0.0,0.04050000000000864,0.0005000000000000004,0.0,-0.0137698,-0.0068849,0.034424500000000004,1.4114045,0.0206547,0.0068849,-0.014095970695794,-0.001595115995096,-0.005947008546934,0.00103479853482,-0.0016556776557120003,0.002207570207616,0.08101234473832063,4.083847999936552,0.25949700011551613,0.09505400021225796,0.0
pd,00:03:12.048,1278,-89.999,-90.0,0.0,-89.982,0.238,-0.0,0.0,0.0,0.0,0.0,0.0,0.0,-90.0,-90.0,0.0,-89.901,0.239,-0.0,-89.9995,-90.0,0.0,-89.94149999999999,0.2385,0.0,-0.05443754542648774,0.0,0.0,4.409441179524619,0.054437545426227855,0.0,-0.0005000000000023874,0.0,0.0,0.04050000000000864,0.0005000000000000004,0.0,-0.0137698,-0.0068849,0.034424500000000004,1.4114045,0.0206547,0.0068849,-0.014095970695794,-0.001595115995096,-0.005947008546934,0.00103479853482,-0.0016556776557120003,0.002207570207616,0.08101234473832063,1.7658900001151778,0.1623130001462414,0.06998100025157328,0.0
pd,00:03:12.050,1279,-89.999,-90.0,0.0,-89.982,0.238,-0.0,0.0,0.0,0.0,0.0,0.0,0.0,-90.0,-90.0,0.0,-89.901,0.239,-0.0,-89.9995,-90.0,0.0,-89.94149999999999,0.2385,0.0,-0.1208315280024207,0.0,0.0,9.787353768149714,0.12083152800184385,0.0,-0.0005000000000023874,0.0,0.0,0.04050000000000864,0.0005000000000000004,0.0,-0.0137698,-0.0068849,0.034424500000000004,1.4114045,0.0206547,0.0068849,-0.014095970695794,-0.001595115995096,-0.005947008546934,0.00103479853482,-0.0016556776557120003,0.002207570207616,0.08101234473832063,1.6947789999903762,0.13449800007947488,0.05796200002805563,0.0
pd,00:03:12.052,1280,-89.999,-90.0,0.0,-89.982,0.238,-0.0,0.0,0.0,0.0,0.0,0.0,0.0,-90.0,-90.0,0.0,-89.901,0.239,-0.0,-89.9995,-90.0,0.0,-89.94149999999999,0.2385,0.0,-0.12825048923740298,0.0,0.0,10.388289628180432,0.12825048923679072,0.0,-0.0005000000000023874,0.0,0.0,0.04050000000000864,0.0005000000000000004,0.0,-0.0137698,-0.0068849,0.034424500000000004,1.4114045,0.0206547,0.0068849,-0.014095970695794,-0.001595115995096,-0.005947008546934,0.00103479853482,-0.0016556776557120003,0.002207570207616,0.08101234473832063,1.7351129999951809,0.17933100025402382,0.10022100013884483,0.0
pd,00:03:12.055,1281,-89.999,-90.0,-0.0,-89.953,0.238,-0.0,0.0,0.0,-0.0,9.073839313687785,0.0,0.0,-90.0,-90.0,0.0,-89.901,0.239,-0.0,-89.9995,-90.0,0.0,-90.83438393136878,0.2385,0.0,-0.07822275270458835,0.0,0.0,-137.88855460185673,0.07822275270421492,0.0,-0.0005000000000023874,0.0,0.0,-0.8813839313687737,0.0005000000000000004,0.0,-0.0137698,-0.0068849,0.034424500000000004,1.4114045,0.0206547,0.0068849,-0.014095970695794,-0.001595115995096,-0.005947008546934,0.00103479853482,-0.0016556776557120003,0.002207570207616,0.05201922721456661,2.0036099999742873,0.27288599994790275,0.09716600015963195,0.0
pd,00:03:12.058,1282,-89.999,-90.0,-0.0,-89.953,0.238,-0.0,0.0,0.0,0.0,0.0,0.0,0.0,-90.0,-90.0,0.0,-89.901,0.239,-0.0,-89.9995,-90.0,0.0,-89.92699999999999,0.2385,0.0,-0.10095080388995925,0.0,0.0,5.249441802253493,0.10095080388947732,0.0,-0.0005000000000023874,0.0,0.0,0.02600000000001046,0.0005000000000000004,0.0,-0.0137698,-0.0068849,0.034424500000000004,1.4114045,0.0206547,0.0068849,-0.014095970695794,-0.001595115995096,-0.005947008546934,0.00103479853482,-0.0016556776557120003,0.002207570207616,0.05201922721456661,1.7282979997617076,0.1610539998182503,0.08892500000001746,0.0
pd,00:03:12.060,1283,-89.999,-90.0,-0.0,-89.953,0.238,-0.0,0.0,0.0,0.0,0.0,0.0,0.0,-90.0,-90.0,0.0,-89.901,0.239,-0.0,-89.9995,-90.0,0.0,-89.92699999999999,0.2385,0.0,-0.12122265896011639,0.0,0.0,6.303578265896767,0.12122265895953768,0.0,-0.0005000000000023874,0.0,0.0,0.02600000000001046,0.0005000000000000004,0.0,-0.0137698,-0.0068849,0.034424500000000004,1.4114045,0.0206547,0.0068849,-0.014095970695794,-0.001595115995096,-0.005947008546934,0.00103479853482,-0.0016556776557120003,0.002207570207616,0.05201922721456661,1.8666480000320007,0.2540899999985413,0.12766500003635883,0.0
pd,00:03:12.062,1284,-89.999,-90.0,-0.0,-89.953,0.238,-0.0,0.0,0.0,0.0,0.0,0.0,0.0,-90.0,-90.0,0.0,-89.901,0.239,-0.0,-89.9995,-90.0,0.0,-89.92699999999999,0.2385,0.0,-0.10608822339184609,0.0,0.0,5.5165876163503675,0.10608822339133964,0.0,-0.0005000000000023874,0.0,0.0,0.02600000000001046,0.0005000000000000004,0.0,0.0481943,-0.0206547,-0.034424500000000004,0.8812672,0.0068849,-0.0137698,-0.013298412698246,-0.0024967032966719998,-0.005045421245358,-0.000396672771681,-0.0016556776557120003,0.001431471306501,0.05201922721456661,3.671518999908585,0.2455720000398287,0.1205920002576022,0.0
pd,00:03:12.066,1285,-89.999,-90.0,-0.0,-89.953,0.238,-0.0,0.0,0.0,0.0,0.0,0.0,0.0,-90.0,-90.0,0.0,-89.901,0.239,-0.0,-89.9995,-90.0,0.0,-89.92699999999999,0.2385,0.0,-0.060353171405836695,0.0,0.0,3.1383649130889277,0.06035317140554857,0.0,-0.0005000000000023874,0.0,0.0,0.02600000000001046,0.0005000000000000004,0.0,0.0481943,-0.0206547,-0.034424500000000004,0.8812672,0.0068849,-0.0137698,-0.013298412698246,-0.0024967032966719998,-0.005045421245358,-0.000396672771681,-0.0016556776557120003,0.001431471306501,0.05201922721456661,2.826120000008814,0.21097900025779381,0.0961470000220288,0.0
pd,00:03:12.069,1286,-89.999,-90.0,-0.0,-89.953,0.238,-0.0,0.0,0.0,0.0,0.0,0.0,0.0,-90.0,-90.0,0.0,-89.901,0.239,-0.0,-89.9995,-90.0,0.0,-89.92699999999999,0.2385,0.0,-0.07764353943021153,0.0,0.0,4.037464050352242,0.07764353942984087,0.0,-0.0005000000000023874,0.0,0.0,0.02600000000001046,0.0005000000000000004,0.0,0.0481943,-0.0206547,-0.034424500000000004,0.8812672,0.0068849,-0.0137698,-0.013298412698246,-0.0024967032966719998,-0.005045421245358,-0.000396672771681,-0.0016556776557120003,0.001431471306501,0.05201922721456661,1.8414440000924515,0.26296100031686365,0.13209100006861263,0.0
pd,00:03:12.072,1287,-89.999,-90.0,-0.0,-89.953,0.238,-0.0,0.0,0.0,0.0,0.0,0.0,0.0,-90.0,-90.0,0.0,-89.901,0.239,-0.0,-89.9995,-90.0,0.0,-89.92699999999999,0.2385,0.0,-0.10626023510387178,0.0,0.0,5.525532225375662,0.1062602351033645,0.0,-0.0005000000000023874,0.0,0.0,0.02600000000001046,0.0005000000000000004,0.0,0.0481943,-0.0206547,-0.034424500000000004,0.8812672,0.0068849,-0.0137698,-0.013298412698246,-0.0024967032966719998,-0.005045421245358,-0.000396672771681,-0.0016556776557120003,0.001431471306501,0.05201922721456661,2.084607999677246,0.28403400028764736,0.1451470002393762,0.0
pd,00:03:12.074,1288,-89.999,-90.0,0.0,-89.927,0.238,-0.0,0.0,0.0,0.0,9.85201047971671,0.0,0.0,-90.0,-90.0,0.0,-89.901,0.239,-0.0,-89.9995,-90.0,0.0,-90.89920104797167,0.2385,0.0,-0.09473086999774205,0.0,0.0,-184.19490217326543,0.09473086999728982,0.0,-0.0005000000000023874,0.0,0.0,-0.9722010479716658,0.0005000000000000004,0.0,0.0481943,-0.0206547,-0.034424500000000004,0.8812672,0.0068849,-0.0137698,-0.013298412698246,-0.0024967032966719998,-0.005045421245358,-0.000396672771681,-0.0016556776557120003,0.001431471306501,0.026038433132593703,1.8359079999754613,0.19451599973763223,0.07503699998778757,0.0
pd,00:03:12.077,1289,-89.999,-90.0,0.0,-89.927,0.238,-0.0,0.0,0.0,0.0,0.0,0.0,0.0,-90.0,-90.0,0.0,-89.901,0.239,-0.0,-89.9995,-90.0,0.0,-89.914,0.2385,0.0,-0.1126169047368711,0.0,0.0,2.9280395231458454,0.11261690473633347,0.0,-0.0005000000000023874,0.0,0.0,0.01300000000000523,0.0005000000000000004,0.0,0.0481943,-0.0206547,-0.034424500000000004,0.8812672,0.0068849,-0.0137698,-0.013298412698246,-0.0024967032966719998,-0.005045421245358,-0.000396672771681,-0.0016556776557120003,0.001431471306501,0.026038433132593703,1.7469819999860192,0.1727759999994305,0.07566600015707081,0.0
pd,00:03:12.079,1290,-89.999,-90.0,0.0,-89.927,0.238,-0.0,0.0,0.0,0.0,0.0,0.0,0.0,-90.0,-90.0,0.0,-89.901,0.239,-0.0,-89.9995,-90.0,0.0,-89.914,0.2385,0.0,-0.12067855909828597,0.0,0.0,3.1376425365417155,0.12067855909770986,0.0,-0.0005000000000023874,0.0,0.0,0.01300000000000523,0.0005000000000000004,0.0,0.0481943,-0.0206547,-0.034424500000000004,0.8812672,0.0068849,-0.0137698,-0.013298412698246,-0.0024967032966719998,-0.005045421245358,-0.000396672771681,-0.0016556776557120003,0.001431471306501,0.026038433132593703,1.692816000286257,0.1331470002696733,0.06748100031472859,0.0
pd,00:03:12.082,1291,-89.999,-90.0,0.0,-89.927,0.238,-0.0,0.0,0.0,0.0,0.0,0.0,0.0,-90.0,-90.0,0.0,-89.901,0.239,-0.0,-89.9995,-90.0,0.0,-89.914,0.2385,0.0,-0.08792352842570911,0.0,0.0,2.286011739058441,0.08792352842528936,0.0,-0.0005000000000023874,0.0,0.0,0.01300000000000523,0.0005000000000000004,0.0,0.0481943,-0.0206547,-0.034424500000000004,0.8812672,0.0068849,-0.0137698,-0.013298412698246,-0.0024967032966719998,-0.005045421245358,-0.000396672771681,-0.0016556776557120003,0.001431471306501,0.026038433132593703,1.9618689998424088,1.242450999598077,0.3376999998181418,0.0
pd,00:03:12.085,1292,-89.999,-90.0,0.0,-89.927,0.238,-0.0,0.0,0.0,0.0,0.0,0.0,0.0,-90.0,-90.0,0.0,-89.901,0.239,-0.0,-89.9995,-90.0,0.0,-89.914,0.2385,0.0,-0.06768062996224145,0.0,0.0,1.7596963790105833,0.06768062996191834,0.0,-0.0005000000000023874,0.0,0.0,0.01300000000000523,0.0005000000000000004,0.0,0.0137698,-0.0068849,0.0206547,0.68849,-0.0,-0.0481943,-0.013246398046232,-0.0024620268619959997,-0.0049934065933439995,-6.8986568988e-05,-0.0016901709402060002,0.00120726495729,0.026038433132593703,3.4543179999673157,0.24297899972225423,0.11492500016174745,0.0
pd,00:03:12.089,1293,-89.999,-90.0,0.0,-89.927,0.238,-0.0,0.0,0.0,0.0,0.0,0.0,0.0,-90.0,-90.0,0.0,-89.901,0.239,-0.0,-89.9995,-90.0,0.0,-89.914,0.2385,0.0,-0.06386357269048096,0.0,0.0,1.6604528899452444,0.06386357269017608,0.0,-0.0005000000000023874,0.0,0.0,0.01300000000000523,0.0005000000000000004,0.0,0.0137698,-0.0068849,0.0206547,0.68849,-0.0,-0.0481943,-0.013246398046232,-0.0024620268619959997,-0.0049934065933439995,-6.8986568988e-05,-0.0016901709402060002,0.00120726495729,0.026038433132593703,1.765185999829555,0.15325799995480338,0.06422099977498874,0.0
pd,00:03:12.091,1294,-89.999,-90.0,0.0,-89.927,0.238,-0.0,0.0,0.0,0.0,0.0,0.0,0.0,-90.0,-90.0,0.0,-89.901,0.239,-0.0,-89.9995,-90.0,0.0,-89.914,0.2385,0.0,-0.12185659500348714,0.0,0.0,3.168271470076812,0.1218565950029054,0.0,-0.0005000000000023874,0.0,0.0,0.01300000000000523,0.0005000000000000004,0.0,0.0137698,-0.0068849,0.0206547,0.68849,-0.0,-0.0481943,-0.013246398046232,-0.0024620268619959997,-0.0049934065933439995,-6.8986568988e-05,-0.0016901709402060002,0.00120726495729,0.026038433132593703,1.8967959999827144,0.25127499975496903,0.12231400023665628,0.0
pd,00:03:12.094,1295,-89.999,-90.0,0.0,-89.927,0.238,-0.0,0.0,0.0,0.0,0.0,0.0,0.0,-90.0,-90.0,0.0,-89.901,0.239,-0.0,-89.9995,-90.0,0.0,-89.914,0.2385,0.0,-0.10507826435564754,0.0,0.0,2.73203487323489,0.1050782643551459,0.0,-0.0005000000000023874,0.0,0.0,0.01300000000000523,0.0005000000000000004,0.0,0.0137698,-0.0068849,0.0206547,0.68849,-0.0,-0.0481943,-0.013246398046232,-0.0024620268619959997,-0.0049934065933439995,-6.8986568988e-05,-0.0016901709402060002,0.00120726495729,0.026038433132593703,1.8822219999492518,0.20259099983377382,0.09203599984175526,0.0
pd,00:03:12.096,1296,-89.999,-90.0,-0.0,-89.908,0.238,-0.0,0.0,0.0,-0.0,8.403646103556142,0.0,0.0,-90.0,-90.0,0.0,-89.901,0.239,-0.0,-89.9995,-90.0,0.0,-90.74486461035562,0.2385,0.0,-0.11057429083676124,0.0,0.0,-185.07142163202485,0.11057429083623335,0.0,-0.0005000000000023874,0.0,0.0,-0.8368646103556188,0.0005000000000000004,0.0,0.0137698,-0.0068849,0.0206547,0.68849,-0.0,-0.0481943,-0.013246398046232,-0.0024620268619959997,-0.0049934065933439995,-6.8986568988e-05,-0.0016901709402060002,0.00120726495729,0.0071414284285484225,1.7965560000448022,0.1533129998279037,0.06670299990219064,0.0
pd,00:03:12.098,1297,-89.999,-90.0,-0.0,-89.908,0.238,-0.0,0.0,0.0,0.0,0.0,0.0,0.0,-90.0,-90.0,0.0,-89.901,0.239,-0.0,-89.9995,-90.0,0.0,-89.9045,0.2385,0.0,-0.11987835829484472,0.0,0.0,0.8391485080605059,0.11987835829427243,0.0,-0.0005000000000023874,0.0,0.0,0.003500000000002501,0.0005000000000000004,0.0,0.0137698,-0.0068849,0.0206547,0.68849,-0.0,-0.0481943,-0.013246398046232,-0.0024620268619959997,-0.0049934065933439995,-6.8986568988e-05,-0.0016901709402060002,0.00120726495729,0.0071414284285484225,1.688872999693558,0.13259099978313316,0.05820300020786817,0.0
pd,00:03:12.100,1298,-89.999,-90.0,-0.0,-89.908,0.238,-0.0,0.0,0.0,0.0,0.0,0.0,0.0,-90.0,-90.0,0.0,-89.901,0.239,-0.0,-89.9995,-90.0,0.0,-89.9045,0.2385,0.0,-0.12854922152813616,0.0,0.0,0.8998445506932996,0.1285492215275225,0.0,-0.0005000000000023874,0.0,0.0,0.003500000000002501,0.0005000000000000004,0.0,0.0137698,-0.0068849,0.0206547,0.68849,-0.0,-0.0481943,-0.013246398046232,-0.0024620268619959997,-0.0049934065933439995,-6.8986568988e-05,-0.0016901709402060002,0.00120726495729,0.0071414284285484225,1.7607600002520485,0.23616399994352832,0.12344300012046006,0.0
pd,00:03:12.102,1299,-89.999,-90.0,-0.0,-89.908,0.238,-0.0,0.0,0.0,0.0,0.0,0.0,0.0,-90.0,-90.0,0.0,-89.901,0.239,-0.0,-89.9995,-90.0,0.0,-89.9045,0.2385,0.0,-0.11202735042788534,0.0,0.0,0.7841914529920134,0.11202735042735053,0.0,-0.0005000000000023874,0.0,0.0,0.003500000000002501,0.0005000000000000004,0.0,0.0137698,0.0068849,-0.0137698,0.5370222,0.0068849,0.0275396,-0.013246398046232,-0.0010229548229419999,-0.0049934065933439995,5.173992674100001e-05,-0.0019661172161580002,0.001569444444477,0.0071414284285484225,3.156783999656909,0.5340129996511678,0.12068400019416003,0.0
pd,00:03:12.106,1300,-89.999,-90.0,-0.0,-89.908,0.238,-0.0,0.0,0.0,0.0,0.0,0.0,0.0,-90.0,-90.0,0.0,-89.901,0.239,-0.0,-89.9995,-90.0,0.0,-89.9045,0.2385,0.0,-0.06365808645003684,0.0,0.0,0.4456066051484486,0.06365808644973293,0.0,-0.0005000000000023874,0.0,0.0,0.003500000000002501,0.0005000000000000004,0.0,-0.0137698,0.0068849,-0.0137698,0.5370222,0.0068849,0.0275396,-0.013558485958316,-0.0010229548229419999,-0.0049934065933439995,5.173992674100001e-05,-0.0019661172161580002,0.001569444444477,0.0071414284285484225,2.7029910002056567,0.18908999982159003,0.08938800010582781,0.0
pd,00:03:12.112,1301,-89.999,-90.0,-0.0,-89.908,0.238,-0.0,0.0,0.0,0.0,0.0,0.0,0.0,-90.0,-90.0,0.0,-89.901,0.239,-0.0,-89.9995,-90.0,0.0,-89.9045,0.2385,0.0,-0.0443091485317983,0.0,0.0,0.3101640397213288,0.044309148531586774,0.0,-0.0005000000000023874,0.0,0.0,0.003500000000002501,0.0005000000000000004,0.0,-0.0137698,0.0068849,-0.0137698,0.5370222,0.0068849,0.0275396,-0.013558485958316,-0.0010229548229419999,-0.0049934065933439995,5.173992674100001e-05,-0.0019661172161580002,0.001569444444477,0.0071414284285484225,2.0525539998743625,0.2687759997570538,0.1355350000267208,0.0
pd,00:03:12.114,1302,-89.999,-90.0,0.0,-89.896,0.238,-0.0,0.0,0.0,0.0,4.646999169051972,0.0,0.0,-90.0,-90.0,0.0,-89.901,0.239,-0.0,-89.9995,-90.0,0.0,-90.3631999169052,0.2385,0.0,-0.09681248268904134,0.0,0.0,-90.46156773497954,0.09681248268857917,0.0,-0.0005000000000023874,0.0,0.0,-0.46719991690520146,0.0005000000000000004,0.0,-0.0137698,0.0068849,-0.0137698,0.5370222,0.0068849,0.0275396,-0.013558485958316,-0.0010229548229419999,-0.0049934065933439995,5.173992674100001e-05,-0.0019661172161580002,0.001569444444477,0.005196152422703175,1.8647040001269488,0.2424979998068011,0.12468399972931365,0.0
pd,00:03:12.117,1303,-89.999,-90.0,0.0,-89.896,0.238,-0.0,0.0,0.0,0.0,0.0,0.0,0.0,-90.0,-90.0,0.0,-89.901,0.239,-0.0,-89.9995,-90.0,0.0,-89.8985,0.2385,0.0,-0.10549054326006105,0.0,0.0,-0.5274527162973071,0.10549054325955744,0.0,-0.0005000000000023874,0.0,0.0,-0.0024999999999977263,0.0005000000000000004,0.0,-0.0137698,0.0068849,-0.0137698,0.5370222,0.0068849,0.0275396,-0.013558485958316,-0.0010229548229419999,-0.0049934065933439995,5.173992674100001e-05,-0.0019661172161580002,0.001569444444477,0.005196152422703175,1.8244820003019413,0.23127499980546418,0.1073140001608408,0.0
pd,00:03:12.119,1304,-89.999,-90.0,0.0,-89.896,0.238,-0.0,0.0,0.0,0.0,0.0,0.0,0.0,-90.0,-90.0,0.0,-89.901,0.239,-0.0,-89.9995,-90.0,0.0,-89.8985,0.2385,0.0,-0.11059761628573007,0.0,0.0,-0.5529880814255069,0.11059761628520208,0.0,-0.0005000000000023874,0.0,0.0,-0.0024999999999977263,0.0005000000000000004,0.0,-0.0137698,0.0068849,-0.0137698,0.5370222,0.0068849,0.0275396,-0.013558485958316,-0.0010229548229419999,-0.0049934065933439995,5.173992674100001e-05,-0.0019661172161580002,0.001569444444477,0.005196152422703175,1.7571679995853628,0.14779499997530365,0.06503699978566146,0.0
pd,00:03:12.121,1305,-89.999,-90.0,0.0,-89.896,0.238,-0.0,0.0,0.0,0.0,0.0,0.0,0.0,-90.0,-90.0,0.0,-89.901,0.239,-0.0,-89.9995,-90.0,0.0,-89.8985,0.2385,0.0,-0.12179997676907967,0.0,0.0,-0.6089998838419365,0.12179997676849819,0.0,-0.0005000000000023874,0.0,0.0,-0.0024999999999977263,0.0005000000000000004,0.0,-0.0137698,0.0068849,-0.0137698,0.5370222,0.0068849,0.0275396,-0.013558485958316,-0.0010229548229419999,-0.0049934065933439995,5.173992674100001e-05,-0.0019661172161580002,0.001569444444477,0.005196152422703175,1.719113000035577,0.1899240000966529,0.09777700006452505,0.0
pd,00:03:12.123,1306,-89.999,-90.0,0.0,-89.896,0.238,-0.0,0.0,0.0,0.0,0.0,0.0,0.0,-90.0,-90.0,0.0,-89.901,0.239,-0.0,-89.9995,-90.0,0.0,-89.8985,0.2385,0.0,-0.11926478616981424,0.0,0.0,-0.5963239308456815,0.11926478616924488,0.0,-0.0005000000000023874,0.0,0.0,-0.0024999999999977263,0.0005000000000000004,0.0,0.034424500000000004,0.0137698,0.0413094,0.14458290000000001,-0.0137698,-0.0137698,-0.014286691086512,-0.0010229548229419999,-0.005305494505428,-0.001396978022007,-0.0019143772894170002,0.002276556776604,0.005196152422703175,4.028848999951151,0.24184899984902586,0.11994399983450421,0.0
pd,00:03:12.128,1307,-89.999,-90.0,0.0,-89.896,0.238,-0.0,0.0,0.0,0.0,0.0,0.0,0.0,-90.0,-90.0,0.0,-89.901,0.239,-0.0,-89.9995,-90.0,0.0,-89.8985,0.2385,0.0,-0.054764506189220595,0.0,0.0,-0.2738225309445465,0.05476450618895915,0.0,-0.0005000000000023874,0.0,0.0,-0.0024999999999977263,0.0005000000000000004,0.0,0.034424500000000004,0.0137698,0.0413094,0.14458290000000001,-0.0137698,-0.0137698,-0.014286691086512,-0.0010229548229419999,-0.005305494505428,-0.001396978022007,-0.0019143772894170002,0.002276556776604,0.005196152422703175,1.9554999998945277,0.26479400003154296,0.17801700005293242,0.0
pd,00:03:12.130,1308,-89.999,-90.0,0.0,-89.896,0.238,-0.0,0.0,0.0,0.0,0.0,0.0,0.0,-90.0,-90.0,0.0,-89.901,0.239,-0.0,-89.9995,-90.0,0.0,-89.8985,0.2385,0.0,-0.09894093225184061,0.0,0.0,-0.494704661256391,0.09894093225136827,0.0,-0.0005000000000023874,0.0,0.0,-0.0024999999999977263,0.0005000000000000004,0.0,0.034424500000000004,0.0137698,0.0413094,0.14458290000000001,-0.0137698,-0.0137698,-0.014286691086512,-0.0010229548229419999,-0.005305494505428,-0.001396978022007,-0.0019143772894170002,0.002276556776604,0.005196152422703175,1.9328520002090954,0.2434789998915221,0.11651700015136157,0.0
pd,00:03:12.133,1309,-89.999,-90.0,0.0,-89.896,0.238,-0.0,0.0,0.0,0.0,0.0,0.0,0.0,-90.0,-90.0,0.0,-89.901,0.239,-0.0,-89.9995,-90.0,0.0,-89.8985,0.2385,0.0,-0.10435668789858746,0.0,0.0,-0.5217834394899713,0.10435668789808926,0.0,-0.0005000000000023874,0.0,0.0,-0.0024999999999977263,0.0005000000000000004,0.0,0.034424500000000004,0.0137698,0.0413094,0.14458290000000001,-0.0137698,-0.0137698,-0.014286691086512,-0.0010229548229419999,-0.005305494505428,-0.001396978022007,-0.0019143772894170002,0.002276556776604,0.005196152422703175,1.8137219999516674,0.19662800013975357,0.08696199984115083,0.0
pd,00:03:12.135,1310,-89.999,-90.0,0.0,-89.885,0.238,-0.0,0.0,0.0,0.0,5.034080087286621,0.0,0.0,-90.0,-90.0,0.0,-89.901,0.239,-0.0,-89.9995,-90.0,0.0,-90.39640800872866,0.2385,0.0,-0.11441091107528716,0.0,0.0,-117.0213124191295,0.11441091107474097,0.0,-0.0005000000000023874,0.0,0.0,-0.511408008728651,0.0005000000000000004,0.0,0.034424500000000004,0.0137698,0.0413094,0.14458290000000001,-0.0137698,-0.0137698,-0.014286691086512,-0.0010229548229419999,-0.005305494505428,-0.001396978022007,-0.0019143772894170002,0.002276556776604,0.016062378404200477,2.098941999975068,0.20184899995001615,0.0938319999477244,0.0
pd,00:03:12.138,1311,-89.999,-90.0,0.0,-89.885,0.238,-0.0,0.0,0.0,0.0,0.0,0.0,0.0,-90.0,-90.0,0.0,-89.901,0.239,-0.0,-89.9995,-90.0,0.0,-89.893,0.2385,0.0,-0.07400494036311714,0.0,0.0,-1.1840790458035642,0.07400494036276385,0.0,-0.0005000000000023874,0.0,0.0,-0.007999999999995566,0.0005000000000000004,0.0,0.034424500000000004,0.0137698,0.0413094,0.14458290000000001,-0.0137698,-0.0137698,-0.014286691086512,-0.0010229548229419999,-0.005305494505428,-0.001396978022007,-0.0019143772894170002,0.002276556776604,0.016062378404200477,1.9065740002588427,0.2283680000800814,0.0786289997449785,0.0
pd,00:03:12.140,1312,-89.999,-90.0,0.0,-89.885,0.238,-0.0,0.0,0.0,0.0,0.0,0.0,0.0,-90.0,-90.0,0.0,-89.901,0.239,-0.0,-89.9995,-90.0,0.0,-89.893,0.2385,0.0,-0.10808947531233963,0.0,0.0,-1.729431604988218,0.10808947531182361,0.0,-0.0005000000000023874,0.0,0.0,-0.007999999999995566,0.0005000000000000004,0.0,0.034424500000000004,0.0137698,0.0413094,0.14458290000000001,-0.0137698,-0.0137698,-0.014286691086512,-0.0010229548229419999,-0.005305494505428,-0.001396978022007,-0.0019143772894170002,0.002276556776604,0.016062378404200477,1.8639259997144109,0.24703400004000287,0.1214429998981359,0.0
pd,00:03:12.143,1313,-89.999,-90.0,0.0,-89.885,0.238,-0.0,0.0,0.0,0.0,0.0,0.0,0.0,-90.0,-90.0,0.0,-89.901,0.239,-0.0,-89.9995,-90.0,0.0,-89.893,0.2385,0.0,-0.10682314588478065,0.0,0.0,-1.709170334147382,0.10682314588427068,0.0,-0.0005000000000023874,0.0,0.0,-0.007999999999995566,0.0005000000000000004,0.0,0.034424500000000004,-0.0137698,-0.0206547,0.0206547,-0.0,-0.0068849,-0.013523809523639999,-0.001872527472504,-0.006103052502976,0.000275946275952,-0.002173076923122,0.0018971306471700002,0.016062378404200477,3.5886499999833177,0.8311960000355612,0.4978649999429763,0.0
pd,00:03:12.148,1314,-89.999,-90.0,0.0,-89.885,0.238,-0.0,0.0,0.0,0.0,0.0,0.0,0.0,-90.0,-90.0,0.0,-89.901,0.239,-0.0,-89.9995,-90.0,0.0,-89.893,0.2385,0.0,-0.04947513447225662,0.0,0.0,-0.7916021515518874,0.04947513447202043,0.0,-0.0005000000000023874,0.0,0.0,-0.007999999999995566,0.0005000000000000004,0.0,0.034424500000000004,-0.0137698,-0.0206547,0.0206547,-0.0,-0.0068849,-0.013523809523639999,-0.001872527472504,-0.006103052502976,0.000275946275952,-0.002173076923122,0.0018971306471700002,0.016062378404200477,1.9508509999468515,0.25590499990357785,0.11986900017291191,0.0
pd,00:03:12.150,1315,-89.999,-90.0,0.0,-89.885,0.238,-0.0,0.0,0.0,0.0,0.0,0.0,0.0,-90.0,-90.0,0.0,-89.901,0.239,-0.0,-89.9995,-90.0,0.0,-89.893,0.2385,0.0,-0.10292265410335756,0.0,0.0,-1.646762465644945,0.1029226541028662,0.0,-0.0005000000000023874,0.0,0.0,-0.007999999999995566,0.0005000000000000004,0.0,0.034424500000000004,-0.0137698,-0.0206547,0.0206547,-0.0,-0.0068849,-0.013523809523639999,-0.001872527472504,-0.006103052502976,0.000275946275952,-0.002173076923122,0.0018971306471700002,0.016062378404200477,1.7960380000658915,0.15448000021933694,0.06166599996504374,0.0
pd,00:03:12.152,1316,-89.999,-90.0,0.0,-89.885,0.238,-0.0,0.0,0.0,0.0,0.0,0.0,0.0,-90.0,-90.0,0.0,-89.901,0.239,-0.0,-89.9995,-90.0,0.0,-89.893,0.2385,0.0,-0.12033233876577999,0.0,0.0,-1.9253174202422196,0.12033233876520552,0.0,-0.0005000000000023874,0.0,0.0,-0.007999999999995566,0.0005000000000000004,0.0,0.034424500000000004,-0.0137698,-0.0206547,0.0206547,-0.0,-0.0068849,-0.013523809523639999,-0.001872527472504,-0.006103052502976,0.000275946275952,-0.002173076923122,0.0018971306471700002,0.016062378404200477,1.7373340001540782,0.15490599980694242,0.06594400019821478,0.0
pd,00:03:12.154,1317,-89.999,-90.0,0.0,-89.885,0.238,-0.0,0.0,0.0,0.0,0.0,0.0,0.0,-90.0,-90.0,0.0,-89.901,0.239,-0.0,-89.9995,-90.0,0.0,-89.893,0.2385,0.0,-0.12323140204548205,0.0,0.0,-1.9717024327172055,0.12323140204489375,0.0,-0.0005000000000023874,0.0,0.0,-0.007999999999995566,0.0005000000000000004,0.0,0.034424500000000004,-0.0137698,-0.0206547,0.0206547,-0.0,-0.0068849,-0.013523809523639999,-0.001872527472504,-0.006103052502976,0.000275946275952,-0.002173076923122,0.0018971306471700002,0.016062378404200477,1.750482999796077,0.18646100033947732,0.08340700014741742,0.0
pd,00:03:12.156,1318,-89.999,-90.0,0.0,-89.879,0.238,-0.0,0.0,0.0,0.0,2.855210347175057,0.0,0.0,-90.0,-90.0,0.0,-89.901,0.239,-0.0,-89.9995,-90.0,0.0,-90.1755210347175,0.2385,0.0,-0.11896709779952426,0.0,0.0,-70.55249387336936,0.11896709779895631,0.0,-0.0005000000000023874,0.0,0.0,-0.29652103471750024,0.0005000000000000004,0.0,0.034424500000000004,-0.0137698,-0.0206547,0.0206547,-0.0,-0.0068849,-0.013523809523639999,-0.001872527472504,-0.006103052502976,0.000275946275952,-0.002173076923122,0.0018971306471700002,0.022045407685040198,1.7640010000832262,0.14199799989000894,0.06185100028233137,0.0
pd,00:03:12.158,1319,-89.999,-90.0,0.0,-89.879,0.238,-0.0,0.0,0.0,0.0,0.0,0.0,0.0,-90.0,-90.0,0.0,-89.901,0.239,-0.0,-89.9995,-90.0,0.0,-89.89,0.2385,0.0,-0.12289920300105565,0.0,0.0,-2.7037824660092524,0.12289920300046893,0.0,-0.0005000000000023874,0.0,0.0,-0.01099999999999568,0.0005000000000000004,0.0,0.034424500000000004,-0.0137698,-0.0206547,0.0206547,-0.0,-0.0068849,-0.013523809523639999,-0.001872527472504,-0.006103052502976,0.000275946275952,-0.002173076923122,0.0018971306471700002,0.022045407685040198,1.781796999694052,0.24668299965924234,0.41994000002887333,0.0
pd,00:03:12.161,1320,-89.999,-90.0,0.0,-89.879,0.238,-0.0,0.0,0.0,0.0,0.0,0.0,0.0,-90.0,-90.0,0.0,-89.901,0.239,-0.0,-89.9995,-90.0,0.0,-89.89,0.2385,0.0,-0.0976873486123539,0.0,0.0,-2.1491216694606803,0.09768734861188755,0.0,-0.0005000000000023874,0.0,0.0,-0.01099999999999568,0.0005000000000000004,0.0,0.034424500000000004,-0.0137698,-0.0206547,0.0206547,-0.0,-0.0068849,-0.013523809523639999,-0.001872527472504,-0.006103052502976,0.000275946275952,-0.002173076923122,0.0018971306471700002,0.022045407685040198,1.8037959998764563,0.2573679998931766,0.12766500003635883,0.0
pd,00:03:12.166,1321,-89.999,-90.0,0.0,-89.879,0.238,-0.0,0.0,0.0,0.0,0.0,0.0,0.0,-90.0,-90.0,0.0,-89.901,0.239,-0.0,-89.9995,-90.0,0.0,-89.89,0.2385,0.0,-0.051889152811015776,0.0,0.0,-1.141561361836448,0.05188915281076806,0.0,-0.0005000000000023874,0.0,0.0,-0.01099999999999568,0.0005000000000000004,0.0,0.0206547,-0.0481943,-0.0137698,-0.0,0.0413094,0.0275396,-0.014321367521187999,-0.001595115995096,-0.006137728937652,5.173992674100001e-05,-0.0019661172161580002,0.0017419108669470002,0.022045407685040198,2.9402669997580233,0.2575529997557169,0.12964699999429286,0.0
pd,00:03:12.169,1322,-89.999,-90.0,0.0,-89.879,0.238,-0.0,0.0,0.0,0.0,0.0,0.0,0.0,-90.0,-90.0,0.0,-89.901,0.239,-0.0,-89.9995,-90.0,0.0,-89.89,0.2385,0.0,-0.07259093111838054,0.0,0.0,-1.597000484596119,0.07259093111803398,0.0,-0.0005000000000023874,0.0,0.0,-0.01099999999999568,0.0005000000000000004,0.0,0.0206547,-0.0481943,-0.0137698,-0.0,0.0413094,0.0275396,-0.014321367521187999,-0.001595115995096,-0.006137728937652,5.173992674100001e-05,-0.0019661172161580002,0.0017419108669470002,0.022045407685040198,1.8430559998705576,0.24516399980711867,0.12060900007782038,0.0
pd,00:03:12.172,1323,-89.999,-90.0,0.0,-89.879,0.238,-0.0,0.0,0.0,0.0,0.0,0.0,0.0,-90.0,-90.0,0.0,-89.901,0.239,-0.0,-89.9995,-90.0,0.0,-89.89,0.2385,0.0,-0.10804492529675495,0.0,0.0,-2.3769883565163257,0.10804492529623914,0.0,-0.0005000000000023874,0.0,0.0,-0.01099999999999568,0.0005000000000000004,0.0,0.0206547,-0.0481943,-0.0137698,-0.0,0.0413094,0.0275396,-0.014321367521187999,-0.001595115995096,-0.006137728937652,5.173992674100001e-05,-0.0019661172161580002,0.0017419108669470002,0.022045407685040198,1.8607040001370478,0.23064600009092828,0.10916499968516291,0.0
pd,00:03:12.174,1324,-89.999,-90.0,0.0,-89.879,0.238,-0.0,0.0,0.0,0.0,0.0,0.0,0.0,-90.0,-90.0,0.0,-89.901,0.239,-0.0,-89.9995,-90.0,0.0,-89.89,0.2385,0.0,-0.10873960385823984,0.0,0.0,-2.3922712848689143,0.10873960385772072,0.0,-0.0005000000000023874,0.0,0.0,-0.01099999999999568,0.0005000000000000004,0.0,0.0206547,-0.0481943,-0.0137698,-0.0,0.0413094,0.0275396,-0.014321367521187999,-0.001595115995096,-0.006137728937652,5.173992674100001e-05,-0.0019661172161580002,0.0017419108669470002,0.022045407685040198,1.7813159997785988,0.20049799968546722,0.09073999990505399,0.0
pd,00:03:12.176,1325,-89.999,-90.0,-0.0,-89.879,0.238,-0.0,0.0,0.0,-0.0,0.0,0.0,0.0,-90.0,-90.0,0.0,-89.901,0.239,-0.0,-89.9995,-90.0,0.0,-89.89,0.2385,0.0,-0.11589036251160552,0.0,0.0,-2.5495879752421464,0.11589036251105227,0.0,-0.0005000000000023874,0.0,0.0,-0.01099999999999568,0.0005000000000000004,0.0,0.0206547,-0.0481943,-0.0137698,-0.0,0.0413094,0.0275396,-0.014321367521187999,-0.001595115995096,-0.006137728937652,5.173992674100001e-05,-0.0019661172161580002,0.0017419108669470002,0.022045407685040198,1.806889999897976,0.2441270003146201,0.12340599960225518,0.0
pd,00:03:12.178,1326,-89.999,-90.0,-0.0,-89.879,0.238,-0.0,0.0,0.0,0.0,0.0,0.0,0.0,-90.0,-90.0,0.0,-89.901,0.239,-0.0,-89.9995,-90.0,0.0,-89.89,0.2385,0.0,-0.10946612381302921,0.0,0.0,-2.408254723874198,0.10946612381250662,0.0,-0.0005000000000023874,0.0,0.0,-0.01099999999999568,0.0005000000000000004,0.0,0.0206547,-0.0481943,-0.0137698,-0.0,0.0413094,0.0275396,-0.014321367521187999,-0.001595115995096,-0.006137728937652,5.173992674100001e-05,-0.0019661172161580002,0.0017419108669470002,0.022045407685040198,1.9239059997744334,0.2621829999043257,0.1328140001533029,0.0
pd,00:03:12.181,1327,-89.999,-90.0,-0.0,-89.879,0.238,-0.0,0.0,0.0,0.0,0.0,0.0,0.0,-90.0,-90.0,0.0,-89.901,0.239,-0.0,-89.9995,-90.0,0.0,-89.89,0.2385,0.0,-0.10001678748617004,0.0,0.0,-2.2003693246843703,0.10001678748569258,0.0,-0.0005000000000023874,0.0,0.0,-0.01099999999999568,0.0005000000000000004,0.0,0.0206547,-0.0481943,-0.0137698,-0.0,0.0413094,0.0275396,-0.014321367521187999,-0.001595115995096,-0.006137728937652,5.173992674100001e-05,-0.0019661172161580002,0.0017419108669470002,0.022045407685040198,1.8455740000717924,0.24272000018754625,0.10668400000213296,0.0
pd,00:03:12.183,1328,-89.999,-90.0,-0.0,-89.879,0.238,-0.0,0.0,0.0,0.0,0.0,0.0,0.0,-90.0,-90.0,0.0,-89.901,0.239,-0.0,-89.9995,-90.0,0.0,-89.89,0.2385,0.0,-0.1089769278741433,0.0,0.0,-2.3974924132187634,0.10897692787362305,0.0,-0.0005000000000023874,0.0,0.0,-0.01099999999999568,0.0005000000000000004,0.0,0.0068849,0.0275396,0.0137698,0.0619641,-0.0068849,0.0275396,-0.013541147740978,-0.00225396825394,-0.005600244200174,0.000275946275952,-0.0017074175824530002,0.002276556776604,0.022045407685040198,4.945895000219025,0.25490500001978944,0.12075800032107509,0.0
pd,00:03:12.189,1329,-89.999,-90.0,-0.0,-89.879,0.238,-0.0,0.0,0.0,0.0,0.0,0.0,0.0,-90.0,-90.0,0.0,-89.901,0.239,-0.0,-89.9995,-90.0,0.0,-89.89,0.2385,0.0,-0.04501485361058671,0.0,0.0,-0.99032677942779,0.04501485361037181,0.0,-0.0005000000000023874,0.0,0.0,-0.01099999999999568,0.0005000000000000004,0.0,0.0068849,0.0275396,0.0137698,0.0619641,-0.0068849,0.0275396,-0.013541147740978,-0.00225396825394,-0.005600244200174,0.000275946275952,-0.0017074175824530002,0.002276556776604,0.022045407685040198,1.8252039999424596,0.2331820001018059,0.10742499989646603,0.0
pd,00:03:12.191,1330,-89.999,-90.0,-0.0,-89.879,0.238,-0.0,0.0,0.0,0.0,0.0,0.0,0.0,-90.0,-90.0,0.0,-89.901,0.239,-0.0,-89.9995,-90.0,0.0,-89.89,0.2385,0.0,-0.11043454449763104,0.0,0.0,-2.429559978935328,0.11043454449710384,0.0,-0.0005000000000023874,0.0,0.0,-0.01099999999999568,0.0005000000000000004,0.0,0.0068849,0.0275396,0.0137698,0.0619641,-0.0068849,0.0275396,-0.013541147740978,-0.00225396825394,-0.005600244200174,0.000275946275952,-0.0017074175824530002,0.002276556776604,0.022045407685040198,1.946479999787698,0.20225699972797884,0.09757299994817004,0.0
pd,00:03:12.194,1331,-89.999,-90.0,-0.0,-89.879,0.238,-0.0,0.0,0.0,0.0,0.0,0.0,0.0,-90.0,-90.0,0.0,-89.901,0.239,-0.0,-89.9995,-90.0,0.0,-89.89,0.2385,0.0,-0.07726593471409673,0.0,0.0,-1.6998505637013441,0.07726593471372788,0.0,-0.0005000000000023874,0.0,0.0,-0.01099999999999568,0.0005000000000000004,0.0,0.0068849,0.0275396,0.0137698,0.0619641,-0.0068849,0.0275396,-0.013541147740978,-0.00225396825394,-0.005600244200174,0.000275946275952,-0.0017074175824530002,0.002276556776604,0.022045407685040198,1.936887999818282,0.26646000014807214,0.2285350001329789,0.0
pd,00:03:12.197,1332,-89.999,-90.0,0.0,-89.878,0.238,-0.0,0.0,0.0,0.0,0.39034937180270146,0.0,0.0,-90.0,-90.0,0.0,-89.901,0.239,-0.0,-89.9995,-90.0,0.0,-89.92853493718027,0.2385,0.0,-0.09758734295067537,0.0,0.0,-9.863140491156246,0.09758734295020949,0.0,-0.0005000000000023874,0.0,0.0,-0.05053493718027369,0.0005000000000000004,0.0,0.0068849,0.0275396,0.0137698,0.0619641,-0.0068849,0.0275396,-0.013541147740978,-0.00225396825394,-0.005600244200174,0.000275946275952,-0.0017074175824530002,0.002276556776604,0.023043437243602173,1.8465550001565134,0.24851600028341636,0.12501699984568404,0.0
pd,00:03:12.199,1333,-89.999,-90.0,0.0,-89.878,0.238,-0.0,0.0,0.0,0.0,0.0,0.0,0.0,-90.0,-90.0,0.0,-89.901,0.239,-0.0,-89.9995,-90.0,0.0,-89.8895,0.2385,0.0,-0.10759039606043574,0.0,0.0,-2.4745791093777907,0.10759039605992211,0.0,-0.0005000000000023874,0.0,0.0,-0.011499999999998067,0.0005000000000000004,0.0,0.0068849,0.0275396,0.0137698,0.0619641,-0.0068849,0.0275396,-0.013541147740978,-0.00225396825394,-0.005600244200174,0.000275946275952,-0.0017074175824530002,0.002276556776604,0.023043437243602173,1.9157399997311586,0.24444200016660034,0.12162900020484813,0.0
pd,00:03:12.202,1334,-89.999,-90.0,0.0,-89.878,0.238,-0.0,0.0,0.0,0.0,0.0,0.0,0.0,-90.0,-90.0,0.0,-89.901,0.239,-0.0,-89.9995,-90.0,0.0,-89.8895,0.2385,0.0,-0.10463786049346441,0.0,0.0,-2.406670791337785,0.10463786049296486,0.0,-0.0005000000000023874,0.0,0.0,-0.011499999999998067,0.0005000000000000004,0.0,0.0068849,0.0275396,0.0137698,0.0619641,-0.0068849,0.0275396,-0.013541147740978,-0.00225396825394,-0.005600244200174,0.000275946275952,-0.0017074175824530002,0.002276556776604,0.023043437243602173,1.8315379998057324,0.5270690003271739,0.44634700043388875,0.0
pd,00:03:12.205,1335,-89.999,-90.0,0.0,-89.878,0.238,-0.0,0.0,0.0,0.0,0.0,0.0,0.0,-90.0,-90.0,0.0,-89.901,0.239,-0.0,-89.9995,-90.0,0.0,-89.8895,0.2385,0.0,-0.07503227191449065,0.0,0.0,-1.7257422540247547,0.07503227191413245,0.0,-0.0005000000000023874,0.0,0.0,-0.011499999999998067,0.0005000000000000004,0.0,0.0481943,-0.0413094,-0.0137698,-0.0413094,-0.0137698,-0.0137698,-0.013922588522413999,-0.002791452991418,-0.005045421245358,0.00044841269842200006,-0.0018626373626760002,0.001052045177067,0.023043437243602173,3.3802440002546064,0.2492379999239347,0.1826279999477265,0.0
pd,00:03:12.209,1336,-89.999,-90.0,0.0,-89.878,0.238,-0.0,0.0,0.0,0.0,0.0,0.0,0.0,-90.0,-90.0,0.0,-89.901,0.239,-0.0,-89.9995,-90.0,0.0,-89.8895,0.2385,0.0,-0.06386746254141837,0.0,0.0,-1.4689516384453616,0.06386746254111347,0.0,-0.0005000000000023874,0.0,0.0,-0.011499999999998067,0.0005000000000000004,0.0,0.0481943,-0.0413094,-0.0137698,-0.0413094,-0.0137698,-0.0137698,-0.013922588522413999,-0.002791452991418,-0.005045421245358,0.00044841269842200006,-0.0018626373626760002,0.001052045177067,0.023043437243602173,1.7776490003598155,0.17440600004192675,0.07287000016731326,0.0
pd,00:03:12.211,1337,-89.999,-90.0,0.0,-89.878,0.238,-0.0,0.0,0.0,0.0,0.0,0.0,0.0,-90.0,-90.0,0.0,-89.901,0.239,-0.0,-89.9995,-90.0,0.0,-89.8895,0.2385,0.0,-0.11918345078483823,0.0,0.0,-2.7412193680377297,0.11918345078426926,0.0,-0.0005000000000023874,0.0,0.0,-0.011499999999998067,0.0005000000000000004,0.0,0.0481943,-0.0413094,-0.0137698,-0.0413094,-0.0137698,-0.0137698,-0.013922588522413999,-0.002791452991418,-0.005045421245358,0.00044841269842200006,-0.0018626373626760002,0.001052045177067,0.023043437243602173,2.0086099998479767,0.20301699987612665,0.09729500015964732,0.0
pd,00:03:12.213,1338,-89.999,-90.0,0.0,-89.878,0.238,-0.0,0.0,0.0,0.0,0.0,0.0,0.0,-90.0,-90.0,0.0,-89.901,0.239,-0.0,-89.9995,-90.0,0.0,-89.8895,0.2385,0.0,-0.10430478464189862,0.0,0.0,-2.39901004675181,0.10430478464140067,0.0,-0.0005000000000023874,0.0,0.0,-0.011499999999998067,0.0005000000000000004,0.0,0.0481943,-0.0413094,-0.0137698,-0.0413094,-0.0137698,-0.0137698,-0.013922588522413999,-0.002791452991418,-0.005045421245358,0.00044841269842200006,-0.0018626373626760002,0.001052045177067,0.023043437243602173,1.8167040002481372,0.17907199980982114,0.08705499976713327,0.0
pd,00:03:12.215,1339,-89.999,-90.0,0.0,-89.878,0.238,-0.0,0.0,0.0,0.0,0.0,0.0,0.0,-90.0,-90.0,0.0,-89.901,0.239,-0.0,-89.9995,-90.0,0.0,-89.8895,0.2385,0.0,-0.1153929789815128,0.0,0.0,-2.6540385165616756,0.11539297898096192,0.0,-0.0005000000000023874,0.0,0.0,-0.011499999999998067,0.0005000000000000004,0.0,0.0481943,-0.0413094,-0.0137698,-0.0413094,-0.0137698,-0.0137698,-0.013922588522413999,-0.002791452991418,-0.005045421245358,0.00044841269842200006,-0.0018626373626760002,0.001052045177067,0.023043437243602173,1.886480999928608,0.18412700001135818,0.07757299999866518,0.0
pd,00:03:12.218,1340,-89.999,-90.0,0.0,-89.878,0.238,-0.0,0.0,0.0,0.0,0.0,0.0,0.0,-90.0,-90.0,0.0,-89.901,0.239,-0.0,-89.9995,-90.0,0.0,-89.8895,0.2385,0.0,-0.11215916140817273,0.0,0.0,-2.5796607123752215,0.11215916140763728,0.0,-0.0005000000000023874,0.0,0.0,-0.011499999999998067,0.0005000000000000004,0.0,0.0481943,-0.0413094,-0.0137698,-0.0413094,-0.0137698,-0.0137698,-0.013922588522413999,-0.002791452991418,-0.005045421245358,0.00044841269842200006,-0.0018626373626760002,0.001052045177067,0.023043437243602173,1.7426500003239198,0.1680359996498737,0.07357399999818881,0.0
pd,00:03:12.221,1341,-89.999,-90.0,0.0,-89.878,0.238,-0.0,0.0,0.0,0.0,0.0,0.0,0.0,-90.0,-90.0,0.0,-89.901,0.239,-0.0,-89.9995,-90.0,0.0,-89.8895,0.2385,0.0,-0.08293071812757093,0.0,0.0,-1.9074065169247032,0.08293071812717502,0.0,-0.0005000000000023874,0.0,0.0,-0.011499999999998067,0.0005000000000000004,0.0,0.0481943,-0.0413094,-0.0137698,-0.0413094,-0.0137698,-0.0137698,-0.013922588522413999,-0.002791452991418,-0.005045421245358,0.00044841269842200006,-0.0018626373626760002,0.001052045177067,0.023043437243602173,2.860156999759056,1.5181329999904847,0.4011819996776467,0.0
pd,00:03:12.226,1342,-89.999,-90.0,0.0,-89.878,0.238,-0.0,0.0,0.0,0.0,0.0,0.0,0.0,-90.0,-90.0,0.0,-89.901,0.239,-0.0,-89.9995,-90.0,0.0,-89.8895,0.2385,0.0,-0.04919658440485159,0.0,0.0,-1.1315214413059935,0.04919658440461673,0.0,-0.0005000000000023874,0.0,0.0,-0.011499999999998067,0.0005000000000000004,0.0,-0.0619641,0.0,-0.0068849,-0.0550792,-0.0275396,0.0068849,-0.014061294261117999,-0.0016644688644479998,-0.00494139194133,-0.00048290598291600006,-0.001069291819314,0.0019661172161580002,0.023043437243602173,3.214597999885882,0.25245999995604507,0.11785099968619761,0.0
pd,00:03:12.229,1343,-89.999,-90.0,0.0,-89.878,0.238,-0.0,0.0,0.0,0.0,0.0,0.0,0.0,-90.0,-90.0,0.0,-89.901,0.239,-0.0,-89.9995,-90.0,0.0,-89.8895,0.2385,0.0,-0.06763261093943543,0.0,0.0,-1.5555500515993257,0.06763261093911255,0.0,-0.0005000000000023874,0.0,0.0,-0.011499999999998067,0.0005000000000000004,0.0,-0.0619641,0.0,-0.0068849,-0.0550792,-0.0275396,0.0068849,-0.014061294261117999,-0.0016644688644479998,-0.00494139194133,-0.00048290598291600006,-0.001069291819314,0.0019661172161580002,0.023043437243602173,1.7489829997430206,0.16418299992437824,0.07659199991394416,0.0
pd,00:03:12.231,1344,-89.999,-90.0,0.0,-89.878,0.238,-0.0,0.0,0.0,0.0,0.0,0.0,0.0,-90.0,-90.0,0.0,-89.901,0.239,-0.0,-89.9995,-90.0,0.0,-89.8895,0.2385,0.0,-0.12116662814941147,0.0,0.0,-2.7868324474226887,0.12116662814883301,0.0,-0.0005000000000023874,0.0,0.0,-0.011499999999998067,0.0005000000000000004,0.0,-0.0619641,0.0,-0.0068849,-0.0550792,-0.0275396,0.0068849,-0.014061294261117999,-0.0016644688644479998,-0.00494139194133,-0.00048290598291600006,-0.001069291819314,0.0019661172161580002,0.023043437243602173,1.7712230001052376,0.16668300031597028,0.11183200012965244,0.0
pd,00:03:12.234,1345,-89.999,-90.0,0.0,-89.878,0.238,-0.0,0.0,0.0,0.0,0.0,0.0,0.0,-90.0,-90.0,0.0,-89.901,0.239,-0.0,-89.9995,-90.0,0.0,-89.8895,0.2385,0.0,-0.1177249354445949,0.0,0.0,-2.707673515212299,0.11772493544403288,0.0,-0.0005000000000023874,0.0,0.0,-0.011499999999998067,0.0005000000000000004,0.0,-0.0619641,0.0,-0.0068849,-0.0550792,-0.0275396,0.0068849,-0.014061294261117999,-0.0016644688644479998,-0.00494139194133,-0.00048290598291600006,-0.001069291819314,0.0019661172161580002,0.023043437243602173,1.7011859999911394,0.14125699999567587,0.06098099993323558,0.0
pd,00:03:12.236,1346,-89.999,-90.0,0.0,-89.878,0.238,-0.0,0.0,0.0,0.0,0.0,0.0,0.0,-90.0,-90.0,0.0,-89.901,0.239,-0.0,-89.9995,-90.0,0.0,-89.8895,0.2385,0.0,-0.12719262493995714,0.0,0.0,-2.9254303736045544,0.12719262493934994,0.0,-0.0005000000000023874,0.0,0.0,-0.011499999999998067,0.0005000000000000004,0.0,-0.0619641,0.0,-0.0068849,-0.0550792,-0.0275396,0.0068849,-0.014061294261117999,-0.0016644688644479998,-0.00494139194133,-0.00048290598291600006,-0.001069291819314,0.0019661172161580002,0.023043437243602173,2.057423999758612,0.20496099978117854,0.09951699985322193,0.0
pd,00:03:12.238,1347,-89.999,-90.0,0.0,-89.879,0.238,-0.0,0.0,0.0,0.0,-0.40804591886565106,0.0,0.0,-90.0,-90.0,0.0,-89.901,0.239,-0.0,-89.9995,-90.0,0.0,-89.84919540811343,0.2385,0.0,-0.10201147971641276,0.0,0.0,6.08082104135644,0.10201147971592577,0.0,-0.0005000000000023874,0.0,0.0,0.029804591886573917,0.0005000000000000004,0.0,-0.0619641,0.0,-0.0068849,-0.0550792,-0.0275396,0.0068849,-0.014061294261117999,-0.0016644688644479998,-0.00494139194133,-0.00048290598291600006,-0.001069291819314,0.0019661172161580002,0.022045407685040198,1.7285010003433854,0.1405170000907674,0.060166000366734806,0.0
pd,00:03:12.240,1348,-89.999,-90.0,0.0,-89.879,0.238,-0.0,0.0,0.0,0.0,0.0,0.0,0.0,-90.0,-90.0,0.0,-89.901,0.239,-0.0,-89.9995,-90.0,0.0,-89.89,0.2385,0.0,-0.12544275631116245,0.0,0.0,-2.759740638831312,0.12544275631056356,0.0,-0.0005000000000023874,0.0,0.0,-0.01099999999999568,0.0005000000000000004,0.0,-0.0619641,0.0,-0.0068849,-0.0550792,-0.0275396,0.0068849,-0.014061294261117999,-0.0016644688644479998,-0.00494139194133,-0.00048290598291600006,-0.001069291819314,0.0019661172161580002,0.022045407685040198,1.803500999812968,0.1535349997539015,0.06775900010325131,0.0
pd,00:03:12.242,1349,-89.999,-90.0,0.0,-89.879,0.238,-0.0,0.0,0.0,0.0,0.0,0.0,0.0,-90.0,-90.0,0.0,-89.901,0.239,-0.0,-89.9995,-90.0,0.0,-89.89,0.2385,0.0,-0.11950945976806551,0.0,0.0,-2.6292081148838546,0.11950945976749498,0.0,-0.0005000000000023874,0.0,0.0,-0.01099999999999568,0.0005000000000000004,0.0,-0.0619641,0.034424500000000004,0.0068849,-0.0275396,0.0413094,-0.0137698,-0.014061294261117999,-0.0019245421245179999,-0.005305494505428,-0.00017246642247,-0.0018798840049230002,0.002190323565369,0.022045407685040198,3.1277469997803564,0.5519759997696383,0.1261469997189124,0.0
pd,00:03:12.246,1350,-89.999,-90.0,0.0,-89.879,0.238,-0.0,0.0,0.0,0.0,0.0,0.0,0.0,-90.0,-90.0,0.0,-89.901,0.239,-0.0,-89.9995,-90.0,0.0,-89.89,0.2385,0.0,-0.06372772578126941,0.0,0.0,-1.4020099671806818,0.06372772578096517,0.0,-0.0005000000000023874,0.0,0.0,-0.01099999999999568,0.0005000000000000004,0.0,0.0275396,0.034424500000000004,0.0068849,-0.0275396,0.0413094,-0.0137698,-0.014061294261117999,-0.0019245421245179999,-0.005305494505428,-0.00017246642247,-0.0018798840049230002,0.002190323565369,0.022045407685040198,2.7482309997139964,0.18507200002204627,0.08009200018932461,0.0
pd,00:03:12.250,1351,-89.999,-90.0,0.0,-89.879,0.238,-0.0,0.0,0.0,0.0,0.0,0.0,0.0,-90.0,-90.0,0.0,-89.901,0.239,-0.0,-89.9995,-90.0,0.0,-89.89,0.2385,0.0,-0.0618921024675367,0.0,0.0,-1.3616262542787712,0.06189210246724123,0.0,-0.0005000000000023874,0.0,0.0,-0.01099999999999568,0.0005000000000000004,0.0,0.0275396,0.034424500000000004,0.0068849,-0.0275396,0.0413094,-0.0137698,-0.014061294261117999,-0.0019245421245179999,-0.005305494505428,-0.00017246642247,-0.0018798840049230002,0.002190323565369,0.022045407685040198,1.9345549999343348,0.23296099971048534,0.08138799967127852,0.0
pd,00:03:12.252,1352,-89.999,-90.0,0.0,-89.879,0.238,-0.0,0.0,0.0,0.0,0.0,0.0,0.0,-90.0,-90.0,0.0,-89.901,0.239,-0.0,-89.9995,-90.0,0.0,-89.89,0.2385,0.0,-0.10631410321453988,0.0,0.0,-2.3389102707077907,0.10631410321403234,0.0,-0.0005000000000023874,0.0,0.0,-0.01099999999999568,0.0005000000000000004,0.0,0.0275396,0.034424500000000004,0.0068849,-0.0275396,0.0413094,-0.0137698,-0.014061294261117999,-0.0019245421245179999,-0.005305494505428,-0.00017246642247,-0.0018798840049230002,0.002190323565369,0.022045407685040198,1.7741120000209776,0.16798000024209614,0.07216600033643772,0.0
pd,00:03:12.255,1353,-89.999,-90.0,0.0,-89.879,0.238,-0.0,0.0,0.0,0.0,0.0,0.0,0.0,-90.0,-90.0,0.0,-89.901,0.239,-0.0,-89.9995,-90.0,0.0,-89.89,0.2385,0.0,-0.11968679374557777,0.0,0.0,-2.633109462389104,0.11968679374500639,0.0,-0.0005000000000023874,0.0,0.0,-0.01099999999999568,0.0005000000000000004,0.0,0.0275396,0.034424500000000004,0.0068849,-0.0275396,0.0413094,-0.0137698,-0.014061294261117999,-0.0019245421245179999,-0.005305494505428,-0.00017246642247,-0.0018798840049230002,0.002190323565369,0.022045407685040198,1.7631299997447059,0.25325699971290305,0.15118300007088692,0.0
pd,00:03:12.257,1354,-89.999,-90.0,-0.0,-89.879,0.238,-0.0,0.0,0.0,-0.0,0.0,0.0,0.0,-90.0,-90.0,0.0,-89.901,0.239,-0.0,-89.9995,-90.0,0.0,-89.89,0.2385,0.0,-0.10981003246465669,0.0,0.0,-2.4158207142099632,0.10981003246413247,0.0,-0.0005000000000023874,0.0,0.0,-0.01099999999999568,0.0005000000000000004,0.0,0.0275396,0.034424500000000004,0.0068849,-0.0275396,0.0413094,-0.0137698,-0.014061294261117999,-0.0019245421245179999,-0.005305494505428,-0.00017246642247,-0.0018798840049230002,0.002190323565369,0.022045407685040198,1.8402780001451902,0.23459000021830434,0.11383199989722925,0.0
pd,00:03:12.259,1355,-89.999,-90.0,-0.0,-89.879,0.238,-0.0,0.0,0.0,0.0,0.0,0.0,0.0,-90.0,-90.0,0.0,-89.901,0.239,-0.0,-89.9995,-90.0,0.0,-89.89,0.2385,0.0,-0.10906760973632273,0.0,0.0,-2.3994874141867006,0.10906760973580205,0.0,-0.0005000000000023874,0.0,0.0,-0.01099999999999568,0.0005000000000000004,0.0,0.0275396,0.034424500000000004,0.0068849,-0.0275396,0.0413094,-0.0137698,-0.014061294261117999,-0.0019245421245179999,-0.005305494505428,-0.00017246642247,-0.0018798840049230002,0.002190323565369,0.022045407685040198,1.7738340002324549,0.14994299999671057,0.06272200016610441,0.0
pd,00:03:12.261,1356,-89.999,-90.0,-0.0,-89.879,0.238,-0.0,0.0,0.0,0.0,0.0,0.0,0.0,-90.0,-90.0,0.0,-89.901,0.239,-0.0,-89.9995,-90.0,0.0,-89.89,0.2385,0.0,-0.12165866109815603,0.0,0.0,-2.6764905441456017,0.12165866109757523,0.0,-0.0005000000000023874,0.0,0.0,-0.01099999999999568,0.0005000000000000004,0.0,0.0275396,0.034424500000000004,0.0068849,-0.0275396,0.0413094,-0.0137698,-0.014061294261117999,-0.0019245421245179999,-0.005305494505428,-0.00017246642247,-0.0018798840049230002,0.002190323565369,0.022045407685040198,2.1674419999726524,0.5342170002222701,0.34081100011462695,0.0
pd,00:03:12.265,1357,-89.999,-90.0,-0.0,-89.879,0.238,-0.0,0.0,0.0,0.0,0.0,0.0,0.0,-90.0,-90.0,0.0,-89.901,0.239,-0.0,-89.9995,-90.0,0.0,-89.89,0.2385,0.0,-0.07496789876349516,0.0,0.0,-1.6492937727883705,0.07496789876313727,0.0,-0.0005000000000023874,0.0,0.0,-0.01099999999999568,0.0005000000000000004,0.0,-0.0413094,0.0137698,0.0137698,-0.0068849,-0.0481943,-0.0206547,-0.01369719169702,-0.0019245421245179999,-0.005340170940104,0.0008968253968440001,-0.0019488705739110002,0.0025697496948030004,0.022045407685040198,3.596761000153492,0.22268299971983652,0.10325900029783952,0.0
pd,00:03:12.269,1358,-89.999,-90.0,-0.0,-89.879,0.238,-0.0,0.0,0.0,0.0,0.0,0.0,0.0,-90.0,-90.0,0.0,-89.901,0.239,-0.0,-89.9995,-90.0,0.0,-89.89,0.2385,0.0,-0.06227437938027122,0.0,0.0,-1.370036346358887,0.062274379379973925,0.0,-0.0005000000000023874,0.0,0.0,-0.01099999999999568,0.0005000000000000004,0.0,-0.0413094,0.0137698,0.0137698,-0.0068849,-0.0481943,-0.0206547,-0.01369719169702,-0.0019245421245179999,-0.005340170940104,0.0008968253968440001,-0.0019488705739110002,0.0025697496948030004,0.022045407685040198,1.807740999993257,0.17633100014791125,0.07996200019988464,0.0
pd,00:03:12.271,1359,-89.999,-90.0,-0.0,-89.879,0.238,-0.0,0.0,0.0,0.0,0.0,0.0,0.0,-90.0,-90.0,0.0,-89.901,0.239,-0.0,-89.9995,-90.0,0.0,-89.89,0.2385,0.0,-0.11692417484444768,0.0,0.0,-2.5723318465645564,0.11692417484388949,0.0,-0.0005000000000023874,0.0,0.0,-0.01099999999999568,0.0005000000000000004,0.0,-0.0413094,0.0137698,0.0137698,-0.0068849,-0.0481943,-0.0206547,-0.01369719169702,-0.0019245421245179999,-0.005340170940104,0.0008968253968440001,-0.0019488705739110002,0.0025697496948030004,0.022045407685040198,1.6713530003471533,0.13644399996337597,0.05914799976380891,0.0
pd,00:03:12.273,1360,-89.999,-90.0,-0.0,-89.879,0.238,-0.0,0.0,0.0,0.0,0.0,0.0,0.0,-90.0,-90.0,0.0,-89.901,0.239,-0.0,-89.9995,-90.0,0.0,-89.89,0.2385,0.0,-0.1295337862884505,0.0,0.0,-2.849743298331185,0.1295337862878321,0.0,-0.0005000000000023874,0.0,0.0,-0.01099999999999568,0.0005000000000000004,0.0,-0.0413094,0.0137698,0.0137698,-0.0068849,-0.0481943,-0.0206547,-0.01369719169702,-0.0019245421245179999,-0.005340170940104,0.0008968253968440001,-0.0019488705739110002,0.0025697496948030004,0.022045407685040198,1.7224829998667701,0.1504429997112311,0.06377699992299313,0.0
pd,00:03:12.276,1361,-89.999,-90.0,-0.0,-89.879,0.238,-0.0,0.0,0.0,0.0,0.0,0.0,0.0,-90.0,-90.0,0.0,-89.901,0.239,-0.0,-89.9995,-90.0,0.0,-89.89,0.2385,0.0,-0.08541674812683339,0.0,0.0,-1.8791684587806239,0.08541674812642562,0.0,-0.0005000000000023874,0.0,0.0,-0.01099999999999568,0.0005000000000000004,0.0,-0.0413094,0.0137698,0.0137698,-0.0068849,-0.0481943,-0.0206547,-0.01369719169702,-0.0019245421245179999,-0.005340170940104,0.0008968253968440001,-0.0019488705739110002,0.0025697496948030004,0.022045407685040198,1.9605739998951321,0.2750890002971573,0.09101800014832406,0.0
pd,00:03:12.278,1362,-89.999,-90.0,0.0,-89.879,0.238,-0.0,0.0,0.0,0.0,0.0,0.0,0.0,-90.0,-90.0,0.0,-89.901,0.239,-0.0,-89.9995,-90.0,0.0,-89.89,0.2385,0.0,-0.10293275743643926,0.0,0.0,-2.2645206635899617,0.10293275743594787,0.0,-0.0005000000000023874,0.0,0.0,-0.01099999999999568,0.0005000000000000004,0.0,-0.0413094,0.0137698,0.0137698,-0.0068849,-0.0481943,-0.0206547,-0.01369719169702,-0.0019245421245179999,-0.005340170940104,0.0008968253968440001,-0.0019488705739110002,0.0025697496948030004,0.022045407685040198,1.7220009999618924,0.14127699978416786,0.0702580000506714,0.0
pd,00:03:12.280,1363,-89.999,-90.0,0.0,-89.879,0.238,-0.0,0.0,0.0,0.0,0.0,0.0,0.0,-90.0,-90.0,0.0,-89.901,0.239,-0.0,-89.9995,-90.0,0.0,-89.89,0.2385,0.0,-0.12438623962099725,0.0,0.0,-2.7364972716477984,0.12438623962040343,0.0,-0.0005000000000023874,0.0,0.0,-0.01099999999999568,0.0005000000000000004,0.0,-0.0413094,0.0137698,0.0137698,-0.0068849,-0.0481943,-0.0206547,-0.01369719169702,-0.0019245421245179999,-0.005340170940104,0.0008968253968440001,-0.0019488705739110002,0.0025697496948030004,0.022045407685040198,1.9779990002462,0.2673300000424206,0.1322759999311529,0.0
pd,00:03:12.282,1364,-89.999,-90.0,0.0,-89.879,0.238,-0.0,0.0,0.0,0.0,0.0,0.0,0.0,-90.0,-90.0,0.0,-89.901,0.239,-0.0,-89.9995,-90.0,0.0,-89.89,0.2385,0.0,-0.10045755891981288,0.0,0.0,-2.2100662962244626,0.10045755891933329,0.0,-0.0005000000000023874,0.0,0.0,-0.01099999999999568,0.0005000000000000004,0.0,-0.0275396,0.0206547,-0.0068849,-0.0137698,-0.0206547,-0.034424500000000004,-0.014858852258665999,-0.002531379731348,-0.004195848595796,0.000500152625163,-0.0016901709402060002,0.0017419108669470002,0.022045407685040198,3.3071900002141774,0.21738699979323428,0.11568400032047066,0.0
pd,00:03:12.286,1365,-89.999,-90.0,0.0,-89.879,0.238,-0.0,0.0,0.0,0.0,0.0,0.0,0.0,-90.0,-90.0,0.0,-89.901,0.239,-0.0,-89.9995,-90.0,0.0,-89.89,0.2385,0.0,-0.06685215173764787,0.0,0.0,-1.4707473382206528,0.06685215173732871,0.0,-0.0005000000000023874,0.0,0.0,-0.01099999999999568,0.0005000000000000004,0.0,-0.0275396,0.0206547,-0.0068849,-0.0137698,-0.0206547,-0.034424500000000004,-0.014858852258665999,-0.002531379731348,-0.004195848595796,0.000500152625163,-0.0016901709402060002,0.0017419108669470002,0.022045407685040198,3.0141180000100576,0.2146649999303918,0.10107299976880313,0.0
pd,00:03:12.290,1366,-89.999,-90.0,0.0,-89.879,0.238,-0.0,0.0,0.0,0.0,0.0,0.0,0.0,-90.0,-90.0,0.0,-89.901,0.239,-0.0,-89.9995,-90.0,0.0,-89.89,0.2385,0.0,-0.07314795953993769,0.0,0.0,-1.6092551098703132,0.07314795953958848,0.0,-0.0005000000000023874,0.0,0.0,-0.01099999999999568,0.0005000000000000004,0.0,-0.0275396,0.0206547,-0.0068849,-0.0137698,-0.0206547,-0.034424500000000004,-0.014858852258665999,-0.002531379731348,-0.004195848595796,0.000500152625163,-0.0016901709402060002,0.0017419108669470002,0.022045407685040198,1.7330569999103318,0.15999800007193699,0.06988800032559084,0.0
pd,00:03:12.292,1367,-89.999,-90.0,0.0,-89.879,0.238,-0.0,0.0,0.0,0.0,0.0,0.0,0.0,-90.0,-90.0,0.0,-89.901,0.239,-0.0,-89.9995,-90.0,0.0,-89.89,0.2385,0.0,-0.12292801875791404,0.0,0.0,-2.7044164126601338,0.12292801875732719,0.0,-0.0005000000000023874,0.0,0.0,-0.01099999999999568,0.0005000000000000004,0.0,-0.0275396,0.0206547,-0.0068849,-0.0137698,-0.0206547,-0.034424500000000004,-0.014858852258665999,-0.002531379731348,-0.004195848595796,0.000500152625163,-0.0016901709402060002,0.0017419108669470002,0.022045407685040198,1.829592999911256,0.16940600016823737,0.07603599988215137,0.0
pd,00:03:12.294,1368,-89.999,-90.0,0.0,-89.879,0.238,-0.0,0.0,0.0,0.0,0.0,0.0,0.0,-90.0,-90.0,0.0,-89.901,0.239,-0.0,-89.9995,-90.0,0.0,-89.89,0.2385,0.0,-0.11626300033318625,0.0,0.0,-2.55778600731688,0.11626300033263122,0.0,-0.0005000000000023874,0.0,0.0,-0.01099999999999568,0.0005000000000000004,0.0,-0.0275396,0.0206547,-0.0068849,-0.0137698,-0.0206547,-0.034424500000000004,-0.014858852258665999,-0.002531379731348,-0.004195848595796,0.000500152625163,-0.0016901709402060002,0.0017419108669470002,0.022045407685040198,1.6999640001813532,0.13285100021676044,0.05640700010189903,0.0
pd,00:03:12.296,1369,-89.999,-90.0,0.0,-89.879,0.238,-0.0,0.0,0.0,0.0,0.0,0.0,0.0,-90.0,-90.0,0.0,-89.901,0.239,-0.0,-89.9995,-90.0,0.0,-89.89,0.2385,0.0,-0.12800000000061118,0.0,0.0,-2.815999999998894,0.1280000000000001,0.0,-0.0005000000000023874,0.0,0.0,-0.01099999999999568,0.0005000000000000004,0.0,-0.0275396,0.0206547,-0.0068849,-0.0137698,-0.0206547,-0.034424500000000004,-0.014858852258665999,-0.002531379731348,-0.004195848595796,0.000500152625163,-0.0016901709402060002,0.0017419108669470002,0.022045407685040198,1.7544460001772677,0.161980000029871,0.0712589999238844,0.0
pd,00:03:12.298,1370,-89.999,-90.0,0.0,-89.88,0.238,-0.0,0.0,0.0,0.0,-0.4856767021723509,0.0,0.0,-90.0,-90.0,0.0,-89.901,0.239,-0.0,-89.9995,-90.0,0.0,-89.84193232978276,0.2385,0.0,-0.1214191755448132,0.0,0.0,9.244290265332815,0.12141917554423355,0.0,-0.0005000000000023874,0.0,0.0,0.0380676702172309,0.0005000000000000004,0.0,-0.0275396,0.0206547,-0.0068849,-0.0137698,-0.0206547,-0.034424500000000004,-0.014858852258665999,-0.002531379731348,-0.004195848595796,0.000500152625163,-0.0016901709402060002,0.0017419108669470002,0.021047565179850212,1.7654260000199429,0.29184899995016167,0.12833199980377685,0.0
pd,00:03:12.301,1371,-89.999,-90.0,0.0,-89.88,0.238,-0.0,0.0,0.0,0.0,0.0,0.0,0.0,-90.0,-90.0,0.0,-89.901,0.239,-0.0,-89.9995,-90.0,0.0,-89.8905,0.2385,0.0,-0.0750698739980675,0.0,0.0,-1.5764673539519498,0.07506987399770912,0.0,-0.0005000000000023874,0.0,0.0,-0.010500000000007503,0.0005000000000000004,0.0,-0.0275396,0.0206547,-0.0068849,-0.0137698,-0.0206547,-0.034424500000000004,-0.014858852258665999,-0.002531379731348,-0.004195848595796,0.000500152625163,-0.0016901709402060002,0.0017419108669470002,0.021047565179850212,1.9637389996205457,0.24175699991246802,0.10598099970593466,0.0
pd,00:03:12.304,1372,-89.999,-90.0,0.0,-89.88,0.238,-0.0,0.0,0.0,0.0,0.0,0.0,0.0,-90.0,-90.0,0.0,-89.901,0.239,-0.0,-89.9995,-90.0,0.0,-89.8905,0.2385,0.0,-0.10322661941376322,0.0,0.0,-2.167759007678759,0.10322661941327042,0.0,-0.0005000000000023874,0.0,0.0,-0.010500000000007503,0.0005000000000000004,0.0,-0.0068849,0.0481943,0.0137698,-0.0481943,-0.0481943,0.0068849,-0.014373382173202,-0.00164713064711,-0.005045421245358,0.0009830586080790001,-0.0016556776557120003,0.001414224664254,0.021047565179850212,4.283734999717126,0.26488600042284816,0.13172099988878472,0.0
pd,00:03:12.308,1373,-89.999,-90.0,0.0,-89.88,0.238,-0.0,0.0,0.0,0.0,0.0,0.0,0.0,-90.0,-90.0,0.0,-89.901,0.239,-0.0,-89.9995,-90.0,0.0,-89.8905,0.2385,0.0,-0.052025601587943775,0.0,0.0,-1.0925376333416439,0.052025601587695404,0.0,-0.0005000000000023874,0.0,0.0,-0.010500000000007503,0.0005000000000000004,0.0,-0.0068849,0.0481943,0.0137698,-0.0481943,-0.0481943,0.0068849,-0.014373382173202,-0.00164713064711,-0.005045421245358,0.0009830586080790001,-0.0016556776557120003,0.001414224664254,0.021047565179850212,1.872963000096206,0.2156649998141802,0.09199899977829773,0.0
pd,00:03:12.311,1374,-89.999,-90.0,0.0,-89.88,0.238,-0.0,0.0,0.0,0.0,0.0,0.0,0.0,-90.0,-90.0,0.0,-89.901,0.239,-0.0,-89.9995,-90.0,0.0,-89.8905,0.2385,0.0,-0.11004050792370729,0.0,0.0,-2.310850666386907,0.11004050792318196,0.0,-0.0005000000000023874,0.0,0.0,-0.010500000000007503,0.0005000000000000004,0.0,-0.0068849,0.0481943,0.0137698,-0.0481943,-0.0481943,0.0068849,-0.014373382173202,-0.00164713064711,-0.005045421245358,0.0009830586080790001,-0.0016556776557120003,0.001414224664254,0.021047565179850212,1.7437230003451987,0.155016999997315,0.06229599966900423,0.0
pd,00:03:12.313,1375,-89.999,-90.0,0.0,-89.88,0.238,-0.0,0.0,0.0,0.0,0.0,0.0,0.0,-90.0,-90.0,0.0,-89.901,0.239,-0.0,-89.9995,-90.0,0.0,-89.8905,0.2385,0.0,-0.12146136916541257,0.0,0.0,-2.5506887524615816,0.12146136916483273,0.0,-0.0005000000000023874,0.0,0.0,-0.010500000000007503,0.0005000000000000004,0.0,-0.0068849,0.0481943,0.0137698,-0.0481943,-0.0481943,0.0068849,-0.014373382173202,-0.00164713064711,-0.005045421245358,0.0009830586080790001,-0.0016556776557120003,0.001414224664254,0.021047565179850212,1.9783329998972476,0.1965899996321241,0.09190699984173989,0.0
pd,00:03:12.315,1376,-89.999,-90.0,0.0,-89.88,0.238,-0.0,0.0,0.0,0.0,0.0,0.0,0.0,-90.0,-90.0,0.0,-89.901,0.239,-0.0,-89.9995,-90.0,0.0,-89.8905,0.2385,0.0,-0.10640040588584544,0.0,0.0,-2.23440852359217,0.10640040588533749,0.0,-0.0005000000000023874,0.0,0.0,-0.010500000000007503,0.0005000000000000004,0.0,-0.0068849,0.0481943,0.0137698,-0.0481943,-0.0481943,0.0068849,-0.014373382173202,-0.00164713064711,-0.005045421245358,0.0009830586080790001,-0.0016556776557120003,0.001414224664254,0.021047565179850212,1.789112000096793,0.17420199992557173,0.08368499993594014,0.0
pd,00:03:12.317,1377,-89.999,-90.0,0.0,-89.88,0.238,-0.0,0.0,0.0,0.0,0.0,0.0,0.0,-90.0,-90.0,0.0,-89.901,0.239,-0.0,-89.9995,-90.0,0.0,-89.8905,0.2385,0.0,-0.11751384063711832,0.0,0.0,-2.467790653367795,0.11751384063655732,0.0,-0.0005000000000023874,0.0,0.0,-0.010500000000007503,0.0005000000000000004,0.0,-0.0068849,0.0481943,0.0137698,-0.0481943,-0.0481943,0.0068849,-0.014373382173202,-0.00164713064711,-0.005045421245358,0.0009830586080790001,-0.0016556776557120003,0.001414224664254,0.021047565179850212,1.9640550003714452,0.24097899995467742,0.11814699973911047,0.0
pd,00:03:12.320,1378,-89.999,-90.0,0.0,-89.88,0.238,-0.0,0.0,0.0,0.0,0.0,0.0,0.0,-90.0,-90.0,0.0,-89.901,0.239,-0.0,-89.9995,-90.0,0.0,-89.8905,0.2385,0.0,-0.10304402515772472,0.0,0.0,-2.1639245283019686,0.1030440251572328,0.0,-0.0005000000000023874,0.0,0.0,-0.010500000000007503,0.0005000000000000004,0.0,-0.0068849,0.0481943,0.0137698,-0.0481943,-0.0481943,0.0068849,-0.014373382173202,-0.00164713064711,-0.005045421245358,0.0009830586080790001,-0.0016556776557120003,0.001414224664254,0.021047565179850212,1.8595930000628869,0.238459999764018,0.08435100016868091,0.0
pd,00:03:12.322,1379,-89.999,-90.0,0.0,-89.88,0.238,-0.0,0.0,0.0,0.0,0.0,0.0,0.0,-90.0,-90.0,0.0,-89.901,0.239,-0.0,-89.9995,-90.0,0.0,-89.8905,0.2385,0.0,-0.11036480370540015,0.0,0.0,-2.3176608778024246,0.11036480370487327,0.0,-0.0005000000000023874,0.0,0.0,-0.010500000000007503,0.0005000000000000004,0.0,-0.0068849,0.0481943,0.0137698,-0.0481943,-0.0481943,0.0068849,-0.014373382173202,-0.00164713064711,-0.005045421245358,0.0009830586080790001,-0.0016556776557120003,0.0019661172161580002,0.021047565179850212,2.013869000165869,0.6261609996727202,0.22818299976279377,0.0
pd,00:03:12.325,1380,-89.999,-90.0,0.0,-89.88,0.238,-0.0,0.0,0.0,0.0,0.0,0.0,0.0,-90.0,-90.0,0.0,-89.901,0.239,-0.0,-89.9995,-90.0,0.0,-89.8905,0.2385,0.0,-0.07342969187710131,0.0,0.0,-1.5420235294118232,0.07342969187675076,0.0,-0.0005000000000023874,0.0,0.0,-0.010500000000007503,0.0005000000000000004,0.0,-0.034424500000000004,0.0275396,0.0413094,-0.0895037,0.0206547,0.034424500000000004,-0.014321367521187999,-0.001595115995096,-0.004750671550612,-0.000638125763139,-0.001259004884031,0.0019661172161580002,0.021047565179850212,2.958174000013969,0.2602380000098492,0.17734999983076705,0.0
pd,00:03:12.330,1381,-89.999,-90.0,0.0,-89.88,0.238,-0.0,0.0,0.0,0.0,0.0,0.0,0.0,-90.0,-90.0,0.0,-89.901,0.239,-0.0,-89.9995,-90.0,0.0,-89.8905,0.2385,0.0,-0.05616669344930134,0.0,0.0,-1.179500562429741,0.0561666934490332,0.0,-0.0005000000000023874,0.0,0.0,-0.010500000000007503,0.0005000000000000004,0.0,-0.034424500000000004,0.0275396,0.0413094,-0.0895037,0.0206547,0.034424500000000004,-0.014321367521187999,-0.001595115995096,-0.004750671550612,-0.000638125763139,-0.001259004884031,0.0019661172161580002,0.021047565179850212,2.003165000132867,0.26868299983107136,0.12486900004660129,0.0
pd,00:03:12.332,1382,-89.999,-90.0,0.0,-89.88,0.238,-0.0,0.0,0.0,0.0,0.0,0.0,0.0,-90.0,-90.0,0.0,-89.901,0.239,-0.0,-89.9995,-90.0,0.0,-89.8905,0.2385,0.0,-0.09903437854221825,0.0,0.0,-2.0797219493767316,0.09903437854174546,0.0,-0.0005000000000023874,0.0,0.0,-0.010500000000007503,0.0005000000000000004,0.0,-0.034424500000000004,0.0275396,0.0413094,-0.0895037,0.0206547,0.034424500000000004,-0.014321367521187999,-0.001595115995096,-0.004750671550612,-0.000638125763139,-0.001259004884031,0.0019661172161580002,0.021047565179850212,1.8944249995911377,0.2458860003571317,0.12231300024723168,0.0
pd,00:03:12.335,1383,-89.999,-90.0,0.0,-89.88,0.238,-0.0,0.0,0.0,0.0,0.0,0.0,0.0,-90.0,-90.0,0.0,-89.901,0.239,-0.0,-89.9995,-90.0,0.0,-89.8905,0.2385,0.0,-0.10545871467414329,0.0,0.0,-2.2146330081465186,0.10545871467363983,0.0,-0.0005000000000023874,0.0,0.0,-0.010500000000007503,0.0005000000000000004,0.0,-0.034424500000000004,0.0275396,0.0413094,-0.0895037,0.0206547,0.034424500000000004,-0.014321367521187999,-0.001595115995096,-0.004750671550612,-0.000638125763139,-0.001259004884031,0.0019661172161580002,0.021047565179850212,1.8701849999160913,0.34977499990418437,0.14183199982653605,0.0
pd,00:03:12.337,1384,-89.999,-90.0,0.0,-89.88,0.238,-0.0,0.0,0.0,0.0,0.0,0.0,0.0,-90.0,-90.0,0.0,-89.901,0.239,-0.0,-89.9995,-90.0,0.0,-89.8905,0.2385,0.0,-0.0994099355332771,0.0,0.0,-2.0876086461889303,0.09940993553280252,0.0,-0.0005000000000023874,0.0,0.0,-0.010500000000007503,0.0005000000000000004,0.0,-0.034424500000000004,0.0275396,0.0413094,-0.0895037,0.0206547,0.034424500000000004,-0.014321367521187999,-0.001595115995096,-0.004750671550612,-0.000638125763139,-0.001259004884031,0.0019661172161580002,0.021047565179850212,2.2406440002669115,0.23118299986890634,0.11305399993943865,0.0
pd,00:03:12.340,1385,-89.999,-90.0,0.0,-89.88,0.238,-0.0,0.0,0.0,0.0,0.0,0.0,0.0,-90.0,-90.0,0.0,-89.901,0.239,-0.0,-89.9995,-90.0,0.0,-89.8905,0.2385,0.0,-0.09318190704745462,0.0,0.0,-1.9568200479872775,0.09318190704700977,0.0,-0.0005000000000023874,0.0,0.0,-0.010500000000007503,0.0005000000000000004,0.0,-0.034424500000000004,0.0275396,0.0413094,-0.0895037,0.0206547,0.034424500000000004,-0.014321367521187999,-0.001595115995096,-0.004750671550612,-0.000638125763139,-0.001259004884031,0.0019661172161580002,0.021047565179850212,1.8081849998452526,0.17168400017908425,0.07918499977677129,0.0
pd,00:03:12.342,1386,-89.999,-90.0,0.0,-89.88,0.238,-0.0,0.0,0.0,0.0,0.0,0.0,0.0,-90.0,-90.0,0.0,-89.901,0.239,-0.0,-89.9995,-90.0,0.0,-89.8905,0.2385,0.0,-0.11692417484444768,0.0,0.0,-2.4554076717217703,0.11692417484388949,0.0,-0.0005000000000023874,0.0,0.0,-0.010500000000007503,0.0005000000000000004,0.0,-0.034424500000000004,0.0275396,0.0413094,0.3924393,-0.0068849,-0.0068849,-0.014321367521187999,-0.001595115995096,-0.004750671550612,0.000603632478645,-0.001448717948748,0.0019661172161580002,0.021047565179850212,3.125654000086797,0.6699380001009558,0.12933199968756526,0.0
pd,00:03:12.346,1387,-89.999,-90.0,0.0,-89.88,0.238,-0.0,0.0,0.0,0.0,0.0,0.0,0.0,-90.0,-90.0,0.0,-89.901,0.239,-0.0,-89.9995,-90.0,0.0,-89.8905,0.2385,0.0,-0.06170634967368956,0.0,0.0,-1.2958333431413427,0.06170634967339498,0.0,-0.0005000000000023874,0.0,0.0,-0.010500000000007503,0.0005000000000000004,0.0,-0.034424500000000004,0.0413094,-0.0137698,0.3924393,-0.0068849,-0.0068849,-0.014460073259891999,-0.0016644688644479998,-0.005600244200174,0.000603632478645,-0.001448717948748,0.0019661172161580002,0.021047565179850212,2.697898999940662,0.2267570002913999,0.1175540000986075,0.0
pd,00:03:12.349,1388,-89.999,-90.0,0.0,-89.88,0.238,-0.0,0.0,0.0,0.0,0.0,0.0,0.0,-90.0,-90.0,0.0,-89.901,0.239,-0.0,-89.9995,-90.0,0.0,-89.8905,0.2385,0.0,-0.07944359421206204,0.0,0.0,-1.6683154784454,0.07944359421168277,0.0,-0.0005000000000023874,0.0,0.0,-0.010500000000007503,0.0005000000000000004,0.0,-0.034424500000000004,0.0413094,-0.0137698,0.3924393,-0.0068849,-0.0068849,-0.014460073259891999,-0.0016644688644479998,-0.005600244200174,0.000603632478645,-0.001448717948748,0.0019661172161580002,0.021047565179850212,1.9110739999632642,0.25549700012561516,0.12479499991968623,0.0
pd,00:03:12.352,1389,-89.999,-90.0,0.0,-89.88,0.238,-0.0,0.0,0.0,0.0,0.0,0.0,0.0,-90.0,-90.0,0.0,-89.901,0.239,-0.0,-89.9995,-90.0,0.0,-89.8905,0.2385,0.0,-0.10398413328094078,0.0,0.0,-2.1836667988894125,0.10398413328044435,0.0,-0.0005000000000023874,0.0,0.0,-0.010500000000007503,0.0005000000000000004,0.0,-0.034424500000000004,0.0413094,-0.0137698,0.3924393,-0.0068849,-0.0068849,-0.014460073259891999,-0.0016644688644479998,-0.005600244200174,0.000603632478645,-0.001448717948748,0.0019661172161580002,0.021047565179850212,1.9252399997640168,0.24505300007149344,0.1158509999186208,0.0
pd,00:03:12.354,1390,-89.999,-90.0,0.0,-89.88,0.238,-0.0,0.0,0.0,0.0,0.0,0.0,0.0,-90.0,-90.0,0.0,-89.901,0.239,-0.0,-89.9995,-90.0,0.0,-89.8905,0.2385,0.0,-0.10454396809621204,0.0,0.0,-2.1954233300100534,0.10454396809571295,0.0,-0.0005000000000023874,0.0,0.0,-0.010500000000007503,0.0005000000000000004,0.0,-0.034424500000000004,0.0413094,-0.0137698,0.3924393,-0.0068849,-0.0068849,-0.014460073259891999,-0.0016644688644479998,-0.005600244200174,0.000603632478645,-0.001448717948748,0.0019661172161580002,0.021047565179850212,1.7530929999338696,0.28199799999129027,0.17016500032696058,0.0
pd,00:03:12.357,1391,-89.999,-90.0,-0.0,-89.881,0.238,-0.0,0.0,0.0,-0.0,-0.29631253974002314,0.0,0.0,-90.0,-90.0,0.0,-89.901,0.239,-0.0,-89.9995,-90.0,0.0,-89.861368746026,0.2385,0.0,-0.07407813493500578,0.0,0.0,2.908493361645431,0.07407813493465214,0.0,-0.0005000000000023874,0.0,0.0,0.019631253973997786,0.0005000000000000004,0.0,-0.034424500000000004,0.0413094,-0.0137698,0.3924393,-0.0068849,-0.0068849,-0.014460073259891999,-0.0016644688644479998,-0.005600244200174,0.000603632478645,-0.001448717948748,0.0019661172161580002,0.020049937655759693,1.9927949997509131,0.33383000027242815,0.11944299967581173,0.0
pd,00:03:12.360,1392,-89.999,-90.0,-0.0,-89.881,0.238,-0.0,0.0,0.0,0.0,0.0,0.0,0.0,-90.0,-90.0,0.0,-89.901,0.239,-0.0,-89.9995,-90.0,0.0,-89.89099999999999,0.2385,0.0,-0.09745130111570695,0.0,0.0,-1.9490260223044449,0.09745130111524172,0.0,-0.0005000000000023874,0.0,0.0,-0.009999999999990905,0.0005000000000000004,0.0,-0.034424500000000004,0.0413094,-0.0137698,0.3924393,-0.0068849,-0.0068849,-0.014460073259891999,-0.0016644688644479998,-0.005600244200174,0.000603632478645,-0.001448717948748,0.0019661172161580002,0.020049937655759693,1.8954629999825556,0.23336799995377078,0.10857299957933719,0.0
pd,00:03:12.362,1393,-89.999,-90.0,-0.0,-89.881,0.238,-0.0,0.0,0.0,0.0,0.0,0.0,0.0,-90.0,-90.0,0.0,-89.901,0.239,-0.0,-89.9995,-90.0,0.0,-89.89099999999999,0.2385,0.0,-0.10700847025257748,0.0,0.0,-2.140169405040905,0.10700847025206663,0.0,-0.0005000000000023874,0.0,0.0,-0.009999999999990905,0.0005000000000000004,0.0,-0.034424500000000004,0.0413094,-0.0,-0.0757339,-0.0550792,-0.0137698,-0.014373382173202,-0.002149938949912,-0.00554822954816,0.000603632478645,-0.001621184371218,0.001345238095266,0.020049937655759693,3.720573999999033,0.2652749999469961,0.12464700012060348,0.0
pd,00:03:12.367,1394,-89.999,-90.0,-0.0,-89.881,0.238,-0.0,0.0,0.0,0.0,0.0,0.0,0.0,-90.0,-90.0,0.0,-89.901,0.239,-0.0,-89.9995,-90.0,0.0,-89.89099999999999,0.2385,0.0,-0.05902814681406253,0.0,0.0,-1.1805629362753787,0.059028146813780734,0.0,-0.0005000000000023874,0.0,0.0,-0.009999999999990905,0.0005000000000000004,0.0,0.034424500000000004,0.0413094,-0.0,-0.0757339,-0.0550792,-0.0137698,-0.014373382173202,-0.002149938949912,-0.00554822954816,0.000603632478645,-0.001621184371218,0.001345238095266,0.020049937655759693,2.799065000090195,0.2137020001100609,0.09340700034954352,0.0
pd,00:03:12.370,1395,-89.999,-90.0,-0.0,-89.881,0.238,-0.0,0.0,0.0,0.0,0.0,0.0,0.0,-90.0,-90.0,0.0,-89.901,0.239,-0.0,-89.9995,-90.0,0.0,-89.89099999999999,0.2385,0.0,-0.07661668858724294,0.0,0.0,-1.5323337717372372,0.07661668858687717,0.0,-0.0005000000000023874,0.0,0.0,-0.009999999999990905,0.0005000000000000004,0.0,0.034424500000000004,0.0413094,-0.0,-0.0757339,-0.0550792,-0.0137698,-0.014373382173202,-0.002149938949912,-0.00554822954816,0.000603632478645,-0.001621184371218,0.001345238095266,0.020049937655759693,1.748408999901585,0.15994300019883667,0.06181399976412649,0.0
pd,00:03:12.372,1396,-89.999,-90.0,-0.0,-89.881,0.238,-0.0,0.0,0.0,0.0,0.0,0.0,0.0,-90.0,-90.0,0.0,-89.901,0.239,-0.0,-89.9995,-90.0,0.0,-89.89099999999999,0.2385,0.0,-0.12256879018176585,0.0,0.0,-2.451375803623124,0.1225687901811807,0.0,-0.0005000000000023874,0.0,0.0,-0.009999999999990905,0.0005000000000000004,0.0,0.034424500000000004,0.0413094,-0.0,-0.0757339,-0.0550792,-0.0137698,-0.014373382173202,-0.002149938949912,-0.00554822954816,0.000603632478645,-0.001621184371218,0.001345238095266,0.020049937655759693,1.7733149998093722,0.20029400002385955,0.09109099983106717,0.0
pd,00:03:12.374,1397,-89.999,-90.0,-0.0,-89.881,0.238,-0.0,0.0,0.0,0.0,0.0,0.0,0.0,-90.0,-90.0,0.0,-89.901,0.239,-0.0,-89.9995,-90.0,0.0,-89.89099999999999,0.2385,0.0,-0.11617283403556468,0.0,0.0,-2.323456680699737,0.11617283403501008,0.0,-0.0005000000000023874,0.0,0.0,-0.009999999999990905,0.0005000000000000004,0.0,0.034424500000000004,0.0413094,-0.0,-0.0757339,-0.0550792,-0.0137698,-0.014373382173202,-0.002149938949912,-0.00554822954816,0.000603632478645,-0.001621184371218,0.001345238095266,0.020049937655759693,1.8987220000781235,0.2432569999655243,0.11566500006665592,0.0
pd,00:03:12.376,1398,-89.999,-90.0,-0.0,-89.881,0.238,-0.0,0.0,0.0,0.0,0.0,0.0,0.0,-90.0,-90.0,0.0,-89.901,0.239,-0.0,-89.9995,-90.0,0.0,-89.89099999999999,0.2385,0.0,-0.10591676767727341,0.0,0.0,-2.118335353534932,0.10591676767676778,0.0,-0.0005000000000023874,0.0,0.0,-0.009999999999990905,0.0005000000000000004,0.0,0.034424500000000004,0.0413094,-0.0,-0.0757339,-0.0550792,-0.0137698,-0.014373382173202,-0.002149938949912,-0.00554822954816,0.000603632478645,-0.001621184371218,0.001345238095266,0.020049937655759693,1.7971859997487627,0.17849799996838556,0.08538800011592684,0.0
pd,00:03:12.378,1399,-89.999,-90.0,-0.0,-89.874,0.238,-0.0,0.0,0.0,0.0,3.2669553799956583,0.0,0.0,-90.0,-90.0,0.0,-89.901,0.239,-0.0,-89.9995,-90.0,0.0,-90.21419553799956,0.2385,0.0,-0.11667697785746153,0.0,0.0,-79.38597450838618,0.11667697785690452,0.0,-0.0005000000000023874,0.0,0.0,-0.3401955379995627,0.0005000000000000004,0.0,0.034424500000000004,0.0413094,-0.0,-0.0757339,-0.0550792,-0.0137698,-0.014373382173202,-0.002149938949912,-0.00554822954816,0.000603632478645,-0.001621184371218,0.001345238095266,0.02703701166919275,2.1708300000682357,0.22734999993190286,0.09336999983133865,0.0
pd,00:03:12.381,1400,-89.999,-90.0,-0.0,-89.874,0.238,-0.0,0.0,0.0,0.0,0.0,0.0,0.0,-90.0,-90.0,0.0,-89.901,0.239,-0.0,-89.9995,-90.0,0.0,-89.88749999999999,0.2385,0.0,-0.09702748218793437,0.0,0.0,-2.6197420190618184,0.09702748218747118,0.0,-0.0005000000000023874,0.0,0.0,-0.013499999999993406,0.0005000000000000004,0.0,0.034424500000000004,0.0413094,-0.0,-0.0757339,-0.0550792,-0.0137698,-0.014373382173202,-0.002149938949912,-0.00554822954816,0.000603632478645,-0.001621184371218,0.001345238095266,0.02703701166919275,1.722908999909123,0.15046099997562123,0.07090700000844663,0.0
pd,00:03:12.385,1401,-89.999,-90.0,-0.0,-89.874,0.238,-0.0,0.0,0.0,0.0,0.0,0.0,0.0,-90.0,-90.0,0.0,-89.901,0.239,-0.0,-89.9995,-90.0,0.0,-89.88749999999999,0.2385,0.0,-0.06509255695604983,0.0,0.0,-1.7574990378050204,0.06509255695573908,0.0,-0.0005000000000023874,0.0,0.0,-0.013499999999993406,0.0005000000000000004,0.0,0.0,-0.034424500000000004,-0.0137698,-0.0275396,-0.0068849,0.0206547,-0.015032234432046,-0.001543101343082,-0.005600244200174,-0.000724358974374,-0.0016556776557120003,0.001431471306501,0.02703701166919275,3.5375760003262258,0.3033489997505967,0.13829500039719278,0.0
pd,00:03:12.389,1402,-89.999,-90.0,-0.0,-89.874,0.238,-0.0,0.0,0.0,0.0,0.0,0.0,0.0,-90.0,-90.0,0.0,-89.901,0.239,-0.0,-89.9995,-90.0,0.0,-89.88749999999999,0.2385,0.0,-0.06085757399912982,0.0,0.0,-1.6431544979687216,0.06085757399883929,0.0,-0.0005000000000023874,0.0,0.0,-0.013499999999993406,0.0005000000000000004,0.0,0.0,-0.034424500000000004,-0.0137698,-0.0275396,-0.0068849,0.0206547,-0.015032234432046,-0.001543101343082,-0.005600244200174,-0.000724358974374,-0.0016556776557120003,0.001431471306501,0.02703701166919275,2.0511469997472886,0.26784900001075584,0.12764700022671605,0.0
pd,00:03:12.391,1403,-89.999,-90.0,-0.0,-89.874,0.238,-0.0,0.0,0.0,0.0,0.0,0.0,0.0,-90.0,-90.0,0.0,-89.901,0.239,-0.0,-89.9995,-90.0,0.0,-89.88749999999999,0.2385,0.0,-0.09749660623012615,0.0,0.0,-2.6324083682009367,0.0974966062296607,0.0,-0.0005000000000023874,0.0,0.0,-0.013499999999993406,0.0005000000000000004,0.0,0.0,-0.034424500000000004,-0.0137698,-0.0275396,-0.0068849,0.0206547,-0.015032234432046,-0.001543101343082,-0.005600244200174,-0.000724358974374,-0.0016556776557120003,0.001431471306501,0.02703701166919275,1.9850539997605665,0.3984589998253796,0.1626840003154939,0.0
pd,00:03:12.394,1404,-89.999,-90.0,-0.0,-89.874,0.238,-0.0,0.0,0.0,0.0,0.0,0.0,0.0,-90.0,-90.0,0.0,-89.901,0.239,-0.0,-89.9995,-90.0,0.0,-89.88749999999999,0.2385,0.0,-0.09291767833451545,0.0,0.0,-2.508777315020033,0.09291767833407186,0.0,-0.0005000000000023874,0.0,0.0,-0.013499999999993406,0.0005000000000000004,0.0,0.0,-0.034424500000000004,-0.0137698,-0.0275396,-0.0068849,0.0206547,-0.015032234432046,-0.001543101343082,-0.005600244200174,-0.000724358974374,-0.0016556776557120003,0.001431471306501,0.02703701166919275,1.9175739998900099,0.2650900000844558,0.12846200024796417,0.0
pd,00:03:12.397,1405,-89.999,-90.0,-0.0,-89.874,0.238,-0.0,0.0,0.0,0.0,0.0,0.0,0.0,-90.0,-90.0,0.0,-89.901,0.239,-0.0,-89.9995,-90.0,0.0,-89.88749999999999,0.2385,0.0,-0.10283181327890623,0.0,0.0,-2.776458958517316,0.10283181327841531,0.0,-0.0005000000000023874,0.0,0.0,-0.013499999999993406,0.0005000000000000004,0.0,0.0,-0.034424500000000004,-0.0137698,-0.0275396,-0.0068849,0.0206547,-0.015032234432046,-0.001543101343082,-0.005600244200174,-0.000724358974374,-0.0016556776557120003,0.001431471306501,0.02703701166919275,1.8486659996597155,0.20844199980274425,0.09135100026469445,0.0
pd,00:03:12.399,1406,-90.0,-90.0,0.0,-89.876,0.239,-0.0,-0.44253049166702124,0.0,0.0,-0.8850609833340425,0.4425304916649086,0.0,-90.0,-90.0,0.0,-89.901,0.239,-0.0,-89.9557469508333,-90.0,0.0,-89.7999939016666,0.19474695083350912,0.0,9.791661802706024,0.0,0.0,16.817508032507316,-9.791661802659279,0.0,0.04425304916669859,0.0,0.0,0.07600609833340854,-0.044253049166490865,0.0,0.0,-0.034424500000000004,-0.0137698,-0.0275396,-0.0068849,0.0206547,-0.015032234432046,-0.001543101343082,-0.005600244200174,-0.000724358974374,-0.0016556776557120003,0.001431471306501,0.024999999999991473,1.7794820000744949,0.17964699964068132,0.08083200009423308,0.0
pd,00:03:12.401,1407,-90.0,-90.0,0.0,-89.876,0.239,-0.0,0.0,0.0,0.0,0.0,0.0,0.0,-90.0,-90.0,0.0,-89.901,0.239,-0.0,-90.0,-90.0,0.0,-89.8885,0.239,0.0,0.0,0.0,0.0,-2.9474252304914614,0.0,0.0,0.0,0.0,0.0,-0.012499999999988631,0.0,0.0,0.0,-0.034424500000000004,-0.0137698,-0.0275396,-0.0068849,0.0206547,-0.015032234432046,-0.001543101343082,-0.005600244200174,-0.000724358974374,-0.0016556776557120003,0.001431471306501,0.024999999999991473,1.7604639997443883,0.25185000004057656,0.12684999956036336,0.0
pd,00:03:12.403,1408,-90.0,-90.0,0.0,-89.876,0.239,-0.0,0.0,0.0,0.0,0.0,0.0,0.0,-90.0,-90.0,0.0,-89.901,0.239,-0.0,-90.0,-90.0,0.0,-89.8885,0.239,0.0,0.0,0.0,0.0,-2.775772977550938,0.0,0.0,0.0,0.0,0.0,-0.012499999999988631,0.0,0.0,0.0413094,-0.0275396,0.034424500000000004,-0.0275396,0.0826188,0.0068849,-0.014373382173202,-0.0012310134309979999,-0.00450793650788,0.00103479853482,-0.0016556776557120003,0.001431471306501,0.024999999999991473,4.24810599997727,0.25466400029472425,0.1149990002886625,0.0
pd,00:03:12.408,1409,-90.0,-90.0,0.0,-89.876,0.239,-0.0,0.0,0.0,0.0,0.0,0.0,0.0,-90.0,-90.0,0.0,-89.901,0.239,-0.0,-90.0,-90.0,0.0,-89.8885,0.239,0.0,0.0,0.0,0.0,-1.3238927326898167,0.0,0.0,0.0,0.0,0.0,-0.012499999999988631,0.0,0.0,0.0413094,-0.0275396,0.034424500000000004,-0.0275396,0.0826188,0.0068849,-0.014373382173202,-0.0012310134309979999,-0.00450793650788,0.00103479853482,-0.0016556776557120003,0.001431471306501,0.024999999999991473,2.149293000002217,0.20894299996143673,0.09833200010689325,0.0
pd,00:03:12.410,1410,-90.0,-90.0,0.0,-89.876,0.239,-0.0,0.0,0.0,0.0,0.0,0.0,0.0,-90.0,-90.0,0.0,-89.901,0.239,-0.0,-90.0,-90.0,0.0,-89.8885,0.239,0.0,0.0,0.0,0.0,-2.4545318352051555,0.0,0.0,0.0,0.0,0.0,-0.012499999999988631,0.0,0.0,0.0413094,-0.0275396,0.034424500000000004,-0.0275396,0.0826188,0.0068849,-0.014373382173202,-0.0012310134309979999,-0.00450793650788,0.00103479853482,-0.0016556776557120003,0.001431471306501,0.024999999999991473,1.7756490001374914,0.3062379996663367,0.15481400032513193,0.0
pd,00:03:12.414,1411,-90.0,-90.0,0.0,-89.876,0.239,-0.0,0.0,0.0,0.0,0.0,0.0,0.0,-90.0,-90.0,0.0,-89.901,0.239,-0.0,-90.0,-90.0,0.0,-89.8885,0.239,0.0,0.0,0.0,0.0,-1.7015708165643944,0.0,0.0,0.0,0.0,0.0,-0.012499999999988631,0.0,0.0,0.0413094,-0.0275396,0.034424500000000004,-0.0275396,0.0826188,0.0068849,-0.014373382173202,-0.0012310134309979999,-0.00450793650788,0.00103479853482,-0.0016556776557120003,0.001431471306501,0.024999999999991473,2.0263129999875673,0.28218199986440595,0.21599800038529793,0.0
pd,00:03:12.417,1412,-90.0,-90.0,0.0,-89.876,0.239,-0.0,0.0,0.0,0.0,0.0,0.0,0.0,-90.0,-90.0,0.0,-89.901,0.239,-0.0,-90.0,-90.0,0.0,-89.8885,0.239,0.0,0.0,0.0,0.0,-2.34622751275316,0.0,0.0,0.0,0.0,0.0,-0.012499999999988631,0.0,0.0,0.0413094,-0.0275396,0.034424500000000004,-0.0275396,0.0826188,0.0068849,-0.014373382173202,-0.0012310134309979999,-0.00450793650788,0.00103479853482,-0.0016556776557120003,0.001431471306501,0.024999999999991473,1.8648340001163888,0.24914599998737685,0.11425799993958208,0.0
pd,00:03:12.419,1413,-90.0,-90.0,0.0,-89.876,0.238,-0.0,0.0,0.0,0.0,0.0,-0.42820867789688655,0.0,-90.0,-90.0,0.0,-89.901,0.239,-0.0,-90.0,-90.0,0.0,-89.8885,0.2813208677896887,0.0,0.0,0.0,0.0,-2.6763042368546257,9.275185760784192,0.0,0.0,0.0,0.0,-0.012499999999988631,0.04332086778968869,0.0,0.0413094,-0.0275396,0.034424500000000004,-0.0275396,0.0826188,0.0068849,-0.014373382173202,-0.0012310134309979999,-0.00450793650788,0.00103479853482,-0.0016556776557120003,0.001431471306501,0.025019992006385088,1.9530909999048163,0.2590899998722307,0.122592000025179,0.0
pd,00:03:12.422,1414,-90.0,-90.0,0.0,-89.876,0.238,-0.0,0.0,0.0,0.0,0.0,0.0,0.0,-90.0,-90.0,0.0,-89.901,0.239,-0.0,-90.0,-90.0,0.0,-89.8885,0.2385,0.0,0.0,0.0,0.0,-2.551279805351928,0.10205119221411202,0.0,0.0,0.0,0.0,-0.012499999999988631,0.0005000000000000004,0.0,0.0413094,-0.0275396,0.034424500000000004,-0.0275396,0.0826188,0.0068849,-0.014373382173202,-0.0012310134309979999,-0.00450793650788,0.00103479853482,-0.0016556776557120003,0.001431471306501,0.025019992006385088,1.850888999797462,1.3336350002646213,0.3544220003277587,0.0
pd,00:03:12.425,1415,-90.0,-90.0,0.0,-89.876,0.238,-0.0,0.0,0.0,0.0,0.0,0.0,0.0,-90.0,-90.0,0.0,-89.901,0.239,-0.0,-90.0,-90.0,0.0,-89.8885,0.2385,0.0,0.0,0.0,0.0,-1.70212323875015,0.06808492955002927,0.0,0.0,0.0,0.0,-0.012499999999988631,0.0005000000000000004,0.0,-0.0137698,-0.0068849,0.0895037,-3.9725873000000003,-0.0,0.0068849,-0.012899633699472,-0.0019245421245179999,-0.004802686202626,0.004535866910961001,-0.001483211233242,0.0025697496948030004,0.025019992006385088,3.075376999731816,0.3548300001057214,0.11807300006694277,0.0
pd,00:03:12.429,1416,-90.0,-90.0,0.0,-89.876,0.238,-0.0,0.0,0.0,0.0,0.0,0.0,0.0,-90.0,-90.0,0.0,-89.901,0.239,-0.0,-90.0,-90.0,0.0,-89.8885,0.2385,0.0,0.0,0.0,0.0,-1.7106760636903589,0.06842704254763775,0.0,0.0,0.0,0.0,-0.012499999999988631,0.0005000000000000004,0.0,-0.0137698,-0.0068849,0.0895037,-3.9725873000000003,-0.0,0.0068849,-0.012899633699472,-0.0019245421245179999,-0.004802686202626,0.004535866910961001,-0.001483211233242,0.0025697496948030004,0.025019992006385088,1.7913339997903677,0.17940499992619152,0.09164699986285996,0.0
pd,00:03:12.431,1417,-90.0,-90.0,0.0,-89.876,0.238,-0.0,0.0,0.0,0.0,0.0,0.0,0.0,-90.0,-90.0,0.0,-89.901,0.239,-0.0,-90.0,-90.0,0.0,-89.8885,0.2385,0.0,0.0,0.0,0.0,-2.910770597378532,0.1164308238951811,0.0,0.0,0.0,0.0,-0.012499999999988631,0.0005000000000000004,0.0,-0.0137698,-0.0068849,0.0895037,-3.9725873000000003,-0.0,0.0068849,-0.012899633699472,-0.0019245421245179999,-0.004802686202626,0.004535866910961001,-0.001483211233242,0.0025697496948030004,0.025019992006385088,1.9151470000906556,0.2489970001988695,0.11907199996130657,0.0
pd,00:03:12.433,1418,-90.0,-90.0,0.0,-89.876,0.238,-0.0,0.0,0.0,0.0,0.0,0.0,0.0,-90.0,-90.0,0.0,-89.901,0.239,-0.0,-90.0,-90.0,0.0,-89.8885,0.2385,0.0,0.0,0.0,0.0,-2.612817701583879,0.1045127080633909,0.0,0.0,0.0,0.0,-0.012499999999988631,0.0005000000000000004,0.0,-0.0137698,-0.0068849,0.0895037,-3.9725873000000003,-0.0,0.0068849,-0.012899633699472,-0.0019245421245179999,-0.004802686202626,0.004535866910961001,-0.001483211233242,0.0025697496948030004,0.025019992006385088,1.749113000187208,0.19903500015061582,0.36249699996915297,0.0
pd,00:03:12.436,1419,-90.0,-90.0,0.0,-89.876,0.238,-0.0,0.0,0.0,0.0,0.0,0.0,0.0,-90.0,-90.0,0.0,-89.901,0.239,-0.0,-90.0,-90.0,0.0,-89.8885,0.2385,0.0,0.0,0.0,0.0,-2.598830177455245,0.10395320709824536,0.0,0.0,0.0,0.0,-0.012499999999988631,0.0005000000000000004,0.0,-0.0137698,-0.0068849,0.0895037,-3.9725873000000003,-0.0,0.0068849,-0.012899633699472,-0.0019245421245179999,-0.004802686202626,0.004535866910961001,-0.001483211233242,0.0025697496948030004,0.025019992006385088,1.9405739999456273,0.24783099979686085,0.12488800030041602,0.0
pd,00:03:12.438,1420,-90.0,-90.0,0.0,-89.877,0.238,-0.0,0.0,0.0,0.0,-0.41282519684649827,0.0,0.0,-90.0,-90.0,0.0,-89.901,0.239,-0.0,-90.0,-90.0,0.0,-89.84771748031534,0.2385,0.0,0.0,0.0,0.0,6.044280976545453,0.10320629921259852,0.0,0.0,0.0,0.0,0.02928251968465645,0.0005000000000000004,0.0,-0.0137698,-0.0068849,0.0895037,-3.9725873000000003,-0.0,0.0068849,-0.012899633699472,-0.0019245421245179999,-0.004802686202626,0.004535866910961001,-0.001483211233242,0.0025697496948030004,0.024020824298929537,1.826612000058958,0.22309099995254655,0.10418400006528827,0.0
pd,00:03:12.442,1421,-90.0,-90.0,0.0,-89.877,0.238,-0.0,0.0,0.0,0.0,0.0,0.0,0.0,-90.0,-90.0,0.0,-89.901,0.239,-0.0,-90.0,-90.0,0.0,-89.889,0.2385,0.0,0.0,0.0,0.0,-1.8441905320241063,0.07684127216766824,0.0,0.0,0.0,0.0,-0.012000000000000455,0.0005000000000000004,0.0,-0.0137698,-0.0068849,0.0895037,-3.9725873000000003,-0.0,0.0068849,-0.012899633699472,-0.0019245421245179999,-0.004802686202626,0.004535866910961001,-0.001483211233242,0.0025697496948030004,0.024020824298929537,1.9429619997026748,0.8596020002187288,0.5349399998522131,0.0
pd,00:03:12.445,1422,-90.0,-90.0,0.0,-89.877,0.238,-0.0,0.0,0.0,0.0,0.0,0.0,0.0,-90.0,-90.0,0.0,-89.901,0.239,-0.0,-90.0,-90.0,0.0,-89.889,0.2385,0.0,0.0,0.0,0.0,-1.7002786298223738,0.07084494290926295,0.0,0.0,0.0,0.0,-0.012000000000000455,0.0005000000000000004,0.0,0.0068849,-0.0275396,-0.0206547,0.1858923,-0.4199789,0.0137698,-0.007386080585988,-0.001577777777758,-0.004438583638528,8.6233211235e-05,-0.002207570207616,0.001569444444477,0.024020824298929537,3.1310800000028394,0.2784230000543175,0.16209099976549624,0.0
pd,00:03:12.449,1423,-90.0,-90.0,0.0,-89.877,0.238,-0.0,0.0,0.0,0.0,0.0,0.0,0.0,-90.0,-90.0,0.0,-89.901,0.239,-0.0,-90.0,-90.0,0.0,-89.889,0.2385,0.0,0.0,0.0,0.0,-1.6240206504905106,0.06766752710376878,0.0,0.0,0.0,0.0,-0.012000000000000455,0.0005000000000000004,0.0,0.0068849,-0.0275396,-0.0206547,0.1858923,-0.4199789,0.0137698,-0.007386080585988,-0.001577777777758,-0.004438583638528,8.6233211235e-05,-0.002207570207616,0.001569444444477,0.024020824298929537,1.9933510002374533,0.2540160003263736,0.12124000022595283,0.0
pd,00:03:12.451,1424,-90.0,-90.0,0.0,-89.877,0.238,-0.0,0.0,0.0,0.0,0.0,0.0,0.0,-90.0,-90.0,0.0,-89.901,0.239,-0.0,-90.0,-90.0,0.0,-89.889,0.2385,0.0,0.0,0.0,0.0,-2.4218866326629733,0.10091194302762015,0.0,0.0,0.0,0.0,-0.012000000000000455,0.0005000000000000004,0.0,0.0068849,-0.0275396,-0.0206547,0.1858923,-0.4199789,0.0137698,-0.007386080585988,-0.001577777777758,-0.004438583638528,8.6233211235e-05,-0.002207570207616,0.001569444444477,0.024020824298929537,1.8215190002592863,0.19646100008685607,0.08888799993655994,0.0
pd,00:03:12.453,1425,-90.0,-90.0,0.0,-89.877,0.238,-0.0,0.0,0.0,0.0,0.0,0.0,0.0,-90.0,-90.0,0.0,-89.901,0.239,-0.0,-90.0,-90.0,0.0,-89.889,0.2385,0.0,0.0,0.0,0.0,-2.7372007831195293,0.11405003262997618,0.0,0.0,0.0,0.0,-0.012000000000000455,0.0005000000000000004,0.0,0.0068849,-0.0275396,-0.0206547,0.1858923,-0.4199789,0.0137698,-0.007386080585988,-0.001577777777758,-0.004438583638528,8.6233211235e-05,-0.002207570207616,0.001569444444477,0.024020824298929537,1.7440940000597038,0.14040600035514217,0.05762899991168524,0.0
pd,00:03:12.455,1426,-90.0,-90.0,0.0,-89.877,0.238,-0.0,0.0,0.0,0.0,0.0,0.0,0.0,-90.0,-90.0,0.0,-89.901,0.239,-0.0,-90.0,-90.0,0.0,-89.889,0.2385,0.0,0.0,0.0,0.0,-2.9895253029224227,0.12456355428842966,0.0,0.0,0.0,0.0,-0.012000000000000455,0.0005000000000000004,0.0,0.0068849,-0.0275396,-0.0206547,0.1858923,-0.4199789,0.0137698,-0.007386080585988,-0.001577777777758,-0.004438583638528,8.6233211235e-05,-0.002207570207616,0.001569444444477,0.024020824298929537,1.7721859999255685,0.18542399993748404,0.08396199973503826,0.0
pd,00:03:12.458,1427,-90.0,-90.0,0.0,-89.877,0.238,-0.0,0.0,0.0,0.0,0.0,0.0,0.0,-90.0,-90.0,0.0,-89.901,0.239,-0.0,-90.0,-90.0,0.0,-89.889,0.2385,0.0,0.0,0.0,0.0,-2.8276206741574104,0.11781752808988774,0.0,0.0,0.0,0.0,-0.012000000000000455,0.0005000000000000004,0.0,0.0068849,-0.0275396,-0.0206547,0.1858923,-0.4199789,0.0137698,-0.007386080585988,-0.001577777777758,-0.004438583638528,8.6233211235e-05,-0.002207570207616,0.001569444444477,0.024020824298929537,1.7123160000664939,0.15859099994486314,0.06805500015616417,0.0
pd,00:03:12.460,1428,-90.0,-90.0,0.0,-89.917,0.238,-0.0,0.0,0.0,0.0,-19.885286239187653,0.0,0.0,-90.0,-90.0,0.0,-89.901,0.239,-0.0,-90.0,-90.0,0.0,-87.92047137608124,0.2385,0.0,0.0,0.0,0.0,496.26928964187414,0.1242830389949035,0.0,0.0,0.0,0.0,1.9965286239187634,0.0005000000000000004,0.0,0.0068849,-0.0275396,-0.0206547,0.1858923,-0.4199789,0.0137698,-0.007386080585988,-0.001577777777758,-0.004438583638528,8.6233211235e-05,-0.002207570207616,0.001569444444477,0.01603121954188673,1.985795000109647,0.19603500004450325,0.08735099982004613,0.0
pd,00:03:12.462,1429,-90.0,-90.0,0.0,-89.917,0.238,-0.0,0.0,0.0,0.0,0.0,0.0,0.0,-90.0,-90.0,0.0,-89.901,0.239,-0.0,-90.0,-90.0,0.0,-89.90899999999999,0.2385,0.0,0.0,0.0,0.0,1.699647046905643,0.10622794043156732,0.0,0.0,0.0,0.0,0.008000000000009777,0.0005000000000000004,0.0,0.0068849,-0.0275396,-0.0206547,0.1858923,-0.4199789,-0.0206547,-0.007386080585988,-0.001577777777758,-0.004438583638528,8.6233211235e-05,-0.002207570207616,0.0017419108669470002,0.01603121954188673,2.0776830001523194,0.8271030001196777,0.3191450000485929,0.0
pd,00:03:12.465,1430,-90.0,-90.0,0.0,-89.917,0.238,-0.0,0.0,0.0,0.0,0.0,0.0,0.0,-90.0,-90.0,0.0,-89.901,0.239,-0.0,-90.0,-90.0,0.0,-89.90899999999999,0.2385,0.0,0.0,0.0,0.0,1.203099031911481,0.07519368949444252,0.0,0.0,0.0,0.0,0.008000000000009777,0.0005000000000000004,0.0,0.0413094,-0.0413094,-0.0,-0.0550792,0.13081310000000002,-0.0206547,-0.010056166056039999,-0.002756776556742,-0.00424786324781,0.000672619047633,-0.00024145299145800003,0.0017419108669470002,0.01603121954188673,2.9523409998546413,0.2646829998411704,0.14653500011263532,0.0
pd,00:03:12.470,1431,-90.0,-90.0,0.0,-89.917,0.238,-0.0,0.0,0.0,0.0,0.0,0.0,0.0,-90.0,-90.0,0.0,-89.901,0.239,-0.0,-90.0,-90.0,0.0,-89.90899999999999,0.2385,0.0,0.0,0.0,0.0,0.8650278937873473,0.0540642433616912,0.0,0.0,0.0,0.0,0.008000000000009777,0.0005000000000000004,0.0,0.0413094,-0.0413094,-0.0,-0.0550792,0.13081310000000002,-0.0206547,-0.010056166056039999,-0.002756776556742,-0.00424786324781,0.000672619047633,-0.00024145299145800003,0.0017419108669470002,0.01603121954188673,1.983572999961325,0.24007199999687145,0.10307299999112729,0.0
pd,00:03:12.472,1432,-90.0,-90.0,0.0,-89.917,0.238,-0.0,0.0,0.0,0.0,0.0,0.0,0.0,-90.0,-90.0,0.0,-89.901,0.239,-0.0,-90.0,-90.0,0.0,-89.90899999999999,0.2385,0.0,0.0,0.0,0.0,1.642249021143853,0.10264056382145663,0.0,0.0,0.0,0.0,0.008000000000009777,0.0005000000000000004,0.0,0.0413094,-0.0413094,-0.0,-0.0550792,0.13081310000000002,-0.0206547,-0.010056166056039999,-0.002756776556742,-0.00424786324781,0.000672619047633,-0.00024145299145800003,0.0017419108669470002,0.01603121954188673,1.7622420000407146,0.18551700031821383,0.10198100017078104,0.0
pd,00:03:12.474,1433,-90.0,-90.0,0.0,-89.917,0.238,-0.0,0.0,0.0,0.0,0.0,0.0,0.0,-90.0,-90.0,0.0,-89.901,0.239,-0.0,-90.0,-90.0,0.0,-89.90899999999999,0.2385,0.0,0.0,0.0,0.0,1.86828685968882,0.11676792873051235,0.0,0.0,0.0,0.0,0.008000000000009777,0.0005000000000000004,0.0,0.0413094,-0.0413094,-0.0,-0.0550792,0.13081310000000002,-0.0206547,-0.010056166056039999,-0.002756776556742,-0.00424786324781,0.000672619047633,-0.00024145299145800003,0.0017419108669470002,0.01603121954188673,1.8097960000886815,0.25284999992436497,0.1577210000505147,0.0
pd,00:03:12.477,1434,-90.0,-90.0,0.0,-89.917,0.238,-0.0,0.0,0.0,0.0,0.0,0.0,0.0,-90.0,-90.0,0.0,-89.901,0.239,-0.0,-90.0,-90.0,0.0,-89.90899999999999,0.2385,0.0,0.0,0.0,0.0,1.7147604251845465,0.10717252657399846,0.0,0.0,0.0,0.0,0.008000000000009777,0.0005000000000000004,0.0,0.0413094,-0.0413094,-0.0,-0.0550792,0.13081310000000002,-0.0206547,-0.010056166056039999,-0.002756776556742,-0.00424786324781,0.000672619047633,-0.00024145299145800003,0.0017419108669470002,0.01603121954188673,1.8213899998045235,0.2088870000989118,0.09022099993671873,0.0
pd,00:03:12.479,1435,-89.999,-90.0,0.0,-89.951,0.232,-0.0,0.45314433880942384,0.0,0.0,-15.406907519443136,-2.7188660328435508,0.0,-90.0,-90.0,0.0,-89.901,0.239,-0.0,-90.04481443388094,-90.0,0.0,-88.38530924805568,0.5073866032843551,0.0,-10.38027567440483,0.0,0.0,354.7419502832237,62.39494013083318,0.0,-0.04581443388094897,0.0,0.0,1.5656907519443166,0.27538660328435516,0.0,0.0413094,-0.0413094,-0.0,-0.0550792,0.13081310000000002,-0.0206547,-0.010056166056039999,-0.002756776556742,-0.00424786324781,0.000672619047633,-0.00024145299145800003,0.0017419108669470002,0.05049752469180767,1.7607790000511159,0.14885000018693972,0.07051799957480398,0.0
pd,00:03:12.481,1436,-89.999,-90.0,0.0,-89.951,0.232,-0.0,0.0,0.0,0.0,0.0,0.0,0.0,-90.0,-90.0,0.0,-89.901,0.239,-0.0,-89.9995,-90.0,0.0,-89.92599999999999,0.2355,0.0,-0.121842435510691,0.0,0.0,6.092121775505115,0.852897048570762,0.0,-0.0005000000000023874,0.0,0.0,0.025000000000005684,0.0034999999999999754,0.0,0.0413094,-0.0413094,-0.0,-0.0550792,0.13081310000000002,-0.0206547,-0.010056166056039999,-0.002756776556742,-0.00424786324781,0.000672619047633,-0.00024145299145800003,0.0017419108669470002,0.05049752469180767,1.656483999795455,0.15155400024013943,0.06899900017742766,0.0
pd,00:03:12.483,1437,-89.999,-90.0,0.0,-89.951,0.232,-0.0,0.0,0.0,0.0,0.0,0.0,0.0,-90.0,-90.0,0.0,-89.901,0.239,-0.0,-89.9995,-90.0,0.0,-89.92599999999999,0.2355,0.0,-0.12834467564320767,0.0,0.0,6.417233782129379,0.8984127294981612,0.0,-0.0005000000000023874,0.0,0.0,0.025000000000005684,0.0034999999999999754,0.0,0.0137698,0.0413094,0.06884900000000001,0.1790074,-0.0275396,0.0206547,-0.009484004883886,-0.0019245421245179999,-0.0054962148961459996,0.000327686202693,-0.001138278388302,0.0017419108669470002,0.05049752469180767,4.191957999864826,0.22288700029093889,0.11509100022522034,0.0
pd,00:03:12.488,1438,-89.999,-90.0,0.0,-89.951,0.232,-0.0,0.0,0.0,0.0,0.0,0.0,0.0,-90.0,-90.0,0.0,-89.901,0.239,-0.0,-89.9995,-90.0,0.0,-89.92599999999999,0.2355,0.0,-0.05395852416019178,0.0,0.0,2.697926207996553,0.37770966911953774,0.0,-0.0005000000000023874,0.0,0.0,0.025000000000005684,0.0034999999999999754,0.0,0.0137698,0.0413094,0.06884900000000001,0.1790074,-0.0275396,0.0206547,-0.009484004883886,-0.0019245421245179999,-0.0054962148961459996,0.000327686202693,-0.001138278388302,0.0017419108669470002,0.05049752469180767,1.9838690000142378,0.24138600019796286,0.11529499988682801,0.0
pd,00:03:12.490,1439,-89.999,-90.0,0.0,-89.951,0.232,-0.0,0.0,0.0,0.0,0.0,0.0,0.0,-90.0,-90.0,0.0,-89.901,0.239,-0.0,-89.9995,-90.0,0.0,-89.92599999999999,0.2355,0.0,-0.10238000390597606,0.0,0.0,5.11900019527407,0.7166600273384083,0.0,-0.0005000000000023874,0.0,0.0,0.025000000000005684,0.0034999999999999754,0.0,0.0137698,0.0413094,0.06884900000000001,0.1790074,-0.0275396,0.0206547,-0.009484004883886,-0.0019245421245179999,-0.0054962148961459996,0.000327686202693,-0.001138278388302,0.0017419108669470002,0.05049752469180767,1.849777999723301,0.1739979998092167,0.07535099985034321,0.0
pd,00:03:12.492,1440,-89.999,-90.0,0.0,-89.951,0.232,-0.0,0.0,0.0,0.0,0.0,0.0,0.0,-90.0,-90.0,0.0,-89.901,0.239,-0.0,-89.9995,-90.0,0.0,-89.92599999999999,0.2355,0.0,-0.11496283302324381,0.0,0.0,5.748141651134417,0.8047398311588617,0.0,-0.0005000000000023874,0.0,0.0,0.025000000000005684,0.0034999999999999754,0.0,0.0137698,0.0413094,0.06884900000000001,0.1790074,-0.0275396,0.0206547,-0.009484004883886,-0.0019245421245179999,-0.0054962148961459996,0.000327686202693,-0.001138278388302,0.0017419108669470002,0.05049752469180767,1.7998900002567098,0.1726099999359576,0.07857300033720094,0.0
pd,00:03:12.495,1441,-89.999,-90.0,0.0,-89.951,0.232,-0.0,0.0,0.0,0.0,0.0,0.0,0.0,-90.0,-90.0,0.0,-89.901,0.239,-0.0,-89.9995,-90.0,0.0,-89.92599999999999,0.2355,0.0,-0.0808337958684094,0.0,0.0,4.041689793400942,0.5658365710761623,0.0,-0.0005000000000023874,0.0,0.0,0.025000000000005684,0.0034999999999999754,0.0,0.0137698,0.0413094,0.06884900000000001,0.1790074,-0.0275396,0.0206547,-0.009484004883886,-0.0019245421245179999,-0.0054962148961459996,0.000327686202693,-0.001138278388302,0.0017419108669470002,0.05049752469180767,1.9217770000068413,0.23486800000682706,0.09346200022264384,0.0
pd,00:03:12.498,1442,-89.999,-90.0,0.0,-89.951,0.232,-0.0,0.0,0.0,0.0,0.0,0.0,0.0,-90.0,-90.0,0.0,-89.901,0.239,-0.0,-89.9995,-90.0,0.0,-89.92599999999999,0.2355,0.0,-0.10620642155423952,0.0,0.0,5.310321077686318,0.7434449508761245,0.0,-0.0005000000000023874,0.0,0.0,0.025000000000005684,0.0034999999999999754,0.0,0.0137698,0.0413094,0.06884900000000001,0.1790074,-0.0275396,0.0206547,-0.009484004883886,-0.0019245421245179999,-0.0054962148961459996,0.000327686202693,-0.001138278388302,0.0017419108669470002,0.05049752469180767,1.7660940002315328,0.16235000020969892,0.07186899983935291,0.0
pd,00:03:12.500,1443,-89.999,-90.0,0.0,-89.95,0.234,-0.0,0.0,0.0,0.0,0.48204850016784534,0.9640970003447888,0.0,-90.0,-90.0,0.0,-89.901,0.239,-0.0,-89.9995,-90.0,0.0,-89.97370485001679,0.1400902999655211,0.0,-0.12051212504367392,0.0,0.0,-5.713443698700473,-22.634515026629984,0.0,-0.0005000000000023874,0.0,0.0,-0.023704850016784462,-0.0939097000344789,0.0,0.0137698,0.0413094,0.06884900000000001,0.1790074,-0.0275396,0.0206547,-0.009484004883886,-0.0019245421245179999,-0.0054962148961459996,0.000327686202693,-0.001138278388302,0.0017419108669470002,0.04926459174702106,1.8055380000987498,0.22910799998498987,0.10675800012904801,0.0
pd,00:03:12.502,1444,-89.999,-90.0,0.0,-89.95,0.234,-0.0,0.0,0.0,0.0,0.0,0.0,0.0,-90.0,-90.0,0.0,-89.901,0.239,-0.0,-89.9995,-90.0,0.0,-89.9255,0.2365,0.0,-0.1116456558778755,0.0,0.0,5.470637137990515,0.5582282793867095,0.0,-0.0005000000000023874,0.0,0.0,0.024500000000003297,0.0024999999999999745,0.0,0.0137698,0.0413094,-0.0137698,4.3030625,-0.0068849,-0.0,-0.009484004883886,-0.0019245421245179999,-0.005305494505428,-0.0037597680098460005,-0.0019316239316640002,0.001431471306501,0.04926459174702106,2.8543050002554082,0.4669220002142538,0.18796099993778626,0.0
pd,00:03:12.506,1445,-89.999,-90.0,0.0,-89.95,0.234,-0.0,0.0,0.0,0.0,0.0,0.0,0.0,-90.0,-90.0,0.0,-89.901,0.239,-0.0,-89.9995,-90.0,0.0,-89.9255,0.2365,0.0,-0.06525865073469049,0.0,0.0,3.197673885984996,0.32629325367189294,0.0,-0.0005000000000023874,0.0,0.0,0.024500000000003297,0.0024999999999999745,0.0,0.0206547,0.0137698,-0.0137698,4.3030625,-0.0068849,-0.0,-0.01144322344308,-0.0010229548229419999,-0.005305494505428,-0.0037597680098460005,-0.0019316239316640002,0.001431471306501,0.04926459174702106,2.8358790000311274,0.2513869999347662,0.11862899964398821,0.0
pd,00:03:12.509,1446,-89.999,-90.0,0.0,-89.95,0.234,-0.0,0.0,0.0,0.0,0.0,0.0,0.0,-90.0,-90.0,0.0,-89.901,0.239,-0.0,-89.9995,-90.0,0.0,-89.9255,0.2365,0.0,-0.07559483815190014,0.0,0.0,3.704147069425918,0.3779741907576942,0.0,-0.0005000000000023874,0.0,0.0,0.024500000000003297,0.0024999999999999745,0.0,0.0206547,0.0137698,-0.0137698,4.3030625,-0.0068849,-0.0,-0.01144322344308,-0.0010229548229419999,-0.005305494505428,-0.0037597680098460005,-0.0019316239316640002,0.001431471306501,0.04926459174702106,1.7537230000925774,0.1492020001023775,0.05974000032438198,0.0
pd,00:03:12.511,1447,-89.999,-90.0,0.0,-89.95,0.234,-0.0,0.0,0.0,0.0,0.0,0.0,0.0,-90.0,-90.0,0.0,-89.901,0.239,-0.0,-89.9995,-90.0,0.0,-89.9255,0.2365,0.0,-0.1231301080325278,0.0,0.0,6.033375293565866,0.6156505401596966,0.0,-0.0005000000000023874,0.0,0.0,0.024500000000003297,0.0024999999999999745,0.0,0.0206547,0.0137698,-0.0137698,4.3030625,-0.0068849,-0.0,-0.01144322344308,-0.0010229548229419999,-0.005305494505428,-0.0037597680098460005,-0.0019316239316640002,0.001431471306501,0.04926459174702106,2.0566279999911785,0.21834999961356516,0.1015919997371384,0.0
pd,00:03:12.514,1448,-89.999,-90.0,0.0,-89.95,0.234,-0.0,0.0,0.0,0.0,0.0,0.0,0.0,-90.0,-90.0,0.0,-89.901,0.239,-0.0,-89.9995,-90.0,0.0,-89.9255,0.2365,0.0,-0.1014292899985497,0.0,0.0,4.970035209905873,0.5071464499903245,0.0,-0.0005000000000023874,0.0,0.0,0.024500000000003297,0.0024999999999999745,0.0,0.0206547,0.0137698,-0.0137698,4.3030625,-0.0068849,-0.0,-0.01144322344308,-0.0010229548229419999,-0.005305494505428,-0.0037597680098460005,-0.0019316239316640002,0.001431471306501,0.04926459174702106,1.7286490001424681,0.1667400001679198,0.07420300016747206,0.0
pd,00:03:12.516,1449,-89.999,-90.0,0.0,-89.95,0.234,-0.0,0.0,0.0,0.0,0.0,0.0,0.0,-90.0,-90.0,0.0,-89.901,0.239,-0.0,-89.9995,-90.0,0.0,-89.9255,0.2365,0.0,-0.12231144290271863,0.0,0.0,5.9932607022054025,0.6115572145106702,0.0,-0.0005000000000023874,0.0,0.0,0.024500000000003297,0.0024999999999999745,0.0,0.0206547,0.0137698,-0.0137698,4.3030625,-0.0068849,-0.0,-0.01144322344308,-0.0010229548229419999,-0.005305494505428,-0.0037597680098460005,-0.0019316239316640002,0.001431471306501,0.04926459174702106,1.806481999665266,0.16190599990295595,0.07035099997665384,0.0
pd,00:03:12.518,1450,-89.999,-90.0,0.0,-89.95,0.234,-0.0,0.0,0.0,0.0,0.0,0.0,0.0,-90.0,-90.0,0.0,-89.901,0.239,-0.0,-89.9995,-90.0,0.0,-89.9255,0.2365,0.0,-0.11838952241221709,0.0,0.0,5.801086598171719,0.5919476120582562,0.0,-0.0005000000000023874,0.0,0.0,0.024500000000003297,0.0024999999999999745,0.0,0.0206547,0.0137698,-0.0137698,4.3030625,-0.0068849,-0.0,-0.01144322344308,-0.0010229548229419999,-0.005305494505428,-0.0037597680098460005,-0.0019316239316640002,0.001431471306501,0.04926459174702106,1.7041129999597615,0.15918300005068886,0.07099899994500447,0.0
pd,00:03:12.521,1451,-89.999,-90.0,0.0,-89.945,0.233,-0.0,0.0,0.0,0.0,1.664538455436188,-0.33290769108659446,0.0,-90.0,-90.0,0.0,-89.901,0.239,-0.0,-89.9995,-90.0,0.0,-90.08945384554362,0.26929076910865946,0.0,-0.08322692277204594,0.0,0.0,-24.044898094253075,6.040738075860255,0.0,-0.0005000000000023874,0.0,0.0,-0.14445384554362306,0.03629076910865944,0.0,0.0206547,0.0137698,-0.0137698,4.3030625,-0.0068849,-0.0,-0.01144322344308,-0.0010229548229419999,-0.005305494505428,-0.0037597680098460005,-0.0019316239316640002,0.001431471306501,0.04441846462902268,1.9801280000137922,0.2407199999652221,0.10098000029756804,0.0
pd,00:03:12.523,1452,-89.999,-90.0,0.0,-89.945,0.233,-0.0,0.0,0.0,0.0,0.0,0.0,0.0,-90.0,-90.0,0.0,-89.901,0.239,-0.0,-89.9995,-90.0,0.0,-89.923,0.236,0.0,-0.10266066183718492,0.0,0.0,4.517069120814253,0.6159639710201661,0.0,-0.0005000000000023874,0.0,0.0,0.02199999999999136,0.002999999999999975,0.0,-0.0481943,0.0,-0.0206547,8.4202327,3.1119748,0.0068849,-0.016939438339226,-0.001595115995096,-0.005600244200174,-0.0035873015873760005,0.00155219780223,0.0018108974359350002,0.04441846462902268,4.360270999768545,0.2578490002633771,0.12559100014186697,0.0
pd,00:03:12.528,1453,-89.999,-90.0,0.0,-89.945,0.233,-0.0,0.0,0.0,0.0,0.0,0.0,0.0,-90.0,-90.0,0.0,-89.901,0.239,-0.0,-89.9995,-90.0,0.0,-89.923,0.236,0.0,-0.05142851537618357,0.0,0.0,2.2628546765411146,0.3085710922556269,0.0,-0.0005000000000023874,0.0,0.0,0.02199999999999136,0.002999999999999975,0.0,-0.0481943,0.0,-0.0206547,8.4202327,3.1119748,0.0068849,-0.016939438339226,-0.001595115995096,-0.005600244200174,-0.0035873015873760005,0.00155219780223,0.0018108974359350002,0.04441846462902268,1.8977959998665028,0.2393680001659959,0.11373899997124681,0.0
pd,00:03:12.530,1454,-89.999,-90.0,0.0,-89.945,0.233,-0.0,0.0,0.0,0.0,0.0,0.0,0.0,-90.0,-90.0,0.0,-89.901,0.239,-0.0,-89.9995,-90.0,0.0,-89.923,0.236,0.0,-0.1064436097863168,0.0,0.0,4.68351883057525,0.6386616587148489,0.0,-0.0005000000000023874,0.0,0.0,0.02199999999999136,0.002999999999999975,0.0,-0.0481943,0.0,-0.0206547,8.4202327,3.1119748,0.0068849,-0.016939438339226,-0.001595115995096,-0.005600244200174,-0.0035873015873760005,0.00155219780223,0.0018108974359350002,0.04441846462902268,1.7531680000502092,0.15696100035711424,0.06488799999715411,0.0
pd,00:03:12.532,1455,-89.999,-90.0,0.0,-89.945,0.233,-0.0,0.0,0.0,0.0,0.0,0.0,0.0,-90.0,-90.0,0.0,-89.901,0.239,-0.0,-89.9995,-90.0,0.0,-89.923,0.236,0.0,-0.12231144290271863,0.0,0.0,5.381703487693548,0.7338686574128049,0.0,-0.0005000000000023874,0.0,0.0,0.02199999999999136,0.002999999999999975,0.0,-0.0481943,0.0,-0.0206547,8.4202327,3.1119748,0.0068849,-0.016939438339226,-0.001595115995096,-0.005600244200174,-0.0035873015873760005,0.00155219780223,0.0018108974359350002,0.04441846462902268,1.7728709999573766,0.17653599979894352,0.07525800037910813,0.0
pd,00:03:12.535,1456,-89.999,-90.0,0.0,-89.945,0.233,-0.0,0.0,0.0,0.0,0.0,0.0,0.0,-90.0,-90.0,0.0,-89.901,0.239,-0.0,-89.9995,-90.0,0.0,-89.923,0.236,0.0,-0.11888616780102118,0.0,0.0,5.23099138321959,0.7133170068027184,0.0,-0.0005000000000023874,0.0,0.0,0.02199999999999136,0.002999999999999975,0.0,-0.0481943,0.0,-0.0206547,8.4202327,3.1119748,0.0068849,-0.016939438339226,-0.001595115995096,-0.005600244200174,-0.0035873015873760005,0.00155219780223,0.0018108974359350002,0.04441846462902268,1.6989640002975648,0.13583200006905827,0.05733299985877238,0.0
pd,00:03:12.539,1457,-89.999,-90.0,0.0,-89.945,0.233,-0.0,0.0,0.0,0.0,0.0,0.0,0.0,-90.0,-90.0,0.0,-89.901,0.239,-0.0,-89.9995,-90.0,0.0,-89.923,0.236,0.0,-0.058609133083953206,0.0,0.0,2.578801855681448,0.3516547985020388,0.0,-0.0005000000000023874,0.0,0.0,0.02199999999999136,0.002999999999999975,0.0,-0.0481943,0.0,-0.0206547,8.4202327,3.1119748,0.0068849,-0.016939438339226,-0.001595115995096,-0.005600244200174,-0.0035873015873760005,0.00155219780223,0.0018108974359350002,0.04441846462902268,1.9715169996743498,0.2692560001378297,0.12618399978236994,0.0
pd,00:03:12.541,1458,-89.999,-90.0,-0.0,-89.897,0.233,-0.0,0.0,0.0,-0.0,19.263859152229262,0.0,0.0,-90.0,-90.0,0.0,-89.901,0.239,-0.0,-89.9995,-90.0,0.0,-91.82538591522292,0.236,0.0,-0.10033259975169906,0.0,0.0,-386.9599443959028,0.6019955985073177,0.0,-0.0005000000000023874,0.0,0.0,-1.9283859152229184,0.002999999999999975,0.0,-0.0481943,0.0,-0.0206547,8.4202327,3.1119748,0.0068849,-0.016939438339226,-0.001595115995096,-0.005600244200174,-0.0035873015873760005,0.00155219780223,0.0018108974359350002,0.007280109889276034,1.9008890003533452,0.2787010002975876,0.8288620001621894,0.0
pd,00:03:12.545,1459,-89.999,-90.0,-0.0,-89.897,0.233,-0.0,0.0,0.0,0.0,0.0,0.0,0.0,-90.0,-90.0,0.0,-89.901,0.239,-0.0,-89.9995,-90.0,0.0,-89.899,0.236,0.0,-0.07004983632874653,0.0,0.0,-0.2801993453129952,0.42029901797047076,0.0,-0.0005000000000023874,0.0,0.0,-0.001999999999995339,0.002999999999999975,0.0,-0.0137698,-0.0413094,-0.0137698,3.7660403000000002,-0.6127561,0.0206547,-0.014685470085286,-0.001577777777758,-0.00450793650788,-0.002121336996381,-0.002690476190532,0.001569444444477,0.007280109889276034,3.2913560003180464,0.23834899957364541,0.13862799960406846,0.0
pd,00:03:12.549,1460,-89.999,-90.0,-0.0,-89.897,0.233,-0.0,0.0,0.0,0.0,0.0,0.0,0.0,-90.0,-90.0,0.0,-89.901,0.239,-0.0,-89.9995,-90.0,0.0,-89.899,0.236,0.0,-0.06637397138910031,0.0,0.0,-0.2654958855545148,0.39824382833269883,0.0,-0.0005000000000023874,0.0,0.0,-0.001999999999995339,0.002999999999999975,0.0,-0.0137698,-0.0413094,-0.0137698,3.7660403000000002,-0.6127561,0.0206547,-0.014685470085286,-0.001577777777758,-0.00450793650788,-0.002121336996381,-0.002690476190532,0.001569444444477,0.007280109889276034,1.702964999822143,0.16949799965004786,0.07162899964896496,0.0
pd,00:03:12.552,1461,-89.999,-90.0,-0.0,-89.897,0.233,-0.0,0.0,0.0,0.0,0.0,0.0,0.0,-90.0,-90.0,0.0,-89.901,0.239,-0.0,-89.9995,-90.0,0.0,-89.899,0.236,0.0,-0.08266918953051142,0.0,0.0,-0.33067675811969605,0.49601513718069823,0.0,-0.0005000000000023874,0.0,0.0,-0.001999999999995339,0.002999999999999975,0.0,-0.0137698,-0.0413094,-0.0137698,3.7660403000000002,-0.6127561,0.0206547,-0.014685470085286,-0.001577777777758,-0.00450793650788,-0.002121336996381,-0.002690476190532,0.001569444444477,0.007280109889276034,2.0446460002858657,0.2674419997674704,0.12210999966555391,0.0
pd,00:03:12.554,1462,-89.999,-90.0,-0.0,-89.897,0.233,-0.0,0.0,0.0,0.0,0.0,0.0,0.0,-90.0,-90.0,0.0,-89.901,0.239,-0.0,-89.9995,-90.0,0.0,-89.899,0.236,0.0,-0.09790625583613509,0.0,0.0,-0.3916250233417577,0.5874375350140034,0.0,-0.0005000000000023874,0.0,0.0,-0.001999999999995339,0.002999999999999975,0.0,-0.0137698,-0.0413094,-0.0137698,3.7660403000000002,-0.6127561,0.0206547,-0.014685470085286,-0.001577777777758,-0.00450793650788,-0.002121336996381,-0.002690476190532,0.001569444444477,0.007280109889276034,1.823853000132658,0.2586640002846252,0.17068400029529585,0.0
pd,00:03:12.557,1463,-89.999,-90.0,-0.0,-89.897,0.233,-0.0,0.0,0.0,0.0,0.0,0.0,0.0,-90.0,-90.0,0.0,-89.901,0.239,-0.0,-89.9995,-90.0,0.0,-89.899,0.236,0.0,-0.10198171562001622,0.0,0.0,-0.4079268624771664,0.6118902937171734,0.0,-0.0005000000000023874,0.0,0.0,-0.001999999999995339,0.002999999999999975,0.0,-0.0137698,-0.0413094,-0.0137698,3.7660403000000002,-0.6127561,0.0206547,-0.014685470085286,-0.001577777777758,-0.00450793650788,-0.002121336996381,-0.002690476190532,0.001569444444477,0.007280109889276034,1.852314000188926,0.24077500029306975,0.1097209997169557,0.0
pd,00:03:12.559,1464,-89.999,-90.0,-0.0,-89.897,0.233,-0.0,0.0,0.0,0.0,0.0,0.0,0.0,-90.0,-90.0,0.0,-89.901,0.239,-0.0,-89.9995,-90.0,0.0,-89.899,0.236,0.0,-0.10859320629712166,0.0,0.0,-0.43437282518540027,0.6515592377796164,0.0,-0.0005000000000023874,0.0,0.0,-0.001999999999995339,0.002999999999999975,0.0,-0.0137698,-0.0413094,-0.0137698,3.7660403000000002,-0.6127561,0.0206547,-0.014685470085286,-0.001577777777758,-0.00450793650788,-0.002121336996381,-0.002690476190532,0.001569444444477,0.007280109889276034,1.799168000161444,0.17838700023276033,0.07740700038993964,0.0
pd,00:03:12.561,1465,-90.0,-90.0,-0.0,-89.769,0.266,-0.0,-0.4684802859399114,0.0,0.0,59.96547660002239,15.45984943594326,0.0,-90.0,-90.0,0.0,-89.901,0.239,-0.0,-89.95315197140602,-90.0,0.0,-95.83154766000224,-1.293484943594326,0.0,10.973688915664663,0.0,0.0,-1420.0920306343132,-365.29397614528403,0.0,0.046848028593984736,0.0,0.0,-6.062547660002238,-1.559484943594326,0.0,-0.0137698,-0.0413094,-0.0137698,3.7660403000000002,-0.6127561,0.0206547,-0.014685470085286,-0.001577777777758,-0.00450793650788,-0.002121336996381,-0.002690476190532,0.001569444444477,0.1347330694373047,1.7483900001025177,0.22407100004784297,0.1794990002963459,0.0
pd,00:03:12.563,1466,-90.0,-90.0,-0.0,-89.769,0.266,-0.0,0.0,0.0,0.0,0.0,0.0,0.0,-90.0,-90.0,0.0,-89.901,0.239,-0.0,-90.0,-90.0,0.0,-89.83500000000001,0.2525,0.0,0.0,0.0,0.0,-14.446512055108062,-2.954968374908676,0.0,0.0,0.0,0.0,-0.0660000000000025,-0.013500000000000012,0.0,0.0068849,-0.0413094,0.0413094,-0.6402957,0.034424500000000004,0.0137698,-0.013922588522413999,-0.001335042735026,-0.0049934065933439995,-0.0037597680098460005,1.7246642247e-05,0.001500457875489,0.1347330694373047,4.559695999887481,0.2693679998628795,0.13070199975118157,0.0
pd,00:03:12.569,1467,-90.0,-90.0,-0.0,-89.769,0.266,-0.0,0.0,0.0,0.0,0.0,0.0,0.0,-90.0,-90.0,0.0,-89.901,0.239,-0.0,-90.0,-90.0,0.0,-89.83500000000001,0.2525,0.0,0.0,0.0,0.0,-6.496082601961343,-1.3287441685830959,0.0,0.0,0.0,0.0,-0.0660000000000025,-0.013500000000000012,0.0,0.0068849,-0.0413094,0.0413094,-0.6402957,0.034424500000000004,0.0137698,-0.013922588522413999,-0.001335042735026,-0.0049934065933439995,-0.0037597680098460005,1.7246642247e-05,0.001500457875489,0.1347330694373047,1.9829799998660746,0.21486799960257486,0.10348100022383733,0.0
pd,00:03:12.571,1468,-90.0,-90.0,-0.0,-89.769,0.266,-0.0,0.0,0.0,0.0,0.0,0.0,0.0,-90.0,-90.0,0.0,-89.901,0.239,-0.0,-90.0,-90.0,0.0,-89.83500000000001,0.2525,0.0,0.0,0.0,0.0,-13.797052631577985,-2.8221244019138783,0.0,0.0,0.0,0.0,-0.0660000000000025,-0.013500000000000012,0.0,0.0068849,-0.0413094,0.0413094,-0.6402957,0.034424500000000004,0.0137698,-0.013922588522413999,-0.001335042735026,-0.0049934065933439995,-0.0037597680098460005,1.7246642247e-05,0.001500457875489,0.1347330694373047,1.8387410000286764,0.1792950001799909,0.07938799990370171,0.0
pd,00:03:12.573,1469,-90.0,-90.0,-0.0,-89.769,0.266,-0.0,0.0,0.0,0.0,0.0,0.0,0.0,-90.0,-90.0,0.0,-89.901,0.239,-0.0,-90.0,-90.0,0.0,-89.83500000000001,0.2525,0.0,0.0,0.0,0.0,-15.143548358861088,-3.0975439824945323,0.0,0.0,0.0,0.0,-0.0660000000000025,-0.013500000000000012,0.0,0.0068849,-0.0413094,0.0413094,-0.6402957,0.034424500000000004,0.0137698,-0.013922588522413999,-0.001335042735026,-0.0049934065933439995,-0.0037597680098460005,1.7246642247e-05,0.001500457875489,0.1347330694373047,1.7201489999933983,0.1547950000713172,0.06605500038858736,0.0
pd,00:03:12.575,1470,-90.0,-90.0,-0.0,-89.769,0.266,-0.0,0.0,0.0,0.0,0.0,0.0,0.0,-90.0,-90.0,0.0,-89.901,0.239,-0.0,-90.0,-90.0,0.0,-89.83500000000001,0.2525,0.0,0.0,0.0,0.0,-16.430678062676915,-3.3608205128205157,0.0,0.0,0.0,0.0,-0.0660000000000025,-0.013500000000000012,0.0,0.0068849,-0.0413094,0.0413094,-0.6402957,0.034424500000000004,0.0137698,-0.013922588522413999,-0.001335042735026,-0.0049934065933439995,-0.0037597680098460005,1.7246642247e-05,0.001500457875489,0.1347330694373047,1.8220380002276215,0.17847900016931817,0.07920300004116143,0.0
pd,00:03:12.578,1471,-90.0,-90.0,-0.0,-89.769,0.266,-0.0,0.0,0.0,0.0,0.0,0.0,0.0,-90.0,-90.0,0.0,-89.901,0.239,-0.0,-90.0,-90.0,0.0,-89.83500000000001,0.2525,0.0,0.0,0.0,0.0,-10.567417315619968,-2.161517178195146,0.0,0.0,0.0,0.0,-0.0660000000000025,-0.013500000000000012,0.0,0.0068849,-0.0413094,0.0413094,-0.6402957,0.034424500000000004,0.0137698,-0.013922588522413999,-0.001335042735026,-0.0049934065933439995,-0.0037597680098460005,1.7246642247e-05,0.001500457875489,0.1347330694373047,1.9864979999510979,0.25583100023141014,0.1877940003396361,0.0
pd,00:03:12.581,1472,-90.0,-90.0,-0.0,-89.645,0.288,-0.0,0.0,0.0,0.0,48.64325626637108,8.630255144032908,0.0,-90.0,-90.0,0.0,-89.901,0.239,-0.0,-90.0,-90.0,0.0,-94.63732562663711,-0.5995255144032909,0.0,0.0,0.0,0.0,-979.2055436357338,-174.08117354862424,0.0,0.0,0.0,0.0,-4.992325626637111,-0.887525514403291,0.0,0.0068849,-0.0413094,0.0413094,-0.6402957,0.034424500000000004,0.0137698,-0.013922588522413999,-0.001335042735026,-0.0049934065933439995,-0.0037597680098460005,1.7246642247e-05,0.001500457875489,0.2606472712306809,1.998331999857328,0.27094200004285085,0.12749899997288594,0.0
pd,00:03:12.583,1473,-90.0,-90.0,-0.0,-89.645,0.288,-0.0,0.0,0.0,0.0,0.0,0.0,0.0,-90.0,-90.0,0.0,-89.901,0.239,-0.0,-90.0,-90.0,0.0,-89.773,0.26349999999999996,0.0,0.0,0.0,0.0,-25.504556389548718,-4.8817314964370535,0.0,0.0,0.0,0.0,-0.1280000000000001,-0.024500000000000022,0.0,-0.0206547,-0.0068849,0.06884900000000001,-0.0826188,-0.0068849,0.0206547,-0.015257631257439999,-0.002184615384588,-0.0058949938949199995,-0.001569444444477,-0.000396672771681,0.0018108974359350002,0.2606472712306809,3.7513520001084544,0.8416760001637158,0.12133199970776332,0.0
pd,00:03:12.588,1474,-90.0,-90.0,-0.0,-89.645,0.288,-0.0,0.0,0.0,0.0,0.0,0.0,0.0,-90.0,-90.0,0.0,-89.901,0.239,-0.0,-90.0,-90.0,0.0,-89.773,0.26349999999999996,0.0,0.0,0.0,0.0,-13.26000079035765,-2.538047026279391,0.0,0.0,0.0,0.0,-0.1280000000000001,-0.024500000000000022,0.0,-0.0206547,-0.0068849,0.06884900000000001,-0.0826188,-0.0068849,0.0206547,-0.015257631257439999,-0.002184615384588,-0.0058949938949199995,-0.001569444444477,-0.000396672771681,0.0018108974359350002,0.2606472712306809,1.7879270003504644,0.17822000017986284,0.35006999996767263,0.0
pd,00:03:12.591,1475,-90.0,-90.0,-0.0,-89.645,0.288,-0.0,0.0,0.0,0.0,0.0,0.0,0.0,-90.0,-90.0,0.0,-89.901,0.239,-0.0,-90.0,-90.0,0.0,-89.773,0.26349999999999996,0.0,0.0,0.0,0.0,-26.64371771712161,-5.099774094292803,0.0,0.0,0.0,0.0,-0.1280000000000001,-0.024500000000000022,0.0,-0.0206547,-0.0068849,0.06884900000000001,-0.0826188,-0.0068849,0.0206547,-0.015257631257439999,-0.002184615384588,-0.0058949938949199995,-0.001569444444477,-0.000396672771681,0.0018108974359350002,0.2606472712306809,1.8090940002366551,0.24238600008175126,0.12083199999324279,0.0
pd,00:03:12.593,1476,-90.0,-90.0,-0.0,-89.645,0.288,-0.0,0.0,0.0,0.0,0.0,0.0,0.0,-90.0,-90.0,0.0,-89.901,0.239,-0.0,-90.0,-90.0,0.0,-89.773,0.26349999999999996,0.0,0.0,0.0,0.0,-27.335586150712857,-5.232202036659877,0.0,0.0,0.0,0.0,-0.1280000000000001,-0.024500000000000022,0.0,-0.0206547,-0.0068849,0.06884900000000001,-0.0826188,-0.0068849,0.0206547,-0.015257631257439999,-0.002184615384588,-0.0058949938949199995,-0.001569444444477,-0.000396672771681,0.0018108974359350002,0.2606472712306809,1.837869999690156,0.24799699986033374,0.12053599994032993,0.0
pd,00:03:12.595,1477,-90.0,-90.0,-0.0,-89.645,0.288,-0.0,0.0,0.0,0.0,0.0,0.0,0.0,-90.0,-90.0,0.0,-89.901,0.239,-0.0,-90.0,-90.0,0.0,-89.773,0.26349999999999996,0.0,0.0,0.0,0.0,-27.64810546915236,-5.292020187454938,0.0,0.0,0.0,0.0,-0.1280000000000001,-0.024500000000000022,0.0,-0.0206547,-0.0068849,0.06884900000000001,-0.0826188,-0.0068849,0.0206547,-0.015257631257439999,-0.002184615384588,-0.0058949938949199995,-0.001569444444477,-0.000396672771681,0.0018108974359350002,0.2606472712306809,1.9459999998616695,0.2131090000148106,0.09292499998991843,0.0
pd,00:03:12.597,1478,-90.0,-90.0,-0.0,-89.645,0.288,-0.0,0.0,0.0,0.0,0.0,0.0,0.0,-90.0,-90.0,0.0,-89.901,0.239,-0.0,-90.0,-90.0,0.0,-89.773,0.26349999999999996,0.0,0.0,0.0,0.0,-27.38019747042026,-5.240740922072622,0.0,0.0,0.0,0.0,-0.1280000000000001,-0.024500000000000022,0.0,-0.0206547,-0.0068849,0.06884900000000001,-0.0826188,-0.0068849,0.0206547,-0.015257631257439999,-0.002184615384588,-0.0058949938949199995,-0.001569444444477,-0.000396672771681,0.0018108974359350002,0.2606472712306809,1.7127239998444566,0.149369000155275,0.06359200006045285,0.0
pd,00:03:12.599,1479,-90.0,-90.0,-0.0,-89.645,0.288,-0.0,0.0,0.0,0.0,0.0,0.0,0.0,-90.0,-90.0,0.0,-89.901,0.239,-0.0,-90.0,-90.0,0.0,-89.773,0.26349999999999996,0.0,0.0,0.0,0.0,-32.109504306220124,-6.145959808612439,0.0,0.0,0.0,0.0,-0.1280000000000001,-0.024500000000000022,0.0,-0.0206547,-0.0068849,0.06884900000000001,-0.0826188,-0.0068849,0.0206547,-0.015257631257439999,-0.002184615384588,-0.0058949938949199995,-0.001569444444477,-0.000396672771681,0.0018108974359350002,0.2606472712306809,1.9017959998564038,0.2535339999667485,0.12694399993051775,0.0
pd,00:03:12.602,1480,-90.0,-90.0,0.0,-89.616,0.287,-0.0,0.0,0.0,0.0,12.078929096324204,-0.4165147964250252,0.0,-90.0,-90.0,0.0,-89.901,0.239,-0.0,-90.0,-90.0,0.0,-90.96639290963242,0.3046514796425025,0.0,0.0,0.0,0.0,-281.22931392467194,3.676051224948705,0.0,0.0,0.0,0.0,-1.3503929096324185,0.01765147964250252,0.0,-0.0206547,-0.0068849,0.06884900000000001,-0.0895037,0.0206547,0.0206547,-0.015257631257439999,-0.002184615384588,-0.0058949938949199995,-0.001310744810772,-0.000810592185609,0.0016556776557120003,0.2890138404990288,2.688639999632869,0.5719759997191431,0.3241260001232149,0.0
pd,00:03:12.608,1481,-90.0,-90.0,0.0,-89.616,0.287,-0.0,0.0,0.0,0.0,0.0,0.0,0.0,-90.0,-90.0,0.0,-89.901,0.239,-0.0,-90.0,-90.0,0.0,-89.7585,0.263,0.0,0.0,0.0,0.0,-12.631843773776161,-2.127468425057063,0.0,0.0,0.0,0.0,-0.1424999999999983,-0.023999999999999966,0.0,-0.034424500000000004,0.034424500000000004,0.0481943,-0.0895037,0.0206547,0.0206547,-0.01491086691068,-0.001335042735026,-0.005305494505428,-0.001310744810772,-0.000810592185609,0.0016556776557120003,0.2890138404990288,2.031145999808359,0.2751819997683924,0.13053600014245603,0.0
pd,00:03:12.610,1482,-90.0,-90.0,0.0,-89.616,0.287,-0.0,0.0,0.0,0.0,0.0,0.0,0.0,-90.0,-90.0,0.0,-89.901,0.239,-0.0,-90.0,-90.0,0.0,-89.7585,0.263,0.0,0.0,0.0,0.0,-27.786532775452944,-4.679837099023708,0.0,0.0,0.0,0.0,-0.1424999999999983,-0.023999999999999966,0.0,-0.034424500000000004,0.034424500000000004,0.0481943,-0.0895037,0.0206547,0.0206547,-0.01491086691068,-0.001335042735026,-0.005305494505428,-0.001310744810772,-0.000810592185609,0.0016556776557120003,0.2890138404990288,1.896258999749989,0.26918200001091463,0.13085000000501168,0.0
pd,00:03:12.613,1483,-90.0,-90.0,0.0,-89.616,0.287,-0.0,0.0,0.0,0.0,0.0,0.0,0.0,-90.0,-90.0,0.0,-89.901,0.239,-0.0,-90.0,-90.0,0.0,-89.7585,0.263,0.0,0.0,0.0,0.0,-29.550495401957523,-4.976925541382378,0.0,0.0,0.0,0.0,-0.1424999999999983,-0.023999999999999966,0.0,-0.034424500000000004,0.034424500000000004,0.0481943,-0.0895037,0.0206547,0.0206547,-0.01491086691068,-0.001335042735026,-0.005305494505428,-0.001310744810772,-0.000810592185609,0.0016556776557120003,0.2890138404990288,2.0384800000101677,0.26246000015817117,0.13018400022701826,0.0
pd,00:03:12.615,1484,-90.0,-90.0,0.0,-89.616,0.287,-0.0,0.0,0.0,0.0,0.0,0.0,0.0,-90.0,-90.0,0.0,-89.901,0.239,-0.0,-90.0,-90.0,0.0,-89.7585,0.263,0.0,0.0,0.0,0.0,-27.947644253249454,-4.706971663705226,0.0,0.0,0.0,0.0,-0.1424999999999983,-0.023999999999999966,0.0,-0.034424500000000004,0.034424500000000004,0.0481943,-0.0895037,0.0206547,0.0206547,-0.01491086691068,-0.001335042735026,-0.005305494505428,-0.001310744810772,-0.000810592185609,0.0016556776557120003,0.2890138404990288,2.199403999838978,0.2530900001147529,0.12688699962382088,0.0
pd,00:03:12.618,1485,-90.0,-90.0,0.0,-89.616,0.287,-0.0,0.0,0.0,0.0,0.0,0.0,0.0,-90.0,-90.0,0.0,-89.901,0.239,-0.0,-90.0,-90.0,0.0,-89.7585,0.263,0.0,0.0,0.0,0.0,-26.46277871247644,-4.456889046311874,0.0,0.0,0.0,0.0,-0.1424999999999983,-0.023999999999999966,0.0,-0.034424500000000004,0.034424500000000004,0.0481943,-0.0895037,0.0206547,0.0206547,-0.01491086691068,-0.001335042735026,-0.005305494505428,-0.001310744810772,-0.000810592185609,0.0016556776557120003,0.2890138404990288,1.8344819995945727,0.3123120000054769,0.190200999895751,0.0
pd,00:03:12.620,1486,-90.0,-90.0,0.0,-89.616,0.287,-0.0,0.0,0.0,0.0,0.0,0.0,0.0,-90.0,-90.0,0.0,-89.901,0.239,-0.0,-90.0,-90.0,0.0,-89.7585,0.263,0.0,0.0,0.0,0.0,-28.843177299488122,-4.857798282019109,0.0,0.0,0.0,0.0,-0.1424999999999983,-0.023999999999999966,0.0,-0.034424500000000004,0.034424500000000004,0.0481943,-0.0895037,0.0206547,0.0206547,-0.01491086691068,-0.001335042735026,-0.005305494505428,-0.001310744810772,-0.000810592185609,0.0016556776557120003,0.2890138404990288,2.0346470000731642,0.22660900003756979,0.09890599994832883,0.0
pd,00:03:12.623,1487,-90.0,-90.0,0.0,-89.621,0.287,-0.0,0.0,0.0,0.0,-2.0400311284028136,0.0,0.0,-90.0,-90.0,0.0,-89.901,0.239,-0.0,-90.0,-90.0,0.0,-89.55699688715971,0.263,0.0,0.0,0.0,0.0,13.056834250896946,-4.896074708171205,0.0,0.0,0.0,0.0,0.06400311284028248,-0.023999999999999966,0.0,0.0275396,-0.0275396,-0.034424500000000004,-0.46128830000000004,-0.0275396,0.0413094,-0.014772161171976,-0.00225396825394,-0.004542612942556,0.00046565934066900006,-0.002035103785146,0.001500457875489,0.28408449447303635,3.4178180003436864,0.5111800001031952,0.5130879999342142,0.0
pd,00:03:12.628,1488,-90.0,-90.0,0.0,-89.621,0.287,-0.0,0.0,0.0,0.0,0.0,0.0,0.0,-90.0,-90.0,0.0,-89.901,0.239,-0.0,-90.0,-90.0,0.0,-89.761,0.263,0.0,0.0,0.0,0.0,-14.35001368523955,-2.460002346041055,0.0,0.0,0.0,0.0,-0.14000000000000057,-0.023999999999999966,0.0,0.0275396,-0.0275396,-0.034424500000000004,-0.46128830000000004,-0.0275396,0.0413094,-0.014772161171976,-0.00225396825394,-0.004542612942556,0.00046565934066900006,-0.002035103785146,0.001500457875489,0.28408449447303635,2.0337209998615435,0.24740499975450803,0.11438799992902204,0.0
pd,00:03:12.630,1489,-90.0,-90.0,0.0,-89.621,0.287,-0.0,0.0,0.0,0.0,0.0,0.0,0.0,-90.0,-90.0,0.0,-89.901,0.239,-0.0,-90.0,-90.0,0.0,-89.761,0.263,0.0,0.0,0.0,0.0,-27.57337340345616,-4.726864012021036,0.0,0.0,0.0,0.0,-0.14000000000000057,-0.023999999999999966,0.0,0.0275396,-0.0275396,-0.034424500000000004,-0.46128830000000004,-0.0275396,0.0413094,-0.014772161171976,-0.00225396825394,-0.004542612942556,0.00046565934066900006,-0.002035103785146,0.001500457875489,0.28408449447303635,2.4115129999700002,0.40238400015368825,0.1303509998251684,0.0
pd,00:03:12.633,1490,-90.0,-90.0,0.0,-89.621,0.287,-0.0,0.0,0.0,0.0,0.0,0.0,0.0,-90.0,-90.0,0.0,-89.901,0.239,-0.0,-90.0,-90.0,0.0,-89.761,0.263,0.0,0.0,0.0,0.0,-22.871487107579746,-3.920826361299368,0.0,0.0,0.0,0.0,-0.14000000000000057,-0.023999999999999966,0.0,0.0275396,-0.0275396,-0.034424500000000004,-0.46128830000000004,-0.0275396,0.0413094,-0.014772161171976,-0.00225396825394,-0.004542612942556,0.00046565934066900006,-0.002035103785146,0.001500457875489,0.28408449447303635,1.8584449999252683,0.5349569996724313,0.1337580001745664,0.0
pd,00:03:12.637,1491,-90.0,-90.0,0.0,-89.621,0.287,-0.0,0.0,0.0,0.0,0.0,0.0,0.0,-90.0,-90.0,0.0,-89.901,0.239,-0.0,-90.0,-90.0,0.0,-89.761,0.263,0.0,0.0,0.0,0.0,-17.26355500676199,-2.959466572587757,0.0,0.0,0.0,0.0,-0.14000000000000057,-0.023999999999999966,0.0,0.0275396,-0.0275396,-0.034424500000000004,-0.46128830000000004,-0.0275396,0.0413094,-0.014772161171976,-0.00225396825394,-0.004542612942556,0.00046565934066900006,-0.002035103785146,0.001500457875489,0.28408449447303635,2.1250529998724232,0.33555200025148224,0.1403500000378699,0.0
pd,00:03:12.640,1492,-90.0,-90.0,0.0,-89.621,0.287,-0.0,0.0,0.0,0.0,0.0,0.0,0.0,-90.0,-90.0,0.0,-89.901,0.239,-0.0,-90.0,-90.0,0.0,-89.761,0.263,0.0,0.0,0.0,0.0,-25.508364900086985,-4.372862554300607,0.0,0.0,0.0,0.0,-0.14000000000000057,-0.023999999999999966,0.0,0.0275396,-0.0275396,-0.034424500000000004,-0.46128830000000004,-0.0275396,0.0413094,-0.014772161171976,-0.00225396825394,-0.004542612942556,0.00046565934066900006,-0.002035103785146,0.001500457875489,0.28408449447303635,1.9731659999706608,0.2619970000523608,0.1311099999838916,0.0
pd,00:03:12.642,1493,-90.0,-90.0,0.0,-89.625,0.287,-0.0,0.0,0.0,0.0,-1.60870802569954,0.0,0.0,-90.0,-90.0,0.0,-89.901,0.239,-0.0,-90.0,-90.0,0.0,-89.60212919743005,0.263,0.0,0.0,0.0,0.0,4.599055456054091,-4.826124077092721,0.0,0.0,0.0,0.0,0.022870802569954662,-0.023999999999999966,0.0,0.0413094,0.0619641,0.0481943,-1.5009082,-0.0757339,-0.0275396,-0.014425396825216,-0.0019072039071799999,-0.0058949938949199995,-0.001052045177067,-0.001500457875489,0.001586691086724,0.28014282071828633,3.8136660000418487,0.2735520001806435,0.13288699983604602,0.0
pd,00:03:12.647,1494,-90.0,-90.0,0.0,-89.625,0.287,-0.0,0.0,0.0,0.0,0.0,0.0,0.0,-90.0,-90.0,0.0,-89.901,0.239,-0.0,-90.0,-90.0,0.0,-89.763,0.263,0.0,0.0,0.0,0.0,-15.868350477025775,-2.759713126439302,0.0,0.0,0.0,0.0,-0.13800000000000523,-0.023999999999999966,0.0,0.0413094,0.0619641,0.0481943,-1.5009082,-0.0757339,-0.0275396,-0.014425396825216,-0.0019072039071799999,-0.0058949938949199995,-0.001052045177067,-0.001500457875489,0.001586691086724,0.28014282071828633,3.2765040000413137,0.2453490001244063,0.11670300000332645,0.0
pd,00:03:12.651,1495,-90.0,-90.0,0.0,-89.625,0.287,-0.0,0.0,0.0,0.0,0.0,0.0,0.0,-90.0,-90.0,0.0,-89.901,0.239,-0.0,-90.0,-90.0,0.0,-89.763,0.263,0.0,0.0,0.0,0.0,-18.46767762108328,-3.2117700210580042,0.0,0.0,0.0,0.0,-0.13800000000000523,-0.023999999999999966,0.0,0.0413094,0.0619641,0.0481943,-1.5009082,-0.0757339,-0.0275396,-0.014425396825216,-0.0019072039071799999,-0.0058949938949199995,-0.001052045177067,-0.001500457875489,0.001586691086724,0.28014282071828633,1.7645009997977468,0.19709100024556392,0.2330899997105007,0.0
pd,00:03:12.653,1496,-90.0,-90.0,0.0,-89.625,0.287,-0.0,0.0,0.0,0.0,0.0,0.0,0.0,-90.0,-90.0,0.0,-89.901,0.239,-0.0,-90.0,-90.0,0.0,-89.763,0.263,0.0,0.0,0.0,0.0,-30.115190010405417,-5.237424349635795,0.0,0.0,0.0,0.0,-0.13800000000000523,-0.023999999999999966,0.0,0.0413094,0.0619641,0.0481943,-1.5009082,-0.0757339,-0.0275396,-0.014425396825216,-0.0019072039071799999,-0.0058949938949199995,-0.001052045177067,-0.001500457875489,0.001586691086724,0.28014282071828633,1.9044259997826885,0.2596449999145989,0.12486900004660129,0.0
pd,00:03:12.655,1497,-90.0,-90.0,0.0,-89.625,0.287,-0.0,0.0,0.0,0.0,0.0,0.0,0.0,-90.0,-90.0,0.0,-89.901,0.239,-0.0,-90.0,-90.0,0.0,-89.763,0.263,0.0,0.0,0.0,0.0,-28.730961580462232,-4.996688970515238,0.0,0.0,0.0,0.0,-0.13800000000000523,-0.023999999999999966,0.0,0.0413094,0.0619641,0.0481943,-1.5009082,-0.0757339,-0.0275396,-0.014425396825216,-0.0019072039071799999,-0.0058949938949199995,-0.001052045177067,-0.001500457875489,0.001586691086724,0.28014282071828633,1.9255550000707444,0.28394199989634217,0.19644199983304134,0.0
pd,00:03:12.658,1498,-90.0,-90.0,0.0,-89.625,0.287,-0.0,0.0,0.0,0.0,0.0,0.0,0.0,-90.0,-90.0,0.0,-89.901,0.239,-0.0,-90.0,-90.0,0.0,-89.763,0.263,0.0,0.0,0.0,0.0,-26.956685543963864,-4.688119225037257,0.0,0.0,0.0,0.0,-0.13800000000000523,-0.023999999999999966,0.0,0.0413094,0.0619641,0.0481943,-1.5009082,-0.0757339,-0.0275396,-0.014425396825216,-0.0019072039071799999,-0.0058949938949199995,-0.001052045177067,-0.001500457875489,0.001586691086724,0.28014282071828633,2.3164770000221324,0.2722190001804847,0.13146200035407674,0.0
pd,00:03:12.661,1499,-90.0,-90.0,0.0,-89.625,0.287,-0.0,0.0,0.0,0.0,0.0,0.0,0.0,-90.0,-90.0,0.0,-89.901,0.239,-0.0,-90.0,-90.0,0.0,-89.763,0.263,0.0,0.0,0.0,0.0,-23.318586415276453,-4.055406333091611,0.0,0.0,0.0,0.0,-0.13800000000000523,-0.023999999999999966,0.0,0.0413094,0.0619641,0.0481943,-1.5009082,-0.0757339,-0.0275396,-0.014425396825216,-0.0019072039071799999,-0.0058949938949199995,-0.001052045177067,-0.001500457875489,0.001586691086724,0.28014282071828633,2.4304570001731918,0.2803680004035414,0.6558449999829463,0.0
pd,00:03:12.665,1500,-90.0,-90.0,-0.0,-89.635,0.286,-0.0,0.0,0.0,-0.0,-2.679552801381298,-0.26795528013799297,0.0,-90.0,-90.0,0.0,-89.901,0.239,-0.0,-90.0,-90.0,0.0,-89.50004471986188,0.28929552801379926,0.0,0.0,0.0,0.0,18.080989947757523,0.4415270660700977,0.0,0.0,0.0,0.0,0.1349552801381293,0.003295528013799287,0.0,-0.0757339,-0.0137698,-0.0206547,-1.1084689,-0.0757339,0.0275396,-0.014598778998595999,-0.002184615384588,-0.004802686202626,0.001069291819314,-0.0017591575091940002,0.002017857142899,0.2701203435507872,5.0125799998568255,0.2526830003262148,0.1191100000141887,0.0
pd,00:03:12.671,1501,-90.0,-90.0,-0.0,-89.635,0.286,-0.0,0.0,0.0,0.0,0.0,0.0,0.0,-90.0,-90.0,0.0,-89.901,0.239,-0.0,-90.0,-90.0,0.0,-89.768,0.26249999999999996,0.0,0.0,0.0,0.0,-10.300657951103874,-1.820041066548489,0.0,0.0,0.0,0.0,-0.13299999999999557,-0.02350000000000002,0.0,-0.0757339,-0.0137698,-0.0206547,-1.1084689,-0.0757339,0.0275396,-0.014598778998595999,-0.002184615384588,-0.004802686202626,0.001069291819314,-0.0017591575091940002,0.002017857142899,0.2701203435507872,2.024330999574886,0.24457099971186835,0.11286899962215102,0.0
pd,00:03:12.673,1502,-90.0,-90.0,-0.0,-89.635,0.286,-0.0,0.0,0.0,0.0,0.0,0.0,0.0,-90.0,-90.0,0.0,-89.901,0.239,-0.0,-90.0,-90.0,0.0,-89.768,0.26249999999999996,0.0,0.0,0.0,0.0,-26.640039732568358,-4.707074689589302,0.0,0.0,0.0,0.0,-0.13299999999999557,-0.02350000000000002,0.0,-0.0757339,-0.0137698,-0.0206547,-1.1084689,-0.0757339,0.0275396,-0.014598778998595999,-0.002184615384588,-0.004802686202626,0.001069291819314,-0.0017591575091940002,0.002017857142899,0.2701203435507872,1.7289089996666007,0.2450529996167461,0.12147999996159342,0.0
pd,00:03:12.676,1503,-90.0,-90.0,-0.0,-89.635,0.286,-0.0,0.0,0.0,0.0,0.0,0.0,0.0,-90.0,-90.0,0.0,-89.901,0.239,-0.0,-90.0,-90.0,0.0,-89.768,0.26249999999999996,0.0,0.0,0.0,0.0,-30.166690028119262,-5.330204629028768,0.0,0.0,0.0,0.0,-0.13299999999999557,-0.02350000000000002,0.0,-0.0757339,-0.0137698,-0.0206547,-1.1084689,-0.0757339,0.0275396,-0.014598778998595999,-0.002184615384588,-0.004802686202626,0.001069291819314,-0.0017591575091940002,0.002017857142899,0.2701203435507872,2.070535000257223,0.2582570000413398,0.1252950000889541,0.0
pd,00:03:12.678,1504,-90.0,-90.0,-0.0,-89.635,0.286,-0.0,0.0,0.0,0.0,0.0,0.0,0.0,-90.0,-90.0,0.0,-89.901,0.239,-0.0,-90.0,-90.0,0.0,-89.768,0.26249999999999996,0.0,0.0,0.0,0.0,-25.926865216582144,-4.58106265105038,0.0,0.0,0.0,0.0,-0.13299999999999557,-0.02350000000000002,0.0,-0.0757339,-0.0137698,-0.0206547,-1.1084689,-0.0757339,0.0275396,-0.014598778998595999,-0.002184615384588,-0.004802686202626,0.001069291819314,-0.0017591575091940002,0.002017857142899,0.2701203435507872,1.763277999998536,0.15392400018754415,0.06612900006075506,0.0
pd,00:03:12.680,1505,-90.0,-90.0,-0.0,-89.635,0.286,-0.0,0.0,0.0,0.0,0.0,0.0,0.0,-90.0,-90.0,0.0,-89.901,0.239,-0.0,-90.0,-90.0,0.0,-89.768,0.26249999999999996,0.0,0.0,0.0,0.0,-32.410087845687976,-5.726594468975132,0.0,0.0,0.0,0.0,-0.13299999999999557,-0.02350000000000002,0.0,-0.0757339,-0.0137698,-0.0206547,-1.1084689,-0.0757339,0.0275396,-0.014598778998595999,-0.002184615384588,-0.004802686202626,0.001069291819314,-0.0017591575091940002,0.002017857142899,0.2701203435507872,1.739593999900535,0.16844299989315914,0.07794400016791769,0.0
pd,00:03:12.682,1506,-90.0,-90.0,0.0,-89.666,0.283,-0.0,0.0,0.0,0.0,-15.033347670246872,-1.4548400971210558,0.0,-90.0,-90.0,0.0,-89.901,0.239,-0.0,-90.0,-90.0,0.0,-88.2801652329753,0.4064840097121056,0.0,0.0,0.0,0.0,336.0279978419884,29.941581447076157,0.0,0.0,0.0,0.0,1.38583476702469,0.1234840097121056,0.0,-0.0068849,0.0,-0.0413094,-0.8881521,-0.0963886,-0.0137698,-0.015118925518735999,-0.0019072039071799999,-0.0058949938949199995,0.002121336996381,-0.001534951159983,0.0018108974359350002,0.23908366736353978,3.1456169999728445,0.38886600032128626,0.09564700030750828,0.0
pd,00:03:12.686,1507,-90.0,-90.0,0.0,-89.666,0.283,-0.0,0.0,0.0,0.0,0.0,0.0,0.0,-90.0,-90.0,0.0,-89.901,0.239,-0.0,-90.0,-90.0,0.0,-89.7835,0.261,0.0,0.0,0.0,0.0,-15.777651427839634,-2.9541134588295543,0.0,0.0,0.0,0.0,-0.11750000000000682,-0.021999999999999964,0.0,-0.0068849,0.0,-0.0413094,-0.8881521,-0.0963886,-0.0137698,-0.015118925518735999,-0.0019072039071799999,-0.0058949938949199995,0.002121336996381,-0.001534951159983,0.0018108974359350002,0.23908366736353978,2.951655999822833,0.22773799992137356,0.10511000027690898,0.0
pd,00:03:12.689,1508,-90.0,-90.0,0.0,-89.666,0.283,-0.0,0.0,0.0,0.0,0.0,0.0,0.0,-90.0,-90.0,0.0,-89.901,0.239,-0.0,-90.0,-90.0,0.0,-89.7835,0.261,0.0,0.0,0.0,0.0,-17.378895549756642,-3.253920868890612,0.0,0.0,0.0,0.0,-0.11750000000000682,-0.021999999999999964,0.0,-0.0068849,0.0,-0.0413094,-0.8881521,-0.0963886,-0.0137698,-0.015118925518735999,-0.0019072039071799999,-0.0058949938949199995,0.002121336996381,-0.001534951159983,0.0018108974359350002,0.23908366736353978,1.7375380002704333,0.16975800008367514,0.07503599999836297,0.0
pd,00:03:12.691,1509,-90.0,-90.0,0.0,-89.666,0.283,-0.0,0.0,0.0,0.0,0.0,0.0,0.0,-90.0,-90.0,0.0,-89.901,0.239,-0.0,-90.0,-90.0,0.0,-89.7835,0.261,0.0,0.0,0.0,0.0,-28.569896811594134,-5.349257275362317,0.0,0.0,0.0,0.0,-0.11750000000000682,-0.021999999999999964,0.0,-0.0068849,0.0,-0.0413094,-0.8881521,-0.0963886,-0.0137698,-0.015118925518735999,-0.0019072039071799999,-0.0058949938949199995,0.002121336996381,-0.001534951159983,0.0018108974359350002,0.23908366736353978,1.9234989999858954,0.291441000172199,0.11475800010884996,0.0
pd,00:03:12.694,1510,-90.0,-90.0,0.0,-89.666,0.283,-0.0,0.0,0.0,0.0,0.0,0.0,0.0,-90.0,-90.0,0.0,-89.901,0.239,-0.0,-90.0,-90.0,0.0,-89.7835,0.261,0.0,0.0,0.0,0.0,-24.13470714985303,-4.518838785504406,0.0,0.0,0.0,0.0,-0.11750000000000682,-0.021999999999999964,0.0,-0.0068849,0.0,-0.0413094,-0.8881521,-0.0963886,-0.0137698,-0.015118925518735999,-0.0019072039071799999,-0.0058949938949199995,0.002121336996381,-0.001534951159983,0.0018108974359350002,0.23908366736353978,2.0388319999256055,0.2770719997897686,0.12661000027947011,0.0
pd,00:03:12.698,1511,-90.0,-90.0,0.0,-89.666,0.283,-0.0,0.0,0.0,0.0,0.0,0.0,0.0,-90.0,-90.0,0.0,-89.901,0.239,-0.0,-90.0,-90.0,0.0,-89.7835,0.261,0.0,0.0,0.0,0.0,-16.1477955439056,-3.0234170380078624,0.0,0.0,0.0,0.0,-0.11750000000000682,-0.021999999999999964,0.0,-0.0068849,0.0,-0.0413094,-0.8881521,-0.0963886,-0.0137698,-0.015118925518735999,-0.0019072039071799999,-0.0058949938949199995,0.002121336996381,-0.001534951159983,0.0018108974359350002,0.23908366736353978,1.95227700032774,0.2411460000075749,0.11099900029876153,0.0
pd,00:03:12.700,1512,-90.0,-90.0,0.0,-89.666,0.283,-0.0,0.0,0.0,0.0,0.0,0.0,0.0,-90.0,-90.0,0.0,-89.901,0.239,-0.0,-90.0,-90.0,0.0,-89.7835,0.261,0.0,0.0,0.0,0.0,-24.354156948013383,-4.559927258351451,0.0,0.0,0.0,0.0,-0.11750000000000682,-0.021999999999999964,0.0,-0.0068849,0.0,-0.0413094,-0.8881521,-0.0963886,-0.0137698,-0.015118925518735999,-0.0019072039071799999,-0.0058949938949199995,0.002121336996381,-0.001534951159983,0.0018108974359350002,0.23908366736353978,1.893870000003517,0.22570199962501647,0.11155499987580697,0.0
pd,00:03:12.702,1513,-90.0,-90.0,0.0,-89.688,0.282,-0.0,0.0,0.0,0.0,-9.43600449943996,-0.4289092954289809,0.0,-90.0,-90.0,0.0,-89.901,0.239,-0.0,-90.0,-90.0,0.0,-88.850899550056,0.3033909295428981,0.0,0.0,0.0,0.0,179.5200820943816,4.587384259407693,0.0,0.0,0.0,0.0,0.8371004499440033,0.02139092954289812,0.0,0.0,-0.0068849,-0.0275396,-1.0533897,-0.1239282,0.0206547,-0.014806837606652,-0.002184615384588,-0.005305494505428,0.0033630952381650003,-0.0019488705739110002,0.0016556776557120003,0.21729703173305745,2.6908620002359385,0.5410500002653862,0.3305340001134027,0.0
pd,00:03:12.706,1514,-90.0,-90.0,0.0,-89.688,0.282,-0.0,0.0,0.0,0.0,0.0,0.0,0.0,-90.0,-90.0,0.0,-89.901,0.239,-0.0,-90.0,-90.0,0.0,-89.7945,0.26049999999999995,0.0,0.0,0.0,0.0,-14.181642516984796,-2.8629606959172,0.0,0.0,0.0,0.0,-0.10649999999999693,-0.02150000000000002,0.0,0.0,-0.0068849,-0.0275396,-1.0533897,-0.1239282,0.0206547,-0.014806837606652,-0.002184615384588,-0.005305494505428,0.0033630952381650003,-0.0019488705739110002,0.0016556776557120003,0.21729703173305745,2.7236390001235122,0.19686899986481876,0.08207300015783403,0.0
pd,00:03:12.709,1515,-90.0,-90.0,0.0,-89.688,0.282,-0.0,0.0,0.0,0.0,0.0,0.0,0.0,-90.0,-90.0,0.0,-89.901,0.239,-0.0,-90.0,-90.0,0.0,-89.7945,0.26049999999999995,0.0,0.0,0.0,0.0,-17.26818370187054,-3.48606525436833,0.0,0.0,0.0,0.0,-0.10649999999999693,-0.02150000000000002,0.0,0.0,-0.0068849,-0.0275396,-1.0533897,-0.1239282,0.0206547,-0.014806837606652,-0.002184615384588,-0.005305494505428,0.0033630952381650003,-0.0019488705739110002,0.0016556776557120003,0.21729703173305745,1.712926999971387,0.14736899993295083,0.06294400009210221,0.0
pd,00:03:12.711,1516,-90.0,-90.0,0.0,-89.688,0.282,-0.0,0.0,0.0,0.0,0.0,0.0,0.0,-90.0,-90.0,0.0,-89.901,0.239,-0.0,-90.0,-90.0,0.0,-89.7945,0.26049999999999995,0.0,0.0,0.0,0.0,-26.728899952129435,-5.395975107707034,0.0,0.0,0.0,0.0,-0.10649999999999693,-0.02150000000000002,0.0,0.0,-0.0068849,-0.0275396,-1.0533897,-0.1239282,0.0206547,-0.014806837606652,-0.002184615384588,-0.005305494505428,0.0033630952381650003,-0.0019488705739110002,0.0016556776557120003,0.21729703173305745,2.0570349997797166,0.20627599997169455,0.09853600022324827,0.0
pd,00:03:12.714,1517,-90.0,-90.0,0.0,-89.688,0.282,-0.0,0.0,0.0,0.0,0.0,0.0,0.0,-90.0,-90.0,0.0,-89.901,0.239,-0.0,-90.0,-90.0,0.0,-89.7945,0.26049999999999995,0.0,0.0,0.0,0.0,-21.71154738990897,-4.383082336930104,0.0,0.0,0.0,0.0,-0.10649999999999693,-0.02150000000000002,0.0,0.0,-0.0068849,-0.0275396,-1.0533897,-0.1239282,0.0206547,-0.014806837606652,-0.002184615384588,-0.005305494505428,0.0033630952381650003,-0.0019488705739110002,0.0016556776557120003,0.21729703173305745,1.8378889999439707,0.23777599972163443,0.11286900007689837,0.0
pd,00:03:12.716,1518,-90.0,-90.0,0.0,-89.688,0.282,-0.0,0.0,0.0,0.0,0.0,0.0,0.0,-90.0,-90.0,0.0,-89.901,0.239,-0.0,-90.0,-90.0,0.0,-89.7945,0.26049999999999995,0.0,0.0,0.0,0.0,-23.212085637081017,-4.6860078985657845,0.0,0.0,0.0,0.0,-0.10649999999999693,-0.02150000000000002,0.0,0.0,-0.0068849,-0.0275396,-1.0533897,-0.1239282,0.0206547,-0.014806837606652,-0.002184615384588,-0.005305494505428,0.0033630952381650003,-0.0019488705739110002,0.0016556776557120003,0.21729703173305745,1.8519630002629128,0.17403499987267423,0.12116600009903777,0.0
pd,00:03:12.718,1519,-90.0,-90.0,0.0,-89.688,0.282,-0.0,0.0,0.0,0.0,0.0,0.0,0.0,-90.0,-90.0,0.0,-89.901,0.239,-0.0,-90.0,-90.0,0.0,-89.7945,0.26049999999999995,0.0,0.0,0.0,0.0,-23.953956241955552,-4.835775203775202,0.0,0.0,0.0,0.0,-0.10649999999999693,-0.02150000000000002,0.0,0.0,-0.0068849,-0.0275396,-1.0533897,-0.1239282,0.0206547,-0.014806837606652,-0.002184615384588,-0.005305494505428,0.0033630952381650003,-0.0019488705739110002,0.0016556776557120003,0.21729703173305745,1.7058169996744255,0.1451839998480864,0.06401700011338107,0.0
pd,00:03:12.720,1520,-90.0,-90.0,0.0,-89.688,0.282,-0.0,0.0,0.0,0.0,0.0,0.0,0.0,-90.0,-90.0,0.0,-89.901,0.239,-0.0,-90.0,-90.0,0.0,-89.7945,0.26049999999999995,0.0,0.0,0.0,0.0,-26.844553846153072,-5.4193230769230745,0.0,0.0,0.0,0.0,-0.10649999999999693,-0.02150000000000002,0.0,0.0,-0.0068849,-0.0275396,-1.0533897,-0.1239282,0.0206547,-0.014806837606652,-0.002184615384588,-0.005305494505428,0.0033630952381650003,-0.0019488705739110002,0.0016556776557120003,0.21729703173305745,1.76829700012604,0.16753499994592858,0.0754620000407158,0.0
pd,00:03:12.723,1521,-90.0,-90.0,0.0,-89.707,0.28,-0.0,0.0,0.0,0.0,-5.948923260672087,-0.6262024484920704,0.0,-90.0,-90.0,0.0,-89.901,0.239,-0.0,-90.0,-90.0,0.0,-89.20910767393279,0.32212024484920704,0.0,0.0,0.0,0.0,77.94534841717649,6.593950113914916,0.0,0.0,0.0,0.0,0.4978923260672019,0.04212024484920701,0.0,0.0206547,-0.0137698,0.0068849,-1.3425555,-0.28916580000000003,0.0137698,-0.015205616605426,-0.0019072039071799999,-0.005236141636076,0.003069902319966,-0.001569444444477,0.002017857142899,0.1982851482083341,3.7001290002081078,0.8852320002006309,0.12320199994064751,0.0
pd,00:03:12.728,1522,-90.0,-90.0,0.0,-89.707,0.28,-0.0,0.0,0.0,0.0,0.0,0.0,0.0,-90.0,-90.0,0.0,-89.901,0.239,-0.0,-90.0,-90.0,0.0,-89.804,0.2595,0.0,0.0,0.0,0.0,-10.044128968548005,-2.122728287167335,0.0,0.0,0.0,0.0,-0.09700000000000841,-0.020500000000000018,0.0,0.0206547,-0.0137698,0.0068849,-1.3425555,-0.28916580000000003,0.0137698,-0.015205616605426,-0.0019072039071799999,-0.005236141636076,0.003069902319966,-0.001569444444477,0.002017857142899,0.1982851482083341,1.901111000279343,0.2568119998613838,0.12738799978251336,0.0
pd,00:03:12.730,1523,-90.0,-90.0,0.0,-89.707,0.28,-0.0,0.0,0.0,0.0,0.0,0.0,0.0,-90.0,-90.0,0.0,-89.901,0.239,-0.0,-90.0,-90.0,0.0,-89.804,0.2595,0.0,0.0,0.0,0.0,-20.19896177142317,-4.268852745506905,0.0,0.0,0.0,0.0,-0.09700000000000841,-0.020500000000000018,0.0,0.0206547,-0.0137698,0.0068849,-1.3425555,-0.28916580000000003,0.0137698,-0.015205616605426,-0.0019072039071799999,-0.005236141636076,0.003069902319966,-0.001569444444477,0.002017857142899,0.1982851482083341,1.8272040001647838,0.24397899960604263,0.13092499966660398,0.0
pd,00:03:12.733,1524,-90.0,-90.0,0.0,-89.707,0.28,-0.0,0.0,0.0,0.0,0.0,0.0,0.0,-90.0,-90.0,0.0,-89.901,0.239,-0.0,-90.0,-90.0,0.0,-89.804,0.2595,0.0,0.0,0.0,0.0,-20.03385306283265,-4.233958636990352,0.0,0.0,0.0,0.0,-0.09700000000000841,-0.020500000000000018,0.0,0.0206547,-0.0137698,0.0068849,-1.3425555,-0.28916580000000003,0.0137698,-0.015205616605426,-0.0019072039071799999,-0.005236141636076,0.003069902319966,-0.001569444444477,0.002017857142899,0.1982851482083341,1.9497399998726905,0.2328489999854355,0.10453599998072605,0.0
pd,00:03:12.735,1525,-90.0,-90.0,0.0,-89.707,0.28,-0.0,0.0,0.0,0.0,0.0,0.0,0.0,-90.0,-90.0,0.0,-89.901,0.239,-0.0,-90.0,-90.0,0.0,-89.804,0.2595,0.0,0.0,0.0,0.0,-20.322052347652622,-4.294866733266737,0.0,0.0,0.0,0.0,-0.09700000000000841,-0.020500000000000018,0.0,0.0206547,-0.0137698,0.0068849,-1.3425555,-0.28916580000000003,0.0137698,-0.015205616605426,-0.0019072039071799999,-0.005236141636076,0.003069902319966,-0.001569444444477,0.002017857142899,0.1982851482083341,1.7714450000312354,0.490272999741137,0.0999620001493895,0.0
pd,00:03:12.738,1526,-90.0,-90.0,0.0,-89.707,0.28,-0.0,0.0,0.0,0.0,0.0,0.0,0.0,-90.0,-90.0,0.0,-89.901,0.239,-0.0,-90.0,-90.0,0.0,-89.804,0.2595,0.0,0.0,0.0,0.0,-19.803713395638898,-4.185320872274147,0.0,0.0,0.0,0.0,-0.09700000000000841,-0.020500000000000018,0.0,0.0206547,-0.0137698,0.0068849,-1.3425555,-0.28916580000000003,0.0137698,-0.015205616605426,-0.0019072039071799999,-0.005236141636076,0.003069902319966,-0.001569444444477,0.002017857142899,0.1982851482083341,1.7450010000175098,0.16657299966027495,0.06383300024026539,0.0
pd,00:03:12.740,1527,-90.0,-90.0,0.0,-89.707,0.28,-0.0,0.0,0.0,0.0,0.0,0.0,0.0,-90.0,-90.0,0.0,-89.901,0.239,-0.0,-90.0,-90.0,0.0,-89.804,0.2595,0.0,0.0,0.0,0.0,-23.70077408831443,-5.0089264825818525,0.0,0.0,0.0,0.0,-0.09700000000000841,-0.020500000000000018,0.0,0.0206547,-0.0137698,0.0068849,-1.3425555,-0.28916580000000003,0.0137698,-0.015205616605426,-0.0019072039071799999,-0.005236141636076,0.003069902319966,-0.001569444444477,0.002017857142899,0.1982851482083341,1.775926999926014,0.18049800019070972,0.08166599991454859,0.0
pd,00:03:12.742,1528,-90.0,-90.0,-0.0,-89.727,0.278,-0.0,0.0,0.0,-0.0,-9.441314575131448,-0.9441314575126626,0.0,-90.0,-90.0,0.0,-89.901,0.239,-0.0,-90.0,-90.0,0.0,-88.86986854248686,0.35291314575126626,0.0,0.0,0.0,0.0,202.3111930654603,17.681964371250366,0.0,0.0,0.0,0.0,0.8571314575131481,0.07491314575126623,0.0,0.0206547,-0.0137698,0.0068849,-1.3425555,-0.2960507,0.0137698,-0.015205616605426,-0.0019072039071799999,-0.005236141636076,0.003069902319966,-0.0019316239316640002,0.001121031746055,0.17831713322055553,2.4680490000719146,0.7897699997556629,0.20453500019357307,0.0
pd,00:03:12.746,1529,-90.0,-90.0,-0.0,-89.727,0.278,-0.0,0.0,0.0,0.0,0.0,0.0,0.0,-90.0,-90.0,0.0,-89.901,0.239,-0.0,-90.0,-90.0,0.0,-89.814,0.2585,0.0,0.0,0.0,0.0,-11.431843609022057,-2.5623097744360925,0.0,0.0,0.0,0.0,-0.08699999999998909,-0.019500000000000017,0.0,0.0,-0.0137698,-0.0068849,-1.1635481,-0.2960507,0.0137698,-0.01343711843695,-0.001317704517688,-0.004750671550612,0.0036217948718700005,-0.0019316239316640002,0.001121031746055,0.17831713322055553,2.7766389998760133,0.2776639998955943,0.12422100007825065,0.0
pd,00:03:12.749,1530,-90.0,-90.0,-0.0,-89.727,0.278,-0.0,0.0,0.0,0.0,0.0,0.0,0.0,-90.0,-90.0,0.0,-89.901,0.239,-0.0,-90.0,-90.0,0.0,-89.814,0.2585,0.0,0.0,0.0,0.0,-13.22788544914029,-2.9648708765315765,0.0,0.0,0.0,0.0,-0.08699999999998909,-0.019500000000000017,0.0,0.0,-0.0137698,-0.0068849,-1.1635481,-0.2960507,0.0137698,-0.01343711843695,-0.001317704517688,-0.004750671550612,0.0036217948718700005,-0.0019316239316640002,0.001121031746055,0.17831713322055553,1.8149630000152683,0.22105300013208762,0.09725799964144244,0.0
pd,00:03:12.753,1531,-90.0,-90.0,-0.0,-89.727,0.278,-0.0,0.0,0.0,0.0,0.0,0.0,0.0,-90.0,-90.0,0.0,-89.901,0.239,-0.0,-90.0,-90.0,0.0,-89.814,0.2585,0.0,0.0,0.0,0.0,-12.307894225579602,-2.7586659471127923,0.0,0.0,0.0,0.0,-0.08699999999998909,-0.019500000000000017,0.0,0.0,-0.0137698,-0.0068849,-1.1635481,-0.2960507,0.0137698,-0.01343711843695,-0.001317704517688,-0.004750671550612,0.0036217948718700005,-0.0019316239316640002,0.001121031746055,0.17831713322055553,2.0079609998902015,0.23236800006998237,0.09498000008534291,0.0
pd,00:03:12.755,1532,-90.0,-90.0,-0.0,-89.727,0.278,-0.0,0.0,0.0,0.0,0.0,0.0,0.0,-90.0,-90.0,0.0,-89.901,0.239,-0.0,-90.0,-90.0,0.0,-89.814,0.2585,0.0,0.0,0.0,0.0,-17.815860169904504,-3.993210038082222,0.0,0.0,0.0,0.0,-0.08699999999998909,-0.019500000000000017,0.0,0.0,-0.0137698,-0.0068849,-1.1635481,-0.2960507,0.0137698,-0.01343711843695,-0.001317704517688,-0.004750671550612,0.0036217948718700005,-0.0019316239316640002,0.001121031746055,0.17831713322055553,1.7570200002410274,0.17190500011565746,0.09096200028579915,0.0
pd,00:03:12.757,1533,-90.0,-90.0,-0.0,-89.727,0.278,-0.0,0.0,0.0,0.0,0.0,0.0,0.0,-90.0,-90.0,0.0,-89.901,0.239,-0.0,-90.0,-90.0,0.0,-89.814,0.2585,0.0,0.0,0.0,0.0,-20.646398551543736,-4.627641054656562,0.0,0.0,0.0,0.0,-0.08699999999998909,-0.019500000000000017,0.0,0.0,-0.0137698,-0.0068849,-1.1635481,-0.2960507,0.0137698,-0.01343711843695,-0.001317704517688,-0.004750671550612,0.0036217948718700005,-0.0019316239316640002,0.001121031746055,0.17831713322055553,1.8648699997356744,0.25564600036886986,0.12436899987733341,0.0
pd,00:03:12.759,1534,-90.0,-90.0,-0.0,-89.727,0.278,-0.0,0.0,0.0,0.0,0.0,0.0,0.0,-90.0,-90.0,0.0,-89.901,0.239,-0.0,-90.0,-90.0,0.0,-89.814,0.2585,0.0,0.0,0.0,0.0,-18.442557768118064,-4.133676741130095,0.0,0.0,0.0,0.0,-0.08699999999998909,-0.019500000000000017,0.0,0.0,-0.0137698,-0.0068849,-1.1635481,-0.2960507,0.0137698,-0.01343711843695,-0.001317704517688,-0.004750671550612,0.0036217948718700005,-0.0019316239316640002,0.001121031746055,0.17831713322055553,1.8566859998827567,0.23664500031372881,0.11827700018329779,0.0
pd,00:03:12.762,1535,-90.0,-90.0,0.0,-89.756,0.273,-0.0,0.0,0.0,0.0,-12.517733456826669,-2.1582299063496984,0.0,-90.0,-90.0,0.0,-89.901,0.239,-0.0,-90.0,-90.0,0.0,-88.57672665431733,0.47182299063496985,0.0,0.0,0.0,0.0,254.51430024133998,42.91057244582775,0.0,0.0,0.0,0.0,1.1792733456826738,0.19882299063496983,0.0,0.0,0.0137698,-0.0068849,-1.0946991,-0.26162620000000003,0.0275396,-0.01343711843695,-0.001317704517688,-0.005045421245358,0.0034665750916470003,-0.0018798840049230002,0.002190323565369,0.1489328707841182,3.5189649997846573,0.5749950000790705,0.13683199995284667,0.0
pd,00:03:12.766,1536,-90.0,-90.0,0.0,-89.756,0.273,-0.0,0.0,0.0,0.0,0.0,0.0,0.0,-90.0,-90.0,0.0,-89.901,0.239,-0.0,-90.0,-90.0,0.0,-89.82849999999999,0.256,0.0,0.0,0.0,0.0,-8.3124771745665,-1.9491325788639238,0.0,0.0,0.0,0.0,-0.0724999999999909,-0.017000000000000015,0.0,-0.0206547,0.0137698,-0.0068849,-1.0946991,-0.26162620000000003,0.0275396,-0.014893528693342,-0.001317704517688,-0.005045421245358,0.0034665750916470003,-0.0018798840049230002,0.002190323565369,0.1489328707841182,2.8604529998119688,0.23014600037640776,0.10792499961098656,0.0
pd,00:03:12.769,1537,-90.0,-90.0,0.0,-89.756,0.273,-0.0,0.0,0.0,0.0,0.0,0.0,0.0,-90.0,-90.0,0.0,-89.901,0.239,-0.0,-90.0,-90.0,0.0,-89.82849999999999,0.256,0.0,0.0,0.0,0.0,-11.000109969613357,-2.579336130805964,0.0,0.0,0.0,0.0,-0.0724999999999909,-0.017000000000000015,0.0,-0.0206547,0.0137698,-0.0068849,-1.0946991,-0.26162620000000003,0.0275396,-0.014893528693342,-0.001317704517688,-0.005045421245358,0.0034665750916470003,-0.0018798840049230002,0.002190323565369,0.1489328707841182,1.8672780001907086,0.2665340002749872,0.12581400005728938,0.0
pd,00:03:12.772,1538,-90.0,-90.0,0.0,-89.756,0.273,-0.0,0.0,0.0,0.0,0.0,0.0,0.0,-90.0,-90.0,0.0,-89.901,0.239,-0.0,-90.0,-90.0,0.0,-89.82849999999999,0.256,0.0,0.0,0.0,0.0,-14.997388044978875,-3.516628920891698,0.0,0.0,0.0,0.0,-0.0724999999999909,-0.017000000000000015,0.0,-0.0206547,0.0137698,-0.0068849,-1.0946991,-0.26162620000000003,0.0275396,-0.014893528693342,-0.001317704517688,-0.005045421245358,0.0034665750916470003,-0.0018798840049230002,0.002190323565369,0.1489328707841182,1.826648000132991,0.21014599997215555,0.0974810000116122,0.0
pd,00:03:12.774,1539,-90.0,-90.0,0.0,-89.756,0.273,-0.0,0.0,0.0,0.0,0.0,0.0,0.0,-90.0,-90.0,0.0,-89.901,0.239,-0.0,-90.0,-90.0,0.0,-89.82849999999999,0.256,0.0,0.0,0.0,0.0,-16.27700674445946,-3.8166774435285333,0.0,0.0,0.0,0.0,-0.0724999999999909,-0.017000000000000015,0.0,-0.0206547,0.0137698,-0.0068849,-1.0946991,-0.26162620000000003,0.0275396,-0.014893528693342,-0.001317704517688,-0.005045421245358,0.0034665750916470003,-0.0018798840049230002,0.002190323565369,0.1489328707841182,1.7601300000933406,0.17505400001027738,0.08190700009436114,0.0
pd,00:03:12.776,1540,-90.0,-90.0,0.0,-89.756,0.273,-0.0,0.0,0.0,0.0,0.0,0.0,0.0,-90.0,-90.0,0.0,-89.901,0.239,-0.0,-90.0,-90.0,0.0,-89.82849999999999,0.256,0.0,0.0,0.0,0.0,-17.269822807814155,-4.049475692866882,0.0,0.0,0.0,0.0,-0.0724999999999909,-0.017000000000000015,0.0,-0.0206547,0.0137698,-0.0068849,-1.0946991,-0.26162620000000003,0.0275396,-0.014893528693342,-0.001317704517688,-0.005045421245358,0.0034665750916470003,-0.0018798840049230002,0.002190323565369,0.1489328707841182,1.8821660000867269,0.25566400017851265,0.13133200036463677,0.0
pd,00:03:12.780,1541,-90.0,-90.0,0.0,-89.756,0.273,-0.0,0.0,0.0,0.0,0.0,0.0,0.0,-90.0,-90.0,0.0,-89.901,0.239,-0.0,-90.0,-90.0,0.0,-89.82849999999999,0.256,0.0,0.0,0.0,0.0,-10.82622614639674,-2.538563372258618,0.0,0.0,0.0,0.0,-0.0724999999999909,-0.017000000000000015,0.0,-0.0206547,0.0137698,-0.0068849,-1.0946991,-0.26162620000000003,0.0275396,-0.014893528693342,-0.001317704517688,-0.005045421245358,0.0034665750916470003,-0.0018798840049230002,0.002190323565369,0.1489328707841182,1.9805360002465022,0.27457200030767126,0.1036839998960204,0.0
pd,00:03:12.782,1542,-90.0,-90.0,-0.0,-89.776,0.267,-0.0,0.0,0.0,-0.0,-8.115128180321497,-2.4345384540969355,0.0,-90.0,-90.0,0.0,-89.901,0.239,-0.0,-90.0,-90.0,0.0,-89.02698718196784,0.49645384540969356,0.0,0.0,0.0,0.0,151.9583756758981,46.55118417419267,0.0,0.0,0.0,0.0,0.7490128180321562,0.22945384540969355,0.0,-0.0206547,0.0137698,-0.0068849,-1.0946991,-0.1721225,0.0206547,-0.014893528693342,-0.001317704517688,-0.005045421245358,0.0029836691087310003,-0.002173076923122,0.0017419108669470002,0.12809761902549166,2.3945319999256753,0.8443069996246777,0.303070999962074,0.0
pd,00:03:12.786,1543,-90.0,-90.0,-0.0,-89.776,0.267,-0.0,0.0,0.0,0.0,0.0,0.0,0.0,-90.0,-90.0,0.0,-89.901,0.239,-0.0,-90.0,-90.0,0.0,-89.8385,0.253,0.0,0.0,0.0,0.0,-8.11742119279123,-1.8183023471852373,0.0,0.0,0.0,0.0,-0.0625,-0.014000000000000012,0.0,0.0206547,-0.034424500000000004,0.0275396,-1.2805914,-0.1721225,0.0206547,-0.01508424908406,-0.002219291819264,-0.005738949938878,0.0029836691087310003,-0.002173076923122,0.0017419108669470002,0.12809761902549166,3.17739399997663,0.23753400000714464,0.12207300005684374,0.0
pd,00:03:12.789,1544,-90.0,-90.0,-0.0,-89.776,0.267,-0.0,0.0,0.0,0.0,0.0,0.0,0.0,-90.0,-90.0,0.0,-89.901,0.239,-0.0,-90.0,-90.0,0.0,-89.8385,0.253,0.0,0.0,0.0,0.0,-8.577449119822,-1.9213486028401299,0.0,0.0,0.0,0.0,-0.0625,-0.014000000000000012,0.0,0.0206547,-0.034424500000000004,0.0275396,-1.2805914,-0.1721225,0.0206547,-0.01508424908406,-0.002219291819264,-0.005738949938878,0.0029836691087310003,-0.002173076923122,0.0017419108669470002,0.12809761902549166,1.9341480001457967,0.2832010000020091,0.1318320000791573,0.0
pd,00:03:12.792,1545,-90.0,-90.0,-0.0,-89.776,0.267,-0.0,0.0,0.0,0.0,0.0,0.0,0.0,-90.0,-90.0,0.0,-89.901,0.239,-0.0,-90.0,-90.0,0.0,-89.8385,0.253,0.0,0.0,0.0,0.0,-12.65906895885648,-2.835631446783854,0.0,0.0,0.0,0.0,-0.0625,-0.014000000000000012,0.0,0.0206547,-0.034424500000000004,0.0275396,-1.2805914,-0.1721225,0.0206547,-0.01508424908406,-0.002219291819264,-0.005738949938878,0.0029836691087310003,-0.002173076923122,0.0017419108669470002,0.12809761902549166,1.985166000395111,0.24233100020865095,0.11838799991892301,0.0
pd,00:03:12.794,1546,-90.0,-90.0,-0.0,-89.776,0.267,-0.0,0.0,0.0,0.0,0.0,0.0,0.0,-90.0,-90.0,0.0,-89.901,0.239,-0.0,-90.0,-90.0,0.0,-89.8385,0.253,0.0,0.0,0.0,0.0,-12.742757145634844,-2.8543776006222075,0.0,0.0,0.0,0.0,-0.0625,-0.014000000000000012,0.0,0.0206547,-0.034424500000000004,0.0275396,-1.2805914,-0.1721225,0.0206547,-0.01508424908406,-0.002219291819264,-0.005738949938878,0.0029836691087310003,-0.002173076923122,0.0017419108669470002,0.12809761902549166,1.7767419999472622,0.18675699993764283,0.06499899973277934,0.0
pd,00:03:12.796,1547,-90.0,-90.0,-0.0,-89.776,0.267,-0.0,0.0,0.0,0.0,0.0,0.0,0.0,-90.0,-90.0,0.0,-89.901,0.239,-0.0,-90.0,-90.0,0.0,-89.8385,0.253,0.0,0.0,0.0,0.0,-14.875950516399955,-3.3322129156735927,0.0,0.0,0.0,0.0,-0.0625,-0.014000000000000012,0.0,0.0206547,-0.034424500000000004,0.0275396,-1.2805914,-0.1721225,0.0206547,-0.01508424908406,-0.002219291819264,-0.005738949938878,0.0029836691087310003,-0.002173076923122,0.0017419108669470002,0.12809761902549166,1.7775569999685104,0.1594420000401442,0.06520400029330631,0.0
pd,00:03:12.799,1548,-90.0,-90.0,-0.0,-89.776,0.267,-0.0,0.0,0.0,0.0,0.0,0.0,0.0,-90.0,-90.0,0.0,-89.901,0.239,-0.0,-90.0,-90.0,0.0,-89.8385,0.253,0.0,0.0,0.0,0.0,-15.065747126436781,-3.3747273563218423,0.0,0.0,0.0,0.0,-0.0625,-0.014000000000000012,0.0,0.0206547,-0.034424500000000004,0.0275396,-1.2805914,-0.1721225,0.0206547,-0.01508424908406,-0.002219291819264,-0.005738949938878,0.0029836691087310003,-0.002173076923122,0.0017419108669470002,0.12809761902549166,1.6854099999363825,0.15131299960557953,0.07225799981824821,0.0
pd,00:03:12.801,1549,-90.0,-90.0,-0.0,-89.776,0.267,-0.0,0.0,0.0,0.0,0.0,0.0,0.0,-90.0,-90.0,0.0,-89.901,0.239,-0.0,-90.0,-90.0,0.0,-89.8385,0.253,0.0,0.0,0.0,0.0,-15.763319302465424,-3.530983523752258,0.0,0.0,0.0,0.0,-0.0625,-0.014000000000000012,0.0,0.0206547,-0.034424500000000004,0.0275396,-1.2805914,-0.1721225,0.0206547,-0.01508424908406,-0.002219291819264,-0.005738949938878,0.0029836691087310003,-0.002173076923122,0.0017419108669470002,0.12809761902549166,1.7580190001353913,0.20514600009846617,0.09236899995812564,0.0
pd,00:03:12.803,1550,-90.0,-90.0,0.0,-89.801,0.261,-0.0,0.0,0.0,0.0,-11.661209964415463,-2.7986903914590773,0.0,-90.0,-90.0,0.0,-89.901,0.239,-0.0,-90.0,-90.0,0.0,-88.68487900355845,0.5298690391459078,0.0,0.0,0.0,0.0,260.30642570389097,62.70676636820714,0.0,0.0,0.0,0.0,1.116120996441552,0.26886903914590776,0.0,0.0068849,-0.034424500000000004,-0.034424500000000004,-0.8399578,-0.0826188,-0.0068849,-0.013801221001048,-0.00164713064711,-0.005600244200174,0.0023282967033450004,-0.0023282967033450004,0.00120726495729,0.10239140588935608,3.225652999844897,0.262109000232158,0.10024000039265957,0.0
pd,00:03:12.808,1551,-90.0,-90.0,0.0,-89.801,0.261,-0.0,0.0,0.0,0.0,0.0,0.0,0.0,-90.0,-90.0,0.0,-89.901,0.239,-0.0,-90.0,-90.0,0.0,-89.851,0.25,0.0,0.0,0.0,0.0,-4.482626538987433,-0.9861778385772922,0.0,0.0,0.0,0.0,-0.04999999999999716,-0.01100000000000001,0.0,0.0068849,-0.034424500000000004,-0.034424500000000004,-0.8399578,-0.0826188,-0.0068849,-0.013801221001048,-0.00164713064711,-0.005600244200174,0.0023282967033450004,-0.0023282967033450004,0.00120726495729,0.10239140588935608,2.1027940001658862,0.2868300002774049,0.13201800038586953,0.0
pd,00:03:12.811,1552,-90.0,-90.0,0.0,-89.801,0.261,-0.0,0.0,0.0,0.0,0.0,0.0,0.0,-90.0,-90.0,0.0,-89.901,0.239,-0.0,-90.0,-90.0,0.0,-89.851,0.25,0.0,0.0,0.0,0.0,-9.427097006202827,-2.0739613413647415,0.0,0.0,0.0,0.0,-0.04999999999999716,-0.01100000000000001,0.0,0.0068849,-0.034424500000000004,-0.034424500000000004,-0.8399578,-0.0826188,-0.0068849,-0.013801221001048,-0.00164713064711,-0.005600244200174,0.0023282967033450004,-0.0023282967033450004,0.00120726495729,0.10239140588935608,1.900056000067707,0.2726259999690228,0.12966499980393564,0.0
pd,00:03:12.813,1553,-90.0,-90.0,0.0,-89.801,0.261,-0.0,0.0,0.0,0.0,0.0,0.0,0.0,-90.0,-90.0,0.0,-89.901,0.239,-0.0,-90.0,-90.0,0.0,-89.851,0.25,0.0,0.0,0.0,0.0,-10.309468095565238,-2.2680829810244836,0.0,0.0,0.0,0.0,-0.04999999999999716,-0.01100000000000001,0.0,0.0068849,-0.034424500000000004,-0.034424500000000004,-0.8399578,-0.0826188,-0.0068849,-0.013801221001048,-0.00164713064711,-0.005600244200174,0.0023282967033450004,-0.0023282967033450004,0.00120726495729,0.10239140588935608,2.3203470000225934,0.2886629999920842,0.11827600019387319,0.0
pd,00:03:12.816,1554,-90.0,-90.0,0.0,-89.801,0.261,-0.0,0.0,0.0,0.0,0.0,0.0,0.0,-90.0,-90.0,0.0,-89.901,0.239,-0.0,-90.0,-90.0,0.0,-89.851,0.25,0.0,0.0,0.0,0.0,-8.81749075008359,-1.9398479650185017,0.0,0.0,0.0,0.0,-0.04999999999999716,-0.01100000000000001,0.0,0.0068849,-0.034424500000000004,-0.034424500000000004,-0.8399578,-0.0826188,-0.0068849,-0.013801221001048,-0.00164713064711,-0.005600244200174,0.0023282967033450004,-0.0023282967033450004,0.00120726495729,0.10239140588935608,1.815945000089414,0.16423899978690315,0.0712589999238844,0.0
pd,00:03:12.818,1555,-90.0,-90.0,0.0,-89.801,0.261,-0.0,0.0,0.0,0.0,0.0,0.0,0.0,-90.0,-90.0,0.0,-89.901,0.239,-0.0,-90.0,-90.0,0.0,-89.851,0.25,0.0,0.0,0.0,0.0,-11.759291241448249,-2.587044073118764,0.0,0.0,0.0,0.0,-0.04999999999999716,-0.01100000000000001,0.0,0.0068849,-0.034424500000000004,-0.034424500000000004,-0.8399578,-0.0826188,-0.0068849,-0.013801221001048,-0.00164713064711,-0.005600244200174,0.0023282967033450004,-0.0023282967033450004,0.00120726495729,0.10239140588935608,1.7941489995791926,0.15497999993385747,0.06842500033599208,0.0
pd,00:03:12.820,1556,-90.0,-90.0,0.0,-89.801,0.261,-0.0,0.0,0.0,0.0,0.0,0.0,0.0,-90.0,-90.0,0.0,-89.901,0.239,-0.0,-90.0,-90.0,0.0,-89.851,0.25,0.0,0.0,0.0,0.0,-11.967313398766725,-2.6328089477288312,0.0,0.0,0.0,0.0,-0.04999999999999716,-0.01100000000000001,0.0,0.0068849,-0.034424500000000004,-0.034424500000000004,-0.8399578,-0.0826188,-0.0068849,-0.013801221001048,-0.00164713064711,-0.005600244200174,0.0023282967033450004,-0.0023282967033450004,0.00120726495729,0.10239140588935608,1.8605370000841503,0.23655400036659557,0.1112769996325369,0.0
pd,00:03:12.823,1557,-90.0,-90.0,0.0,-89.801,0.261,-0.0,0.0,0.0,0.0,0.0,0.0,0.0,-90.0,-90.0,0.0,-89.901,0.239,-0.0,-90.0,-90.0,0.0,-89.851,0.25,0.0,0.0,0.0,0.0,-10.826804336602379,-2.3818969540526607,0.0,0.0,0.0,0.0,-0.04999999999999716,-0.01100000000000001,0.0,0.0413094,0.034424500000000004,-0.0137698,-0.3924393,-0.0550792,-0.0,-0.014633455433272,-0.002219291819264,-0.005097435897372,0.0036562881563640005,-0.002207570207616,0.001586691086724,0.10239140588935608,3.538093999850389,1.0687119997783157,0.16346099982911255,0.0
pd,00:03:12.828,1558,-90.0,-90.0,0.0,-89.823,0.257,-0.0,0.0,0.0,0.0,-4.3767342408558445,-0.795769861974103,0.0,-90.0,-90.0,0.0,-89.901,0.239,-0.0,-90.0,-90.0,0.0,-89.4243265759144,0.3275769861974103,0.0,0.0,0.0,0.0,39.65653695716589,7.0203798206076655,0.0,0.0,0.0,0.0,0.3986734240855867,0.07057698619741032,0.0,0.0413094,0.034424500000000004,-0.0137698,-0.3924393,-0.0550792,-0.0,-0.014633455433272,-0.002219291819264,-0.005097435897372,0.0036562881563640005,-0.002207570207616,0.001586691086724,0.0800499843847609,2.181070999995427,0.2526829998714675,0.11851799990836298,0.0
pd,00:03:12.830,1559,-90.0,-90.0,0.0,-89.823,0.257,-0.0,0.0,0.0,0.0,0.0,0.0,0.0,-90.0,-90.0,0.0,-89.901,0.239,-0.0,-90.0,-90.0,0.0,-89.862,0.248,0.0,0.0,0.0,0.0,-7.32875698924759,-1.6912516129032273,0.0,0.0,0.0,0.0,-0.03900000000000148,-0.009000000000000008,0.0,0.0413094,0.034424500000000004,-0.0137698,-0.3924393,-0.0550792,-0.0,-0.014633455433272,-0.002219291819264,-0.005097435897372,0.0036562881563640005,-0.002207570207616,0.001586691086724,0.0800499843847609,1.7701490000945341,0.14544299983754172,0.06251700006032479,0.0
pd,00:03:12.832,1560,-90.0,-90.0,0.0,-89.823,0.257,-0.0,0.0,0.0,0.0,0.0,0.0,0.0,-90.0,-90.0,0.0,-89.901,0.239,-0.0,-90.0,-90.0,0.0,-89.862,0.248,0.0,0.0,0.0,0.0,-9.536955223880959,-2.2008358208955245,0.0,0.0,0.0,0.0,-0.03900000000000148,-0.009000000000000008,0.0,0.0413094,0.034424500000000004,-0.0137698,-0.3924393,-0.0550792,-0.0,-0.014633455433272,-0.002219291819264,-0.005097435897372,0.0036562881563640005,-0.002207570207616,0.001586691086724,0.0800499843847609,1.7934259999492497,0.1891460001388623,0.08740699968257104,0.0
pd,00:03:12.836,1561,-90.0,-90.0,-0.0,-89.843,0.255,-0.0,0.0,0.0,-0.0,-5.700718994226498,-0.5700718994223587,0.0,-90.0,-90.0,0.0,-89.901,0.239,-0.0,-90.0,-90.0,0.0,-89.30192810057736,0.30400718994223586,0.0,0.0,0.0,0.0,77.11247135698379,6.984405463930671,0.0,0.0,0.0,0.0,0.5410718994226471,0.04900718994223585,0.0,0.0413094,0.034424500000000004,-0.0137698,-0.3924393,-0.0550792,-0.0,-0.014633455433272,-0.002219291819264,-0.005097435897372,0.0036562881563640005,-0.002207570207616,0.001586691086724,0.060166435825958285,2.06068299985418,0.24603500014563906,0.10553599986451445,0.0
pd,00:03:12.838,1562,-90.0,-90.0,-0.0,-89.843,0.255,-0.0,0.0,0.0,0.0,0.0,0.0,0.0,-90.0,-90.0,0.0,-89.901,0.239,-0.0,-90.0,-90.0,0.0,-89.872,0.247,0.0,0.0,0.0,0.0,-5.749424087728528,-1.5860480242011736,0.0,0.0,0.0,0.0,-0.028999999999996362,-0.008000000000000007,0.0,0.0413094,0.034424500000000004,-0.0137698,-0.3924393,-0.0550792,-0.0,-0.014633455433272,-0.002219291819264,-0.005097435897372,0.0036562881563640005,-0.002207570207616,0.001586691086724,0.060166435825958285,1.7444079999222595,0.23466499987989664,0.10079499998028041,0.0
pd,00:03:12.841,1563,-90.0,-90.0,-0.0,-89.843,0.255,-0.0,0.0,0.0,0.0,0.0,0.0,0.0,-90.0,-90.0,0.0,-89.901,0.239,-0.0,-90.0,-90.0,0.0,-89.872,0.247,0.0,0.0,0.0,0.0,-6.581970562769737,-1.815716017316019,0.0,0.0,0.0,0.0,-0.028999999999996362,-0.008000000000000007,0.0,0.0413094,0.034424500000000004,-0.0137698,-0.3924393,-0.0550792,-0.0,-0.014633455433272,-0.002219291819264,-0.005097435897372,0.0036562881563640005,-0.002207570207616,0.001586691086724,0.060166435825958285,1.8445190003149037,0.2511829998184112,0.1320549999945797,0.0
pd,00:03:12.843,1564,-90.0,-90.0,-0.0,-89.843,0.255,-0.0,0.0,0.0,0.0,0.0,0.0,0.0,-90.0,-90.0,0.0,-89.901,0.239,-0.0,-90.0,-90.0,0.0,-89.872,0.247,0.0,0.0,0.0,0.0,-6.204591715975553,-1.7116115078555412,0.0,0.0,0.0,0.0,-0.028999999999996362,-0.008000000000000007,0.0,-0.0413094,0.0413094,0.0206547,-1.1015840000000001,-0.034424500000000004,-0.0206547,-0.014772161171976,-0.001317704517688,-0.006189743589666,0.0008623321123500001,-0.00224206349211,0.001500457875489,0.060166435825958285,4.658047000248189,0.2672569999049301,0.12581400005728938,0.0
pd,00:03:12.848,1565,-90.0,-90.0,-0.0,-89.843,0.255,-0.0,0.0,0.0,0.0,0.0,0.0,0.0,-90.0,-90.0,0.0,-89.901,0.239,-0.0,-90.0,-90.0,0.0,-89.872,0.247,0.0,0.0,0.0,0.0,-2.803679144384675,-0.7734287294855253,0.0,0.0,0.0,0.0,-0.028999999999996362,-0.008000000000000007,0.0,-0.0413094,0.0413094,0.0206547,-1.1015840000000001,-0.034424500000000004,-0.0206547,-0.014772161171976,-0.001317704517688,-0.006189743589666,0.0008623321123500001,-0.00224206349211,0.001500457875489,0.060166435825958285,1.8553329996393586,0.2175899999201647,0.07211000001916545,0.0
pd,00:03:12.850,1566,-90.0,-90.0,-0.0,-89.843,0.255,-0.0,0.0,0.0,0.0,0.0,0.0,0.0,-90.0,-90.0,0.0,-89.901,0.239,-0.0,-90.0,-90.0,0.0,-89.872,0.247,0.0,0.0,0.0,0.0,-6.531780474706516,-1.8018704757813355,0.0,0.0,0.0,0.0,-0.028999999999996362,-0.008000000000000007,0.0,-0.0413094,0.0413094,0.0206547,-1.1015840000000001,-0.034424500000000004,-0.0206547,-0.014772161171976,-0.001317704517688,-0.006189743589666,0.0008623321123500001,-0.00224206349211,0.001500457875489,0.060166435825958285,1.6951130000961712,0.13877699984732317,0.058463000186748104,0.0
pd,00:03:12.852,1567,-90.0,-90.0,-0.0,-89.843,0.255,-0.0,0.0,0.0,0.0,0.0,0.0,0.0,-90.0,-90.0,0.0,-89.901,0.239,-0.0,-90.0,-90.0,0.0,-89.872,0.247,0.0,0.0,0.0,0.0,-7.403214607424513,-2.0422660986001238,0.0,0.0,0.0,0.0,-0.028999999999996362,-0.008000000000000007,0.0,-0.0413094,0.0413094,0.0206547,-1.1015840000000001,-0.034424500000000004,-0.0206547,-0.014772161171976,-0.001317704517688,-0.006189743589666,0.0008623321123500001,-0.00224206349211,0.001500457875489,0.060166435825958285,1.8283149997841974,0.19057300005442812,0.08710999964023358,0.0
pd,00:03:12.855,1568,-90.0,-90.0,0.0,-89.851,0.254,-0.0,0.0,0.0,0.0,-3.650792296810075,-0.45634903710151276,0.0,-90.0,-90.0,0.0,-89.901,0.239,-0.0,-90.0,-90.0,0.0,-89.51092077031899,0.2921349037101513,0.0,0.0,0.0,0.0,77.59741450157625,8.701413294043212,0.0,0.0,0.0,0.0,0.34007922968100956,0.03813490371015127,0.0,-0.0413094,0.0413094,0.0206547,-1.1015840000000001,-0.034424500000000004,-0.0206547,-0.014772161171976,-0.001317704517688,-0.006189743589666,0.0008623321123500001,-0.00224206349211,0.001500457875489,0.05220153254455003,1.7446859997107822,0.17483200008427957,0.08072200034803245,0.0
pd,00:03:12.857,1569,-90.0,-90.0,0.0,-89.851,0.254,-0.0,0.0,0.0,0.0,0.0,0.0,0.0,-90.0,-90.0,0.0,-89.901,0.239,-0.0,-90.0,-90.0,0.0,-89.876,0.2465,0.0,0.0,0.0,0.0,-5.928177295341137,-1.778453188602444,0.0,0.0,0.0,0.0,-0.025000000000005684,-0.007500000000000007,0.0,-0.0413094,0.0413094,0.0206547,-1.1015840000000001,-0.034424500000000004,-0.0206547,-0.014772161171976,-0.001317704517688,-0.006189743589666,0.0008623321123500001,-0.00224206349211,0.001500457875489,0.05220153254455003,1.7329089996565017,0.18568399991636397,0.09890599994832883,0.0
pd,00:03:12.859,1570,-90.0,-90.0,0.0,-89.851,0.254,-0.0,0.0,0.0,0.0,0.0,0.0,0.0,-90.0,-90.0,0.0,-89.901,0.239,-0.0,-90.0,-90.0,0.0,-89.876,0.2465,0.0,0.0,0.0,0.0,-5.939594426192027,-1.7818783278577108,0.0,0.0,0.0,0.0,-0.025000000000005684,-0.007500000000000007,0.0,-0.0413094,0.0413094,0.0206547,-1.1015840000000001,-0.034424500000000004,-0.0206547,-0.014772161171976,-0.001317704517688,-0.006189743589666,0.0008623321123500001,-0.00224206349211,0.001500457875489,0.05220153254455003,2.1853299999747833,0.2537379996283562,0.1274249998459709,0.0
pd,00:03:12.863,1571,-90.0,-90.0,0.0,-89.851,0.254,-0.0,0.0,0.0,0.0,0.0,0.0,0.0,-90.0,-90.0,0.0,-89.901,0.239,-0.0,-90.0,-90.0,0.0,-89.876,0.2465,0.0,0.0,0.0,0.0,-3.304683265048662,-0.9914049795146558,0.0,0.0,0.0,0.0,-0.025000000000005684,-0.007500000000000007,0.0,-0.034424500000000004,-0.0068849,-0.0137698,-0.5921014,-0.0757339,0.0137698,-0.014997557997369999,-0.00225396825394,-0.006189743589666,0.002138583638628,-0.002380036630086,0.0018971306471700002,0.05220153254455003,3.9642020001338096,0.6659939999735798,0.28814600000259816,0.0
pd,00:03:12.868,1572,-90.0,-90.0,0.0,-89.851,0.254,-0.0,0.0,0.0,0.0,0.0,0.0,0.0,-90.0,-90.0,0.0,-89.901,0.239,-0.0,-90.0,-90.0,0.0,-89.876,0.2465,0.0,0.0,0.0,0.0,-2.432778061342723,-0.729833418402859,0.0,0.0,0.0,0.0,-0.025000000000005684,-0.007500000000000007,0.0,-0.034424500000000004,-0.0068849,-0.0137698,-0.5921014,-0.0757339,0.0137698,-0.014997557997369999,-0.00225396825394,-0.006189743589666,0.002138583638628,-0.002380036630086,0.0018971306471700002,0.05220153254455003,1.909369999793853,0.30032999984541675,0.11696199999278178,0.0
pd,00:03:12.870,1573,-90.0,-90.0,0.0,-89.851,0.254,-0.0,0.0,0.0,0.0,0.0,0.0,0.0,-90.0,-90.0,0.0,-89.901,0.239,-0.0,-90.0,-90.0,0.0,-89.876,0.2465,0.0,0.0,0.0,0.0,-5.136553345742826,-1.5409660037229367,0.0,0.0,0.0,0.0,-0.025000000000005684,-0.007500000000000007,0.0,-0.034424500000000004,-0.0068849,-0.0137698,-0.5921014,-0.0757339,0.0137698,-0.014997557997369999,-0.00225396825394,-0.006189743589666,0.002138583638628,-0.002380036630086,0.0018971306471700002,0.05220153254455003,1.7462040000282286,0.1477389996580314,0.06272100017667981,0.0
pd,00:03:12.872,1574,-90.0,-90.0,0.0,-89.851,0.254,-0.0,0.0,0.0,0.0,0.0,0.0,0.0,-90.0,-90.0,0.0,-89.901,0.239,-0.0,-90.0,-90.0,0.0,-89.876,0.2465,0.0,0.0,0.0,0.0,-6.178270091915746,-1.8534810275748308,0.0,0.0,0.0,0.0,-0.025000000000005684,-0.007500000000000007,0.0,-0.034424500000000004,-0.0068849,-0.0137698,-0.5921014,-0.0757339,0.0137698,-0.014997557997369999,-0.00225396825394,-0.006189743589666,0.002138583638628,-0.002380036630086,0.0018971306471700002,0.05220153254455003,1.7466130002503633,0.1878130001387035,0.10490600016055396,0.0
pd,00:03:12.874,1575,-90.0,-90.0,0.0,-89.868,0.252,-0.0,0.0,0.0,0.0,-7.996318044183339,-0.9407432993159143,0.0,-90.0,-90.0,0.0,-89.901,0.239,-0.0,-90.0,-90.0,0.0,-89.08486819558166,0.3395743299315914,0.0,0.0,0.0,0.0,184.18149937193186,20.596241018806417,0.0,0.0,0.0,0.0,0.783131804418332,0.08757432993159142,0.0,-0.034424500000000004,-0.0068849,-0.0137698,-0.5921014,-0.0757339,0.0137698,-0.014997557997369999,-0.00225396825394,-0.006189743589666,0.002138583638628,-0.002380036630086,0.0018971306471700002,0.03546829570193757,1.7497419999017438,0.15779400018800516,0.06018499971105484,0.0
pd,00:03:12.876,1576,-90.0,-90.0,0.0,-89.868,0.252,-0.0,0.0,0.0,0.0,0.0,0.0,0.0,-90.0,-90.0,0.0,-89.901,0.239,-0.0,-90.0,-90.0,0.0,-89.8845,0.2455,0.0,0.0,0.0,0.0,-4.055198406187896,-1.5975024024375966,0.0,0.0,0.0,0.0,-0.01650000000000773,-0.006500000000000006,0.0,-0.034424500000000004,-0.0068849,-0.0137698,-0.5921014,-0.0757339,0.0137698,-0.014997557997369999,-0.00225396825394,-0.006189743589666,0.002138583638628,-0.002380036630086,0.0018971306471700002,0.03546829570193757,1.735964000090462,0.15259100018738536,0.07129499999791733,0.0
pd,00:03:12.878,1577,-90.0,-90.0,0.0,-89.868,0.252,-0.0,0.0,0.0,0.0,0.0,0.0,0.0,-90.0,-90.0,0.0,-89.901,0.239,-0.0,-90.0,-90.0,0.0,-89.8845,0.2455,0.0,0.0,0.0,0.0,-4.069505821474928,-1.603138656944609,0.0,0.0,0.0,0.0,-0.01650000000000773,-0.006500000000000006,0.0,-0.034424500000000004,-0.0068849,-0.0137698,-0.5921014,-0.0757339,0.0137698,-0.014997557997369999,-0.00225396825394,-0.006189743589666,0.002138583638628,-0.002380036630086,0.0018971306471700002,0.03546829570193757,1.6871120001269446,0.13294300015331828,0.056554999900981784,0.0
pd,00:03:12.880,1578,-90.0,-90.0,0.0,-89.868,0.252,-0.0,0.0,0.0,0.0,0.0,0.0,0.0,-90.0,-90.0,0.0,-89.901,0.239,-0.0,-90.0,-90.0,0.0,-89.8845,0.2455,0.0,0.0,0.0,0.0,-4.2567361299054385,-1.6768960511748077,0.0,0.0,0.0,0.0,-0.01650000000000773,-0.006500000000000006,0.0,-0.034424500000000004,-0.0068849,-0.0137698,-0.5921014,-0.0757339,0.0137698,-0.014997557997369999,-0.00225396825394,-0.006189743589666,0.002138583638628,-0.002380036630086,0.0018971306471700002,0.03546829570193757,1.70196399994893,0.1404249996994622,0.06029600035617477,0.0
pd,00:03:12.882,1579,-90.0,-90.0,0.0,-89.868,0.252,-0.0,0.0,0.0,0.0,0.0,0.0,0.0,-90.0,-90.0,0.0,-89.901,0.239,-0.0,-90.0,-90.0,0.0,-89.8845,0.2455,0.0,0.0,0.0,0.0,-4.194304000000159,-1.6523015757575772,0.0,0.0,0.0,0.0,-0.01650000000000773,-0.006500000000000006,0.0,-0.034424500000000004,-0.0137698,-0.0,-0.2340866,-0.0206547,-0.0137698,-0.014997557997369999,-0.001595115995096,-0.005236141636076,0.0026732295482850004,-0.0027422161172730003,0.0019661172161580002,0.03546829570193757,3.143913999792858,0.6792519998271018,0.11835000032078824,0.0
pd,00:03:12.886,1580,-90.0,-90.0,0.0,-89.868,0.252,-0.0,0.0,0.0,0.0,0.0,0.0,0.0,-90.0,-90.0,0.0,-89.901,0.239,-0.0,-90.0,-90.0,0.0,-89.8845,0.2455,0.0,0.0,0.0,0.0,-1.9804835164835914,-0.7801904761904769,0.0,0.0,0.0,0.0,-0.01650000000000773,-0.006500000000000006,0.0,0.0,-0.0137698,-0.0,-0.2340866,-0.0206547,-0.0137698,-0.014945543345356,-0.001595115995096,-0.005236141636076,0.0026732295482850004,-0.0027422161172730003,0.0019661172161580002,0.03546829570193757,2.722713999901316,0.22127500005808542,0.07999900026334217,0.0
pd,00:03:12.891,1581,-90.0,-90.0,0.0,-89.868,0.252,-0.0,0.0,0.0,0.0,0.0,0.0,0.0,-90.0,-90.0,0.0,-89.901,0.239,-0.0,-90.0,-90.0,0.0,-89.8845,0.2455,0.0,0.0,0.0,0.0,-1.9807102461363086,-0.7802797939324563,0.0,0.0,0.0,0.0,-0.01650000000000773,-0.006500000000000006,0.0,0.0,-0.0137698,-0.0,-0.2340866,-0.0206547,-0.0137698,-0.014945543345356,-0.001595115995096,-0.005236141636076,0.0026732295482850004,-0.0027422161172730003,0.0019661172161580002,0.03546829570193757,1.9362579996595741,0.30181200008883025,0.0953879998633056,0.0
pd,00:03:12.893,1582,-90.0,-90.0,0.0,-89.868,0.252,-0.0,0.0,0.0,0.0,0.0,0.0,0.0,-90.0,-90.0,0.0,-89.901,0.239,-0.0,-90.0,-90.0,0.0,-89.8845,0.2455,0.0,0.0,0.0,0.0,-3.378540128881206,-1.330940050771335,0.0,0.0,0.0,0.0,-0.01650000000000773,-0.006500000000000006,0.0,0.0,-0.0137698,-0.0,-0.2340866,-0.0206547,-0.0137698,-0.014945543345356,-0.001595115995096,-0.005236141636076,0.0026732295482850004,-0.0027422161172730003,0.0019661172161580002,0.03546829570193757,1.7632229996706883,0.23903500004962552,0.12186899994048872,0.0
pd,00:03:12.895,1583,-90.0,-90.0,0.0,-89.883,0.252,-0.0,0.0,0.0,0.0,-6.711602304246041,0.0,0.0,-90.0,-90.0,0.0,-89.901,0.239,-0.0,-90.0,-90.0,0.0,-89.22083976957539,0.2455,0.0,0.0,0.0,0.0,148.13853760992305,-1.454180499253255,0.0,0.0,0.0,0.0,0.6621602304246039,-0.006500000000000006,0.0,0.0,-0.0137698,-0.0,-0.2340866,-0.0206547,-0.0137698,-0.014945543345356,-0.001595115995096,-0.005236141636076,0.0026732295482850004,-0.0027422161172730003,0.0019661172161580002,0.022203603311175078,1.9535360002009838,0.24538700017728843,0.11905399969691643,0.0
pd,00:03:12.898,1584,-90.0,-90.0,0.0,-89.883,0.252,-0.0,0.0,0.0,0.0,0.0,0.0,0.0,-90.0,-90.0,0.0,-89.901,0.239,-0.0,-90.0,-90.0,0.0,-89.892,0.2455,0.0,0.0,0.0,0.0,-1.8527896338471301,-1.3381258466673223,0.0,0.0,0.0,0.0,-0.009000000000000341,-0.006500000000000006,0.0,0.0,-0.0137698,-0.0,-0.2340866,-0.0206547,-0.0137698,-0.014945543345356,-0.001595115995096,-0.005236141636076,0.0026732295482850004,-0.0027422161172730003,0.0019661172161580002,0.022203603311175078,1.8035749999398831,0.22712700001648045,0.10836899991772952,0.0
pd,00:03:12.900,1585,-90.0,-90.0,0.0,-89.883,0.252,-0.0,0.0,0.0,0.0,0.0,0.0,0.0,-90.0,-90.0,0.0,-89.901,0.239,-0.0,-90.0,-90.0,0.0,-89.892,0.2455,0.0,0.0,0.0,0.0,-2.0139103713188984,-1.4544908237302616,0.0,0.0,0.0,0.0,-0.009000000000000341,-0.006500000000000006,0.0,0.0,-0.0137698,-0.0,-0.2340866,-0.0206547,-0.0137698,-0.014945543345356,-0.001595115995096,-0.005236141636076,0.0026732295482850004,-0.0027422161172730003,0.0019661172161580002,0.022203603311175078,1.7464640000071086,0.15801700010342756,0.0672219998705259,0.0
pd,00:03:12.902,1586,-90.0,-90.0,0.0,-89.883,0.252,-0.0,0.0,0.0,0.0,0.0,0.0,0.0,-90.0,-90.0,0.0,-89.901,0.239,-0.0,-90.0,-90.0,0.0,-89.892,0.2455,0.0,0.0,0.0,0.0,-2.182007861271759,-1.5758945664739898,0.0,0.0,0.0,0.0,-0.009000000000000341,-0.006500000000000006,0.0,0.0,-0.0137698,-0.0,-0.2340866,0.0137698,-0.0137698,-0.014945543345356,-0.001595115995096,-0.005236141636076,0.0036045482296230003,-0.0029836691087310003,0.001569444444477,0.022203603311175078,3.0374510001820454,0.5821789995934523,0.29446000007737894,0.0
pd,00:03:12.906,1587,-90.0,-90.0,0.0,-89.883,0.252,-0.0,0.0,0.0,0.0,0.0,0.0,0.0,-90.0,-90.0,0.0,-89.901,0.239,-0.0,-90.0,-90.0,0.0,-89.892,0.2455,0.0,0.0,0.0,0.0,-1.1155723151486918,-0.8056911164962476,0.0,0.0,0.0,0.0,-0.009000000000000341,-0.006500000000000006,0.0,-0.06884900000000001,0.0068849,-0.0,-0.3098205,0.0137698,-0.0137698,-0.014893528693342,-0.002531379731348,-0.005600244200174,0.0036045482296230003,-0.0029836691087310003,0.001569444444477,0.022203603311175078,2.669269000307395,0.23755300026095938,0.07935200028441614,0.0
pd,00:03:12.909,1588,-90.0,-90.0,0.0,-89.883,0.252,-0.0,0.0,0.0,0.0,0.0,0.0,0.0,-90.0,-90.0,0.0,-89.901,0.239,-0.0,-90.0,-90.0,0.0,-89.892,0.2455,0.0,0.0,0.0,0.0,-1.4676802488336482,-1.0599912908242621,0.0,0.0,0.0,0.0,-0.009000000000000341,-0.006500000000000006,0.0,-0.06884900000000001,0.0068849,-0.0,-0.3098205,0.0137698,-0.0137698,-0.014893528693342,-0.002531379731348,-0.005600244200174,0.0036045482296230003,-0.0029836691087310003,0.001569444444477,0.022203603311175078,3.4971689997291833,0.2974229996652866,0.11440600019341218,0.0
pd,00:03:12.913,1589,-90.0,-90.0,0.0,-89.883,0.252,-0.0,0.0,0.0,0.0,0.0,0.0,0.0,-90.0,-90.0,0.0,-89.901,0.239,-0.0,-90.0,-90.0,0.0,-89.892,0.2455,0.0,0.0,0.0,0.0,-1.1224720785013806,-0.8106742789176338,0.0,0.0,0.0,0.0,-0.009000000000000341,-0.006500000000000006,0.0,-0.06884900000000001,0.0068849,-0.0,-0.3098205,0.0137698,-0.0137698,-0.014893528693342,-0.002531379731348,-0.005600244200174,0.0036045482296230003,-0.0029836691087310003,0.001569444444477,0.022203603311175078,1.742094000292127,0.17777600032786722,0.07879599979787599,0.0
pd,00:03:12.915,1590,-90.0,-90.0,-0.0,-89.888,0.251,-0.0,0.0,0.0,-0.0,-2.4052666590251786,-0.4810533318041064,0.0,-90.0,-90.0,0.0,-89.901,0.239,-0.0,-90.0,-90.0,0.0,-89.65397333409749,0.29310533318041065,0.0,0.0,0.0,0.0,56.28965368170737,10.127455406579257,0.0,0.0,0.0,0.0,0.23402666590251897,0.04210533318041065,0.0,-0.06884900000000001,0.0068849,-0.0,-0.3098205,0.0137698,-0.0137698,-0.014893528693342,-0.002531379731348,-0.005600244200174,0.0036045482296230003,-0.0029836691087310003,0.001569444444477,0.01769180601294754,1.8814810000549187,0.19796100013991236,0.08835100015858188,0.0
pd,00:03:12.918,1591,-90.0,-90.0,-0.0,-89.888,0.251,-0.0,0.0,0.0,0.0,0.0,0.0,0.0,-90.0,-90.0,0.0,-89.901,0.239,-0.0,-90.0,-90.0,0.0,-89.8945,0.245,0.0,0.0,0.0,0.0,-0.9928973705288501,-0.9165206497195725,0.0,0.0,0.0,0.0,-0.006499999999988404,-0.006000000000000005,0.0,-0.06884900000000001,0.0068849,-0.0,-0.3098205,0.0137698,-0.0137698,-0.014893528693342,-0.002531379731348,-0.005600244200174,0.0036045482296230003,-0.0029836691087310003,0.001569444444477,0.01769180601294754,1.936295000177779,0.2710899998419336,0.09246199988410808,0.0
pd,00:03:12.921,1592,-90.0,-90.0,-0.0,-89.888,0.251,-0.0,0.0,0.0,0.0,0.0,0.0,0.0,-90.0,-90.0,0.0,-89.901,0.239,-0.0,-90.0,-90.0,0.0,-89.8945,0.245,0.0,0.0,0.0,0.0,-1.3516596926118574,-1.247685870104116,0.0,0.0,0.0,0.0,-0.006499999999988404,-0.006000000000000005,0.0,-0.06884900000000001,0.0068849,-0.0,-0.3098205,0.0137698,-0.0137698,-0.014893528693342,-0.002531379731348,-0.005600244200174,0.0036045482296230003,-0.0029836691087310003,0.001569444444477,0.01769180601294754,1.8028339995908027,0.2685350000319886,0.1385540003866481,0.0
pd,00:03:12.923,1593,-90.0,-90.0,-0.0,-89.888,0.251,-0.0,0.0,0.0,0.0,0.0,0.0,0.0,-90.0,-90.0,0.0,-89.901,0.239,-0.0,-90.0,-90.0,0.0,-89.8945,0.245,0.0,0.0,0.0,0.0,-1.3942403600276754,-1.2869911015648983,0.0,0.0,0.0,0.0,-0.006499999999988404,-0.006000000000000005,0.0,-0.0206547,0.0,-0.0137698,-0.2409715,0.0137698,-0.06884900000000001,-0.01543101343082,-0.001595115995096,-0.005305494505428,0.0017936507936880002,-0.0022938034188510004,0.0019488705739110002,0.01769180601294754,4.359177999958774,0.24449800002912525,0.11720200018316973,0.0
pd,00:03:12.928,1594,-90.0,-90.0,-0.0,-89.888,0.251,-0.0,0.0,0.0,0.0,0.0,0.0,0.0,-90.0,-90.0,0.0,-89.901,0.239,-0.0,-90.0,-90.0,0.0,-89.8945,0.245,0.0,0.0,0.0,0.0,-0.6736589078324973,-0.6218389918458123,0.0,0.0,0.0,0.0,-0.006499999999988404,-0.006000000000000005,0.0,-0.0206547,0.0,-0.0137698,-0.2409715,0.0137698,-0.06884900000000001,-0.01543101343082,-0.001595115995096,-0.005305494505428,0.0017936507936880002,-0.0022938034188510004,0.0019488705739110002,0.01769180601294754,1.8169449999732024,0.16133200006152038,0.06770299978597905,0.0
pd,00:03:12.930,1595,-90.0,-90.0,-0.0,-89.888,0.251,-0.0,0.0,0.0,0.0,0.0,0.0,0.0,-90.0,-90.0,0.0,-89.901,0.239,-0.0,-90.0,-90.0,0.0,-89.8945,0.245,0.0,0.0,0.0,0.0,-1.5338683470226828,-1.4158784741757635,0.0,0.0,0.0,0.0,-0.006499999999988404,-0.006000000000000005,0.0,-0.0206547,0.0,-0.0137698,-0.2409715,0.0137698,-0.06884900000000001,-0.01543101343082,-0.001595115995096,-0.005305494505428,0.0017936507936880002,-0.0022938034188510004,0.0019488705739110002,0.01769180601294754,1.6982429997369763,0.1417569997101964,0.06044300016583293,0.0
pd,00:03:12.932,1596,-90.0,-90.0,-0.0,-89.888,0.251,-0.0,0.0,0.0,0.0,0.0,0.0,0.0,-90.0,-90.0,0.0,-89.901,0.239,-0.0,-90.0,-90.0,0.0,-89.8945,0.245,0.0,0.0,0.0,0.0,-1.6537047191545047,-1.5264966638359834,0.0,0.0,0.0,0.0,-0.006499999999988404,-0.006000000000000005,0.0,-0.0206547,0.0,-0.0137698,-0.2409715,0.0137698,-0.06884900000000001,-0.01543101343082,-0.001595115995096,-0.005305494505428,0.0017936507936880002,-0.0022938034188510004,0.0019488705739110002,0.01769180601294754,1.7446129995732917,0.15588699989166344,0.06875899998703972,0.0
pd,00:03:12.934,1597,-90.0,-90.0,-0.0,-89.888,0.251,-0.0,0.0,0.0,0.0,0.0,0.0,0.0,-90.0,-90.0,0.0,-89.901,0.239,-0.0,-90.0,-90.0,0.0,-89.8945,0.245,0.0,0.0,0.0,0.0,-1.594885690884589,-1.4722021762021775,0.0,0.0,0.0,0.0,-0.006499999999988404,-0.006000000000000005,0.0,-0.0206547,0.0,-0.0137698,-0.2409715,0.0137698,-0.06884900000000001,-0.01543101343082,-0.001595115995096,-0.005305494505428,0.0017936507936880002,-0.0022938034188510004,0.0019488705739110002,0.01769180601294754,1.7081679998227628,0.15588799988108804,0.0694810000823054,0.0
pd,00:03:12.936,1598,-90.0,-90.0,-0.0,-89.893,0.251,-0.0,0.0,0.0,0.0,-2.4980964860013017,0.0,0.0,-90.0,-90.0,0.0,-89.901,0.239,-0.0,-90.0,-90.0,0.0,-89.64719035139987,0.245,0.0,0.0,0.0,0.0,61.4056219393764,-1.4988578916021456,0.0,0.0,0.0,0.0,0.24580964860012955,-0.006000000000000005,0.0,-0.0206547,0.0,-0.0137698,-0.2409715,0.0137698,-0.06884900000000001,-0.01543101343082,-0.001595115995096,-0.005305494505428,0.0017936507936880002,-0.0022938034188510004,0.0019488705739110002,0.014422205101853507,1.9815919999928155,0.24731299981795019,0.08835100015858188,0.0
pd,00:03:12.939,1599,-90.0,-90.0,-0.0,-89.893,0.251,-0.0,0.0,0.0,0.0,0.0,0.0,0.0,-90.0,-90.0,0.0,-89.901,0.239,-0.0,-90.0,-90.0,0.0,-89.89699999999999,0.245,0.0,0.0,0.0,0.0,-0.8324509278550511,-1.24867639178327,0.0,0.0,0.0,0.0,-0.003999999999990678,-0.006000000000000005,0.0,-0.0206547,0.0,-0.0137698,-0.2409715,0.0137698,-0.06884900000000001,-0.01543101343082,-0.001595115995096,-0.005305494505428,0.0017936507936880002,-0.0022938034188510004,0.0019488705739110002,0.014422205101853507,1.721407999866642,0.17042399986166856,0.08888799993655994,0.0
pd,00:03:12.941,1600,-90.0,-90.0,-0.0,-89.893,0.251,-0.0,0.0,0.0,0.0,0.0,0.0,0.0,-90.0,-90.0,0.0,-89.901,0.239,-0.0,-90.0,-90.0,0.0,-89.89699999999999,0.245,0.0,0.0,0.0,0.0,-0.9682142197593895,-1.4523213296398905,0.0,0.0,0.0,0.0,-0.003999999999990678,-0.006000000000000005,0.0,-0.0206547,0.0,-0.0137698,-0.2409715,0.0137698,-0.06884900000000001,-0.01543101343082,-0.001595115995096,-0.005305494505428,0.0017936507936880002,-0.0022938034188510004,0.0019488705739110002,0.014422205101853507,2.0225539997227315,0.24201599990192335,0.11472099959064508,0.0
pd,00:03:12.946,1601,-90.0,-90.0,-0.0,-89.893,0.251,-0.0,0.0,0.0,0.0,0.0,0.0,0.0,-90.0,-90.0,0.0,-89.901,0.239,-0.0,-90.0,-90.0,0.0,-89.89699999999999,0.245,0.0,0.0,0.0,0.0,-0.3988118284679733,-0.5982177427022921,0.0,0.0,0.0,0.0,-0.003999999999990678,-0.006000000000000005,0.0,0.0,0.0068849,-0.0,-0.13081310000000002,-0.0413094,0.0137698,-0.014113308913132,-0.0019245421245179999,-0.004698656898598,0.0038977411478220004,-0.002449023199074,0.00120726495729,0.014422205101853507,3.040562000023783,0.27375600029699854,0.12942500006829505,0.0
pd,00:03:12.949,1602,-90.0,-90.0,-0.0,-89.893,0.251,-0.0,0.0,0.0,0.0,0.0,0.0,0.0,-90.0,-90.0,0.0,-89.901,0.239,-0.0,-90.0,-90.0,0.0,-89.89699999999999,0.245,0.0,0.0,0.0,0.0,-0.5599124282469197,-0.8398686423708458,0.0,0.0,0.0,0.0,-0.003999999999990678,-0.006000000000000005,0.0,0.0,0.0068849,-0.0,-0.13081310000000002,-0.0413094,0.0137698,-0.014113308913132,-0.0019245421245179999,-0.004698656898598,0.0038977411478220004,-0.002449023199074,0.00120726495729,0.014422205101853507,1.7992230000345444,0.22988599994278047,0.10186899999098387,0.0
pd,00:03:12.951,1603,-90.0,-90.0,-0.0,-89.893,0.251,-0.0,0.0,0.0,0.0,0.0,0.0,0.0,-90.0,-90.0,0.0,-89.901,0.239,-0.0,-90.0,-90.0,0.0,-89.89699999999999,0.245,0.0,0.0,0.0,0.0,-0.8985227077972741,-1.3477840616966592,0.0,0.0,0.0,0.0,-0.003999999999990678,-0.006000000000000005,0.0,0.0,0.0068849,-0.0,-0.13081310000000002,-0.0413094,0.0137698,-0.014113308913132,-0.0019245421245179999,-0.004698656898598,0.0038977411478220004,-0.002449023199074,0.00120726495729,0.014422205101853507,1.83159300013358,0.17535000006319024,0.08755499993640115,0.0
pd,00:03:12.954,1604,-90.0,-90.0,-0.0,-89.893,0.251,-0.0,0.0,0.0,0.0,0.0,0.0,0.0,-90.0,-90.0,0.0,-89.901,0.239,-0.0,-90.0,-90.0,0.0,-89.89699999999999,0.245,0.0,0.0,0.0,0.0,-0.9191987727367248,-1.3787981591058527,0.0,0.0,0.0,0.0,-0.003999999999990678,-0.006000000000000005,0.0,0.0,0.0068849,-0.0,-0.13081310000000002,-0.0413094,0.0137698,-0.014113308913132,-0.0019245421245179999,-0.004698656898598,0.0038977411478220004,-0.002449023199074,0.00120726495729,0.014422205101853507,1.7542049999974552,0.18631299963089987,0.08151800011546584,0.0
pd,00:03:12.956,1605,-90.0,-90.0,-0.0,-89.897,0.251,-0.0,0.0,0.0,0.0,-1.9006702163838796,0.0,0.0,-90.0,-90.0,0.0,-89.901,0.239,-0.0,-90.0,-90.0,0.0,-89.70893297836162,0.245,0.0,0.0,0.0,0.0,44.681673338959826,-1.4255026622861686,0.0,0.0,0.0,0.0,0.18806702163838906,-0.006000000000000005,0.0,0.0,0.0068849,-0.0,-0.13081310000000002,-0.0413094,0.0137698,-0.014113308913132,-0.0019245421245179999,-0.004698656898598,0.0038977411478220004,-0.002449023199074,0.00120726495729,0.012649110640670579,1.7782969998734188,0.21009100009905524,0.14109099993220298,0.0
pd,00:03:12.958,1606,-90.0,-90.0,-0.0,-89.897,0.251,-0.0,0.0,0.0,0.0,0.0,0.0,0.0,-90.0,-90.0,0.0,-89.901,0.239,-0.0,-90.0,-90.0,0.0,-89.899,0.245,0.0,0.0,0.0,0.0,-0.4489728109602039,-1.346918432883752,0.0,0.0,0.0,0.0,-0.001999999999995339,-0.006000000000000005,0.0,0.0,0.0068849,-0.0,-0.13081310000000002,-0.0413094,0.0137698,-0.014113308913132,-0.0019245421245179999,-0.004698656898598,0.0038977411478220004,-0.002449023199074,0.00120726495729,0.012649110640670579,1.8371850001130952,0.29307200020411983,0.1291100002163148,0.0
pd,00:03:12.960,1607,-90.0,-90.0,-0.0,-89.897,0.251,-0.0,0.0,0.0,0.0,0.0,0.0,0.0,-90.0,-90.0,0.0,-89.901,0.239,-0.0,-90.0,-90.0,0.0,-89.899,0.245,0.0,0.0,0.0,0.0,-0.41788422835411226,-1.2536526850652596,0.0,0.0,0.0,0.0,-0.001999999999995339,-0.006000000000000005,0.0,0.0,0.0068849,-0.0,-0.13081310000000002,-0.0413094,0.0137698,-0.014113308913132,-0.0019245421245179999,-0.004698656898598,0.0038977411478220004,-0.002449023199074,0.00120726495729,0.012649110640670579,2.1488490001502214,0.27542299994820496,0.11470199979157769,0.0
pd,00:03:12.963,1608,-90.0,-90.0,-0.0,-89.897,0.251,-0.0,0.0,0.0,0.0,0.0,0.0,0.0,-90.0,-90.0,0.0,-89.901,0.239,-0.0,-90.0,-90.0,0.0,-89.899,0.245,0.0,0.0,0.0,0.0,-0.3796093764132704,-1.1388281292424665,0.0,0.0,0.0,0.0,-0.001999999999995339,-0.006000000000000005,0.0,-0.0137698,-0.0137698,0.0206547,-0.0826188,0.0137698,0.0137698,-0.013749206349034,-0.0019418803418559999,-0.005600244200174,0.0026042429792970004,-0.002897435897496,0.002035103785146,0.012649110640670579,3.29537400011759,0.22801699969932088,0.10479499997018138,0.0
pd,00:03:12.967,1609,-90.0,-90.0,-0.0,-89.897,0.251,-0.0,0.0,0.0,0.0,0.0,0.0,0.0,-90.0,-90.0,0.0,-89.901,0.239,-0.0,-90.0,-90.0,0.0,-89.899,0.245,0.0,0.0,0.0,0.0,-0.26838392628552754,-0.8051517788584599,0.0,0.0,0.0,0.0,-0.001999999999995339,-0.006000000000000005,0.0,-0.0137698,-0.0137698,0.0206547,-0.0826188,0.0137698,0.0137698,-0.013749206349034,-0.0019418803418559999,-0.005600244200174,0.0026042429792970004,-0.002897435897496,0.002035103785146,0.012649110640670579,3.0453029999080172,0.23529400004917989,0.12264699989827932,0.0
pd,00:03:12.970,1610,-90.0,-90.0,-0.0,-89.897,0.251,-0.0,0.0,0.0,0.0,0.0,0.0,0.0,-90.0,-90.0,0.0,-89.901,0.239,-0.0,-90.0,-90.0,0.0,-89.899,0.245,0.0,0.0,0.0,0.0,-0.28505532146188833,-0.8551659643876588,0.0,0.0,0.0,0.0,-0.001999999999995339,-0.006000000000000005,0.0,-0.0137698,-0.0137698,0.0206547,-0.0826188,0.0137698,0.0137698,-0.013749206349034,-0.0019418803418559999,-0.005600244200174,0.0026042429792970004,-0.002897435897496,0.002035103785146,0.012649110640670579,1.821000000290951,0.2245529999527207,0.10372199994890252,0.0
pd,00:03:12.974,1611,-90.0,-90.0,-0.0,-89.897,0.251,-0.0,0.0,0.0,0.0,0.0,0.0,0.0,-90.0,-90.0,0.0,-89.901,0.239,-0.0,-90.0,-90.0,0.0,-89.899,0.245,0.0,0.0,0.0,0.0,-0.29579012693866186,-0.8873703808180544,0.0,0.0,0.0,0.0,-0.001999999999995339,-0.006000000000000005,0.0,-0.0137698,-0.0137698,0.0206547,-0.0826188,0.0137698,0.0137698,-0.013749206349034,-0.0019418803418559999,-0.005600244200174,0.0026042429792970004,-0.002897435897496,0.002035103785146,0.012649110640670579,1.9518320000315725,0.23831299995435984,0.1017399999909685,0.0
pd,00:03:12.976,1612,-90.0,-90.0,-0.0,-89.899,0.25,-0.0,0.0,0.0,0.0,-0.833443417782459,-0.41672170889220106,0.0,-90.0,-90.0,0.0,-89.901,0.239,-0.0,-90.0,-90.0,0.0,-89.81665565822175,0.2861721708892201,0.0,0.0,0.0,0.0,17.15733741171752,7.536864433648258,0.0,0.0,0.0,0.0,0.08234434177825278,0.03617217088922009,0.0,-0.0137698,-0.0137698,0.0206547,-0.0826188,0.0137698,0.0137698,-0.013749206349034,-0.0019418803418559999,-0.005600244200174,0.0026042429792970004,-0.002897435897496,0.002035103785146,0.011180339887498125,1.8914990000666876,0.29601599999296013,0.1411469997947279,0.0
pd,00:03:12.978,1613,-90.0,-90.0,-0.0,-89.899,0.25,-0.0,0.0,0.0,0.0,0.0,0.0,0.0,-90.0,-90.0,0.0,-89.901,0.239,-0.0,-90.0,-90.0,0.0,-89.9,0.2445,0.0,0.0,0.0,0.0,-0.20331090644644811,-1.1182099854580718,0.0,0.0,0.0,0.0,-0.0010000000000047748,-0.005500000000000005,0.0,-0.0137698,-0.0137698,0.0206547,-0.0826188,0.0137698,0.0137698,-0.013749206349034,-0.0019418803418559999,-0.005600244200174,0.0026042429792970004,-0.002897435897496,0.002035103785146,0.011180339887498125,1.9874609997714288,0.31425599991052877,0.13468399993143976,0.0
pd,00:03:12.981,1614,-90.0,-90.0,-0.0,-89.899,0.25,-0.0,0.0,0.0,0.0,0.0,0.0,0.0,-90.0,-90.0,0.0,-89.901,0.239,-0.0,-90.0,-90.0,0.0,-89.9,0.2445,0.0,0.0,0.0,0.0,-0.1962522927189886,-1.079387609956954,0.0,0.0,0.0,0.0,-0.0010000000000047748,-0.005500000000000005,0.0,-0.0137698,-0.0137698,0.0206547,-0.0826188,0.0137698,0.0137698,-0.013749206349034,-0.0019418803418559999,-0.005600244200174,0.0026042429792970004,-0.002897435897496,0.002035103785146,0.011180339887498125,1.838147999933426,0.2376649999860092,0.10711000004448579,0.0
pd,00:03:12.983,1615,-90.0,-90.0,-0.0,-89.899,0.25,-0.0,0.0,0.0,0.0,0.0,0.0,0.0,-90.0,-90.0,0.0,-89.901,0.239,-0.0,-90.0,-90.0,0.0,-89.9,0.2445,0.0,0.0,0.0,0.0,-0.2192526921061278,-1.2058898065865145,0.0,0.0,0.0,0.0,-0.0010000000000047748,-0.005500000000000005,0.0,-0.0068849,-0.0413094,0.0137698,-0.1101584,-0.0275396,-0.0,-0.014009279609104,-0.0024793650793339997,-0.005045421245358,0.002276556776604,-0.0026042429792970004,0.001569444444477,0.011180339887498125,3.2645599999341357,0.7643439998901158,0.3945700000258512,0.0
pd,00:03:12.988,1616,-90.0,-90.0,-0.0,-89.899,0.25,-0.0,0.0,0.0,0.0,0.0,0.0,0.0,-90.0,-90.0,0.0,-89.901,0.239,-0.0,-90.0,-90.0,0.0,-89.9,0.2445,0.0,0.0,0.0,0.0,-0.10707403247192446,-0.5889071785969575,0.0,0.0,0.0,0.0,-0.0010000000000047748,-0.005500000000000005,0.0,-0.0068849,-0.0413094,0.0137698,-0.1101584,-0.0275396,-0.0,-0.014009279609104,-0.0024793650793339997,-0.005045421245358,0.002276556776604,-0.0026042429792970004,0.001569444444477,0.011180339887498125,1.890166999601206,0.214108999898599,0.0855359999150096,0.0
pd,00:03:12.990,1617,-90.0,-90.0,-0.0,-89.899,0.25,-0.0,0.0,0.0,0.0,0.0,0.0,0.0,-90.0,-90.0,0.0,-89.901,0.239,-0.0,-90.0,-90.0,0.0,-89.9,0.2445,0.0,0.0,0.0,0.0,-0.21952810635351327,-1.2074045849471382,0.0,0.0,0.0,0.0,-0.0010000000000047748,-0.005500000000000005,0.0,-0.0068849,-0.0413094,0.0137698,-0.1101584,-0.0275396,-0.0,-0.014009279609104,-0.0024793650793339997,-0.005045421245358,0.002276556776604,-0.0026042429792970004,0.001569444444477,0.011180339887498125,1.7201860000568558,0.18207300036010565,0.060277000102360034,0.0
pd,00:03:12.992,1618,-90.0,-90.0,-0.0,-89.899,0.25,-0.0,0.0,0.0,0.0,0.0,0.0,0.0,-90.0,-90.0,0.0,-89.901,0.239,-0.0,-90.0,-90.0,0.0,-89.9,0.2445,0.0,0.0,0.0,0.0,-0.24660771401635848,-1.356342427093134,0.0,0.0,0.0,0.0,-0.0010000000000047748,-0.005500000000000005,0.0,-0.0068849,-0.0413094,0.0137698,-0.1101584,-0.0275396,-0.0,-0.014009279609104,-0.0024793650793339997,-0.005045421245358,0.002276556776604,-0.0026042429792970004,0.001569444444477,0.011180339887498125,1.8452030003572872,0.24612799961687415,0.12196199986647116,0.0
pd,00:03:12.995,1619,-90.0,-90.0,-0.0,-89.899,0.25,-0.0,0.0,0.0,0.0,0.0,0.0,0.0,-90.0,-90.0,0.0,-89.901,0.239,-0.0,-90.0,-90.0,0.0,-89.9,0.2445,0.0,0.0,0.0,0.0,-0.21526914391245253,-1.1839802915212492,0.0,0.0,0.0,0.0,-0.0010000000000047748,-0.005500000000000005,0.0,-0.0068849,-0.0413094,0.0137698,-0.1101584,-0.0275396,-0.0,-0.014009279609104,-0.0024793650793339997,-0.005045421245358,0.002276556776604,-0.0026042429792970004,0.001569444444477,0.011180339887498125,1.8637409998518706,0.30999699993117247,0.19590500005506328,0.0
pd,00:03:12.997,1620,-90.0,-90.0,0.0,-89.901,0.25,-0.0,0.0,0.0,0.0,-0.7995242089192194,0.0,0.0,-90.0,-90.0,0.0,-89.901,0.239,-0.0,-90.0,-90.0,0.0,-89.82104757910807,0.2445,0.0,0.0,0.0,0.0,15.980974016234835,-1.0993457872664898,0.0,0.0,0.0,0.0,0.079952420891928,-0.005500000000000005,0.0,-0.0068849,-0.0413094,0.0137698,-0.1101584,-0.0275396,-0.0,-0.014009279609104,-0.0024793650793339997,-0.005045421245358,0.002276556776604,-0.0026042429792970004,0.001569444444477,0.01100000000000001,1.95736899968324,0.2669420000529499,0.13159099989934475,0.0
pd,00:03:13.001,1621,-90.0,-90.0,0.0,-89.901,0.25,-0.0,0.0,0.0,0.0,0.0,0.0,0.0,-90.0,-90.0,0.0,-89.901,0.239,-0.0,-90.0,-90.0,0.0,-89.901,0.2445,0.0,0.0,0.0,0.0,0.0,-0.7856641918125475,0.0,0.0,0.0,0.0,0.0,-0.005500000000000005,0.0,-0.0068849,-0.0413094,0.0137698,-0.1101584,-0.0275396,-0.0,-0.014009279609104,-0.0024793650793339997,-0.005045421245358,0.002276556776604,-0.0026042429792970004,0.001569444444477,0.01100000000000001,1.9636099996205303,0.23027599991110037,0.09059100011654664,0.0
pd,00:03:13.003,1622,-90.0,-90.0,0.0,-89.901,0.25,-0.0,0.0,0.0,0.0,0.0,0.0,0.0,-90.0,-90.0,0.0,-89.901,0.239,-0.0,-90.0,-90.0,0.0,-89.901,0.2445,0.0,0.0,0.0,0.0,0.0,-1.1515910543131,0.0,0.0,0.0,0.0,0.0,-0.005500000000000005,0.0,-0.0068849,-0.0206547,0.0137698,-0.1101584,-0.034424500000000004,0.0206547,-0.014772161171976,-0.001595115995096,-0.005305494505428,0.002138583638628,-0.002518009768062,0.0017419108669470002,0.01100000000000001,3.6935560001438716,0.9111389999816311,0.14064700008020736,0.0
pd,00:03:13.008,1623,-90.0,-90.0,0.0,-89.901,0.25,-0.0,0.0,0.0,0.0,0.0,0.0,0.0,-90.0,-90.0,0.0,-89.901,0.239,-0.0,-90.0,-90.0,0.0,-89.901,0.2445,0.0,0.0,0.0,0.0,0.0,-0.5641641477133779,0.0,0.0,0.0,0.0,0.0,-0.005500000000000005,0.0,-0.0068849,-0.0206547,0.0137698,-0.1101584,-0.034424500000000004,0.0206547,-0.014772161171976,-0.001595115995096,-0.005305494505428,0.002138583638628,-0.002518009768062,0.0017419108669470002,0.01100000000000001,1.8749250002656481,0.2095159998134477,0.08407299992541084,0.0
pd,00:03:13.010,1624,-90.0,-90.0,0.0,-89.901,0.25,-0.0,0.0,0.0,0.0,0.0,0.0,0.0,-90.0,-90.0,0.0,-89.901,0.239,-0.0,-90.0,-90.0,0.0,-89.901,0.2445,0.0,0.0,0.0,0.0,0.0,-1.2199191961924918,0.0,0.0,0.0,0.0,0.0,-0.005500000000000005,0.0,-0.0068849,-0.0206547,0.0137698,-0.1101584,-0.034424500000000004,0.0206547,-0.014772161171976,-0.001595115995096,-0.005305494505428,0.002138583638628,-0.002518009768062,0.0017419108669470002,0.01100000000000001,1.705797999875358,0.13757199985775515,0.060258999837969895,0.0
pd,00:03:13.012,1625,-90.0,-90.0,0.0,-89.901,0.25,-0.0,0.0,0.0,0.0,0.0,0.0,0.0,-90.0,-90.0,0.0,-89.901,0.239,-0.0,-90.0,-90.0,0.0,-89.901,0.2445,0.0,0.0,0.0,0.0,0.0,-1.3972545124167184,0.0,0.0,0.0,0.0,0.0,-0.005500000000000005,0.0,-0.0068849,-0.0206547,0.0137698,-0.1101584,-0.034424500000000004,0.0206547,-0.014772161171976,-0.001595115995096,-0.005305494505428,0.002138583638628,-0.002518009768062,0.0017419108669470002,0.01100000000000001,1.9582770000852179,0.19668400000227848,0.09248000014849822,0.0
pd,00:03:13.014,1626,-90.0,-90.0,0.0,-89.901,0.25,-0.0,0.0,0.0,0.0,0.0,0.0,0.0,-90.0,-90.0,0.0,-89.901,0.239,-0.0,-90.0,-90.0,0.0,-89.901,0.2445,0.0,0.0,0.0,0.0,0.0,-1.1791388264158669,0.0,0.0,0.0,0.0,0.0,-0.005500000000000005,0.0,-0.0068849,-0.0206547,0.0137698,-0.1101584,-0.034424500000000004,0.0206547,-0.014772161171976,-0.001595115995096,-0.005305494505428,0.002138583638628,-0.002518009768062,0.0017419108669470002,0.01100000000000001,1.8527410002207034,0.3753289997803222,0.1329800002167758,0.0
pd,00:03:13.017,1627,-90.0,-90.0,0.0,-89.903,0.25,-0.0,0.0,0.0,0.0,-0.7947520606385651,0.0,0.0,-90.0,-90.0,0.0,-89.901,0.239,-0.0,-90.0,-90.0,0.0,-89.82252479393614,0.2445,0.0,0.0,0.0,0.0,15.989458962315378,-1.09278408337281,0.0,0.0,0.0,0.0,0.08047520606386627,-0.005500000000000005,0.0,-0.0068849,-0.0206547,0.0137698,-0.1101584,-0.034424500000000004,0.0206547,-0.014772161171976,-0.001595115995096,-0.005305494505428,0.002138583638628,-0.002518009768062,0.0017419108669470002,0.011180339887500666,2.024053999775788,0.26818200012712623,0.12464700012060348,0.0
pd,00:03:13.019,1628,-90.0,-90.0,0.0,-89.903,0.25,-0.0,0.0,0.0,0.0,0.0,0.0,0.0,-90.0,-90.0,0.0,-89.901,0.239,-0.0,-90.0,-90.0,0.0,-89.902,0.2445,0.0,0.0,0.0,0.0,0.1978072061884563,-1.0879396340313159,0.0,0.0,0.0,0.0,0.0010000000000047748,-0.005500000000000005,0.0,-0.0068849,-0.0206547,0.0137698,-0.1101584,-0.034424500000000004,0.0206547,-0.014772161171976,-0.001595115995096,-0.005305494505428,0.002138583638628,-0.002518009768062,0.0017419108669470002,0.011180339887500666,1.8781849998958933,0.2806079996844346,0.112740000076883,0.0
pd,00:03:13.022,1629,-90.0,-90.0,0.0,-89.903,0.25,-0.0,0.0,0.0,0.0,0.0,0.0,0.0,-90.0,-90.0,0.0,-89.901,0.239,-0.0,-90.0,-90.0,0.0,-89.902,0.2445,0.0,0.0,0.0,0.0,0.21072668810390008,-1.1589967845659175,0.0,0.0,0.0,0.0,0.0010000000000047748,-0.005500000000000005,0.0,-0.0068849,-0.0206547,0.0137698,-0.1101584,-0.034424500000000004,0.0206547,-0.014772161171976,-0.001595115995096,-0.005305494505428,0.002138583638628,-0.002518009768062,0.0017419108669470002,0.011180339887500666,1.769185999819456,0.6910479996804497,0.4796430002897978,0.0
pd,00:03:13.025,1630,-90.0,-90.0,0.0,-89.903,0.25,-0.0,0.0,0.0,0.0,0.0,0.0,0.0,-90.0,-90.0,0.0,-89.901,0.239,-0.0,-90.0,-90.0,0.0,-89.902,0.2445,0.0,0.0,0.0,0.0,0.15336785139754378,-0.8435231826824638,0.0,0.0,0.0,0.0,0.0010000000000047748,-0.005500000000000005,0.0,0.0137698,0.0275396,-0.0206547,-0.0826188,-0.0,-0.0206547,-0.014494749694568,-0.0012483516483359999,-0.005097435897372,0.0018108974359350002,-0.0023627899878390004,0.0018281440781820002,0.011180339887500666,3.0476179999823216,0.21377600023697596,0.09548099978928803,0.0
pd,00:03:13.030,1631,-90.0,-90.0,0.0,-89.903,0.25,-0.0,0.0,0.0,0.0,0.0,0.0,0.0,-90.0,-90.0,0.0,-89.901,0.239,-0.0,-90.0,-90.0,0.0,-89.902,0.2445,0.0,0.0,0.0,0.0,0.11105443761967876,-0.6107994069053172,0.0,0.0,0.0,0.0,0.0010000000000047748,-0.005500000000000005,0.0,0.0137698,0.0275396,-0.0206547,-0.0826188,-0.0,-0.0206547,-0.014494749694568,-0.0012483516483359999,-0.005097435897372,0.0018108974359350002,-0.0023627899878390004,0.0018281440781820002,0.011180339887500666,1.9802209999397746,0.22903499984749942,0.07977700033734436,0.0
pd,00:03:13.032,1632,-90.0,-90.0,0.0,-89.903,0.25,-0.0,0.0,0.0,0.0,0.0,0.0,0.0,-90.0,-90.0,0.0,-89.901,0.239,-0.0,-90.0,-90.0,0.0,-89.902,0.2445,0.0,0.0,0.0,0.0,0.20940109835347115,-1.151706040938593,0.0,0.0,0.0,0.0,0.0010000000000047748,-0.005500000000000005,0.0,0.0137698,0.0275396,-0.0206547,-0.0826188,-0.0,-0.0206547,-0.014494749694568,-0.0012483516483359999,-0.005097435897372,0.0018108974359350002,-0.0023627899878390004,0.0018281440781820002,0.011180339887500666,1.7595570002413297,0.1774419997673249,0.09674000011727912,0.0
pd,00:03:13.034,1633,-90.0,-90.0,0.0,-89.903,0.25,-0.0,0.0,0.0,0.0,0.0,0.0,0.0,-90.0,-90.0,0.0,-89.901,0.239,-0.0,-90.0,-90.0,0.0,-89.902,0.2445,0.0,0.0,0.0,0.0,0.2353177737892744,-1.2942477558348306,0.0,0.0,0.0,0.0,0.0010000000000047748,-0.005500000000000005,0.0,0.0137698,0.0275396,-0.0206547,-0.0826188,-0.0,-0.0206547,-0.014494749694568,-0.0012483516483359999,-0.005097435897372,0.0018108974359350002,-0.0023627899878390004,0.0018281440781820002,0.011180339887500666,1.905518000057782,0.32831199996508076,0.13085099999443628,0.0
pd,00:03:13.037,1634,-90.0,-90.0,0.0,-89.905,0.249,-0.0,0.0,0.0,0.0,-0.8035834850062697,-0.4017917425040716,0.0,-90.0,-90.0,0.0,-89.901,0.239,-0.0,-90.0,-90.0,0.0,-89.82264165149937,0.2841791742504072,0.0,0.0,0.0,0.0,16.545452176912733,7.0673508609627245,0.0,0.0,0.0,0.0,0.08235834850063384,0.035179174250407175,0.0,0.0137698,0.0275396,-0.0206547,-0.0826188,-0.0,-0.0206547,-0.014494749694568,-0.0012483516483359999,-0.005097435897372,0.0018108974359350002,-0.0023627899878390004,0.0018281440781820002,0.010770329614270832,2.683844000330282,0.2482380000401463,0.12449899986677337,0.0
pd,00:03:13.040,1635,-90.0,-90.0,0.0,-89.905,0.249,-0.0,0.0,0.0,0.0,0.0,0.0,0.0,-90.0,-90.0,0.0,-89.901,0.239,-0.0,-90.0,-90.0,0.0,-89.90299999999999,0.244,0.0,0.0,0.0,0.0,0.3158123635272288,-0.7895309088171079,0.0,0.0,0.0,0.0,0.0020000000000095497,-0.0050000000000000044,0.0,0.0137698,0.0275396,-0.0206547,-0.0826188,-0.0,-0.0206547,-0.014494749694568,-0.0012483516483359999,-0.005097435897372,0.0018108974359350002,-0.0023627899878390004,0.0018281440781820002,0.010770329614270832,1.9535179999365937,0.26862699996854644,0.13620200024888618,0.0
pd,00:03:13.042,1636,-90.0,-90.0,0.0,-89.905,0.249,-0.0,0.0,0.0,0.0,0.0,0.0,0.0,-90.0,-90.0,0.0,-89.901,0.239,-0.0,-90.0,-90.0,0.0,-89.90299999999999,0.244,0.0,0.0,0.0,0.0,0.4034924482929414,-1.0087311207311216,0.0,0.0,0.0,0.0,0.0020000000000095497,-0.0050000000000000044,0.0,0.0275396,0.0481943,0.0137698,-0.0413094,-0.0206547,-0.0137698,-0.014408058607878,-0.002149938949912,-0.004109157509106,0.0029146825397430003,-0.0034665750916470003,0.001431471306501,0.010770329614270832,3.306004000023677,0.36840400025539566,0.44249600023249513,0.0
pd,00:03:13.047,1637,-90.0,-90.0,0.0,-89.905,0.249,-0.0,0.0,0.0,0.0,0.0,0.0,0.0,-90.0,-90.0,0.0,-89.901,0.239,-0.0,-90.0,-90.0,0.0,-89.90299999999999,0.244,0.0,0.0,0.0,0.0,0.22745683297207842,-0.5686420824295015,0.0,0.0,0.0,0.0,0.0020000000000095497,-0.0050000000000000044,0.0,0.0275396,0.0481943,0.0137698,-0.0413094,-0.0206547,-0.0137698,-0.014408058607878,-0.002149938949912,-0.004109157509106,0.0029146825397430003,-0.0034665750916470003,0.001431471306501,0.010770329614270832,2.4731979997341114,0.2589789996818581,0.11783199988713022,0.0
pd,00:03:13.050,1638,-90.0,-90.0,0.0,-89.905,0.249,-0.0,0.0,0.0,0.0,0.0,0.0,0.0,-90.0,-90.0,0.0,-89.901,0.239,-0.0,-90.0,-90.0,0.0,-89.90299999999999,0.244,0.0,0.0,0.0,0.0,0.33727114827960164,-0.8431778706979743,0.0,0.0,0.0,0.0,0.0020000000000095497,-0.0050000000000000044,0.0,0.0275396,0.0481943,0.0137698,-0.0413094,-0.0206547,-0.0137698,-0.014408058607878,-0.002149938949912,-0.004109157509106,0.0029146825397430003,-0.0034665750916470003,0.001431471306501,0.010770329614270832,1.824611999836634,0.22942299983697012,0.11083299978054129,0.0
pd,00:03:13.052,1639,-90.0,-90.0,0.0,-89.905,0.249,-0.0,0.0,0.0,0.0,0.0,0.0,0.0,-90.0,-90.0,0.0,-89.901,0.239,-0.0,-90.0,-90.0,0.0,-89.90299999999999,0.244,0.0,0.0,0.0,0.0,0.4413198653204047,-1.1032996632996643,0.0,0.0,0.0,0.0,0.0020000000000095497,-0.0050000000000000044,0.0,0.0275396,0.0481943,0.0137698,-0.0413094,-0.0206547,-0.0137698,-0.014408058607878,-0.002149938949912,-0.004109157509106,0.0029146825397430003,-0.0034665750916470003,0.001431471306501,0.010770329614270832,1.8335189997742418,0.29977499980304856,0.16181299997697352,0.0
pd,00:03:13.054,1640,-90.0,-90.0,0.0,-89.905,0.249,-0.0,0.0,0.0,0.0,0.0,0.0,0.0,-90.0,-90.0,0.0,-89.901,0.239,-0.0,-90.0,-90.0,0.0,-89.90299999999999,0.244,0.0,0.0,0.0,0.0,0.4155656395526727,-1.038914098880413,0.0,0.0,0.0,0.0,0.0020000000000095497,-0.0050000000000000044,0.0,0.0275396,0.0481943,0.0137698,-0.0413094,-0.0206547,-0.0137698,-0.014408058607878,-0.002149938949912,-0.004109157509106,0.0029146825397430003,-0.0034665750916470003,0.001431471306501,0.010770329614270832,1.8318889997317456,0.2220719998149434,0.09664699973654933,0.0
pd,00:03:13.058,1641,-90.0,-90.0,0.0,-89.907,0.249,-0.0,0.0,0.0,0.0,-0.5895844813030959,0.0,0.0,-90.0,-90.0,0.0,-89.901,0.239,-0.0,-90.0,-90.0,0.0,-89.84504155186968,0.244,0.0,0.0,0.0,0.0,9.13243487583464,-0.7369806016305882,0.0,0.0,0.0,0.0,0.06195844813031215,-0.0050000000000000044,0.0,0.0275396,0.0481943,0.0137698,-0.0413094,-0.0206547,-0.0137698,-0.014408058607878,-0.002149938949912,-0.004109157509106,0.0029146825397430003,-0.0034665750916470003,0.001431471306501,0.011661903789690727,1.9789429998127162,0.23371999986920855,0.088313999640377,0.0
pd,00:03:13.060,1642,-90.0,-90.0,0.0,-89.907,0.249,-0.0,0.0,0.0,0.0,0.0,0.0,0.0,-90.0,-90.0,0.0,-89.901,0.239,-0.0,-90.0,-90.0,0.0,-89.904,0.244,0.0,0.0,0.0,0.0,0.6240904672155777,-1.040150778692591,0.0,0.0,0.0,0.0,0.0030000000000001137,-0.0050000000000000044,0.0,0.0275396,0.0481943,0.0137698,-0.0413094,-0.0206547,-0.0137698,-0.014408058607878,-0.002149938949912,-0.004109157509106,0.0029146825397430003,-0.0034665750916470003,0.001431471306501,0.011661903789690727,1.8078340003739868,0.16473999994559563,0.0887210003384098,0.0
pd,00:03:13.062,1643,-90.0,-90.0,0.0,-89.907,0.249,-0.0,0.0,0.0,0.0,0.0,0.0,0.0,-90.0,-90.0,0.0,-89.901,0.239,-0.0,-90.0,-90.0,0.0,-89.904,0.244,0.0,0.0,0.0,0.0,0.697964943421371,-1.163274905702242,0.0,0.0,0.0,0.0,0.0030000000000001137,-0.0050000000000000044,0.0,-0.0275396,0.0068849,0.0137698,-0.034424500000000004,-0.0757339,-0.0137698,-0.014061294261117999,-0.00130036630035,-0.005045421245358,0.00137973137976,-0.002897435897496,0.001121031746055,0.011661903789690727,3.8991100000203005,0.3847550001410127,0.2700899999581452,0.0
pd,00:03:13.067,1644,-90.0,-90.0,0.0,-89.907,0.249,-0.0,0.0,0.0,0.0,0.0,0.0,0.0,-90.0,-90.0,0.0,-89.901,0.239,-0.0,-90.0,-90.0,0.0,-89.904,0.244,0.0,0.0,0.0,0.0,0.3028086826779727,-0.5046811377966025,0.0,0.0,0.0,0.0,0.0030000000000001137,-0.0050000000000000044,0.0,-0.0275396,0.0068849,0.0137698,-0.034424500000000004,-0.0757339,-0.0137698,-0.014061294261117999,-0.00130036630035,-0.005045421245358,0.00137973137976,-0.002897435897496,0.001121031746055,0.011661903789690727,2.2305149996100226,0.2518309997867618,0.12190600000394625,0.0
pd,00:03:13.070,1645,-90.0,-90.0,0.0,-89.907,0.249,-0.0,0.0,0.0,0.0,0.0,0.0,0.0,-90.0,-90.0,0.0,-89.901,0.239,-0.0,-90.0,-90.0,0.0,-89.904,0.244,0.0,0.0,0.0,0.0,0.552997802584182,-0.9216630043069358,0.0,0.0,0.0,0.0,0.0030000000000001137,-0.0050000000000000044,0.0,-0.0275396,0.0068849,0.0137698,-0.034424500000000004,-0.0757339,-0.0137698,-0.014061294261117999,-0.00130036630035,-0.005045421245358,0.00137973137976,-0.002897435897496,0.001121031746055,0.011661903789690727,1.8372230001659773,0.24334999989150674,0.11405499981265166,0.0
pd,00:03:13.072,1646,-90.0,-90.0,0.0,-89.907,0.249,-0.0,0.0,0.0,0.0,0.0,0.0,0.0,-90.0,-90.0,0.0,-89.901,0.239,-0.0,-90.0,-90.0,0.0,-89.904,0.244,0.0,0.0,0.0,0.0,0.6525052893590788,-1.0875088155984245,0.0,0.0,0.0,0.0,0.0030000000000001137,-0.0050000000000000044,0.0,-0.0275396,0.0068849,0.0137698,-0.034424500000000004,-0.0757339,-0.0137698,-0.014061294261117999,-0.00130036630035,-0.005045421245358,0.00137973137976,-0.002897435897496,0.001121031746055,0.011661903789690727,1.912258999709593,0.24633099974380457,0.11996200009889435,0.0
pd,00:03:13.074,1647,-90.0,-90.0,0.0,-89.907,0.249,-0.0,0.0,0.0,0.0,0.0,0.0,0.0,-90.0,-90.0,0.0,-89.901,0.239,-0.0,-90.0,-90.0,0.0,-89.904,0.244,0.0,0.0,0.0,0.0,0.6295233139884169,-1.0492055233139894,0.0,0.0,0.0,0.0,0.0030000000000001137,-0.0050000000000000044,0.0,-0.0275396,0.0068849,0.0137698,-0.034424500000000004,-0.0757339,-0.0137698,-0.014061294261117999,-0.00130036630035,-0.005045421245358,0.00137973137976,-0.002897435897496,0.001121031746055,0.011661903789690727,1.7650929999035725,0.17281300006288802,0.07918399978734669,0.0
pd,00:03:13.077,1648,-90.0,-90.0,0.0,-89.908,0.249,-0.0,0.0,0.0,0.0,-0.4768422010027316,0.0,0.0,-90.0,-90.0,0.0,-89.901,0.239,-0.0,-90.0,-90.0,0.0,-89.85681577989972,0.244,0.0,0.0,0.0,0.0,12.203398084553582,-1.192105502501138,0.0,0.0,0.0,0.0,0.05118422010028212,-0.0050000000000000044,0.0,-0.0275396,0.0068849,0.0137698,-0.034424500000000004,-0.0757339,-0.0137698,-0.014061294261117999,-0.00130036630035,-0.005045421245358,0.00137973137976,-0.002897435897496,0.001121031746055,0.012206555615736579,1.8204449997938354,0.18251700021210127,0.08214799981942633,0.0
pd,00:03:13.079,1649,-90.0,-90.0,0.0,-89.908,0.249,-0.0,0.0,0.0,0.0,0.0,0.0,0.0,-90.0,-90.0,0.0,-89.901,0.239,-0.0,-90.0,-90.0,0.0,-89.9045,0.244,0.0,0.0,0.0,0.0,0.8075731103537512,-1.153675871933107,0.0,0.0,0.0,0.0,0.003500000000002501,-0.0050000000000000044,0.0,-0.0275396,0.0068849,0.0137698,-0.034424500000000004,-0.0757339,-0.0137698,-0.014061294261117999,-0.00130036630035,-0.005045421245358,0.00137973137976,-0.002897435897496,0.001121031746055,0.012206555615736579,1.7808900001909933,0.18996100016011042,0.07207399994513253,0.0
pd,00:03:13.081,1650,-90.0,-90.0,0.0,-89.908,0.249,-0.0,0.0,0.0,0.0,0.0,0.0,0.0,-90.0,-90.0,0.0,-89.901,0.239,-0.0,-90.0,-90.0,0.0,-89.9045,0.244,0.0,0.0,0.0,0.0,0.8276053670092733,-1.1822933814409753,0.0,0.0,0.0,0.0,0.003500000000002501,-0.0050000000000000044,0.0,-0.0275396,0.0068849,0.0137698,-0.034424500000000004,-0.0757339,-0.0137698,-0.014061294261117999,-0.00130036630035,-0.005045421245358,0.00137973137976,-0.002897435897496,0.001121031746055,0.012206555615736579,1.7092240000238235,0.14257299972086912,0.0627399999757472,0.0
pd,00:03:13.085,1651,-90.0,-90.0,0.0,-89.908,0.249,-0.0,0.0,0.0,0.0,0.0,0.0,0.0,-90.0,-90.0,0.0,-89.901,0.239,-0.0,-90.0,-90.0,0.0,-89.9045,0.244,0.0,0.0,0.0,0.0,0.3982006184563145,-0.5688580263657576,0.0,0.0,0.0,0.0,0.003500000000002501,-0.0050000000000000044,0.0,-0.0068849,0.0137698,-0.0206547,-0.034424500000000004,-0.06884900000000001,-0.0206547,-0.014199999999821999,-0.00164713064711,-0.006189743589666,0.0009313186813380001,-0.002190323565369,0.001293498168525,0.012206555615736579,3.231764999782172,0.3138669999316335,0.12123900023652823,0.0
pd,00:03:13.089,1652,-90.0,-90.0,0.0,-89.908,0.249,-0.0,0.0,0.0,0.0,0.0,0.0,0.0,-90.0,-90.0,0.0,-89.901,0.239,-0.0,-90.0,-90.0,0.0,-89.9045,0.244,0.0,0.0,0.0,0.0,0.4628598814481804,-0.6612284020683572,0.0,0.0,0.0,0.0,0.003500000000002501,-0.0050000000000000044,0.0,-0.0068849,0.0137698,-0.0206547,-0.034424500000000004,-0.06884900000000001,-0.0206547,-0.014199999999821999,-0.00164713064711,-0.006189743589666,0.0009313186813380001,-0.002190323565369,0.001293498168525,0.012206555615736579,1.8752029995994235,0.2656269998624339,0.1269620001949079,0.0
pd,00:03:13.091,1653,-90.0,-90.0,0.0,-89.908,0.249,-0.0,0.0,0.0,0.0,0.0,0.0,0.0,-90.0,-90.0,0.0,-89.901,0.239,-0.0,-90.0,-90.0,0.0,-89.9045,0.244,0.0,0.0,0.0,0.0,0.7276003172090846,-1.0394290245836646,0.0,0.0,0.0,0.0,0.003500000000002501,-0.0050000000000000044,0.0,-0.0068849,0.0137698,-0.0206547,-0.034424500000000004,-0.06884900000000001,-0.0206547,-0.014199999999821999,-0.00164713064711,-0.006189743589666,0.0009313186813380001,-0.002190323565369,0.001293498168525,0.012206555615736579,1.952535999862448,0.23420100023940904,0.10962799979097326,0.0
pd,00:03:13.094,1654,-90.0,-90.0,0.0,-89.908,0.249,-0.0,0.0,0.0,0.0,0.0,0.0,0.0,-90.0,-90.0,0.0,-89.901,0.239,-0.0,-90.0,-90.0,0.0,-89.9045,0.244,0.0,0.0,0.0,0.0,0.731807776670513,-1.0454396809571296,0.0,0.0,0.0,0.0,0.003500000000002501,-0.0050000000000000044,0.0,-0.0068849,0.0137698,-0.0206547,-0.034424500000000004,-0.06884900000000001,-0.0206547,-0.014199999999821999,-0.00164713064711,-0.006189743589666,0.0009313186813380001,-0.002190323565369,0.001293498168525,0.012206555615736579,1.7539079999551177,0.17423899998902925,0.07977699988259701,0.0
pd,00:03:13.096,1655,-90.0,-90.0,0.0,-89.908,0.249,-0.0,0.0,0.0,0.0,0.0,0.0,0.0,-90.0,-90.0,0.0,-89.901,0.239,-0.0,-90.0,-90.0,0.0,-89.9045,0.244,0.0,0.0,0.0,0.0,0.8395324259413526,-1.199332037058219,0.0,0.0,0.0,0.0,0.003500000000002501,-0.0050000000000000044,0.0,-0.0068849,0.0137698,-0.0206547,-0.034424500000000004,-0.06884900000000001,-0.0206547,-0.014199999999821999,-0.00164713064711,-0.006189743589666,0.0009313186813380001,-0.002190323565369,0.001293498168525,0.012206555615736579,1.7659639997873455,0.1625360000616638,0.07718500000919448,0.0
pd,00:03:13.098,1656,-90.001,-90.0,0.0,-89.909,0.248,-0.0,-0.4805022339351618,0.0,0.0,-0.4805022339351618,-0.4805022339328679,0.0,-90.0,-90.0,0.0,-89.901,0.239,-0.0,-89.95244977660649,-90.0,0.0,-89.85694977660648,0.2915502233932868,0.0,11.664245399262716,0.0,0.0,12.505124308645836,10.462989814374863,0.0,0.04855022339351933,0.0,0.0,0.05205022339352183,0.04355022339328679,0.0,-0.0068849,0.0137698,-0.0206547,-0.034424500000000004,-0.06884900000000001,-0.0206547,-0.014199999999821999,-0.00164713064711,-0.006189743589666,0.0009313186813380001,-0.002190323565369,0.001293498168525,0.012083045973601447,1.7824460001065745,0.18196100018030847,0.08272200011560926,0.0
pd,00:03:13.100,1657,-90.001,-90.0,0.0,-89.909,0.248,-0.0,0.0,0.0,0.0,0.0,0.0,0.0,-90.0,-90.0,0.0,-89.901,0.239,-0.0,-90.0005,-90.0,0.0,-89.905,0.2435,0.0,0.11734288272213594,0.0,0.0,0.9387430617737524,-1.0560859444941817,0.0,0.0005000000000023874,0.0,0.0,0.0040000000000048885,-0.004500000000000004,0.0,-0.0068849,0.0137698,-0.0206547,-0.034424500000000004,-0.06884900000000001,-0.0206547,-0.014199999999821999,-0.00164713064711,-0.006189743589666,0.0009313186813380001,-0.002190323565369,0.001293498168525,0.012083045973601447,1.765334000083385,0.1432200001545425,0.0627399999757472,0.0
pd,00:03:13.102,1658,-90.001,-90.0,0.0,-89.909,0.248,-0.0,0.0,0.0,0.0,0.0,0.0,0.0,-90.0,-90.0,0.0,-89.901,0.239,-0.0,-90.0005,-90.0,0.0,-89.905,0.2435,0.0,0.12252582379119033,0.0,0.0,0.9802065903260402,-1.1027324141154484,0.0,0.0005000000000023874,0.0,0.0,0.0040000000000048885,-0.004500000000000004,0.0,-0.0068849,-0.0137698,-0.034424500000000004,-0.0206547,-0.0206547,0.0413094,-0.014199999999821999,-0.001317704517688,-0.005045421245358,0.002155830280875,-0.002655982906038,0.002345543345592,0.012083045973601447,2.7186949996576004,0.4343470000094385,0.20212800018271082,0.0
pd,00:03:13.106,1659,-90.001,-90.0,0.0,-89.909,0.248,-0.0,0.0,0.0,0.0,0.0,0.0,0.0,-90.0,-90.0,0.0,-89.901,0.239,-0.0,-90.0005,-90.0,0.0,-89.905,0.2435,0.0,0.06885841870271912,0.0,0.0,0.5508673496197959,-0.6197257683215136,0.0,0.0005000000000023874,0.0,0.0,0.0040000000000048885,-0.004500000000000004,0.0,0.0206547,-0.0137698,-0.034424500000000004,-0.0206547,-0.0206547,0.0413094,-0.014546764346582,-0.001317704517688,-0.005045421245358,0.002155830280875,-0.002655982906038,0.002345543345592,0.012083045973601447,2.6320110000597197,0.2138869999726012,0.08666600024298532,0.0
pd,00:03:13.109,1660,-90.001,-90.0,0.0,-89.909,0.248,-0.0,0.0,0.0,0.0,0.0,0.0,0.0,-90.0,-90.0,0.0,-89.901,0.239,-0.0,-90.0005,-90.0,0.0,-89.905,0.2435,0.0,0.08291760240431811,0.0,0.0,0.6633408192321882,-0.7462584216353003,0.0,0.0005000000000023874,0.0,0.0,0.0040000000000048885,-0.004500000000000004,0.0,0.0206547,-0.0137698,-0.034424500000000004,-0.0206547,-0.0206547,0.0413094,-0.014546764346582,-0.001317704517688,-0.005045421245358,0.002155830280875,-0.002655982906038,0.002345543345592,0.012083045973601447,2.2378479998224066,0.24647899999763467,0.12123999977120548,0.0
pd,00:03:13.113,1661,-90.001,-90.0,0.0,-89.909,0.248,-0.0,0.0,0.0,0.0,0.0,0.0,0.0,-90.0,-90.0,0.0,-89.901,0.239,-0.0,-90.0005,-90.0,0.0,-89.905,0.2435,0.0,0.06402735543780953,0.0,0.0,0.5122188435006565,-0.5762461989375348,0.0,0.0005000000000023874,0.0,0.0,0.0040000000000048885,-0.004500000000000004,0.0,0.0206547,-0.0137698,-0.034424500000000004,-0.0206547,-0.0206547,0.0413094,-0.014546764346582,-0.001317704517688,-0.005045421245358,0.002155830280875,-0.002655982906038,0.002345543345592,0.012083045973601447,1.9889059999513847,0.22935000015422702,0.08507299980919925,0.0
pd,00:03:13.115,1662,-90.001,-90.0,0.0,-89.909,0.248,-0.0,0.0,0.0,0.0,0.0,0.0,0.0,-90.0,-90.0,0.0,-89.901,0.239,-0.0,-90.0005,-90.0,0.0,-89.905,0.2435,0.0,0.10386053882775424,0.0,0.0,0.830884310619082,-0.9347448494453258,0.0,0.0005000000000023874,0.0,0.0,0.0040000000000048885,-0.004500000000000004,0.0,0.0206547,-0.0137698,-0.034424500000000004,-0.0206547,-0.0206547,0.0413094,-0.014546764346582,-0.001317704517688,-0.005045421245358,0.002155830280875,-0.002655982906038,0.002345543345592,0.012083045973601447,1.7603159999453055,0.1818320001802931,0.09877699994831346,0.0
pd,00:03:13.117,1663,-90.0,-90.0,0.0,-89.91,0.248,-0.0,0.46895169946556653,0.0,0.0,-0.46895169945890236,0.0,0.0,-90.0,-90.0,0.0,-89.901,0.239,-0.0,-90.04689516994655,-90.0,0.0,-89.8586048300541,0.2435,0.0,-10.995784821529648,0.0,0.0,12.050926145165917,-1.0551413237924876,0.0,-0.04689516994655207,0.0,0.0,0.05139516994589144,-0.004500000000000004,0.0,0.0206547,-0.0137698,-0.034424500000000004,-0.0206547,-0.0206547,0.0413094,-0.014546764346582,-0.001317704517688,-0.005045421245358,0.002155830280875,-0.002655982906038,0.002345543345592,0.012727922061358102,1.8574069999885978,0.302164000004268,0.12572100013130694,0.0
pd,00:03:13.120,1664,-90.0,-90.0,0.0,-89.91,0.248,-0.0,0.0,0.0,0.0,0.0,0.0,0.0,-90.0,-90.0,0.0,-89.901,0.239,-0.0,-90.0,-90.0,0.0,-89.90549999999999,0.2435,0.0,0.0,0.0,0.0,0.9376238450074871,-0.9376238450074524,0.0,0.0,0.0,0.0,0.004500000000007276,-0.004500000000000004,0.0,0.0206547,-0.0137698,-0.034424500000000004,-0.0206547,-0.0206547,0.0413094,-0.014546764346582,-0.001317704517688,-0.005045421245358,0.002155830280875,-0.002655982906038,0.002345543345592,0.012727922061358102,1.8564449997029442,0.20668399974965723,0.08605499988334486,0.0
pd,00:03:13.122,1665,-90.0,-90.0,0.0,-89.91,0.248,-0.0,0.0,0.0,0.0,0.0,0.0,0.0,-90.0,-90.0,0.0,-89.901,0.239,-0.0,-90.0,-90.0,0.0,-89.90549999999999,0.2435,0.0,0.0,0.0,0.0,1.00803076265759,-1.0080307626575526,0.0,0.0,0.0,0.0,0.004500000000007276,-0.004500000000000004,0.0,0.0206547,-0.0137698,-0.034424500000000004,-0.0206547,-0.0206547,-0.0619641,-0.014546764346582,-0.001317704517688,-0.005045421245358,0.002155830280875,-0.002173076923122,0.001500457875489,0.012727922061358102,2.2917179999240034,0.8308619999297662,0.3252190003877331,0.0
pd,00:03:13.126,1666,-90.0,-90.0,0.0,-89.91,0.248,-0.0,0.0,0.0,0.0,0.0,0.0,0.0,-90.0,-90.0,0.0,-89.901,0.239,-0.0,-90.0,-90.0,0.0,-89.90549999999999,0.2435,0.0,0.0,0.0,0.0,0.6328159324079902,-0.6328159324079667,0.0,0.0,0.0,0.0,0.004500000000007276,-0.004500000000000004,0.0,-0.0137698,-0.0137698,0.0413094,0.0275396,-0.1101584,-0.0619641,-0.014460073259891999,-0.001872527472504,-0.00563492063485,0.0016901709402060002,-0.002173076923122,0.001500457875489,0.012727922061358102,2.8318239997133787,0.20431300026757526,0.1494429998274427,0.0
pd,00:03:13.129,1667,-90.0,-90.0,0.0,-89.91,0.248,-0.0,0.0,0.0,0.0,0.0,0.0,0.0,-90.0,-90.0,0.0,-89.901,0.239,-0.0,-90.0,-90.0,0.0,-89.90549999999999,0.2435,0.0,0.0,0.0,0.0,0.6860911668484447,-0.6860911668484194,0.0,0.0,0.0,0.0,0.004500000000007276,-0.004500000000000004,0.0,-0.0137698,-0.0137698,0.0413094,0.0275396,-0.1101584,-0.0619641,-0.014460073259891999,-0.001872527472504,-0.00563492063485,0.0016901709402060002,-0.002173076923122,0.001500457875489,0.012727922061358102,1.885629999833327,0.2455160001773038,0.11675799987642677,0.0
pd,00:03:13.131,1668,-90.0,-90.0,0.0,-89.91,0.248,-0.0,0.0,0.0,0.0,0.0,0.0,0.0,-90.0,-90.0,0.0,-89.901,0.239,-0.0,-90.0,-90.0,0.0,-89.90549999999999,0.2435,0.0,0.0,0.0,0.0,0.9563421159303159,-0.9563421159302805,0.0,0.0,0.0,0.0,0.004500000000007276,-0.004500000000000004,0.0,-0.0137698,-0.0137698,0.0413094,0.0275396,-0.1101584,-0.0619641,-0.014460073259891999,-0.001872527472504,-0.00563492063485,0.0016901709402060002,-0.002173076923122,0.001500457875489,0.012727922061358102,1.8263150000166206,0.18386800002190284,0.08314699971379014,0.0
pd,00:03:13.133,1669,-90.0,-90.0,0.0,-89.91,0.248,-0.0,0.0,0.0,0.0,0.0,0.0,0.0,-90.0,-90.0,0.0,-89.901,0.239,-0.0,-90.0,-90.0,0.0,-89.90549999999999,0.2435,0.0,0.0,0.0,0.0,1.0338720420684002,-1.033872042068362,0.0,0.0,0.0,0.0,0.004500000000007276,-0.004500000000000004,0.0,-0.0137698,-0.0137698,0.0413094,0.0275396,-0.1101584,-0.0619641,-0.014460073259891999,-0.001872527472504,-0.00563492063485,0.0016901709402060002,-0.002173076923122,0.001500457875489,0.012727922061358102,1.718723000067257,0.1371099997413694,0.05601800012300373,0.0
pd,00:03:13.135,1670,-90.0,-90.0,0.0,-89.91,0.248,-0.0,0.0,0.0,0.0,0.0,0.0,0.0,-90.0,-90.0,0.0,-89.901,0.239,-0.0,-90.0,-90.0,0.0,-89.90549999999999,0.2435,0.0,0.0,0.0,0.0,1.1370101204819707,-1.1370101204819287,0.0,0.0,0.0,0.0,0.004500000000007276,-0.004500000000000004,0.0,-0.0137698,-0.0137698,0.0413094,0.0275396,-0.1101584,-0.0619641,-0.014460073259891999,-0.001872527472504,-0.00563492063485,0.0016901709402060002,-0.002173076923122,0.001500457875489,0.012727922061358102,2.0507200001702586,0.2034610001828696,0.09725800009618979,0.0
pd,00:03:13.139,1671,-90.0,-90.0,0.0,-89.91,0.248,-0.0,0.0,0.0,0.0,0.0,0.0,0.0,-90.0,-90.0,0.0,-89.901,0.239,-0.0,-90.0,-90.0,0.0,-89.90549999999999,0.2435,0.0,0.0,0.0,0.0,0.6437808854628799,-0.6437808854628562,0.0,0.0,0.0,0.0,0.004500000000007276,-0.004500000000000004,0.0,-0.0137698,-0.0137698,0.0413094,0.0275396,-0.1101584,-0.0619641,-0.014460073259891999,-0.001872527472504,-0.00563492063485,0.0016901709402060002,-0.002173076923122,0.001500457875489,0.012727922061358102,2.0408679997672152,0.2363489998060686,0.09823900018091081,0.0
pd,00:03:13.141,1672,-90.0,-90.0,0.0,-89.91,0.248,-0.0,0.0,0.0,0.0,0.0,0.0,0.0,-90.0,-90.0,0.0,-89.901,0.239,-0.0,-90.0,-90.0,0.0,-89.90549999999999,0.2435,0.0,0.0,0.0,0.0,0.9065498559078153,-0.9065498559077818,0.0,0.0,0.0,0.0,0.004500000000007276,-0.004500000000000004,0.0,-0.0137698,-0.0137698,0.0413094,0.0275396,-0.1101584,-0.0619641,-0.014460073259891999,-0.001872527472504,-0.00563492063485,0.0016901709402060002,-0.002173076923122,0.001500457875489,0.012727922061358102,1.735759999974107,0.1559430002089357,0.06851799980722717,0.0
pd,00:03:13.143,1673,-90.0,-90.0,0.0,-89.91,0.248,-0.0,0.0,0.0,0.0,0.0,0.0,0.0,-90.0,-90.0,0.0,-89.901,0.239,-0.0,-90.0,-90.0,0.0,-89.90549999999999,0.2435,0.0,0.0,0.0,0.0,1.1068712174525401,-1.1068712174524993,0.0,0.0,0.0,0.0,0.004500000000007276,-0.004500000000000004,0.0,-0.0275396,-0.0068849,-0.0068849,0.0068849,-0.0137698,0.0137698,-0.014147985347808,-0.00164713064711,-0.00450793650788,0.0018281440781820002,-0.002897435897496,0.0016556776557120003,0.012727922061358102,4.410364000250411,0.3161079998790228,0.1864240002760198,0.0
pd,00:03:13.148,1674,-90.0,-90.0,0.0,-89.91,0.248,-0.0,0.0,0.0,0.0,0.0,0.0,0.0,-90.0,-90.0,0.0,-89.901,0.239,-0.0,-90.0,-90.0,0.0,-89.90549999999999,0.2435,0.0,0.0,0.0,0.0,0.44458397324164306,-0.44458397324162663,0.0,0.0,0.0,0.0,0.004500000000007276,-0.004500000000000004,0.0,-0.0275396,-0.0068849,-0.0068849,0.0068849,-0.0137698,0.0137698,-0.014147985347808,-0.00164713064711,-0.00450793650788,0.0018281440781820002,-0.002897435897496,0.0016556776557120003,0.012727922061358102,1.9434630003161146,0.22055399995224434,0.09075800016944413,0.0
pd,00:03:13.151,1675,-90.0,-90.0,0.0,-89.91,0.248,-0.0,0.0,0.0,0.0,0.0,0.0,0.0,-90.0,-90.0,0.0,-89.901,0.239,-0.0,-90.0,-90.0,0.0,-89.90549999999999,0.2435,0.0,0.0,0.0,0.0,0.9608210140501281,-0.9608210140500925,0.0,0.0,0.0,0.0,0.004500000000007276,-0.004500000000000004,0.0,-0.0275396,-0.0068849,-0.0068849,0.0068849,-0.0137698,0.0137698,-0.014147985347808,-0.00164713064711,-0.00450793650788,0.0018281440781820002,-0.002897435897496,0.0016556776557120003,0.012727922061358102,1.7552240001350583,0.1698870000836905,0.07842500008337083,0.0
pd,00:03:13.153,1676,-90.0,-90.0,0.0,-89.91,0.248,-0.0,0.0,0.0,0.0,0.0,0.0,0.0,-90.0,-90.0,0.0,-89.901,0.239,-0.0,-90.0,-90.0,0.0,-89.90549999999999,0.2435,0.0,0.0,0.0,0.0,1.0651449209932684,-1.0651449209932289,0.0,0.0,0.0,0.0,0.004500000000007276,-0.004500000000000004,0.0,-0.0275396,-0.0068849,-0.0068849,0.0068849,-0.0137698,0.0137698,-0.014147985347808,-0.00164713064711,-0.00450793650788,0.0018281440781820002,-0.002897435897496,0.0016556776557120003,0.012727922061358102,1.7411860003448965,0.15507300031458726,0.06510999992315192,0.0
pd,00:03:13.155,1677,-90.0,-90.0,0.0,-89.91,0.248,-0.0,0.0,0.0,0.0,0.0,0.0,0.0,-90.0,-90.0,0.0,-89.901,0.239,-0.0,-90.0,-90.0,0.0,-89.90549999999999,0.2435,0.0,0.0,0.0,0.0,1.1089522914218988,-1.1089522914218577,0.0,0.0,0.0,0.0,0.004500000000007276,-0.004500000000000004,0.0,-0.0275396,-0.0068849,-0.0068849,0.0068849,-0.0137698,0.0137698,-0.014147985347808,-0.00164713064711,-0.00450793650788,0.0018281440781820002,-0.002897435897496,0.0016556776557120003,0.012727922061358102,1.7123349998655613,0.17672000012680655,0.08477700021103374,0.0
pd,00:03:13.157,1678,-90.001,-90.0,0.0,-89.91,0.247,-0.0,-0.4861270282823397,0.0,0.0,0.0,-0.48612702828001897,0.0,-90.0,-90.0,0.0,-89.901,0.239,-0.0,-89.95188729717177,-90.0,0.0,-89.90549999999999,0.2916127028280019,0.0,11.937506138345103,0.0,0.0,1.093785813630083,10.84372032465807,0.0,0.04911270282823921,0.0,0.0,0.004500000000007276,0.04461270282800189,0.0,-0.0275396,-0.0068849,-0.0068849,0.0068849,-0.0137698,0.0137698,-0.014147985347808,-0.00164713064711,-0.00450793650788,0.0018281440781820002,-0.002897435897496,0.0016556776557120003,0.012083045973595226,1.7410759996892011,0.14914700022927718,0.05909200035603135,0.0
pd,00:03:13.159,1679,-90.001,-90.0,0.0,-89.91,0.247,-0.0,0.0,0.0,0.0,0.0,0.0,0.0,-90.0,-90.0,0.0,-89.901,0.239,-0.0,-90.0005,-90.0,0.0,-89.90549999999999,0.243,0.0,0.12403312041696318,0.0,0.0,1.1162980837473808,-0.9922649633309685,0.0,0.0005000000000023874,0.0,0.0,0.004500000000007276,-0.0040000000000000036,0.0,-0.0275396,-0.0068849,-0.0068849,0.0068849,-0.0137698,0.0137698,-0.014147985347808,-0.00164713064711,-0.00450793650788,0.0018281440781820002,-0.002897435897496,0.0016556776557120003,0.012083045973595226,2.0843679999416054,0.2301649997207278,0.12581400005728938,0.0
pd,00:03:13.161,1680,-90.001,-90.0,0.0,-89.91,0.247,-0.0,0.0,0.0,0.0,0.0,0.0,0.0,-90.0,-90.0,0.0,-89.901,0.239,-0.0,-90.0005,-90.0,0.0,-89.90549999999999,0.243,0.0,0.09820886016718243,0.0,0.0,0.883879741500455,-0.7856708813337087,0.0,0.0005000000000023874,0.0,0.0,0.004500000000007276,-0.0040000000000000036,0.0,-0.0275396,-0.0068849,-0.0068849,0.0068849,-0.0137698,0.0137698,-0.014147985347808,-0.00164713064711,-0.00450793650788,0.0018281440781820002,-0.002897435897496,0.0016556776557120003,0.012083045973595226,1.8720369998845854,0.2916640000876214,0.36764500009667245,0.0
pd,00:03:13.167,1681,-90.001,-90.0,0.0,-89.91,0.247,-0.0,0.0,0.0,0.0,0.0,0.0,0.0,-90.0,-90.0,0.0,-89.901,0.239,-0.0,-90.0005,-90.0,0.0,-89.90549999999999,0.243,0.0,0.0492914022472151,0.0,0.0,0.44362262022283444,-0.39433121797583826,0.0,0.0005000000000023874,0.0,0.0,0.004500000000007276,-0.0040000000000000036,0.0,0.034424500000000004,0.0,-0.0068849,-0.0550792,-0.0206547,-0.0275396,-0.014026617826442,-0.0009709401709279999,-0.005600244200174,0.0024662698413210004,-0.00241452991458,0.0016556776557120003,0.012083045973595226,3.078413999901386,0.24140599998645484,0.10968400010824553,0.0
pd,00:03:13.170,1682,-90.001,-90.0,0.0,-89.91,0.247,-0.0,0.0,0.0,0.0,0.0,0.0,0.0,-90.0,-90.0,0.0,-89.901,0.239,-0.0,-90.0005,-90.0,0.0,-89.90549999999999,0.243,0.0,0.07066352180099783,0.0,0.0,0.6359716962059679,-0.5653081744052839,0.0,0.0005000000000023874,0.0,0.0,0.004500000000007276,-0.0040000000000000036,0.0,0.034424500000000004,0.0,-0.0068849,-0.0550792,-0.0206547,-0.0275396,-0.014026617826442,-0.0009709401709279999,-0.005600244200174,0.0024662698413210004,-0.00241452991458,0.0016556776557120003,0.012083045973595226,1.8592409996927017,0.2643309999257326,0.13112800024828175,0.0
pd,00:03:13.172,1683,-90.001,-90.0,0.0,-89.91,0.247,-0.0,0.0,0.0,0.0,0.0,0.0,0.0,-90.0,-90.0,0.0,-89.901,0.239,-0.0,-90.0005,-90.0,0.0,-89.90549999999999,0.243,0.0,0.10547993159692252,0.0,0.0,0.9493193843678058,-0.8438394527713518,0.0,0.0005000000000023874,0.0,0.0,0.004500000000007276,-0.0040000000000000036,0.0,0.034424500000000004,0.0,-0.0068849,-0.0550792,-0.0206547,-0.0275396,-0.014026617826442,-0.0009709401709279999,-0.005600244200174,0.0024662698413210004,-0.00241452991458,0.0016556776557120003,0.012083045973595226,1.8969259999721544,0.23790500017639715,0.10898000027736998,0.0
pd,00:03:13.175,1684,-90.001,-90.0,0.0,-89.91,0.247,-0.0,0.0,0.0,0.0,0.0,0.0,0.0,-90.0,-90.0,0.0,-89.901,0.239,-0.0,-90.0005,-90.0,0.0,-89.90549999999999,0.243,0.0,0.10676876081916371,0.0,0.0,0.9609188473679215,-0.854150086549232,0.0,0.0005000000000023874,0.0,0.0,0.004500000000007276,-0.0040000000000000036,0.0,0.034424500000000004,0.0,-0.0068849,-0.0550792,-0.0206547,-0.0275396,-0.014026617826442,-0.0009709401709279999,-0.005600244200174,0.0024662698413210004,-0.00241452991458,0.0016556776557120003,0.012083045973595226,1.7455750003136927,0.18021999994743965,0.06675899976471555,0.0
pd,00:03:13.177,1685,-90.001,-90.0,0.0,-89.91,0.247,-0.0,0.0,0.0,0.0,0.0,0.0,0.0,-90.0,-90.0,0.0,-89.901,0.239,-0.0,-90.0005,-90.0,0.0,-89.90549999999999,0.243,0.0,0.12118063099560925,0.0,0.0,1.090625678955317,-0.9694450479602459,0.0,0.0005000000000023874,0.0,0.0,0.004500000000007276,-0.0040000000000000036,0.0,0.034424500000000004,0.0,-0.0068849,-0.0550792,-0.0206547,-0.0275396,-0.014026617826442,-0.0009709401709279999,-0.005600244200174,0.0024662698413210004,-0.00241452991458,0.0016556776557120003,0.012083045973595226,1.7492229999334086,0.1629240000511345,0.07066599982863409,0.0
pd,00:03:13.179,1686,-90.001,-90.0,-0.0,-89.91,0.247,-0.0,0.0,0.0,-0.0,0.0,0.0,0.0,-90.0,-90.0,0.0,-89.901,0.239,-0.0,-90.0005,-90.0,0.0,-89.90549999999999,0.243,0.0,0.12161633031837239,0.0,0.0,1.0945469728601667,-0.9729306425423344,0.0,0.0005000000000023874,0.0,0.0,0.004500000000007276,-0.0040000000000000036,0.0,0.034424500000000004,0.0,-0.0068849,-0.0550792,-0.0206547,-0.0275396,-0.014026617826442,-0.0009709401709279999,-0.005600244200174,0.0024662698413210004,-0.00241452991458,0.0016556776557120003,0.012083045973595226,1.722778999919683,0.19483100004435983,0.07814700029484811,0.0
pd,00:03:13.181,1687,-90.001,-90.0,-0.0,-89.91,0.247,-0.0,0.0,0.0,0.0,0.0,0.0,0.0,-90.0,-90.0,0.0,-89.901,0.239,-0.0,-90.0005,-90.0,0.0,-89.90549999999999,0.243,0.0,0.1207341393212443,0.0,0.0,1.0866072538860516,-0.9658731145653434,0.0,0.0005000000000023874,0.0,0.0,0.004500000000007276,-0.0040000000000000036,0.0,0.034424500000000004,0.0,-0.0068849,-0.0550792,-0.0206547,-0.0275396,-0.014026617826442,-0.0009709401709279999,-0.005600244200174,0.0024662698413210004,-0.00241452991458,0.0016556776557120003,0.012083045973595226,1.7225020001205849,0.14420199977394077,0.06988800032559084,0.0
pd,00:03:13.183,1688,-90.001,-90.0,-0.0,-89.91,0.247,-0.0,0.0,0.0,0.0,0.0,0.0,0.0,-90.0,-90.0,0.0,-89.901,0.239,-0.0,-90.0005,-90.0,0.0,-89.90549999999999,0.243,0.0,0.12233998366643412,0.0,0.0,1.1010598529926914,-0.9787198693268006,0.0,0.0005000000000023874,0.0,0.0,0.004500000000007276,-0.0040000000000000036,0.0,0.0068849,0.034424500000000004,0.0206547,-0.0481943,-0.0137698,0.0068849,-0.014893528693342,-0.002219291819264,-0.004750671550612,0.002207570207616,-0.0027077228327790004,0.001569444444477,0.012083045973595226,4.459844999928464,0.27088600018032594,0.12005400003545219,0.0
pd,00:03:13.188,1689,-90.001,-90.0,-0.0,-89.91,0.247,-0.0,0.0,0.0,0.0,0.0,0.0,0.0,-90.0,-90.0,0.0,-89.901,0.239,-0.0,-90.0005,-90.0,0.0,-89.90549999999999,0.243,0.0,0.050118344326785524,0.0,0.0,0.45106509893893304,-0.4009467546123701,0.0,0.0005000000000023874,0.0,0.0,0.004500000000007276,-0.0040000000000000036,0.0,0.0068849,0.034424500000000004,0.0206547,-0.0481943,-0.0137698,0.0068849,-0.014893528693342,-0.002219291819264,-0.004750671550612,0.002207570207616,-0.0027077228327790004,0.001569444444477,0.012083045973595226,1.8629820001478947,0.15759100006107474,0.06933300028322265,0.0
pd,00:03:13.190,1690,-90.001,-90.0,-0.0,-89.91,0.247,-0.0,0.0,0.0,0.0,0.0,0.0,0.0,-90.0,-90.0,0.0,-89.901,0.239,-0.0,-90.0005,-90.0,0.0,-89.90549999999999,0.243,0.0,0.11563475959472946,0.0,0.0,1.0407128363476355,-0.9250780767534195,0.0,0.0005000000000023874,0.0,0.0,0.004500000000007276,-0.0040000000000000036,0.0,0.0068849,0.034424500000000004,0.0206547,-0.0481943,-0.0137698,0.0068849,-0.014893528693342,-0.002219291819264,-0.004750671550612,0.002207570207616,-0.0027077228327790004,0.001569444444477,0.012083045973595226,1.7981109999709588,0.16175799964912585,0.06937000034668017,0.0
pd,00:03:13.194,1691,-90.001,-90.0,-0.0,-89.91,0.247,-0.0,0.0,0.0,0.0,0.0,0.0,0.0,-90.0,-90.0,0.0,-89.901,0.239,-0.0,-90.0005,-90.0,0.0,-89.90549999999999,0.243,0.0,0.07424072500743463,0.0,0.0,0.6681665250637466,-0.5939258000566418,0.0,0.0005000000000023874,0.0,0.0,0.004500000000007276,-0.0040000000000000036,0.0,0.0068849,0.034424500000000004,0.0206547,-0.0481943,-0.0137698,0.0068849,-0.014893528693342,-0.002219291819264,-0.004750671550612,0.002207570207616,-0.0027077228327790004,0.001569444444477,0.012083045973595226,1.9436289999248402,0.22890499985805945,0.08209199995690142,0.0
pd,00:03:13.196,1692,-90.001,-90.0,-0.0,-89.91,0.247,-0.0,0.0,0.0,0.0,0.0,0.0,0.0,-90.0,-90.0,0.0,-89.901,0.239,-0.0,-90.0005,-90.0,0.0,-89.90549999999999,0.243,0.0,0.10612043315504573,0.0,0.0,0.9550838983908874,-0.8489634652363128,0.0,0.0005000000000023874,0.0,0.0,0.004500000000007276,-0.0040000000000000036,0.0,0.0068849,0.034424500000000004,0.0206547,-0.0481943,-0.0137698,0.0068849,-0.014893528693342,-0.002219291819264,-0.004750671550612,0.002207570207616,-0.0027077228327790004,0.001569444444477,0.012083045973595226,1.8373519997112453,0.23701600002823398,0.12435000007826602,0.0
pd,00:03:13.198,1693,-90.001,-90.0,-0.0,-89.91,0.246,-0.0,0.0,0.0,0.0,0.0,-0.4328040449901975,0.0,-90.0,-90.0,0.0,-89.901,0.239,-0.0,-90.0005,-90.0,0.0,-89.90549999999999,0.28578040449901976,0.0,0.10820101124806591,0.0,0.0,0.9738091012279804,8.608559989260991,0.0,0.0005000000000023874,0.0,0.0,0.004500000000007276,0.03978040449901976,0.0,0.0068849,0.034424500000000004,0.0206547,-0.0481943,-0.0137698,0.0068849,-0.014893528693342,-0.002219291819264,-0.004750671550612,0.002207570207616,-0.0027077228327790004,0.001569444444477,0.011445523142260286,1.8986669997502759,0.2619599999889033,0.13079499967716401,0.0
pd,00:03:13.201,1694,-90.001,-90.0,-0.0,-89.91,0.246,-0.0,0.0,0.0,0.0,0.0,0.0,0.0,-90.0,-90.0,0.0,-89.901,0.239,-0.0,-90.0005,-90.0,0.0,-89.90549999999999,0.2425,0.0,0.10368594877929464,0.0,0.0,0.9331735390092315,-0.7258016414515976,0.0,0.0005000000000023874,0.0,0.0,0.004500000000007276,-0.003500000000000003,0.0,0.0068849,0.034424500000000004,0.0206547,-0.0481943,-0.0137698,0.0068849,-0.014893528693342,-0.002219291819264,-0.004750671550612,0.002207570207616,-0.0027077228327790004,0.001569444444477,0.011445523142260286,1.9719800002349075,0.23825599964766297,0.11216499979127548,0.0
pd,00:03:13.203,1695,-90.001,-90.0,-0.0,-89.91,0.246,-0.0,0.0,0.0,0.0,0.0,0.0,0.0,-90.0,-90.0,0.0,-89.901,0.239,-0.0,-90.0005,-90.0,0.0,-89.90549999999999,0.2425,0.0,0.10310481809292102,0.0,0.0,0.9279433628318936,-0.7217337266470016,0.0,0.0005000000000023874,0.0,0.0,0.004500000000007276,-0.003500000000000003,0.0,0.0206547,-0.0275396,-0.0137698,0.0481943,-0.0413094,0.0068849,-0.014321367521187999,-0.001837851037828,-0.004802686202626,0.001259004884031,-0.002828449328508,0.0017419108669470002,0.011445523142260286,3.4583179999572167,0.6829369999650226,0.5639020000671735,0.0
pd,00:03:13.208,1696,-90.001,-90.0,-0.0,-89.91,0.246,-0.0,0.0,0.0,0.0,0.0,0.0,0.0,-90.0,-90.0,0.0,-89.901,0.239,-0.0,-90.0005,-90.0,0.0,-89.90549999999999,0.2425,0.0,0.05186348798125466,0.0,0.0,0.4667713918290809,-0.3630444158670495,0.0,0.0005000000000023874,0.0,0.0,0.004500000000007276,-0.003500000000000003,0.0,0.0206547,-0.0275396,-0.0137698,0.0481943,-0.0413094,0.0068849,-0.014321367521187999,-0.001837851037828,-0.004802686202626,0.001259004884031,-0.002828449328508,0.0017419108669470002,0.011445523142260286,1.9093689998044283,0.19762800002354197,0.07687000015721424,0.0
pd,00:03:13.210,1697,-90.001,-90.0,-0.0,-89.91,0.246,-0.0,0.0,0.0,0.0,0.0,0.0,0.0,-90.0,-90.0,0.0,-89.901,0.239,-0.0,-90.0005,-90.0,0.0,-89.90549999999999,0.2425,0.0,0.11041128777561407,0.0,0.0,0.9937015899758195,-0.7728790144256088,0.0,0.0005000000000023874,0.0,0.0,0.004500000000007276,-0.003500000000000003,0.0,0.0206547,-0.0275396,-0.0137698,0.0481943,-0.0413094,0.0068849,-0.014321367521187999,-0.001837851037828,-0.004802686202626,0.001259004884031,-0.002828449328508,0.0017419108669470002,0.011445523142260286,1.9922390001738677,0.23090600006980821,0.08981399969343329,0.0
pd,00:03:13.212,1698,-90.001,-90.0,-0.0,-89.91,0.246,-0.0,0.0,0.0,0.0,0.0,0.0,0.0,-90.0,-90.0,0.0,-89.901,0.239,-0.0,-90.0005,-90.0,0.0,-89.90549999999999,0.2425,0.0,0.10440864283630456,0.0,0.0,0.9396777855222899,-0.7308604998506429,0.0,0.0005000000000023874,0.0,0.0,0.004500000000007276,-0.003500000000000003,0.0,0.0206547,-0.0275396,-0.0137698,0.0481943,-0.0413094,0.0068849,-0.014321367521187999,-0.001837851037828,-0.004802686202626,0.001259004884031,-0.002828449328508,0.0017419108669470002,0.011445523142260286,1.8053339999823947,0.16572000004089205,0.0737400000616617,0.0
pd,00:03:13.215,1699,-90.001,-90.0,-0.0,-89.91,0.246,-0.0,0.0,0.0,0.0,0.0,0.0,0.0,-90.0,-90.0,0.0,-89.901,0.239,-0.0,-90.0005,-90.0,0.0,-89.90549999999999,0.2425,0.0,0.11796332545899503,0.0,0.0,1.0616699291259262,-0.8257432782090232,0.0,0.0005000000000023874,0.0,0.0,0.004500000000007276,-0.003500000000000003,0.0,0.0206547,-0.0275396,-0.0137698,0.0481943,-0.0413094,0.0068849,-0.014321367521187999,-0.001837851037828,-0.004802686202626,0.001259004884031,-0.002828449328508,0.0017419108669470002,0.011445523142260286,1.81163099978221,0.2600160000838514,0.07740699993519229,0.0
pd,00:03:13.217,1700,-90.001,-90.0,-0.0,-89.91,0.246,-0.0,0.0,0.0,0.0,0.0,0.0,0.0,-90.0,-90.0,0.0,-89.901,0.239,-0.0,-90.0005,-90.0,0.0,-89.90549999999999,0.2425,0.0,0.11232737011301626,0.0,0.0,1.0109463310123576,-0.7862915907873601,0.0,0.0005000000000023874,0.0,0.0,0.004500000000007276,-0.003500000000000003,0.0,0.0206547,-0.0275396,-0.0137698,0.0481943,-0.0413094,0.0068849,-0.014321367521187999,-0.001837851037828,-0.004802686202626,0.001259004884031,-0.002828449328508,0.0017419108669470002,0.011445523142260286,1.777259999926173,0.19455299980108975,0.08812900023258408,0.0
pd,00:03:13.220,1701,-90.001,-90.0,0.0,-89.911,0.246,-0.0,0.0,0.0,0.0,-0.3088134295405704,0.0,0.0,-90.0,-90.0,0.0,-89.901,0.239,-0.0,-90.0005,-90.0,0.0,-89.87511865704595,0.2425,0.0,0.0772033573851426,0.0,0.0,5.540320287055809,-0.5404235016934182,0.0,0.0005000000000023874,0.0,0.0,0.035881342954056095,-0.003500000000000003,0.0,0.0206547,-0.0275396,-0.0137698,0.0481943,-0.0413094,0.0068849,-0.014321367521187999,-0.001837851037828,-0.004802686202626,0.001259004884031,-0.002828449328508,0.0017419108669470002,0.012247448713920462,2.0087030002287065,0.22783100030210335,0.08886900013749255,0.0
pd,00:03:13.222,1702,-90.001,-90.0,0.0,-89.911,0.246,-0.0,0.0,0.0,0.0,0.0,0.0,0.0,-90.0,-90.0,0.0,-89.901,0.239,-0.0,-90.0005,-90.0,0.0,-89.906,0.2425,0.0,0.10279149103078196,0.0,0.0,1.0279149103034373,-0.7195404372120386,0.0,0.0005000000000023874,0.0,0.0,0.0049999999999954525,-0.003500000000000003,0.0,-0.0275396,0.0275396,-0.034424500000000004,0.0068849,-0.0206547,-0.0,-0.014182661782484,-0.002132600732574,-0.004802686202626,0.002017857142899,-0.003069902319966,0.0018281440781820002,0.012247448713920462,3.4393729997646005,0.2720339998631971,0.1326659998994728,0.0
pd,00:03:13.226,1703,-90.001,-90.0,0.0,-89.911,0.246,-0.0,0.0,0.0,0.0,0.0,0.0,0.0,-90.0,-90.0,0.0,-89.901,0.239,-0.0,-90.0005,-90.0,0.0,-89.906,0.2425,0.0,0.06292462794077093,0.0,0.0,0.6292462794050266,-0.4404723955832937,0.0,0.0005000000000023874,0.0,0.0,0.0049999999999954525,-0.003500000000000003,0.0,-0.0275396,0.0275396,-0.034424500000000004,0.0068849,-0.0206547,-0.0,-0.014182661782484,-0.002132600732574,-0.004802686202626,0.002017857142899,-0.003069902319966,0.0018281440781820002,0.012247448713920462,2.827841999987868,0.2480719999766734,0.11822100032077287,0.0
pd,00:03:13.230,1704,-90.001,-90.0,0.0,-89.911,0.246,-0.0,0.0,0.0,0.0,0.0,0.0,0.0,-90.0,-90.0,0.0,-89.901,0.239,-0.0,-90.0005,-90.0,0.0,-89.906,0.2425,0.0,0.0757368002892746,0.0,0.0,0.7573680028895171,-0.5301576020223913,0.0,0.0005000000000023874,0.0,0.0,0.0049999999999954525,-0.003500000000000003,0.0,-0.0275396,0.0275396,-0.034424500000000004,0.0068849,-0.0206547,-0.0,-0.014182661782484,-0.002132600732574,-0.004802686202626,0.002017857142899,-0.003069902319966,0.0018281440781820002,0.012247448713920462,1.8007409998972435,0.27388599983169115,0.10766599962153123,0.0
pd,00:03:13.232,1705,-90.001,-90.0,0.0,-89.911,0.246,-0.0,0.0,0.0,0.0,0.0,0.0,0.0,-90.0,-90.0,0.0,-89.901,0.239,-0.0,-90.0005,-90.0,0.0,-89.906,0.2425,0.0,0.10958052043108024,0.0,0.0,1.0958052043061306,-0.7670636430138997,0.0,0.0005000000000023874,0.0,0.0,0.0049999999999954525,-0.003500000000000003,0.0,-0.0275396,0.0275396,-0.034424500000000004,0.0068849,-0.0206547,-0.0,-0.014182661782484,-0.002132600732574,-0.004802686202626,0.002017857142899,-0.003069902319966,0.0018281440781820002,0.012247448713920462,1.7814450002333615,0.16205400015678606,0.07040699983917875,0.0
pd,00:03:13.234,1706,-90.001,-90.0,0.0,-89.911,0.246,-0.0,0.0,0.0,0.0,0.0,0.0,0.0,-90.0,-90.0,0.0,-89.901,0.239,-0.0,-90.0005,-90.0,0.0,-89.906,0.2425,0.0,0.11971412261730868,0.0,0.0,1.1971412261679832,-0.8379988583171603,0.0,0.0005000000000023874,0.0,0.0,0.0049999999999954525,-0.003500000000000003,0.0,-0.0275396,0.0275396,-0.034424500000000004,0.0068849,-0.0206547,-0.0,-0.014182661782484,-0.002132600732574,-0.004802686202626,0.002017857142899,-0.003069902319966,0.0018281440781820002,0.012247448713920462,1.7053900000973954,0.1332020001427736,0.0550549998479255,0.0
pd,00:03:13.236,1707,-90.001,-90.0,0.0,-89.911,0.246,-0.0,0.0,0.0,0.0,0.0,0.0,0.0,-90.0,-90.0,0.0,-89.901,0.239,-0.0,-90.0005,-90.0,0.0,-89.906,0.2425,0.0,0.12775048733004468,0.0,0.0,1.2775048732950005,-0.8942534113060436,0.0,0.0005000000000023874,0.0,0.0,0.0049999999999954525,-0.003500000000000003,0.0,-0.0275396,0.0275396,-0.034424500000000004,0.0068849,-0.0206547,-0.0,-0.014182661782484,-0.002132600732574,-0.004802686202626,0.002017857142899,-0.003069902319966,0.0018281440781820002,0.012247448713920462,2.065904999653867,0.20614599998225458,0.09862899969448335,0.0
pd,00:03:13.239,1708,-90.001,-90.0,0.0,-89.911,0.245,-0.0,0.0,0.0,0.0,0.0,-0.40689794334497514,0.0,-90.0,-90.0,0.0,-89.901,0.239,-0.0,-90.0005,-90.0,0.0,-89.906,0.2826897943344975,0.0,0.10172448583672941,0.0,0.0,1.0172448583629574,7.66794989990106,0.0,0.0005000000000023874,0.0,0.0,0.0049999999999954525,0.037689794334497484,0.0,-0.0275396,0.0275396,-0.034424500000000004,0.0068849,-0.0206547,-0.0,-0.014182661782484,-0.002132600732574,-0.004802686202626,0.002017857142899,-0.003069902319966,0.0018281440781820002,0.011704699910724406,1.7432229997211834,0.14127599979474326,0.059018000229116296,0.0
pd,00:03:13.241,1709,-90.001,-90.0,0.0,-89.911,0.245,-0.0,0.0,0.0,0.0,0.0,0.0,0.0,-90.0,-90.0,0.0,-89.901,0.239,-0.0,-90.0005,-90.0,0.0,-89.906,0.242,0.0,0.12438623962099725,0.0,0.0,1.2438623962046695,-0.7463174377224205,0.0,0.0005000000000023874,0.0,0.0,0.0049999999999954525,-0.0030000000000000027,0.0,-0.0275396,0.0275396,-0.034424500000000004,0.0068849,-0.0206547,-0.0,-0.014182661782484,-0.002132600732574,-0.004802686202626,0.002017857142899,-0.003069902319966,0.0018281440781820002,0.011704699910724406,1.9919249998565647,0.2635159999044845,0.12703600032182294,0.0
pd,00:03:13.243,1710,-90.001,-90.0,0.0,-89.911,0.245,-0.0,0.0,0.0,0.0,0.0,0.0,0.0,-90.0,-90.0,0.0,-89.901,0.239,-0.0,-90.0005,-90.0,0.0,-89.906,0.242,0.0,0.09993100162060486,0.0,0.0,0.9993100162017883,-0.5995860097207668,0.0,0.0005000000000023874,0.0,0.0,0.0049999999999954525,-0.0030000000000000027,0.0,0.034424500000000004,-0.0206547,-0.0137698,0.0275396,0.0137698,-0.0,-0.013974603174428,-0.001595115995096,-0.005600244200174,0.001000305250326,-0.0029146825397430003,0.0017419108669470002,0.011704699910724406,3.3102259999395756,0.6474010001511488,0.32305300010193605,0.0
pd,00:03:13.249,1711,-90.001,-90.0,0.0,-89.911,0.245,-0.0,0.0,0.0,0.0,0.0,0.0,0.0,-90.0,-90.0,0.0,-89.901,0.239,-0.0,-90.0005,-90.0,0.0,-89.906,0.242,0.0,0.042011939581113295,0.0,0.0,0.4201193958093419,-0.2520716374854764,0.0,0.0005000000000023874,0.0,0.0,0.0049999999999954525,-0.0030000000000000027,0.0,0.034424500000000004,-0.0206547,-0.0137698,0.0275396,0.0137698,-0.0,-0.013974603174428,-0.001595115995096,-0.005600244200174,0.001000305250326,-0.0029146825397430003,0.0017419108669470002,0.011704699910724406,2.002442999582854,0.27560799981074524,0.1332389997514838,0.0
pd,00:03:13.252,1712,-90.001,-90.0,0.0,-89.911,0.245,-0.0,0.0,0.0,0.0,0.0,0.0,0.0,-90.0,-90.0,0.0,-89.901,0.239,-0.0,-90.0005,-90.0,0.0,-89.906,0.242,0.0,0.09691986320408603,0.0,0.0,0.9691986320367284,-0.58151917922174,0.0,0.0005000000000023874,0.0,0.0,0.0049999999999954525,-0.0030000000000000027,0.0,0.034424500000000004,-0.0206547,-0.0137698,0.0275396,0.0137698,-0.0,-0.013974603174428,-0.001595115995096,-0.005600244200174,0.001000305250326,-0.0029146825397430003,0.0017419108669470002,0.011704699910724406,1.8234259996461333,0.20099800030948245,0.08642500006317277,0.0
pd,00:03:13.254,1713,-90.001,-90.0,0.0,-89.911,0.245,-0.0,0.0,0.0,0.0,0.0,0.0,0.0,-90.0,-90.0,0.0,-89.901,0.239,-0.0,-90.0005,-90.0,0.0,-89.906,0.242,0.0,0.11376543343875521,0.0,0.0,1.137654334382702,-0.6825926006292726,0.0,0.0005000000000023874,0.0,0.0,0.0049999999999954525,-0.0030000000000000027,0.0,0.034424500000000004,-0.0206547,-0.0137698,0.0275396,0.0137698,-0.0,-0.013974603174428,-0.001595115995096,-0.005600244200174,0.001000305250326,-0.0029146825397430003,0.0017419108669470002,0.011704699910724406,1.8150010000681505,0.260794000041642,0.12351699979262776,0.0
pd,00:03:13.256,1714,-90.001,-90.0,0.0,-89.911,0.245,-0.0,0.0,0.0,0.0,0.0,0.0,0.0,-90.0,-90.0,0.0,-89.901,0.239,-0.0,-90.0005,-90.0,0.0,-89.906,0.242,0.0,0.10813406208157232,0.0,0.0,1.0813406208111132,-0.6488043724863366,0.0,0.0005000000000023874,0.0,0.0,0.0049999999999954525,-0.0030000000000000027,0.0,0.034424500000000004,-0.0206547,-0.0137698,0.0275396,0.0137698,-0.0,-0.013974603174428,-0.001595115995096,-0.005600244200174,0.001000305250326,-0.0029146825397430003,0.0017419108669470002,0.011704699910724406,1.910388999931456,0.22310899976218934,0.1032949999171251,0.0
pd,00:03:13.258,1715,-90.001,-90.0,-0.0,-89.911,0.245,-0.0,0.0,0.0,-0.0,0.0,0.0,0.0,-90.0,-90.0,0.0,-89.901,0.239,-0.0,-90.0005,-90.0,0.0,-89.906,0.242,0.0,0.1071725265745101,0.0,0.0,1.0717252657405318,-0.6430351594439908,0.0,0.0005000000000023874,0.0,0.0,0.0049999999999954525,-0.0030000000000000027,0.0,0.034424500000000004,-0.0206547,-0.0137698,0.0275396,0.0137698,-0.0,-0.013974603174428,-0.001595115995096,-0.005600244200174,0.001000305250326,-0.0029146825397430003,0.0017419108669470002,0.011704699910724406,1.7703530002108891,0.18427499981044093,0.08283200031655724,0.0
pd,00:03:13.261,1716,-90.001,-90.0,-0.0,-89.911,0.245,-0.0,0.0,0.0,0.0,0.0,0.0,0.0,-90.0,-90.0,0.0,-89.901,0.239,-0.0,-90.0005,-90.0,0.0,-89.906,0.242,0.0,0.11784400989042558,0.0,0.0,1.1784400988992318,-0.7070640593391779,0.0,0.0005000000000023874,0.0,0.0,0.0049999999999954525,-0.0030000000000000027,0.0,0.034424500000000004,-0.0206547,-0.0137698,0.0275396,0.0137698,-0.0,-0.013974603174428,-0.001595115995096,-0.005600244200174,0.001000305250326,-0.0029146825397430003,0.0017419108669470002,0.011704699910724406,2.5555299998814007,0.26214599984086817,0.17507199981992017,0.0
pd,00:03:13.264,1717,-90.001,-90.0,-0.0,-89.911,0.245,-0.0,0.0,0.0,0.0,0.0,0.0,0.0,-90.0,-90.0,0.0,-89.901,0.239,-0.0,-90.0005,-90.0,0.0,-89.906,0.242,0.0,0.07424072500743463,0.0,0.0,0.7424072500711812,-0.4454443500424813,0.0,0.0005000000000023874,0.0,0.0,0.0049999999999954525,-0.0030000000000000027,0.0,0.0206547,0.0206547,0.0068849,0.0757339,-0.0206547,-0.0137698,-0.013489133088964,-0.002548717948686,-0.005842979242906,0.001000305250326,-0.0022248168498630004,0.001569444444477,0.011704699910724406,4.246272999807843,0.25905299980877317,0.19490500017127488,0.0
pd,00:03:13.269,1718,-90.001,-90.0,-0.0,-89.911,0.245,-0.0,0.0,0.0,0.0,0.0,0.0,0.0,-90.0,-90.0,0.0,-89.901,0.239,-0.0,-90.0005,-90.0,0.0,-89.906,0.242,0.0,0.05189172069109748,0.0,0.0,0.5189172069087625,-0.3113503241450985,0.0,0.0005000000000023874,0.0,0.0,0.0049999999999954525,-0.0030000000000000027,0.0,0.0206547,0.0206547,0.0068849,0.0757339,-0.0206547,-0.0137698,-0.013489133088964,-0.002548717948686,-0.005842979242906,0.001000305250326,-0.0022248168498630004,0.001569444444477,0.011704699910724406,1.7678340000202297,0.17010900000968832,0.06590700013475725,0.0
pd,00:03:13.271,1719,-90.001,-90.0,-0.0,-89.911,0.245,-0.0,0.0,0.0,0.0,0.0,0.0,0.0,-90.0,-90.0,0.0,-89.901,0.239,-0.0,-90.0005,-90.0,0.0,-89.906,0.242,0.0,0.12060915574016641,0.0,0.0,1.2060915573965223,-0.7236549344375438,0.0,0.0005000000000023874,0.0,0.0,0.0049999999999954525,-0.0030000000000000027,0.0,0.0206547,0.0206547,0.0068849,0.0757339,-0.0206547,-0.0137698,-0.013489133088964,-0.002548717948686,-0.005842979242906,0.001000305250326,-0.0022248168498630004,0.001569444444477,0.011704699910724406,1.695595000001049,0.18838699998013908,0.0694810000823054,0.0
pd,00:03:13.273,1720,-90.001,-90.0,-0.0,-89.911,0.245,-0.0,0.0,0.0,0.0,0.0,0.0,0.0,-90.0,-90.0,0.0,-89.901,0.239,-0.0,-90.0005,-90.0,0.0,-89.906,0.242,0.0,0.123289359201059,0.0,0.0,1.2328935920053339,-0.7397361552028225,0.0,0.0005000000000023874,0.0,0.0,0.0049999999999954525,-0.0030000000000000027,0.0,0.0206547,0.0206547,0.0068849,0.0757339,-0.0206547,-0.0137698,-0.013489133088964,-0.002548717948686,-0.005842979242906,0.001000305250326,-0.0022248168498630004,0.001569444444477,0.011704699910724406,1.7407600003025436,0.20273800009817933,0.09073999990505399,0.0
pd,00:03:13.276,1721,-90.001,-90.0,-0.0,-89.911,0.245,-0.0,0.0,0.0,0.0,0.0,0.0,0.0,-90.0,-90.0,0.0,-89.901,0.239,-0.0,-90.0005,-90.0,0.0,-89.906,0.242,0.0,0.0758738060785099,0.0,0.0,0.7587380607818642,-0.4552428364688861,0.0,0.0005000000000023874,0.0,0.0,0.0049999999999954525,-0.0030000000000000027,0.0,0.0206547,0.0206547,0.0068849,0.0757339,-0.0206547,-0.0137698,-0.013489133088964,-0.002548717948686,-0.005842979242906,0.001000305250326,-0.0022248168498630004,0.001569444444477,0.011704699910724406,2.069275999929232,0.26862599997912184,0.13172100034353207,0.0
pd,00:03:13.279,1722,-90.001,-90.0,0.0,-89.911,0.244,-0.0,0.0,0.0,0.0,0.0,-0.38525801414531125,0.0,-90.0,-90.0,0.0,-89.901,0.239,-0.0,-90.0005,-90.0,0.0,-89.906,0.28002580141453115,0.0,0.09631450353678762,0.0,0.0,0.96314503536377,6.939614355477798,0.0,0.0005000000000023874,0.0,0.0,0.0049999999999954525,0.036025801414531156,0.0,0.0206547,0.0206547,0.0068849,0.0757339,-0.0206547,-0.0137698,-0.013489133088964,-0.002548717948686,-0.005842979242906,0.001000305250326,-0.0022248168498630004,0.001569444444477,0.011224972160326809,1.8599439999889,0.25179400017805165,0.12203599999338621,0.0
pd,00:03:13.281,1723,-90.001,-90.0,0.0,-89.911,0.244,-0.0,0.0,0.0,0.0,0.0,0.0,0.0,-90.0,-90.0,0.0,-89.901,0.239,-0.0,-90.0005,-90.0,0.0,-89.906,0.2415,0.0,0.10149801568144486,0.0,0.0,1.0149801568101213,-0.5074900784048015,0.0,0.0005000000000023874,0.0,0.0,0.0049999999999954525,-0.0025000000000000022,0.0,0.0206547,0.0206547,0.0068849,0.0757339,-0.0206547,-0.0137698,-0.013489133088964,-0.002548717948686,-0.005842979242906,0.001000305250326,-0.0022248168498630004,0.001569444444477,0.011224972160326809,1.865259000169317,0.24096100014503463,0.12077700012014247,0.0
