controller,timestamp,loop,q0,q1,q2,q3,q4,q5,qvel0,qvel1,qvel2,qvel3,qvel4,qvel5,target0,target1,target2,target3,target4,target5,cmd_pos0,cmd_pos1,cmd_pos2,cmd_pos3,cmd_pos4,cmd_pos5,cmd_vel0,cmd_vel1,cmd_vel2,cmd_vel3,cmd_vel4,cmd_vel5,u0,u1,u2,u3,u4,u5,hal_vel0,hal_vel1,hal_vel2,hal_vel3,hal_vel4,hal_vel5,hal_torq0,hal_torq1,hal_torq2,hal_torq3,hal_torq4,hal_torq5,err_norm,poll_ms,pd_solve_ms,hal_write_ms,sleep_ms
pd,00:04:08.989,1,-90.001,-59.999,0.003,-89.963,0.0,-0.0,0.0,0.0,0.0,0.0,0.0,0.0,-90.001,-70.0,0.003,-89.964,0.0,-0.0,-90.001,-64.9995,0.003,-89.9635,0.0,0.0,0.0,0.0,0.0,0.0,0.0,0.0,0.0,-5.000499999999995,0.0,-0.0005000000000023874,0.0,0.0,-0.0137698,-0.0068849,0.0068849,-0.0137698,-0.0550792,-0.0413094,-0.0059643467642719996,-0.073566056165134,-0.01317704517688,0.0026387362637910004,0.000189713064717,0.001362484737513,10.001000049994998,1.9935170003009262,0.23677599983784603,0.11540600007720059,0.0
pd,00:04:08.992,2,-90.001,-59.999,0.003,-89.963,0.0,-0.0,0.0,0.0,0.0,0.0,0.0,0.0,-90.001,-70.0,0.003,-89.964,0.0,-0.0,-90.001,-64.9995,0.003,-89.9635,0.0,0.0,0.0,-941.1117810284481,0.0,-0.09410176792650154,0.0,0.0,0.0,-5.000499999999995,0.0,-0.0005000000000023874,0.0,0.0,-0.0137698,-0.0068849,0.0068849,-0.0137698,-0.0550792,-0.0413094,-0.0059643467642719996,-0.073566056165134,-0.01317704517688,0.0026387362637910004,0.000189713064717,0.001362484737513,10.001000049994998,2.255274000162899,0.2629230002639815,0.12412799969752086,0.0
pd,00:04:08.995,3,-90.001,-59.999,0.003,-89.963,0.0,-0.0,0.0,0.0,0.0,0.0,0.0,0.0,-90.001,-70.0,0.003,-89.964,0.0,-0.0,-90.001,-64.9995,0.003,-89.9635,0.0,0.0,0.0,-845.573986131269,0.0,-0.08454894371915875,0.0,0.0,0.0,-5.000499999999995,0.0,-0.0005000000000023874,0.0,0.0,-0.0137698,-0.0068849,0.0068849,-0.0137698,-0.0550792,-0.0413094,-0.0059643467642719996,-0.073566056165134,-0.01317704517688,0.0026387362637910004,0.000189713064717,0.001362484737513,10.001000049994998,1.8970559999615944,0.25049799978660303,0.1166289998764114,0.0
pd,00:04:08.998,4,-90.001,-59.999,0.003,-89.963,0.0,-0.0,0.0,0.0,0.0,0.0,0.0,0.0,-90.001,-70.0,0.003,-89.964,0.0,-0.0,-90.001,-64.9995,0.003,-89.9635,0.0,0.0,0.0,-973.2536961484916,0.0,-0.09731563805150875,0.0,0.0,0.0,-5.000499999999995,0.0,-0.0005000000000023874,0.0,0.0,-0.0137698,-0.0068849,0.0068849,-0.0137698,-0.0550792,-0.0413094,-0.0059643467642719996,-0.073566056165134,-0.01317704517688,0.0026387362637910004,0.000189713064717,0.001362484737513,10.001000049994998,2.24799699981304,0.2682560002540413,0.12351699979262776,0.0
pd,00:04:09.000,5,-90.001,-59.999,0.003,-89.963,0.0,-0.0,0.0,0.0,0.0,0.0,0.0,0.0,-90.001,-70.0,0.003,-89.964,0.0,-0.0,-90.001,-64.9995,0.003,-89.9635,0.0,0.0,0.0,-908.6568387488084,0.0,-0.09085659821549318,0.0,0.0,0.0,-5.000499999999995,0.0,-0.0005000000000023874,0.0,0.0,-0.0137698,-0.0068849,0.0068849,-0.0137698,-0.0550792,-0.0413094,-0.0059643467642719996,-0.073566056165134,-0.01317704517688,0.0026387362637910004,0.000189713064717,0.001362484737513,10.001000049994998,1.9534059997567965,0.6120309999460005,0.14403499972104328,0.0
pd,00:04:09.003,6,-90.001,-59.999,0.003,-89.963,0.0,-0.0,0.0,0.0,0.0,0.0,0.0,0.0,-90.001,-70.0,0.003,-89.964,0.0,-0.0,-90.001,-64.9995,0.003,-89.9635,0.0,0.0,0.0,-857.2556671298944,0.0,-0.08571699501389739,0.0,0.0,0.0,-5.000499999999995,0.0,-0.0005000000000023874,0.0,0.0,0.0137698,-0.0550792,-0.0206547,-0.0481943,0.0413094,-0.034424500000000004,-0.006103052502976,-0.07386080585988,-0.013385103784935999,0.002793956044014,8.6233211235e-05,0.0018108974359350002,10.001000049994998,2.9388230000222393,0.2524970000195026,0.17473900015829713,0.0
pd,00:04:09.007,7,-90.001,-59.999,0.003,-89.963,0.0,-0.0,0.0,0.0,0.0,0.0,0.0,0.0,-90.001,-70.0,0.003,-89.964,0.0,-0.0,-90.001,-64.9995,0.003,-89.9635,0.0,0.0,0.0,-720.8914948786689,0.0,-0.07208194129408171,0.0,0.0,0.0,-5.000499999999995,0.0,-0.0005000000000023874,0.0,0.0,0.0137698,-0.0550792,-0.0206547,-0.0481943,0.0413094,-0.034424500000000004,-0.006103052502976,-0.07386080585988,-0.013385103784935999,0.002793956044014,8.6233211235e-05,0.0018108974359350002,10.001000049994998,2.9632480000145733,0.2635159999044845,0.13505399965652032,0.0
pd,00:04:09.010,8,-90.001,-59.999,0.003,-89.963,0.0,-0.0,0.0,0.0,0.0,0.0,0.0,0.0,-90.001,-70.0,0.003,-89.964,0.0,-0.0,-90.001,-64.9995,0.003,-89.9635,0.0,0.0,0.0,-718.6683508771928,0.0,-0.07185964912315014,0.0,0.0,0.0,-5.000499999999995,0.0,-0.0005000000000023874,0.0,0.0,0.0137698,-0.0550792,-0.0206547,-0.0481943,0.0413094,-0.034424500000000004,-0.006103052502976,-0.07386080585988,-0.013385103784935999,0.002793956044014,8.6233211235e-05,0.0018108974359350002,10.001000049994998,2.180515999953059,0.233812999795191,0.18098000009558746,0.0
pd,00:04:09.013,9,-90.001,-59.999,0.003,-89.963,0.0,-0.0,0.0,0.0,0.0,0.0,0.0,0.0,-90.001,-70.0,0.003,-89.964,0.0,-0.0,-90.001,-64.9995,0.003,-89.9635,0.0,0.0,0.0,-928.6114031701052,0.0,-0.09285185513194075,0.0,0.0,0.0,-5.000499999999995,0.0,-0.0005000000000023874,0.0,0.0,0.0137698,-0.0550792,-0.0206547,-0.0481943,0.0413094,-0.034424500000000004,-0.006103052502976,-0.07386080585988,-0.013385103784935999,0.002793956044014,8.6233211235e-05,0.0018108974359350002,10.001000049994998,2.418069000214018,0.3244970002924674,0.10059099986392539,0.0
pd,00:04:09.016,10,-90.001,-59.999,0.003,-89.963,0.0,-0.0,0.0,0.0,0.0,0.0,0.0,0.0,-90.001,-70.0,0.003,-89.964,0.0,-0.0,-90.001,-64.9995,0.003,-89.9635,0.0,0.0,0.0,-850.8566795943203,0.0,-0.08507716024381394,0.0,0.0,0.0,-5.000499999999995,0.0,-0.0005000000000023874,0.0,0.0,0.0137698,-0.0550792,-0.0206547,-0.0481943,0.0413094,-0.034424500000000004,-0.006103052502976,-0.07386080585988,-0.013385103784935999,0.002793956044014,8.6233211235e-05,0.0018108974359350002,10.001000049994998,1.8135570003323664,0.16634999974485254,0.18623899995873217,0.0
pd,00:04:09.018,11,-90.001,-59.999,0.003,-89.963,0.0,-0.0,0.0,0.0,0.0,0.0,0.0,0.0,-90.001,-70.0,0.003,-89.964,0.0,-0.0,-90.001,-64.9995,0.003,-89.9635,0.0,0.0,0.0,-1026.6087690651002,0.0,-0.10265061184581564,0.0,0.0,0.0,-5.000499999999995,0.0,-0.0005000000000023874,0.0,0.0,0.0137698,-0.0550792,-0.0206547,-0.0481943,0.0413094,-0.034424500000000004,-0.006103052502976,-0.07386080585988,-0.013385103784935999,0.002793956044014,8.6233211235e-05,0.0018108974359350002,10.001000049994998,2.326346999780071,0.2779780002128973,0.12714700005744817,0.0
pd,00:04:09.021,12,-90.001,-59.999,0.003,-89.963,0.0,-0.0,0.0,0.0,0.0,0.0,0.0,0.0,-90.001,-70.0,0.003,-89.964,0.0,-0.0,-90.001,-64.9995,0.003,-89.9635,0.0,0.0,0.0,-881.2444181512603,0.0,-0.08811563025252157,0.0,0.0,0.0,-5.000499999999995,0.0,-0.0005000000000023874,0.0,0.0,0.0137698,-0.0550792,-0.0206547,-0.0481943,0.0413094,-0.034424500000000004,-0.006103052502976,-0.07386080585988,-0.013385103784935999,0.002793956044014,8.6233211235e-05,0.0018108974359350002,10.001000049994998,1.9184070001756481,0.29936800001451047,0.11772099969675764,0.0
pd,00:04:09.023,13,-90.001,-59.999,0.003,-89.963,0.0,-0.0,0.0,0.0,0.0,0.0,0.0,0.0,-90.001,-70.0,0.003,-89.964,0.0,-0.0,-90.001,-64.9995,0.003,-89.9635,0.0,0.0,0.0,-1024.0023997656476,0.0,-0.10239000097695604,0.0,0.0,0.0,-5.000499999999995,0.0,-0.0005000000000023874,0.0,0.0,-0.0206547,-0.034424500000000004,-0.0137698,0.0068849,0.0206547,0.0275396,-0.00650183150175,-0.075924053723102,-0.013073015872852,0.0025697496948030004,-1.7246642247e-05,0.0017419108669470002,10.001000049994998,2.8416390000529645,0.2735899997787783,0.13329500006875605,0.0
pd,00:04:09.027,14,-90.001,-59.999,0.003,-89.963,0.0,-0.0,0.0,0.0,0.0,0.0,0.0,0.0,-90.001,-70.0,0.003,-89.964,0.0,-0.0,-90.001,-64.9995,0.003,-89.9635,0.0,0.0,0.0,-742.5866432516639,0.0,-0.07425123920160082,0.0,0.0,0.0,-5.000499999999995,0.0,-0.0005000000000023874,0.0,0.0,-0.0206547,-0.034424500000000004,-0.0137698,0.0068849,0.0206547,0.0275396,-0.00650183150175,-0.075924053723102,-0.013073015872852,0.0025697496948030004,-1.7246642247e-05,0.0017419108669470002,10.001000049994998,2.464493999923434,0.27092300024378346,0.6927710001036758,0.0
pd,00:04:09.030,15,-90.001,-59.999,0.003,-89.963,0.0,-0.0,0.0,0.0,0.0,0.0,0.0,0.0,-90.001,-70.0,0.003,-89.964,0.0,-0.0,-90.001,-64.9995,0.003,-89.9635,0.0,0.0,0.0,-704.1907450980391,0.0,-0.07041203330680948,0.0,0.0,0.0,-5.000499999999995,0.0,-0.0005000000000023874,0.0,0.0,-0.0206547,-0.034424500000000004,-0.0137698,0.0068849,0.0206547,0.0275396,-0.00650183150175,-0.075924053723102,-0.013073015872852,0.0025697496948030004,-1.7246642247e-05,0.0017419108669470002,10.001000049994998,2.0012210002278152,0.30108900000413996,0.11610999990807613,0.0
pd,00:04:09.033,16,-90.001,-59.999,0.003,-89.963,0.0,-0.0,0.0,0.0,0.0,0.0,0.0,0.0,-90.001,-70.0,0.003,-89.964,0.0,-0.0,-90.001,-64.9995,0.003,-89.9635,0.0,0.0,0.0,-990.4428197959952,0.0,-0.09903437854221825,0.0,0.0,0.0,-5.000499999999995,0.0,-0.0005000000000023874,0.0,0.0,-0.0206547,-0.034424500000000004,-0.0137698,0.0068849,0.0206547,0.0275396,-0.00650183150175,-0.075924053723102,-0.013073015872852,0.0025697496948030004,-1.7246642247e-05,0.0017419108669470002,10.001000049994998,2.981377999731194,0.25801599986152723,0.17607299969313317,0.0
pd,00:04:09.036,17,-90.001,-60.0,0.003,-89.963,0.0,-0.0,0.0,-0.2828256237350118,0.0,0.0,0.0,0.0,-90.001,-70.0,0.003,-89.964,0.0,-0.0,-90.001,-64.9717174376265,0.003,-89.9635,0.0,0.0,0.0,-703.0645426671131,0.0,-0.07070640593425534,0.0,0.0,0.0,-4.971717437626495,0.0,-0.0005000000000023874,0.0,0.0,-0.0206547,-0.034424500000000004,-0.0137698,0.0068849,0.0206547,0.0275396,-0.00650183150175,-0.075924053723102,-0.013073015872852,0.0025697496948030004,-1.7246642247e-05,0.0017419108669470002,10.00000005,2.0835169998463243,0.25964500036934623,0.13381300004766672,0.0
pd,00:04:09.039,18,-90.001,-60.0,0.003,-89.963,0.0,-0.0,0.0,0.0,0.0,0.0,0.0,0.0,-90.001,-70.0,0.003,-89.964,0.0,-0.0,-90.001,-65.0,0.003,-89.9635,0.0,0.0,0.0,-962.7912955651456,0.0,-0.09627912955697428,0.0,0.0,0.0,-5.0,0.0,-0.0005000000000023874,0.0,0.0,-0.0206547,-0.034424500000000004,-0.0137698,0.0068849,0.0206547,0.0275396,-0.00650183150175,-0.075924053723102,-0.013073015872852,0.0025697496948030004,-1.7246642247e-05,0.0017419108669470002,10.00000005,1.965110000128334,0.2232379997622047,0.09814699978960562,0.0
pd,00:04:09.041,19,-90.001,-60.0,0.003,-89.963,0.0,-0.0,0.0,0.0,0.0,0.0,0.0,0.0,-90.001,-70.0,0.003,-89.964,0.0,-0.0,-90.001,-65.0,0.003,-89.9635,0.0,0.0,0.0,-1051.0986367281475,0.0,-0.10510986367331664,0.0,0.0,0.0,-5.0,0.0,-0.0005000000000023874,0.0,0.0,-0.0206547,-0.034424500000000004,-0.0137698,0.0068849,0.0206547,0.0275396,-0.00650183150175,-0.075924053723102,-0.013073015872852,0.0025697496948030004,-1.7246642247e-05,0.0017419108669470002,10.00000005,1.7152609998447588,0.23679400010223617,0.09994299989557476,0.0
pd,00:04:09.044,20,-90.001,-60.0,0.003,-89.963,0.0,-0.0,0.0,0.0,0.0,0.0,0.0,0.0,-90.001,-70.0,0.003,-89.964,0.0,-0.0,-90.001,-65.0,0.003,-89.9635,0.0,0.0,0.0,-1156.8578993821711,0.0,-0.1156857899387695,0.0,0.0,0.0,-5.0,0.0,-0.0005000000000023874,0.0,0.0,-0.0481943,-4.599113200000001,0.0206547,0.06884900000000001,0.0068849,0.0068849,-0.0069352869352,-0.082737973136936,-0.01283028083012,0.0026732295482850004,0.000293192918199,0.001052045177067,10.00000005,2.8385460000208695,0.397218000216526,0.16764700012572575,0.0
pd,00:04:09.047,21,-90.001,-60.0,0.003,-89.963,0.0,-0.0,0.0,0.0,0.0,0.0,0.0,0.0,-90.001,-70.0,0.003,-89.964,0.0,-0.0,-90.001,-65.0,0.003,-89.9635,0.0,0.0,0.0,-658.6118962376735,0.0,-0.06586118962408183,0.0,0.0,0.0,-5.0,0.0,-0.0005000000000023874,0.0,0.0,-0.0481943,-4.599113200000001,0.0206547,0.06884900000000001,0.0068849,0.0068849,-0.0069352869352,-0.082737973136936,-0.01283028083012,0.0026732295482850004,0.000293192918199,0.001052045177067,10.00000005,1.9546290000107547,0.24686799997652997,0.2567010001257586,0.0
pd,00:04:09.050,22,-90.001,-60.0,0.003,-89.963,0.0,-0.0,0.0,0.0,0.0,0.0,0.0,0.0,-90.001,-70.0,0.003,-89.964,0.0,-0.0,-90.001,-65.0,0.003,-89.9635,0.0,0.0,0.0,-949.883141588912,0.0,-0.09498831415934476,0.0,0.0,0.0,-5.0,0.0,-0.0005000000000023874,0.0,0.0,-0.0481943,-4.599113200000001,0.0206547,0.06884900000000001,0.0068849,0.0068849,-0.0069352869352,-0.082737973136936,-0.01283028083012,0.0026732295482850004,0.000293192918199,0.001052045177067,10.00000005,1.924221000081161,0.22186800015333574,0.09540600012769573,0.0
pd,00:04:09.052,23,-90.001,-60.0,0.003,-89.963,0.0,-0.0,0.0,0.0,0.0,0.0,0.0,0.0,-90.001,-70.0,0.003,-89.964,0.0,-0.0,-90.001,-65.0,0.003,-89.9635,0.0,0.0,0.0,-1073.041342611543,0.0,-0.10730413426166668,0.0,0.0,0.0,-5.0,0.0,-0.0005000000000023874,0.0,0.0,-0.0481943,-4.599113200000001,0.0206547,0.06884900000000001,0.0068849,0.0068849,-0.0069352869352,-0.082737973136936,-0.01283028083012,0.0026732295482850004,0.000293192918199,0.001052045177067,10.00000005,2.2629410000263306,0.2582560000519152,0.6634010001107526,0.0
pd,00:04:09.056,24,-90.001,-60.0,0.003,-89.963,0.0,-0.0,0.0,0.0,0.0,0.0,0.0,0.0,-90.001,-70.0,0.003,-89.964,0.0,-0.0,-90.001,-65.0,0.003,-89.9635,0.0,0.0,0.0,-747.8610655445403,0.0,-0.07478610655481112,0.0,0.0,0.0,-5.0,0.0,-0.0005000000000023874,0.0,0.0,-0.0481943,-4.599113200000001,0.0206547,0.06884900000000001,0.0068849,0.0068849,-0.0069352869352,-0.082737973136936,-0.01283028083012,0.0026732295482850004,0.000293192918199,0.001052045177067,10.00000005,2.811286999985896,0.2405340001132572,0.11355399965395918,0.0
pd,00:04:09.059,25,-90.001,-60.0,0.003,-89.963,0.0,-0.0,0.0,0.0,0.0,0.0,0.0,0.0,-90.001,-70.0,0.003,-89.964,0.0,-0.0,-90.001,-65.0,0.003,-89.9635,0.0,0.0,0.0,-765.2722230331339,0.0,-0.0765272223036788,0.0,0.0,0.0,-5.0,0.0,-0.0005000000000023874,0.0,0.0,-0.0481943,-4.599113200000001,0.0206547,0.06884900000000001,0.0068849,0.0068849,-0.0069352869352,-0.082737973136936,-0.01283028083012,0.0026732295482850004,0.000293192918199,0.001052045177067,10.00000005,2.739084000040748,0.3617550000853953,0.13473899980454007,0.0
pd,00:04:09.062,26,-90.001,-60.0,0.003,-89.963,0.0,-0.0,0.0,0.0,0.0,0.0,0.0,0.0,-90.001,-70.0,0.003,-89.964,0.0,-0.0,-90.001,-65.0,0.003,-89.9635,0.0,0.0,0.0,-727.8744967374705,0.0,-0.0727874496740946,0.0,0.0,0.0,-5.0,0.0,-0.0005000000000023874,0.0,0.0,0.0413094,-7.6284692000000005,0.0206547,0.0826188,0.0413094,-0.0068849,-0.005097435897372,-0.09917460317336,-0.013419780219612,0.00310439560446,-1.7246642247e-05,0.001293498168525,10.00000005,2.640474000145332,0.368791999790119,0.16631300013614236,0.0
pd,00:04:09.066,27,-90.001,-60.0,0.003,-89.963,0.0,-0.0,0.0,0.0,0.0,0.0,0.0,0.0,-90.001,-70.0,0.003,-89.964,0.0,-0.0,-90.001,-65.0,0.003,-89.9635,0.0,0.0,0.0,-753.5038804254096,0.0,-0.07535038804290074,0.0,0.0,0.0,-5.0,0.0,-0.0005000000000023874,0.0,0.0,0.0413094,-7.6284692000000005,0.0206547,0.0826188,0.0413094,-0.0068849,-0.005097435897372,-0.09917460317336,-0.013419780219612,0.00310439560446,-1.7246642247e-05,0.001293498168525,10.00000005,1.991110000290064,0.2576459996816993,0.12148100040576537,0.0
pd,00:04:09.068,28,-90.001,-60.0,0.003,-89.963,0.0,-0.0,0.0,0.0,0.0,0.0,0.0,0.0,-90.001,-70.0,0.003,-89.964,0.0,-0.0,-90.001,-65.0,0.003,-89.9635,0.0,0.0,0.0,-1010.0915133416819,0.0,-0.1010091513346505,0.0,0.0,0.0,-5.0,0.0,-0.0005000000000023874,0.0,0.0,0.0413094,-7.6284692000000005,0.0206547,0.0826188,0.0413094,-0.0068849,-0.005097435897372,-0.09917460317336,-0.013419780219612,0.00310439560446,-1.7246642247e-05,0.001293498168525,10.00000005,2.2310149997792905,0.2094609999403474,0.09777700006452505,0.0
pd,00:04:09.071,29,-90.001,-60.0,0.003,-89.963,0.0,-0.0,0.0,0.0,0.0,0.0,0.0,0.0,-90.001,-70.0,0.003,-89.964,0.0,-0.0,-90.001,-65.0,0.003,-89.9635,0.0,0.0,0.0,-865.5902261845798,0.0,-0.08655902261887129,0.0,0.0,0.0,-5.0,0.0,-0.0005000000000023874,0.0,0.0,0.0413094,-7.6284692000000005,0.0206547,0.0826188,0.0413094,-0.0068849,-0.005097435897372,-0.09917460317336,-0.013419780219612,0.00310439560446,-1.7246642247e-05,0.001293498168525,10.00000005,2.066201000161527,0.23442300016540685,0.11651699969661422,0.0
pd,00:04:09.074,30,-90.001,-60.039,0.003,-89.963,0.0,-0.0,0.0,-15.058257939796206,0.0,0.0,0.0,0.0,-90.001,-70.0,0.003,-89.964,0.0,-0.0,-90.001,-63.51367420602038,0.003,-89.9635,0.0,0.0,0.0,-670.8018006539676,0.0,-0.09652729448633036,0.0,0.0,0.0,-3.4746742060203815,0.0,-0.0005000000000023874,0.0,0.0,0.0413094,-7.6284692000000005,0.0206547,0.0826188,0.0413094,-0.0068849,-0.005097435897372,-0.09917460317336,-0.013419780219612,0.00310439560446,-1.7246642247e-05,0.001293498168525,9.96100005019576,2.059590000044409,0.23183100029200432,0.10707299998102826,0.0
pd,00:04:09.077,31,-90.001,-60.039,0.003,-89.963,0.0,-0.0,0.0,0.0,0.0,0.0,0.0,0.0,-90.001,-70.0,0.003,-89.964,0.0,-0.0,-90.001,-65.0195,0.003,-89.9635,0.0,0.0,0.0,-763.569379048176,0.0,-0.07665589589918903,0.0,0.0,0.0,-4.980499999999992,0.0,-0.0005000000000023874,0.0,0.0,0.0413094,-7.6284692000000005,0.0206547,0.0826188,0.0413094,-0.0068849,-0.005097435897372,-0.09917460317336,-0.013419780219612,0.00310439560446,-1.7246642247e-05,0.001293498168525,9.96100005019576,2.538881999953446,0.23042399971018312,0.10340700009692227,0.0
pd,00:04:09.080,32,-90.001,-60.039,0.003,-89.963,0.0,-0.0,0.0,0.0,0.0,0.0,0.0,0.0,-90.001,-70.0,0.003,-89.964,0.0,-0.0,-90.001,-65.0195,0.003,-89.9635,0.0,0.0,0.0,-838.0026906290115,0.0,-0.08412836970515138,0.0,0.0,0.0,-4.980499999999992,0.0,-0.0005000000000023874,0.0,0.0,0.0413094,-7.6284692000000005,0.0206547,0.0826188,0.0413094,-0.0068849,-0.005097435897372,-0.09917460317336,-0.013419780219612,0.00310439560446,-1.7246642247e-05,0.001293498168525,9.96100005019576,2.375605999986874,0.2803299998959119,0.13983200005895924,0.0
pd,00:04:09.083,33,-90.001,-60.039,0.003,-89.963,0.0,-0.0,0.0,0.0,0.0,0.0,0.0,0.0,-90.001,-70.0,0.003,-89.964,0.0,-0.0,-90.001,-65.0195,0.003,-89.9635,0.0,0.0,0.0,-854.1761151455675,0.0,-0.08575204448846964,0.0,0.0,0.0,-4.980499999999992,0.0,-0.0005000000000023874,0.0,0.0,-0.034424500000000004,-12.2413522,0.0206547,0.13769800000000001,-0.0275396,-0.0,-0.005877655677582,-0.10760097679962799,-0.013073015872852,0.003242368742436,0.000500152625163,0.001569444444477,9.96100005019576,2.373013000124047,0.2905709998231032,0.15492500006075716,0.0
pd,00:04:09.086,34,-90.001,-60.039,0.003,-89.963,0.0,-0.0,0.0,0.0,0.0,0.0,0.0,0.0,-90.001,-70.0,0.003,-89.964,0.0,-0.0,-90.001,-65.0195,0.003,-89.9635,0.0,0.0,0.0,-841.6491165189362,0.0,-0.08449443996817138,0.0,0.0,0.0,-4.980499999999992,0.0,-0.0005000000000023874,0.0,0.0,-0.034424500000000004,-12.2413522,0.0206547,0.13769800000000001,-0.0275396,-0.0,-0.005877655677582,-0.10760097679962799,-0.013073015872852,0.003242368742436,0.000500152625163,0.001569444444477,9.96100005019576,1.9085179997091473,0.22373899992089719,0.09442500004297472,0.0
pd,00:04:09.088,35,-90.001,-60.039,0.003,-89.963,0.0,-0.0,0.0,0.0,0.0,0.0,0.0,0.0,-90.001,-70.0,0.003,-89.964,0.0,-0.0,-90.001,-65.0195,0.003,-89.9635,0.0,0.0,0.0,-1071.5979825587358,0.0,-0.10757935775161657,0.0,0.0,0.0,-4.980499999999992,0.0,-0.0005000000000023874,0.0,0.0,-0.034424500000000004,-12.2413522,0.0206547,0.13769800000000001,-0.0275396,-0.0,-0.005877655677582,-0.10760097679962799,-0.013073015872852,0.003242368742436,0.000500152625163,0.001569444444477,9.96100005019576,2.1940339997854608,0.20603500024662935,0.09044399985214113,0.0
pd,00:04:09.091,36,-90.001,-60.039,0.003,-89.963,0.0,-0.0,0.0,0.0,0.0,0.0,0.0,0.0,-90.001,-70.0,0.003,-89.964,0.0,-0.0,-90.001,-65.0195,0.003,-89.9635,0.0,0.0,0.0,-966.7591203258052,0.0,-0.09705442428776442,0.0,0.0,0.0,-4.980499999999992,0.0,-0.0005000000000023874,0.0,0.0,-0.034424500000000004,-12.2413522,0.0206547,0.13769800000000001,-0.0275396,-0.0,-0.005877655677582,-0.10760097679962799,-0.013073015872852,0.003242368742436,0.000500152625163,0.001569444444477,9.96100005019576,1.7197790002683178,0.14020200023878715,0.0629629998911696,0.0
pd,00:04:09.093,37,-90.001,-60.039,0.003,-89.963,0.0,-0.0,0.0,0.0,0.0,0.0,0.0,0.0,-90.001,-70.0,0.003,-89.964,0.0,-0.0,-90.001,-65.0195,0.003,-89.9635,0.0,0.0,0.0,-1228.6631615104104,0.0,-0.12334737089813043,0.0,0.0,0.0,-4.980499999999992,0.0,-0.0005000000000023874,0.0,0.0,-0.034424500000000004,-12.2413522,0.0206547,0.13769800000000001,-0.0275396,-0.0,-0.005877655677582,-0.10760097679962799,-0.013073015872852,0.003242368742436,0.000500152625163,0.001569444444477,9.96100005019576,1.8280740000591322,0.17799799979911768,0.08075799996731803,0.0
pd,00:04:09.095,38,-90.001,-60.16,0.003,-89.961,0.0,-0.0,0.0,-55.89941447295732,0.0,0.9239572640137074,0.0,0.0,-90.001,-70.0,0.003,-89.964,0.0,-0.0,-90.001,-59.49005855270427,0.003,-90.05489572640137,0.0,0.0,0.0,154.74931667354736,0.0,-21.688909617148095,0.0,0.0,0.0,0.6699414472957272,0.0,-0.0938957264013709,0.0,0.0,-0.034424500000000004,-12.2413522,0.0206547,0.13769800000000001,-0.0275396,-0.0,-0.005877655677582,-0.10760097679962799,-0.013073015872852,0.003242368742436,0.000500152625163,0.001569444444477,9.840000457317066,1.8035379998764256,0.15409100024044164,0.06575899988092715,0.0
pd,00:04:09.097,39,-90.001,-60.16,0.003,-89.961,0.0,-0.0,0.0,0.0,0.0,0.0,0.0,0.0,-90.001,-70.0,0.003,-89.964,0.0,-0.0,-90.001,-65.08,0.003,-89.9625,0.0,0.0,0.0,-1175.0356269217632,0.0,-0.35824256918347785,0.0,0.0,0.0,-4.920000000000002,0.0,-0.0015000000000071623,0.0,0.0,-0.034424500000000004,-12.2413522,0.0206547,0.13769800000000001,-0.0275396,-0.0,-0.005877655677582,-0.10760097679962799,-0.013073015872852,0.003242368742436,0.000500152625163,0.001569444444477,9.840000457317066,1.8400930002826499,0.16842500008351635,0.0793330000306014,0.0
pd,00:04:09.099,40,-90.001,-60.16,0.003,-89.961,0.0,-0.0,0.0,0.0,0.0,0.0,0.0,0.0,-90.001,-70.0,0.003,-89.964,0.0,-0.0,-90.001,-65.08,0.003,-89.9625,0.0,0.0,0.0,-1136.2171390815993,0.0,-0.34640766435415915,0.0,0.0,0.0,-4.920000000000002,0.0,-0.0015000000000071623,0.0,0.0,-0.034424500000000004,-12.2413522,0.0206547,0.13769800000000001,-0.0275396,-0.0,-0.005877655677582,-0.10760097679962799,-0.013073015872852,0.003242368742436,0.000500152625163,0.001569444444477,9.840000457317066,1.727593999930832,0.14586899987989455,0.06194399975356646,0.0
pd,00:04:09.102,41,-90.001,-60.16,0.003,-89.961,0.0,-0.0,0.0,0.0,0.0,0.0,0.0,0.0,-90.001,-70.0,0.003,-89.964,0.0,-0.0,-90.001,-65.08,0.003,-89.9625,0.0,0.0,0.0,-929.6322047031267,0.0,-0.28342445265340294,0.0,0.0,0.0,-4.920000000000002,0.0,-0.0015000000000071623,0.0,0.0,-0.034424500000000004,-12.2413522,0.0206547,0.13769800000000001,-0.0275396,-0.0,-0.005877655677582,-0.10760097679962799,-0.013073015872852,0.003242368742436,0.000500152625163,0.001569444444477,9.840000457317066,1.9081850000475242,0.3499590002320474,0.1793500000530912,0.0
pd,00:04:09.104,42,-90.001,-60.16,0.003,-89.961,0.0,-0.0,0.0,0.0,0.0,0.0,0.0,0.0,-90.001,-70.0,0.003,-89.964,0.0,-0.0,-90.001,-65.08,0.003,-89.9625,0.0,0.0,0.0,-948.4316426142112,0.0,-0.2891559886019045,0.0,0.0,0.0,-4.920000000000002,0.0,-0.0015000000000071623,0.0,0.0,0.0826188,-17.6528836,-0.0206547,-0.0206547,-0.0206547,-0.0550792,-0.006103052502976,-0.104618803417492,-0.013073015872852,0.003173382173448,-3.4493284494e-05,0.001569444444477,9.840000457317066,2.2524040000462264,0.22733100013283547,0.10631399982230505,0.0
pd,00:04:09.107,43,-90.001,-60.16,0.003,-89.961,0.0,-0.0,0.0,0.0,0.0,0.0,0.0,0.0,-90.001,-70.0,0.003,-89.964,0.0,-0.0,-90.001,-65.08,0.003,-89.9625,0.0,0.0,0.0,-916.6655863539448,0.0,-0.27947121535182295,0.0,0.0,0.0,-4.920000000000002,0.0,-0.0015000000000071623,0.0,0.0,0.0826188,-17.6528836,-0.0206547,-0.0206547,-0.0206547,-0.0550792,-0.006103052502976,-0.104618803417492,-0.013073015872852,0.003173382173448,-3.4493284494e-05,0.001569444444477,9.840000457317066,1.9563509999898088,0.23033099978420069,0.1210549999086652,0.0
pd,00:04:09.109,44,-90.001,-60.16,0.003,-89.961,0.0,-0.0,0.0,0.0,0.0,0.0,0.0,0.0,-90.001,-70.0,0.003,-89.964,0.0,-0.0,-90.001,-65.08,0.003,-89.9625,0.0,0.0,0.0,-1018.8592712550611,0.0,-0.3106278266021644,0.0,0.0,0.0,-4.920000000000002,0.0,-0.0015000000000071623,0.0,0.0,0.0826188,-17.6528836,-0.0206547,-0.0206547,-0.0206547,-0.0550792,-0.006103052502976,-0.104618803417492,-0.013073015872852,0.003173382173448,-3.4493284494e-05,0.001569444444477,9.840000457317066,2.044182999725308,0.22886799979460193,0.11037000012947829,0.0
pd,00:04:09.112,45,-90.001,-60.16,0.003,-89.961,0.0,-0.0,0.0,0.0,0.0,0.0,0.0,0.0,-90.001,-70.0,0.003,-89.964,0.0,-0.0,-90.001,-65.08,0.003,-89.9625,0.0,0.0,0.0,-992.4004847552181,0.0,-0.3025611234009925,0.0,0.0,0.0,-4.920000000000002,0.0,-0.0015000000000071623,0.0,0.0,0.0826188,-17.6528836,-0.0206547,-0.0206547,-0.0206547,-0.0550792,-0.006103052502976,-0.104618803417492,-0.013073015872852,0.003173382173448,-3.4493284494e-05,0.001569444444477,9.840000457317066,2.2303860000647546,0.2079050000247662,0.09944300018105423,0.0
pd,00:04:09.115,46,-90.001,-60.362,0.004,-89.959,0.0,-0.0,0.0,-76.79229656485292,0.3801598839844104,0.7603197679670488,0.0,0.0,-90.001,-70.0,0.003,-89.964,0.0,-0.0,-90.001,-57.50177034351471,-0.03451598839844104,-90.0375319767967,0.0,0.0,0.0,543.6722871891095,-7.321116840548123,-14.927353594050437,0.0,0.0,0.0,2.860229656485295,-0.038515988398441045,-0.07853197679669677,0.0,0.0,0.0826188,-17.6528836,-0.0206547,-0.0206547,-0.0206547,-0.0550792,-0.006103052502976,-0.104618803417492,-0.013073015872852,0.003173382173448,-3.4493284494e-05,0.001569444444477,9.63800134882746,1.7466489998696488,0.1431289997526619,0.06003700036671944,0.0
pd,00:04:09.117,47,-90.001,-60.362,0.004,-89.959,0.0,-0.0,0.0,0.0,0.0,0.0,0.0,0.0,-90.001,-70.0,0.003,-89.964,0.0,-0.0,-90.001,-65.181,0.0035,-89.9615,0.0,0.0,0.0,-1195.1484730368966,-0.12400378429517503,-0.6200189214753112,0.0,0.0,0.0,-4.8189999999999955,-0.0005,-0.0024999999999977263,0.0,0.0,0.0826188,-17.6528836,-0.0206547,-0.0206547,-0.0206547,-0.0550792,-0.006103052502976,-0.104618803417492,-0.013073015872852,0.003173382173448,-3.4493284494e-05,0.001569444444477,9.63800134882746,1.7243899997083645,0.13622100004795357,0.05748000012317789,0.0
pd,00:04:09.119,48,-90.001,-60.362,0.004,-89.959,0.0,-0.0,0.0,0.0,0.0,0.0,0.0,0.0,-90.001,-70.0,0.003,-89.964,0.0,-0.0,-90.001,-65.181,0.0035,-89.9615,0.0,0.0,0.0,-1214.6845538461537,-0.12603076923076922,-0.6301538461532731,0.0,0.0,0.0,-4.8189999999999955,-0.0005,-0.0024999999999977263,0.0,0.0,0.0826188,-17.6528836,-0.0206547,-0.0206547,-0.0206547,-0.0550792,-0.006103052502976,-0.104618803417492,-0.013073015872852,0.003173382173448,-3.4493284494e-05,0.001569444444477,9.63800134882746,1.8237419999422855,0.1546280000184197,0.0930549999793584,0.0
pd,00:04:09.121,49,-90.001,-60.362,0.004,-89.959,0.0,-0.0,0.0,0.0,0.0,0.0,0.0,0.0,-90.001,-70.0,0.003,-89.964,0.0,-0.0,-90.001,-65.181,0.0035,-89.9615,0.0,0.0,0.0,-1122.9083875555552,-0.11650844444444444,-0.5825422222216924,0.0,0.0,0.0,-4.8189999999999955,-0.0005,-0.0024999999999977263,0.0,0.0,0.0826188,-17.6528836,-0.0206547,-0.0206547,-0.0206547,-0.0550792,-0.006103052502976,-0.104618803417492,-0.013073015872852,0.003173382173448,-3.4493284494e-05,0.001569444444477,9.63800134882746,1.899591999972472,0.23157200030254899,0.12660999982472276,0.0
pd,00:04:09.123,50,-90.001,-60.362,0.004,-89.959,0.0,-0.0,0.0,0.0,0.0,0.0,0.0,0.0,-90.001,-70.0,0.003,-89.964,0.0,-0.0,-90.001,-65.181,0.0035,-89.9615,0.0,0.0,0.0,-1017.3319396013688,-0.10555425810348298,-0.5277712905169349,0.0,0.0,0.0,-4.8189999999999955,-0.0005,-0.0024999999999977263,0.0,0.0,0.0,-22.2451119,-0.0275396,-0.0,0.0068849,-0.0,-0.006727228327143999,-0.103058363857072,-0.01430402930385,0.0027422161172730003,-1.7246642247e-05,0.0019661172161580002,9.63800134882746,3.1342839997705596,0.8189919999495032,0.2018690001932555,0.0
pd,00:04:09.128,51,-90.001,-60.362,0.004,-89.959,0.0,-0.0,0.0,0.0,0.0,0.0,0.0,0.0,-90.001,-70.0,0.003,-89.964,0.0,-0.0,-90.001,-65.181,0.0035,-89.9615,0.0,0.0,0.0,-534.4920397715251,-0.05545673788872435,-0.27728368944336956,0.0,0.0,0.0,-4.8189999999999955,-0.0005,-0.0024999999999977263,0.0,0.0,0.0,-22.2451119,-0.0275396,-0.0,0.0068849,-0.0,-0.006727228327143999,-0.103058363857072,-0.01430402930385,0.0027422161172730003,-1.7246642247e-05,0.0019661172161580002,9.63800134882746,1.9326660003571305,0.23383100005958113,0.41321900016555446,0.0
pd,00:04:09.130,52,-90.001,-60.362,0.004,-89.959,0.0,-0.0,0.0,0.0,0.0,0.0,0.0,0.0,-90.001,-70.0,0.003,-89.964,0.0,-0.0,-90.001,-65.181,0.0035,-89.9615,0.0,0.0,0.0,-885.574438135296,-0.09188363126533473,-0.4594181563262558,0.0,0.0,0.0,-4.8189999999999955,-0.0005,-0.0024999999999977263,0.0,0.0,0.0,-22.2451119,-0.0275396,-0.0,0.0068849,-0.0,-0.006727228327143999,-0.103058363857072,-0.01430402930385,0.0027422161172730003,-1.7246642247e-05,0.0019661172161580002,9.63800134882746,1.7412600000170642,0.17538700012664776,0.06764799991287873,0.0
pd,00:04:09.132,53,-90.001,-60.362,0.004,-89.959,0.0,-0.0,0.0,0.0,0.0,0.0,0.0,0.0,-90.001,-70.0,0.003,-89.964,0.0,-0.0,-90.001,-65.181,0.0035,-89.9615,0.0,0.0,0.0,-1173.2267805897375,-0.12172927791966566,-0.6086463895977747,0.0,0.0,0.0,-4.8189999999999955,-0.0005,-0.0024999999999977263,0.0,0.0,0.0,-22.2451119,-0.0275396,-0.0,0.0068849,-0.0,-0.006727228327143999,-0.103058363857072,-0.01430402930385,0.0027422161172730003,-1.7246642247e-05,0.0019661172161580002,9.63800134882746,1.882610999928147,0.34375599989289185,0.12175799975011614,0.0
pd,00:04:09.135,54,-90.001,-60.667,0.004,-89.958,0.0,-0.0,0.0,-123.94755546943114,0.0,0.4063854277705675,0.0,0.0,-90.001,-70.0,0.003,-89.964,0.0,-0.0,-90.001,-52.938744453056884,0.0035,-90.00163854277706,0.0,0.0,0.0,1570.3252181748715,-0.10159635694215677,-8.867033936826893,0.0,0.0,0.0,7.728255546943117,-0.0005,-0.04363854277706025,0.0,0.0,0.0,-22.2451119,-0.0275396,-0.0,0.0068849,-0.0,-0.006727228327143999,-0.103058363857072,-0.01430402930385,0.0027422161172730003,-1.7246642247e-05,0.0019661172161580002,9.333001982213439,2.0104990003346757,0.23920100011309842,0.11501700009830529,0.0
pd,00:04:09.137,55,-90.001,-60.667,0.004,-89.958,0.0,-0.0,0.0,0.0,0.0,0.0,0.0,0.0,-90.001,-70.0,0.003,-89.964,0.0,-0.0,-90.001,-65.3335,0.0035,-89.961,0.0,0.0,0.0,-944.3558629740421,-0.1011845990543279,-0.6071075943259904,0.0,0.0,0.0,-4.666499999999999,-0.0005,-0.0030000000000001137,0.0,0.0,0.0,-22.2451119,-0.0275396,-0.0,0.0068849,-0.0,-0.006727228327143999,-0.103058363857072,-0.01430402930385,0.0027422161172730003,-1.7246642247e-05,0.0019661172161580002,9.333001982213439,1.872963000096206,0.1691459997346101,0.08940600037021795,0.0
pd,00:04:09.139,56,-90.001,-60.667,0.004,-89.958,0.0,-0.0,0.0,0.0,0.0,0.0,0.0,0.0,-90.001,-70.0,0.003,-89.964,0.0,-0.0,-90.001,-65.3335,0.0035,-89.961,0.0,0.0,0.0,-1052.6363136495643,-0.11278649026567711,-0.6767189415940883,0.0,0.0,0.0,-4.666499999999999,-0.0005,-0.0030000000000001137,0.0,0.0,0.0,-22.2451119,-0.0275396,-0.0,0.0068849,-0.0,-0.006727228327143999,-0.103058363857072,-0.01430402930385,0.0027422161172730003,-1.7246642247e-05,0.0019661172161580002,9.333001982213439,2.5771969999368594,0.2510159997655137,0.12294399994061678,0.0
pd,00:04:09.143,57,-90.001,-60.667,0.004,-89.958,0.0,-0.0,0.0,0.0,0.0,0.0,0.0,0.0,-90.001,-70.0,0.003,-89.964,0.0,-0.0,-90.001,-65.3335,0.0035,-89.961,0.0,0.0,0.0,-761.1697758419537,-0.08155681729796999,-0.4893409037878384,0.0,0.0,0.0,-4.666499999999999,-0.0005,-0.0030000000000001137,0.0,0.0,0.0137698,-26.8304553,-0.0550792,-0.0137698,0.0206547,0.0068849,-0.005947008546934,-0.101029792428526,-0.013385103784935999,0.003069902319966,-1.7246642247e-05,0.0022593101343570004,9.333001982213439,1.8796300000758492,0.30551600002581836,0.12092400038454798,0.0
pd,00:04:09.145,58,-90.001,-60.667,0.004,-89.958,0.0,-0.0,0.0,0.0,0.0,0.0,0.0,0.0,-90.001,-70.0,0.003,-89.964,0.0,-0.0,-90.001,-65.3335,0.0035,-89.961,0.0,0.0,0.0,-971.1580637094372,-0.10405636598193907,-0.6243381958916581,0.0,0.0,0.0,-4.666499999999999,-0.0005,-0.0030000000000001137,0.0,0.0,0.0137698,-26.8304553,-0.0550792,-0.0137698,0.0206547,0.0068849,-0.005947008546934,-0.101029792428526,-0.013385103784935999,0.003069902319966,-1.7246642247e-05,0.0022593101343570004,9.333001982213439,1.9015359998775239,0.20670200001404737,0.09140700012721936,0.0
pd,00:04:09.147,59,-90.001,-60.667,0.004,-89.958,0.0,-0.0,0.0,0.0,0.0,0.0,0.0,0.0,-90.001,-70.0,0.003,-89.964,0.0,-0.0,-90.001,-65.3335,0.0035,-89.961,0.0,0.0,0.0,-1019.2001466361173,-0.1092039158508644,-0.6552234951052113,0.0,0.0,0.0,-4.666499999999999,-0.0005,-0.0030000000000001137,0.0,0.0,0.0137698,-26.8304553,-0.0550792,-0.0137698,0.0206547,0.0068849,-0.005947008546934,-0.101029792428526,-0.013385103784935999,0.003069902319966,-1.7246642247e-05,0.0022593101343570004,9.333001982213439,1.8720929997471103,0.17305300025327597,0.07433299970216467,0.0
pd,00:04:09.149,60,-90.001,-60.667,0.004,-89.958,0.0,-0.0,0.0,0.0,0.0,0.0,0.0,0.0,-90.001,-70.0,0.003,-89.964,0.0,-0.0,-90.001,-65.3335,0.0035,-89.961,0.0,0.0,0.0,-1063.1569590439976,-0.11391374253123303,-0.683482455187424,0.0,0.0,0.0,-4.666499999999999,-0.0005,-0.0030000000000001137,0.0,0.0,0.0137698,-26.8304553,-0.0550792,-0.0137698,0.0206547,0.0068849,-0.005947008546934,-0.101029792428526,-0.013385103784935999,0.003069902319966,-1.7246642247e-05,0.0022593101343570004,9.333001982213439,1.7080939996958477,0.13688799981537159,0.05679600008079433,0.0
pd,00:04:09.152,61,-90.001,-60.667,0.004,-89.958,0.0,-0.0,0.0,0.0,0.0,0.0,0.0,0.0,-90.001,-70.0,0.003,-89.964,0.0,-0.0,-90.001,-65.3335,0.0035,-89.961,0.0,0.0,0.0,-890.721744607263,-0.0954378811322472,-0.5726272867935049,0.0,0.0,0.0,-4.666499999999999,-0.0005,-0.0030000000000001137,0.0,0.0,0.0137698,-26.8304553,-0.0550792,-0.0137698,0.0206547,0.0068849,-0.005947008546934,-0.101029792428526,-0.013385103784935999,0.003069902319966,-1.7246642247e-05,0.0022593101343570004,9.333001982213439,2.192552999986219,0.23760899966873694,0.27447899992694147,0.0
pd,00:04:09.155,62,-90.001,-61.068,0.004,-89.958,0.0,-0.0,0.0,-142.52316786712856,0.0,0.0,0.0,0.0,-90.001,-70.0,0.003,-89.964,0.0,-0.0,-90.001,-53.068,0.0035,-89.961,0.0,0.0,0.0,1421.6774849589017,-0.08885484280993136,-0.5331290568596083,0.0,0.0,0.0,8.0,-0.0005,-0.0030000000000001137,0.0,0.0,0.0137698,-26.8304553,-0.0550792,-0.0137698,0.0206547,0.0068849,-0.005947008546934,-0.101029792428526,-0.013385103784935999,0.003069902319966,-1.7246642247e-05,0.0022593101343570004,8.932002071204419,2.303106999988813,0.34712600017883233,0.13342500005819602,0.0
pd,00:04:09.158,63,-90.001,-61.068,0.004,-89.958,0.0,-0.0,0.0,0.0,0.0,0.0,0.0,0.0,-90.001,-70.0,0.003,-89.964,0.0,-0.0,-90.001,-65.53399999999999,0.0035,-89.961,0.0,0.0,0.0,-756.5331851373185,-0.08469919224555736,-0.5081951534733634,0.0,0.0,0.0,-4.465999999999994,-0.0005,-0.0030000000000001137,0.0,0.0,0.0137698,-26.8304553,-0.0550792,-0.0137698,0.0206547,0.0068849,-0.005947008546934,-0.101029792428526,-0.013385103784935999,0.003069902319966,-1.7246642247e-05,0.0022593101343570004,8.932002071204419,2.4489209999956074,0.2550350000092294,0.1794239997252589,0.0
pd,00:04:09.161,64,-90.001,-61.068,0.004,-89.958,0.0,-0.0,0.0,0.0,0.0,0.0,0.0,0.0,-90.001,-70.0,0.003,-89.964,0.0,-0.0,-90.001,-65.53399999999999,0.0035,-89.961,0.0,0.0,0.0,-745.9287059573114,-0.08351194647977063,-0.5010716788786428,0.0,0.0,0.0,-4.465999999999994,-0.0005,-0.0030000000000001137,0.0,0.0,0.0137698,-26.8304553,-0.0550792,-0.0137698,0.0206547,0.0068849,-0.005947008546934,-0.101029792428526,-0.013385103784935999,0.003069902319966,-1.7246642247e-05,0.0022593101343570004,8.932002071204419,1.9989610000266111,0.20070099981239764,0.08448000016869628,0.0
pd,00:04:09.163,65,-90.001,-61.068,0.004,-89.958,0.0,-0.0,0.0,0.0,0.0,0.0,0.0,0.0,-90.001,-70.0,0.003,-89.964,0.0,-0.0,-90.001,-65.53399999999999,0.0035,-89.961,0.0,0.0,0.0,-942.3363348425397,-0.10550115705805413,-0.6330069423483488,0.0,0.0,0.0,-4.465999999999994,-0.0005,-0.0030000000000001137,0.0,0.0,-0.0206547,-30.823697300000003,0.0068849,-0.0206547,-0.0550792,-0.0068849,-0.006033699633624,-0.10236483516355199,-0.01421733821716,0.0033113553114240005,0.000275946275952,0.0016729242979590003,8.932002071204419,2.645585000209394,0.2415339999970456,0.11994400028925156,0.0
pd,00:04:09.166,66,-90.001,-61.068,0.004,-89.958,0.0,-0.0,0.0,0.0,0.0,0.0,0.0,0.0,-90.001,-70.0,0.003,-89.964,0.0,-0.0,-90.001,-65.53399999999999,0.0035,-89.961,0.0,0.0,0.0,-715.498917647059,-0.08010511841100076,-0.4806307104660228,0.0,0.0,0.0,-4.465999999999994,-0.0005,-0.0030000000000001137,0.0,0.0,-0.0206547,-30.823697300000003,0.0068849,-0.0206547,-0.0550792,-0.0068849,-0.006033699633624,-0.10236483516355199,-0.01421733821716,0.0033113553114240005,0.000275946275952,0.0016729242979590003,8.932002071204419,1.830277999943064,0.1677210002526408,0.0700919999871985,0.0
pd,00:04:09.168,67,-90.001,-61.068,0.004,-89.958,0.0,-0.0,0.0,0.0,0.0,0.0,0.0,0.0,-90.001,-70.0,0.003,-89.964,0.0,-0.0,-90.001,-65.53399999999999,0.0035,-89.961,0.0,0.0,0.0,-1042.506771148709,-0.1167159394479074,-0.7002956366874709,0.0,0.0,0.0,-4.465999999999994,-0.0005,-0.0030000000000001137,0.0,0.0,-0.0206547,-30.823697300000003,0.0068849,-0.0206547,-0.0550792,-0.0068849,-0.006033699633624,-0.10236483516355199,-0.01421733821716,0.0033113553114240005,0.000275946275952,0.0016729242979590003,8.932002071204419,1.7375570000695006,0.15357199981735903,0.06696299988107057,0.0
pd,00:04:09.170,68,-90.001,-61.068,0.004,-89.958,0.0,-0.0,0.0,0.0,0.0,0.0,0.0,0.0,-90.001,-70.0,0.003,-89.964,0.0,-0.0,-90.001,-65.53399999999999,0.0035,-89.961,0.0,0.0,0.0,-1101.220556378601,-0.12328935920047031,-0.7397361552028499,0.0,0.0,0.0,-4.465999999999994,-0.0005,-0.0030000000000001137,0.0,0.0,-0.0206547,-30.823697300000003,0.0068849,-0.0206547,-0.0550792,-0.0068849,-0.006033699633624,-0.10236483516355199,-0.01421733821716,0.0033113553114240005,0.000275946275952,0.0016729242979590003,8.932002071204419,3.2443009999951755,0.25057100037884084,0.12151800001447555,0.0
pd,00:04:09.174,69,-90.001,-61.068,0.004,-89.958,0.0,-0.0,0.0,0.0,0.0,0.0,0.0,0.0,-90.001,-70.0,0.003,-89.964,0.0,-0.0,-90.001,-65.53399999999999,0.0035,-89.961,0.0,0.0,0.0,-600.6850200102618,-0.0672508978963571,-0.40350538737815794,0.0,0.0,0.0,-4.465999999999994,-0.0005,-0.0030000000000001137,0.0,0.0,-0.0206547,-30.823697300000003,0.0068849,-0.0206547,-0.0550792,-0.0068849,-0.006033699633624,-0.10236483516355199,-0.01421733821716,0.0033113553114240005,0.000275946275952,0.0016729242979590003,8.932002071204419,1.8676660001801793,0.2027010000347218,0.09735100002217223,0.0
pd,00:04:09.176,70,-90.001,-61.561,0.004,-89.958,0.0,-0.0,0.0,-218.67511336717521,0.0,0.0,0.0,0.0,-90.001,-70.0,0.003,-89.964,0.0,-0.0,-90.001,-53.561,0.0035,-89.961,0.0,0.0,0.0,1774.2402707275803,-0.11089001692047377,-0.6653401015228678,0.0,0.0,0.0,8.0,-0.0005,-0.0030000000000001137,0.0,0.0,-0.0206547,-30.823697300000003,0.0068849,-0.0206547,-0.0550792,-0.0068849,-0.006033699633624,-0.10236483516355199,-0.01421733821716,0.0033113553114240005,0.000275946275952,0.0016729242979590003,8.439002192202583,2.5639000000410306,0.36942199994882685,0.11916499988728901,0.0
pd,00:04:09.180,71,-90.001,-61.561,0.004,-89.958,0.0,-0.0,0.0,0.0,0.0,0.0,0.0,0.0,-90.001,-70.0,0.003,-89.964,0.0,-0.0,-90.001,-65.7805,0.0035,-89.961,0.0,0.0,0.0,-623.5594999647664,-0.07389021210626454,-0.443341272637604,0.0,0.0,0.0,-4.219500000000004,-0.0005,-0.0030000000000001137,0.0,0.0,-0.0206547,-30.823697300000003,0.0068849,-0.0206547,-0.0550792,-0.0068849,-0.006033699633624,-0.10236483516355199,-0.01421733821716,0.0033113553114240005,0.000275946275952,0.0016729242979590003,8.439002192202583,1.8560369999249815,0.24931200005084975,0.08820299990475178,0.0
pd,00:04:09.182,72,-90.001,-61.561,0.004,-89.958,0.0,-0.0,0.0,0.0,0.0,0.0,0.0,0.0,-90.001,-70.0,0.003,-89.964,0.0,-0.0,-90.001,-65.7805,0.0035,-89.961,0.0,0.0,0.0,-924.5567719151604,-0.10955762198307387,-0.6573457318984681,0.0,0.0,0.0,-4.219500000000004,-0.0005,-0.0030000000000001137,0.0,0.0,-0.0206547,-30.823697300000003,0.0068849,-0.0206547,-0.0,0.0206547,-0.006033699633624,-0.10236483516355199,-0.01421733821716,0.0032251221001890003,-0.00044841269842200006,0.001414224664254,8.439002192202583,1.7153539997707412,0.21738700024798163,0.10355499989600503,0.0
pd,00:04:09.184,73,-90.001,-61.561,0.004,-89.958,0.0,-0.0,0.0,0.0,0.0,0.0,0.0,0.0,-90.001,-70.0,0.003,-89.964,0.0,-0.0,-90.001,-65.7805,0.0035,-89.961,0.0,0.0,0.0,-988.0452058954891,-0.11708083966056275,-0.7024850379634031,0.0,0.0,0.0,-4.219500000000004,-0.0005,-0.0030000000000001137,0.0,0.0,0.0068849,-35.1611843,-0.0,-0.0206547,-0.0,0.0206547,-0.006189743589666,-0.107271550670206,-0.013662515262343999,0.0032251221001890003,-0.00044841269842200006,0.001414224664254,8.439002192202583,2.0385539996823354,0.263348999851587,0.1675170001362858,0.0
pd,00:04:09.187,74,-90.001,-61.561,0.004,-89.958,0.0,-0.0,0.0,0.0,0.0,0.0,0.0,0.0,-90.001,-70.0,0.003,-89.964,0.0,-0.0,-90.001,-65.7805,0.0035,-89.961,0.0,0.0,0.0,-817.3023796065393,-0.09684824974600535,-0.5810894984760542,0.0,0.0,0.0,-4.219500000000004,-0.0005,-0.0030000000000001137,0.0,0.0,0.0068849,-35.1611843,-0.0,-0.0206547,-0.0,0.0206547,-0.006189743589666,-0.107271550670206,-0.013662515262343999,0.0032251221001890003,-0.00044841269842200006,0.001414224664254,8.439002192202583,2.0619609999812383,0.23918199985928368,0.11385100015104399,0.0
pd,00:04:09.189,75,-90.001,-61.561,0.004,-89.958,0.0,-0.0,0.0,0.0,0.0,0.0,0.0,0.0,-90.001,-70.0,0.003,-89.964,0.0,-0.0,-90.001,-65.7805,0.0035,-89.961,0.0,0.0,0.0,-836.7785214184397,-0.09915612293144208,-0.594936737588675,0.0,0.0,0.0,-4.219500000000004,-0.0005,-0.0030000000000001137,0.0,0.0,0.0068849,-35.1611843,-0.0,-0.0206547,-0.0,0.0206547,-0.006189743589666,-0.107271550670206,-0.013662515262343999,0.0032251221001890003,-0.00044841269842200006,0.001414224664254,8.439002192202583,1.6849459998411476,0.14196199981597601,0.05972199960524449,0.0
pd,00:04:09.191,76,-90.001,-61.561,0.004,-89.958,0.0,-0.0,0.0,0.0,0.0,0.0,0.0,0.0,-90.001,-70.0,0.003,-89.964,0.0,-0.0,-90.001,-65.7805,0.0035,-89.961,0.0,0.0,0.0,-1080.3238754730803,-0.1280156269075815,-0.7680937614455181,0.0,0.0,0.0,-4.219500000000004,-0.0005,-0.0030000000000001137,0.0,0.0,0.0068849,-35.1611843,-0.0,-0.0206547,-0.0,0.0206547,-0.006189743589666,-0.107271550670206,-0.013662515262343999,0.0032251221001890003,-0.00044841269842200006,0.001414224664254,8.439002192202583,1.6831130001264683,0.15735000033600954,0.07044399990263628,0.0
pd,00:04:09.193,77,-90.001,-61.561,0.004,-89.958,0.0,-0.0,0.0,0.0,0.0,0.0,0.0,0.0,-90.001,-70.0,0.003,-89.964,0.0,-0.0,-90.001,-65.7805,0.0035,-89.961,0.0,0.0,0.0,-1064.085240981241,-0.1260913900913901,-0.7565483405483692,0.0,0.0,0.0,-4.219500000000004,-0.0005,-0.0030000000000001137,0.0,0.0,0.0068849,-35.1611843,-0.0,-0.0206547,-0.0,0.0206547,-0.006189743589666,-0.107271550670206,-0.013662515262343999,0.0032251221001890003,-0.00044841269842200006,0.001414224664254,8.439002192202583,1.7748529999153106,0.17822000017986284,0.09194299991577282,0.0
pd,00:04:09.195,78,-90.001,-62.14,0.004,-89.958,0.0,-0.0,0.0,-270.7963889384481,0.0,0.0,0.0,0.0,-90.001,-70.0,0.003,-89.964,0.0,-0.0,-90.001,-54.14,0.0035,-89.961,0.0,0.0,0.0,1870.7867975022302,-0.11692417484388938,-0.7015450490633629,0.0,0.0,0.0,8.0,-0.0005,-0.0030000000000001137,0.0,0.0,0.0068849,-35.1611843,-0.0,-0.0206547,-0.0,0.0206547,-0.006189743589666,-0.107271550670206,-0.013662515262343999,0.0032251221001890003,-0.00044841269842200006,0.001414224664254,7.8600023536892145,1.9523519999893324,0.23251599986906513,0.10624000015013735,0.0
pd,00:04:09.198,79,-90.001,-62.14,0.004,-89.958,0.0,-0.0,0.0,0.0,0.0,0.0,0.0,0.0,-90.001,-70.0,0.003,-89.964,0.0,-0.0,-90.001,-66.07,0.0035,-89.961,0.0,0.0,0.0,-822.2074381484437,-0.10460654429369513,-0.6276392657621945,0.0,0.0,0.0,-3.9299999999999926,-0.0005,-0.0030000000000001137,0.0,0.0,0.0068849,-35.1611843,-0.0,-0.0206547,-0.0,0.0206547,-0.006189743589666,-0.107271550670206,-0.013662515262343999,0.0032251221001890003,-0.00044841269842200006,0.001414224664254,7.8600023536892145,1.8624079998517118,0.17692399978841422,0.08175800030585378,0.0
pd,00:04:09.200,80,-90.001,-62.14,0.004,-89.958,0.0,-0.0,0.0,0.0,0.0,0.0,0.0,0.0,-90.001,-70.0,0.003,-89.964,0.0,-0.0,-90.001,-66.07,0.0035,-89.961,0.0,0.0,0.0,-891.1025364904314,-0.11337182398097091,-0.6802309438858513,0.0,0.0,0.0,-3.9299999999999926,-0.0005,-0.0030000000000001137,0.0,0.0,0.0068849,-35.1611843,-0.0,-0.0206547,-0.0,0.0206547,-0.006189743589666,-0.107271550670206,-0.013662515262343999,0.0032251221001890003,-0.00044841269842200006,0.001414224664254,7.8600023536892145,1.7497970002295915,0.15824000001884997,0.06555500021931948,0.0
pd,00:04:09.203,81,-90.001,-62.14,0.004,-89.958,0.0,-0.0,0.0,0.0,0.0,0.0,0.0,0.0,-90.001,-70.0,0.003,-89.964,0.0,-0.0,-90.001,-66.07,0.0035,-89.961,0.0,0.0,0.0,-713.7617874772668,-0.09080938771975405,-0.544856326318545,0.0,0.0,0.0,-3.9299999999999926,-0.0005,-0.0030000000000001137,0.0,0.0,0.0068849,-40.2697801,0.0137698,-0.0068849,0.0137698,-0.0206547,-0.00624175824168,-0.10385592185462,-0.015326984126791999,0.0032251221001890003,8.6233211235e-05,0.0019488705739110002,7.8600023536892145,2.4228089996540803,0.32383100005972665,0.20210999991832068,0.0
pd,00:04:09.206,82,-90.001,-62.14,0.004,-89.958,0.0,-0.0,0.0,0.0,0.0,0.0,0.0,0.0,-90.001,-70.0,0.003,-89.964,0.0,-0.0,-90.001,-66.07,0.0035,-89.961,0.0,0.0,0.0,-640.6379603575592,-0.08150610182666149,-0.48903661095998746,0.0,0.0,0.0,-3.9299999999999926,-0.0005,-0.0030000000000001137,0.0,0.0,0.0068849,-40.2697801,0.0137698,-0.0068849,0.0137698,-0.0206547,-0.00624175824168,-0.10385592185462,-0.015326984126791999,0.0032251221001890003,8.6233211235e-05,0.0019488705739110002,7.8600023536892145,2.272847999847727,0.22203399976206128,0.11287000006632297,0.0
pd,00:04:09.209,83,-90.001,-62.14,0.004,-89.958,0.0,-0.0,0.0,0.0,0.0,0.0,0.0,0.0,-90.001,-70.0,0.003,-89.964,0.0,-0.0,-90.001,-66.07,0.0035,-89.961,0.0,0.0,0.0,-725.3196655812725,-0.09227985567191763,-0.5536791340315268,0.0,0.0,0.0,-3.9299999999999926,-0.0005,-0.0030000000000001137,0.0,0.0,0.0068849,-40.2697801,0.0137698,-0.0068849,0.0137698,-0.0206547,-0.00624175824168,-0.10385592185462,-0.015326984126791999,0.0032251221001890003,8.6233211235e-05,0.0019488705739110002,7.8600023536892145,2.0014060000903555,0.36305200001152116,0.1261840002371173,0.0
pd,00:04:09.211,84,-90.001,-62.14,0.004,-89.958,0.0,-0.0,0.0,0.0,0.0,0.0,0.0,0.0,-90.001,-70.0,0.003,-89.964,0.0,-0.0,-90.001,-66.07,0.0035,-89.961,0.0,0.0,0.0,-753.0203161260849,-0.09580411146642302,-0.57482466879856,0.0,0.0,0.0,-3.9299999999999926,-0.0005,-0.0030000000000001137,0.0,0.0,0.0068849,-40.2697801,0.0137698,-0.0068849,0.0137698,-0.0206547,-0.00624175824168,-0.10385592185462,-0.015326984126791999,0.0032251221001890003,8.6233211235e-05,0.0019488705739110002,7.8600023536892145,1.8537410001044918,0.17790499987313524,0.07675899996684166,0.0
pd,00:04:09.213,85,-90.001,-62.14,0.004,-89.958,0.0,-0.0,0.0,0.0,0.0,0.0,0.0,0.0,-90.001,-70.0,0.003,-89.964,0.0,-0.0,-90.001,-66.07,0.0035,-89.961,0.0,0.0,0.0,-898.8774522848729,-0.11436099901843168,-0.6861659941106161,0.0,0.0,0.0,-3.9299999999999926,-0.0005,-0.0030000000000001137,0.0,0.0,0.0068849,-40.2697801,0.0137698,-0.0068849,0.0137698,-0.0206547,-0.00624175824168,-0.10385592185462,-0.015326984126791999,0.0032251221001890003,8.6233211235e-05,0.0019488705739110002,7.8600023536892145,1.7813160002333461,0.34634800022104173,0.12101699985578307,0.0
pd,00:04:09.216,86,-90.001,-62.798,0.004,-89.958,0.0,-0.0,0.0,-279.42209496810824,0.0,0.0,0.0,0.0,-90.001,-70.0,0.003,-89.964,0.0,-0.0,-90.001,-54.798,0.0035,-89.961,0.0,0.0,0.0,1698.6145590766428,-0.10616340994229018,-0.6369804596537652,0.0,0.0,0.0,8.0,-0.0005,-0.0030000000000001137,0.0,0.0,0.0068849,-40.2697801,0.0137698,-0.0068849,0.0137698,-0.0206547,-0.00624175824168,-0.10385592185462,-0.015326984126791999,0.0032251221001890003,8.6233211235e-05,0.0019488705739110002,7.202002568730448,1.8024629998762975,0.16223900001932634,0.06616600012421259,0.0
pd,00:04:09.218,87,-90.001,-62.798,0.004,-89.958,0.0,-0.0,0.0,0.0,0.0,0.0,0.0,0.0,-90.001,-70.0,0.003,-89.964,0.0,-0.0,-90.001,-66.399,0.0035,-89.961,0.0,0.0,0.0,-856.218180498866,-0.11888616780045352,-0.7133170068027481,0.0,0.0,0.0,-3.600999999999999,-0.0005,-0.0030000000000001137,0.0,0.0,0.0068849,-40.2697801,0.0137698,-0.0068849,0.0137698,-0.0206547,-0.00624175824168,-0.10385592185462,-0.015326984126791999,0.0032251221001890003,8.6233211235e-05,0.0019488705739110002,7.202002568730448,1.8216489997939789,0.16529399999853922,0.0700919999871985,0.0
pd,00:04:09.220,88,-90.001,-62.798,0.004,-89.958,0.0,-0.0,0.0,0.0,0.0,0.0,0.0,0.0,-90.001,-70.0,0.003,-89.964,0.0,-0.0,-90.001,-66.399,0.0035,-89.961,0.0,0.0,0.0,-844.8198178767198,-0.11730350151023605,-0.703821009061443,0.0,0.0,0.0,-3.600999999999999,-0.0005,-0.0030000000000001137,0.0,0.0,0.0068849,-40.2697801,0.0137698,-0.0068849,0.0137698,-0.0206547,-0.00624175824168,-0.10385592185462,-0.015326984126791999,0.0032251221001890003,8.6233211235e-05,0.0019488705739110002,7.202002568730448,1.7362419998789846,0.13998000031278934,0.05946200008111191,0.0
pd,00:04:09.222,89,-90.001,-62.798,0.004,-89.958,0.0,-0.0,0.0,0.0,0.0,0.0,0.0,0.0,-90.001,-70.0,0.003,-89.964,0.0,-0.0,-90.001,-66.399,0.0035,-89.961,0.0,0.0,0.0,-899.3502860545431,-0.12487507443134453,-0.7492504465880956,0.0,0.0,0.0,-3.600999999999999,-0.0005,-0.0030000000000001137,0.0,0.0,0.0068849,-40.2697801,0.0137698,-0.0068849,-0.0068849,-0.0,-0.00624175824168,-0.10385592185462,-0.015326984126791999,0.0032251221001890003,-3.4493284494e-05,0.0017419108669470002,7.202002568730448,1.8683700000110548,0.2774419999695965,0.10496200002307887,0.0
pd,00:04:09.224,90,-90.001,-62.798,0.004,-89.958,0.0,-0.0,0.0,0.0,0.0,0.0,0.0,0.0,-90.001,-70.0,0.003,-89.964,0.0,-0.0,-90.001,-66.399,0.0035,-89.961,0.0,0.0,0.0,-766.606877677393,-0.10644360978580855,-0.6386616587148755,0.0,0.0,0.0,-3.600999999999999,-0.0005,-0.0030000000000001137,0.0,0.0,0.0068849,-39.154426300000004,-0.034424500000000004,-0.0,-0.0068849,-0.0,-0.006033699633624,-0.08079609279508,-0.014165323565146,0.0028801892552490003,-3.4493284494e-05,0.0017419108669470002,7.202002568730448,1.914054999815562,0.21451600014188443,0.0934439999582537,0.0
pd,00:04:09.227,91,-90.001,-62.798,0.004,-89.958,0.0,-0.0,0.0,0.0,0.0,0.0,0.0,0.0,-90.001,-70.0,0.003,-89.964,0.0,-0.0,-90.001,-66.399,0.0035,-89.961,0.0,0.0,0.0,-598.7824573422137,-0.08314113542657786,-0.4988468125594861,0.0,0.0,0.0,-3.600999999999999,-0.0005,-0.0030000000000001137,0.0,0.0,0.0068849,-39.154426300000004,-0.034424500000000004,-0.0,-0.0068849,-0.0,-0.006033699633624,-0.08079609279508,-0.014165323565146,0.0028801892552490003,-3.4493284494e-05,0.0017419108669470002,7.202002568730448,1.9162400003551738,0.22614599993175943,0.09559099999023601,0.0
pd,00:04:09.230,92,-90.001,-62.798,0.004,-89.958,0.0,-0.0,0.0,0.0,0.0,0.0,0.0,0.0,-90.001,-70.0,0.003,-89.964,0.0,-0.0,-90.001,-66.399,0.0035,-89.961,0.0,0.0,0.0,-771.6987892908235,-0.10715062333946454,-0.6429037400368116,0.0,0.0,0.0,-3.600999999999999,-0.0005,-0.0030000000000001137,0.0,0.0,0.0068849,-39.154426300000004,-0.034424500000000004,-0.0,-0.0068849,-0.0,-0.006033699633624,-0.08079609279508,-0.014165323565146,0.0028801892552490003,-3.4493284494e-05,0.0017419108669470002,7.202002568730448,1.8110930000148073,0.16525800037925364,0.07114800018825918,0.0
pd,00:04:09.232,93,-90.001,-62.798,0.004,-89.958,0.0,-0.0,0.0,0.0,0.0,0.0,0.0,0.0,-90.001,-70.0,0.003,-89.964,0.0,-0.0,-90.001,-66.399,0.0035,-89.961,0.0,0.0,0.0,-848.5218373033706,-0.11781752808988764,-0.7069051685393526,0.0,0.0,0.0,-3.600999999999999,-0.0005,-0.0030000000000001137,0.0,0.0,0.0068849,-39.154426300000004,-0.034424500000000004,-0.0,-0.0068849,-0.0,-0.006033699633624,-0.08079609279508,-0.014165323565146,0.0028801892552490003,-3.4493284494e-05,0.0017419108669470002,7.202002568730448,1.9533690001480863,0.2750159997049195,0.12775799996234127,0.0
pd,00:04:09.234,94,-90.001,-62.798,0.004,-89.958,0.0,-0.0,0.0,0.0,0.0,0.0,0.0,0.0,-90.001,-70.0,0.003,-89.964,0.0,-0.0,-90.001,-66.399,0.0035,-89.961,0.0,0.0,0.0,-723.6339931008047,-0.10047681103871216,-0.6028608662322957,0.0,0.0,0.0,-3.600999999999999,-0.0005,-0.0030000000000001137,0.0,0.0,0.0068849,-39.154426300000004,-0.034424500000000004,-0.0,-0.0068849,-0.0,-0.006033699633624,-0.08079609279508,-0.014165323565146,0.0028801892552490003,-3.4493284494e-05,0.0017419108669470002,7.202002568730448,2.0789430000149878,0.24338599996553967,0.16740500041123596,0.0
pd,00:04:09.237,95,-90.001,-63.548,0.004,-89.958,0.0,-0.0,0.0,-285.793404197329,0.0,0.0,0.0,0.0,-90.001,-70.0,0.003,-89.964,0.0,-0.0,-90.001,-55.548,0.0035,-89.961,0.0,0.0,0.0,1524.2314890524212,-0.09526446806577632,-0.5715868083946796,0.0,0.0,0.0,8.0,-0.0005,-0.0030000000000001137,0.0,0.0,0.0068849,-39.154426300000004,-0.034424500000000004,-0.0,-0.0068849,-0.0,-0.006033699633624,-0.08079609279508,-0.014165323565146,0.0028801892552490003,-3.4493284494e-05,0.0017419108669470002,6.452002867327321,1.7642409998188668,0.16842400009409175,0.06455499988078373,0.0
pd,00:04:09.239,96,-90.001,-63.548,0.004,-89.958,0.0,-0.0,0.0,0.0,0.0,0.0,0.0,0.0,-90.001,-70.0,0.003,-89.964,0.0,-0.0,-90.001,-66.774,0.0035,-89.961,0.0,0.0,0.0,-780.9549061526028,-0.12104074800877294,-0.7262444880526652,0.0,0.0,0.0,-3.225999999999999,-0.0005,-0.0030000000000001137,0.0,0.0,0.0068849,-39.154426300000004,-0.034424500000000004,-0.0,-0.0068849,-0.0,-0.006033699633624,-0.08079609279508,-0.014165323565146,0.0028801892552490003,-3.4493284494e-05,0.0017419108669470002,6.452002867327321,1.8571300001894997,0.16481400007251068,0.07222200019896263,0.0
pd,00:04:09.241,97,-90.001,-63.548,0.004,-89.958,0.0,-0.0,0.0,0.0,0.0,0.0,0.0,0.0,-90.001,-70.0,0.003,-89.964,0.0,-0.0,-90.001,-66.774,0.0035,-89.961,0.0,0.0,0.0,-745.089466079295,-0.1154819383259912,-0.6928916299559734,0.0,0.0,0.0,-3.225999999999999,-0.0005,-0.0030000000000001137,0.0,0.0,0.0068849,-39.154426300000004,-0.034424500000000004,-0.0,-0.0068849,-0.0,-0.006033699633624,-0.08079609279508,-0.014165323565146,0.0028801892552490003,-3.4493284494e-05,0.0017419108669470002,6.452002867327321,1.6949279997788835,0.15420199997606687,0.06688800021947827,0.0
pd,00:04:09.243,98,-90.001,-63.548,0.004,-89.958,0.0,-0.0,0.0,0.0,0.0,0.0,0.0,0.0,-90.001,-70.0,0.003,-89.964,0.0,-0.0,-90.001,-66.774,0.0035,-89.961,0.0,0.0,0.0,-812.56453903435,-0.12593994715349507,-0.755639682920999,0.0,0.0,0.0,-3.225999999999999,-0.0005,-0.0030000000000001137,0.0,0.0,0.0137698,-43.787964,-0.034424500000000004,-0.0757339,-0.0068849,-0.0,-0.005617582417512,-0.074779731378794,-0.013419780219612,0.0032941086691770003,0.000396672771681,0.0017419108669470002,6.452002867327321,1.8462409998392104,0.2002379997065873,0.09853599976850091,0.0
pd,00:04:09.245,99,-90.001,-63.548,0.004,-89.958,0.0,-0.0,0.0,0.0,0.0,0.0,0.0,0.0,-90.001,-70.0,0.003,-89.964,0.0,-0.0,-90.001,-66.774,0.0035,-89.961,0.0,0.0,0.0,-723.4187715996576,-0.11212318220701455,-0.6727390932421128,0.0,0.0,0.0,-3.225999999999999,-0.0005,-0.0030000000000001137,0.0,0.0,0.0137698,-43.787964,-0.034424500000000004,-0.0757339,-0.0068849,-0.0,-0.005617582417512,-0.074779731378794,-0.013419780219612,0.0032941086691770003,0.000396672771681,0.0017419108669470002,6.452002867327321,1.97537000030934,0.21244299978206982,0.0922770000215678,0.0
pd,00:04:09.248,100,-90.001,-63.548,0.004,-89.958,0.0,-0.0,0.0,0.0,0.0,0.0,0.0,0.0,-90.001,-70.0,0.003,-89.964,0.0,-0.0,-90.001,-66.774,0.0035,-89.961,0.0,0.0,0.0,-680.0092825409587,-0.10539511508694341,-0.6323706905216845,0.0,0.0,0.0,-3.225999999999999,-0.0005,-0.0030000000000001137,0.0,0.0,0.0137698,-43.787964,-0.034424500000000004,-0.0757339,-0.0068849,-0.0,-0.005617582417512,-0.074779731378794,-0.013419780219612,0.0032941086691770003,0.000396672771681,0.0017419108669470002,6.452002867327321,1.765704000263213,0.1625539998713066,0.07061000042085652,0.0
pd,00:04:09.250,101,-90.001,-63.548,0.004,-89.958,0.0,-0.0,0.0,0.0,0.0,0.0,0.0,0.0,-90.001,-70.0,0.003,-89.964,0.0,-0.0,-90.001,-66.774,0.0035,-89.961,0.0,0.0,0.0,-578.6360205268558,-0.08968320218953131,-0.5380992131372082,0.0,0.0,0.0,-3.225999999999999,-0.0005,-0.0030000000000001137,0.0,0.0,0.0137698,-43.787964,-0.034424500000000004,-0.0757339,-0.0068849,-0.0,-0.005617582417512,-0.074779731378794,-0.013419780219612,0.0032941086691770003,0.000396672771681,0.0017419108669470002,6.452002867327321,1.8952770001305907,0.2860720001081063,0.11835099985546549,0.0
pd,00:04:09.253,102,-90.001,-63.548,0.004,-89.958,0.0,-0.0,0.0,0.0,0.0,0.0,0.0,0.0,-90.001,-70.0,0.003,-89.964,0.0,-0.0,-90.001,-66.774,0.0035,-89.961,0.0,0.0,0.0,-666.6087646073503,-0.10331815942457385,-0.6199089565474666,0.0,0.0,0.0,-3.225999999999999,-0.0005,-0.0030000000000001137,0.0,0.0,0.0137698,-43.787964,-0.034424500000000004,-0.0757339,-0.0068849,-0.0,-0.005617582417512,-0.074779731378794,-0.013419780219612,0.0032941086691770003,0.000396672771681,0.0017419108669470002,6.452002867327321,1.7592230001355347,0.17899800013765343,0.08770300019023125,0.0
pd,00:04:09.255,103,-90.001,-63.548,0.004,-89.958,0.0,-0.0,0.0,0.0,0.0,0.0,0.0,0.0,-90.001,-70.0,0.003,-89.964,0.0,-0.0,-90.001,-66.774,0.0035,-89.961,0.0,0.0,0.0,-763.5043846067033,-0.11833607944927209,-0.7100164766956595,0.0,0.0,0.0,-3.225999999999999,-0.0005,-0.0030000000000001137,0.0,0.0,0.0137698,-43.787964,-0.034424500000000004,-0.0757339,-0.0068849,-0.0,-0.005617582417512,-0.074779731378794,-0.013419780219612,0.0032941086691770003,0.000396672771681,0.0017419108669470002,6.452002867327321,2.220514999862644,0.24603400015621446,0.12551700001495192,0.0
pd,00:04:09.258,104,-90.001,-64.33,0.004,-89.959,0.0,-0.0,0.0,-289.7222619909889,0.0,-0.37048882607720407,0.0,0.0,-90.001,-70.0,0.003,-89.964,0.0,-0.0,-90.001,-56.33,0.0035,-89.92445111739228,0.0,0.0,0.0,1481.9553043017402,-0.09262220651885876,6.399987479776596,0.0,0.0,0.0,8.0,-0.0005,0.03454888260772293,0.0,0.0,0.0137698,-43.787964,-0.034424500000000004,-0.0757339,-0.0068849,-0.0,-0.005617582417512,-0.074779731378794,-0.013419780219612,0.0032941086691770003,0.000396672771681,0.0017419108669470002,5.670002292768498,1.7535939996378147,0.14801699990130146,0.21164600002521183,0.0
pd,00:04:09.260,105,-90.001,-64.33,0.004,-89.959,0.0,-0.0,0.0,0.0,0.0,0.0,0.0,0.0,-90.001,-70.0,0.003,-89.964,0.0,-0.0,-90.001,-67.16499999999999,0.0035,-89.9615,0.0,0.0,0.0,-646.8043864229767,-0.11407484769364665,-0.5703742384677145,0.0,0.0,0.0,-2.8349999999999937,-0.0005,-0.0024999999999977263,0.0,0.0,0.0137698,-43.787964,-0.034424500000000004,-0.0757339,-0.0068849,-0.0,-0.005617582417512,-0.074779731378794,-0.013419780219612,0.0032941086691770003,0.000396672771681,0.0017419108669470002,5.670002292768498,1.7817050002122414,0.16266500006167917,0.06559199982802966,0.0
pd,00:04:09.262,106,-90.001,-64.33,0.004,-89.959,0.0,-0.0,0.0,0.0,0.0,0.0,0.0,0.0,-90.001,-70.0,0.003,-89.964,0.0,-0.0,-90.001,-67.16499999999999,0.0035,-89.9615,0.0,0.0,0.0,-682.519334175181,-0.12037378027780966,-0.6018689013885009,0.0,0.0,0.0,-2.8349999999999937,-0.0005,-0.0024999999999977263,0.0,0.0,0.0137698,-43.787964,-0.034424500000000004,-0.0757339,-0.0068849,0.0413094,-0.005617582417512,-0.074779731378794,-0.013419780219612,0.0032941086691770003,0.000396672771681,0.001500457875489,5.670002292768498,1.730650000354217,0.27203400031794445,0.12998000011066324,0.0
pd,00:04:09.264,107,-90.001,-64.33,0.004,-89.959,0.0,-0.0,0.0,0.0,0.0,0.0,0.0,0.0,-90.001,-70.0,0.003,-89.964,0.0,-0.0,-90.001,-67.16499999999999,0.0035,-89.9615,0.0,0.0,0.0,-627.2207954425575,-0.11062095157717058,-0.5531047578853499,0.0,0.0,0.0,-2.8349999999999937,-0.0005,-0.0024999999999977263,0.0,0.0,0.0137698,-46.1425998,0.0413094,0.0068849,0.0137698,0.0413094,-0.006536507936426,-0.085685470084396,-0.013385103784935999,0.0029491758242370003,-0.00034493284494,0.001500457875489,5.670002292768498,1.9102780001958308,0.2180349997615849,0.09479600021222723,0.0
pd,00:04:09.267,108,-90.001,-64.33,0.004,-89.959,0.0,-0.0,0.0,0.0,0.0,0.0,0.0,0.0,-90.001,-70.0,0.003,-89.964,0.0,-0.0,-90.001,-67.16499999999999,0.0035,-89.9615,0.0,0.0,0.0,-610.7268536209555,-0.10771196712891629,-0.5385598356440916,0.0,0.0,0.0,-2.8349999999999937,-0.0005,-0.0024999999999977263,0.0,0.0,0.0137698,-46.1425998,0.0413094,0.0068849,0.0137698,0.0413094,-0.006536507936426,-0.085685470084396,-0.013385103784935999,0.0029491758242370003,-0.00034493284494,0.001500457875489,5.670002292768498,1.7524640002193337,0.1561100002618332,0.06811000002926448,0.0
pd,00:04:09.269,109,-90.001,-64.33,0.004,-89.959,0.0,-0.0,0.0,0.0,0.0,0.0,0.0,0.0,-90.001,-70.0,0.003,-89.964,0.0,-0.0,-90.001,-67.16499999999999,0.0035,-89.9615,0.0,0.0,0.0,-692.5365078625512,-0.12214047757716949,-0.610702387885292,0.0,0.0,0.0,-2.8349999999999937,-0.0005,-0.0024999999999977263,0.0,0.0,0.0137698,-46.1425998,0.0413094,0.0068849,0.0137698,0.0413094,-0.006536507936426,-0.085685470084396,-0.013385103784935999,0.0029491758242370003,-0.00034493284494,0.001500457875489,5.670002292768498,2.9113599998709105,0.3434410000409116,0.18031300032816944,0.0
pd,00:04:09.275,110,-90.001,-64.33,0.004,-89.959,0.0,-0.0,0.0,0.0,0.0,0.0,0.0,0.0,-90.001,-70.0,0.003,-89.964,0.0,-0.0,-90.001,-67.16499999999999,0.0035,-89.9615,0.0,0.0,0.0,-233.04428974600197,-0.04110128566948887,-0.20550642834725744,0.0,0.0,0.0,-2.8349999999999937,-0.0005,-0.0024999999999977263,0.0,0.0,0.0137698,-46.1425998,0.0413094,0.0068849,0.0137698,0.0413094,-0.006536507936426,-0.085685470084396,-0.013385103784935999,0.0029491758242370003,-0.00034493284494,0.001500457875489,5.670002292768498,3.7527780000345956,0.24633100019855192,0.116868999612052,0.0
pd,00:04:09.279,111,-90.001,-65.161,0.003,-89.96,0.0,-0.0,0.0,-185.85190487362766,-0.2236485016529807,-0.22364850165087036,0.0,0.0,-90.001,-70.0,0.003,-89.964,0.0,-0.0,-90.001,-57.161,0.02536485016529807,-89.93963514983491,0.0,0.0,0.0,894.5940066119227,2.5009326145811657,2.277284112904313,0.0,0.0,0.0,8.0,0.022364850165298072,0.020364850165080384,0.0,0.0,0.0137698,-46.1425998,0.0413094,0.0068849,0.0137698,0.0413094,-0.006536507936426,-0.085685470084396,-0.013385103784935999,0.0029491758242370003,-0.00034493284494,0.001500457875489,4.839001653233855,2.904972000123962,0.3171819998897263,0.1366460001008818,0.0
pd,00:04:09.283,112,-90.001,-65.161,0.003,-89.96,0.0,-0.0,0.0,0.0,0.0,0.0,0.0,0.0,-90.001,-70.0,0.003,-89.964,0.0,-0.0,-90.001,-67.5805,0.003,-89.96199999999999,0.0,0.0,0.0,-347.11036147215754,0.0,-0.2869273498430104,0.0,0.0,0.0,-2.4194999999999993,0.0,-0.001999999999995339,0.0,0.0,0.0137698,-46.12883,-0.0275396,-0.0275396,-0.1032735,0.034424500000000004,-0.006276434676356,-0.08686446886337999,-0.01283028083012,0.0034665750916470003,0.000724358974374,0.0019661172161580002,4.839001653233855,2.471086999776162,0.27758899977925466,0.13738799998463946,0.0
pd,00:04:09.286,113,-90.001,-65.161,0.003,-89.96,0.0,-0.0,0.0,0.0,0.0,0.0,0.0,0.0,-90.001,-70.0,0.003,-89.964,0.0,-0.0,-90.001,-67.5805,0.003,-89.96199999999999,0.0,0.0,0.0,-401.1431151869712,0.0,-0.3315917463835185,0.0,0.0,0.0,-2.4194999999999993,0.0,-0.001999999999995339,0.0,0.0,0.0137698,-46.12883,-0.0275396,-0.0275396,-0.1032735,0.034424500000000004,-0.006276434676356,-0.08686446886337999,-0.01283028083012,0.0034665750916470003,0.000724358974374,0.0019661172161580002,4.839001653233855,2.1809780000694445,0.27149700008521904,0.13281299970913096,0.0
pd,00:04:09.288,114,-90.001,-65.161,0.003,-89.96,0.0,-0.0,0.0,0.0,0.0,0.0,0.0,0.0,-90.001,-70.0,0.003,-89.964,0.0,-0.0,-90.001,-67.5805,0.003,-89.96199999999999,0.0,0.0,0.0,-447.4084528701172,0.0,-0.36983546424522756,0.0,0.0,0.0,-2.4194999999999993,0.0,-0.001999999999995339,0.0,0.0,0.0137698,-46.12883,-0.0275396,-0.0275396,-0.1032735,0.034424500000000004,-0.006276434676356,-0.08686446886337999,-0.01283028083012,0.0034665750916470003,0.000724358974374,0.0019661172161580002,4.839001653233855,2.4748460000409978,0.35603300011644023,0.21833099981449777,0.0
pd,00:04:09.292,115,-90.001,-65.161,0.003,-89.96,0.0,-0.0,0.0,0.0,0.0,0.0,0.0,0.0,-90.001,-70.0,0.003,-89.964,0.0,-0.0,-90.001,-67.5805,0.003,-89.96199999999999,0.0,0.0,0.0,-380.47834913017385,0.0,-0.3145098980207803,0.0,0.0,0.0,-2.4194999999999993,0.0,-0.001999999999995339,0.0,0.0,0.0137698,-46.12883,-0.0275396,-0.0275396,-0.1032735,0.034424500000000004,-0.006276434676356,-0.08686446886337999,-0.01283028083012,0.0034665750916470003,0.000724358974374,0.0019661172161580002,4.839001653233855,2.1590339997601404,0.4954759997417568,0.09644299962019431,0.0
pd,00:04:09.294,116,-90.001,-65.161,0.003,-89.96,0.0,-0.0,0.0,0.0,0.0,0.0,0.0,0.0,-90.001,-70.0,0.003,-89.964,0.0,-0.0,-90.001,-67.5805,0.003,-89.96199999999999,0.0,0.0,0.0,-419.72530928943655,0.0,-0.34695210522004516,0.0,0.0,0.0,-2.4194999999999993,0.0,-0.001999999999995339,0.0,0.0,0.0137698,-46.12883,-0.0275396,-0.0275396,-0.1032735,0.034424500000000004,-0.006276434676356,-0.08686446886337999,-0.01283028083012,0.0034665750916470003,0.000724358974374,0.0019661172161580002,4.839001653233855,2.8508609998425527,0.3326440000819275,0.1339250002274639,0.0
pd,00:04:09.298,117,-90.001,-66.056,0.003,-89.96,0.0,-0.0,0.0,-259.5700511685786,0.0,0.0,0.0,0.0,-90.001,-70.0,0.003,-89.964,0.0,-0.0,-90.001,-58.056,0.003,-89.96199999999999,0.0,0.0,0.0,1160.0896141612502,0.0,-0.290022403540667,0.0,0.0,0.0,8.0,0.0,-0.001999999999995339,0.0,0.0,0.0137698,-46.12883,-0.0275396,-0.0275396,-0.1032735,0.034424500000000004,-0.006276434676356,-0.08686446886337999,-0.01283028083012,0.0034665750916470003,0.000724358974374,0.0019661172161580002,3.944002028397047,2.1150350003154017,0.24979399995572749,0.1334429998678388,0.0
pd,00:04:09.301,118,-90.001,-66.056,0.003,-89.96,0.0,-0.0,0.0,0.0,0.0,0.0,0.0,0.0,-90.001,-70.0,0.003,-89.964,0.0,-0.0,-90.001,-68.02799999999999,0.003,-89.96199999999999,0.0,0.0,0.0,-318.17077581166353,0.0,-0.322688413602487,0.0,0.0,0.0,-1.9719999999999942,0.0,-0.001999999999995339,0.0,0.0,0.0137698,-46.12883,-0.0275396,-0.0275396,-0.1032735,0.034424500000000004,-0.006276434676356,-0.08686446886337999,-0.01283028083012,0.0034665750916470003,0.000724358974374,0.0019661172161580002,3.944002028397047,2.530697000111104,0.3489219998300541,0.14286900022852933,0.0
pd,00:04:09.304,119,-90.001,-66.056,0.003,-89.96,0.0,-0.0,0.0,0.0,0.0,0.0,0.0,0.0,-90.001,-70.0,0.003,-89.964,0.0,-0.0,-90.001,-68.02799999999999,0.003,-89.96199999999999,0.0,0.0,0.0,-312.7804979579491,0.0,-0.317221600363419,0.0,0.0,0.0,-1.9719999999999942,0.0,-0.001999999999995339,0.0,0.0,0.0481943,-43.9394318,-0.0206547,-0.0550792,0.0068849,-0.0,-0.006033699633624,-0.062105494504715995,-0.012864957264796,0.0027422161172730003,8.6233211235e-05,0.001293498168525,3.944002028397047,3.2316719998561894,0.3059969999412715,0.20794199963347637,0.0
pd,00:04:09.308,120,-90.001,-66.056,0.003,-89.96,0.0,-0.0,0.0,0.0,0.0,0.0,0.0,0.0,-90.001,-70.0,0.003,-89.964,0.0,-0.0,-90.001,-68.02799999999999,0.003,-89.96199999999999,0.0,0.0,0.0,-254.71690958364147,0.0,-0.25833357969974907,0.0,0.0,0.0,-1.9719999999999942,0.0,-0.001999999999995339,0.0,0.0,0.0481943,-43.9394318,-0.0206547,-0.0550792,0.0068849,-0.0,-0.006033699633624,-0.062105494504715995,-0.012864957264796,0.0027422161172730003,8.6233211235e-05,0.001293498168525,3.944002028397047,2.1179979999033094,1.0273050002069795,0.1470910001444281,0.0
pd,00:04:09.312,121,-90.001,-66.056,0.003,-89.96,0.0,-0.0,0.0,0.0,0.0,0.0,0.0,0.0,-90.001,-70.0,0.003,-89.964,0.0,-0.0,-90.001,-68.02799999999999,0.003,-89.96199999999999,0.0,0.0,0.0,-264.745134370399,0.0,-0.26850419307375495,0.0,0.0,0.0,-1.9719999999999942,0.0,-0.001999999999995339,0.0,0.0,0.0481943,-43.9394318,-0.0206547,-0.0550792,0.0068849,-0.0,-0.006033699633624,-0.062105494504715995,-0.012864957264796,0.0027422161172730003,8.6233211235e-05,0.001293498168525,3.944002028397047,2.398012999947241,0.25146100006168126,0.12162800021542353,0.0
pd,00:04:09.315,122,-90.001,-66.056,0.003,-89.96,0.0,-0.0,0.0,0.0,0.0,0.0,0.0,0.0,-90.001,-70.0,0.003,-89.964,0.0,-0.0,-90.001,-68.02799999999999,0.003,-89.96199999999999,0.0,0.0,0.0,-342.20800529582147,0.0,-0.3470669424911151,0.0,0.0,0.0,-1.9719999999999942,0.0,-0.001999999999995339,0.0,0.0,0.0481943,-43.9394318,-0.0206547,-0.0550792,0.0068849,-0.0,-0.006033699633624,-0.062105494504715995,-0.012864957264796,0.0027422161172730003,8.6233211235e-05,0.001293498168525,3.944002028397047,1.7471680002927314,0.24253500032500597,0.09264700020139571,0.0
pd,00:04:09.317,123,-90.001,-66.975,0.003,-89.96,0.0,-0.0,0.0,-405.27445862685175,0.0,0.0,0.0,0.0,-90.001,-70.0,0.003,-89.964,0.0,-0.0,-90.001,-58.974999999999994,0.003,-89.96199999999999,0.0,0.0,0.0,1763.9802334139417,0.0,-0.4409950583540244,0.0,0.0,0.0,8.0,0.0,-0.001999999999995339,0.0,0.0,0.0481943,-43.9394318,-0.0206547,-0.0550792,0.0068849,-0.0,-0.006033699633624,-0.062105494504715995,-0.012864957264796,0.0027422161172730003,8.6233211235e-05,0.001293498168525,3.025002644626949,2.4951420000434155,0.2717569996093516,0.13209099961386528,0.0
pd,00:04:09.320,124,-90.001,-66.975,0.003,-89.96,0.0,-0.0,0.0,0.0,0.0,0.0,0.0,0.0,-90.001,-70.0,0.003,-89.964,0.0,-0.0,-90.001,-68.4875,0.003,-89.96199999999999,0.0,0.0,0.0,-243.3030912019641,0.0,-0.32172309580464264,0.0,0.0,0.0,-1.5125000000000028,0.0,-0.001999999999995339,0.0,0.0,0.0481943,-43.9394318,-0.0206547,-0.0550792,0.0068849,-0.0,-0.006033699633624,-0.062105494504715995,-0.012864957264796,0.0027422161172730003,8.6233211235e-05,0.001293498168525,3.025002644626949,2.0250719999239664,0.2114609997079242,0.08292499978779233,0.0
pd,00:04:09.322,125,-90.001,-66.975,0.003,-89.96,0.0,-0.0,0.0,0.0,0.0,0.0,0.0,0.0,-90.001,-70.0,0.003,-89.964,0.0,-0.0,-90.001,-68.4875,0.003,-89.96199999999999,0.0,0.0,0.0,-314.64561055450906,0.0,-0.41606031147754446,0.0,0.0,0.0,-1.5125000000000028,0.0,-0.001999999999995339,0.0,0.0,0.0413094,-40.1871613,0.0068849,-0.0481943,-0.0137698,-0.0,-0.006449816849736,-0.040276678876174,-0.011720634920487999,0.0028801892552490003,-0.00012072649572900001,0.0009658119658320001,3.025002644626949,1.841945000251144,0.2094609999403474,0.10136899982171599,0.0
pd,00:04:09.325,126,-90.001,-66.975,0.003,-89.96,0.0,-0.0,0.0,0.0,0.0,0.0,0.0,0.0,-90.001,-70.0,0.003,-89.964,0.0,-0.0,-90.001,-68.4875,0.003,-89.96199999999999,0.0,0.0,0.0,-330.89321927811454,0.0,-0.4375447527649829,0.0,0.0,0.0,-1.5125000000000028,0.0,-0.001999999999995339,0.0,0.0,0.0413094,-40.1871613,0.0068849,-0.0481943,-0.0137698,-0.0,-0.006449816849736,-0.040276678876174,-0.011720634920487999,0.0028801892552490003,-0.00012072649572900001,0.0009658119658320001,3.025002644626949,2.91650799999843,0.27425700000094366,0.1270909997401759,0.0
pd,00:04:09.328,127,-90.001,-66.975,0.003,-89.96,0.0,-0.0,0.0,0.0,0.0,0.0,0.0,0.0,-90.001,-70.0,0.003,-89.964,0.0,-0.0,-90.001,-68.4875,0.003,-89.96199999999999,0.0,0.0,0.0,-220.50346889120652,0.0,-0.291574834897819,0.0,0.0,0.0,-1.5125000000000028,0.0,-0.001999999999995339,0.0,0.0,0.0413094,-40.1871613,0.0068849,-0.0481943,-0.0137698,-0.0,-0.006449816849736,-0.040276678876174,-0.011720634920487999,0.0028801892552490003,-0.00012072649572900001,0.0009658119658320001,3.025002644626949,1.9457030002740794,0.17840500004240312,0.0746660002732824,0.0
pd,00:04:09.330,128,-90.001,-66.975,0.003,-89.96,0.0,-0.0,0.0,0.0,0.0,0.0,0.0,0.0,-90.001,-70.0,0.003,-89.964,0.0,-0.0,-90.001,-68.4875,0.003,-89.96199999999999,0.0,0.0,0.0,-332.73286478548266,0.0,-0.4399773418656379,0.0,0.0,0.0,-1.5125000000000028,0.0,-0.001999999999995339,0.0,0.0,0.0413094,-40.1871613,0.0068849,-0.0481943,-0.0137698,-0.0,-0.006449816849736,-0.040276678876174,-0.011720634920487999,0.0028801892552490003,-0.00012072649572900001,0.0009658119658320001,3.025002644626949,2.0200360004309914,0.16981299995677546,0.10583299990685191,0.0
pd,00:04:09.333,129,-90.001,-66.975,0.003,-89.96,0.0,-0.0,0.0,0.0,0.0,0.0,0.0,0.0,-90.001,-70.0,0.003,-89.964,0.0,-0.0,-90.001,-68.4875,0.003,-89.96199999999999,0.0,0.0,0.0,-318.9163884978892,0.0,-0.42170762115474825,0.0,0.0,0.0,-1.5125000000000028,0.0,-0.001999999999995339,0.0,0.0,0.0413094,-40.1871613,0.0068849,-0.0481943,-0.0137698,-0.0,-0.006449816849736,-0.040276678876174,-0.011720634920487999,0.0028801892552490003,-0.00012072649572900001,0.0009658119658320001,3.025002644626949,2.1794600002067455,0.25953500016839826,0.1341470001534617,0.0
pd,00:04:09.335,130,-90.001,-66.975,0.003,-89.96,0.0,-0.0,0.0,0.0,0.0,0.0,0.0,0.0,-90.001,-70.0,0.003,-89.964,0.0,-0.0,-90.001,-68.4875,0.003,-89.96199999999999,0.0,0.0,0.0,-280.0090395480231,0.0,-0.37025988700610224,0.0,0.0,0.0,-1.5125000000000028,0.0,-0.001999999999995339,0.0,0.0,0.0413094,-40.1871613,0.0068849,-0.0481943,-0.0137698,-0.0,-0.006449816849736,-0.040276678876174,-0.011720634920487999,0.0028801892552490003,-0.00012072649572900001,0.0009658119658320001,3.025002644626949,2.083201999994344,0.24201599990192335,0.11514700008774525,0.0
pd,00:04:09.338,131,-90.001,-67.872,0.003,-89.961,0.0,-0.0,0.0,-320.05875695448947,0.0,-0.3568102084236518,0.0,0.0,-90.001,-70.0,0.003,-89.964,0.0,-0.0,-90.001,-59.872,0.003,-89.92681897915763,0.0,0.0,0.0,1427.2408336877925,0.0,6.098068585419625,0.0,0.0,0.0,8.0,0.0,0.03418102084236807,0.0,0.0,0.0413094,-40.1871613,0.0068849,-0.0481943,-0.0137698,-0.0,-0.006449816849736,-0.040276678876174,-0.011720634920487999,0.0028801892552490003,-0.00012072649572900001,0.0009658119658320001,2.1280021146606036,1.990740000110236,0.21601600019494072,0.09218400009558536,0.0
pd,00:04:09.341,132,-90.001,-67.872,0.003,-89.961,0.0,-0.0,0.0,0.0,0.0,0.0,0.0,0.0,-90.001,-70.0,0.003,-89.964,0.0,-0.0,-90.001,-68.936,0.003,-89.9625,0.0,0.0,0.0,-220.12131084147185,0.0,-0.310321396862989,0.0,0.0,0.0,-1.0640000000000072,0.0,-0.0015000000000071623,0.0,0.0,0.0413094,-40.1871613,0.0068849,-0.0481943,-0.0137698,-0.0,-0.006449816849736,-0.040276678876174,-0.011720634920487999,0.0028801892552490003,-0.00012072649572900001,0.0009658119658320001,2.1280021146606036,2.09279399996376,0.19316399993840605,0.08868500026437687,0.0
pd,00:04:09.343,133,-90.001,-67.872,0.003,-89.961,0.0,-0.0,0.0,0.0,0.0,0.0,0.0,0.0,-90.001,-70.0,0.003,-89.964,0.0,-0.0,-90.001,-68.936,0.003,-89.9625,0.0,0.0,0.0,-216.6168069119503,0.0,-0.3053808368119716,0.0,0.0,0.0,-1.0640000000000072,0.0,-0.0015000000000071623,0.0,0.0,0.06884900000000001,-35.1680692,-0.034424500000000004,-0.206547,0.0137698,0.0206547,-0.0060683760683,-0.028642735042375998,-0.012275457875304,0.002190323565369,-0.00022420634921100003,0.001569444444477,2.1280021146606036,2.9234159997031384,0.6041610004103859,0.27288599994790275,0.0
pd,00:04:09.347,134,-90.001,-67.872,0.003,-89.961,0.0,-0.0,0.0,0.0,0.0,0.0,0.0,0.0,-90.001,-70.0,0.003,-89.964,0.0,-0.0,-90.001,-68.936,0.003,-89.9625,0.0,0.0,0.0,-135.070806779661,0.0,-0.19041937046005564,0.0,0.0,0.0,-1.0640000000000072,0.0,-0.0015000000000071623,0.0,0.0,0.06884900000000001,-35.1680692,-0.034424500000000004,-0.206547,0.0137698,0.0206547,-0.0060683760683,-0.028642735042375998,-0.012275457875304,0.002190323565369,-0.00022420634921100003,0.001569444444477,2.1280021146606036,2.2624040002483525,0.3721820003192988,0.1370360000692017,0.0
pd,00:04:09.350,135,-90.001,-67.872,0.003,-89.961,0.0,-0.0,0.0,0.0,0.0,0.0,0.0,0.0,-90.001,-70.0,0.003,-89.964,0.0,-0.0,-90.001,-68.936,0.003,-89.9625,0.0,0.0,0.0,-183.38015516107825,0.0,-0.2585246548323569,0.0,0.0,0.0,-1.0640000000000072,0.0,-0.0015000000000071623,0.0,0.0,0.06884900000000001,-35.1680692,-0.034424500000000004,-0.206547,0.0137698,0.0206547,-0.0060683760683,-0.028642735042375998,-0.012275457875304,0.002190323565369,-0.00022420634921100003,0.001569444444477,2.1280021146606036,3.0680989998472796,0.2954229998977098,0.12544300034278422,0.0
pd,00:04:09.354,136,-90.001,-67.872,0.003,-89.961,0.0,-0.0,0.0,0.0,0.0,0.0,0.0,0.0,-90.001,-70.0,0.003,-89.964,0.0,-0.0,-90.001,-68.936,0.003,-89.9625,0.0,0.0,0.0,-147.94919294523274,0.0,-0.20857499005437735,0.0,0.0,0.0,-1.0640000000000072,0.0,-0.0015000000000071623,0.0,0.0,0.06884900000000001,-35.1680692,-0.034424500000000004,-0.206547,0.0137698,0.0206547,-0.0060683760683,-0.028642735042375998,-0.012275457875304,0.002190323565369,-0.00022420634921100003,0.001569444444477,2.1280021146606036,1.7511859996375279,0.34423800025251694,0.9086390000447864,0.0
pd,00:04:09.357,137,-90.001,-67.872,0.003,-89.961,0.0,-0.0,0.0,0.0,0.0,0.0,0.0,0.0,-90.001,-70.0,0.003,-89.964,0.0,-0.0,-90.001,-68.936,0.003,-89.9625,0.0,0.0,0.0,-167.60833230676784,0.0,-0.23628994216180568,0.0,0.0,0.0,-1.0640000000000072,0.0,-0.0015000000000071623,0.0,0.0,0.06884900000000001,-35.1680692,-0.034424500000000004,-0.206547,0.0137698,0.0206547,-0.0060683760683,-0.028642735042375998,-0.012275457875304,0.002190323565369,-0.00022420634921100003,0.001569444444477,2.1280021146606036,2.3171070001808403,0.2610709998407401,0.11770299988711486,0.0
pd,00:04:09.360,138,-90.001,-68.713,0.003,-89.961,0.0,-0.0,0.0,-299.4405487266532,0.0,0.0,0.0,0.0,-90.001,-70.0,0.003,-89.964,0.0,-0.0,-90.001,-60.712999999999994,0.003,-89.9625,0.0,0.0,0.0,1424.211884550085,0.0,-0.26703972835315104,0.0,0.0,0.0,8.0,0.0,-0.0015000000000071623,0.0,0.0,0.06884900000000001,-35.1680692,-0.034424500000000004,-0.206547,0.0137698,0.0206547,-0.0060683760683,-0.028642735042375998,-0.012275457875304,0.002190323565369,-0.00022420634921100003,0.001569444444477,1.287003496498753,2.1452380001392157,0.23703499982730136,0.11483200023576501,0.0
pd,00:04:09.362,139,-90.001,-68.713,0.003,-89.961,0.0,-0.0,0.0,0.0,0.0,0.0,0.0,0.0,-90.001,-70.0,0.003,-89.964,0.0,-0.0,-90.001,-69.3565,0.003,-89.9625,0.0,0.0,0.0,-123.88848912145474,0.0,-0.28878435692647747,0.0,0.0,0.0,-0.6435000000000031,0.0,-0.0015000000000071623,0.0,0.0,0.06884900000000001,-35.1680692,0.0481943,-0.0068849,-0.0137698,-0.0413094,-0.0060683760683,-0.028642735042375998,-0.01257020757005,0.0025697496948030004,-0.00024145299145800003,0.001500457875489,1.287003496498753,1.8719260001489602,0.34323700037930394,0.13490600031218491,0.0
pd,00:04:09.365,140,-90.001,-68.713,0.003,-89.961,0.0,-0.0,0.0,0.0,0.0,0.0,0.0,0.0,-90.001,-70.0,0.003,-89.964,0.0,-0.0,-90.001,-69.3565,0.003,-89.9625,0.0,0.0,0.0,-130.14922480470696,0.0,-0.30337814639792837,0.0,0.0,0.0,-0.6435000000000031,0.0,-0.0015000000000071623,0.0,0.0,-0.0068849,-29.2195156,0.0481943,-0.0068849,-0.0137698,-0.0413094,-0.00615506715499,-0.03693040292994,-0.01257020757005,0.0025697496948030004,-0.00024145299145800003,0.001500457875489,1.287003496498753,2.676937000160251,0.26997900022251997,0.12522099996203906,0.0
pd,00:04:09.368,141,-90.001,-68.713,0.003,-89.961,0.0,-0.0,0.0,0.0,0.0,0.0,0.0,0.0,-90.001,-70.0,0.003,-89.964,0.0,-0.0,-90.001,-69.3565,0.003,-89.9625,0.0,0.0,0.0,-91.70408480565415,0.0,-0.21376243544442233,0.0,0.0,0.0,-0.6435000000000031,0.0,-0.0015000000000071623,0.0,0.0,-0.0068849,-29.2195156,0.0481943,-0.0068849,-0.0137698,-0.0413094,-0.00615506715499,-0.03693040292994,-0.01257020757005,0.0025697496948030004,-0.00024145299145800003,0.001500457875489,1.287003496498753,2.0019060002596234,0.2456459997119964,0.12340600005700253,0.0
pd,00:04:09.371,142,-90.001,-68.713,0.003,-89.961,0.0,-0.0,0.0,0.0,0.0,0.0,0.0,0.0,-90.001,-70.0,0.003,-89.964,0.0,-0.0,-90.001,-69.3565,0.003,-89.9625,0.0,0.0,0.0,-129.9236846057578,0.0,-0.3028524116684432,0.0,0.0,0.0,-0.6435000000000031,0.0,-0.0015000000000071623,0.0,0.0,-0.0068849,-29.2195156,0.0481943,-0.0068849,-0.0137698,-0.0413094,-0.00615506715499,-0.03693040292994,-0.01257020757005,0.0025697496948030004,-0.00024145299145800003,0.001500457875489,1.287003496498753,1.9724250000763277,0.32116300008055987,0.11025799994968111,0.0
pd,00:04:09.373,143,-90.001,-68.713,0.003,-89.961,0.0,-0.0,0.0,0.0,0.0,0.0,0.0,0.0,-90.001,-70.0,0.003,-89.964,0.0,-0.0,-90.001,-69.3565,0.003,-89.9625,0.0,0.0,0.0,-128.58669004287816,0.0,-0.2997358742258332,0.0,0.0,0.0,-0.6435000000000031,0.0,-0.0015000000000071623,0.0,0.0,-0.0068849,-29.2195156,0.0481943,-0.0068849,-0.0137698,-0.0413094,-0.00615506715499,-0.03693040292994,-0.01257020757005,0.0025697496948030004,-0.00024145299145800003,0.001500457875489,1.287003496498753,2.1654420002050756,0.3587749997677747,0.13424000007944414,0.0
pd,00:04:09.376,144,-90.001,-68.713,0.003,-89.961,0.0,-0.0,0.0,0.0,0.0,0.0,0.0,0.0,-90.001,-70.0,0.003,-89.964,0.0,-0.0,-90.001,-69.3565,0.003,-89.9625,0.0,0.0,0.0,-115.64978250064328,0.0,-0.269579912588921,0.0,0.0,0.0,-0.6435000000000031,0.0,-0.0015000000000071623,0.0,0.0,-0.0068849,-29.2195156,0.0481943,-0.0068849,-0.0137698,-0.0413094,-0.00615506715499,-0.03693040292994,-0.01257020757005,0.0025697496948030004,-0.00024145299145800003,0.001500457875489,1.287003496498753,2.504901000065729,0.2275350002491905,0.10590600004434236,0.0
pd,00:04:09.379,145,-90.001,-69.468,0.002,-89.966,0.001,-0.0,0.0,-257.8115704632452,-0.3414722787592608,-1.707361393794751,0.3414722787592608,0.0,-90.001,-70.0,0.003,-89.964,0.0,-0.0,-90.001,-61.468,0.03664722787592608,-89.79426386062052,-0.033647227875926077,0.0,0.0,1365.889115037043,5.91553392774193,29.321565429613294,-5.91553392774193,0.0,0.0,8.0,0.03464722787592608,0.17173613937947607,-0.03464722787592608,0.0,-0.0068849,-29.2195156,0.0481943,-0.0068849,-0.0137698,-0.0413094,-0.00615506715499,-0.03693040292994,-0.01257020757005,0.0025697496948030004,-0.00024145299145800003,0.001500457875489,0.5320056390678544,1.9181469997420209,0.1810720000321453,0.08168499971361598,0.0
pd,00:04:09.381,146,-90.001,-69.468,0.002,-89.966,0.001,-0.0,0.0,0.0,0.0,0.0,0.0,0.0,-90.001,-70.0,0.003,-89.964,0.0,-0.0,-90.001,-69.73400000000001,0.0025,-89.965,0.0005,0.0,0.0,-58.837931863727064,0.11059761628520198,0.22119523256988846,-0.11059761628520198,0.0,0.0,-0.26600000000000534,0.0005,0.000999999999990564,-0.0005,0.0,-0.0068849,-29.2195156,0.0481943,-0.0068849,-0.0137698,-0.0413094,-0.00615506715499,-0.03693040292994,-0.01257020757005,0.0025697496948030004,-0.00024145299145800003,0.001500457875489,0.5320056390678544,1.7639830002735835,0.24775600013526855,0.1184069997179904,0.0
pd,00:04:09.383,147,-90.001,-69.468,0.002,-89.966,0.001,-0.0,0.0,0.0,0.0,0.0,0.0,0.0,-90.001,-70.0,0.003,-89.964,0.0,-0.0,-90.001,-69.73400000000001,0.0025,-89.965,0.0005,0.0,0.0,-59.357568844434596,0.11157437752713344,0.2231487550537468,-0.11157437752713344,0.0,0.0,-0.26600000000000534,0.0005,0.000999999999990564,-0.0005,0.0,-0.0137698,-24.441395,0.0619641,0.0826188,0.034424500000000004,-0.0481943,-0.00615506715499,-0.039496459095964,-0.012275457875304,0.002121336996381,-1.7246642247e-05,0.0018798840049230002,0.5320056390678544,1.9964800003435812,0.2278859997204563,0.11188799999217736,0.0
pd,00:04:09.386,148,-90.001,-69.468,0.002,-89.966,0.001,-0.0,0.0,0.0,0.0,0.0,0.0,0.0,-90.001,-70.0,0.003,-89.964,0.0,-0.0,-90.001,-69.73400000000001,0.0025,-89.965,0.0005,0.0,0.0,-54.61012550171281,0.1026506118453255,0.20530122369017254,-0.1026506118453255,0.0,0.0,-0.26600000000000534,0.0005,0.000999999999990564,-0.0005,0.0,-0.0137698,-24.441395,0.0619641,0.0826188,0.034424500000000004,-0.0481943,-0.00615506715499,-0.039496459095964,-0.012275457875304,0.002121336996381,-1.7246642247e-05,0.0018798840049230002,0.5320056390678544,1.919444000122894,0.19227600023441482,0.09199899977829773,0.0
pd,00:04:09.388,149,-90.001,-69.468,0.002,-89.966,0.001,-0.0,0.0,0.0,0.0,0.0,0.0,0.0,-90.001,-70.0,0.003,-89.964,0.0,-0.0,-90.001,-69.73400000000001,0.0025,-89.965,0.0005,0.0,0.0,-58.01190016638897,0.10904492512479201,0.21808985024907576,-0.10904492512479201,0.0,0.0,-0.26600000000000534,0.0005,0.000999999999990564,-0.0005,0.0,-0.0137698,-24.441395,0.0619641,0.0826188,0.034424500000000004,-0.0481943,-0.00615506715499,-0.039496459095964,-0.012275457875304,0.002121336996381,-1.7246642247e-05,0.0018798840049230002,0.5320056390678544,1.7683720002423797,0.15372000007118913,0.06694400008200319,0.0
pd,00:04:09.390,150,-90.001,-69.468,0.002,-89.966,0.001,-0.0,0.0,0.0,0.0,0.0,0.0,0.0,-90.001,-70.0,0.003,-89.964,0.0,-0.0,-90.001,-69.73400000000001,0.0025,-89.965,0.0005,0.0,0.0,-64.28237289698045,0.12083152800184374,0.24166305600312427,-0.12083152800184374,0.0,0.0,-0.26600000000000534,0.0005,0.000999999999990564,-0.0005,0.0,-0.0137698,-24.441395,0.0619641,0.0826188,0.034424500000000004,-0.0481943,-0.00615506715499,-0.039496459095964,-0.012275457875304,0.002121336996381,-1.7246642247e-05,0.0018798840049230002,0.5320056390678544,1.6850760002853349,0.1329990000158432,0.05561100033446564,0.0
pd,00:04:09.392,151,-90.001,-69.468,0.002,-89.966,0.001,-0.0,0.0,0.0,0.0,0.0,0.0,0.0,-90.001,-70.0,0.003,-89.964,0.0,-0.0,-90.001,-69.73400000000001,0.0025,-89.965,0.0005,0.0,0.0,-59.25039107806652,0.11137291556027616,0.22274583112003318,-0.11137291556027616,0.0,0.0,-0.26600000000000534,0.0005,0.000999999999990564,-0.0005,0.0,-0.0137698,-24.441395,0.0619641,0.0826188,0.034424500000000004,-0.0481943,-0.00615506715499,-0.039496459095964,-0.012275457875304,0.002121336996381,-1.7246642247e-05,0.0018798840049230002,0.5320056390678544,1.8084449998241325,0.21164600002521183,0.09025800000017625,0.0
pd,00:04:09.395,152,-90.001,-69.468,0.002,-89.966,0.001,-0.0,0.0,0.0,0.0,0.0,0.0,0.0,-90.001,-70.0,0.003,-89.964,0.0,-0.0,-90.001,-69.73400000000001,0.0025,-89.965,0.0005,0.0,0.0,-60.398704200952395,0.11353139887397141,0.22706279774741364,-0.11353139887397141,0.0,0.0,-0.26600000000000534,0.0005,0.000999999999990564,-0.0005,0.0,-0.0137698,-24.441395,0.0619641,0.0826188,0.034424500000000004,-0.0481943,-0.00615506715499,-0.039496459095964,-0.012275457875304,0.002121336996381,-1.7246642247e-05,0.0018798840049230002,0.5320056390678544,1.6940020000220102,0.13523899997380795,0.056184000186476624,0.0
pd,00:04:09.396,153,-90.001,-69.468,0.002,-89.966,0.001,-0.0,0.0,0.0,0.0,0.0,0.0,0.0,-90.001,-70.0,0.003,-89.964,0.0,-0.0,-90.001,-69.73400000000001,0.0025,-89.965,0.0005,0.0,0.0,-68.25430466169048,0.1282975651535544,0.25659513030651077,-0.1282975651535544,0.0,0.0,-0.26600000000000534,0.0005,0.000999999999990564,-0.0005,0.0,-0.0137698,-24.441395,0.0619641,0.0826188,0.034424500000000004,-0.0481943,-0.00615506715499,-0.039496459095964,-0.012275457875304,0.002121336996381,-1.7246642247e-05,0.0018798840049230002,0.5320056390678544,1.911370000016177,0.23460900001737173,0.11346200017214869,0.0
pd,00:04:09.399,154,-90.001,-70.109,0.002,-89.968,0.001,-0.0,0.0,-271.625466154775,0.0,-0.8475053546211411,0.0,0.0,-90.001,-70.0,0.003,-89.964,0.0,-0.0,-90.001,-62.108999999999995,0.0025,-89.88124946453789,0.0005,0.0,0.0,1695.0107092341887,0.1059381693271368,18.38038583001098,-0.1059381693271368,0.0,0.0,8.0,0.0005,0.08675053546211586,-0.0005,0.0,-0.0137698,-24.441395,0.0619641,0.0826188,0.034424500000000004,-0.0481943,-0.00615506715499,-0.039496459095964,-0.012275457875304,0.002121336996381,-1.7246642247e-05,0.0018798840049230002,0.10908253755757093,2.1032569998169492,0.3124229997411021,0.1380359999529901,0.0
pd,00:04:09.402,155,-90.001,-70.109,0.002,-89.968,0.001,-0.0,0.0,0.0,0.0,0.0,0.0,0.0,-90.001,-70.0,0.003,-89.964,0.0,-0.0,-90.001,-70.05449999999999,0.0025,-89.96600000000001,0.0005,0.0,0.0,10.174006053052732,0.09333950507388286,0.3733580202959877,-0.09333950507388286,0.0,0.0,0.054500000000004434,0.0005,0.001999999999995339,-0.0005,0.0,-0.0137698,-20.1658721,-0.0275396,0.0068849,-0.0,-0.0068849,-0.00615506715499,-0.041715750915228,-0.01317704517688,0.002449023199074,-0.00022420634921100003,0.001293498168525,0.10908253755757093,2.4859749996721803,0.2697199997783173,0.11725899958037189,0.0
pd,00:04:09.404,156,-90.001,-70.109,0.002,-89.968,0.001,-0.0,0.0,0.0,0.0,0.0,0.0,0.0,-90.001,-70.0,0.003,-89.964,0.0,-0.0,-90.001,-70.05449999999999,0.0025,-89.96600000000001,0.0005,0.0,0.0,9.131893895812912,0.08377884308085651,0.3351153723238356,-0.08377884308085651,0.0,0.0,0.054500000000004434,0.0005,0.001999999999995339,-0.0005,0.0,-0.0481943,-20.1658721,-0.0275396,0.0068849,-0.0,-0.0068849,-0.006311111111032,-0.041715750915228,-0.01317704517688,0.002449023199074,-0.00022420634921100003,0.001293498168525,0.10908253755757093,1.86007399997834,0.18234999970445642,0.08225900000979891,0.0
pd,00:04:09.407,157,-90.001,-70.109,0.002,-89.968,0.001,-0.0,0.0,0.0,0.0,0.0,0.0,0.0,-90.001,-70.0,0.003,-89.964,0.0,-0.0,-90.001,-70.05449999999999,0.0025,-89.96600000000001,0.0005,0.0,0.0,12.366888552260809,0.11345769314001299,0.45383077256060655,-0.11345769314001299,0.0,0.0,0.054500000000004434,0.0005,0.001999999999995339,-0.0005,0.0,-0.0481943,-20.1658721,-0.0275396,0.0068849,-0.0,-0.0068849,-0.006311111111032,-0.041715750915228,-0.01317704517688,0.002449023199074,-0.00022420634921100003,0.001293498168525,0.10908253755757093,2.1608490001199243,0.20088700011910987,0.09086999989449396,0.0
pd,00:04:09.409,158,-90.001,-70.109,0.002,-89.968,0.001,-0.0,0.0,0.0,0.0,0.0,0.0,0.0,-90.001,-70.0,0.003,-89.964,0.0,-0.0,-90.001,-70.05449999999999,0.0025,-89.96600000000001,0.0005,0.0,0.0,10.753107912314837,0.09865236616803086,0.3946094646726057,-0.09865236616803086,0.0,0.0,0.054500000000004434,0.0005,0.001999999999995339,-0.0005,0.0,-0.0481943,-20.1658721,-0.0275396,0.0068849,-0.0,-0.0068849,-0.006311111111032,-0.041715750915228,-0.01317704517688,0.002449023199074,-0.00022420634921100003,0.001293498168525,0.10908253755757093,1.6876129998308897,0.14070300039747963,0.06012899984852993,0.0
pd,00:04:09.411,159,-90.001,-70.109,0.002,-89.968,0.001,-0.0,0.0,0.0,0.0,0.0,0.0,0.0,-90.001,-70.0,0.003,-89.964,0.0,-0.0,-90.001,-70.05449999999999,0.0025,-89.96600000000001,0.0005,0.0,0.0,13.946892495423356,0.12795314215985357,0.5118125686400398,-0.12795314215985357,0.0,0.0,0.054500000000004434,0.0005,0.001999999999995339,-0.0005,0.0,-0.0481943,-20.1658721,-0.0275396,0.0068849,-0.0,-0.0068849,-0.006311111111032,-0.041715750915228,-0.01317704517688,0.002449023199074,-0.00022420634921100003,0.001293498168525,0.10908253755757093,1.7063899999811838,0.15746200006105937,0.06983299999774317,0.0
pd,00:04:09.413,160,-90.001,-70.109,0.002,-89.968,0.001,-0.0,0.0,0.0,0.0,0.0,0.0,0.0,-90.001,-70.0,0.003,-89.964,0.0,-0.0,-90.001,-70.05449999999999,0.0025,-89.96600000000001,0.0005,0.0,0.0,13.582267855020131,0.12460796197266785,0.4984318478912806,-0.12460796197266785,0.0,0.0,0.054500000000004434,0.0005,0.001999999999995339,-0.0005,0.0,-0.0481943,-20.1658721,-0.0275396,0.0068849,-0.0,-0.0068849,-0.006311111111032,-0.041715750915228,-0.01317704517688,0.002449023199074,-0.00022420634921100003,0.001293498168525,0.10908253755757093,1.7039280000972212,0.13248000004750793,0.056833000144251855,0.0
pd,00:04:09.415,161,-90.001,-70.109,0.002,-89.968,0.001,-0.0,0.0,0.0,0.0,0.0,0.0,0.0,-90.001,-70.0,0.003,-89.964,0.0,-0.0,-90.001,-70.05449999999999,0.0025,-89.96600000000001,0.0005,0.0,0.0,12.23450909869347,0.11224320274031258,0.448972810961799,-0.11224320274031258,0.0,0.0,0.054500000000004434,0.0005,0.001999999999995339,-0.0005,0.0,-0.0481943,-20.1658721,-0.0275396,0.0068849,-0.0,-0.0068849,-0.006311111111032,-0.041715750915228,-0.01317704517688,0.002449023199074,-0.00022420634921100003,0.001293498168525,0.10908253755757093,1.8359629998485616,0.2755159998741874,0.10618399983286508,0.0
pd,00:04:09.418,162,-90.001,-70.637,0.002,-89.965,0.001,-0.0,0.0,-228.37913911519277,0.0,1.2976087449727212,0.0,0.0,-90.001,-70.0,0.003,-89.964,0.0,-0.0,-90.001,-62.637,0.0025,-90.09426087449728,0.0005,0.0,0.0,1730.144993296896,0.108134062081056,-27.955006855078704,-0.108134062081056,0.0,0.0,8.0,0.0005,-0.12926087449727675,-0.0005,0.0,-0.0481943,-20.1658721,-0.0275396,0.0068849,-0.0,-0.0068849,-0.006311111111032,-0.041715750915228,-0.01317704517688,0.002449023199074,-0.00022420634921100003,0.001293498168525,0.6370023547837171,1.7454829999223875,0.21590500000456814,0.16083200034699985,0.0
pd,00:04:09.420,163,-90.001,-70.637,0.002,-89.965,0.001,-0.0,0.0,0.0,0.0,0.0,0.0,0.0,-90.001,-70.0,0.003,-89.964,0.0,-0.0,-90.001,-70.3185,0.0025,-89.9645,0.0005,0.0,0.0,70.83921009651081,0.11120755117191643,0.11120755117244743,-0.11120755117191643,0.0,0.0,0.3185000000000002,0.0005,0.0005000000000023874,-0.0005,0.0,-0.0481943,-20.1658721,-0.0275396,0.0068849,-0.0,-0.0068849,-0.006311111111032,-0.041715750915228,-0.01317704517688,0.002449023199074,-0.00022420634921100003,0.001293498168525,0.6370023547837171,2.259366000089358,0.31692299990027095,0.12359099991954281,0.0
pd,00:04:09.423,164,-90.001,-70.637,0.002,-89.965,0.001,-0.0,0.0,0.0,0.0,0.0,0.0,0.0,-90.001,-70.0,0.003,-89.964,0.0,-0.0,-90.001,-70.3185,0.0025,-89.9645,0.0005,0.0,0.0,56.754432152264464,0.0890964397994732,0.08909643979989862,-0.0890964397994732,0.0,0.0,0.3185000000000002,0.0005,0.0005000000000023874,-0.0005,0.0,0.0068849,-16.6821127,-0.0068849,1.0809293,-0.0550792,0.0137698,-0.006033699633624,-0.030393894993513998,-0.0072300366299459995,0.000327686202693,-0.00043116605617500006,0.0018108974359350002,0.6370023547837171,1.9528149996403954,0.21435000007841154,0.10642400002325303,0.0
pd,00:04:09.425,165,-90.001,-70.637,0.002,-89.965,0.001,-0.0,0.0,0.0,0.0,0.0,0.0,0.0,-90.001,-70.0,0.003,-89.964,0.0,-0.0,-90.001,-70.3185,0.0025,-89.9645,0.0005,0.0,0.0,67.31938238258421,0.10568191896795001,0.10568191896845462,-0.10568191896795001,0.0,0.0,0.3185000000000002,0.0005,0.0005000000000023874,-0.0005,0.0,0.0068849,-16.6821127,-0.0068849,1.0809293,-0.0550792,0.0137698,-0.006033699633624,-0.030393894993513998,-0.0072300366299459995,0.000327686202693,-0.00043116605617500006,0.0018108974359350002,0.6370023547837171,1.7945009999493777,0.17857199964055326,0.08542500017938437,0.0
pd,00:04:09.427,166,-90.001,-70.637,0.002,-89.965,0.001,-0.0,0.0,0.0,0.0,0.0,0.0,0.0,-90.001,-70.0,0.003,-89.964,0.0,-0.0,-90.001,-70.3185,0.0025,-89.9645,0.0005,0.0,0.0,74.38117060133635,0.11676792873051225,0.1167679287310698,-0.11676792873051225,0.0,0.0,0.3185000000000002,0.0005,0.0005000000000023874,-0.0005,0.0,0.0068849,-16.6821127,-0.0068849,1.0809293,-0.0550792,0.0137698,-0.006033699633624,-0.030393894993513998,-0.0072300366299459995,0.000327686202693,-0.00043116605617500006,0.0018108974359350002,0.6370023547837171,2.3610319999534113,0.20675700034189504,0.10077700017063762,0.0
pd,00:04:09.430,167,-90.001,-70.637,0.002,-89.965,0.001,-0.0,0.0,0.0,0.0,0.0,0.0,0.0,-90.001,-70.0,0.003,-89.964,0.0,-0.0,-90.001,-70.3185,0.0025,-89.9645,0.0005,0.0,0.0,57.80052890273455,0.0907386638975424,0.09073866389797566,-0.0907386638975424,0.0,0.0,0.3185000000000002,0.0005,0.0005000000000023874,-0.0005,0.0,0.0068849,-16.6821127,-0.0068849,1.0809293,-0.0550792,0.0137698,-0.006033699633624,-0.030393894993513998,-0.0072300366299459995,0.000327686202693,-0.00043116605617500006,0.0018108974359350002,0.6370023547837171,1.857721999840578,0.15873900019869325,0.06940699995539035,0.0
pd,00:04:09.432,168,-90.001,-70.637,0.002,-89.965,0.001,-0.0,0.0,0.0,0.0,0.0,0.0,0.0,-90.001,-70.0,0.003,-89.964,0.0,-0.0,-90.001,-70.3185,0.0025,-89.9645,0.0005,0.0,0.0,73.77323967307272,0.11581356306604816,0.11581356306660115,-0.11581356306604816,0.0,0.0,0.3185000000000002,0.0005,0.0005000000000023874,-0.0005,0.0,0.0068849,-16.6821127,-0.0068849,1.0809293,-0.0550792,0.0137698,-0.006033699633624,-0.030393894993513998,-0.0072300366299459995,0.000327686202693,-0.00043116605617500006,0.0018108974359350002,0.6370023547837171,1.7282979997617076,0.15431400015586405,0.06805500015616417,0.0
pd,00:04:09.434,169,-90.001,-70.637,0.002,-89.965,0.001,-0.0,0.0,0.0,0.0,0.0,0.0,0.0,-90.001,-70.0,0.003,-89.964,0.0,-0.0,-90.001,-70.3185,0.0025,-89.9645,0.0005,0.0,0.0,78.79472832369947,0.12369659077503835,0.12369659077562897,-0.12369659077503835,0.0,0.0,0.3185000000000002,0.0005,0.0005000000000023874,-0.0005,0.0,0.0068849,-16.6821127,-0.0068849,1.0809293,-0.0550792,0.0137698,-0.006033699633624,-0.030393894993513998,-0.0072300366299459995,0.000327686202693,-0.00043116605617500006,0.0018108974359350002,0.6370023547837171,1.7001689998323855,0.13305500033311546,0.058277000334783224,0.0
pd,00:04:09.436,170,-90.001,-70.637,0.002,-89.965,0.001,-0.0,0.0,0.0,0.0,0.0,0.0,0.0,-90.001,-70.0,0.003,-89.964,0.0,-0.0,-90.001,-70.3185,0.0025,-89.9645,0.0005,0.0,0.0,81.56587031383569,0.12804689217242643,0.12804689217303783,-0.12804689217242643,0.0,0.0,0.3185000000000002,0.0005,0.0005000000000023874,-0.0005,0.0,0.0068849,-16.6821127,-0.0068849,1.0809293,-0.0550792,0.0137698,-0.006033699633624,-0.030393894993513998,-0.0072300366299459995,0.000327686202693,-0.00043116605617500006,0.0018108974359350002,0.6370023547837171,1.811536999866803,0.20453500019357307,0.11233199984417297,0.0
pd,00:04:09.439,171,-90.001,-71.078,0.002,-89.966,0.001,-0.0,0.0,-169.199420417125,0.0,-0.3836721551372505,0.0,0.0,-90.001,-70.0,0.003,-89.964,0.0,-0.0,-90.001,-63.078,0.0025,-89.92663278448627,0.0005,0.0,0.0,1534.6886205634833,0.09591803878521771,7.552052209022561,-0.09591803878521771,0.0,0.0,8.0,0.0005,0.03936721551372102,-0.0005,0.0,0.0068849,-16.6821127,-0.0068849,1.0809293,-0.0550792,0.0137698,-0.006033699633624,-0.030393894993513998,-0.0072300366299459995,0.000327686202693,-0.00043116605617500006,0.0018108974359350002,1.078002782927765,1.9255359998169297,0.3471639997769671,0.1504239999121637,0.0
pd,00:04:09.441,172,-90.001,-71.078,0.002,-89.966,0.001,-0.0,0.0,0.0,0.0,0.0,0.0,0.0,-90.001,-70.0,0.003,-89.964,0.0,-0.0,-90.001,-70.539,0.0025,-89.965,0.0005,0.0,0.0,106.6885255309111,0.09896894761680038,0.19793789523313945,-0.09896894761680038,0.0,0.0,0.5390000000000015,0.0005,0.000999999999990564,-0.0005,0.0,0.0068849,-16.6821127,-0.0068849,1.0809293,-0.0550792,0.0137698,-0.006033699633624,-0.030393894993513998,-0.0072300366299459995,0.000327686202693,-0.00043116605617500006,0.0018108974359350002,1.078002782927765,1.7399829998794303,0.16205400015678606,0.06898100036778487,0.0
pd,00:04:09.443,173,-90.001,-71.078,0.002,-89.966,0.001,-0.0,0.0,0.0,0.0,0.0,0.0,0.0,-90.001,-70.0,0.003,-89.964,0.0,-0.0,-90.001,-70.539,0.0025,-89.965,0.0005,0.0,0.0,131.77488085800923,0.12224014921893216,0.24448029843729452,-0.12224014921893216,0.0,0.0,0.5390000000000015,0.0005,0.000999999999990564,-0.0005,0.0,0.0619641,-12.4065898,0.0275396,0.7435692,-0.0,0.0413094,-0.00641514041506,-0.025955311354986,-0.008669108669,0.001517704517736,0.000396672771681,0.0018281440781820002,1.078002782927765,1.8977959998665028,0.2547380004216393,0.11985000037384452,0.0
pd,00:04:09.446,174,-90.001,-71.078,0.002,-89.966,0.001,-0.0,0.0,0.0,0.0,0.0,0.0,0.0,-90.001,-70.0,0.003,-89.964,0.0,-0.0,-90.001,-70.539,0.0025,-89.965,0.0005,0.0,0.0,111.81768008705144,0.10372697596201405,0.2074539519235446,-0.10372697596201405,0.0,0.0,0.5390000000000015,0.0005,0.000999999999990564,-0.0005,0.0,0.0619641,-12.4065898,0.0275396,0.7435692,-0.0,0.0413094,-0.00641514041506,-0.025955311354986,-0.008669108669,0.001517704517736,0.000396672771681,0.0018281440781820002,1.078002782927765,2.215385999988939,0.26584900024317903,0.13575799994214321,0.0
pd,00:04:09.449,175,-90.001,-71.078,0.002,-89.966,0.001,-0.0,0.0,0.0,0.0,0.0,0.0,0.0,-90.001,-70.0,0.003,-89.964,0.0,-0.0,-90.001,-70.539,0.0025,-89.965,0.0005,0.0,0.0,98.42097762298677,0.0912996081845886,0.18259921636875162,-0.0912996081845886,0.0,0.0,0.5390000000000015,0.0005,0.000999999999990564,-0.0005,0.0,0.0619641,-12.4065898,0.0275396,0.7435692,-0.0,0.0413094,-0.00641514041506,-0.025955311354986,-0.008669108669,0.001517704517736,0.000396672771681,0.0018281440781820002,1.078002782927765,2.0949790000486246,0.23183099983725697,0.15299799997592345,0.0
pd,00:04:09.451,176,-90.001,-71.078,0.002,-89.966,0.001,-0.0,0.0,0.0,0.0,0.0,0.0,0.0,-90.001,-70.0,0.003,-89.964,0.0,-0.0,-90.001,-70.539,0.0025,-89.965,0.0005,0.0,0.0,104.59562579809412,0.09702748218747109,0.1940549643744899,-0.09702748218747109,0.0,0.0,0.5390000000000015,0.0005,0.000999999999990564,-0.0005,0.0,0.0619641,-12.4065898,0.0275396,0.7435692,-0.0,0.0413094,-0.00641514041506,-0.025955311354986,-0.008669108669,0.001517704517736,0.000396672771681,0.0018281440781820002,1.078002782927765,2.308309999989433,0.21042399976067827,0.09907300000122632,0.0
pd,00:04:09.454,177,-90.001,-71.078,0.002,-89.966,0.001,-0.0,0.0,0.0,0.0,0.0,0.0,0.0,-90.001,-70.0,0.003,-89.964,0.0,-0.0,-90.001,-70.539,0.0025,-89.965,0.0005,0.0,0.0,99.50395492957773,0.09230422535211268,0.1846084507037951,-0.09230422535211268,0.0,0.0,0.5390000000000015,0.0005,0.000999999999990564,-0.0005,0.0,0.0619641,-12.4065898,0.0275396,0.7435692,-0.0,0.0413094,-0.00641514041506,-0.025955311354986,-0.008669108669,0.001517704517736,0.000396672771681,0.0018281440781820002,1.078002782927765,1.7392419999850972,0.14651699984824518,0.060185000165802194,0.0
pd,00:04:09.456,178,-90.001,-71.078,0.002,-89.966,0.001,-0.0,0.0,0.0,0.0,0.0,0.0,0.0,-90.001,-70.0,0.003,-89.964,0.0,-0.0,-90.001,-70.539,0.0025,-89.965,0.0005,0.0,0.0,133.8501986974545,0.12416530491415038,0.248330609827722,-0.12416530491415038,0.0,0.0,0.5390000000000015,0.0005,0.000999999999990564,-0.0005,0.0,0.0619641,-12.4065898,0.0275396,0.7435692,-0.0,0.0413094,-0.00641514041506,-0.025955311354986,-0.008669108669,0.001517704517736,0.000396672771681,0.0018281440781820002,1.078002782927765,1.879036999980599,0.34436699979778496,0.12499900003604125,0.0
pd,00:04:09.458,179,-90.001,-71.446,0.002,-89.946,-0.001,-0.0,0.0,-149.70939592628312,0.0,8.136380213383445,-0.8136380213385063,0.0,-90.001,-70.0,0.003,-89.964,0.0,-0.0,-90.001,-63.446,0.0025,-90.76863802133835,0.08086380213385064,0.0,0.0,1627.2760426770126,0.10170475266731328,-167.33239298988872,16.651875496858306,0.0,0.0,8.0,0.0005,-0.8226380213383493,0.08186380213385064,0.0,0.0619641,-12.4065898,0.0275396,0.7435692,-0.0,0.0413094,-0.00641514041506,-0.025955311354986,-0.008669108669,0.001517704517736,0.000396672771681,0.0018281440781820002,1.446112720364493,1.7665940004008007,0.17336900009468081,0.06475800000771414,0.0
pd,00:04:09.460,180,-90.001,-71.446,0.002,-89.946,-0.001,-0.0,0.0,0.0,0.0,0.0,0.0,0.0,-90.001,-70.0,0.003,-89.964,0.0,-0.0,-90.001,-70.723,0.0025,-89.955,-0.0005,0.0,0.0,174.12045199816237,0.1204152503445108,-2.1674745062012764,0.1204152503445108,0.0,0.0,0.722999999999999,0.0005,-0.009000000000000341,0.0005,0.0,0.0619641,-12.4065898,0.0275396,0.7435692,-0.0,0.0413094,-0.00641514041506,-0.025955311354986,-0.008669108669,0.001517704517736,0.000396672771681,0.0018281440781820002,1.446112720364493,1.8903150003097835,0.1806840000426746,0.08068500028457493,0.0
pd,00:04:09.463,181,-90.001,-71.446,0.002,-89.946,-0.001,-0.0,0.0,0.0,0.0,0.0,0.0,0.0,-90.001,-70.0,0.003,-89.964,0.0,-0.0,-90.001,-70.723,0.0025,-89.955,-0.0005,0.0,0.0,142.69159570863897,0.09868021833239225,-1.7762439299831276,0.09868021833239225,0.0,0.0,0.722999999999999,0.0005,-0.009000000000000341,0.0005,0.0,-0.0206547,-7.8487860000000005,0.034424500000000004,-0.0413094,0.0757339,0.0137698,-0.0059296703295959995,-0.019540170939926,-0.010038827838702,0.0008623321123500001,-0.00024145299145800003,0.001500457875489,1.446112720364493,2.590955999949074,0.2880530000766157,0.11736899978131987,0.0
pd,00:04:09.466,182,-90.001,-71.446,0.002,-89.946,-0.001,-0.0,0.0,0.0,0.0,0.0,0.0,0.0,-90.001,-70.0,0.003,-89.964,0.0,-0.0,-90.001,-70.723,0.0025,-89.955,-0.0005,0.0,0.0,116.74167662457637,0.08073421619956883,-1.4532158915922941,0.08073421619956883,0.0,0.0,0.722999999999999,0.0005,-0.009000000000000341,0.0005,0.0,-0.0206547,-7.8487860000000005,0.034424500000000004,-0.0413094,0.0757339,0.0137698,-0.0059296703295959995,-0.019540170939926,-0.010038827838702,0.0008623321123500001,-0.00024145299145800003,0.001500457875489,1.446112720364493,1.763816000220686,0.18398000020170002,0.09098099963011919,0.0
pd,00:04:09.468,183,-90.001,-71.446,0.002,-89.946,-0.001,-0.0,0.0,0.0,0.0,0.0,0.0,0.0,-90.001,-70.0,0.003,-89.964,0.0,-0.0,-90.001,-70.723,0.0025,-89.955,-0.0005,0.0,0.0,165.4923483955466,0.11444837371752893,-2.060070726915599,0.11444837371752893,0.0,0.0,0.722999999999999,0.0005,-0.009000000000000341,0.0005,0.0,-0.0206547,-7.8487860000000005,0.034424500000000004,-0.0413094,0.0757339,0.0137698,-0.0059296703295959995,-0.019540170939926,-0.010038827838702,0.0008623321123500001,-0.00024145299145800003,0.001500457875489,1.446112720364493,1.8489080002837,0.23271999998542015,0.11714700031006942,0.0
pd,00:04:09.470,184,-90.001,-71.446,0.002,-89.946,-0.001,-0.0,0.0,0.0,0.0,0.0,0.0,0.0,-90.001,-70.0,0.003,-89.964,0.0,-0.0,-90.001,-70.723,0.0025,-89.955,-0.0005,0.0,0.0,157.00951599875717,0.10858196127161644,-1.9544753028891702,0.10858196127161644,0.0,0.0,0.722999999999999,0.0005,-0.009000000000000341,0.0005,0.0,-0.0206547,-7.8487860000000005,0.034424500000000004,-0.0413094,0.0757339,0.0137698,-0.0059296703295959995,-0.019540170939926,-0.010038827838702,0.0008623321123500001,-0.00024145299145800003,0.001500457875489,1.446112720364493,1.9848500000989588,0.28071900032955455,0.16901700018934207,0.0
pd,00:04:09.473,185,-90.001,-71.446,0.002,-89.946,-0.001,-0.0,0.0,0.0,0.0,0.0,0.0,0.0,-90.001,-70.0,0.003,-89.964,0.0,-0.0,-90.001,-70.723,0.0025,-89.955,-0.0005,0.0,0.0,142.58424826029696,0.09860598081624977,-1.774907654692563,0.09860598081624977,0.0,0.0,0.722999999999999,0.0005,-0.009000000000000341,0.0005,0.0,-0.0206547,-7.8487860000000005,0.034424500000000004,-0.0413094,0.0757339,0.0137698,-0.0059296703295959995,-0.019540170939926,-0.010038827838702,0.0008623321123500001,-0.00024145299145800003,0.001500457875489,1.446112720364493,1.7316859998572909,0.16133100007209578,0.20486800030994345,0.0
pd,00:04:09.475,186,-90.001,-71.446,0.002,-89.946,-0.001,-0.0,0.0,0.0,0.0,0.0,0.0,0.0,-90.001,-70.0,0.003,-89.964,0.0,-0.0,-90.001,-70.723,0.0025,-89.955,-0.0005,0.0,0.0,149.88541874258578,0.10365519968366943,-1.8657935943061206,0.10365519968366943,0.0,0.0,0.722999999999999,0.0005,-0.009000000000000341,0.0005,0.0,-0.0206547,-7.8487860000000005,0.034424500000000004,-0.0413094,0.0757339,0.0137698,-0.0059296703295959995,-0.019540170939926,-0.010038827838702,0.0008623321123500001,-0.00024145299145800003,0.001500457875489,1.446112720364493,3.441355000177282,0.2659980000316864,0.13622000005852897,0.0
pd,00:04:09.479,187,-90.001,-71.734,0.002,-89.933,-0.0,-0.0,0.0,-71.86813136601536,0.0,3.2440475963804336,0.2495421227986673,0.0,-90.001,-70.0,0.003,-89.964,0.0,-0.0,-90.001,-63.733999999999995,0.0025,-90.27290475963805,-0.02495421227986673,0.0,0.0,998.1684911946692,0.062385530699666826,-42.41027763472354,-3.1135635525432575,0.0,0.0,8.0,0.0005,-0.33990475963804556,-0.02495421227986673,0.0,-0.0206547,-7.8487860000000005,0.034424500000000004,-0.0413094,0.0757339,0.0137698,-0.0059296703295959995,-0.019540170939926,-0.010038827838702,0.0008623321123500001,-0.00024145299145800003,0.001500457875489,1.7342773711260782,2.2189220003383525,0.24836800002958626,0.11792499981311266,0.0
pd,00:04:09.482,188,-90.001,-71.734,0.002,-89.933,-0.0,-0.0,0.0,0.0,0.0,0.0,0.0,0.0,-90.001,-70.0,0.003,-89.964,0.0,-0.0,-90.001,-70.86699999999999,0.0025,-89.9485,0.0,0.0,0.0,160.93386298459856,0.0928107629668968,-2.8771336519730304,0.0,0.0,0.0,0.8670000000000044,0.0005,-0.015499999999988745,0.0,0.0,-0.0206547,-2.5887224,-0.034424500000000004,0.2547413,0.0413094,0.0275396,-0.005530891330822,-0.020701831501572,-0.008981196581083999,0.0017936507936880002,-0.00044841269842200006,0.0017419108669470002,1.7342773711260782,4.6178620000318915,0.35142200022164616,0.4466249997676641,0.0
pd,00:04:09.488,189,-90.001,-71.734,0.002,-89.933,-0.0,-0.0,0.0,0.0,0.0,0.0,0.0,0.0,-90.001,-70.0,0.003,-89.964,0.0,-0.0,-90.001,-70.86699999999999,0.0025,-89.9485,0.0,0.0,0.0,76.28406897419737,0.04399311936228236,-1.363786700230388,0.0,0.0,0.0,0.8670000000000044,0.0005,-0.015499999999988745,0.0,0.0,-0.0206547,-2.5887224,-0.034424500000000004,0.2547413,0.0413094,0.0275396,-0.005530891330822,-0.020701831501572,-0.008981196581083999,0.0017936507936880002,-0.00044841269842200006,0.0017419108669470002,1.7342773711260782,2.9552119999607385,0.2580710001893749,0.13227600038590026,0.0
pd,00:04:09.491,190,-90.001,-71.734,0.002,-89.933,-0.0,-0.0,0.0,0.0,0.0,0.0,0.0,0.0,-90.001,-70.0,0.003,-89.964,0.0,-0.0,-90.001,-70.86699999999999,0.0025,-89.9485,0.0,0.0,0.0,125.39522648275823,0.07231558620689656,-2.241783172413193,0.0,0.0,0.0,0.8670000000000044,0.0005,-0.015499999999988745,0.0,0.0,-0.0206547,-2.5887224,-0.034424500000000004,0.2547413,0.0413094,0.0275396,-0.005530891330822,-0.020701831501572,-0.008981196581083999,0.0017936507936880002,-0.00044841269842200006,0.0017419108669470002,1.7342773711260782,3.147153999634611,0.30703399988851743,0.13231399998403504,0.0
pd,00:04:09.495,191,-90.001,-71.734,0.002,-89.933,-0.0,-0.0,0.0,0.0,0.0,0.0,0.0,0.0,-90.001,-70.0,0.003,-89.964,0.0,-0.0,-90.001,-70.86699999999999,0.0025,-89.9485,0.0,0.0,0.0,106.41018224381075,0.061366887107157486,-1.9023735003213729,0.0,0.0,0.0,0.8670000000000044,0.0005,-0.015499999999988745,0.0,0.0,-0.0206547,-2.5887224,-0.034424500000000004,0.2547413,0.0413094,0.0275396,-0.005530891330822,-0.020701831501572,-0.008981196581083999,0.0017936507936880002,-0.00044841269842200006,0.0017419108669470002,1.7342773711260782,2.54321499960497,0.46484799986501457,0.13868400037608808,0.0
pd,00:04:09.499,192,-90.001,-71.933,0.002,-89.933,-0.0,-0.0,0.0,-60.716265076020335,0.0,0.0,0.0,0.0,-90.001,-70.0,0.003,-89.964,0.0,-0.0,-90.001,-64.89487349239798,0.0025,-89.9485,0.0,0.0,0.0,1073.690338377146,0.07627671491961882,-2.3645781625075504,0.0,0.0,0.0,7.03812650760203,0.0005,-0.015499999999988745,0.0,0.0,-0.0206547,-2.5887224,-0.034424500000000004,0.2547413,0.0413094,0.0275396,-0.005530891330822,-0.020701831501572,-0.008981196581083999,0.0017936507936880002,-0.00044841269842200006,0.0017419108669470002,1.9332488199918878,1.8807219998961955,0.48586599996269797,0.1382579998789879,0.0
pd,00:04:09.501,193,-90.001,-71.933,0.002,-89.933,-0.0,-0.0,0.0,0.0,0.0,0.0,0.0,0.0,-90.001,-70.0,0.003,-89.964,0.0,-0.0,-90.001,-70.9665,0.0025,-89.9485,0.0,0.0,0.0,183.72891660623705,0.09504858593183467,-2.946506163886086,0.0,0.0,0.0,0.9665000000000106,0.0005,-0.015499999999988745,0.0,0.0,-0.0206547,-2.5887224,-0.034424500000000004,0.2547413,0.0413094,0.0275396,-0.005530891330822,-0.020701831501572,-0.008981196581083999,0.0017936507936880002,-0.00044841269842200006,0.0017419108669470002,1.9332488199918878,1.965516999916872,0.8683619998919312,0.19312700032969587,0.0
pd,00:04:09.504,194,-90.001,-71.933,0.002,-89.933,-0.0,-0.0,0.0,0.0,0.0,0.0,0.0,0.0,-90.001,-70.0,0.003,-89.964,0.0,-0.0,-90.001,-70.9665,0.0025,-89.9485,0.0,0.0,0.0,153.0773663620578,0.07919160184276113,-2.4549396571249376,0.0,0.0,0.0,0.9665000000000106,0.0005,-0.015499999999988745,0.0,0.0,-0.0481943,0.206547,-0.0068849,0.0068849,-0.034424500000000004,-0.0068849,-0.0060683760683,-0.009241269841154,-0.00918925518914,0.0028801892552490003,-0.000758852258868,0.0022593101343570004,1.9332488199918878,2.2591250003642926,0.244183000177145,0.1174059998447774,0.0
pd,00:04:09.507,195,-90.001,-71.933,0.002,-89.933,-0.0,-0.0,0.0,0.0,0.0,0.0,0.0,0.0,-90.001,-70.0,0.003,-89.964,0.0,-0.0,-90.001,-70.9665,0.0025,-89.9485,0.0,0.0,0.0,177.922876404495,0.09204494382022473,-2.8533932584262023,0.0,0.0,0.0,0.9665000000000106,0.0005,-0.015499999999988745,0.0,0.0,-0.0481943,0.206547,-0.0068849,0.0068849,-0.034424500000000004,-0.0068849,-0.0060683760683,-0.009241269841154,-0.00918925518914,0.0028801892552490003,-0.000758852258868,0.0022593101343570004,1.9332488199918878,2.9452120002133597,0.2688859999580018,0.1300540002375783,0.0
pd,00:04:09.511,196,-90.001,-71.933,0.002,-89.933,-0.0,-0.0,0.0,0.0,0.0,0.0,0.0,0.0,-90.001,-70.0,0.003,-89.964,0.0,-0.0,-90.001,-70.9665,0.0025,-89.9485,0.0,0.0,0.0,137.59401316950698,0.07118158984454552,-2.20662928518032,0.0,0.0,0.0,0.9665000000000106,0.0005,-0.015499999999988745,0.0,0.0,-0.0481943,0.206547,-0.0068849,0.0068849,-0.034424500000000004,-0.0068849,-0.0060683760683,-0.009241269841154,-0.00918925518914,0.0028801892552490003,-0.000758852258868,0.0022593101343570004,1.9332488199918878,1.96907299960003,0.2712200002861209,0.14142400004857336,0.0
pd,00:04:09.513,197,-90.001,-71.933,0.002,-89.933,-0.0,-0.0,0.0,0.0,0.0,0.0,0.0,0.0,-90.001,-70.0,0.003,-89.964,0.0,-0.0,-90.001,-70.9665,0.0025,-89.9485,0.0,0.0,0.0,190.35475281743118,0.0984763335837716,-3.052766341096102,0.0,0.0,0.0,0.9665000000000106,0.0005,-0.015499999999988745,0.0,0.0,-0.0481943,0.206547,-0.0068849,0.0068849,-0.034424500000000004,-0.0068849,-0.0060683760683,-0.009241269841154,-0.00918925518914,0.0028801892552490003,-0.000758852258868,0.0022593101343570004,1.9332488199918878,1.8843330003619485,0.21236800012047752,0.08835100015858188,0.0
pd,00:04:09.515,198,-90.001,-71.933,0.002,-89.933,-0.0,-0.0,0.0,0.0,0.0,0.0,0.0,0.0,-90.001,-70.0,0.003,-89.964,0.0,-0.0,-90.001,-70.9665,0.0025,-89.9485,0.0,0.0,0.0,213.02127251707907,0.11020241723594325,-3.4162749343133263,0.0,0.0,0.0,0.9665000000000106,0.0005,-0.015499999999988745,0.0,0.0,-0.0481943,0.206547,-0.0068849,0.0068849,-0.034424500000000004,-0.0068849,-0.0060683760683,-0.009241269841154,-0.00918925518914,0.0028801892552490003,-0.000758852258868,0.0022593101343570004,1.9332488199918878,2.1280349997141457,0.18305399999007932,0.08161000005202368,0.0
pd,00:04:09.518,199,-90.001,-71.933,0.002,-89.933,-0.0,-0.0,0.0,0.0,0.0,0.0,0.0,0.0,-90.001,-70.0,0.003,-89.964,0.0,-0.0,-90.001,-70.9665,0.0025,-89.9485,0.0,0.0,0.0,195.5143636539025,0.10114555802064243,-3.1355122986390755,0.0,0.0,0.0,0.9665000000000106,0.0005,-0.015499999999988745,0.0,0.0,-0.0481943,0.206547,-0.0068849,0.0068849,-0.034424500000000004,-0.0068849,-0.0060683760683,-0.009241269841154,-0.00918925518914,0.0028801892552490003,-0.000758852258868,0.0022593101343570004,1.9332488199918878,2.2654219997093605,0.2607009996609122,0.11792399982368806,0.0
pd,00:04:09.521,200,-90.001,-72.038,0.002,-89.927,-0.0,-0.0,0.0,-37.6798357289491,0.0,2.153133470225954,0.0,0.0,-90.001,-70.0,0.003,-89.964,0.0,-0.0,-90.001,-67.25101642710509,0.0025,-90.1608133470226,0.0,0.0,0.0,858.9178793517884,0.0897138945927447,-41.9526119383232,0.0,0.0,0.0,4.786983572894911,0.0005,-0.23381334702258982,0.0,0.0,-0.0481943,0.206547,-0.0068849,0.0068849,-0.034424500000000004,-0.0068849,-0.0060683760683,-0.009241269841154,-0.00918925518914,0.0028801892552490003,-0.000758852258868,0.0022593101343570004,2.0383360861251476,2.1786259999316826,0.23792299998603994,0.11423900014051469,0.0
pd,00:04:09.524,201,-90.001,-72.038,0.002,-89.927,-0.0,-0.0,0.0,0.0,0.0,0.0,0.0,0.0,-90.001,-70.0,0.003,-89.964,0.0,-0.0,-90.001,-71.019,0.0025,-89.94550000000001,0.0,0.0,0.0,145.4630650057856,0.07137539990470357,-2.6408897964734557,0.0,0.0,0.0,1.0189999999999912,0.0005,-0.01850000000000307,0.0,0.0,-0.0206547,4.6886169,0.0481943,-2.0448153000000002,-0.0275396,0.034424500000000004,-0.006311111111032,0.009137240537126,-0.010038827838702,0.0036045482296230003,0.0,0.001345238095266,2.0383360861251476,2.0241469997017703,0.2357939997637004,0.36738599965246976,0.0
pd,00:04:09.527,202,-90.001,-72.038,0.002,-89.927,-0.0,-0.0,0.0,0.0,0.0,0.0,0.0,0.0,-90.001,-70.0,0.003,-89.964,0.0,-0.0,-90.001,-71.019,0.0025,-89.94550000000001,0.0,0.0,0.0,183.228833747749,0.08990619909114293,-3.3265293663715627,0.0,0.0,0.0,1.0189999999999912,0.0005,-0.01850000000000307,0.0,0.0,-0.0206547,4.6886169,0.0481943,-2.0448153000000002,-0.0275396,0.034424500000000004,-0.006311111111032,0.009137240537126,-0.010038827838702,0.0036045482296230003,0.0,0.001345238095266,2.0383360861251476,1.9675369999276882,0.2287020001858764,0.15999800007193699,0.0
pd,00:04:09.529,203,-90.001,-72.038,0.002,-89.927,-0.0,-0.0,0.0,0.0,0.0,0.0,0.0,0.0,-90.001,-70.0,0.003,-89.964,0.0,-0.0,-90.001,-71.019,0.0025,-89.94550000000001,0.0,0.0,0.0,207.0734387596896,0.1016062015503876,-3.7594294573635207,0.0,0.0,0.0,1.0189999999999912,0.0005,-0.01850000000000307,0.0,0.0,-0.0206547,4.6886169,0.0481943,-2.0448153000000002,-0.0275396,0.034424500000000004,-0.006311111111032,0.009137240537126,-0.010038827838702,0.0036045482296230003,0.0,0.001345238095266,2.0383360861251476,2.6589740000417805,0.35601500030679745,0.15670199991291156,0.0
pd,00:04:09.533,204,-90.001,-72.038,0.002,-89.927,-0.0,-0.0,0.0,0.0,0.0,0.0,0.0,0.0,-90.001,-70.0,0.003,-89.964,0.0,-0.0,-90.001,-71.019,0.0025,-89.94550000000001,0.0,0.0,0.0,154.55253402762685,0.07583539451797208,-2.805909597164355,0.0,0.0,0.0,1.0189999999999912,0.0005,-0.01850000000000307,0.0,0.0,-0.0206547,4.6886169,0.0481943,-2.0448153000000002,-0.0275396,0.034424500000000004,-0.006311111111032,0.009137240537126,-0.010038827838702,0.0036045482296230003,0.0,0.001345238095266,2.0383360861251476,1.8130190001102164,0.4638660002456163,0.10079500043502776,0.0
pd,00:04:09.535,205,-90.001,-72.038,0.002,-89.927,-0.0,-0.0,0.0,0.0,0.0,0.0,0.0,0.0,-90.001,-70.0,0.003,-89.964,0.0,-0.0,-90.001,-71.019,0.0025,-89.94550000000001,0.0,0.0,0.0,204.47783829298598,0.10033259975121998,-3.7123061907943296,0.0,0.0,0.0,1.0189999999999912,0.0005,-0.01850000000000307,0.0,0.0,-0.0206547,4.6886169,0.0481943,-2.0448153000000002,-0.0275396,0.034424500000000004,-0.006311111111032,0.009137240537126,-0.010038827838702,0.0036045482296230003,0.0,0.001345238095266,2.0383360861251476,2.5814370001171483,0.2694050003810844,0.6135309999990568,0.0
pd,00:04:09.539,206,-90.001,-72.038,0.002,-89.927,-0.0,-0.0,0.0,0.0,0.0,0.0,0.0,0.0,-90.001,-70.0,0.003,-89.964,0.0,-0.0,-90.001,-71.019,0.0025,-89.94550000000001,0.0,0.0,0.0,141.6731561919913,0.06951577830814108,-2.5720837974006585,0.0,0.0,0.0,1.0189999999999912,0.0005,-0.01850000000000307,0.0,0.0,-0.0206547,4.6886169,0.0481943,-2.0448153000000002,-0.0275396,0.034424500000000004,-0.006311111111032,0.009137240537126,-0.010038827838702,0.0036045482296230003,0.0,0.001345238095266,2.0383360861251476,2.030684000146721,0.2378489998591249,0.21903500010012067,0.0
pd,00:04:09.541,207,-90.001,-72.049,0.002,-89.928,-0.0,-0.0,0.0,-4.2491567507866534,0.0,-0.3862869773402489,0.0,0.0,-90.001,-70.0,0.003,-89.964,0.0,-0.0,-90.001,-70.59958432492134,0.0025,-89.90737130226597,0.0,0.0,0.0,279.94520002049916,0.09657174433597347,3.984298647108523,0.0,0.0,0.0,1.4494156750786686,0.0005,0.020628697734025536,0.0,0.0,-0.0206547,4.6886169,0.0481943,-2.0448153000000002,-0.0275396,-0.0206547,-0.006311111111032,0.009137240537126,-0.010038827838702,0.0036045482296230003,0.0,0.001569444444477,2.0493164714118772,2.2579219998988265,0.6468270003097132,0.13022099983572843,0.0
pd,00:04:09.545,208,-90.001,-72.049,0.002,-89.928,-0.0,-0.0,0.0,0.0,0.0,0.0,0.0,0.0,-90.001,-70.0,0.003,-89.964,0.0,-0.0,-90.001,-71.0245,0.0025,-89.946,0.0,0.0,0.0,162.95276632537025,0.07952794842624195,-2.863006143344818,0.0,0.0,0.0,1.0245000000000033,0.0005,-0.018000000000000682,0.0,0.0,0.0068849,9.7145939,-0.0068849,-0.0068849,-0.0068849,-0.0206547,-0.00572161172154,0.011425885225742,-0.009154578754464,0.0026387362637910004,-0.001293498168525,0.001569444444477,2.0493164714118772,2.1140160001777986,0.26075599998875987,0.12377699977150769,0.0
pd,00:04:09.547,209,-90.001,-72.049,0.002,-89.928,-0.0,-0.0,0.0,0.0,0.0,0.0,0.0,0.0,-90.001,-70.0,0.003,-89.964,0.0,-0.0,-90.001,-71.0245,0.0025,-89.946,0.0,0.0,0.0,196.33850169057908,0.09582162112766152,-3.4495783605959454,0.0,0.0,0.0,1.0245000000000033,0.0005,-0.018000000000000682,0.0,0.0,0.0068849,9.7145939,-0.0068849,-0.0068849,-0.0068849,-0.0206547,-0.00572161172154,0.011425885225742,-0.009154578754464,0.0026387362637910004,-0.001293498168525,0.001569444444477,2.0493164714118772,2.7555100000427046,0.2534420000301907,0.12977700043848017,0.0
pd,00:04:09.550,210,-90.001,-72.049,0.002,-89.928,-0.0,-0.0,0.0,0.0,0.0,0.0,0.0,0.0,-90.001,-70.0,0.003,-89.964,0.0,-0.0,-90.001,-71.0245,0.0025,-89.946,0.0,0.0,0.0,157.4939322679964,0.0768638029614426,-2.7670969066120388,0.0,0.0,0.0,1.0245000000000033,0.0005,-0.018000000000000682,0.0,0.0,0.0068849,9.7145939,-0.0068849,-0.0068849,-0.0068849,-0.0206547,-0.00572161172154,0.011425885225742,-0.009154578754464,0.0026387362637910004,-0.001293498168525,0.001569444444477,2.0493164714118772,1.8665369998416281,0.21740500005762442,0.1602209999873594,0.0
pd,00:04:09.553,211,-90.001,-72.049,0.002,-89.928,-0.0,-0.0,0.0,0.0,0.0,0.0,0.0,0.0,-90.001,-70.0,0.003,-89.964,0.0,-0.0,-90.001,-71.0245,0.0025,-89.946,0.0,0.0,0.0,192.4173584094579,0.09390793480207774,-3.3806856528749267,0.0,0.0,0.0,1.0245000000000033,0.0005,-0.018000000000000682,0.0,0.0,0.0068849,9.7145939,-0.0068849,-0.0068849,-0.0068849,-0.0206547,-0.00572161172154,0.011425885225742,-0.009154578754464,0.0026387362637910004,-0.001293498168525,0.001569444444477,2.0493164714118772,1.8402589998913754,0.21453499994095182,0.0807219998932851,0.0
pd,00:04:09.555,212,-90.001,-72.049,0.002,-89.928,-0.0,-0.0,0.0,0.0,0.0,0.0,0.0,0.0,-90.001,-70.0,0.003,-89.964,0.0,-0.0,-90.001,-71.0245,0.0025,-89.946,0.0,0.0,0.0,230.1587813604721,0.11232737011247991,-4.043785324049431,0.0,0.0,0.0,1.0245000000000033,0.0005,-0.018000000000000682,0.0,0.0,0.0068849,9.7145939,-0.0068849,-0.0068849,-0.0068849,-0.0206547,-0.00572161172154,0.011425885225742,-0.009154578754464,0.0026387362637910004,-0.001293498168525,0.001569444444477,2.0493164714118772,2.420920000076876,0.19329399992784602,0.08494399980918388,0.0
pd,00:04:09.558,213,-90.001,-72.049,0.002,-89.928,-0.0,-0.0,0.0,0.0,0.0,0.0,0.0,0.0,-90.001,-70.0,0.003,-89.964,0.0,-0.0,-90.001,-71.0245,0.0025,-89.946,0.0,0.0,0.0,184.04421997601568,0.08982148363885557,-3.233573410998923,0.0,0.0,0.0,1.0245000000000033,0.0005,-0.018000000000000682,0.0,0.0,0.0068849,9.7145939,-0.0068849,-0.0068849,-0.0068849,-0.0206547,-0.00572161172154,0.011425885225742,-0.009154578754464,0.0026387362637910004,-0.001293498168525,0.001569444444477,2.0493164714118772,2.2458110001934983,0.3882559999510704,0.12786900015271385,0.0
pd,00:04:09.561,214,-90.001,-72.014,0.002,-89.957,-0.001,-0.0,0.0,12.164454756384265,0.0,-10.079119655285444,-0.3475558501823003,0.0,-90.001,-70.0,0.003,-89.964,0.0,-0.0,-90.001,-72.22344547563843,0.0025,-88.95258803447145,0.03425558501823003,0.0,0.0,-36.39700017617518,0.08688896254557507,174.54462730627384,6.126642412342653,0.0,0.0,-0.2094454756384323,0.0005,1.004411965528547,0.03525558501823003,0.0,0.0068849,9.7145939,-0.0068849,-0.0068849,-0.0068849,-0.0206547,-0.00572161172154,0.011425885225742,-0.009154578754464,0.0026387362637910004,-0.001293498168525,0.001569444444477,2.014012661330604,2.06390499988629,0.24047899978540954,0.11931400013054372,0.0
pd,00:04:09.564,215,-90.001,-72.014,0.002,-89.957,-0.001,-0.0,0.0,0.0,0.0,0.0,0.0,0.0,-90.001,-70.0,0.003,-89.964,0.0,-0.0,-90.001,-71.007,0.0025,-89.9605,-0.0005,0.0,0.0,198.70456003010872,0.0986616484757245,-0.6906315393305651,0.0986616484757245,0.0,0.0,1.0069999999999908,0.0005,-0.003500000000002501,0.0005,0.0,-0.0275396,11.0020702,0.0068849,-0.0550792,0.0206547,0.0275396,-0.0060683760683,0.011183150183009999,-0.009744078143956,0.0038287545788340004,-0.000741605616621,0.001431471306501,2.014012661330604,1.951722000285372,0.2077389999612933,0.09462900015932973,0.0
pd,00:04:09.566,216,-90.001,-72.014,0.002,-89.957,-0.001,-0.0,0.0,0.0,0.0,0.0,0.0,0.0,-90.001,-70.0,0.003,-89.964,0.0,-0.0,-90.001,-71.007,0.0025,-89.9605,-0.0005,0.0,0.0,215.18565966985892,0.1068449154269411,-0.7479144079891222,0.1068449154269411,0.0,0.0,1.0069999999999908,0.0005,-0.003500000000002501,0.0005,0.0,-0.0275396,11.0020702,0.0068849,-0.0550792,0.0206547,0.0275396,-0.0060683760683,0.011183150183009999,-0.009744078143956,0.0038287545788340004,-0.000741605616621,0.001431471306501,2.014012661330604,2.14727499997025,0.18770199994833092,0.08451699977740645,0.0
pd,00:04:09.568,217,-90.001,-72.014,0.002,-89.957,-0.001,-0.0,0.0,0.0,0.0,0.0,0.0,0.0,-90.001,-70.0,0.003,-89.964,0.0,-0.0,-90.001,-71.007,0.0025,-89.9605,-0.0005,0.0,0.0,201.41459837863573,0.10000724845016691,-0.7000507391516686,0.10000724845016691,0.0,0.0,1.0069999999999908,0.0005,-0.003500000000002501,0.0005,0.0,-0.0275396,11.0020702,0.0068849,-0.0550792,0.0206547,0.0275396,-0.0060683760683,0.011183150183009999,-0.009744078143956,0.0038287545788340004,-0.000741605616621,0.001431471306501,2.014012661330604,2.0115729998906318,0.23873800000728806,0.11688800032061408,0.0
pd,00:04:09.571,218,-90.001,-72.014,0.002,-89.957,-0.001,-0.0,0.0,0.0,0.0,0.0,0.0,0.0,-90.001,-70.0,0.003,-89.964,0.0,-0.0,-90.001,-71.007,0.0025,-89.9605,-0.0005,0.0,0.0,204.1600989945858,0.10137045630317092,-0.7095931941227035,0.10137045630317092,0.0,0.0,1.0069999999999908,0.0005,-0.003500000000002501,0.0005,0.0,-0.0275396,11.0020702,0.0068849,-0.0550792,0.0206547,0.0275396,-0.0060683760683,0.011183150183009999,-0.009744078143956,0.0038287545788340004,-0.000741605616621,0.001431471306501,2.014012661330604,1.7445570001655142,0.19064700018134317,0.06418399971153121,0.0
pd,00:04:09.573,219,-90.001,-72.014,0.002,-89.957,-0.001,-0.0,0.0,0.0,0.0,0.0,0.0,0.0,-90.001,-70.0,0.003,-89.964,0.0,-0.0,-90.001,-71.007,0.0025,-89.9605,-0.0005,0.0,0.0,242.7393177011489,0.12052597701149426,-0.8436818390810626,0.12052597701149426,0.0,0.0,1.0069999999999908,0.0005,-0.003500000000002501,0.0005,0.0,-0.0275396,11.0020702,0.0068849,-0.0550792,0.0206547,0.0275396,-0.0060683760683,0.011183150183009999,-0.009744078143956,0.0038287545788340004,-0.000741605616621,0.001431471306501,2.014012661330604,2.2617559998252545,0.20514600009846617,0.1102020000871562,0.0
pd,00:04:09.576,220,-90.001,-72.014,0.002,-89.957,-0.001,-0.0,0.0,0.0,0.0,0.0,0.0,0.0,-90.001,-70.0,0.003,-89.964,0.0,-0.0,-90.001,-71.007,0.0025,-89.9605,-0.0005,0.0,0.0,188.50594162277923,0.09359778630723914,-0.6551845041511422,0.09359778630723914,0.0,0.0,1.0069999999999908,0.0005,-0.003500000000002501,0.0005,0.0,-0.0275396,11.0020702,0.0068849,-0.0550792,0.0206547,0.0275396,-0.0060683760683,0.011183150183009999,-0.009744078143956,0.0038287545788340004,-0.000741605616621,0.001431471306501,2.014012661330604,1.8356860000494635,0.1919239998642297,0.07435099996655481,0.0
pd,00:04:09.578,221,-90.001,-72.014,0.002,-89.957,-0.001,-0.0,0.0,0.0,0.0,0.0,0.0,0.0,-90.001,-70.0,0.003,-89.964,0.0,-0.0,-90.001,-71.007,0.0025,-89.9605,-0.0005,0.0,0.0,203.3932451122022,0.10098969469324859,-0.7069278628532453,0.10098969469324859,0.0,0.0,1.0069999999999908,0.0005,-0.003500000000002501,0.0005,0.0,-0.0275396,11.0020702,0.0068849,-0.0550792,0.0206547,0.0275396,-0.0060683760683,0.011183150183009999,-0.009744078143956,0.0038287545788340004,-0.000741605616621,0.001431471306501,2.014012661330604,2.2821819998171122,0.225276000037411,0.1567760000398266,0.0
pd,00:04:09.581,222,-90.001,-71.865,0.002,-89.964,-0.001,-0.0,0.0,53.99613754968065,0.0,-2.536731294282096,0.0,0.0,-90.001,-70.0,0.003,-89.964,0.0,-0.0,-90.001,-76.33211375496806,0.0025,-89.71032687057179,-0.0005,0.0,0.0,-809.4190898098145,0.09059754622429583,45.964326138468,0.09059754622429583,0.0,0.0,-4.467113754968068,0.0005,0.25367312942820774,0.0005,0.0,-0.0275396,11.0020702,0.0068849,-0.0550792,0.0206547,0.0275396,-0.0060683760683,0.011183150183009999,-0.009744078143956,0.0038287545788340004,-0.000741605616621,0.001431471306501,1.8650005361929474,1.8796849999489496,0.18703499972616555,0.08207299970308668,0.0
pd,00:04:09.583,223,-90.001,-71.865,0.002,-89.964,-0.001,-0.0,0.0,0.0,0.0,0.0,0.0,0.0,-90.001,-70.0,0.003,-89.964,0.0,-0.0,-90.001,-70.9325,0.0025,-89.964,-0.0005,0.0,0.0,209.13209710191367,0.1121351727088012,0.0,0.1121351727088012,0.0,0.0,0.9324999999999903,0.0005,0.0,0.0005,0.0,0.0481943,9.6319751,0.0137698,0.0068849,-0.0275396,0.034424500000000004,-0.00650183150175,-0.001092307692294,-0.008669108669,0.0037942612943400005,0.00048290598291600006,0.001190018315043,1.8650005361929474,2.0444980000320356,0.2681450000636687,0.13272100022732047,0.0
pd,00:04:09.586,224,-90.001,-71.865,0.002,-89.964,-0.001,-0.0,0.0,0.0,0.0,0.0,0.0,0.0,-90.001,-70.0,0.003,-89.964,0.0,-0.0,-90.001,-70.9325,0.0025,-89.964,-0.0005,0.0,0.0,182.2548219944077,0.0977237651444548,0.0,0.0977237651444548,0.0,0.0,0.9324999999999903,0.0005,0.0,0.0005,0.0,0.0481943,9.6319751,0.0137698,0.0068849,-0.0275396,0.034424500000000004,-0.00650183150175,-0.001092307692294,-0.008669108669,0.0037942612943400005,0.00048290598291600006,0.001190018315043,1.8650005361929474,2.0138320001024113,0.3434420000303362,0.14335000014398247,0.0
pd,00:04:09.588,225,-90.001,-71.865,0.002,-89.964,-0.001,-0.0,0.0,0.0,0.0,0.0,0.0,0.0,-90.001,-70.0,0.003,-89.964,0.0,-0.0,-90.001,-70.9325,0.0025,-89.964,-0.0005,0.0,0.0,173.18404534183446,0.09286007793127879,0.0,0.09286007793127879,0.0,0.0,0.9324999999999903,0.0005,0.0,0.0005,0.0,0.0481943,9.6319751,0.0137698,0.0068849,-0.0275396,0.034424500000000004,-0.00650183150175,-0.001092307692294,-0.008669108669,0.0037942612943400005,0.00048290598291600006,0.001190018315043,1.8650005361929474,2.085237999835954,0.23214600014398457,0.10359199995946256,0.0
pd,00:04:09.591,226,-90.001,-71.865,0.002,-89.964,-0.001,-0.0,0.0,0.0,0.0,0.0,0.0,0.0,-90.001,-70.0,0.003,-89.964,0.0,-0.0,-90.001,-70.9325,0.0025,-89.964,-0.0005,0.0,0.0,185.52264870505593,0.09947595104828764,0.0,0.09947595104828764,0.0,0.0,0.9324999999999903,0.0005,0.0,0.0005,0.0,0.0481943,9.6319751,0.0137698,0.0068849,-0.0275396,0.034424500000000004,-0.00650183150175,-0.001092307692294,-0.008669108669,0.0037942612943400005,0.00048290598291600006,0.001190018315043,1.8650005361929474,1.7318529999101884,0.18248000014864374,0.06438799982788623,0.0
pd,00:04:09.593,227,-90.001,-71.865,0.002,-89.964,-0.001,-0.0,0.0,0.0,0.0,0.0,0.0,0.0,-90.001,-70.0,0.003,-89.964,0.0,-0.0,-90.001,-70.9325,0.0025,-89.964,-0.0005,0.0,0.0,227.76546005124558,0.12212625203820172,0.0,0.12212625203820172,0.0,0.0,0.9324999999999903,0.0005,0.0,0.0005,0.0,0.0481943,9.6319751,0.0137698,0.0068849,-0.0275396,0.034424500000000004,-0.00650183150175,-0.001092307692294,-0.008669108669,0.0037942612943400005,0.00048290598291600006,0.001190018315043,1.8650005361929474,2.1560710001722327,0.19123899983242154,0.08266600025308435,0.0
pd,00:04:09.595,228,-90.001,-71.865,0.002,-89.964,-0.001,-0.0,0.0,0.0,0.0,0.0,0.0,0.0,-90.001,-70.0,0.003,-89.964,0.0,-0.0,-90.001,-70.9325,0.0025,-89.964,-0.0005,0.0,0.0,185.87531983651692,0.0996650508506796,0.0,0.0996650508506796,0.0,0.0,0.9324999999999903,0.0005,0.0,0.0005,0.0,0.0481943,9.6319751,0.0137698,0.0068849,-0.0275396,0.034424500000000004,-0.00650183150175,-0.001092307692294,-0.008669108669,0.0037942612943400005,0.00048290598291600006,0.001190018315043,1.8650005361929474,1.7323530000794563,0.1418500000909262,0.06057299970052554,0.0
pd,00:04:09.597,229,-90.001,-71.865,0.002,-89.964,-0.001,-0.0,0.0,0.0,0.0,0.0,0.0,0.0,-90.001,-70.0,0.003,-89.964,0.0,-0.0,-90.001,-70.9325,0.0025,-89.964,-0.0005,0.0,0.0,233.16969595802965,0.12502396566114224,0.0,0.12502396566114224,0.0,0.0,0.9324999999999903,0.0005,0.0,0.0005,0.0,0.0481943,9.6319751,0.0137698,0.0068849,-0.0275396,0.034424500000000004,-0.00650183150175,-0.001092307692294,-0.008669108669,0.0037942612943400005,0.00048290598291600006,0.001190018315043,1.8650005361929474,1.6814840000733966,0.12829499974031933,0.06612800007133046,0.0
pd,00:04:09.599,230,-90.001,-71.865,0.002,-89.964,-0.001,-0.0,0.0,0.0,0.0,0.0,0.0,0.0,-90.001,-70.0,0.003,-89.964,0.0,-0.0,-90.001,-70.9325,0.0025,-89.964,-0.0005,0.0,0.0,232.3938490790249,0.12460796197266785,0.0,0.12460796197266785,0.0,0.0,0.9324999999999903,0.0005,0.0,0.0005,0.0,0.0481943,9.6319751,0.0137698,0.0068849,-0.0275396,0.034424500000000004,-0.00650183150175,-0.001092307692294,-0.008669108669,0.0037942612943400005,0.00048290598291600006,0.001190018315043,1.8650005361929474,2.3791429998709646,0.2193119998992188,0.10140599988517351,0.0
pd,00:04:09.602,231,-90.001,-71.65,0.002,-89.966,-0.0,-0.0,0.0,69.37800892444643,0.0,-0.6453768272026812,0.32268841360209266,0.0,-90.001,-70.0,0.003,-89.964,0.0,-0.0,-90.001,-77.76280089244464,0.0025,-89.90046231727973,-0.032268841360209265,0.0,0.0,-986.2650113242086,0.08067210340052317,10.574125434079923,-5.20639061365176,0.0,0.0,-6.112800892444639,0.0005,0.06553768272026161,-0.032268841360209265,0.0,-0.0137698,11.9866109,0.0481943,0.034424500000000004,-0.0275396,-0.0275396,-0.005218803418738,-0.009813431013308,-0.008877167277056,0.0034148351649060005,-0.000741605616621,0.0018281440781820002,1.6500015151508252,2.3816799998712668,0.25025700006153784,0.12001699997199466,0.0
pd,00:04:09.605,232,-90.001,-71.65,0.002,-89.966,-0.0,-0.0,0.0,0.0,0.0,0.0,0.0,0.0,-90.001,-70.0,0.003,-89.964,0.0,-0.0,-90.001,-70.825,0.0025,-89.965,0.0,0.0,0.0,144.2513256628319,0.08742504585626147,0.17485009171211544,0.0,0.0,0.0,0.8250000000000028,0.0005,0.000999999999990564,0.0,0.0,-0.0137698,11.9866109,0.0481943,0.034424500000000004,-0.0275396,-0.0275396,-0.005218803418738,-0.009813431013308,-0.008877167277056,0.0034148351649060005,-0.000741605616621,0.0018281440781820002,1.6500015151508252,1.9080179999946267,0.28892299997096416,0.13583200006905827,0.0
pd,00:04:09.608,233,-90.001,-71.65,0.002,-89.966,-0.0,-0.0,0.0,0.0,0.0,0.0,0.0,0.0,-90.001,-70.0,0.003,-89.964,0.0,-0.0,-90.001,-70.825,0.0025,-89.965,0.0,0.0,0.0,165.1064414543378,0.1000645099723256,0.20012901994418478,0.0,0.0,0.0,0.8250000000000028,0.0005,0.000999999999990564,0.0,0.0,-0.0137698,11.9866109,0.0481943,0.034424500000000004,-0.0275396,-0.0275396,-0.005218803418738,-0.009813431013308,-0.008877167277056,0.0034148351649060005,-0.000741605616621,0.0018281440781820002,1.6500015151508252,1.957036000021617,0.2646829998411704,0.13070299974060617,0.0
pd,00:04:09.610,234,-90.001,-71.65,0.002,-89.966,-0.0,-0.0,0.0,0.0,0.0,0.0,0.0,0.0,-90.001,-70.0,0.003,-89.964,0.0,-0.0,-90.001,-70.825,0.0025,-89.965,0.0,0.0,0.0,165.86620649985676,0.10052497363627648,0.20104994727208442,0.0,0.0,0.0,0.8250000000000028,0.0005,0.000999999999990564,0.0,0.0,-0.0137698,11.9866109,0.0481943,0.034424500000000004,-0.0275396,-0.0275396,-0.005218803418738,-0.009813431013308,-0.008877167277056,0.0034148351649060005,-0.000741605616621,0.0018281440781820002,1.6500015151508252,1.9315549998282222,0.20344199992905487,0.08583199996792246,0.0
pd,00:04:09.613,235,-90.001,-71.65,0.002,-89.966,-0.0,-0.0,0.0,0.0,0.0,0.0,0.0,0.0,-90.001,-70.0,0.003,-89.964,0.0,-0.0,-90.001,-70.825,0.0025,-89.965,0.0,0.0,0.0,172.94586165533846,0.1048156737305078,0.20963134746052703,0.0,0.0,0.0,0.8250000000000028,0.0005,0.000999999999990564,0.0,0.0,-0.0137698,11.9866109,0.0481943,0.034424500000000004,-0.0275396,-0.0275396,-0.005218803418738,-0.009813431013308,-0.008877167277056,0.0034148351649060005,-0.000741605616621,0.0018281440781820002,1.6500015151508252,2.048386999831564,0.19279399975857814,0.08647999993627309,0.0
pd,00:04:09.615,236,-90.001,-71.65,0.002,-89.966,-0.0,-0.0,0.0,0.0,0.0,0.0,0.0,0.0,-90.001,-70.0,0.003,-89.964,0.0,-0.0,-90.001,-70.825,0.0025,-89.965,0.0,0.0,0.0,171.13258160237447,0.10371671612265085,0.20743343224481825,0.0,0.0,0.0,0.8250000000000028,0.0005,0.000999999999990564,0.0,0.0,-0.0137698,11.9866109,0.0481943,0.034424500000000004,-0.0275396,-0.0275396,-0.005218803418738,-0.009813431013308,-0.008877167277056,0.0034148351649060005,-0.000741605616621,0.0018281440781820002,1.6500015151508252,1.7458719999012828,0.14492499985863105,0.06311099969025236,0.0
pd,00:04:09.617,237,-90.001,-71.65,0.002,-89.966,-0.0,-0.0,0.0,0.0,0.0,0.0,0.0,0.0,-90.001,-70.0,0.003,-89.964,0.0,-0.0,-90.001,-70.825,0.0025,-89.965,0.0,0.0,0.0,204.12345445965147,0.12371118452100048,0.2474223690414243,0.0,0.0,0.0,0.8250000000000028,0.0005,0.000999999999990564,0.0,0.0,-0.0137698,11.9866109,0.0481943,0.034424500000000004,-0.0275396,-0.0275396,-0.005218803418738,-0.009813431013308,-0.008877167277056,0.0034148351649060005,-0.000741605616621,0.0018281440781820002,1.6500015151508252,1.6956869999376067,0.12981400004719035,0.057387999731872696,0.0
pd,00:04:09.619,238,-90.001,-71.65,0.002,-89.966,-0.0,-0.0,0.0,0.0,0.0,0.0,0.0,0.0,-90.001,-70.0,0.003,-89.964,0.0,-0.0,-90.001,-70.825,0.0025,-89.965,0.0,0.0,0.0,212.28839263803755,0.1286596319018405,0.2573192638030813,0.0,0.0,0.0,0.8250000000000028,0.0005,0.000999999999990564,0.0,0.0,-0.0137698,11.9866109,0.0481943,0.034424500000000004,-0.0275396,-0.0275396,-0.005218803418738,-0.009813431013308,-0.008877167277056,0.0034148351649060005,-0.000741605616621,0.0018281440781820002,1.6500015151508252,1.847518999966269,0.165645999913977,0.07775800031595281,0.0
pd,00:04:09.621,239,-90.001,-71.454,0.002,-89.966,-0.0,-0.0,0.0,90.53783964758271,0.0,0.0,0.0,0.0,-90.001,-70.0,0.003,-89.964,0.0,-0.0,-90.001,-79.454,0.0025,-89.965,0.0,0.0,0.0,-1847.711013215859,0.1154819383259912,0.2309638766514441,0.0,0.0,0.0,-8.0,0.0005,0.000999999999990564,0.0,0.0,-0.0137698,11.9866109,0.0481943,0.034424500000000004,-0.0275396,-0.0275396,-0.005218803418738,-0.009813431013308,-0.008877167277056,0.0034148351649060005,-0.000741605616621,0.0018281440781820002,1.45400171939375,1.8518709998716076,0.17757299974618945,0.07940600016809185,0.0
pd,00:04:09.623,240,-90.001,-71.454,0.002,-89.966,-0.0,-0.0,0.0,0.0,0.0,0.0,0.0,0.0,-90.001,-70.0,0.003,-89.964,0.0,-0.0,-90.001,-70.727,0.0025,-89.965,0.0,0.0,0.0,166.35346470267248,0.11441091107474087,0.22882182214894844,0.0,0.0,0.0,0.7269999999999897,0.0005,0.000999999999990564,0.0,0.0,0.0481943,11.786948800000001,0.0068849,-0.0,-0.0068849,0.0068849,-0.00572161172154,-0.001144322344308,-0.008981196581083999,0.0029491758242370003,-0.00044841269842200006,0.002104090354134,1.45400171939375,2.619565999793849,0.24436800003968528,0.12125800003559561,0.0
pd,00:04:09.627,241,-90.001,-71.454,0.002,-89.966,-0.0,-0.0,0.0,0.0,0.0,0.0,0.0,0.0,-90.001,-70.0,0.003,-89.964,0.0,-0.0,-90.001,-70.727,0.0025,-89.965,0.0,0.0,0.0,106.5503881473194,0.07328087217834929,0.14656174435635702,0.0,0.0,0.0,0.7269999999999897,0.0005,0.000999999999990564,0.0,0.0,0.0481943,11.786948800000001,0.0068849,-0.0,-0.0068849,0.0068849,-0.00572161172154,-0.001144322344308,-0.008981196581083999,0.0029491758242370003,-0.00044841269842200006,0.002104090354134,1.45400171939375,1.967332000276656,0.21984999966662144,0.09699900010673446,0.0
pd,00:04:09.629,242,-90.001,-71.454,0.002,-89.966,-0.0,-0.0,0.0,0.0,0.0,0.0,0.0,0.0,-90.001,-70.0,0.003,-89.964,0.0,-0.0,-90.001,-70.727,0.0025,-89.965,0.0,0.0,0.0,152.90637889880585,0.10516257145722596,0.21032514291396173,0.0,0.0,0.0,0.7269999999999897,0.0005,0.000999999999990564,0.0,0.0,0.0481943,11.786948800000001,0.0068849,-0.0,-0.0068849,0.0068849,-0.00572161172154,-0.001144322344308,-0.008981196581083999,0.0029491758242370003,-0.00044841269842200006,0.002104090354134,1.45400171939375,1.805518999844935,0.16844199990373454,0.07929599996714387,0.0
pd,00:04:09.631,243,-90.001,-71.454,0.002,-89.966,-0.0,-0.0,0.0,0.0,0.0,0.0,0.0,0.0,-90.001,-70.0,0.003,-89.964,0.0,-0.0,-90.001,-70.727,0.0025,-89.965,0.0,0.0,0.0,170.71207076475122,0.11740857686709215,0.23481715373363704,0.0,0.0,0.0,0.7269999999999897,0.0005,0.000999999999990564,0.0,0.0,0.0481943,11.786948800000001,0.0068849,-0.0,-0.0068849,0.0068849,-0.00572161172154,-0.001144322344308,-0.008981196581083999,0.0029491758242370003,-0.00044841269842200006,0.002104090354134,1.45400171939375,2.29077399990274,0.3677750000861124,0.1380359999529901,0.0
pd,00:04:09.634,244,-90.001,-71.454,0.002,-89.966,-0.0,-0.0,0.0,0.0,0.0,0.0,0.0,0.0,-90.001,-70.0,0.003,-89.964,0.0,-0.0,-90.001,-70.727,0.0025,-89.965,0.0,0.0,0.0,124.45955134693823,0.08559804081632653,0.17119608163225408,0.0,0.0,0.0,0.7269999999999897,0.0005,0.000999999999990564,0.0,0.0,0.0481943,11.786948800000001,0.0068849,-0.0,-0.0068849,0.0068849,-0.00572161172154,-0.001144322344308,-0.008981196581083999,0.0029491758242370003,-0.00044841269842200006,0.002104090354134,1.45400171939375,1.9165360004080867,0.22075700007917476,0.08920299978854018,0.0
pd,00:04:09.637,245,-90.001,-71.454,0.002,-89.966,-0.0,-0.0,0.0,0.0,0.0,0.0,0.0,0.0,-90.001,-70.0,0.003,-89.964,0.0,-0.0,-90.001,-70.727,0.0025,-89.965,0.0,0.0,0.0,157.1620971033907,0.10808947531182353,0.2161789506231432,0.0,0.0,0.0,0.7269999999999897,0.0005,0.000999999999990564,0.0,0.0,0.0481943,11.786948800000001,0.0068849,-0.0,-0.0068849,0.0068849,-0.00572161172154,-0.001144322344308,-0.008981196581083999,0.0029491758242370003,-0.00044841269842200006,0.002104090354134,1.45400171939375,2.0789980003428354,0.1813129997572105,0.07959200002005673,0.0
pd,00:04:09.639,246,-90.001,-71.454,0.002,-89.966,-0.0,-0.0,0.0,0.0,0.0,0.0,0.0,0.0,-90.001,-70.0,0.003,-89.964,0.0,-0.0,-90.001,-70.727,0.0025,-89.965,0.0,0.0,0.0,150.19500581223457,0.10329780317210127,0.20659560634372107,0.0,0.0,0.0,0.7269999999999897,0.0005,0.000999999999990564,0.0,0.0,0.0481943,11.786948800000001,0.0068849,-0.0,-0.0068849,0.0068849,-0.00572161172154,-0.001144322344308,-0.008981196581083999,0.0029491758242370003,-0.00044841269842200006,0.002104090354134,1.45400171939375,1.8232790002912225,0.17064600024241372,0.07862900019972585,0.0
pd,00:04:09.641,247,-90.001,-71.223,0.003,-89.965,-0.001,-0.0,0.0,107.54625641025387,0.4655682095682096,0.46556820956381645,-0.4655682095682096,0.0,-90.001,-70.0,0.003,-89.964,0.0,-0.0,-90.001,-79.223,-0.04355682095682096,-90.01105682095638,0.04605682095682096,0.0,0.0,-1862.2728382728383,-10.837687888027416,-10.721295835532542,10.954079940419469,0.0,0.0,-8.0,-0.04655682095682096,-0.04605682095638031,0.04705682095682096,0.0,0.0481943,11.786948800000001,0.0068849,-0.0,-0.0068849,0.0068849,-0.00572161172154,-0.001144322344308,-0.008981196581083999,0.0029491758242370003,-0.00044841269842200006,0.002104090354134,1.2230008176612137,1.8679449999581266,0.1826279999477265,0.09355400015920168,0.0
pd,00:04:09.643,248,-90.001,-71.223,0.003,-89.965,-0.001,-0.0,0.0,0.0,0.0,0.0,0.0,0.0,-90.001,-70.0,0.003,-89.964,0.0,-0.0,-90.001,-70.6115,0.003,-89.9645,-0.0005,0.0,0.0,137.0826774986637,0.0,0.11208722608284412,0.11208722608230892,0.0,0.0,0.6114999999999924,0.0,0.0005000000000023874,0.0005,0.0,0.0206547,13.012461,-0.0757339,0.0068849,0.0137698,-0.0275396,-0.0062937728936939994,0.00710866910858,-0.008669108669,0.0026387362637910004,-0.00043116605617500006,0.001345238095266,1.2230008176612137,2.0485539998844615,0.24918200006140978,0.1222209998559265,0.0
pd,00:04:09.646,249,-90.001,-71.223,0.003,-89.965,-0.001,-0.0,0.0,0.0,0.0,0.0,0.0,0.0,-90.001,-70.0,0.003,-89.964,0.0,-0.0,-90.001,-70.6115,0.003,-89.9645,-0.0005,0.0,0.0,120.94769857587465,0.0,0.09889427520560283,0.09889427520513062,0.0,0.0,0.6114999999999924,0.0,0.0005000000000023874,0.0005,0.0,0.0206547,13.012461,-0.0757339,0.0068849,0.0137698,-0.0275396,-0.0062937728936939994,0.00710866910858,-0.008669108669,0.0026387362637910004,-0.00043116605617500006,0.001345238095266,1.2230008176612137,1.8155190000470611,0.17727600015859935,0.07361100006164634,0.0
pd,00:04:09.648,250,-90.001,-71.223,0.003,-89.965,-0.001,-0.0,0.0,0.0,0.0,0.0,0.0,0.0,-90.001,-70.0,0.003,-89.964,0.0,-0.0,-90.001,-70.6115,0.003,-89.9645,-0.0005,0.0,0.0,142.9026574548695,0.0,0.1168459995548258,0.11684599955426789,0.0,0.0,0.6114999999999924,0.0,0.0005000000000023874,0.0005,0.0,0.0206547,13.012461,-0.0757339,0.0068849,0.0137698,-0.0275396,-0.0062937728936939994,0.00710866910858,-0.008669108669,0.0026387362637910004,-0.00043116605617500006,0.001345238095266,1.2230008176612137,1.7919080000865506,0.17829499984145514,0.07786900005157804,0.0
pd,00:04:09.651,251,-90.001,-71.223,0.003,-89.965,-0.001,-0.0,0.0,0.0,0.0,0.0,0.0,0.0,-90.001,-70.0,0.003,-89.964,0.0,-0.0,-90.001,-70.6115,0.003,-89.9645,-0.0005,0.0,0.0,105.53933404658044,0.0,0.08629544893465614,0.0862954489342441,0.0,0.0,0.6114999999999924,0.0,0.0005000000000023874,0.0005,0.0,0.0206547,13.012461,-0.0757339,0.0068849,0.0137698,-0.0275396,-0.0062937728936939994,0.00710866910858,-0.008669108669,0.0026387362637910004,-0.00043116605617500006,0.001345238095266,1.2230008176612137,1.9043700003749109,0.23988600014490657,0.09281399979954585,0.0
pd,00:04:09.653,252,-90.001,-71.223,0.003,-89.965,-0.001,-0.0,0.0,0.0,0.0,0.0,0.0,0.0,-90.001,-70.0,0.003,-89.964,0.0,-0.0,-90.001,-70.6115,0.003,-89.9645,-0.0005,0.0,0.0,130.77793677340392,0.0,0.10693208239904209,0.10693208239853151,0.0,0.0,0.6114999999999924,0.0,0.0005000000000023874,0.0005,0.0,0.0206547,13.012461,-0.0757339,0.0068849,0.0137698,-0.0275396,-0.0062937728936939994,0.00710866910858,-0.008669108669,0.0026387362637910004,-0.00043116605617500006,0.001345238095266,1.2230008176612137,2.094665000186069,0.17631300033826847,0.07853600027374341,0.0
pd,00:04:09.656,253,-90.001,-71.223,0.003,-89.965,-0.001,-0.0,0.0,0.0,0.0,0.0,0.0,0.0,-90.001,-70.0,0.003,-89.964,0.0,-0.0,-90.001,-70.6115,0.003,-89.9645,-0.0005,0.0,0.0,125.99807899390832,0.0,0.10302377677392481,0.1030237767734329,0.0,0.0,0.6114999999999924,0.0,0.0005000000000023874,0.0005,0.0,0.0206547,13.012461,-0.0757339,0.0068849,0.0137698,-0.0275396,-0.0062937728936939994,0.00710866910858,-0.008669108669,0.0026387362637910004,-0.00043116605617500006,0.001345238095266,1.2230008176612137,1.8092039999828557,0.2233310001429345,0.11488700010886532,0.0
pd,00:04:09.658,254,-90.001,-71.223,0.003,-89.965,-0.001,-0.0,0.0,0.0,0.0,0.0,0.0,0.0,-90.001,-70.0,0.003,-89.964,0.0,-0.0,-90.001,-70.6115,0.003,-89.9645,-0.0005,0.0,0.0,136.2380163603526,0.0,0.11139657919951204,0.11139657919898013,0.0,0.0,0.6114999999999924,0.0,0.0005000000000023874,0.0005,0.0,0.0206547,13.012461,-0.0757339,0.0068849,0.0137698,-0.0275396,-0.0062937728936939994,0.00710866910858,-0.008669108669,0.0026387362637910004,-0.00043116605617500006,0.001345238095266,1.2230008176612137,3.714129999934812,0.2776829996946617,0.311015000079351,0.0
pd,00:04:09.662,255,-90.001,-70.976,0.002,-89.964,-0.0,-0.0,0.0,55.68059163710628,-0.2254274965065033,0.22542749650757965,0.2254274965065033,0.0,-90.001,-70.0,0.003,-89.964,0.0,-0.0,-90.001,-76.05605916371063,0.02504274965065033,-89.98654274965075,-0.02254274965065033,0.0,0.0,-572.592509690104,2.5972346831861035,-2.5408778090716098,-2.5408778090594777,0.0,0.0,-5.080059163710629,0.023042749650650327,-0.022542749650753535,-0.02254274965065033,0.0,-0.0206547,12.475438800000001,-0.0275396,-0.0206547,0.0206547,-0.0137698,-0.006640537240454,0.005149450549386,-0.00918925518914,0.0027077228327790004,-0.000327686202693,0.0022593101343570004,0.9760005122949467,2.4566229999436473,0.27770099995905184,0.13738699999521486,0.0
pd,00:04:09.665,256,-90.001,-70.976,0.002,-89.964,-0.0,-0.0,0.0,0.0,0.0,0.0,0.0,0.0,-90.001,-70.0,0.003,-89.964,0.0,-0.0,-90.001,-70.488,0.0025,-89.964,0.0,0.0,0.0,81.63118577012037,0.0836385100103693,0.0,0.0,0.0,0.0,0.48799999999999955,0.0005,0.0,0.0,0.0,-0.0206547,12.475438800000001,-0.0275396,-0.0206547,0.0206547,-0.0137698,-0.006640537240454,0.005149450549386,-0.00918925518914,0.0027077228327790004,-0.000327686202693,0.0022593101343570004,0.9760005122949467,5.7482209999761835,0.33101500002885587,0.14410900030270568,0.0
pd,00:04:09.672,257,-90.001,-70.976,0.002,-89.964,-0.0,-0.0,0.0,0.0,0.0,0.0,0.0,0.0,-90.001,-70.0,0.003,-89.964,0.0,-0.0,-90.001,-70.488,0.0025,-89.964,0.0,0.0,0.0,38.38315928440157,0.039327007463526235,0.0,0.0,0.0,0.0,0.48799999999999955,0.0005,0.0,0.0,0.0,-0.0206547,12.475438800000001,-0.0275396,-0.0206547,0.0206547,-0.0137698,-0.006640537240454,0.005149450549386,-0.00918925518914,0.0027077228327790004,-0.000327686202693,0.0022593101343570004,0.9760005122949467,2.8892500004076282,0.2809229999911622,0.13347999993129633,0.0
pd,00:04:09.675,258,-90.001,-70.976,0.002,-89.964,-0.0,-0.0,0.0,0.0,0.0,0.0,0.0,0.0,-90.001,-70.0,0.003,-89.964,0.0,-0.0,-90.001,-70.488,0.0025,-89.964,0.0,0.0,0.0,71.36751576011152,0.07312245467224547,0.0,0.0,0.0,0.0,0.48799999999999955,0.0005,0.0,0.0,0.0,-0.0206547,12.475438800000001,-0.0275396,-0.0206547,0.0206547,-0.0137698,-0.006640537240454,0.005149450549386,-0.00918925518914,0.0027077228327790004,-0.000327686202693,0.0022593101343570004,0.9760005122949467,3.5343350000403007,0.26010800002040924,0.12566500026878202,0.0
pd,00:04:09.679,259,-90.001,-70.976,0.002,-89.964,-0.0,-0.0,0.0,0.0,0.0,0.0,0.0,0.0,-90.001,-70.0,0.003,-89.964,0.0,-0.0,-90.001,-70.488,0.0025,-89.964,0.0,0.0,0.0,60.599844623401175,0.06209000473709143,0.0,0.0,0.0,0.0,0.48799999999999955,0.0005,0.0,0.0,0.0,-0.0206547,12.475438800000001,-0.0275396,-0.0206547,0.0206547,-0.0137698,-0.006640537240454,0.005149450549386,-0.00918925518914,0.0027077228327790004,-0.000327686202693,0.0022593101343570004,0.9760005122949467,2.8761379999195924,0.4913650000162306,0.1385909999953583,0.0
pd,00:04:09.683,260,-90.001,-70.719,0.002,-89.964,-0.0,-0.0,0.0,70.58713430685751,0.0,0.0,0.0,0.0,-90.001,-70.0,0.003,-89.964,0.0,-0.0,-90.001,-77.41821343068575,0.0025,-89.964,0.0,0.0,0.0,-919.9966501597467,0.06866452753585227,0.0,0.0,0.0,0.0,-6.699213430685759,0.0005,0.0,0.0,0.0,-0.0275396,10.1552275,0.0206547,0.0895037,-0.0068849,-0.0275396,-0.00641514041506,-0.011581929181783999,-0.009258608058492,0.003035409035472,-0.000758852258868,0.002104090354134,0.7190006954099498,3.8115919996926095,0.6216050001057738,0.14023999983692192,0.0
pd,00:04:09.688,261,-90.001,-70.719,0.002,-89.964,-0.0,-0.0,0.0,0.0,0.0,0.0,0.0,0.0,-90.001,-70.0,0.003,-89.964,0.0,-0.0,-90.001,-70.3595,0.0025,-89.964,0.0,0.0,0.0,35.41720975243077,0.0492589843566496,0.0,0.0,0.0,0.0,0.35949999999999704,0.0005,0.0,0.0,0.0,-0.0275396,10.1552275,0.0206547,0.0895037,-0.0068849,-0.0275396,-0.00641514041506,-0.011581929181783999,-0.009258608058492,0.003035409035472,-0.000758852258868,0.002104090354134,0.7190006954099498,2.539642000101594,0.2584789999673376,0.17833099991548806,0.0
pd,00:04:09.691,262,-90.001,-70.719,0.002,-89.964,-0.0,-0.0,0.0,0.0,0.0,0.0,0.0,0.0,-90.001,-70.0,0.003,-89.964,0.0,-0.0,-90.001,-70.3595,0.0025,-89.964,0.0,0.0,0.0,58.07472993375395,0.08077152981050685,0.0,0.0,0.0,0.0,0.35949999999999704,0.0005,0.0,0.0,0.0,-0.0275396,10.1552275,0.0206547,0.0895037,-0.0068849,-0.0275396,-0.00641514041506,-0.011581929181783999,-0.009258608058492,0.003035409035472,-0.000758852258868,0.002104090354134,0.7190006954099498,2.2508850001941028,0.2836639996530721,0.14009100004841457,0.0
pd,00:04:09.694,263,-90.001,-70.719,0.002,-89.964,-0.0,-0.0,0.0,0.0,0.0,0.0,0.0,0.0,-90.001,-70.0,0.003,-89.964,0.0,-0.0,-90.001,-70.3595,0.0025,-89.964,0.0,0.0,0.0,64.18577762642549,0.08927090073216415,0.0,0.0,0.0,0.0,0.35949999999999704,0.0005,0.0,0.0,0.0,-0.0275396,10.1552275,0.0206547,0.0895037,-0.0068849,-0.0275396,-0.00641514041506,-0.011581929181783999,-0.009258608058492,0.003035409035472,-0.000758852258868,0.002104090354134,0.7190006954099498,2.0454800001061813,0.36499599991657306,0.13581300026999088,0.0
pd,00:04:09.696,264,-90.001,-70.719,0.002,-89.964,-0.0,-0.0,0.0,0.0,0.0,0.0,0.0,0.0,-90.001,-70.0,0.003,-89.964,0.0,-0.0,-90.001,-70.3595,0.0025,-89.964,0.0,0.0,0.0,65.75319588348106,0.09145089830804116,0.0,0.0,0.0,0.0,0.35949999999999704,0.0005,0.0,0.0,0.0,-0.0275396,10.1552275,0.0206547,0.0895037,-0.0068849,-0.0275396,-0.00641514041506,-0.011581929181783999,-0.009258608058492,0.003035409035472,-0.000758852258868,0.002104090354134,0.7190006954099498,1.9629799999165698,0.8912500002224988,0.4764589998558222,0.0
pd,00:04:09.700,265,-90.001,-70.719,0.002,-89.964,-0.0,-0.0,0.0,0.0,0.0,0.0,0.0,0.0,-90.001,-70.0,0.003,-89.964,0.0,-0.0,-90.001,-70.3595,0.0025,-89.964,0.0,0.0,0.0,50.612657357679495,0.07039312567132117,0.0,0.0,0.0,0.0,0.35949999999999704,0.0005,0.0,0.0,0.0,-0.0275396,10.1552275,0.0206547,0.0895037,-0.0068849,-0.0275396,-0.00641514041506,-0.011581929181783999,-0.009258608058492,0.003035409035472,-0.000758852258868,0.002104090354134,0.7190006954099498,2.595881999695848,0.2449789999445784,0.11657200002446189,0.0
pd,00:04:09.703,266,-90.001,-70.474,0.002,-89.964,-0.0,-0.0,0.0,80.08139650872502,0.0,0.0,0.0,0.0,-90.001,-70.0,0.003,-89.964,0.0,-0.0,-90.001,-78.2451396508725,0.0025,-89.964,0.0,0.0,0.0,-1270.0483994004494,0.08171571072319202,0.0,0.0,0.0,0.0,-7.771139650872499,0.0005,0.0,0.0,0.0,0.0481943,9.356579100000001,0.0137698,0.1583527,-0.06884900000000001,-0.0,-0.0059643467642719996,-0.024741636141326,-0.009223931623816,0.0036562881563640005,-0.000327686202693,0.002276556776604,0.4740010548511507,1.9385360001251684,0.2195349998146412,0.09462800016990514,0.0
pd,00:04:09.705,267,-90.001,-70.474,0.002,-89.964,-0.0,-0.0,0.0,0.0,0.0,0.0,0.0,0.0,-90.001,-70.0,0.003,-89.964,0.0,-0.0,-90.001,-70.237,0.0025,-89.964,0.0,0.0,0.0,49.406066003976534,0.10423220675944334,0.0,0.0,0.0,0.0,0.23700000000000898,0.0005,0.0,0.0,0.0,0.0481943,9.356579100000001,0.0137698,0.1583527,-0.06884900000000001,-0.0,-0.0059643467642719996,-0.024741636141326,-0.009223931623816,0.0036562881563640005,-0.000327686202693,0.002276556776604,0.4740010548511507,1.8159819996981241,0.16049900023062946,0.07131399979698472,0.0
pd,00:04:09.708,268,-90.001,-70.474,0.002,-89.964,-0.0,-0.0,0.0,0.0,0.0,0.0,0.0,0.0,-90.001,-70.0,0.003,-89.964,0.0,-0.0,-90.001,-70.237,0.0025,-89.964,0.0,0.0,0.0,55.75779941664841,0.11763248822077631,0.0,0.0,0.0,0.0,0.23700000000000898,0.0005,0.0,0.0,0.0,0.0481943,9.356579100000001,0.0137698,0.1583527,-0.06884900000000001,-0.0,-0.0059643467642719996,-0.024741636141326,-0.009223931623816,0.0036562881563640005,-0.000327686202693,0.002276556776604,0.4740010548511507,1.7234830002053059,0.15018300018709851,0.06512900017696666,0.0
pd,00:04:09.710,269,-90.001,-70.474,0.002,-89.964,-0.0,-0.0,0.0,0.0,0.0,0.0,0.0,0.0,-90.001,-70.0,0.003,-89.964,0.0,-0.0,-90.001,-70.237,0.0025,-89.964,0.0,0.0,0.0,59.04312473271607,0.12456355428842956,0.0,0.0,0.0,0.0,0.23700000000000898,0.0005,0.0,0.0,0.0,0.0481943,9.356579100000001,0.0137698,0.1583527,-0.06884900000000001,-0.0,-0.0059643467642719996,-0.024741636141326,-0.009223931623816,0.0036562881563640005,-0.000327686202693,0.002276556776604,0.4740010548511507,1.7690749996290833,0.15973900008248165,0.0729799999135139,0.0
pd,00:04:09.712,270,-90.001,-70.474,0.002,-89.964,-0.0,-0.0,0.0,0.0,0.0,0.0,0.0,0.0,-90.001,-70.0,0.003,-89.964,0.0,-0.0,-90.001,-70.237,0.0025,-89.964,0.0,0.0,0.0,56.93951472104524,0.12012555848321686,0.0,0.0,0.0,0.0,0.23700000000000898,0.0005,0.0,0.0,0.0,0.0481943,9.356579100000001,0.0137698,0.1583527,-0.06884900000000001,-0.0,-0.0059643467642719996,-0.024741636141326,-0.009223931623816,0.0036562881563640005,-0.000327686202693,0.002276556776604,0.4740010548511507,1.7704639999465144,0.17001700007313048,0.07648100017831894,0.0
pd,00:04:09.714,271,-90.001,-70.474,0.002,-89.964,-0.0,-0.0,0.0,0.0,0.0,0.0,0.0,0.0,-90.001,-70.0,0.003,-89.964,0.0,-0.0,-90.001,-70.237,0.0025,-89.964,0.0,0.0,0.0,48.83327019060758,0.1030237767734329,0.0,0.0,0.0,0.0,0.23700000000000898,0.0005,0.0,0.0,0.0,0.0481943,9.356579100000001,0.0137698,0.1583527,-0.06884900000000001,-0.0,-0.0059643467642719996,-0.024741636141326,-0.009223931623816,0.0036562881563640005,-0.000327686202693,0.002276556776604,0.4740010548511507,1.8158339998990414,0.2064239997707773,0.07992500013642712,0.0
pd,00:04:09.716,272,-90.001,-70.474,0.002,-89.964,-0.0,-0.0,0.0,0.0,0.0,0.0,0.0,0.0,-90.001,-70.0,0.003,-89.964,0.0,-0.0,-90.001,-70.237,0.0025,-89.964,0.0,0.0,0.0,54.1126863364185,0.11416178551986936,0.0,0.0,0.0,0.0,0.23700000000000898,0.0005,0.0,0.0,0.0,0.0481943,9.356579100000001,0.0137698,0.1583527,-0.06884900000000001,-0.0,-0.0059643467642719996,-0.024741636141326,-0.009223931623816,0.0036562881563640005,-0.000327686202693,0.002276556776604,0.4740010548511507,1.8931479999082512,0.2217750002273533,0.15666499984945403,0.0
pd,00:04:09.719,273,-90.001,-70.474,0.002,-89.964,-0.0,-0.0,0.0,0.0,0.0,0.0,0.0,0.0,-90.001,-70.0,0.003,-89.964,0.0,-0.0,-90.001,-70.237,0.0025,-89.964,0.0,0.0,0.0,49.81708168788252,0.10509932845544753,0.0,0.0,0.0,0.0,0.23700000000000898,0.0005,0.0,0.0,0.0,0.0481943,9.356579100000001,0.0137698,0.1583527,-0.06884900000000001,-0.0,-0.0059643467642719996,-0.024741636141326,-0.009223931623816,0.0036562881563640005,-0.000327686202693,0.002276556776604,0.4740010548511507,2.0525170002656523,0.24586800009274157,0.11575799999263836,0.0
pd,00:04:09.721,274,-90.001,-70.248,0.003,-89.964,-0.001,-0.0,0.0,89.65409098647463,0.39669951763926986,0.0,-0.39669951763926986,0.0,-90.001,-70.0,0.003,-89.964,0.0,-0.0,-90.001,-78.248,-0.03666995176392698,-89.964,0.039169951763926986,0.0,0.0,-1586.7980705570794,-7.868525364761468,0.0,7.967700244171286,0.0,0.0,-8.0,-0.039669951763926986,0.0,0.040169951763926987,0.0,0.0481943,9.356579100000001,0.0137698,0.1583527,-0.06884900000000001,-0.0,-0.0059643467642719996,-0.024741636141326,-0.009223931623816,0.0036562881563640005,-0.000327686202693,0.002276556776604,0.24800201612084188,2.108183000018471,0.26146000027438276,0.13096200018480886,0.0
pd,00:04:09.724,275,-90.001,-70.248,0.003,-89.964,-0.001,-0.0,0.0,0.0,0.0,0.0,0.0,0.0,-90.001,-70.0,0.003,-89.964,0.0,-0.0,-90.001,-70.124,0.003,-89.964,-0.0005,0.0,0.0,23.783322480337013,0.0,0.0,0.09590049387232485,0.0,0.0,0.12400000000000944,0.0,0.0,0.0005,0.0,-0.0481943,4.0896306000000004,-0.0275396,0.06884900000000001,0.034424500000000004,0.0137698,-0.006623199023116,-0.02618070818038,-0.009744078143956,0.0028801892552490003,-0.000327686202693,0.0009830586080790001,0.24800201612084188,1.9692949999807752,0.2064419995804201,0.09333199977845652,0.0
pd,00:04:09.726,276,-90.001,-70.248,0.003,-89.964,-0.001,-0.0,0.0,0.0,0.0,0.0,0.0,0.0,-90.001,-70.0,0.003,-89.964,0.0,-0.0,-90.001,-70.124,0.003,-89.964,-0.0005,0.0,0.0,26.349868071740286,0.0,0.0,0.10624946803120884,0.0,0.0,0.12400000000000944,0.0,0.0,0.0005,0.0,-0.0481943,4.0896306000000004,-0.0275396,0.06884900000000001,0.034424500000000004,0.0137698,-0.006623199023116,-0.02618070818038,-0.009744078143956,0.0028801892552490003,-0.000327686202693,0.0009830586080790001,0.24800201612084188,2.3309960001824948,0.28307100001256913,0.10123899983227602,0.0
pd,00:04:09.729,277,-90.001,-70.248,0.003,-89.964,-0.001,-0.0,0.0,0.0,0.0,0.0,0.0,0.0,-90.001,-70.0,0.003,-89.964,0.0,-0.0,-90.001,-70.124,0.003,-89.964,-0.0005,0.0,0.0,22.125997447460637,0.0,0.0,0.08921773164298477,0.0,0.0,0.12400000000000944,0.0,0.0,0.0005,0.0,-0.0481943,4.0896306000000004,-0.0275396,0.06884900000000001,0.034424500000000004,0.0137698,-0.006623199023116,-0.02618070818038,-0.009744078143956,0.0028801892552490003,-0.000327686202693,0.0009830586080790001,0.24800201612084188,1.818908000132069,0.17942400018000626,0.08083300008365768,0.0
pd,00:04:09.731,278,-90.001,-70.248,0.003,-89.964,-0.001,-0.0,0.0,0.0,0.0,0.0,0.0,0.0,-90.001,-70.0,0.003,-89.964,0.0,-0.0,-90.001,-70.124,0.003,-89.964,-0.0005,0.0,0.0,28.728109589041637,0.0,0.0,0.1158391515687141,0.0,0.0,0.12400000000000944,0.0,0.0,0.0005,0.0,-0.0481943,4.0896306000000004,-0.0275396,0.06884900000000001,0.034424500000000004,0.0137698,-0.006623199023116,-0.02618070818038,-0.009744078143956,0.0028801892552490003,-0.000327686202693,0.0009830586080790001,0.24800201612084188,1.793834999716637,0.1732209998408507,0.0745180000194523,0.0
pd,00:04:09.733,279,-90.001,-70.248,0.003,-89.964,-0.001,-0.0,0.0,0.0,0.0,0.0,0.0,0.0,-90.001,-70.0,0.003,-89.964,0.0,-0.0,-90.001,-70.124,0.003,-89.964,-0.0005,0.0,0.0,29.24832392306882,0.0,0.0,0.11793679001237206,0.0,0.0,0.12400000000000944,0.0,0.0,0.0005,0.0,-0.0481943,4.0896306000000004,-0.0275396,0.06884900000000001,0.034424500000000004,0.0137698,-0.006623199023116,-0.02618070818038,-0.009744078143956,0.0028801892552490003,-0.000327686202693,0.0009830586080790001,0.24800201612084188,1.7187050002576143,0.13694300014321925,0.05812900008095312,0.0
pd,00:04:09.735,280,-90.001,-70.248,0.003,-89.964,-0.001,-0.0,0.0,0.0,0.0,0.0,0.0,0.0,-90.001,-70.0,0.003,-89.964,0.0,-0.0,-90.001,-70.124,0.003,-89.964,-0.0005,0.0,0.0,31.357391535030132,0.0,0.0,0.12644109489931268,0.0,0.0,0.12400000000000944,0.0,0.0,0.0005,0.0,-0.0481943,4.0896306000000004,-0.0275396,0.06884900000000001,0.034424500000000004,0.0137698,-0.006623199023116,-0.02618070818038,-0.009744078143956,0.0028801892552490003,-0.000327686202693,0.0009830586080790001,0.24800201612084188,1.7562970001563372,0.2654969998729939,0.11866599970744574,0.0
pd,00:04:09.738,281,-90.001,-70.248,0.003,-89.964,-0.001,-0.0,0.0,0.0,0.0,0.0,0.0,0.0,-90.001,-70.0,0.003,-89.964,0.0,-0.0,-90.001,-70.124,0.003,-89.964,-0.0005,0.0,0.0,23.649222262641405,0.0,0.0,0.09535976718806839,0.0,0.0,0.12400000000000944,0.0,0.0,0.0005,0.0,-0.0481943,4.0896306000000004,-0.0275396,0.06884900000000001,0.034424500000000004,0.0137698,-0.006623199023116,-0.02618070818038,-0.009744078143956,0.0028801892552490003,-0.000327686202693,0.0009830586080790001,0.24800201612084188,1.839667000240297,0.22401600017474266,0.09203599984175526,0.0
pd,00:04:09.740,282,-90.001,-70.248,0.003,-89.964,-0.001,-0.0,0.0,0.0,0.0,0.0,0.0,0.0,-90.001,-70.0,0.003,-89.964,0.0,-0.0,-90.001,-70.124,0.003,-89.964,-0.0005,0.0,0.0,27.55609282611051,0.0,0.0,0.11111327752463707,0.0,0.0,0.12400000000000944,0.0,0.0,0.0005,0.0,-0.0481943,4.0896306000000004,-0.0275396,0.06884900000000001,0.034424500000000004,0.0137698,-0.006623199023116,-0.02618070818038,-0.009744078143956,0.0028801892552490003,-0.000327686202693,0.0009830586080790001,0.24800201612084188,1.829537000048731,0.1739429999361164,0.07911099964985624,0.0
pd,00:04:09.742,283,-90.001,-70.055,0.003,-89.961,-0.001,-0.0,0.0,89.45747286992938,0.0,1.3905306663720276,0.0,0.0,-90.001,-70.0,0.003,-89.964,0.0,-0.0,-90.001,-78.055,0.003,-90.1015530666372,-0.0005,0.0,0.0,-1854.0408884959663,0.0,-32.573891568609035,0.1158775555309979,0.0,0.0,-8.0,0.0,-0.1405530666371959,0.0005,0.0,-0.0206547,3.4149104,-0.0206547,-0.0,0.034424500000000004,0.0275396,-0.005253479853414,-0.017650305250084,-0.009223931623816,0.0032251221001890003,-0.000655372405386,0.0017419108669470002,0.0550908340833641,2.0439989998521924,0.3289960000074643,0.13085099999443628,0.0
pd,00:04:09.745,284,-90.001,-70.055,0.003,-89.961,-0.001,-0.0,0.0,0.0,0.0,0.0,0.0,0.0,-90.001,-70.0,0.003,-89.964,0.0,-0.0,-90.001,-70.0275,0.003,-89.9625,-0.0005,0.0,0.0,5.237166727207333,0.0,-0.2856636396658299,0.0952212132219397,0.0,0.0,0.02750000000000341,0.0,-0.0015000000000071623,0.0005,0.0,-0.0206547,3.4149104,-0.0206547,-0.0,0.034424500000000004,0.0275396,-0.005253479853414,-0.017650305250084,-0.009223931623816,0.0032251221001890003,-0.000655372405386,0.0017419108669470002,0.0550908340833641,1.8752970004243252,0.24786799986031838,0.12453600038497825,0.0
pd,00:04:09.747,285,-90.001,-70.055,0.003,-89.961,-0.001,-0.0,0.0,0.0,0.0,0.0,0.0,0.0,-90.001,-70.0,0.003,-89.964,0.0,-0.0,-90.001,-70.0275,0.003,-89.9625,-0.0005,0.0,0.0,5.670207452561907,0.0,-0.30928404286698646,0.10309468095565824,0.0,0.0,0.02750000000000341,0.0,-0.0015000000000071623,0.0005,0.0,-0.0206547,3.4149104,-0.0206547,-0.0,0.034424500000000004,0.0275396,-0.005253479853414,-0.017650305250084,-0.009223931623816,0.0032251221001890003,-0.000655372405386,0.0017419108669470002,0.0550908340833641,2.120052999998734,0.2304050003658631,0.11164699981236481,0.0
pd,00:04:09.750,286,-90.001,-70.055,0.003,-89.961,-0.001,-0.0,0.0,0.0,0.0,0.0,0.0,0.0,-90.001,-70.0,0.003,-89.964,0.0,-0.0,-90.001,-70.0275,0.003,-89.9625,-0.0005,0.0,0.0,5.283708657811008,0.0,-0.2882022904260302,0.09606743014200642,0.0,0.0,0.02750000000000341,0.0,-0.0015000000000071623,0.0005,0.0,-0.0206547,3.4149104,-0.0206547,-0.0,0.034424500000000004,0.0275396,-0.005253479853414,-0.017650305250084,-0.009223931623816,0.0032251221001890003,-0.000655372405386,0.0017419108669470002,0.0550908340833641,1.8155560001105187,0.1729240002532606,0.08077600023170817,0.0
pd,00:04:09.752,287,-90.001,-70.055,0.003,-89.961,-0.001,-0.0,0.0,0.0,0.0,0.0,0.0,0.0,-90.001,-70.0,0.003,-89.964,0.0,-0.0,-90.001,-70.0275,0.003,-89.9625,-0.0005,0.0,0.0,6.407252527497739,0.0,-0.3494865014998466,0.11649550049994445,0.0,0.0,0.02750000000000341,0.0,-0.0015000000000071623,0.0005,0.0,-0.0206547,3.4149104,-0.0206547,-0.0,0.034424500000000004,0.0275396,-0.005253479853414,-0.017650305250084,-0.009223931623816,0.0032251221001890003,-0.000655372405386,0.0017419108669470002,0.0550908340833641,2.285366999785765,0.20085000005565234,0.0976290002654423,0.0
pd,00:04:09.755,288,-90.001,-70.055,0.003,-89.961,-0.001,-0.0,0.0,0.0,0.0,0.0,0.0,0.0,-90.001,-70.0,0.003,-89.964,0.0,-0.0,-90.001,-70.0275,0.003,-89.9625,-0.0005,0.0,0.0,5.0987251348251394,0.0,-0.2781122800813473,0.09270409336044559,0.0,0.0,0.02750000000000341,0.0,-0.0015000000000071623,0.0005,0.0,-0.0206547,3.4149104,-0.0206547,-0.0,0.034424500000000004,0.0275396,-0.005253479853414,-0.017650305250084,-0.009223931623816,0.0032251221001890003,-0.000655372405386,0.0017419108669470002,0.0550908340833641,1.7890200001602352,0.2698310004234372,0.11653599995042896,0.0
pd,00:04:09.757,289,-90.001,-70.055,0.003,-89.961,-0.001,-0.0,0.0,0.0,0.0,0.0,0.0,0.0,-90.001,-70.0,0.003,-89.964,0.0,-0.0,-90.001,-70.0275,0.003,-89.9625,-0.0005,0.0,0.0,6.045883216270799,0.0,-0.329775448160197,0.10992514938672818,0.0,0.0,0.02750000000000341,0.0,-0.0015000000000071623,0.0005,0.0,-0.0206547,3.4149104,-0.0206547,-0.0,0.034424500000000004,0.0275396,-0.005253479853414,-0.017650305250084,-0.009223931623816,0.0032251221001890003,-0.000655372405386,0.0017419108669470002,0.0550908340833641,1.7449639999540523,0.15255400012392784,0.06192499995449907,0.0
pd,00:04:09.759,290,-90.001,-70.055,0.003,-89.961,-0.001,-0.0,0.0,0.0,0.0,0.0,0.0,0.0,-90.001,-70.0,0.003,-89.964,0.0,-0.0,-90.001,-70.0275,0.003,-89.9625,-0.0005,0.0,0.0,6.788097928437753,0.0,-0.37025988700566376,0.12341996233521657,0.0,0.0,0.02750000000000341,0.0,-0.0015000000000071623,0.0005,0.0,-0.0206547,3.4149104,-0.0206547,-0.0,0.034424500000000004,0.0275396,-0.005253479853414,-0.017650305250084,-0.009223931623816,0.0032251221001890003,-0.000655372405386,0.0017419108669470002,0.0550908340833641,1.7232229997716786,0.21940499982520123,0.08161100004144828,0.0
pd,00:04:09.762,291,-90.001,-69.924,0.003,-89.96,-0.001,-0.0,0.0,53.68905843267549,0.0,0.40984014070940267,0.0,0.0,-90.001,-70.0,0.003,-89.964,0.0,-0.0,-90.001,-75.33090584326756,0.003,-90.00298401407093,-0.0005,0.0,0.0,-1107.983525798341,0.0,-8.808287187502994,0.10246003517686145,0.0,0.0,-5.406905843267552,0.0,-0.04298401407093877,0.0005,0.0,-0.0206547,3.4149104,-0.0206547,-0.0,0.034424500000000004,0.0275396,-0.005253479853414,-0.017650305250084,-0.009223931623816,0.0032251221001890003,-0.000655372405386,0.0017419108669470002,0.07611175993234578,1.9621100000222214,0.2775719999590365,0.12092500037397258,0.0
pd,00:04:09.764,292,-90.001,-69.924,0.003,-89.96,-0.001,-0.0,0.0,0.0,0.0,0.0,0.0,0.0,-90.001,-70.0,0.003,-89.964,0.0,-0.0,-90.001,-69.962,0.003,-89.96199999999999,-0.0005,0.0,0.0,-7.704154679040322,0.0,-0.4054818252131792,0.10137045630317092,0.0,0.0,-0.0379999999999967,0.0,-0.001999999999995339,0.0005,0.0,-0.0481943,1.9690814,-0.0206547,-0.0963886,-0.0206547,0.0137698,-0.006467155067074,-0.006259096459017999,-0.008634432234324,0.002518009768062,-0.00034493284494,0.001431471306501,0.07611175993234578,1.948129000084009,0.22860900025989395,0.12173999994047335,0.0
pd,00:04:09.766,293,-90.001,-69.924,0.003,-89.96,-0.001,-0.0,0.0,0.0,0.0,0.0,0.0,0.0,-90.001,-70.0,0.003,-89.964,0.0,-0.0,-90.001,-69.962,0.003,-89.96199999999999,-0.0005,0.0,0.0,-7.8965295283385935,0.0,-0.4156068172815226,0.10390170432025367,0.0,0.0,-0.0379999999999967,0.0,-0.001999999999995339,0.0005,0.0,-0.0481943,1.9690814,-0.0206547,-0.0963886,-0.0206547,0.0137698,-0.006467155067074,-0.006259096459017999,-0.008634432234324,0.002518009768062,-0.00034493284494,0.001431471306501,0.07611175993234578,1.9467400002213253,0.5320130003383383,0.18453499978932086,0.0
pd,00:04:09.769,294,-90.001,-69.924,0.003,-89.96,-0.001,-0.0,0.0,0.0,0.0,0.0,0.0,0.0,-90.001,-70.0,0.003,-89.964,0.0,-0.0,-90.001,-69.962,0.003,-89.96199999999999,-0.0005,0.0,0.0,-6.814757653496929,0.0,-0.35867145544767626,0.08966786386180947,0.0,0.0,-0.0379999999999967,0.0,-0.001999999999995339,0.0005,0.0,-0.0481943,1.9690814,-0.0206547,-0.0963886,-0.0206547,0.0137698,-0.006467155067074,-0.006259096459017999,-0.008634432234324,0.002518009768062,-0.00034493284494,0.001431471306501,0.07611175993234578,2.025017000050866,0.23444199996447423,0.10810999992827419,0.0
pd,00:04:09.772,295,-90.001,-69.924,0.003,-89.96,-0.001,-0.0,0.0,0.0,0.0,0.0,0.0,0.0,-90.001,-70.0,0.003,-89.964,0.0,-0.0,-90.001,-69.962,0.003,-89.96199999999999,-0.0005,0.0,0.0,-7.701920943267912,0.0,-0.40536426017252597,0.10134106504300763,0.0,0.0,-0.0379999999999967,0.0,-0.001999999999995339,0.0005,0.0,-0.0481943,1.9690814,-0.0206547,-0.0963886,-0.0206547,0.0137698,-0.006467155067074,-0.006259096459017999,-0.008634432234324,0.002518009768062,-0.00034493284494,0.001431471306501,0.07611175993234578,1.8594819998725143,0.17168300018965965,0.07655499985048664,0.0
pd,00:04:09.774,296,-90.001,-69.924,0.003,-89.96,-0.001,-0.0,0.0,0.0,0.0,0.0,0.0,0.0,-90.001,-70.0,0.003,-89.964,0.0,-0.0,-90.001,-69.962,0.003,-89.96199999999999,-0.0005,0.0,0.0,-8.694280602224863,0.0,-0.45759371590717063,0.11439842897665285,0.0,0.0,-0.0379999999999967,0.0,-0.001999999999995339,0.0005,0.0,-0.0481943,1.9690814,-0.0206547,-0.0963886,-0.0206547,0.0137698,-0.006467155067074,-0.006259096459017999,-0.008634432234324,0.002518009768062,-0.00034493284494,0.001431471306501,0.07611175993234578,1.8430740001349477,0.23497900019719964,0.11401699975976953,0.0
pd,00:04:09.776,297,-90.001,-69.924,0.003,-89.96,-0.001,-0.0,0.0,0.0,0.0,0.0,0.0,0.0,-90.001,-70.0,0.003,-89.964,0.0,-0.0,-90.001,-69.962,0.003,-89.96199999999999,-0.0005,0.0,0.0,-8.28913833992023,0.0,-0.436270438943741,0.10906760973580196,0.0,0.0,-0.0379999999999967,0.0,-0.001999999999995339,0.0005,0.0,-0.0481943,1.9690814,-0.0206547,-0.0963886,-0.0206547,0.0137698,-0.006467155067074,-0.006259096459017999,-0.008634432234324,0.002518009768062,-0.00034493284494,0.001431471306501,0.07611175993234578,2.3125510001591465,0.20573799974954454,0.09931300019161426,0.0
pd,00:04:09.779,298,-90.001,-69.924,0.003,-89.96,-0.001,-0.0,0.0,0.0,0.0,0.0,0.0,0.0,-90.001,-70.0,0.003,-89.964,0.0,-0.0,-90.001,-69.962,0.003,-89.96199999999999,-0.0005,0.0,0.0,-6.915887876420471,0.0,-0.3639940987594486,0.09099852468975093,0.0,0.0,-0.0379999999999967,0.0,-0.001999999999995339,0.0005,0.0,-0.0481943,1.9690814,-0.0206547,-0.0963886,-0.0206547,0.0137698,-0.006467155067074,-0.006259096459017999,-0.008634432234324,0.002518009768062,-0.00034493284494,0.001431471306501,0.07611175993234578,1.7327430000477761,0.2540340001360164,0.074129000040557,0.0
pd,00:04:09.781,299,-90.001,-69.924,0.003,-89.96,-0.001,-0.0,0.0,0.0,0.0,0.0,0.0,0.0,-90.001,-70.0,0.003,-89.964,0.0,-0.0,-90.001,-69.962,0.003,-89.96199999999999,-0.0005,0.0,0.0,-8.907094668603229,0.0,-0.4687944562428888,0.11719861406057897,0.0,0.0,-0.0379999999999967,0.0,-0.001999999999995339,0.0005,0.0,-0.0481943,1.9690814,-0.0206547,-0.0963886,-0.0206547,0.0137698,-0.006467155067074,-0.006259096459017999,-0.008634432234324,0.002518009768062,-0.00034493284494,0.001431471306501,0.07611175993234578,1.7992039997807296,0.3101450001850026,0.0927399996726308,0.0
pd,00:04:09.783,300,-90.001,-69.849,0.003,-89.96,-0.001,-0.0,0.0,32.78507556018884,0.0,0.0,0.0,0.0,-90.001,-70.0,0.003,-89.964,0.0,-0.0,-90.001,-73.20300755601889,0.003,-89.96199999999999,-0.0005,0.0,0.0,-733.0759410234612,0.0,-0.43713434080303554,0.10928358520062532,0.0,0.0,-3.3540075560188853,0.0,-0.001999999999995339,0.0005,0.0,-0.0481943,1.1910877,0.0413094,0.0206547,0.0413094,-0.0068849,-0.00615506715499,-0.0049934065933439995,-0.008634432234324,0.0033630952381650003,-0.000638125763139,0.00044841269842200006,0.15105628090218198,1.9662400000015623,0.21970100033286144,0.10170299992751097,0.0
pd,00:04:09.786,301,-90.001,-69.849,0.003,-89.96,-0.001,-0.0,0.0,0.0,0.0,0.0,0.0,0.0,-90.001,-70.0,0.003,-89.964,0.0,-0.0,-90.001,-69.9245,0.003,-89.96199999999999,-0.0005,0.0,0.0,-13.848943934225144,0.0,-0.36685944196668646,0.09171486049155952,0.0,0.0,-0.07549999999999102,0.0,-0.001999999999995339,0.0005,0.0,-0.0481943,1.1910877,0.0413094,0.0206547,0.0413094,-0.0068849,-0.00615506715499,-0.0049934065933439995,-0.008634432234324,0.0033630952381650003,-0.000638125763139,0.00044841269842200006,0.15105628090218198,1.9323880001138605,0.2220159999524185,0.09077699996851152,0.0
pd,00:04:09.788,302,-90.001,-69.849,0.003,-89.96,-0.001,-0.0,0.0,0.0,0.0,0.0,0.0,0.0,-90.001,-70.0,0.003,-89.964,0.0,-0.0,-90.001,-69.9245,0.003,-89.96199999999999,-0.0005,0.0,0.0,-16.148391228964414,0.0,-0.42777195308568344,0.10694298827129016,0.0,0.0,-0.07549999999999102,0.0,-0.001999999999995339,0.0005,0.0,-0.0481943,1.1910877,0.0413094,0.0206547,0.0413094,-0.0068849,-0.00615506715499,-0.0049934065933439995,-0.008634432234324,0.0033630952381650003,-0.000638125763139,0.00044841269842200006,0.15105628090218198,1.7934080001396069,0.153443000272091,0.06514699998660944,0.0
pd,00:04:09.790,303,-90.001,-69.849,0.003,-89.96,-0.001,-0.0,0.0,0.0,0.0,0.0,0.0,0.0,-90.001,-70.0,0.003,-89.964,0.0,-0.0,-90.001,-69.9245,0.003,-89.96199999999999,-0.0005,0.0,0.0,-18.120276493476318,0.0,-0.48000732433109705,0.1200018310826276,0.0,0.0,-0.07549999999999102,0.0,-0.001999999999995339,0.0005,0.0,-0.0481943,1.1910877,0.0413094,0.0206547,0.0413094,-0.0068849,-0.00615506715499,-0.0049934065933439995,-0.008634432234324,0.0033630952381650003,-0.000638125763139,0.00044841269842200006,0.15105628090218198,1.8138899999939895,0.24220100021921098,0.1586650000717782,0.0
pd,00:04:09.793,304,-90.001,-69.849,0.003,-89.96,-0.001,-0.0,0.0,0.0,0.0,0.0,0.0,0.0,-90.001,-70.0,0.003,-89.964,0.0,-0.0,-90.001,-69.9245,0.003,-89.96199999999999,-0.0005,0.0,0.0,-16.21952222905102,0.0,-0.4296562179886423,0.1074140544970293,0.0,0.0,-0.07549999999999102,0.0,-0.001999999999995339,0.0005,0.0,-0.0481943,1.1910877,0.0413094,0.0206547,0.0413094,-0.0068849,-0.00615506715499,-0.0049934065933439995,-0.008634432234324,0.0033630952381650003,-0.000638125763139,0.00044841269842200006,0.15105628090218198,2.7189729999008705,0.2735899997787783,0.1260909998563875,0.0
pd,00:04:09.796,305,-90.001,-69.849,0.003,-89.96,-0.001,-0.0,0.0,0.0,0.0,0.0,0.0,0.0,-90.001,-70.0,0.003,-89.964,0.0,-0.0,-90.001,-69.9245,0.003,-89.96199999999999,-0.0005,0.0,0.0,-11.669735849056314,0.0,-0.30913207547207594,0.07728301886792453,0.0,0.0,-0.07549999999999102,0.0,-0.001999999999995339,0.0005,0.0,-0.0481943,1.1910877,0.0413094,0.0206547,0.0413094,-0.0068849,-0.00615506715499,-0.0049934065933439995,-0.008634432234324,0.0033630952381650003,-0.000638125763139,0.00044841269842200006,0.15105628090218198,2.624862999709876,0.5292729997563583,0.1137579997703142,0.0
pd,00:04:09.799,306,-90.001,-69.849,0.003,-89.96,-0.001,-0.0,0.0,0.0,0.0,0.0,0.0,0.0,-90.001,-70.0,0.003,-89.964,0.0,-0.0,-90.001,-69.9245,0.003,-89.96199999999999,-0.0005,0.0,0.0,-11.21352521246431,0.0,-0.2970470254961137,0.07426175637393768,0.0,0.0,-0.07549999999999102,0.0,-0.001999999999995339,0.0005,0.0,-0.0481943,1.1910877,0.0413094,0.0206547,0.0413094,-0.0068849,-0.00615506715499,-0.0049934065933439995,-0.008634432234324,0.0033630952381650003,-0.000638125763139,0.00044841269842200006,0.15105628090218198,1.7775189999156282,0.24981300020954222,0.09551800030749291,0.0
pd,00:04:09.802,307,-90.001,-69.805,0.003,-89.96,-0.001,-0.0,0.0,19.90179833926314,0.0,0.0,0.0,0.0,-90.001,-70.0,0.003,-89.964,0.0,-0.0,-90.001,-71.89267983392632,0.003,-89.96199999999999,-0.0005,0.0,0.0,-472.1429892244398,0.0,-0.4523135986202012,0.1130783996549121,0.0,0.0,-2.087679833926316,0.0,-0.001999999999995339,0.0005,0.0,-0.0413094,0.4199789,-0.0275396,0.0137698,0.0619641,0.0137698,-0.005357509157441999,-0.009119902319787999,-0.009223931623816,0.0028801892552490003,-0.000672619047633,0.001431471306501,0.19504358487270831,2.801102000375977,0.2730149999479181,0.11340600030962378,0.0
pd,00:04:09.805,308,-90.001,-69.805,0.003,-89.96,-0.001,-0.0,0.0,0.0,0.0,0.0,0.0,0.0,-90.001,-70.0,0.003,-89.964,0.0,-0.0,-90.001,-69.9025,0.003,-89.96199999999999,-0.0005,0.0,0.0,-14.793251338445438,0.0,-0.3034513095069546,0.07586282737664593,0.0,0.0,-0.09749999999999659,0.0,-0.001999999999995339,0.0005,0.0,-0.0413094,0.4199789,-0.0275396,0.0137698,0.0619641,0.0137698,-0.005357509157441999,-0.009119902319787999,-0.009223931623816,0.0028801892552490003,-0.000672619047633,0.001431471306501,0.19504358487270831,2.5822339998740063,0.45419999969453784,0.12799899968740647,0.0
pd,00:04:09.808,309,-90.001,-69.805,0.003,-89.96,-0.001,-0.0,0.0,0.0,0.0,0.0,0.0,0.0,-90.001,-70.0,0.003,-89.964,0.0,-0.0,-90.001,-69.9025,0.003,-89.96199999999999,-0.0005,0.0,0.0,-14.866389413988138,0.0,-0.30495157772321696,0.07623789443071106,0.0,0.0,-0.09749999999999659,0.0,-0.001999999999995339,0.0005,0.0,-0.0413094,0.4199789,-0.0275396,0.0137698,0.0619641,0.0137698,-0.005357509157441999,-0.009119902319787999,-0.009223931623816,0.0028801892552490003,-0.000672619047633,0.001431471306501,0.19504358487270831,2.0808320000469394,0.23660799979552394,0.11394399962227908,0.0
pd,00:04:09.811,310,-90.001,-69.805,0.003,-89.96,-0.001,-0.0,0.0,0.0,0.0,0.0,0.0,0.0,-90.001,-70.0,0.003,-89.964,0.0,-0.0,-90.001,-69.9025,0.003,-89.96199999999999,-0.0005,0.0,0.0,-19.109562616821762,0.0,-0.39199102803786223,0.09799775700934579,0.0,0.0,-0.09749999999999659,0.0,-0.001999999999995339,0.0005,0.0,-0.0413094,0.4199789,-0.0275396,0.0137698,0.0619641,0.0137698,-0.005357509157441999,-0.009119902319787999,-0.009223931623816,0.0028801892552490003,-0.000672619047633,0.001431471306501,0.19504358487270831,1.9071850001637358,0.6567519999407523,0.12783200008925633,0.0
pd,00:04:09.814,311,-90.001,-69.805,0.003,-89.96,-0.001,-0.0,0.0,0.0,0.0,0.0,0.0,0.0,-90.001,-70.0,0.003,-89.964,0.0,-0.0,-90.001,-69.9025,0.003,-89.96199999999999,-0.0005,0.0,0.0,-15.316278651684858,0.0,-0.314180074906751,0.07854501872659177,0.0,0.0,-0.09749999999999659,0.0,-0.001999999999995339,0.0005,0.0,-0.0413094,0.4199789,-0.0275396,0.0137698,0.0619641,0.0137698,-0.005357509157441999,-0.009119902319787999,-0.009223931623816,0.0028801892552490003,-0.000672619047633,0.001431471306501,0.19504358487270831,2.3182550003184588,0.27095999985249364,0.20990500024709036,0.0
pd,00:04:09.817,312,-90.001,-69.805,0.003,-89.96,-0.001,-0.0,0.0,0.0,0.0,0.0,0.0,0.0,-90.001,-70.0,0.003,-89.964,0.0,-0.0,-90.001,-69.9025,0.003,-89.96199999999999,-0.0005,0.0,0.0,-16.67936373276718,0.0,-0.3421407945187312,0.08553519862957827,0.0,0.0,-0.09749999999999659,0.0,-0.001999999999995339,0.0005,0.0,-0.0413094,0.4199789,-0.0275396,0.0137698,0.0619641,0.0137698,-0.005357509157441999,-0.009119902319787999,-0.009223931623816,0.0028801892552490003,-0.000672619047633,0.001431471306501,0.19504358487270831,1.9302960004097258,0.23338600021816092,0.11018399982276605,0.0
pd,00:04:09.819,313,-90.001,-69.805,0.003,-89.96,-0.001,-0.0,0.0,0.0,0.0,0.0,0.0,0.0,-90.001,-70.0,0.003,-89.964,0.0,-0.0,-90.001,-69.9025,0.003,-89.96199999999999,-0.0005,0.0,0.0,-20.494369048811553,0.0,-0.4203973138223039,0.10509932845544753,0.0,0.0,-0.09749999999999659,0.0,-0.001999999999995339,0.0005,0.0,-0.0413094,0.4199789,-0.0275396,0.0137698,0.0619641,0.0137698,-0.005357509157441999,-0.009119902319787999,-0.009223931623816,0.0028801892552490003,-0.000672619047633,0.001431471306501,0.19504358487270831,1.9942210001318017,0.26285000012649107,0.5256800000097428,0.0
pd,00:04:09.822,314,-90.001,-69.783,0.003,-89.961,-0.001,-0.0,0.0,7.4134078894531505,0.0,-0.3369730858857578,0.0,0.0,-90.001,-70.0,0.003,-89.964,0.0,-0.0,-90.001,-70.63284078894532,0.003,-89.92880269141142,-0.0005,0.0,0.0,-143.1867365805611,0.0,5.4248132161282845,0.0842432714710372,0.0,0.0,-0.8498407889453148,0.0,0.03219730858857872,0.0005,0.0,-0.0550792,0.0413094,-0.0413094,-0.0275396,-0.0068849,0.0206547,-0.0060683760683,-0.01534432234413,-0.009223931623816,0.0026387362637910004,-0.000569139194151,0.0017419108669470002,0.2170230402514891,2.6844180001717177,0.27388599983169115,0.14235000026019407,0.0
pd,00:04:09.825,315,-90.001,-69.783,0.003,-89.961,-0.001,-0.0,0.0,0.0,0.0,0.0,0.0,0.0,-90.001,-70.0,0.003,-89.964,0.0,-0.0,-90.001,-69.89150000000001,0.003,-89.9625,-0.0005,0.0,0.0,-16.842412435233065,0.0,-0.23284441154701105,0.07761480384900074,0.0,0.0,-0.10850000000000648,0.0,-0.0015000000000071623,0.0005,0.0,-0.0550792,0.0413094,-0.0413094,-0.0275396,-0.0068849,0.0206547,-0.0060683760683,-0.01534432234413,-0.009223931623816,0.0026387362637910004,-0.000569139194151,0.0017419108669470002,0.2170230402514891,2.330087999780517,0.3077010001106828,0.6524200002786529,0.0
pd,00:04:09.829,316,-90.001,-69.783,0.003,-89.961,-0.001,-0.0,0.0,0.0,0.0,0.0,0.0,0.0,-90.001,-70.0,0.003,-89.964,0.0,-0.0,-90.001,-69.89150000000001,0.003,-89.9625,-0.0005,0.0,0.0,-15.963307983723775,0.0,-0.22069089378420928,0.07356363126140031,0.0,0.0,-0.10850000000000648,0.0,-0.0015000000000071623,0.0005,0.0,-0.0550792,0.0413094,-0.0413094,-0.0275396,-0.0068849,0.0206547,-0.0060683760683,-0.01534432234413,-0.009223931623816,0.0026387362637910004,-0.000569139194151,0.0017419108669470002,0.2170230402514891,2.0451089999369287,0.2621640001052583,0.1258699999198143,0.0
pd,00:04:09.831,317,-90.001,-69.783,0.003,-89.961,-0.001,-0.0,0.0,0.0,0.0,0.0,0.0,0.0,-90.001,-70.0,0.003,-89.964,0.0,-0.0,-90.001,-69.89150000000001,0.003,-89.9625,-0.0005,0.0,0.0,-21.345308818011134,0.0,-0.2950964352720562,0.09836547842401501,0.0,0.0,-0.10850000000000648,0.0,-0.0015000000000071623,0.0005,0.0,-0.0550792,0.0413094,-0.0413094,-0.0275396,-0.0068849,0.0206547,-0.0060683760683,-0.01534432234413,-0.009223931623816,0.0026387362637910004,-0.000569139194151,0.0017419108669470002,0.2170230402514891,2.556493000156479,0.22538600023835897,0.10588799977995222,0.0
pd,00:04:09.834,318,-90.001,-69.783,0.003,-89.961,-0.001,-0.0,0.0,0.0,0.0,0.0,0.0,0.0,-90.001,-70.0,0.003,-89.964,0.0,-0.0,-90.001,-69.89150000000001,0.003,-89.9625,-0.0005,0.0,0.0,-18.197456174024207,0.0,-0.2515777351247696,0.08385924504158669,0.0,0.0,-0.10850000000000648,0.0,-0.0015000000000071623,0.0005,0.0,-0.0550792,0.0413094,-0.0413094,-0.0275396,-0.0068849,0.0206547,-0.0060683760683,-0.01534432234413,-0.009223931623816,0.0026387362637910004,-0.000569139194151,0.0017419108669470002,0.2170230402514891,1.6977790000964887,0.14701700001751306,0.061611000091943424,0.0
pd,00:04:09.836,319,-90.001,-69.783,0.003,-89.961,-0.001,-0.0,0.0,0.0,0.0,0.0,0.0,0.0,-90.001,-70.0,0.003,-89.964,0.0,-0.0,-90.001,-69.89150000000001,0.003,-89.9625,-0.0005,0.0,0.0,-27.50737330754336,0.0,-0.38028626692457923,0.12676208897485494,0.0,0.0,-0.10850000000000648,0.0,-0.0015000000000071623,0.0005,0.0,-0.0550792,0.0413094,-0.0413094,-0.0275396,-0.0068849,0.0206547,-0.0060683760683,-0.01534432234413,-0.009223931623816,0.0026387362637910004,-0.000569139194151,0.0017419108669470002,0.2170230402514891,1.7250380001314625,0.13831300020683557,0.06040699963705265,0.0
pd,00:04:09.838,320,-90.001,-69.783,0.003,-89.961,-0.001,-0.0,0.0,0.0,0.0,0.0,0.0,0.0,-90.001,-70.0,0.003,-89.964,0.0,-0.0,-90.001,-69.89150000000001,0.003,-89.9625,-0.0005,0.0,0.0,-27.30928852616403,0.0,-0.37754776764283715,0.12584925588094095,0.0,0.0,-0.10850000000000648,0.0,-0.0015000000000071623,0.0005,0.0,-0.0550792,0.0413094,-0.0413094,-0.0275396,-0.0068849,0.0206547,-0.0060683760683,-0.01534432234413,-0.009223931623816,0.0026387362637910004,-0.000569139194151,0.0017419108669470002,0.2170230402514891,2.172385999983817,0.2816080000229704,0.12088800031051505,0.0
pd,00:04:09.841,321,-90.001,-69.783,0.003,-89.961,-0.001,-0.0,0.0,0.0,0.0,0.0,0.0,0.0,-90.001,-70.0,0.003,-89.964,0.0,-0.0,-90.001,-69.89150000000001,0.003,-89.9625,-0.0005,0.0,0.0,-17.896884694037965,0.0,-0.24742236904201031,0.08247412301400031,0.0,0.0,-0.10850000000000648,0.0,-0.0015000000000071623,0.0005,0.0,-0.0550792,0.0413094,-0.0413094,-0.0275396,-0.0068849,0.0206547,-0.0060683760683,-0.01534432234413,-0.009223931623816,0.0026387362637910004,-0.000569139194151,0.0017419108669470002,0.2170230402514891,2.2114230000624957,0.2834229999280069,0.12436899987733341,0.0
pd,00:04:09.844,322,-90.001,-69.773,0.003,-89.961,-0.001,-0.0,0.0,3.6418372840167974,0.0,0.0,0.0,0.0,-90.001,-70.0,0.003,-89.964,0.0,-0.0,-90.001,-70.25068372840168,0.003,-89.9625,-0.0005,0.0,0.0,-86.98232060302541,0.0,-0.27313779630113044,0.09104593210037336,0.0,0.0,-0.4776837284016864,0.0,-0.0015000000000071623,0.0005,0.0,-0.0068849,-0.0619641,-0.0206547,-0.0068849,-0.0,0.0137698,-0.006467155067074,-0.022383638583357998,-0.009223931623816,0.0028112026862610003,-0.000655372405386,0.001121031746055,0.2270220253631831,1.9006479997187853,0.5265129998406337,0.12124000022595283,0.0
pd,00:04:09.847,323,-90.001,-69.773,0.003,-89.961,-0.001,-0.0,0.0,0.0,0.0,0.0,0.0,0.0,-90.001,-70.0,0.003,-89.964,0.0,-0.0,-90.001,-69.8865,0.003,-89.9625,-0.0005,0.0,0.0,-21.498080924855856,0.0,-0.28411560693642696,0.09470520231213873,0.0,0.0,-0.11350000000000193,0.0,-0.0015000000000071623,0.0005,0.0,-0.0068849,-0.0619641,-0.0206547,-0.0068849,-0.0,0.0137698,-0.006467155067074,-0.022383638583357998,-0.009223931623816,0.0028112026862610003,-0.000655372405386,0.001121031746055,0.2270220253631831,2.010888000313571,0.2620719997139531,0.15803499991307035,0.0
pd,00:04:09.849,324,-90.001,-69.773,0.003,-89.961,-0.001,-0.0,0.0,0.0,0.0,0.0,0.0,0.0,-90.001,-70.0,0.003,-89.964,0.0,-0.0,-90.001,-69.8865,0.003,-89.9625,-0.0005,0.0,0.0,-22.1399639103343,0.0,-0.292598641986803,0.09753288066226398,0.0,0.0,-0.11350000000000193,0.0,-0.0015000000000071623,0.0005,0.0,-0.0068849,-0.0619641,-0.0206547,-0.0068849,-0.0,0.0137698,-0.006467155067074,-0.022383638583357998,-0.009223931623816,0.0028112026862610003,-0.000655372405386,0.001121031746055,0.2270220253631831,2.0530540000436304,1.540928999929747,0.15247999999701278,0.0
pd,00:04:09.853,325,-90.001,-69.773,0.003,-89.961,-0.001,-0.0,0.0,0.0,0.0,0.0,0.0,0.0,-90.001,-70.0,0.003,-89.964,0.0,-0.0,-90.001,-69.8865,0.003,-89.9625,-0.0005,0.0,0.0,-14.55821113149872,0.0,-0.19239926605505317,0.06413308868501529,0.0,0.0,-0.11350000000000193,0.0,-0.0015000000000071623,0.0005,0.0,-0.0068849,-0.0619641,-0.0206547,-0.0068849,-0.0,0.0137698,-0.006467155067074,-0.022383638583357998,-0.009223931623816,0.0028112026862610003,-0.000655372405386,0.001121031746055,0.2270220253631831,3.1368019999717944,0.28344100019239704,0.1459430000068096,0.0
pd,00:04:09.857,326,-90.001,-69.773,0.003,-89.961,-0.001,-0.0,0.0,0.0,0.0,0.0,0.0,0.0,-90.001,-70.0,0.003,-89.964,0.0,-0.0,-90.001,-69.8865,0.003,-89.9625,-0.0005,0.0,0.0,-15.051647401037313,0.0,-0.19892045023397745,0.06630681674465663,0.0,0.0,-0.11350000000000193,0.0,-0.0015000000000071623,0.0005,0.0,-0.0068849,-0.0619641,-0.0206547,-0.0068849,-0.0,0.0137698,-0.006467155067074,-0.022383638583357998,-0.009223931623816,0.0028112026862610003,-0.000655372405386,0.001121031746055,0.2270220253631831,2.3600319996148755,0.2665900001375121,0.1318130002800899,0.0
pd,00:04:09.860,327,-90.001,-69.773,0.003,-89.961,-0.001,-0.0,0.0,0.0,0.0,0.0,0.0,0.0,-90.001,-70.0,0.003,-89.964,0.0,-0.0,-90.001,-69.8865,0.003,-89.9625,-0.0005,0.0,0.0,-19.69930911197584,0.0,-0.260343292228761,0.08678109740958372,0.0,0.0,-0.11350000000000193,0.0,-0.0015000000000071623,0.0005,0.0,-0.0068849,-0.0619641,-0.0206547,-0.06884900000000001,0.0068849,0.0206547,-0.006467155067074,-0.022383638583357998,-0.009223931623816,0.002483516483568,-0.00022420634921100003,0.0018798840049230002,0.2270220253631831,4.126755000015692,0.2983490003316547,0.148258000081114,0.0
pd,00:04:09.864,328,-90.001,-69.772,0.003,-89.961,-0.001,-0.0,0.0,0.2128548084222493,0.0,0.0,0.0,0.0,-90.001,-70.0,0.003,-89.964,0.0,-0.0,-90.001,-69.90728548084223,0.003,-89.9625,-0.0005,0.0,0.0,-14.398082553627397,0.0,-0.1596411063181994,0.05321370210606445,0.0,0.0,-0.1352854808422279,0.0,-0.0015000000000071623,0.0005,0.0,0.0068849,-0.0619641,0.0275396,-0.06884900000000001,0.0068849,0.0206547,-0.006276434676356,-0.034104273503846,-0.008634432234324,0.002483516483568,-0.00022420634921100003,0.0018798840049230002,0.2280219287700143,3.9666829998168396,0.43525499995666905,0.15025799984869082,0.0
pd,00:04:09.869,329,-90.001,-69.772,0.003,-89.961,-0.001,-0.0,0.0,0.0,0.0,0.0,0.0,0.0,-90.001,-70.0,0.003,-89.964,0.0,-0.0,-90.001,-69.886,0.003,-89.9625,-0.0005,0.0,0.0,-11.98252445870059,0.0,-0.1576647955092281,0.05255493183640738,0.0,0.0,-0.11399999999999011,0.0,-0.0015000000000071623,0.0005,0.0,0.0068849,-0.0619641,0.0275396,-0.06884900000000001,0.0068849,0.0206547,-0.006276434676356,-0.034104273503846,-0.008634432234324,0.002483516483568,-0.00022420634921100003,0.0018798840049230002,0.2280219287700143,3.110080000169546,0.30495999999402557,0.21303499988789554,0.0
pd,00:04:09.873,330,-90.001,-69.772,0.003,-89.961,-0.001,-0.0,0.0,0.0,0.0,0.0,0.0,0.0,-90.001,-70.0,0.003,-89.964,0.0,-0.0,-90.001,-69.886,0.003,-89.9625,-0.0005,0.0,0.0,-15.159173673197271,0.0,-0.19946281148945022,0.06648760382981422,0.0,0.0,-0.11399999999999011,0.0,-0.0015000000000071623,0.0005,0.0,0.0068849,-0.0619641,0.0275396,-0.06884900000000001,0.0068849,0.0206547,-0.006276434676356,-0.034104273503846,-0.008634432234324,0.002483516483568,-0.00022420634921100003,0.0018798840049230002,0.2280219287700143,4.346197999893775,0.28057200006514904,0.138202000016463,0.0
pd,00:04:09.879,331,-90.001,-69.772,0.003,-89.961,-0.001,-0.0,0.0,0.0,0.0,0.0,0.0,0.0,-90.001,-70.0,0.003,-89.964,0.0,-0.0,-90.001,-69.886,0.003,-89.9625,-0.0005,0.0,0.0,-9.832017108076746,0.0,-0.1293686461589126,0.04312288205296924,0.0,0.0,-0.11399999999999011,0.0,-0.0015000000000071623,0.0005,0.0,0.0068849,-0.0619641,0.0275396,-0.06884900000000001,0.0068849,0.0206547,-0.006276434676356,-0.034104273503846,-0.008634432234324,0.002483516483568,-0.00022420634921100003,0.0018798840049230002,0.2280219287700143,4.305864999878395,0.26788700006363797,0.6815850001657964,0.0
pd,00:04:09.884,332,-90.001,-69.773,0.003,-89.961,-0.001,-0.0,0.0,-0.18484438764093353,0.0,0.0,0.0,0.0,-90.001,-70.0,0.003,-89.964,0.0,-0.0,-90.001,-69.86801556123591,0.003,-89.9625,-0.0005,0.0,0.0,-8.781546616588434,0.0,-0.13863329073201353,0.04621109691066943,0.0,0.0,-0.09501556123591115,0.0,-0.0015000000000071623,0.0005,0.0,0.0413094,-0.13769800000000001,-0.034424500000000004,-0.0137698,0.0481943,0.0275396,-0.00641514041506,-0.04455921855866,-0.009431990231872,0.00310439560446,0.000310439560446,0.002104090354134,0.2270220253631831,2.1317760001693387,0.4403289999572735,0.24562699991292902,0.0
pd,00:04:09.887,333,-90.001,-69.773,0.003,-89.961,-0.001,-0.0,0.0,0.0,0.0,0.0,0.0,0.0,-90.001,-70.0,0.003,-89.964,0.0,-0.0,-90.001,-69.8865,0.003,-89.9625,-0.0005,0.0,0.0,-18.398914122285234,0.0,-0.24315745536060285,0.08105248512019789,0.0,0.0,-0.11350000000000193,0.0,-0.0015000000000071623,0.0005,0.0,0.0413094,-0.13769800000000001,-0.034424500000000004,-0.0137698,0.0481943,0.0275396,-0.00641514041506,-0.04455921855866,-0.009431990231872,0.00310439560446,0.000310439560446,0.002104090354134,0.2270220253631831,2.394347000063135,0.36525500036077574,0.12864600012107985,0.0
pd,00:04:09.890,334,-90.001,-69.773,0.003,-89.961,-0.001,-0.0,0.0,0.0,0.0,0.0,0.0,0.0,-90.001,-70.0,0.003,-89.964,0.0,-0.0,-90.001,-69.8865,0.003,-89.9625,-0.0005,0.0,0.0,-18.342201741543043,0.0,-0.2424079525314109,0.08080265084380057,0.0,0.0,-0.11350000000000193,0.0,-0.0015000000000071623,0.0005,0.0,0.0413094,-0.13769800000000001,-0.034424500000000004,-0.0137698,0.0481943,0.0275396,-0.00641514041506,-0.04455921855866,-0.009431990231872,0.00310439560446,0.000310439560446,0.002104090354134,0.2270220253631831,1.750020000145014,0.1995910001824086,0.08211000022129156,0.0
pd,00:04:09.892,335,-90.001,-69.773,0.003,-89.961,-0.001,-0.0,0.0,0.0,0.0,0.0,0.0,0.0,-90.001,-70.0,0.003,-89.964,0.0,-0.0,-90.001,-69.8865,0.003,-89.9625,-0.0005,0.0,0.0,-26.868354441811046,0.0,-0.3550883846935455,0.118362794897844,0.0,0.0,-0.11350000000000193,0.0,-0.0015000000000071623,0.0005,0.0,0.0413094,-0.13769800000000001,-0.034424500000000004,-0.0137698,0.0481943,0.0275396,-0.00641514041506,-0.04455921855866,-0.009431990231872,0.00310439560446,0.000310439560446,0.002104090354134,0.2270220253631831,1.8710559997998644,0.1909050001813739,0.08266500026365975,0.0
pd,00:04:09.895,336,-90.001,-69.773,0.003,-89.961,-0.001,-0.0,0.0,0.0,0.0,0.0,0.0,0.0,-90.001,-70.0,0.003,-89.964,0.0,-0.0,-90.001,-69.8865,0.003,-89.9625,-0.0005,0.0,0.0,-25.503777134898108,0.0,-0.3370543233687045,0.11235144112289724,0.0,0.0,-0.11350000000000193,0.0,-0.0015000000000071623,0.0005,0.0,0.0413094,-0.13769800000000001,-0.034424500000000004,-0.0137698,0.0481943,0.0275396,-0.00641514041506,-0.04455921855866,-0.009431990231872,0.00310439560446,0.000310439560446,0.002104090354134,0.2270220253631831,2.641493000282935,0.23468300014428678,0.12481399971875362,0.0
pd,00:04:09.898,337,-90.001,-69.773,0.003,-89.961,-0.001,-0.0,0.0,0.0,0.0,0.0,0.0,0.0,-90.001,-70.0,0.003,-89.964,0.0,-0.0,-90.001,-69.8865,0.003,-89.9625,-0.0005,0.0,0.0,-18.280220566777057,0.0,-0.24158881806313795,0.08052960602104293,0.0,0.0,-0.11350000000000193,0.0,-0.0015000000000071623,0.0005,0.0,0.0413094,-0.13769800000000001,-0.034424500000000004,-0.0137698,0.0481943,0.0275396,-0.00641514041506,-0.04455921855866,-0.009431990231872,0.00310439560446,0.000310439560446,0.002104090354134,0.2270220253631831,1.997424999899522,0.22157199964567553,0.10516500015000929,0.0
pd,00:04:09.900,338,-90.001,-69.773,0.003,-89.961,-0.001,-0.0,0.0,0.0,0.0,0.0,0.0,0.0,-90.001,-70.0,0.003,-89.964,0.0,-0.0,-90.001,-69.8865,0.003,-89.9625,-0.0005,0.0,0.0,-23.487936846260514,0.0,-0.31041326228538774,0.10347108742845866,0.0,0.0,-0.11350000000000193,0.0,-0.0015000000000071623,0.0005,0.0,0.0413094,-0.13769800000000001,-0.034424500000000004,-0.0137698,0.0481943,0.0275396,-0.00641514041506,-0.04455921855866,-0.009431990231872,0.00310439560446,0.000310439560446,0.002104090354134,0.2270220253631831,2.2677560000374797,0.21836800033270265,0.10575899977993686,0.0
pd,00:04:09.903,339,-90.001,-69.775,0.003,-89.962,-0.001,-0.0,0.0,-0.7435390888175903,0.0,-0.37176954440879517,0.0,0.0,-90.001,-70.0,0.003,-89.964,0.0,-0.0,-90.001,-69.81314609111824,0.003,-89.92582304555913,-0.0005,0.0,0.0,-7.09077745796803,0.0,6.724744935260083,0.09294238610175501,0.0,0.0,-0.03814609111823586,0.0,0.036176954440875875,0.0005,0.0,0.0137698,-0.0895037,0.0068849,0.034424500000000004,-0.0,-0.0137698,-0.00641514041506,-0.049309890109271996,-0.009484004883886,0.0033458485959180005,-0.000638125763139,0.002017857142899,0.22501111083677053,4.212995999751001,0.273534999905678,0.13829499994244543,0.0
pd,00:04:09.908,340,-90.001,-69.775,0.003,-89.962,-0.001,-0.0,0.0,0.0,0.0,0.0,0.0,0.0,-90.001,-70.0,0.003,-89.964,0.0,-0.0,-90.001,-69.8875,0.003,-89.963,-0.0005,0.0,0.0,-11.868283112832337,0.0,-0.1054958498915998,0.052747924945922835,0.0,0.0,-0.11249999999999716,0.0,-0.000999999999990564,0.0005,0.0,0.0137698,-0.0895037,0.0068849,0.034424500000000004,-0.0,-0.0137698,-0.00641514041506,-0.049309890109271996,-0.009484004883886,0.0033458485959180005,-0.000638125763139,0.002017857142899,0.22501111083677053,1.7851680004241643,0.16801700030555367,0.07107400006134412,0.0
pd,00:04:09.910,341,-90.001,-69.775,0.003,-89.962,-0.001,-0.0,0.0,0.0,0.0,0.0,0.0,0.0,-90.001,-70.0,0.003,-89.964,0.0,-0.0,-90.001,-69.8875,0.003,-89.963,-0.0005,0.0,0.0,-22.848111563044164,0.0,-0.20309432500436883,0.10154716250242107,0.0,0.0,-0.11249999999999716,0.0,-0.000999999999990564,0.0005,0.0,0.0137698,-0.0895037,0.0068849,0.034424500000000004,-0.0,-0.0137698,-0.00641514041506,-0.049309890109271996,-0.009484004883886,0.0033458485959180005,-0.000638125763139,0.002017857142899,0.22501111083677053,1.842075000240584,0.21170099989831215,0.0803319999249652,0.0
pd,00:04:09.912,342,-90.001,-69.775,0.003,-89.962,-0.001,-0.0,0.0,0.0,0.0,0.0,0.0,0.0,-90.001,-70.0,0.003,-89.964,0.0,-0.0,-90.001,-69.8875,0.003,-89.963,-0.0005,0.0,0.0,-25.257424258644047,0.0,-0.2245104378540962,0.11225521892730972,0.0,0.0,-0.11249999999999716,0.0,-0.000999999999990564,0.0005,0.0,0.0137698,-0.0895037,0.0068849,0.034424500000000004,-0.0,-0.0137698,-0.00641514041506,-0.049309890109271996,-0.009484004883886,0.0033458485959180005,-0.000638125763139,0.002017857142899,0.22501111083677053,1.9217409999328083,0.19105299998045666,0.08270299986179452,0.0
pd,00:04:09.915,343,-90.001,-69.775,0.003,-89.962,-0.001,-0.0,0.0,0.0,0.0,0.0,0.0,0.0,-90.001,-70.0,0.003,-89.964,0.0,-0.0,-90.001,-69.8875,0.003,-89.963,-0.0005,0.0,0.0,-24.702083551459957,0.0,-0.2195740760124712,0.10978703800649146,0.0,0.0,-0.11249999999999716,0.0,-0.000999999999990564,0.0005,0.0,0.0137698,-0.0895037,0.0068849,0.034424500000000004,-0.0,-0.0137698,-0.00641514041506,-0.049309890109271996,-0.009484004883886,0.0033458485959180005,-0.000638125763139,0.002017857142899,0.22501111083677053,2.1353299998736475,0.24616499968033168,0.1162399998975161,0.0
pd,00:04:09.917,344,-90.001,-69.775,0.003,-89.962,-0.001,-0.0,0.0,0.0,0.0,0.0,0.0,0.0,-90.001,-70.0,0.003,-89.964,0.0,-0.0,-90.001,-69.8875,0.003,-89.963,-0.0005,0.0,0.0,-21.625077910173605,0.0,-0.1922229147566556,0.09611145737855178,0.0,0.0,-0.11249999999999716,0.0,-0.000999999999990564,0.0005,0.0,0.0137698,-0.0895037,0.0068849,0.034424500000000004,-0.0,-0.0137698,-0.00641514041506,-0.049309890109271996,-0.009484004883886,0.0033458485959180005,-0.000638125763139,0.002017857142899,0.22501111083677053,2.0358130000204255,0.22873899979458656,0.11085100004493142,0.0
pd,00:04:09.920,345,-90.001,-69.775,0.003,-89.962,-0.001,-0.0,0.0,0.0,0.0,0.0,0.0,0.0,-90.001,-70.0,0.003,-89.964,0.0,-0.0,-90.001,-69.8875,0.003,-89.963,-0.0005,0.0,0.0,-22.748973098061327,0.0,-0.20221309420452344,0.10110654710249735,0.0,0.0,-0.11249999999999716,0.0,-0.000999999999990564,0.0005,0.0,0.0137698,-0.0895037,0.0068849,0.034424500000000004,-0.0,-0.0137698,-0.00641514041506,-0.049309890109271996,-0.009484004883886,0.0033458485959180005,-0.000638125763139,0.002017857142899,0.22501111083677053,1.915165999889723,0.163553999755095,0.07231400013552047,0.0
pd,00:04:09.922,346,-90.001,-69.775,0.003,-89.962,-0.001,-0.0,0.0,0.0,0.0,0.0,0.0,0.0,-90.001,-70.0,0.003,-89.964,0.0,-0.0,-90.001,-69.8875,0.003,-89.963,-0.0005,0.0,0.0,-25.28720257234663,0.0,-0.2247751339758963,0.11238756698821008,0.0,0.0,-0.11249999999999716,0.0,-0.000999999999990564,0.0005,0.0,0.0137698,-0.0895037,0.0068849,0.034424500000000004,-0.0,0.034424500000000004,-0.00641514041506,-0.049309890109271996,-0.009484004883886,0.0033458485959180005,-0.000638125763139,0.002035103785146,0.22501111083677053,1.8737039999905392,0.35897799989470514,0.15775799965922488,0.0
pd,00:04:09.925,347,-90.001,-69.778,0.003,-89.962,-0.001,-0.0,0.0,-1.154395596330319,0.0,0.0,0.0,0.0,-90.001,-70.0,0.003,-89.964,0.0,-0.0,-90.001,-69.77356044036696,0.003,-89.963,-0.0005,0.0,0.0,0.8541680150035045,0.0,-0.19239926605459748,0.09619963302752293,0.0,0.0,0.0044395596330417675,0.0,-0.000999999999990564,0.0005,0.0,0.0206547,-0.0963886,0.034424500000000004,-0.0275396,-0.0,0.034424500000000004,-0.005582905982836,-0.055777045176346,-0.009484004883886,0.004001221001304,-0.000638125763139,0.002035103785146,0.22201126097564827,2.1045720000074652,0.2449610001349356,0.10201800023423857,0.0
pd,00:04:09.927,348,-90.001,-69.778,0.003,-89.962,-0.001,-0.0,0.0,0.0,0.0,0.0,0.0,0.0,-90.001,-70.0,0.003,-89.964,0.0,-0.0,-90.001,-69.88900000000001,0.003,-89.963,-0.0005,0.0,0.0,-21.662374092685084,0.0,-0.19515652335707356,0.0975782616787642,0.0,0.0,-0.1110000000000042,0.0,-0.000999999999990564,0.0005,0.0,0.0206547,-0.0963886,0.034424500000000004,-0.0275396,-0.0,0.034424500000000004,-0.005582905982836,-0.055777045176346,-0.009484004883886,0.004001221001304,-0.000638125763139,0.002035103785146,0.22201126097564827,2.2284040001068206,0.21068300020488095,0.0982400001703354,0.0
pd,00:04:09.930,349,-90.001,-69.778,0.003,-89.962,-0.001,-0.0,0.0,0.0,0.0,0.0,0.0,0.0,-90.001,-70.0,0.003,-89.964,0.0,-0.0,-90.001,-69.88900000000001,0.003,-89.963,-0.0005,0.0,0.0,-21.112268456375286,0.0,-0.19020061672366337,0.09510030836205333,0.0,0.0,-0.1110000000000042,0.0,-0.000999999999990564,0.0005,0.0,0.0206547,-0.0963886,0.034424500000000004,-0.0275396,-0.0,0.034424500000000004,-0.005582905982836,-0.055777045176346,-0.009484004883886,0.004001221001304,-0.000638125763139,0.002035103785146,0.22201126097564827,1.7274460001317493,0.14055400015422492,0.05857399992237333,0.0
pd,00:04:09.932,350,-90.001,-69.778,0.003,-89.962,-0.001,-0.0,0.0,0.0,0.0,0.0,0.0,0.0,-90.001,-70.0,0.003,-89.964,0.0,-0.0,-90.001,-69.88900000000001,0.003,-89.963,-0.0005,0.0,0.0,-27.858290090951883,0.0,-0.25097558640439355,0.12548779320248923,0.0,0.0,-0.1110000000000042,0.0,-0.000999999999990564,0.0005,0.0,0.0206547,-0.0963886,0.034424500000000004,-0.0275396,-0.0,0.034424500000000004,-0.005582905982836,-0.055777045176346,-0.009484004883886,0.004001221001304,-0.000638125763139,0.002035103785146,0.22201126097564827,1.8271489998369361,0.18466500023350818,0.08601800027463469,0.0
pd,00:04:09.934,351,-90.001,-69.778,0.003,-89.962,-0.001,-0.0,0.0,0.0,0.0,0.0,0.0,0.0,-90.001,-70.0,0.003,-89.964,0.0,-0.0,-90.001,-69.88900000000001,0.003,-89.963,-0.0005,0.0,0.0,-21.356318532109533,0.0,-0.19239926605459748,0.09619963302752293,0.0,0.0,-0.1110000000000042,0.0,-0.000999999999990564,0.0005,0.0,0.0206547,-0.0963886,0.034424500000000004,-0.0275396,-0.0,0.034424500000000004,-0.005582905982836,-0.055777045176346,-0.009484004883886,0.004001221001304,-0.000638125763139,0.002035103785146,0.22201126097564827,1.8870740000238584,0.21353400006773882,0.07749899987175013,0.0
pd,00:04:09.937,352,-90.001,-69.778,0.003,-89.962,-0.001,-0.0,0.0,0.0,0.0,0.0,0.0,0.0,-90.001,-70.0,0.003,-89.964,0.0,-0.0,-90.001,-69.88900000000001,0.003,-89.963,-0.0005,0.0,0.0,-24.421304238354377,0.0,-0.22001174989457747,0.11000587494754512,0.0,0.0,-0.1110000000000042,0.0,-0.000999999999990564,0.0005,0.0,0.0206547,-0.0963886,0.034424500000000004,-0.0275396,-0.0,0.034424500000000004,-0.005582905982836,-0.055777045176346,-0.009484004883886,0.004001221001304,-0.000638125763139,0.002035103785146,0.22201126097564827,1.744370999858802,0.15127599999686936,0.06253600031413953,0.0
pd,00:04:09.939,353,-90.001,-69.778,0.003,-89.962,-0.001,-0.0,0.0,0.0,0.0,0.0,0.0,0.0,-90.001,-70.0,0.003,-89.964,0.0,-0.0,-90.001,-69.88900000000001,0.003,-89.963,-0.0005,0.0,0.0,-27.396007061315043,0.0,-0.24681087442569288,0.12340543721313404,0.0,0.0,-0.1110000000000042,0.0,-0.000999999999990564,0.0005,0.0,0.0206547,-0.0963886,0.034424500000000004,-0.0275396,-0.0,0.034424500000000004,-0.005582905982836,-0.055777045176346,-0.009484004883886,0.004001221001304,-0.000638125763139,0.002035103785146,0.22201126097564827,1.758575000167184,0.21960899994155625,0.10531299994909205,0.0
pd,00:04:09.941,354,-90.001,-69.778,0.003,-89.962,-0.001,-0.0,0.0,0.0,0.0,0.0,0.0,0.0,-90.001,-70.0,0.003,-89.964,0.0,-0.0,-90.001,-69.88900000000001,0.003,-89.963,-0.0005,0.0,0.0,-24.90999165328988,0.0,-0.22441433921831058,0.1122071696094168,0.0,0.0,-0.1110000000000042,0.0,-0.000999999999990564,0.0005,0.0,0.0206547,-0.0963886,0.034424500000000004,-0.0275396,-0.0,0.034424500000000004,-0.005582905982836,-0.055777045176346,-0.009484004883886,0.004001221001304,-0.000638125763139,0.002035103785146,0.22201126097564827,1.9835170000988,0.27862700017067255,0.13075800006845384,0.0
pd,00:04:09.943,355,-90.001,-69.779,0.003,-89.962,-0.001,-0.0,0.0,-0.3979793149217594,0.0,0.0,0.0,0.0,-90.001,-70.0,0.003,-89.964,0.0,-0.0,-90.001,-69.84970206850782,0.003,-89.963,-0.0005,0.0,0.0,-14.068980394280675,0.0,-0.1989896574622936,0.09949482873137869,0.0,0.0,-0.07070206850782768,0.0,-0.000999999999990564,0.0005,0.0,0.0481943,-0.8881521,0.0068849,-0.0137698,0.034424500000000004,-0.0275396,-0.0058949938949199995,-0.058897924297185995,-0.008946520146408,0.0033458485959180005,-0.000655372405386,0.001293498168525,0.22101131192769657,2.1650530002261803,0.24525700018784846,0.10744400015028077,0.0
pd,00:04:09.946,356,-90.001,-69.779,0.003,-89.962,-0.001,-0.0,0.0,0.0,0.0,0.0,0.0,0.0,-90.001,-70.0,0.003,-89.964,0.0,-0.0,-90.001,-69.8895,0.003,-89.963,-0.0005,0.0,0.0,-21.15531276246155,0.0,-0.1914507942299719,0.09572539711520905,0.0,0.0,-0.11050000000000182,0.0,-0.000999999999990564,0.0005,0.0,0.0481943,-0.8881521,0.0068849,-0.0137698,0.034424500000000004,-0.0275396,-0.0058949938949199995,-0.058897924297185995,-0.008946520146408,0.0033458485959180005,-0.000655372405386,0.001293498168525,0.22101131192769657,1.8258899999636924,0.1688320003268018,0.07377700012511923,0.0
pd,00:04:09.948,357,-90.001,-69.779,0.003,-89.962,-0.001,-0.0,0.0,0.0,0.0,0.0,0.0,0.0,-90.001,-70.0,0.003,-89.964,0.0,-0.0,-90.001,-69.8895,0.003,-89.963,-0.0005,0.0,0.0,-25.779874958282768,0.0,-0.23330203582101597,0.11665101791077985,0.0,0.0,-0.11050000000000182,0.0,-0.000999999999990564,0.0005,0.0,0.0481943,-0.8881521,0.0068849,-0.0137698,0.034424500000000004,-0.0275396,-0.0058949938949199995,-0.058897924297185995,-0.008946520146408,0.0033458485959180005,-0.000655372405386,0.001293498168525,0.22101131192769657,1.7431119999855582,0.14686899976368295,0.10618400028761243,0.0
pd,00:04:09.950,358,-90.001,-69.779,0.003,-89.962,-0.001,-0.0,0.0,0.0,0.0,0.0,0.0,0.0,-90.001,-70.0,0.003,-89.964,0.0,-0.0,-90.001,-69.8895,0.003,-89.963,-0.0005,0.0,0.0,-26.76854522351898,0.0,-0.24224927804032717,0.12112463902044589,0.0,0.0,-0.11050000000000182,0.0,-0.000999999999990564,0.0005,0.0,0.0481943,-0.8881521,0.0068849,-0.0137698,0.034424500000000004,-0.0275396,-0.0058949938949199995,-0.058897924297185995,-0.008946520146408,0.0033458485959180005,-0.000655372405386,0.001293498168525,0.22101131192769657,1.685204999830603,0.13140700002622907,0.05564800039792317,0.0
pd,00:04:09.952,359,-90.001,-69.779,0.003,-89.962,-0.001,-0.0,0.0,0.0,0.0,0.0,0.0,0.0,-90.001,-70.0,0.003,-89.964,0.0,-0.0,-90.001,-69.8895,0.003,-89.963,-0.0005,0.0,0.0,-28.574019235512186,0.0,-0.25858840937054406,0.12929420468557337,0.0,0.0,-0.11050000000000182,0.0,-0.000999999999990564,0.0005,0.0,0.0481943,-0.8881521,0.0068849,-0.0137698,0.034424500000000004,-0.0275396,-0.0058949938949199995,-0.058897924297185995,-0.008946520146408,0.0033458485959180005,-0.000655372405386,0.001293498168525,0.22101131192769657,1.7859079998743255,0.5286800001158554,0.10335099977965001,0.0
pd,00:04:09.955,360,-90.001,-69.779,0.003,-89.962,-0.001,-0.0,0.0,0.0,0.0,0.0,0.0,0.0,-90.001,-70.0,0.003,-89.964,0.0,-0.0,-90.001,-69.8895,0.003,-89.963,-0.0005,0.0,0.0,-22.059523655402554,0.0,-0.19963369823846858,0.09981684911946692,0.0,0.0,-0.11050000000000182,0.0,-0.000999999999990564,0.0005,0.0,0.0481943,-0.8881521,0.0068849,-0.0137698,0.034424500000000004,-0.0275396,-0.0058949938949199995,-0.058897924297185995,-0.008946520146408,0.0033458485959180005,-0.000655372405386,0.001293498168525,0.22101131192769657,1.709797999865259,0.15892400006123353,0.062166000134311616,0.0
pd,00:04:09.957,361,-90.001,-69.779,0.003,-89.962,-0.001,-0.0,0.0,0.0,0.0,0.0,0.0,0.0,-90.001,-70.0,0.003,-89.964,0.0,-0.0,-90.001,-69.8895,0.003,-89.963,-0.0005,0.0,0.0,-22.418041598142963,0.0,-0.20287820450760496,0.10143910225403889,0.0,0.0,-0.11050000000000182,0.0,-0.000999999999990564,0.0005,0.0,0.0481943,-0.8881521,0.0068849,-0.0137698,0.034424500000000004,-0.0275396,-0.0058949938949199995,-0.058897924297185995,-0.008946520146408,0.0033458485959180005,-0.000655372405386,0.001293498168525,0.22101131192769657,1.8624630001795595,0.2156460000151128,0.08057300010477775,0.0
pd,00:04:09.959,362,-90.001,-69.779,0.003,-89.962,-0.001,-0.0,0.0,0.0,0.0,0.0,0.0,0.0,-90.001,-70.0,0.003,-89.964,0.0,-0.0,-90.001,-69.8895,0.003,-89.963,-0.0005,0.0,0.0,-24.558636710470942,0.0,-0.22225010597659098,0.11112505298855448,0.0,0.0,-0.11050000000000182,0.0,-0.000999999999990564,0.0005,0.0,0.0481943,-0.8881521,0.0068849,-0.0137698,0.034424500000000004,-0.0275396,-0.0058949938949199995,-0.058897924297185995,-0.008946520146408,0.0033458485959180005,-0.000655372405386,0.001293498168525,0.22101131192769657,1.7903719999594614,0.28814500001317356,0.12288800007809186,0.0
pd,00:04:09.962,363,-90.001,-69.779,0.003,-89.962,-0.001,-0.0,0.0,0.0,0.0,0.0,0.0,0.0,-90.001,-70.0,0.003,-89.964,0.0,-0.0,-90.001,-69.8895,0.003,-89.963,-0.0005,0.0,0.0,-23.979231788079865,0.0,-0.21700662251605055,0.10850331125827815,0.0,0.0,-0.11050000000000182,0.0,-0.000999999999990564,0.0005,0.0,0.0481943,-0.8881521,0.0068849,-0.0137698,0.034424500000000004,-0.0275396,-0.0058949938949199995,-0.058897924297185995,-0.008946520146408,0.0033458485959180005,-0.000655372405386,0.001293498168525,0.22101131192769657,1.844259999870701,0.35623700023279525,0.13486899979398004,0.0
pd,00:04:09.964,364,-90.001,-69.781,0.003,-89.962,-0.001,-0.0,0.0,-0.8113558371254526,0.0,0.0,0.0,0.0,-90.001,-70.0,0.003,-89.964,0.0,-0.0,-90.001,-69.80936441628745,0.003,-89.963,-0.0005,0.0,0.0,-5.753408680342595,0.0,-0.20283895927992188,0.10141947964019732,0.0,0.0,-0.028364416287445238,0.0,-0.000999999999990564,0.0005,0.0,-0.0619641,-1.0809293,-0.0206547,-0.0206547,-0.0137698,-0.034424500000000004,-0.0059643467642719996,-0.060319658118902,-0.0095360195359,0.0034838217338940005,-0.00044841269842200006,0.001259004884031,0.21901141522760267,2.2390520002772973,0.24444200016660034,0.12014699996143463,0.0
pd,00:04:09.967,365,-90.001,-69.781,0.003,-89.962,-0.001,-0.0,0.0,0.0,0.0,0.0,0.0,0.0,-90.001,-70.0,0.003,-89.964,0.0,-0.0,-90.001,-69.8905,0.003,-89.963,-0.0005,0.0,0.0,-20.22174568509984,0.0,-0.18467347657582886,0.09233673828812962,0.0,0.0,-0.10949999999999704,0.0,-0.000999999999990564,0.0005,0.0,-0.0619641,-1.0809293,-0.0206547,-0.0206547,-0.0137698,-0.034424500000000004,-0.0059643467642719996,-0.060319658118902,-0.0095360195359,0.0034838217338940005,-0.00044841269842200006,0.001259004884031,0.21901141522760267,1.8735189996732515,0.16886899993551197,0.07653600005141925,0.0
pd,00:04:09.969,366,-90.001,-69.781,0.003,-89.962,-0.001,-0.0,0.0,0.0,0.0,0.0,0.0,0.0,-90.001,-70.0,0.003,-89.964,0.0,-0.0,-90.001,-69.8905,0.003,-89.963,-0.0005,0.0,0.0,-24.930859190098122,0.0,-0.2276790793611022,0.11383953968081642,0.0,0.0,-0.10949999999999704,0.0,-0.000999999999990564,0.0005,0.0,-0.0619641,-1.0809293,-0.0206547,-0.0206547,-0.0137698,-0.034424500000000004,-0.0059643467642719996,-0.060319658118902,-0.0095360195359,0.0034838217338940005,-0.00044841269842200006,0.001259004884031,0.21901141522760267,1.6994459997476952,0.13329500006875605,0.058831999922404066,0.0
pd,00:04:09.971,367,-90.001,-69.781,0.003,-89.962,-0.001,-0.0,0.0,0.0,0.0,0.0,0.0,0.0,-90.001,-70.0,0.003,-89.964,0.0,-0.0,-90.001,-69.8905,0.003,-89.963,-0.0005,0.0,0.0,-28.008067325282816,0.0,-0.25578143675998444,0.12789071838029029,0.0,0.0,-0.10949999999999704,0.0,-0.000999999999990564,0.0005,0.0,-0.0619641,-1.0809293,-0.0206547,-0.0206547,-0.0137698,-0.034424500000000004,-0.0059643467642719996,-0.060319658118902,-0.0095360195359,0.0034838217338940005,-0.00044841269842200006,0.001259004884031,0.21901141522760267,1.7023350001181825,0.13281399969855556,0.06590700013475725,0.0
pd,00:04:09.973,368,-90.001,-69.781,0.003,-89.962,-0.001,-0.0,0.0,0.0,0.0,0.0,0.0,0.0,-90.001,-70.0,0.003,-89.964,0.0,-0.0,-90.001,-69.8905,0.003,-89.963,-0.0005,0.0,0.0,-27.767611124545805,0.0,-0.25358548972129535,0.12679274486094316,0.0,0.0,-0.10949999999999704,0.0,-0.000999999999990564,0.0005,0.0,-0.0619641,-1.0809293,-0.0206547,-0.0206547,-0.0137698,-0.034424500000000004,-0.0059643467642719996,-0.060319658118902,-0.0095360195359,0.0034838217338940005,-0.00044841269842200006,0.001259004884031,0.21901141522760267,1.8018720002146438,0.18757199995889096,0.09664700019129668,0.0
pd,00:04:09.975,369,-90.001,-69.793,0.003,-89.962,-0.001,-0.0,0.0,-5.523060243608242,0.0,0.0,0.0,0.0,-90.001,-70.0,0.003,-89.964,0.0,-0.0,-90.001,-69.34419397563917,0.003,-89.963,-0.0005,0.0,0.0,103.28261292662766,0.0,-0.23012751014979835,0.11506375507516735,0.0,0.0,0.4488060243608345,0.0,-0.000999999999990564,0.0005,0.0,-0.0619641,-1.0809293,-0.0206547,-0.0206547,-0.0137698,-0.034424500000000004,-0.0059643467642719996,-0.060319658118902,-0.0095360195359,0.0034838217338940005,-0.00044841269842200006,0.001259004884031,0.20701207694237878,1.8480180001461122,0.19018400007553282,0.07499899993490544,0.0
pd,00:04:09.977,370,-90.001,-69.793,0.003,-89.962,-0.001,-0.0,0.0,0.0,0.0,0.0,0.0,0.0,-90.001,-70.0,0.003,-89.964,0.0,-0.0,-90.001,-69.8965,0.003,-89.963,-0.0005,0.0,0.0,-23.62634505279126,0.0,-0.22827386524383503,0.11413693262218352,0.0,0.0,-0.10349999999999682,0.0,-0.000999999999990564,0.0005,0.0,-0.0619641,-1.0809293,-0.0206547,-0.0206547,-0.0137698,-0.034424500000000004,-0.0059643467642719996,-0.060319658118902,-0.0095360195359,0.0034838217338940005,-0.00044841269842200006,0.001259004884031,0.20701207694237878,1.7049640000550426,0.13442499994198442,0.15073899976414395,0.0
pd,00:04:09.980,371,-90.001,-69.793,0.003,-89.962,-0.001,-0.0,0.0,0.0,0.0,0.0,0.0,0.0,-90.001,-70.0,0.003,-89.964,0.0,-0.0,-90.001,-69.8965,0.003,-89.963,-0.0005,0.0,0.0,-17.806007547169262,0.0,-0.1720387202621093,0.08601936013125513,0.0,0.0,-0.10349999999999682,0.0,-0.000999999999990564,0.0005,0.0,-0.0619641,-1.0809293,-0.0206547,-0.0206547,-0.0137698,-0.034424500000000004,-0.0059643467642719996,-0.060319658118902,-0.0095360195359,0.0034838217338940005,-0.00044841269842200006,0.001259004884031,0.20701207694237878,1.9719249999070598,0.23849800027164747,0.09885100007522851,0.0
pd,00:04:09.983,372,-90.001,-69.793,0.003,-89.962,-0.001,-0.0,0.0,0.0,0.0,0.0,0.0,0.0,-90.001,-70.0,0.003,-89.964,0.0,-0.0,-90.001,-69.8965,0.003,-89.963,-0.0005,0.0,0.0,-21.47785790619368,0.0,-0.20751553532506556,0.10375776766277459,0.0,0.0,-0.10349999999999682,0.0,-0.000999999999990564,0.0005,0.0,-0.0137698,-1.3632102000000001,0.0481943,0.0275396,0.0757339,-0.0275396,-0.005617582417512,-0.061273260072491995,-0.00918925518914,0.0034838217338940005,-0.00012072649572900001,0.0016729242979590003,0.20701207694237878,1.9526289997884305,0.31951500022842083,0.21762699998362223,0.0
pd,00:04:09.985,373,-90.001,-69.793,0.003,-89.962,-0.001,-0.0,0.0,0.0,0.0,0.0,0.0,0.0,-90.001,-70.0,0.003,-89.964,0.0,-0.0,-90.001,-69.8965,0.003,-89.963,-0.0005,0.0,0.0,-19.909670886075336,0.0,-0.19236396991332896,0.09618198495688865,0.0,0.0,-0.10349999999999682,0.0,-0.000999999999990564,0.0005,0.0,-0.0137698,-1.3632102000000001,0.0481943,0.0275396,0.0757339,-0.0275396,-0.005617582417512,-0.061273260072491995,-0.00918925518914,0.0034838217338940005,-0.00012072649572900001,0.0016729242979590003,0.20701207694237878,1.9347960001141473,0.26820100038094097,0.12549799976113718,0.0
pd,00:04:09.988,374,-90.001,-69.793,0.003,-89.962,-0.001,-0.0,0.0,0.0,0.0,0.0,0.0,0.0,-90.001,-70.0,0.003,-89.964,0.0,-0.0,-90.001,-69.8965,0.003,-89.963,-0.0005,0.0,0.0,-18.9336385205856,0.0,-0.18293370551248364,0.091466852756455,0.0,0.0,-0.10349999999999682,0.0,-0.000999999999990564,0.0005,0.0,-0.0137698,-1.3632102000000001,0.0481943,0.0275396,0.0757339,-0.0275396,-0.005617582417512,-0.061273260072491995,-0.00918925518914,0.0034838217338940005,-0.00012072649572900001,0.0016729242979590003,0.20701207694237878,2.296069999829342,0.2289240001118742,0.10598099970593466,0.0
pd,00:04:09.991,375,-90.001,-69.793,0.003,-89.962,-0.001,-0.0,0.0,0.0,0.0,0.0,0.0,0.0,-90.001,-70.0,0.003,-89.964,0.0,-0.0,-90.001,-69.8965,0.003,-89.963,-0.0005,0.0,0.0,-18.97501809598683,0.0,-0.18333350817336413,0.09166675408689572,0.0,0.0,-0.10349999999999682,0.0,-0.000999999999990564,0.0005,0.0,-0.0137698,-1.3632102000000001,0.0481943,0.0275396,0.0757339,-0.0275396,-0.005617582417512,-0.061273260072491995,-0.00918925518914,0.0034838217338940005,-0.00012072649572900001,0.0016729242979590003,0.20701207694237878,1.7150020003100508,0.13999800012243213,0.06136999991213088,0.0
pd,00:04:09.993,376,-90.001,-69.793,0.003,-89.962,-0.001,-0.0,0.0,0.0,0.0,0.0,0.0,0.0,-90.001,-70.0,0.003,-89.964,0.0,-0.0,-90.001,-69.8965,0.003,-89.963,-0.0005,0.0,0.0,-25.677893292321464,0.0,-0.24809558736485418,0.12404779368271619,0.0,0.0,-0.10349999999999682,0.0,-0.000999999999990564,0.0005,0.0,-0.0137698,-1.3632102000000001,0.0481943,0.0275396,0.0757339,-0.0275396,-0.005617582417512,-0.061273260072491995,-0.00918925518914,0.0034838217338940005,-0.00012072649572900001,0.0016729242979590003,0.20701207694237878,2.8294900002947543,0.264459999925748,0.13349900018511107,0.0
pd,00:04:09.996,377,-90.001,-69.814,0.003,-89.962,-0.001,-0.0,0.0,-6.2739784884923235,0.0,0.0,0.0,0.0,-90.001,-70.0,0.003,-89.964,0.0,-0.0,-90.001,-69.27960215115077,0.003,-89.963,-0.0005,0.0,0.0,79.82858590425658,0.0,-0.14938044020194546,0.0746902201011468,0.0,0.0,0.534397848849224,0.0,-0.000999999999990564,0.0005,0.0,-0.0137698,-1.3632102000000001,0.0481943,0.0275396,0.0757339,-0.0275396,-0.005617582417512,-0.061273260072491995,-0.00918925518914,0.0034838217338940005,-0.00012072649572900001,0.0016729242979590003,0.1860134403746208,1.995923999857041,0.38664399971821695,0.14583099982701242,0.0
pd,00:04:09.999,378,-90.001,-69.814,0.003,-89.962,-0.001,-0.0,0.0,0.0,0.0,0.0,0.0,0.0,-90.001,-70.0,0.003,-89.964,0.0,-0.0,-90.001,-69.907,0.003,-89.963,-0.0005,0.0,0.0,-17.317984017049138,0.0,-0.18621488190331312,0.09310744095187357,0.0,0.0,-0.09300000000000352,0.0,-0.000999999999990564,0.0005,0.0,-0.0137698,-1.3632102000000001,0.0481943,0.0275396,0.0757339,-0.0275396,-0.005617582417512,-0.061273260072491995,-0.00918925518914,0.0034838217338940005,-0.00012072649572900001,0.0016729242979590003,0.1860134403746208,2.1322380002857244,0.25131199981842656,0.12361000017335755,0.0
pd,00:04:10.001,379,-90.001,-69.814,0.003,-89.962,-0.001,-0.0,0.0,0.0,0.0,0.0,0.0,0.0,-90.001,-70.0,0.003,-89.964,0.0,-0.0,-90.001,-69.907,0.003,-89.963,-0.0005,0.0,0.0,-17.783818364184132,0.0,-0.1912238533778711,0.09561192668915838,0.0,0.0,-0.09300000000000352,0.0,-0.000999999999990564,0.0005,0.0,-0.0137698,-1.3632102000000001,0.0481943,0.0275396,0.0757339,-0.0068849,-0.005617582417512,-0.061273260072491995,-0.00918925518914,0.0034838217338940005,-0.000741605616621,0.0017419108669470002,0.1860134403746208,2.3769760000504903,0.35397800002101576,0.3036819998669671,0.0
pd,00:04:10.005,380,-90.001,-69.814,0.003,-89.962,-0.001,-0.0,0.0,0.0,0.0,0.0,0.0,0.0,-90.001,-70.0,0.003,-89.964,0.0,-0.0,-90.001,-69.907,0.003,-89.963,-0.0005,0.0,0.0,-14.497519958374147,0.0,-0.15588731137999795,0.07794365569018064,0.0,0.0,-0.09300000000000352,0.0,-0.000999999999990564,0.0005,0.0,0.0137698,-1.6454911,0.0413094,0.0206547,0.0068849,-0.0068849,-0.005617582417512,-0.057822954822229995,-0.010246886446757999,0.0034148351649060005,-0.000741605616621,0.0017419108669470002,0.1860134403746208,2.979563000280905,0.2772200000435987,0.12270200022612698,0.0
pd,00:04:10.008,381,-90.001,-69.814,0.003,-89.962,-0.001,-0.0,0.0,0.0,0.0,0.0,0.0,0.0,-90.001,-70.0,0.003,-89.964,0.0,-0.0,-90.001,-69.907,0.003,-89.963,-0.0005,0.0,0.0,-11.882966916469103,0.0,-0.12777383781119311,0.06388691890574545,0.0,0.0,-0.09300000000000352,0.0,-0.000999999999990564,0.0005,0.0,0.0137698,-1.6454911,0.0413094,0.0206547,0.0068849,-0.0068849,-0.005617582417512,-0.057822954822229995,-0.010246886446757999,0.0034148351649060005,-0.000741605616621,0.0017419108669470002,0.1860134403746208,2.397884000401973,0.24084899996523745,0.11325900004521827,0.0
pd,00:04:10.011,382,-90.001,-69.814,0.003,-89.962,-0.001,-0.0,0.0,0.0,0.0,0.0,0.0,0.0,-90.001,-70.0,0.003,-89.964,0.0,-0.0,-90.001,-69.907,0.003,-89.963,-0.0005,0.0,0.0,-16.316835606124602,0.0,-0.17544984522673074,0.08772492261356982,0.0,0.0,-0.09300000000000352,0.0,-0.000999999999990564,0.0005,0.0,0.0137698,-1.6454911,0.0413094,0.0206547,0.0068849,-0.0068849,-0.005617582417512,-0.057822954822229995,-0.010246886446757999,0.0034148351649060005,-0.000741605616621,0.0017419108669470002,0.1860134403746208,1.770909000242682,0.1675170001362858,0.08831400009512436,0.0
pd,00:04:10.014,383,-90.001,-69.841,0.003,-89.962,-0.001,-0.0,0.0,-11.043023695758585,0.0,0.0,0.0,0.0,-90.001,-70.0,0.003,-89.964,0.0,-0.0,-90.001,-68.81619763042414,0.003,-89.963,-0.0005,0.0,0.0,209.572534272135,0.0,-0.20450043880985982,0.10225021940516821,0.0,0.0,1.024802369575852,0.0,-0.000999999999990564,0.0005,0.0,0.0137698,-1.6454911,0.0413094,0.0206547,0.0068849,-0.0068849,-0.005617582417512,-0.057822954822229995,-0.010246886446757999,0.0034148351649060005,-0.000741605616621,0.0017419108669470002,0.1590157224930978,2.4714020000828896,0.27425600001151906,0.19107299976894865,0.0
pd,00:04:10.017,384,-90.001,-69.841,0.003,-89.962,-0.001,-0.0,0.0,0.0,0.0,0.0,0.0,0.0,-90.001,-70.0,0.003,-89.964,0.0,-0.0,-90.001,-69.9205,0.003,-89.963,-0.0005,0.0,0.0,-12.959470190439667,0.0,-0.16301220365294306,0.08150610182666149,0.0,0.0,-0.07950000000001012,0.0,-0.000999999999990564,0.0005,0.0,0.0137698,-1.6454911,0.0413094,0.0206547,0.0068849,-0.0068849,-0.005617582417512,-0.057822954822229995,-0.010246886446757999,0.0034148351649060005,-0.000741605616621,0.0017419108669470002,0.1590157224930978,2.110775999881298,0.24194200022975565,0.11597999991863617,0.0
pd,00:04:10.019,385,-90.001,-69.841,0.003,-89.962,-0.001,-0.0,0.0,0.0,0.0,0.0,0.0,0.0,-90.001,-70.0,0.003,-89.964,0.0,-0.0,-90.001,-69.9205,0.003,-89.963,-0.0005,0.0,0.0,-15.470314929943985,0.0,-0.19459515635103578,0.09729757817574464,0.0,0.0,-0.07950000000001012,0.0,-0.000999999999990564,0.0005,0.0,0.0137698,-1.6454911,0.0413094,0.0206547,0.0068849,-0.0068849,-0.005617582417512,-0.057822954822229995,-0.010246886446757999,0.0034148351649060005,-0.000741605616621,0.0017419108669470002,0.1590157224930978,1.796407999790972,0.1588320001246757,0.07153600017772987,0.0
pd,00:04:10.021,386,-90.001,-69.841,0.003,-89.962,-0.001,-0.0,0.0,0.0,0.0,0.0,0.0,0.0,-90.001,-70.0,0.003,-89.964,0.0,-0.0,-90.001,-69.9205,0.003,-89.963,-0.0005,0.0,0.0,-18.950168674699512,0.0,-0.23836690156798276,0.11918345078426916,0.0,0.0,-0.07950000000001012,0.0,-0.000999999999990564,0.0005,0.0,0.0137698,-1.6454911,0.0413094,0.0206547,0.0068849,-0.0068849,-0.005617582417512,-0.057822954822229995,-0.010246886446757999,0.0034148351649060005,-0.000741605616621,0.0017419108669470002,0.1590157224930978,1.7989080001825641,0.18996099970536307,0.12640599970836774,0.0
pd,00:04:10.024,387,-90.001,-69.841,0.003,-89.962,-0.001,-0.0,0.0,0.0,0.0,0.0,0.0,0.0,-90.001,-70.0,0.003,-89.964,0.0,-0.0,-90.001,-69.9205,0.003,-89.963,-0.0005,0.0,0.0,-17.663267719038704,0.0,-0.2221794681634826,0.11108973408200021,0.0,0.0,-0.07950000000001012,0.0,-0.000999999999990564,0.0005,0.0,-0.034424500000000004,-1.652376,-0.0206547,-0.0550792,0.0137698,0.0137698,-0.00615506715499,-0.05279487179421,-0.010038827838702,0.003000915750978,-0.000137973137976,0.0016556776557120003,0.1590157224930978,2.1402749998742365,0.21616399999402347,0.1007400001071801,0.0
pd,00:04:10.026,388,-90.001,-69.841,0.003,-89.962,-0.001,-0.0,0.0,0.0,0.0,0.0,0.0,0.0,-90.001,-70.0,0.003,-89.964,0.0,-0.0,-90.001,-69.9205,0.003,-89.963,-0.0005,0.0,0.0,-15.591843636024157,0.0,-0.19612381932059408,0.09806190966052558,0.0,0.0,-0.07950000000001012,0.0,-0.000999999999990564,0.0005,0.0,-0.034424500000000004,-1.652376,-0.0206547,-0.0550792,0.0137698,0.0137698,-0.00615506715499,-0.05279487179421,-0.010038827838702,0.003000915750978,-0.000137973137976,0.0016556776557120003,0.1590157224930978,1.8074449999403441,0.15892400006123353,0.06890700024086982,0.0
pd,00:04:10.028,389,-90.001,-69.841,0.003,-89.962,-0.001,-0.0,0.0,0.0,0.0,0.0,0.0,0.0,-90.001,-70.0,0.003,-89.964,0.0,-0.0,-90.001,-69.9205,0.003,-89.963,-0.0005,0.0,0.0,-18.500175765646507,0.0,-0.2327066134038074,0.11635330670217488,0.0,0.0,-0.07950000000001012,0.0,-0.000999999999990564,0.0005,0.0,-0.034424500000000004,-1.652376,-0.0206547,-0.0550792,0.0137698,0.0137698,-0.00615506715499,-0.05279487179421,-0.010038827838702,0.003000915750978,-0.000137973137976,0.0016556776557120003,0.1590157224930978,2.041072999872995,0.19985000017186394,0.09548000025461079,0.0
pd,00:04:10.031,390,-90.001,-69.841,0.003,-89.962,-0.001,-0.0,0.0,0.0,0.0,0.0,0.0,0.0,-90.001,-70.0,0.003,-89.964,0.0,-0.0,-90.001,-69.9205,0.003,-89.963,-0.0005,0.0,0.0,-16.40818659580812,0.0,-0.2063922842235127,0.10319614211199685,0.0,0.0,-0.07950000000001012,0.0,-0.000999999999990564,0.0005,0.0,-0.034424500000000004,-1.652376,-0.0206547,-0.0550792,0.0137698,0.0137698,-0.00615506715499,-0.05279487179421,-0.010038827838702,0.003000915750978,-0.000137973137976,0.0016556776557120003,0.1590157224930978,1.853851999840117,0.1728309998725308,0.0842029999148508,0.0
pd,00:04:10.034,391,-90.001,-69.868,0.003,-89.962,-0.001,-0.0,0.0,-9.626505270316583,0.0,0.0,0.0,0.0,-90.001,-70.0,0.003,-89.964,0.0,-0.0,-90.001,-68.97134947296834,0.003,-89.963,-0.0005,0.0,0.0,159.8446485944824,0.0,-0.17826861611655154,0.0891343080584835,0.0,0.0,0.8966505270316532,0.0,-0.000999999999990564,0.0005,0.0,-0.034424500000000004,-1.652376,-0.0206547,-0.0550792,0.0137698,0.0137698,-0.00615506715499,-0.05279487179421,-0.010038827838702,0.003000915750978,-0.000137973137976,0.0016556776557120003,0.13201893803542467,2.860100999896531,0.3538669998306432,0.14520300010190113,0.0
pd,00:04:10.037,392,-90.001,-69.868,0.003,-89.962,-0.001,-0.0,0.0,0.0,0.0,0.0,0.0,0.0,-90.001,-70.0,0.003,-89.964,0.0,-0.0,-90.001,-69.934,0.003,-89.963,-0.0005,0.0,0.0,-9.458896466890264,0.0,-0.14331661313436153,0.07165830656734777,0.0,0.0,-0.0660000000000025,0.0,-0.000999999999990564,0.0005,0.0,-0.034424500000000004,-1.652376,-0.0206547,-0.0550792,0.0137698,0.0137698,-0.00615506715499,-0.05279487179421,-0.010038827838702,0.003000915750978,-0.000137973137976,0.0016556776557120003,0.13201893803542467,2.0042209998791805,0.25701599997773883,0.13123999997333158,0.0
pd,00:04:10.040,393,-90.001,-69.868,0.003,-89.962,-0.001,-0.0,0.0,0.0,0.0,0.0,0.0,0.0,-90.001,-70.0,0.003,-89.964,0.0,-0.0,-90.001,-69.934,0.003,-89.963,-0.0005,0.0,0.0,-13.138303939250617,0.0,-0.19906521120029544,0.09953260560037969,0.0,0.0,-0.0660000000000025,0.0,-0.000999999999990564,0.0005,0.0,-0.034424500000000004,-1.652376,-0.0206547,-0.0550792,0.0137698,0.0137698,-0.00615506715499,-0.05279487179421,-0.010038827838702,0.003000915750978,-0.000137973137976,0.0016556776557120003,0.13201893803542467,1.996387999952276,0.34101500023098197,0.1250170003004314,0.0
pd,00:04:10.042,394,-90.001,-69.868,0.003,-89.962,-0.001,-0.0,0.0,0.0,0.0,0.0,0.0,0.0,-90.001,-70.0,0.003,-89.964,0.0,-0.0,-90.001,-69.934,0.003,-89.963,-0.0005,0.0,0.0,-12.815928888889374,0.0,-0.19418074074028818,0.09709037037037037,0.0,0.0,-0.0660000000000025,0.0,-0.000999999999990564,0.0005,0.0,-0.0137698,-1.6179515,-0.0206547,-0.0068849,-0.0137698,0.0275396,-0.006276434676356,-0.048078876678274,-0.008426373626268,0.0035183150183880005,-0.000137973137976,0.001259004884031,0.13201893803542467,2.6918630001091515,0.25323799991383567,0.11129499989692704,0.0
pd,00:04:10.045,395,-90.001,-69.868,0.003,-89.962,-0.001,-0.0,0.0,0.0,0.0,0.0,0.0,0.0,-90.001,-70.0,0.003,-89.964,0.0,-0.0,-90.001,-69.934,0.003,-89.963,-0.0005,0.0,0.0,-10.415534050719033,0.0,-0.15781112198021766,0.07890556099029272,0.0,0.0,-0.0660000000000025,0.0,-0.000999999999990564,0.0005,0.0,-0.0137698,-1.6179515,-0.0206547,-0.0068849,-0.0137698,0.0275396,-0.006276434676356,-0.048078876678274,-0.008426373626268,0.0035183150183880005,-0.000137973137976,0.001259004884031,0.13201893803542467,2.2668289998364344,0.25334900010420824,0.0929810003071907,0.0
pd,00:04:10.048,396,-90.001,-69.868,0.003,-89.962,-0.001,-0.0,0.0,0.0,0.0,0.0,0.0,0.0,-90.001,-70.0,0.003,-89.964,0.0,-0.0,-90.001,-69.934,0.003,-89.963,-0.0005,0.0,0.0,-12.042111710458087,0.0,-0.1824562380368116,0.09122811901861841,0.0,0.0,-0.0660000000000025,0.0,-0.000999999999990564,0.0005,0.0,-0.0137698,-1.6179515,-0.0206547,-0.0068849,-0.0137698,0.0275396,-0.006276434676356,-0.048078876678274,-0.008426373626268,0.0035183150183880005,-0.000137973137976,0.001259004884031,0.13201893803542467,1.7478529998697923,0.15155400024013943,0.06427699963751365,0.0
pd,00:04:10.050,397,-90.001,-69.868,0.003,-89.962,-0.001,-0.0,0.0,0.0,0.0,0.0,0.0,0.0,-90.001,-70.0,0.003,-89.964,0.0,-0.0,-90.001,-69.934,0.003,-89.963,-0.0005,0.0,0.0,-16.25699224806263,0.0,-0.24631806436400192,0.12315903218228799,0.0,0.0,-0.0660000000000025,0.0,-0.000999999999990564,0.0005,0.0,-0.0137698,-1.6179515,-0.0206547,-0.0068849,-0.0137698,0.0275396,-0.006276434676356,-0.048078876678274,-0.008426373626268,0.0035183150183880005,-0.000137973137976,0.001259004884031,0.13201893803542467,2.1054979997643386,0.2558489995863056,0.15559099983875058,0.0
pd,00:04:10.053,398,-90.001,-69.868,0.003,-89.962,-0.001,-0.0,0.0,0.0,0.0,0.0,0.0,0.0,-90.001,-70.0,0.003,-89.964,0.0,-0.0,-90.001,-69.934,0.003,-89.963,-0.0005,0.0,0.0,-12.540729546072777,0.0,-0.19001105372792537,0.0950055268641841,0.0,0.0,-0.0660000000000025,0.0,-0.000999999999990564,0.0005,0.0,-0.0137698,-1.6179515,-0.0206547,-0.0068849,-0.0137698,0.0275396,-0.006276434676356,-0.048078876678274,-0.008426373626268,0.0035183150183880005,-0.000137973137976,0.001259004884031,0.13201893803542467,2.0468500001697976,0.5914749999647029,0.20614599998225458,0.0
pd,00:04:10.056,399,-90.001,-69.899,0.003,-89.962,-0.001,-0.0,0.0,-10.109900007777373,0.0,0.0,0.0,0.0,-90.001,-70.0,0.003,-89.964,0.0,-0.0,-90.001,-68.93850999922226,0.003,-89.963,-0.0005,0.0,0.0,156.62028816663044,0.0,-0.1630629033508368,0.08153145167560844,0.0,0.0,0.9604900007777388,0.0,-0.000999999999990564,0.0005,0.0,-0.0137698,-1.6179515,-0.0206547,-0.0068849,-0.0137698,0.0275396,-0.006276434676356,-0.048078876678274,-0.008426373626268,0.0035183150183880005,-0.000137973137976,0.001259004884031,0.10102474944289541,1.8472410001777462,0.24757099981798092,0.07194399995569256,0.0
pd,00:04:10.058,400,-90.001,-69.899,0.003,-89.962,-0.001,-0.0,0.0,0.0,0.0,0.0,0.0,0.0,-90.001,-70.0,0.003,-89.964,0.0,-0.0,-90.001,-69.9495,0.003,-89.963,-0.0005,0.0,0.0,-11.265416019572285,0.0,-0.22307754494150756,0.11153877247101372,0.0,0.0,-0.050499999999999545,0.0,-0.000999999999990564,0.0005,0.0,-0.0137698,-1.6179515,-0.0206547,-0.0068849,-0.0137698,0.0275396,-0.006276434676356,-0.048078876678274,-0.008426373626268,0.0035183150183880005,-0.000137973137976,0.001259004884031,0.10102474944289541,2.0064799996362126,0.16775799986135098,0.07449899976563756,0.0
pd,00:04:10.061,401,-90.001,-69.899,0.003,-89.962,-0.001,-0.0,0.0,0.0,0.0,0.0,0.0,0.0,-90.001,-70.0,0.003,-89.964,0.0,-0.0,-90.001,-69.9495,0.003,-89.963,-0.0005,0.0,0.0,-7.395166259339365,0.0,-0.1464389358281623,0.0732194679142518,0.0,0.0,-0.050499999999999545,0.0,-0.000999999999990564,0.0005,0.0,-0.0137698,-1.6179515,-0.0206547,-0.0068849,-0.0137698,0.0275396,-0.006276434676356,-0.048078876678274,-0.008426373626268,0.0035183150183880005,-0.000137973137976,0.001259004884031,0.10102474944289541,1.9565909997254494,0.27166400013811653,0.11705399992933962,0.0
pd,00:04:10.064,402,-90.001,-69.899,0.003,-89.962,-0.001,-0.0,0.0,0.0,0.0,0.0,0.0,0.0,-90.001,-70.0,0.003,-89.964,0.0,-0.0,-90.001,-69.9495,0.003,-89.963,-0.0005,0.0,0.0,-10.204873386008773,0.0,-0.20207670071257589,0.10103835035652342,0.0,0.0,-0.050499999999999545,0.0,-0.000999999999990564,0.0005,0.0,0.0206547,-1.1153538,-0.0068849,-0.06884900000000001,0.034424500000000004,0.034424500000000004,-0.0060683760683,-0.047454700854106,-0.010073504273378,0.00310439560446,-0.000758852258868,0.0016729242979590003,0.10102474944289541,2.6296599999113823,0.4096440002285817,0.14818399995419895,0.0
pd,00:04:10.067,403,-90.001,-69.899,0.003,-89.962,-0.001,-0.0,0.0,0.0,0.0,0.0,0.0,0.0,-90.001,-70.0,0.003,-89.964,0.0,-0.0,-90.001,-69.9495,0.003,-89.963,-0.0005,0.0,0.0,-7.603832280298611,0.0,-0.1505709362431873,0.0752854681217691,0.0,0.0,-0.050499999999999545,0.0,-0.000999999999990564,0.0005,0.0,0.0206547,-1.1153538,-0.0068849,-0.06884900000000001,0.034424500000000004,0.034424500000000004,-0.0060683760683,-0.047454700854106,-0.010073504273378,0.00310439560446,-0.000758852258868,0.0016729242979590003,0.10102474944289541,2.104479000081483,0.3740149995792308,0.17490600021119462,0.0
pd,00:04:10.070,404,-90.001,-69.899,0.003,-89.962,-0.001,-0.0,0.0,0.0,0.0,0.0,0.0,0.0,-90.001,-70.0,0.003,-89.964,0.0,-0.0,-90.001,-69.9495,0.003,-89.963,-0.0005,0.0,0.0,-9.0665333447478,0.0,-0.17953531375696535,0.0897676568786919,0.0,0.0,-0.050499999999999545,0.0,-0.000999999999990564,0.0005,0.0,0.0206547,-1.1153538,-0.0068849,-0.06884900000000001,0.034424500000000004,0.034424500000000004,-0.0060683760683,-0.047454700854106,-0.010073504273378,0.00310439560446,-0.000758852258868,0.0016729242979590003,0.10102474944289541,2.4083839998638723,0.3096820000791922,0.1377209996462625,0.0
pd,00:04:10.073,405,-90.001,-69.899,0.003,-89.962,-0.001,-0.0,0.0,0.0,0.0,0.0,0.0,0.0,-90.001,-70.0,0.003,-89.964,0.0,-0.0,-90.001,-69.9495,0.003,-89.963,-0.0005,0.0,0.0,-8.468429233967619,0.0,-0.16769166799896948,0.08384583399968015,0.0,0.0,-0.050499999999999545,0.0,-0.000999999999990564,0.0005,0.0,0.0206547,-1.1153538,-0.0068849,-0.06884900000000001,0.034424500000000004,0.034424500000000004,-0.0060683760683,-0.047454700854106,-0.010073504273378,0.00310439560446,-0.000758852258868,0.0016729242979590003,0.10102474944289541,1.900166000268655,0.2397570001448912,0.8556580000913527,0.0
pd,00:04:10.076,406,-90.001,-69.93,0.003,-89.962,-0.001,-0.0,0.0,-9.84802120730325,0.0,0.0,0.0,0.0,-90.001,-70.0,0.003,-89.964,0.0,-0.0,-90.001,-68.98019787926968,0.003,-89.963,-0.0005,0.0,0.0,150.86566818858213,0.0,-0.15883905173029708,0.07941952586533364,0.0,0.0,0.9498021207303253,0.0,-0.000999999999990564,0.0005,0.0,0.0206547,-1.1153538,-0.0068849,-0.06884900000000001,0.034424500000000004,0.034424500000000004,-0.0060683760683,-0.047454700854106,-0.010073504273378,0.00310439560446,-0.000758852258868,0.0016729242979590003,0.07003570517956556,2.382347000093432,0.25342299977637595,0.11748099996111705,0.0
pd,00:04:10.079,407,-90.001,-69.93,0.003,-89.962,-0.001,-0.0,0.0,0.0,0.0,0.0,0.0,0.0,-90.001,-70.0,0.003,-89.964,0.0,-0.0,-90.001,-69.965,0.003,-89.963,-0.0005,0.0,0.0,-6.1136365150752,0.0,-0.1746753290017585,0.0873376645010828,0.0,0.0,-0.03499999999999659,0.0,-0.000999999999990564,0.0005,0.0,0.0206547,-1.1153538,-0.0068849,-0.06884900000000001,0.034424500000000004,0.034424500000000004,-0.0060683760683,-0.047454700854106,-0.010073504273378,0.00310439560446,-0.000758852258868,0.0016729242979590003,0.07003570517956556,2.322810000350728,0.23027600036584772,0.11462800011940999,0.0
pd,00:04:10.082,408,-90.001,-69.93,0.003,-89.962,-0.001,-0.0,0.0,0.0,0.0,0.0,0.0,0.0,-90.001,-70.0,0.003,-89.964,0.0,-0.0,-90.001,-69.965,0.003,-89.963,-0.0005,0.0,0.0,-6.321074750257737,0.0,-0.18060213572124634,0.09030106786083363,0.0,0.0,-0.03499999999999659,0.0,-0.000999999999990564,0.0005,0.0,0.0206547,-1.1153538,-0.0068849,-0.06884900000000001,0.034424500000000004,0.034424500000000004,-0.0060683760683,-0.047454700854106,-0.010073504273378,0.00310439560446,-0.000758852258868,0.0016729242979590003,0.07003570517956556,1.761594000072364,0.21368300031099352,0.09777700006452505,0.0
pd,00:04:10.084,409,-90.001,-69.93,0.003,-89.962,-0.001,-0.0,0.0,0.0,0.0,0.0,0.0,0.0,-90.001,-70.0,0.003,-89.964,0.0,-0.0,-90.001,-69.965,0.003,-89.963,-0.0005,0.0,0.0,-8.034185639228639,0.0,-0.22954816112030565,0.11477408056042032,0.0,0.0,-0.03499999999999659,0.0,-0.000999999999990564,0.0005,0.0,0.034424500000000004,-0.6678353,-0.0137698,0.0137698,0.0137698,0.0068849,-0.005756288156216,-0.050748962148326,-0.008391697191592,0.007243589743740001,-0.000569139194151,0.00120726495729,0.07003570517956556,2.4755500003266206,0.2448299997013237,0.12046199981341488,0.0
pd,00:04:10.087,410,-90.001,-69.93,0.003,-89.962,-0.001,-0.0,0.0,0.0,0.0,0.0,0.0,0.0,-90.001,-70.0,0.003,-89.964,0.0,-0.0,-90.001,-69.965,0.003,-89.963,-0.0005,0.0,0.0,-5.955401217037959,0.0,-0.17015432048641885,0.08507716024340771,0.0,0.0,-0.03499999999999659,0.0,-0.000999999999990564,0.0005,0.0,0.034424500000000004,-0.6678353,-0.0137698,0.0137698,0.0137698,0.0068849,-0.005756288156216,-0.050748962148326,-0.008391697191592,0.007243589743740001,-0.000569139194151,0.00120726495729,0.07003570517956556,1.9022040000891138,0.18373900002188748,0.08146199979819357,0.0
pd,00:04:10.090,411,-90.001,-69.93,0.003,-89.962,-0.001,-0.0,0.0,0.0,0.0,0.0,0.0,0.0,-90.001,-70.0,0.003,-89.964,0.0,-0.0,-90.001,-69.965,0.003,-89.963,-0.0005,0.0,0.0,-6.616217775373431,0.0,-0.1890347935816759,0.09451739679105824,0.0,0.0,-0.03499999999999659,0.0,-0.000999999999990564,0.0005,0.0,0.034424500000000004,-0.6678353,-0.0137698,0.0137698,0.0137698,0.0068849,-0.005756288156216,-0.050748962148326,-0.008391697191592,0.007243589743740001,-0.000569139194151,0.00120726495729,0.07003570517956556,1.9526850001057028,0.24646099973324453,0.16170199978660094,0.0
pd,00:04:10.092,412,-90.001,-69.93,0.003,-89.962,-0.001,-0.0,0.0,0.0,0.0,0.0,0.0,0.0,-90.001,-70.0,0.003,-89.964,0.0,-0.0,-90.001,-69.965,0.003,-89.963,-0.0005,0.0,0.0,-7.0266436913644315,0.0,-0.2007612483242497,0.1003806241623588,0.0,0.0,-0.03499999999999659,0.0,-0.000999999999990564,0.0005,0.0,0.034424500000000004,-0.6678353,-0.0137698,0.0137698,0.0137698,0.0068849,-0.005756288156216,-0.050748962148326,-0.008391697191592,0.007243589743740001,-0.000569139194151,0.00120726495729,0.07003570517956556,1.9133700002385012,0.26597899977787165,0.13623899985759635,0.0
pd,00:04:10.095,413,-90.001,-69.956,0.003,-89.962,-0.001,-0.0,0.0,-10.69450858095364,0.0,0.0,0.0,0.0,-90.001,-70.0,0.003,-89.964,0.0,-0.0,-90.001,-68.90854914190464,0.003,-89.963,-0.0005,0.0,0.0,215.42254211595687,0.0,-0.20566362655635112,0.10283181327841522,0.0,0.0,1.0474508580953596,0.0,-0.000999999999990564,0.0005,0.0,0.034424500000000004,-0.6678353,-0.0137698,0.0137698,0.0137698,0.0068849,-0.005756288156216,-0.050748962148326,-0.008391697191592,0.007243589743740001,-0.000569139194151,0.00120726495729,0.0440567815438181,2.0249059998604935,0.4355510000095819,0.12853600037487922,0.0
pd,00:04:10.097,414,-90.001,-69.956,0.003,-89.962,-0.001,-0.0,0.0,0.0,0.0,0.0,0.0,0.0,-90.001,-70.0,0.003,-89.964,0.0,-0.0,-90.001,-69.97800000000001,0.003,-89.963,-0.0005,0.0,0.0,-4.064606113998483,0.0,-0.18475482336314972,0.09237741168179016,0.0,0.0,-0.02200000000000557,0.0,-0.000999999999990564,0.0005,0.0,0.034424500000000004,-0.6678353,-0.0137698,0.0137698,0.0137698,0.0068849,-0.005756288156216,-0.050748962148326,-0.008391697191592,0.007243589743740001,-0.000569139194151,0.00120726495729,0.0440567815438181,1.7659449999882781,0.15299799997592345,0.06579599994438468,0.0
pd,00:04:10.099,415,-90.001,-69.956,0.003,-89.962,-0.001,-0.0,0.0,0.0,0.0,0.0,0.0,0.0,-90.001,-70.0,0.003,-89.964,0.0,-0.0,-90.001,-69.97800000000001,0.003,-89.963,-0.0005,0.0,0.0,-5.357332094751135,0.0,-0.24351509521541018,0.12175754760798886,0.0,0.0,-0.02200000000000557,0.0,-0.000999999999990564,0.0005,0.0,0.034424500000000004,-0.6678353,-0.0137698,0.0137698,0.0137698,0.0068849,-0.005756288156216,-0.050748962148326,-0.008391697191592,0.007243589743740001,-0.000569139194151,0.00120726495729,0.0440567815438181,1.8644629999471363,0.1759429997036932,0.08111000033750315,0.0
pd,00:04:10.101,416,-90.001,-69.956,0.003,-89.962,-0.001,-0.0,0.0,0.0,0.0,0.0,0.0,0.0,-90.001,-70.0,0.003,-89.964,0.0,-0.0,-90.001,-69.97800000000001,0.003,-89.963,-0.0005,0.0,0.0,-5.001880312228619,0.0,-0.22735819600987775,0.11367909800520382,0.0,0.0,-0.02200000000000557,0.0,-0.000999999999990564,0.0005,0.0,0.034424500000000004,-0.6678353,-0.0137698,0.0137698,0.0137698,0.0068849,-0.005756288156216,-0.050748962148326,-0.008391697191592,0.007243589743740001,-0.000569139194151,0.00120726495729,0.0440567815438181,1.688261999788665,0.1497580001341703,0.07492500026273774,0.0
pd,00:04:10.103,417,-90.001,-69.956,0.003,-89.962,-0.001,-0.0,0.0,0.0,0.0,0.0,0.0,0.0,-90.001,-70.0,0.003,-89.964,0.0,-0.0,-90.001,-69.97800000000001,0.003,-89.963,-0.0005,0.0,0.0,-5.539361748108631,0.0,-0.25178917036800486,0.12589458518429583,0.0,0.0,-0.02200000000000557,0.0,-0.000999999999990564,0.0005,0.0,0.0206547,-0.481943,-0.0068849,-0.0413094,-0.0206547,0.0275396,-0.006033699633624,-0.051806593405944,-0.009431990231872,0.0034838217338940005,-0.00043116605617500006,0.0016556776557120003,0.0440567815438181,1.9205919998057652,0.2235540000583569,0.09507300001132535,0.0
pd,00:04:10.106,418,-90.001,-69.956,0.003,-89.962,-0.001,-0.0,0.0,0.0,0.0,0.0,0.0,0.0,-90.001,-70.0,0.003,-89.964,0.0,-0.0,-90.001,-69.97800000000001,0.003,-89.963,-0.0005,0.0,0.0,-4.723798914712479,0.0,-0.21471813248644542,0.10735906624347293,0.0,0.0,-0.02200000000000557,0.0,-0.000999999999990564,0.0005,0.0,0.0206547,-0.481943,-0.0068849,-0.0413094,-0.0206547,0.0275396,-0.006033699633624,-0.051806593405944,-0.009431990231872,0.0034838217338940005,-0.00043116605617500006,0.0016556776557120003,0.0440567815438181,2.2963850001360697,0.20818300026803627,0.08503599974574172,0.0
pd,00:04:10.108,419,-90.001,-69.956,0.003,-89.962,-0.001,-0.0,0.0,0.0,0.0,0.0,0.0,0.0,-90.001,-70.0,0.003,-89.964,0.0,-0.0,-90.001,-69.97800000000001,0.003,-89.963,-0.0005,0.0,0.0,-4.108035259549175,0.0,-0.18672887543363123,0.09336443771703322,0.0,0.0,-0.02200000000000557,0.0,-0.000999999999990564,0.0005,0.0,0.0206547,-0.481943,-0.0068849,-0.0413094,-0.0206547,0.0275396,-0.006033699633624,-0.051806593405944,-0.009431990231872,0.0034838217338940005,-0.00043116605617500006,0.0016556776557120003,0.0440567815438181,4.810636999991402,0.2533130000301753,0.12340699959167978,0.0
pd,00:04:10.114,420,-90.001,-69.956,0.003,-89.962,-0.001,-0.0,0.0,0.0,0.0,0.0,0.0,0.0,-90.001,-70.0,0.003,-89.964,0.0,-0.0,-90.001,-69.97800000000001,0.003,-89.963,-0.0005,0.0,0.0,-2.0789142522415527,0.0,-0.0944961023744024,0.04724805118731132,0.0,0.0,-0.02200000000000557,0.0,-0.000999999999990564,0.0005,0.0,0.0206547,-0.481943,-0.0068849,-0.0413094,-0.0206547,0.0275396,-0.006033699633624,-0.051806593405944,-0.009431990231872,0.0034838217338940005,-0.00043116605617500006,0.0016556776557120003,0.0440567815438181,1.966591999917,0.227368000196293,0.10653600020305021,0.0
pd,00:04:10.117,421,-90.001,-69.973,0.003,-89.962,-0.001,-0.0,0.0,-5.91334947752387,0.0,0.0,0.0,0.0,-90.001,-70.0,0.003,-89.964,0.0,-0.0,-90.001,-69.3951650522476,0.003,-89.963,-0.0005,0.0,0.0,100.49823489374796,0.0,-0.17392204345622098,0.08696102172831316,0.0,0.0,0.5778349477523932,0.0,-0.000999999999990564,0.0005,0.0,0.0206547,-0.481943,-0.0068849,-0.0413094,-0.0206547,0.0275396,-0.006033699633624,-0.051806593405944,-0.009431990231872,0.0034838217338940005,-0.00043116605617500006,0.0016556776557120003,0.027092434368288808,2.225089000148728,0.22531300010086852,0.09009099994727876,0.0
pd,00:04:10.119,422,-90.001,-69.973,0.003,-89.962,-0.001,-0.0,0.0,0.0,0.0,0.0,0.0,0.0,-90.001,-70.0,0.003,-89.964,0.0,-0.0,-90.001,-69.9865,0.003,-89.963,-0.0005,0.0,0.0,-2.5614359902289943,0.0,-0.18973599927577242,0.0948679996381073,0.0,0.0,-0.013500000000007617,0.0,-0.000999999999990564,0.0005,0.0,0.0206547,-0.481943,-0.0068849,-0.0413094,-0.0206547,0.0275396,-0.006033699633624,-0.051806593405944,-0.009431990231872,0.0034838217338940005,-0.00043116605617500006,0.0016556776557120003,0.027092434368288808,1.7395940003552823,0.20049800014021457,0.15201699989120243,0.0
pd,00:04:10.121,423,-90.001,-69.973,0.003,-89.962,-0.001,-0.0,0.0,0.0,0.0,0.0,0.0,0.0,-90.001,-70.0,0.003,-89.964,0.0,-0.0,-90.001,-69.9865,0.003,-89.963,-0.0005,0.0,0.0,-3.0847191109175283,0.0,-0.2284977119192757,0.11424885595990412,0.0,0.0,-0.013500000000007617,0.0,-0.000999999999990564,0.0005,0.0,0.0206547,-0.481943,-0.0068849,-0.0413094,-0.0206547,0.0275396,-0.006033699633624,-0.051806593405944,-0.009431990231872,0.0034838217338940005,-0.00043116605617500006,0.0016556776557120003,0.027092434368288808,1.9454250000308093,0.3829410002254008,0.14124000017545768,0.0
pd,00:04:10.124,424,-90.001,-69.973,0.003,-89.962,-0.001,-0.0,0.0,0.0,0.0,0.0,0.0,0.0,-90.001,-70.0,0.003,-89.964,0.0,-0.0,-90.001,-69.9865,0.003,-89.963,-0.0005,0.0,0.0,-2.58340651519309,0.0,-0.19136344556940527,0.09568172278492564,0.0,0.0,-0.013500000000007617,0.0,-0.000999999999990564,0.0005,0.0,0.0206547,-0.1239282,-0.0,0.0137698,0.0206547,-0.0413094,-0.006085714285638,-0.05366178266111,-0.008981196581083999,0.0033803418804120005,0.0,0.0017419108669470002,0.027092434368288808,2.1917190001659037,0.22231200000533136,0.10681399999157293,0.0
pd,00:04:10.127,425,-90.001,-69.973,0.003,-89.962,-0.001,-0.0,0.0,0.0,0.0,0.0,0.0,0.0,-90.001,-70.0,0.003,-89.964,0.0,-0.0,-90.001,-69.9865,0.003,-89.963,-0.0005,0.0,0.0,-2.5829351336557864,0.0,-0.19132852841849396,0.09566426420946994,0.0,0.0,-0.013500000000007617,0.0,-0.000999999999990564,0.0005,0.0,0.0206547,-0.1239282,-0.0,0.0137698,0.0206547,-0.0413094,-0.006085714285638,-0.05366178266111,-0.008981196581083999,0.0033803418804120005,0.0,0.0017419108669470002,0.027092434368288808,2.5177349998557474,0.24421999978585518,0.15770200025144732,0.0
pd,00:04:10.130,426,-90.001,-69.973,0.003,-89.962,-0.001,-0.0,0.0,0.0,0.0,0.0,0.0,0.0,-90.001,-70.0,0.003,-89.964,0.0,-0.0,-90.001,-69.9865,0.003,-89.963,-0.0005,0.0,0.0,-2.2205138823530253,0.0,-0.16448250980353823,0.08224125490196078,0.0,0.0,-0.013500000000007617,0.0,-0.000999999999990564,0.0005,0.0,0.0206547,-0.1239282,-0.0,0.0137698,0.0206547,-0.0413094,-0.006085714285638,-0.05366178266111,-0.008981196581083999,0.0033803418804120005,0.0,0.0017419108669470002,0.027092434368288808,2.1598680000352033,0.2234049998151022,0.10233200009679422,0.0
pd,00:04:10.132,427,-90.001,-69.973,0.003,-89.962,-0.001,-0.0,0.0,0.0,0.0,0.0,0.0,0.0,-90.001,-70.0,0.003,-89.964,0.0,-0.0,-90.001,-69.9865,0.003,-89.963,-0.0005,0.0,0.0,-2.6185305216427186,0.0,-0.19396522382492715,0.0969826119126896,0.0,0.0,-0.013500000000007617,0.0,-0.000999999999990564,0.0005,0.0,0.0206547,-0.1239282,-0.0,0.0137698,0.0206547,-0.0413094,-0.006085714285638,-0.05366178266111,-0.008981196581083999,0.0033803418804120005,0.0,0.0017419108669470002,0.027092434368288808,1.7879830002129893,0.4181260001132614,0.126257999909285,0.0
pd,00:04:10.135,428,-90.001,-69.973,0.003,-89.962,-0.001,-0.0,0.0,0.0,0.0,0.0,0.0,0.0,-90.001,-70.0,0.003,-89.964,0.0,-0.0,-90.001,-69.9865,0.003,-89.963,-0.0005,0.0,0.0,-2.7513655976677427,0.0,-0.20380485908601675,0.10190242954324587,0.0,0.0,-0.013500000000007617,0.0,-0.000999999999990564,0.0005,0.0,0.0206547,-0.1239282,-0.0,0.0137698,0.0206547,-0.0413094,-0.006085714285638,-0.05366178266111,-0.008981196581083999,0.0033803418804120005,0.0,0.0017419108669470002,0.027092434368288808,1.7995749999499822,0.2958119998766051,0.08629600006315741,0.0
pd,00:04:10.137,429,-90.001,-69.983,0.003,-89.962,-0.001,-0.0,0.0,-4.422039008963781,0.0,0.0,0.0,0.0,-90.001,-70.0,0.003,-89.964,0.0,-0.0,-90.001,-69.54929609910363,0.003,-89.963,-0.0005,0.0,0.0,95.89277840512867,0.0,-0.22110195044756062,0.11055097522403795,0.0,0.0,0.43370390089637567,0.0,-0.000999999999990564,0.0005,0.0,0.0206547,-0.1239282,-0.0,0.0137698,0.0206547,-0.0413094,-0.006085714285638,-0.05366178266111,-0.008981196581083999,0.0033803418804120005,0.0,0.0017419108669470002,0.017146428199477648,1.7238350001207436,0.14036900029168464,0.060185000165802194,0.0
pd,00:04:10.139,430,-90.001,-69.983,0.003,-89.962,-0.001,-0.0,0.0,0.0,0.0,0.0,0.0,0.0,-90.001,-70.0,0.003,-89.964,0.0,-0.0,-90.001,-69.9915,0.003,-89.963,-0.0005,0.0,0.0,-2.135592668023926,0.0,-0.2512461962375839,0.1256230981190847,0.0,0.0,-0.008499999999997954,0.0,-0.000999999999990564,0.0005,0.0,0.0206547,-0.1239282,-0.0,0.0137698,0.0206547,-0.0413094,-0.006085714285638,-0.05366178266111,-0.008981196581083999,0.0033803418804120005,0.0,0.0017419108669470002,0.017146428199477648,1.7362419998789846,0.14061000001674984,0.06303600002866006,0.0
pd,00:04:10.141,431,-90.001,-69.983,0.003,-89.962,-0.001,-0.0,0.0,0.0,0.0,0.0,0.0,0.0,-90.001,-70.0,0.003,-89.964,0.0,-0.0,-90.001,-69.9915,0.003,-89.963,-0.0005,0.0,0.0,-1.7306594174753116,0.0,-0.2036069902907876,0.10180349514563107,0.0,0.0,-0.008499999999997954,0.0,-0.000999999999990564,0.0005,0.0,0.0206547,-0.1239282,-0.0,0.0137698,0.0206547,-0.0413094,-0.006085714285638,-0.05366178266111,-0.008981196581083999,0.0033803418804120005,0.0,0.0017419108669470002,0.017146428199477648,1.850055999966571,0.2779970000119647,0.18112800034941756,0.0
pd,00:04:10.144,432,-90.001,-69.983,0.003,-89.962,-0.001,-0.0,0.0,0.0,0.0,0.0,0.0,0.0,-90.001,-70.0,0.003,-89.964,0.0,-0.0,-90.001,-69.9915,0.003,-89.963,-0.0005,0.0,0.0,-1.7621383946219562,0.0,-0.20731039936685572,0.10365519968366943,0.0,0.0,-0.008499999999997954,0.0,-0.000999999999990564,0.0005,0.0,0.0413094,-0.0826188,-0.034424500000000004,-0.0206547,0.0619641,-0.0481943,-0.005842979242906,-0.05522222222153,-0.009431990231872,0.0030871489622130003,-0.00012072649572900001,0.0017591575091940002,0.017146428199477648,1.9640000000435975,0.35177400013708393,0.13579500000560074,0.0
pd,00:04:10.146,433,-90.001,-69.983,0.003,-89.962,-0.001,-0.0,0.0,0.0,0.0,0.0,0.0,0.0,-90.001,-70.0,0.003,-89.964,0.0,-0.0,-90.001,-69.9915,0.003,-89.963,-0.0005,0.0,0.0,-1.638851889307319,0.0,-0.19280610462398753,0.09640305231221845,0.0,0.0,-0.008499999999997954,0.0,-0.000999999999990564,0.0005,0.0,0.0413094,-0.0826188,-0.034424500000000004,-0.0206547,0.0619641,-0.0481943,-0.005842979242906,-0.05522222222153,-0.009431990231872,0.0030871489622130003,-0.00012072649572900001,0.0017591575091940002,0.017146428199477648,1.9744989999708196,0.3249599999435304,0.14098000019657775,0.0
pd,00:04:10.149,434,-90.001,-69.983,0.003,-89.962,-0.001,-0.0,0.0,0.0,0.0,0.0,0.0,0.0,-90.001,-70.0,0.003,-89.964,0.0,-0.0,-90.001,-69.9915,0.003,-89.963,-0.0005,0.0,0.0,-1.5908783578755652,0.0,-0.18716215974967537,0.09358107987505578,0.0,0.0,-0.008499999999997954,0.0,-0.000999999999990564,0.0005,0.0,0.0413094,-0.0826188,-0.034424500000000004,-0.0206547,0.0619641,-0.0481943,-0.005842979242906,-0.05522222222153,-0.009431990231872,0.0030871489622130003,-0.00012072649572900001,0.0017591575091940002,0.017146428199477648,1.8147969999517954,0.2106829997501336,0.07566499971289886,0.0
pd,00:04:10.151,435,-90.001,-69.983,0.003,-89.962,-0.001,-0.0,0.0,0.0,0.0,0.0,0.0,0.0,-90.001,-70.0,0.003,-89.964,0.0,-0.0,-90.001,-69.9915,0.003,-89.963,-0.0005,0.0,0.0,-1.9441369833128703,0.0,-0.22872199803633028,0.11436099901843168,0.0,0.0,-0.008499999999997954,0.0,-0.000999999999990564,0.0005,0.0,0.0413094,-0.0826188,-0.034424500000000004,-0.0206547,0.0619641,-0.0481943,-0.005842979242906,-0.05522222222153,-0.009431990231872,0.0030871489622130003,-0.00012072649572900001,0.0017591575091940002,0.017146428199477648,1.7356489997837343,0.17135000007328927,0.07509200031563523,0.0
pd,00:04:10.153,436,-90.001,-69.983,0.003,-89.962,-0.001,-0.0,0.0,0.0,0.0,0.0,0.0,0.0,-90.001,-70.0,0.003,-89.964,0.0,-0.0,-90.001,-69.9915,0.003,-89.963,-0.0005,0.0,0.0,-2.067957308584189,0.0,-0.2432890951270432,0.1216445475638051,0.0,0.0,-0.008499999999997954,0.0,-0.000999999999990564,0.0005,0.0,0.0413094,-0.0826188,-0.034424500000000004,-0.0206547,0.0619641,-0.0481943,-0.005842979242906,-0.05522222222153,-0.009431990231872,0.0030871489622130003,-0.00012072649572900001,0.0017591575091940002,0.017146428199477648,1.6888539998944907,0.13407300002654665,0.0655179997011146,0.0
pd,00:04:10.155,437,-90.001,-69.986,0.003,-89.962,-0.001,-0.0,0.0,-1.531140423460754,0.0,0.0,0.0,0.0,-90.001,-70.0,0.003,-89.964,0.0,-0.0,-90.001,-69.83988595765393,0.003,-89.963,-0.0005,0.0,0.0,37.28685277855453,0.0,-0.2551900705761879,0.12759503528839133,0.0,0.0,0.1461140423460705,0.0,-0.000999999999990564,0.0005,0.0,0.0413094,-0.0826188,-0.034424500000000004,-0.0206547,0.0619641,-0.0481943,-0.005842979242906,-0.05522222222153,-0.009431990231872,0.0030871489622130003,-0.00012072649572900001,0.0017591575091940002,0.014177446878753015,2.273162999699707,0.21114599985594396,0.10022100013884483,0.0
pd,00:04:10.158,438,-90.001,-69.986,0.003,-89.962,-0.001,-0.0,0.0,0.0,0.0,0.0,0.0,0.0,-90.001,-70.0,0.003,-89.964,0.0,-0.0,-90.001,-69.993,0.003,-89.963,-0.0005,0.0,0.0,-1.3106029818762244,0.0,-0.1872289974105091,0.09361449870547273,0.0,0.0,-0.006999999999990791,0.0,-0.000999999999990564,0.0005,0.0,0.0413094,-0.0826188,-0.034424500000000004,-0.0206547,0.0619641,-0.0481943,-0.005842979242906,-0.05522222222153,-0.009431990231872,0.0030871489622130003,-0.00012072649572900001,0.0017591575091940002,0.014177446878753015,2.0287199999984296,0.18007199969360954,0.08090700021057273,0.0
pd,00:04:10.161,439,-90.001,-69.986,0.003,-89.962,-0.001,-0.0,0.0,0.0,0.0,0.0,0.0,0.0,-90.001,-70.0,0.003,-89.964,0.0,-0.0,-90.001,-69.993,0.003,-89.963,-0.0005,0.0,0.0,-1.475828289936221,0.0,-0.21083261284760355,0.10541630642404745,0.0,0.0,-0.006999999999990791,0.0,-0.000999999999990564,0.0005,0.0,0.0413094,-0.0826188,-0.034424500000000004,-0.0206547,0.0619641,-0.0481943,-0.005842979242906,-0.05522222222153,-0.009431990231872,0.0030871489622130003,-0.00012072649572900001,0.0017591575091940002,0.014177446878753015,2.147867999610753,0.17922000006365124,0.08316500043292763,0.0
pd,00:04:10.163,440,-90.001,-69.986,0.003,-89.962,-0.001,-0.0,0.0,0.0,0.0,0.0,0.0,0.0,-90.001,-70.0,0.003,-89.964,0.0,-0.0,-90.001,-69.993,0.003,-89.963,-0.0005,0.0,0.0,-1.4030453980689659,0.0,-0.20043505686658822,0.10021752843352767,0.0,0.0,-0.006999999999990791,0.0,-0.000999999999990564,0.0005,0.0,-0.0137698,0.0137698,0.0275396,-0.0206547,-0.0206547,0.0068849,-0.0060683760683,-0.055950427349725995,-0.008669108669,0.00224206349211,-0.000638125763139,0.001500457875489,0.014177446878753015,1.8462230000295676,0.20957200013071997,0.10249900014969171,0.0
pd,00:04:10.166,441,-90.001,-69.986,0.003,-89.962,-0.001,-0.0,0.0,0.0,0.0,0.0,0.0,0.0,-90.001,-70.0,0.003,-89.964,0.0,-0.0,-90.001,-69.993,0.003,-89.963,-0.0005,0.0,0.0,-1.2965963610665596,0.0,-0.18522805158056108,0.09261402579049638,0.0,0.0,-0.006999999999990791,0.0,-0.000999999999990564,0.0005,0.0,-0.0137698,0.0137698,0.0275396,-0.0206547,-0.0206547,0.0068849,-0.0060683760683,-0.055950427349725995,-0.008669108669,0.00224206349211,-0.000638125763139,0.001500457875489,0.014177446878753015,2.586401000371552,0.24803399992379127,0.12040599995088996,0.0
pd,00:04:10.169,442,-90.001,-69.986,0.003,-89.962,-0.001,-0.0,0.0,0.0,0.0,0.0,0.0,0.0,-90.001,-70.0,0.003,-89.964,0.0,-0.0,-90.001,-69.993,0.003,-89.963,-0.0005,0.0,0.0,-1.1314986896867265,0.0,-0.1616426699549185,0.08082133497764761,0.0,0.0,-0.006999999999990791,0.0,-0.000999999999990564,0.0005,0.0,-0.0137698,0.0137698,0.0275396,-0.0206547,-0.0206547,0.0068849,-0.0060683760683,-0.055950427349725995,-0.008669108669,0.00224206349211,-0.000638125763139,0.001500457875489,0.014177446878753015,1.752370999838604,0.15186900009211968,0.06272200016610441,0.0
pd,00:04:10.171,443,-90.001,-69.986,0.003,-89.962,-0.001,-0.0,0.0,0.0,0.0,0.0,0.0,0.0,-90.001,-70.0,0.003,-89.964,0.0,-0.0,-90.001,-69.993,0.003,-89.963,-0.0005,0.0,0.0,-1.720992262602062,0.0,-0.24585603751408117,0.12292801875732709,0.0,0.0,-0.006999999999990791,0.0,-0.000999999999990564,0.0005,0.0,-0.0137698,0.0137698,0.0275396,-0.0206547,-0.0206547,0.0068849,-0.0060683760683,-0.055950427349725995,-0.008669108669,0.00224206349211,-0.000638125763139,0.001500457875489,0.014177446878753015,1.7443159999857016,0.2661640000951593,0.12449799987734878,0.0
pd,00:04:10.173,444,-90.001,-69.986,0.003,-89.962,-0.001,-0.0,0.0,0.0,0.0,0.0,0.0,0.0,-90.001,-70.0,0.003,-89.964,0.0,-0.0,-90.001,-69.993,0.003,-89.963,-0.0005,0.0,0.0,-1.5607127365506686,0.0,-0.2229589623639286,0.11147948118222412,0.0,0.0,-0.006999999999990791,0.0,-0.000999999999990564,0.0005,0.0,-0.0137698,0.0137698,0.0275396,-0.0206547,-0.0206547,0.0068849,-0.0060683760683,-0.055950427349725995,-0.008669108669,0.00224206349211,-0.000638125763139,0.001500457875489,0.014177446878753015,1.9385360001251684,0.24294200011354405,0.11322099999233615,0.0
pd,00:04:10.175,445,-90.001,-69.986,0.003,-89.962,-0.001,-0.0,0.0,0.0,0.0,0.0,0.0,0.0,-90.001,-70.0,0.003,-89.964,0.0,-0.0,-90.001,-69.993,0.003,-89.963,-0.0005,0.0,0.0,-1.43696789349996,0.0,-0.20528112764243464,0.10264056382145655,0.0,0.0,-0.006999999999990791,0.0,-0.000999999999990564,0.0005,0.0,-0.0137698,0.0137698,0.0275396,-0.0206547,-0.0206547,0.0068849,-0.0060683760683,-0.055950427349725995,-0.008669108669,0.00224206349211,-0.000638125763139,0.001500457875489,0.014177446878753015,1.869721999810281,0.184238999736408,0.08981400014818064,0.0
pd,00:04:10.178,446,-90.001,-69.988,0.003,-89.962,-0.001,-0.0,0.0,-0.8990041796142375,0.0,0.0,0.0,0.0,-90.001,-70.0,0.003,-89.964,0.0,-0.0,-90.001,-69.90409958203858,0.003,-89.963,-0.0005,0.0,0.0,18.856706604719246,0.0,-0.22475104490355938,0.11237552245204159,0.0,0.0,0.08390041796141645,0.0,-0.000999999999990564,0.0005,0.0,-0.0137698,0.0137698,0.0275396,-0.0206547,-0.0206547,0.0068849,-0.0060683760683,-0.055950427349725995,-0.008669108669,0.00224206349211,-0.000638125763139,0.001500457875489,0.012206555615733387,2.0155729998805327,0.21523900022657472,0.08070300009421771,0.0
pd,00:04:10.180,447,-90.001,-69.988,0.003,-89.962,-0.001,-0.0,0.0,0.0,0.0,0.0,0.0,0.0,-90.001,-70.0,0.003,-89.964,0.0,-0.0,-90.001,-69.994,0.003,-89.963,-0.0005,0.0,0.0,-1.255153316708277,0.0,-0.20919221945088404,0.10459610972568578,0.0,0.0,-0.006000000000000227,0.0,-0.000999999999990564,0.0005,0.0,-0.0137698,0.0137698,0.0275396,-0.0206547,-0.0206547,0.0068849,-0.0060683760683,-0.055950427349725995,-0.008669108669,0.00224206349211,-0.000638125763139,0.001500457875489,0.012206555615733387,2.0225359999130887,0.26408999974592007,0.09749899982125498,0.0
pd,00:04:10.182,448,-90.001,-69.988,0.003,-89.962,-0.001,-0.0,0.0,0.0,0.0,0.0,0.0,0.0,-90.001,-70.0,0.003,-89.964,0.0,-0.0,-90.001,-69.994,0.003,-89.963,-0.0005,0.0,0.0,-1.2158577640352186,0.0,-0.20264296067205648,0.10132148033626437,0.0,0.0,-0.006000000000000227,0.0,-0.000999999999990564,0.0005,0.0,-0.0068849,0.0275396,-0.0206547,0.0206547,-0.0413094,-0.0137698,-0.005530891330822,-0.056990720390006,-0.008339682539578,0.0035700549451290003,-0.00012072649572900001,0.0017419108669470002,0.012206555615733387,1.859167000020534,0.2093129996865173,0.2072019997285679,0.0
pd,00:04:10.185,449,-90.001,-69.988,0.003,-89.962,-0.001,-0.0,0.0,0.0,0.0,0.0,0.0,0.0,-90.001,-70.0,0.003,-89.964,0.0,-0.0,-90.001,-69.994,0.003,-89.963,-0.0005,0.0,0.0,-1.2648685162847282,0.0,-0.21081141938028874,0.10540570969039004,0.0,0.0,-0.006000000000000227,0.0,-0.000999999999990564,0.0005,0.0,-0.0068849,0.0275396,-0.0206547,0.0206547,-0.0413094,-0.0137698,-0.005530891330822,-0.056990720390006,-0.008339682539578,0.0035700549451290003,-0.00012072649572900001,0.0017419108669470002,0.012206555615733387,2.7781769999819517,0.24801600011414848,0.11968399985562428,0.0
pd,00:04:10.188,450,-90.001,-69.988,0.003,-89.962,-0.001,-0.0,0.0,0.0,0.0,0.0,0.0,0.0,-90.001,-70.0,0.003,-89.964,0.0,-0.0,-90.001,-69.994,0.003,-89.963,-0.0005,0.0,0.0,-0.9231776962582888,0.0,-0.15386294937601705,0.07693147468818783,0.0,0.0,-0.006000000000000227,0.0,-0.000999999999990564,0.0005,0.0,-0.0068849,0.0275396,-0.0206547,0.0206547,-0.0413094,-0.0137698,-0.005530891330822,-0.056990720390006,-0.008339682539578,0.0035700549451290003,-0.00012072649572900001,0.0017419108669470002,0.012206555615733387,1.8302780003978114,0.16968300042208284,0.07157299978644005,0.0
pd,00:04:10.191,451,-90.001,-69.988,0.003,-89.962,-0.001,-0.0,0.0,0.0,0.0,0.0,0.0,0.0,-90.001,-70.0,0.003,-89.964,0.0,-0.0,-90.001,-69.994,0.003,-89.963,-0.0005,0.0,0.0,-1.1686553357481635,0.0,-0.19477588929089926,0.0973879446456766,0.0,0.0,-0.006000000000000227,0.0,-0.000999999999990564,0.0005,0.0,-0.0068849,0.0275396,-0.0206547,0.0206547,-0.0413094,-0.0137698,-0.005530891330822,-0.056990720390006,-0.008339682539578,0.0035700549451290003,-0.00012072649572900001,0.0017419108669470002,0.012206555615733387,1.8484259999240749,0.24814600010358845,0.09536900006423821,0.0
pd,00:04:10.193,452,-90.001,-69.988,0.003,-89.962,-0.001,-0.0,0.0,0.0,0.0,0.0,0.0,0.0,-90.001,-70.0,0.003,-89.964,0.0,-0.0,-90.001,-69.994,0.003,-89.963,-0.0005,0.0,0.0,-1.3118131776480897,0.0,-0.21863552960749713,0.10931776480400333,0.0,0.0,-0.006000000000000227,0.0,-0.000999999999990564,0.0005,0.0,-0.0068849,0.0275396,-0.0206547,0.0206547,-0.0413094,-0.0137698,-0.005530891330822,-0.056990720390006,-0.008339682539578,0.0035700549451290003,-0.00012072649572900001,0.0017419108669470002,0.012206555615733387,1.7209090001415461,0.1949610000337998,0.0704809999660938,0.0
pd,00:04:10.195,453,-90.001,-69.988,0.003,-89.962,-0.001,-0.0,0.0,0.0,0.0,0.0,0.0,0.0,-90.001,-70.0,0.003,-89.964,0.0,-0.0,-90.001,-69.994,0.003,-89.963,-0.0005,0.0,0.0,-1.4566927529521274,0.0,-0.2427821254914462,0.12139106274600603,0.0,0.0,-0.006000000000000227,0.0,-0.000999999999990564,0.0005,0.0,-0.0068849,0.0275396,-0.0206547,0.0206547,-0.0413094,-0.0137698,-0.005530891330822,-0.056990720390006,-0.008339682539578,0.0035700549451290003,-0.00012072649572900001,0.0017419108669470002,0.012206555615733387,1.9955169996137556,0.2701820003494504,0.23060900002747076,0.0
pd,00:04:10.198,454,-90.001,-69.989,0.003,-89.962,-0.001,-0.0,0.0,-0.3815084591613632,0.0,0.0,0.0,0.0,-90.001,-70.0,0.003,-89.964,0.0,-0.0,-90.001,-69.95634915408387,0.003,-89.963,-0.0005,0.0,0.0,6.228286957860801,0.0,-0.19075422957932622,0.09537711478988539,0.0,0.0,0.03265084591613743,0.0,-0.000999999999990564,0.0005,0.0,-0.0068849,0.0275396,-0.0206547,0.0206547,-0.0413094,-0.0137698,-0.005530891330822,-0.056990720390006,-0.008339682539578,0.0035700549451290003,-0.00012072649572900001,0.0017419108669470002,0.011224972160316761,1.791204000255675,0.1904429996102408,0.06683199990220601,0.0
pd,00:04:10.200,455,-90.001,-69.989,0.003,-89.962,-0.001,-0.0,0.0,0.0,0.0,0.0,0.0,0.0,-90.001,-70.0,0.003,-89.964,0.0,-0.0,-90.001,-69.9945,0.003,-89.963,-0.0005,0.0,0.0,-1.2718420994591983,0.0,-0.23124401808304249,0.11562200904179072,0.0,0.0,-0.00549999999999784,0.0,-0.000999999999990564,0.0005,0.0,-0.0068849,0.0275396,-0.0206547,0.0206547,-0.0413094,-0.0137698,-0.005530891330822,-0.056990720390006,-0.008339682539578,0.0035700549451290003,-0.00012072649572900001,0.0017419108669470002,0.011224972160316761,1.7315390000476327,0.16257300012512133,0.07133300005079946,0.0
pd,00:04:10.202,456,-90.001,-69.989,0.003,-89.962,-0.001,-0.0,0.0,0.0,0.0,0.0,0.0,0.0,-90.001,-70.0,0.003,-89.964,0.0,-0.0,-90.001,-69.9945,0.003,-89.963,-0.0005,0.0,0.0,-1.3507829956664095,0.0,-0.2455969083025076,0.12279845415153999,0.0,0.0,-0.00549999999999784,0.0,-0.000999999999990564,0.0005,0.0,-0.0068849,0.0275396,-0.0413094,0.0413094,-0.0413094,0.034424500000000004,-0.005530891330822,-0.056990720390006,-0.008634432234324,0.0028801892552490003,-1.7246642247e-05,0.00241452991458,0.011224972160316761,2.105442000356561,0.4450700002962549,0.20344299991847947,0.0
pd,00:04:10.205,457,-90.001,-69.989,0.003,-89.962,-0.001,-0.0,0.0,0.0,0.0,0.0,0.0,0.0,-90.001,-70.0,0.003,-89.964,0.0,-0.0,-90.001,-69.9945,0.003,-89.963,-0.0005,0.0,0.0,-0.9538026957740403,0.0,-0.17341867195858038,0.08670933597949226,0.0,0.0,-0.00549999999999784,0.0,-0.000999999999990564,0.0005,0.0,0.0413094,-0.0481943,-0.0413094,0.0413094,-0.0413094,0.034424500000000004,-0.007073992673904,-0.057632234431512,-0.008634432234324,0.0028801892552490003,-1.7246642247e-05,0.00241452991458,0.011224972160316761,3.382169999895268,0.2625530000841536,0.17792399967220263,0.0
pd,00:04:10.209,458,-90.001,-69.989,0.003,-89.962,-0.001,-0.0,0.0,0.0,0.0,0.0,0.0,0.0,-90.001,-70.0,0.003,-89.964,0.0,-0.0,-90.001,-69.9945,0.003,-89.963,-0.0005,0.0,0.0,-0.6850181731794435,0.0,-0.12454875875965747,0.06227437937997387,0.0,0.0,-0.00549999999999784,0.0,-0.000999999999990564,0.0005,0.0,0.0413094,-0.0481943,-0.0413094,0.0413094,-0.0413094,0.034424500000000004,-0.007073992673904,-0.057632234431512,-0.008634432234324,0.0028801892552490003,-1.7246642247e-05,0.00241452991458,0.011224972160316761,1.9074249998993764,0.2606819998618448,0.21988699973007897,0.0
pd,00:04:10.211,459,-90.001,-69.989,0.003,-89.962,-0.001,-0.0,0.0,0.0,0.0,0.0,0.0,0.0,-90.001,-70.0,0.003,-89.964,0.0,-0.0,-90.001,-69.9945,0.003,-89.963,-0.0005,0.0,0.0,-1.097254185692111,0.0,-0.19950076103454265,0.0997503805175038,0.0,0.0,-0.00549999999999784,0.0,-0.000999999999990564,0.0005,0.0,0.0413094,-0.0481943,-0.0413094,0.0413094,-0.0413094,0.034424500000000004,-0.007073992673904,-0.057632234431512,-0.008634432234324,0.0028801892552490003,-1.7246642247e-05,0.00241452991458,0.011224972160316761,1.8200560002696875,0.2859229998648516,0.0872390000949963,0.0
pd,00:04:10.213,460,-90.001,-69.989,0.003,-89.962,-0.001,-0.0,0.0,0.0,0.0,0.0,0.0,0.0,-90.001,-70.0,0.003,-89.964,0.0,-0.0,-90.001,-69.9945,0.003,-89.963,-0.0005,0.0,0.0,-1.2084165531687239,0.0,-0.21971210057570587,0.10985605028810896,0.0,0.0,-0.00549999999999784,0.0,-0.000999999999990564,0.0005,0.0,0.0413094,-0.0481943,-0.0413094,0.0413094,-0.0413094,0.034424500000000004,-0.007073992673904,-0.057632234431512,-0.008634432234324,0.0028801892552490003,-1.7246642247e-05,0.00241452991458,0.011224972160316761,2.525475999846094,0.22768300004827324,0.17118400000981637,0.0
pd,00:04:10.217,461,-90.001,-69.989,0.003,-89.962,-0.001,-0.0,0.0,0.0,0.0,0.0,0.0,0.0,-90.001,-70.0,0.003,-89.964,0.0,-0.0,-90.001,-69.9945,0.003,-89.963,-0.0005,0.0,0.0,-0.7425219518472685,0.0,-0.1350039912446963,0.06750199562250547,0.0,0.0,-0.00549999999999784,0.0,-0.000999999999990564,0.0005,0.0,0.0413094,-0.0481943,-0.0413094,0.0413094,-0.0413094,0.034424500000000004,-0.007073992673904,-0.057632234431512,-0.008634432234324,0.0028801892552490003,-1.7246642247e-05,0.00241452991458,0.011224972160316761,1.913980999688647,0.41942100006053806,0.12948099993081996,0.0
pd,00:04:10.220,462,-90.001,-69.989,0.003,-89.962,-0.001,-0.0,0.0,0.0,0.0,0.0,0.0,0.0,-90.001,-70.0,0.003,-89.964,0.0,-0.0,-90.001,-69.9945,0.003,-89.963,-0.0005,0.0,0.0,-1.0642494925258783,0.0,-0.19349990773160292,0.09674995386602694,0.0,0.0,-0.00549999999999784,0.0,-0.000999999999990564,0.0005,0.0,0.0413094,-0.0481943,-0.0413094,0.0413094,-0.0413094,0.034424500000000004,-0.007073992673904,-0.057632234431512,-0.008634432234324,0.0028801892552490003,-1.7246642247e-05,0.00241452991458,0.011224972160316761,1.9227409998165967,0.20333200018285424,0.08603599962953012,0.0
pd,00:04:10.222,463,-90.001,-69.989,0.003,-89.962,-0.001,-0.0,0.0,0.0,0.0,0.0,0.0,0.0,-90.001,-70.0,0.003,-89.964,0.0,-0.0,-90.001,-69.9945,0.003,-89.963,-0.0005,0.0,0.0,-1.197874753348787,0.0,-0.2177954096993574,0.1088977048499325,0.0,0.0,-0.00549999999999784,0.0,-0.000999999999990564,0.0005,0.0,-0.034424500000000004,0.0206547,0.0413094,0.0068849,-0.0137698,0.0137698,-0.006467155067074,-0.057528205127484,-0.009986813186687999,0.0036217948718700005,-0.000551892551904,0.0017419108669470002,0.011224972160316761,2.944063999620994,0.27486699991641217,0.14623900005972246,0.0
pd,00:04:10.226,464,-90.001,-69.989,0.003,-89.962,-0.001,-0.0,0.0,0.0,0.0,0.0,0.0,0.0,-90.001,-70.0,0.003,-89.964,0.0,-0.0,-90.001,-69.9945,0.003,-89.963,-0.0005,0.0,0.0,-0.7896444170600034,0.0,-0.14357171219244969,0.07178585609639214,0.0,0.0,-0.00549999999999784,0.0,-0.000999999999990564,0.0005,0.0,-0.034424500000000004,0.0206547,0.0413094,0.0068849,-0.0137698,0.0137698,-0.006467155067074,-0.057528205127484,-0.009986813186687999,0.0036217948718700005,-0.000551892551904,0.0017419108669470002,0.011224972160316761,2.2634590000052413,0.26783100020111306,0.13086899980407907,0.0
pd,00:04:10.228,465,-90.001,-69.989,0.003,-89.962,-0.001,-0.0,0.0,0.0,0.0,0.0,0.0,0.0,-90.001,-70.0,0.003,-89.964,0.0,-0.0,-90.001,-69.9945,0.003,-89.963,-0.0005,0.0,0.0,-0.9907521044490182,0.0,-0.18013674626310877,0.0900683731317643,0.0,0.0,-0.00549999999999784,0.0,-0.000999999999990564,0.0005,0.0,-0.034424500000000004,0.0206547,0.0413094,0.0068849,-0.0137698,0.0137698,-0.006467155067074,-0.057528205127484,-0.009986813186687999,0.0036217948718700005,-0.000551892551904,0.0017419108669470002,0.011224972160316761,2.244275000066409,0.2436270001453522,0.11951800024689874,0.0
pd,00:04:10.231,466,-90.001,-69.989,0.003,-89.962,-0.001,-0.0,0.0,0.0,0.0,0.0,0.0,0.0,-90.001,-70.0,0.003,-89.964,0.0,-0.0,-90.001,-69.9945,0.003,-89.963,-0.0005,0.0,0.0,-1.012761085257307,0.0,-0.18413837913733536,0.09206918956888226,0.0,0.0,-0.00549999999999784,0.0,-0.000999999999990564,0.0005,0.0,-0.034424500000000004,0.0206547,0.0413094,0.0068849,-0.0137698,0.0137698,-0.006467155067074,-0.057528205127484,-0.009986813186687999,0.0036217948718700005,-0.000551892551904,0.0017419108669470002,0.011224972160316761,2.13857199969425,0.2941820002888562,0.10275800013914704,0.0
pd,00:04:10.234,467,-90.001,-69.989,0.003,-89.962,-0.001,-0.0,0.0,0.0,0.0,0.0,0.0,0.0,-90.001,-70.0,0.003,-89.964,0.0,-0.0,-90.001,-69.9945,0.003,-89.963,-0.0005,0.0,0.0,-1.047718775546868,0.0,-0.19049432282633413,0.09524716141338904,0.0,0.0,-0.00549999999999784,0.0,-0.000999999999990564,0.0005,0.0,-0.034424500000000004,0.0206547,0.0413094,0.0068849,-0.0137698,0.0137698,-0.006467155067074,-0.057528205127484,-0.009986813186687999,0.0036217948718700005,-0.000551892551904,0.0017419108669470002,0.011224972160316761,1.7545199998494354,0.14701700001751306,0.06029600035617477,0.0
pd,00:04:10.236,468,-90.001,-69.989,0.003,-89.962,-0.001,-0.0,0.0,0.0,0.0,0.0,0.0,0.0,-90.001,-70.0,0.003,-89.964,0.0,-0.0,-90.001,-69.9945,0.003,-89.963,-0.0005,0.0,0.0,-1.355864111907308,0.0,-0.24652074761903284,0.12326037380980369,0.0,0.0,-0.00549999999999784,0.0,-0.000999999999990564,0.0005,0.0,-0.034424500000000004,0.0206547,0.0413094,0.0068849,-0.0137698,0.0137698,-0.006467155067074,-0.057528205127484,-0.009986813186687999,0.0036217948718700005,-0.000551892551904,0.0017419108669470002,0.011224972160316761,1.880684999832738,0.17831300010584528,0.08425899977737572,0.0
pd,00:04:10.238,469,-90.001,-69.989,0.003,-89.962,-0.001,-0.0,0.0,0.0,0.0,0.0,0.0,0.0,-90.001,-70.0,0.003,-89.964,0.0,-0.0,-90.001,-69.9945,0.003,-89.963,-0.0005,0.0,0.0,-1.2385199183931568,0.0,-0.22518543970741034,0.11259271985396757,0.0,0.0,-0.00549999999999784,0.0,-0.000999999999990564,0.0005,0.0,-0.034424500000000004,0.0206547,0.0413094,0.0068849,-0.0137698,0.0137698,-0.006467155067074,-0.057528205127484,-0.009986813186687999,0.0036217948718700005,-0.000551892551904,0.0017419108669470002,0.011224972160316761,1.8015370001194242,0.15598000027239323,0.07027800029391074,0.0
pd,00:04:10.240,470,-90.001,-69.989,0.003,-89.962,-0.001,-0.0,0.0,0.0,0.0,0.0,0.0,0.0,-90.001,-70.0,0.003,-89.964,0.0,-0.0,-90.001,-69.9945,0.003,-89.963,-0.0005,0.0,0.0,-1.3102733159145143,0.0,-0.2382315119839955,0.11911575599227536,0.0,0.0,-0.00549999999999784,0.0,-0.000999999999990564,0.0005,0.0,-0.034424500000000004,0.0206547,0.0413094,0.0068849,-0.0137698,0.0137698,-0.006467155067074,-0.057528205127484,-0.009986813186687999,0.0036217948718700005,-0.000551892551904,0.0017419108669470002,0.011224972160316761,1.8254819997309824,0.24416399992333027,0.11959100038438919,0.0
pd,00:04:10.243,471,-90.001,-69.989,0.003,-89.962,-0.001,-0.0,0.0,0.0,0.0,0.0,0.0,0.0,-90.001,-70.0,0.003,-89.964,0.0,-0.0,-90.001,-69.9945,0.003,-89.963,-0.0005,0.0,0.0,-0.9909223367693702,0.0,-0.18016769759408183,0.09008384879725086,0.0,0.0,-0.00549999999999784,0.0,-0.000999999999990564,0.0005,0.0,-0.0206547,-0.0275396,0.0550792,0.0413094,-0.0068849,-0.0137698,-0.00580830280823,-0.057008058607343995,-0.009484004883886,0.0035700549451290003,-0.000551892551904,0.0018281440781820002,0.011224972160316761,2.018610000050103,0.24533099986001616,0.11316600011923583,0.0
pd,00:04:10.245,472,-90.001,-69.989,0.003,-89.962,-0.001,-0.0,0.0,0.0,0.0,0.0,0.0,0.0,-90.001,-70.0,0.003,-89.964,0.0,-0.0,-90.001,-69.9945,0.003,-89.963,-0.0005,0.0,0.0,-1.1068358123016477,0.0,-0.20124287496354595,0.10062143748200748,0.0,0.0,-0.00549999999999784,0.0,-0.000999999999990564,0.0005,0.0,-0.0206547,-0.0275396,0.0550792,0.0413094,-0.0068849,-0.0137698,-0.00580830280823,-0.057008058607343995,-0.009484004883886,0.0035700549451290003,-0.000551892551904,0.0018281440781820002,0.011224972160316761,2.002480000101059,0.2285350001329789,0.10447999966345378,0.0
pd,00:04:10.248,473,-90.001,-69.989,0.003,-89.962,-0.001,-0.0,0.0,0.0,0.0,0.0,0.0,0.0,-90.001,-70.0,0.003,-89.964,0.0,-0.0,-90.001,-69.9945,0.003,-89.963,-0.0005,0.0,0.0,-1.1287147470393846,0.0,-0.2052208630976722,0.10261043154907526,0.0,0.0,-0.00549999999999784,0.0,-0.000999999999990564,0.0005,0.0,-0.0206547,-0.0275396,0.0550792,0.0413094,-0.0068849,-0.0137698,-0.00580830280823,-0.057008058607343995,-0.009484004883886,0.0035700549451290003,-0.000551892551904,0.0018281440781820002,0.011224972160316761,1.8679069999052444,0.2357200000915327,0.12214699972901144,0.0
pd,00:04:10.250,474,-90.001,-69.989,0.003,-89.962,-0.001,-0.0,0.0,0.0,0.0,0.0,0.0,0.0,-90.001,-70.0,0.003,-89.964,0.0,-0.0,-90.001,-69.9945,0.003,-89.963,-0.0005,0.0,0.0,-1.1770931727722695,0.0,-0.2140169405036343,0.10700847025206654,0.0,0.0,-0.00549999999999784,0.0,-0.000999999999990564,0.0005,0.0,-0.0206547,-0.0275396,0.0550792,0.0413094,-0.0068849,-0.0137698,-0.00580830280823,-0.057008058607343995,-0.009484004883886,0.0035700549451290003,-0.000551892551904,0.0018281440781820002,0.011224972160316761,1.914388999921357,0.2209980002589873,0.10253599975840189,0.0
pd,00:04:10.252,475,-90.001,-69.989,0.003,-89.962,-0.001,-0.0,0.0,0.0,0.0,0.0,0.0,0.0,-90.001,-70.0,0.003,-89.964,0.0,-0.0,-90.001,-69.9945,0.003,-89.963,-0.0005,0.0,0.0,-1.1797418431006925,0.0,-0.21449851692698296,0.10724925846374143,0.0,0.0,-0.00549999999999784,0.0,-0.000999999999990564,0.0005,0.0,-0.0206547,-0.0275396,0.0550792,0.0413094,-0.0068849,-0.0137698,-0.00580830280823,-0.057008058607343995,-0.009484004883886,0.0035700549451290003,-0.000551892551904,0.0018281440781820002,0.011224972160316761,1.7519650000394904,0.16825800003061886,0.0752949999878183,0.0
pd,00:04:10.254,476,-90.001,-69.989,0.003,-89.962,-0.001,-0.0,0.0,0.0,0.0,0.0,0.0,0.0,-90.001,-70.0,0.003,-89.964,0.0,-0.0,-90.001,-69.9945,0.003,-89.963,-0.0005,0.0,0.0,-1.327005982512134,0.0,-0.24127381500173867,0.12063690750115048,0.0,0.0,-0.00549999999999784,0.0,-0.000999999999990564,0.0005,0.0,-0.0206547,-0.0275396,0.0550792,0.0413094,-0.0068849,-0.0137698,-0.00580830280823,-0.057008058607343995,-0.009484004883886,0.0035700549451290003,-0.000551892551904,0.0018281440781820002,0.011224972160316761,1.6834830003062962,0.13638800010085106,0.06883199966978282,0.0
pd,00:04:10.256,477,-90.001,-69.989,0.003,-89.962,-0.001,-0.0,0.0,0.0,0.0,0.0,0.0,0.0,-90.001,-70.0,0.003,-89.964,0.0,-0.0,-90.001,-69.9945,0.003,-89.963,-0.0005,0.0,0.0,-1.402691961570652,0.0,-0.2550349021032607,0.12751745105192752,0.0,0.0,-0.00549999999999784,0.0,-0.000999999999990564,0.0005,0.0,-0.0206547,-0.0275396,0.0550792,0.0413094,-0.0068849,-0.0137698,-0.00580830280823,-0.057008058607343995,-0.009484004883886,0.0035700549451290003,-0.000551892551904,0.0018281440781820002,0.011224972160316761,2.108349999616621,0.29825600040567224,0.09781399967323523,0.0
pd,00:04:10.259,478,-90.001,-69.989,0.003,-89.962,-0.001,-0.0,0.0,0.0,0.0,0.0,0.0,0.0,-90.001,-70.0,0.003,-89.964,0.0,-0.0,-90.001,-69.9945,0.003,-89.963,-0.0005,0.0,0.0,-1.0602386248731932,0.0,-0.19277065906747978,0.09638532953396452,0.0,0.0,-0.00549999999999784,0.0,-0.000999999999990564,0.0005,0.0,-0.0206547,-0.0275396,0.0550792,0.0413094,-0.0068849,-0.0137698,-0.00580830280823,-0.057008058607343995,-0.009484004883886,0.0035700549451290003,-0.000551892551904,0.0018281440781820002,0.011224972160316761,1.914444999783882,0.24238700007117586,0.11383199989722925,0.0
pd,00:04:10.261,479,-90.001,-69.989,0.003,-89.962,-0.001,-0.0,0.0,0.0,0.0,0.0,0.0,0.0,-90.001,-70.0,0.003,-89.964,0.0,-0.0,-90.001,-69.9945,0.003,-89.963,-0.0005,0.0,0.0,-1.1566722823902398,0.0,-0.2103040513432724,0.10515202567188127,0.0,0.0,-0.00549999999999784,0.0,-0.000999999999990564,0.0005,0.0,-0.0206547,-0.0275396,0.0550792,0.0413094,-0.0068849,-0.0137698,-0.00580830280823,-0.057008058607343995,-0.009484004883886,0.0035700549451290003,-0.000551892551904,0.0018281440781820002,0.011224972160316761,1.7420939998373797,0.2059789999293571,0.07788799985064543,0.0
pd,00:04:10.263,480,-90.001,-69.989,0.003,-89.962,-0.001,-0.0,0.0,0.0,0.0,0.0,0.0,0.0,-90.001,-70.0,0.003,-89.964,0.0,-0.0,-90.001,-69.9945,0.003,-89.963,-0.0005,0.0,0.0,-1.3089350885151465,0.0,-0.23798819791138362,0.11899409895596913,0.0,0.0,-0.00549999999999784,0.0,-0.000999999999990564,0.0005,0.0,0.0,-0.0963886,0.034424500000000004,0.0068849,-0.0068849,-0.0481943,-0.005999023198948,-0.058187057386328,-0.008877167277056,0.00327686202693,-0.000137973137976,0.002276556776604,0.011224972160316761,2.1829420002177358,0.1944609998645319,0.08773999979894143,0.0
pd,00:04:10.267,481,-90.001,-69.989,0.003,-89.962,-0.001,-0.0,0.0,0.0,0.0,0.0,0.0,0.0,-90.001,-70.0,0.003,-89.964,0.0,-0.0,-90.001,-69.9945,0.003,-89.963,-0.0005,0.0,0.0,-0.9146975416332649,0.0,-0.1663086439329986,0.0831543219666931,0.0,0.0,-0.00549999999999784,0.0,-0.000999999999990564,0.0005,0.0,0.0,-0.0963886,0.034424500000000004,0.0068849,-0.0068849,-0.0481943,-0.005999023198948,-0.058187057386328,-0.008877167277056,0.00327686202693,-0.000137973137976,0.002276556776604,0.011224972160316761,2.1874409999327327,0.2420340001663135,0.10711000004448579,0.0
pd,00:04:10.269,482,-90.001,-69.989,0.003,-89.962,-0.001,-0.0,0.0,0.0,0.0,0.0,0.0,0.0,-90.001,-70.0,0.003,-89.964,0.0,-0.0,-90.001,-69.9945,0.003,-89.963,-0.0005,0.0,0.0,-1.0429818247577058,0.0,-0.18963305904648814,0.09481652952346506,0.0,0.0,-0.00549999999999784,0.0,-0.000999999999990564,0.0005,0.0,0.0,-0.0963886,0.034424500000000004,0.0068849,-0.0068849,-0.0481943,-0.005999023198948,-0.058187057386328,-0.008877167277056,0.00327686202693,-0.000137973137976,0.002276556776604,0.011224972160316761,1.6930390002016793,0.14547999990099925,0.06212900007085409,0.0
pd,00:04:10.271,483,-90.001,-69.989,0.003,-89.962,-0.001,-0.0,0.0,0.0,0.0,0.0,0.0,0.0,-90.001,-70.0,0.003,-89.964,0.0,-0.0,-90.001,-69.9945,0.003,-89.963,-0.0005,0.0,0.0,-1.3984403491750086,0.0,-0.25426188166769065,0.12713094083414161,0.0,0.0,-0.00549999999999784,0.0,-0.000999999999990564,0.0005,0.0,0.0,-0.0963886,0.034424500000000004,0.0068849,-0.0068849,-0.0481943,-0.005999023198948,-0.058187057386328,-0.008877167277056,0.00327686202693,-0.000137973137976,0.002276556776604,0.011224972160316761,1.7863149996628636,0.2836089997799718,0.11890600035258103,0.0
pd,00:04:10.273,484,-90.001,-69.989,0.003,-89.962,-0.001,-0.0,0.0,0.0,0.0,0.0,0.0,0.0,-90.001,-70.0,0.003,-89.964,0.0,-0.0,-90.001,-69.9945,0.003,-89.963,-0.0005,0.0,0.0,-1.1989954261949554,0.0,-0.21799916839866035,0.1089995841995842,0.0,0.0,-0.00549999999999784,0.0,-0.000999999999990564,0.0005,0.0,0.0,-0.0963886,0.034424500000000004,0.0068849,-0.0068849,-0.0481943,-0.005999023198948,-0.058187057386328,-0.008877167277056,0.00327686202693,-0.000137973137976,0.002276556776604,0.011224972160316761,2.0164250004199857,0.2284419997522491,0.10968400010824553,0.0
pd,00:04:10.276,485,-90.001,-69.989,0.003,-89.962,-0.001,-0.0,0.0,0.0,0.0,0.0,0.0,0.0,-90.001,-70.0,0.003,-89.964,0.0,-0.0,-90.001,-69.9945,0.003,-89.963,-0.0005,0.0,0.0,-1.1225631143547903,0.0,-0.20410238442774817,0.10205119221411192,0.0,0.0,-0.00549999999999784,0.0,-0.000999999999990564,0.0005,0.0,0.0,-0.0963886,0.034424500000000004,0.0068849,-0.0068849,-0.0481943,-0.005999023198948,-0.058187057386328,-0.008877167277056,0.00327686202693,-0.000137973137976,0.002276556776604,0.011224972160316761,1.8431110001984052,0.1749429998199048,0.12388799996188027,0.0
pd,00:04:10.278,486,-90.001,-69.99,0.003,-89.962,-0.001,-0.0,0.0,-0.45022584799918663,0.0,0.0,0.0,0.0,-90.001,-70.0,0.003,-89.964,0.0,-0.0,-90.001,-69.94997741520008,0.003,-89.963,-0.0005,0.0,0.0,9.009601090415808,0.0,-0.22511292400119284,0.11255646200085874,0.0,0.0,0.04002258479991383,0.0,-0.000999999999990564,0.0005,0.0,0.0,-0.0963886,0.034424500000000004,0.0068849,-0.0068849,-0.0481943,-0.005999023198948,-0.058187057386328,-0.008877167277056,0.00327686202693,-0.000137973137976,0.002276556776604,0.01024695076596368,1.7879450001601072,0.231238000196754,0.10966499985443079,0.0
pd,00:04:10.280,487,-90.001,-69.99,0.003,-89.962,-0.001,-0.0,0.0,0.0,0.0,0.0,0.0,0.0,-90.001,-70.0,0.003,-89.964,0.0,-0.0,-90.001,-69.995,0.003,-89.963,-0.0005,0.0,0.0,-1.1230330941421618,0.0,-0.22460661882779398,0.11230330941415873,0.0,0.0,-0.005000000000009663,0.0,-0.000999999999990564,0.0005,0.0,0.0,-0.0963886,0.034424500000000004,0.0068849,-0.0068849,-0.0481943,-0.005999023198948,-0.058187057386328,-0.008877167277056,0.00327686202693,-0.000137973137976,0.002276556776604,0.01024695076596368,1.8144269997719675,0.15172099983828957,0.07109199987098691,0.0
pd,00:04:10.282,488,-90.001,-69.99,0.003,-89.962,-0.001,-0.0,0.0,0.0,0.0,0.0,0.0,0.0,-90.001,-70.0,0.003,-89.964,0.0,-0.0,-90.001,-69.995,0.003,-89.963,-0.0005,0.0,0.0,-1.1852334124568062,0.0,-0.2370466824906875,0.11852334124561999,0.0,0.0,-0.005000000000009663,0.0,-0.000999999999990564,0.0005,0.0,-0.0275396,-0.06884900000000001,0.0206547,-0.0206547,-0.0068849,0.0068849,-0.00572161172154,-0.057580219779497996,-0.008877167277056,0.00310439560446,-0.000327686202693,0.0016556776557120003,0.01024695076596368,2.650474000347458,0.23577599995405762,0.11653599995042896,0.0
pd,00:04:10.286,489,-90.001,-69.99,0.003,-89.962,-0.001,-0.0,0.0,0.0,0.0,0.0,0.0,0.0,-90.001,-70.0,0.003,-89.964,0.0,-0.0,-90.001,-69.995,0.003,-89.963,-0.0005,0.0,0.0,-0.8057292146922825,0.0,-0.1611458429379985,0.08057292146918703,0.0,0.0,-0.005000000000009663,0.0,-0.000999999999990564,0.0005,0.0,-0.0275396,-0.06884900000000001,0.0206547,-0.0206547,-0.0068849,0.0068849,-0.00572161172154,-0.057580219779497996,-0.008877167277056,0.00310439560446,-0.000327686202693,0.0016556776557120003,0.01024695076596368,2.0002209998892795,0.2544240001043363,0.10640599975886289,0.0
pd,00:04:10.288,490,-90.001,-69.99,0.003,-89.962,-0.001,-0.0,0.0,0.0,0.0,0.0,0.0,0.0,-90.001,-70.0,0.003,-89.964,0.0,-0.0,-90.001,-69.995,0.003,-89.963,-0.0005,0.0,0.0,-1.016751672646695,0.0,-0.20335033452876103,0.10167516726461748,0.0,0.0,-0.005000000000009663,0.0,-0.000999999999990564,0.0005,0.0,-0.0275396,-0.06884900000000001,0.0206547,-0.0206547,-0.0068849,0.0068849,-0.00572161172154,-0.057580219779497996,-0.008877167277056,0.00310439560446,-0.000327686202693,0.0016556776557120003,0.01024695076596368,1.8804440001076728,0.17794299992601736,0.07320300028368365,0.0
pd,00:04:10.291,491,-90.001,-69.99,0.003,-89.962,-0.001,-0.0,0.0,0.0,0.0,0.0,0.0,0.0,-90.001,-70.0,0.003,-89.964,0.0,-0.0,-90.001,-69.995,0.003,-89.963,-0.0005,0.0,0.0,-0.9447481755117907,0.0,-0.1889496351018211,0.09447481755113074,0.0,0.0,-0.005000000000009663,0.0,-0.000999999999990564,0.0005,0.0,-0.0275396,-0.06884900000000001,0.0206547,-0.0206547,-0.0068849,0.0068849,-0.00572161172154,-0.057580219779497996,-0.008877167277056,0.00310439560446,-0.000327686202693,0.0016556776557120003,0.01024695076596368,1.9416290001572634,0.32105200034493464,0.09409199992660433,0.0
pd,00:04:10.293,492,-90.001,-69.99,0.003,-89.962,-0.001,-0.0,0.0,0.0,0.0,0.0,0.0,0.0,-90.001,-70.0,0.003,-89.964,0.0,-0.0,-90.001,-69.995,0.003,-89.963,-0.0005,0.0,0.0,-1.01714618294746,0.0,-0.2034292365889138,0.10171461829469396,0.0,0.0,-0.005000000000009663,0.0,-0.000999999999990564,0.0005,0.0,-0.0275396,-0.06884900000000001,0.0206547,-0.0206547,-0.0068849,0.0068849,-0.00572161172154,-0.057580219779497996,-0.008877167277056,0.00310439560446,-0.000327686202693,0.0016556776557120003,0.01024695076596368,1.7275569998673745,0.173405999703391,0.0914990000637772,0.0
pd,00:04:10.295,493,-90.001,-69.99,0.003,-89.962,-0.001,-0.0,0.0,0.0,0.0,0.0,0.0,0.0,-90.001,-70.0,0.003,-89.964,0.0,-0.0,-90.001,-69.995,0.003,-89.963,-0.0005,0.0,0.0,-1.2029092577727847,0.0,-0.24058185155387318,0.12029092577721694,0.0,0.0,-0.005000000000009663,0.0,-0.000999999999990564,0.0005,0.0,-0.0275396,-0.06884900000000001,0.0206547,-0.0206547,-0.0068849,0.0068849,-0.00572161172154,-0.057580219779497996,-0.008877167277056,0.00310439560446,-0.000327686202693,0.0016556776557120003,0.01024695076596368,1.9393699999454839,0.3238670001337596,0.1522950001344725,0.0
pd,00:04:10.298,494,-90.001,-69.991,0.003,-89.962,-0.001,-0.0,0.0,-0.38189055813712347,0.0,0.0,0.0,0.0,-90.001,-70.0,0.003,-89.964,0.0,-0.0,-90.001,-69.95731094418629,0.003,-89.963,-0.0005,0.0,0.0,6.432766163874908,0.0,-0.190945279067205,0.09547263953382501,0.0,0.0,0.033689055813709956,0.0,-0.000999999999990564,0.0005,0.0,-0.0275396,-0.06884900000000001,0.0206547,-0.0206547,-0.0068849,0.0068849,-0.00572161172154,-0.057580219779497996,-0.008877167277056,0.00310439560446,-0.000327686202693,0.0016556776557120003,0.00927361849549503,1.966517999790085,0.21672100001524086,0.08681400004206807,0.0
pd,00:04:10.300,495,-90.001,-69.991,0.003,-89.962,-0.001,-0.0,0.0,0.0,0.0,0.0,0.0,0.0,-90.001,-70.0,0.003,-89.964,0.0,-0.0,-90.001,-69.99549999999999,0.003,-89.963,-0.0005,0.0,0.0,-0.9543112549297561,0.0,-0.21206916776166573,0.10603458388107999,0.0,0.0,-0.004499999999993065,0.0,-0.000999999999990564,0.0005,0.0,-0.0275396,-0.06884900000000001,0.0206547,-0.0206547,-0.0068849,0.0068849,-0.00572161172154,-0.057580219779497996,-0.008877167277056,0.00310439560446,-0.000327686202693,0.0016556776557120003,0.00927361849549503,1.7694269999992684,0.15970200001902413,0.07005399993431638,0.0
pd,00:04:10.302,496,-90.001,-69.991,0.003,-89.962,-0.001,-0.0,0.0,0.0,0.0,0.0,0.0,0.0,-90.001,-70.0,0.003,-89.964,0.0,-0.0,-90.001,-69.99549999999999,0.003,-89.963,-0.0005,0.0,0.0,-1.0871079368736734,0.0,-0.24157954152691077,0.1207897707637369,0.0,0.0,-0.004499999999993065,0.0,-0.000999999999990564,0.0005,0.0,-0.0275396,-0.06884900000000001,-0.0275396,-0.034424500000000004,0.0068849,0.0275396,-0.00572161172154,-0.057302808302089996,-0.008287667887564,0.0036562881563640005,-0.000551892551904,0.001293498168525,0.00927361849549503,1.7825189997893176,0.3195340000274882,0.10625899994920474,0.0
pd,00:04:10.304,497,-90.001,-69.991,0.003,-89.962,-0.001,-0.0,0.0,0.0,0.0,0.0,0.0,0.0,-90.001,-70.0,0.003,-89.964,0.0,-0.0,-90.001,-69.99549999999999,0.003,-89.963,-0.0005,0.0,0.0,-0.9747143152241642,0.0,-0.21660318116041236,0.10830159058045859,0.0,0.0,-0.004499999999993065,0.0,-0.000999999999990564,0.0005,0.0,-0.0137698,-0.0619641,-0.0275396,-0.034424500000000004,0.0068849,0.0275396,-0.005530891330822,-0.057302808302089996,-0.008287667887564,0.0036562881563640005,-0.000551892551904,0.001293498168525,0.00927361849549503,1.8174819997511804,0.19427600000199163,0.08340600015799282,0.0
pd,00:04:10.307,498,-90.001,-69.991,0.003,-89.962,-0.001,-0.0,0.0,0.0,0.0,0.0,0.0,0.0,-90.001,-70.0,0.003,-89.964,0.0,-0.0,-90.001,-69.99549999999999,0.003,-89.963,-0.0005,0.0,0.0,-1.035687445127344,0.0,-0.23015276558330908,0.11507638279192274,0.0,0.0,-0.004499999999993065,0.0,-0.000999999999990564,0.0005,0.0,-0.0137698,-0.0619641,-0.0275396,-0.034424500000000004,0.0068849,0.0275396,-0.005530891330822,-0.057302808302089996,-0.008287667887564,0.0036562881563640005,-0.000551892551904,0.001293498168525,0.00927361849549503,2.2498850003103144,0.29490499991879915,0.10768399988592137,0.0
pd,00:04:10.309,499,-90.001,-69.991,0.003,-89.962,-0.001,-0.0,0.0,0.0,0.0,0.0,0.0,0.0,-90.001,-70.0,0.003,-89.964,0.0,-0.0,-90.001,-69.99549999999999,0.003,-89.963,-0.0005,0.0,0.0,-0.819626889004721,0.0,-0.1821393086672844,0.09106965433385444,0.0,0.0,-0.004499999999993065,0.0,-0.000999999999990564,0.0005,0.0,-0.0137698,-0.0619641,-0.0275396,-0.034424500000000004,0.0068849,0.0275396,-0.005530891330822,-0.057302808302089996,-0.008287667887564,0.0036562881563640005,-0.000551892551904,0.001293498168525,0.00927361849549503,1.750705000176822,0.15125800018722657,0.062073999743006425,0.0
pd,00:04:10.311,500,-90.001,-69.991,0.003,-89.962,-0.001,-0.0,0.0,0.0,0.0,0.0,0.0,0.0,-90.001,-70.0,0.003,-89.964,0.0,-0.0,-90.001,-69.99549999999999,0.003,-89.963,-0.0005,0.0,0.0,-1.1079107771777832,0.0,-0.24620239492781315,0.12310119746419347,0.0,0.0,-0.004499999999993065,0.0,-0.000999999999990564,0.0005,0.0,-0.0137698,-0.0619641,-0.0275396,-0.034424500000000004,0.0068849,0.0275396,-0.005530891330822,-0.057302808302089996,-0.008287667887564,0.0036562881563640005,-0.000551892551904,0.001293498168525,0.00927361849549503,1.7779820000214386,0.15840600008232286,0.07272100037880591,0.0
pd,00:04:10.314,501,-90.001,-69.991,0.003,-89.962,-0.001,-0.0,0.0,0.0,0.0,0.0,0.0,0.0,-90.001,-70.0,0.003,-89.964,0.0,-0.0,-90.001,-69.99549999999999,0.003,-89.963,-0.0005,0.0,0.0,-0.8695461162812456,0.0,-0.19323247028426355,0.09661623514235695,0.0,0.0,-0.004499999999993065,0.0,-0.000999999999990564,0.0005,0.0,-0.0137698,-0.0619641,-0.0275396,-0.034424500000000004,0.0068849,0.0275396,-0.005530891330822,-0.057302808302089996,-0.008287667887564,0.0036562881563640005,-0.000551892551904,0.001293498168525,0.00927361849549503,1.8674819998523162,0.29934899976069573,0.12020199983453494,0.0
pd,00:04:10.316,502,-90.001,-69.991,0.003,-89.962,-0.001,-0.0,0.0,0.0,0.0,0.0,0.0,0.0,-90.001,-70.0,0.003,-89.964,0.0,-0.0,-90.001,-69.99549999999999,0.003,-89.963,-0.0005,0.0,0.0,-0.9376238450074871,0.0,-0.20836085444561475,0.10418042722305018,0.0,0.0,-0.004499999999993065,0.0,-0.000999999999990564,0.0005,0.0,-0.0137698,-0.0619641,-0.0275396,-0.034424500000000004,0.0068849,0.0275396,-0.005530891330822,-0.057302808302089996,-0.008287667887564,0.0036562881563640005,-0.000551892551904,0.001293498168525,0.00927361849549503,2.308680999703938,0.23153500023909146,0.10660999987521791,0.0
pd,00:04:10.319,503,-90.001,-69.993,0.003,-89.962,-0.001,-0.0,0.0,-0.7286838081984407,0.0,0.0,0.0,0.0,-90.001,-70.0,0.003,-89.964,0.0,-0.0,-90.001,-69.92363161918016,0.003,-89.963,-0.0005,0.0,0.0,12.63690397611991,0.0,-0.18217095204961017,0.09108547602501738,0.0,0.0,0.06936838081983865,0.0,-0.000999999999990564,0.0005,0.0,-0.0137698,-0.0619641,-0.0275396,-0.034424500000000004,0.0068849,0.0275396,-0.005530891330822,-0.057302808302089996,-0.008287667887564,0.0036562881563640005,-0.000551892551904,0.001293498168525,0.007348469228353031,1.86022200023217,0.6402899998647626,0.18320199978916207,0.0
pd,00:04:10.322,504,-90.001,-69.993,0.003,-89.962,-0.001,-0.0,0.0,0.0,0.0,0.0,0.0,0.0,-90.001,-70.0,0.003,-89.964,0.0,-0.0,-90.001,-69.9965,0.003,-89.963,-0.0005,0.0,0.0,-0.6126904841406715,0.0,-0.1750544240396588,0.08752721202003338,0.0,0.0,-0.003500000000002501,0.0,-0.000999999999990564,0.0005,0.0,0.0137698,-0.1032735,-0.0206547,0.0206547,-0.0206547,0.0206547,-0.005617582417512,-0.058065689864962,-0.00918925518914,0.0037942612943400005,-0.000551892551904,0.001431471306501,0.007348469228353031,2.2521440000673465,0.2492379999239347,0.14738800018676557,0.0
pd,00:04:10.325,505,-90.001,-69.993,0.003,-89.962,-0.001,-0.0,0.0,0.0,0.0,0.0,0.0,0.0,-90.001,-70.0,0.003,-89.964,0.0,-0.0,-90.001,-69.9965,0.003,-89.963,-0.0005,0.0,0.0,-0.6369343977790043,0.0,-0.18198125650773278,0.09099062825407844,0.0,0.0,-0.003500000000002501,0.0,-0.000999999999990564,0.0005,0.0,0.0137698,-0.1032735,-0.0206547,0.0206547,-0.0206547,0.0206547,-0.005617582417512,-0.058065689864962,-0.00918925518914,0.0037942612943400005,-0.000551892551904,0.001431471306501,0.007348469228353031,2.877137999803381,0.2612939997561625,0.13446200000544195,0.0
pd,00:04:10.328,506,-90.001,-69.993,0.003,-89.962,-0.001,-0.0,0.0,0.0,0.0,0.0,0.0,0.0,-90.001,-70.0,0.003,-89.964,0.0,-0.0,-90.001,-69.9965,0.003,-89.963,-0.0005,0.0,0.0,-0.5149815477447025,0.0,-0.14713758506946695,0.07356879253490493,0.0,0.0,-0.003500000000002501,0.0,-0.000999999999990564,0.0005,0.0,0.0137698,-0.1032735,-0.0206547,0.0206547,-0.0206547,0.0206547,-0.005617582417512,-0.058065689864962,-0.00918925518914,0.0037942612943400005,-0.000551892551904,0.001431471306501,0.007348469228353031,2.002720999826124,0.36306999982116395,0.13512799978343537,0.0
pd,00:04:10.331,507,-90.001,-69.993,0.003,-89.962,-0.001,-0.0,0.0,0.0,0.0,0.0,0.0,0.0,-90.001,-70.0,0.003,-89.964,0.0,-0.0,-90.001,-69.9965,0.003,-89.963,-0.0005,0.0,0.0,-0.6675183703169557,0.0,-0.19071953437569228,0.09535976718806839,0.0,0.0,-0.003500000000002501,0.0,-0.000999999999990564,0.0005,0.0,0.0137698,-0.1032735,-0.0206547,0.0206547,-0.0206547,0.0206547,-0.005617582417512,-0.058065689864962,-0.00918925518914,0.0037942612943400005,-0.000551892551904,0.001431471306501,0.007348469228353031,1.9386469998607936,0.21577500001512817,0.08283299985123449,0.0
pd,00:04:10.333,508,-90.001,-69.993,0.003,-89.962,-0.001,-0.0,0.0,0.0,0.0,0.0,0.0,0.0,-90.001,-70.0,0.003,-89.964,0.0,-0.0,-90.001,-69.9965,0.003,-89.963,-0.0005,0.0,0.0,-0.752283693758865,0.0,-0.21493819821616403,0.10746909910833248,0.0,0.0,-0.003500000000002501,0.0,-0.000999999999990564,0.0005,0.0,0.0137698,-0.1032735,-0.0206547,0.0206547,-0.0206547,0.0206547,-0.005617582417512,-0.058065689864962,-0.00918925518914,0.0037942612943400005,-0.000551892551904,0.001431471306501,0.007348469228353031,2.6761210001495783,0.27753399990615435,0.13290600008986075,0.0
pd,00:04:10.336,509,-90.001,-69.993,0.003,-89.962,-0.001,-0.0,0.0,0.0,0.0,0.0,0.0,0.0,-90.001,-70.0,0.003,-89.964,0.0,-0.0,-90.001,-69.9965,0.003,-89.963,-0.0005,0.0,0.0,-0.5451193464541586,0.0,-0.1557483847007139,0.07787419235053844,0.0,0.0,-0.003500000000002501,0.0,-0.000999999999990564,0.0005,0.0,0.0137698,-0.1032735,-0.0206547,0.0206547,-0.0206547,0.0206547,-0.005617582417512,-0.058065689864962,-0.00918925518914,0.0037942612943400005,-0.000551892551904,0.001431471306501,0.007348469228353031,2.4155319997589686,0.34253400008310564,0.1255349998245947,0.0
pd,00:04:10.339,510,-90.001,-69.994,0.003,-89.962,-0.001,-0.0,0.0,-0.32844980423022924,0.0,0.0,0.0,0.0,-90.001,-70.0,0.003,-89.964,0.0,-0.0,-90.001,-69.96415501957698,0.003,-89.963,-0.0005,0.0,0.0,4.90128898857503,0.0,-0.16422490211394772,0.08211245105716523,0.0,0.0,0.02984498042302164,0.0,-0.000999999999990564,0.0005,0.0,0.0137698,-0.1032735,-0.0206547,0.0206547,-0.0206547,0.0206547,-0.005617582417512,-0.058065689864962,-0.00918925518914,0.0037942612943400005,-0.000551892551904,0.001431471306501,0.006403124237431606,1.932961999955296,0.1737020002110512,0.07099899994500447,0.0
pd,00:04:10.342,511,-90.001,-69.994,0.003,-89.962,-0.001,-0.0,0.0,0.0,0.0,0.0,0.0,0.0,-90.001,-70.0,0.003,-89.964,0.0,-0.0,-90.001,-69.997,0.003,-89.963,-0.0005,0.0,0.0,-0.5471782918768688,0.0,-0.1823927639585243,0.09119638197947469,0.0,0.0,-0.0030000000000001137,0.0,-0.000999999999990564,0.0005,0.0,0.0481943,-0.0757339,0.0137698,-0.0275396,0.0481943,-0.0206547,-0.00650183150175,-0.054875457874769995,-0.009223931623816,0.0030181623932250003,0.0008450854701030001,0.0017419108669470002,0.006403124237431606,2.4289950001730176,0.2727940000113449,0.11962799999309937,0.0
pd,00:04:10.345,512,-90.001,-69.994,0.003,-89.962,-0.001,-0.0,0.0,0.0,0.0,0.0,0.0,0.0,-90.001,-70.0,0.003,-89.964,0.0,-0.0,-90.001,-69.997,0.003,-89.963,-0.0005,0.0,0.0,-0.5107530443253968,0.0,-0.17025101477472904,0.08512550738756292,0.0,0.0,-0.0030000000000001137,0.0,-0.000999999999990564,0.0005,0.0,0.0481943,-0.0757339,0.0137698,-0.0275396,0.0481943,-0.0206547,-0.00650183150175,-0.054875457874769995,-0.009223931623816,0.0030181623932250003,0.0008450854701030001,0.0017419108669470002,0.006403124237431606,2.7304360000925953,0.2569420003055711,0.12922099995194003,0.0
pd,00:04:10.348,513,-90.001,-69.994,0.003,-89.962,-0.001,-0.0,0.0,0.0,0.0,0.0,0.0,0.0,-90.001,-70.0,0.003,-89.964,0.0,-0.0,-90.001,-69.997,0.003,-89.963,-0.0005,0.0,0.0,-0.46277719749909807,0.0,-0.15425906583266732,0.07712953291651342,0.0,0.0,-0.0030000000000001137,0.0,-0.000999999999990564,0.0005,0.0,0.0481943,-0.0757339,0.0137698,-0.0275396,0.0481943,-0.0206547,-0.00650183150175,-0.054875457874769995,-0.009223931623816,0.0030181623932250003,0.0008450854701030001,0.0017419108669470002,0.006403124237431606,2.028146000156994,0.3487559997665812,0.12799900014215382,0.0
pd,00:04:10.351,514,-90.001,-69.994,0.003,-89.962,-0.001,-0.0,0.0,0.0,0.0,0.0,0.0,0.0,-90.001,-70.0,0.003,-89.964,0.0,-0.0,-90.001,-69.997,0.003,-89.963,-0.0005,0.0,0.0,-0.5716906860518163,0.0,-0.19056356201682076,0.09528178100863244,0.0,0.0,-0.0030000000000001137,0.0,-0.000999999999990564,0.0005,0.0,0.0481943,-0.0757339,0.0137698,-0.0275396,0.0481943,-0.0206547,-0.00650183150175,-0.054875457874769995,-0.009223931623816,0.0030181623932250003,0.0008450854701030001,0.0017419108669470002,0.006403124237431606,1.82303800011141,0.20523899956970126,0.10529500013944926,0.0
pd,00:04:10.353,515,-90.001,-69.994,0.003,-89.962,-0.001,-0.0,0.0,0.0,0.0,0.0,0.0,0.0,-90.001,-70.0,0.003,-89.964,0.0,-0.0,-90.001,-69.997,0.003,-89.963,-0.0005,0.0,0.0,-0.672882994652432,0.0,-0.2242943315502794,0.11214716577540107,0.0,0.0,-0.0030000000000001137,0.0,-0.000999999999990564,0.0005,0.0,0.0481943,-0.0757339,0.0137698,-0.0275396,0.0481943,-0.0206547,-0.00650183150175,-0.054875457874769995,-0.009223931623816,0.0030181623932250003,0.0008450854701030001,0.0017419108669470002,0.006403124237431606,2.315569999609579,0.23297899997487548,0.11023900015061372,0.0
pd,00:04:10.356,516,-90.001,-69.994,0.003,-89.962,-0.001,-0.0,0.0,0.0,0.0,0.0,0.0,0.0,-90.001,-70.0,0.003,-89.964,0.0,-0.0,-90.001,-69.997,0.003,-89.963,-0.0005,0.0,0.0,-0.544149455111593,0.0,-0.18138315170343475,0.09069157585192873,0.0,0.0,-0.0030000000000001137,0.0,-0.000999999999990564,0.0005,0.0,0.0481943,-0.0757339,0.0137698,-0.0275396,0.0481943,-0.0206547,-0.00650183150175,-0.054875457874769995,-0.009223931623816,0.0030181623932250003,0.0008450854701030001,0.0017419108669470002,0.006403124237431606,2.6023629998235265,0.2704789999370405,0.12970199986739317,0.0
pd,00:04:10.359,517,-90.001,-69.996,0.003,-89.962,-0.001,-0.0,0.0,-0.6398633104485469,0.0,0.0,0.0,0.0,-90.001,-70.0,0.003,-89.964,0.0,-0.0,-90.001,-69.93401366895515,0.003,-89.963,-0.0005,0.0,0.0,9.915694746252784,0.0,-0.15996582761213674,0.07998291380625477,0.0,0.0,0.06198633104484941,0.0,-0.000999999999990564,0.0005,0.0,0.0481943,-0.0757339,0.0137698,-0.0275396,0.0481943,-0.0206547,-0.00650183150175,-0.054875457874769995,-0.009223931623816,0.0030181623932250003,0.0008450854701030001,0.0017419108669470002,0.004582575694958073,2.4696800001038355,0.2723679999689921,0.13096100019538426,0.0
pd,00:04:10.362,518,-90.001,-69.996,0.003,-89.962,-0.001,-0.0,0.0,0.0,0.0,0.0,0.0,0.0,-90.001,-70.0,0.003,-89.964,0.0,-0.0,-90.001,-69.99799999999999,0.003,-89.963,-0.0005,0.0,0.0,-0.3346341152070469,0.0,-0.16731705760292903,0.08365852880165948,0.0,0.0,-0.001999999999995339,0.0,-0.000999999999990564,0.0005,0.0,-0.0068849,0.0137698,-0.0,-0.0275396,0.0137698,0.0275396,-0.005756288156216,-0.047315995115402,-0.009223931623816,0.0035528083028820005,0.000189713064717,0.001345238095266,0.004582575694958073,3.2870599998204852,0.5425869999271526,0.1737580000735761,0.0
pd,00:04:10.366,519,-90.001,-69.996,0.003,-89.962,-0.001,-0.0,0.0,0.0,0.0,0.0,0.0,0.0,-90.001,-70.0,0.003,-89.964,0.0,-0.0,-90.001,-69.99799999999999,0.003,-89.963,-0.0005,0.0,0.0,-0.2428242922483139,0.0,-0.12141214612372561,0.06070607306200428,0.0,0.0,-0.001999999999995339,0.0,-0.000999999999990564,0.0005,0.0,-0.0068849,0.0137698,-0.0,-0.0275396,0.0137698,0.0275396,-0.005756288156216,-0.047315995115402,-0.009223931623816,0.0035528083028820005,0.000189713064717,0.001345238095266,0.004582575694958073,2.637362999848847,0.2725160002228222,0.13699900000574416,0.0
pd,00:04:10.369,520,-90.001,-69.996,0.003,-89.962,-0.001,-0.0,0.0,0.0,0.0,0.0,0.0,0.0,-90.001,-70.0,0.003,-89.964,0.0,-0.0,-90.001,-69.99799999999999,0.003,-89.963,-0.0005,0.0,0.0,-0.3151005934944877,0.0,-0.15755029674668414,0.07877514837352566,0.0,0.0,-0.001999999999995339,0.0,-0.000999999999990564,0.0005,0.0,-0.0068849,0.0137698,-0.0,-0.0275396,0.0137698,0.0275396,-0.005756288156216,-0.047315995115402,-0.009223931623816,0.0035528083028820005,0.000189713064717,0.001345238095266,0.004582575694958073,1.9436840002526878,0.2052759996331588,0.09633299987399369,0.0
pd,00:04:10.372,521,-90.001,-69.996,0.003,-89.962,-0.001,-0.0,0.0,0.0,0.0,0.0,0.0,0.0,-90.001,-70.0,0.003,-89.964,0.0,-0.0,-90.001,-69.99799999999999,0.003,-89.963,-0.0005,0.0,0.0,-0.34264390164244146,0.0,-0.17132195082061208,0.08566097541050569,0.0,0.0,-0.001999999999995339,0.0,-0.000999999999990564,0.0005,0.0,-0.0068849,0.0137698,-0.0,-0.0275396,0.0137698,0.0275396,-0.005756288156216,-0.047315995115402,-0.009223931623816,0.0035528083028820005,0.000189713064717,0.001345238095266,0.004582575694958073,2.346772999771929,0.24262699980681646,0.10838799971679691,0.0
pd,00:04:10.375,522,-90.001,-69.996,0.003,-89.962,-0.001,-0.0,0.0,0.0,0.0,0.0,0.0,0.0,-90.001,-70.0,0.003,-89.964,0.0,-0.0,-90.001,-69.99799999999999,0.003,-89.963,-0.0005,0.0,0.0,-0.3562949371394093,0.0,-0.17814746856907174,0.08907373428474347,0.0,0.0,-0.001999999999995339,0.0,-0.000999999999990564,0.0005,0.0,-0.0068849,0.0137698,-0.0,-0.0275396,0.0137698,0.0275396,-0.005756288156216,-0.047315995115402,-0.009223931623816,0.0035528083028820005,0.000189713064717,0.001345238095266,0.004582575694958073,1.7844079998212692,0.2266649999000947,0.46236600019256,0.0
pd,00:04:10.378,523,-90.001,-69.996,0.003,-89.962,-0.001,-0.0,0.0,0.0,0.0,0.0,0.0,0.0,-90.001,-70.0,0.003,-89.964,0.0,-0.0,-90.001,-69.99799999999999,0.003,-89.963,-0.0005,0.0,0.0,-0.3724297638079494,0.0,-0.18621488190331312,0.09310744095187357,0.0,0.0,-0.001999999999995339,0.0,-0.000999999999990564,0.0005,0.0,-0.0068849,0.0137698,-0.0,-0.0275396,0.0137698,0.0275396,-0.005756288156216,-0.047315995115402,-0.009223931623816,0.0035528083028820005,0.000189713064717,0.001345238095266,0.004582575694958073,2.1944780000922037,0.2548859997659747,0.12407299982442055,0.0
pd,00:04:10.380,524,-90.001,-69.998,0.003,-89.962,-0.0,-0.0,0.0,-0.7440007095379205,0.0,0.0,0.372000354767184,0.0,-90.001,-70.0,0.003,-89.964,0.0,-0.0,-90.001,-69.92459992904621,0.003,-89.963,-0.0372000354767184,0.0,0.0,13.652426217373996,0.0,-0.18600017738315852,-6.919213197345538,0.0,0.0,0.0734000709537952,0.0,-0.000999999999990564,-0.0372000354767184,0.0,-0.0068849,0.0137698,-0.0,-0.0275396,0.0137698,0.0275396,-0.005756288156216,-0.047315995115402,-0.009223931623816,0.0035528083028820005,0.000189713064717,0.001345238095266,0.0028284271247395985,2.0114799999646493,0.22840500014353893,0.11031399981220602,0.0
pd,00:04:10.383,525,-90.001,-69.998,0.003,-89.962,-0.0,-0.0,0.0,0.0,0.0,0.0,0.0,0.0,-90.001,-70.0,0.003,-89.964,0.0,-0.0,-90.001,-69.999,0.003,-89.963,0.0,0.0,0.0,-0.20366631057542123,0.0,-0.20366631057542123,0.0,0.0,0.0,-0.000999999999990564,0.0,-0.000999999999990564,0.0,0.0,-0.0550792,0.0275396,0.034424500000000004,-0.0068849,0.0550792,0.034424500000000004,-0.006276434676356,-0.045218070817504,-0.009692063491942,0.0029491758242370003,8.6233211235e-05,0.001293498168525,0.0028284271247395985,3.077266000218515,0.22973900013312232,0.11962799999309937,0.0
pd,00:04:10.386,526,-90.001,-69.998,0.003,-89.962,-0.0,-0.0,0.0,0.0,0.0,0.0,0.0,0.0,-90.001,-70.0,0.003,-89.964,0.0,-0.0,-90.001,-69.999,0.003,-89.963,0.0,0.0,0.0,-0.14077680069779905,0.0,-0.14077680069779905,0.0,0.0,0.0,-0.000999999999990564,0.0,-0.000999999999990564,0.0,0.0,-0.0550792,0.0275396,0.034424500000000004,-0.0068849,0.0550792,0.034424500000000004,-0.006276434676356,-0.045218070817504,-0.009692063491942,0.0029491758242370003,8.6233211235e-05,0.001293498168525,0.0028284271247395985,1.896851000310562,0.1932390000547457,0.10620200009725522,0.0
pd,00:04:10.389,527,-90.001,-69.998,0.003,-89.962,-0.0,-0.0,0.0,0.0,0.0,0.0,0.0,0.0,-90.001,-70.0,0.003,-89.964,0.0,-0.0,-90.001,-69.999,0.003,-89.963,0.0,0.0,0.0,-0.20420175267722612,0.0,-0.20420175267722612,0.0,0.0,0.0,-0.000999999999990564,0.0,-0.000999999999990564,0.0,0.0,-0.0550792,0.0275396,0.034424500000000004,-0.0068849,0.0550792,0.034424500000000004,-0.006276434676356,-0.045218070817504,-0.009692063491942,0.0029491758242370003,8.6233211235e-05,0.001293498168525,0.0028284271247395985,2.3038100002850115,0.25638700026320294,0.12110999978176551,0.0
pd,00:04:10.392,528,-90.001,-69.998,0.003,-89.962,-0.0,-0.0,0.0,0.0,0.0,0.0,0.0,0.0,-90.001,-70.0,0.003,-89.964,0.0,-0.0,-90.001,-69.999,0.003,-89.963,0.0,0.0,0.0,-0.17958143517683786,0.0,-0.17958143517683786,0.0,0.0,0.0,-0.000999999999990564,0.0,-0.000999999999990564,0.0,0.0,-0.0550792,0.0275396,0.034424500000000004,-0.0068849,0.0550792,0.034424500000000004,-0.006276434676356,-0.045218070817504,-0.009692063491942,0.0029491758242370003,8.6233211235e-05,0.001293498168525,0.0028284271247395985,1.8668699999579985,0.1976460002879321,0.0894069999048952,0.0
pd,00:04:10.394,529,-90.001,-69.998,0.003,-89.962,-0.0,-0.0,0.0,0.0,0.0,0.0,0.0,0.0,-90.001,-70.0,0.003,-89.964,0.0,-0.0,-90.001,-69.999,0.003,-89.963,0.0,0.0,0.0,-0.22329131175416445,0.0,-0.22329131175416445,0.0,0.0,0.0,-0.000999999999990564,0.0,-0.000999999999990564,0.0,0.0,-0.0550792,0.0275396,0.034424500000000004,-0.0068849,0.0550792,0.034424500000000004,-0.006276434676356,-0.045218070817504,-0.009692063491942,0.0029491758242370003,8.6233211235e-05,0.001293498168525,0.0028284271247395985,1.7142050000984455,0.1346099998045247,0.05772100030299043,0.0
pd,00:04:10.396,530,-90.001,-69.998,0.003,-89.962,-0.0,-0.0,0.0,0.0,0.0,0.0,0.0,0.0,-90.001,-70.0,0.003,-89.964,0.0,-0.0,-90.001,-69.999,0.003,-89.963,0.0,0.0,0.0,-0.25383103364743553,0.0,-0.25383103364743553,0.0,0.0,0.0,-0.000999999999990564,0.0,-0.000999999999990564,0.0,0.0,-0.0550792,0.0275396,0.034424500000000004,-0.0068849,0.0550792,0.034424500000000004,-0.006276434676356,-0.045218070817504,-0.009692063491942,0.0029491758242370003,8.6233211235e-05,0.001293498168525,0.0028284271247395985,1.7374270000800607,0.13823900007992052,0.062185000388126355,0.0
pd,00:04:10.398,531,-90.001,-69.997,0.003,-89.962,-0.0,-0.0,0.0,0.39364655091694295,0.0,0.0,0.0,0.0,-90.001,-70.0,0.003,-89.964,0.0,-0.0,-90.001,-70.0378646550917,0.003,-89.963,0.0,0.0,0.0,-8.043115265589583,0.0,-0.19682327545707295,0.0,0.0,0.0,-0.04086465509169557,0.0,-0.000999999999990564,0.0,0.0,-0.0550792,0.0275396,0.034424500000000004,-0.0068849,0.0550792,0.034424500000000004,-0.006276434676356,-0.045218070817504,-0.009692063491942,0.0029491758242370003,8.6233211235e-05,0.001293498168525,0.0036055512754614985,1.9133700002385012,0.2226279998467362,0.12240700016263872,0.0
pd,00:04:10.401,532,-90.001,-69.997,0.003,-89.962,-0.0,-0.0,0.0,0.0,0.0,0.0,0.0,0.0,-90.001,-70.0,0.003,-89.964,0.0,-0.0,-90.001,-69.9985,0.003,-89.963,0.0,0.0,0.0,-0.31845798744686366,0.0,-0.21230532496407292,0.0,0.0,0.0,-0.0015000000000071623,0.0,-0.000999999999990564,0.0,0.0,-0.0550792,0.0275396,0.034424500000000004,-0.0068849,0.0550792,0.034424500000000004,-0.006276434676356,-0.045218070817504,-0.009692063491942,0.0029491758242370003,8.6233211235e-05,0.001293498168525,0.0036055512754614985,1.7213709998031845,0.16773899960753624,0.07261000018843333,0.0
pd,00:04:10.403,533,-90.001,-69.997,0.003,-89.962,-0.0,-0.0,0.0,0.0,0.0,0.0,0.0,0.0,-90.001,-70.0,0.003,-89.964,0.0,-0.0,-90.001,-69.9985,0.003,-89.963,0.0,0.0,0.0,-0.36731994395143847,0.0,-0.24487996263371234,0.0,0.0,0.0,-0.0015000000000071623,0.0,-0.000999999999990564,0.0,0.0,-0.034424500000000004,0.0481943,-0.0068849,0.034424500000000004,-0.0137698,0.0068849,-0.00580830280823,-0.041074236873722,-0.008877167277056,0.0034148351649060005,-0.00034493284494,0.001586691086724,0.0036055512754614985,1.9907579999198788,0.2690340002118319,0.13210999986768002,0.0
pd,00:04:10.405,534,-90.001,-69.997,0.003,-89.962,-0.0,-0.0,0.0,0.0,0.0,0.0,0.0,0.0,-90.001,-70.0,0.003,-89.964,0.0,-0.0,-90.001,-69.9985,0.003,-89.963,0.0,0.0,0.0,-0.29143301834353524,0.0,-0.19428867889523,0.0,0.0,0.0,-0.0015000000000071623,0.0,-0.000999999999990564,0.0,0.0,-0.034424500000000004,0.0481943,-0.0068849,0.034424500000000004,-0.0137698,0.0068849,-0.00580830280823,-0.041074236873722,-0.008877167277056,0.0034148351649060005,-0.00034493284494,0.001586691086724,0.0036055512754614985,2.1131270000296354,0.2573309998297191,0.11642500021480373,0.0
pd,00:04:10.408,535,-90.001,-69.997,0.003,-89.962,-0.0,-0.0,0.0,0.0,0.0,0.0,0.0,0.0,-90.001,-70.0,0.003,-89.964,0.0,-0.0,-90.001,-69.9985,0.003,-89.963,0.0,0.0,0.0,-0.28258426158822486,0.0,-0.18838950772503704,0.0,0.0,0.0,-0.0015000000000071623,0.0,-0.000999999999990564,0.0,0.0,-0.034424500000000004,0.0481943,-0.0068849,0.034424500000000004,-0.0137698,0.0068849,-0.00580830280823,-0.041074236873722,-0.008877167277056,0.0034148351649060005,-0.00034493284494,0.001586691086724,0.0036055512754614985,2.7471769999465323,0.24599800008218153,0.12240600017321412,0.0
pd,00:04:10.411,536,-90.001,-69.997,0.003,-89.962,-0.0,-0.0,0.0,0.0,0.0,0.0,0.0,0.0,-90.001,-70.0,0.003,-89.964,0.0,-0.0,-90.001,-69.9985,0.003,-89.963,0.0,0.0,0.0,-0.2328788865857358,0.0,-0.15525259105678949,0.0,0.0,0.0,-0.0015000000000071623,0.0,-0.000999999999990564,0.0,0.0,-0.034424500000000004,0.0481943,-0.0068849,0.034424500000000004,-0.0137698,0.0068849,-0.00580830280823,-0.041074236873722,-0.008877167277056,0.0034148351649060005,-0.00034493284494,0.001586691086724,0.0036055512754614985,1.8517960002100153,0.1767390003806213,0.07594399994559353,0.0
pd,00:04:10.413,537,-90.001,-69.997,0.003,-89.962,-0.0,-0.0,0.0,0.0,0.0,0.0,0.0,0.0,-90.001,-70.0,0.003,-89.964,0.0,-0.0,-90.001,-69.9985,0.003,-89.963,0.0,0.0,0.0,-0.34364518243392167,0.0,-0.22909678828873853,0.0,0.0,0.0,-0.0015000000000071623,0.0,-0.000999999999990564,0.0,0.0,-0.034424500000000004,0.0481943,-0.0068849,0.034424500000000004,-0.0137698,0.0068849,-0.00580830280823,-0.041074236873722,-0.008877167277056,0.0034148351649060005,-0.00034493284494,0.001586691086724,0.0036055512754614985,2.023739999913232,0.17040600005202577,0.07551800035798806,0.0
pd,00:04:10.416,538,-90.001,-69.997,0.003,-89.962,-0.0,-0.0,0.0,0.0,0.0,0.0,0.0,0.0,-90.001,-70.0,0.003,-89.964,0.0,-0.0,-90.001,-69.9985,0.003,-89.963,0.0,0.0,0.0,-0.31975279528360634,0.0,-0.21316853018856602,0.0,0.0,0.0,-0.0015000000000071623,0.0,-0.000999999999990564,0.0,0.0,-0.034424500000000004,0.0481943,-0.0068849,0.034424500000000004,-0.0137698,0.0068849,-0.00580830280823,-0.041074236873722,-0.008877167277056,0.0034148351649060005,-0.00034493284494,0.001586691086724,0.0036055512754614985,2.23934800033021,0.4273660001672397,0.1328319999629457,0.0
pd,00:04:10.419,539,-90.001,-69.997,0.003,-89.962,-0.0,-0.0,0.0,0.0,0.0,0.0,0.0,0.0,-90.001,-70.0,0.003,-89.964,0.0,-0.0,-90.001,-69.9985,0.003,-89.963,0.0,0.0,0.0,-0.2565846655791288,0.0,-0.17105644371901407,0.0,0.0,0.0,-0.0015000000000071623,0.0,-0.000999999999990564,0.0,0.0,-0.034424500000000004,0.0481943,-0.0068849,0.034424500000000004,-0.0137698,0.0068849,-0.00580830280823,-0.041074236873722,-0.008877167277056,0.0034148351649060005,-0.00034493284494,0.001586691086724,0.0036055512754614985,1.7785009999897738,0.2076830000987684,0.06811000002926448,0.0
pd,00:04:10.421,540,-90.001,-69.997,0.003,-89.962,-0.0,-0.0,0.0,0.0,0.0,0.0,0.0,0.0,-90.001,-70.0,0.003,-89.964,0.0,-0.0,-90.001,-69.9985,0.003,-89.963,0.0,0.0,0.0,-0.3530558922559056,0.0,-0.23537059483671297,0.0,0.0,0.0,-0.0015000000000071623,0.0,-0.000999999999990564,0.0,0.0,-0.034424500000000004,0.0481943,-0.0068849,0.034424500000000004,-0.0137698,0.0068849,-0.00580830280823,-0.041074236873722,-0.008877167277056,0.0034148351649060005,-0.00034493284494,0.001586691086724,0.0036055512754614985,2.058591000150045,0.19320100000186358,0.08688800016898313,0.0
