controller,timestamp,loop,q0,q1,q2,q3,q4,q5,qvel0,qvel1,qvel2,qvel3,qvel4,qvel5,target0,target1,target2,target3,target4,target5,cmd_pos0,cmd_pos1,cmd_pos2,cmd_pos3,cmd_pos4,cmd_pos5,cmd_vel0,cmd_vel1,cmd_vel2,cmd_vel3,cmd_vel4,cmd_vel5,u0,u1,u2,u3,u4,u5,hal_vel0,hal_vel1,hal_vel2,hal_vel3,hal_vel4,hal_vel5,hal_torq0,hal_torq1,hal_torq2,hal_torq3,hal_torq4,hal_torq5,err_norm,poll_ms,pd_solve_ms,hal_write_ms,sleep_ms
pd,23:51:12.466,1,-40.003,-89.999,0.0,-90.239,0.003,-0.02,0.0,0.0,0.0,0.0,0.0,0.0,-40.003,-40.0,0.0,-90.239,0.003,-0.02,-40.003,-81.999,0.0,-90.239,0.003,-0.02,0.0,0.0,0.0,0.0,0.0,0.0,0.0,8.0,0.0,0.0,0.0,0.0,0.0137698,-0.0068849,-0.0275396,4.7987753,-0.0137698,-1.1773179,0.01231013430998,0.004438583638528,-0.006137728937652,-0.0029491758242370003,-0.000258699633705,0.00258699633705,49.998999999999995,1.9425129999035562,0.21053399996162625,0.0811099998827558,0.0
pd,23:51:12.468,2,-40.003,-89.999,0.0,-90.239,0.003,-0.02,0.0,0.0,0.0,0.0,0.0,0.0,-40.003,-40.0,0.0,-90.239,0.003,-0.02,-40.003,-81.999,0.0,-90.239,0.003,-0.02,0.0,1619.7350839930489,0.0,0.0,0.0,0.0,0.0,8.0,0.0,0.0,0.0,0.0,0.0137698,-0.0068849,-0.0275396,4.7987753,-0.0137698,-1.1773179,0.01231013430998,0.004438583638528,-0.006137728937652,-0.0029491758242370003,-0.000258699633705,0.00258699633705,49.998999999999995,1.7136080000454967,0.2010529997278354,0.08633199968244298,0.0
pd,23:51:12.470,3,-40.003,-89.999,0.0,-90.239,0.003,-0.02,0.0,0.0,0.0,0.0,0.0,0.0,-40.003,-40.0,0.0,-90.239,0.003,-0.02,-40.003,-81.999,0.0,-90.239,0.003,-0.02,0.0,1828.579400544959,0.0,0.0,0.0,0.0,0.0,8.0,0.0,0.0,0.0,0.0,0.0137698,-0.0068849,-0.0275396,4.7987753,-0.0137698,-1.1773179,0.01231013430998,0.004438583638528,-0.006137728937652,-0.0029491758242370003,-0.000258699633705,0.00258699633705,49.998999999999995,1.6523869999218732,0.14225799986888887,0.06424000002880348,0.0
pd,23:51:12.472,4,-40.003,-89.999,0.0,-90.239,0.003,-0.02,0.0,0.0,0.0,0.0,0.0,0.0,-40.003,-40.0,0.0,-90.239,0.003,-0.02,-40.003,-81.999,0.0,-90.239,0.003,-0.02,0.0,1977.2794342958161,0.0,0.0,0.0,0.0,0.0,8.0,0.0,0.0,0.0,0.0,0.0137698,-0.0068849,-0.0275396,4.7987753,-0.0137698,-1.1773179,0.01231013430998,0.004438583638528,-0.006137728937652,-0.0029491758242370003,-0.000258699633705,0.00258699633705,49.998999999999995,1.6827379999995173,0.17466500003138208,0.07727599995632772,0.0
pd,23:51:12.474,5,-40.003,-89.999,0.0,-90.239,0.003,-0.02,0.0,0.0,0.0,0.0,0.0,0.0,-40.003,-40.0,0.0,-90.239,0.003,-0.02,-40.003,-81.999,0.0,-90.239,0.003,-0.02,0.0,1987.8218009478674,0.0,0.0,0.0,0.0,0.0,8.0,0.0,0.0,0.0,0.0,0.0137698,-0.0068849,-0.0275396,4.7987753,-0.0137698,-1.1773179,0.01231013430998,0.004438583638528,-0.006137728937652,-0.0029491758242370003,-0.000258699633705,0.00258699633705,49.998999999999995,1.6417749998254294,0.13740599979428225,0.06120300031398074,0.0
pd,23:51:12.476,6,-40.003,-89.999,0.0,-90.239,0.003,-0.02,0.0,0.0,0.0,0.0,0.0,0.0,-40.003,-40.0,0.0,-90.239,0.003,-0.02,-40.003,-81.999,0.0,-90.239,0.003,-0.02,0.0,2096.103948025987,0.0,0.0,0.0,0.0,0.0,8.0,0.0,0.0,0.0,0.0,0.0137698,-0.0068849,-0.0275396,4.7987753,-0.0137698,-1.1773179,0.01231013430998,0.004438583638528,-0.006137728937652,-0.0029491758242370003,-0.000258699633705,0.00258699633705,49.998999999999995,2.0836229996348266,0.19764499984376016,0.0914990000637772,0.0
pd,23:51:12.479,7,-40.003,-89.999,0.0,-90.239,0.003,-0.02,0.0,0.0,0.0,0.0,0.0,0.0,-40.003,-40.0,0.0,-90.239,0.003,-0.02,-40.003,-81.999,0.0,-90.239,0.003,-0.02,0.0,1628.8559223300972,0.0,0.0,0.0,0.0,0.0,8.0,0.0,0.0,0.0,0.0,0.0137698,-0.0068849,-0.0275396,4.7987753,-0.0137698,-1.1773179,0.01231013430998,0.004438583638528,-0.006137728937652,-0.0029491758242370003,-0.000258699633705,0.00258699633705,49.998999999999995,1.6687760003151197,0.1845719998527784,0.07670300010431674,0.0
pd,23:51:12.481,8,-40.003,-89.999,0.0,-90.239,0.003,-0.02,0.0,0.0,0.0,0.0,0.0,0.0,-40.003,-40.0,0.0,-90.239,0.003,-0.02,-40.003,-81.999,0.0,-90.239,0.003,-0.02,0.0,1996.099464604402,0.0,0.0,0.0,0.0,0.0,8.0,0.0,0.0,0.0,0.0,0.0137698,-0.0068849,-0.0275396,4.7987753,-0.0137698,-1.1773179,0.01231013430998,0.004438583638528,-0.006137728937652,-0.0029491758242370003,-0.000258699633705,0.00258699633705,49.998999999999995,2.0617340001081175,0.1971080000657821,0.09783199993762537,0.0
pd,23:51:12.483,9,-40.003,-89.999,0.0,-90.239,0.003,-0.02,0.0,0.0,0.0,0.0,0.0,0.0,-40.003,-40.0,0.0,-90.239,0.003,-0.02,-40.003,-81.999,0.0,-90.239,0.003,-0.02,0.0,1639.5207661487345,0.0,0.0,0.0,0.0,0.0,8.0,0.0,0.0,0.0,0.0,0.0137698,-0.0068849,-0.0275396,4.7987753,-0.0137698,-1.1773179,0.01231013430998,0.004438583638528,-0.006137728937652,-0.0029491758242370003,-0.000258699633705,0.00258699633705,49.998999999999995,1.6870350000317558,0.1480360001551162,0.06742499999745633,0.0
pd,23:51:12.485,10,-40.003,-89.999,0.0,-90.239,0.003,-0.02,0.0,0.0,0.0,0.0,0.0,0.0,-40.003,-40.0,0.0,-90.239,0.003,-0.02,-40.003,-81.999,0.0,-90.239,0.003,-0.02,0.0,2026.723363131191,0.0,0.0,0.0,0.0,0.0,8.0,0.0,0.0,0.0,0.0,0.0137698,-0.0068849,-0.0275396,4.7987753,-0.0137698,-1.1773179,0.01231013430998,0.004438583638528,-0.006137728937652,-0.0029491758242370003,-0.000258699633705,0.00258699633705,49.998999999999995,1.6436089999842807,0.19681200001286925,0.09749900027600233,0.0
pd,23:51:12.488,11,-40.003,-89.999,0.0,-90.239,0.003,-0.02,0.0,0.0,0.0,0.0,0.0,0.0,-40.003,-40.0,0.0,-90.239,0.003,-0.02,-40.003,-81.999,0.0,-90.239,0.003,-0.02,0.0,1751.6408435999165,0.0,0.0,0.0,0.0,0.0,8.0,0.0,0.0,0.0,0.0,0.0137698,-0.0068849,-0.0275396,4.7987753,-0.0137698,-1.1773179,0.01231013430998,0.004438583638528,-0.006137728937652,-0.0029491758242370003,-0.000258699633705,0.00258699633705,49.998999999999995,2.0657149998442037,0.20449700014069094,0.09984999996959232,0.0
pd,23:51:12.490,12,-40.003,-89.999,0.0,-90.239,0.003,-0.02,0.0,0.0,0.0,0.0,0.0,0.0,-40.003,-40.0,0.0,-90.239,0.003,-0.02,-40.003,-81.999,0.0,-90.239,0.003,-0.02,0.0,1626.4872515753757,0.0,0.0,0.0,0.0,0.0,8.0,0.0,0.0,0.0,0.0,0.0137698,-0.0068849,-0.0275396,4.7987753,-0.0137698,-1.1773179,0.01231013430998,0.004438583638528,-0.006137728937652,-0.0029491758242370003,-0.000258699633705,0.00258699633705,49.998999999999995,1.6963859998213593,0.13683099996342207,0.06096200013416819,0.0
pd,23:51:12.492,13,-40.003,-89.999,0.0,-90.239,0.003,-0.02,0.0,0.0,0.0,0.0,0.0,0.0,-40.003,-40.0,0.0,-90.239,0.003,-0.02,-40.003,-81.999,0.0,-90.239,0.003,-0.02,0.0,2040.0311284046693,0.0,0.0,0.0,0.0,0.0,8.0,0.0,0.0,0.0,0.0,0.0137698,-0.0068849,-0.0275396,4.7987753,-0.0137698,-1.1773179,0.01231013430998,0.004438583638528,-0.006137728937652,-0.0029491758242370003,-0.000258699633705,0.00258699633705,49.998999999999995,1.7870330002551782,0.17503499975646264,0.08494299981975928,0.0
pd,23:51:12.494,14,-40.003,-89.999,0.0,-90.239,0.003,-0.02,0.0,0.0,0.0,0.0,0.0,0.0,-40.003,-40.0,0.0,-90.239,0.003,-0.02,-40.003,-81.999,0.0,-90.239,0.003,-0.02,0.0,1880.6429772447036,0.0,0.0,0.0,0.0,0.0,8.0,0.0,0.0,0.0,0.0,0.0137698,-0.0068849,-0.0275396,4.7987753,-0.0137698,-1.1773179,0.01231013430998,0.004438583638528,-0.006137728937652,-0.0029491758242370003,-0.000258699633705,0.00258699633705,49.998999999999995,1.6784050003479933,0.13927600002716645,0.058351000006950926,0.0
pd,23:51:12.496,15,-40.003,-89.999,0.0,-90.239,0.003,-0.02,0.0,0.0,0.0,0.0,0.0,0.0,-40.003,-40.0,0.0,-90.239,0.003,-0.02,-40.003,-81.999,0.0,-90.239,0.003,-0.02,0.0,2061.8429396583506,0.0,0.0,0.0,0.0,0.0,8.0,0.0,0.0,0.0,0.0,0.0137698,-0.0068849,-0.0275396,4.7987753,-0.0137698,-1.1773179,0.01231013430998,0.004438583638528,-0.006137728937652,-0.0029491758242370003,-0.000258699633705,0.00258699633705,49.998999999999995,1.9833460000882042,0.17668300006334903,0.08347999983016052,0.0
pd,23:51:12.498,16,-40.003,-89.999,0.0,-90.239,0.003,-0.02,0.0,0.0,0.0,0.0,0.0,0.0,-40.003,-40.0,0.0,-90.239,0.003,-0.02,-40.003,-81.999,0.0,-90.239,0.003,-0.02,0.0,1723.0374858786074,0.0,0.0,0.0,0.0,0.0,8.0,0.0,0.0,0.0,0.0,0.0137698,-0.0068849,-0.0275396,4.7987753,-0.0137698,-1.1773179,0.01231013430998,0.004438583638528,-0.006137728937652,-0.0029491758242370003,-0.000258699633705,0.00258699633705,49.998999999999995,1.6930709998632665,0.14775699992242153,0.06262799979595002,0.0
pd,23:51:12.500,17,-40.003,-89.999,0.0,-90.239,0.003,-0.02,0.0,0.0,0.0,0.0,0.0,0.0,-40.003,-40.0,0.0,-90.239,0.003,-0.02,-40.003,-81.999,0.0,-90.239,0.003,-0.02,0.0,2029.6656181950157,0.0,0.0,0.0,0.0,0.0,8.0,0.0,0.0,0.0,0.0,0.0137698,-0.0068849,-0.0275396,4.7987753,-0.0137698,-1.1773179,0.01231013430998,0.004438583638528,-0.006137728937652,-0.0029491758242370003,-0.000258699633705,0.00258699633705,49.998999999999995,1.692182999704528,0.1411459998053033,0.06353600019792793,0.0
pd,23:51:12.502,18,-40.003,-89.999,0.0,-90.239,0.003,-0.02,0.0,0.0,0.0,0.0,0.0,0.0,-40.003,-40.0,0.0,-90.239,0.003,-0.02,-40.003,-81.999,0.0,-90.239,0.003,-0.02,0.0,2038.7915907157612,0.0,0.0,0.0,0.0,0.0,8.0,0.0,0.0,0.0,0.0,0.0137698,-0.0068849,-0.0275396,4.7987753,-0.0137698,-1.1773179,0.01231013430998,0.004438583638528,-0.006137728937652,-0.0029491758242370003,-0.000258699633705,0.00258699633705,49.998999999999995,1.6776460001892701,0.1300540002375783,0.058739999985846225,0.0
pd,23:51:12.504,19,-40.003,-89.999,0.0,-90.239,0.003,-0.02,0.0,0.0,0.0,0.0,0.0,0.0,-40.003,-40.0,0.0,-90.239,0.003,-0.02,-40.003,-81.999,0.0,-90.239,0.003,-0.02,0.0,2074.8473905515707,0.0,0.0,0.0,0.0,0.0,8.0,0.0,0.0,0.0,0.0,0.0137698,-0.0068849,-0.0275396,4.7987753,-0.0137698,-1.1773179,0.01231013430998,0.004438583638528,-0.006137728937652,-0.0029491758242370003,-0.000258699633705,0.00258699633705,49.998999999999995,1.7070720000447182,0.137090999942302,0.05886999997528619,0.0
pd,23:51:12.506,20,-40.003,-89.999,0.0,-90.239,0.003,-0.02,0.0,0.0,0.0,0.0,0.0,0.0,-40.003,-40.0,0.0,-90.239,0.003,-0.02,-40.003,-81.999,0.0,-90.239,0.003,-0.02,0.0,2033.6019393939393,0.0,0.0,0.0,0.0,0.0,8.0,0.0,0.0,0.0,0.0,0.0137698,-0.0068849,-0.0275396,4.7987753,-0.0137698,-1.1773179,0.01231013430998,0.004438583638528,-0.006137728937652,-0.0029491758242370003,-0.000258699633705,0.00258699633705,49.998999999999995,1.8110510000042268,0.1617390003048058,0.07586899982925388,0.0
pd,23:51:12.508,21,-40.003,-89.999,0.0,-90.239,0.003,-0.02,0.0,0.0,0.0,0.0,0.0,0.0,-40.003,-40.0,0.0,-90.239,0.003,-0.02,-40.003,-81.999,0.0,-90.239,0.003,-0.02,0.0,1791.0981103875306,0.0,0.0,0.0,0.0,0.0,8.0,0.0,0.0,0.0,0.0,0.0137698,-0.0068849,-0.0275396,4.7987753,-0.0137698,-1.1773179,0.01231013430998,0.004438583638528,-0.006137728937652,-0.0029491758242370003,-0.000258699633705,0.00258699633705,49.998999999999995,1.750756000092224,0.16423899978690315,0.07061100041028112,0.0
pd,23:51:12.510,22,-40.003,-89.999,0.0,-90.239,0.003,-0.02,0.0,0.0,0.0,0.0,0.0,0.0,-40.003,-40.0,0.0,-90.239,0.003,-0.02,-40.003,-81.999,0.0,-90.239,0.003,-0.02,0.0,1945.4100185528757,0.0,0.0,0.0,0.0,0.0,8.0,0.0,0.0,0.0,0.0,0.0137698,-0.0068849,-0.0275396,4.7987753,-0.0137698,-1.1773179,0.01231013430998,0.004438583638528,-0.006137728937652,-0.0029491758242370003,-0.000258699633705,0.00258699633705,49.998999999999995,1.6837570001371205,0.12966499980393564,0.05620299998554401,0.0
pd,23:51:12.512,23,-40.003,-89.999,0.0,-90.239,0.003,-0.02,0.0,0.0,0.0,0.0,0.0,0.0,-40.003,-40.0,0.0,-90.239,0.003,-0.02,-40.003,-81.999,0.0,-90.239,0.003,-0.02,0.0,2044.7551492992077,0.0,0.0,0.0,0.0,0.0,8.0,0.0,0.0,0.0,0.0,0.0137698,-0.0068849,-0.0275396,4.7987753,-0.0137698,-1.1773179,0.01231013430998,0.004438583638528,-0.006137728937652,-0.0029491758242370003,-0.000258699633705,0.00258699633705,49.998999999999995,1.9479019997561409,0.18983100017067045,0.09055500004251371,0.0
pd,23:51:12.515,24,-40.003,-89.999,0.0,-90.239,0.003,-0.02,0.0,0.0,0.0,0.0,0.0,0.0,-40.003,-40.0,0.0,-90.239,0.003,-0.02,-40.003,-81.999,0.0,-90.239,0.003,-0.02,0.0,1730.5019082001031,0.0,0.0,0.0,0.0,0.0,8.0,0.0,0.0,0.0,0.0,0.0137698,-0.0068849,-0.0275396,4.7987753,-0.0137698,-1.1773179,0.01231013430998,0.004438583638528,-0.006137728937652,-0.0029491758242370003,-0.000258699633705,0.00258699633705,49.998999999999995,1.6902200000004086,0.13307300014275825,0.12936899975102278,0.0
pd,23:51:12.517,25,-40.003,-89.999,0.0,-90.239,0.003,-0.02,0.0,0.0,0.0,0.0,0.0,0.0,-40.003,-40.0,0.0,-90.239,0.003,-0.02,-40.003,-81.999,0.0,-90.239,0.003,-0.02,0.0,1979.3789523360076,0.0,0.0,0.0,0.0,0.0,8.0,0.0,0.0,0.0,0.0,0.0137698,-0.0068849,-0.0275396,4.7987753,-0.0137698,-1.1773179,0.01231013430998,0.004438583638528,-0.006137728937652,-0.0029491758242370003,-0.000258699633705,0.00258699633705,49.998999999999995,2.074399999855814,0.20320200019341428,0.10118399995917571,0.0
pd,23:51:12.519,26,-40.003,-89.999,0.0,-90.239,0.003,-0.02,0.0,0.0,0.0,0.0,0.0,0.0,-40.003,-40.0,0.0,-90.239,0.003,-0.02,-40.003,-81.999,0.0,-90.239,0.003,-0.02,0.0,1620.9870531400966,0.0,0.0,0.0,0.0,0.0,8.0,0.0,0.0,0.0,0.0,0.0137698,-0.0068849,-0.0275396,4.7987753,-0.0137698,-1.1773179,0.01231013430998,0.004438583638528,-0.006137728937652,-0.0029491758242370003,-0.000258699633705,0.00258699633705,49.998999999999995,1.7404230002284748,0.1661830001467024,0.07135099986044224,0.0
pd,23:51:12.521,27,-40.003,-89.999,0.0,-90.239,0.003,-0.02,0.0,0.0,0.0,0.0,0.0,0.0,-40.003,-40.0,0.0,-90.239,0.003,-0.02,-40.003,-81.999,0.0,-90.239,0.003,-0.02,0.0,1949.252468920646,0.0,0.0,0.0,0.0,0.0,8.0,0.0,0.0,0.0,0.0,0.0137698,-0.0068849,-0.0275396,4.7987753,-0.0137698,-1.1773179,0.01231013430998,0.004438583638528,-0.006137728937652,-0.0029491758242370003,-0.000258699633705,0.00258699633705,49.998999999999995,1.6316829996867455,0.13307200015333365,0.05981399999654968,0.0
pd,23:51:12.523,28,-40.003,-89.999,0.0,-90.239,0.003,-0.02,0.0,0.0,0.0,0.0,0.0,0.0,-40.003,-40.0,0.0,-90.239,0.003,-0.02,-40.003,-81.999,0.0,-90.239,0.003,-0.02,0.0,2119.1380573449537,0.0,0.0,0.0,0.0,0.0,8.0,0.0,0.0,0.0,0.0,0.0137698,-0.0068849,-0.0275396,4.7987753,-0.0137698,-1.1773179,0.01231013430998,0.004438583638528,-0.006137728937652,-0.0029491758242370003,-0.000258699633705,0.00258699633705,49.998999999999995,1.6335720001734444,0.14138699998511584,0.06048100021871505,0.0
pd,23:51:12.525,29,-40.003,-89.999,0.0,-90.239,0.003,-0.02,0.0,0.0,0.0,0.0,0.0,0.0,-40.003,-40.0,0.0,-90.239,0.003,-0.02,-40.003,-81.999,0.0,-90.239,0.003,-0.02,0.0,2101.0915466499687,0.0,0.0,0.0,0.0,0.0,8.0,0.0,0.0,0.0,0.0,0.0137698,-0.0068849,-0.0275396,4.7987753,-0.0137698,-1.1773179,0.01231013430998,0.004438583638528,-0.006137728937652,-0.0029491758242370003,-0.000258699633705,0.00258699633705,49.998999999999995,1.7916259998855821,0.14549800016538939,0.06605399994441541,0.0
pd,23:51:12.527,30,-40.003,-89.999,0.0,-90.239,0.003,-0.02,0.0,0.0,0.0,0.0,0.0,0.0,-40.003,-40.0,0.0,-90.239,0.003,-0.02,-40.003,-81.999,0.0,-90.239,0.003,-0.02,0.0,1933.081691439106,0.0,0.0,0.0,0.0,0.0,8.0,0.0,0.0,0.0,0.0,0.0137698,-0.0068849,-0.0275396,4.7987753,-0.0137698,-1.1773179,0.01231013430998,0.004438583638528,-0.006137728937652,-0.0029491758242370003,-0.000258699633705,0.00258699633705,49.998999999999995,1.9708269996954186,0.18996100016011042,0.09090599996852688,0.0
pd,23:51:12.530,31,-40.003,-89.999,0.0,-90.239,0.003,-0.02,0.0,0.0,0.0,0.0,0.0,0.0,-40.003,-40.0,0.0,-90.239,0.003,-0.02,-40.003,-81.999,0.0,-90.239,0.003,-0.02,0.0,1631.2315021876518,0.0,0.0,0.0,0.0,0.0,8.0,0.0,0.0,0.0,0.0,0.0137698,-0.0068849,-0.0275396,4.7987753,-0.0137698,-1.1773179,0.01231013430998,0.004438583638528,-0.006137728937652,-0.0029491758242370003,-0.000258699633705,0.00258699633705,49.998999999999995,1.7071449997274613,0.15125700019780197,0.05905500029257382,0.0
pd,23:51:12.532,32,-40.003,-89.999,0.0,-90.239,0.003,-0.02,0.0,0.0,0.0,0.0,0.0,0.0,-40.003,-40.0,0.0,-90.239,0.003,-0.02,-40.003,-81.999,0.0,-90.239,0.003,-0.02,0.0,2016.977157970666,0.0,0.0,0.0,0.0,0.0,8.0,0.0,0.0,0.0,0.0,0.0137698,-0.0068849,-0.0275396,4.7987753,-0.0137698,-1.1773179,0.01231013430998,0.004438583638528,-0.006137728937652,-0.0029491758242370003,-0.000258699633705,0.00258699633705,49.998999999999995,1.6592570000284468,0.14355399980559014,0.0670729996272712,0.0
pd,23:51:12.533,33,-40.003,-89.999,0.0,-90.239,0.003,-0.02,0.0,0.0,0.0,0.0,0.0,0.0,-40.003,-40.0,0.0,-90.239,0.003,-0.02,-40.003,-81.999,0.0,-90.239,0.003,-0.02,0.0,2065.396528376216,0.0,0.0,0.0,0.0,0.0,8.0,0.0,0.0,0.0,0.0,0.0137698,-0.0068849,-0.0275396,4.7987753,-0.0137698,-1.1773179,0.01231013430998,0.004438583638528,-0.006137728937652,-0.0029491758242370003,-0.000258699633705,0.00258699633705,49.998999999999995,1.6282759997920948,0.133997999910207,0.059406999753264245,0.0
pd,23:51:12.535,34,-40.003,-89.999,0.0,-90.239,0.003,-0.02,0.0,0.0,0.0,0.0,0.0,0.0,-40.003,-40.0,0.0,-90.239,0.003,-0.02,-40.003,-81.999,0.0,-90.239,0.003,-0.02,0.0,2120.4772497472195,0.0,0.0,0.0,0.0,0.0,8.0,0.0,0.0,0.0,0.0,0.0137698,-0.0068849,-0.0275396,4.7987753,-0.0137698,-1.1773179,0.01231013430998,0.004438583638528,-0.006137728937652,-0.0029491758242370003,-0.000258699633705,0.00258699633705,49.998999999999995,1.7319969997515727,0.394587999835494,0.08929500017984537,0.0
pd,23:51:12.538,35,-40.003,-89.999,0.0,-90.239,0.003,-0.02,0.0,0.0,0.0,0.0,0.0,0.0,-40.003,-40.0,0.0,-90.239,0.003,-0.02,-40.003,-81.999,0.0,-90.239,0.003,-0.02,0.0,1740.3751037344398,0.0,0.0,0.0,0.0,0.0,8.0,0.0,0.0,0.0,0.0,0.0137698,-0.0068849,-0.0275396,4.7987753,-0.0137698,-1.1773179,0.01231013430998,0.004438583638528,-0.006137728937652,-0.0029491758242370003,-0.000258699633705,0.00258699633705,49.998999999999995,1.9602349998422142,0.1975159998437448,0.09348000003228663,0.0
pd,23:51:12.540,36,-40.003,-89.999,0.0,-90.239,0.003,-0.02,0.0,0.0,0.0,0.0,0.0,0.0,-40.003,-40.0,0.0,-90.239,0.003,-0.02,-40.003,-81.999,0.0,-90.239,0.003,-0.02,0.0,1711.9608163265307,0.0,0.0,0.0,0.0,0.0,8.0,0.0,0.0,0.0,0.0,0.0137698,-0.0068849,-0.0275396,4.7987753,-0.0137698,-1.1773179,0.01231013430998,0.004438583638528,-0.006137728937652,-0.0029491758242370003,-0.000258699633705,0.00258699633705,49.998999999999995,1.7396080002072267,0.1505170002928935,0.06868500031487201,0.0
pd,23:51:12.542,37,-40.003,-89.999,0.0,-90.239,0.003,-0.02,0.0,0.0,0.0,0.0,0.0,0.0,-40.003,-40.0,0.0,-90.239,0.003,-0.02,-40.003,-81.999,0.0,-90.239,0.003,-0.02,0.0,1972.1659809568591,0.0,0.0,0.0,0.0,0.0,8.0,0.0,0.0,0.0,0.0,0.0137698,-0.0068849,-0.0275396,4.7987753,-0.0137698,-1.1773179,0.01231013430998,0.004438583638528,-0.006137728937652,-0.0029491758242370003,-0.000258699633705,0.00258699633705,49.998999999999995,1.63401600002544,0.1606639998499304,0.1522940001450479,0.0
pd,23:51:12.544,38,-40.003,-89.999,0.0,-90.239,0.003,-0.02,0.0,0.0,0.0,0.0,0.0,0.0,-40.003,-40.0,0.0,-90.239,0.003,-0.02,-40.003,-81.999,0.0,-90.239,0.003,-0.02,0.0,1978.2120033014974,0.0,0.0,0.0,0.0,0.0,8.0,0.0,0.0,0.0,0.0,0.0137698,-0.0068849,-0.0275396,4.7987753,-0.0137698,-1.1773179,0.01231013430998,0.004438583638528,-0.006137728937652,-0.0029491758242370003,-0.000258699633705,0.00258699633705,49.998999999999995,1.6992749997370993,0.1607390004210174,0.06798000003982452,0.0
pd,23:51:12.546,39,-40.003,-89.999,0.0,-90.239,0.003,-0.02,0.0,0.0,0.0,0.0,0.0,0.0,-40.003,-40.0,0.0,-90.239,0.003,-0.02,-40.003,-81.999,0.0,-90.239,0.003,-0.02,0.0,2003.0105062082139,0.0,0.0,0.0,0.0,0.0,8.0,0.0,0.0,0.0,0.0,0.0137698,-0.0068849,-0.0275396,4.7987753,-0.0137698,-1.1773179,0.01231013430998,0.004438583638528,-0.006137728937652,-0.0029491758242370003,-0.000258699633705,0.00258699633705,49.998999999999995,1.7692920000627055,0.16923800012591528,0.07566600015707081,0.0
pd,23:51:12.548,40,-40.003,-89.999,0.0,-90.239,0.003,-0.02,0.0,0.0,0.0,0.0,0.0,0.0,-40.003,-40.0,0.0,-90.239,0.003,-0.02,-40.003,-81.999,0.0,-90.239,0.003,-0.02,0.0,1913.8964179785535,0.0,0.0,0.0,0.0,0.0,8.0,0.0,0.0,0.0,0.0,0.0137698,-0.0068849,-0.0275396,4.7987753,-0.0137698,-1.1773179,0.01231013430998,0.004438583638528,-0.006137728937652,-0.0029491758242370003,-0.000258699633705,0.00258699633705,49.998999999999995,1.6802009999992151,0.15273899998646812,0.0656100000924198,0.0
pd,23:51:12.550,41,-40.003,-89.999,0.0,-90.239,0.003,-0.02,0.0,0.0,0.0,0.0,0.0,0.0,-40.003,-40.0,0.0,-90.239,0.003,-0.02,-40.003,-81.999,0.0,-90.239,0.003,-0.02,0.0,1919.150766415008,0.0,0.0,0.0,0.0,0.0,8.0,0.0,0.0,0.0,0.0,0.0137698,-0.0068849,-0.0275396,4.7987753,-0.0137698,-1.1773179,0.01231013430998,0.004438583638528,-0.006137728937652,-0.0029491758242370003,-0.000258699633705,0.00258699633705,49.998999999999995,1.9143650001751666,0.17840500004240312,0.07697999990341486,0.0
pd,23:51:12.552,42,-40.003,-89.999,0.0,-90.239,0.003,-0.02,0.0,0.0,0.0,0.0,0.0,0.0,-40.003,-40.0,0.0,-90.239,0.003,-0.02,-40.003,-81.999,0.0,-90.239,0.003,-0.02,0.0,1779.5095460330929,0.0,0.0,0.0,0.0,0.0,8.0,0.0,0.0,0.0,0.0,0.0137698,-0.0068849,-0.0275396,4.7987753,-0.0137698,-1.1773179,0.01231013430998,0.004438583638528,-0.006137728937652,-0.0029491758242370003,-0.000258699633705,0.00258699633705,49.998999999999995,1.7145709998658276,0.14725699975315365,0.06925799971213564,0.0
pd,23:51:12.554,43,-40.003,-89.999,0.0,-90.239,0.003,-0.02,0.0,0.0,0.0,0.0,0.0,0.0,-40.003,-40.0,0.0,-90.239,0.003,-0.02,-40.003,-81.999,0.0,-90.239,0.003,-0.02,0.0,1998.4771888028588,0.0,0.0,0.0,0.0,0.0,8.0,0.0,0.0,0.0,0.0,0.0137698,-0.0068849,-0.0275396,4.7987753,-0.0137698,-1.1773179,0.01231013430998,0.004438583638528,-0.006137728937652,-0.0029491758242370003,-0.000258699633705,0.00258699633705,49.998999999999995,1.6209429995797109,0.17401700006303145,0.05646299996442394,0.0
pd,23:51:12.556,44,-40.003,-89.999,0.0,-90.239,0.003,-0.02,0.0,0.0,0.0,0.0,0.0,0.0,-40.003,-40.0,0.0,-90.239,0.003,-0.02,-40.003,-81.999,0.0,-90.239,0.003,-0.02,0.0,2090.358335409918,0.0,0.0,0.0,0.0,0.0,8.0,0.0,0.0,0.0,0.0,0.0137698,-0.0068849,-0.0275396,4.7987753,-0.0137698,-1.1773179,0.01231013430998,0.004438583638528,-0.006137728937652,-0.0029491758242370003,-0.000258699633705,0.00258699633705,49.998999999999995,1.9097539998256252,0.17366500014759367,0.0828130000627425,0.0
pd,23:51:12.559,45,-40.003,-89.999,0.0,-90.239,0.003,-0.02,0.0,0.0,0.0,0.0,0.0,0.0,-40.003,-40.0,0.0,-90.239,0.003,-0.02,-40.003,-81.999,0.0,-90.239,0.003,-0.02,0.0,1783.2925170068027,0.0,0.0,0.0,0.0,0.0,8.0,0.0,0.0,0.0,0.0,0.0137698,-0.0068849,-0.0275396,4.7987753,-0.0137698,-1.1773179,0.01231013430998,0.004438583638528,-0.006137728937652,-0.0029491758242370003,-0.000258699633705,0.00258699633705,49.998999999999995,1.695590000053926,0.1540899997962697,0.06794299997636699,0.0
pd,23:51:12.561,46,-40.003,-89.999,0.0,-90.239,0.003,-0.02,0.0,0.0,0.0,0.0,0.0,0.0,-40.003,-40.0,0.0,-90.239,0.003,-0.02,-40.003,-81.999,0.0,-90.239,0.003,-0.02,0.0,1984.5299266619352,0.0,0.0,0.0,0.0,0.0,8.0,0.0,0.0,0.0,0.0,0.0137698,-0.0068849,-0.0275396,4.7987753,-0.0137698,-1.1773179,0.01231013430998,0.004438583638528,-0.006137728937652,-0.0029491758242370003,-0.000258699633705,0.00258699633705,49.998999999999995,1.6841639999256586,0.14705400008097058,0.06014799964759732,0.0
pd,23:51:12.563,47,-40.003,-89.999,0.0,-90.239,0.003,-0.02,0.0,0.0,0.0,0.0,0.0,0.0,-40.003,-40.0,0.0,-90.239,0.003,-0.02,-40.003,-81.999,0.0,-90.239,0.003,-0.02,0.0,2043.01217730151,0.0,0.0,0.0,0.0,0.0,8.0,0.0,0.0,0.0,0.0,0.0137698,-0.0068849,-0.0275396,4.7987753,-0.0137698,-1.1773179,0.01231013430998,0.004438583638528,-0.006137728937652,-0.0029491758242370003,-0.000258699633705,0.00258699633705,49.998999999999995,1.9063650001953647,0.24008999980651424,0.09494300002188538,0.0
pd,23:51:12.565,48,-40.003,-89.999,0.0,-90.239,0.003,-0.02,0.0,0.0,0.0,0.0,0.0,0.0,-40.003,-40.0,0.0,-90.239,0.003,-0.02,-40.003,-81.999,0.0,-90.239,0.003,-0.02,0.0,1719.3293707726993,0.0,0.0,0.0,0.0,0.0,8.0,0.0,0.0,0.0,0.0,0.0137698,-0.0068849,-0.0275396,4.7987753,-0.0137698,-1.1773179,0.01231013430998,0.004438583638528,-0.006137728937652,-0.0029491758242370003,-0.000258699633705,0.00258699633705,49.998999999999995,1.7039790000126231,0.1360350001959887,0.05624000004900154,0.0
pd,23:51:12.567,49,-40.003,-89.999,0.0,-90.239,0.003,-0.02,0.0,0.0,0.0,0.0,0.0,0.0,-40.003,-40.0,0.0,-90.239,0.003,-0.02,-40.003,-81.999,0.0,-90.239,0.003,-0.02,0.0,2040.7755747475976,0.0,0.0,0.0,0.0,0.0,8.0,0.0,0.0,0.0,0.0,0.0137698,-0.0068849,-0.0275396,4.7987753,-0.0137698,-1.1773179,0.01231013430998,0.004438583638528,-0.006137728937652,-0.0029491758242370003,-0.000258699633705,0.00258699633705,49.998999999999995,1.8505879997974262,0.18670100007511792,0.08501699994667433,0.0
pd,23:51:12.569,50,-40.003,-89.999,0.0,-90.239,0.003,-0.02,0.0,0.0,0.0,0.0,0.0,0.0,-40.003,-40.0,0.0,-90.239,0.003,-0.02,-40.003,-81.999,0.0,-90.239,0.003,-0.02,0.0,1815.9125446476892,0.0,0.0,0.0,0.0,0.0,8.0,0.0,0.0,0.0,0.0,0.0137698,-0.0068849,-0.0275396,4.7987753,-0.0137698,-1.1773179,0.01231013430998,0.004438583638528,-0.006137728937652,-0.0029491758242370003,-0.000258699633705,0.00258699633705,49.998999999999995,1.7789220000850037,0.16359100027329987,0.07075899975461653,0.0
pd,23:51:12.571,51,-40.003,-89.999,0.0,-90.239,0.003,-0.02,0.0,0.0,0.0,0.0,0.0,0.0,-40.003,-40.0,0.0,-90.239,0.003,-0.02,-40.003,-81.999,0.0,-90.239,0.003,-0.02,0.0,1813.753081081081,0.0,0.0,0.0,0.0,0.0,8.0,0.0,0.0,0.0,0.0,0.0137698,-0.0068849,-0.0275396,4.7987753,-0.0137698,-1.1773179,0.01231013430998,0.004438583638528,-0.006137728937652,-0.0029491758242370003,-0.000258699633705,0.00258699633705,49.998999999999995,1.7417559997738863,0.15181300022959476,0.06222199999683653,0.0
pd,23:51:12.573,52,-40.003,-89.999,0.0,-90.239,0.003,-0.02,0.0,0.0,0.0,0.0,0.0,0.0,-40.003,-40.0,0.0,-90.239,0.003,-0.02,-40.003,-81.999,0.0,-90.239,0.003,-0.02,0.0,1973.0937316241327,0.0,0.0,0.0,0.0,0.0,8.0,0.0,0.0,0.0,0.0,0.0137698,-0.0068849,-0.0275396,4.7987753,-0.0137698,-1.1773179,0.01231013430998,0.004438583638528,-0.006137728937652,-0.0029491758242370003,-0.000258699633705,0.00258699633705,49.998999999999995,1.658054000017728,0.1349429999208951,0.058647000059863785,0.0
pd,23:51:12.575,53,-40.003,-89.999,0.0,-90.239,0.003,-0.02,0.0,0.0,0.0,0.0,0.0,0.0,-40.003,-40.0,0.0,-90.239,0.003,-0.02,-40.003,-81.999,0.0,-90.239,0.003,-0.02,0.0,2089.3170610211705,0.0,0.0,0.0,0.0,0.0,8.0,0.0,0.0,0.0,0.0,0.0137698,-0.0068849,-0.0275396,4.7987753,-0.0137698,-1.1773179,0.01231013430998,0.004438583638528,-0.006137728937652,-0.0029491758242370003,-0.000258699633705,0.00258699633705,49.998999999999995,1.767106999977841,0.16055400010372978,0.07231400013552047,0.0
pd,23:51:12.577,54,-40.003,-89.999,0.0,-90.239,0.003,-0.02,0.0,0.0,0.0,0.0,0.0,0.0,-40.003,-40.0,0.0,-90.239,0.003,-0.02,-40.003,-81.999,0.0,-90.239,0.003,-0.02,0.0,1928.415632183908,0.0,0.0,0.0,0.0,0.0,8.0,0.0,0.0,0.0,0.0,0.0137698,-0.0068849,-0.0275396,4.7987753,-0.0137698,-1.1773179,0.01231013430998,0.004438583638528,-0.006137728937652,-0.0029491758242370003,-0.000258699633705,0.00258699633705,49.998999999999995,1.8382370003564574,0.17088699996747891,0.07783299997754511,0.0
pd,23:51:12.579,55,-40.003,-89.999,0.0,-90.239,0.003,-0.02,0.0,0.0,0.0,0.0,0.0,0.0,-40.003,-40.0,0.0,-90.239,0.003,-0.02,-40.003,-81.999,0.0,-90.239,0.003,-0.02,0.0,1849.3403880070546,0.0,0.0,0.0,0.0,0.0,8.0,0.0,0.0,0.0,0.0,0.0137698,-0.0068849,-0.0275396,4.7987753,-0.0137698,-1.1773179,0.01231013430998,0.004438583638528,-0.006137728937652,-0.0029491758242370003,-0.000258699633705,0.00258699633705,49.998999999999995,1.7270710000047984,0.15068299990161904,0.06842499988124473,0.0
pd,23:51:12.581,56,-40.003,-89.999,0.0,-90.239,0.003,-0.02,0.0,0.0,0.0,0.0,0.0,0.0,-40.003,-40.0,0.0,-90.239,0.003,-0.02,-40.003,-81.999,0.0,-90.239,0.003,-0.02,0.0,1984.5299266619352,0.0,0.0,0.0,0.0,0.0,8.0,0.0,0.0,0.0,0.0,0.0137698,-0.0068849,-0.0275396,4.7987753,-0.0137698,-1.1773179,0.01231013430998,0.004438583638528,-0.006137728937652,-0.0029491758242370003,-0.000258699633705,0.00258699633705,49.998999999999995,1.6745339999033604,0.13055400040684617,0.05886999997528619,0.0
pd,23:51:12.583,57,-40.003,-89.999,0.0,-90.239,0.003,-0.02,0.0,0.0,0.0,0.0,0.0,0.0,-40.003,-40.0,0.0,-90.239,0.003,-0.02,-40.003,-81.999,0.0,-90.239,0.003,-0.02,0.0,2076.388118811881,0.0,0.0,0.0,0.0,0.0,8.0,0.0,0.0,0.0,0.0,0.0137698,-0.0068849,-0.0275396,4.7987753,-0.0137698,-1.1773179,0.01231013430998,0.004438583638528,-0.006137728937652,-0.0029491758242370003,-0.000258699633705,0.00258699633705,49.998999999999995,1.6917560001274978,0.13729500005865702,0.06355499999699532,0.0
pd,23:51:12.585,58,-40.003,-89.999,0.0,-90.239,0.003,-0.02,0.0,0.0,0.0,0.0,0.0,0.0,-40.003,-40.0,0.0,-90.239,0.003,-0.02,-40.003,-81.999,0.0,-90.239,0.003,-0.02,0.0,2040.7755747475976,0.0,0.0,0.0,0.0,0.0,8.0,0.0,0.0,0.0,0.0,0.0137698,-0.0068849,-0.0275396,4.7987753,-0.0137698,-1.1773179,0.01231013430998,0.004438583638528,-0.006137728937652,-0.0029491758242370003,-0.000258699633705,0.00258699633705,49.998999999999995,1.6754789999140485,0.12592400025823736,0.054647000069962814,0.0
pd,23:51:12.587,59,-40.003,-89.999,0.0,-90.239,0.003,-0.02,0.0,0.0,0.0,0.0,0.0,0.0,-40.003,-40.0,0.0,-90.239,0.003,-0.02,-40.003,-81.999,0.0,-90.239,0.003,-0.02,0.0,2087.497324872465,0.0,0.0,0.0,0.0,0.0,8.0,0.0,0.0,0.0,0.0,0.0137698,-0.0068849,-0.0275396,4.7987753,-0.0137698,-1.1773179,0.01231013430998,0.004438583638528,-0.006137728937652,-0.0029491758242370003,-0.000258699633705,0.00258699633705,49.998999999999995,2.060936999896512,0.20527500009848154,0.10159100020246115,0.0
pd,23:51:12.590,60,-40.003,-89.999,0.0,-90.239,0.003,-0.02,0.0,0.0,0.0,0.0,0.0,0.0,-40.003,-40.0,0.0,-90.239,0.003,-0.02,-40.003,-81.999,0.0,-90.239,0.003,-0.02,0.0,1627.2760426770126,0.0,0.0,0.0,0.0,0.0,8.0,0.0,0.0,0.0,0.0,0.0137698,-0.0068849,-0.0275396,4.7987753,-0.0137698,-1.1773179,0.01231013430998,0.004438583638528,-0.006137728937652,-0.0029491758242370003,-0.000258699633705,0.00258699633705,49.998999999999995,1.7154600000139908,0.14203499995346647,0.059684999996534316,0.0
pd,23:51:12.592,61,-40.003,-89.999,0.0,-90.239,0.003,-0.02,0.0,0.0,0.0,0.0,0.0,0.0,-40.003,-40.0,0.0,-90.239,0.003,-0.02,-40.003,-81.999,0.0,-90.239,0.003,-0.02,0.0,1894.6601919819311,0.0,0.0,0.0,0.0,0.0,8.0,0.0,0.0,0.0,0.0,0.0137698,-0.0068849,-0.0275396,4.7987753,-0.0137698,-1.1773179,0.01231013430998,0.004438583638528,-0.006137728937652,-0.0029491758242370003,-0.000258699633705,0.00258699633705,49.998999999999995,1.7760890000317886,0.17975700029637665,0.07805500035829027,0.0
pd,23:51:12.594,62,-40.003,-89.999,0.0,-90.239,0.003,-0.02,0.0,0.0,0.0,0.0,0.0,0.0,-40.003,-40.0,0.0,-90.239,0.003,-0.02,-40.003,-81.999,0.0,-90.239,0.003,-0.02,0.0,1894.0185143373221,0.0,0.0,0.0,0.0,0.0,8.0,0.0,0.0,0.0,0.0,0.0137698,-0.0068849,-0.0275396,4.7987753,-0.0137698,-1.1773179,0.01231013430998,0.004438583638528,-0.006137728937652,-0.0029491758242370003,-0.000258699633705,0.00258699633705,49.998999999999995,1.8090509997819026,0.155016999997315,0.07075899975461653,0.0
pd,23:51:12.596,63,-40.003,-89.999,0.0,-90.239,0.003,-0.02,0.0,0.0,0.0,0.0,0.0,0.0,-40.003,-40.0,0.0,-90.239,0.003,-0.02,-40.003,-81.999,0.0,-90.239,0.003,-0.02,0.0,1900.8855653750284,0.0,0.0,0.0,0.0,0.0,8.0,0.0,0.0,0.0,0.0,0.0137698,-0.0068849,-0.0275396,4.7987753,-0.0137698,-1.1773179,0.01231013430998,0.004438583638528,-0.006137728937652,-0.0029491758242370003,-0.000258699633705,0.00258699633705,49.998999999999995,1.8385700000180805,0.3097179996984778,0.08677599998918595,0.0
pd,23:51:12.598,64,-40.003,-89.999,0.0,-90.239,0.003,-0.02,0.0,0.0,0.0,0.0,0.0,0.0,-40.003,-40.0,0.0,-90.239,0.003,-0.02,-40.003,-81.999,0.0,-90.239,0.003,-0.02,0.0,1729.966591049701,0.0,0.0,0.0,0.0,0.0,8.0,0.0,0.0,0.0,0.0,0.0137698,-0.0068849,-0.0275396,4.7987753,-0.0137698,-1.1773179,0.01231013430998,0.004438583638528,-0.006137728937652,-0.0029491758242370003,-0.000258699633705,0.00258699633705,49.998999999999995,1.693237999916164,0.19175700026607956,0.06333300007099751,0.0
pd,23:51:12.600,65,-40.003,-89.999,0.0,-90.239,0.003,-0.02,0.0,0.0,0.0,0.0,0.0,0.0,-40.003,-40.0,0.0,-90.239,0.003,-0.02,-40.003,-81.999,0.0,-90.239,0.003,-0.02,0.0,1982.4194730001182,0.0,0.0,0.0,0.0,0.0,8.0,0.0,0.0,0.0,0.0,0.0137698,-0.0068849,-0.0275396,4.7987753,-0.0137698,-1.1773179,0.01231013430998,0.004438583638528,-0.006137728937652,-0.0029491758242370003,-0.000258699633705,0.00258699633705,49.998999999999995,1.6558499996790488,0.14258999999583466,0.06475899999713874,0.0
pd,23:51:12.602,66,-40.003,-89.999,0.0,-90.239,0.003,-0.02,0.0,0.0,0.0,0.0,0.0,0.0,-40.003,-40.0,0.0,-90.239,0.003,-0.02,-40.003,-81.999,0.0,-90.239,0.003,-0.02,0.0,2067.942314803402,0.0,0.0,0.0,0.0,0.0,8.0,0.0,0.0,0.0,0.0,0.0137698,-0.0068849,-0.0275396,4.7987753,-0.0137698,-1.1773179,0.01231013430998,0.004438583638528,-0.006137728937652,-0.0029491758242370003,-0.000258699633705,0.00258699633705,49.998999999999995,1.6189059997486765,0.12770200009981636,0.05570299981627613,0.0
pd,23:51:12.604,67,-40.003,-89.999,0.0,-90.239,0.003,-0.02,0.0,0.0,0.0,0.0,0.0,0.0,-40.003,-40.0,0.0,-90.239,0.003,-0.02,-40.003,-81.999,0.0,-90.239,0.003,-0.02,0.0,2145.9728830903045,0.0,0.0,0.0,0.0,0.0,8.0,0.0,0.0,0.0,0.0,0.0137698,-0.0068849,-0.0275396,4.7987753,-0.0137698,-1.1773179,0.01231013430998,0.004438583638528,-0.006137728937652,-0.0029491758242370003,-0.000258699633705,0.00258699633705,49.998999999999995,1.6489240001646976,0.13683199995284667,0.060944000324525405,0.0
pd,23:51:12.606,68,-40.003,-89.999,0.0,-90.239,0.003,-0.02,0.0,0.0,0.0,0.0,0.0,0.0,-40.003,-40.0,0.0,-90.239,0.003,-0.02,-40.003,-81.999,0.0,-90.239,0.003,-0.02,0.0,2092.7050018710243,0.0,0.0,0.0,0.0,0.0,8.0,0.0,0.0,0.0,0.0,0.0137698,-0.0068849,-0.0275396,4.7987753,-0.0137698,-1.1773179,0.01231013430998,0.004438583638528,-0.006137728937652,-0.0029491758242370003,-0.000258699633705,0.00258699633705,49.998999999999995,1.6126089999488613,0.1254620001418516,0.05392599996412173,0.0
pd,23:51:12.608,69,-40.003,-89.999,0.0,-90.239,0.003,-0.02,0.0,0.0,0.0,0.0,0.0,0.0,-40.003,-40.0,0.0,-90.239,0.003,-0.02,-40.003,-81.999,0.0,-90.239,0.003,-0.02,0.0,2158.3965007075776,0.0,0.0,0.0,0.0,0.0,8.0,0.0,0.0,0.0,0.0,0.0137698,-0.0068849,-0.0275396,4.7987753,-0.0137698,-1.1773179,0.01231013430998,0.004438583638528,-0.006137728937652,-0.0029491758242370003,-0.000258699633705,0.00258699633705,49.998999999999995,1.8476059999557037,0.213312000141741,0.08270299986179452,0.0
pd,23:51:12.610,70,-40.003,-89.999,0.0,-90.239,0.003,-0.02,0.0,0.0,0.0,0.0,0.0,0.0,-40.003,-40.0,0.0,-90.239,0.003,-0.02,-40.003,-81.999,0.0,-90.239,0.003,-0.02,0.0,1802.6448909423016,0.0,0.0,0.0,0.0,0.0,8.0,0.0,0.0,0.0,0.0,0.0137698,-0.0068849,-0.0275396,4.7987753,-0.0137698,-1.1773179,0.01231013430998,0.004438583638528,-0.006137728937652,-0.0029491758242370003,-0.000258699633705,0.00258699633705,49.998999999999995,1.6507749996890198,0.1381280003442953,0.05790699970020796,0.0
pd,23:51:12.612,71,-40.003,-89.999,0.0,-90.239,0.003,-0.02,0.0,0.0,0.0,0.0,0.0,0.0,-40.003,-40.0,0.0,-90.239,0.003,-0.02,-40.003,-81.999,0.0,-90.239,0.003,-0.02,0.0,1961.3299041384148,0.0,0.0,0.0,0.0,0.0,8.0,0.0,0.0,0.0,0.0,0.0137698,-0.0068849,-0.0275396,4.7987753,-0.0137698,-1.1773179,0.01231013430998,0.004438583638528,-0.006137728937652,-0.0029491758242370003,-0.000258699633705,0.00258699633705,49.998999999999995,1.6615160002402263,0.14527599978464423,0.061610000102518825,0.0
pd,23:51:12.614,72,-40.003,-89.999,0.0,-90.239,0.003,-0.02,0.0,0.0,0.0,0.0,0.0,0.0,-40.003,-40.0,0.0,-90.239,0.003,-0.02,-40.003,-81.999,0.0,-90.239,0.003,-0.02,0.0,2066.923247505236,0.0,0.0,0.0,0.0,0.0,8.0,0.0,0.0,0.0,0.0,0.0137698,-0.0068849,-0.0275396,4.7987753,-0.0137698,-1.1773179,0.01231013430998,0.004438583638528,-0.006137728937652,-0.0029491758242370003,-0.000258699633705,0.00258699633705,49.998999999999995,1.864107000074,0.18205399965154356,0.0755179999032407,0.0
pd,23:51:12.616,73,-40.003,-89.999,0.0,-90.239,0.003,-0.02,0.0,0.0,0.0,0.0,0.0,0.0,-40.003,-40.0,0.0,-90.239,0.003,-0.02,-40.003,-81.999,0.0,-90.239,0.003,-0.02,0.0,1818.4712768263603,0.0,0.0,0.0,0.0,0.0,8.0,0.0,0.0,0.0,0.0,0.0137698,-0.0068849,-0.0275396,4.7987753,-0.0137698,-1.1773179,0.01231013430998,0.004438583638528,-0.006137728937652,-0.0029491758242370003,-0.000258699633705,0.00258699633705,49.998999999999995,2.0078090001334203,0.20145999997112085,0.093294999714999,0.0
pd,23:51:12.619,74,-40.003,-89.999,0.0,-90.239,0.003,-0.02,0.0,0.0,0.0,0.0,0.0,0.0,-40.003,-40.0,0.0,-90.239,0.003,-0.02,-40.003,-81.999,0.0,-90.239,0.003,-0.02,0.0,1672.2033290142529,0.0,0.0,0.0,0.0,0.0,8.0,0.0,0.0,0.0,0.0,0.0137698,-0.0068849,-0.0275396,4.7987753,-0.0137698,-1.1773179,0.01231013430998,0.004438583638528,-0.006137728937652,-0.0029491758242370003,-0.000258699633705,0.00258699633705,49.998999999999995,1.7452560000492667,0.23097900020729867,0.0843699999677483,0.0
pd,23:51:12.621,75,-40.003,-89.999,0.0,-90.239,0.003,-0.02,0.0,0.0,0.0,0.0,0.0,0.0,-40.003,-40.0,0.0,-90.239,0.003,-0.02,-40.003,-81.999,0.0,-90.239,0.003,-0.02,0.0,1870.5782138476977,0.0,0.0,0.0,0.0,0.0,8.0,0.0,0.0,0.0,0.0,0.0137698,-0.0068849,-0.0275396,4.7987753,-0.0137698,-1.1773179,0.01231013430998,0.004438583638528,-0.006137728937652,-0.0029491758242370003,-0.000258699633705,0.00258699633705,49.998999999999995,1.632906000395451,0.13962799994260422,0.06159200029287604,0.0
pd,23:51:12.623,76,-40.003,-89.999,0.0,-90.239,0.003,-0.02,0.0,0.0,0.0,0.0,0.0,0.0,-40.003,-40.0,0.0,-90.239,0.003,-0.02,-40.003,-81.999,0.0,-90.239,0.003,-0.02,0.0,2105.045922208281,0.0,0.0,0.0,0.0,0.0,8.0,0.0,0.0,0.0,0.0,0.0137698,-0.0068849,-0.0275396,4.7987753,-0.0137698,-1.1773179,0.01231013430998,0.004438583638528,-0.006137728937652,-0.0029491758242370003,-0.000258699633705,0.00258699633705,49.998999999999995,1.6210910002882883,0.12503599964475143,0.11227599998164806,0.0
pd,23:51:12.625,77,-40.003,-89.999,0.0,-90.239,0.003,-0.02,0.0,0.0,0.0,0.0,0.0,0.0,-40.003,-40.0,0.0,-90.239,0.003,-0.02,-40.003,-81.999,0.0,-90.239,0.003,-0.02,0.0,2071.005554869769,0.0,0.0,0.0,0.0,0.0,8.0,0.0,0.0,0.0,0.0,0.0137698,-0.0068849,-0.0275396,4.7987753,-0.0137698,-1.1773179,0.01231013430998,0.004438583638528,-0.006137728937652,-0.0029491758242370003,-0.000258699633705,0.00258699633705,49.998999999999995,1.6165350002665946,0.1377950002279249,0.058166000144410646,0.0
pd,23:51:12.627,78,-40.003,-89.999,0.0,-90.239,0.003,-0.02,0.0,0.0,0.0,0.0,0.0,0.0,-40.003,-40.0,0.0,-90.239,0.003,-0.02,-40.003,-81.999,0.0,-90.239,0.003,-0.02,0.0,2116.1977800201817,0.0,0.0,0.0,0.0,0.0,8.0,0.0,0.0,0.0,0.0,0.0137698,-0.0068849,-0.0275396,4.7987753,-0.0137698,-1.1773179,0.01231013430998,0.004438583638528,-0.006137728937652,-0.0029491758242370003,-0.000258699633705,0.00258699633705,49.998999999999995,1.749849000134418,0.16907200006244238,0.10442500024510082,0.0
pd,23:51:12.629,79,-40.003,-89.999,0.0,-90.239,0.003,-0.02,0.0,0.0,0.0,0.0,0.0,0.0,-40.003,-40.0,0.0,-90.239,0.003,-0.02,-40.003,-81.999,0.0,-90.239,0.003,-0.02,0.0,1901.3164097914778,0.0,0.0,0.0,0.0,0.0,8.0,0.0,0.0,0.0,0.0,0.0137698,-0.0068849,-0.0275396,4.7987753,-0.0137698,-1.1773179,0.01231013430998,0.004438583638528,-0.006137728937652,-0.0029491758242370003,-0.000258699633705,0.00258699633705,49.998999999999995,1.703572000224085,0.15551600017715828,0.06635099998675287,0.0
pd,23:51:12.631,80,-40.003,-89.999,0.0,-90.239,0.003,-0.02,0.0,0.0,0.0,0.0,0.0,0.0,-40.003,-40.0,0.0,-90.239,0.003,-0.02,-40.003,-81.999,0.0,-90.239,0.003,-0.02,0.0,2006.844019138756,0.0,0.0,0.0,0.0,0.0,8.0,0.0,0.0,0.0,0.0,0.0137698,-0.0068849,-0.0275396,4.7987753,-0.0137698,-1.1773179,0.01231013430998,0.004438583638528,-0.006137728937652,-0.0029491758242370003,-0.000258699633705,0.00258699633705,49.998999999999995,1.6664980003042729,0.13144199965609005,0.08238800000981428,0.0
pd,23:51:12.633,81,-40.003,-89.999,0.0,-90.239,0.003,-0.02,0.0,0.0,0.0,0.0,0.0,0.0,-40.003,-40.0,0.0,-90.239,0.003,-0.02,-40.003,-81.999,0.0,-90.239,0.003,-0.02,0.0,1922.8900859598855,0.0,0.0,0.0,0.0,0.0,8.0,0.0,0.0,0.0,0.0,0.0137698,-0.0068849,-0.0275396,4.7987753,-0.0137698,-1.1773179,0.01231013430998,0.004438583638528,-0.006137728937652,-0.0029491758242370003,-0.000258699633705,0.00258699633705,49.998999999999995,1.689386000180093,0.1554049999867857,0.06298000016613514,0.0
pd,23:51:12.635,82,-40.003,-89.999,0.0,-90.239,0.003,-0.02,0.0,0.0,0.0,0.0,0.0,0.0,-40.003,-40.0,0.0,-90.239,0.003,-0.02,-40.003,-81.999,0.0,-90.239,0.003,-0.02,0.0,2026.723363131191,0.0,0.0,0.0,0.0,0.0,8.0,0.0,0.0,0.0,0.0,0.0137698,-0.0068849,-0.0275396,4.7987753,-0.0137698,-1.1773179,0.01231013430998,0.004438583638528,-0.006137728937652,-0.0029491758242370003,-0.000258699633705,0.00258699633705,49.998999999999995,1.6203870000026654,0.13157300008970196,0.08601700028521009,0.0
pd,23:51:12.637,83,-40.003,-89.999,0.0,-90.239,0.003,-0.02,0.0,0.0,0.0,0.0,0.0,0.0,-40.003,-40.0,0.0,-90.239,0.003,-0.02,-40.003,-81.999,0.0,-90.239,0.003,-0.02,0.0,2104.2538567665874,0.0,0.0,0.0,0.0,0.0,8.0,0.0,0.0,0.0,0.0,0.0137698,-0.0068849,-0.0275396,4.7987753,-0.0137698,-1.1773179,0.01231013430998,0.004438583638528,-0.006137728937652,-0.0029491758242370003,-0.000258699633705,0.00258699633705,49.998999999999995,1.9187729999430303,0.17251600002055056,0.07918399978734669,0.0
pd,23:51:12.639,84,-40.003,-89.999,0.0,-90.239,0.003,-0.02,0.0,0.0,0.0,0.0,0.0,0.0,-40.003,-40.0,0.0,-90.239,0.003,-0.02,-40.003,-81.999,0.0,-90.239,0.003,-0.02,0.0,1779.887120729896,0.0,0.0,0.0,0.0,0.0,8.0,0.0,0.0,0.0,0.0,0.0137698,-0.0068849,-0.0275396,4.7987753,-0.0137698,-1.1773179,0.01231013430998,0.004438583638528,-0.006137728937652,-0.0029491758242370003,-0.000258699633705,0.00258699633705,49.998999999999995,1.9917350000469014,0.20068300000275485,0.09386900001118192,0.0
pd,23:51:12.641,85,-40.003,-89.999,0.0,-90.239,0.003,-0.02,0.0,0.0,0.0,0.0,0.0,0.0,-40.003,-40.0,0.0,-90.239,0.003,-0.02,-40.003,-81.999,0.0,-90.239,0.003,-0.02,0.0,1685.9829162898202,0.0,0.0,0.0,0.0,0.0,8.0,0.0,0.0,0.0,0.0,0.0137698,-0.0068849,-0.0275396,4.7987753,-0.0137698,-1.1773179,0.01231013430998,0.004438583638528,-0.006137728937652,-0.0029491758242370003,-0.000258699633705,0.00258699633705,49.998999999999995,1.6874050002115837,0.13777599997411016,0.06099899974287837,0.0
pd,23:51:12.643,86,-40.003,-89.999,0.0,-90.239,0.003,-0.02,0.0,0.0,0.0,0.0,0.0,0.0,-40.003,-40.0,0.0,-90.239,0.003,-0.02,-40.003,-81.999,0.0,-90.239,0.003,-0.02,0.0,2050.001955034213,0.0,0.0,0.0,0.0,0.0,8.0,0.0,0.0,0.0,0.0,0.0137698,-0.0068849,-0.0275396,4.7987753,-0.0137698,-1.1773179,0.01231013430998,0.004438583638528,-0.006137728937652,-0.0029491758242370003,-0.000258699633705,0.00258699633705,49.998999999999995,1.690349000000424,0.13309099995240103,0.07727699994575232,0.0
pd,23:51:12.645,87,-40.003,-89.999,0.0,-90.239,0.003,-0.02,0.0,0.0,0.0,0.0,0.0,0.0,-40.003,-40.0,0.0,-90.239,0.003,-0.02,-40.003,-81.999,0.0,-90.239,0.003,-0.02,0.0,1981.9510927347903,0.0,0.0,0.0,0.0,0.0,8.0,0.0,0.0,0.0,0.0,0.0137698,-0.0068849,-0.0275396,4.7987753,-0.0137698,-1.1773179,0.01231013430998,0.004438583638528,-0.006137728937652,-0.0029491758242370003,-0.000258699633705,0.00258699633705,49.998999999999995,1.7091090003304998,0.17038599980878644,0.07427700029438711,0.0
pd,23:51:12.647,88,-40.003,-89.999,0.0,-90.239,0.003,-0.02,0.0,0.0,0.0,0.0,0.0,0.0,-40.003,-40.0,0.0,-90.239,0.003,-0.02,-40.003,-81.999,0.0,-90.239,0.003,-0.02,0.0,1973.5579343606635,0.0,0.0,0.0,0.0,0.0,8.0,0.0,0.0,0.0,0.0,0.0137698,-0.0068849,-0.0275396,4.7987753,-0.0137698,-1.1773179,0.01231013430998,0.004438583638528,-0.006137728937652,-0.0029491758242370003,-0.000258699633705,0.00258699633705,49.998999999999995,1.886345999992045,0.18153500013795565,0.08292500024253968,0.0
pd,23:51:12.650,89,-40.003,-89.999,0.0,-90.239,0.003,-0.02,0.0,0.0,0.0,0.0,0.0,0.0,-40.003,-40.0,0.0,-90.239,0.003,-0.02,-40.003,-81.999,0.0,-90.239,0.003,-0.02,0.0,1792.6291270434876,0.0,0.0,0.0,0.0,0.0,8.0,0.0,0.0,0.0,0.0,0.0137698,-0.0068849,-0.0275396,4.7987753,-0.0137698,-1.1773179,0.01231013430998,0.004438583638528,-0.006137728937652,-0.0029491758242370003,-0.000258699633705,0.00258699633705,49.998999999999995,1.701460000276711,0.13899800023864373,0.05631400017591659,0.0
pd,23:51:12.651,90,-40.003,-89.999,0.0,-90.239,0.003,-0.02,0.0,0.0,0.0,0.0,0.0,0.0,-40.003,-40.0,0.0,-90.239,0.003,-0.02,-40.003,-81.999,0.0,-90.239,0.003,-0.02,0.0,2041.5205646142613,0.0,0.0,0.0,0.0,0.0,8.0,0.0,0.0,0.0,0.0,0.0137698,-0.0068849,-0.0275396,4.7987753,-0.0137698,-1.1773179,0.01231013430998,0.004438583638528,-0.006137728937652,-0.0029491758242370003,-0.000258699633705,0.00258699633705,49.998999999999995,1.688405000095372,0.1338499996563769,0.06496300011349376,0.0
pd,23:51:12.654,91,-40.003,-89.999,0.0,-90.239,0.003,-0.02,0.0,0.0,0.0,0.0,0.0,0.0,-40.003,-40.0,0.0,-90.239,0.003,-0.02,-40.003,-81.999,0.0,-90.239,0.003,-0.02,0.0,1909.9744990892532,0.0,0.0,0.0,0.0,0.0,8.0,0.0,0.0,0.0,0.0,0.0137698,-0.0068849,-0.0275396,4.7987753,-0.0137698,-1.1773179,0.01231013430998,0.004438583638528,-0.006137728937652,-0.0029491758242370003,-0.000258699633705,0.00258699633705,49.998999999999995,1.7050900000867841,0.15796100024090265,0.06316599956335267,0.0
pd,23:51:12.656,92,-40.003,-89.999,0.0,-90.239,0.003,-0.02,0.0,0.0,0.0,0.0,0.0,0.0,-40.003,-40.0,0.0,-90.239,0.003,-0.02,-40.003,-81.999,0.0,-90.239,0.003,-0.02,0.0,2003.9675107501193,0.0,0.0,0.0,0.0,0.0,8.0,0.0,0.0,0.0,0.0,0.0137698,-0.0068849,-0.0275396,4.7987753,-0.0137698,-1.1773179,0.01231013430998,0.004438583638528,-0.006137728937652,-0.0029491758242370003,-0.000258699633705,0.00258699633705,49.998999999999995,1.8214770002487057,0.16316400024152244,0.07355400020969682,0.0
pd,23:51:12.658,93,-40.003,-89.999,0.0,-90.239,0.003,-0.02,0.0,0.0,0.0,0.0,0.0,0.0,-40.003,-40.0,0.0,-90.239,0.003,-0.02,-40.003,-81.999,0.0,-90.239,0.003,-0.02,0.0,1875.1778249692634,0.0,0.0,0.0,0.0,0.0,8.0,0.0,0.0,0.0,0.0,0.0137698,-0.0068849,-0.0275396,4.7987753,-0.0137698,-1.1773179,0.01231013430998,0.004438583638528,-0.006137728937652,-0.0029491758242370003,-0.000258699633705,0.00258699633705,49.998999999999995,1.838551000219013,0.1728309998725308,0.08157299998856615,0.0
pd,23:51:12.660,94,-40.003,-89.999,0.0,-90.239,0.003,-0.02,0.0,0.0,0.0,0.0,0.0,0.0,-40.003,-40.0,0.0,-90.239,0.003,-0.02,-40.003,-81.999,0.0,-90.239,0.003,-0.02,0.0,1837.3908662797064,0.0,0.0,0.0,0.0,0.0,8.0,0.0,0.0,0.0,0.0,0.0137698,-0.0068849,-0.0275396,4.7987753,-0.0137698,-1.1773179,0.01231013430998,0.004438583638528,-0.006137728937652,-0.0029491758242370003,-0.000258699633705,0.00258699633705,49.998999999999995,1.9127539999317378,0.20849799966526916,0.09862799970505876,0.0
pd,23:51:12.662,95,-40.003,-89.999,0.0,-90.239,0.003,-0.02,0.0,0.0,0.0,0.0,0.0,0.0,-40.003,-40.0,0.0,-90.239,0.003,-0.02,-40.003,-81.999,0.0,-90.239,0.003,-0.02,0.0,1733.0044416899082,0.0,0.0,0.0,0.0,0.0,8.0,0.0,0.0,0.0,0.0,0.0137698,-0.0068849,-0.0275396,4.7987753,-0.0137698,-1.1773179,0.01231013430998,0.004438583638528,-0.006137728937652,-0.0029491758242370003,-0.000258699633705,0.00258699633705,49.998999999999995,1.6876089998731914,0.1345350001429324,0.05966600019746693,0.0
pd,23:51:12.664,96,-40.003,-89.999,0.0,-90.239,0.003,-0.02,0.0,0.0,0.0,0.0,0.0,0.0,-40.003,-40.0,0.0,-90.239,0.003,-0.02,-40.003,-81.999,0.0,-90.239,0.003,-0.02,0.0,2055.5275667728497,0.0,0.0,0.0,0.0,0.0,8.0,0.0,0.0,0.0,0.0,0.0137698,-0.0068849,-0.0275396,4.7987753,-0.0137698,-1.1773179,0.01231013430998,0.004438583638528,-0.006137728937652,-0.0029491758242370003,-0.000258699633705,0.00258699633705,49.998999999999995,1.985698000225966,0.18783100040309364,0.09192500010613003,0.0
pd,23:51:12.666,97,-40.003,-89.999,0.0,-90.239,0.003,-0.02,0.0,0.0,0.0,0.0,0.0,0.0,-40.003,-40.0,0.0,-90.239,0.003,-0.02,-40.003,-81.999,0.0,-90.239,0.003,-0.02,0.0,1703.0977565729368,0.0,0.0,0.0,0.0,0.0,8.0,0.0,0.0,0.0,0.0,0.0137698,-0.0068849,-0.0275396,4.7987753,-0.0137698,-1.1773179,0.01231013430998,0.004438583638528,-0.006137728937652,-0.0029491758242370003,-0.000258699633705,0.00258699633705,49.998999999999995,1.641719999952329,0.15570200002912316,0.07635099973413162,0.0
pd,23:51:12.668,98,-40.003,-89.999,0.0,-90.239,0.003,-0.02,0.0,0.0,0.0,0.0,0.0,0.0,-40.003,-40.0,0.0,-90.239,0.003,-0.02,-40.003,-81.999,0.0,-90.239,0.003,-0.02,0.0,2057.7966392738867,0.0,0.0,0.0,0.0,0.0,8.0,0.0,0.0,0.0,0.0,0.0137698,-0.0068849,-0.0275396,4.7987753,-0.0137698,-1.1773179,0.01231013430998,0.004438583638528,-0.006137728937652,-0.0029491758242370003,-0.000258699633705,0.00258699633705,49.998999999999995,1.8824020003194164,0.2517560001251695,0.09207299990521278,0.0
pd,23:51:12.671,99,-40.003,-89.999,0.0,-90.239,0.003,-0.02,0.0,0.0,0.0,0.0,0.0,0.0,-40.003,-40.0,0.0,-90.239,0.003,-0.02,-40.003,-81.999,0.0,-90.239,0.003,-0.02,0.0,1733.8999586606035,0.0,0.0,0.0,0.0,0.0,8.0,0.0,0.0,0.0,0.0,0.0137698,-0.0068849,-0.0275396,4.7987753,-0.0137698,-1.1773179,0.01231013430998,0.004438583638528,-0.006137728937652,-0.0029491758242370003,-0.000258699633705,0.00258699633705,49.998999999999995,1.67473900000914,0.13957299961475655,0.18818299986378406,0.0
pd,23:51:12.673,100,-40.003,-89.999,0.0,-90.239,0.003,-0.02,0.0,0.0,0.0,0.0,0.0,0.0,-40.003,-40.0,0.0,-90.239,0.003,-0.02,-40.003,-81.999,0.0,-90.239,0.003,-0.02,0.0,1928.194000689576,0.0,0.0,0.0,0.0,0.0,8.0,0.0,0.0,0.0,0.0,0.0137698,-0.0068849,-0.0275396,4.7987753,-0.0137698,-1.1773179,0.01231013430998,0.004438583638528,-0.006137728937652,-0.0029491758242370003,-0.000258699633705,0.00258699633705,49.998999999999995,1.6403869999521703,0.14651699984824518,0.058832999911828665,0.0
pd,23:51:12.675,101,-40.003,-89.999,0.0,-90.239,0.003,-0.02,0.0,0.0,0.0,0.0,0.0,0.0,-40.003,-40.0,0.0,-90.239,0.003,-0.02,-40.003,-81.999,0.0,-90.239,0.003,-0.02,0.0,1949.7055200464847,0.0,0.0,0.0,0.0,0.0,8.0,0.0,0.0,0.0,0.0,0.0137698,-0.0068849,-0.0275396,4.7987753,-0.0137698,-1.1773179,0.01231013430998,0.004438583638528,-0.006137728937652,-0.0029491758242370003,-0.000258699633705,0.00258699633705,49.998999999999995,1.6370719999940775,0.2141079999091744,0.07022199997663847,0.0
pd,23:51:12.677,102,-40.003,-89.999,0.0,-90.239,0.003,-0.02,0.0,0.0,0.0,0.0,0.0,0.0,-40.003,-40.0,0.0,-90.239,0.003,-0.02,-40.003,-81.999,0.0,-90.239,0.003,-0.02,0.0,2005.404733444896,0.0,0.0,0.0,0.0,0.0,8.0,0.0,0.0,0.0,0.0,0.0137698,-0.0068849,-0.0275396,4.7987753,-0.0137698,-1.1773179,0.01231013430998,0.004438583638528,-0.006137728937652,-0.0029491758242370003,-0.000258699633705,0.00258699633705,49.998999999999995,1.999382000121841,0.18577499986349721,0.09218400009558536,0.0
pd,23:51:12.679,103,-40.003,-89.999,0.0,-90.239,0.003,-0.02,0.0,0.0,0.0,0.0,0.0,0.0,-40.003,-40.0,0.0,-90.239,0.003,-0.02,-40.003,-81.999,0.0,-90.239,0.003,-0.02,0.0,1691.9338442920532,0.0,0.0,0.0,0.0,0.0,8.0,0.0,0.0,0.0,0.0,0.0137698,-0.0068849,-0.0275396,4.7987753,-0.0137698,-1.1773179,0.01231013430998,0.004438583638528,-0.006137728937652,-0.0029491758242370003,-0.000258699633705,0.00258699633705,49.998999999999995,1.7431080000278598,0.16272099992420408,0.06398100003934815,0.0
pd,23:51:12.681,104,-40.003,-89.999,0.0,-90.239,0.003,-0.02,0.0,0.0,0.0,0.0,0.0,0.0,-40.003,-40.0,0.0,-90.239,0.003,-0.02,-40.003,-81.999,0.0,-90.239,0.003,-0.02,0.0,1959.955140186916,0.0,0.0,0.0,0.0,0.0,8.0,0.0,0.0,0.0,0.0,0.0137698,-0.0068849,-0.0275396,4.7987753,-0.0137698,-1.1773179,0.01231013430998,0.004438583638528,-0.006137728937652,-0.0029491758242370003,-0.000258699633705,0.00258699633705,49.998999999999995,1.66592400000809,0.13236799986771075,0.05992500018692226,0.0
pd,23:51:12.683,105,-40.003,-89.999,0.0,-90.239,0.003,-0.02,0.0,0.0,0.0,0.0,0.0,0.0,-40.003,-40.0,0.0,-90.239,0.003,-0.02,-40.003,-81.999,0.0,-90.239,0.003,-0.02,0.0,2080.5079365079364,0.0,0.0,0.0,0.0,0.0,8.0,0.0,0.0,0.0,0.0,0.0137698,-0.0068849,-0.0275396,4.7987753,-0.0137698,-1.1773179,0.01231013430998,0.004438583638528,-0.006137728937652,-0.0029491758242370003,-0.000258699633705,0.00258699633705,49.998999999999995,1.6971640002338972,0.13833100001647836,0.06324000014501507,0.0
pd,23:51:12.685,106,-40.003,-89.999,0.0,-90.239,0.003,-0.02,0.0,0.0,0.0,0.0,0.0,0.0,-40.003,-40.0,0.0,-90.239,0.003,-0.02,-40.003,-81.999,0.0,-90.239,0.003,-0.02,0.0,2032.8627165879075,0.0,0.0,0.0,0.0,0.0,8.0,0.0,0.0,0.0,0.0,0.0137698,-0.0068849,-0.0275396,4.7987753,-0.0137698,-1.1773179,0.01231013430998,0.004438583638528,-0.006137728937652,-0.0029491758242370003,-0.000258699633705,0.00258699633705,49.998999999999995,1.6561829997954192,0.13131300011082203,0.05666600009135436,0.0
pd,23:51:12.687,107,-40.003,-89.999,0.0,-90.239,0.003,-0.02,0.0,0.0,0.0,0.0,0.0,0.0,-40.003,-40.0,0.0,-90.239,0.003,-0.02,-40.003,-81.999,0.0,-90.239,0.003,-0.02,0.0,2097.4141767720967,0.0,0.0,0.0,0.0,0.0,8.0,0.0,0.0,0.0,0.0,0.0137698,-0.0068849,-0.0275396,4.7987753,-0.0137698,-1.1773179,0.01231013430998,0.004438583638528,-0.006137728937652,-0.0029491758242370003,-0.000258699633705,0.00258699633705,49.998999999999995,1.7107200001191813,0.2828480000971467,0.08368399994651554,0.0
pd,23:51:12.689,108,-40.003,-89.999,0.0,-90.239,0.003,-0.02,0.0,0.0,0.0,0.0,0.0,0.0,-40.003,-40.0,0.0,-90.239,0.003,-0.02,-40.003,-81.999,0.0,-90.239,0.003,-0.02,0.0,1857.9419712070876,0.0,0.0,0.0,0.0,0.0,8.0,0.0,0.0,0.0,0.0,0.0137698,-0.0068849,-0.0275396,4.7987753,-0.0137698,-1.1773179,0.01231013430998,0.004438583638528,-0.006137728937652,-0.0029491758242370003,-0.000258699633705,0.00258699633705,49.998999999999995,1.9333089999236108,0.19122000003335415,0.0874620000104187,0.0
pd,23:51:12.691,109,-40.003,-89.999,0.0,-90.239,0.003,-0.02,0.0,0.0,0.0,0.0,0.0,0.0,-40.003,-40.0,0.0,-90.239,0.003,-0.02,-40.003,-81.999,0.0,-90.239,0.003,-0.02,0.0,1746.8987921699293,0.0,0.0,0.0,0.0,0.0,8.0,0.0,0.0,0.0,0.0,0.0137698,-0.0068849,-0.0275396,4.7987753,-0.0137698,-1.1773179,0.01231013430998,0.004438583638528,-0.006137728937652,-0.0029491758242370003,-0.000258699633705,0.00258699633705,49.998999999999995,1.766181999755645,0.14975699968999834,0.06320300008155755,0.0
pd,23:51:12.694,110,-40.003,-89.999,0.0,-90.239,0.003,-0.02,0.0,0.0,0.0,0.0,0.0,0.0,-40.003,-40.0,0.0,-90.239,0.003,-0.02,-40.003,-81.999,0.0,-90.239,0.003,-0.02,0.0,1948.346998025781,0.0,0.0,0.0,0.0,0.0,8.0,0.0,0.0,0.0,0.0,0.0137698,-0.0068849,-0.0275396,4.7987753,-0.0137698,-1.1773179,0.01231013430998,0.004438583638528,-0.006137728937652,-0.0029491758242370003,-0.000258699633705,0.00258699633705,49.998999999999995,1.6662940001879178,0.135851000322873,0.06842500033599208,0.0
pd,23:51:12.696,111,-40.003,-89.999,0.0,-90.239,0.003,-0.02,0.0,0.0,0.0,0.0,0.0,0.0,-40.003,-40.0,0.0,-90.239,0.003,-0.02,-40.003,-81.999,0.0,-90.239,0.003,-0.02,0.0,1917.8344764517603,0.0,0.0,0.0,0.0,0.0,8.0,0.0,0.0,0.0,0.0,0.0137698,-0.0068849,-0.0275396,4.7987753,-0.0137698,-1.1773179,0.01231013430998,0.004438583638528,-0.006137728937652,-0.0029491758242370003,-0.000258699633705,0.00258699633705,49.998999999999995,1.9509940002535586,0.1988300000448362,0.08999900001072092,0.0
pd,23:51:12.698,112,-40.003,-89.999,0.0,-90.239,0.003,-0.02,0.0,0.0,0.0,0.0,0.0,0.0,-40.003,-40.0,0.0,-90.239,0.003,-0.02,-40.003,-81.999,0.0,-90.239,0.003,-0.02,0.0,1720.0344474061924,0.0,0.0,0.0,0.0,0.0,8.0,0.0,0.0,0.0,0.0,0.0137698,-0.0068849,-0.0275396,4.7987753,-0.0137698,-1.1773179,0.01231013430998,0.004438583638528,-0.006137728937652,-0.0029491758242370003,-0.000258699633705,0.00258699633705,49.998999999999995,1.8967359997077438,0.1743309999255871,0.07905399979790673,0.0
pd,23:51:12.700,113,-40.003,-89.999,0.0,-90.239,0.003,-0.02,0.0,0.0,0.0,0.0,0.0,0.0,-40.003,-40.0,0.0,-90.239,0.003,-0.02,-40.003,-81.999,0.0,-90.239,0.003,-0.02,0.0,1795.3147137506687,0.0,0.0,0.0,0.0,0.0,8.0,0.0,0.0,0.0,0.0,0.0137698,-0.0068849,-0.0275396,4.7987753,-0.0137698,-1.1773179,0.01231013430998,0.004438583638528,-0.006137728937652,-0.0029491758242370003,-0.000258699633705,0.00258699633705,49.998999999999995,1.7179040000883106,0.15349800014519133,0.06844300014563487,0.0
pd,23:51:12.702,114,-40.003,-89.999,0.0,-90.239,0.003,-0.02,0.0,0.0,0.0,0.0,0.0,0.0,-40.003,-40.0,0.0,-90.239,0.003,-0.02,-40.003,-81.999,0.0,-90.239,0.003,-0.02,0.0,1990.179833926453,0.0,0.0,0.0,0.0,0.0,8.0,0.0,0.0,0.0,0.0,0.0137698,-0.0068849,-0.0275396,4.7987753,-0.0137698,-1.1773179,0.01231013430998,0.004438583638528,-0.006137728937652,-0.0029491758242370003,-0.000258699633705,0.00258699633705,49.998999999999995,1.6149430002769805,0.12975700019524083,0.05468399967867299,0.0
pd,23:51:12.704,115,-40.003,-89.999,0.0,-90.239,0.003,-0.02,0.0,0.0,0.0,0.0,0.0,0.0,-40.003,-40.0,0.0,-90.239,0.003,-0.02,-40.003,-81.999,0.0,-90.239,0.003,-0.02,0.0,2148.996541565262,0.0,0.0,0.0,0.0,0.0,8.0,0.0,0.0,0.0,0.0,0.0137698,-0.0068849,-0.0275396,4.7987753,-0.0137698,-1.1773179,0.01231013430998,0.004438583638528,-0.006137728937652,-0.0029491758242370003,-0.000258699633705,0.00258699633705,49.998999999999995,1.6395349998674646,0.13834999981554574,0.06138899971119827,0.0
pd,23:51:12.706,116,-40.003,-89.999,0.0,-90.239,0.003,-0.02,0.0,0.0,0.0,0.0,0.0,0.0,-40.003,-40.0,0.0,-90.239,0.003,-0.02,-40.003,-81.999,0.0,-90.239,0.003,-0.02,0.0,2099.513953197347,0.0,0.0,0.0,0.0,0.0,8.0,0.0,0.0,0.0,0.0,0.0137698,-0.0068849,-0.0275396,4.7987753,-0.0137698,-1.1773179,0.01231013430998,0.004438583638528,-0.006137728937652,-0.0029491758242370003,-0.000258699633705,0.00258699633705,49.998999999999995,1.6134799998326343,0.12611000011020224,0.05401799990067957,0.0
pd,23:51:12.708,117,-40.003,-89.999,0.0,-90.239,0.003,-0.02,0.0,0.0,0.0,0.0,0.0,0.0,-40.003,-40.0,0.0,-90.239,0.003,-0.02,-40.003,-81.999,0.0,-90.239,0.003,-0.02,0.0,2157.8412861736333,0.0,0.0,0.0,0.0,0.0,8.0,0.0,0.0,0.0,0.0,0.0137698,-0.0068849,-0.0275396,4.7987753,-0.0137698,-1.1773179,0.01231013430998,0.004438583638528,-0.006137728937652,-0.0029491758242370003,-0.000258699633705,0.00258699633705,49.998999999999995,1.7796069996620645,0.16590600034760428,0.07722200007265201,0.0
pd,23:51:12.710,118,-40.003,-89.999,0.0,-90.239,0.003,-0.02,0.0,0.0,0.0,0.0,0.0,0.0,-40.003,-40.0,0.0,-90.239,0.003,-0.02,-40.003,-81.999,0.0,-90.239,0.003,-0.02,0.0,1906.7184907375838,0.0,0.0,0.0,0.0,0.0,8.0,0.0,0.0,0.0,0.0,0.0137698,-0.0068849,-0.0275396,4.7987753,-0.0137698,-1.1773179,0.01231013430998,0.004438583638528,-0.006137728937652,-0.0029491758242370003,-0.000258699633705,0.00258699633705,49.998999999999995,1.6402199998992728,0.13829399995302083,0.05735100012316252,0.0
pd,23:51:12.712,119,-40.003,-89.999,0.0,-90.239,0.003,-0.02,0.0,0.0,0.0,0.0,0.0,0.0,-40.003,-40.0,0.0,-90.239,0.003,-0.02,-40.003,-81.999,0.0,-90.239,0.003,-0.02,0.0,2103.1986962517235,0.0,0.0,0.0,0.0,0.0,8.0,0.0,0.0,0.0,0.0,0.0137698,-0.0068849,-0.0275396,4.7987753,-0.0137698,-1.1773179,0.01231013430998,0.004438583638528,-0.006137728937652,-0.0029491758242370003,-0.000258699633705,0.00258699633705,49.998999999999995,1.6526270001122612,0.13877599985789857,0.059220999901299365,0.0
pd,23:51:12.714,120,-40.003,-89.999,0.0,-90.239,0.003,-0.02,0.0,0.0,0.0,0.0,0.0,0.0,-40.003,-40.0,0.0,-90.239,0.003,-0.02,-40.003,-81.999,0.0,-90.239,0.003,-0.02,0.0,2087.757093081135,0.0,0.0,0.0,0.0,0.0,8.0,0.0,0.0,0.0,0.0,0.0137698,-0.0068849,-0.0275396,4.7987753,-0.0137698,-1.1773179,0.01231013430998,0.004438583638528,-0.006137728937652,-0.0029491758242370003,-0.000258699633705,0.00258699633705,49.998999999999995,1.8559220002316579,0.1890349999484897,0.092832000063936,0.0
pd,23:51:12.716,121,-40.003,-89.999,0.0,-90.239,0.003,-0.02,0.0,0.0,0.0,0.0,0.0,0.0,-40.003,-40.0,0.0,-90.239,0.003,-0.02,-40.003,-81.999,0.0,-90.239,0.003,-0.02,0.0,1688.1883678808613,0.0,0.0,0.0,0.0,0.0,8.0,0.0,0.0,0.0,0.0,0.0137698,-0.0068849,-0.0275396,4.7987753,-0.0137698,-1.1773179,0.01231013430998,0.004438583638528,-0.006137728937652,-0.0029491758242370003,-0.000258699633705,0.00258699633705,49.998999999999995,1.9261430002188717,0.18342300018048263,0.07662899997740169,0.0
pd,23:51:12.718,122,-40.003,-89.999,0.0,-90.239,0.003,-0.02,0.0,0.0,0.0,0.0,0.0,0.0,-40.003,-40.0,0.0,-90.239,0.003,-0.02,-40.003,-81.999,0.0,-90.239,0.003,-0.02,0.0,1766.3946093914508,0.0,0.0,0.0,0.0,0.0,8.0,0.0,0.0,0.0,0.0,0.0137698,-0.0068849,-0.0275396,4.7987753,-0.0137698,-1.1773179,0.01231013430998,0.004438583638528,-0.006137728937652,-0.0029491758242370003,-0.000258699633705,0.00258699633705,49.998999999999995,1.8579019997559953,0.17351599990433897,0.08146200025294092,0.0
pd,23:51:12.721,123,-40.003,-89.999,0.0,-90.239,0.003,-0.02,0.0,0.0,0.0,0.0,0.0,0.0,-40.003,-40.0,0.0,-90.239,0.003,-0.02,-40.003,-81.999,0.0,-90.239,0.003,-0.02,0.0,1824.8005220796172,0.0,0.0,0.0,0.0,0.0,8.0,0.0,0.0,0.0,0.0,0.0137698,-0.0068849,-0.0275396,4.7987753,-0.0137698,-1.1773179,0.01231013430998,0.004438583638528,-0.006137728937652,-0.0029491758242370003,-0.000258699633705,0.00258699633705,49.998999999999995,1.7699229997560906,0.16475699976581382,0.08120299980873824,0.0
pd,23:51:12.723,124,-40.003,-89.999,0.0,-90.239,0.003,-0.02,0.0,0.0,0.0,0.0,0.0,0.0,-40.003,-40.0,0.0,-90.239,0.003,-0.02,-40.003,-81.999,0.0,-90.239,0.003,-0.02,0.0,1891.8827244023455,0.0,0.0,0.0,0.0,0.0,8.0,0.0,0.0,0.0,0.0,0.0137698,-0.0068849,-0.0275396,4.7987753,-0.0137698,-1.1773179,0.01231013430998,0.004438583638528,-0.006137728937652,-0.0029491758242370003,-0.000258699633705,0.00258699633705,49.998999999999995,1.6287390003526525,0.1312760000473645,0.0566099997740821,0.0
pd,23:51:12.725,125,-40.003,-89.999,0.0,-90.239,0.003,-0.02,0.0,0.0,0.0,0.0,0.0,0.0,-40.003,-40.0,0.0,-90.239,0.003,-0.02,-40.003,-81.999,0.0,-90.239,0.003,-0.02,0.0,2130.9813285913883,0.0,0.0,0.0,0.0,0.0,8.0,0.0,0.0,0.0,0.0,0.0137698,-0.0068849,-0.0275396,4.7987753,-0.0137698,-1.1773179,0.01231013430998,0.004438583638528,-0.006137728937652,-0.0029491758242370003,-0.000258699633705,0.00258699633705,49.998999999999995,1.6859779998412705,0.2261079998788773,0.06829599988122936,0.0
pd,23:51:12.727,126,-40.003,-89.999,0.0,-90.239,0.003,-0.02,0.0,0.0,0.0,0.0,0.0,0.0,-40.003,-40.0,0.0,-90.239,0.003,-0.02,-40.003,-81.999,0.0,-90.239,0.003,-0.02,0.0,1952.4282555568486,0.0,0.0,0.0,0.0,0.0,8.0,0.0,0.0,0.0,0.0,0.0137698,-0.0068849,-0.0275396,4.7987753,-0.0137698,-1.1773179,0.01231013430998,0.004438583638528,-0.006137728937652,-0.0029491758242370003,-0.000258699633705,0.00258699633705,49.998999999999995,1.6291460001411906,0.13233199979367782,0.052924999636161374,0.0
pd,23:51:12.728,127,-40.003,-89.999,0.0,-90.239,0.003,-0.02,0.0,0.0,0.0,0.0,0.0,0.0,-40.003,-40.0,0.0,-90.239,0.003,-0.02,-40.003,-81.999,0.0,-90.239,0.003,-0.02,0.0,2132.877701500127,0.0,0.0,0.0,0.0,0.0,8.0,0.0,0.0,0.0,0.0,0.0137698,-0.0068849,-0.0275396,4.7987753,-0.0137698,-1.1773179,0.01231013430998,0.004438583638528,-0.006137728937652,-0.0029491758242370003,-0.000258699633705,0.00258699633705,49.998999999999995,1.8284029997630569,0.17458999991504243,0.0799429999460699,0.0
pd,23:51:12.731,128,-40.003,-89.999,0.0,-90.239,0.003,-0.02,0.0,0.0,0.0,0.0,0.0,0.0,-40.003,-40.0,0.0,-90.239,0.003,-0.02,-40.003,-81.999,0.0,-90.239,0.003,-0.02,0.0,1856.0920455802634,0.0,0.0,0.0,0.0,0.0,8.0,0.0,0.0,0.0,0.0,0.0137698,-0.0068849,-0.0275396,4.7987753,-0.0137698,-1.1773179,0.01231013430998,0.004438583638528,-0.006137728937652,-0.0029491758242370003,-0.000258699633705,0.00258699633705,49.998999999999995,1.6855530002430896,0.133220999941841,0.05657299971062457,0.0
pd,23:51:12.733,129,-40.003,-89.999,0.0,-90.239,0.003,-0.02,0.0,0.0,0.0,0.0,0.0,0.0,-40.003,-40.0,0.0,-90.239,0.003,-0.02,-40.003,-81.999,0.0,-90.239,0.003,-0.02,0.0,2005.8842659014826,0.0,0.0,0.0,0.0,0.0,8.0,0.0,0.0,0.0,0.0,0.0137698,-0.0068849,-0.0275396,4.7987753,-0.0137698,-1.1773179,0.01231013430998,0.004438583638528,-0.006137728937652,-0.0029491758242370003,-0.000258699633705,0.00258699633705,49.998999999999995,1.6573490001974278,0.13133199990988942,0.056054999731713906,0.0
pd,23:51:12.735,130,-40.003,-89.999,0.0,-90.239,0.003,-0.02,0.0,0.0,0.0,0.0,0.0,0.0,-40.003,-40.0,0.0,-90.239,0.003,-0.02,-40.003,-81.999,0.0,-90.239,0.003,-0.02,0.0,2091.4006482174022,0.0,0.0,0.0,0.0,0.0,8.0,0.0,0.0,0.0,0.0,0.0137698,-0.0068849,-0.0275396,4.7987753,-0.0137698,-1.1773179,0.01231013430998,0.004438583638528,-0.006137728937652,-0.0029491758242370003,-0.000258699633705,0.00258699633705,49.998999999999995,1.6625899997961824,0.13009099984628847,0.05848099999639089,0.0
pd,23:51:12.737,131,-40.003,-89.999,0.0,-90.239,0.003,-0.02,0.0,0.0,0.0,0.0,0.0,0.0,-40.003,-40.0,0.0,-90.239,0.003,-0.02,-40.003,-81.999,0.0,-90.239,0.003,-0.02,0.0,1909.3224081028793,0.0,0.0,0.0,0.0,0.0,8.0,0.0,0.0,0.0,0.0,0.0137698,-0.0068849,-0.0275396,4.7987753,-0.0137698,-1.1773179,0.01231013430998,0.004438583638528,-0.006137728937652,-0.0029491758242370003,-0.000258699633705,0.00258699633705,49.998999999999995,1.8213480002486904,0.1665720001255977,0.07218400014608051,0.0
pd,23:51:12.739,132,-40.003,-89.999,0.0,-90.239,0.003,-0.02,0.0,0.0,0.0,0.0,0.0,0.0,-40.003,-40.0,0.0,-90.239,0.003,-0.02,-40.003,-81.999,0.0,-90.239,0.003,-0.02,0.0,1876.0165492564017,0.0,0.0,0.0,0.0,0.0,8.0,0.0,0.0,0.0,0.0,0.0137698,-0.0068849,-0.0275396,4.7987753,-0.0137698,-1.1773179,0.01231013430998,0.004438583638528,-0.006137728937652,-0.0029491758242370003,-0.000258699633705,0.00258699633705,49.998999999999995,2.127270000073622,0.21672000002581626,0.10470300003362354,0.0
pd,23:51:12.741,133,-40.003,-89.999,0.0,-90.239,0.003,-0.02,0.0,0.0,0.0,0.0,0.0,0.0,-40.003,-40.0,0.0,-90.239,0.003,-0.02,-40.003,-81.999,0.0,-90.239,0.003,-0.02,0.0,1575.1775420148342,0.0,0.0,0.0,0.0,0.0,8.0,0.0,0.0,0.0,0.0,0.0137698,-0.0068849,-0.0275396,4.7987753,-0.0137698,-1.1773179,0.01231013430998,0.004438583638528,-0.006137728937652,-0.0029491758242370003,-0.000258699633705,0.00258699633705,49.998999999999995,1.7265709998355305,0.1451640000595944,0.062259000060294056,0.0
pd,23:51:12.743,134,-40.003,-89.999,0.0,-90.239,0.003,-0.02,0.0,0.0,0.0,0.0,0.0,0.0,-40.003,-40.0,0.0,-90.239,0.003,-0.02,-40.003,-81.999,0.0,-90.239,0.003,-0.02,0.0,1998.953413558918,0.0,0.0,0.0,0.0,0.0,8.0,0.0,0.0,0.0,0.0,0.0137698,-0.0068849,-0.0275396,4.7987753,-0.0137698,-1.1773179,0.01231013430998,0.004438583638528,-0.006137728937652,-0.0029491758242370003,-0.000258699633705,0.00258699633705,49.998999999999995,1.7307560001427191,0.14262800004871679,0.062369999795919284,0.0
pd,23:51:12.745,135,-40.003,-89.999,0.0,-90.239,0.003,-0.02,0.0,0.0,0.0,0.0,0.0,0.0,-40.003,-40.0,0.0,-90.239,0.003,-0.02,-40.003,-81.999,0.0,-90.239,0.003,-0.02,0.0,1998.2391615054787,0.0,0.0,0.0,0.0,0.0,8.0,0.0,0.0,0.0,0.0,0.0137698,-0.0068849,-0.0275396,4.7987753,-0.0137698,-1.1773179,0.01231013430998,0.004438583638528,-0.006137728937652,-0.0029491758242370003,-0.000258699633705,0.00258699633705,49.998999999999995,1.741645000038261,0.145627999700082,0.069258000166883,0.0
pd,23:51:12.747,136,-40.003,-89.999,0.0,-90.239,0.003,-0.02,0.0,0.0,0.0,0.0,0.0,0.0,-40.003,-40.0,0.0,-90.239,0.003,-0.02,-40.003,-81.999,0.0,-90.239,0.003,-0.02,0.0,1973.7901176470589,0.0,0.0,0.0,0.0,0.0,8.0,0.0,0.0,0.0,0.0,0.0137698,-0.0068849,-0.0275396,4.7987753,-0.0137698,-1.1773179,0.01231013430998,0.004438583638528,-0.006137728937652,-0.0029491758242370003,-0.000258699633705,0.00258699633705,49.998999999999995,1.7181450002681231,0.14536799972120207,0.06783199978599441,0.0
pd,23:51:12.749,137,-40.003,-89.999,0.0,-90.239,0.003,-0.02,0.0,0.0,0.0,0.0,0.0,0.0,-40.003,-40.0,0.0,-90.239,0.003,-0.02,-40.003,-81.999,0.0,-90.239,0.003,-0.02,0.0,1997.287619047619,0.0,0.0,0.0,0.0,0.0,8.0,0.0,0.0,0.0,0.0,0.0137698,-0.0068849,-0.0275396,4.7987753,-0.0137698,-1.1773179,0.01231013430998,0.004438583638528,-0.006137728937652,-0.0029491758242370003,-0.000258699633705,0.00258699633705,49.998999999999995,1.8353100003878353,0.16481300008308608,0.06059199995434028,0.0
pd,23:51:12.751,138,-40.003,-89.999,0.0,-90.239,0.003,-0.02,0.0,0.0,0.0,0.0,0.0,0.0,-40.003,-40.0,0.0,-90.239,0.003,-0.02,-40.003,-81.999,0.0,-90.239,0.003,-0.02,0.0,1875.8067978533095,0.0,0.0,0.0,0.0,0.0,8.0,0.0,0.0,0.0,0.0,0.0137698,-0.0068849,-0.0275396,4.7987753,-0.0137698,-1.1773179,0.01231013430998,0.004438583638528,-0.006137728937652,-0.0029491758242370003,-0.000258699633705,0.00258699633705,49.998999999999995,1.6622939997432695,0.1392019999002514,0.0571470000068075,0.0
pd,23:51:12.753,139,-40.003,-89.999,0.0,-90.239,0.003,-0.02,0.0,0.0,0.0,0.0,0.0,0.0,-40.003,-40.0,0.0,-90.239,0.003,-0.02,-40.003,-81.999,0.0,-90.239,0.003,-0.02,0.0,2079.734225858436,0.0,0.0,0.0,0.0,0.0,8.0,0.0,0.0,0.0,0.0,0.0137698,-0.0068849,-0.0275396,4.7987753,-0.0137698,-1.1773179,0.01231013430998,0.004438583638528,-0.006137728937652,-0.0029491758242370003,-0.000258699633705,0.00258699633705,49.998999999999995,1.6117390000545129,0.13590499975180137,0.05938799995419686,0.0
pd,23:51:12.755,140,-40.003,-89.999,0.0,-90.239,0.003,-0.02,0.0,0.0,0.0,0.0,0.0,0.0,-40.003,-40.0,0.0,-90.239,0.003,-0.02,-40.003,-81.999,0.0,-90.239,0.003,-0.02,0.0,2137.224968152866,0.0,0.0,0.0,0.0,0.0,8.0,0.0,0.0,0.0,0.0,0.0137698,-0.0068849,-0.0275396,4.7987753,-0.0137698,-1.1773179,0.01231013430998,0.004438583638528,-0.006137728937652,-0.0029491758242370003,-0.000258699633705,0.00258699633705,49.998999999999995,1.6264430000774155,0.13822099981553038,0.05975800013402477,0.0
pd,23:51:12.757,141,-40.003,-89.999,0.0,-90.239,0.003,-0.02,0.0,0.0,0.0,0.0,0.0,0.0,-40.003,-40.0,0.0,-90.239,0.003,-0.02,-40.003,-81.999,0.0,-90.239,0.003,-0.02,0.0,1951.292858804373,0.0,0.0,0.0,0.0,0.0,8.0,0.0,0.0,0.0,0.0,0.0137698,-0.0068849,-0.0275396,4.7987753,-0.0137698,-1.1773179,0.01231013430998,0.004438583638528,-0.006137728937652,-0.0029491758242370003,-0.000258699633705,0.00258699633705,49.998999999999995,1.8426999999974214,0.17940600037036347,0.2137189999302791,0.0
pd,23:51:12.760,142,-40.003,-89.999,0.0,-90.239,0.003,-0.02,0.0,0.0,0.0,0.0,0.0,0.0,-40.003,-40.0,0.0,-90.239,0.003,-0.02,-40.003,-81.999,0.0,-90.239,0.003,-0.02,0.0,1723.3914740626606,0.0,0.0,0.0,0.0,0.0,8.0,0.0,0.0,0.0,0.0,0.0137698,-0.0068849,-0.0275396,4.7987753,-0.0137698,-1.1773179,0.01231013430998,0.004438583638528,-0.006137728937652,-0.0029491758242370003,-0.000258699633705,0.00258699633705,49.998999999999995,1.7424789998585766,0.18025700001089717,0.07116599999790196,0.0
pd,23:51:12.762,143,-40.003,-89.999,0.0,-90.239,0.003,-0.02,0.0,0.0,0.0,0.0,0.0,0.0,-40.003,-40.0,0.0,-90.239,0.003,-0.02,-40.003,-81.999,0.0,-90.239,0.003,-0.02,0.0,1896.3734599299198,0.0,0.0,0.0,0.0,0.0,8.0,0.0,0.0,0.0,0.0,0.0137698,-0.0068849,-0.0275396,4.7987753,-0.0137698,-1.1773179,0.01231013430998,0.004438583638528,-0.006137728937652,-0.0029491758242370003,-0.000258699633705,0.00258699633705,49.998999999999995,1.6242570000031264,0.1327389995822159,0.05583200027103885,0.0
pd,23:51:12.764,144,-40.003,-89.999,0.0,-90.239,0.003,-0.02,0.0,0.0,0.0,0.0,0.0,0.0,-40.003,-40.0,0.0,-90.239,0.003,-0.02,-40.003,-81.999,0.0,-90.239,0.003,-0.02,0.0,2132.60658446676,0.0,0.0,0.0,0.0,0.0,8.0,0.0,0.0,0.0,0.0,0.0137698,-0.0068849,-0.0275396,4.7987753,-0.0137698,-1.1773179,0.01231013430998,0.004438583638528,-0.006137728937652,-0.0029491758242370003,-0.000258699633705,0.00258699633705,49.998999999999995,1.6393500000049244,0.13720199967792723,0.06087000019761035,0.0
pd,23:51:12.766,145,-40.003,-89.999,0.0,-90.239,0.003,-0.02,0.0,0.0,0.0,0.0,0.0,0.0,-40.003,-40.0,0.0,-90.239,0.003,-0.02,-40.003,-81.999,0.0,-90.239,0.003,-0.02,0.0,2103.1986962517235,0.0,0.0,0.0,0.0,0.0,8.0,0.0,0.0,0.0,0.0,0.0137698,-0.0068849,-0.0275396,4.7987753,-0.0137698,-1.1773179,0.01231013430998,0.004438583638528,-0.006137728937652,-0.0029491758242370003,-0.000258699633705,0.00258699633705,49.998999999999995,1.8846990001293307,0.20031199983350234,0.09549900005367817,0.0
pd,23:51:12.768,146,-40.003,-89.999,0.0,-90.239,0.003,-0.02,0.0,0.0,0.0,0.0,0.0,0.0,-40.003,-40.0,0.0,-90.239,0.003,-0.02,-40.003,-81.999,0.0,-90.239,0.003,-0.02,0.0,1762.8681307134602,0.0,0.0,0.0,0.0,0.0,8.0,0.0,0.0,0.0,0.0,0.0137698,-0.0068849,-0.0275396,4.7987753,-0.0137698,-1.1773179,0.01231013430998,0.004438583638528,-0.006137728937652,-0.0029491758242370003,-0.000258699633705,0.00258699633705,49.998999999999995,1.874495000265597,0.19281200002296828,0.0896469996405358,0.0
pd,23:51:12.770,147,-40.003,-89.999,0.0,-90.239,0.003,-0.02,0.0,0.0,0.0,0.0,0.0,0.0,-40.003,-40.0,0.0,-90.239,0.003,-0.02,-40.003,-81.999,0.0,-90.239,0.003,-0.02,0.0,1783.2925170068027,0.0,0.0,0.0,0.0,0.0,8.0,0.0,0.0,0.0,0.0,0.0137698,-0.0068849,-0.0275396,4.7987753,-0.0137698,-1.1773179,0.01231013430998,0.004438583638528,-0.006137728937652,-0.0029491758242370003,-0.000258699633705,0.00258699633705,49.998999999999995,1.8189039997196232,0.1602209999873594,0.07199899982879288,0.0
pd,23:51:12.772,148,-40.003,-89.999,0.0,-90.239,0.003,-0.02,0.0,0.0,0.0,0.0,0.0,0.0,-40.003,-40.0,0.0,-90.239,0.003,-0.02,-40.003,-81.999,0.0,-90.239,0.003,-0.02,0.0,1881.275622336847,0.0,0.0,0.0,0.0,0.0,8.0,0.0,0.0,0.0,0.0,0.0137698,-0.0068849,-0.0275396,4.7987753,-0.0137698,-1.1773179,0.01231013430998,0.004438583638528,-0.006137728937652,-0.0029491758242370003,-0.000258699633705,0.00258699633705,49.998999999999995,1.733440999942104,0.14497899974230677,0.06062800002837321,0.0
pd,23:51:12.774,149,-40.003,-89.999,0.0,-90.239,0.003,-0.02,0.0,0.0,0.0,0.0,0.0,0.0,-40.003,-40.0,0.0,-90.239,0.003,-0.02,-40.003,-81.999,0.0,-90.239,0.003,-0.02,0.0,1994.675543930567,0.0,0.0,0.0,0.0,0.0,8.0,0.0,0.0,0.0,0.0,0.0137698,-0.0068849,-0.0275396,4.7987753,-0.0137698,-1.1773179,0.01231013430998,0.004438583638528,-0.006137728937652,-0.0029491758242370003,-0.000258699633705,0.00258699633705,49.998999999999995,1.605090999873937,0.12709100019492325,0.05314799955158378,0.0
pd,23:51:12.776,150,-40.003,-89.999,0.0,-90.239,0.003,-0.02,0.0,0.0,0.0,0.0,0.0,0.0,-40.003,-40.0,0.0,-90.239,0.003,-0.02,-40.003,-81.999,0.0,-90.239,0.003,-0.02,0.0,2157.5637860082306,0.0,0.0,0.0,0.0,0.0,8.0,0.0,0.0,0.0,0.0,0.0137698,-0.0068849,-0.0275396,4.7987753,-0.0137698,-1.1773179,0.01231013430998,0.004438583638528,-0.006137728937652,-0.0029491758242370003,-0.000258699633705,0.00258699633705,49.998999999999995,1.6245910001089214,0.1367019999634067,0.059128999964741524,0.0
pd,23:51:12.778,151,-40.003,-89.999,0.0,-90.239,0.003,-0.02,0.0,0.0,0.0,0.0,0.0,0.0,-40.003,-40.0,0.0,-90.239,0.003,-0.02,-40.003,-81.999,0.0,-90.239,0.003,-0.02,0.0,1839.808750959535,0.0,0.0,0.0,0.0,0.0,8.0,0.0,0.0,0.0,0.0,0.0137698,-0.0068849,-0.0275396,4.7987753,-0.0137698,-1.1773179,0.01231013430998,0.004438583638528,-0.006137728937652,-0.0029491758242370003,-0.000258699633705,0.00258699633705,49.998999999999995,1.856459000009636,0.19647899989649886,0.08351799988304265,0.0
pd,23:51:12.780,152,-40.003,-89.999,0.0,-90.239,0.003,-0.02,0.0,0.0,0.0,0.0,0.0,0.0,-40.003,-40.0,0.0,-90.239,0.003,-0.02,-40.003,-81.999,0.0,-90.239,0.003,-0.02,0.0,1797.4304692521962,0.0,0.0,0.0,0.0,0.0,8.0,0.0,0.0,0.0,0.0,0.0137698,-0.0068849,-0.0275396,4.7987753,-0.0137698,-1.1773179,0.01231013430998,0.004438583638528,-0.006137728937652,-0.0029491758242370003,-0.000258699633705,0.00258699633705,49.998999999999995,1.729534000332933,0.16033099973356002,0.06701799975417089,0.0
pd,23:51:12.782,153,-40.003,-89.999,0.0,-90.239,0.003,-0.02,0.0,0.0,0.0,0.0,0.0,0.0,-40.003,-40.0,0.0,-90.239,0.003,-0.02,-40.003,-81.999,0.0,-90.239,0.003,-0.02,0.0,1971.470740305523,0.0,0.0,0.0,0.0,0.0,8.0,0.0,0.0,0.0,0.0,0.0137698,-0.0068849,-0.0275396,4.7987753,-0.0137698,-1.1773179,0.01231013430998,0.004438583638528,-0.006137728937652,-0.0029491758242370003,-0.000258699633705,0.00258699633705,49.998999999999995,1.6664790000504581,0.13186799969844287,0.056258999848068925,0.0
pd,23:51:12.784,154,-40.003,-89.999,0.0,-90.239,0.003,-0.02,0.0,0.0,0.0,0.0,0.0,0.0,-40.003,-40.0,0.0,-90.239,0.003,-0.02,-40.003,-81.999,0.0,-90.239,0.003,-0.02,0.0,2083.867345671345,0.0,0.0,0.0,0.0,0.0,8.0,0.0,0.0,0.0,0.0,0.0137698,-0.0068849,-0.0275396,4.7987753,-0.0137698,-1.1773179,0.01231013430998,0.004438583638528,-0.006137728937652,-0.0029491758242370003,-0.000258699633705,0.00258699633705,49.998999999999995,1.727144999676966,0.1910900000439142,0.06868499986012466,0.0
pd,23:51:12.786,155,-40.003,-89.999,0.0,-90.239,0.003,-0.02,0.0,0.0,0.0,0.0,0.0,0.0,-40.003,-40.0,0.0,-90.239,0.003,-0.02,-40.003,-81.999,0.0,-90.239,0.003,-0.02,0.0,1942.9317892298784,0.0,0.0,0.0,0.0,0.0,8.0,0.0,0.0,0.0,0.0,0.0137698,-0.0068849,-0.0275396,4.7987753,-0.0137698,-1.1773179,0.01231013430998,0.004438583638528,-0.006137728937652,-0.0029491758242370003,-0.000258699633705,0.00258699633705,49.998999999999995,1.643035000142845,0.13336899974092375,0.05548100034502568,0.0
pd,23:51:12.788,156,-40.003,-89.999,0.0,-90.239,0.003,-0.02,0.0,0.0,0.0,0.0,0.0,0.0,-40.003,-40.0,0.0,-90.239,0.003,-0.02,-40.003,-81.999,0.0,-90.239,0.003,-0.02,0.0,2108.4851074525577,0.0,0.0,0.0,0.0,0.0,8.0,0.0,0.0,0.0,0.0,0.0137698,-0.0068849,-0.0275396,4.7987753,-0.0137698,-1.1773179,0.01231013430998,0.004438583638528,-0.006137728937652,-0.0029491758242370003,-0.000258699633705,0.00258699633705,49.998999999999995,1.9528830002855102,0.18540500013841665,0.0874620000104187,0.0
pd,23:51:12.791,157,-40.003,-89.999,0.0,-90.239,0.003,-0.02,0.0,0.0,0.0,0.0,0.0,0.0,-40.003,-40.0,0.0,-90.239,0.003,-0.02,-40.003,-81.999,0.0,-90.239,0.003,-0.02,0.0,1732.64649385521,0.0,0.0,0.0,0.0,0.0,8.0,0.0,0.0,0.0,0.0,0.0137698,-0.0068849,-0.0275396,4.7987753,-0.0137698,-1.1773179,0.01231013430998,0.004438583638528,-0.006137728937652,-0.0029491758242370003,-0.000258699633705,0.00258699633705,49.998999999999995,2.0035859997733496,0.1927019998220203,0.09397999974680715,0.0
pd,23:51:12.793,158,-40.003,-89.999,0.0,-90.239,0.003,-0.02,0.0,0.0,0.0,0.0,0.0,0.0,-40.003,-40.0,0.0,-90.239,0.003,-0.02,-40.003,-81.999,0.0,-90.239,0.003,-0.02,0.0,1683.2764121601285,0.0,0.0,0.0,0.0,0.0,8.0,0.0,0.0,0.0,0.0,0.0137698,-0.0068849,-0.0275396,4.7987753,-0.0137698,-1.1773179,0.01231013430998,0.004438583638528,-0.006137728937652,-0.0029491758242370003,-0.000258699633705,0.00258699633705,49.998999999999995,1.6860529999576102,0.13638800010085106,0.05872100018677884,0.0
pd,23:51:12.795,159,-40.003,-89.999,0.0,-90.239,0.003,-0.02,0.0,0.0,0.0,0.0,0.0,0.0,-40.003,-40.0,0.0,-90.239,0.003,-0.02,-40.003,-81.999,0.0,-90.239,0.003,-0.02,0.0,2055.5275667728497,0.0,0.0,0.0,0.0,0.0,8.0,0.0,0.0,0.0,0.0,0.0137698,-0.0068849,-0.0275396,4.7987753,-0.0137698,-1.1773179,0.01231013430998,0.004438583638528,-0.006137728937652,-0.0029491758242370003,-0.000258699633705,0.00258699633705,49.998999999999995,1.7572380002093269,0.15473900020879228,0.07318400002986891,0.0
pd,23:51:12.797,160,-40.003,-89.999,0.0,-90.239,0.003,-0.02,0.0,0.0,0.0,0.0,0.0,0.0,-40.003,-40.0,0.0,-90.239,0.003,-0.02,-40.003,-81.999,0.0,-90.239,0.003,-0.02,0.0,1944.7335110698968,0.0,0.0,0.0,0.0,0.0,8.0,0.0,0.0,0.0,0.0,0.0137698,-0.0068849,-0.0275396,4.7987753,-0.0137698,-1.1773179,0.01231013430998,0.004438583638528,-0.006137728937652,-0.0029491758242370003,-0.000258699633705,0.00258699633705,49.998999999999995,1.7945700001291698,0.15766499973324244,0.0706470000295667,0.0
pd,23:51:12.799,161,-40.003,-89.999,0.0,-90.239,0.003,-0.02,0.0,0.0,0.0,0.0,0.0,0.0,-40.003,-40.0,0.0,-90.239,0.003,-0.02,-40.003,-81.999,0.0,-90.239,0.003,-0.02,0.0,1764.1657202944268,0.0,0.0,0.0,0.0,0.0,8.0,0.0,0.0,0.0,0.0,0.0137698,-0.0068849,-0.0275396,4.7987753,-0.0137698,-1.1773179,0.01231013430998,0.004438583638528,-0.006137728937652,-0.0029491758242370003,-0.000258699633705,0.00258699633705,49.998999999999995,1.9317539999974542,0.1949610000337998,0.0841290002426831,0.0
pd,23:51:12.802,162,-40.003,-89.999,0.0,-90.239,0.003,-0.02,0.0,0.0,0.0,0.0,0.0,0.0,-40.003,-40.0,0.0,-90.239,0.003,-0.02,-40.003,-81.999,0.0,-90.239,0.003,-0.02,0.0,1743.0873766233767,0.0,0.0,0.0,0.0,0.0,8.0,0.0,0.0,0.0,0.0,0.0137698,-0.0068849,-0.0275396,4.7987753,-0.0137698,-1.1773179,0.01231013430998,0.004438583638528,-0.006137728937652,-0.0029491758242370003,-0.000258699633705,0.00258699633705,49.998999999999995,1.656942999943567,0.14427599990085582,0.05896200036659138,0.0
pd,23:51:12.803,163,-40.003,-89.999,0.0,-90.239,0.003,-0.02,0.0,0.0,0.0,0.0,0.0,0.0,-40.003,-40.0,0.0,-90.239,0.003,-0.02,-40.003,-81.999,0.0,-90.239,0.003,-0.02,0.0,2078.70350638087,0.0,0.0,0.0,0.0,0.0,8.0,0.0,0.0,0.0,0.0,0.0137698,-0.0068849,-0.0275396,4.7987753,-0.0137698,-1.1773179,0.01231013430998,0.004438583638528,-0.006137728937652,-0.0029491758242370003,-0.000258699633705,0.00258699633705,49.998999999999995,1.6758130000198435,0.14773900011277874,0.06707300008201855,0.0
pd,23:51:12.805,164,-40.003,-89.999,0.0,-90.239,0.003,-0.02,0.0,0.0,0.0,0.0,0.0,0.0,-40.003,-40.0,0.0,-90.239,0.003,-0.02,-40.003,-81.999,0.0,-90.239,0.003,-0.02,0.0,2042.7634238402532,0.0,0.0,0.0,0.0,0.0,8.0,0.0,0.0,0.0,0.0,0.0137698,-0.0068849,-0.0275396,4.7987753,-0.0137698,-1.1773179,0.01231013430998,0.004438583638528,-0.006137728937652,-0.0029491758242370003,-0.000258699633705,0.00258699633705,49.998999999999995,1.672016000156873,0.1677939999353839,0.0754620000407158,0.0
pd,23:51:12.807,165,-40.003,-89.999,0.0,-90.239,0.003,-0.02,0.0,0.0,0.0,0.0,0.0,0.0,-40.003,-40.0,0.0,-90.239,0.003,-0.02,-40.003,-81.999,0.0,-90.239,0.003,-0.02,0.0,2008.5257991140907,0.0,0.0,0.0,0.0,0.0,8.0,0.0,0.0,0.0,0.0,0.0137698,-0.0068849,-0.0275396,4.7987753,-0.0137698,-1.1773179,0.01231013430998,0.004438583638528,-0.006137728937652,-0.0029491758242370003,-0.000258699633705,0.00258699633705,49.998999999999995,1.676682999914192,0.15266499985955306,0.06936899990250822,0.0
pd,23:51:12.809,166,-40.003,-89.999,0.0,-90.239,0.003,-0.02,0.0,0.0,0.0,0.0,0.0,0.0,-40.003,-40.0,0.0,-90.239,0.003,-0.02,-40.003,-81.999,0.0,-90.239,0.003,-0.02,0.0,2030.6482691842168,0.0,0.0,0.0,0.0,0.0,8.0,0.0,0.0,0.0,0.0,0.0137698,-0.0068849,-0.0275396,4.7987753,-0.0137698,-1.1773179,0.01231013430998,0.004438583638528,-0.006137728937652,-0.0029491758242370003,-0.000258699633705,0.00258699633705,49.998999999999995,1.806959000077768,0.18272000033903169,0.08590699962951476,0.0
pd,23:51:12.812,167,-40.003,-89.999,0.0,-90.239,0.003,-0.02,0.0,0.0,0.0,0.0,0.0,0.0,-40.003,-40.0,0.0,-90.239,0.003,-0.02,-40.003,-81.999,0.0,-90.239,0.003,-0.02,0.0,1856.7082779991147,0.0,0.0,0.0,0.0,0.0,8.0,0.0,0.0,0.0,0.0,0.0137698,-0.0068849,-0.0275396,4.7987753,-0.0137698,-1.1773179,0.01231013430998,0.004438583638528,-0.006137728937652,-0.0029491758242370003,-0.000258699633705,0.00258699633705,49.998999999999995,1.6860529999576102,0.14566499976353953,0.06359200006045285,0.0
pd,23:51:12.814,168,-40.003,-89.999,0.0,-90.239,0.003,-0.02,0.0,0.0,0.0,0.0,0.0,0.0,-40.003,-40.0,0.0,-90.239,0.003,-0.02,-40.003,-81.999,0.0,-90.239,0.003,-0.02,0.0,2039.2872249908837,0.0,0.0,0.0,0.0,0.0,8.0,0.0,0.0,0.0,0.0,0.0137698,-0.0068849,-0.0275396,4.7987753,-0.0137698,-1.1773179,0.01231013430998,0.004438583638528,-0.006137728937652,-0.0029491758242370003,-0.000258699633705,0.00258699633705,49.998999999999995,1.6159429997060215,0.12975699974049348,0.06044400015525753,0.0
pd,23:51:12.815,169,-40.003,-89.999,0.0,-90.239,0.003,-0.02,0.0,0.0,0.0,0.0,0.0,0.0,-40.003,-40.0,0.0,-90.239,0.003,-0.02,-40.003,-81.999,0.0,-90.239,0.003,-0.02,0.0,2141.5899923410775,0.0,0.0,0.0,0.0,0.0,8.0,0.0,0.0,0.0,0.0,0.0137698,-0.0068849,-0.0275396,4.7987753,-0.0137698,-1.1773179,0.01231013430998,0.004438583638528,-0.006137728937652,-0.0029491758242370003,-0.000258699633705,0.00258699633705,49.998999999999995,1.990901000226586,0.18723799985309597,0.0885550002749369,0.0
pd,23:51:12.818,170,-40.003,-89.999,0.0,-90.239,0.003,-0.02,0.0,0.0,0.0,0.0,0.0,0.0,-40.003,-40.0,0.0,-90.239,0.003,-0.02,-40.003,-81.999,0.0,-90.239,0.003,-0.02,0.0,1703.7895805829187,0.0,0.0,0.0,0.0,0.0,8.0,0.0,0.0,0.0,0.0,0.0137698,-0.0068849,-0.0275396,4.7987753,-0.0137698,-1.1773179,0.01231013430998,0.004438583638528,-0.006137728937652,-0.0029491758242370003,-0.000258699633705,0.00258699633705,49.998999999999995,1.837440000144852,0.16707199984011822,0.0767770002312318,0.0
pd,23:51:12.820,171,-40.003,-89.999,0.0,-90.239,0.003,-0.02,0.0,0.0,0.0,0.0,0.0,0.0,-40.003,-40.0,0.0,-90.239,0.003,-0.02,-40.003,-81.999,0.0,-90.239,0.003,-0.02,0.0,1602.1023682200153,0.0,0.0,0.0,0.0,0.0,8.0,0.0,0.0,0.0,0.0,0.0137698,-0.0068849,-0.0275396,4.7987753,-0.0137698,-1.1773179,0.01231013430998,0.004438583638528,-0.006137728937652,-0.0029491758242370003,-0.000258699633705,0.00258699633705,49.998999999999995,1.939013000082923,0.21120100018379162,0.08992500033855322,0.0
pd,23:51:12.823,172,-40.003,-89.999,0.0,-90.239,0.003,-0.02,0.0,0.0,0.0,0.0,0.0,0.0,-40.003,-40.0,0.0,-90.239,0.003,-0.02,-40.003,-81.999,0.0,-90.239,0.003,-0.02,0.0,1716.339232736573,0.0,0.0,0.0,0.0,0.0,8.0,0.0,0.0,0.0,0.0,0.0137698,-0.0068849,-0.0275396,4.7987753,-0.0137698,-1.1773179,0.01231013430998,0.004438583638528,-0.006137728937652,-0.0029491758242370003,-0.000258699633705,0.00258699633705,49.998999999999995,1.6889789999368077,0.13651700010086643,0.05905499983782647,0.0
pd,23:51:12.825,173,-40.003,-89.999,0.0,-90.239,0.003,-0.02,0.0,0.0,0.0,0.0,0.0,0.0,-40.003,-40.0,0.0,-90.239,0.003,-0.02,-40.003,-81.999,0.0,-90.239,0.003,-0.02,0.0,2055.275756462085,0.0,0.0,0.0,0.0,0.0,8.0,0.0,0.0,0.0,0.0,0.0137698,-0.0068849,-0.0275396,4.7987753,-0.0137698,-1.1773179,0.01231013430998,0.004438583638528,-0.006137728937652,-0.0029491758242370003,-0.000258699633705,0.00258699633705,49.998999999999995,1.7270150001422735,0.13861000024917303,0.05838800007040845,0.0
pd,23:51:12.827,174,-40.003,-89.999,0.0,-90.239,0.003,-0.02,0.0,0.0,0.0,0.0,0.0,0.0,-40.003,-40.0,0.0,-90.239,0.003,-0.02,-40.003,-81.999,0.0,-90.239,0.003,-0.02,0.0,2002.2933524286907,0.0,0.0,0.0,0.0,0.0,8.0,0.0,0.0,0.0,0.0,0.0137698,-0.0068849,-0.0275396,4.7987753,-0.0137698,-1.1773179,0.01231013430998,0.004438583638528,-0.006137728937652,-0.0029491758242370003,-0.000258699633705,0.00258699633705,49.998999999999995,1.6643130002194084,0.13459100000545732,0.058851000176218804,0.0
pd,23:51:12.828,175,-40.003,-89.999,0.0,-90.239,0.003,-0.02,0.0,0.0,0.0,0.0,0.0,0.0,-40.003,-40.0,0.0,-90.239,0.003,-0.02,-40.003,-81.999,0.0,-90.239,0.003,-0.02,0.0,2082.0570861255896,0.0,0.0,0.0,0.0,0.0,8.0,0.0,0.0,0.0,0.0,0.0137698,-0.0068849,-0.0275396,4.7987753,-0.0137698,-1.1773179,0.01231013430998,0.004438583638528,-0.006137728937652,-0.0029491758242370003,-0.000258699633705,0.00258699633705,49.998999999999995,1.896051000130683,0.17655400006333366,0.08079600002020015,0.0
pd,23:51:12.831,176,-40.003,-89.999,0.0,-90.239,0.003,-0.02,0.0,0.0,0.0,0.0,0.0,0.0,-40.003,-40.0,0.0,-90.239,0.003,-0.02,-40.003,-81.999,0.0,-90.239,0.003,-0.02,0.0,1791.2893444373265,0.0,0.0,0.0,0.0,0.0,8.0,0.0,0.0,0.0,0.0,0.0137698,-0.0068849,-0.0275396,4.7987753,-0.0137698,-1.1773179,0.01231013430998,0.004438583638528,-0.006137728937652,-0.0029491758242370003,-0.000258699633705,0.00258699633705,49.998999999999995,1.690478999989864,0.14088699981584796,0.08899899967218516,0.0
pd,23:51:12.833,177,-40.003,-89.999,0.0,-90.239,0.003,-0.02,0.0,0.0,0.0,0.0,0.0,0.0,-40.003,-40.0,0.0,-90.239,0.003,-0.02,-40.003,-81.999,0.0,-90.239,0.003,-0.02,0.0,2012.3804725920595,0.0,0.0,0.0,0.0,0.0,8.0,0.0,0.0,0.0,0.0,0.0137698,-0.0068849,-0.0275396,4.7987753,-0.0137698,-1.1773179,0.01231013430998,0.004438583638528,-0.006137728937652,-0.0029491758242370003,-0.000258699633705,0.00258699633705,49.998999999999995,1.664738999807014,0.1314250002906192,0.05361000012271688,0.0
pd,23:51:12.835,178,-40.003,-89.999,0.0,-90.239,0.003,-0.02,0.0,0.0,0.0,0.0,0.0,0.0,-40.003,-40.0,0.0,-90.239,0.003,-0.02,-40.003,-81.999,0.0,-90.239,0.003,-0.02,0.0,2091.139972578836,0.0,0.0,0.0,0.0,0.0,8.0,0.0,0.0,0.0,0.0,0.0137698,-0.0068849,-0.0275396,4.7987753,-0.0137698,-1.1773179,0.01231013430998,0.004438583638528,-0.006137728937652,-0.0029491758242370003,-0.000258699633705,0.00258699633705,49.998999999999995,1.6587199997957214,0.12207299960209639,0.053870000101596816,0.0
pd,23:51:12.836,179,-40.003,-89.999,0.0,-90.239,0.003,-0.02,0.0,0.0,0.0,0.0,0.0,0.0,-40.003,-40.0,0.0,-90.239,0.003,-0.02,-40.003,-81.999,0.0,-90.239,0.003,-0.02,0.0,2110.3416352201257,0.0,0.0,0.0,0.0,0.0,8.0,0.0,0.0,0.0,0.0,0.0137698,-0.0068849,-0.0275396,4.7987753,-0.0137698,-1.1773179,0.01231013430998,0.004438583638528,-0.006137728937652,-0.0029491758242370003,-0.000258699633705,0.00258699633705,49.998999999999995,1.6849789999469067,0.1418500000909262,0.061314000049605966,0.0
pd,23:51:12.838,180,-40.003,-89.999,0.0,-90.239,0.003,-0.02,0.0,0.0,0.0,0.0,0.0,0.0,-40.003,-40.0,0.0,-90.239,0.003,-0.02,-40.003,-81.999,0.0,-90.239,0.003,-0.02,0.0,2045.5030480370642,0.0,0.0,0.0,0.0,0.0,8.0,0.0,0.0,0.0,0.0,0.0137698,-0.0068849,-0.0275396,4.7987753,-0.0137698,-1.1773179,0.01231013430998,0.004438583638528,-0.006137728937652,-0.0029491758242370003,-0.000258699633705,0.00258699633705,49.998999999999995,1.928476000102819,0.17733100003169966,0.1139060000241443,0.0
pd,23:51:12.841,181,-40.003,-89.999,0.0,-90.239,0.003,-0.02,0.0,0.0,0.0,0.0,0.0,0.0,-40.003,-40.0,0.0,-90.239,0.003,-0.02,-40.003,-81.999,0.0,-90.239,0.003,-0.02,0.0,1611.9538816295158,0.0,0.0,0.0,0.0,0.0,8.0,0.0,0.0,0.0,0.0,0.0137698,-0.0068849,-0.0275396,4.7987753,-0.0137698,-1.1773179,0.01231013430998,0.004438583638528,-0.006137728937652,-0.0029491758242370003,-0.000258699633705,0.00258699633705,49.998999999999995,1.968790999853809,0.20344199992905487,0.08999900001072092,0.0
pd,23:51:12.843,182,-40.003,-89.999,0.0,-90.239,0.003,-0.02,0.0,0.0,0.0,0.0,0.0,0.0,-40.003,-40.0,0.0,-90.239,0.003,-0.02,-40.003,-81.999,0.0,-90.239,0.003,-0.02,0.0,1704.1357034027426,0.0,0.0,0.0,0.0,0.0,8.0,0.0,0.0,0.0,0.0,0.0137698,-0.0068849,-0.0275396,4.7987753,-0.0137698,-1.1773179,0.01231013430998,0.004438583638528,-0.006137728937652,-0.0029491758242370003,-0.000258699633705,0.00258699633705,49.998999999999995,1.7536820000714215,0.1499790000707435,0.0642949999019038,0.0
pd,23:51:12.845,183,-40.003,-89.999,0.0,-90.239,0.003,-0.02,0.0,0.0,0.0,0.0,0.0,0.0,-40.003,-40.0,0.0,-90.239,0.003,-0.02,-40.003,-81.999,0.0,-90.239,0.003,-0.02,0.0,1962.0180095895216,0.0,0.0,0.0,0.0,0.0,8.0,0.0,0.0,0.0,0.0,0.0137698,-0.0068849,-0.0275396,4.7987753,-0.0137698,-1.1773179,0.01231013430998,0.004438583638528,-0.006137728937652,-0.0029491758242370003,-0.000258699633705,0.00258699633705,49.998999999999995,1.6655719996379048,0.13773899991065264,0.05994399998598965,0.0
pd,23:51:12.847,184,-40.003,-89.999,0.0,-90.239,0.003,-0.02,0.0,0.0,0.0,0.0,0.0,0.0,-40.003,-40.0,0.0,-90.239,0.003,-0.02,-40.003,-81.999,0.0,-90.239,0.003,-0.02,0.0,2075.104019789734,0.0,0.0,0.0,0.0,0.0,8.0,0.0,0.0,0.0,0.0,0.0137698,-0.0068849,-0.0275396,4.7987753,-0.0137698,-1.1773179,0.01231013430998,0.004438583638528,-0.006137728937652,-0.0029491758242370003,-0.000258699633705,0.00258699633705,49.998999999999995,2.2323430002870737,0.18312700012756977,0.12807200027964427,0.0
pd,23:51:12.850,185,-40.003,-89.999,0.0,-90.239,0.003,-0.02,0.0,0.0,0.0,0.0,0.0,0.0,-40.003,-40.0,0.0,-90.239,0.003,-0.02,-40.003,-81.999,0.0,-90.239,0.003,-0.02,0.0,1524.9241956007997,0.0,0.0,0.0,0.0,0.0,8.0,0.0,0.0,0.0,0.0,0.0137698,-0.0068849,-0.0275396,4.7987753,-0.0137698,-1.1773179,0.01231013430998,0.004438583638528,-0.006137728937652,-0.0029491758242370003,-0.000258699633705,0.00258699633705,49.998999999999995,1.8401440001980518,0.15996100000847946,0.07322100009332644,0.0
pd,23:51:12.852,186,-40.003,-89.999,0.0,-90.239,0.003,-0.02,0.0,0.0,0.0,0.0,0.0,0.0,-40.003,-40.0,0.0,-90.239,0.003,-0.02,-40.003,-81.999,0.0,-90.239,0.003,-0.02,0.0,1863.3069746779208,0.0,0.0,0.0,0.0,0.0,8.0,0.0,0.0,0.0,0.0,0.0137698,-0.0068849,-0.0275396,4.7987753,-0.0137698,-1.1773179,0.01231013430998,0.004438583638528,-0.006137728937652,-0.0029491758242370003,-0.000258699633705,0.00258699633705,49.998999999999995,1.7205900003318675,0.15040499965834897,0.06646200017712545,0.0
pd,23:51:12.854,187,-40.003,-89.999,0.0,-90.239,0.003,-0.02,0.0,0.0,0.0,0.0,0.0,0.0,-40.003,-40.0,0.0,-90.239,0.003,-0.02,-40.003,-81.999,0.0,-90.239,0.003,-0.02,0.0,1991.8337884364241,0.0,0.0,0.0,0.0,0.0,8.0,0.0,0.0,0.0,0.0,0.0137698,-0.0068849,-0.0275396,4.7987753,-0.0137698,-1.1773179,0.01231013430998,0.004438583638528,-0.006137728937652,-0.0029491758242370003,-0.000258699633705,0.00258699633705,49.998999999999995,1.6273689998342888,0.128350000068167,0.05629599991152645,0.0
pd,23:51:12.856,188,-40.003,-89.999,0.0,-90.239,0.003,-0.02,0.0,0.0,0.0,0.0,0.0,0.0,-40.003,-40.0,0.0,-90.239,0.003,-0.02,-40.003,-81.999,0.0,-90.239,0.003,-0.02,0.0,2133.69146636144,0.0,0.0,0.0,0.0,0.0,8.0,0.0,0.0,0.0,0.0,0.0137698,-0.0068849,-0.0275396,4.7987753,-0.0137698,-1.1773179,0.01231013430998,0.004438583638528,-0.006137728937652,-0.0029491758242370003,-0.000258699633705,0.00258699633705,49.998999999999995,1.6531460000805964,0.25031199993463815,0.07872100013628369,0.0
pd,23:51:12.858,189,-40.003,-89.999,0.0,-90.239,0.003,-0.02,0.0,0.0,0.0,0.0,0.0,0.0,-40.003,-40.0,0.0,-90.239,0.003,-0.02,-40.003,-81.999,0.0,-90.239,0.003,-0.02,0.0,1945.1844637681158,0.0,0.0,0.0,0.0,0.0,8.0,0.0,0.0,0.0,0.0,0.0137698,-0.0068849,-0.0275396,4.7987753,-0.0137698,-1.1773179,0.01231013430998,0.004438583638528,-0.006137728937652,-0.0029491758242370003,-0.000258699633705,0.00258699633705,49.998999999999995,1.685237999936362,0.15272100017682533,0.06344399980662274,0.0
pd,23:51:12.860,190,-40.003,-89.999,0.0,-90.239,0.003,-0.02,0.0,0.0,0.0,0.0,0.0,0.0,-40.003,-40.0,0.0,-90.239,0.003,-0.02,-40.003,-81.999,0.0,-90.239,0.003,-0.02,0.0,2031.385882068047,0.0,0.0,0.0,0.0,0.0,8.0,0.0,0.0,0.0,0.0,0.0137698,-0.0068849,-0.0275396,4.7987753,-0.0137698,-1.1773179,0.01231013430998,0.004438583638528,-0.006137728937652,-0.0029491758242370003,-0.000258699633705,0.00258699633705,49.998999999999995,1.8831430002137495,0.21046000028945855,0.10366500009695301,0.0
pd,23:51:12.862,191,-40.003,-89.999,0.0,-90.239,0.003,-0.02,0.0,0.0,0.0,0.0,0.0,0.0,-40.003,-40.0,0.0,-90.239,0.003,-0.02,-40.003,-81.999,0.0,-90.239,0.003,-0.02,0.0,1617.2369385000964,0.0,0.0,0.0,0.0,0.0,8.0,0.0,0.0,0.0,0.0,0.0137698,-0.0068849,-0.0275396,4.7987753,-0.0137698,-1.1773179,0.01231013430998,0.004438583638528,-0.006137728937652,-0.0029491758242370003,-0.000258699633705,0.00258699633705,49.998999999999995,1.7430519997105876,0.16633099994578515,0.0628880002295773,0.0
pd,23:51:12.864,192,-40.003,-89.999,0.0,-90.239,0.003,-0.02,0.0,0.0,0.0,0.0,0.0,0.0,-40.003,-40.0,0.0,-90.239,0.003,-0.02,-40.003,-81.999,0.0,-90.239,0.003,-0.02,0.0,1956.070420893086,0.0,0.0,0.0,0.0,0.0,8.0,0.0,0.0,0.0,0.0,0.0137698,-0.0068849,-0.0275396,4.7987753,-0.0137698,-1.1773179,0.01231013430998,0.004438583638528,-0.006137728937652,-0.0029491758242370003,-0.000258699633705,0.00258699633705,49.998999999999995,1.7885150000438443,0.15297900017685606,0.0673879999339988,0.0
pd,23:51:12.866,193,-40.003,-89.999,0.0,-90.239,0.003,-0.02,0.0,0.0,0.0,0.0,0.0,0.0,-40.003,-40.0,0.0,-90.239,0.003,-0.02,-40.003,-81.999,0.0,-90.239,0.003,-0.02,0.0,1925.0965002868618,0.0,0.0,0.0,0.0,0.0,8.0,0.0,0.0,0.0,0.0,0.0137698,-0.0068849,-0.0275396,4.7987753,-0.0137698,-1.1773179,0.01231013430998,0.004438583638528,-0.006137728937652,-0.0029491758242370003,-0.000258699633705,0.00258699633705,49.998999999999995,1.9226429999434913,0.2434779999020975,0.09438799997951719,0.0
pd,23:51:12.869,194,-40.003,-89.999,0.0,-90.239,0.003,-0.02,0.0,0.0,0.0,0.0,0.0,0.0,-40.003,-40.0,0.0,-90.239,0.003,-0.02,-40.003,-81.999,0.0,-90.239,0.003,-0.02,0.0,1703.61657189277,0.0,0.0,0.0,0.0,0.0,8.0,0.0,0.0,0.0,0.0,0.0137698,-0.0068849,-0.0275396,4.7987753,-0.0137698,-1.1773179,0.01231013430998,0.004438583638528,-0.006137728937652,-0.0029491758242370003,-0.000258699633705,0.00258699633705,49.998999999999995,1.8394949997855292,0.18059000012726756,0.07905399979790673,0.0
pd,23:51:12.871,195,-40.003,-89.999,0.0,-90.239,0.003,-0.02,0.0,0.0,0.0,0.0,0.0,0.0,-40.003,-40.0,0.0,-90.239,0.003,-0.02,-40.003,-81.999,0.0,-90.239,0.003,-0.02,0.0,1835.9833661632742,0.0,0.0,0.0,0.0,0.0,8.0,0.0,0.0,0.0,0.0,0.0137698,-0.0068849,-0.0275396,4.7987753,-0.0137698,-1.1773179,0.01231013430998,0.004438583638528,-0.006137728937652,-0.0029491758242370003,-0.000258699633705,0.00258699633705,49.998999999999995,1.8025889999080391,0.25975600010497146,0.0880180000422115,0.0
pd,23:51:12.873,196,-40.003,-89.999,0.0,-90.239,0.003,-0.02,0.0,0.0,0.0,0.0,0.0,0.0,-40.003,-40.0,0.0,-90.239,0.003,-0.02,-40.003,-81.999,0.0,-90.239,0.003,-0.02,0.0,1791.863291680017,0.0,0.0,0.0,0.0,0.0,8.0,0.0,0.0,0.0,0.0,0.0137698,-0.0068849,-0.0275396,4.7987753,-0.0137698,-1.1773179,0.01231013430998,0.004438583638528,-0.006137728937652,-0.0029491758242370003,-0.000258699633705,0.00258699633705,49.998999999999995,1.701848999800859,0.1379620002808224,0.05679500009136973,0.0
pd,23:51:12.875,197,-40.003,-89.999,0.0,-90.239,0.003,-0.02,0.0,0.0,0.0,0.0,0.0,0.0,-40.003,-40.0,0.0,-90.239,0.003,-0.02,-40.003,-81.999,0.0,-90.239,0.003,-0.02,0.0,2040.0311284046693,0.0,0.0,0.0,0.0,0.0,8.0,0.0,0.0,0.0,0.0,0.0137698,-0.0068849,-0.0275396,4.7987753,-0.0137698,-1.1773179,0.01231013430998,0.004438583638528,-0.006137728937652,-0.0029491758242370003,-0.000258699633705,0.00258699633705,49.998999999999995,1.7154970000774483,0.14635000025009504,0.06514699998660944,0.0
pd,23:51:12.877,198,-40.003,-89.999,0.0,-90.239,0.003,-0.02,0.0,0.0,0.0,0.0,0.0,0.0,-40.003,-40.0,0.0,-90.239,0.003,-0.02,-40.003,-81.999,0.0,-90.239,0.003,-0.02,0.0,2003.0105062082139,0.0,0.0,0.0,0.0,0.0,8.0,0.0,0.0,0.0,0.0,0.0137698,-0.0068849,-0.0275396,4.7987753,-0.0137698,-1.1773179,0.01231013430998,0.004438583638528,-0.006137728937652,-0.0029491758242370003,-0.000258699633705,0.00258699633705,49.998999999999995,1.8654959999366838,0.2117760000146518,0.07998099999895203,0.0
pd,23:51:12.879,199,-40.003,-89.999,0.0,-90.239,0.003,-0.02,0.0,0.0,0.0,0.0,0.0,0.0,-40.003,-40.0,0.0,-90.239,0.003,-0.02,-40.003,-81.999,0.0,-90.239,0.003,-0.02,0.0,1792.2461275504754,0.0,0.0,0.0,0.0,0.0,8.0,0.0,0.0,0.0,0.0,0.0137698,-0.0068849,-0.0275396,4.7987753,-0.0137698,-1.1773179,0.01231013430998,0.004438583638528,-0.006137728937652,-0.0029491758242370003,-0.000258699633705,0.00258699633705,49.998999999999995,1.850957999977254,0.1705159997982264,0.08122100007312838,0.0
pd,23:51:12.882,200,-40.003,-89.999,0.0,-90.239,0.003,-0.02,0.0,0.0,0.0,0.0,0.0,0.0,-40.003,-40.0,0.0,-90.239,0.003,-0.02,-40.003,-81.999,0.0,-90.239,0.003,-0.02,0.0,1836.385288966725,0.0,0.0,0.0,0.0,0.0,8.0,0.0,0.0,0.0,0.0,0.0137698,-0.0068849,-0.0275396,4.7987753,-0.0137698,-1.1773179,0.01231013430998,0.004438583638528,-0.006137728937652,-0.0029491758242370003,-0.000258699633705,0.00258699633705,49.998999999999995,1.6811640002742934,0.14033199977347977,0.06072199994378025,0.0
pd,23:51:12.884,201,-40.003,-89.999,0.0,-90.239,0.003,-0.02,0.0,0.0,0.0,0.0,0.0,0.0,-40.003,-40.0,0.0,-90.239,0.003,-0.02,-40.003,-81.999,0.0,-90.239,0.003,-0.02,0.0,1880.4321900919076,0.0,0.0,0.0,0.0,0.0,8.0,0.0,0.0,0.0,0.0,0.0137698,-0.0068849,-0.0275396,4.7987753,-0.0137698,-1.1773179,0.01231013430998,0.004438583638528,-0.006137728937652,-0.0029491758242370003,-0.000258699633705,0.00258699633705,49.998999999999995,1.7567929999131593,0.17470199964009225,0.06936999989193282,0.0
pd,23:51:12.886,202,-40.003,-89.999,0.0,-90.239,0.003,-0.02,0.0,0.0,0.0,0.0,0.0,0.0,-40.003,-40.0,0.0,-90.239,0.003,-0.02,-40.003,-81.999,0.0,-90.239,0.003,-0.02,0.0,1918.2730391035902,0.0,0.0,0.0,0.0,0.0,8.0,0.0,0.0,0.0,0.0,0.0137698,-0.0068849,-0.0275396,4.7987753,-0.0137698,-1.1773179,0.01231013430998,0.004438583638528,-0.006137728937652,-0.0029491758242370003,-0.000258699633705,0.00258699633705,49.998999999999995,1.6724790002626833,0.14262800004871679,0.06442499989134376,0.0
pd,23:51:12.888,203,-40.003,-89.999,0.0,-90.239,0.003,-0.02,0.0,0.0,0.0,0.0,0.0,0.0,-40.003,-40.0,0.0,-90.239,0.003,-0.02,-40.003,-81.999,0.0,-90.239,0.003,-0.02,0.0,2053.7661892520505,0.0,0.0,0.0,0.0,0.0,8.0,0.0,0.0,0.0,0.0,0.0137698,-0.0068849,-0.0275396,4.7987753,-0.0137698,-1.1773179,0.01231013430998,0.004438583638528,-0.006137728937652,-0.0029491758242370003,-0.000258699633705,0.00258699633705,49.998999999999995,1.7017010000017763,0.1454059997740842,0.0645169998279016,0.0
pd,23:51:12.890,204,-40.003,-89.999,0.0,-90.239,0.003,-0.02,0.0,0.0,0.0,0.0,0.0,0.0,-40.003,-40.0,0.0,-90.239,0.003,-0.02,-40.003,-81.999,0.0,-90.239,0.003,-0.02,0.0,2020.8643700313178,0.0,0.0,0.0,0.0,0.0,8.0,0.0,0.0,0.0,0.0,0.0137698,-0.0068849,-0.0275396,4.7987753,-0.0137698,-1.1773179,0.01231013430998,0.004438583638528,-0.006137728937652,-0.0029491758242370003,-0.000258699633705,0.00258699633705,49.998999999999995,1.8264770001223951,0.1563870000609313,0.07124000012481702,0.0
pd,23:51:12.892,205,-40.003,-89.999,0.0,-90.239,0.003,-0.02,0.0,0.0,0.0,0.0,0.0,0.0,-40.003,-40.0,0.0,-90.239,0.003,-0.02,-40.003,-81.999,0.0,-90.239,0.003,-0.02,0.0,1882.753450791157,0.0,0.0,0.0,0.0,0.0,8.0,0.0,0.0,0.0,0.0,0.0137698,-0.0068849,-0.0275396,4.7987753,-0.0137698,-1.1773179,0.01231013430998,0.004438583638528,-0.006137728937652,-0.0029491758242370003,-0.000258699633705,0.00258699633705,49.998999999999995,1.9871419999617501,0.18847999990612152,0.0887960000000021,0.0
pd,23:51:12.894,206,-40.003,-89.999,0.0,-90.239,0.003,-0.02,0.0,0.0,0.0,0.0,0.0,0.0,-40.003,-40.0,0.0,-90.239,0.003,-0.02,-40.003,-81.999,0.0,-90.239,0.003,-0.02,0.0,1705.694997966653,0.0,0.0,0.0,0.0,0.0,8.0,0.0,0.0,0.0,0.0,0.0137698,-0.0068849,-0.0275396,4.7987753,-0.0137698,-1.1773179,0.01231013430998,0.004438583638528,-0.006137728937652,-0.0029491758242370003,-0.000258699633705,0.00258699633705,49.998999999999995,1.6763119997449394,0.13199799968788284,0.057035999816434924,0.0
pd,23:51:12.896,207,-40.003,-89.999,0.0,-90.239,0.003,-0.02,0.0,0.0,0.0,0.0,0.0,0.0,-40.003,-40.0,0.0,-90.239,0.003,-0.02,-40.003,-81.999,0.0,-90.239,0.003,-0.02,0.0,2077.1593413396063,0.0,0.0,0.0,0.0,0.0,8.0,0.0,0.0,0.0,0.0,0.0137698,-0.0068849,-0.0275396,4.7987753,-0.0137698,-1.1773179,0.01231013430998,0.004438583638528,-0.006137728937652,-0.0029491758242370003,-0.000258699633705,0.00258699633705,49.998999999999995,1.707163999981276,0.3693849998853693,0.09209100016960292,0.0
pd,23:51:12.898,208,-40.003,-89.999,0.0,-90.239,0.003,-0.02,0.0,0.0,0.0,0.0,0.0,0.0,-40.003,-40.0,0.0,-90.239,0.003,-0.02,-40.003,-81.999,0.0,-90.239,0.003,-0.02,0.0,1779.887120729896,0.0,0.0,0.0,0.0,0.0,8.0,0.0,0.0,0.0,0.0,0.0137698,-0.0068849,-0.0275396,4.7987753,-0.0137698,-1.1773179,0.01231013430998,0.004438583638528,-0.006137728937652,-0.0029491758242370003,-0.000258699633705,0.00258699633705,49.998999999999995,1.748533999943902,0.14697999995405553,0.06527699997604941,0.0
pd,23:51:12.900,209,-40.003,-89.999,0.0,-90.239,0.003,-0.02,0.0,0.0,0.0,0.0,0.0,0.0,-40.003,-40.0,0.0,-90.239,0.003,-0.02,-40.003,-81.999,0.0,-90.239,0.003,-0.02,0.0,1969.6191594270956,0.0,0.0,0.0,0.0,0.0,8.0,0.0,0.0,0.0,0.0,0.0137698,-0.0068849,-0.0275396,4.7987753,-0.0137698,-1.1773179,0.01231013430998,0.004438583638528,-0.006137728937652,-0.0029491758242370003,-0.000258699633705,0.00258699633705,49.998999999999995,1.8889030002355867,0.1712200000838493,0.082203000147274,0.0
pd,23:51:12.903,210,-40.003,-89.999,0.0,-90.239,0.003,-0.02,0.0,0.0,0.0,0.0,0.0,0.0,-40.003,-40.0,0.0,-90.239,0.003,-0.02,-40.003,-81.999,0.0,-90.239,0.003,-0.02,0.0,1804.1957199698893,0.0,0.0,0.0,0.0,0.0,8.0,0.0,0.0,0.0,0.0,0.0137698,-0.0068849,-0.0275396,4.7987753,-0.0137698,-1.1773179,0.01231013430998,0.004438583638528,-0.006137728937652,-0.0029491758242370003,-0.000258699633705,0.00258699633705,49.998999999999995,1.6902019997360185,0.13466499967762502,0.058183999954053434,0.0
pd,23:51:12.905,211,-40.003,-89.999,0.0,-90.239,0.003,-0.02,0.0,0.0,0.0,0.0,0.0,0.0,-40.003,-40.0,0.0,-90.239,0.003,-0.02,-40.003,-81.999,0.0,-90.239,0.003,-0.02,0.0,1848.118087684512,0.0,0.0,0.0,0.0,0.0,8.0,0.0,0.0,0.0,0.0,0.0137698,-0.0068849,-0.0275396,4.7987753,-0.0137698,-1.1773179,0.01231013430998,0.004438583638528,-0.006137728937652,-0.0029491758242370003,-0.000258699633705,0.00258699633705,49.998999999999995,1.7184779999297461,0.16609000022071996,0.06249999978535925,0.0
pd,23:51:12.907,212,-40.003,-89.999,0.0,-90.239,0.003,-0.02,0.0,0.0,0.0,0.0,0.0,0.0,-40.003,-40.0,0.0,-90.239,0.003,-0.02,-40.003,-81.999,0.0,-90.239,0.003,-0.02,0.0,1981.248937175248,0.0,0.0,0.0,0.0,0.0,8.0,0.0,0.0,0.0,0.0,0.0137698,-0.0068849,-0.0275396,4.7987753,-0.0137698,-1.1773179,0.01231013430998,0.004438583638528,-0.006137728937652,-0.0029491758242370003,-0.000258699633705,0.00258699633705,49.998999999999995,1.6748680000091554,0.20186699975965894,0.06623999979638029,0.0
pd,23:51:12.909,213,-40.003,-89.999,0.0,-90.239,0.003,-0.02,0.0,0.0,0.0,0.0,0.0,0.0,-40.003,-40.0,0.0,-90.239,0.003,-0.02,-40.003,-81.999,0.0,-90.239,0.003,-0.02,0.0,1986.4096613781671,0.0,0.0,0.0,0.0,0.0,8.0,0.0,0.0,0.0,0.0,0.0137698,-0.0068849,-0.0275396,4.7987753,-0.0137698,-1.1773179,0.01231013430998,0.004438583638528,-0.006137728937652,-0.0029491758242370003,-0.000258699633705,0.00258699633705,49.998999999999995,1.6745900002206326,0.13949799995316425,0.06099900019762572,0.0
pd,23:51:12.911,214,-40.003,-89.999,0.0,-90.239,0.003,-0.02,0.0,0.0,0.0,0.0,0.0,0.0,-40.003,-40.0,0.0,-90.239,0.003,-0.02,-40.003,-81.999,0.0,-90.239,0.003,-0.02,0.0,2059.8178023327196,0.0,0.0,0.0,0.0,0.0,8.0,0.0,0.0,0.0,0.0,0.0137698,-0.0068849,-0.0275396,4.7987753,-0.0137698,-1.1773179,0.01231013430998,0.004438583638528,-0.006137728937652,-0.0029491758242370003,-0.000258699633705,0.00258699633705,49.998999999999995,1.8290149996573746,0.17057200011549867,0.07722100008322741,0.0
pd,23:51:12.913,215,-40.003,-89.999,0.0,-90.239,0.003,-0.02,0.0,0.0,0.0,0.0,0.0,0.0,-40.003,-40.0,0.0,-90.239,0.003,-0.02,-40.003,-81.999,0.0,-90.239,0.003,-0.02,0.0,1859.3833536517789,0.0,0.0,0.0,0.0,0.0,8.0,0.0,0.0,0.0,0.0,0.0137698,-0.0068849,-0.0275396,4.7987753,-0.0137698,-1.1773179,0.01231013430998,0.004438583638528,-0.006137728937652,-0.0029491758242370003,-0.000258699633705,0.00258699633705,49.998999999999995,1.6834050002216827,0.13542400029109558,0.05696200014426722,0.0
pd,23:51:12.915,216,-40.003,-89.999,0.0,-90.239,0.003,-0.02,0.0,0.0,0.0,0.0,0.0,0.0,-40.003,-40.0,0.0,-90.239,0.003,-0.02,-40.003,-81.999,0.0,-90.239,0.003,-0.02,0.0,2062.8570023361613,0.0,0.0,0.0,0.0,0.0,8.0,0.0,0.0,0.0,0.0,0.0137698,-0.0068849,-0.0275396,4.7987753,-0.0137698,-1.1773179,0.01231013430998,0.004438583638528,-0.006137728937652,-0.0029491758242370003,-0.000258699633705,0.00258699633705,49.998999999999995,1.6506090000802942,0.15775699966980028,0.056832000154827256,0.0
pd,23:51:12.917,217,-40.003,-89.999,0.0,-90.239,0.003,-0.02,0.0,0.0,0.0,0.0,0.0,0.0,-40.003,-40.0,0.0,-90.239,0.003,-0.02,-40.003,-81.999,0.0,-90.239,0.003,-0.02,0.0,2074.8473905515707,0.0,0.0,0.0,0.0,0.0,8.0,0.0,0.0,0.0,0.0,0.0137698,-0.0068849,-0.0275396,4.7987753,-0.0137698,-1.1773179,0.01231013430998,0.004438583638528,-0.006137728937652,-0.0029491758242370003,-0.000258699633705,0.00258699633705,49.998999999999995,2.1066579997750523,0.1981269997486379,0.10118399995917571,0.0
pd,23:51:12.919,218,-40.003,-89.999,0.0,-90.239,0.003,-0.02,0.0,0.0,0.0,0.0,0.0,0.0,-40.003,-40.0,0.0,-90.239,0.003,-0.02,-40.003,-81.999,0.0,-90.239,0.003,-0.02,0.0,1605.16800612323,0.0,0.0,0.0,0.0,0.0,8.0,0.0,0.0,0.0,0.0,0.0137698,-0.0068849,-0.0275396,4.7987753,-0.0137698,-1.1773179,0.01231013430998,0.004438583638528,-0.006137728937652,-0.0029491758242370003,-0.000258699633705,0.00258699633705,49.998999999999995,1.8363839999437914,0.18673800013857544,0.08244299988291459,0.0
pd,23:51:12.921,219,-40.003,-89.999,0.0,-90.239,0.003,-0.02,0.0,0.0,0.0,0.0,0.0,0.0,-40.003,-40.0,0.0,-90.239,0.003,-0.02,-40.003,-81.999,0.0,-90.239,0.003,-0.02,0.0,1831.1739794804628,0.0,0.0,0.0,0.0,0.0,8.0,0.0,0.0,0.0,0.0,0.0137698,-0.0068849,-0.0275396,4.7987753,-0.0137698,-1.1773179,0.01231013430998,0.004438583638528,-0.006137728937652,-0.0029491758242370003,-0.000258699633705,0.00258699633705,49.998999999999995,1.7953299998225702,0.17984900023293449,0.08096200008367305,0.0
pd,23:51:12.924,220,-40.003,-89.999,0.0,-90.239,0.003,-0.02,0.0,0.0,0.0,0.0,0.0,0.0,-40.003,-40.0,0.0,-90.239,0.003,-0.02,-40.003,-81.999,0.0,-90.239,0.003,-0.02,0.0,1873.5026242322724,0.0,0.0,0.0,0.0,0.0,8.0,0.0,0.0,0.0,0.0,0.0137698,-0.0068849,-0.0275396,4.7987753,-0.0137698,-1.1773179,0.01231013430998,0.004438583638528,-0.006137728937652,-0.0029491758242370003,-0.000258699633705,0.00258699633705,49.998999999999995,1.7566999999871769,0.14786799965804676,0.06285099971137242,0.0
pd,23:51:12.926,221,-40.003,-89.999,0.0,-90.239,0.003,-0.02,0.0,0.0,0.0,0.0,0.0,0.0,-40.003,-40.0,0.0,-90.239,0.003,-0.02,-40.003,-81.999,0.0,-90.239,0.003,-0.02,0.0,1800.90339201374,0.0,0.0,0.0,0.0,0.0,8.0,0.0,0.0,0.0,0.0,0.0137698,-0.0068849,-0.0275396,4.7987753,-0.0137698,-1.1773179,0.01231013430998,0.004438583638528,-0.006137728937652,-0.0029491758242370003,-0.000258699633705,0.00258699633705,49.998999999999995,1.8141990003641695,0.18066399979943526,0.07205400015664054,0.0
pd,23:51:12.928,222,-40.003,-89.999,0.0,-90.239,0.003,-0.02,0.0,0.0,0.0,0.0,0.0,0.0,-40.003,-40.0,0.0,-90.239,0.003,-0.02,-40.003,-81.999,0.0,-90.239,0.003,-0.02,0.0,1868.0788330920832,0.0,0.0,0.0,0.0,0.0,8.0,0.0,0.0,0.0,0.0,0.0137698,-0.0068849,-0.0275396,4.7987753,-0.0137698,-1.1773179,0.01231013430998,0.004438583638528,-0.006137728937652,-0.0029491758242370003,-0.000258699633705,0.00258699633705,49.998999999999995,1.7483490000813617,0.14783100004933658,0.06460999975388404,0.0
pd,23:51:12.930,223,-40.003,-89.999,0.0,-90.239,0.003,-0.02,0.0,0.0,0.0,0.0,0.0,0.0,-40.003,-40.0,0.0,-90.239,0.003,-0.02,-40.003,-81.999,0.0,-90.239,0.003,-0.02,0.0,1969.850416813432,0.0,0.0,0.0,0.0,0.0,8.0,0.0,0.0,0.0,0.0,0.0137698,-0.0068849,-0.0275396,4.7987753,-0.0137698,-1.1773179,0.01231013430998,0.004438583638528,-0.006137728937652,-0.0029491758242370003,-0.000258699633705,0.00258699633705,49.998999999999995,1.828810999995767,0.15955300023051677,0.07436900023094495,0.0
pd,23:51:12.932,224,-40.003,-89.999,0.0,-90.239,0.003,-0.02,0.0,0.0,0.0,0.0,0.0,0.0,-40.003,-40.0,0.0,-90.239,0.003,-0.02,-40.003,-81.999,0.0,-90.239,0.003,-0.02,0.0,1875.387435725464,0.0,0.0,0.0,0.0,0.0,8.0,0.0,0.0,0.0,0.0,0.0137698,-0.0068849,-0.0275396,4.7987753,-0.0137698,-1.1773179,0.01231013430998,0.004438583638528,-0.006137728937652,-0.0029491758242370003,-0.000258699633705,0.00258699633705,49.998999999999995,1.7107200001191813,0.1380170001539227,0.05992499973217491,0.0
pd,23:51:12.934,225,-40.003,-89.999,0.0,-90.239,0.003,-0.02,0.0,0.0,0.0,0.0,0.0,0.0,-40.003,-40.0,0.0,-90.239,0.003,-0.02,-40.003,-81.999,0.0,-90.239,0.003,-0.02,0.0,2027.7031665458062,0.0,0.0,0.0,0.0,0.0,8.0,0.0,0.0,0.0,0.0,0.0137698,-0.0068849,-0.0275396,4.7987753,-0.0137698,-1.1773179,0.01231013430998,0.004438583638528,-0.006137728937652,-0.0029491758242370003,-0.000258699633705,0.00258699633705,49.998999999999995,1.655663999827084,0.12846099980379222,0.05581400000664871,0.0
pd,23:51:12.936,226,-40.003,-89.999,0.0,-90.239,0.003,-0.02,0.0,0.0,0.0,0.0,0.0,0.0,-40.003,-40.0,0.0,-90.239,0.003,-0.02,-40.003,-81.999,0.0,-90.239,0.003,-0.02,0.0,2102.671512720892,0.0,0.0,0.0,0.0,0.0,8.0,0.0,0.0,0.0,0.0,0.0137698,-0.0068849,-0.0275396,4.7987753,-0.0137698,-1.1773179,0.01231013430998,0.004438583638528,-0.006137728937652,-0.0029491758242370003,-0.000258699633705,0.00258699633705,49.998999999999995,1.6815710000628314,0.18271999988428433,0.06386899985955097,0.0
pd,23:51:12.938,227,-40.003,-89.999,0.0,-90.239,0.003,-0.02,0.0,0.0,0.0,0.0,0.0,0.0,-40.003,-40.0,0.0,-90.239,0.003,-0.02,-40.003,-81.999,0.0,-90.239,0.003,-0.02,0.0,2005.8842659014826,0.0,0.0,0.0,0.0,0.0,8.0,0.0,0.0,0.0,0.0,0.0137698,-0.0068849,-0.0275396,4.7987753,-0.0137698,-1.1773179,0.01231013430998,0.004438583638528,-0.006137728937652,-0.0029491758242370003,-0.000258699633705,0.00258699633705,49.998999999999995,1.801922000140621,0.16249800000878167,0.07375799987130449,0.0
pd,23:51:12.940,228,-40.003,-89.999,0.0,-90.239,0.003,-0.02,0.0,0.0,0.0,0.0,0.0,0.0,-40.003,-40.0,0.0,-90.239,0.003,-0.02,-40.003,-81.999,0.0,-90.239,0.003,-0.02,0.0,1895.7306214689265,0.0,0.0,0.0,0.0,0.0,8.0,0.0,0.0,0.0,0.0,0.0137698,-0.0068849,-0.0275396,4.7987753,-0.0137698,-1.1773179,0.01231013430998,0.004438583638528,-0.006137728937652,-0.0029491758242370003,-0.000258699633705,0.00258699633705,49.998999999999995,1.8430689997330774,0.16531300025235396,0.07620199994562427,0.0
pd,23:51:12.942,229,-40.003,-89.999,0.0,-90.239,0.003,-0.02,0.0,0.0,0.0,0.0,0.0,0.0,-40.003,-40.0,0.0,-90.239,0.003,-0.02,-40.003,-81.999,0.0,-90.239,0.003,-0.02,0.0,1851.9942598520809,0.0,0.0,0.0,0.0,0.0,8.0,0.0,0.0,0.0,0.0,0.0137698,-0.0068849,-0.0275396,4.7987753,-0.0137698,-1.1773179,0.01231013430998,0.004438583638528,-0.006137728937652,-0.0029491758242370003,-0.000258699633705,0.00258699633705,49.998999999999995,1.9364949998816883,0.18118200023309328,0.08755399994697655,0.0
pd,23:51:12.945,230,-40.003,-89.999,0.0,-90.239,0.003,-0.02,0.0,0.0,0.0,0.0,0.0,0.0,-40.003,-40.0,0.0,-90.239,0.003,-0.02,-40.003,-81.999,0.0,-90.239,0.003,-0.02,0.0,1750.3616066770996,0.0,0.0,0.0,0.0,0.0,8.0,0.0,0.0,0.0,0.0,0.0137698,-0.0068849,-0.0275396,4.7987753,-0.0137698,-1.1773179,0.01231013430998,0.004438583638528,-0.006137728937652,-0.0029491758242370003,-0.000258699633705,0.00258699633705,49.998999999999995,1.756682000177534,0.14736900038769818,0.06042499990144279,0.0
pd,23:51:12.947,231,-40.003,-89.999,0.0,-90.239,0.003,-0.02,0.0,0.0,0.0,0.0,0.0,0.0,-40.003,-40.0,0.0,-90.239,0.003,-0.02,-40.003,-81.999,0.0,-90.239,0.003,-0.02,0.0,1803.0323481998926,0.0,0.0,0.0,0.0,0.0,8.0,0.0,0.0,0.0,0.0,0.0137698,-0.0068849,-0.0275396,4.7987753,-0.0137698,-1.1773179,0.01231013430998,0.004438583638528,-0.006137728937652,-0.0029491758242370003,-0.000258699633705,0.00258699633705,49.998999999999995,1.8889399998442968,0.19397900041440153,0.08381399993595551,0.0
pd,23:51:12.949,232,-40.003,-89.999,0.0,-90.239,0.003,-0.02,0.0,0.0,0.0,0.0,0.0,0.0,-40.003,-40.0,0.0,-90.239,0.003,-0.02,-40.003,-81.999,0.0,-90.239,0.003,-0.02,0.0,1778.0008478168716,0.0,0.0,0.0,0.0,0.0,8.0,0.0,0.0,0.0,0.0,0.0137698,-0.0068849,-0.0275396,4.7987753,-0.0137698,-1.1773179,0.01231013430998,0.004438583638528,-0.006137728937652,-0.0029491758242370003,-0.000258699633705,0.00258699633705,49.998999999999995,1.714441000331135,0.17266500026380527,0.07942499996715924,0.0
pd,23:51:12.951,233,-40.003,-89.999,0.0,-90.239,0.003,-0.02,0.0,0.0,0.0,0.0,0.0,0.0,-40.003,-40.0,0.0,-90.239,0.003,-0.02,-40.003,-81.999,0.0,-90.239,0.003,-0.02,0.0,1958.125116713352,0.0,0.0,0.0,0.0,0.0,8.0,0.0,0.0,0.0,0.0,0.0137698,-0.0068849,-0.0275396,4.7987753,-0.0137698,-1.1773179,0.01231013430998,0.004438583638528,-0.006137728937652,-0.0029491758242370003,-0.000258699633705,0.00258699633705,49.998999999999995,1.914494000175182,0.16953500016825274,0.07744399999864982,0.0
pd,23:51:12.953,234,-40.003,-89.999,0.0,-90.239,0.003,-0.02,0.0,0.0,0.0,0.0,0.0,0.0,-40.003,-40.0,0.0,-90.239,0.003,-0.02,-40.003,-81.999,0.0,-90.239,0.003,-0.02,0.0,1781.2098948933008,0.0,0.0,0.0,0.0,0.0,8.0,0.0,0.0,0.0,0.0,0.0137698,-0.0068849,-0.0275396,4.7987753,-0.0137698,-1.1773179,0.01231013430998,0.004438583638528,-0.006137728937652,-0.0029491758242370003,-0.000258699633705,0.00258699633705,49.998999999999995,1.695590000053926,0.1470350002819032,0.06751699993401417,0.0
pd,23:51:12.955,235,-40.003,-89.999,0.0,-90.239,0.003,-0.02,0.0,0.0,0.0,0.0,0.0,0.0,-40.003,-40.0,0.0,-90.239,0.003,-0.02,-40.003,-81.999,0.0,-90.239,0.003,-0.02,0.0,2021.594890950717,0.0,0.0,0.0,0.0,0.0,8.0,0.0,0.0,0.0,0.0,0.0137698,-0.0068849,-0.0275396,4.7987753,-0.0137698,-1.1773179,0.01231013430998,0.004438583638528,-0.006137728937652,-0.0029491758242370003,-0.000258699633705,0.00258699633705,49.998999999999995,1.7982189997383102,0.17794199993659277,0.11264700015090057,0.0
pd,23:51:12.957,236,-40.003,-89.999,0.0,-90.239,0.003,-0.02,0.0,0.0,0.0,0.0,0.0,0.0,-40.003,-40.0,0.0,-90.239,0.003,-0.02,-40.003,-81.999,0.0,-90.239,0.003,-0.02,0.0,1840.2123505539103,0.0,0.0,0.0,0.0,0.0,8.0,0.0,0.0,0.0,0.0,0.0137698,-0.0068849,-0.0275396,4.7987753,-0.0137698,-1.1773179,0.01231013430998,0.004438583638528,-0.006137728937652,-0.0029491758242370003,-0.000258699633705,0.00258699633705,49.998999999999995,1.8227919999844744,0.17403500032742159,0.07920300004116143,0.0
pd,23:51:12.960,237,-40.003,-89.999,0.0,-90.239,0.003,-0.02,0.0,0.0,0.0,0.0,0.0,0.0,-40.003,-40.0,0.0,-90.239,0.003,-0.02,-40.003,-81.999,0.0,-90.239,0.003,-0.02,0.0,1857.736241833684,0.0,0.0,0.0,0.0,0.0,8.0,0.0,0.0,0.0,0.0,0.0137698,-0.0068849,-0.0275396,4.7987753,-0.0137698,-1.1773179,0.01231013430998,0.004438583638528,-0.006137728937652,-0.0029491758242370003,-0.000258699633705,0.00258699633705,49.998999999999995,1.9099209998785227,0.1803499999368796,0.08442500029559596,0.0
pd,23:51:12.962,238,-40.003,-89.999,0.0,-90.239,0.003,-0.02,0.0,0.0,0.0,0.0,0.0,0.0,-40.003,-40.0,0.0,-90.239,0.003,-0.02,-40.003,-81.999,0.0,-90.239,0.003,-0.02,0.0,1775.3667724867726,0.0,0.0,0.0,0.0,0.0,8.0,0.0,0.0,0.0,0.0,0.0137698,-0.0068849,-0.0275396,4.7987753,-0.0137698,-1.1773179,0.01231013430998,0.004438583638528,-0.006137728937652,-0.0029491758242370003,-0.000258699633705,0.00258699633705,49.998999999999995,1.7000530001496372,0.14923899971108767,0.06411000003936351,0.0
pd,23:51:12.964,239,-40.003,-89.999,0.0,-90.239,0.003,-0.02,0.0,0.0,0.0,0.0,0.0,0.0,-40.003,-40.0,0.0,-90.239,0.003,-0.02,-40.003,-81.999,0.0,-90.239,0.003,-0.02,0.0,2017.947558335338,0.0,0.0,0.0,0.0,0.0,8.0,0.0,0.0,0.0,0.0,0.0137698,-0.0068849,-0.0275396,4.7987753,-0.0137698,-1.1773179,0.01231013430998,0.004438583638528,-0.006137728937652,-0.0029491758242370003,-0.000258699633705,0.00258699633705,49.998999999999995,1.6922380000323756,0.13873899979444104,0.05964699994365219,0.0
pd,23:51:12.966,240,-40.003,-89.999,0.0,-90.239,0.003,-0.02,0.0,0.0,0.0,0.0,0.0,0.0,-40.003,-40.0,0.0,-90.239,0.003,-0.02,-40.003,-81.999,0.0,-90.239,0.003,-0.02,0.0,2045.2536876752408,0.0,0.0,0.0,0.0,0.0,8.0,0.0,0.0,0.0,0.0,0.0137698,-0.0068849,-0.0275396,4.7987753,-0.0137698,-1.1773179,0.01231013430998,0.004438583638528,-0.006137728937652,-0.0029491758242370003,-0.000258699633705,0.00258699633705,49.998999999999995,1.6495720001330483,0.12559100014186697,0.05560999989029369,0.0
pd,23:51:12.968,241,-40.003,-89.999,0.0,-90.239,0.003,-0.02,0.0,0.0,0.0,0.0,0.0,0.0,-40.003,-40.0,0.0,-90.239,0.003,-0.02,-40.003,-81.999,0.0,-90.239,0.003,-0.02,0.0,1917.8344764517603,0.0,0.0,0.0,0.0,0.0,8.0,0.0,0.0,0.0,0.0,0.0137698,-0.0068849,-0.0275396,4.7987753,-0.0137698,-1.1773179,0.01231013430998,0.004438583638528,-0.006137728937652,-0.0029491758242370003,-0.000258699633705,0.00258699633705,49.998999999999995,2.011863000006997,0.2094609999403474,0.09585099996911595,0.0
pd,23:51:12.970,242,-40.003,-89.999,0.0,-90.239,0.003,-0.02,0.0,0.0,0.0,0.0,0.0,0.0,-40.003,-40.0,0.0,-90.239,0.003,-0.02,-40.003,-81.999,0.0,-90.239,0.003,-0.02,0.0,1663.4162205036685,0.0,0.0,0.0,0.0,0.0,8.0,0.0,0.0,0.0,0.0,0.0137698,-0.0068849,-0.0275396,4.7987753,-0.0137698,-1.1773179,0.01231013430998,0.004438583638528,-0.006137728937652,-0.0029491758242370003,-0.000258699633705,0.00258699633705,49.998999999999995,1.8583659998512303,0.164072000188753,0.07640700005140388,0.0
pd,23:51:12.972,243,-40.003,-89.999,0.0,-90.239,0.003,-0.02,0.0,0.0,0.0,0.0,0.0,0.0,-40.003,-40.0,0.0,-90.239,0.003,-0.02,-40.003,-81.999,0.0,-90.239,0.003,-0.02,0.0,1842.8400702987697,0.0,0.0,0.0,0.0,0.0,8.0,0.0,0.0,0.0,0.0,0.0137698,-0.0068849,-0.0275396,4.7987753,-0.0137698,-1.1773179,0.01231013430998,0.004438583638528,-0.006137728937652,-0.0029491758242370003,-0.000258699633705,0.00258699633705,49.998999999999995,1.7531819999021536,0.161517000378808,0.07485100013582269,0.0
pd,23:51:12.975,244,-40.003,-89.999,0.0,-90.239,0.003,-0.02,0.0,0.0,0.0,0.0,0.0,0.0,-40.003,-40.0,0.0,-90.239,0.003,-0.02,-40.003,-81.999,0.0,-90.239,0.003,-0.02,0.0,1938.6660503813266,0.0,0.0,0.0,0.0,0.0,8.0,0.0,0.0,0.0,0.0,0.0137698,-0.0068849,-0.0275396,4.7987753,-0.0137698,-1.1773179,0.01231013430998,0.004438583638528,-0.006137728937652,-0.0029491758242370003,-0.000258699633705,0.00258699633705,49.998999999999995,1.6542200000912999,0.15881299987086095,0.07614700007252395,0.0
pd,23:51:12.977,245,-40.003,-89.999,0.0,-90.239,0.003,-0.02,0.0,0.0,0.0,0.0,0.0,0.0,-40.003,-40.0,0.0,-90.239,0.003,-0.02,-40.003,-81.999,0.0,-90.239,0.003,-0.02,0.0,2039.2872249908837,0.0,0.0,0.0,0.0,0.0,8.0,0.0,0.0,0.0,0.0,0.0137698,-0.0068849,-0.0275396,4.7987753,-0.0137698,-1.1773179,0.01231013430998,0.004438583638528,-0.006137728937652,-0.0029491758242370003,-0.000258699633705,0.00258699633705,49.998999999999995,1.6977380000753328,0.15816399991308572,0.07714699995631236,0.0
pd,23:51:12.979,246,-40.003,-89.999,0.0,-90.239,0.003,-0.02,0.0,0.0,0.0,0.0,0.0,0.0,-40.003,-40.0,0.0,-90.239,0.003,-0.02,-40.003,-81.999,0.0,-90.239,0.003,-0.02,0.0,1882.964758698092,0.0,0.0,0.0,0.0,0.0,8.0,0.0,0.0,0.0,0.0,0.0137698,-0.0068849,-0.0275396,4.7987753,-0.0137698,-1.1773179,0.01231013430998,0.004438583638528,-0.006137728937652,-0.0029491758242370003,-0.000258699633705,0.00258699633705,49.998999999999995,1.7211449999194883,0.1739230001476244,0.10033200032921741,0.0
pd,23:51:12.981,247,-40.003,-89.999,0.0,-90.239,0.003,-0.02,0.0,0.0,0.0,0.0,0.0,0.0,-40.003,-40.0,0.0,-90.239,0.003,-0.02,-40.003,-81.999,0.0,-90.239,0.003,-0.02,0.0,1932.8589861751152,0.0,0.0,0.0,0.0,0.0,8.0,0.0,0.0,0.0,0.0,0.0137698,-0.0068849,-0.0275396,4.7987753,-0.0137698,-1.1773179,0.01231013430998,0.004438583638528,-0.006137728937652,-0.0029491758242370003,-0.000258699633705,0.00258699633705,49.998999999999995,1.8447540001034213,0.17120099983003456,0.07899899992480641,0.0
pd,23:51:12.983,248,-40.003,-89.999,0.0,-90.239,0.003,-0.02,0.0,0.0,0.0,0.0,0.0,0.0,-40.003,-40.0,0.0,-90.239,0.003,-0.02,-40.003,-81.999,0.0,-90.239,0.003,-0.02,0.0,1844.4608619173264,0.0,0.0,0.0,0.0,0.0,8.0,0.0,0.0,0.0,0.0,0.0137698,-0.0068849,-0.0275396,4.7987753,-0.0137698,-1.1773179,0.01231013430998,0.004438583638528,-0.006137728937652,-0.0029491758242370003,-0.000258699633705,0.00258699633705,49.998999999999995,1.6870720000952133,0.17077599977710634,0.06109199966886081,0.0
pd,23:51:12.985,249,-40.003,-89.999,0.0,-90.239,0.003,-0.02,0.0,0.0,0.0,0.0,0.0,0.0,-40.003,-40.0,0.0,-90.239,0.003,-0.02,-40.003,-81.999,0.0,-90.239,0.003,-0.02,0.0,2014.5552353506243,0.0,0.0,0.0,0.0,0.0,8.0,0.0,0.0,0.0,0.0,0.0137698,-0.0068849,-0.0275396,4.7987753,-0.0137698,-1.1773179,0.01231013430998,0.004438583638528,-0.006137728937652,-0.0029491758242370003,-0.000258699633705,0.00258699633705,49.998999999999995,1.6567949996897369,0.13184999988880008,0.056258999848068925,0.0
pd,23:51:12.987,250,-40.003,-89.999,0.0,-90.239,0.003,-0.02,0.0,0.0,0.0,0.0,0.0,0.0,-40.003,-40.0,0.0,-90.239,0.003,-0.02,-40.003,-81.999,0.0,-90.239,0.003,-0.02,0.0,2058.554110429448,0.0,0.0,0.0,0.0,0.0,8.0,0.0,0.0,0.0,0.0,0.0137698,-0.0068849,-0.0275396,4.7987753,-0.0137698,-1.1773179,0.01231013430998,0.004438583638528,-0.006137728937652,-0.0029491758242370003,-0.000258699633705,0.00258699633705,49.998999999999995,1.655441999901086,0.16310899991367478,0.062499000250682,0.0
pd,23:51:12.989,251,-40.003,-89.999,0.0,-90.239,0.003,-0.02,0.0,0.0,0.0,0.0,0.0,0.0,-40.003,-40.0,0.0,-90.239,0.003,-0.02,-40.003,-81.999,0.0,-90.239,0.003,-0.02,0.0,1858.3535666814355,0.0,0.0,0.0,0.0,0.0,8.0,0.0,0.0,0.0,0.0,0.0137698,-0.0068849,-0.0275396,4.7987753,-0.0137698,-1.1773179,0.01231013430998,0.004438583638528,-0.006137728937652,-0.0029491758242370003,-0.000258699633705,0.00258699633705,49.998999999999995,1.7111079996539047,0.17212700004165526,0.06783299977541901,0.0
pd,23:51:12.991,252,-40.003,-89.999,0.0,-90.239,0.003,-0.02,0.0,0.0,0.0,0.0,0.0,0.0,-40.003,-40.0,0.0,-90.239,0.003,-0.02,-40.003,-81.999,0.0,-90.239,0.003,-0.02,0.0,1975.8822282416677,0.0,0.0,0.0,0.0,0.0,8.0,0.0,0.0,0.0,0.0,0.0137698,-0.0068849,-0.0275396,4.7987753,-0.0137698,-1.1773179,0.01231013430998,0.004438583638528,-0.006137728937652,-0.0029491758242370003,-0.000258699633705,0.00258699633705,49.998999999999995,1.905272999920271,0.16823799978737952,0.07646200037925155,0.0
pd,23:51:12.993,253,-40.003,-89.999,0.0,-90.239,0.003,-0.02,0.0,0.0,0.0,0.0,0.0,0.0,-40.003,-40.0,0.0,-90.239,0.003,-0.02,-40.003,-81.999,0.0,-90.239,0.003,-0.02,0.0,1795.891243845001,0.0,0.0,0.0,0.0,0.0,8.0,0.0,0.0,0.0,0.0,0.0137698,-0.0068849,-0.0275396,4.7987753,-0.0137698,-1.1773179,0.01231013430998,0.004438583638528,-0.006137728937652,-0.0029491758242370003,-0.000258699633705,0.00258699633705,49.998999999999995,1.9445319999249477,0.1859419999163947,0.08718399976714863,0.0
pd,23:51:12.996,254,-40.003,-89.999,0.0,-90.239,0.003,-0.02,0.0,0.0,0.0,0.0,0.0,0.0,-40.003,-40.0,0.0,-90.239,0.003,-0.02,-40.003,-81.999,0.0,-90.239,0.003,-0.02,0.0,1738.3914620246608,0.0,0.0,0.0,0.0,0.0,8.0,0.0,0.0,0.0,0.0,0.0137698,-0.0068849,-0.0275396,4.7987753,-0.0137698,-1.1773179,0.01231013430998,0.004438583638528,-0.006137728937652,-0.0029491758242370003,-0.000258699633705,0.00258699633705,49.998999999999995,1.7688299999463197,0.16355300022041774,0.07988800007296959,0.0
pd,23:51:12.998,255,-40.003,-89.999,0.0,-90.239,0.003,-0.02,0.0,0.0,0.0,0.0,0.0,0.0,-40.003,-40.0,0.0,-90.239,0.003,-0.02,-40.003,-81.999,0.0,-90.239,0.003,-0.02,0.0,1914.114774671991,0.0,0.0,0.0,0.0,0.0,8.0,0.0,0.0,0.0,0.0,0.0137698,-0.0068849,-0.0275396,4.7987753,-0.0137698,-1.1773179,0.01231013430998,0.004438583638528,-0.006137728937652,-0.0029491758242370003,-0.000258699633705,0.00258699633705,49.998999999999995,1.8999389999407867,0.18871900010708487,0.08360999981960049,0.0
pd,23:51:13.000,256,-40.003,-89.999,0.0,-90.239,0.003,-0.02,0.0,0.0,0.0,0.0,0.0,0.0,-40.003,-40.0,0.0,-90.239,0.003,-0.02,-40.003,-81.999,0.0,-90.239,0.003,-0.02,0.0,1776.4947056332062,0.0,0.0,0.0,0.0,0.0,8.0,0.0,0.0,0.0,0.0,0.0137698,-0.0068849,-0.0275396,4.7987753,-0.0137698,-1.1773179,0.01231013430998,0.004438583638528,-0.006137728937652,-0.0029491758242370003,-0.000258699633705,0.00258699633705,49.998999999999995,1.759164000304736,0.1567389999763691,0.2287380002599093,0.0
pd,23:51:13.002,257,-40.003,-89.999,0.0,-90.239,0.003,-0.02,0.0,0.0,0.0,0.0,0.0,0.0,-40.003,-40.0,0.0,-90.239,0.003,-0.02,-40.003,-81.999,0.0,-90.239,0.003,-0.02,0.0,1800.5168491092509,0.0,0.0,0.0,0.0,0.0,8.0,0.0,0.0,0.0,0.0,0.0137698,-0.0068849,-0.0275396,4.7987753,-0.0137698,-1.1773179,0.01231013430998,0.004438583638528,-0.006137728937652,-0.0029491758242370003,-0.000258699633705,0.00258699633705,49.998999999999995,1.7083859997910622,0.16559100004087668,0.06538799971167464,0.0
pd,23:51:13.004,258,-40.003,-89.999,0.0,-90.239,0.003,-0.02,0.0,0.0,0.0,0.0,0.0,0.0,-40.003,-40.0,0.0,-90.239,0.003,-0.02,-40.003,-81.999,0.0,-90.239,0.003,-0.02,0.0,1991.5973409306744,0.0,0.0,0.0,0.0,0.0,8.0,0.0,0.0,0.0,0.0,0.0137698,-0.0068849,-0.0275396,4.7987753,-0.0137698,-1.1773179,0.01231013430998,0.004438583638528,-0.006137728937652,-0.0029491758242370003,-0.000258699633705,0.00258699633705,49.998999999999995,1.6494229998897936,0.1336829996034794,0.059999000313837314,0.0
pd,23:51:13.006,259,-40.003,-89.999,0.0,-90.239,0.003,-0.02,0.0,0.0,0.0,0.0,0.0,0.0,-40.003,-40.0,0.0,-90.239,0.003,-0.02,-40.003,-81.999,0.0,-90.239,0.003,-0.02,0.0,2097.6764191047764,0.0,0.0,0.0,0.0,0.0,8.0,0.0,0.0,0.0,0.0,0.0137698,-0.0068849,-0.0275396,4.7987753,-0.0137698,-1.1773179,0.01231013430998,0.004438583638528,-0.006137728937652,-0.0029491758242370003,-0.000258699633705,0.00258699633705,49.998999999999995,1.6097399998216133,0.12644299977182527,0.05609199979517143,0.0
pd,23:51:13.008,260,-40.003,-89.999,0.0,-90.239,0.003,-0.02,0.0,0.0,0.0,0.0,0.0,0.0,-40.003,-40.0,0.0,-90.239,0.003,-0.02,-40.003,-81.999,0.0,-90.239,0.003,-0.02,0.0,2158.3965007075776,0.0,0.0,0.0,0.0,0.0,8.0,0.0,0.0,0.0,0.0,0.0137698,-0.0068849,-0.0275396,4.7987753,-0.0137698,-1.1773179,0.01231013430998,0.004438583638528,-0.006137728937652,-0.0029491758242370003,-0.000258699633705,0.00258699633705,49.998999999999995,1.6332579998561414,0.14614700012316462,0.06736900013493141,0.0
pd,23:51:13.010,261,-40.003,-89.999,0.0,-90.239,0.003,-0.02,0.0,0.0,0.0,0.0,0.0,0.0,-40.003,-40.0,0.0,-90.239,0.003,-0.02,-40.003,-81.999,0.0,-90.239,0.003,-0.02,0.0,1741.4589993772058,0.0,0.0,0.0,0.0,0.0,8.0,0.0,0.0,0.0,0.0,0.0137698,-0.0068849,-0.0275396,4.7987753,-0.0137698,-1.1773179,0.01231013430998,0.004438583638528,-0.006137728937652,-0.0029491758242370003,-0.000258699633705,0.00258699633705,49.998999999999995,1.9255500001236214,0.2037009999185102,0.08205499989344389,0.0
pd,23:51:13.012,262,-40.003,-89.999,0.0,-90.239,0.003,-0.02,0.0,0.0,0.0,0.0,0.0,0.0,-40.003,-40.0,0.0,-90.239,0.003,-0.02,-40.003,-81.999,0.0,-90.239,0.003,-0.02,0.0,1741.0975508509755,0.0,0.0,0.0,0.0,0.0,8.0,0.0,0.0,0.0,0.0,0.0137698,-0.0068849,-0.0275396,4.7987753,-0.0137698,-1.1773179,0.01231013430998,0.004438583638528,-0.006137728937652,-0.0029491758242370003,-0.000258699633705,0.00258699633705,49.998999999999995,1.6940709997470549,0.15403600036734133,0.06914699997651041,0.0
pd,23:51:13.014,263,-40.003,-89.999,0.0,-90.239,0.003,-0.02,0.0,0.0,0.0,0.0,0.0,0.0,-40.003,-40.0,0.0,-90.239,0.003,-0.02,-40.003,-81.999,0.0,-90.239,0.003,-0.02,0.0,2012.6218809980805,0.0,0.0,0.0,0.0,0.0,8.0,0.0,0.0,0.0,0.0,0.0137698,-0.0068849,-0.0275396,4.7987753,-0.0137698,-1.1773179,0.01231013430998,0.004438583638528,-0.006137728937652,-0.0029491758242370003,-0.000258699633705,0.00258699633705,49.998999999999995,1.6349419997823134,0.16870200033736182,0.057703000038600294,0.0
pd,23:51:13.016,264,-40.003,-89.999,0.0,-90.239,0.003,-0.02,0.0,0.0,0.0,0.0,0.0,0.0,-40.003,-40.0,0.0,-90.239,0.003,-0.02,-40.003,-81.999,0.0,-90.239,0.003,-0.02,0.0,2079.734225858436,0.0,0.0,0.0,0.0,0.0,8.0,0.0,0.0,0.0,0.0,0.0137698,-0.0068849,-0.0275396,4.7987753,-0.0137698,-1.1773179,0.01231013430998,0.004438583638528,-0.006137728937652,-0.0029491758242370003,-0.000258699633705,0.00258699633705,49.998999999999995,1.6549049996683607,0.13040600015301607,0.05929500002821442,0.0
pd,23:51:13.018,265,-40.003,-89.999,0.0,-90.239,0.003,-0.02,0.0,0.0,0.0,0.0,0.0,0.0,-40.003,-40.0,0.0,-90.239,0.003,-0.02,-40.003,-81.999,0.0,-90.239,0.003,-0.02,0.0,2096.8898887639043,0.0,0.0,0.0,0.0,0.0,8.0,0.0,0.0,0.0,0.0,0.0137698,-0.0068849,-0.0275396,4.7987753,-0.0137698,-1.1773179,0.01231013430998,0.004438583638528,-0.006137728937652,-0.0029491758242370003,-0.000258699633705,0.00258699633705,49.998999999999995,1.9311800001560187,0.2011460001085652,0.10027700000136974,0.0
pd,23:51:13.021,266,-40.003,-89.999,0.0,-90.239,0.003,-0.02,0.0,0.0,0.0,0.0,0.0,0.0,-40.003,-40.0,0.0,-90.239,0.003,-0.02,-40.003,-81.999,0.0,-90.239,0.003,-0.02,0.0,1724.2770811921891,0.0,0.0,0.0,0.0,0.0,8.0,0.0,0.0,0.0,0.0,0.0137698,-0.0068849,-0.0275396,4.7987753,-0.0137698,-1.1773179,0.01231013430998,0.004438583638528,-0.006137728937652,-0.0029491758242370003,-0.000258699633705,0.00258699633705,49.998999999999995,4.264539999894623,0.2522929999031476,0.12603599998328718,0.0
pd,23:51:13.025,267,-40.003,-89.999,0.0,-90.239,0.003,-0.02,0.0,0.0,0.0,0.0,0.0,0.0,-40.003,-40.0,0.0,-90.239,0.003,-0.02,-40.003,-81.999,0.0,-90.239,0.003,-0.02,0.0,843.0338173961107,0.0,0.0,0.0,0.0,0.0,8.0,0.0,0.0,0.0,0.0,0.0137698,-0.0068849,-0.0275396,4.7987753,-0.0137698,-1.1773179,0.01231013430998,0.004438583638528,-0.006137728937652,-0.0029491758242370003,-0.000258699633705,0.00258699633705,49.998999999999995,1.7719960001159052,0.17146000027423725,0.07720300027358462,0.0
pd,23:51:13.027,268,-40.003,-89.999,0.0,-90.239,0.003,-0.02,0.0,0.0,0.0,0.0,0.0,0.0,-40.003,-40.0,0.0,-90.239,0.003,-0.02,-40.003,-81.999,0.0,-90.239,0.003,-0.02,0.0,1907.802592676825,0.0,0.0,0.0,0.0,0.0,8.0,0.0,0.0,0.0,0.0,0.0137698,-0.0068849,-0.0275396,4.7987753,-0.0137698,-1.1773179,0.01231013430998,0.004438583638528,-0.006137728937652,-0.0029491758242370003,-0.000258699633705,0.00258699633705,49.998999999999995,1.7614040002627007,0.16753499994592858,0.0752210003156506,0.0
pd,23:51:13.029,269,-40.003,-89.999,0.0,-90.239,0.003,-0.02,0.0,0.0,0.0,0.0,0.0,0.0,-40.003,-40.0,0.0,-90.239,0.003,-0.02,-40.003,-81.999,0.0,-90.239,0.003,-0.02,0.0,1923.9926605504588,0.0,0.0,0.0,0.0,0.0,8.0,0.0,0.0,0.0,0.0,0.0137698,-0.0068849,-0.0275396,4.7987753,-0.0137698,-1.1773179,0.01231013430998,0.004438583638528,-0.006137728937652,-0.0029491758242370003,-0.000258699633705,0.00258699633705,49.998999999999995,1.699015999747644,0.13240499993116828,0.05775800036644796,0.0
pd,23:51:13.031,270,-40.003,-89.999,0.0,-90.239,0.003,-0.02,0.0,0.0,0.0,0.0,0.0,0.0,-40.003,-40.0,0.0,-90.239,0.003,-0.02,-40.003,-81.999,0.0,-90.239,0.003,-0.02,0.0,2038.7915907157612,0.0,0.0,0.0,0.0,0.0,8.0,0.0,0.0,0.0,0.0,0.0137698,-0.0068849,-0.0275396,4.7987753,-0.0137698,-1.1773179,0.01231013430998,0.004438583638528,-0.006137728937652,-0.0029491758242370003,-0.000258699633705,0.00258699633705,49.998999999999995,1.908383999762009,0.1770349999787868,0.08275799973489484,0.0
pd,23:51:13.034,271,-40.003,-89.999,0.0,-90.239,0.003,-0.02,0.0,0.0,0.0,0.0,0.0,0.0,-40.003,-40.0,0.0,-90.239,0.003,-0.02,-40.003,-81.999,0.0,-90.239,0.003,-0.02,0.0,1628.223602484472,0.0,0.0,0.0,0.0,0.0,8.0,0.0,0.0,0.0,0.0,0.0137698,-0.0068849,-0.0275396,4.7987753,-0.0137698,-1.1773179,0.01231013430998,0.004438583638528,-0.006137728937652,-0.0029491758242370003,-0.000258699633705,0.00258699633705,49.998999999999995,1.7687559998194047,0.21259000004647532,0.06253599985939218,0.0
pd,23:51:13.036,272,-40.003,-89.999,0.0,-90.239,0.003,-0.02,0.0,0.0,0.0,0.0,0.0,0.0,-40.003,-40.0,0.0,-90.239,0.003,-0.02,-40.003,-81.999,0.0,-90.239,0.003,-0.02,0.0,1886.988640197953,0.0,0.0,0.0,0.0,0.0,8.0,0.0,0.0,0.0,0.0,0.0137698,-0.0068849,-0.0275396,4.7987753,-0.0137698,-1.1773179,0.01231013430998,0.004438583638528,-0.006137728937652,-0.0029491758242370003,-0.000258699633705,0.00258699633705,49.998999999999995,1.7768120001164789,0.1477020000493212,0.06392500017682323,0.0
pd,23:51:13.038,273,-40.003,-89.999,0.0,-90.239,0.003,-0.02,0.0,0.0,0.0,0.0,0.0,0.0,-40.003,-40.0,0.0,-90.239,0.003,-0.02,-40.003,-81.999,0.0,-90.239,0.003,-0.02,0.0,1943.832232649751,0.0,0.0,0.0,0.0,0.0,8.0,0.0,0.0,0.0,0.0,0.0137698,-0.0068849,-0.0275396,4.7987753,-0.0137698,-1.1773179,0.01231013430998,0.004438583638528,-0.006137728937652,-0.0029491758242370003,-0.000258699633705,0.00258699633705,49.998999999999995,1.8152729999201256,0.16738699969209847,0.07914699972388917,0.0
pd,23:51:13.040,274,-40.003,-89.999,0.0,-90.239,0.003,-0.02,0.0,0.0,0.0,0.0,0.0,0.0,-40.003,-40.0,0.0,-90.239,0.003,-0.02,-40.003,-81.999,0.0,-90.239,0.003,-0.02,0.0,1873.0842916154963,0.0,0.0,0.0,0.0,0.0,8.0,0.0,0.0,0.0,0.0,0.0137698,-0.0068849,-0.0275396,4.7987753,-0.0137698,-1.1773179,0.01231013430998,0.004438583638528,-0.006137728937652,-0.0029491758242370003,-0.000258699633705,0.00258699633705,49.998999999999995,1.7736810000315018,0.1454059997740842,0.06914699997651041,0.0
pd,23:51:13.042,275,-40.003,-89.999,0.0,-90.239,0.003,-0.02,0.0,0.0,0.0,0.0,0.0,0.0,-40.003,-40.0,0.0,-90.239,0.003,-0.02,-40.003,-81.999,0.0,-90.239,0.003,-0.02,0.0,1811.5987474354822,0.0,0.0,0.0,0.0,0.0,8.0,0.0,0.0,0.0,0.0,0.0137698,-0.0068849,-0.0275396,4.7987753,-0.0137698,-1.1773179,0.01231013430998,0.004438583638528,-0.006137728937652,-0.0029491758242370003,-0.000258699633705,0.00258699633705,49.998999999999995,1.9710120000127063,0.2559600002314255,0.10036900039267493,0.0
pd,23:51:13.045,276,-40.003,-89.999,0.0,-90.239,0.003,-0.02,0.0,0.0,0.0,0.0,0.0,0.0,-40.003,-40.0,0.0,-90.239,0.003,-0.02,-40.003,-81.999,0.0,-90.239,0.003,-0.02,0.0,1655.8641926569285,0.0,0.0,0.0,0.0,0.0,8.0,0.0,0.0,0.0,0.0,0.0137698,-0.0068849,-0.0275396,4.7987753,-0.0137698,-1.1773179,0.01231013430998,0.004438583638528,-0.006137728937652,-0.0029491758242370003,-0.000258699633705,0.00258699633705,49.998999999999995,1.657849999901373,0.1414610001120309,0.061035999806335894,0.0
pd,23:51:13.047,277,-40.003,-89.999,0.0,-90.239,0.003,-0.02,0.0,0.0,0.0,0.0,0.0,0.0,-40.003,-40.0,0.0,-90.239,0.003,-0.02,-40.003,-81.999,0.0,-90.239,0.003,-0.02,0.0,2077.6738080495356,0.0,0.0,0.0,0.0,0.0,8.0,0.0,0.0,0.0,0.0,0.0137698,-0.0068849,-0.0275396,4.7987753,-0.0137698,-1.1773179,0.01231013430998,0.004438583638528,-0.006137728937652,-0.0029491758242370003,-0.000258699633705,0.00258699633705,49.998999999999995,1.6220540001086192,0.1268500000151107,0.08435000017925631,0.0
pd,23:51:13.049,278,-40.003,-89.999,0.0,-90.239,0.003,-0.02,0.0,0.0,0.0,0.0,0.0,0.0,-40.003,-40.0,0.0,-90.239,0.003,-0.02,-40.003,-81.999,0.0,-90.239,0.003,-0.02,0.0,2110.076216828072,0.0,0.0,0.0,0.0,0.0,8.0,0.0,0.0,0.0,0.0,0.0137698,-0.0068849,-0.0275396,4.7987753,-0.0137698,-1.1773179,0.01231013430998,0.004438583638528,-0.006137728937652,-0.0029491758242370003,-0.000258699633705,0.00258699633705,49.998999999999995,1.7503849999229715,0.15870100014581112,0.07485099968107534,0.0
pd,23:51:13.051,279,-40.003,-89.999,0.0,-90.239,0.003,-0.02,0.0,0.0,0.0,0.0,0.0,0.0,-40.003,-40.0,0.0,-90.239,0.003,-0.02,-40.003,-81.999,0.0,-90.239,0.003,-0.02,0.0,1944.508113120074,0.0,0.0,0.0,0.0,0.0,8.0,0.0,0.0,0.0,0.0,0.0137698,-0.0068849,-0.0275396,4.7987753,-0.0137698,-1.1773179,0.01231013430998,0.004438583638528,-0.006137728937652,-0.0029491758242370003,-0.000258699633705,0.00258699633705,49.998999999999995,1.7964219996429165,0.23662700004933868,0.089943000148196,0.0
pd,23:51:13.053,280,-40.003,-89.999,0.0,-90.239,0.003,-0.02,0.0,0.0,0.0,0.0,0.0,0.0,-40.003,-40.0,0.0,-90.239,0.003,-0.02,-40.003,-81.999,0.0,-90.239,0.003,-0.02,0.0,1807.1107281344248,0.0,0.0,0.0,0.0,0.0,8.0,0.0,0.0,0.0,0.0,0.0137698,-0.0068849,-0.0275396,4.7987753,-0.0137698,-1.1773179,0.01231013430998,0.004438583638528,-0.006137728937652,-0.0029491758242370003,-0.000258699633705,0.00258699633705,49.998999999999995,1.6729799999666284,0.15520200031460263,0.06736899968018406,0.0
pd,23:51:13.055,281,-40.003,-89.999,0.0,-90.239,0.003,-0.02,0.0,0.0,0.0,0.0,0.0,0.0,-40.003,-40.0,0.0,-90.239,0.003,-0.02,-40.003,-81.999,0.0,-90.239,0.003,-0.02,0.0,1836.988503230045,0.0,0.0,0.0,0.0,0.0,8.0,0.0,0.0,0.0,0.0,0.0137698,-0.0068849,-0.0275396,4.7987753,-0.0137698,-1.1773179,0.01231013430998,0.004438583638528,-0.006137728937652,-0.0029491758242370003,-0.000258699633705,0.00258699633705,49.998999999999995,1.7419600003449887,0.16953500016825274,0.06592599993382464,0.0
pd,23:51:13.057,282,-40.003,-89.999,0.0,-90.239,0.003,-0.02,0.0,0.0,0.0,0.0,0.0,0.0,-40.003,-40.0,0.0,-90.239,0.003,-0.02,-40.003,-81.999,0.0,-90.239,0.003,-0.02,0.0,1948.7996282959693,0.0,0.0,0.0,0.0,0.0,8.0,0.0,0.0,0.0,0.0,0.0137698,-0.0068849,-0.0275396,4.7987753,-0.0137698,-1.1773179,0.01231013430998,0.004438583638528,-0.006137728937652,-0.0029491758242370003,-0.000258699633705,0.00258699633705,49.998999999999995,1.627683999686269,0.13992399999551708,0.05916600002819905,0.0
pd,23:51:13.059,283,-40.003,-89.999,0.0,-90.239,0.003,-0.02,0.0,0.0,0.0,0.0,0.0,0.0,-40.003,-40.0,0.0,-90.239,0.003,-0.02,-40.003,-81.999,0.0,-90.239,0.003,-0.02,0.0,1974.719397363465,0.0,0.0,0.0,0.0,0.0,8.0,0.0,0.0,0.0,0.0,0.0137698,-0.0068849,-0.0275396,4.7987753,-0.0137698,-1.1773179,0.01231013430998,0.004438583638528,-0.006137728937652,-0.0029491758242370003,-0.000258699633705,0.00258699633705,49.998999999999995,1.7309970003225317,0.16855400008353172,0.06557400001838687,0.0
pd,23:51:13.061,284,-40.003,-89.999,0.0,-90.239,0.003,-0.02,0.0,0.0,0.0,0.0,0.0,0.0,-40.003,-40.0,0.0,-90.239,0.003,-0.02,-40.003,-81.999,0.0,-90.239,0.003,-0.02,0.0,1967.540283804386,0.0,0.0,0.0,0.0,0.0,8.0,0.0,0.0,0.0,0.0,0.0137698,-0.0068849,-0.0275396,4.7987753,-0.0137698,-1.1773179,0.01231013430998,0.004438583638528,-0.006137728937652,-0.0029491758242370003,-0.000258699633705,0.00258699633705,49.998999999999995,1.8574760001683899,0.20142299990766332,0.0949250002122426,0.0
pd,23:51:13.063,285,-40.003,-89.999,0.0,-90.239,0.003,-0.02,0.0,0.0,0.0,0.0,0.0,0.0,-40.003,-40.0,0.0,-90.239,0.003,-0.02,-40.003,-81.999,0.0,-90.239,0.003,-0.02,0.0,1784.430546692193,0.0,0.0,0.0,0.0,0.0,8.0,0.0,0.0,0.0,0.0,0.0137698,-0.0068849,-0.0275396,4.7987753,-0.0137698,-1.1773179,0.01231013430998,0.004438583638528,-0.006137728937652,-0.0029491758242370003,-0.000258699633705,0.00258699633705,49.998999999999995,1.7765890002010565,0.16229399989242665,0.07431399990309728,0.0
pd,23:51:13.066,286,-40.003,-89.999,0.0,-90.239,0.003,-0.02,0.0,0.0,0.0,0.0,0.0,0.0,-40.003,-40.0,0.0,-90.239,0.003,-0.02,-40.003,-81.999,0.0,-90.239,0.003,-0.02,0.0,1917.6152703166076,0.0,0.0,0.0,0.0,0.0,8.0,0.0,0.0,0.0,0.0,0.0137698,-0.0068849,-0.0275396,4.7987753,-0.0137698,-1.1773179,0.01231013430998,0.004438583638528,-0.006137728937652,-0.0029491758242370003,-0.000258699633705,0.00258699633705,49.998999999999995,1.6711459998077771,0.13181299982534256,0.05699900020772475,0.0
pd,23:51:13.067,287,-40.003,-89.999,0.0,-90.239,0.003,-0.02,0.0,0.0,0.0,0.0,0.0,0.0,-40.003,-40.0,0.0,-90.239,0.003,-0.02,-40.003,-81.999,0.0,-90.239,0.003,-0.02,0.0,2080.24996900186,0.0,0.0,0.0,0.0,0.0,8.0,0.0,0.0,0.0,0.0,0.0137698,-0.0068849,-0.0275396,4.7987753,-0.0137698,-1.1773179,0.01231013430998,0.004438583638528,-0.006137728937652,-0.0029491758242370003,-0.000258699633705,0.00258699633705,49.998999999999995,1.9758270000238554,0.20584999992934172,0.10298000006514485,0.0
pd,23:51:13.070,288,-40.003,-89.999,0.0,-90.239,0.003,-0.02,0.0,0.0,0.0,0.0,0.0,0.0,-40.003,-40.0,0.0,-90.239,0.003,-0.02,-40.003,-81.999,0.0,-90.239,0.003,-0.02,0.0,1684.2903322959542,0.0,0.0,0.0,0.0,0.0,8.0,0.0,0.0,0.0,0.0,0.0137698,-0.0068849,-0.0275396,4.7987753,-0.0137698,-1.1773179,0.01231013430998,0.004438583638528,-0.006137728937652,-0.0029491758242370003,-0.000258699633705,0.00258699633705,49.998999999999995,1.7559779998919112,0.14644199973190553,0.062276999869936844,0.0
pd,23:51:13.072,289,-40.003,-89.999,0.0,-90.239,0.003,-0.02,0.0,0.0,0.0,0.0,0.0,0.0,-40.003,-40.0,0.0,-90.239,0.003,-0.02,-40.003,-81.999,0.0,-90.239,0.003,-0.02,0.0,1968.694672612063,0.0,0.0,0.0,0.0,0.0,8.0,0.0,0.0,0.0,0.0,0.0137698,-0.0068849,-0.0275396,4.7987753,-0.0137698,-1.1773179,0.01231013430998,0.004438583638528,-0.006137728937652,-0.0029491758242370003,-0.000258699633705,0.00258699633705,49.998999999999995,1.949641999999585,0.17396099974575918,0.08027600006244029,0.0
pd,23:51:13.074,290,-40.003,-89.999,0.0,-90.239,0.003,-0.02,0.0,0.0,0.0,0.0,0.0,0.0,-40.003,-40.0,0.0,-90.239,0.003,-0.02,-40.003,-81.999,0.0,-90.239,0.003,-0.02,0.0,1753.8381768764373,0.0,0.0,0.0,0.0,0.0,8.0,0.0,0.0,0.0,0.0,0.0137698,-0.0068849,-0.0275396,4.7987753,-0.0137698,-1.1773179,0.01231013430998,0.004438583638528,-0.006137728937652,-0.0029491758242370003,-0.000258699633705,0.00258699633705,49.998999999999995,1.8501619997550733,0.1757749996613711,0.08216499963964452,0.0
pd,23:51:13.077,291,-40.003,-89.999,0.0,-90.239,0.003,-0.02,0.0,0.0,0.0,0.0,0.0,0.0,-40.003,-40.0,0.0,-90.239,0.003,-0.02,-40.003,-81.999,0.0,-90.239,0.003,-0.02,0.0,1662.7567888999008,0.0,0.0,0.0,0.0,0.0,8.0,0.0,0.0,0.0,0.0,0.0137698,-0.0068849,-0.0275396,4.7987753,-0.0137698,-1.1773179,0.01231013430998,0.004438583638528,-0.006137728937652,-0.0029491758242370003,-0.000258699633705,0.00258699633705,49.998999999999995,1.897698999982822,0.1934789997903863,0.0752959999772429,0.0
pd,23:51:13.079,292,-40.003,-89.999,0.0,-90.239,0.003,-0.02,0.0,0.0,0.0,0.0,0.0,0.0,-40.003,-40.0,0.0,-90.239,0.003,-0.02,-40.003,-81.999,0.0,-90.239,0.003,-0.02,0.0,1779.6983133552562,0.0,0.0,0.0,0.0,0.0,8.0,0.0,0.0,0.0,0.0,0.0137698,-0.0068849,-0.0275396,4.7987753,-0.0137698,-1.1773179,0.01231013430998,0.004438583638528,-0.006137728937652,-0.0029491758242370003,-0.000258699633705,0.00258699633705,49.998999999999995,1.8466809997335076,0.17784900001061033,0.08085099989330047,0.0
pd,23:51:13.081,293,-40.003,-89.999,0.0,-90.239,0.003,-0.02,0.0,0.0,0.0,0.0,0.0,0.0,-40.003,-40.0,0.0,-90.239,0.003,-0.02,-40.003,-81.999,0.0,-90.239,0.003,-0.02,0.0,1832.5741125068269,0.0,0.0,0.0,0.0,0.0,8.0,0.0,0.0,0.0,0.0,0.0137698,-0.0068849,-0.0275396,4.7987753,-0.0137698,-1.1773179,0.01231013430998,0.004438583638528,-0.006137728937652,-0.0029491758242370003,-0.000258699633705,0.00258699633705,49.998999999999995,1.6423679999206797,0.2964219997920736,0.0868510001055256,0.0
pd,23:51:13.083,294,-40.003,-89.999,0.0,-90.239,0.003,-0.02,0.0,0.0,0.0,0.0,0.0,0.0,-40.003,-40.0,0.0,-90.239,0.003,-0.02,-40.003,-81.999,0.0,-90.239,0.003,-0.02,0.0,1904.5539788852311,0.0,0.0,0.0,0.0,0.0,8.0,0.0,0.0,0.0,0.0,0.0137698,-0.0068849,-0.0275396,4.7987753,-0.0137698,-1.1773179,0.01231013430998,0.004438583638528,-0.006137728937652,-0.0029491758242370003,-0.000258699633705,0.00258699633705,49.998999999999995,1.7241820000890584,0.15166499997576466,0.06501799998659408,0.0
pd,23:51:13.085,295,-40.003,-89.999,0.0,-90.239,0.003,-0.02,0.0,0.0,0.0,0.0,0.0,0.0,-40.003,-40.0,0.0,-90.239,0.003,-0.02,-40.003,-81.999,0.0,-90.239,0.003,-0.02,0.0,1989.2359497272944,0.0,0.0,0.0,0.0,0.0,8.0,0.0,0.0,0.0,0.0,0.0137698,-0.0068849,-0.0275396,4.7987753,-0.0137698,-1.1773179,0.01231013430998,0.004438583638528,-0.006137728937652,-0.0029491758242370003,-0.000258699633705,0.00258699633705,49.998999999999995,1.621923999664432,0.12799800015272922,0.05551799995373585,0.0
pd,23:51:13.087,296,-40.003,-89.999,0.0,-90.239,0.003,-0.02,0.0,0.0,0.0,0.0,0.0,0.0,-40.003,-40.0,0.0,-90.239,0.003,-0.02,-40.003,-81.999,0.0,-90.239,0.003,-0.02,0.0,2140.4970655779534,0.0,0.0,0.0,0.0,0.0,8.0,0.0,0.0,0.0,0.0,0.0137698,-0.0068849,-0.0275396,4.7987753,-0.0137698,-1.1773179,0.01231013430998,0.004438583638528,-0.006137728937652,-0.0029491758242370003,-0.000258699633705,0.00258699633705,49.998999999999995,1.640774999941641,0.14048000002730987,0.06307400008154218,0.0
pd,23:51:13.089,297,-40.003,-89.999,0.0,-90.239,0.003,-0.02,0.0,0.0,0.0,0.0,0.0,0.0,-40.003,-40.0,0.0,-90.239,0.003,-0.02,-40.003,-81.999,0.0,-90.239,0.003,-0.02,0.0,2091.4006482174022,0.0,0.0,0.0,0.0,0.0,8.0,0.0,0.0,0.0,0.0,0.0137698,-0.0068849,-0.0275396,4.7987753,-0.0137698,-1.1773179,0.01231013430998,0.004438583638528,-0.006137728937652,-0.0029491758242370003,-0.000258699633705,0.00258699633705,49.998999999999995,1.636072000110289,0.1705910003693134,0.08240599981945707,0.0
pd,23:51:13.091,298,-40.003,-89.999,0.0,-90.239,0.003,-0.02,0.0,0.0,0.0,0.0,0.0,0.0,-40.003,-40.0,0.0,-90.239,0.003,-0.02,-40.003,-81.999,0.0,-90.239,0.003,-0.02,0.0,2035.0819990295972,0.0,0.0,0.0,0.0,0.0,8.0,0.0,0.0,0.0,0.0,0.0137698,-0.0068849,-0.0275396,4.7987753,-0.0137698,-1.1773179,0.01231013430998,0.004438583638528,-0.006137728937652,-0.0029491758242370003,-0.000258699633705,0.00258699633705,49.998999999999995,1.649924000048486,0.1657940001678071,0.06192599994392367,0.0
pd,23:51:13.093,299,-40.003,-89.999,0.0,-90.239,0.003,-0.02,0.0,0.0,0.0,0.0,0.0,0.0,-40.003,-40.0,0.0,-90.239,0.003,-0.02,-40.003,-81.999,0.0,-90.239,0.003,-0.02,0.0,2057.7966392738867,0.0,0.0,0.0,0.0,0.0,8.0,0.0,0.0,0.0,0.0,0.0137698,-0.0068849,-0.0275396,4.7987753,-0.0137698,-1.1773179,0.01231013430998,0.004438583638528,-0.006137728937652,-0.0029491758242370003,-0.000258699633705,0.00258699633705,49.998999999999995,2.0736589999614807,0.20509000023594126,0.09733199976835749,0.0
pd,23:51:13.095,300,-40.003,-89.999,0.0,-90.239,0.003,-0.02,0.0,0.0,0.0,0.0,0.0,0.0,-40.003,-40.0,0.0,-90.239,0.003,-0.02,-40.003,-81.999,0.0,-90.239,0.003,-0.02,0.0,1623.9682508953636,0.0,0.0,0.0,0.0,0.0,8.0,0.0,0.0,0.0,0.0,0.0137698,-0.0068849,-0.0275396,4.7987753,-0.0137698,-1.1773179,0.01231013430998,0.004438583638528,-0.006137728937652,-0.0029491758242370003,-0.000258699633705,0.00258699633705,49.998999999999995,1.7292190000262053,0.15016499992270838,0.06675799977529095,0.0
pd,23:51:13.098,301,-40.003,-89.999,0.0,-90.239,0.003,-0.02,0.0,0.0,0.0,0.0,0.0,0.0,-40.003,-40.0,0.0,-90.239,0.003,-0.02,-40.003,-81.999,0.0,-90.239,0.003,-0.02,0.0,1788.9972275538494,0.0,0.0,0.0,0.0,0.0,8.0,0.0,0.0,0.0,0.0,0.0137698,-0.0068849,-0.0275396,4.7987753,-0.0137698,-1.1773179,0.01231013430998,0.004438583638528,-0.006137728937652,-0.0029491758242370003,-0.000258699633705,0.00258699633705,49.998999999999995,1.698757000212936,0.3607730000112497,0.0891839999894728,0.0
pd,23:51:13.100,302,-40.003,-89.999,0.0,-90.239,0.003,-0.02,0.0,0.0,0.0,0.0,0.0,0.0,-40.003,-40.0,0.0,-90.239,0.003,-0.02,-40.003,-81.999,0.0,-90.239,0.003,-0.02,0.0,1790.3335823284601,0.0,0.0,0.0,0.0,0.0,8.0,0.0,0.0,0.0,0.0,0.0137698,-0.0068849,-0.0275396,4.7987753,-0.0137698,-1.1773179,0.01231013430998,0.004438583638528,-0.006137728937652,-0.0029491758242370003,-0.000258699633705,0.00258699633705,49.998999999999995,2.1601770004053833,0.18264499976794468,0.08885099987310241,0.0
pd,23:51:13.102,303,-40.003,-89.999,0.0,-90.239,0.003,-0.02,0.0,0.0,0.0,0.0,0.0,0.0,-40.003,-40.0,0.0,-90.239,0.003,-0.02,-40.003,-81.999,0.0,-90.239,0.003,-0.02,0.0,1594.4892605968448,0.0,0.0,0.0,0.0,0.0,8.0,0.0,0.0,0.0,0.0,0.0137698,-0.0068849,-0.0275396,4.7987753,-0.0137698,-1.1773179,0.01231013430998,0.004438583638528,-0.006137728937652,-0.0029491758242370003,-0.000258699633705,0.00258699633705,49.998999999999995,1.8541990002631792,0.20575600001393468,0.07609200019942364,0.0
pd,23:51:13.104,304,-40.003,-89.999,0.0,-90.239,0.003,-0.02,0.0,0.0,0.0,0.0,0.0,0.0,-40.003,-40.0,0.0,-90.239,0.003,-0.02,-40.003,-81.999,0.0,-90.239,0.003,-0.02,0.0,1811.4031526668107,0.0,0.0,0.0,0.0,0.0,8.0,0.0,0.0,0.0,0.0,0.0137698,-0.0068849,-0.0275396,4.7987753,-0.0137698,-1.1773179,0.01231013430998,0.004438583638528,-0.006137728937652,-0.0029491758242370003,-0.000258699633705,0.00258699633705,49.998999999999995,1.7194050001307914,0.14773900011277874,0.062092000007396564,0.0
pd,23:51:13.106,305,-40.003,-89.999,0.0,-90.239,0.003,-0.02,0.0,0.0,0.0,0.0,0.0,0.0,-40.003,-40.0,0.0,-90.239,0.003,-0.02,-40.003,-81.999,0.0,-90.239,0.003,-0.02,0.0,2003.9675107501193,0.0,0.0,0.0,0.0,0.0,8.0,0.0,0.0,0.0,0.0,0.0137698,-0.0068849,-0.0275396,4.7987753,-0.0137698,-1.1773179,0.01231013430998,0.004438583638528,-0.006137728937652,-0.0029491758242370003,-0.000258699633705,0.00258699633705,49.998999999999995,1.6575350000493927,0.12774000015269849,0.056184000186476624,0.0
pd,23:51:13.108,306,-40.003,-89.999,0.0,-90.239,0.003,-0.02,0.0,0.0,0.0,0.0,0.0,0.0,-40.003,-40.0,0.0,-90.239,0.003,-0.02,-40.003,-81.999,0.0,-90.239,0.003,-0.02,0.0,2102.671512720892,0.0,0.0,0.0,0.0,0.0,8.0,0.0,0.0,0.0,0.0,0.0137698,-0.0068849,-0.0275396,4.7987753,-0.0137698,-1.1773179,0.01231013430998,0.004438583638528,-0.006137728937652,-0.0029491758242370003,-0.000258699633705,0.00258699633705,49.998999999999995,1.6949979999481002,0.1461649999328074,0.06370300025082543,0.0
pd,23:51:13.110,307,-40.003,-89.999,0.0,-90.239,0.003,-0.02,0.0,0.0,0.0,0.0,0.0,0.0,-40.003,-40.0,0.0,-90.239,0.003,-0.02,-40.003,-81.999,0.0,-90.239,0.003,-0.02,0.0,2029.4201040280634,0.0,0.0,0.0,0.0,0.0,8.0,0.0,0.0,0.0,0.0,0.0137698,-0.0068849,-0.0275396,4.7987753,-0.0137698,-1.1773179,0.01231013430998,0.004438583638528,-0.006137728937652,-0.0029491758242370003,-0.000258699633705,0.00258699633705,49.998999999999995,1.6697569999450934,0.12516500009951415,0.05385199983720668,0.0
pd,23:51:13.112,308,-40.003,-89.999,0.0,-90.239,0.003,-0.02,0.0,0.0,0.0,0.0,0.0,0.0,-40.003,-40.0,0.0,-90.239,0.003,-0.02,-40.003,-81.999,0.0,-90.239,0.003,-0.02,0.0,2095.3185962283,0.0,0.0,0.0,0.0,0.0,8.0,0.0,0.0,0.0,0.0,0.0137698,-0.0068849,-0.0275396,4.7987753,-0.0137698,-1.1773179,0.01231013430998,0.004438583638528,-0.006137728937652,-0.0029491758242370003,-0.000258699633705,0.00258699633705,49.998999999999995,1.8258479999531119,0.15846099995542318,0.07127699973352719,0.0
pd,23:51:13.114,309,-40.003,-89.999,0.0,-90.239,0.003,-0.02,0.0,0.0,0.0,0.0,0.0,0.0,-40.003,-40.0,0.0,-90.239,0.003,-0.02,-40.003,-81.999,0.0,-90.239,0.003,-0.02,0.0,1881.275622336847,0.0,0.0,0.0,0.0,0.0,8.0,0.0,0.0,0.0,0.0,0.0137698,-0.0068849,-0.0275396,4.7987753,-0.0137698,-1.1773179,0.01231013430998,0.004438583638528,-0.006137728937652,-0.0029491758242370003,-0.000258699633705,0.00258699633705,49.998999999999995,1.6846829998939938,0.14048000002730987,0.05981399999654968,0.0
pd,23:51:13.116,310,-40.003,-89.999,0.0,-90.239,0.003,-0.02,0.0,0.0,0.0,0.0,0.0,0.0,-40.003,-40.0,0.0,-90.239,0.003,-0.02,-40.003,-81.999,0.0,-90.239,0.003,-0.02,0.0,2043.7588013156292,0.0,0.0,0.0,0.0,0.0,8.0,0.0,0.0,0.0,0.0,0.0137698,-0.0068849,-0.0275396,4.7987753,-0.0137698,-1.1773179,0.01231013430998,0.004438583638528,-0.006137728937652,-0.0029491758242370003,-0.000258699633705,0.00258699633705,49.998999999999995,1.7005340000650904,0.1389620001646108,0.05920300009165658,0.0
pd,23:51:13.119,311,-40.003,-89.999,0.0,-90.239,0.003,-0.02,0.0,0.0,0.0,0.0,0.0,0.0,-40.003,-40.0,0.0,-90.239,0.003,-0.02,-40.003,-81.999,0.0,-90.239,0.003,-0.02,0.0,1831.1739794804628,0.0,0.0,0.0,0.0,0.0,8.0,0.0,0.0,0.0,0.0,0.0137698,-0.0068849,-0.0275396,4.7987753,-0.0137698,-1.1773179,0.01231013430998,0.004438583638528,-0.006137728937652,-0.0029491758242370003,-0.000258699633705,0.00258699633705,49.998999999999995,2.1693619996767666,0.22120099993117037,0.1034440001603798,0.0
pd,23:51:13.121,312,-40.003,-89.999,0.0,-90.239,0.003,-0.02,0.0,0.0,0.0,0.0,0.0,0.0,-40.003,-40.0,0.0,-90.239,0.003,-0.02,-40.003,-81.999,0.0,-90.239,0.003,-0.02,0.0,1546.71485203282,0.0,0.0,0.0,0.0,0.0,8.0,0.0,0.0,0.0,0.0,0.0137698,-0.0068849,-0.0275396,4.7987753,-0.0137698,-1.1773179,0.01231013430998,0.004438583638528,-0.006137728937652,-0.0029491758242370003,-0.000258699633705,0.00258699633705,49.998999999999995,1.6527379998478864,0.14431299996431335,0.06307299963737023,0.0
pd,23:51:13.123,313,-40.003,-89.999,0.0,-90.239,0.003,-0.02,0.0,0.0,0.0,0.0,0.0,0.0,-40.003,-40.0,0.0,-90.239,0.003,-0.02,-40.003,-81.999,0.0,-90.239,0.003,-0.02,0.0,2076.388118811881,0.0,0.0,0.0,0.0,0.0,8.0,0.0,0.0,0.0,0.0,0.0137698,-0.0068849,-0.0275396,4.7987753,-0.0137698,-1.1773179,0.01231013430998,0.004438583638528,-0.006137728937652,-0.0029491758242370003,-0.000258699633705,0.00258699633705,49.998999999999995,1.8651619998308888,0.16614600008324487,0.0772399998822948,0.0
pd,23:51:13.125,314,-40.003,-89.999,0.0,-90.239,0.003,-0.02,0.0,0.0,0.0,0.0,0.0,0.0,-40.003,-40.0,0.0,-90.239,0.003,-0.02,-40.003,-81.999,0.0,-90.239,0.003,-0.02,0.0,1791.2893444373265,0.0,0.0,0.0,0.0,0.0,8.0,0.0,0.0,0.0,0.0,0.0137698,-0.0068849,-0.0275396,4.7987753,-0.0137698,-1.1773179,0.01231013430998,0.004438583638528,-0.006137728937652,-0.0029491758242370003,-0.000258699633705,0.00258699633705,49.998999999999995,1.8011249999290158,0.18949700006487546,0.08060999971348792,0.0
pd,23:51:13.127,315,-40.003,-89.999,0.0,-90.239,0.003,-0.02,0.0,0.0,0.0,0.0,0.0,0.0,-40.003,-40.0,0.0,-90.239,0.003,-0.02,-40.003,-81.999,0.0,-90.239,0.003,-0.02,0.0,1859.795588072276,0.0,0.0,0.0,0.0,0.0,8.0,0.0,0.0,0.0,0.0,0.0137698,-0.0068849,-0.0275396,4.7987753,-0.0137698,-1.1773179,0.01231013430998,0.004438583638528,-0.006137728937652,-0.0029491758242370003,-0.000258699633705,0.00258699633705,49.998999999999995,1.9190140001228428,0.18327599991607713,0.08277699998870958,0.0
pd,23:51:13.130,316,-40.003,-89.999,0.0,-90.239,0.003,-0.02,0.0,0.0,0.0,0.0,0.0,0.0,-40.003,-40.0,0.0,-90.239,0.003,-0.02,-40.003,-81.999,0.0,-90.239,0.003,-0.02,0.0,1763.238675775092,0.0,0.0,0.0,0.0,0.0,8.0,0.0,0.0,0.0,0.0,0.0137698,-0.0068849,-0.0275396,4.7987753,-0.0137698,-1.1773179,0.01231013430998,0.004438583638528,-0.006137728937652,-0.0029491758242370003,-0.000258699633705,0.00258699633705,49.998999999999995,1.6472020001856436,0.13477600032274495,0.057128000207740115,0.0
pd,23:51:13.132,317,-40.003,-89.999,0.0,-90.239,0.003,-0.02,0.0,0.0,0.0,0.0,0.0,0.0,-40.003,-40.0,0.0,-90.239,0.003,-0.02,-40.003,-81.999,0.0,-90.239,0.003,-0.02,0.0,2104.2538567665874,0.0,0.0,0.0,0.0,0.0,8.0,0.0,0.0,0.0,0.0,0.0137698,-0.0068849,-0.0275396,4.7987753,-0.0137698,-1.1773179,0.01231013430998,0.004438583638528,-0.006137728937652,-0.0029491758242370003,-0.000258699633705,0.00258699633705,49.998999999999995,1.6587939999226364,0.16940499972406542,0.12181299962321646,0.0
pd,23:51:13.134,318,-40.003,-89.999,0.0,-90.239,0.003,-0.02,0.0,0.0,0.0,0.0,0.0,0.0,-40.003,-40.0,0.0,-90.239,0.003,-0.02,-40.003,-81.999,0.0,-90.239,0.003,-0.02,0.0,1858.1477461512902,0.0,0.0,0.0,0.0,0.0,8.0,0.0,0.0,0.0,0.0,0.0137698,-0.0068849,-0.0275396,4.7987753,-0.0137698,-1.1773179,0.01231013430998,0.004438583638528,-0.006137728937652,-0.0029491758242370003,-0.000258699633705,0.00258699633705,49.998999999999995,1.6488679998474254,0.13790599996355013,0.057110999932774575,0.0
pd,23:51:13.136,319,-40.003,-89.999,0.0,-90.239,0.003,-0.02,0.0,0.0,0.0,0.0,0.0,0.0,-40.003,-40.0,0.0,-90.239,0.003,-0.02,-40.003,-81.999,0.0,-90.239,0.003,-0.02,0.0,2097.152,0.0,0.0,0.0,0.0,0.0,8.0,0.0,0.0,0.0,0.0,0.0137698,-0.0068849,-0.0275396,4.7987753,-0.0137698,-1.1773179,0.01231013430998,0.004438583638528,-0.006137728937652,-0.0029491758242370003,-0.000258699633705,0.00258699633705,49.998999999999995,1.6528500000276836,0.13340600025912863,0.05620299998554401,0.0
pd,23:51:13.138,320,-40.003,-89.999,0.0,-90.239,0.003,-0.02,0.0,0.0,0.0,0.0,0.0,0.0,-40.003,-40.0,0.0,-90.239,0.003,-0.02,-40.003,-81.999,0.0,-90.239,0.003,-0.02,0.0,2098.9886150381585,0.0,0.0,0.0,0.0,0.0,8.0,0.0,0.0,0.0,0.0,0.0137698,-0.0068849,-0.0275396,4.7987753,-0.0137698,-1.1773179,0.01231013430998,0.004438583638528,-0.006137728937652,-0.0029491758242370003,-0.000258699633705,0.00258699633705,49.998999999999995,1.7994400000134192,0.16103500001918292,0.07725800014668494,0.0
pd,23:51:13.140,321,-40.003,-89.999,0.0,-90.239,0.003,-0.02,0.0,0.0,0.0,0.0,0.0,0.0,-40.003,-40.0,0.0,-90.239,0.003,-0.02,-40.003,-81.999,0.0,-90.239,0.003,-0.02,0.0,1704.3088175538398,0.0,0.0,0.0,0.0,0.0,8.0,0.0,0.0,0.0,0.0,0.0137698,-0.0068849,-0.0275396,4.7987753,-0.0137698,-1.1773179,0.01231013430998,0.004438583638528,-0.006137728937652,-0.0029491758242370003,-0.000258699633705,0.00258699633705,49.998999999999995,1.7413860000488057,0.18786800001180382,0.07431399990309728,0.0
pd,23:51:13.142,322,-40.003,-89.999,0.0,-90.239,0.003,-0.02,0.0,0.0,0.0,0.0,0.0,0.0,-40.003,-40.0,0.0,-90.239,0.003,-0.02,-40.003,-81.999,0.0,-90.239,0.003,-0.02,0.0,1918.4923956546597,0.0,0.0,0.0,0.0,0.0,8.0,0.0,0.0,0.0,0.0,0.0137698,-0.0068849,-0.0275396,4.7987753,-0.0137698,-1.1773179,0.01231013430998,0.004438583638528,-0.006137728937652,-0.0029491758242370003,-0.000258699633705,0.00258699633705,49.998999999999995,1.8628660000103991,0.1708489999145968,0.07585100001961109,0.0
pd,23:51:13.144,323,-40.003,-89.999,0.0,-90.239,0.003,-0.02,0.0,0.0,0.0,0.0,0.0,0.0,-40.003,-40.0,0.0,-90.239,0.003,-0.02,-40.003,-81.999,0.0,-90.239,0.003,-0.02,0.0,1829.1774967291758,0.0,0.0,0.0,0.0,0.0,8.0,0.0,0.0,0.0,0.0,0.0137698,-0.0068849,-0.0275396,4.7987753,-0.0137698,-1.1773179,0.01231013430998,0.004438583638528,-0.006137728937652,-0.0029491758242370003,-0.000258699633705,0.00258699633705,49.998999999999995,1.9778649998443143,0.1920710001286352,0.08873900014805258,0.0
pd,23:51:13.146,324,-40.003,-89.999,0.0,-90.239,0.003,-0.02,0.0,0.0,0.0,0.0,0.0,0.0,-40.003,-40.0,0.0,-90.239,0.003,-0.02,-40.003,-81.999,0.0,-90.239,0.003,-0.02,0.0,1710.2156982670745,0.0,0.0,0.0,0.0,0.0,8.0,0.0,0.0,0.0,0.0,0.0137698,-0.0068849,-0.0275396,4.7987753,-0.0137698,-1.1773179,0.01231013430998,0.004438583638528,-0.006137728937652,-0.0029491758242370003,-0.000258699633705,0.00258699633705,49.998999999999995,1.6894790001060755,0.1693489998615405,0.05751799972131266,0.0
pd,23:51:13.148,325,-40.003,-89.999,0.0,-90.239,0.003,-0.02,0.0,0.0,0.0,0.0,0.0,0.0,-40.003,-40.0,0.0,-90.239,0.003,-0.02,-40.003,-81.999,0.0,-90.239,0.003,-0.02,0.0,2021.594890950717,0.0,0.0,0.0,0.0,0.0,8.0,0.0,0.0,0.0,0.0,0.0137698,-0.0068849,-0.0275396,4.7987753,-0.0137698,-1.1773179,0.01231013430998,0.004438583638528,-0.006137728937652,-0.0029491758242370003,-0.000258699633705,0.00258699633705,49.998999999999995,1.7338679999738815,0.15581300021949573,0.06942499976503314,0.0
pd,23:51:13.151,326,-40.003,-89.999,0.0,-90.239,0.003,-0.02,0.0,0.0,0.0,0.0,0.0,0.0,-40.003,-40.0,0.0,-90.239,0.003,-0.02,-40.003,-81.999,0.0,-90.239,0.003,-0.02,0.0,1970.0817285110381,0.0,0.0,0.0,0.0,0.0,8.0,0.0,0.0,0.0,0.0,0.0137698,-0.0068849,-0.0275396,4.7987753,-0.0137698,-1.1773179,0.01231013430998,0.004438583638528,-0.006137728937652,-0.0029491758242370003,-0.000258699633705,0.00258699633705,49.998999999999995,1.7129970001406036,0.14722100013386807,0.05953600020802696,0.0
pd,23:51:13.152,327,-40.003,-89.999,0.0,-90.239,0.003,-0.02,0.0,0.0,0.0,0.0,0.0,0.0,-40.003,-40.0,0.0,-90.239,0.003,-0.02,-40.003,-81.999,0.0,-90.239,0.003,-0.02,0.0,2014.797165846043,0.0,0.0,0.0,0.0,0.0,8.0,0.0,0.0,0.0,0.0,0.0137698,-0.0068849,-0.0275396,4.7987753,-0.0137698,-1.1773179,0.01231013430998,0.004438583638528,-0.006137728937652,-0.0029491758242370003,-0.000258699633705,0.00258699633705,49.998999999999995,1.8173660000684322,0.1700719999462308,0.07579599969176343,0.0
pd,23:51:13.155,328,-40.003,-89.999,0.0,-90.239,0.003,-0.02,0.0,0.0,0.0,0.0,0.0,0.0,-40.003,-40.0,0.0,-90.239,0.003,-0.02,-40.003,-81.999,0.0,-90.239,0.003,-0.02,0.0,1870.7867975022302,0.0,0.0,0.0,0.0,0.0,8.0,0.0,0.0,0.0,0.0,0.0137698,-0.0068849,-0.0275396,4.7987753,-0.0137698,-1.1773179,0.01231013430998,0.004438583638528,-0.006137728937652,-0.0029491758242370003,-0.000258699633705,0.00258699633705,49.998999999999995,1.6749239998716803,0.16355300022041774,0.07359200026257895,0.0
pd,23:51:13.157,329,-40.003,-89.999,0.0,-90.239,0.003,-0.02,0.0,0.0,0.0,0.0,0.0,0.0,-40.003,-40.0,0.0,-90.239,0.003,-0.02,-40.003,-81.999,0.0,-90.239,0.003,-0.02,0.0,1955.3864801864802,0.0,0.0,0.0,0.0,0.0,8.0,0.0,0.0,0.0,0.0,0.0137698,-0.0068849,-0.0275396,4.7987753,-0.0137698,-1.1773179,0.01231013430998,0.004438583638528,-0.006137728937652,-0.0029491758242370003,-0.000258699633705,0.00258699633705,49.998999999999995,1.6502389999004663,0.1407390000167652,0.056925000080809696,0.0
pd,23:51:13.159,330,-40.003,-89.999,0.0,-90.239,0.003,-0.02,0.0,0.0,0.0,0.0,0.0,0.0,-40.003,-40.0,0.0,-90.239,0.003,-0.02,-40.003,-81.999,0.0,-90.239,0.003,-0.02,0.0,2090.618816199377,0.0,0.0,0.0,0.0,0.0,8.0,0.0,0.0,0.0,0.0,0.0137698,-0.0068849,-0.0275396,4.7987753,-0.0137698,-1.1773179,0.01231013430998,0.004438583638528,-0.006137728937652,-0.0029491758242370003,-0.000258699633705,0.00258699633705,49.998999999999995,1.8098300001838652,0.16775699987192638,0.08036899998842273,0.0
pd,23:51:13.161,331,-40.003,-89.999,0.0,-90.239,0.003,-0.02,0.0,0.0,0.0,0.0,0.0,0.0,-40.003,-40.0,0.0,-90.239,0.003,-0.02,-40.003,-81.999,0.0,-90.239,0.003,-0.02,0.0,1670.5382853728966,0.0,0.0,0.0,0.0,0.0,8.0,0.0,0.0,0.0,0.0,0.0137698,-0.0068849,-0.0275396,4.7987753,-0.0137698,-1.1773179,0.01231013430998,0.004438583638528,-0.006137728937652,-0.0029491758242370003,-0.000258699633705,0.00258699633705,49.998999999999995,1.7594589999134769,0.1905340000121214,0.06842499988124473,0.0
pd,23:51:13.163,332,-40.003,-89.999,0.0,-90.239,0.003,-0.02,0.0,0.0,0.0,0.0,0.0,0.0,-40.003,-40.0,0.0,-90.239,0.003,-0.02,-40.003,-81.999,0.0,-90.239,0.003,-0.02,0.0,1887.200899887514,0.0,0.0,0.0,0.0,0.0,8.0,0.0,0.0,0.0,0.0,0.0137698,-0.0068849,-0.0275396,4.7987753,-0.0137698,-1.1773179,0.01231013430998,0.004438583638528,-0.006137728937652,-0.0029491758242370003,-0.000258699633705,0.00258699633705,49.998999999999995,1.8882540002778114,0.16849799976625945,0.07968499994603917,0.0
pd,23:51:13.165,333,-40.003,-89.999,0.0,-90.239,0.003,-0.02,0.0,0.0,0.0,0.0,0.0,0.0,-40.003,-40.0,0.0,-90.239,0.003,-0.02,-40.003,-81.999,0.0,-90.239,0.003,-0.02,0.0,1808.4742912579497,0.0,0.0,0.0,0.0,0.0,8.0,0.0,0.0,0.0,0.0,0.0137698,-0.0068849,-0.0275396,4.7987753,-0.0137698,-1.1773179,0.01231013430998,0.004438583638528,-0.006137728937652,-0.0029491758242370003,-0.000258699633705,0.00258699633705,49.998999999999995,1.6973859997051477,0.13849800006937585,0.05764700017607538,0.0
pd,23:51:13.167,334,-40.003,-89.999,0.0,-90.239,0.003,-0.02,0.0,0.0,0.0,0.0,0.0,0.0,-40.003,-40.0,0.0,-90.239,0.003,-0.02,-40.003,-81.999,0.0,-90.239,0.003,-0.02,0.0,2044.5059712405557,0.0,0.0,0.0,0.0,0.0,8.0,0.0,0.0,0.0,0.0,0.0137698,-0.0068849,-0.0275396,4.7987753,-0.0137698,-1.1773179,0.01231013430998,0.004438583638528,-0.006137728937652,-0.0029491758242370003,-0.000258699633705,0.00258699633705,49.998999999999995,1.6387199998462165,0.14083099995332304,0.06449900001825881,0.0
pd,23:51:13.169,335,-40.003,-89.999,0.0,-90.239,0.003,-0.02,0.0,0.0,0.0,0.0,0.0,0.0,-40.003,-40.0,0.0,-90.239,0.003,-0.02,-40.003,-81.999,0.0,-90.239,0.003,-0.02,0.0,2087.497324872465,0.0,0.0,0.0,0.0,0.0,8.0,0.0,0.0,0.0,0.0,0.0137698,-0.0068849,-0.0275396,4.7987753,-0.0137698,-1.1773179,0.01231013430998,0.004438583638528,-0.006137728937652,-0.0029491758242370003,-0.000258699633705,0.00258699633705,49.998999999999995,1.880477000213432,0.189423999927385,0.09044299986271653,0.0
pd,23:51:13.171,336,-40.003,-89.999,0.0,-90.239,0.003,-0.02,0.0,0.0,0.0,0.0,0.0,0.0,-40.003,-40.0,0.0,-90.239,0.003,-0.02,-40.003,-81.999,0.0,-90.239,0.003,-0.02,0.0,1784.2407742209932,0.0,0.0,0.0,0.0,0.0,8.0,0.0,0.0,0.0,0.0,0.0137698,-0.0068849,-0.0275396,4.7987753,-0.0137698,-1.1773179,0.01231013430998,0.004438583638528,-0.006137728937652,-0.0029491758242370003,-0.000258699633705,0.00258699633705,49.998999999999995,1.7604600002414372,0.15046099997562123,0.06557400001838687,0.0
pd,23:51:13.173,337,-40.003,-89.999,0.0,-90.239,0.003,-0.02,0.0,0.0,0.0,0.0,0.0,0.0,-40.003,-40.0,0.0,-90.239,0.003,-0.02,-40.003,-81.999,0.0,-90.239,0.003,-0.02,0.0,1955.158606223051,0.0,0.0,0.0,0.0,0.0,8.0,0.0,0.0,0.0,0.0,0.0137698,-0.0068849,-0.0275396,4.7987753,-0.0137698,-1.1773179,0.01231013430998,0.004438583638528,-0.006137728937652,-0.0029491758242370003,-0.000258699633705,0.00258699633705,49.998999999999995,1.793311000255926,0.18179399967266363,0.08251799999925424,0.0
pd,23:51:13.176,338,-40.003,-89.999,0.0,-90.239,0.003,-0.02,0.0,0.0,0.0,0.0,0.0,0.0,-40.003,-40.0,0.0,-90.239,0.003,-0.02,-40.003,-81.999,0.0,-90.239,0.003,-0.02,0.0,1873.0842916154963,0.0,0.0,0.0,0.0,0.0,8.0,0.0,0.0,0.0,0.0,0.0137698,-0.0068849,-0.0275396,4.7987753,-0.0137698,-1.1773179,0.01231013430998,0.004438583638528,-0.006137728937652,-0.0029491758242370003,-0.000258699633705,0.00258699633705,49.998999999999995,1.7890879998958553,0.15710899970144965,0.11440600019341218,0.0
pd,23:51:13.178,339,-40.003,-89.999,0.0,-90.239,0.003,-0.02,0.0,0.0,0.0,0.0,0.0,0.0,-40.003,-40.0,0.0,-90.239,0.003,-0.02,-40.003,-81.999,0.0,-90.239,0.003,-0.02,0.0,1877.2760434150161,0.0,0.0,0.0,0.0,0.0,8.0,0.0,0.0,0.0,0.0,0.0137698,-0.0068849,-0.0275396,4.7987753,-0.0137698,-1.1773179,0.01231013430998,0.004438583638528,-0.006137728937652,-0.0029491758242370003,-0.000258699633705,0.00258699633705,49.998999999999995,1.8012179998549982,0.16422099997726036,0.08014799959710217,0.0
pd,23:51:13.180,340,-40.003,-89.999,0.0,-90.239,0.003,-0.02,0.0,0.0,0.0,0.0,0.0,0.0,-40.003,-40.0,0.0,-90.239,0.003,-0.02,-40.003,-81.999,0.0,-90.239,0.003,-0.02,0.0,1884.6569310267355,0.0,0.0,0.0,0.0,0.0,8.0,0.0,0.0,0.0,0.0,0.0137698,-0.0068849,-0.0275396,4.7987753,-0.0137698,-1.1773179,0.01231013430998,0.004438583638528,-0.006137728937652,-0.0029491758242370003,-0.000258699633705,0.00258699633705,49.998999999999995,1.7196640001202468,0.14449800028160098,0.06346299960569013,0.0
pd,23:51:13.182,341,-40.003,-89.999,0.0,-90.239,0.003,-0.02,0.0,0.0,0.0,0.0,0.0,0.0,-40.003,-40.0,0.0,-90.239,0.003,-0.02,-40.003,-81.999,0.0,-90.239,0.003,-0.02,0.0,1794.9305659569916,0.0,0.0,0.0,0.0,0.0,8.0,0.0,0.0,0.0,0.0,0.0137698,-0.0068849,-0.0275396,4.7987753,-0.0137698,-1.1773179,0.01231013430998,0.004438583638528,-0.006137728937652,-0.0029491758242370003,-0.000258699633705,0.00258699633705,49.998999999999995,1.8680879998100863,0.20236799991835142,0.08535100005246932,0.0
pd,23:51:13.184,342,-40.003,-89.999,0.0,-90.239,0.003,-0.02,0.0,0.0,0.0,0.0,0.0,0.0,-40.003,-40.0,0.0,-90.239,0.003,-0.02,-40.003,-81.999,0.0,-90.239,0.003,-0.02,0.0,1784.2407742209932,0.0,0.0,0.0,0.0,0.0,8.0,0.0,0.0,0.0,0.0,0.0137698,-0.0068849,-0.0275396,4.7987753,-0.0137698,-1.1773179,0.01231013430998,0.004438583638528,-0.006137728937652,-0.0029491758242370003,-0.000258699633705,0.00258699633705,49.998999999999995,1.7237379997823155,0.14729499980603578,0.06049900002835784,0.0
pd,23:51:13.186,343,-40.003,-89.999,0.0,-90.239,0.003,-0.02,0.0,0.0,0.0,0.0,0.0,0.0,-40.003,-40.0,0.0,-90.239,0.003,-0.02,-40.003,-81.999,0.0,-90.239,0.003,-0.02,0.0,2001.5767120019088,0.0,0.0,0.0,0.0,0.0,8.0,0.0,0.0,0.0,0.0,0.0137698,-0.0068849,-0.0275396,4.7987753,-0.0137698,-1.1773179,0.01231013430998,0.004438583638528,-0.006137728937652,-0.0029491758242370003,-0.000258699633705,0.00258699633705,49.998999999999995,1.6648499999973865,0.12899799958177027,0.055036000048858114,0.0
pd,23:51:13.188,344,-40.003,-89.999,0.0,-90.239,0.003,-0.02,0.0,0.0,0.0,0.0,0.0,0.0,-40.003,-40.0,0.0,-90.239,0.003,-0.02,-40.003,-81.999,0.0,-90.239,0.003,-0.02,0.0,2093.488395308211,0.0,0.0,0.0,0.0,0.0,8.0,0.0,0.0,0.0,0.0,0.0137698,-0.0068849,-0.0275396,4.7987753,-0.0137698,-1.1773179,0.01231013430998,0.004438583638528,-0.006137728937652,-0.0029491758242370003,-0.000258699633705,0.00258699633705,49.998999999999995,1.6933130000325036,0.1529239998490084,0.06864799979666714,0.0
pd,23:51:13.190,345,-40.003,-89.999,0.0,-90.239,0.003,-0.02,0.0,0.0,0.0,0.0,0.0,0.0,-40.003,-40.0,0.0,-90.239,0.003,-0.02,-40.003,-81.999,0.0,-90.239,0.003,-0.02,0.0,2013.8297923418556,0.0,0.0,0.0,0.0,0.0,8.0,0.0,0.0,0.0,0.0,0.0137698,-0.0068849,-0.0275396,4.7987753,-0.0137698,-1.1773179,0.01231013430998,0.004438583638528,-0.006137728937652,-0.0029491758242370003,-0.000258699633705,0.00258699633705,49.998999999999995,1.6264249998130254,0.13484999999491265,0.05661100021825405,0.0
pd,23:51:13.192,346,-40.003,-89.999,0.0,-90.239,0.003,-0.02,0.0,0.0,0.0,0.0,0.0,0.0,-40.003,-40.0,0.0,-90.239,0.003,-0.02,-40.003,-81.999,0.0,-90.239,0.003,-0.02,0.0,2125.8509883426254,0.0,0.0,0.0,0.0,0.0,8.0,0.0,0.0,0.0,0.0,0.0137698,-0.0068849,-0.0275396,4.7987753,-0.0137698,-1.1773179,0.01231013430998,0.004438583638528,-0.006137728937652,-0.0029491758242370003,-0.000258699633705,0.00258699633705,49.998999999999995,1.6479430000799766,0.2544409999245545,0.07905500024207868,0.0
pd,23:51:13.194,347,-40.003,-89.999,0.0,-90.239,0.003,-0.02,0.0,0.0,0.0,0.0,0.0,0.0,-40.003,-40.0,0.0,-90.239,0.003,-0.02,-40.003,-81.999,0.0,-90.239,0.003,-0.02,0.0,1943.6070435588508,0.0,0.0,0.0,0.0,0.0,8.0,0.0,0.0,0.0,0.0,0.0137698,-0.0068849,-0.0275396,4.7987753,-0.0137698,-1.1773179,0.01231013430998,0.004438583638528,-0.006137728937652,-0.0029491758242370003,-0.000258699633705,0.00258699633705,49.998999999999995,1.8869210002776526,0.19847900011882302,0.09066500024346169,0.0
pd,23:51:13.196,348,-40.003,-89.999,0.0,-90.239,0.003,-0.02,0.0,0.0,0.0,0.0,0.0,0.0,-40.003,-40.0,0.0,-90.239,0.003,-0.02,-40.003,-81.999,0.0,-90.239,0.003,-0.02,0.0,1770.1219666596328,0.0,0.0,0.0,0.0,0.0,8.0,0.0,0.0,0.0,0.0,0.0137698,-0.0068849,-0.0275396,4.7987753,-0.0137698,-1.1773179,0.01231013430998,0.004438583638528,-0.006137728937652,-0.0029491758242370003,-0.000258699633705,0.00258699633705,49.998999999999995,1.7115890000241052,0.14562800015482935,0.06153699996502837,0.0
pd,23:51:13.198,349,-40.003,-89.999,0.0,-90.239,0.003,-0.02,0.0,0.0,0.0,0.0,0.0,0.0,-40.003,-40.0,0.0,-90.239,0.003,-0.02,-40.003,-81.999,0.0,-90.239,0.003,-0.02,0.0,2014.0715486194479,0.0,0.0,0.0,0.0,0.0,8.0,0.0,0.0,0.0,0.0,0.0137698,-0.0068849,-0.0275396,4.7987753,-0.0137698,-1.1773179,0.01231013430998,0.004438583638528,-0.006137728937652,-0.0029491758242370003,-0.000258699633705,0.00258699633705,49.998999999999995,1.8184959999416606,0.18620199989527464,0.09168399992631748,0.0
pd,23:51:13.201,350,-40.003,-89.999,0.0,-90.239,0.003,-0.02,0.0,0.0,0.0,0.0,0.0,0.0,-40.003,-40.0,0.0,-90.239,0.003,-0.02,-40.003,-81.999,0.0,-90.239,0.003,-0.02,0.0,1835.9833661632742,0.0,0.0,0.0,0.0,0.0,8.0,0.0,0.0,0.0,0.0,0.0137698,-0.0068849,-0.0275396,4.7987753,-0.0137698,-1.1773179,0.01231013430998,0.004438583638528,-0.006137728937652,-0.0029491758242370003,-0.000258699633705,0.00258699633705,49.998999999999995,1.821125000333268,0.17016499987221323,0.06912899971212028,0.0
pd,23:51:13.203,351,-40.003,-89.999,0.0,-90.239,0.003,-0.02,0.0,0.0,0.0,0.0,0.0,0.0,-40.003,-40.0,0.0,-90.239,0.003,-0.02,-40.003,-81.999,0.0,-90.239,0.003,-0.02,0.0,1689.2082158679018,0.0,0.0,0.0,0.0,0.0,8.0,0.0,0.0,0.0,0.0,0.0137698,-0.0068849,-0.0275396,4.7987753,-0.0137698,-1.1773179,0.01231013430998,0.004438583638528,-0.006137728937652,-0.0029491758242370003,-0.000258699633705,0.00258699633705,49.998999999999995,1.976809000098001,0.20283000003473717,0.084295000306156,0.0
pd,23:51:13.205,352,-40.003,-89.999,0.0,-90.239,0.003,-0.02,0.0,0.0,0.0,0.0,0.0,0.0,-40.003,-40.0,0.0,-90.239,0.003,-0.02,-40.003,-81.999,0.0,-90.239,0.003,-0.02,0.0,1702.579257154455,0.0,0.0,0.0,0.0,0.0,8.0,0.0,0.0,0.0,0.0,0.0137698,-0.0068849,-0.0275396,4.7987753,-0.0137698,-1.1773179,0.01231013430998,0.004438583638528,-0.006137728937652,-0.0029491758242370003,-0.000258699633705,0.00258699633705,49.998999999999995,1.7059789997802,0.14375699993252056,0.05748100011260249,0.0
pd,23:51:13.207,353,-40.003,-89.999,0.0,-90.239,0.003,-0.02,0.0,0.0,0.0,0.0,0.0,0.0,-40.003,-40.0,0.0,-90.239,0.003,-0.02,-40.003,-81.999,0.0,-90.239,0.003,-0.02,0.0,2025.7445061579328,0.0,0.0,0.0,0.0,0.0,8.0,0.0,0.0,0.0,0.0,0.0137698,-0.0068849,-0.0275396,4.7987753,-0.0137698,-1.1773179,0.01231013430998,0.004438583638528,-0.006137728937652,-0.0029491758242370003,-0.000258699633705,0.00258699633705,49.998999999999995,1.6461090003758727,0.13544300009016297,0.06211099980646395,0.0
pd,23:51:13.209,354,-40.003,-89.999,0.0,-90.239,0.003,-0.02,0.0,0.0,0.0,0.0,0.0,0.0,-40.003,-40.0,0.0,-90.239,0.003,-0.02,-40.003,-81.999,0.0,-90.239,0.003,-0.02,0.0,2082.573982125124,0.0,0.0,0.0,0.0,0.0,8.0,0.0,0.0,0.0,0.0,0.0137698,-0.0068849,-0.0275396,4.7987753,-0.0137698,-1.1773179,0.01231013430998,0.004438583638528,-0.006137728937652,-0.0029491758242370003,-0.000258699633705,0.00258699633705,49.998999999999995,1.6357389999939187,0.1432389999536099,0.06224000026122667,0.0
pd,23:51:13.211,355,-40.003,-89.999,0.0,-90.239,0.003,-0.02,0.0,0.0,0.0,0.0,0.0,0.0,-40.003,-40.0,0.0,-90.239,0.003,-0.02,-40.003,-81.999,0.0,-90.239,0.003,-0.02,0.0,2097.6764191047764,0.0,0.0,0.0,0.0,0.0,8.0,0.0,0.0,0.0,0.0,0.0137698,-0.0068849,-0.0275396,4.7987753,-0.0137698,-1.1773179,0.01231013430998,0.004438583638528,-0.006137728937652,-0.0029491758242370003,-0.000258699633705,0.00258699633705,49.998999999999995,1.6394609997405496,0.13933199988969136,0.058183999954053434,0.0
pd,23:51:13.213,356,-40.003,-89.999,0.0,-90.239,0.003,-0.02,0.0,0.0,0.0,0.0,0.0,0.0,-40.003,-40.0,0.0,-90.239,0.003,-0.02,-40.003,-81.999,0.0,-90.239,0.003,-0.02,0.0,2103.4623871614845,0.0,0.0,0.0,0.0,0.0,8.0,0.0,0.0,0.0,0.0,0.0137698,-0.0068849,-0.0275396,4.7987753,-0.0137698,-1.1773179,0.01231013430998,0.004438583638528,-0.006137728937652,-0.0029491758242370003,-0.000258699633705,0.00258699633705,49.998999999999995,1.7601270001250668,0.15320100010285387,0.06960999962757342,0.0
pd,23:51:13.215,357,-40.003,-89.999,0.0,-90.239,0.003,-0.02,0.0,0.0,0.0,0.0,0.0,0.0,-40.003,-40.0,0.0,-90.239,0.003,-0.02,-40.003,-81.999,0.0,-90.239,0.003,-0.02,0.0,1950.839069767442,0.0,0.0,0.0,0.0,0.0,8.0,0.0,0.0,0.0,0.0,0.0137698,-0.0068849,-0.0275396,4.7987753,-0.0137698,-1.1773179,0.01231013430998,0.004438583638528,-0.006137728937652,-0.0029491758242370003,-0.000258699633705,0.00258699633705,49.998999999999995,1.6568500000175845,0.18981300036102766,0.06325899994408246,0.0
pd,23:51:13.217,358,-40.003,-89.999,0.0,-90.239,0.003,-0.02,0.0,0.0,0.0,0.0,0.0,0.0,-40.003,-40.0,0.0,-90.239,0.003,-0.02,-40.003,-81.999,0.0,-90.239,0.003,-0.02,0.0,2024.0337797080467,0.0,0.0,0.0,0.0,0.0,8.0,0.0,0.0,0.0,0.0,0.0137698,-0.0068849,-0.0275396,4.7987753,-0.0137698,-1.1773179,0.01231013430998,0.004438583638528,-0.006137728937652,-0.0029491758242370003,-0.000258699633705,0.00258699633705,49.998999999999995,1.6198129997064825,0.12462799986678874,0.05392499997469713,0.0
pd,23:51:13.219,359,-40.003,-89.999,0.0,-90.239,0.003,-0.02,0.0,0.0,0.0,0.0,0.0,0.0,-40.003,-40.0,0.0,-90.239,0.003,-0.02,-40.003,-81.999,0.0,-90.239,0.003,-0.02,0.0,2153.409831857271,0.0,0.0,0.0,0.0,0.0,8.0,0.0,0.0,0.0,0.0,0.0137698,-0.0068849,-0.0275396,4.7987753,-0.0137698,-1.1773179,0.01231013430998,0.004438583638528,-0.006137728937652,-0.0029491758242370003,-0.000258699633705,0.00258699633705,49.998999999999995,1.8254030001116917,0.4256799998074712,0.10625799995978014,0.0
pd,23:51:13.221,360,-40.003,-89.999,0.0,-90.239,0.003,-0.02,0.0,0.0,0.0,0.0,0.0,0.0,-40.003,-40.0,0.0,-90.239,0.003,-0.02,-40.003,-81.999,0.0,-90.239,0.003,-0.02,0.0,1638.2400156234742,0.0,0.0,0.0,0.0,0.0,8.0,0.0,0.0,0.0,0.0,0.0137698,-0.0068849,-0.0275396,4.7987753,-0.0137698,-1.1773179,0.01231013430998,0.004438583638528,-0.006137728937652,-0.0029491758242370003,-0.000258699633705,0.00258699633705,49.998999999999995,1.6744599997764453,0.16235000020969892,0.06425899982787087,0.0
pd,23:51:13.224,361,-40.003,-89.999,0.0,-90.239,0.003,-0.02,0.0,0.0,0.0,0.0,0.0,0.0,-40.003,-40.0,0.0,-90.239,0.003,-0.02,-40.003,-81.999,0.0,-90.239,0.003,-0.02,0.0,1813.1650275586296,0.0,0.0,0.0,0.0,0.0,8.0,0.0,0.0,0.0,0.0,0.0137698,-0.0068849,-0.0275396,4.7987753,-0.0137698,-1.1773179,0.01231013430998,0.004438583638528,-0.006137728937652,-0.0029491758242370003,-0.000258699633705,0.00258699633705,49.998999999999995,1.980419000119582,0.20414499977050582,0.08286899992526742,0.0
pd,23:51:13.226,362,-40.003,-89.999,0.0,-90.239,0.003,-0.02,0.0,0.0,0.0,0.0,0.0,0.0,-40.003,-40.0,0.0,-90.239,0.003,-0.02,-40.003,-81.999,0.0,-90.239,0.003,-0.02,0.0,1699.4748784440842,0.0,0.0,0.0,0.0,0.0,8.0,0.0,0.0,0.0,0.0,0.0137698,-0.0068849,-0.0275396,4.7987753,-0.0137698,-1.1773179,0.01231013430998,0.004438583638528,-0.006137728937652,-0.0029491758242370003,-0.000258699633705,0.00258699633705,49.998999999999995,1.736533999974199,0.15583100002913852,0.06922100010342547,0.0
pd,23:51:13.228,363,-40.003,-89.999,0.0,-90.239,0.003,-0.02,0.0,0.0,0.0,0.0,0.0,0.0,-40.003,-40.0,0.0,-90.239,0.003,-0.02,-40.003,-81.999,0.0,-90.239,0.003,-0.02,0.0,1969.850416813432,0.0,0.0,0.0,0.0,0.0,8.0,0.0,0.0,0.0,0.0,0.0137698,-0.0068849,-0.0275396,4.7987753,-0.0137698,-1.1773179,0.01231013430998,0.004438583638528,-0.006137728937652,-0.0029491758242370003,-0.000258699633705,0.00258699633705,49.998999999999995,2.016252999965218,0.26497799990465865,0.12986899992029066,0.0
pd,23:51:13.230,364,-40.003,-89.999,0.0,-90.239,0.003,-0.02,0.0,0.0,0.0,0.0,0.0,0.0,-40.003,-40.0,0.0,-90.239,0.003,-0.02,-40.003,-81.999,0.0,-90.239,0.003,-0.02,0.0,1584.4004155255454,0.0,0.0,0.0,0.0,0.0,8.0,0.0,0.0,0.0,0.0,0.0137698,-0.0068849,-0.0275396,4.7987753,-0.0137698,-1.1773179,0.01231013430998,0.004438583638528,-0.006137728937652,-0.0029491758242370003,-0.000258699633705,0.00258699633705,49.998999999999995,2.0020299998577684,0.2735709999797109,0.11557200014067348,0.0
pd,23:51:13.233,365,-40.003,-89.999,0.0,-90.239,0.003,-0.02,0.0,0.0,0.0,0.0,0.0,0.0,-40.003,-40.0,0.0,-90.239,0.003,-0.02,-40.003,-81.999,0.0,-90.239,0.003,-0.02,0.0,1603.3272171253823,0.0,0.0,0.0,0.0,0.0,8.0,0.0,0.0,0.0,0.0,0.0137698,-0.0068849,-0.0275396,4.7987753,-0.0137698,-1.1773179,0.01231013430998,0.004438583638528,-0.006137728937652,-0.0029491758242370003,-0.000258699633705,0.00258699633705,49.998999999999995,1.881586999843421,0.17583099997864338,0.07703599976593978,0.0
pd,23:51:13.235,366,-40.003,-89.999,0.0,-90.239,0.003,-0.02,0.0,0.0,0.0,0.0,0.0,0.0,-40.003,-40.0,0.0,-90.239,0.003,-0.02,-40.003,-81.999,0.0,-90.239,0.003,-0.02,0.0,1807.8896551724138,0.0,0.0,0.0,0.0,0.0,8.0,0.0,0.0,0.0,0.0,0.0137698,-0.0068849,-0.0275396,4.7987753,-0.0137698,-1.1773179,0.01231013430998,0.004438583638528,-0.006137728937652,-0.0029491758242370003,-0.000258699633705,0.00258699633705,49.998999999999995,1.9779939998443297,0.24321900036738953,0.12057300000378746,0.0
pd,23:51:13.238,367,-40.003,-89.999,0.0,-90.239,0.003,-0.02,0.0,0.0,0.0,0.0,0.0,0.0,-40.003,-40.0,0.0,-90.239,0.003,-0.02,-40.003,-81.999,0.0,-90.239,0.003,-0.02,0.0,1628.8559223300972,0.0,0.0,0.0,0.0,0.0,8.0,0.0,0.0,0.0,0.0,0.0137698,-0.0068849,-0.0275396,4.7987753,-0.0137698,-1.1773179,0.01231013430998,0.004438583638528,-0.006137728937652,-0.0029491758242370003,-0.000258699633705,0.00258699633705,49.998999999999995,1.7622929999561165,0.2628119996188616,0.3376629997546843,0.0
pd,23:51:13.240,368,-40.003,-89.999,0.0,-90.239,0.003,-0.02,0.0,0.0,0.0,0.0,0.0,0.0,-40.003,-40.0,0.0,-90.239,0.003,-0.02,-40.003,-81.999,0.0,-90.239,0.003,-0.02,0.0,1543.7261685682738,0.0,0.0,0.0,0.0,0.0,8.0,0.0,0.0,0.0,0.0,0.0137698,-0.0068849,-0.0275396,4.7987753,-0.0137698,-1.1773179,0.01231013430998,0.004438583638528,-0.006137728937652,-0.0029491758242370003,-0.000258699633705,0.00258699633705,49.998999999999995,1.8315510001229995,0.21453399995152722,0.08238800000981428,0.0
pd,23:51:13.242,369,-40.003,-89.999,0.0,-90.239,0.003,-0.02,0.0,0.0,0.0,0.0,0.0,0.0,-40.003,-40.0,0.0,-90.239,0.003,-0.02,-40.003,-81.999,0.0,-90.239,0.003,-0.02,0.0,1812.5773552290407,0.0,0.0,0.0,0.0,0.0,8.0,0.0,0.0,0.0,0.0,0.0137698,-0.0068849,-0.0275396,4.7987753,-0.0137698,-1.1773179,0.01231013430998,0.004438583638528,-0.006137728937652,-0.0029491758242370003,-0.000258699633705,0.00258699633705,49.998999999999995,1.6347390001101303,0.13472000000547268,0.0566099997740821,0.0
pd,23:51:13.244,370,-40.003,-89.999,0.0,-90.239,0.003,-0.02,0.0,0.0,0.0,0.0,0.0,0.0,-40.003,-40.0,0.0,-90.239,0.003,-0.02,-40.003,-81.999,0.0,-90.239,0.003,-0.02,0.0,2118.3353535353535,0.0,0.0,0.0,0.0,0.0,8.0,0.0,0.0,0.0,0.0,0.0137698,-0.0068849,-0.0275396,4.7987753,-0.0137698,-1.1773179,0.01231013430998,0.004438583638528,-0.006137728937652,-0.0029491758242370003,-0.000258699633705,0.00258699633705,49.998999999999995,2.17012099983549,0.21405299958132673,0.10097999984282069,0.0
pd,23:51:13.247,371,-40.003,-89.999,0.0,-90.239,0.003,-0.02,0.0,0.0,0.0,0.0,0.0,0.0,-40.003,-40.0,0.0,-90.239,0.003,-0.02,-40.003,-81.999,0.0,-90.239,0.003,-0.02,0.0,1417.233992228417,0.0,0.0,0.0,0.0,0.0,8.0,0.0,0.0,0.0,0.0,0.0137698,-0.0068849,-0.0275396,4.7987753,-0.0137698,-1.1773179,0.01231013430998,0.004438583638528,-0.006137728937652,-0.0029491758242370003,-0.000258699633705,0.00258699633705,49.998999999999995,1.8771430000015243,0.2115530000992294,0.08520199980921461,0.0
pd,23:51:13.249,372,-40.003,-89.999,0.0,-90.239,0.003,-0.02,0.0,0.0,0.0,0.0,0.0,0.0,-40.003,-40.0,0.0,-90.239,0.003,-0.02,-40.003,-81.999,0.0,-90.239,0.003,-0.02,0.0,1768.256323777403,0.0,0.0,0.0,0.0,0.0,8.0,0.0,0.0,0.0,0.0,0.0137698,-0.0068849,-0.0275396,4.7987753,-0.0137698,-1.1773179,0.01231013430998,0.004438583638528,-0.006137728937652,-0.0029491758242370003,-0.000258699633705,0.00258699633705,49.998999999999995,1.6620159999547468,0.14696200014441274,0.061498999912146246,0.0
pd,23:51:13.251,373,-40.003,-89.999,0.0,-90.239,0.003,-0.02,0.0,0.0,0.0,0.0,0.0,0.0,-40.003,-40.0,0.0,-90.239,0.003,-0.02,-40.003,-81.999,0.0,-90.239,0.003,-0.02,0.0,2064.888123076923,0.0,0.0,0.0,0.0,0.0,8.0,0.0,0.0,0.0,0.0,0.0137698,-0.0068849,-0.0275396,4.7987753,-0.0137698,-1.1773179,0.01231013430998,0.004438583638528,-0.006137728937652,-0.0029491758242370003,-0.000258699633705,0.00258699633705,49.998999999999995,1.7473670000072161,0.16210900002988637,0.07207299995570793,0.0
pd,23:51:13.253,374,-40.003,-89.999,0.0,-90.239,0.003,-0.02,0.0,0.0,0.0,0.0,0.0,0.0,-40.003,-40.0,0.0,-90.239,0.003,-0.02,-40.003,-81.999,0.0,-90.239,0.003,-0.02,0.0,1946.9903678774515,0.0,0.0,0.0,0.0,0.0,8.0,0.0,0.0,0.0,0.0,0.0137698,-0.0068849,-0.0275396,4.7987753,-0.0137698,-1.1773179,0.01231013430998,0.004438583638528,-0.006137728937652,-0.0029491758242370003,-0.000258699633705,0.00258699633705,49.998999999999995,1.7807550002544303,0.16357200001948513,0.07449999975506216,0.0
pd,23:51:13.255,375,-40.003,-89.999,0.0,-90.239,0.003,-0.02,0.0,0.0,0.0,0.0,0.0,0.0,-40.003,-40.0,0.0,-90.239,0.003,-0.02,-40.003,-81.999,0.0,-90.239,0.003,-0.02,0.0,1910.8446469248292,0.0,0.0,0.0,0.0,0.0,8.0,0.0,0.0,0.0,0.0,0.0137698,-0.0068849,-0.0275396,4.7987753,-0.0137698,-1.1773179,0.01231013430998,0.004438583638528,-0.006137728937652,-0.0029491758242370003,-0.000258699633705,0.00258699633705,49.998999999999995,1.6739229999984673,0.13870200018573087,0.0604070000918,0.0
pd,23:51:13.257,376,-40.003,-89.999,0.0,-90.239,0.003,-0.02,0.0,0.0,0.0,0.0,0.0,0.0,-40.003,-40.0,0.0,-90.239,0.003,-0.02,-40.003,-81.999,0.0,-90.239,0.003,-0.02,0.0,2063.6182041820416,0.0,0.0,0.0,0.0,0.0,8.0,0.0,0.0,0.0,0.0,0.0137698,-0.0068849,-0.0275396,4.7987753,-0.0137698,-1.1773179,0.01231013430998,0.004438583638528,-0.006137728937652,-0.0029491758242370003,-0.000258699633705,0.00258699633705,49.998999999999995,1.615572999980941,0.13249799985715072,0.06292599982771208,0.0
pd,23:51:13.259,377,-40.003,-89.999,0.0,-90.239,0.003,-0.02,0.0,0.0,0.0,0.0,0.0,0.0,-40.003,-40.0,0.0,-90.239,0.003,-0.02,-40.003,-81.999,0.0,-90.239,0.003,-0.02,0.0,2132.3355363497712,0.0,0.0,0.0,0.0,0.0,8.0,0.0,0.0,0.0,0.0,0.0137698,-0.0068849,-0.0275396,4.7987753,-0.0137698,-1.1773179,0.01231013430998,0.004438583638528,-0.006137728937652,-0.0029491758242370003,-0.000258699633705,0.00258699633705,49.998999999999995,1.8267739997099852,0.17118300002039177,0.07636899999852176,0.0
pd,23:51:13.261,378,-40.003,-89.999,0.0,-90.239,0.003,-0.02,0.0,0.0,0.0,0.0,0.0,0.0,-40.003,-40.0,0.0,-90.239,0.003,-0.02,-40.003,-81.999,0.0,-90.239,0.003,-0.02,0.0,1861.4463552646178,0.0,0.0,0.0,0.0,0.0,8.0,0.0,0.0,0.0,0.0,0.0137698,-0.0068849,-0.0275396,4.7987753,-0.0137698,-1.1773179,0.01231013430998,0.004438583638528,-0.006137728937652,-0.0029491758242370003,-0.000258699633705,0.00258699633705,49.998999999999995,1.7006449998007156,0.178905000211671,0.08701800015842309,0.0
pd,23:51:13.263,379,-40.003,-89.999,0.0,-90.239,0.003,-0.02,0.0,0.0,0.0,0.0,0.0,0.0,-40.003,-40.0,0.0,-90.239,0.003,-0.02,-40.003,-81.999,0.0,-90.239,0.003,-0.02,0.0,1954.475302889096,0.0,0.0,0.0,0.0,0.0,8.0,0.0,0.0,0.0,0.0,0.0137698,-0.0068849,-0.0275396,4.7987753,-0.0137698,-1.1773179,0.01231013430998,0.004438583638528,-0.006137728937652,-0.0029491758242370003,-0.000258699633705,0.00258699633705,49.998999999999995,1.8984949997502554,0.1770529997884296,0.083442999766703,0.0
pd,23:51:13.266,380,-40.003,-89.999,0.0,-90.239,0.003,-0.02,0.0,0.0,0.0,0.0,0.0,0.0,-40.003,-40.0,0.0,-90.239,0.003,-0.02,-40.003,-81.999,0.0,-90.239,0.003,-0.02,0.0,1754.938912133891,0.0,0.0,0.0,0.0,0.0,8.0,0.0,0.0,0.0,0.0,0.0137698,-0.0068849,-0.0275396,4.7987753,-0.0137698,-1.1773179,0.01231013430998,0.004438583638528,-0.006137728937652,-0.0029491758242370003,-0.000258699633705,0.00258699633705,49.998999999999995,1.696405000075174,0.14449799982685363,0.06262900024012197,0.0
pd,23:51:13.268,381,-40.003,-89.999,0.0,-90.239,0.003,-0.02,0.0,0.0,0.0,0.0,0.0,0.0,-40.003,-40.0,0.0,-90.239,0.003,-0.02,-40.003,-81.999,0.0,-90.239,0.003,-0.02,0.0,1799.5512174192856,0.0,0.0,0.0,0.0,0.0,8.0,0.0,0.0,0.0,0.0,0.0137698,-0.0068849,-0.0275396,4.7987753,-0.0137698,-1.1773179,0.01231013430998,0.004438583638528,-0.006137728937652,-0.0029491758242370003,-0.000258699633705,0.00258699633705,49.998999999999995,1.805441000215069,0.19675699968502158,0.07707300028414465,0.0
pd,23:51:13.270,382,-40.003,-89.999,0.0,-90.239,0.003,-0.02,0.0,0.0,0.0,0.0,0.0,0.0,-40.003,-40.0,0.0,-90.239,0.003,-0.02,-40.003,-81.999,0.0,-90.239,0.003,-0.02,0.0,1851.1768730001104,0.0,0.0,0.0,0.0,0.0,8.0,0.0,0.0,0.0,0.0,0.0137698,-0.0068849,-0.0275396,4.7987753,-0.0137698,-1.1773179,0.01231013430998,0.004438583638528,-0.006137728937652,-0.0029491758242370003,-0.000258699633705,0.00258699633705,49.998999999999995,1.897568999993382,0.19068299980062875,0.0913499998205225,0.0
pd,23:51:13.272,383,-40.003,-89.999,0.0,-90.239,0.003,-0.02,0.0,0.0,0.0,0.0,0.0,0.0,-40.003,-40.0,0.0,-90.239,0.003,-0.02,-40.003,-81.999,0.0,-90.239,0.003,-0.02,0.0,1767.8836670179137,0.0,0.0,0.0,0.0,0.0,8.0,0.0,0.0,0.0,0.0,0.0137698,-0.0068849,-0.0275396,4.7987753,-0.0137698,-1.1773179,0.01231013430998,0.004438583638528,-0.006137728937652,-0.0029491758242370003,-0.000258699633705,0.00258699633705,49.998999999999995,1.7872369999167859,0.1567760000398266,0.07070300034683896,0.0
pd,23:51:13.274,384,-40.003,-89.999,0.0,-90.239,0.003,-0.02,0.0,0.0,0.0,0.0,0.0,0.0,-40.003,-40.0,0.0,-90.239,0.003,-0.02,-40.003,-81.999,0.0,-90.239,0.003,-0.02,0.0,1919.150766415008,0.0,0.0,0.0,0.0,0.0,8.0,0.0,0.0,0.0,0.0,0.0137698,-0.0068849,-0.0275396,4.7987753,-0.0137698,-1.1773179,0.01231013430998,0.004438583638528,-0.006137728937652,-0.0029491758242370003,-0.000258699633705,0.00258699633705,49.998999999999995,1.7933849999280937,0.1640899999983958,0.07424000023092958,0.0
pd,23:51:13.277,385,-40.003,-89.999,0.0,-90.239,0.003,-0.02,0.0,0.0,0.0,0.0,0.0,0.0,-40.003,-40.0,0.0,-90.239,0.003,-0.02,-40.003,-81.999,0.0,-90.239,0.003,-0.02,0.0,1902.3943757795669,0.0,0.0,0.0,0.0,0.0,8.0,0.0,0.0,0.0,0.0,0.0137698,-0.0068849,-0.0275396,4.7987753,-0.0137698,-1.1773179,0.01231013430998,0.004438583638528,-0.006137728937652,-0.0029491758242370003,-0.000258699633705,0.00258699633705,49.998999999999995,1.822403000005579,0.1700530001471634,0.07448099995599478,0.0
pd,23:51:13.279,386,-40.003,-89.999,0.0,-90.239,0.003,-0.02,0.0,0.0,0.0,0.0,0.0,0.0,-40.003,-40.0,0.0,-90.239,0.003,-0.02,-40.003,-81.999,0.0,-90.239,0.003,-0.02,0.0,1870.5782138476977,0.0,0.0,0.0,0.0,0.0,8.0,0.0,0.0,0.0,0.0,0.0137698,-0.0068849,-0.0275396,4.7987753,-0.0137698,-1.1773179,0.01231013430998,0.004438583638528,-0.006137728937652,-0.0029491758242370003,-0.000258699633705,0.00258699633705,49.998999999999995,1.8106999996234663,0.2224599998044141,0.08703599996806588,0.0
pd,23:51:13.281,387,-40.003,-89.999,0.0,-90.239,0.003,-0.02,0.0,0.0,0.0,0.0,0.0,0.0,-40.003,-40.0,0.0,-90.239,0.003,-0.02,-40.003,-81.999,0.0,-90.239,0.003,-0.02,0.0,1819.8520446903135,0.0,0.0,0.0,0.0,0.0,8.0,0.0,0.0,0.0,0.0,0.0137698,-0.0068849,-0.0275396,4.7987753,-0.0137698,-1.1773179,0.01231013430998,0.004438583638528,-0.006137728937652,-0.0029491758242370003,-0.000258699633705,0.00258699633705,49.998999999999995,1.6867940003066906,0.1407390000167652,0.058832999911828665,0.0
pd,23:51:13.283,388,-40.003,-89.999,0.0,-90.239,0.003,-0.02,0.0,0.0,0.0,0.0,0.0,0.0,-40.003,-40.0,0.0,-90.239,0.003,-0.02,-40.003,-81.999,0.0,-90.239,0.003,-0.02,0.0,2049.7514966401955,0.0,0.0,0.0,0.0,0.0,8.0,0.0,0.0,0.0,0.0,0.0137698,-0.0068849,-0.0275396,4.7987753,-0.0137698,-1.1773179,0.01231013430998,0.004438583638528,-0.006137728937652,-0.0029491758242370003,-0.000258699633705,0.00258699633705,49.998999999999995,1.6542570001547574,0.15549899990219274,0.0592400001551141,0.0
pd,23:51:13.285,389,-40.003,-89.999,0.0,-90.239,0.003,-0.02,0.0,0.0,0.0,0.0,0.0,0.0,-40.003,-40.0,0.0,-90.239,0.003,-0.02,-40.003,-81.999,0.0,-90.239,0.003,-0.02,0.0,2069.9834669956817,0.0,0.0,0.0,0.0,0.0,8.0,0.0,0.0,0.0,0.0,0.0137698,-0.0068849,-0.0275396,4.7987753,-0.0137698,-1.1773179,0.01231013430998,0.004438583638528,-0.006137728937652,-0.0029491758242370003,-0.000258699633705,0.00258699633705,49.998999999999995,1.8225139997412043,0.15336800015575136,0.060555000345630106,0.0
pd,23:51:13.287,390,-40.003,-89.999,0.0,-90.239,0.003,-0.02,0.0,0.0,0.0,0.0,0.0,0.0,-40.003,-40.0,0.0,-90.239,0.003,-0.02,-40.003,-81.999,0.0,-90.239,0.003,-0.02,0.0,1900.0244620611552,0.0,0.0,0.0,0.0,0.0,8.0,0.0,0.0,0.0,0.0,0.0137698,-0.0068849,-0.0275396,4.7987753,-0.0137698,-1.1773179,0.01231013430998,0.004438583638528,-0.006137728937652,-0.0029491758242370003,-0.000258699633705,0.00258699633705,49.998999999999995,1.672757000051206,0.14507200012303656,0.06177700015541632,0.0
pd,23:51:13.289,391,-40.003,-89.999,0.0,-90.239,0.003,-0.02,0.0,0.0,0.0,0.0,0.0,0.0,-40.003,-40.0,0.0,-90.239,0.003,-0.02,-40.003,-81.999,0.0,-90.239,0.003,-0.02,0.0,1798.201071811361,0.0,0.0,0.0,0.0,0.0,8.0,0.0,0.0,0.0,0.0,0.0137698,-0.0068849,-0.0275396,4.7987753,-0.0137698,-1.1773179,0.01231013430998,0.004438583638528,-0.006137728937652,-0.0029491758242370003,-0.000258699633705,0.00258699633705,49.998999999999995,1.7749959997672704,0.19094199979008408,0.06488799999715411,0.0
pd,23:51:13.291,392,-40.003,-89.999,0.0,-90.239,0.003,-0.02,0.0,0.0,0.0,0.0,0.0,0.0,-40.003,-40.0,0.0,-90.239,0.003,-0.02,-40.003,-81.999,0.0,-90.239,0.003,-0.02,0.0,1896.8022611644997,0.0,0.0,0.0,0.0,0.0,8.0,0.0,0.0,0.0,0.0,0.0137698,-0.0068849,-0.0275396,4.7987753,-0.0137698,-1.1773179,0.01231013430998,0.004438583638528,-0.006137728937652,-0.0029491758242370003,-0.000258699633705,0.00258699633705,49.998999999999995,1.6717389999030274,0.14653600010205992,0.06251700006032479,0.0
pd,23:51:13.293,393,-40.003,-89.999,0.0,-90.239,0.003,-0.02,0.0,0.0,0.0,0.0,0.0,0.0,-40.003,-40.0,0.0,-90.239,0.003,-0.02,-40.003,-81.999,0.0,-90.239,0.003,-0.02,0.0,2050.7536975919816,0.0,0.0,0.0,0.0,0.0,8.0,0.0,0.0,0.0,0.0,0.0137698,-0.0068849,-0.0275396,4.7987753,-0.0137698,-1.1773179,0.01231013430998,0.004438583638528,-0.006137728937652,-0.0029491758242370003,-0.000258699633705,0.00258699633705,49.998999999999995,1.6215349996855366,0.330384999870148,0.08146199979819357,0.0
pd,23:51:13.295,394,-40.003,-89.999,0.0,-90.239,0.003,-0.02,0.0,0.0,0.0,0.0,0.0,0.0,-40.003,-40.0,0.0,-90.239,0.003,-0.02,-40.003,-81.999,0.0,-90.239,0.003,-0.02,0.0,1898.7342688999547,0.0,0.0,0.0,0.0,0.0,8.0,0.0,0.0,0.0,0.0,0.0137698,-0.0068849,-0.0275396,4.7987753,-0.0137698,-1.1773179,0.01231013430998,0.004438583638528,-0.006137728937652,-0.0029491758242370003,-0.000258699633705,0.00258699633705,49.998999999999995,1.970623000033811,0.19662699969558162,0.09286999966207077,0.0
pd,23:51:13.298,395,-40.003,-89.999,0.0,-90.239,0.003,-0.02,0.0,0.0,0.0,0.0,0.0,0.0,-40.003,-40.0,0.0,-90.239,0.003,-0.02,-40.003,-81.999,0.0,-90.239,0.003,-0.02,0.0,1707.430897618563,0.0,0.0,0.0,0.0,0.0,8.0,0.0,0.0,0.0,0.0,0.0137698,-0.0068849,-0.0275396,4.7987753,-0.0137698,-1.1773179,0.01231013430998,0.004438583638528,-0.006137728937652,-0.0029491758242370003,-0.000258699633705,0.00258699633705,49.998999999999995,1.705460000266612,0.1447760000701237,0.06359200006045285,0.0
pd,23:51:13.300,396,-40.003,-89.999,0.0,-90.239,0.003,-0.02,0.0,0.0,0.0,0.0,0.0,0.0,-40.003,-40.0,0.0,-90.239,0.003,-0.02,-40.003,-81.999,0.0,-90.239,0.003,-0.02,0.0,2019.161872668191,0.0,0.0,0.0,0.0,0.0,8.0,0.0,0.0,0.0,0.0,0.0137698,-0.0068849,-0.0275396,4.7987753,-0.0137698,-1.1773179,0.01231013430998,0.004438583638528,-0.006137728937652,-0.0029491758242370003,-0.000258699633705,0.00258699633705,49.998999999999995,1.9109390000267013,0.17185000024255714,0.07744300000922522,0.0
pd,23:51:13.302,397,-40.003,-89.999,0.0,-90.239,0.003,-0.02,0.0,0.0,0.0,0.0,0.0,0.0,-40.003,-40.0,0.0,-90.239,0.003,-0.02,-40.003,-81.999,0.0,-90.239,0.003,-0.02,0.0,1789.9515630001067,0.0,0.0,0.0,0.0,0.0,8.0,0.0,0.0,0.0,0.0,0.0137698,-0.0068849,-0.0275396,4.7987753,-0.0137698,-1.1773179,0.01231013430998,0.004438583638528,-0.006137728937652,-0.0029491758242370003,-0.000258699633705,0.00258699633705,49.998999999999995,1.7200899997078523,0.1492569999754778,0.06533199984914972,0.0
pd,23:51:13.304,398,-40.003,-89.999,0.0,-90.239,0.003,-0.02,0.0,0.0,0.0,0.0,0.0,0.0,-40.003,-40.0,0.0,-90.239,0.003,-0.02,-40.003,-81.999,0.0,-90.239,0.003,-0.02,0.0,1995.8620033309542,0.0,0.0,0.0,0.0,0.0,8.0,0.0,0.0,0.0,0.0,0.0137698,-0.0068849,-0.0275396,4.7987753,-0.0137698,-1.1773179,0.01231013430998,0.004438583638528,-0.006137728937652,-0.0029491758242370003,-0.000258699633705,0.00258699633705,49.998999999999995,1.870717999736371,0.16179400017790613,0.07659099992451956,0.0
pd,23:51:13.306,399,-40.003,-89.999,0.0,-90.239,0.003,-0.02,0.0,0.0,0.0,0.0,0.0,0.0,-40.003,-40.0,0.0,-90.239,0.003,-0.02,-40.003,-81.999,0.0,-90.239,0.003,-0.02,0.0,1831.9737934046734,0.0,0.0,0.0,0.0,0.0,8.0,0.0,0.0,0.0,0.0,0.0137698,-0.0068849,-0.0275396,4.7987753,-0.0137698,-1.1773179,0.01231013430998,0.004438583638528,-0.006137728937652,-0.0029491758242370003,-0.000258699633705,0.00258699633705,49.998999999999995,1.6800160001366748,0.13318399987838347,0.05805499995403807,0.0
pd,23:51:13.308,400,-40.003,-89.999,0.0,-90.239,0.003,-0.02,0.0,0.0,0.0,0.0,0.0,0.0,-40.003,-40.0,0.0,-90.239,0.003,-0.02,-40.003,-81.999,0.0,-90.239,0.003,-0.02,0.0,2066.923247505236,0.0,0.0,0.0,0.0,0.0,8.0,0.0,0.0,0.0,0.0,0.0137698,-0.0068849,-0.0275396,4.7987753,-0.0137698,-1.1773179,0.01231013430998,0.004438583638528,-0.006137728937652,-0.0029491758242370003,-0.000258699633705,0.00258699633705,49.998999999999995,1.6982560000542435,0.18620099990585004,0.06286999996518716,0.0
pd,23:51:13.310,401,-40.003,-89.999,0.0,-90.239,0.003,-0.02,0.0,0.0,0.0,0.0,0.0,0.0,-40.003,-40.0,0.0,-90.239,0.003,-0.02,-40.003,-81.999,0.0,-90.239,0.003,-0.02,0.0,1761.572448551029,0.0,0.0,0.0,0.0,0.0,8.0,0.0,0.0,0.0,0.0,0.0137698,-0.0068849,-0.0275396,4.7987753,-0.0137698,-1.1773179,0.01231013430998,0.004438583638528,-0.006137728937652,-0.0029491758242370003,-0.000258699633705,0.00258699633705,49.998999999999995,1.7386640001859632,0.18268300027557416,0.06596200000785757,0.0
pd,23:51:13.312,402,-40.003,-89.999,0.0,-90.239,0.003,-0.02,0.0,0.0,0.0,0.0,0.0,0.0,-40.003,-40.0,0.0,-90.239,0.003,-0.02,-40.003,-81.999,0.0,-90.239,0.003,-0.02,0.0,1928.194000689576,0.0,0.0,0.0,0.0,0.0,8.0,0.0,0.0,0.0,0.0,0.0137698,-0.0068849,-0.0275396,4.7987753,-0.0137698,-1.1773179,0.01231013430998,0.004438583638528,-0.006137728937652,-0.0029491758242370003,-0.000258699633705,0.00258699633705,49.998999999999995,1.7037749998962681,0.13870199973098352,0.058443999932933366,0.0
pd,23:51:13.314,403,-40.003,-89.999,0.0,-90.239,0.003,-0.02,0.0,0.0,0.0,0.0,0.0,0.0,-40.003,-40.0,0.0,-90.239,0.003,-0.02,-40.003,-81.999,0.0,-90.239,0.003,-0.02,0.0,2035.5758311089542,0.0,0.0,0.0,0.0,0.0,8.0,0.0,0.0,0.0,0.0,0.0137698,-0.0068849,-0.0275396,4.7987753,-0.0137698,-1.1773179,0.01231013430998,0.004438583638528,-0.006137728937652,-0.0029491758242370003,-0.000258699633705,0.00258699633705,49.998999999999995,1.8258480004078592,0.15483099969060277,0.07092499981808942,0.0
pd,23:51:13.316,404,-40.003,-89.999,0.0,-90.239,0.003,-0.02,0.0,0.0,0.0,0.0,0.0,0.0,-40.003,-40.0,0.0,-90.239,0.003,-0.02,-40.003,-81.999,0.0,-90.239,0.003,-0.02,0.0,1887.837965567683,0.0,0.0,0.0,0.0,0.0,8.0,0.0,0.0,0.0,0.0,0.0137698,-0.0068849,-0.0275396,4.7987753,-0.0137698,-1.1773179,0.01231013430998,0.004438583638528,-0.006137728937652,-0.0029491758242370003,-0.000258699633705,0.00258699633705,49.998999999999995,1.7096080000555958,0.1450159998057643,0.06285100016611977,0.0
pd,23:51:13.318,405,-40.003,-89.999,0.0,-90.239,0.003,-0.02,0.0,0.0,0.0,0.0,0.0,0.0,-40.003,-40.0,0.0,-90.239,0.003,-0.02,-40.003,-81.999,0.0,-90.239,0.003,-0.02,0.0,2015.2812012012012,0.0,0.0,0.0,0.0,0.0,8.0,0.0,0.0,0.0,0.0,0.0137698,-0.0068849,-0.0275396,4.7987753,-0.0137698,-1.1773179,0.01231013430998,0.004438583638528,-0.006137728937652,-0.0029491758242370003,-0.000258699633705,0.00258699633705,49.998999999999995,1.7830520000643446,0.16475700022056117,0.07433200016748742,0.0
pd,23:51:13.320,406,-40.003,-89.999,0.0,-90.239,0.003,-0.02,0.0,0.0,0.0,0.0,0.0,0.0,-40.003,-40.0,0.0,-90.239,0.003,-0.02,-40.003,-81.999,0.0,-90.239,0.003,-0.02,0.0,1906.9352125483065,0.0,0.0,0.0,0.0,0.0,8.0,0.0,0.0,0.0,0.0,0.0137698,-0.0068849,-0.0275396,4.7987753,-0.0137698,-1.1773179,0.01231013430998,0.004438583638528,-0.006137728937652,-0.0029491758242370003,-0.000258699633705,0.00258699633705,49.998999999999995,1.9502159998410207,0.19096100004389882,0.09238800021194038,0.0
pd,23:51:13.323,407,-40.003,-89.999,0.0,-90.239,0.003,-0.02,0.0,0.0,0.0,0.0,0.0,0.0,-40.003,-40.0,0.0,-90.239,0.003,-0.02,-40.003,-81.999,0.0,-90.239,0.003,-0.02,0.0,1726.4062564313645,0.0,0.0,0.0,0.0,0.0,8.0,0.0,0.0,0.0,0.0,0.0137698,-0.0068849,-0.0275396,4.7987753,-0.0137698,-1.1773179,0.01231013430998,0.004438583638528,-0.006137728937652,-0.0029491758242370003,-0.000258699633705,0.00258699633705,49.998999999999995,1.650054000037926,0.1988859999073611,0.06849900000815978,0.0
pd,23:51:13.325,408,-40.003,-89.999,0.0,-90.239,0.003,-0.02,0.0,0.0,0.0,0.0,0.0,0.0,-40.003,-40.0,0.0,-90.239,0.003,-0.02,-40.003,-81.999,0.0,-90.239,0.003,-0.02,0.0,2012.3804725920595,0.0,0.0,0.0,0.0,0.0,8.0,0.0,0.0,0.0,0.0,0.0137698,-0.0068849,-0.0275396,4.7987753,-0.0137698,-1.1773179,0.01231013430998,0.004438583638528,-0.006137728937652,-0.0029491758242370003,-0.000258699633705,0.00258699633705,49.998999999999995,1.849884000421298,0.16966399971352075,0.07659199991394416,0.0
pd,23:51:13.327,409,-40.003,-89.999,0.0,-90.239,0.003,-0.02,0.0,0.0,0.0,0.0,0.0,0.0,-40.003,-40.0,0.0,-90.239,0.003,-0.02,-40.003,-81.999,0.0,-90.239,0.003,-0.02,0.0,1843.0425134571021,0.0,0.0,0.0,0.0,0.0,8.0,0.0,0.0,0.0,0.0,0.0137698,-0.0068849,-0.0275396,4.7987753,-0.0137698,-1.1773179,0.01231013430998,0.004438583638528,-0.006137728937652,-0.0029491758242370003,-0.000258699633705,0.00258699633705,49.998999999999995,1.8982169999617327,0.16792399992482387,0.0772399998822948,0.0
pd,23:51:13.329,410,-40.003,-89.999,0.0,-90.239,0.003,-0.02,0.0,0.0,0.0,0.0,0.0,0.0,-40.003,-40.0,0.0,-90.239,0.003,-0.02,-40.003,-81.999,0.0,-90.239,0.003,-0.02,0.0,1800.7100998175379,0.0,0.0,0.0,0.0,0.0,8.0,0.0,0.0,0.0,0.0,0.0137698,-0.0068849,-0.0275396,4.7987753,-0.0137698,-1.1773179,0.01231013430998,0.004438583638528,-0.006137728937652,-0.0029491758242370003,-0.000258699633705,0.00258699633705,49.998999999999995,1.6862200000105076,0.14092399987930548,0.05681400034518447,0.0
pd,23:51:13.331,411,-40.003,-89.999,0.0,-90.239,0.003,-0.02,0.0,0.0,0.0,0.0,0.0,0.0,-40.003,-40.0,0.0,-90.239,0.003,-0.02,-40.003,-81.999,0.0,-90.239,0.003,-0.02,0.0,1802.4512247529008,0.0,0.0,0.0,0.0,0.0,8.0,0.0,0.0,0.0,0.0,0.0137698,-0.0068849,-0.0275396,4.7987753,-0.0137698,-1.1773179,0.01231013430998,0.004438583638528,-0.006137728937652,-0.0029491758242370003,-0.000258699633705,0.00258699633705,49.998999999999995,1.7750699998941855,0.20377600003484986,0.08122100007312838,0.0
pd,23:51:13.334,412,-40.003,-89.999,0.0,-90.239,0.003,-0.02,0.0,0.0,0.0,0.0,0.0,0.0,-40.003,-40.0,0.0,-90.239,0.003,-0.02,-40.003,-81.999,0.0,-90.239,0.003,-0.02,0.0,1866.0011122233345,0.0,0.0,0.0,0.0,0.0,8.0,0.0,0.0,0.0,0.0,0.0137698,-0.0068849,-0.0275396,4.7987753,-0.0137698,-1.1773179,0.01231013430998,0.004438583638528,-0.006137728937652,-0.0029491758242370003,-0.000258699633705,0.00258699633705,49.998999999999995,1.6402199998992728,0.3289030000814819,0.09323899985247408,0.0
pd,23:51:13.336,413,-40.003,-89.999,0.0,-90.239,0.003,-0.02,0.0,0.0,0.0,0.0,0.0,0.0,-40.003,-40.0,0.0,-90.239,0.003,-0.02,-40.003,-81.999,0.0,-90.239,0.003,-0.02,0.0,1862.4795737122558,0.0,0.0,0.0,0.0,0.0,8.0,0.0,0.0,0.0,0.0,0.0137698,-0.0068849,-0.0275396,4.7987753,-0.0137698,-1.1773179,0.01231013430998,0.004438583638528,-0.006137728937652,-0.0029491758242370003,-0.000258699633705,0.00258699633705,49.998999999999995,1.9400130004214589,0.19679400020322646,0.09109199982049176,0.0
pd,23:51:13.338,414,-40.003,-89.999,0.0,-90.239,0.003,-0.02,0.0,0.0,0.0,0.0,0.0,0.0,-40.003,-40.0,0.0,-90.239,0.003,-0.02,-40.003,-81.999,0.0,-90.239,0.003,-0.02,0.0,1728.5406964764063,0.0,0.0,0.0,0.0,0.0,8.0,0.0,0.0,0.0,0.0,0.0137698,-0.0068849,-0.0275396,4.7987753,-0.0137698,-1.1773179,0.01231013430998,0.004438583638528,-0.006137728937652,-0.0029491758242370003,-0.000258699633705,0.00258699633705,49.998999999999995,1.6546830001971102,0.14723899994351086,0.06396200024028076,0.0
pd,23:51:13.340,415,-40.003,-89.999,0.0,-90.239,0.003,-0.02,0.0,0.0,0.0,0.0,0.0,0.0,-40.003,-40.0,0.0,-90.239,0.003,-0.02,-40.003,-81.999,0.0,-90.239,0.003,-0.02,0.0,2069.9834669956817,0.0,0.0,0.0,0.0,0.0,8.0,0.0,0.0,0.0,0.0,0.0137698,-0.0068849,-0.0275396,4.7987753,-0.0137698,-1.1773179,0.01231013430998,0.004438583638528,-0.006137728937652,-0.0029491758242370003,-0.000258699633705,0.00258699633705,49.998999999999995,1.8400879998807795,0.17060899972420884,0.08220199970310205,0.0
pd,23:51:13.342,416,-40.003,-89.999,0.0,-90.239,0.003,-0.02,0.0,0.0,0.0,0.0,0.0,0.0,-40.003,-40.0,0.0,-90.239,0.003,-0.02,-40.003,-81.999,0.0,-90.239,0.003,-0.02,0.0,1845.069394039371,0.0,0.0,0.0,0.0,0.0,8.0,0.0,0.0,0.0,0.0,0.0137698,-0.0068849,-0.0275396,4.7987753,-0.0137698,-1.1773179,0.01231013430998,0.004438583638528,-0.006137728937652,-0.0029491758242370003,-0.000258699633705,0.00258699633705,49.998999999999995,1.6766089997872768,0.14181300002746866,0.08803599985185429,0.0
pd,23:51:13.344,417,-40.003,-89.999,0.0,-90.239,0.003,-0.02,0.0,0.0,0.0,0.0,0.0,0.0,-40.003,-40.0,0.0,-90.239,0.003,-0.02,-40.003,-81.999,0.0,-90.239,0.003,-0.02,0.0,2030.1568247821879,0.0,0.0,0.0,0.0,0.0,8.0,0.0,0.0,0.0,0.0,0.0137698,-0.0068849,-0.0275396,4.7987753,-0.0137698,-1.1773179,0.01231013430998,0.004438583638528,-0.006137728937652,-0.0029491758242370003,-0.000258699633705,0.00258699633705,49.998999999999995,1.8324770003346202,0.16688699997757794,0.07666500005143462,0.0
pd,23:51:13.346,418,-40.003,-89.999,0.0,-90.239,0.003,-0.02,0.0,0.0,0.0,0.0,0.0,0.0,-40.003,-40.0,0.0,-90.239,0.003,-0.02,-40.003,-81.999,0.0,-90.239,0.003,-0.02,0.0,1858.3535666814355,0.0,0.0,0.0,0.0,0.0,8.0,0.0,0.0,0.0,0.0,0.0137698,-0.0068849,-0.0275396,4.7987753,-0.0137698,-1.1773179,0.01231013430998,0.004438583638528,-0.006137728937652,-0.0029491758242370003,-0.000258699633705,0.00258699633705,49.998999999999995,1.9303089998174983,0.18336800030738232,0.08807299991531181,0.0
pd,23:51:13.349,419,-40.003,-89.999,0.0,-90.239,0.003,-0.02,0.0,0.0,0.0,0.0,0.0,0.0,-40.003,-40.0,0.0,-90.239,0.003,-0.02,-40.003,-81.999,0.0,-90.239,0.003,-0.02,0.0,1754.2049351735675,0.0,0.0,0.0,0.0,0.0,8.0,0.0,0.0,0.0,0.0,0.0137698,-0.0068849,-0.0275396,4.7987753,-0.0137698,-1.1773179,0.01231013430998,0.004438583638528,-0.006137728937652,-0.0029491758242370003,-0.000258699633705,0.00258699633705,49.998999999999995,1.7712919998302823,0.15703500002928195,0.07031399991319631,0.0
pd,23:51:13.351,420,-40.003,-89.999,0.0,-90.239,0.003,-0.02,0.0,0.0,0.0,0.0,0.0,0.0,-40.003,-40.0,0.0,-90.239,0.003,-0.02,-40.003,-81.999,0.0,-90.239,0.003,-0.02,0.0,1932.8589861751152,0.0,0.0,0.0,0.0,0.0,8.0,0.0,0.0,0.0,0.0,0.0137698,-0.0068849,-0.0275396,4.7987753,-0.0137698,-1.1773179,0.01231013430998,0.004438583638528,-0.006137728937652,-0.0029491758242370003,-0.000258699633705,0.00258699633705,49.998999999999995,1.6820159999042517,0.1612209998711478,0.07509099987146328,0.0
pd,23:51:13.353,421,-40.003,-89.999,0.0,-90.239,0.003,-0.02,0.0,0.0,0.0,0.0,0.0,0.0,-40.003,-40.0,0.0,-90.239,0.003,-0.02,-40.003,-81.999,0.0,-90.239,0.003,-0.02,0.0,1694.8394787352258,0.0,0.0,0.0,0.0,0.0,8.0,0.0,0.0,0.0,0.0,0.0137698,-0.0068849,-0.0275396,4.7987753,-0.0137698,-1.1773179,0.01231013430998,0.004438583638528,-0.006137728937652,-0.0029491758242370003,-0.000258699633705,0.00258699633705,49.998999999999995,1.773254999989149,0.20597900038410444,0.07472100014638272,0.0
pd,23:51:13.355,422,-40.003,-89.999,0.0,-90.239,0.003,-0.02,0.0,0.0,0.0,0.0,0.0,0.0,-40.003,-40.0,0.0,-90.239,0.003,-0.02,-40.003,-81.999,0.0,-90.239,0.003,-0.02,0.0,1870.3696767001115,0.0,0.0,0.0,0.0,0.0,8.0,0.0,0.0,0.0,0.0,0.0137698,-0.0068849,-0.0275396,4.7987753,-0.0137698,-1.1773179,0.01231013430998,0.004438583638528,-0.006137728937652,-0.0029491758242370003,-0.000258699633705,0.00258699633705,49.998999999999995,1.8442550003783253,0.16775699987192638,0.09698000030766707,0.0
pd,23:51:13.357,423,-40.003,-89.999,0.0,-90.239,0.003,-0.02,0.0,0.0,0.0,0.0,0.0,0.0,-40.003,-40.0,0.0,-90.239,0.003,-0.02,-40.003,-81.999,0.0,-90.239,0.003,-0.02,0.0,1825.3961484060494,0.0,0.0,0.0,0.0,0.0,8.0,0.0,0.0,0.0,0.0,0.0137698,-0.0068849,-0.0275396,4.7987753,-0.0137698,-1.1773179,0.01231013430998,0.004438583638528,-0.006137728937652,-0.0029491758242370003,-0.000258699633705,0.00258699633705,49.998999999999995,2.0063639999534644,0.2395520000391116,0.11533199995028554,0.0
pd,23:51:13.360,424,-40.003,-89.999,0.0,-90.239,0.003,-0.02,0.0,0.0,0.0,0.0,0.0,0.0,-40.003,-40.0,0.0,-90.239,0.003,-0.02,-40.003,-81.999,0.0,-90.239,0.003,-0.02,0.0,1619.5787238150401,0.0,0.0,0.0,0.0,0.0,8.0,0.0,0.0,0.0,0.0,0.0137698,-0.0068849,-0.0275396,4.7987753,-0.0137698,-1.1773179,0.01231013430998,0.004438583638528,-0.006137728937652,-0.0029491758242370003,-0.000258699633705,0.00258699633705,49.998999999999995,1.8839389999811829,0.17946099978871644,0.08240700026362902,0.0
pd,23:51:13.362,425,-40.003,-89.999,0.0,-90.239,0.003,-0.02,0.0,0.0,0.0,0.0,0.0,0.0,-40.003,-40.0,0.0,-90.239,0.003,-0.02,-40.003,-81.999,0.0,-90.239,0.003,-0.02,0.0,1800.1304721030042,0.0,0.0,0.0,0.0,0.0,8.0,0.0,0.0,0.0,0.0,0.0137698,-0.0068849,-0.0275396,4.7987753,-0.0137698,-1.1773179,0.01231013430998,0.004438583638528,-0.006137728937652,-0.0029491758242370003,-0.000258699633705,0.00258699633705,49.998999999999995,1.7062929996427556,0.1644610001676483,0.07355499974437407,0.0
pd,23:51:13.364,426,-40.003,-89.999,0.0,-90.239,0.003,-0.02,0.0,0.0,0.0,0.0,0.0,0.0,-40.003,-40.0,0.0,-90.239,0.003,-0.02,-40.003,-81.999,0.0,-90.239,0.003,-0.02,0.0,1982.4194730001182,0.0,0.0,0.0,0.0,0.0,8.0,0.0,0.0,0.0,0.0,0.0137698,-0.0068849,-0.0275396,4.7987753,-0.0137698,-1.1773179,0.01231013430998,0.004438583638528,-0.006137728937652,-0.0029491758242370003,-0.000258699633705,0.00258699633705,49.998999999999995,1.8690319998313498,0.16864600002008956,0.07968400041136192,0.0
pd,23:51:13.366,427,-40.003,-89.999,0.0,-90.239,0.003,-0.02,0.0,0.0,0.0,0.0,0.0,0.0,-40.003,-40.0,0.0,-90.239,0.003,-0.02,-40.003,-81.999,0.0,-90.239,0.003,-0.02,0.0,1820.839591925331,0.0,0.0,0.0,0.0,0.0,8.0,0.0,0.0,0.0,0.0,0.0137698,-0.0068849,-0.0275396,4.7987753,-0.0137698,-1.1773179,0.01231013430998,0.004438583638528,-0.006137728937652,-0.0029491758242370003,-0.000258699633705,0.00258699633705,49.998999999999995,1.701792999938334,0.145165000049019,0.06361099985952023,0.0
pd,23:51:13.368,428,-40.003,-89.999,0.0,-90.239,0.003,-0.02,0.0,0.0,0.0,0.0,0.0,0.0,-40.003,-40.0,0.0,-90.239,0.003,-0.02,-40.003,-81.999,0.0,-90.239,0.003,-0.02,0.0,2021.1078183351403,0.0,0.0,0.0,0.0,0.0,8.0,0.0,0.0,0.0,0.0,0.0137698,-0.0068849,-0.0275396,4.7987753,-0.0137698,-1.1773179,0.01231013430998,0.004438583638528,-0.006137728937652,-0.0029491758242370003,-0.000258699633705,0.00258699633705,49.998999999999995,1.71729299972867,0.14392399998541805,0.06464699981734157,0.0
pd,23:51:13.370,429,-40.003,-89.999,0.0,-90.239,0.003,-0.02,0.0,0.0,0.0,0.0,0.0,0.0,-40.003,-40.0,0.0,-90.239,0.003,-0.02,-40.003,-81.999,0.0,-90.239,0.003,-0.02,0.0,2005.1650531851321,0.0,0.0,0.0,0.0,0.0,8.0,0.0,0.0,0.0,0.0,0.0137698,-0.0068849,-0.0275396,4.7987753,-0.0137698,-1.1773179,0.01231013430998,0.004438583638528,-0.006137728937652,-0.0029491758242370003,-0.000258699633705,0.00258699633705,49.998999999999995,1.6603869999016752,0.13609099960376625,0.059776999933092156,0.0
pd,23:51:13.372,430,-40.003,-89.999,0.0,-90.239,0.003,-0.02,0.0,0.0,0.0,0.0,0.0,0.0,-40.003,-40.0,0.0,-90.239,0.003,-0.02,-40.003,-81.999,0.0,-90.239,0.003,-0.02,0.0,2083.0911348398313,0.0,0.0,0.0,0.0,0.0,8.0,0.0,0.0,0.0,0.0,0.0137698,-0.0068849,-0.0275396,4.7987753,-0.0137698,-1.1773179,0.01231013430998,0.004438583638528,-0.006137728937652,-0.0029491758242370003,-0.000258699633705,0.00258699633705,49.998999999999995,1.981290000003355,0.19181299967385712,0.09120300001086434,0.0
pd,23:51:13.375,431,-40.003,-89.999,0.0,-90.239,0.003,-0.02,0.0,0.0,0.0,0.0,0.0,0.0,-40.003,-40.0,0.0,-90.239,0.003,-0.02,-40.003,-81.999,0.0,-90.239,0.003,-0.02,0.0,1528.6757175398634,0.0,0.0,0.0,0.0,0.0,8.0,0.0,0.0,0.0,0.0,0.0137698,-0.0068849,-0.0275396,4.7987753,-0.0137698,-1.1773179,0.01231013430998,0.004438583638528,-0.006137728937652,-0.0029491758242370003,-0.000258699633705,0.00258699633705,49.998999999999995,1.9564949998311931,0.22170100010043825,0.09736900028656237,0.0
pd,23:51:13.377,432,-40.003,-89.999,0.0,-90.239,0.003,-0.02,0.0,0.0,0.0,0.0,0.0,0.0,-40.003,-40.0,0.0,-90.239,0.003,-0.02,-40.003,-81.999,0.0,-90.239,0.003,-0.02,0.0,1689.5484390735146,0.0,0.0,0.0,0.0,0.0,8.0,0.0,0.0,0.0,0.0,0.0137698,-0.0068849,-0.0275396,4.7987753,-0.0137698,-1.1773179,0.01231013430998,0.004438583638528,-0.006137728937652,-0.0029491758242370003,-0.000258699633705,0.00258699633705,49.998999999999995,1.7533119998915936,0.1647940002840187,0.06940599996596575,0.0
pd,23:51:13.379,433,-40.003,-89.999,0.0,-90.239,0.003,-0.02,0.0,0.0,0.0,0.0,0.0,0.0,-40.003,-40.0,0.0,-90.239,0.003,-0.02,-40.003,-81.999,0.0,-90.239,0.003,-0.02,0.0,1942.0321796504224,0.0,0.0,0.0,0.0,0.0,8.0,0.0,0.0,0.0,0.0,0.0137698,-0.0068849,-0.0275396,4.7987753,-0.0137698,-1.1773179,0.01231013430998,0.004438583638528,-0.006137728937652,-0.0029491758242370003,-0.000258699633705,0.00258699633705,49.998999999999995,1.8326619997424132,0.17346100003123865,0.07688800042160437,0.0
pd,23:51:13.381,434,-40.003,-89.999,0.0,-90.239,0.003,-0.02,0.0,0.0,0.0,0.0,0.0,0.0,-40.003,-40.0,0.0,-90.239,0.003,-0.02,-40.003,-81.999,0.0,-90.239,0.003,-0.02,0.0,1853.8360220994475,0.0,0.0,0.0,0.0,0.0,8.0,0.0,0.0,0.0,0.0,0.0137698,-0.0068849,-0.0275396,4.7987753,-0.0137698,-1.1773179,0.01231013430998,0.004438583638528,-0.006137728937652,-0.0029491758242370003,-0.000258699633705,0.00258699633705,49.998999999999995,1.68301599978804,0.14159100010147085,0.06135100011306349,0.0
pd,23:51:13.383,435,-40.003,-89.999,0.0,-90.239,0.003,-0.02,0.0,0.0,0.0,0.0,0.0,0.0,-40.003,-40.0,0.0,-90.239,0.003,-0.02,-40.003,-81.999,0.0,-90.239,0.003,-0.02,0.0,2016.4923076923078,0.0,0.0,0.0,0.0,0.0,8.0,0.0,0.0,0.0,0.0,0.0137698,-0.0068849,-0.0275396,4.7987753,-0.0137698,-1.1773179,0.01231013430998,0.004438583638528,-0.006137728937652,-0.0029491758242370003,-0.000258699633705,0.00258699633705,49.998999999999995,1.6814969999359164,0.1310719999310095,0.05842499967911863,0.0
pd,23:51:13.385,436,-40.003,-89.999,0.0,-90.239,0.003,-0.02,0.0,0.0,0.0,0.0,0.0,0.0,-40.003,-40.0,0.0,-90.239,0.003,-0.02,-40.003,-81.999,0.0,-90.239,0.003,-0.02,0.0,2067.1779201577133,0.0,0.0,0.0,0.0,0.0,8.0,0.0,0.0,0.0,0.0,0.0137698,-0.0068849,-0.0275396,4.7987753,-0.0137698,-1.1773179,0.01231013430998,0.004438583638528,-0.006137728937652,-0.0029491758242370003,-0.000258699633705,0.00258699633705,49.998999999999995,1.8181069999627653,0.15820099997654324,0.07488799974453286,0.0
pd,23:51:13.387,437,-40.003,-89.999,0.0,-90.239,0.003,-0.02,0.0,0.0,0.0,0.0,0.0,0.0,-40.003,-40.0,0.0,-90.239,0.003,-0.02,-40.003,-81.999,0.0,-90.239,0.003,-0.02,0.0,1884.0220101066816,0.0,0.0,0.0,0.0,0.0,8.0,0.0,0.0,0.0,0.0,0.0137698,-0.0068849,-0.0275396,4.7987753,-0.0137698,-1.1773179,0.01231013430998,0.004438583638528,-0.006137728937652,-0.0029491758242370003,-0.000258699633705,0.00258699633705,49.998999999999995,1.6562759997214016,0.14016500017532962,0.07262799999807612,0.0
pd,23:51:13.389,438,-40.003,-89.999,0.0,-90.239,0.003,-0.02,0.0,0.0,0.0,0.0,0.0,0.0,-40.003,-40.0,0.0,-90.239,0.003,-0.02,-40.003,-81.999,0.0,-90.239,0.003,-0.02,0.0,2064.1259842519685,0.0,0.0,0.0,0.0,0.0,8.0,0.0,0.0,0.0,0.0,0.0137698,-0.0068849,-0.0275396,4.7987753,-0.0137698,-1.1773179,0.01231013430998,0.004438583638528,-0.006137728937652,-0.0029491758242370003,-0.000258699633705,0.00258699633705,49.998999999999995,1.6288870001517353,0.13518400010070764,0.05700000019714935,0.0
pd,23:51:13.391,439,-40.003,-89.999,0.0,-90.239,0.003,-0.02,0.0,0.0,0.0,0.0,0.0,0.0,-40.003,-40.0,0.0,-90.239,0.003,-0.02,-40.003,-81.999,0.0,-90.239,0.003,-0.02,0.0,2124.236009116232,0.0,0.0,0.0,0.0,0.0,8.0,0.0,0.0,0.0,0.0,0.0137698,-0.0068849,-0.0275396,4.7987753,-0.0137698,-1.1773179,0.01231013430998,0.004438583638528,-0.006137728937652,-0.0029491758242370003,-0.000258699633705,0.00258699633705,49.998999999999995,1.6338499999619671,0.17905400000017835,0.06242500012376695,0.0
pd,23:51:13.393,440,-40.003,-89.999,0.0,-90.239,0.003,-0.02,0.0,0.0,0.0,0.0,0.0,0.0,-40.003,-40.0,0.0,-90.239,0.003,-0.02,-40.003,-81.999,0.0,-90.239,0.003,-0.02,0.0,2060.8298734799164,0.0,0.0,0.0,0.0,0.0,8.0,0.0,0.0,0.0,0.0,0.0137698,-0.0068849,-0.0275396,4.7987753,-0.0137698,-1.1773179,0.01231013430998,0.004438583638528,-0.006137728937652,-0.0029491758242370003,-0.000258699633705,0.00258699633705,49.998999999999995,1.6112760004034499,0.12999900036447798,0.05448100000648992,0.0
pd,23:51:13.395,441,-40.003,-89.999,0.0,-90.239,0.003,-0.02,0.0,0.0,0.0,0.0,0.0,0.0,-40.003,-40.0,0.0,-90.239,0.003,-0.02,-40.003,-81.999,0.0,-90.239,0.003,-0.02,0.0,1880.0107575078441,0.0,0.0,0.0,0.0,0.0,8.0,0.0,0.0,0.0,0.0,0.0137698,-0.0068849,-0.0275396,4.7987753,-0.0137698,-1.1773179,0.01231013430998,0.004438583638528,-0.006137728937652,-0.0029491758242370003,-0.000258699633705,0.00258699633705,49.998999999999995,1.9003469997187494,0.20562700001391931,0.08562899984099204,0.0
pd,23:51:13.397,442,-40.003,-89.999,0.0,-90.239,0.003,-0.02,0.0,0.0,0.0,0.0,0.0,0.0,-40.003,-40.0,0.0,-90.239,0.003,-0.02,-40.003,-81.999,0.0,-90.239,0.003,-0.02,0.0,1757.1445328864684,0.0,0.0,0.0,0.0,0.0,8.0,0.0,0.0,0.0,0.0,0.0137698,-0.0068849,-0.0275396,4.7987753,-0.0137698,-1.1773179,0.01231013430998,0.004438583638528,-0.006137728937652,-0.0029491758242370003,-0.000258699633705,0.00258699633705,49.998999999999995,1.940050000030169,0.19460900011836202,0.0934429999688291,0.0
pd,23:51:13.400,443,-40.003,-89.999,0.0,-90.239,0.003,-0.02,0.0,0.0,0.0,0.0,0.0,0.0,-40.003,-40.0,0.0,-90.239,0.003,-0.02,-40.003,-81.999,0.0,-90.239,0.003,-0.02,0.0,1731.0375567478334,0.0,0.0,0.0,0.0,0.0,8.0,0.0,0.0,0.0,0.0,0.0137698,-0.0068849,-0.0275396,4.7987753,-0.0137698,-1.1773179,0.01231013430998,0.004438583638528,-0.006137728937652,-0.0029491758242370003,-0.000258699633705,0.00258699633705,49.998999999999995,1.8778470002871472,0.19499800009725732,0.09210999996867031,0.0
pd,23:51:13.402,444,-40.003,-89.999,0.0,-90.239,0.003,-0.02,0.0,0.0,0.0,0.0,0.0,0.0,-40.003,-40.0,0.0,-90.239,0.003,-0.02,-40.003,-81.999,0.0,-90.239,0.003,-0.02,0.0,1779.132131495228,0.0,0.0,0.0,0.0,0.0,8.0,0.0,0.0,0.0,0.0,0.0137698,-0.0068849,-0.0275396,4.7987753,-0.0137698,-1.1773179,0.01231013430998,0.004438583638528,-0.006137728937652,-0.0029491758242370003,-0.000258699633705,0.00258699633705,49.998999999999995,3.013535999798478,0.23310899996431544,0.11183200012965244,0.0
pd,23:51:13.406,445,-40.003,-89.999,0.0,-90.239,0.003,-0.02,0.0,0.0,0.0,0.0,0.0,0.0,-40.003,-40.0,0.0,-90.239,0.003,-0.02,-40.003,-81.999,0.0,-90.239,0.003,-0.02,0.0,1159.8490148634635,0.0,0.0,0.0,0.0,0.0,8.0,0.0,0.0,0.0,0.0,0.0137698,-0.0068849,-0.0275396,4.7987753,-0.0137698,-1.1773179,0.01231013430998,0.004438583638528,-0.006137728937652,-0.0029491758242370003,-0.000258699633705,0.00258699633705,49.998999999999995,1.8756619997475354,0.16942299998845556,0.1098879997698532,0.0
pd,23:51:13.408,446,-40.003,-89.999,0.0,-90.239,0.003,-0.02,0.0,0.0,0.0,0.0,0.0,0.0,-40.003,-40.0,0.0,-90.239,0.003,-0.02,-40.003,-81.999,0.0,-90.239,0.003,-0.02,0.0,1794.354652406417,0.0,0.0,0.0,0.0,0.0,8.0,0.0,0.0,0.0,0.0,0.0137698,-0.0068849,-0.0275396,4.7987753,-0.0137698,-1.1773179,0.01231013430998,0.004438583638528,-0.006137728937652,-0.0029491758242370003,-0.000258699633705,0.00258699633705,49.998999999999995,1.765014999818959,0.16401699986090534,0.07285099991349853,0.0
pd,23:51:13.410,447,-40.003,-89.999,0.0,-90.239,0.003,-0.02,0.0,0.0,0.0,0.0,0.0,0.0,-40.003,-40.0,0.0,-90.239,0.003,-0.02,-40.003,-81.999,0.0,-90.239,0.003,-0.02,0.0,1928.8590480570247,0.0,0.0,0.0,0.0,0.0,8.0,0.0,0.0,0.0,0.0,0.0137698,-0.0068849,-0.0275396,4.7987753,-0.0137698,-1.1773179,0.01231013430998,0.004438583638528,-0.006137728937652,-0.0029491758242370003,-0.000258699633705,0.00258699633705,49.998999999999995,1.627312999971764,0.13388700017458177,0.05738800018662005,0.0
pd,23:51:13.412,448,-40.003,-89.999,0.0,-90.239,0.003,-0.02,0.0,0.0,0.0,0.0,0.0,0.0,-40.003,-40.0,0.0,-90.239,0.003,-0.02,-40.003,-81.999,0.0,-90.239,0.003,-0.02,0.0,2126.120390318084,0.0,0.0,0.0,0.0,0.0,8.0,0.0,0.0,0.0,0.0,0.0137698,-0.0068849,-0.0275396,4.7987753,-0.0137698,-1.1773179,0.01231013430998,0.004438583638528,-0.006137728937652,-0.0029491758242370003,-0.000258699633705,0.00258699633705,49.998999999999995,1.672256999881938,0.1444059998902958,0.06268400011322228,0.0
pd,23:51:13.414,449,-40.003,-89.999,0.0,-90.239,0.003,-0.02,0.0,0.0,0.0,0.0,0.0,0.0,-40.003,-40.0,0.0,-90.239,0.003,-0.02,-40.003,-81.999,0.0,-90.239,0.003,-0.02,0.0,2057.0397253555666,0.0,0.0,0.0,0.0,0.0,8.0,0.0,0.0,0.0,0.0,0.0137698,-0.0068849,-0.0275396,4.7987753,-0.0137698,-1.1773179,0.01231013430998,0.004438583638528,-0.006137728937652,-0.0029491758242370003,-0.000258699633705,0.00258699633705,49.998999999999995,1.611498999864125,0.12516500009951415,0.053887999911239604,0.0
pd,23:51:13.415,450,-40.003,-89.999,0.0,-90.239,0.003,-0.02,0.0,0.0,0.0,0.0,0.0,0.0,-40.003,-40.0,0.0,-90.239,0.003,-0.02,-40.003,-81.999,0.0,-90.239,0.003,-0.02,0.0,2161.733797191084,0.0,0.0,0.0,0.0,0.0,8.0,0.0,0.0,0.0,0.0,0.0137698,-0.0068849,-0.0275396,4.7987753,-0.0137698,-1.1773179,0.01231013430998,0.004438583638528,-0.006137728937652,-0.0029491758242370003,-0.000258699633705,0.00258699633705,49.998999999999995,1.7914219997692271,0.2746820000538719,0.08277699998870958,0.0
pd,23:51:13.418,451,-40.003,-89.999,0.0,-90.239,0.003,-0.02,0.0,0.0,0.0,0.0,0.0,0.0,-40.003,-40.0,0.0,-90.239,0.003,-0.02,-40.003,-81.999,0.0,-90.239,0.003,-0.02,0.0,1589.8053634037715,0.0,0.0,0.0,0.0,0.0,8.0,0.0,0.0,0.0,0.0,0.0137698,-0.0068849,-0.0275396,4.7987753,-0.0137698,-1.1773179,0.01231013430998,0.004438583638528,-0.006137728937652,-0.0029491758242370003,-0.000258699633705,0.00258699633705,49.998999999999995,1.738996000312909,0.2030900000136171,0.07268400031534838,0.0
pd,23:51:13.420,452,-40.003,-89.999,0.0,-90.239,0.003,-0.02,0.0,0.0,0.0,0.0,0.0,0.0,-40.003,-40.0,0.0,-90.239,0.003,-0.02,-40.003,-81.999,0.0,-90.239,0.003,-0.02,0.0,1906.2851948642199,0.0,0.0,0.0,0.0,0.0,8.0,0.0,0.0,0.0,0.0,0.0137698,-0.0068849,-0.0275396,4.7987753,-0.0137698,-1.1773179,0.01231013430998,0.004438583638528,-0.006137728937652,-0.0029491758242370003,-0.000258699633705,0.00258699633705,49.998999999999995,1.7267190000893606,0.1702939998722286,0.0763129996812495,0.0
pd,23:51:13.422,453,-40.003,-89.999,0.0,-90.239,0.003,-0.02,0.0,0.0,0.0,0.0,0.0,0.0,-40.003,-40.0,0.0,-90.239,0.003,-0.02,-40.003,-81.999,0.0,-90.239,0.003,-0.02,0.0,1953.110128055879,0.0,0.0,0.0,0.0,0.0,8.0,0.0,0.0,0.0,0.0,0.0137698,-0.0068849,-0.0275396,4.7987753,-0.0137698,-1.1773179,0.01231013430998,0.004438583638528,-0.006137728937652,-0.0029491758242370003,-0.000258699633705,0.00258699633705,49.998999999999995,1.8838659998436924,0.18638699975781492,0.09136900007433724,0.0
pd,23:51:13.424,454,-40.003,-89.999,0.0,-90.239,0.003,-0.02,0.0,0.0,0.0,0.0,0.0,0.0,-40.003,-40.0,0.0,-90.239,0.003,-0.02,-40.003,-81.999,0.0,-90.239,0.003,-0.02,0.0,1784.2407742209932,0.0,0.0,0.0,0.0,0.0,8.0,0.0,0.0,0.0,0.0,0.0137698,-0.0068849,-0.0275396,4.7987753,-0.0137698,-1.1773179,0.01231013430998,0.004438583638528,-0.006137728937652,-0.0029491758242370003,-0.000258699633705,0.00258699633705,49.998999999999995,1.7049050002242438,0.2937740000561462,0.08894299980966025,0.0
pd,23:51:13.427,455,-40.003,-89.999,0.0,-90.239,0.003,-0.02,0.0,0.0,0.0,0.0,0.0,0.0,-40.003,-40.0,0.0,-90.239,0.003,-0.02,-40.003,-81.999,0.0,-90.239,0.003,-0.02,0.0,1847.5075432221122,0.0,0.0,0.0,0.0,0.0,8.0,0.0,0.0,0.0,0.0,0.0137698,-0.0068849,-0.0275396,4.7987753,-0.0137698,-1.1773179,0.01231013430998,0.004438583638528,-0.006137728937652,-0.0029491758242370003,-0.000258699633705,0.00258699633705,49.998999999999995,1.6521269999429933,0.2272199999424629,0.07301799996639602,0.0
pd,23:51:13.429,456,-40.003,-89.999,0.0,-90.239,0.003,-0.02,0.0,0.0,0.0,0.0,0.0,0.0,-40.003,-40.0,0.0,-90.239,0.003,-0.02,-40.003,-81.999,0.0,-90.239,0.003,-0.02,0.0,1975.8822282416677,0.0,0.0,0.0,0.0,0.0,8.0,0.0,0.0,0.0,0.0,0.0137698,-0.0068849,-0.0275396,4.7987753,-0.0137698,-1.1773179,0.01231013430998,0.004438583638528,-0.006137728937652,-0.0029491758242370003,-0.000258699633705,0.00258699633705,49.998999999999995,1.695830999778991,0.17810899998949026,0.07927700016807648,0.0
pd,23:51:13.431,457,-40.003,-89.999,0.0,-90.239,0.003,-0.02,0.0,0.0,0.0,0.0,0.0,0.0,-40.003,-40.0,0.0,-90.239,0.003,-0.02,-40.003,-81.999,0.0,-90.239,0.003,-0.02,0.0,1968.694672612063,0.0,0.0,0.0,0.0,0.0,8.0,0.0,0.0,0.0,0.0,0.0137698,-0.0068849,-0.0275396,4.7987753,-0.0137698,-1.1773179,0.01231013430998,0.004438583638528,-0.006137728937652,-0.0029491758242370003,-0.000258699633705,0.00258699633705,49.998999999999995,1.6366459999517247,0.1403689998369373,0.06038799983798526,0.0
pd,23:51:13.433,458,-40.003,-89.999,0.0,-90.239,0.003,-0.02,0.0,0.0,0.0,0.0,0.0,0.0,-40.003,-40.0,0.0,-90.239,0.003,-0.02,-40.003,-81.999,0.0,-90.239,0.003,-0.02,0.0,2077.931136982908,0.0,0.0,0.0,0.0,0.0,8.0,0.0,0.0,0.0,0.0,0.0137698,-0.0068849,-0.0275396,4.7987753,-0.0137698,-1.1773179,0.01231013430998,0.004438583638528,-0.006137728937652,-0.0029491758242370003,-0.000258699633705,0.00258699633705,49.998999999999995,1.662700999986555,0.1393689999531489,0.05785199982710765,0.0
pd,23:51:13.434,459,-40.003,-89.999,0.0,-90.239,0.003,-0.02,0.0,0.0,0.0,0.0,0.0,0.0,-40.003,-40.0,0.0,-90.239,0.003,-0.02,-40.003,-81.999,0.0,-90.239,0.003,-0.02,0.0,2077.931136982908,0.0,0.0,0.0,0.0,0.0,8.0,0.0,0.0,0.0,0.0,0.0137698,-0.0068849,-0.0275396,4.7987753,-0.0137698,-1.1773179,0.01231013430998,0.004438583638528,-0.006137728937652,-0.0029491758242370003,-0.000258699633705,0.00258699633705,49.998999999999995,1.6117950003717851,0.12696099975073594,0.054647000069962814,0.0
pd,23:51:13.436,460,-40.003,-89.999,0.0,-90.239,0.003,-0.02,0.0,0.0,0.0,0.0,0.0,0.0,-40.003,-40.0,0.0,-90.239,0.003,-0.02,-40.003,-81.999,0.0,-90.239,0.003,-0.02,0.0,2158.118857730898,0.0,0.0,0.0,0.0,0.0,8.0,0.0,0.0,0.0,0.0,0.0137698,-0.0068849,-0.0275396,4.7987753,-0.0137698,-1.1773179,0.01231013430998,0.004438583638528,-0.006137728937652,-0.0029491758242370003,-0.000258699633705,0.00258699633705,49.998999999999995,1.8546060000517173,0.16201700009332853,0.061426000229403144,0.0
pd,23:51:13.439,461,-40.003,-89.999,0.0,-90.239,0.003,-0.02,0.0,0.0,0.0,0.0,0.0,0.0,-40.003,-40.0,0.0,-90.239,0.003,-0.02,-40.003,-81.999,0.0,-90.239,0.003,-0.02,0.0,1644.986371212864,0.0,0.0,0.0,0.0,0.0,8.0,0.0,0.0,0.0,0.0,0.0137698,-0.0068849,-0.0275396,4.7987753,-0.0137698,-1.1773179,0.01231013430998,0.004438583638528,-0.006137728937652,-0.0029491758242370003,-0.000258699633705,0.00258699633705,49.998999999999995,1.7601260001356422,0.24273799999718904,0.07737000032648211,0.0
pd,23:51:13.441,462,-40.003,-89.999,0.0,-90.239,0.003,-0.02,0.0,0.0,0.0,0.0,0.0,0.0,-40.003,-40.0,0.0,-90.239,0.003,-0.02,-40.003,-81.999,0.0,-90.239,0.003,-0.02,0.0,1846.8974020255393,0.0,0.0,0.0,0.0,0.0,8.0,0.0,0.0,0.0,0.0,0.0137698,-0.0068849,-0.0275396,4.7987753,-0.0137698,-1.1773179,0.01231013430998,0.004438583638528,-0.006137728937652,-0.0029491758242370003,-0.000258699633705,0.00258699633705,49.998999999999995,1.694885999768303,0.15562700036753085,0.06849900000815978,0.0
pd,23:51:13.443,463,-40.003,-89.999,0.0,-90.239,0.003,-0.02,0.0,0.0,0.0,0.0,0.0,0.0,-40.003,-40.0,0.0,-90.239,0.003,-0.02,-40.003,-81.999,0.0,-90.239,0.003,-0.02,0.0,2012.3804725920595,0.0,0.0,0.0,0.0,0.0,8.0,0.0,0.0,0.0,0.0,0.0137698,-0.0068849,-0.0275396,4.7987753,-0.0137698,-1.1773179,0.01231013430998,0.004438583638528,-0.006137728937652,-0.0029491758242370003,-0.000258699633705,0.00258699633705,49.998999999999995,1.624924999759969,0.1975159998437448,0.06935100009286543,0.0
pd,23:51:13.445,464,-40.003,-89.999,0.0,-90.239,0.003,-0.02,0.0,0.0,0.0,0.0,0.0,0.0,-40.003,-40.0,0.0,-90.239,0.003,-0.02,-40.003,-81.999,0.0,-90.239,0.003,-0.02,0.0,2041.0238442822385,0.0,0.0,0.0,0.0,0.0,8.0,0.0,0.0,0.0,0.0,0.0137698,-0.0068849,-0.0275396,4.7987753,-0.0137698,-1.1773179,0.01231013430998,0.004438583638528,-0.006137728937652,-0.0029491758242370003,-0.000258699633705,0.00258699633705,49.998999999999995,1.7611260000194306,0.21058999982415116,0.07440599983965512,0.0
pd,23:51:13.447,465,-40.003,-89.999,0.0,-90.239,0.003,-0.02,0.0,0.0,0.0,0.0,0.0,0.0,-40.003,-40.0,0.0,-90.239,0.003,-0.02,-40.003,-81.999,0.0,-90.239,0.003,-0.02,0.0,1885.0804494382023,0.0,0.0,0.0,0.0,0.0,8.0,0.0,0.0,0.0,0.0,0.0137698,-0.0068849,-0.0275396,4.7987753,-0.0137698,-1.1773179,0.01231013430998,0.004438583638528,-0.006137728937652,-0.0029491758242370003,-0.000258699633705,0.00258699633705,49.998999999999995,1.9388460000300256,0.19272000008641044,0.09990599983211723,0.0
pd,23:51:13.449,466,-40.003,-89.999,0.0,-90.239,0.003,-0.02,0.0,0.0,0.0,0.0,0.0,0.0,-40.003,-40.0,0.0,-90.239,0.003,-0.02,-40.003,-81.999,0.0,-90.239,0.003,-0.02,0.0,1725.695947335939,0.0,0.0,0.0,0.0,0.0,8.0,0.0,0.0,0.0,0.0,0.0137698,-0.0068849,-0.0275396,4.7987753,-0.0137698,-1.1773179,0.01231013430998,0.004438583638528,-0.006137728937652,-0.0029491758242370003,-0.000258699633705,0.00258699633705,49.998999999999995,1.652552999985346,0.14385100030267495,0.0583139999434934,0.0
pd,23:51:13.451,467,-40.003,-89.999,0.0,-90.239,0.003,-0.02,0.0,0.0,0.0,0.0,0.0,0.0,-40.003,-40.0,0.0,-90.239,0.003,-0.02,-40.003,-81.999,0.0,-90.239,0.003,-0.02,0.0,2085.421504039776,0.0,0.0,0.0,0.0,0.0,8.0,0.0,0.0,0.0,0.0,0.0137698,-0.0068849,-0.0275396,4.7987753,-0.0137698,-1.1773179,0.01231013430998,0.004438583638528,-0.006137728937652,-0.0029491758242370003,-0.000258699633705,0.00258699633705,49.998999999999995,1.664108999648306,0.16673899972374784,0.07553600016763085,0.0
pd,23:51:13.453,468,-40.003,-89.999,0.0,-90.239,0.003,-0.02,0.0,0.0,0.0,0.0,0.0,0.0,-40.003,-40.0,0.0,-90.239,0.003,-0.02,-40.003,-81.999,0.0,-90.239,0.003,-0.02,0.0,2017.947558335338,0.0,0.0,0.0,0.0,0.0,8.0,0.0,0.0,0.0,0.0,0.0137698,-0.0068849,-0.0275396,4.7987753,-0.0137698,-1.1773179,0.01231013430998,0.004438583638528,-0.006137728937652,-0.0029491758242370003,-0.000258699633705,0.00258699633705,49.998999999999995,1.717626999834465,0.1562389998071012,0.07081399962771684,0.0
pd,23:51:13.455,469,-40.003,-89.999,0.0,-90.239,0.003,-0.02,0.0,0.0,0.0,0.0,0.0,0.0,-40.003,-40.0,0.0,-90.239,0.003,-0.02,-40.003,-81.999,0.0,-90.239,0.003,-0.02,0.0,1984.764698923459,0.0,0.0,0.0,0.0,0.0,8.0,0.0,0.0,0.0,0.0,0.0137698,-0.0068849,-0.0275396,4.7987753,-0.0137698,-1.1773179,0.01231013430998,0.004438583638528,-0.006137728937652,-0.0029491758242370003,-0.000258699633705,0.00258699633705,49.998999999999995,1.8408099999760452,0.1682940001046518,0.07822099996701581,0.0
pd,23:51:13.457,470,-40.003,-89.999,0.0,-90.239,0.003,-0.02,0.0,0.0,0.0,0.0,0.0,0.0,-40.003,-40.0,0.0,-90.239,0.003,-0.02,-40.003,-81.999,0.0,-90.239,0.003,-0.02,0.0,1848.118087684512,0.0,0.0,0.0,0.0,0.0,8.0,0.0,0.0,0.0,0.0,0.0137698,-0.0068849,-0.0275396,4.7987753,-0.0137698,-1.1773179,0.01231013430998,0.004438583638528,-0.006137728937652,-0.0029491758242370003,-0.000258699633705,0.00258699633705,49.998999999999995,1.648072000079992,0.139979999858042,0.06492499960586429,0.0
pd,23:51:13.460,471,-40.003,-89.999,0.0,-90.239,0.003,-0.02,0.0,0.0,0.0,0.0,0.0,0.0,-40.003,-40.0,0.0,-90.239,0.003,-0.02,-40.003,-81.999,0.0,-90.239,0.003,-0.02,0.0,1809.839913700108,0.0,0.0,0.0,0.0,0.0,8.0,0.0,0.0,0.0,0.0,0.0137698,-0.0068849,-0.0275396,4.7987753,-0.0137698,-1.1773179,0.01231013430998,0.004438583638528,-0.006137728937652,-0.0029491758242370003,-0.000258699633705,0.00258699633705,49.998999999999995,1.7621449997022864,0.25257100014641765,0.07968399995661457,0.0
pd,23:51:13.462,472,-40.003,-89.999,0.0,-90.239,0.003,-0.02,0.0,0.0,0.0,0.0,0.0,0.0,-40.003,-40.0,0.0,-90.239,0.003,-0.02,-40.003,-81.999,0.0,-90.239,0.003,-0.02,0.0,1833.9763882815917,0.0,0.0,0.0,0.0,0.0,8.0,0.0,0.0,0.0,0.0,0.0137698,-0.0068849,-0.0275396,4.7987753,-0.0137698,-1.1773179,0.01231013430998,0.004438583638528,-0.006137728937652,-0.0029491758242370003,-0.000258699633705,0.00258699633705,49.998999999999995,1.6662200000610028,0.18257200008520158,0.08362900007341523,0.0
pd,23:51:13.464,473,-40.003,-89.999,0.0,-90.239,0.003,-0.02,0.0,0.0,0.0,0.0,0.0,0.0,-40.003,-40.0,0.0,-90.239,0.003,-0.02,-40.003,-81.999,0.0,-90.239,0.003,-0.02,0.0,1987.8218009478674,0.0,0.0,0.0,0.0,0.0,8.0,0.0,0.0,0.0,0.0,0.0137698,-0.0068849,-0.0275396,4.7987753,-0.0137698,-1.1773179,0.01231013430998,0.004438583638528,-0.006137728937652,-0.0029491758242370003,-0.000258699633705,0.00258699633705,49.998999999999995,1.712200999918423,0.1533129998279037,0.06773999984943657,0.0
pd,23:51:13.466,474,-40.003,-89.999,0.0,-90.239,0.003,-0.02,0.0,0.0,0.0,0.0,0.0,0.0,-40.003,-40.0,0.0,-90.239,0.003,-0.02,-40.003,-81.999,0.0,-90.239,0.003,-0.02,0.0,1998.0011909015125,0.0,0.0,0.0,0.0,0.0,8.0,0.0,0.0,0.0,0.0,0.0137698,-0.0068849,-0.0275396,4.7987753,-0.0137698,-1.1773179,0.01231013430998,0.004438583638528,-0.006137728937652,-0.0029491758242370003,-0.000258699633705,0.00258699633705,49.998999999999995,1.798218000203633,0.15918300005068886,0.07077700001900666,0.0
pd,23:51:13.468,475,-40.003,-89.999,0.0,-90.239,0.003,-0.02,0.0,0.0,0.0,0.0,0.0,0.0,-40.003,-40.0,0.0,-90.239,0.003,-0.02,-40.003,-81.999,0.0,-90.239,0.003,-0.02,0.0,1904.3377979568672,0.0,0.0,0.0,0.0,0.0,8.0,0.0,0.0,0.0,0.0,0.0137698,-0.0068849,-0.0275396,4.7987753,-0.0137698,-1.1773179,0.01231013430998,0.004438583638528,-0.006137728937652,-0.0029491758242370003,-0.000258699633705,0.00258699633705,49.998999999999995,1.7019239999171987,0.16018299993447727,0.07457299989255262,0.0
pd,23:51:13.470,476,-40.003,-89.999,0.0,-90.239,0.003,-0.02,0.0,0.0,0.0,0.0,0.0,0.0,-40.003,-40.0,0.0,-90.239,0.003,-0.02,-40.003,-81.999,0.0,-90.239,0.003,-0.02,0.0,1990.4159449519516,0.0,0.0,0.0,0.0,0.0,8.0,0.0,0.0,0.0,0.0,0.0137698,-0.0068849,-0.0275396,4.7987753,-0.0137698,-1.1773179,0.01231013430998,0.004438583638528,-0.006137728937652,-0.0029491758242370003,-0.000258699633705,0.00258699633705,49.998999999999995,1.6244429998550913,0.12975800018466543,0.05566600020756596,0.0
pd,23:51:13.472,477,-40.003,-89.999,0.0,-90.239,0.003,-0.02,0.0,0.0,0.0,0.0,0.0,0.0,-40.003,-40.0,0.0,-90.239,0.003,-0.02,-40.003,-81.999,0.0,-90.239,0.003,-0.02,0.0,2137.224968152866,0.0,0.0,0.0,0.0,0.0,8.0,0.0,0.0,0.0,0.0,0.0137698,-0.0068849,-0.0275396,4.7987753,-0.0137698,-1.1773179,0.01231013430998,0.004438583638528,-0.006137728937652,-0.0029491758242370003,-0.000258699633705,0.00258699633705,49.998999999999995,1.9864379996761272,0.1992749998862564,0.09618400008548633,0.0
pd,23:51:13.474,478,-40.003,-89.999,0.0,-90.239,0.003,-0.02,0.0,0.0,0.0,0.0,0.0,0.0,-40.003,-40.0,0.0,-90.239,0.003,-0.02,-40.003,-81.999,0.0,-90.239,0.003,-0.02,0.0,1691.2516129032258,0.0,0.0,0.0,0.0,0.0,8.0,0.0,0.0,0.0,0.0,0.0137698,-0.0068849,-0.0275396,4.7987753,-0.0137698,-1.1773179,0.01231013430998,0.004438583638528,-0.006137728937652,-0.0029491758242370003,-0.000258699633705,0.00258699633705,49.998999999999995,1.647665000291454,0.13710900020669214,0.059703000260924455,0.0
pd,23:51:13.476,479,-40.003,-89.999,0.0,-90.239,0.003,-0.02,0.0,0.0,0.0,0.0,0.0,0.0,-40.003,-40.0,0.0,-90.239,0.003,-0.02,-40.003,-81.999,0.0,-90.239,0.003,-0.02,0.0,2097.9387270226334,0.0,0.0,0.0,0.0,0.0,8.0,0.0,0.0,0.0,0.0,0.0137698,-0.0068849,-0.0275396,4.7987753,-0.0137698,-1.1773179,0.01231013430998,0.004438583638528,-0.006137728937652,-0.0029491758242370003,-0.000258699633705,0.00258699633705,49.998999999999995,1.8510690001676267,0.26396000021122745,0.09757299994817004,0.0
pd,23:51:13.478,480,-40.003,-89.999,0.0,-90.239,0.003,-0.02,0.0,0.0,0.0,0.0,0.0,0.0,-40.003,-40.0,0.0,-90.239,0.003,-0.02,-40.003,-81.999,0.0,-90.239,0.003,-0.02,0.0,1739.6532559104105,0.0,0.0,0.0,0.0,0.0,8.0,0.0,0.0,0.0,0.0,0.0137698,-0.0068849,-0.0275396,4.7987753,-0.0137698,-1.1773179,0.01231013430998,0.004438583638528,-0.006137728937652,-0.0029491758242370003,-0.000258699633705,0.00258699633705,49.998999999999995,1.7507009997643763,0.1795160001165641,0.07799900004101801,0.0
pd,23:51:13.481,481,-40.003,-89.999,0.0,-90.239,0.003,-0.02,0.0,0.0,0.0,0.0,0.0,0.0,-40.003,-40.0,0.0,-90.239,0.003,-0.02,-40.003,-81.999,0.0,-90.239,0.003,-0.02,0.0,1621.613763773439,0.0,0.0,0.0,0.0,0.0,8.0,0.0,0.0,0.0,0.0,0.0137698,-0.0068849,-0.0275396,4.7987753,-0.0137698,-1.1773179,0.01231013430998,0.004438583638528,-0.006137728937652,-0.0029491758242370003,-0.000258699633705,0.00258699633705,49.998999999999995,1.784292000138521,0.2125340001839504,0.07716499976595514,0.0
pd,23:51:13.483,482,-40.003,-89.999,0.0,-90.239,0.003,-0.02,0.0,0.0,0.0,0.0,0.0,0.0,-40.003,-40.0,0.0,-90.239,0.003,-0.02,-40.003,-81.999,0.0,-90.239,0.003,-0.02,0.0,1850.1561535068372,0.0,0.0,0.0,0.0,0.0,8.0,0.0,0.0,0.0,0.0,0.0137698,-0.0068849,-0.0275396,4.7987753,-0.0137698,-1.1773179,0.01231013430998,0.004438583638528,-0.006137728937652,-0.0029491758242370003,-0.000258699633705,0.00258699633705,49.998999999999995,1.7417740000382764,0.155016999997315,0.06762899965906399,0.0
pd,23:51:13.485,483,-40.003,-89.999,0.0,-90.239,0.003,-0.02,0.0,0.0,0.0,0.0,0.0,0.0,-40.003,-40.0,0.0,-90.239,0.003,-0.02,-40.003,-81.999,0.0,-90.239,0.003,-0.02,0.0,1968.92571294449,0.0,0.0,0.0,0.0,0.0,8.0,0.0,0.0,0.0,0.0,0.0137698,-0.0068849,-0.0275396,4.7987753,-0.0137698,-1.1773179,0.01231013430998,0.004438583638528,-0.006137728937652,-0.0029491758242370003,-0.000258699633705,0.00258699633705,49.998999999999995,1.6278319999400992,0.13096200018480886,0.05755399979534559,0.0
pd,23:51:13.487,484,-40.003,-89.999,0.0,-90.239,0.003,-0.02,0.0,0.0,0.0,0.0,0.0,0.0,-40.003,-40.0,0.0,-90.239,0.003,-0.02,-40.003,-81.999,0.0,-90.239,0.003,-0.02,0.0,2130.169629253428,0.0,0.0,0.0,0.0,0.0,8.0,0.0,0.0,0.0,0.0,0.0137698,-0.0068849,-0.0275396,4.7987753,-0.0137698,-1.1773179,0.01231013430998,0.004438583638528,-0.006137728937652,-0.0029491758242370003,-0.000258699633705,0.00258699633705,49.998999999999995,1.96123500018075,0.18562700006441446,0.07477700000890763,0.0
pd,23:51:13.489,485,-40.003,-89.999,0.0,-90.239,0.003,-0.02,0.0,0.0,0.0,0.0,0.0,0.0,-40.003,-40.0,0.0,-90.239,0.003,-0.02,-40.003,-81.999,0.0,-90.239,0.003,-0.02,0.0,1736.5920712141601,0.0,0.0,0.0,0.0,0.0,8.0,0.0,0.0,0.0,0.0,0.0137698,-0.0068849,-0.0275396,4.7987753,-0.0137698,-1.1773179,0.01231013430998,0.004438583638528,-0.006137728937652,-0.0029491758242370003,-0.000258699633705,0.00258699633705,49.998999999999995,1.651535000291915,0.14264599985835957,0.05657300016537192,0.0
pd,23:51:13.491,486,-40.003,-89.999,0.0,-90.239,0.003,-0.02,0.0,0.0,0.0,0.0,0.0,0.0,-40.003,-40.0,0.0,-90.239,0.003,-0.02,-40.003,-81.999,0.0,-90.239,0.003,-0.02,0.0,2087.757093081135,0.0,0.0,0.0,0.0,0.0,8.0,0.0,0.0,0.0,0.0,0.0137698,-0.0068849,-0.0275396,4.7987753,-0.0137698,-1.1773179,0.01231013430998,0.004438583638528,-0.006137728937652,-0.0029491758242370003,-0.000258699633705,0.00258699633705,49.998999999999995,1.6408680003223708,0.14048000002730987,0.05974000032438198,0.0
pd,23:51:13.493,487,-40.003,-89.999,0.0,-90.239,0.003,-0.02,0.0,0.0,0.0,0.0,0.0,0.0,-40.003,-40.0,0.0,-90.239,0.003,-0.02,-40.003,-81.999,0.0,-90.239,0.003,-0.02,0.0,2098.201100550275,0.0,0.0,0.0,0.0,0.0,8.0,0.0,0.0,0.0,0.0,0.0137698,-0.0068849,-0.0275396,4.7987753,-0.0137698,-1.1773179,0.01231013430998,0.004438583638528,-0.006137728937652,-0.0029491758242370003,-0.000258699633705,0.00258699633705,49.998999999999995,1.619183000002522,0.13459000001603272,0.058166000144410646,0.0
pd,23:51:13.495,488,-40.003,-89.999,0.0,-90.239,0.003,-0.02,0.0,0.0,0.0,0.0,0.0,0.0,-40.003,-40.0,0.0,-90.239,0.003,-0.02,-40.003,-81.999,0.0,-90.239,0.003,-0.02,0.0,2134.2343213331637,0.0,0.0,0.0,0.0,0.0,8.0,0.0,0.0,0.0,0.0,0.0137698,-0.0068849,-0.0275396,4.7987753,-0.0137698,-1.1773179,0.01231013430998,0.004438583638528,-0.006137728937652,-0.0029491758242370003,-0.000258699633705,0.00258699633705,49.998999999999995,1.6139060003297345,0.1495900000918482,0.06114799998613307,0.0
pd,23:51:13.497,489,-40.003,-89.999,0.0,-90.239,0.003,-0.02,0.0,0.0,0.0,0.0,0.0,0.0,-40.003,-40.0,0.0,-90.239,0.003,-0.02,-40.003,-81.999,0.0,-90.239,0.003,-0.02,0.0,2115.6640605296343,0.0,0.0,0.0,0.0,0.0,8.0,0.0,0.0,0.0,0.0,0.0137698,-0.0068849,-0.0275396,4.7987753,-0.0137698,-1.1773179,0.01231013430998,0.004438583638528,-0.006137728937652,-0.0029491758242370003,-0.000258699633705,0.00258699633705,49.998999999999995,2.1009179999964545,0.20899699984511244,0.10712799985412857,0.0
pd,23:51:13.499,490,-40.003,-89.999,0.0,-90.239,0.003,-0.02,0.0,0.0,0.0,0.0,0.0,0.0,-40.003,-40.0,0.0,-90.239,0.003,-0.02,-40.003,-81.999,0.0,-90.239,0.003,-0.02,0.0,1597.0695859114708,0.0,0.0,0.0,0.0,0.0,8.0,0.0,0.0,0.0,0.0,0.0137698,-0.0068849,-0.0275396,4.7987753,-0.0137698,-1.1773179,0.01231013430998,0.004438583638528,-0.006137728937652,-0.0029491758242370003,-0.000258699633705,0.00258699633705,49.998999999999995,1.7512750000605593,0.164072000188753,0.06844400013505947,0.0
pd,23:51:13.502,491,-40.003,-89.999,0.0,-90.239,0.003,-0.02,0.0,0.0,0.0,0.0,0.0,0.0,-40.003,-40.0,0.0,-90.239,0.003,-0.02,-40.003,-81.999,0.0,-90.239,0.003,-0.02,0.0,1680.7469445001002,0.0,0.0,0.0,0.0,0.0,8.0,0.0,0.0,0.0,0.0,0.0137698,-0.0068849,-0.0275396,4.7987753,-0.0137698,-1.1773179,0.01231013430998,0.004438583638528,-0.006137728937652,-0.0029491758242370003,-0.000258699633705,0.00258699633705,49.998999999999995,1.7720709997774975,0.21481199974004994,0.0820360000943765,0.0
pd,23:51:13.504,492,-40.003,-89.999,0.0,-90.239,0.003,-0.02,0.0,0.0,0.0,0.0,0.0,0.0,-40.003,-40.0,0.0,-90.239,0.003,-0.02,-40.003,-81.999,0.0,-90.239,0.003,-0.02,0.0,1550.717811257972,0.0,0.0,0.0,0.0,0.0,8.0,0.0,0.0,0.0,0.0,0.0137698,-0.0068849,-0.0275396,4.7987753,-0.0137698,-1.1773179,0.01231013430998,0.004438583638528,-0.006137728937652,-0.0029491758242370003,-0.000258699633705,0.00258699633705,49.998999999999995,1.7656079999142094,0.1936459998432838,0.07092499981808942,0.0
pd,23:51:13.506,493,-40.003,-89.999,0.0,-90.239,0.003,-0.02,0.0,0.0,0.0,0.0,0.0,0.0,-40.003,-40.0,0.0,-90.239,0.003,-0.02,-40.003,-81.999,0.0,-90.239,0.003,-0.02,0.0,1900.4549161758043,0.0,0.0,0.0,0.0,0.0,8.0,0.0,0.0,0.0,0.0,0.0137698,-0.0068849,-0.0275396,4.7987753,-0.0137698,-1.1773179,0.01231013430998,0.004438583638528,-0.006137728937652,-0.0029491758242370003,-0.000258699633705,0.00258699633705,49.998999999999995,1.8026070001724293,0.18868300003305194,0.08551700011594221,0.0
pd,23:51:13.508,494,-40.003,-89.999,0.0,-90.239,0.003,-0.02,0.0,0.0,0.0,0.0,0.0,0.0,-40.003,-40.0,0.0,-90.239,0.003,-0.02,-40.003,-81.999,0.0,-90.239,0.003,-0.02,0.0,1854.4507571570687,0.0,0.0,0.0,0.0,0.0,8.0,0.0,0.0,0.0,0.0,0.0137698,-0.0068849,-0.0275396,4.7987753,-0.0137698,-1.1773179,0.01231013430998,0.004438583638528,-0.006137728937652,-0.0029491758242370003,-0.000258699633705,0.00258699633705,49.998999999999995,1.6882749996511848,0.15490500027226517,0.0756839999667136,0.0
pd,23:51:13.510,495,-40.003,-89.999,0.0,-90.239,0.003,-0.02,0.0,0.0,0.0,0.0,0.0,0.0,-40.003,-40.0,0.0,-90.239,0.003,-0.02,-40.003,-81.999,0.0,-90.239,0.003,-0.02,0.0,1989.0001185536455,0.0,0.0,0.0,0.0,0.0,8.0,0.0,0.0,0.0,0.0,0.0137698,-0.0068849,-0.0275396,4.7987753,-0.0137698,-1.1773179,0.01231013430998,0.004438583638528,-0.006137728937652,-0.0029491758242370003,-0.000258699633705,0.00258699633705,49.998999999999995,1.6211459997066413,0.13197999987824005,0.057703000038600294,0.0
pd,23:51:13.512,496,-40.003,-89.999,0.0,-90.239,0.003,-0.02,0.0,0.0,0.0,0.0,0.0,0.0,-40.003,-40.0,0.0,-90.239,0.003,-0.02,-40.003,-81.999,0.0,-90.239,0.003,-0.02,0.0,2135.3208603792796,0.0,0.0,0.0,0.0,0.0,8.0,0.0,0.0,0.0,0.0,0.0137698,-0.0068849,-0.0275396,4.7987753,-0.0137698,-1.1773179,0.01231013430998,0.004438583638528,-0.006137728937652,-0.0029491758242370003,-0.000258699633705,0.00258699633705,49.998999999999995,1.6498310001225036,0.1429059998372395,0.06194399975356646,0.0
pd,23:51:13.514,497,-40.003,-89.999,0.0,-90.239,0.003,-0.02,0.0,0.0,0.0,0.0,0.0,0.0,-40.003,-40.0,0.0,-90.239,0.003,-0.02,-40.003,-81.999,0.0,-90.239,0.003,-0.02,0.0,2081.540446650124,0.0,0.0,0.0,0.0,0.0,8.0,0.0,0.0,0.0,0.0,0.0137698,-0.0068849,-0.0275396,4.7987753,-0.0137698,-1.1773179,0.01231013430998,0.004438583638528,-0.006137728937652,-0.0029491758242370003,-0.000258699633705,0.00258699633705,49.998999999999995,1.6107209999063343,0.12914599983560038,0.054443999943032395,0.0
pd,23:51:13.516,498,-40.003,-89.999,0.0,-90.239,0.003,-0.02,0.0,0.0,0.0,0.0,0.0,0.0,-40.003,-40.0,0.0,-90.239,0.003,-0.02,-40.003,-81.999,0.0,-90.239,0.003,-0.02,0.0,2155.6232815109856,0.0,0.0,0.0,0.0,0.0,8.0,0.0,0.0,0.0,0.0,0.0137698,-0.0068849,-0.0275396,4.7987753,-0.0137698,-1.1773179,0.01231013430998,0.004438583638528,-0.006137728937652,-0.0029491758242370003,-0.000258699633705,0.00258699633705,49.998999999999995,1.787106999927346,0.15597900028296863,0.07172100004027016,0.0
pd,23:51:13.518,499,-40.003,-89.999,0.0,-90.239,0.003,-0.02,0.0,0.0,0.0,0.0,0.0,0.0,-40.003,-40.0,0.0,-90.239,0.003,-0.02,-40.003,-81.999,0.0,-90.239,0.003,-0.02,0.0,1918.9312592931487,0.0,0.0,0.0,0.0,0.0,8.0,0.0,0.0,0.0,0.0,0.0137698,-0.0068849,-0.0275396,4.7987753,-0.0137698,-1.1773179,0.01231013430998,0.004438583638528,-0.006137728937652,-0.0029491758242370003,-0.000258699633705,0.00258699633705,49.998999999999995,2.0149370002400246,0.26745900004243595,0.1670349997766607,0.0
pd,23:51:13.521,500,-40.003,-89.999,0.0,-90.239,0.003,-0.02,0.0,0.0,0.0,0.0,0.0,0.0,-40.003,-40.0,0.0,-90.239,0.003,-0.02,-40.003,-81.999,0.0,-90.239,0.003,-0.02,0.0,1558.9310537074894,0.0,0.0,0.0,0.0,0.0,8.0,0.0,0.0,0.0,0.0,0.0137698,-0.0068849,-0.0275396,4.7987753,-0.0137698,-1.1773179,0.01231013430998,0.004438583638528,-0.006137728937652,-0.0029491758242370003,-0.000258699633705,0.00258699633705,49.998999999999995,1.8080880004163191,0.25333000030514086,0.12644300022657262,0.0
pd,23:51:13.524,501,-40.003,-89.999,0.0,-90.239,0.003,-0.02,0.0,0.0,0.0,0.0,0.0,0.0,-40.003,-40.0,0.0,-90.239,0.003,-0.02,-40.003,-81.999,0.0,-90.239,0.003,-0.02,0.0,1418.1923922231615,0.0,0.0,0.0,0.0,0.0,8.0,0.0,0.0,0.0,0.0,0.0137698,-0.0068849,-0.0275396,4.7987753,-0.0137698,-1.1773179,0.01231013430998,0.004438583638528,-0.006137728937652,-0.0029491758242370003,-0.000258699633705,0.00258699633705,49.998999999999995,2.1566769996752555,0.22620099980485975,0.08597999976700521,0.0
pd,23:51:13.526,502,-40.003,-89.999,0.0,-90.239,0.003,-0.02,0.0,0.0,0.0,0.0,0.0,0.0,-40.003,-40.0,0.0,-90.239,0.003,-0.02,-40.003,-81.999,0.0,-90.239,0.003,-0.02,0.0,1562.5608643010153,0.0,0.0,0.0,0.0,0.0,8.0,0.0,0.0,0.0,0.0,0.0137698,-0.0068849,-0.0275396,4.7987753,-0.0137698,-1.1773179,0.01231013430998,0.004438583638528,-0.006137728937652,-0.0029491758242370003,-0.000258699633705,0.00258699633705,49.998999999999995,1.8907909998233663,0.20081200000277022,0.09427599979972001,0.0
pd,23:51:13.528,503,-40.003,-89.999,0.0,-90.239,0.003,-0.02,0.0,0.0,0.0,0.0,0.0,0.0,-40.003,-40.0,0.0,-90.239,0.003,-0.02,-40.003,-81.999,0.0,-90.239,0.003,-0.02,0.0,1760.4633788037775,0.0,0.0,0.0,0.0,0.0,8.0,0.0,0.0,0.0,0.0,0.0137698,-0.0068849,-0.0275396,4.7987753,-0.0137698,-1.1773179,0.01231013430998,0.004438583638528,-0.006137728937652,-0.0029491758242370003,-0.000258699633705,0.00258699633705,49.998999999999995,1.8899209999290179,0.17725700035953196,0.07825800003047334,0.0
pd,23:51:13.531,504,-40.003,-89.999,0.0,-90.239,0.003,-0.02,0.0,0.0,0.0,0.0,0.0,0.0,-40.003,-40.0,0.0,-90.239,0.003,-0.02,-40.003,-81.999,0.0,-90.239,0.003,-0.02,0.0,1799.5512174192856,0.0,0.0,0.0,0.0,0.0,8.0,0.0,0.0,0.0,0.0,0.0137698,-0.0068849,-0.0275396,4.7987753,-0.0137698,-1.1773179,0.01231013430998,0.004438583638528,-0.006137728937652,-0.0029491758242370003,-0.000258699633705,0.00258699633705,49.998999999999995,1.6777570003796427,0.1301829997828463,0.056369000049016904,0.0
pd,23:51:13.533,505,-40.003,-89.999,0.0,-90.239,0.003,-0.02,0.0,0.0,0.0,0.0,0.0,0.0,-40.003,-40.0,0.0,-90.239,0.003,-0.02,-40.003,-81.999,0.0,-90.239,0.003,-0.02,0.0,2044.256853905203,0.0,0.0,0.0,0.0,0.0,8.0,0.0,0.0,0.0,0.0,0.0137698,-0.0068849,-0.0275396,4.7987753,-0.0137698,-1.1773179,0.01231013430998,0.004438583638528,-0.006137728937652,-0.0029491758242370003,-0.000258699633705,0.00258699633705,49.998999999999995,1.6746460000831576,0.13727599980484229,0.05851700007042382,0.0
pd,23:51:13.535,506,-40.003,-89.999,0.0,-90.239,0.003,-0.02,0.0,0.0,0.0,0.0,0.0,0.0,-40.003,-40.0,0.0,-90.239,0.003,-0.02,-40.003,-81.999,0.0,-90.239,0.003,-0.02,0.0,2064.379968007875,0.0,0.0,0.0,0.0,0.0,8.0,0.0,0.0,0.0,0.0,0.0137698,-0.0068849,-0.0275396,4.7987753,-0.0137698,-1.1773179,0.01231013430998,0.004438583638528,-0.006137728937652,-0.0029491758242370003,-0.000258699633705,0.00258699633705,49.998999999999995,1.6699230000085663,0.12425799968696083,0.053777000175614376,0.0
pd,23:51:13.536,507,-40.003,-89.999,0.0,-90.239,0.003,-0.02,0.0,0.0,0.0,0.0,0.0,0.0,-40.003,-40.0,0.0,-90.239,0.003,-0.02,-40.003,-81.999,0.0,-90.239,0.003,-0.02,0.0,2096.6278430392404,0.0,0.0,0.0,0.0,0.0,8.0,0.0,0.0,0.0,0.0,0.0137698,-0.0068849,-0.0275396,4.7987753,-0.0137698,-1.1773179,0.01231013430998,0.004438583638528,-0.006137728937652,-0.0029491758242370003,-0.000258699633705,0.00258699633705,49.998999999999995,1.8531989999246434,0.16108999989228323,0.07340599995586672,0.0
pd,23:51:13.539,508,-40.003,-89.999,0.0,-90.239,0.003,-0.02,0.0,0.0,0.0,0.0,0.0,0.0,-40.003,-40.0,0.0,-90.239,0.003,-0.02,-40.003,-81.999,0.0,-90.239,0.003,-0.02,0.0,1853.2216944659228,0.0,0.0,0.0,0.0,0.0,8.0,0.0,0.0,0.0,0.0,0.0137698,-0.0068849,-0.0275396,4.7987753,-0.0137698,-1.1773179,0.01231013430998,0.004438583638528,-0.006137728937652,-0.0029491758242370003,-0.000258699633705,0.00258699633705,49.998999999999995,1.6792380001788842,0.14364600019689533,0.06368499998643529,0.0
pd,23:51:13.541,509,-40.003,-89.999,0.0,-90.239,0.003,-0.02,0.0,0.0,0.0,0.0,0.0,0.0,-40.003,-40.0,0.0,-90.239,0.003,-0.02,-40.003,-81.999,0.0,-90.239,0.003,-0.02,0.0,2048.250030521304,0.0,0.0,0.0,0.0,0.0,8.0,0.0,0.0,0.0,0.0,0.0137698,-0.0068849,-0.0275396,4.7987753,-0.0137698,-1.1773179,0.01231013430998,0.004438583638528,-0.006137728937652,-0.0029491758242370003,-0.000258699633705,0.00258699633705,49.998999999999995,1.706793999801448,0.1530160002403136,0.06705499981762841,0.0
pd,23:51:13.543,510,-40.003,-89.999,0.0,-90.239,0.003,-0.02,0.0,0.0,0.0,0.0,0.0,0.0,-40.003,-40.0,0.0,-90.239,0.003,-0.02,-40.003,-81.999,0.0,-90.239,0.003,-0.02,0.0,2003.249671641791,0.0,0.0,0.0,0.0,0.0,8.0,0.0,0.0,0.0,0.0,0.0137698,-0.0068849,-0.0275396,4.7987753,-0.0137698,-1.1773179,0.01231013430998,0.004438583638528,-0.006137728937652,-0.0029491758242370003,-0.000258699633705,0.00258699633705,49.998999999999995,1.6673489999448066,0.1350910001747252,0.061795999954483705,0.0
pd,23:51:13.545,511,-40.003,-89.999,0.0,-90.239,0.003,-0.02,0.0,0.0,0.0,0.0,0.0,0.0,-40.003,-40.0,0.0,-90.239,0.003,-0.02,-40.003,-81.999,0.0,-90.239,0.003,-0.02,0.0,1730.5019082001031,0.0,0.0,0.0,0.0,0.0,8.0,0.0,0.0,0.0,0.0,0.0137698,-0.0068849,-0.0275396,4.7987753,-0.0137698,-1.1773179,0.01231013430998,0.004438583638528,-0.006137728937652,-0.0029491758242370003,-0.000258699633705,0.00258699633705,49.998999999999995,1.777625999693555,0.19283100027678302,0.06809199976487434,0.0
pd,23:51:13.547,512,-40.003,-89.999,0.0,-90.239,0.003,-0.02,0.0,0.0,0.0,0.0,0.0,0.0,-40.003,-40.0,0.0,-90.239,0.003,-0.02,-40.003,-81.999,0.0,-90.239,0.003,-0.02,0.0,1886.1400786958966,0.0,0.0,0.0,0.0,0.0,8.0,0.0,0.0,0.0,0.0,0.0137698,-0.0068849,-0.0275396,4.7987753,-0.0137698,-1.1773179,0.01231013430998,0.004438583638528,-0.006137728937652,-0.0029491758242370003,-0.000258699633705,0.00258699633705,49.998999999999995,2.273990000048798,0.2617560003272956,0.1110359999074717,0.0
pd,23:51:13.550,513,-40.003,-89.999,0.0,-90.239,0.003,-0.02,0.0,0.0,0.0,0.0,0.0,0.0,-40.003,-40.0,0.0,-90.239,0.003,-0.02,-40.003,-81.999,0.0,-90.239,0.003,-0.02,0.0,1460.666550583319,0.0,0.0,0.0,0.0,0.0,8.0,0.0,0.0,0.0,0.0,0.0137698,-0.0068849,-0.0275396,4.7987753,-0.0137698,-1.1773179,0.01231013430998,0.004438583638528,-0.006137728937652,-0.0029491758242370003,-0.000258699633705,0.00258699633705,49.998999999999995,1.746349000313785,0.15490499981751782,0.058831999922404066,0.0
pd,23:51:13.552,514,-40.003,-89.999,0.0,-90.239,0.003,-0.02,0.0,0.0,0.0,0.0,0.0,0.0,-40.003,-40.0,0.0,-90.239,0.003,-0.02,-40.003,-81.999,0.0,-90.239,0.003,-0.02,0.0,1974.4869954101448,0.0,0.0,0.0,0.0,0.0,8.0,0.0,0.0,0.0,0.0,0.0137698,-0.0068849,-0.0275396,4.7987753,-0.0137698,-1.1773179,0.01231013430998,0.004438583638528,-0.006137728937652,-0.0029491758242370003,-0.000258699633705,0.00258699633705,49.998999999999995,1.7630710003686545,0.17379400014760904,0.0790179997238738,0.0
pd,23:51:13.554,515,-40.003,-89.999,0.0,-90.239,0.003,-0.02,0.0,0.0,0.0,0.0,0.0,0.0,-40.003,-40.0,0.0,-90.239,0.003,-0.02,-40.003,-81.999,0.0,-90.239,0.003,-0.02,0.0,1911.0623077799294,0.0,0.0,0.0,0.0,0.0,8.0,0.0,0.0,0.0,0.0,0.0137698,-0.0068849,-0.0275396,4.7987753,-0.0137698,-1.1773179,0.01231013430998,0.004438583638528,-0.006137728937652,-0.0029491758242370003,-0.000258699633705,0.00258699633705,49.998999999999995,1.8650689999049064,0.1862570002231223,0.08781300039117923,0.0
pd,23:51:13.556,516,-40.003,-89.999,0.0,-90.239,0.003,-0.02,0.0,0.0,0.0,0.0,0.0,0.0,-40.003,-40.0,0.0,-90.239,0.003,-0.02,-40.003,-81.999,0.0,-90.239,0.003,-0.02,0.0,1803.4199720520262,0.0,0.0,0.0,0.0,0.0,8.0,0.0,0.0,0.0,0.0,0.0137698,-0.0068849,-0.0275396,4.7987753,-0.0137698,-1.1773179,0.01231013430998,0.004438583638528,-0.006137728937652,-0.0029491758242370003,-0.000258699633705,0.00258699633705,49.998999999999995,1.8433469999763474,0.17018300013660337,0.07764700012558023,0.0
pd,23:51:13.558,517,-40.003,-89.999,0.0,-90.239,0.003,-0.02,0.0,0.0,0.0,0.0,0.0,0.0,-40.003,-40.0,0.0,-90.239,0.003,-0.02,-40.003,-81.999,0.0,-90.239,0.003,-0.02,0.0,1845.8813950929696,0.0,0.0,0.0,0.0,0.0,8.0,0.0,0.0,0.0,0.0,0.0137698,-0.0068849,-0.0275396,4.7987753,-0.0137698,-1.1773179,0.01231013430998,0.004438583638528,-0.006137728937652,-0.0029491758242370003,-0.000258699633705,0.00258699633705,49.998999999999995,1.6571649998695648,0.14681299990115804,0.06433300040953327,0.0
pd,23:51:13.560,518,-40.003,-89.999,0.0,-90.239,0.003,-0.02,0.0,0.0,0.0,0.0,0.0,0.0,-40.003,-40.0,0.0,-90.239,0.003,-0.02,-40.003,-81.999,0.0,-90.239,0.003,-0.02,0.0,2068.197238658777,0.0,0.0,0.0,0.0,0.0,8.0,0.0,0.0,0.0,0.0,0.0137698,-0.0068849,-0.0275396,4.7987753,-0.0137698,-1.1773179,0.01231013430998,0.004438583638528,-0.006137728937652,-0.0029491758242370003,-0.000258699633705,0.00258699633705,49.998999999999995,1.680552999914653,0.1505899999756366,0.06827700008216198,0.0
pd,23:51:13.562,519,-40.003,-89.999,0.0,-90.239,0.003,-0.02,0.0,0.0,0.0,0.0,0.0,0.0,-40.003,-40.0,0.0,-90.239,0.003,-0.02,-40.003,-81.999,0.0,-90.239,0.003,-0.02,0.0,2029.9111917725347,0.0,0.0,0.0,0.0,0.0,8.0,0.0,0.0,0.0,0.0,0.0137698,-0.0068849,-0.0275396,4.7987753,-0.0137698,-1.1773179,0.01231013430998,0.004438583638528,-0.006137728937652,-0.0029491758242370003,-0.000258699633705,0.00258699633705,49.998999999999995,1.632590999633976,0.14427599990085582,0.061795999954483705,0.0
pd,23:51:13.564,520,-40.003,-89.999,0.0,-90.239,0.003,-0.02,0.0,0.0,0.0,0.0,0.0,0.0,-40.003,-40.0,0.0,-90.239,0.003,-0.02,-40.003,-81.999,0.0,-90.239,0.003,-0.02,0.0,2097.6764191047764,0.0,0.0,0.0,0.0,0.0,8.0,0.0,0.0,0.0,0.0,0.0137698,-0.0068849,-0.0275396,4.7987753,-0.0137698,-1.1773179,0.01231013430998,0.004438583638528,-0.006137728937652,-0.0029491758242370003,-0.000258699633705,0.00258699633705,49.998999999999995,1.659942000060255,0.13468399993143976,0.057018000006792136,0.0
pd,23:51:13.566,521,-40.003,-89.999,0.0,-90.239,0.003,-0.02,0.0,0.0,0.0,0.0,0.0,0.0,-40.003,-40.0,0.0,-90.239,0.003,-0.02,-40.003,-81.999,0.0,-90.239,0.003,-0.02,0.0,1799.165254691689,0.0,0.0,0.0,0.0,0.0,8.0,0.0,0.0,0.0,0.0,0.0137698,-0.0068849,-0.0275396,4.7987753,-0.0137698,-1.1773179,0.01231013430998,0.004438583638528,-0.006137728937652,-0.0029491758242370003,-0.000258699633705,0.00258699633705,49.998999999999995,1.9025510000574286,0.21146100016267155,0.08003599987205234,0.0
pd,23:51:13.569,522,-40.003,-89.999,0.0,-90.239,0.003,-0.02,0.0,0.0,0.0,0.0,0.0,0.0,-40.003,-40.0,0.0,-90.239,0.003,-0.02,-40.003,-81.999,0.0,-90.239,0.003,-0.02,0.0,1719.3293707726993,0.0,0.0,0.0,0.0,0.0,8.0,0.0,0.0,0.0,0.0,0.0137698,-0.0068849,-0.0275396,4.7987753,-0.0137698,-1.1773179,0.01231013430998,0.004438583638528,-0.006137728937652,-0.0029491758242370003,-0.000258699633705,0.00258699633705,49.998999999999995,1.6757379999035038,0.17257199988307548,0.07123999967006966,0.0
pd,23:51:13.571,523,-40.003,-89.999,0.0,-90.239,0.003,-0.02,0.0,0.0,0.0,0.0,0.0,0.0,-40.003,-40.0,0.0,-90.239,0.003,-0.02,-40.003,-81.999,0.0,-90.239,0.003,-0.02,0.0,2004.6858644999402,0.0,0.0,0.0,0.0,0.0,8.0,0.0,0.0,0.0,0.0,0.0137698,-0.0068849,-0.0275396,4.7987753,-0.0137698,-1.1773179,0.01231013430998,0.004438583638528,-0.006137728937652,-0.0029491758242370003,-0.000258699633705,0.00258699633705,49.998999999999995,1.6320720001203881,0.13016499997320352,0.05670300015481189,0.0
pd,23:51:13.572,524,-40.003,-89.999,0.0,-90.239,0.003,-0.02,0.0,0.0,0.0,0.0,0.0,0.0,-40.003,-40.0,0.0,-90.239,0.003,-0.02,-40.003,-81.999,0.0,-90.239,0.003,-0.02,0.0,2125.5816546306855,0.0,0.0,0.0,0.0,0.0,8.0,0.0,0.0,0.0,0.0,0.0137698,-0.0068849,-0.0275396,4.7987753,-0.0137698,-1.1773179,0.01231013430998,0.004438583638528,-0.006137728937652,-0.0029491758242370003,-0.000258699633705,0.00258699633705,49.998999999999995,1.9176060000063444,0.20051599994985736,0.09494300002188538,0.0
pd,23:51:13.575,525,-40.003,-89.999,0.0,-90.239,0.003,-0.02,0.0,0.0,0.0,0.0,0.0,0.0,-40.003,-40.0,0.0,-90.239,0.003,-0.02,-40.003,-81.999,0.0,-90.239,0.003,-0.02,0.0,1737.8512533664803,0.0,0.0,0.0,0.0,0.0,8.0,0.0,0.0,0.0,0.0,0.0137698,-0.0068849,-0.0275396,4.7987753,-0.0137698,-1.1773179,0.01231013430998,0.004438583638528,-0.006137728937652,-0.0029491758242370003,-0.000258699633705,0.00258699633705,49.998999999999995,1.6619050002191216,0.20566400007737684,0.06696199989164597,0.0
pd,23:51:13.577,526,-40.003,-89.999,0.0,-90.239,0.003,-0.02,0.0,0.0,0.0,0.0,0.0,0.0,-40.003,-40.0,0.0,-90.239,0.003,-0.02,-40.003,-81.999,0.0,-90.239,0.003,-0.02,0.0,1994.2013550457625,0.0,0.0,0.0,0.0,0.0,8.0,0.0,0.0,0.0,0.0,0.0137698,-0.0068849,-0.0275396,4.7987753,-0.0137698,-1.1773179,0.01231013430998,0.004438583638528,-0.006137728937652,-0.0029491758242370003,-0.000258699633705,0.00258699633705,49.998999999999995,1.790976999927807,0.18755300015982357,0.12794299982488155,0.0
pd,23:51:13.579,527,-40.003,-89.999,0.0,-90.239,0.003,-0.02,0.0,0.0,0.0,0.0,0.0,0.0,-40.003,-40.0,0.0,-90.239,0.003,-0.02,-40.003,-81.999,0.0,-90.239,0.003,-0.02,0.0,1829.1774967291758,0.0,0.0,0.0,0.0,0.0,8.0,0.0,0.0,0.0,0.0,0.0137698,-0.0068849,-0.0275396,4.7987753,-0.0137698,-1.1773179,0.01231013430998,0.004438583638528,-0.006137728937652,-0.0029491758242370003,-0.000258699633705,0.00258699633705,49.998999999999995,1.8034770000667777,0.17699800037007662,0.07960999982969952,0.0
pd,23:51:13.581,528,-40.003,-89.999,0.0,-90.239,0.003,-0.02,0.0,0.0,0.0,0.0,0.0,0.0,-40.003,-40.0,0.0,-90.239,0.003,-0.02,-40.003,-81.999,0.0,-90.239,0.003,-0.02,0.0,1870.7867975022302,0.0,0.0,0.0,0.0,0.0,8.0,0.0,0.0,0.0,0.0,0.0137698,-0.0068849,-0.0275396,4.7987753,-0.0137698,-1.1773179,0.01231013430998,0.004438583638528,-0.006137728937652,-0.0029491758242370003,-0.000258699633705,0.00258699633705,49.998999999999995,1.6451639999104373,0.14973899988035555,0.06877700025142985,0.0
pd,23:51:13.583,529,-40.003,-89.999,0.0,-90.239,0.003,-0.02,0.0,0.0,0.0,0.0,0.0,0.0,-40.003,-40.0,0.0,-90.239,0.003,-0.02,-40.003,-81.999,0.0,-90.239,0.003,-0.02,0.0,2068.707274969174,0.0,0.0,0.0,0.0,0.0,8.0,0.0,0.0,0.0,0.0,0.0137698,-0.0068849,-0.0275396,4.7987753,-0.0137698,-1.1773179,0.01231013430998,0.004438583638528,-0.006137728937652,-0.0029491758242370003,-0.000258699633705,0.00258699633705,49.998999999999995,1.6503500000908389,0.14022000004842994,0.06238800006030942,0.0
pd,23:51:13.585,530,-40.003,-89.999,0.0,-90.239,0.003,-0.02,0.0,0.0,0.0,0.0,0.0,0.0,-40.003,-40.0,0.0,-90.239,0.003,-0.02,-40.003,-81.999,0.0,-90.239,0.003,-0.02,0.0,2081.7987343342847,0.0,0.0,0.0,0.0,0.0,8.0,0.0,0.0,0.0,0.0,0.0137698,-0.0068849,-0.0275396,4.7987753,-0.0137698,-1.1773179,0.01231013430998,0.004438583638528,-0.006137728937652,-0.0029491758242370003,-0.000258699633705,0.00258699633705,49.998999999999995,1.6103500001918292,0.12610900012077764,0.055110000175773166,0.0
pd,23:51:13.587,531,-40.003,-89.999,0.0,-90.239,0.003,-0.02,0.0,0.0,0.0,0.0,0.0,0.0,-40.003,-40.0,0.0,-90.239,0.003,-0.02,-40.003,-81.999,0.0,-90.239,0.003,-0.02,0.0,1847.1007376417483,0.0,0.0,0.0,0.0,0.0,8.0,0.0,0.0,0.0,0.0,0.0137698,-0.0068849,-0.0275396,4.7987753,-0.0137698,-1.1773179,0.01231013430998,0.004438583638528,-0.006137728937652,-0.0029491758242370003,-0.000258699633705,0.00258699633705,49.998999999999995,1.9870680002895824,0.22288700029093889,0.08796199972493923,0.0
pd,23:51:13.590,532,-40.003,-89.999,0.0,-90.239,0.003,-0.02,0.0,0.0,0.0,0.0,0.0,0.0,-40.003,-40.0,0.0,-90.239,0.003,-0.02,-40.003,-81.999,0.0,-90.239,0.003,-0.02,0.0,1671.2039047713915,0.0,0.0,0.0,0.0,0.0,8.0,0.0,0.0,0.0,0.0,0.0137698,-0.0068849,-0.0275396,4.7987753,-0.0137698,-1.1773179,0.01231013430998,0.004438583638528,-0.006137728937652,-0.0029491758242370003,-0.000258699633705,0.00258699633705,49.998999999999995,1.6574979999859352,0.14116500005911803,0.05948100033492665,0.0
pd,23:51:13.591,533,-40.003,-89.999,0.0,-90.239,0.003,-0.02,0.0,0.0,0.0,0.0,0.0,0.0,-40.003,-40.0,0.0,-90.239,0.003,-0.02,-40.003,-81.999,0.0,-90.239,0.003,-0.02,0.0,2081.0240635078144,0.0,0.0,0.0,0.0,0.0,8.0,0.0,0.0,0.0,0.0,0.0137698,-0.0068849,-0.0275396,4.7987753,-0.0137698,-1.1773179,0.01231013430998,0.004438583638528,-0.006137728937652,-0.0029491758242370003,-0.000258699633705,0.00258699633705,49.998999999999995,1.6515160000381002,0.139517000206979,0.06024000003890251,0.0
pd,23:51:13.593,534,-40.003,-89.999,0.0,-90.239,0.003,-0.02,0.0,0.0,0.0,0.0,0.0,0.0,-40.003,-40.0,0.0,-90.239,0.003,-0.02,-40.003,-81.999,0.0,-90.239,0.003,-0.02,0.0,2087.497324872465,0.0,0.0,0.0,0.0,0.0,8.0,0.0,0.0,0.0,0.0,0.0137698,-0.0068849,-0.0275396,4.7987753,-0.0137698,-1.1773179,0.01231013430998,0.004438583638528,-0.006137728937652,-0.0029491758242370003,-0.000258699633705,0.00258699633705,49.998999999999995,1.634886999909213,0.135313000100723,0.060740000208170386,0.0
pd,23:51:13.595,535,-40.003,-89.999,0.0,-90.239,0.003,-0.02,0.0,0.0,0.0,0.0,0.0,0.0,-40.003,-40.0,0.0,-90.239,0.003,-0.02,-40.003,-81.999,0.0,-90.239,0.003,-0.02,0.0,2111.138291179061,0.0,0.0,0.0,0.0,0.0,8.0,0.0,0.0,0.0,0.0,0.0137698,-0.0068849,-0.0275396,4.7987753,-0.0137698,-1.1773179,0.01231013430998,0.004438583638528,-0.006137728937652,-0.0029491758242370003,-0.000258699633705,0.00258699633705,49.998999999999995,1.648979000037798,0.13301699982548598,0.05586900033449638,0.0
pd,23:51:13.597,536,-40.003,-89.999,0.0,-90.239,0.003,-0.02,0.0,0.0,0.0,0.0,0.0,0.0,-40.003,-40.0,0.0,-90.239,0.003,-0.02,-40.003,-81.999,0.0,-90.239,0.003,-0.02,0.0,2105.8385841596587,0.0,0.0,0.0,0.0,0.0,8.0,0.0,0.0,0.0,0.0,0.0137698,-0.0068849,-0.0275396,4.7987753,-0.0137698,-1.1773179,0.01231013430998,0.004438583638528,-0.006137728937652,-0.0029491758242370003,-0.000258699633705,0.00258699633705,49.998999999999995,1.7814590000853059,0.15753499974380247,0.07801800029483275,0.0
pd,23:51:13.599,537,-40.003,-89.999,0.0,-90.239,0.003,-0.02,0.0,0.0,0.0,0.0,0.0,0.0,-40.003,-40.0,0.0,-90.239,0.003,-0.02,-40.003,-81.999,0.0,-90.239,0.003,-0.02,0.0,1912.151356279918,0.0,0.0,0.0,0.0,0.0,8.0,0.0,0.0,0.0,0.0,0.0137698,-0.0068849,-0.0275396,4.7987753,-0.0137698,-1.1773179,0.01231013430998,0.004438583638528,-0.006137728937652,-0.0029491758242370003,-0.000258699633705,0.00258699633705,49.998999999999995,1.9714750001185166,0.19653399976959918,0.08077699976638542,0.0
pd,23:51:13.602,538,-40.003,-89.999,0.0,-90.239,0.003,-0.02,0.0,0.0,0.0,0.0,0.0,0.0,-40.003,-40.0,0.0,-90.239,0.003,-0.02,-40.003,-81.999,0.0,-90.239,0.003,-0.02,0.0,1714.9357047940305,0.0,0.0,0.0,0.0,0.0,8.0,0.0,0.0,0.0,0.0,0.0137698,-0.0068849,-0.0275396,4.7987753,-0.0137698,-1.1773179,0.01231013430998,0.004438583638528,-0.006137728937652,-0.0029491758242370003,-0.000258699633705,0.00258699633705,49.998999999999995,1.669960999606701,0.2187380000577832,0.07786900005157804,0.0
pd,23:51:13.604,539,-40.003,-89.999,0.0,-90.239,0.003,-0.02,0.0,0.0,0.0,0.0,0.0,0.0,-40.003,-40.0,0.0,-90.239,0.003,-0.02,-40.003,-81.999,0.0,-90.239,0.003,-0.02,0.0,1959.0397010742643,0.0,0.0,0.0,0.0,0.0,8.0,0.0,0.0,0.0,0.0,0.0137698,-0.0068849,-0.0275396,4.7987753,-0.0137698,-1.1773179,0.01231013430998,0.004438583638528,-0.006137728937652,-0.0029491758242370003,-0.000258699633705,0.00258699633705,49.998999999999995,1.7539410000608768,0.15775699966980028,0.0729799999135139,0.0
pd,23:51:13.606,540,-40.003,-89.999,0.0,-90.239,0.003,-0.02,0.0,0.0,0.0,0.0,0.0,0.0,-40.003,-40.0,0.0,-90.239,0.003,-0.02,-40.003,-81.999,0.0,-90.239,0.003,-0.02,0.0,1943.381906637322,0.0,0.0,0.0,0.0,0.0,8.0,0.0,0.0,0.0,0.0,0.0137698,-0.0068849,-0.0275396,4.7987753,-0.0137698,-1.1773179,0.01231013430998,0.004438583638528,-0.006137728937652,-0.0029491758242370003,-0.000258699633705,0.00258699633705,49.998999999999995,1.6325540000252659,0.12925800001539756,0.05603699992207112,0.0
pd,23:51:13.608,541,-40.003,-89.999,0.0,-90.239,0.003,-0.02,0.0,0.0,0.0,0.0,0.0,0.0,-40.003,-40.0,0.0,-90.239,0.003,-0.02,-40.003,-81.999,0.0,-90.239,0.003,-0.02,0.0,1822.02606429192,0.0,0.0,0.0,0.0,0.0,8.0,0.0,0.0,0.0,0.0,0.0137698,-0.0068849,-0.0275396,4.7987753,-0.0137698,-1.1773179,0.01231013430998,0.004438583638528,-0.006137728937652,-0.0029491758242370003,-0.000258699633705,0.00258699633705,49.998999999999995,2.0066789998054446,0.21518199991987785,0.0863129998833756,0.0
pd,23:51:13.610,542,-40.003,-89.999,0.0,-90.239,0.003,-0.02,0.0,0.0,0.0,0.0,0.0,0.0,-40.003,-40.0,0.0,-90.239,0.003,-0.02,-40.003,-81.999,0.0,-90.239,0.003,-0.02,0.0,1667.5495477586721,0.0,0.0,0.0,0.0,0.0,8.0,0.0,0.0,0.0,0.0,0.0137698,-0.0068849,-0.0275396,4.7987753,-0.0137698,-1.1773179,0.01231013430998,0.004438583638528,-0.006137728937652,-0.0029491758242370003,-0.000258699633705,0.00258699633705,49.998999999999995,1.652480000302603,0.13938700021753903,0.05842500013386598,0.0
pd,23:51:13.612,543,-40.003,-89.999,0.0,-90.239,0.003,-0.02,0.0,0.0,0.0,0.0,0.0,0.0,-40.003,-40.0,0.0,-90.239,0.003,-0.02,-40.003,-81.999,0.0,-90.239,0.003,-0.02,0.0,2090.0979195216146,0.0,0.0,0.0,0.0,0.0,8.0,0.0,0.0,0.0,0.0,0.0137698,-0.0068849,-0.0275396,4.7987753,-0.0137698,-1.1773179,0.01231013430998,0.004438583638528,-0.006137728937652,-0.0029491758242370003,-0.000258699633705,0.00258699633705,49.998999999999995,1.6471829999318288,0.1417389999005536,0.06474000019807136,0.0
pd,23:51:13.614,544,-40.003,-89.999,0.0,-90.239,0.003,-0.02,0.0,0.0,0.0,0.0,0.0,0.0,-40.003,-40.0,0.0,-90.239,0.003,-0.02,-40.003,-81.999,0.0,-90.239,0.003,-0.02,0.0,2083.6085444610035,0.0,0.0,0.0,0.0,0.0,8.0,0.0,0.0,0.0,0.0,0.0137698,-0.0068849,-0.0275396,4.7987753,-0.0137698,-1.1773179,0.01231013430998,0.004438583638528,-0.006137728937652,-0.0029491758242370003,-0.000258699633705,0.00258699633705,49.998999999999995,1.6205169999921054,0.13077699986752123,0.057127999752992764,0.0
pd,23:51:13.616,545,-40.003,-89.999,0.0,-90.239,0.003,-0.02,0.0,0.0,0.0,0.0,0.0,0.0,-40.003,-40.0,0.0,-90.239,0.003,-0.02,-40.003,-81.999,0.0,-90.239,0.003,-0.02,0.0,2136.4085063033235,0.0,0.0,0.0,0.0,0.0,8.0,0.0,0.0,0.0,0.0,0.0137698,-0.0068849,-0.0275396,4.7987753,-0.0137698,-1.1773179,0.01231013430998,0.004438583638528,-0.006137728937652,-0.0029491758242370003,-0.000258699633705,0.00258699633705,49.998999999999995,1.6405900000791007,0.13297999976202846,0.05964699994365219,0.0
pd,23:51:13.618,546,-40.003,-89.999,0.0,-90.239,0.003,-0.02,0.0,0.0,0.0,0.0,0.0,0.0,-40.003,-40.0,0.0,-90.239,0.003,-0.02,-40.003,-81.999,0.0,-90.239,0.003,-0.02,0.0,2109.0152105593966,0.0,0.0,0.0,0.0,0.0,8.0,0.0,0.0,0.0,0.0,0.0137698,-0.0068849,-0.0275396,4.7987753,-0.0137698,-1.1773179,0.01231013430998,0.004438583638528,-0.006137728937652,-0.0029491758242370003,-0.000258699633705,0.00258699633705,49.998999999999995,1.7711820000840817,0.16612799981885473,0.07947999984025955,0.0
pd,23:51:13.620,547,-40.003,-89.999,0.0,-90.239,0.003,-0.02,0.0,0.0,0.0,0.0,0.0,0.0,-40.003,-40.0,0.0,-90.239,0.003,-0.02,-40.003,-81.999,0.0,-90.239,0.003,-0.02,0.0,1911.9334472934472,0.0,0.0,0.0,0.0,0.0,8.0,0.0,0.0,0.0,0.0,0.0137698,-0.0068849,-0.0275396,4.7987753,-0.0137698,-1.1773179,0.01231013430998,0.004438583638528,-0.006137728937652,-0.0029491758242370003,-0.000258699633705,0.00258699633705,49.998999999999995,1.6869040000528912,0.15449800002897973,0.07066599982863409,0.0
pd,23:51:13.622,548,-40.003,-89.999,0.0,-90.239,0.003,-0.02,0.0,0.0,0.0,0.0,0.0,0.0,-40.003,-40.0,0.0,-90.239,0.003,-0.02,-40.003,-81.999,0.0,-90.239,0.003,-0.02,0.0,2014.797165846043,0.0,0.0,0.0,0.0,0.0,8.0,0.0,0.0,0.0,0.0,0.0137698,-0.0068849,-0.0275396,4.7987753,-0.0137698,-1.1773179,0.01231013430998,0.004438583638528,-0.006137728937652,-0.0029491758242370003,-0.000258699633705,0.00258699633705,49.998999999999995,1.6324799998983508,0.14322099968921975,0.06438799982788623,0.0
pd,23:51:13.624,549,-40.003,-89.999,0.0,-90.239,0.003,-0.02,0.0,0.0,0.0,0.0,0.0,0.0,-40.003,-40.0,0.0,-90.239,0.003,-0.02,-40.003,-81.999,0.0,-90.239,0.003,-0.02,0.0,2097.4141767720967,0.0,0.0,0.0,0.0,0.0,8.0,0.0,0.0,0.0,0.0,0.0137698,-0.0068849,-0.0275396,4.7987753,-0.0137698,-1.1773179,0.01231013430998,0.004438583638528,-0.006137728937652,-0.0029491758242370003,-0.000258699633705,0.00258699633705,49.998999999999995,1.9196620000911935,0.18853500023396919,0.08985100021163817,0.0
pd,23:51:13.626,550,-40.003,-89.999,0.0,-90.239,0.003,-0.02,0.0,0.0,0.0,0.0,0.0,0.0,-40.003,-40.0,0.0,-90.239,0.003,-0.02,-40.003,-81.999,0.0,-90.239,0.003,-0.02,0.0,1756.0410299351058,0.0,0.0,0.0,0.0,0.0,8.0,0.0,0.0,0.0,0.0,0.0137698,-0.0068849,-0.0275396,4.7987753,-0.0137698,-1.1773179,0.01231013430998,0.004438583638528,-0.006137728937652,-0.0029491758242370003,-0.000258699633705,0.00258699633705,49.998999999999995,1.6733120000935742,0.15225700008159038,0.07188800009316765,0.0
pd,23:51:13.629,551,-40.003,-89.999,0.0,-90.239,0.003,-0.02,0.0,0.0,0.0,0.0,0.0,0.0,-40.003,-40.0,0.0,-90.239,0.003,-0.02,-40.003,-81.999,0.0,-90.239,0.003,-0.02,0.0,1580.966453071994,0.0,0.0,0.0,0.0,0.0,8.0,0.0,0.0,0.0,0.0,0.0137698,-0.0068849,-0.0275396,4.7987753,-0.0137698,-1.1773179,0.01231013430998,0.004438583638528,-0.006137728937652,-0.0029491758242370003,-0.000258699633705,0.00258699633705,49.998999999999995,1.869661000000633,0.22986800013313768,0.08657300031700288,0.0
pd,23:51:13.631,552,-40.003,-89.999,0.0,-90.239,0.003,-0.02,0.0,0.0,0.0,0.0,0.0,0.0,-40.003,-40.0,0.0,-90.239,0.003,-0.02,-40.003,-81.999,0.0,-90.239,0.003,-0.02,0.0,1756.0410299351058,0.0,0.0,0.0,0.0,0.0,8.0,0.0,0.0,0.0,0.0,0.0137698,-0.0068849,-0.0275396,4.7987753,-0.0137698,-1.1773179,0.01231013430998,0.004438583638528,-0.006137728937652,-0.0029491758242370003,-0.000258699633705,0.00258699633705,49.998999999999995,1.699368000117829,0.1943310003298393,0.06594399974346743,0.0
pd,23:51:13.633,553,-40.003,-89.999,0.0,-90.239,0.003,-0.02,0.0,0.0,0.0,0.0,0.0,0.0,-40.003,-40.0,0.0,-90.239,0.003,-0.02,-40.003,-81.999,0.0,-90.239,0.003,-0.02,0.0,1969.850416813432,0.0,0.0,0.0,0.0,0.0,8.0,0.0,0.0,0.0,0.0,0.0137698,-0.0068849,-0.0275396,4.7987753,-0.0137698,-1.1773179,0.01231013430998,0.004438583638528,-0.006137728937652,-0.0029491758242370003,-0.000258699633705,0.00258699633705,49.998999999999995,1.6252759996859822,0.13757199985775515,0.06068499988032272,0.0
pd,23:51:13.635,554,-40.003,-89.999,0.0,-90.239,0.003,-0.02,0.0,0.0,0.0,0.0,0.0,0.0,-40.003,-40.0,0.0,-90.239,0.003,-0.02,-40.003,-81.999,0.0,-90.239,0.003,-0.02,0.0,2118.3353535353535,0.0,0.0,0.0,0.0,0.0,8.0,0.0,0.0,0.0,0.0,0.0137698,-0.0068849,-0.0275396,4.7987753,-0.0137698,-1.1773179,0.01231013430998,0.004438583638528,-0.006137728937652,-0.0029491758242370003,-0.000258699633705,0.00258699633705,49.998999999999995,1.611517000128515,0.15257199993357062,0.057222000123147154,0.0
pd,23:51:13.637,555,-40.003,-89.999,0.0,-90.239,0.003,-0.02,0.0,0.0,0.0,0.0,0.0,0.0,-40.003,-40.0,0.0,-90.239,0.003,-0.02,-40.003,-81.999,0.0,-90.239,0.003,-0.02,0.0,2121.549822964087,0.0,0.0,0.0,0.0,0.0,8.0,0.0,0.0,0.0,0.0,0.0137698,-0.0068849,-0.0275396,4.7987753,-0.0137698,-1.1773179,0.01231013430998,0.004438583638528,-0.006137728937652,-0.0029491758242370003,-0.000258699633705,0.00258699633705,49.998999999999995,1.6068509999058733,0.2882369999497314,0.0742220004212868,0.0
pd,23:51:13.639,556,-40.003,-89.999,0.0,-90.239,0.003,-0.02,0.0,0.0,0.0,0.0,0.0,0.0,-40.003,-40.0,0.0,-90.239,0.003,-0.02,-40.003,-81.999,0.0,-90.239,0.003,-0.02,0.0,1958.582302124679,0.0,0.0,0.0,0.0,0.0,8.0,0.0,0.0,0.0,0.0,0.0137698,-0.0068849,-0.0275396,4.7987753,-0.0137698,-1.1773179,0.01231013430998,0.004438583638528,-0.006137728937652,-0.0029491758242370003,-0.000258699633705,0.00258699633705,49.998999999999995,1.6534239998691191,0.1820909997150011,0.07266600005095825,0.0
pd,23:51:13.641,557,-40.003,-89.999,0.0,-90.239,0.003,-0.02,0.0,0.0,0.0,0.0,0.0,0.0,-40.003,-40.0,0.0,-90.239,0.003,-0.02,-40.003,-81.999,0.0,-90.239,0.003,-0.02,0.0,2019.8911630146881,0.0,0.0,0.0,0.0,0.0,8.0,0.0,0.0,0.0,0.0,0.0137698,-0.0068849,-0.0275396,4.7987753,-0.0137698,-1.1773179,0.01231013430998,0.004438583638528,-0.006137728937652,-0.0029491758242370003,-0.000258699633705,0.00258699633705,49.998999999999995,1.6418310001427017,0.18427599979986553,0.06655400011368329,0.0
pd,23:51:13.643,558,-40.003,-89.999,0.0,-90.239,0.003,-0.02,0.0,0.0,0.0,0.0,0.0,0.0,-40.003,-40.0,0.0,-90.239,0.003,-0.02,-40.003,-81.999,0.0,-90.239,0.003,-0.02,0.0,2038.2961973028794,0.0,0.0,0.0,0.0,0.0,8.0,0.0,0.0,0.0,0.0,0.0137698,-0.0068849,-0.0275396,4.7987753,-0.0137698,-1.1773179,0.01231013430998,0.004438583638528,-0.006137728937652,-0.0029491758242370003,-0.000258699633705,0.00258699633705,49.998999999999995,1.6337939996446948,0.1431279997632373,0.08607299969298765,0.0
pd,23:51:13.645,559,-40.003,-89.999,0.0,-90.239,0.003,-0.02,0.0,0.0,0.0,0.0,0.0,0.0,-40.003,-40.0,0.0,-90.239,0.003,-0.02,-40.003,-81.999,0.0,-90.239,0.003,-0.02,0.0,2074.3343224530167,0.0,0.0,0.0,0.0,0.0,8.0,0.0,0.0,0.0,0.0,0.0137698,-0.0068849,-0.0275396,4.7987753,-0.0137698,-1.1773179,0.01231013430998,0.004438583638528,-0.006137728937652,-0.0029491758242370003,-0.000258699633705,0.00258699633705,49.998999999999995,1.628536000225722,0.1341649999631045,0.056073999985528644,0.0
pd,23:51:13.647,560,-40.003,-89.999,0.0,-90.239,0.003,-0.02,0.0,0.0,0.0,0.0,0.0,0.0,-40.003,-40.0,0.0,-90.239,0.003,-0.02,-40.003,-81.999,0.0,-90.239,0.003,-0.02,0.0,2124.774062816616,0.0,0.0,0.0,0.0,0.0,8.0,0.0,0.0,0.0,0.0,0.0137698,-0.0068849,-0.0275396,4.7987753,-0.0137698,-1.1773179,0.01231013430998,0.004438583638528,-0.006137728937652,-0.0029491758242370003,-0.000258699633705,0.00258699633705,49.998999999999995,1.6103140001177962,0.12505399990914157,0.053684999784309184,0.0
pd,23:51:13.649,561,-40.003,-89.999,0.0,-90.239,0.003,-0.02,0.0,0.0,0.0,0.0,0.0,0.0,-40.003,-40.0,0.0,-90.239,0.003,-0.02,-40.003,-81.999,0.0,-90.239,0.003,-0.02,0.0,1685.6441273987743,0.0,0.0,0.0,0.0,0.0,8.0,0.0,0.0,0.0,0.0,0.0137698,-0.0068849,-0.0275396,4.7987753,-0.0137698,-1.1773179,0.01231013430998,0.004438583638528,-0.006137728937652,-0.0029491758242370003,-0.000258699633705,0.00258699633705,49.998999999999995,2.042752000306791,0.2293679999638698,0.09723899984237505,0.0
pd,23:51:13.651,562,-40.003,-89.999,0.0,-90.239,0.003,-0.02,0.0,0.0,0.0,0.0,0.0,0.0,-40.003,-40.0,0.0,-90.239,0.003,-0.02,-40.003,-81.999,0.0,-90.239,0.003,-0.02,0.0,1623.3397194000968,0.0,0.0,0.0,0.0,0.0,8.0,0.0,0.0,0.0,0.0,0.0137698,-0.0068849,-0.0275396,4.7987753,-0.0137698,-1.1773179,0.01231013430998,0.004438583638528,-0.006137728937652,-0.0029491758242370003,-0.000258699633705,0.00258699633705,49.998999999999995,1.7186820000461012,0.14812800009167404,0.06310999970082776,0.0
pd,23:51:13.653,563,-40.003,-89.999,0.0,-90.239,0.003,-0.02,0.0,0.0,0.0,0.0,0.0,0.0,-40.003,-40.0,0.0,-90.239,0.003,-0.02,-40.003,-81.999,0.0,-90.239,0.003,-0.02,0.0,2002.5323466221055,0.0,0.0,0.0,0.0,0.0,8.0,0.0,0.0,0.0,0.0,0.0137698,-0.0068849,-0.0275396,4.7987753,-0.0137698,-1.1773179,0.01231013430998,0.004438583638528,-0.006137728937652,-0.0029491758242370003,-0.000258699633705,0.00258699633705,49.998999999999995,1.627072999781376,0.14440600034504314,0.06616500013478799,0.0
pd,23:51:13.655,564,-40.003,-89.999,0.0,-90.239,0.003,-0.02,0.0,0.0,0.0,0.0,0.0,0.0,-40.003,-40.0,0.0,-90.239,0.003,-0.02,-40.003,-81.999,0.0,-90.239,0.003,-0.02,0.0,2097.6764191047764,0.0,0.0,0.0,0.0,0.0,8.0,0.0,0.0,0.0,0.0,0.0137698,-0.0068849,-0.0275396,4.7987753,-0.0137698,-1.1773179,0.01231013430998,0.004438583638528,-0.006137728937652,-0.0029491758242370003,-0.000258699633705,0.00258699633705,49.998999999999995,2.1638060002260318,0.17381299994667643,0.08238800000981428,0.0
pd,23:51:13.658,565,-40.003,-89.999,0.0,-90.239,0.003,-0.02,0.0,0.0,0.0,0.0,0.0,0.0,-40.003,-40.0,0.0,-90.239,0.003,-0.02,-40.003,-81.999,0.0,-90.239,0.003,-0.02,0.0,1604.2470835723848,0.0,0.0,0.0,0.0,0.0,8.0,0.0,0.0,0.0,0.0,0.0137698,-0.0068849,-0.0275396,4.7987753,-0.0137698,-1.1773179,0.01231013430998,0.004438583638528,-0.006137728937652,-0.0029491758242370003,-0.000258699633705,0.00258699633705,49.998999999999995,1.7948110003089823,0.17520099981993553,0.07779599991408759,0.0
pd,23:51:13.660,566,-40.003,-89.999,0.0,-90.239,0.003,-0.02,0.0,0.0,0.0,0.0,0.0,0.0,-40.003,-40.0,0.0,-90.239,0.003,-0.02,-40.003,-81.999,0.0,-90.239,0.003,-0.02,0.0,1884.2336028751124,0.0,0.0,0.0,0.0,0.0,8.0,0.0,0.0,0.0,0.0,0.0137698,-0.0068849,-0.0275396,4.7987753,-0.0137698,-1.1773179,0.01231013430998,0.004438583638528,-0.006137728937652,-0.0029491758242370003,-0.000258699633705,0.00258699633705,49.998999999999995,1.70653500026674,0.15207199976430275,0.0669989999551035,0.0
pd,23:51:13.662,567,-40.003,-89.999,0.0,-90.239,0.003,-0.02,0.0,0.0,0.0,0.0,0.0,0.0,-40.003,-40.0,0.0,-90.239,0.003,-0.02,-40.003,-81.999,0.0,-90.239,0.003,-0.02,0.0,2004.4463560334527,0.0,0.0,0.0,0.0,0.0,8.0,0.0,0.0,0.0,0.0,0.0137698,-0.0068849,-0.0275396,4.7987753,-0.0137698,-1.1773179,0.01231013430998,0.004438583638528,-0.006137728937652,-0.0029491758242370003,-0.000258699633705,0.00258699633705,49.998999999999995,1.6868669999894337,0.18383099995844532,0.08714700015843846,0.0
pd,23:51:13.664,568,-40.003,-89.999,0.0,-90.239,0.003,-0.02,0.0,0.0,0.0,0.0,0.0,0.0,-40.003,-40.0,0.0,-90.239,0.003,-0.02,-40.003,-81.999,0.0,-90.239,0.003,-0.02,0.0,1962.4770148555388,0.0,0.0,0.0,0.0,0.0,8.0,0.0,0.0,0.0,0.0,0.0137698,-0.0068849,-0.0275396,4.7987753,-0.0137698,-1.1773179,0.01231013430998,0.004438583638528,-0.006137728937652,-0.0029491758242370003,-0.000258699633705,0.00258699633705,49.998999999999995,1.7128300000877061,0.15375700013464666,0.06940699995539035,0.0
pd,23:51:13.666,569,-40.003,-89.999,0.0,-90.239,0.003,-0.02,0.0,0.0,0.0,0.0,0.0,0.0,-40.003,-40.0,0.0,-90.239,0.003,-0.02,-40.003,-81.999,0.0,-90.239,0.003,-0.02,0.0,1991.8337884364241,0.0,0.0,0.0,0.0,0.0,8.0,0.0,0.0,0.0,0.0,0.0137698,-0.0068849,-0.0275396,4.7987753,-0.0137698,-1.1773179,0.01231013430998,0.004438583638528,-0.006137728937652,-0.0029491758242370003,-0.000258699633705,0.00258699633705,49.998999999999995,1.6363689996978792,0.13240599992059288,0.05705500007024966,0.0
pd,23:51:13.668,570,-40.003,-89.999,0.0,-90.239,0.003,-0.02,0.0,0.0,0.0,0.0,0.0,0.0,-40.003,-40.0,0.0,-90.239,0.003,-0.02,-40.003,-81.999,0.0,-90.239,0.003,-0.02,0.0,2117.26602725896,0.0,0.0,0.0,0.0,0.0,8.0,0.0,0.0,0.0,0.0,0.0137698,-0.0068849,-0.0275396,4.7987753,-0.0137698,-1.1773179,0.01231013430998,0.004438583638528,-0.006137728937652,-0.0029491758242370003,-0.000258699633705,0.00258699633705,49.998999999999995,1.820402999783255,0.1715350003905769,0.08211000022129156,0.0
pd,23:51:13.670,571,-40.003,-89.999,0.0,-90.239,0.003,-0.02,0.0,0.0,0.0,0.0,0.0,0.0,-40.003,-40.0,0.0,-90.239,0.003,-0.02,-40.003,-81.999,0.0,-90.239,0.003,-0.02,0.0,1604.8609144824948,0.0,0.0,0.0,0.0,0.0,8.0,0.0,0.0,0.0,0.0,0.0137698,-0.0068849,-0.0275396,4.7987753,-0.0137698,-1.1773179,0.01231013430998,0.004438583638528,-0.006137728937652,-0.0029491758242370003,-0.000258699633705,0.00258699633705,49.998999999999995,1.7820890002440137,0.20881199998257216,0.06812899982833187,0.0
pd,23:51:13.672,572,-40.003,-89.999,0.0,-90.239,0.003,-0.02,0.0,0.0,0.0,0.0,0.0,0.0,-40.003,-40.0,0.0,-90.239,0.003,-0.02,-40.003,-81.999,0.0,-90.239,0.003,-0.02,0.0,1865.5861225397532,0.0,0.0,0.0,0.0,0.0,8.0,0.0,0.0,0.0,0.0,0.0137698,-0.0068849,-0.0275396,4.7987753,-0.0137698,-1.1773179,0.01231013430998,0.004438583638528,-0.006137728937652,-0.0029491758242370003,-0.000258699633705,0.00258699633705,49.998999999999995,1.7876629999591387,0.16055400010372978,0.0703329997122637,0.0
pd,23:51:13.675,573,-40.003,-89.999,0.0,-90.239,0.003,-0.02,0.0,0.0,0.0,0.0,0.0,0.0,-40.003,-40.0,0.0,-90.239,0.003,-0.02,-40.003,-81.999,0.0,-90.239,0.003,-0.02,0.0,1911.9334472934472,0.0,0.0,0.0,0.0,0.0,8.0,0.0,0.0,0.0,0.0,0.0137698,-0.0068849,-0.0275396,4.7987753,-0.0137698,-1.1773179,0.01231013430998,0.004438583638528,-0.006137728937652,-0.0029491758242370003,-0.000258699633705,0.00258699633705,49.998999999999995,1.8920689999504248,0.27819999968414777,0.09464699996897252,0.0
pd,23:51:13.677,574,-40.003,-89.999,0.0,-90.239,0.003,-0.02,0.0,0.0,0.0,0.0,0.0,0.0,-40.003,-40.0,0.0,-90.239,0.003,-0.02,-40.003,-81.999,0.0,-90.239,0.003,-0.02,0.0,1701.715792676742,0.0,0.0,0.0,0.0,0.0,8.0,0.0,0.0,0.0,0.0,0.0137698,-0.0068849,-0.0275396,4.7987753,-0.0137698,-1.1773179,0.01231013430998,0.004438583638528,-0.006137728937652,-0.0029491758242370003,-0.000258699633705,0.00258699633705,49.998999999999995,1.7380530002810701,0.29740399986621924,0.08207300015783403,0.0
pd,23:51:13.679,575,-40.003,-89.999,0.0,-90.239,0.003,-0.02,0.0,0.0,0.0,0.0,0.0,0.0,-40.003,-40.0,0.0,-90.239,0.003,-0.02,-40.003,-81.999,0.0,-90.239,0.003,-0.02,0.0,1821.8282115321967,0.0,0.0,0.0,0.0,0.0,8.0,0.0,0.0,0.0,0.0,0.0137698,-0.0068849,-0.0275396,4.7987753,-0.0137698,-1.1773179,0.01231013430998,0.004438583638528,-0.006137728937652,-0.0029491758242370003,-0.000258699633705,0.00258699633705,49.998999999999995,1.7911260001710616,0.20049700015078997,0.08759199999985867,0.0
pd,23:51:13.681,576,-40.003,-89.999,0.0,-90.239,0.003,-0.02,0.0,0.0,0.0,0.0,0.0,0.0,-40.003,-40.0,0.0,-90.239,0.003,-0.02,-40.003,-81.999,0.0,-90.239,0.003,-0.02,0.0,1850.1561535068372,0.0,0.0,0.0,0.0,0.0,8.0,0.0,0.0,0.0,0.0,0.0137698,-0.0068849,-0.0275396,4.7987753,-0.0137698,-1.1773179,0.01231013430998,0.004438583638528,-0.006137728937652,-0.0029491758242370003,-0.000258699633705,0.00258699633705,49.998999999999995,1.6410909997830458,0.15797900005054544,0.07123900013539242,0.0
pd,23:51:13.683,577,-40.003,-89.999,0.0,-90.239,0.003,-0.02,0.0,0.0,0.0,0.0,0.0,0.0,-40.003,-40.0,0.0,-90.239,0.003,-0.02,-40.003,-81.999,0.0,-90.239,0.003,-0.02,0.0,2062.8570023361613,0.0,0.0,0.0,0.0,0.0,8.0,0.0,0.0,0.0,0.0,0.0137698,-0.0068849,-0.0275396,4.7987753,-0.0137698,-1.1773179,0.01231013430998,0.004438583638528,-0.006137728937652,-0.0029491758242370003,-0.000258699633705,0.00258699633705,49.998999999999995,1.682608999999502,0.14609099980589235,0.06587000007129973,0.0
pd,23:51:13.685,578,-40.003,-89.999,0.0,-90.239,0.003,-0.02,0.0,0.0,0.0,0.0,0.0,0.0,-40.003,-40.0,0.0,-90.239,0.003,-0.02,-40.003,-81.999,0.0,-90.239,0.003,-0.02,0.0,2037.3061323618701,0.0,0.0,0.0,0.0,0.0,8.0,0.0,0.0,0.0,0.0,0.0137698,-0.0068849,-0.0275396,4.7987753,-0.0137698,-1.1773179,0.01231013430998,0.004438583638528,-0.006137728937652,-0.0029491758242370003,-0.000258699633705,0.00258699633705,49.998999999999995,1.6330359999301436,0.13146099990990479,0.0569989997529774,0.0
pd,23:51:13.687,579,-40.003,-89.999,0.0,-90.239,0.003,-0.02,0.0,0.0,0.0,0.0,0.0,0.0,-40.003,-40.0,0.0,-90.239,0.003,-0.02,-40.003,-81.999,0.0,-90.239,0.003,-0.02,0.0,2122.0865165696937,0.0,0.0,0.0,0.0,0.0,8.0,0.0,0.0,0.0,0.0,0.0137698,-0.0068849,-0.0275396,4.7987753,-0.0137698,-1.1773179,0.01231013430998,0.004438583638528,-0.006137728937652,-0.0029491758242370003,-0.000258699633705,0.00258699633705,49.998999999999995,1.637979999941308,0.1337570001851418,0.21762699998362223,0.0
pd,23:51:13.689,580,-40.003,-89.999,0.0,-90.239,0.003,-0.02,0.0,0.0,0.0,0.0,0.0,0.0,-40.003,-40.0,0.0,-90.239,0.003,-0.02,-40.003,-81.999,0.0,-90.239,0.003,-0.02,0.0,1939.3383423881633,0.0,0.0,0.0,0.0,0.0,8.0,0.0,0.0,0.0,0.0,0.0137698,-0.0068849,-0.0275396,4.7987753,-0.0137698,-1.1773179,0.01231013430998,0.004438583638528,-0.006137728937652,-0.0029491758242370003,-0.000258699633705,0.00258699633705,49.998999999999995,1.6789599999356142,0.16738599970267387,0.06403699990187306,0.0
pd,23:51:13.692,581,-40.003,-89.999,0.0,-90.239,0.003,-0.02,0.0,0.0,0.0,0.0,0.0,0.0,-40.003,-40.0,0.0,-90.239,0.003,-0.02,-40.003,-81.999,0.0,-90.239,0.003,-0.02,0.0,1690.9107034872002,0.0,0.0,0.0,0.0,0.0,8.0,0.0,0.0,0.0,0.0,0.0137698,-0.0068849,-0.0275396,4.7987753,-0.0137698,-1.1773179,0.01231013430998,0.004438583638528,-0.006137728937652,-0.0029491758242370003,-0.000258699633705,0.00258699633705,49.998999999999995,1.7877929999485787,0.20294200021453435,0.07162900010371231,0.0
pd,23:51:13.694,582,-40.003,-89.999,0.0,-90.239,0.003,-0.02,0.0,0.0,0.0,0.0,0.0,0.0,-40.003,-40.0,0.0,-90.239,0.003,-0.02,-40.003,-81.999,0.0,-90.239,0.003,-0.02,0.0,1862.2728382728383,0.0,0.0,0.0,0.0,0.0,8.0,0.0,0.0,0.0,0.0,0.0137698,-0.0068849,-0.0275396,4.7987753,-0.0137698,-1.1773179,0.01231013430998,0.004438583638528,-0.006137728937652,-0.0029491758242370003,-0.000258699633705,0.00258699633705,49.998999999999995,1.6303870002047915,0.1436269999430806,0.06486900019808672,0.0
pd,23:51:13.696,583,-40.003,-89.999,0.0,-90.239,0.003,-0.02,0.0,0.0,0.0,0.0,0.0,0.0,-40.003,-40.0,0.0,-90.239,0.003,-0.02,-40.003,-81.999,0.0,-90.239,0.003,-0.02,0.0,2094.5338327091135,0.0,0.0,0.0,0.0,0.0,8.0,0.0,0.0,0.0,0.0,0.0137698,-0.0068849,-0.0275396,4.7987753,-0.0137698,-1.1773179,0.01231013430998,0.004438583638528,-0.006137728937652,-0.0029491758242370003,-0.000258699633705,0.00258699633705,49.998999999999995,1.6478869997627044,0.1368690000163042,0.059221999890723964,0.0
pd,23:51:13.697,584,-40.003,-89.999,0.0,-90.239,0.003,-0.02,0.0,0.0,0.0,0.0,0.0,0.0,-40.003,-40.0,0.0,-90.239,0.003,-0.02,-40.003,-81.999,0.0,-90.239,0.003,-0.02,0.0,2095.056943056943,0.0,0.0,0.0,0.0,0.0,8.0,0.0,0.0,0.0,0.0,0.0137698,-0.0068849,-0.0275396,4.7987753,-0.0137698,-1.1773179,0.01231013430998,0.004438583638528,-0.006137728937652,-0.0029491758242370003,-0.000258699633705,0.00258699633705,49.998999999999995,1.7705339996609837,0.17784900001061033,0.07951799989314168,0.0
pd,23:51:13.700,585,-40.003,-89.999,0.0,-90.239,0.003,-0.02,0.0,0.0,0.0,0.0,0.0,0.0,-40.003,-40.0,0.0,-90.239,0.003,-0.02,-40.003,-81.999,0.0,-90.239,0.003,-0.02,0.0,1899.1641385555806,0.0,0.0,0.0,0.0,0.0,8.0,0.0,0.0,0.0,0.0,0.0137698,-0.0068849,-0.0275396,4.7987753,-0.0137698,-1.1773179,0.01231013430998,0.004438583638528,-0.006137728937652,-0.0029491758242370003,-0.000258699633705,0.00258699633705,49.998999999999995,1.9666050002342672,0.19334899980094633,0.09783199993762537,0.0
pd,23:51:13.702,586,-40.003,-89.999,0.0,-90.239,0.003,-0.02,0.0,0.0,0.0,0.0,0.0,0.0,-40.003,-40.0,0.0,-90.239,0.003,-0.02,-40.003,-81.999,0.0,-90.239,0.003,-0.02,0.0,1709.3444727457972,0.0,0.0,0.0,0.0,0.0,8.0,0.0,0.0,0.0,0.0,0.0137698,-0.0068849,-0.0275396,4.7987753,-0.0137698,-1.1773179,0.01231013430998,0.004438583638528,-0.006137728937652,-0.0029491758242370003,-0.000258699633705,0.00258699633705,49.998999999999995,1.6522199998689757,0.14922099990144488,0.06723900014549145,0.0
pd,23:51:13.704,587,-40.003,-89.999,0.0,-90.239,0.003,-0.02,0.0,0.0,0.0,0.0,0.0,0.0,-40.003,-40.0,0.0,-90.239,0.003,-0.02,-40.003,-81.999,0.0,-90.239,0.003,-0.02,0.0,2062.8570023361613,0.0,0.0,0.0,0.0,0.0,8.0,0.0,0.0,0.0,0.0,0.0137698,-0.0068849,-0.0275396,4.7987753,-0.0137698,-1.1773179,0.01231013430998,0.004438583638528,-0.006137728937652,-0.0029491758242370003,-0.000258699633705,0.00258699633705,49.998999999999995,1.6912009996303823,0.17057200011549867,0.07561099982922315,0.0
pd,23:51:13.706,588,-40.003,-89.999,0.0,-90.239,0.003,-0.02,0.0,0.0,0.0,0.0,0.0,0.0,-40.003,-40.0,0.0,-90.239,0.003,-0.02,-40.003,-81.999,0.0,-90.239,0.003,-0.02,0.0,1988.764343290659,0.0,0.0,0.0,0.0,0.0,8.0,0.0,0.0,0.0,0.0,0.0137698,-0.0068849,-0.0275396,4.7987753,-0.0137698,-1.1773179,0.01231013430998,0.004438583638528,-0.006137728937652,-0.0029491758242370003,-0.000258699633705,0.00258699633705,49.998999999999995,1.7413489999853482,0.14927600022929255,0.06773999984943657,0.0
pd,23:51:13.708,589,-40.003,-89.999,0.0,-90.239,0.003,-0.02,0.0,0.0,0.0,0.0,0.0,0.0,-40.003,-40.0,0.0,-90.239,0.003,-0.02,-40.003,-81.999,0.0,-90.239,0.003,-0.02,0.0,1972.629747207525,0.0,0.0,0.0,0.0,0.0,8.0,0.0,0.0,0.0,0.0,0.0137698,-0.0068849,-0.0275396,4.7987753,-0.0137698,-1.1773179,0.01231013430998,0.004438583638528,-0.006137728937652,-0.0029491758242370003,-0.000258699633705,0.00258699633705,49.998999999999995,1.8345700000281795,0.16716500022084801,0.07812900003045797,0.0
pd,23:51:13.710,590,-40.003,-89.999,0.0,-90.239,0.003,-0.02,0.0,0.0,0.0,0.0,0.0,0.0,-40.003,-40.0,0.0,-90.239,0.003,-0.02,-40.003,-81.999,0.0,-90.239,0.003,-0.02,0.0,1855.2710383722217,0.0,0.0,0.0,0.0,0.0,8.0,0.0,0.0,0.0,0.0,0.0137698,-0.0068849,-0.0275396,4.7987753,-0.0137698,-1.1773179,0.01231013430998,0.004438583638528,-0.006137728937652,-0.0029491758242370003,-0.000258699633705,0.00258699633705,49.998999999999995,1.6432580000582675,0.13479499966706499,0.05744400004914496,0.0
pd,23:51:13.712,591,-40.003,-89.999,0.0,-90.239,0.003,-0.02,0.0,0.0,0.0,0.0,0.0,0.0,-40.003,-40.0,0.0,-90.239,0.003,-0.02,-40.003,-81.999,0.0,-90.239,0.003,-0.02,0.0,1793.9709153122326,0.0,0.0,0.0,0.0,0.0,8.0,0.0,0.0,0.0,0.0,0.0137698,-0.0068849,-0.0275396,4.7987753,-0.0137698,-1.1773179,0.01231013430998,0.004438583638528,-0.006137728937652,-0.0029491758242370003,-0.000258699633705,0.00258699633705,49.998999999999995,1.7937729999175644,0.19840499999190797,0.06822200020906166,0.0
pd,23:51:13.714,592,-40.003,-89.999,0.0,-90.239,0.003,-0.02,0.0,0.0,0.0,0.0,0.0,0.0,-40.003,-40.0,0.0,-90.239,0.003,-0.02,-40.003,-81.999,0.0,-90.239,0.003,-0.02,0.0,1865.1713173985547,0.0,0.0,0.0,0.0,0.0,8.0,0.0,0.0,0.0,0.0,0.0137698,-0.0068849,-0.0275396,4.7987753,-0.0137698,-1.1773179,0.01231013430998,0.004438583638528,-0.006137728937652,-0.0029491758242370003,-0.000258699633705,0.00258699633705,49.998999999999995,1.6371469996556698,0.13912799977333634,0.05966599974271958,0.0
pd,23:51:13.716,593,-40.003,-89.999,0.0,-90.239,0.003,-0.02,0.0,0.0,0.0,0.0,0.0,0.0,-40.003,-40.0,0.0,-90.239,0.003,-0.02,-40.003,-81.999,0.0,-90.239,0.003,-0.02,0.0,2103.9899673940304,0.0,0.0,0.0,0.0,0.0,8.0,0.0,0.0,0.0,0.0,0.0137698,-0.0068849,-0.0275396,4.7987753,-0.0137698,-1.1773179,0.01231013430998,0.004438583638528,-0.006137728937652,-0.0029491758242370003,-0.000258699633705,0.00258699633705,49.998999999999995,1.6411829997196037,0.14046200021766708,0.06061100020815502,0.0
pd,23:51:13.718,594,-40.003,-89.999,0.0,-90.239,0.003,-0.02,0.0,0.0,0.0,0.0,0.0,0.0,-40.003,-40.0,0.0,-90.239,0.003,-0.02,-40.003,-81.999,0.0,-90.239,0.003,-0.02,0.0,2075.3607125185554,0.0,0.0,0.0,0.0,0.0,8.0,0.0,0.0,0.0,0.0,0.0137698,-0.0068849,-0.0275396,4.7987753,-0.0137698,-1.1773179,0.01231013430998,0.004438583638528,-0.006137728937652,-0.0029491758242370003,-0.000258699633705,0.00258699633705,49.998999999999995,1.7958850003196858,0.16938699991442263,0.07737000032648211,0.0
pd,23:51:13.720,595,-40.003,-89.999,0.0,-90.239,0.003,-0.02,0.0,0.0,0.0,0.0,0.0,0.0,-40.003,-40.0,0.0,-90.239,0.003,-0.02,-40.003,-81.999,0.0,-90.239,0.003,-0.02,0.0,1889.9646276895348,0.0,0.0,0.0,0.0,0.0,8.0,0.0,0.0,0.0,0.0,0.0137698,-0.0068849,-0.0275396,4.7987753,-0.0137698,-1.1773179,0.01231013430998,0.004438583638528,-0.006137728937652,-0.0029491758242370003,-0.000258699633705,0.00258699633705,49.998999999999995,1.7044969999915338,0.156332000187831,0.06955500020922045,0.0
pd,23:51:13.722,596,-40.003,-89.999,0.0,-90.239,0.003,-0.02,0.0,0.0,0.0,0.0,0.0,0.0,-40.003,-40.0,0.0,-90.239,0.003,-0.02,-40.003,-81.999,0.0,-90.239,0.003,-0.02,0.0,1998.0011909015125,0.0,0.0,0.0,0.0,0.0,8.0,0.0,0.0,0.0,0.0,0.0137698,-0.0068849,-0.0275396,4.7987753,-0.0137698,-1.1773179,0.01231013430998,0.004438583638528,-0.006137728937652,-0.0029491758242370003,-0.000258699633705,0.00258699633705,49.998999999999995,1.6269979996650363,0.14083199994274764,0.06283299990172964,0.0
pd,23:51:13.724,597,-40.003,-89.999,0.0,-90.239,0.003,-0.02,0.0,0.0,0.0,0.0,0.0,0.0,-40.003,-40.0,0.0,-90.239,0.003,-0.02,-40.003,-81.999,0.0,-90.239,0.003,-0.02,0.0,2107.9552707626585,0.0,0.0,0.0,0.0,0.0,8.0,0.0,0.0,0.0,0.0,0.0137698,-0.0068849,-0.0275396,4.7987753,-0.0137698,-1.1773179,0.01231013430998,0.004438583638528,-0.006137728937652,-0.0029491758242370003,-0.000258699633705,0.00258699633705,49.998999999999995,1.934660999722837,0.1950169998963247,0.09805399986362318,0.0
pd,23:51:13.727,598,-40.003,-89.999,0.0,-90.239,0.003,-0.02,0.0,0.0,0.0,0.0,0.0,0.0,-40.003,-40.0,0.0,-90.239,0.003,-0.02,-40.003,-81.999,0.0,-90.239,0.003,-0.02,0.0,1729.6098969072166,0.0,0.0,0.0,0.0,0.0,8.0,0.0,0.0,0.0,0.0,0.0137698,-0.0068849,-0.0275396,4.7987753,-0.0137698,-1.1773179,0.01231013430998,0.004438583638528,-0.006137728937652,-0.0029491758242370003,-0.000258699633705,0.00258699633705,49.998999999999995,1.6626089995952498,0.15381299999717157,0.06464799980676617,0.0
pd,23:51:13.729,599,-40.003,-89.999,0.0,-90.239,0.003,-0.02,0.0,0.0,0.0,0.0,0.0,0.0,-40.003,-40.0,0.0,-90.239,0.003,-0.02,-40.003,-81.999,0.0,-90.239,0.003,-0.02,0.0,2053.01223690651,0.0,0.0,0.0,0.0,0.0,8.0,0.0,0.0,0.0,0.0,0.0137698,-0.0068849,-0.0275396,4.7987753,-0.0137698,-1.1773179,0.01231013430998,0.004438583638528,-0.006137728937652,-0.0029491758242370003,-0.000258699633705,0.00258699633705,49.998999999999995,2.0042709998051578,0.1913129999593366,0.08846199989420711,0.0
pd,23:51:13.731,600,-40.003,-89.999,0.0,-90.239,0.003,-0.02,0.0,0.0,0.0,0.0,0.0,0.0,-40.003,-40.0,0.0,-90.239,0.003,-0.02,-40.003,-81.999,0.0,-90.239,0.003,-0.02,0.0,1661.2749777205663,0.0,0.0,0.0,0.0,0.0,8.0,0.0,0.0,0.0,0.0,0.0137698,-0.0068849,-0.0275396,4.7987753,-0.0137698,-1.1773179,0.01231013430998,0.004438583638528,-0.006137728937652,-0.0029491758242370003,-0.000258699633705,0.00258699633705,49.998999999999995,1.8538109998189611,0.19138600009682705,0.08968400015874067,0.0
pd,23:51:13.734,601,-40.003,-89.999,0.0,-90.239,0.003,-0.02,0.0,0.0,0.0,0.0,0.0,0.0,-40.003,-40.0,0.0,-90.239,0.003,-0.02,-40.003,-81.999,0.0,-90.239,0.003,-0.02,0.0,1565.4769058505178,0.0,0.0,0.0,0.0,0.0,8.0,0.0,0.0,0.0,0.0,0.0137698,-0.0068849,-0.0275396,4.7987753,-0.0137698,-1.1773179,0.01231013430998,0.004438583638528,-0.006137728937652,-0.0029491758242370003,-0.000258699633705,0.00258699633705,49.998999999999995,1.8073660003210534,0.2496259999134054,0.07292499958566623,0.0
pd,23:51:13.736,602,-40.003,-89.999,0.0,-90.239,0.003,-0.02,0.0,0.0,0.0,0.0,0.0,0.0,-40.003,-40.0,0.0,-90.239,0.003,-0.02,-40.003,-81.999,0.0,-90.239,0.003,-0.02,0.0,1805.1663438777707,0.0,0.0,0.0,0.0,0.0,8.0,0.0,0.0,0.0,0.0,0.0137698,-0.0068849,-0.0275396,4.7987753,-0.0137698,-1.1773179,0.01231013430998,0.004438583638528,-0.006137728937652,-0.0029491758242370003,-0.000258699633705,0.00258699633705,49.998999999999995,1.683794000200578,0.14588800013370928,0.059425000017654384,0.0
pd,23:51:13.738,603,-40.003,-89.999,0.0,-90.239,0.003,-0.02,0.0,0.0,0.0,0.0,0.0,0.0,-40.003,-40.0,0.0,-90.239,0.003,-0.02,-40.003,-81.999,0.0,-90.239,0.003,-0.02,0.0,2045.5030480370642,0.0,0.0,0.0,0.0,0.0,8.0,0.0,0.0,0.0,0.0,0.0137698,-0.0068849,-0.0275396,4.7987753,-0.0137698,-1.1773179,0.01231013430998,0.004438583638528,-0.006137728937652,-0.0029491758242370003,-0.000258699633705,0.00258699633705,49.998999999999995,1.6235719999713183,0.2973289997498796,0.08949899984145304,0.0
pd,23:51:13.740,604,-40.003,-89.999,0.0,-90.239,0.003,-0.02,0.0,0.0,0.0,0.0,0.0,0.0,-40.003,-40.0,0.0,-90.239,0.003,-0.02,-40.003,-81.999,0.0,-90.239,0.003,-0.02,0.0,1910.8446469248292,0.0,0.0,0.0,0.0,0.0,8.0,0.0,0.0,0.0,0.0,0.0137698,-0.0068849,-0.0275396,4.7987753,-0.0137698,-1.1773179,0.01231013430998,0.004438583638528,-0.006137728937652,-0.0029491758242370003,-0.000258699633705,0.00258699633705,49.998999999999995,1.7605519997232477,0.17405400012648897,0.06822100021963706,0.0
pd,23:51:13.742,605,-40.003,-89.999,0.0,-90.239,0.003,-0.02,0.0,0.0,0.0,0.0,0.0,0.0,-40.003,-40.0,0.0,-90.239,0.003,-0.02,-40.003,-81.999,0.0,-90.239,0.003,-0.02,0.0,1929.080832470967,0.0,0.0,0.0,0.0,0.0,8.0,0.0,0.0,0.0,0.0,0.0137698,-0.0068849,-0.0275396,4.7987753,-0.0137698,-1.1773179,0.01231013430998,0.004438583638528,-0.006137728937652,-0.0029491758242370003,-0.000258699633705,0.00258699633705,49.998999999999995,1.666775000103371,0.14549800016538939,0.06375900011335034,0.0
pd,23:51:13.744,606,-40.003,-89.999,0.0,-90.239,0.003,-0.02,0.0,0.0,0.0,0.0,0.0,0.0,-40.003,-40.0,0.0,-90.239,0.003,-0.02,-40.003,-81.999,0.0,-90.239,0.003,-0.02,0.0,2055.7794387942654,0.0,0.0,0.0,0.0,0.0,8.0,0.0,0.0,0.0,0.0,0.0137698,-0.0068849,-0.0275396,4.7987753,-0.0137698,-1.1773179,0.01231013430998,0.004438583638528,-0.006137728937652,-0.0029491758242370003,-0.000258699633705,0.00258699633705,49.998999999999995,1.6973680003502523,0.13816499995300546,0.059590999626379926,0.0
pd,23:51:13.746,607,-40.003,-89.999,0.0,-90.239,0.003,-0.02,0.0,0.0,0.0,0.0,0.0,0.0,-40.003,-40.0,0.0,-90.239,0.003,-0.02,-40.003,-81.999,0.0,-90.239,0.003,-0.02,0.0,2040.2792168308404,0.0,0.0,0.0,0.0,0.0,8.0,0.0,0.0,0.0,0.0,0.0137698,-0.0068849,-0.0275396,4.7987753,-0.0137698,-1.1773179,0.01231013430998,0.004438583638528,-0.006137728937652,-0.0029491758242370003,-0.000258699633705,0.00258699633705,49.998999999999995,1.6636639998068858,0.13218300000517047,0.05723999993278994,0.0
pd,23:51:13.748,608,-40.003,-89.999,0.0,-90.239,0.003,-0.02,0.0,0.0,0.0,0.0,0.0,0.0,-40.003,-40.0,0.0,-90.239,0.003,-0.02,-40.003,-81.999,0.0,-90.239,0.003,-0.02,0.0,2087.2376212988306,0.0,0.0,0.0,0.0,0.0,8.0,0.0,0.0,0.0,0.0,0.0137698,-0.0068849,-0.0275396,4.7987753,-0.0137698,-1.1773179,0.01231013430998,0.004438583638528,-0.006137728937652,-0.0029491758242370003,-0.000258699633705,0.00258699633705,49.998999999999995,1.6931640002439963,0.14477599961537635,0.21345999994082376,0.0
pd,23:51:13.750,609,-40.003,-89.999,0.0,-90.239,0.003,-0.02,0.0,0.0,0.0,0.0,0.0,0.0,-40.003,-40.0,0.0,-90.239,0.003,-0.02,-40.003,-81.999,0.0,-90.239,0.003,-0.02,0.0,1878.1166461435128,0.0,0.0,0.0,0.0,0.0,8.0,0.0,0.0,0.0,0.0,0.0137698,-0.0068849,-0.0275396,4.7987753,-0.0137698,-1.1773179,0.01231013430998,0.004438583638528,-0.006137728937652,-0.0029491758242370003,-0.000258699633705,0.00258699633705,49.998999999999995,1.9279389998700935,0.2046270001301309,0.09105400022235699,0.0
pd,23:51:13.752,610,-40.003,-89.999,0.0,-90.239,0.003,-0.02,0.0,0.0,0.0,0.0,0.0,0.0,-40.003,-40.0,0.0,-90.239,0.003,-0.02,-40.003,-81.999,0.0,-90.239,0.003,-0.02,0.0,1732.64649385521,0.0,0.0,0.0,0.0,0.0,8.0,0.0,0.0,0.0,0.0,0.0137698,-0.0068849,-0.0275396,4.7987753,-0.0137698,-1.1773179,0.01231013430998,0.004438583638528,-0.006137728937652,-0.0029491758242370003,-0.000258699633705,0.00258699633705,49.998999999999995,1.7732190003698634,0.14953499976400053,0.06449900001825881,0.0
pd,23:51:13.755,611,-40.003,-89.999,0.0,-90.239,0.003,-0.02,0.0,0.0,0.0,0.0,0.0,0.0,-40.003,-40.0,0.0,-90.239,0.003,-0.02,-40.003,-81.999,0.0,-90.239,0.003,-0.02,0.0,1666.3901470003973,0.0,0.0,0.0,0.0,0.0,8.0,0.0,0.0,0.0,0.0,0.0137698,-0.0068849,-0.0275396,4.7987753,-0.0137698,-1.1773179,0.01231013430998,0.004438583638528,-0.006137728937652,-0.0029491758242370003,-0.000258699633705,0.00258699633705,49.998999999999995,1.8129589998352458,0.22216399975150125,0.18973899977936526,0.0
pd,23:51:13.757,612,-40.003,-89.999,0.0,-90.239,0.003,-0.02,0.0,0.0,0.0,0.0,0.0,0.0,-40.003,-40.0,0.0,-90.239,0.003,-0.02,-40.003,-81.999,0.0,-90.239,0.003,-0.02,0.0,1726.2286243440683,0.0,0.0,0.0,0.0,0.0,8.0,0.0,0.0,0.0,0.0,0.0137698,-0.0068849,-0.0275396,4.7987753,-0.0137698,-1.1773179,0.01231013430998,0.004438583638528,-0.006137728937652,-0.0029491758242370003,-0.000258699633705,0.00258699633705,49.998999999999995,1.6611269998065836,0.15781199999764794,0.06022100023983512,0.0
pd,23:51:13.759,613,-40.003,-89.999,0.0,-90.239,0.003,-0.02,0.0,0.0,0.0,0.0,0.0,0.0,-40.003,-40.0,0.0,-90.239,0.003,-0.02,-40.003,-81.999,0.0,-90.239,0.003,-0.02,0.0,2055.275756462085,0.0,0.0,0.0,0.0,0.0,8.0,0.0,0.0,0.0,0.0,0.0137698,-0.0068849,-0.0275396,4.7987753,-0.0137698,-1.1773179,0.01231013430998,0.004438583638528,-0.006137728937652,-0.0029491758242370003,-0.000258699633705,0.00258699633705,49.998999999999995,1.8807730002663448,0.18142299995815847,0.08268400006272714,0.0
pd,23:51:13.761,614,-40.003,-89.999,0.0,-90.239,0.003,-0.02,0.0,0.0,0.0,0.0,0.0,0.0,-40.003,-40.0,0.0,-90.239,0.003,-0.02,-40.003,-81.999,0.0,-90.239,0.003,-0.02,0.0,1798.201071811361,0.0,0.0,0.0,0.0,0.0,8.0,0.0,0.0,0.0,0.0,0.0137698,-0.0068849,-0.0275396,4.7987753,-0.0137698,-1.1773179,0.01231013430998,0.004438583638528,-0.006137728937652,-0.0029491758242370003,-0.000258699633705,0.00258699633705,49.998999999999995,1.6981459998532955,0.14149800017548841,0.06109200012360816,0.0
pd,23:51:13.763,615,-40.003,-89.999,0.0,-90.239,0.003,-0.02,0.0,0.0,0.0,0.0,0.0,0.0,-40.003,-40.0,0.0,-90.239,0.003,-0.02,-40.003,-81.999,0.0,-90.239,0.003,-0.02,0.0,2032.124031007752,0.0,0.0,0.0,0.0,0.0,8.0,0.0,0.0,0.0,0.0,0.0137698,-0.0068849,-0.0275396,4.7987753,-0.0137698,-1.1773179,0.01231013430998,0.004438583638528,-0.006137728937652,-0.0029491758242370003,-0.000258699633705,0.00258699633705,49.998999999999995,1.6892009998628055,0.1451829998586618,0.06220299974302179,0.0
pd,23:51:13.765,616,-40.003,-89.999,0.0,-90.239,0.003,-0.02,0.0,0.0,0.0,0.0,0.0,0.0,-40.003,-40.0,0.0,-90.239,0.003,-0.02,-40.003,-81.999,0.0,-90.239,0.003,-0.02,0.0,1992.5434679334917,0.0,0.0,0.0,0.0,0.0,8.0,0.0,0.0,0.0,0.0,0.0137698,-0.0068849,-0.0275396,4.7987753,-0.0137698,-1.1773179,0.01231013430998,0.004438583638528,-0.006137728937652,-0.0029491758242370003,-0.000258699633705,0.00258699633705,49.998999999999995,1.6715349997866724,0.13429499995254446,0.05681399989043712,0.0
pd,23:51:13.767,617,-40.003,-89.999,0.0,-90.239,0.003,-0.02,0.0,0.0,0.0,0.0,0.0,0.0,-40.003,-40.0,0.0,-90.239,0.003,-0.02,-40.003,-81.999,0.0,-90.239,0.003,-0.02,0.0,2075.104019789734,0.0,0.0,0.0,0.0,0.0,8.0,0.0,0.0,0.0,0.0,0.0137698,-0.0068849,-0.0275396,4.7987753,-0.0137698,-1.1773179,0.01231013430998,0.004438583638528,-0.006137728937652,-0.0029491758242370003,-0.000258699633705,0.00258699633705,49.998999999999995,1.6503130000273813,0.15703500002928195,0.0611850000495906,0.0
pd,23:51:13.769,618,-40.003,-89.999,0.0,-90.239,0.003,-0.02,0.0,0.0,0.0,0.0,0.0,0.0,-40.003,-40.0,0.0,-90.239,0.003,-0.02,-40.003,-81.999,0.0,-90.239,0.003,-0.02,0.0,2066.4140904052224,0.0,0.0,0.0,0.0,0.0,8.0,0.0,0.0,0.0,0.0,0.0137698,-0.0068849,-0.0275396,4.7987753,-0.0137698,-1.1773179,0.01231013430998,0.004438583638528,-0.006137728937652,-0.0029491758242370003,-0.000258699633705,0.00258699633705,49.998999999999995,4.867661999924167,0.2438679998704174,0.12018400002489216,0.0
pd,23:51:13.774,619,-40.003,-89.999,0.0,-90.239,0.003,-0.02,0.0,0.0,0.0,0.0,0.0,0.0,-40.003,-40.0,0.0,-90.239,0.003,-0.02,-40.003,-81.999,0.0,-90.239,0.003,-0.02,0.0,749.98730442557,0.0,0.0,0.0,0.0,0.0,8.0,0.0,0.0,0.0,0.0,0.0137698,-0.0068849,-0.0275396,4.7987753,-0.0137698,-1.1773179,0.01231013430998,0.004438583638528,-0.006137728937652,-0.0029491758242370003,-0.000258699633705,0.00258699633705,49.998999999999995,1.689572000032058,0.14962800014473032,0.06272100017667981,0.0
pd,23:51:13.776,620,-40.003,-89.999,0.0,-90.239,0.003,-0.02,0.0,0.0,0.0,0.0,0.0,0.0,-40.003,-40.0,0.0,-90.239,0.003,-0.02,-40.003,-81.999,0.0,-90.239,0.003,-0.02,0.0,2030.4025172455524,0.0,0.0,0.0,0.0,0.0,8.0,0.0,0.0,0.0,0.0,0.0137698,-0.0068849,-0.0275396,4.7987753,-0.0137698,-1.1773179,0.01231013430998,0.004438583638528,-0.006137728937652,-0.0029491758242370003,-0.000258699633705,0.00258699633705,49.998999999999995,1.9809010000244598,0.2142010002899042,0.10436899992782855,0.0
pd,23:51:13.779,621,-40.003,-89.999,0.0,-90.239,0.003,-0.02,0.0,0.0,0.0,0.0,0.0,0.0,-40.003,-40.0,0.0,-90.239,0.003,-0.02,-40.003,-81.999,0.0,-90.239,0.003,-0.02,0.0,1349.1930840369923,0.0,0.0,0.0,0.0,0.0,8.0,0.0,0.0,0.0,0.0,0.0137698,-0.0068849,-0.0275396,4.7987753,-0.0137698,-1.1773179,0.01231013430998,0.004438583638528,-0.006137728937652,-0.0029491758242370003,-0.000258699633705,0.00258699633705,49.998999999999995,2.430562999961694,0.23694199990131892,0.11420300006648176,0.0
pd,23:51:13.782,622,-40.003,-89.999,0.0,-90.239,0.003,-0.02,0.0,0.0,0.0,0.0,0.0,0.0,-40.003,-40.0,0.0,-90.239,0.003,-0.02,-40.003,-81.999,0.0,-90.239,0.003,-0.02,0.0,1387.2346618157765,0.0,0.0,0.0,0.0,0.0,8.0,0.0,0.0,0.0,0.0,0.0137698,-0.0068849,-0.0275396,4.7987753,-0.0137698,-1.1773179,0.01231013430998,0.004438583638528,-0.006137728937652,-0.0029491758242370003,-0.000258699633705,0.00258699633705,49.998999999999995,1.684330999978556,0.15603500014549354,0.06818400015617954,0.0
pd,23:51:13.784,623,-40.003,-89.999,0.0,-90.239,0.003,-0.02,0.0,0.0,0.0,0.0,0.0,0.0,-40.003,-40.0,0.0,-90.239,0.003,-0.02,-40.003,-81.999,0.0,-90.239,0.003,-0.02,0.0,2019.161872668191,0.0,0.0,0.0,0.0,0.0,8.0,0.0,0.0,0.0,0.0,0.0137698,-0.0068849,-0.0275396,4.7987753,-0.0137698,-1.1773179,0.01231013430998,0.004438583638528,-0.006137728937652,-0.0029491758242370003,-0.000258699633705,0.00258699633705,49.998999999999995,1.7061819999071304,0.15460899976460496,0.06822100021963706,0.0
pd,23:51:13.786,624,-40.003,-89.999,0.0,-90.239,0.003,-0.02,0.0,0.0,0.0,0.0,0.0,0.0,-40.003,-40.0,0.0,-90.239,0.003,-0.02,-40.003,-81.999,0.0,-90.239,0.003,-0.02,0.0,1999.1916110581506,0.0,0.0,0.0,0.0,0.0,8.0,0.0,0.0,0.0,0.0,0.0137698,-0.0068849,-0.0275396,4.7987753,-0.0137698,-1.1773179,0.01231013430998,0.004438583638528,-0.006137728937652,-0.0029491758242370003,-0.000258699633705,0.00258699633705,49.998999999999995,1.6248689998974442,0.13097999999445165,0.05718400007026503,0.0
pd,23:51:13.788,625,-40.003,-89.999,0.0,-90.239,0.003,-0.02,0.0,0.0,0.0,0.0,0.0,0.0,-40.003,-40.0,0.0,-90.239,0.003,-0.02,-40.003,-81.999,0.0,-90.239,0.003,-0.02,0.0,2132.3355363497712,0.0,0.0,0.0,0.0,0.0,8.0,0.0,0.0,0.0,0.0,0.0137698,-0.0068849,-0.0275396,4.7987753,-0.0137698,-1.1773179,0.01231013430998,0.004438583638528,-0.006137728937652,-0.0029491758242370003,-0.000258699633705,0.00258699633705,49.998999999999995,1.6523690001122304,0.1480360001551162,0.06488899998657871,0.0
pd,23:51:13.790,626,-40.003,-89.999,0.0,-90.239,0.003,-0.02,0.0,0.0,0.0,0.0,0.0,0.0,-40.003,-40.0,0.0,-90.239,0.003,-0.02,-40.003,-81.999,0.0,-90.239,0.003,-0.02,0.0,2067.4326555760936,0.0,0.0,0.0,0.0,0.0,8.0,0.0,0.0,0.0,0.0,0.0137698,-0.0068849,-0.0275396,4.7987753,-0.0137698,-1.1773179,0.01231013430998,0.004438583638528,-0.006137728937652,-0.0029491758242370003,-0.000258699633705,0.00258699633705,49.998999999999995,1.7901259998325258,0.16249800000878167,0.07572200001959573,0.0
pd,23:51:13.792,627,-40.003,-89.999,0.0,-90.239,0.003,-0.02,0.0,0.0,0.0,0.0,0.0,0.0,-40.003,-40.0,0.0,-90.239,0.003,-0.02,-40.003,-81.999,0.0,-90.239,0.003,-0.02,0.0,1904.3377979568672,0.0,0.0,0.0,0.0,0.0,8.0,0.0,0.0,0.0,0.0,0.0137698,-0.0068849,-0.0275396,4.7987753,-0.0137698,-1.1773179,0.01231013430998,0.004438583638528,-0.006137728937652,-0.0029491758242370003,-0.000258699633705,0.00258699633705,49.998999999999995,1.6720720000193978,0.15260899999702815,0.06472199993368122,0.0
pd,23:51:13.794,628,-40.003,-89.999,0.0,-90.239,0.003,-0.02,0.0,0.0,0.0,0.0,0.0,0.0,-40.003,-40.0,0.0,-90.239,0.003,-0.02,-40.003,-81.999,0.0,-90.239,0.003,-0.02,0.0,2042.0175267770205,0.0,0.0,0.0,0.0,0.0,8.0,0.0,0.0,0.0,0.0,0.0137698,-0.0068849,-0.0275396,4.7987753,-0.0137698,-1.1773179,0.01231013430998,0.004438583638528,-0.006137728937652,-0.0029491758242370003,-0.000258699633705,0.00258699633705,49.998999999999995,1.6245719998551067,0.1320530000157305,0.059128999964741524,0.0
pd,23:51:13.796,629,-40.003,-89.999,0.0,-90.239,0.003,-0.02,0.0,0.0,0.0,0.0,0.0,0.0,-40.003,-40.0,0.0,-90.239,0.003,-0.02,-40.003,-81.999,0.0,-90.239,0.003,-0.02,0.0,2126.3898605830163,0.0,0.0,0.0,0.0,0.0,8.0,0.0,0.0,0.0,0.0,0.0137698,-0.0068849,-0.0275396,4.7987753,-0.0137698,-1.1773179,0.01231013430998,0.004438583638528,-0.006137728937652,-0.0029491758242370003,-0.000258699633705,0.00258699633705,49.998999999999995,1.6470900000058464,0.13651699964611907,0.06264800003918936,0.0
pd,23:51:13.798,630,-40.003,-89.999,0.0,-90.239,0.003,-0.02,0.0,0.0,0.0,0.0,0.0,0.0,-40.003,-40.0,0.0,-90.239,0.003,-0.02,-40.003,-81.999,0.0,-90.239,0.003,-0.02,0.0,2094.2723754837098,0.0,0.0,0.0,0.0,0.0,8.0,0.0,0.0,0.0,0.0,0.0137698,-0.0068849,-0.0275396,4.7987753,-0.0137698,-1.1773179,0.01231013430998,0.004438583638528,-0.006137728937652,-0.0029491758242370003,-0.000258699633705,0.00258699633705,49.998999999999995,1.6274800000246614,0.13684999976248946,0.06020299997544498,0.0
pd,23:51:13.800,631,-40.003,-89.999,0.0,-90.239,0.003,-0.02,0.0,0.0,0.0,0.0,0.0,0.0,-40.003,-40.0,0.0,-90.239,0.003,-0.02,-40.003,-81.999,0.0,-90.239,0.003,-0.02,0.0,1780.0759681697614,0.0,0.0,0.0,0.0,0.0,8.0,0.0,0.0,0.0,0.0,0.0137698,-0.0068849,-0.0275396,4.7987753,-0.0137698,-1.1773179,0.01231013430998,0.004438583638528,-0.006137728937652,-0.0029491758242370003,-0.000258699633705,0.00258699633705,49.998999999999995,1.9730680000975553,0.4678650002460927,0.1063879999492201,0.0
pd,23:51:13.803,632,-40.003,-89.999,0.0,-90.239,0.003,-0.02,0.0,0.0,0.0,0.0,0.0,0.0,-40.003,-40.0,0.0,-90.239,0.003,-0.02,-40.003,-81.999,0.0,-90.239,0.003,-0.02,0.0,1513.6427282569468,0.0,0.0,0.0,0.0,0.0,8.0,0.0,0.0,0.0,0.0,0.0137698,-0.0068849,-0.0275396,4.7987753,-0.0137698,-1.1773179,0.01231013430998,0.004438583638528,-0.006137728937652,-0.0029491758242370003,-0.000258699633705,0.00258699633705,49.998999999999995,1.7252739999094047,0.17201600030603004,0.0685549998706847,0.0
pd,23:51:13.805,633,-40.003,-89.999,0.0,-90.239,0.003,-0.02,0.0,0.0,0.0,0.0,0.0,0.0,-40.003,-40.0,0.0,-90.239,0.003,-0.02,-40.003,-81.999,0.0,-90.239,0.003,-0.02,0.0,1961.3299041384148,0.0,0.0,0.0,0.0,0.0,8.0,0.0,0.0,0.0,0.0,0.0137698,-0.0068849,-0.0275396,4.7987753,-0.0137698,-1.1773179,0.01231013430998,0.004438583638528,-0.006137728937652,-0.0029491758242370003,-0.000258699633705,0.00258699633705,49.998999999999995,1.7129049997492984,0.14990499994382844,0.06344400026137009,0.0
pd,23:51:13.807,634,-40.003,-89.999,0.0,-90.239,0.003,-0.02,0.0,0.0,0.0,0.0,0.0,0.0,-40.003,-40.0,0.0,-90.239,0.003,-0.02,-40.003,-81.999,0.0,-90.239,0.003,-0.02,0.0,2003.0105062082139,0.0,0.0,0.0,0.0,0.0,8.0,0.0,0.0,0.0,0.0,0.0137698,-0.0068849,-0.0275396,4.7987753,-0.0137698,-1.1773179,0.01231013430998,0.004438583638528,-0.006137728937652,-0.0029491758242370003,-0.000258699633705,0.00258699633705,49.998999999999995,1.7185709998557286,0.1626830003260693,0.07333300027312362,0.0
pd,23:51:13.809,635,-40.003,-89.999,0.0,-90.239,0.003,-0.02,0.0,0.0,0.0,0.0,0.0,0.0,-40.003,-40.0,0.0,-90.239,0.003,-0.02,-40.003,-81.999,0.0,-90.239,0.003,-0.02,0.0,1971.470740305523,0.0,0.0,0.0,0.0,0.0,8.0,0.0,0.0,0.0,0.0,0.0137698,-0.0068849,-0.0275396,4.7987753,-0.0137698,-1.1773179,0.01231013430998,0.004438583638528,-0.006137728937652,-0.0029491758242370003,-0.000258699633705,0.00258699633705,49.998999999999995,1.863754999703815,0.1812200002859754,0.0833700000839599,0.0
pd,23:51:13.811,636,-40.003,-89.999,0.0,-90.239,0.003,-0.02,0.0,0.0,0.0,0.0,0.0,0.0,-40.003,-40.0,0.0,-90.239,0.003,-0.02,-40.003,-81.999,0.0,-90.239,0.003,-0.02,0.0,1811.2076001295477,0.0,0.0,0.0,0.0,0.0,8.0,0.0,0.0,0.0,0.0,0.0137698,-0.0068849,-0.0275396,4.7987753,-0.0137698,-1.1773179,0.01231013430998,0.004438583638528,-0.006137728937652,-0.0029491758242370003,-0.000258699633705,0.00258699633705,49.998999999999995,1.6571279998061073,0.14127599979474326,0.10566599985395442,0.0
pd,23:51:13.813,637,-40.003,-89.999,0.0,-90.239,0.003,-0.02,0.0,0.0,0.0,0.0,0.0,0.0,-40.003,-40.0,0.0,-90.239,0.003,-0.02,-40.003,-81.999,0.0,-90.239,0.003,-0.02,0.0,1925.5383909101342,0.0,0.0,0.0,0.0,0.0,8.0,0.0,0.0,0.0,0.0,0.0137698,-0.0068849,-0.0275396,4.7987753,-0.0137698,-1.1773179,0.01231013430998,0.004438583638528,-0.006137728937652,-0.0029491758242370003,-0.000258699633705,0.00258699633705,49.998999999999995,1.6438870002275507,0.15086799976415932,0.058553999679133995,0.0
pd,23:51:13.815,638,-40.003,-89.999,0.0,-90.239,0.003,-0.02,0.0,0.0,0.0,0.0,0.0,0.0,-40.003,-40.0,0.0,-90.239,0.003,-0.02,-40.003,-81.999,0.0,-90.239,0.003,-0.02,0.0,2086.4588981469965,0.0,0.0,0.0,0.0,0.0,8.0,0.0,0.0,0.0,0.0,0.0137698,-0.0068849,-0.0275396,4.7987753,-0.0137698,-1.1773179,0.01231013430998,0.004438583638528,-0.006137728937652,-0.0029491758242370003,-0.000258699633705,0.00258699633705,49.998999999999995,1.6255359996648622,0.1369239998894045,0.08490599975630175,0.0
pd,23:51:13.817,639,-40.003,-89.999,0.0,-90.239,0.003,-0.02,0.0,0.0,0.0,0.0,0.0,0.0,-40.003,-40.0,0.0,-90.239,0.003,-0.02,-40.003,-81.999,0.0,-90.239,0.003,-0.02,0.0,2090.0979195216146,0.0,0.0,0.0,0.0,0.0,8.0,0.0,0.0,0.0,0.0,0.0137698,-0.0068849,-0.0275396,4.7987753,-0.0137698,-1.1773179,0.01231013430998,0.004438583638528,-0.006137728937652,-0.0029491758242370003,-0.000258699633705,0.00258699633705,49.998999999999995,1.62586900023598,0.1358690001325158,0.0563700000384415,0.0
pd,23:51:13.819,640,-40.003,-89.999,0.0,-90.239,0.003,-0.02,0.0,0.0,0.0,0.0,0.0,0.0,-40.003,-40.0,0.0,-90.239,0.003,-0.02,-40.003,-81.999,0.0,-90.239,0.003,-0.02,0.0,2123.6982278481014,0.0,0.0,0.0,0.0,0.0,8.0,0.0,0.0,0.0,0.0,0.0137698,-0.0068849,-0.0275396,4.7987753,-0.0137698,-1.1773179,0.01231013430998,0.004438583638528,-0.006137728937652,-0.0029491758242370003,-0.000258699633705,0.00258699633705,49.998999999999995,1.6596089999438846,0.1369610004076094,0.1035169998431229,0.0
pd,23:51:13.821,641,-40.003,-89.999,0.0,-90.239,0.003,-0.02,0.0,0.0,0.0,0.0,0.0,0.0,-40.003,-40.0,0.0,-90.239,0.003,-0.02,-40.003,-81.999,0.0,-90.239,0.003,-0.02,0.0,1615.6795069337443,0.0,0.0,0.0,0.0,0.0,8.0,0.0,0.0,0.0,0.0,0.0137698,-0.0068849,-0.0275396,4.7987753,-0.0137698,-1.1773179,0.01231013430998,0.004438583638528,-0.006137728937652,-0.0029491758242370003,-0.000258699633705,0.00258699633705,49.998999999999995,1.7823849998421792,0.2212559998042707,0.07196199976533535,0.0
pd,23:51:13.823,642,-40.003,-89.999,0.0,-90.239,0.003,-0.02,0.0,0.0,0.0,0.0,0.0,0.0,-40.003,-40.0,0.0,-90.239,0.003,-0.02,-40.003,-81.999,0.0,-90.239,0.003,-0.02,0.0,1848.5253415601587,0.0,0.0,0.0,0.0,0.0,8.0,0.0,0.0,0.0,0.0,0.0137698,-0.0068849,-0.0275396,4.7987753,-0.0137698,-1.1773179,0.01231013430998,0.004438583638528,-0.006137728937652,-0.0029491758242370003,-0.000258699633705,0.00258699633705,49.998999999999995,1.6926819998843712,0.1579429999765125,0.06851800026197452,0.0
pd,23:51:13.825,643,-40.003,-89.999,0.0,-90.239,0.003,-0.02,0.0,0.0,0.0,0.0,0.0,0.0,-40.003,-40.0,0.0,-90.239,0.003,-0.02,-40.003,-81.999,0.0,-90.239,0.003,-0.02,0.0,2008.2853722767536,0.0,0.0,0.0,0.0,0.0,8.0,0.0,0.0,0.0,0.0,0.0137698,-0.0068849,-0.0275396,4.7987753,-0.0137698,-1.1773179,0.01231013430998,0.004438583638528,-0.006137728937652,-0.0029491758242370003,-0.000258699633705,0.00258699633705,49.998999999999995,1.6346459997294005,0.13412799989964697,0.2704779999476159,0.0
pd,23:51:13.827,644,-40.003,-89.999,0.0,-90.239,0.003,-0.02,0.0,0.0,0.0,0.0,0.0,0.0,-40.003,-40.0,0.0,-90.239,0.003,-0.02,-40.003,-81.999,0.0,-90.239,0.003,-0.02,0.0,1889.5389120396442,0.0,0.0,0.0,0.0,0.0,8.0,0.0,0.0,0.0,0.0,0.0137698,-0.0068849,-0.0275396,4.7987753,-0.0137698,-1.1773179,0.01231013430998,0.004438583638528,-0.006137728937652,-0.0029491758242370003,-0.000258699633705,0.00258699633705,49.998999999999995,1.7252369998459471,0.19990500004496425,0.08390599987251335,0.0
pd,23:51:13.829,645,-40.003,-89.999,0.0,-90.239,0.003,-0.02,0.0,0.0,0.0,0.0,0.0,0.0,-40.003,-40.0,0.0,-90.239,0.003,-0.02,-40.003,-81.999,0.0,-90.239,0.003,-0.02,0.0,1912.151356279918,0.0,0.0,0.0,0.0,0.0,8.0,0.0,0.0,0.0,0.0,0.0137698,-0.0068849,-0.0275396,4.7987753,-0.0137698,-1.1773179,0.01231013430998,0.004438583638528,-0.006137728937652,-0.0029491758242370003,-0.000258699633705,0.00258699633705,49.998999999999995,1.7963299997063586,0.16373800008295802,0.0739060001251346,0.0
pd,23:51:13.832,646,-40.003,-89.999,0.0,-90.239,0.003,-0.02,0.0,0.0,0.0,0.0,0.0,0.0,-40.003,-40.0,0.0,-90.239,0.003,-0.02,-40.003,-81.999,0.0,-90.239,0.003,-0.02,0.0,1898.0898291661952,0.0,0.0,0.0,0.0,0.0,8.0,0.0,0.0,0.0,0.0,0.0137698,-0.0068849,-0.0275396,4.7987753,-0.0137698,-1.1773179,0.01231013430998,0.004438583638528,-0.006137728937652,-0.0029491758242370003,-0.000258699633705,0.00258699633705,49.998999999999995,1.7474409996793838,0.20338700005595456,0.07196199976533535,0.0
pd,23:51:13.834,647,-40.003,-89.999,0.0,-90.239,0.003,-0.02,0.0,0.0,0.0,0.0,0.0,0.0,-40.003,-40.0,0.0,-90.239,0.003,-0.02,-40.003,-81.999,0.0,-90.239,0.003,-0.02,0.0,1908.8879280919332,0.0,0.0,0.0,0.0,0.0,8.0,0.0,0.0,0.0,0.0,0.0137698,-0.0068849,-0.0275396,4.7987753,-0.0137698,-1.1773179,0.01231013430998,0.004438583638528,-0.006137728937652,-0.0029491758242370003,-0.000258699633705,0.00258699633705,49.998999999999995,1.6234050003731681,0.13381300004766672,0.055110999710450415,0.0
pd,23:51:13.835,648,-40.003,-89.999,0.0,-90.239,0.003,-0.02,0.0,0.0,0.0,0.0,0.0,0.0,-40.003,-40.0,0.0,-90.239,0.003,-0.02,-40.003,-81.999,0.0,-90.239,0.003,-0.02,0.0,2132.877701500127,0.0,0.0,0.0,0.0,0.0,8.0,0.0,0.0,0.0,0.0,0.0137698,-0.0068849,-0.0275396,4.7987753,-0.0137698,-1.1773179,0.01231013430998,0.004438583638528,-0.006137728937652,-0.0029491758242370003,-0.000258699633705,0.00258699633705,49.998999999999995,1.6677389999131265,0.1453320001019165,0.06812899982833187,0.0
pd,23:51:13.837,649,-40.003,-89.999,0.0,-90.239,0.003,-0.02,0.0,0.0,0.0,0.0,0.0,0.0,-40.003,-40.0,0.0,-90.239,0.003,-0.02,-40.003,-81.999,0.0,-90.239,0.003,-0.02,0.0,2050.2524746425515,0.0,0.0,0.0,0.0,0.0,8.0,0.0,0.0,0.0,0.0,0.0137698,-0.0068849,-0.0275396,4.7987753,-0.0137698,-1.1773179,0.01231013430998,0.004438583638528,-0.006137728937652,-0.0029491758242370003,-0.000258699633705,0.00258699633705,49.998999999999995,1.6130349999912141,0.13368300005822675,0.061610000102518825,0.0
pd,23:51:13.839,650,-40.003,-89.999,0.0,-90.239,0.003,-0.02,0.0,0.0,0.0,0.0,0.0,0.0,-40.003,-40.0,0.0,-90.239,0.003,-0.02,-40.003,-81.999,0.0,-90.239,0.003,-0.02,0.0,2133.4201424211597,0.0,0.0,0.0,0.0,0.0,8.0,0.0,0.0,0.0,0.0,0.0137698,-0.0068849,-0.0275396,4.7987753,-0.0137698,-1.1773179,0.01231013430998,0.004438583638528,-0.006137728937652,-0.0029491758242370003,-0.000258699633705,0.00258699633705,49.998999999999995,1.7717560003802646,0.17384900002070935,0.07918400024209404,0.0
pd,23:51:13.842,651,-40.003,-89.999,0.0,-90.239,0.003,-0.02,0.0,0.0,0.0,0.0,0.0,0.0,-40.003,-40.0,0.0,-90.239,0.003,-0.02,-40.003,-81.999,0.0,-90.239,0.003,-0.02,0.0,1618.6411963338157,0.0,0.0,0.0,0.0,0.0,8.0,0.0,0.0,0.0,0.0,0.0137698,-0.0068849,-0.0275396,4.7987753,-0.0137698,-1.1773179,0.01231013430998,0.004438583638528,-0.006137728937652,-0.0029491758242370003,-0.000258699633705,0.00258699633705,49.998999999999995,1.828551000016887,0.21438600015244447,0.07525799992436077,0.0
pd,23:51:13.844,652,-40.003,-89.999,0.0,-90.239,0.003,-0.02,0.0,0.0,0.0,0.0,0.0,0.0,-40.003,-40.0,0.0,-90.239,0.003,-0.02,-40.003,-81.999,0.0,-90.239,0.003,-0.02,0.0,1812.9690944456452,0.0,0.0,0.0,0.0,0.0,8.0,0.0,0.0,0.0,0.0,0.0137698,-0.0068849,-0.0275396,4.7987753,-0.0137698,-1.1773179,0.01231013430998,0.004438583638528,-0.006137728937652,-0.0029491758242370003,-0.000258699633705,0.00258699633705,49.998999999999995,1.6782570000941632,0.14175700016494375,0.0607960000706953,0.0
pd,23:51:13.846,653,-40.003,-89.999,0.0,-90.239,0.003,-0.02,0.0,0.0,0.0,0.0,0.0,0.0,-40.003,-40.0,0.0,-90.239,0.003,-0.02,-40.003,-81.999,0.0,-90.239,0.003,-0.02,0.0,2053.01223690651,0.0,0.0,0.0,0.0,0.0,8.0,0.0,0.0,0.0,0.0,0.0137698,-0.0068849,-0.0275396,4.7987753,-0.0137698,-1.1773179,0.01231013430998,0.004438583638528,-0.006137728937652,-0.0029491758242370003,-0.000258699633705,0.00258699633705,49.998999999999995,1.620830999854661,0.14220200000636396,0.061314000049605966,0.0
pd,23:51:13.848,654,-40.003,-89.999,0.0,-90.239,0.003,-0.02,0.0,0.0,0.0,0.0,0.0,0.0,-40.003,-40.0,0.0,-90.239,0.003,-0.02,-40.003,-81.999,0.0,-90.239,0.003,-0.02,0.0,2115.930886618741,0.0,0.0,0.0,0.0,0.0,8.0,0.0,0.0,0.0,0.0,0.0137698,-0.0068849,-0.0275396,4.7987753,-0.0137698,-1.1773179,0.01231013430998,0.004438583638528,-0.006137728937652,-0.0029491758242370003,-0.000258699633705,0.00258699633705,49.998999999999995,1.6693120001036732,0.1475529998060665,0.06866600006105728,0.0
pd,23:51:13.850,655,-40.003,-89.999,0.0,-90.239,0.003,-0.02,0.0,0.0,0.0,0.0,0.0,0.0,-40.003,-40.0,0.0,-90.239,0.003,-0.02,-40.003,-81.999,0.0,-90.239,0.003,-0.02,0.0,2045.2536876752408,0.0,0.0,0.0,0.0,0.0,8.0,0.0,0.0,0.0,0.0,0.0137698,-0.0068849,-0.0275396,4.7987753,-0.0137698,-1.1773179,0.01231013430998,0.004438583638528,-0.006137728937652,-0.0029491758242370003,-0.000258699633705,0.00258699633705,49.998999999999995,1.7968850002034742,0.1583319999554078,0.07068400009302422,0.0
pd,23:51:13.852,656,-40.003,-89.999,0.0,-90.239,0.003,-0.02,0.0,0.0,0.0,0.0,0.0,0.0,-40.003,-40.0,0.0,-90.239,0.003,-0.02,-40.003,-81.999,0.0,-90.239,0.003,-0.02,0.0,1908.2365787079164,0.0,0.0,0.0,0.0,0.0,8.0,0.0,0.0,0.0,0.0,0.0137698,-0.0068849,-0.0275396,4.7987753,-0.0137698,-1.1773179,0.01231013430998,0.004438583638528,-0.006137728937652,-0.0029491758242370003,-0.000258699633705,0.00258699633705,49.998999999999995,1.9411430002946872,0.19351599985384382,0.08951800009526778,0.0
pd,23:51:13.854,657,-40.003,-89.999,0.0,-90.239,0.003,-0.02,0.0,0.0,0.0,0.0,0.0,0.0,-40.003,-40.0,0.0,-90.239,0.003,-0.02,-40.003,-81.999,0.0,-90.239,0.003,-0.02,0.0,1733.5416408348833,0.0,0.0,0.0,0.0,0.0,8.0,0.0,0.0,0.0,0.0,0.0137698,-0.0068849,-0.0275396,4.7987753,-0.0137698,-1.1773179,0.01231013430998,0.004438583638528,-0.006137728937652,-0.0029491758242370003,-0.000258699633705,0.00258699633705,49.998999999999995,1.6494609999426757,0.14586799989046995,0.06910999991305289,0.0
pd,23:51:13.856,658,-40.003,-89.999,0.0,-90.239,0.003,-0.02,0.0,0.0,0.0,0.0,0.0,0.0,-40.003,-40.0,0.0,-90.239,0.003,-0.02,-40.003,-81.999,0.0,-90.239,0.003,-0.02,0.0,2068.45222537295,0.0,0.0,0.0,0.0,0.0,8.0,0.0,0.0,0.0,0.0,0.0137698,-0.0068849,-0.0275396,4.7987753,-0.0137698,-1.1773179,0.01231013430998,0.004438583638528,-0.006137728937652,-0.0029491758242370003,-0.000258699633705,0.00258699633705,49.998999999999995,1.6737749997446372,0.22323800021695206,0.07136900012483238,0.0
pd,23:51:13.858,659,-40.003,-89.999,0.0,-90.239,0.003,-0.02,0.0,0.0,0.0,0.0,0.0,0.0,-40.003,-40.0,0.0,-90.239,0.003,-0.02,-40.003,-81.999,0.0,-90.239,0.003,-0.02,0.0,1954.0200326112276,0.0,0.0,0.0,0.0,0.0,8.0,0.0,0.0,0.0,0.0,0.0137698,-0.0068849,-0.0275396,4.7987753,-0.0137698,-1.1773179,0.01231013430998,0.004438583638528,-0.006137728937652,-0.0029491758242370003,-0.000258699633705,0.00258699633705,49.998999999999995,1.6561649999857764,0.17833199990491266,0.07999899980859482,0.0
pd,23:51:13.860,660,-40.003,-89.999,0.0,-90.239,0.003,-0.02,0.0,0.0,0.0,0.0,0.0,0.0,-40.003,-40.0,0.0,-90.239,0.003,-0.02,-40.003,-81.999,0.0,-90.239,0.003,-0.02,0.0,2008.2853722767536,0.0,0.0,0.0,0.0,0.0,8.0,0.0,0.0,0.0,0.0,0.0137698,-0.0068849,-0.0275396,4.7987753,-0.0137698,-1.1773179,0.01231013430998,0.004438583638528,-0.006137728937652,-0.0029491758242370003,-0.000258699633705,0.00258699633705,49.998999999999995,1.8396800001028168,0.17205300036948756,0.07937000009405892,0.0
pd,23:51:13.863,661,-40.003,-89.999,0.0,-90.239,0.003,-0.02,0.0,0.0,0.0,0.0,0.0,0.0,-40.003,-40.0,0.0,-90.239,0.003,-0.02,-40.003,-81.999,0.0,-90.239,0.003,-0.02,0.0,1536.7972886324083,0.0,0.0,0.0,0.0,0.0,8.0,0.0,0.0,0.0,0.0,0.0137698,-0.0068849,-0.0275396,4.7987753,-0.0137698,-1.1773179,0.01231013430998,0.004438583638528,-0.006137728937652,-0.0029491758242370003,-0.000258699633705,0.00258699633705,49.998999999999995,1.8846250000024156,0.22536799997396884,0.08849899995766464,0.0
pd,23:51:13.865,662,-40.003,-89.999,0.0,-90.239,0.003,-0.02,0.0,0.0,0.0,0.0,0.0,0.0,-40.003,-40.0,0.0,-90.239,0.003,-0.02,-40.003,-81.999,0.0,-90.239,0.003,-0.02,0.0,1743.630845977967,0.0,0.0,0.0,0.0,0.0,8.0,0.0,0.0,0.0,0.0,0.0137698,-0.0068849,-0.0275396,4.7987753,-0.0137698,-1.1773179,0.01231013430998,0.004438583638528,-0.006137728937652,-0.0029491758242370003,-0.000258699633705,0.00258699633705,49.998999999999995,1.6452210002171341,0.14177699995343573,0.06166499997561914,0.0
pd,23:51:13.867,663,-40.003,-89.999,0.0,-90.239,0.003,-0.02,0.0,0.0,0.0,0.0,0.0,0.0,-40.003,-40.0,0.0,-90.239,0.003,-0.02,-40.003,-81.999,0.0,-90.239,0.003,-0.02,0.0,2086.718407960199,0.0,0.0,0.0,0.0,0.0,8.0,0.0,0.0,0.0,0.0,0.0137698,-0.0068849,-0.0275396,4.7987753,-0.0137698,-1.1773179,0.01231013430998,0.004438583638528,-0.006137728937652,-0.0029491758242370003,-0.000258699633705,0.00258699633705,49.998999999999995,1.607739000064612,0.14405299998543342,0.06566599995494471,0.0
pd,23:51:13.869,664,-40.003,-89.999,0.0,-90.239,0.003,-0.02,0.0,0.0,0.0,0.0,0.0,0.0,-40.003,-40.0,0.0,-90.239,0.003,-0.02,-40.003,-81.999,0.0,-90.239,0.003,-0.02,0.0,2070.4943847957547,0.0,0.0,0.0,0.0,0.0,8.0,0.0,0.0,0.0,0.0,0.0137698,-0.0068849,-0.0275396,4.7987753,-0.0137698,-1.1773179,0.01231013430998,0.004438583638528,-0.006137728937652,-0.0029491758242370003,-0.000258699633705,0.00258699633705,49.998999999999995,1.6353320002053806,0.1422949999323464,0.06277699958445737,0.0
pd,23:51:13.871,665,-40.003,-89.999,0.0,-90.239,0.003,-0.02,0.0,0.0,0.0,0.0,0.0,0.0,-40.003,-40.0,0.0,-90.239,0.003,-0.02,-40.003,-81.999,0.0,-90.239,0.003,-0.02,0.0,2096.103948025987,0.0,0.0,0.0,0.0,0.0,8.0,0.0,0.0,0.0,0.0,0.0137698,-0.0068849,-0.0275396,4.7987753,-0.0137698,-1.1773179,0.01231013430998,0.004438583638528,-0.006137728937652,-0.0029491758242370003,-0.000258699633705,0.00258699633705,49.998999999999995,1.8950319999930798,0.17560900005264557,0.08074000015767524,0.0
pd,23:51:13.873,666,-40.003,-89.999,0.0,-90.239,0.003,-0.02,0.0,0.0,0.0,0.0,0.0,0.0,-40.003,-40.0,0.0,-90.239,0.003,-0.02,-40.003,-81.999,0.0,-90.239,0.003,-0.02,0.0,1793.0122902639735,0.0,0.0,0.0,0.0,0.0,8.0,0.0,0.0,0.0,0.0,0.0137698,-0.0068849,-0.0275396,4.7987753,-0.0137698,-1.1773179,0.01231013430998,0.004438583638528,-0.006137728937652,-0.0029491758242370003,-0.000258699633705,0.00258699633705,49.998999999999995,1.66262699985964,0.13879499965696596,0.057036000271182274,0.0
pd,23:51:13.875,667,-40.003,-89.999,0.0,-90.239,0.003,-0.02,0.0,0.0,0.0,0.0,0.0,0.0,-40.003,-40.0,0.0,-90.239,0.003,-0.02,-40.003,-81.999,0.0,-90.239,0.003,-0.02,0.0,2079.476450173525,0.0,0.0,0.0,0.0,0.0,8.0,0.0,0.0,0.0,0.0,0.0137698,-0.0068849,-0.0275396,4.7987753,-0.0137698,-1.1773179,0.01231013430998,0.004438583638528,-0.006137728937652,-0.0029491758242370003,-0.000258699633705,0.00258699633705,49.998999999999995,1.611517000128515,0.14762799992240616,0.06672100016658078,0.0
pd,23:51:13.877,668,-40.003,-89.999,0.0,-90.239,0.003,-0.02,0.0,0.0,0.0,0.0,0.0,0.0,-40.003,-40.0,0.0,-90.239,0.003,-0.02,-40.003,-81.999,0.0,-90.239,0.003,-0.02,0.0,2087.757093081135,0.0,0.0,0.0,0.0,0.0,8.0,0.0,0.0,0.0,0.0,0.0137698,-0.0068849,-0.0275396,4.7987753,-0.0137698,-1.1773179,0.01231013430998,0.004438583638528,-0.006137728937652,-0.0029491758242370003,-0.000258699633705,0.00258699633705,49.998999999999995,1.9678829999065783,0.19884900029865094,0.10172100019190111,0.0
pd,23:51:13.879,669,-40.003,-89.999,0.0,-90.239,0.003,-0.02,0.0,0.0,0.0,0.0,0.0,0.0,-40.003,-40.0,0.0,-90.239,0.003,-0.02,-40.003,-81.999,0.0,-90.239,0.003,-0.02,0.0,1697.9269304726242,0.0,0.0,0.0,0.0,0.0,8.0,0.0,0.0,0.0,0.0,0.0137698,-0.0068849,-0.0275396,4.7987753,-0.0137698,-1.1773179,0.01231013430998,0.004438583638528,-0.006137728937652,-0.0029491758242370003,-0.000258699633705,0.00258699633705,49.998999999999995,1.7129970001406036,0.31132899994190666,0.08660999992571305,0.0
pd,23:51:13.881,670,-40.003,-89.999,0.0,-90.239,0.003,-0.02,0.0,0.0,0.0,0.0,0.0,0.0,-40.003,-40.0,0.0,-90.239,0.003,-0.02,-40.003,-81.999,0.0,-90.239,0.003,-0.02,0.0,1826.3897234922708,0.0,0.0,0.0,0.0,0.0,8.0,0.0,0.0,0.0,0.0,0.0137698,-0.0068849,-0.0275396,4.7987753,-0.0137698,-1.1773179,0.01231013430998,0.004438583638528,-0.006137728937652,-0.0029491758242370003,-0.000258699633705,0.00258699633705,49.998999999999995,1.7225520000465622,0.261571000010008,0.08796099973551463,0.0
pd,23:51:13.884,671,-40.003,-89.999,0.0,-90.239,0.003,-0.02,0.0,0.0,0.0,0.0,0.0,0.0,-40.003,-40.0,0.0,-90.239,0.003,-0.02,-40.003,-81.999,0.0,-90.239,0.003,-0.02,0.0,1578.4378586884936,0.0,0.0,0.0,0.0,0.0,8.0,0.0,0.0,0.0,0.0,0.0137698,-0.0068849,-0.0275396,4.7987753,-0.0137698,-1.1773179,0.01231013430998,0.004438583638528,-0.006137728937652,-0.0029491758242370003,-0.000258699633705,0.00258699633705,49.998999999999995,1.8954759998450754,0.2142010002899042,0.07383299998764414,0.0
pd,23:51:13.886,672,-40.003,-89.999,0.0,-90.239,0.003,-0.02,0.0,0.0,0.0,0.0,0.0,0.0,-40.003,-40.0,0.0,-90.239,0.003,-0.02,-40.003,-81.999,0.0,-90.239,0.003,-0.02,0.0,1759.9093674604007,0.0,0.0,0.0,0.0,0.0,8.0,0.0,0.0,0.0,0.0,0.0137698,-0.0068849,-0.0275396,4.7987753,-0.0137698,-1.1773179,0.01231013430998,0.004438583638528,-0.006137728937652,-0.0029491758242370003,-0.000258699633705,0.00258699633705,49.998999999999995,1.684200999989116,0.14338700020744,0.06012899984852993,0.0
pd,23:51:13.888,673,-40.003,-89.999,0.0,-90.239,0.003,-0.02,0.0,0.0,0.0,0.0,0.0,0.0,-40.003,-40.0,0.0,-90.239,0.003,-0.02,-40.003,-81.999,0.0,-90.239,0.003,-0.02,0.0,2045.5030480370642,0.0,0.0,0.0,0.0,0.0,8.0,0.0,0.0,0.0,0.0,0.0137698,-0.0068849,-0.0275396,4.7987753,-0.0137698,-1.1773179,0.01231013430998,0.004438583638528,-0.006137728937652,-0.0029491758242370003,-0.000258699633705,0.00258699633705,49.998999999999995,1.6930900001170812,0.14885000018693972,0.06475800000771414,0.0
pd,23:51:13.890,674,-40.003,-89.999,0.0,-90.239,0.003,-0.02,0.0,0.0,0.0,0.0,0.0,0.0,-40.003,-40.0,0.0,-90.239,0.003,-0.02,-40.003,-81.999,0.0,-90.239,0.003,-0.02,0.0,2011.4154178156095,0.0,0.0,0.0,0.0,0.0,8.0,0.0,0.0,0.0,0.0,0.0137698,-0.0068849,-0.0275396,4.7987753,-0.0137698,-1.1773179,0.01231013430998,0.004438583638528,-0.006137728937652,-0.0029491758242370003,-0.000258699633705,0.00258699633705,49.998999999999995,1.8774770001073193,0.16705299958630349,0.07216600033643772,0.0
pd,23:51:13.892,675,-40.003,-89.999,0.0,-90.239,0.003,-0.02,0.0,0.0,0.0,0.0,0.0,0.0,-40.003,-40.0,0.0,-90.239,0.003,-0.02,-40.003,-81.999,0.0,-90.239,0.003,-0.02,0.0,1826.1909219549364,0.0,0.0,0.0,0.0,0.0,8.0,0.0,0.0,0.0,0.0,0.0137698,-0.0068849,-0.0275396,4.7987753,-0.0137698,-1.1773179,0.01231013430998,0.004438583638528,-0.006137728937652,-0.0029491758242370003,-0.000258699633705,0.00258699633705,49.998999999999995,1.7212379998454708,0.1405160001013428,0.06011000004946254,0.0
pd,23:51:13.894,676,-40.003,-89.999,0.0,-90.239,0.003,-0.02,0.0,0.0,0.0,0.0,0.0,0.0,-40.003,-40.0,0.0,-90.239,0.003,-0.02,-40.003,-81.999,0.0,-90.239,0.003,-0.02,0.0,2012.863347330534,0.0,0.0,0.0,0.0,0.0,8.0,0.0,0.0,0.0,0.0,0.0137698,-0.0068849,-0.0275396,4.7987753,-0.0137698,-1.1773179,0.01231013430998,0.004438583638528,-0.006137728937652,-0.0029491758242370003,-0.000258699633705,0.00258699633705,49.998999999999995,1.6646650001348462,0.1299609998568485,0.05690699981641956,0.0
pd,23:51:13.896,677,-40.003,-89.999,0.0,-90.239,0.003,-0.02,0.0,0.0,0.0,0.0,0.0,0.0,-40.003,-40.0,0.0,-90.239,0.003,-0.02,-40.003,-81.999,0.0,-90.239,0.003,-0.02,0.0,2090.879361914257,0.0,0.0,0.0,0.0,0.0,8.0,0.0,0.0,0.0,0.0,0.0137698,-0.0068849,-0.0275396,4.7987753,-0.0137698,-1.1773179,0.01231013430998,0.004438583638528,-0.006137728937652,-0.0029491758242370003,-0.000258699633705,0.00258699633705,49.998999999999995,1.699664000170742,0.14581299956262228,0.0633509998806403,0.0
pd,23:51:13.898,678,-40.003,-89.999,0.0,-90.239,0.003,-0.02,0.0,0.0,0.0,0.0,0.0,0.0,-40.003,-40.0,0.0,-90.239,0.003,-0.02,-40.003,-81.999,0.0,-90.239,0.003,-0.02,0.0,2025.2554321583775,0.0,0.0,0.0,0.0,0.0,8.0,0.0,0.0,0.0,0.0,0.0137698,-0.0068849,-0.0275396,4.7987753,-0.0137698,-1.1773179,0.01231013430998,0.004438583638528,-0.006137728937652,-0.0029491758242370003,-0.000258699633705,0.00258699633705,49.998999999999995,1.669608000156586,0.13894299991079606,0.05914800021855626,0.0
pd,23:51:13.900,679,-40.003,-89.999,0.0,-90.239,0.003,-0.02,0.0,0.0,0.0,0.0,0.0,0.0,-40.003,-40.0,0.0,-90.239,0.003,-0.02,-40.003,-81.999,0.0,-90.239,0.003,-0.02,0.0,2068.45222537295,0.0,0.0,0.0,0.0,0.0,8.0,0.0,0.0,0.0,0.0,0.0137698,-0.0068849,-0.0275396,4.7987753,-0.0137698,-1.1773179,0.01231013430998,0.004438583638528,-0.006137728937652,-0.0029491758242370003,-0.000258699633705,0.00258699633705,49.998999999999995,1.8586619999041432,0.17194200017911498,0.07924000010461896,0.0
pd,23:51:13.902,680,-40.003,-89.999,0.0,-90.239,0.003,-0.02,0.0,0.0,0.0,0.0,0.0,0.0,-40.003,-40.0,0.0,-90.239,0.003,-0.02,-40.003,-81.999,0.0,-90.239,0.003,-0.02,0.0,1829.5764449291166,0.0,0.0,0.0,0.0,0.0,8.0,0.0,0.0,0.0,0.0,0.0137698,-0.0068849,-0.0275396,4.7987753,-0.0137698,-1.1773179,0.01231013430998,0.004438583638528,-0.006137728937652,-0.0029491758242370003,-0.000258699633705,0.00258699633705,49.998999999999995,1.9044759997086658,0.20103499991819263,0.12538700002551195,0.0
pd,23:51:13.905,681,-40.003,-89.999,0.0,-90.239,0.003,-0.02,0.0,0.0,0.0,0.0,0.0,0.0,-40.003,-40.0,0.0,-90.239,0.003,-0.02,-40.003,-81.999,0.0,-90.239,0.003,-0.02,0.0,1485.7612469004605,0.0,0.0,0.0,0.0,0.0,8.0,0.0,0.0,0.0,0.0,0.0137698,-0.0068849,-0.0275396,4.7987753,-0.0137698,-1.1773179,0.01231013430998,0.004438583638528,-0.006137728937652,-0.0029491758242370003,-0.000258699633705,0.00258699633705,49.998999999999995,1.772884999809321,0.21301600008882815,0.07733299980827724,0.0
pd,23:51:13.907,682,-40.003,-89.999,0.0,-90.239,0.003,-0.02,0.0,0.0,0.0,0.0,0.0,0.0,-40.003,-40.0,0.0,-90.239,0.003,-0.02,-40.003,-81.999,0.0,-90.239,0.003,-0.02,0.0,1857.1193269869382,0.0,0.0,0.0,0.0,0.0,8.0,0.0,0.0,0.0,0.0,0.0137698,-0.0068849,-0.0275396,4.7987753,-0.0137698,-1.1773179,0.01231013430998,0.004438583638528,-0.006137728937652,-0.0029491758242370003,-0.000258699633705,0.00258699633705,49.998999999999995,1.8747540002550522,0.20583100013027433,0.09268400026485324,0.0
pd,23:51:13.909,683,-40.003,-89.999,0.0,-90.239,0.003,-0.02,0.0,0.0,0.0,0.0,0.0,0.0,-40.003,-40.0,0.0,-90.239,0.003,-0.02,-40.003,-81.999,0.0,-90.239,0.003,-0.02,0.0,1768.8156035846073,0.0,0.0,0.0,0.0,0.0,8.0,0.0,0.0,0.0,0.0,0.0137698,-0.0068849,-0.0275396,4.7987753,-0.0137698,-1.1773179,0.01231013430998,0.004438583638528,-0.006137728937652,-0.0029491758242370003,-0.000258699633705,0.00258699633705,49.998999999999995,1.6525720002391608,0.30375599999388214,0.08157299998856615,0.0
pd,23:51:13.912,684,-40.003,-89.999,0.0,-90.239,0.003,-0.02,0.0,0.0,0.0,0.0,0.0,0.0,-40.003,-40.0,0.0,-90.239,0.003,-0.02,-40.003,-81.999,0.0,-90.239,0.003,-0.02,0.0,1892.3094969546582,0.0,0.0,0.0,0.0,0.0,8.0,0.0,0.0,0.0,0.0,0.0137698,-0.0068849,-0.0275396,4.7987753,-0.0137698,-1.1773179,0.01231013430998,0.004438583638528,-0.006137728937652,-0.0029491758242370003,-0.000258699633705,0.00258699633705,49.998999999999995,1.7499409996162285,0.1547940000818926,0.06418400016627857,0.0
pd,23:51:13.914,685,-40.003,-89.999,0.0,-90.239,0.003,-0.02,0.0,0.0,0.0,0.0,0.0,0.0,-40.003,-40.0,0.0,-90.239,0.003,-0.02,-40.003,-81.999,0.0,-90.239,0.003,-0.02,0.0,1962.936234936235,0.0,0.0,0.0,0.0,0.0,8.0,0.0,0.0,0.0,0.0,0.0137698,-0.0068849,-0.0275396,4.7987753,-0.0137698,-1.1773179,0.01231013430998,0.004438583638528,-0.006137728937652,-0.0029491758242370003,-0.000258699633705,0.00258699633705,49.998999999999995,1.6214420002143015,0.1308320001953689,0.05440599989015027,0.0
pd,23:51:13.915,686,-40.003,-89.999,0.0,-90.239,0.003,-0.02,0.0,0.0,0.0,0.0,0.0,0.0,-40.003,-40.0,0.0,-90.239,0.003,-0.02,-40.003,-81.999,0.0,-90.239,0.003,-0.02,0.0,2138.8597654258033,0.0,0.0,0.0,0.0,0.0,8.0,0.0,0.0,0.0,0.0,0.0137698,-0.0068849,-0.0275396,4.7987753,-0.0137698,-1.1773179,0.01231013430998,0.004438583638528,-0.006137728937652,-0.0029491758242370003,-0.000258699633705,0.00258699633705,49.998999999999995,1.6445159999420866,0.14023899984749733,0.0619620000179566,0.0
pd,23:51:13.917,687,-40.003,-89.999,0.0,-90.239,0.003,-0.02,0.0,0.0,0.0,0.0,0.0,0.0,-40.003,-40.0,0.0,-90.239,0.003,-0.02,-40.003,-81.999,0.0,-90.239,0.003,-0.02,0.0,2091.139972578836,0.0,0.0,0.0,0.0,0.0,8.0,0.0,0.0,0.0,0.0,0.0137698,-0.0068849,-0.0275396,4.7987753,-0.0137698,-1.1773179,0.01231013430998,0.004438583638528,-0.006137728937652,-0.0029491758242370003,-0.000258699633705,0.00258699633705,49.998999999999995,1.7026079999595822,0.1548499999444175,0.06822200020906166,0.0
pd,23:51:13.919,688,-40.003,-89.999,0.0,-90.239,0.003,-0.02,0.0,0.0,0.0,0.0,0.0,0.0,-40.003,-40.0,0.0,-90.239,0.003,-0.02,-40.003,-81.999,0.0,-90.239,0.003,-0.02,0.0,2006.844019138756,0.0,0.0,0.0,0.0,0.0,8.0,0.0,0.0,0.0,0.0,0.0137698,-0.0068849,-0.0275396,4.7987753,-0.0137698,-1.1773179,0.01231013430998,0.004438583638528,-0.006137728937652,-0.0029491758242370003,-0.000258699633705,0.00258699633705,49.998999999999995,1.6543690003345546,0.14336899994304986,0.06457400013459846,0.0
pd,23:51:13.922,689,-40.003,-89.999,0.0,-90.239,0.003,-0.02,0.0,0.0,0.0,0.0,0.0,0.0,-40.003,-40.0,0.0,-90.239,0.003,-0.02,-40.003,-81.999,0.0,-90.239,0.003,-0.02,0.0,2072.028652587378,0.0,0.0,0.0,0.0,0.0,8.0,0.0,0.0,0.0,0.0,0.0137698,-0.0068849,-0.0275396,4.7987753,-0.0137698,-1.1773179,0.01231013430998,0.004438583638528,-0.006137728937652,-0.0029491758242370003,-0.000258699633705,0.00258699633705,49.998999999999995,1.8452369999977236,0.17138699968199944,0.06633300017711008,0.0
pd,23:51:13.923,690,-40.003,-89.999,0.0,-90.239,0.003,-0.02,0.0,0.0,0.0,0.0,0.0,0.0,-40.003,-40.0,0.0,-90.239,0.003,-0.02,-40.003,-81.999,0.0,-90.239,0.003,-0.02,0.0,1855.4762220747623,0.0,0.0,0.0,0.0,0.0,8.0,0.0,0.0,0.0,0.0,0.0137698,-0.0068849,-0.0275396,4.7987753,-0.0137698,-1.1773179,0.01231013430998,0.004438583638528,-0.006137728937652,-0.0029491758242370003,-0.000258699633705,0.00258699633705,49.998999999999995,1.6833310000947677,0.15636799980711658,0.0697030000083032,0.0
pd,23:51:13.926,691,-40.003,-89.999,0.0,-90.239,0.003,-0.02,0.0,0.0,0.0,0.0,0.0,0.0,-40.003,-40.0,0.0,-90.239,0.003,-0.02,-40.003,-81.999,0.0,-90.239,0.003,-0.02,0.0,1692.6166263115415,0.0,0.0,0.0,0.0,0.0,8.0,0.0,0.0,0.0,0.0,0.0137698,-0.0068849,-0.0275396,4.7987753,-0.0137698,-1.1773179,0.01231013430998,0.004438583638528,-0.006137728937652,-0.0029491758242370003,-0.000258699633705,0.00258699633705,49.998999999999995,1.7724959998304257,0.20801600021513877,0.0708689999555645,0.0
pd,23:51:13.928,692,-40.003,-89.999,0.0,-90.239,0.003,-0.02,0.0,0.0,0.0,0.0,0.0,0.0,-40.003,-40.0,0.0,-90.239,0.003,-0.02,-40.003,-81.999,0.0,-90.239,0.003,-0.02,0.0,1870.9954276792685,0.0,0.0,0.0,0.0,0.0,8.0,0.0,0.0,0.0,0.0,0.0137698,-0.0068849,-0.0275396,4.7987753,-0.0137698,-1.1773179,0.01231013430998,0.004438583638528,-0.006137728937652,-0.0029491758242370003,-0.000258699633705,0.00258699633705,49.998999999999995,1.9305129999338533,0.20140500009802054,0.09303599972554366,0.0
pd,23:51:13.930,693,-40.003,-89.999,0.0,-90.239,0.003,-0.02,0.0,0.0,0.0,0.0,0.0,0.0,-40.003,-40.0,0.0,-90.239,0.003,-0.02,-40.003,-81.999,0.0,-90.239,0.003,-0.02,0.0,1731.5735370007226,0.0,0.0,0.0,0.0,0.0,8.0,0.0,0.0,0.0,0.0,0.0137698,-0.0068849,-0.0275396,4.7987753,-0.0137698,-1.1773179,0.01231013430998,0.004438583638528,-0.006137728937652,-0.0029491758242370003,-0.000258699633705,0.00258699633705,49.998999999999995,1.8090329999722599,0.16318300004058983,0.0742019997233001,0.0
pd,23:51:13.932,694,-40.003,-89.999,0.0,-90.239,0.003,-0.02,0.0,0.0,0.0,0.0,0.0,0.0,-40.003,-40.0,0.0,-90.239,0.003,-0.02,-40.003,-81.999,0.0,-90.239,0.003,-0.02,0.0,1887.6255625562555,0.0,0.0,0.0,0.0,0.0,8.0,0.0,0.0,0.0,0.0,0.0137698,-0.0068849,-0.0275396,4.7987753,-0.0137698,-1.1773179,0.01231013430998,0.004438583638528,-0.006137728937652,-0.0029491758242370003,-0.000258699633705,0.00258699633705,49.998999999999995,1.7599779998818121,0.17014600007314584,0.08179500036931131,0.0
pd,23:51:13.935,695,-40.003,-89.999,0.0,-90.239,0.003,-0.02,0.0,0.0,0.0,0.0,0.0,0.0,-40.003,-40.0,0.0,-90.239,0.003,-0.02,-40.003,-81.999,0.0,-90.239,0.003,-0.02,0.0,1912.5873233014136,0.0,0.0,0.0,0.0,0.0,8.0,0.0,0.0,0.0,0.0,0.0137698,-0.0068849,-0.0275396,4.7987753,-0.0137698,-1.1773179,0.01231013430998,0.004438583638528,-0.006137728937652,-0.0029491758242370003,-0.000258699633705,0.00258699633705,49.998999999999995,1.6522939999958908,0.15660899998692912,0.06642500011366792,0.0
pd,23:51:13.936,696,-40.003,-89.999,0.0,-90.239,0.003,-0.02,0.0,0.0,0.0,0.0,0.0,0.0,-40.003,-40.0,0.0,-90.239,0.003,-0.02,-40.003,-81.999,0.0,-90.239,0.003,-0.02,0.0,2058.554110429448,0.0,0.0,0.0,0.0,0.0,8.0,0.0,0.0,0.0,0.0,0.0137698,-0.0068849,-0.0275396,4.7987753,-0.0137698,-1.1773179,0.01231013430998,0.004438583638528,-0.006137728937652,-0.0029491758242370003,-0.000258699633705,0.00258699633705,49.998999999999995,1.688126999852102,0.1478680001127941,0.06559200028277701,0.0
pd,23:51:13.938,697,-40.003,-89.999,0.0,-90.239,0.003,-0.02,0.0,0.0,0.0,0.0,0.0,0.0,-40.003,-40.0,0.0,-90.239,0.003,-0.02,-40.003,-81.999,0.0,-90.239,0.003,-0.02,0.0,2032.6164283983524,0.0,0.0,0.0,0.0,0.0,8.0,0.0,0.0,0.0,0.0,0.0137698,-0.0068849,-0.0275396,4.7987753,-0.0137698,-1.1773179,0.01231013430998,0.004438583638528,-0.006137728937652,-0.0029491758242370003,-0.000258699633705,0.00258699633705,49.998999999999995,1.623387000108778,0.13851699986844324,0.061887999891041545,0.0
pd,23:51:13.940,698,-40.003,-89.999,0.0,-90.239,0.003,-0.02,0.0,0.0,0.0,0.0,0.0,0.0,-40.003,-40.0,0.0,-90.239,0.003,-0.02,-40.003,-81.999,0.0,-90.239,0.003,-0.02,0.0,2118.067920717081,0.0,0.0,0.0,0.0,0.0,8.0,0.0,0.0,0.0,0.0,0.0137698,-0.0068849,-0.0275396,4.7987753,-0.0137698,-1.1773179,0.01231013430998,0.004438583638528,-0.006137728937652,-0.0029491758242370003,-0.000258699633705,0.00258699633705,49.998999999999995,1.8050139997285441,0.1775910000105796,0.08085099989330047,0.0
pd,23:51:13.942,699,-40.003,-89.999,0.0,-90.239,0.003,-0.02,0.0,0.0,0.0,0.0,0.0,0.0,-40.003,-40.0,0.0,-90.239,0.003,-0.02,-40.003,-81.999,0.0,-90.239,0.003,-0.02,0.0,1870.3696767001115,0.0,0.0,0.0,0.0,0.0,8.0,0.0,0.0,0.0,0.0,0.0137698,-0.0068849,-0.0275396,4.7987753,-0.0137698,-1.1773179,0.01231013430998,0.004438583638528,-0.006137728937652,-0.0029491758242370003,-0.000258699633705,0.00258699633705,49.998999999999995,1.6437389999737206,0.1581269998496282,0.06705400028295116,0.0
pd,23:51:13.944,700,-40.003,-89.999,0.0,-90.239,0.003,-0.02,0.0,0.0,0.0,0.0,0.0,0.0,-40.003,-40.0,0.0,-90.239,0.003,-0.02,-40.003,-81.999,0.0,-90.239,0.003,-0.02,0.0,2063.6182041820416,0.0,0.0,0.0,0.0,0.0,8.0,0.0,0.0,0.0,0.0,0.0137698,-0.0068849,-0.0275396,4.7987753,-0.0137698,-1.1773179,0.01231013430998,0.004438583638528,-0.006137728937652,-0.0029491758242370003,-0.000258699633705,0.00258699633705,49.998999999999995,1.6684610000083921,0.1397940000060771,0.05720300032407977,0.0
pd,23:51:13.947,701,-40.003,-89.999,0.0,-90.239,0.003,-0.02,0.0,0.0,0.0,0.0,0.0,0.0,-40.003,-40.0,0.0,-90.239,0.003,-0.02,-40.003,-81.999,0.0,-90.239,0.003,-0.02,0.0,1729.788225590267,0.0,0.0,0.0,0.0,0.0,8.0,0.0,0.0,0.0,0.0,0.0137698,-0.0068849,-0.0275396,4.7987753,-0.0137698,-1.1773179,0.01231013430998,0.004438583638528,-0.006137728937652,-0.0029491758242370003,-0.000258699633705,0.00258699633705,49.998999999999995,1.7694779999146704,0.24879300008251448,0.07983200021044468,0.0
pd,23:51:13.949,702,-40.003,-89.999,0.0,-90.239,0.003,-0.02,0.0,0.0,0.0,0.0,0.0,0.0,-40.003,-40.0,0.0,-90.239,0.003,-0.02,-40.003,-81.999,0.0,-90.239,0.003,-0.02,0.0,1828.778722476564,0.0,0.0,0.0,0.0,0.0,8.0,0.0,0.0,0.0,0.0,0.0137698,-0.0068849,-0.0275396,4.7987753,-0.0137698,-1.1773179,0.01231013430998,0.004438583638528,-0.006137728937652,-0.0029491758242370003,-0.000258699633705,0.00258699633705,49.998999999999995,1.6447759999209666,0.14823900028204662,0.10764699982246384,0.0
pd,23:51:13.951,703,-40.003,-89.999,0.0,-90.239,0.003,-0.02,0.0,0.0,0.0,0.0,0.0,0.0,-40.003,-40.0,0.0,-90.239,0.003,-0.02,-40.003,-81.999,0.0,-90.239,0.003,-0.02,0.0,2031.385882068047,0.0,0.0,0.0,0.0,0.0,8.0,0.0,0.0,0.0,0.0,0.0137698,-0.0068849,-0.0275396,4.7987753,-0.0137698,-1.1773179,0.01231013430998,0.004438583638528,-0.006137728937652,-0.0029491758242370003,-0.000258699633705,0.00258699633705,49.998999999999995,1.8011629999818979,0.17247899995709304,0.07655499985048664,0.0
pd,23:51:13.953,704,-40.003,-89.999,0.0,-90.239,0.003,-0.02,0.0,0.0,0.0,0.0,0.0,0.0,-40.003,-40.0,0.0,-90.239,0.003,-0.02,-40.003,-81.999,0.0,-90.239,0.003,-0.02,0.0,1881.697622252131,0.0,0.0,0.0,0.0,0.0,8.0,0.0,0.0,0.0,0.0,0.0137698,-0.0068849,-0.0275396,4.7987753,-0.0137698,-1.1773179,0.01231013430998,0.004438583638528,-0.006137728937652,-0.0029491758242370003,-0.000258699633705,0.00258699633705,49.998999999999995,1.8930690002889605,0.19164600007570698,0.08792500011622906,0.0
pd,23:51:13.955,705,-40.003,-89.999,0.0,-90.239,0.003,-0.02,0.0,0.0,0.0,0.0,0.0,0.0,-40.003,-40.0,0.0,-90.239,0.003,-0.02,-40.003,-81.999,0.0,-90.239,0.003,-0.02,0.0,1776.6828338451762,0.0,0.0,0.0,0.0,0.0,8.0,0.0,0.0,0.0,0.0,0.0137698,-0.0068849,-0.0275396,4.7987753,-0.0137698,-1.1773179,0.01231013430998,0.004438583638528,-0.006137728937652,-0.0029491758242370003,-0.000258699633705,0.00258699633705,49.998999999999995,1.6914790003283997,0.15705399982834933,0.07060999996610917,0.0
pd,23:51:13.957,706,-40.003,-89.999,0.0,-90.239,0.003,-0.02,0.0,0.0,0.0,0.0,0.0,0.0,-40.003,-40.0,0.0,-90.239,0.003,-0.02,-40.003,-81.999,0.0,-90.239,0.003,-0.02,0.0,2008.766283524904,0.0,0.0,0.0,0.0,0.0,8.0,0.0,0.0,0.0,0.0,0.0137698,-0.0068849,-0.0275396,4.7987753,-0.0137698,-1.1773179,0.01231013430998,0.004438583638528,-0.006137728937652,-0.0029491758242370003,-0.000258699633705,0.00258699633705,49.998999999999995,1.6318869998031005,0.15585000028295326,0.06912799972269568,0.0
pd,23:51:13.959,707,-40.003,-89.999,0.0,-90.239,0.003,-0.02,0.0,0.0,0.0,0.0,0.0,0.0,-40.003,-40.0,0.0,-90.239,0.003,-0.02,-40.003,-81.999,0.0,-90.239,0.003,-0.02,0.0,2072.028652587378,0.0,0.0,0.0,0.0,0.0,8.0,0.0,0.0,0.0,0.0,0.0137698,-0.0068849,-0.0275396,4.7987753,-0.0137698,-1.1773179,0.01231013430998,0.004438583638528,-0.006137728937652,-0.0029491758242370003,-0.000258699633705,0.00258699633705,49.998999999999995,1.8593469999359513,0.17257199988307548,0.07688799996685702,0.0
pd,23:51:13.961,708,-40.003,-89.999,0.0,-90.239,0.003,-0.02,0.0,0.0,0.0,0.0,0.0,0.0,-40.003,-40.0,0.0,-90.239,0.003,-0.02,-40.003,-81.999,0.0,-90.239,0.003,-0.02,0.0,1830.3748636264456,0.0,0.0,0.0,0.0,0.0,8.0,0.0,0.0,0.0,0.0,0.0137698,-0.0068849,-0.0275396,4.7987753,-0.0137698,-1.1773179,0.01231013430998,0.004438583638528,-0.006137728937652,-0.0029491758242370003,-0.000258699633705,0.00258699633705,49.998999999999995,1.7812920000324084,0.16192399971259874,0.07425900002999697,0.0
pd,23:51:13.963,709,-40.003,-89.999,0.0,-90.239,0.003,-0.02,0.0,0.0,0.0,0.0,0.0,0.0,-40.003,-40.0,0.0,-90.239,0.003,-0.02,-40.003,-81.999,0.0,-90.239,0.003,-0.02,0.0,1914.333181195801,0.0,0.0,0.0,0.0,0.0,8.0,0.0,0.0,0.0,0.0,0.0137698,-0.0068849,-0.0275396,4.7987753,-0.0137698,-1.1773179,0.01231013430998,0.004438583638528,-0.006137728937652,-0.0029491758242370003,-0.000258699633705,0.00258699633705,49.998999999999995,1.663239000208705,0.15288700024029822,0.06881399986014003,0.0
pd,23:51:13.965,710,-40.003,-89.999,0.0,-90.239,0.003,-0.02,0.0,0.0,0.0,0.0,0.0,0.0,-40.003,-40.0,0.0,-90.239,0.003,-0.02,-40.003,-81.999,0.0,-90.239,0.003,-0.02,0.0,2044.7551492992077,0.0,0.0,0.0,0.0,0.0,8.0,0.0,0.0,0.0,0.0,0.0137698,-0.0068849,-0.0275396,4.7987753,-0.0137698,-1.1773179,0.01231013430998,0.004438583638528,-0.006137728937652,-0.0029491758242370003,-0.000258699633705,0.00258699633705,49.998999999999995,1.6395719999309222,0.1365349999105092,0.05857299993294873,0.0
pd,23:51:13.968,711,-40.003,-89.999,0.0,-90.239,0.003,-0.02,0.0,0.0,0.0,0.0,0.0,0.0,-40.003,-40.0,0.0,-90.239,0.003,-0.02,-40.003,-81.999,0.0,-90.239,0.003,-0.02,0.0,1750.3616066770996,0.0,0.0,0.0,0.0,0.0,8.0,0.0,0.0,0.0,0.0,0.0137698,-0.0068849,-0.0275396,4.7987753,-0.0137698,-1.1773179,0.01231013430998,0.004438583638528,-0.006137728937652,-0.0029491758242370003,-0.000258699633705,0.00258699633705,49.998999999999995,1.8151809999835677,0.21896099997320562,0.07825800003047334,0.0
pd,23:51:13.970,712,-40.003,-89.999,0.0,-90.239,0.003,-0.02,0.0,0.0,0.0,0.0,0.0,0.0,-40.003,-40.0,0.0,-90.239,0.003,-0.02,-40.003,-81.999,0.0,-90.239,0.003,-0.02,0.0,1815.9125446476892,0.0,0.0,0.0,0.0,0.0,8.0,0.0,0.0,0.0,0.0,0.0137698,-0.0068849,-0.0275396,4.7987753,-0.0137698,-1.1773179,0.01231013430998,0.004438583638528,-0.006137728937652,-0.0029491758242370003,-0.000258699633705,0.00258699633705,49.998999999999995,1.6409800000474206,0.13447999981508474,0.05822100001751096,0.0
pd,23:51:13.972,713,-40.003,-89.999,0.0,-90.239,0.003,-0.02,0.0,0.0,0.0,0.0,0.0,0.0,-40.003,-40.0,0.0,-90.239,0.003,-0.02,-40.003,-81.999,0.0,-90.239,0.003,-0.02,0.0,2107.6904522613067,0.0,0.0,0.0,0.0,0.0,8.0,0.0,0.0,0.0,0.0,0.0137698,-0.0068849,-0.0275396,4.7987753,-0.0137698,-1.1773179,0.01231013430998,0.004438583638528,-0.006137728937652,-0.0029491758242370003,-0.000258699633705,0.00258699633705,49.998999999999995,1.848643000357697,0.1703499997347535,0.07583299975522095,0.0
pd,23:51:13.974,714,-40.003,-89.999,0.0,-90.239,0.003,-0.02,0.0,0.0,0.0,0.0,0.0,0.0,-40.003,-40.0,0.0,-90.239,0.003,-0.02,-40.003,-81.999,0.0,-90.239,0.003,-0.02,0.0,1846.0845070422536,0.0,0.0,0.0,0.0,0.0,8.0,0.0,0.0,0.0,0.0,0.0137698,-0.0068849,-0.0275396,4.7987753,-0.0137698,-1.1773179,0.01231013430998,0.004438583638528,-0.006137728937652,-0.0029491758242370003,-0.000258699633705,0.00258699633705,49.998999999999995,1.7010149999805435,0.14201700014382368,0.0600180001129047,0.0
pd,23:51:13.976,715,-40.003,-89.999,0.0,-90.239,0.003,-0.02,0.0,0.0,0.0,0.0,0.0,0.0,-40.003,-40.0,0.0,-90.239,0.003,-0.02,-40.003,-81.999,0.0,-90.239,0.003,-0.02,0.0,2030.6482691842168,0.0,0.0,0.0,0.0,0.0,8.0,0.0,0.0,0.0,0.0,0.0137698,-0.0068849,-0.0275396,4.7987753,-0.0137698,-1.1773179,0.01231013430998,0.004438583638528,-0.006137728937652,-0.0029491758242370003,-0.000258699633705,0.00258699633705,49.998999999999995,1.6491460000906955,0.13870199973098352,0.05968400000710972,0.0
pd,23:51:13.978,716,-40.003,-89.999,0.0,-90.239,0.003,-0.02,0.0,0.0,0.0,0.0,0.0,0.0,-40.003,-40.0,0.0,-90.239,0.003,-0.02,-40.003,-81.999,0.0,-90.239,0.003,-0.02,0.0,2090.358335409918,0.0,0.0,0.0,0.0,0.0,8.0,0.0,0.0,0.0,0.0,0.0137698,-0.0068849,-0.0275396,4.7987753,-0.0137698,-1.1773179,0.01231013430998,0.004438583638528,-0.006137728937652,-0.0029491758242370003,-0.000258699633705,0.00258699633705,49.998999999999995,1.861920999999711,0.19453499999144697,0.09561000024405075,0.0
pd,23:51:13.980,717,-40.003,-89.999,0.0,-90.239,0.003,-0.02,0.0,0.0,0.0,0.0,0.0,0.0,-40.003,-40.0,0.0,-90.239,0.003,-0.02,-40.003,-81.999,0.0,-90.239,0.003,-0.02,0.0,1785.9501809665744,0.0,0.0,0.0,0.0,0.0,8.0,0.0,0.0,0.0,0.0,0.0137698,-0.0068849,-0.0275396,4.7987753,-0.0137698,-1.1773179,0.01231013430998,0.004438583638528,-0.006137728937652,-0.0029491758242370003,-0.000258699633705,0.00258699633705,49.998999999999995,1.8182550002165954,0.32516300007046084,0.09492499975749524,0.0
pd,23:51:13.982,718,-40.003,-89.999,0.0,-90.239,0.003,-0.02,0.0,0.0,0.0,0.0,0.0,0.0,-40.003,-40.0,0.0,-90.239,0.003,-0.02,-40.003,-81.999,0.0,-90.239,0.003,-0.02,0.0,1721.0931473122691,0.0,0.0,0.0,0.0,0.0,8.0,0.0,0.0,0.0,0.0,0.0137698,-0.0068849,-0.0275396,4.7987753,-0.0137698,-1.1773179,0.01231013430998,0.004438583638528,-0.006137728937652,-0.0029491758242370003,-0.000258699633705,0.00258699633705,49.998999999999995,1.685996999640338,0.17216499963979004,0.07562800010418869,0.0
pd,23:51:13.984,719,-40.003,-89.999,0.0,-90.239,0.003,-0.02,0.0,0.0,0.0,0.0,0.0,0.0,-40.003,-40.0,0.0,-90.239,0.003,-0.02,-40.003,-81.999,0.0,-90.239,0.003,-0.02,0.0,1989.707779886148,0.0,0.0,0.0,0.0,0.0,8.0,0.0,0.0,0.0,0.0,0.0137698,-0.0068849,-0.0275396,4.7987753,-0.0137698,-1.1773179,0.01231013430998,0.004438583638528,-0.006137728937652,-0.0029491758242370003,-0.000258699633705,0.00258699633705,49.998999999999995,1.7602560001250822,0.16505399980815127,0.07531399978688569,0.0
pd,23:51:13.986,720,-40.003,-89.999,0.0,-90.239,0.003,-0.02,0.0,0.0,0.0,0.0,0.0,0.0,-40.003,-40.0,0.0,-90.239,0.003,-0.02,-40.003,-81.999,0.0,-90.239,0.003,-0.02,0.0,1930.1905200184078,0.0,0.0,0.0,0.0,0.0,8.0,0.0,0.0,0.0,0.0,0.0137698,-0.0068849,-0.0275396,4.7987753,-0.0137698,-1.1773179,0.01231013430998,0.004438583638528,-0.006137728937652,-0.0029491758242370003,-0.000258699633705,0.00258699633705,49.998999999999995,1.6314979998242052,0.1389799999742536,0.0619630000073812,0.0
pd,23:51:13.989,721,-40.003,-89.999,0.0,-90.239,0.003,-0.02,0.0,0.0,0.0,0.0,0.0,0.0,-40.003,-40.0,0.0,-90.239,0.003,-0.02,-40.003,-81.999,0.0,-90.239,0.003,-0.02,0.0,1688.1883678808613,0.0,0.0,0.0,0.0,0.0,8.0,0.0,0.0,0.0,0.0,0.0137698,-0.0068849,-0.0275396,4.7987753,-0.0137698,-1.1773179,0.01231013430998,0.004438583638528,-0.006137728937652,-0.0029491758242370003,-0.000258699633705,0.00258699633705,49.998999999999995,1.7669409999143681,0.21396000011009164,0.07457399988197722,0.0
pd,23:51:13.991,722,-40.003,-89.999,0.0,-90.239,0.003,-0.02,0.0,0.0,0.0,0.0,0.0,0.0,-40.003,-40.0,0.0,-90.239,0.003,-0.02,-40.003,-81.999,0.0,-90.239,0.003,-0.02,0.0,1864.3422602511391,0.0,0.0,0.0,0.0,0.0,8.0,0.0,0.0,0.0,0.0,0.0137698,-0.0068849,-0.0275396,4.7987753,-0.0137698,-1.1773179,0.01231013430998,0.004438583638528,-0.006137728937652,-0.0029491758242370003,-0.000258699633705,0.00258699633705,49.998999999999995,1.828959000249597,0.1696829999673355,0.07444399989253725,0.0
pd,23:51:13.993,723,-40.003,-89.999,0.0,-90.239,0.003,-0.02,0.0,0.0,0.0,0.0,0.0,0.0,-40.003,-40.0,0.0,-90.239,0.003,-0.02,-40.003,-81.999,0.0,-90.239,0.003,-0.02,0.0,1864.549455434541,0.0,0.0,0.0,0.0,0.0,8.0,0.0,0.0,0.0,0.0,0.0137698,-0.0068849,-0.0275396,4.7987753,-0.0137698,-1.1773179,0.01231013430998,0.004438583638528,-0.006137728937652,-0.0029491758242370003,-0.000258699633705,0.00258699633705,49.998999999999995,1.6347210003004875,0.17718299977786955,0.05803599970022333,0.0
pd,23:51:13.995,724,-40.003,-89.999,0.0,-90.239,0.003,-0.02,0.0,0.0,0.0,0.0,0.0,0.0,-40.003,-40.0,0.0,-90.239,0.003,-0.02,-40.003,-81.999,0.0,-90.239,0.003,-0.02,0.0,2069.472801282842,0.0,0.0,0.0,0.0,0.0,8.0,0.0,0.0,0.0,0.0,0.0137698,-0.0068849,-0.0275396,4.7987753,-0.0137698,-1.1773179,0.01231013430998,0.004438583638528,-0.006137728937652,-0.0029491758242370003,-0.000258699633705,0.00258699633705,49.998999999999995,1.654979000250023,0.14764599973204895,0.06398100003934815,0.0
pd,23:51:13.997,725,-40.003,-89.999,0.0,-90.239,0.003,-0.02,0.0,0.0,0.0,0.0,0.0,0.0,-40.003,-40.0,0.0,-90.239,0.003,-0.02,-40.003,-81.999,0.0,-90.239,0.003,-0.02,0.0,2064.888123076923,0.0,0.0,0.0,0.0,0.0,8.0,0.0,0.0,0.0,0.0,0.0137698,-0.0068849,-0.0275396,4.7987753,-0.0137698,-1.1773179,0.01231013430998,0.004438583638528,-0.006137728937652,-0.0029491758242370003,-0.000258699633705,0.00258699633705,49.998999999999995,1.6153500000655185,0.1337759999842092,0.05872099973203149,0.0
pd,23:51:13.999,726,-40.003,-89.999,0.0,-90.239,0.003,-0.02,0.0,0.0,0.0,0.0,0.0,0.0,-40.003,-40.0,0.0,-90.239,0.003,-0.02,-40.003,-81.999,0.0,-90.239,0.003,-0.02,0.0,2136.13649096002,0.0,0.0,0.0,0.0,0.0,8.0,0.0,0.0,0.0,0.0,0.0137698,-0.0068849,-0.0275396,4.7987753,-0.0137698,-1.1773179,0.01231013430998,0.004438583638528,-0.006137728937652,-0.0029491758242370003,-0.000258699633705,0.00258699633705,49.998999999999995,1.615517000118416,0.17349800009469618,0.0712579999344598,0.0
pd,23:51:14.001,727,-40.003,-89.999,0.0,-90.239,0.003,-0.02,0.0,0.0,0.0,0.0,0.0,0.0,-40.003,-40.0,0.0,-90.239,0.003,-0.02,-40.003,-81.999,0.0,-90.239,0.003,-0.02,0.0,2071.2612345679013,0.0,0.0,0.0,0.0,0.0,8.0,0.0,0.0,0.0,0.0,0.0137698,-0.0068849,-0.0275396,4.7987753,-0.0137698,-1.1773179,0.01231013430998,0.004438583638528,-0.006137728937652,-0.0029491758242370003,-0.000258699633705,0.00258699633705,49.998999999999995,1.7594040000403766,0.16251699980784906,0.07277699978658347,0.0
pd,23:51:14.003,728,-40.003,-89.999,0.0,-90.239,0.003,-0.02,0.0,0.0,0.0,0.0,0.0,0.0,-40.003,-40.0,0.0,-90.239,0.003,-0.02,-40.003,-81.999,0.0,-90.239,0.003,-0.02,0.0,1934.1959880101454,0.0,0.0,0.0,0.0,0.0,8.0,0.0,0.0,0.0,0.0,0.0137698,-0.0068849,-0.0275396,4.7987753,-0.0137698,-1.1773179,0.01231013430998,0.004438583638528,-0.006137728937652,-0.0029491758242370003,-0.000258699633705,0.00258699633705,49.998999999999995,1.6422939997937647,0.5029750000176136,0.10586899998088484,0.0
pd,23:51:14.005,729,-40.003,-89.999,0.0,-90.239,0.003,-0.02,0.0,0.0,0.0,0.0,0.0,0.0,-40.003,-40.0,0.0,-90.239,0.003,-0.02,-40.003,-81.999,0.0,-90.239,0.003,-0.02,0.0,1710.2156982670745,0.0,0.0,0.0,0.0,0.0,8.0,0.0,0.0,0.0,0.0,0.0137698,-0.0068849,-0.0275396,4.7987753,-0.0137698,-1.1773179,0.01231013430998,0.004438583638528,-0.006137728937652,-0.0029491758242370003,-0.000258699633705,0.00258699633705,49.998999999999995,1.6805720001684676,0.17523899987281766,0.06574000008185976,0.0
pd,23:51:14.007,730,-40.003,-89.999,0.0,-90.239,0.003,-0.02,0.0,0.0,0.0,0.0,0.0,0.0,-40.003,-40.0,0.0,-90.239,0.003,-0.02,-40.003,-81.999,0.0,-90.239,0.003,-0.02,0.0,2007.5644369989232,0.0,0.0,0.0,0.0,0.0,8.0,0.0,0.0,0.0,0.0,0.0137698,-0.0068849,-0.0275396,4.7987753,-0.0137698,-1.1773179,0.01231013430998,0.004438583638528,-0.006137728937652,-0.0029491758242370003,-0.000258699633705,0.00258699633705,49.998999999999995,1.6808309997031756,0.14860900000712718,0.07690700022067176,0.0
pd,23:51:14.010,731,-40.003,-89.999,0.0,-90.239,0.003,-0.02,0.0,0.0,0.0,0.0,0.0,0.0,-40.003,-40.0,0.0,-90.239,0.003,-0.02,-40.003,-81.999,0.0,-90.239,0.003,-0.02,0.0,1633.4549703047414,0.0,0.0,0.0,0.0,0.0,8.0,0.0,0.0,0.0,0.0,0.0137698,-0.0068849,-0.0275396,4.7987753,-0.0137698,-1.1773179,0.01231013430998,0.004438583638528,-0.006137728937652,-0.0029491758242370003,-0.000258699633705,0.00258699633705,49.998999999999995,1.8959580002047005,0.22164600022733794,0.08129500020004343,0.0
pd,23:51:14.012,732,-40.003,-89.999,0.0,-90.239,0.003,-0.02,0.0,0.0,0.0,0.0,0.0,0.0,-40.003,-40.0,0.0,-90.239,0.003,-0.02,-40.003,-81.999,0.0,-90.239,0.003,-0.02,0.0,1746.8987921699293,0.0,0.0,0.0,0.0,0.0,8.0,0.0,0.0,0.0,0.0,0.0137698,-0.0068849,-0.0275396,4.7987753,-0.0137698,-1.1773179,0.01231013430998,0.004438583638528,-0.006137728937652,-0.0029491758242370003,-0.000258699633705,0.00258699633705,49.998999999999995,1.8552550000094925,0.1692760001787974,0.07605400014654151,0.0
pd,23:51:14.014,733,-40.003,-89.999,0.0,-90.239,0.003,-0.02,0.0,0.0,0.0,0.0,0.0,0.0,-40.003,-40.0,0.0,-90.239,0.003,-0.02,-40.003,-81.999,0.0,-90.239,0.003,-0.02,0.0,1839.6070175438597,0.0,0.0,0.0,0.0,0.0,8.0,0.0,0.0,0.0,0.0,0.0137698,-0.0068849,-0.0275396,4.7987753,-0.0137698,-1.1773179,0.01231013430998,0.004438583638528,-0.006137728937652,-0.0029491758242370003,-0.000258699633705,0.00258699633705,49.998999999999995,1.662534999923082,0.13401700016402174,0.05861099998583086,0.0
pd,23:51:14.016,734,-40.003,-89.999,0.0,-90.239,0.003,-0.02,0.0,0.0,0.0,0.0,0.0,0.0,-40.003,-40.0,0.0,-90.239,0.003,-0.02,-40.003,-81.999,0.0,-90.239,0.003,-0.02,0.0,2086.9779823361114,0.0,0.0,0.0,0.0,0.0,8.0,0.0,0.0,0.0,0.0,0.0137698,-0.0068849,-0.0275396,4.7987753,-0.0137698,-1.1773179,0.01231013430998,0.004438583638528,-0.006137728937652,-0.0029491758242370003,-0.000258699633705,0.00258699633705,49.998999999999995,1.6431459998784703,0.14027599991095485,0.06520299984913436,0.0
pd,23:51:14.018,735,-40.003,-89.999,0.0,-90.239,0.003,-0.02,0.0,0.0,0.0,0.0,0.0,0.0,-40.003,-40.0,0.0,-90.239,0.003,-0.02,-40.003,-81.999,0.0,-90.239,0.003,-0.02,0.0,2088.5367857587453,0.0,0.0,0.0,0.0,0.0,8.0,0.0,0.0,0.0,0.0,0.0137698,-0.0068849,-0.0275396,4.7987753,-0.0137698,-1.1773179,0.01231013430998,0.004438583638528,-0.006137728937652,-0.0029491758242370003,-0.000258699633705,0.00258699633705,49.998999999999995,1.6162950000762066,0.1406650003445975,0.06238800006030942,0.0
pd,23:51:14.020,736,-40.003,-89.999,0.0,-90.239,0.003,-0.02,0.0,0.0,0.0,0.0,0.0,0.0,-40.003,-40.0,0.0,-90.239,0.003,-0.02,-40.003,-81.999,0.0,-90.239,0.003,-0.02,0.0,2122.3549652118913,0.0,0.0,0.0,0.0,0.0,8.0,0.0,0.0,0.0,0.0,0.0137698,-0.0068849,-0.0275396,4.7987753,-0.0137698,-1.1773179,0.01231013430998,0.004438583638528,-0.006137728937652,-0.0029491758242370003,-0.000258699633705,0.00258699633705,49.998999999999995,1.650960999995732,0.1402760003657022,0.06166599996504374,0.0
pd,23:51:14.022,737,-40.003,-89.999,0.0,-90.239,0.003,-0.02,0.0,0.0,0.0,0.0,0.0,0.0,-40.003,-40.0,0.0,-90.239,0.003,-0.02,-40.003,-81.999,0.0,-90.239,0.003,-0.02,0.0,2085.421504039776,0.0,0.0,0.0,0.0,0.0,8.0,0.0,0.0,0.0,0.0,0.0137698,-0.0068849,-0.0275396,4.7987753,-0.0137698,-1.1773179,0.01231013430998,0.004438583638528,-0.006137728937652,-0.0029491758242370003,-0.000258699633705,0.00258699633705,49.998999999999995,1.7647929998929612,0.15788699965924025,0.07094400007190416,0.0
pd,23:51:14.024,738,-40.003,-89.999,0.0,-90.239,0.003,-0.02,0.0,0.0,0.0,0.0,0.0,0.0,-40.003,-40.0,0.0,-90.239,0.003,-0.02,-40.003,-81.999,0.0,-90.239,0.003,-0.02,0.0,1935.981537041311,0.0,0.0,0.0,0.0,0.0,8.0,0.0,0.0,0.0,0.0,0.0137698,-0.0068849,-0.0275396,4.7987753,-0.0137698,-1.1773179,0.01231013430998,0.004438583638528,-0.006137728937652,-0.0029491758242370003,-0.000258699633705,0.00258699633705,49.998999999999995,1.7092379998757679,0.16172100004041567,0.0724249998711457,0.0
pd,23:51:14.026,739,-40.003,-89.999,0.0,-90.239,0.003,-0.02,0.0,0.0,0.0,0.0,0.0,0.0,-40.003,-40.0,0.0,-90.239,0.003,-0.02,-40.003,-81.999,0.0,-90.239,0.003,-0.02,0.0,1983.825943005794,0.0,0.0,0.0,0.0,0.0,8.0,0.0,0.0,0.0,0.0,0.0137698,-0.0068849,-0.0275396,4.7987753,-0.0137698,-1.1773179,0.01231013430998,0.004438583638528,-0.006137728937652,-0.0029491758242370003,-0.000258699633705,0.00258699633705,49.998999999999995,1.6170170001714723,0.1299059999837482,0.05938799995419686,0.0
pd,23:51:14.028,740,-40.003,-89.999,0.0,-90.239,0.003,-0.02,0.0,0.0,0.0,0.0,0.0,0.0,-40.003,-40.0,0.0,-90.239,0.003,-0.02,-40.003,-81.999,0.0,-90.239,0.003,-0.02,0.0,2138.58712555768,0.0,0.0,0.0,0.0,0.0,8.0,0.0,0.0,0.0,0.0,0.0137698,-0.0068849,-0.0275396,4.7987753,-0.0137698,-1.1773179,0.01231013430998,0.004438583638528,-0.006137728937652,-0.0029491758242370003,-0.000258699633705,0.00258699633705,49.998999999999995,1.651997999942978,0.14673900022899034,0.06674000042039552,0.0
pd,23:51:14.030,741,-40.003,-89.999,0.0,-90.239,0.003,-0.02,0.0,0.0,0.0,0.0,0.0,0.0,-40.003,-40.0,0.0,-90.239,0.003,-0.02,-40.003,-81.999,0.0,-90.239,0.003,-0.02,0.0,1517.7506784874254,0.0,0.0,0.0,0.0,0.0,8.0,0.0,0.0,0.0,0.0,0.0137698,-0.0068849,-0.0275396,4.7987753,-0.0137698,-1.1773179,0.01231013430998,0.004438583638528,-0.006137728937652,-0.0029491758242370003,-0.000258699633705,0.00258699633705,49.998999999999995,1.7763109999577864,0.22279400036495645,0.08912799967220053,0.0
pd,23:51:14.033,742,-40.003,-89.999,0.0,-90.239,0.003,-0.02,0.0,0.0,0.0,0.0,0.0,0.0,-40.003,-40.0,0.0,-90.239,0.003,-0.02,-40.003,-81.999,0.0,-90.239,0.003,-0.02,0.0,1679.73728474169,0.0,0.0,0.0,0.0,0.0,8.0,0.0,0.0,0.0,0.0,0.0137698,-0.0068849,-0.0275396,4.7987753,-0.0137698,-1.1773179,0.01231013430998,0.004438583638528,-0.006137728937652,-0.0029491758242370003,-0.000258699633705,0.00258699633705,49.998999999999995,1.7160889997285267,0.20707100020445068,0.08068500028457493,0.0
pd,23:51:14.035,743,-40.003,-89.999,0.0,-90.239,0.003,-0.02,0.0,0.0,0.0,0.0,0.0,0.0,-40.003,-40.0,0.0,-90.239,0.003,-0.02,-40.003,-81.999,0.0,-90.239,0.003,-0.02,0.0,1916.0822293284605,0.0,0.0,0.0,0.0,0.0,8.0,0.0,0.0,0.0,0.0,0.0137698,-0.0068849,-0.0275396,4.7987753,-0.0137698,-1.1773179,0.01231013430998,0.004438583638528,-0.006137728937652,-0.0029491758242370003,-0.000258699633705,0.00258699633705,49.998999999999995,1.7387370003234537,0.21514599984584493,0.07262899998750072,0.0
pd,23:51:14.037,744,-40.003,-89.999,0.0,-90.239,0.003,-0.02,0.0,0.0,0.0,0.0,0.0,0.0,-40.003,-40.0,0.0,-90.239,0.003,-0.02,-40.003,-81.999,0.0,-90.239,0.003,-0.02,0.0,1906.2851948642199,0.0,0.0,0.0,0.0,0.0,8.0,0.0,0.0,0.0,0.0,0.0137698,-0.0068849,-0.0275396,4.7987753,-0.0137698,-1.1773179,0.01231013430998,0.004438583638528,-0.006137728937652,-0.0029491758242370003,-0.000258699633705,0.00258699633705,49.998999999999995,1.6321090001838456,0.1374240000586724,0.061332000313996105,0.0
pd,23:51:14.039,745,-40.003,-89.999,0.0,-90.239,0.003,-0.02,0.0,0.0,0.0,0.0,0.0,0.0,-40.003,-40.0,0.0,-90.239,0.003,-0.02,-40.003,-81.999,0.0,-90.239,0.003,-0.02,0.0,2108.4851074525577,0.0,0.0,0.0,0.0,0.0,8.0,0.0,0.0,0.0,0.0,0.0137698,-0.0068849,-0.0275396,4.7987753,-0.0137698,-1.1773179,0.01231013430998,0.004438583638528,-0.006137728937652,-0.0029491758242370003,-0.000258699633705,0.00258699633705,49.998999999999995,1.6597210001236817,0.17014600007314584,0.06896200011397013,0.0
pd,23:51:14.041,746,-40.003,-89.999,0.0,-90.239,0.003,-0.02,0.0,0.0,0.0,0.0,0.0,0.0,-40.003,-40.0,0.0,-90.239,0.003,-0.02,-40.003,-81.999,0.0,-90.239,0.003,-0.02,0.0,2031.631872124001,0.0,0.0,0.0,0.0,0.0,8.0,0.0,0.0,0.0,0.0,0.0137698,-0.0068849,-0.0275396,4.7987753,-0.0137698,-1.1773179,0.01231013430998,0.004438583638528,-0.006137728937652,-0.0029491758242370003,-0.000258699633705,0.00258699633705,49.998999999999995,1.6307020000567718,0.13590499975180137,0.20383099990795017,0.0
pd,23:51:14.043,747,-40.003,-89.999,0.0,-90.239,0.003,-0.02,0.0,0.0,0.0,0.0,0.0,0.0,-40.003,-40.0,0.0,-90.239,0.003,-0.02,-40.003,-81.999,0.0,-90.239,0.003,-0.02,0.0,1956.5266472303208,0.0,0.0,0.0,0.0,0.0,8.0,0.0,0.0,0.0,0.0,0.0137698,-0.0068849,-0.0275396,4.7987753,-0.0137698,-1.1773179,0.01231013430998,0.004438583638528,-0.006137728937652,-0.0029491758242370003,-0.000258699633705,0.00258699633705,49.998999999999995,1.656812999954127,0.18949700006487546,0.0648330001240538,0.0
pd,23:51:14.045,748,-40.003,-89.999,0.0,-90.239,0.003,-0.02,0.0,0.0,0.0,0.0,0.0,0.0,-40.003,-40.0,0.0,-90.239,0.003,-0.02,-40.003,-81.999,0.0,-90.239,0.003,-0.02,0.0,2019.161872668191,0.0,0.0,0.0,0.0,0.0,8.0,0.0,0.0,0.0,0.0,0.0137698,-0.0068849,-0.0275396,4.7987753,-0.0137698,-1.1773179,0.01231013430998,0.004438583638528,-0.006137728937652,-0.0029491758242370003,-0.000258699633705,0.00258699633705,49.998999999999995,1.6443499998786137,0.14375799992194516,0.05994299999656505,0.0
pd,23:51:14.047,749,-40.003,-89.999,0.0,-90.239,0.003,-0.02,0.0,0.0,0.0,0.0,0.0,0.0,-40.003,-40.0,0.0,-90.239,0.003,-0.02,-40.003,-81.999,0.0,-90.239,0.003,-0.02,0.0,2089.837568510214,0.0,0.0,0.0,0.0,0.0,8.0,0.0,0.0,0.0,0.0,0.0137698,-0.0068849,-0.0275396,4.7987753,-0.0137698,-1.1773179,0.01231013430998,0.004438583638528,-0.006137728937652,-0.0029491758242370003,-0.000258699633705,0.00258699633705,49.998999999999995,1.6148869999597082,0.13184999988880008,0.05748000012317789,0.0
pd,23:51:14.049,750,-40.003,-89.999,0.0,-90.239,0.003,-0.02,0.0,0.0,0.0,0.0,0.0,0.0,-40.003,-40.0,0.0,-90.239,0.003,-0.02,-40.003,-81.999,0.0,-90.239,0.003,-0.02,0.0,2142.95772129263,0.0,0.0,0.0,0.0,0.0,8.0,0.0,0.0,0.0,0.0,0.0137698,-0.0068849,-0.0275396,4.7987753,-0.0137698,-1.1773179,0.01231013430998,0.004438583638528,-0.006137728937652,-0.0029491758242370003,-0.000258699633705,0.00258699633705,49.998999999999995,1.694941999630828,0.14868399966871948,0.06414700010282104,0.0
pd,23:51:14.051,751,-40.003,-89.999,0.0,-90.239,0.003,-0.02,0.0,0.0,0.0,0.0,0.0,0.0,-40.003,-40.0,0.0,-90.239,0.003,-0.02,-40.003,-81.999,0.0,-90.239,0.003,-0.02,0.0,1677.3861227754448,0.0,0.0,0.0,0.0,0.0,8.0,0.0,0.0,0.0,0.0,0.0137698,-0.0068849,-0.0275396,4.7987753,-0.0137698,-1.1773179,0.01231013430998,0.004438583638528,-0.006137728937652,-0.0029491758242370003,-0.000258699633705,0.00258699633705,49.998999999999995,1.9655859996419167,0.2289779999955499,0.09136900007433724,0.0
pd,23:51:14.053,752,-40.003,-89.999,0.0,-90.239,0.003,-0.02,0.0,0.0,0.0,0.0,0.0,0.0,-40.003,-40.0,0.0,-90.239,0.003,-0.02,-40.003,-81.999,0.0,-90.239,0.003,-0.02,0.0,1677.7216,0.0,0.0,0.0,0.0,0.0,8.0,0.0,0.0,0.0,0.0,0.0137698,-0.0068849,-0.0275396,4.7987753,-0.0137698,-1.1773179,0.01231013430998,0.004438583638528,-0.006137728937652,-0.0029491758242370003,-0.000258699633705,0.00258699633705,49.998999999999995,1.7610150002838054,0.2545159995861468,0.46049399998082663,0.0
pd,23:51:14.056,753,-40.003,-89.999,0.0,-90.239,0.003,-0.02,0.0,0.0,0.0,0.0,0.0,0.0,-40.003,-40.0,0.0,-90.239,0.003,-0.02,-40.003,-81.999,0.0,-90.239,0.003,-0.02,0.0,1548.4278726349792,0.0,0.0,0.0,0.0,0.0,8.0,0.0,0.0,0.0,0.0,0.0137698,-0.0068849,-0.0275396,4.7987753,-0.0137698,-1.1773179,0.01231013430998,0.004438583638528,-0.006137728937652,-0.0029491758242370003,-0.000258699633705,0.00258699633705,49.998999999999995,1.7768660000001546,0.20505300017248373,0.08099900014713057,0.0
pd,23:51:14.058,754,-40.003,-89.999,0.0,-90.239,0.003,-0.02,0.0,0.0,0.0,0.0,0.0,0.0,-40.003,-40.0,0.0,-90.239,0.003,-0.02,-40.003,-81.999,0.0,-90.239,0.003,-0.02,0.0,1866.0011122233345,0.0,0.0,0.0,0.0,0.0,8.0,0.0,0.0,0.0,0.0,0.0137698,-0.0068849,-0.0275396,4.7987753,-0.0137698,-1.1773179,0.01231013430998,0.004438583638528,-0.006137728937652,-0.0029491758242370003,-0.000258699633705,0.00258699633705,49.998999999999995,1.639665000311652,0.14666500010207528,0.06977700013521826,0.0
pd,23:51:14.060,755,-40.003,-89.999,0.0,-90.239,0.003,-0.02,0.0,0.0,0.0,0.0,0.0,0.0,-40.003,-40.0,0.0,-90.239,0.003,-0.02,-40.003,-81.999,0.0,-90.239,0.003,-0.02,0.0,2074.077883545556,0.0,0.0,0.0,0.0,0.0,8.0,0.0,0.0,0.0,0.0,0.0137698,-0.0068849,-0.0275396,4.7987753,-0.0137698,-1.1773179,0.01231013430998,0.004438583638528,-0.006137728937652,-0.0029491758242370003,-0.000258699633705,0.00258699633705,49.998999999999995,1.771311000084097,0.18392399988442776,0.08223999975598417,0.0
pd,23:51:14.062,756,-40.003,-89.999,0.0,-90.239,0.003,-0.02,0.0,0.0,0.0,0.0,0.0,0.0,-40.003,-40.0,0.0,-90.239,0.003,-0.02,-40.003,-81.999,0.0,-90.239,0.003,-0.02,0.0,1891.4561443066516,0.0,0.0,0.0,0.0,0.0,8.0,0.0,0.0,0.0,0.0,0.0137698,-0.0068849,-0.0275396,4.7987753,-0.0137698,-1.1773179,0.01231013430998,0.004438583638528,-0.006137728937652,-0.0029491758242370003,-0.000258699633705,0.00258699633705,49.998999999999995,1.8206630002168822,0.1982200001293677,0.0952209998104081,0.0
pd,23:51:14.064,757,-40.003,-89.999,0.0,-90.239,0.003,-0.02,0.0,0.0,0.0,0.0,0.0,0.0,-40.003,-40.0,0.0,-90.239,0.003,-0.02,-40.003,-81.999,0.0,-90.239,0.003,-0.02,0.0,1821.0372300010854,0.0,0.0,0.0,0.0,0.0,8.0,0.0,0.0,0.0,0.0,0.0137698,-0.0068849,-0.0275396,4.7987753,-0.0137698,-1.1773179,0.01231013430998,0.004438583638528,-0.006137728937652,-0.0029491758242370003,-0.000258699633705,0.00258699633705,49.998999999999995,1.7923850000443053,0.17168300018965965,0.07753599993520766,0.0
pd,23:51:14.066,758,-40.003,-89.999,0.0,-90.239,0.003,-0.02,0.0,0.0,0.0,0.0,0.0,0.0,-40.003,-40.0,0.0,-90.239,0.003,-0.02,-40.003,-81.999,0.0,-90.239,0.003,-0.02,0.0,1889.3261261261262,0.0,0.0,0.0,0.0,0.0,8.0,0.0,0.0,0.0,0.0,0.0137698,-0.0068849,-0.0275396,4.7987753,-0.0137698,-1.1773179,0.01231013430998,0.004438583638528,-0.006137728937652,-0.0029491758242370003,-0.000258699633705,0.00258699633705,49.998999999999995,1.6306469997289241,0.17514599994683522,0.05964799993307679,0.0
pd,23:51:14.071,759,-40.003,-89.999,0.0,-90.239,0.003,-0.02,0.0,0.0,0.0,0.0,0.0,0.0,-40.003,-40.0,0.0,-90.239,0.003,-0.02,-40.003,-81.999,0.0,-90.239,0.003,-0.02,0.0,939.0583230717564,0.0,0.0,0.0,0.0,0.0,8.0,0.0,0.0,0.0,0.0,0.0137698,-0.0068849,-0.0275396,4.7987753,-0.0137698,-1.1773179,0.01231013430998,0.004438583638528,-0.006137728937652,-0.0029491758242370003,-0.000258699633705,0.00258699633705,49.998999999999995,1.8240690001221083,0.35310599969307077,0.28256999985387665,0.0
pd,23:51:14.073,760,-40.003,-89.999,0.0,-90.239,0.003,-0.02,0.0,0.0,0.0,0.0,0.0,0.0,-40.003,-40.0,0.0,-90.239,0.003,-0.02,-40.003,-81.999,0.0,-90.239,0.003,-0.02,0.0,1568.6971482000936,0.0,0.0,0.0,0.0,0.0,8.0,0.0,0.0,0.0,0.0,0.0137698,-0.0068849,-0.0275396,4.7987753,-0.0137698,-1.1773179,0.01231013430998,0.004438583638528,-0.006137728937652,-0.0029491758242370003,-0.000258699633705,0.00258699633705,49.998999999999995,1.6747939998822403,0.16992399969240068,0.06459199994424125,0.0
pd,23:51:14.076,761,-40.003,-89.999,0.0,-90.239,0.003,-0.02,0.0,0.0,0.0,0.0,0.0,0.0,-40.003,-40.0,0.0,-90.239,0.003,-0.02,-40.003,-81.999,0.0,-90.239,0.003,-0.02,0.0,1687.0001005530416,0.0,0.0,0.0,0.0,0.0,8.0,0.0,0.0,0.0,0.0,0.0137698,-0.0068849,-0.0275396,4.7987753,-0.0137698,-1.1773179,0.01231013430998,0.004438583638528,-0.006137728937652,-0.0029491758242370003,-0.000258699633705,0.00258699633705,49.998999999999995,1.8171440001424344,0.21573799995167064,0.07325900014620856,0.0
pd,23:51:14.078,762,-40.003,-89.999,0.0,-90.239,0.003,-0.02,0.0,0.0,0.0,0.0,0.0,0.0,-40.003,-40.0,0.0,-90.239,0.003,-0.02,-40.003,-81.999,0.0,-90.239,0.003,-0.02,0.0,1811.5987474354822,0.0,0.0,0.0,0.0,0.0,8.0,0.0,0.0,0.0,0.0,0.0137698,-0.0068849,-0.0275396,4.7987753,-0.0137698,-1.1773179,0.01231013430998,0.004438583638528,-0.006137728937652,-0.0029491758242370003,-0.000258699633705,0.00258699633705,49.998999999999995,1.7655709998507518,0.1737570000841515,0.07549899964942597,0.0
pd,23:51:14.080,763,-40.003,-89.999,0.0,-90.239,0.003,-0.02,0.0,0.0,0.0,0.0,0.0,0.0,-40.003,-40.0,0.0,-90.239,0.003,-0.02,-40.003,-81.999,0.0,-90.239,0.003,-0.02,0.0,1914.114774671991,0.0,0.0,0.0,0.0,0.0,8.0,0.0,0.0,0.0,0.0,0.0137698,-0.0068849,-0.0275396,4.7987753,-0.0137698,-1.1773179,0.01231013430998,0.004438583638528,-0.006137728937652,-0.0029491758242370003,-0.000258699633705,0.00258699633705,49.998999999999995,1.9347540001035668,0.19279399975857814,0.09549900005367817,0.0
pd,23:51:14.082,764,-40.003,-89.999,0.0,-90.239,0.003,-0.02,0.0,0.0,0.0,0.0,0.0,0.0,-40.003,-40.0,0.0,-90.239,0.003,-0.02,-40.003,-81.999,0.0,-90.239,0.003,-0.02,0.0,1733.7207812338534,0.0,0.0,0.0,0.0,0.0,8.0,0.0,0.0,0.0,0.0,0.0137698,-0.0068849,-0.0275396,4.7987753,-0.0137698,-1.1773179,0.01231013430998,0.004438583638528,-0.006137728937652,-0.0029491758242370003,-0.000258699633705,0.00258699633705,49.998999999999995,1.8181440000262228,0.1654060001783364,0.07735100007266738,0.0
pd,23:51:14.084,765,-40.003,-89.999,0.0,-90.239,0.003,-0.02,0.0,0.0,0.0,0.0,0.0,0.0,-40.003,-40.0,0.0,-90.239,0.003,-0.02,-40.003,-81.999,0.0,-90.239,0.003,-0.02,0.0,1875.1778249692634,0.0,0.0,0.0,0.0,0.0,8.0,0.0,0.0,0.0,0.0,0.0137698,-0.0068849,-0.0275396,4.7987753,-0.0137698,-1.1773179,0.01231013430998,0.004438583638528,-0.006137728937652,-0.0029491758242370003,-0.000258699633705,0.00258699633705,49.998999999999995,1.7255160000786418,0.17807199992603273,0.092832000063936,0.0
pd,23:51:14.086,766,-40.003,-89.999,0.0,-90.239,0.003,-0.02,0.0,0.0,0.0,0.0,0.0,0.0,-40.003,-40.0,0.0,-90.239,0.003,-0.02,-40.003,-81.999,0.0,-90.239,0.003,-0.02,0.0,1861.4463552646178,0.0,0.0,0.0,0.0,0.0,8.0,0.0,0.0,0.0,0.0,0.0137698,-0.0068849,-0.0275396,4.7987753,-0.0137698,-1.1773179,0.01231013430998,0.004438583638528,-0.006137728937652,-0.0029491758242370003,-0.000258699633705,0.00258699633705,49.998999999999995,1.718942000024981,0.17021999974531354,0.0676099998599966,0.0
pd,23:51:14.089,767,-40.003,-89.999,0.0,-90.239,0.003,-0.02,0.0,0.0,0.0,0.0,0.0,0.0,-40.003,-40.0,0.0,-90.239,0.003,-0.02,-40.003,-81.999,0.0,-90.239,0.003,-0.02,0.0,1973.3258056927782,0.0,0.0,0.0,0.0,0.0,8.0,0.0,0.0,0.0,0.0,0.0137698,-0.0068849,-0.0275396,4.7987753,-0.0137698,-1.1773179,0.01231013430998,0.004438583638528,-0.006137728937652,-0.0029491758242370003,-0.000258699633705,0.00258699633705,49.998999999999995,1.6933490001065366,0.153239000155736,0.07101699975464726,0.0
pd,23:51:14.091,768,-40.003,-89.999,0.0,-90.239,0.003,-0.02,0.0,0.0,0.0,0.0,0.0,0.0,-40.003,-40.0,0.0,-90.239,0.003,-0.02,-40.003,-81.999,0.0,-90.239,0.003,-0.02,0.0,2008.0450029922201,0.0,0.0,0.0,0.0,0.0,8.0,0.0,0.0,0.0,0.0,0.0137698,-0.0068849,-0.0275396,4.7987753,-0.0137698,-1.1773179,0.01231013430998,0.004438583638528,-0.006137728937652,-0.0029491758242370003,-0.000258699633705,0.00258699633705,49.998999999999995,1.6538689997105394,0.15529399979641312,0.06311000015557511,0.0
pd,23:51:14.092,769,-40.003,-89.999,0.0,-90.239,0.003,-0.02,0.0,0.0,0.0,0.0,0.0,0.0,-40.003,-40.0,0.0,-90.239,0.003,-0.02,-40.003,-81.999,0.0,-90.239,0.003,-0.02,0.0,2060.323713619059,0.0,0.0,0.0,0.0,0.0,8.0,0.0,0.0,0.0,0.0,0.0137698,-0.0068849,-0.0275396,4.7987753,-0.0137698,-1.1773179,0.01231013430998,0.004438583638528,-0.006137728937652,-0.0029491758242370003,-0.000258699633705,0.00258699633705,49.998999999999995,1.8526069998188177,0.161441999807721,0.07598000001962646,0.0
pd,23:51:14.095,770,-40.003,-89.999,0.0,-90.239,0.003,-0.02,0.0,0.0,0.0,0.0,0.0,0.0,-40.003,-40.0,0.0,-90.239,0.003,-0.02,-40.003,-81.999,0.0,-90.239,0.003,-0.02,0.0,1849.5442619336347,0.0,0.0,0.0,0.0,0.0,8.0,0.0,0.0,0.0,0.0,0.0137698,-0.0068849,-0.0275396,4.7987753,-0.0137698,-1.1773179,0.01231013430998,0.004438583638528,-0.006137728937652,-0.0029491758242370003,-0.000258699633705,0.00258699633705,49.998999999999995,1.6746270002840902,0.13462800006891484,0.05890700003874372,0.0
pd,23:51:14.097,771,-40.003,-89.999,0.0,-90.239,0.003,-0.02,0.0,0.0,0.0,0.0,0.0,0.0,-40.003,-40.0,0.0,-90.239,0.003,-0.02,-40.003,-81.999,0.0,-90.239,0.003,-0.02,0.0,1686.8304846169315,0.0,0.0,0.0,0.0,0.0,8.0,0.0,0.0,0.0,0.0,0.0137698,-0.0068849,-0.0275396,4.7987753,-0.0137698,-1.1773179,0.01231013430998,0.004438583638528,-0.006137728937652,-0.0029491758242370003,-0.000258699633705,0.00258699633705,49.998999999999995,1.8304949999219389,0.21397899990915903,0.07818400035830564,0.0
pd,23:51:14.099,772,-40.003,-89.999,0.0,-90.239,0.003,-0.02,0.0,0.0,0.0,0.0,0.0,0.0,-40.003,-40.0,0.0,-90.239,0.003,-0.02,-40.003,-81.999,0.0,-90.239,0.003,-0.02,0.0,1806.9161012385568,0.0,0.0,0.0,0.0,0.0,8.0,0.0,0.0,0.0,0.0,0.0137698,-0.0068849,-0.0275396,4.7987753,-0.0137698,-1.1773179,0.01231013430998,0.004438583638528,-0.006137728937652,-0.0029491758242370003,-0.000258699633705,0.00258699633705,49.998999999999995,1.7273490002480685,0.16666500005158014,0.07055500009300886,0.0
pd,23:51:14.101,773,-40.003,-89.999,0.0,-90.239,0.003,-0.02,0.0,0.0,0.0,0.0,0.0,0.0,-40.003,-40.0,0.0,-90.239,0.003,-0.02,-40.003,-81.999,0.0,-90.239,0.003,-0.02,0.0,1964.77526642464,0.0,0.0,0.0,0.0,0.0,8.0,0.0,0.0,0.0,0.0,0.0137698,-0.0068849,-0.0275396,4.7987753,-0.0137698,-1.1773179,0.01231013430998,0.004438583638528,-0.006137728937652,-0.0029491758242370003,-0.000258699633705,0.00258699633705,49.998999999999995,1.7129040002146212,0.1367209997624741,0.06105500006015063,0.0
pd,23:51:14.103,774,-40.003,-89.999,0.0,-90.239,0.003,-0.02,0.0,0.0,0.0,0.0,0.0,0.0,-40.003,-40.0,0.0,-90.239,0.003,-0.02,-40.003,-81.999,0.0,-90.239,0.003,-0.02,0.0,1878.9580020159033,0.0,0.0,0.0,0.0,0.0,8.0,0.0,0.0,0.0,0.0,0.0137698,-0.0068849,-0.0275396,4.7987753,-0.0137698,-1.1773179,0.01231013430998,0.004438583638528,-0.006137728937652,-0.0029491758242370003,-0.000258699633705,0.00258699633705,49.998999999999995,1.7254599997613695,0.18683100006455788,0.07520300005126046,0.0
pd,23:51:14.105,775,-40.003,-89.999,0.0,-90.239,0.003,-0.02,0.0,0.0,0.0,0.0,0.0,0.0,-40.003,-40.0,0.0,-90.239,0.003,-0.02,-40.003,-81.999,0.0,-90.239,0.003,-0.02,0.0,1937.9942243271341,0.0,0.0,0.0,0.0,0.0,8.0,0.0,0.0,0.0,0.0,0.0137698,-0.0068849,-0.0275396,4.7987753,-0.0137698,-1.1773179,0.01231013430998,0.004438583638528,-0.006137728937652,-0.0029491758242370003,-0.000258699633705,0.00258699633705,49.998999999999995,1.9474949999676028,0.19216400005461765,0.09066500024346169,0.0
pd,23:51:14.108,776,-40.003,-89.999,0.0,-90.239,0.003,-0.02,0.0,0.0,0.0,0.0,0.0,0.0,-40.003,-40.0,0.0,-90.239,0.003,-0.02,-40.003,-81.999,0.0,-90.239,0.003,-0.02,0.0,1729.788225590267,0.0,0.0,0.0,0.0,0.0,8.0,0.0,0.0,0.0,0.0,0.0137698,-0.0068849,-0.0275396,4.7987753,-0.0137698,-1.1773179,0.01231013430998,0.004438583638528,-0.006137728937652,-0.0029491758242370003,-0.000258699633705,0.00258699633705,49.998999999999995,1.747218999753386,0.16162799965968588,0.07377599968094728,0.0
pd,23:51:14.110,777,-40.003,-89.999,0.0,-90.239,0.003,-0.02,0.0,0.0,0.0,0.0,0.0,0.0,-40.003,-40.0,0.0,-90.239,0.003,-0.02,-40.003,-81.999,0.0,-90.239,0.003,-0.02,0.0,1945.4100185528757,0.0,0.0,0.0,0.0,0.0,8.0,0.0,0.0,0.0,0.0,0.0137698,-0.0068849,-0.0275396,4.7987753,-0.0137698,-1.1773179,0.01231013430998,0.004438583638528,-0.006137728937652,-0.0029491758242370003,-0.000258699633705,0.00258699633705,49.998999999999995,1.6984239996418182,0.26125600015802775,0.08442500029559596,0.0
pd,23:51:14.112,778,-40.003,-89.999,0.0,-90.239,0.003,-0.02,0.0,0.0,0.0,0.0,0.0,0.0,-40.003,-40.0,0.0,-90.239,0.003,-0.02,-40.003,-81.999,0.0,-90.239,0.003,-0.02,0.0,1885.5041582378062,0.0,0.0,0.0,0.0,0.0,8.0,0.0,0.0,0.0,0.0,0.0137698,-0.0068849,-0.0275396,4.7987753,-0.0137698,-1.1773179,0.01231013430998,0.004438583638528,-0.006137728937652,-0.0029491758242370003,-0.000258699633705,0.00258699633705,49.998999999999995,1.888217000214354,0.17246100014745025,0.07886899993536645,0.0
pd,23:51:14.114,779,-40.003,-89.999,0.0,-90.239,0.003,-0.02,0.0,0.0,0.0,0.0,0.0,0.0,-40.003,-40.0,0.0,-90.239,0.003,-0.02,-40.003,-81.999,0.0,-90.239,0.003,-0.02,0.0,1805.9435952637245,0.0,0.0,0.0,0.0,0.0,8.0,0.0,0.0,0.0,0.0,0.0137698,-0.0068849,-0.0275396,4.7987753,-0.0137698,-1.1773179,0.01231013430998,0.004438583638528,-0.006137728937652,-0.0029491758242370003,-0.000258699633705,0.00258699633705,49.998999999999995,1.6909969999687746,0.13418399976217188,0.060555000345630106,0.0
pd,23:51:14.116,780,-40.003,-89.999,0.0,-90.239,0.003,-0.02,0.0,0.0,0.0,0.0,0.0,0.0,-40.003,-40.0,0.0,-90.239,0.003,-0.02,-40.003,-81.999,0.0,-90.239,0.003,-0.02,0.0,2052.0078277886496,0.0,0.0,0.0,0.0,0.0,8.0,0.0,0.0,0.0,0.0,0.0137698,-0.0068849,-0.0275396,4.7987753,-0.0137698,-1.1773179,0.01231013430998,0.004438583638528,-0.006137728937652,-0.0029491758242370003,-0.000258699633705,0.00258699633705,49.998999999999995,1.69455300010668,0.131443000100262,0.05783200003861566,0.0
pd,23:51:14.118,781,-40.003,-89.999,0.0,-90.239,0.003,-0.02,0.0,0.0,0.0,0.0,0.0,0.0,-40.003,-40.0,0.0,-90.239,0.003,-0.02,-40.003,-81.999,0.0,-90.239,0.003,-0.02,0.0,1694.1549025547813,0.0,0.0,0.0,0.0,0.0,8.0,0.0,0.0,0.0,0.0,0.0137698,-0.0068849,-0.0275396,4.7987753,-0.0137698,-1.1773179,0.01231013430998,0.004438583638528,-0.006137728937652,-0.0029491758242370003,-0.000258699633705,0.00258699633705,49.998999999999995,1.8249400000058813,0.21533100016313256,0.1118129998758377,0.0
pd,23:51:14.121,782,-40.003,-89.999,0.0,-90.239,0.003,-0.02,0.0,0.0,0.0,0.0,0.0,0.0,-40.003,-40.0,0.0,-90.239,0.003,-0.02,-40.003,-81.999,0.0,-90.239,0.003,-0.02,0.0,1783.6716989155857,0.0,0.0,0.0,0.0,0.0,8.0,0.0,0.0,0.0,0.0,0.0137698,-0.0068849,-0.0275396,4.7987753,-0.0137698,-1.1773179,0.01231013430998,0.004438583638528,-0.006137728937652,-0.0029491758242370003,-0.000258699633705,0.00258699633705,49.998999999999995,1.704070999949181,0.1476270003877289,0.05975900012344937,0.0
pd,23:51:14.123,783,-40.003,-89.999,0.0,-90.239,0.003,-0.02,0.0,0.0,0.0,0.0,0.0,0.0,-40.003,-40.0,0.0,-90.239,0.003,-0.02,-40.003,-81.999,0.0,-90.239,0.003,-0.02,0.0,2019.8911630146881,0.0,0.0,0.0,0.0,0.0,8.0,0.0,0.0,0.0,0.0,0.0137698,-0.0068849,-0.0275396,4.7987753,-0.0137698,-1.1773179,0.01231013430998,0.004438583638528,-0.006137728937652,-0.0029491758242370003,-0.000258699633705,0.00258699633705,49.998999999999995,1.7966259997592715,0.18483099984223372,0.07822099996701581,0.0
pd,23:51:14.125,784,-40.003,-89.999,0.0,-90.239,0.003,-0.02,0.0,0.0,0.0,0.0,0.0,0.0,-40.003,-40.0,0.0,-90.239,0.003,-0.02,-40.003,-81.999,0.0,-90.239,0.003,-0.02,0.0,1873.293434569004,0.0,0.0,0.0,0.0,0.0,8.0,0.0,0.0,0.0,0.0,0.0137698,-0.0068849,-0.0275396,4.7987753,-0.0137698,-1.1773179,0.01231013430998,0.004438583638528,-0.006137728937652,-0.0029491758242370003,-0.000258699633705,0.00258699633705,49.998999999999995,1.6720910002732126,0.1583309999659832,0.07140699972296716,0.0
pd,23:51:14.127,785,-40.003,-89.999,0.0,-90.239,0.003,-0.02,0.0,0.0,0.0,0.0,0.0,0.0,-40.003,-40.0,0.0,-90.239,0.003,-0.02,-40.003,-81.999,0.0,-90.239,0.003,-0.02,0.0,2026.478560212586,0.0,0.0,0.0,0.0,0.0,8.0,0.0,0.0,0.0,0.0,0.0137698,-0.0068849,-0.0275396,4.7987753,-0.0137698,-1.1773179,0.01231013430998,0.004438583638528,-0.006137728937652,-0.0029491758242370003,-0.000258699633705,0.00258699633705,49.998999999999995,1.6450360003545939,0.13822099981553038,0.07033300016701105,0.0
pd,23:51:14.129,786,-40.003,-89.999,0.0,-90.239,0.003,-0.02,0.0,0.0,0.0,0.0,0.0,0.0,-40.003,-40.0,0.0,-90.239,0.003,-0.02,-40.003,-81.999,0.0,-90.239,0.003,-0.02,0.0,2051.5059916850087,0.0,0.0,0.0,0.0,0.0,8.0,0.0,0.0,0.0,0.0,0.0137698,-0.0068849,-0.0275396,4.7987753,-0.0137698,-1.1773179,0.01231013430998,0.004438583638528,-0.006137728937652,-0.0029491758242370003,-0.000258699633705,0.00258699633705,49.998999999999995,1.6460910001114826,0.1478690001022187,0.06314700021903263,0.0
pd,23:51:14.131,787,-40.003,-89.999,0.0,-90.239,0.003,-0.02,0.0,0.0,0.0,0.0,0.0,0.0,-40.003,-40.0,0.0,-90.239,0.003,-0.02,-40.003,-81.999,0.0,-90.239,0.003,-0.02,0.0,2078.1885296667906,0.0,0.0,0.0,0.0,0.0,8.0,0.0,0.0,0.0,0.0,0.0137698,-0.0068849,-0.0275396,4.7987753,-0.0137698,-1.1773179,0.01231013430998,0.004438583638528,-0.006137728937652,-0.0029491758242370003,-0.000258699633705,0.00258699633705,49.998999999999995,1.8966799998452188,0.23753400000714464,0.09272099987356341,0.0
pd,23:51:14.133,788,-40.003,-89.999,0.0,-90.239,0.003,-0.02,0.0,0.0,0.0,0.0,0.0,0.0,-40.003,-40.0,0.0,-90.239,0.003,-0.02,-40.003,-81.999,0.0,-90.239,0.003,-0.02,0.0,1733.0044416899082,0.0,0.0,0.0,0.0,0.0,8.0,0.0,0.0,0.0,0.0,0.0137698,-0.0068849,-0.0275396,4.7987753,-0.0137698,-1.1773179,0.01231013430998,0.004438583638528,-0.006137728937652,-0.0029491758242370003,-0.000258699633705,0.00258699633705,49.998999999999995,1.7846629998530261,0.16114699974423274,0.07453599982909509,0.0
pd,23:51:14.135,789,-40.003,-89.999,0.0,-90.239,0.003,-0.02,0.0,0.0,0.0,0.0,0.0,0.0,-40.003,-40.0,0.0,-90.239,0.003,-0.02,-40.003,-81.999,0.0,-90.239,0.003,-0.02,0.0,1911.2800182273866,0.0,0.0,0.0,0.0,0.0,8.0,0.0,0.0,0.0,0.0,0.0137698,-0.0068849,-0.0275396,4.7987753,-0.0137698,-1.1773179,0.01231013430998,0.004438583638528,-0.006137728937652,-0.0029491758242370003,-0.000258699633705,0.00258699633705,49.998999999999995,1.674146000368637,0.16684999991412042,0.07718400001976988,0.0
pd,23:51:14.137,790,-40.003,-89.999,0.0,-90.239,0.003,-0.02,0.0,0.0,0.0,0.0,0.0,0.0,-40.003,-40.0,0.0,-90.239,0.003,-0.02,-40.003,-81.999,0.0,-90.239,0.003,-0.02,0.0,1952.8827843091608,0.0,0.0,0.0,0.0,0.0,8.0,0.0,0.0,0.0,0.0,0.0137698,-0.0068849,-0.0275396,4.7987753,-0.0137698,-1.1773179,0.01231013430998,0.004438583638528,-0.006137728937652,-0.0029491758242370003,-0.000258699633705,0.00258699633705,49.998999999999995,1.6442950000055134,0.15331300028265105,0.06403599991244846,0.0
pd,23:51:14.139,791,-40.003,-89.999,0.0,-90.239,0.003,-0.02,0.0,0.0,0.0,0.0,0.0,0.0,-40.003,-40.0,0.0,-90.239,0.003,-0.02,-40.003,-81.999,0.0,-90.239,0.003,-0.02,0.0,1692.1044881492687,0.0,0.0,0.0,0.0,0.0,8.0,0.0,0.0,0.0,0.0,0.0137698,-0.0068849,-0.0275396,4.7987753,-0.0137698,-1.1773179,0.01231013430998,0.004438583638528,-0.006137728937652,-0.0029491758242370003,-0.000258699633705,0.00258699633705,49.998999999999995,1.863013999809482,0.21994200005792663,0.07779599991408759,0.0
pd,23:51:14.142,792,-40.003,-89.999,0.0,-90.239,0.003,-0.02,0.0,0.0,0.0,0.0,0.0,0.0,-40.003,-40.0,0.0,-90.239,0.003,-0.02,-40.003,-81.999,0.0,-90.239,0.003,-0.02,0.0,1742.36327759892,0.0,0.0,0.0,0.0,0.0,8.0,0.0,0.0,0.0,0.0,0.0137698,-0.0068849,-0.0275396,4.7987753,-0.0137698,-1.1773179,0.01231013430998,0.004438583638528,-0.006137728937652,-0.0029491758242370003,-0.000258699633705,0.00258699633705,49.998999999999995,1.650756999879377,0.13853599966751062,0.23466299990104744,0.0
pd,23:51:14.144,793,-40.003,-89.999,0.0,-90.239,0.003,-0.02,0.0,0.0,0.0,0.0,0.0,0.0,-40.003,-40.0,0.0,-90.239,0.003,-0.02,-40.003,-81.999,0.0,-90.239,0.003,-0.02,0.0,1907.368804001819,0.0,0.0,0.0,0.0,0.0,8.0,0.0,0.0,0.0,0.0,0.0137698,-0.0068849,-0.0275396,4.7987753,-0.0137698,-1.1773179,0.01231013430998,0.004438583638528,-0.006137728937652,-0.0029491758242370003,-0.000258699633705,0.00258699633705,49.998999999999995,1.6750340000726283,0.1785160002327757,0.06992499993430101,0.0
pd,23:51:14.146,794,-40.003,-89.999,0.0,-90.239,0.003,-0.02,0.0,0.0,0.0,0.0,0.0,0.0,-40.003,-40.0,0.0,-90.239,0.003,-0.02,-40.003,-81.999,0.0,-90.239,0.003,-0.02,0.0,2003.488894196322,0.0,0.0,0.0,0.0,0.0,8.0,0.0,0.0,0.0,0.0,0.0137698,-0.0068849,-0.0275396,4.7987753,-0.0137698,-1.1773179,0.01231013430998,0.004438583638528,-0.006137728937652,-0.0029491758242370003,-0.000258699633705,0.00258699633705,49.998999999999995,1.621350999812421,0.12885100022685947,0.0558329998057161,0.0
pd,23:51:14.148,795,-40.003,-89.999,0.0,-90.239,0.003,-0.02,0.0,0.0,0.0,0.0,0.0,0.0,-40.003,-40.0,0.0,-90.239,0.003,-0.02,-40.003,-81.999,0.0,-90.239,0.003,-0.02,0.0,2142.684035759898,0.0,0.0,0.0,0.0,0.0,8.0,0.0,0.0,0.0,0.0,0.0137698,-0.0068849,-0.0275396,4.7987753,-0.0137698,-1.1773179,0.01231013430998,0.004438583638528,-0.006137728937652,-0.0029491758242370003,-0.000258699633705,0.00258699633705,49.998999999999995,1.6945339998528652,0.1598869998815644,0.07227700007206295,0.0
pd,23:51:14.150,796,-40.003,-89.999,0.0,-90.239,0.003,-0.02,0.0,0.0,0.0,0.0,0.0,0.0,-40.003,-40.0,0.0,-90.239,0.003,-0.02,-40.003,-81.999,0.0,-90.239,0.003,-0.02,0.0,2001.0992366412213,0.0,0.0,0.0,0.0,0.0,8.0,0.0,0.0,0.0,0.0,0.0137698,-0.0068849,-0.0275396,4.7987753,-0.0137698,-1.1773179,0.01231013430998,0.004438583638528,-0.006137728937652,-0.0029491758242370003,-0.000258699633705,0.00258699633705,49.998999999999995,1.616758000182017,0.16520200006198138,0.05573999987973366,0.0
pd,23:51:14.152,797,-40.003,-89.999,0.0,-90.239,0.003,-0.02,0.0,0.0,0.0,0.0,0.0,0.0,-40.003,-40.0,0.0,-90.239,0.003,-0.02,-40.003,-81.999,0.0,-90.239,0.003,-0.02,0.0,2105.8385841596587,0.0,0.0,0.0,0.0,0.0,8.0,0.0,0.0,0.0,0.0,0.0137698,-0.0068849,-0.0275396,4.7987753,-0.0137698,-1.1773179,0.01231013430998,0.004438583638528,-0.006137728937652,-0.0029491758242370003,-0.000258699633705,0.00258699633705,49.998999999999995,1.6397570002482098,0.13525699978345074,0.059313999827281805,0.0
pd,23:51:14.154,798,-40.003,-89.999,0.0,-90.239,0.003,-0.02,0.0,0.0,0.0,0.0,0.0,0.0,-40.003,-40.0,0.0,-90.239,0.003,-0.02,-40.003,-81.999,0.0,-90.239,0.003,-0.02,0.0,2107.4257002889085,0.0,0.0,0.0,0.0,0.0,8.0,0.0,0.0,0.0,0.0,0.0137698,-0.0068849,-0.0275396,4.7987753,-0.0137698,-1.1773179,0.01231013430998,0.004438583638528,-0.006137728937652,-0.0029491758242370003,-0.000258699633705,0.00258699633705,49.998999999999995,1.764736999575689,0.15860899975450593,0.07216599988169037,0.0
pd,23:51:14.156,799,-40.003,-89.999,0.0,-90.239,0.003,-0.02,0.0,0.0,0.0,0.0,0.0,0.0,-40.003,-40.0,0.0,-90.239,0.003,-0.02,-40.003,-81.999,0.0,-90.239,0.003,-0.02,0.0,1935.981537041311,0.0,0.0,0.0,0.0,0.0,8.0,0.0,0.0,0.0,0.0,0.0137698,-0.0068849,-0.0275396,4.7987753,-0.0137698,-1.1773179,0.01231013430998,0.004438583638528,-0.006137728937652,-0.0029491758242370003,-0.000258699633705,0.00258699633705,49.998999999999995,1.9021620000785333,0.1961090001714183,0.09694299978946219,0.0
pd,23:51:14.158,800,-40.003,-89.999,0.0,-90.239,0.003,-0.02,0.0,0.0,0.0,0.0,0.0,0.0,-40.003,-40.0,0.0,-90.239,0.003,-0.02,-40.003,-81.999,0.0,-90.239,0.003,-0.02,0.0,1756.2248508321993,0.0,0.0,0.0,0.0,0.0,8.0,0.0,0.0,0.0,0.0,0.0137698,-0.0068849,-0.0275396,4.7987753,-0.0137698,-1.1773179,0.01231013430998,0.004438583638528,-0.006137728937652,-0.0029491758242370003,-0.000258699633705,0.00258699633705,49.998999999999995,1.6528690002814983,0.15444300015587942,0.06811000002926448,0.0
pd,23:51:14.160,801,-40.003,-89.999,0.0,-90.239,0.003,-0.02,0.0,0.0,0.0,0.0,0.0,0.0,-40.003,-40.0,0.0,-90.239,0.003,-0.02,-40.003,-81.999,0.0,-90.239,0.003,-0.02,0.0,1689.8887993553585,0.0,0.0,0.0,0.0,0.0,8.0,0.0,0.0,0.0,0.0,0.0137698,-0.0068849,-0.0275396,4.7987753,-0.0137698,-1.1773179,0.01231013430998,0.004438583638528,-0.006137728937652,-0.0029491758242370003,-0.000258699633705,0.00258699633705,49.998999999999995,1.8672910000532283,0.31040399971971055,0.096702000064397,0.0
pd,23:51:14.163,802,-40.003,-89.999,0.0,-90.239,0.003,-0.02,0.0,0.0,0.0,0.0,0.0,0.0,-40.003,-40.0,0.0,-90.239,0.003,-0.02,-40.003,-81.999,0.0,-90.239,0.003,-0.02,0.0,1688.868129655728,0.0,0.0,0.0,0.0,0.0,8.0,0.0,0.0,0.0,0.0,0.0137698,-0.0068849,-0.0275396,4.7987753,-0.0137698,-1.1773179,0.01231013430998,0.004438583638528,-0.006137728937652,-0.0029491758242370003,-0.000258699633705,0.00258699633705,49.998999999999995,1.7994220002037764,0.17208999997819774,0.08175900029527838,0.0
pd,23:51:14.165,803,-40.003,-89.999,0.0,-90.239,0.003,-0.02,0.0,0.0,0.0,0.0,0.0,0.0,-40.003,-40.0,0.0,-90.239,0.003,-0.02,-40.003,-81.999,0.0,-90.239,0.003,-0.02,0.0,1835.7824707298391,0.0,0.0,0.0,0.0,0.0,8.0,0.0,0.0,0.0,0.0,0.0137698,-0.0068849,-0.0275396,4.7987753,-0.0137698,-1.1773179,0.01231013430998,0.004438583638528,-0.006137728937652,-0.0029491758242370003,-0.000258699633705,0.00258699633705,49.998999999999995,1.7052749999493244,0.1582760000928829,0.06888799998705508,0.0
pd,23:51:14.167,804,-40.003,-89.999,0.0,-90.239,0.003,-0.02,0.0,0.0,0.0,0.0,0.0,0.0,-40.003,-40.0,0.0,-90.239,0.003,-0.02,-40.003,-81.999,0.0,-90.239,0.003,-0.02,0.0,1998.0011909015125,0.0,0.0,0.0,0.0,0.0,8.0,0.0,0.0,0.0,0.0,0.0137698,-0.0068849,-0.0275396,4.7987753,-0.0137698,-1.1773179,0.01231013430998,0.004438583638528,-0.006137728937652,-0.0029491758242370003,-0.000258699633705,0.00258699633705,49.998999999999995,1.6207939997912035,0.13070199975118157,0.08825899976727669,0.0
pd,23:51:14.169,805,-40.003,-89.999,0.0,-90.239,0.003,-0.02,0.0,0.0,0.0,0.0,0.0,0.0,-40.003,-40.0,0.0,-90.239,0.003,-0.02,-40.003,-81.999,0.0,-90.239,0.003,-0.02,0.0,2101.0915466499687,0.0,0.0,0.0,0.0,0.0,8.0,0.0,0.0,0.0,0.0,0.0137698,-0.0068849,-0.0275396,4.7987753,-0.0137698,-1.1773179,0.01231013430998,0.004438583638528,-0.006137728937652,-0.0029491758242370003,-0.000258699633705,0.00258699633705,49.998999999999995,1.63166500033185,0.14718400007041055,0.06546199983858969,0.0
pd,23:51:14.171,806,-40.003,-89.999,0.0,-90.239,0.003,-0.02,0.0,0.0,0.0,0.0,0.0,0.0,-40.003,-40.0,0.0,-90.239,0.003,-0.02,-40.003,-81.999,0.0,-90.239,0.003,-0.02,0.0,2093.2271990018717,0.0,0.0,0.0,0.0,0.0,8.0,0.0,0.0,0.0,0.0,0.0137698,-0.0068849,-0.0275396,4.7987753,-0.0137698,-1.1773179,0.01231013430998,0.004438583638528,-0.006137728937652,-0.0029491758242370003,-0.000258699633705,0.00258699633705,49.998999999999995,1.6181280002456333,0.12861000004704692,0.05679600008079433,0.0
pd,23:51:14.172,807,-40.003,-89.999,0.0,-90.239,0.003,-0.02,0.0,0.0,0.0,0.0,0.0,0.0,-40.003,-40.0,0.0,-90.239,0.003,-0.02,-40.003,-81.999,0.0,-90.239,0.003,-0.02,0.0,2145.698426908812,0.0,0.0,0.0,0.0,0.0,8.0,0.0,0.0,0.0,0.0,0.0137698,-0.0068849,-0.0275396,4.7987753,-0.0137698,-1.1773179,0.01231013430998,0.004438583638528,-0.006137728937652,-0.0029491758242370003,-0.000258699633705,0.00258699633705,49.998999999999995,1.7792930002542562,0.16246099994532415,0.0739799997973023,0.0
pd,23:51:14.175,808,-40.003,-89.999,0.0,-90.239,0.003,-0.02,0.0,0.0,0.0,0.0,0.0,0.0,-40.003,-40.0,0.0,-90.239,0.003,-0.02,-40.003,-81.999,0.0,-90.239,0.003,-0.02,0.0,1914.333181195801,0.0,0.0,0.0,0.0,0.0,8.0,0.0,0.0,0.0,0.0,0.0137698,-0.0068849,-0.0275396,4.7987753,-0.0137698,-1.1773179,0.01231013430998,0.004438583638528,-0.006137728937652,-0.0029491758242370003,-0.000258699633705,0.00258699633705,49.998999999999995,1.641979999931209,0.13418299977274728,0.05742499979533022,0.0
pd,23:51:14.176,809,-40.003,-89.999,0.0,-90.239,0.003,-0.02,0.0,0.0,0.0,0.0,0.0,0.0,-40.003,-40.0,0.0,-90.239,0.003,-0.02,-40.003,-81.999,0.0,-90.239,0.003,-0.02,0.0,2107.4257002889085,0.0,0.0,0.0,0.0,0.0,8.0,0.0,0.0,0.0,0.0,0.0137698,-0.0068849,-0.0275396,4.7987753,-0.0137698,-1.1773179,0.01231013430998,0.004438583638528,-0.006137728937652,-0.0029491758242370003,-0.000258699633705,0.00258699633705,49.998999999999995,1.6536089997316594,0.14496199992208858,0.06625900005019503,0.0
pd,23:51:14.178,810,-40.003,-89.999,0.0,-90.239,0.003,-0.02,0.0,0.0,0.0,0.0,0.0,0.0,-40.003,-40.0,0.0,-90.239,0.003,-0.02,-40.003,-81.999,0.0,-90.239,0.003,-0.02,0.0,2069.472801282842,0.0,0.0,0.0,0.0,0.0,8.0,0.0,0.0,0.0,0.0,0.0137698,-0.0068849,-0.0275396,4.7987753,-0.0137698,-1.1773179,0.01231013430998,0.004438583638528,-0.006137728937652,-0.0029491758242370003,-0.000258699633705,0.00258699633705,49.998999999999995,1.62244200009809,0.13988699993205955,0.06403699990187306,0.0
pd,23:51:14.181,811,-40.003,-89.999,0.0,-90.239,0.003,-0.02,0.0,0.0,0.0,0.0,0.0,0.0,-40.003,-40.0,0.0,-90.239,0.003,-0.02,-40.003,-81.999,0.0,-90.239,0.003,-0.02,0.0,1650.163863479886,0.0,0.0,0.0,0.0,0.0,8.0,0.0,0.0,0.0,0.0,0.0137698,-0.0068849,-0.0275396,4.7987753,-0.0137698,-1.1773179,0.01231013430998,0.004438583638528,-0.006137728937652,-0.0029491758242370003,-0.000258699633705,0.00258699633705,49.998999999999995,2.0384750000630447,0.22453400015365332,0.09973999976864434,0.0
pd,23:51:14.183,812,-40.003,-89.999,0.0,-90.239,0.003,-0.02,0.0,0.0,0.0,0.0,0.0,0.0,-40.003,-40.0,0.0,-90.239,0.003,-0.02,-40.003,-81.999,0.0,-90.239,0.003,-0.02,0.0,1626.644948613535,0.0,0.0,0.0,0.0,0.0,8.0,0.0,0.0,0.0,0.0,0.0137698,-0.0068849,-0.0275396,4.7987753,-0.0137698,-1.1773179,0.01231013430998,0.004438583638528,-0.006137728937652,-0.0029491758242370003,-0.000258699633705,0.00258699633705,49.998999999999995,1.871106000180589,0.17023800000970368,0.0768509999033995,0.0
pd,23:51:14.185,813,-40.003,-89.999,0.0,-90.239,0.003,-0.02,0.0,0.0,0.0,0.0,0.0,0.0,-40.003,-40.0,0.0,-90.239,0.003,-0.02,-40.003,-81.999,0.0,-90.239,0.003,-0.02,0.0,1821.6304017372422,0.0,0.0,0.0,0.0,0.0,8.0,0.0,0.0,0.0,0.0,0.0137698,-0.0068849,-0.0275396,4.7987753,-0.0137698,-1.1773179,0.01231013430998,0.004438583638528,-0.006137728937652,-0.0029491758242370003,-0.000258699633705,0.00258699633705,49.998999999999995,1.684330999978556,0.18001699982050923,0.08298000011564,0.0
pd,23:51:14.187,814,-40.003,-89.999,0.0,-90.239,0.003,-0.02,0.0,0.0,0.0,0.0,0.0,0.0,-40.003,-40.0,0.0,-90.239,0.003,-0.02,-40.003,-81.999,0.0,-90.239,0.003,-0.02,0.0,1974.9518540317833,0.0,0.0,0.0,0.0,0.0,8.0,0.0,0.0,0.0,0.0,0.0137698,-0.0068849,-0.0275396,4.7987753,-0.0137698,-1.1773179,0.01231013430998,0.004438583638528,-0.006137728937652,-0.0029491758242370003,-0.000258699633705,0.00258699633705,49.998999999999995,1.7775890000848449,0.17503499975646264,0.0807209999038605,0.0
pd,23:51:14.190,815,-40.003,-89.999,0.0,-90.239,0.003,-0.02,0.0,0.0,0.0,0.0,0.0,0.0,-40.003,-40.0,0.0,-90.239,0.003,-0.02,-40.003,-81.999,0.0,-90.239,0.003,-0.02,0.0,1895.3023045639404,0.0,0.0,0.0,0.0,0.0,8.0,0.0,0.0,0.0,0.0,0.0137698,-0.0068849,-0.0275396,4.7987753,-0.0137698,-1.1773179,0.01231013430998,0.004438583638528,-0.006137728937652,-0.0029491758242370003,-0.000258699633705,0.00258699633705,49.998999999999995,1.6328870001416362,0.1349979997939954,0.057387999731872696,0.0
pd,23:51:14.191,816,-40.003,-89.999,0.0,-90.239,0.003,-0.02,0.0,0.0,0.0,0.0,0.0,0.0,-40.003,-40.0,0.0,-90.239,0.003,-0.02,-40.003,-81.999,0.0,-90.239,0.003,-0.02,0.0,2115.930886618741,0.0,0.0,0.0,0.0,0.0,8.0,0.0,0.0,0.0,0.0,0.0137698,-0.0068849,-0.0275396,4.7987753,-0.0137698,-1.1773179,0.01231013430998,0.004438583638528,-0.006137728937652,-0.0029491758242370003,-0.000258699633705,0.00258699633705,49.998999999999995,1.6427390000899322,0.1323870001215255,0.058554000133881345,0.0
pd,23:51:14.193,817,-40.003,-89.999,0.0,-90.239,0.003,-0.02,0.0,0.0,0.0,0.0,0.0,0.0,-40.003,-40.0,0.0,-90.239,0.003,-0.02,-40.003,-81.999,0.0,-90.239,0.003,-0.02,0.0,2107.9552707626585,0.0,0.0,0.0,0.0,0.0,8.0,0.0,0.0,0.0,0.0,0.0137698,-0.0068849,-0.0275396,4.7987753,-0.0137698,-1.1773179,0.01231013430998,0.004438583638528,-0.006137728937652,-0.0029491758242370003,-0.000258699633705,0.00258699633705,49.998999999999995,1.7773109998415748,0.16001699987100437,0.11583200011955341,0.0
pd,23:51:14.196,818,-40.003,-89.999,0.0,-90.239,0.003,-0.02,0.0,0.0,0.0,0.0,0.0,0.0,-40.003,-40.0,0.0,-90.239,0.003,-0.02,-40.003,-81.999,0.0,-90.239,0.003,-0.02,0.0,1881.4865986318268,0.0,0.0,0.0,0.0,0.0,8.0,0.0,0.0,0.0,0.0,0.0137698,-0.0068849,-0.0275396,4.7987753,-0.0137698,-1.1773179,0.01231013430998,0.004438583638528,-0.006137728937652,-0.0029491758242370003,-0.000258699633705,0.00258699633705,49.998999999999995,1.6605720002189628,0.1388129999213561,0.057852000281855,0.0
pd,23:51:14.197,819,-40.003,-89.999,0.0,-90.239,0.003,-0.02,0.0,0.0,0.0,0.0,0.0,0.0,-40.003,-40.0,0.0,-90.239,0.003,-0.02,-40.003,-81.999,0.0,-90.239,0.003,-0.02,0.0,2082.0570861255896,0.0,0.0,0.0,0.0,0.0,8.0,0.0,0.0,0.0,0.0,0.0137698,-0.0068849,-0.0275396,4.7987753,-0.0137698,-1.1773179,0.01231013430998,0.004438583638528,-0.006137728937652,-0.0029491758242370003,-0.000258699633705,0.00258699633705,49.998999999999995,1.6072759999588015,0.1312949998464319,0.06651800003965036,0.0
pd,23:51:14.199,820,-40.003,-89.999,0.0,-90.239,0.003,-0.02,0.0,0.0,0.0,0.0,0.0,0.0,-40.003,-40.0,0.0,-90.239,0.003,-0.02,-40.003,-81.999,0.0,-90.239,0.003,-0.02,0.0,2134.505852417303,0.0,0.0,0.0,0.0,0.0,8.0,0.0,0.0,0.0,0.0,0.0137698,-0.0068849,-0.0275396,4.7987753,-0.0137698,-1.1773179,0.01231013430998,0.004438583638528,-0.006137728937652,-0.0029491758242370003,-0.000258699633705,0.00258699633705,49.998999999999995,1.6514600001755753,0.14512799998556147,0.061683999774686527,0.0
pd,23:51:14.202,821,-40.003,-89.999,0.0,-90.239,0.003,-0.02,0.0,0.0,0.0,0.0,0.0,0.0,-40.003,-40.0,0.0,-90.239,0.003,-0.02,-40.003,-81.999,0.0,-90.239,0.003,-0.02,0.0,1690.7403003124055,0.0,0.0,0.0,0.0,0.0,8.0,0.0,0.0,0.0,0.0,0.0137698,-0.0068849,-0.0275396,4.7987753,-0.0137698,-1.1773179,0.01231013430998,0.004438583638528,-0.006137728937652,-0.0029491758242370003,-0.000258699633705,0.00258699633705,49.998999999999995,1.7934400002559414,0.21342399986679084,0.07255399987116107,0.0
pd,23:51:14.204,822,-40.003,-89.999,0.0,-90.239,0.003,-0.02,0.0,0.0,0.0,0.0,0.0,0.0,-40.003,-40.0,0.0,-90.239,0.003,-0.02,-40.003,-81.999,0.0,-90.239,0.003,-0.02,0.0,1844.866505388168,0.0,0.0,0.0,0.0,0.0,8.0,0.0,0.0,0.0,0.0,0.0137698,-0.0068849,-0.0275396,4.7987753,-0.0137698,-1.1773179,0.01231013430998,0.004438583638528,-0.006137728937652,-0.0029491758242370003,-0.000258699633705,0.00258699633705,49.998999999999995,1.8536249999669963,0.17909100006363587,0.08303599997816491,0.0
pd,23:51:14.206,823,-40.003,-89.999,0.0,-90.239,0.003,-0.02,0.0,0.0,0.0,0.0,0.0,0.0,-40.003,-40.0,0.0,-90.239,0.003,-0.02,-40.003,-81.999,0.0,-90.239,0.003,-0.02,0.0,1821.4326348930626,0.0,0.0,0.0,0.0,0.0,8.0,0.0,0.0,0.0,0.0,0.0137698,-0.0068849,-0.0275396,4.7987753,-0.0137698,-1.1773179,0.01231013430998,0.004438583638528,-0.006137728937652,-0.0029491758242370003,-0.000258699633705,0.00258699633705,49.998999999999995,1.9085870003436867,0.1942379999491095,0.09357199996884447,0.0
pd,23:51:14.208,824,-40.003,-89.999,0.0,-90.239,0.003,-0.02,0.0,0.0,0.0,0.0,0.0,0.0,-40.003,-40.0,0.0,-90.239,0.003,-0.02,-40.003,-81.999,0.0,-90.239,0.003,-0.02,0.0,1753.4715719063545,0.0,0.0,0.0,0.0,0.0,8.0,0.0,0.0,0.0,0.0,0.0137698,-0.0068849,-0.0275396,4.7987753,-0.0137698,-1.1773179,0.01231013430998,0.004438583638528,-0.006137728937652,-0.0029491758242370003,-0.000258699633705,0.00258699633705,49.998999999999995,1.7208120002578653,0.20855299999311683,0.07370200000877958,0.0
pd,23:51:14.210,825,-40.003,-89.999,0.0,-90.239,0.003,-0.02,0.0,0.0,0.0,0.0,0.0,0.0,-40.003,-40.0,0.0,-90.239,0.003,-0.02,-40.003,-81.999,0.0,-90.239,0.003,-0.02,0.0,1927.0866069377441,0.0,0.0,0.0,0.0,0.0,8.0,0.0,0.0,0.0,0.0,0.0137698,-0.0068849,-0.0275396,4.7987753,-0.0137698,-1.1773179,0.01231013430998,0.004438583638528,-0.006137728937652,-0.0029491758242370003,-0.000258699633705,0.00258699633705,49.998999999999995,1.6394799999943643,0.16034999998737476,0.07153600017772987,0.0
pd,23:51:14.212,826,-40.003,-89.999,0.0,-90.239,0.003,-0.02,0.0,0.0,0.0,0.0,0.0,0.0,-40.003,-40.0,0.0,-90.239,0.003,-0.02,-40.003,-81.999,0.0,-90.239,0.003,-0.02,0.0,2058.806724751503,0.0,0.0,0.0,0.0,0.0,8.0,0.0,0.0,0.0,0.0,0.0137698,-0.0068849,-0.0275396,4.7987753,-0.0137698,-1.1773179,0.01231013430998,0.004438583638528,-0.006137728937652,-0.0029491758242370003,-0.000258699633705,0.00258699633705,49.998999999999995,1.7408489998160803,0.15171999984886497,0.22120099993117037,0.0
pd,23:51:14.215,827,-40.003,-89.999,0.0,-90.239,0.003,-0.02,0.0,0.0,0.0,0.0,0.0,0.0,-40.003,-40.0,0.0,-90.239,0.003,-0.02,-40.003,-81.999,0.0,-90.239,0.003,-0.02,0.0,1826.1909219549364,0.0,0.0,0.0,0.0,0.0,8.0,0.0,0.0,0.0,0.0,0.0137698,-0.0068849,-0.0275396,4.7987753,-0.0137698,-1.1773179,0.01231013430998,0.004438583638528,-0.006137728937652,-0.0029491758242370003,-0.000258699633705,0.00258699633705,49.998999999999995,1.6713680001885223,0.16188700010388857,0.061424999785231194,0.0
pd,23:51:14.216,828,-40.003,-89.999,0.0,-90.239,0.003,-0.02,0.0,0.0,0.0,0.0,0.0,0.0,-40.003,-40.0,0.0,-90.239,0.003,-0.02,-40.003,-81.999,0.0,-90.239,0.003,-0.02,0.0,2041.0238442822385,0.0,0.0,0.0,0.0,0.0,8.0,0.0,0.0,0.0,0.0,0.0137698,-0.0068849,-0.0275396,4.7987753,-0.0137698,-1.1773179,0.01231013430998,0.004438583638528,-0.006137728937652,-0.0029491758242370003,-0.000258699633705,0.00258699633705,49.998999999999995,1.6830160002427874,0.1416840000274533,0.06262899978537462,0.0
pd,23:51:14.218,829,-40.003,-89.999,0.0,-90.239,0.003,-0.02,0.0,0.0,0.0,0.0,0.0,0.0,-40.003,-40.0,0.0,-90.239,0.003,-0.02,-40.003,-81.999,0.0,-90.239,0.003,-0.02,0.0,2049.501099438065,0.0,0.0,0.0,0.0,0.0,8.0,0.0,0.0,0.0,0.0,0.0137698,-0.0068849,-0.0275396,4.7987753,-0.0137698,-1.1773179,0.01231013430998,0.004438583638528,-0.006137728937652,-0.0029491758242370003,-0.000258699633705,0.00258699633705,49.998999999999995,1.6159980000338692,0.14062800028113998,0.06364699993355316,0.0
pd,23:51:14.220,830,-40.003,-89.999,0.0,-90.239,0.003,-0.02,0.0,0.0,0.0,0.0,0.0,0.0,-40.003,-40.0,0.0,-90.239,0.003,-0.02,-40.003,-81.999,0.0,-90.239,0.003,-0.02,0.0,2117.800555415299,0.0,0.0,0.0,0.0,0.0,8.0,0.0,0.0,0.0,0.0,0.0137698,-0.0068849,-0.0275396,4.7987753,-0.0137698,-1.1773179,0.01231013430998,0.004438583638528,-0.006137728937652,-0.0029491758242370003,-0.000258699633705,0.00258699633705,49.998999999999995,1.6468489998260338,0.13949899994258885,0.06364799992297776,0.0
pd,23:51:14.223,831,-40.003,-89.999,0.0,-90.239,0.003,-0.02,0.0,0.0,0.0,0.0,0.0,0.0,-40.003,-40.0,0.0,-90.239,0.003,-0.02,-40.003,-81.999,0.0,-90.239,0.003,-0.02,0.0,1702.061073348889,0.0,0.0,0.0,0.0,0.0,8.0,0.0,0.0,0.0,0.0,0.0137698,-0.0068849,-0.0275396,4.7987753,-0.0137698,-1.1773179,0.01231013430998,0.004438583638528,-0.006137728937652,-0.0029491758242370003,-0.000258699633705,0.00258699633705,49.998999999999995,1.9982520002486126,0.27477399999042973,0.09068399958778173,0.0
pd,23:51:14.225,832,-40.003,-89.999,0.0,-90.239,0.003,-0.02,0.0,0.0,0.0,0.0,0.0,0.0,-40.003,-40.0,0.0,-90.239,0.003,-0.02,-40.003,-81.999,0.0,-90.239,0.003,-0.02,0.0,1624.9119612590798,0.0,0.0,0.0,0.0,0.0,8.0,0.0,0.0,0.0,0.0,0.0137698,-0.0068849,-0.0275396,4.7987753,-0.0137698,-1.1773179,0.01231013430998,0.004438583638528,-0.006137728937652,-0.0029491758242370003,-0.000258699633705,0.00258699633705,49.998999999999995,2.0267710001462547,0.2668859997356776,0.1374979997308401,0.0
pd,23:51:14.228,833,-40.003,-89.999,0.0,-90.239,0.003,-0.02,0.0,0.0,0.0,0.0,0.0,0.0,-40.003,-40.0,0.0,-90.239,0.003,-0.02,-40.003,-81.999,0.0,-90.239,0.003,-0.02,0.0,1569.4308699719363,0.0,0.0,0.0,0.0,0.0,8.0,0.0,0.0,0.0,0.0,0.0137698,-0.0068849,-0.0275396,4.7987753,-0.0137698,-1.1773179,0.01231013430998,0.004438583638528,-0.006137728937652,-0.0029491758242370003,-0.000258699633705,0.00258699633705,49.998999999999995,1.8409409999549098,0.3000140000040119,0.12372099990898278,0.0
pd,23:51:14.230,834,-40.003,-89.999,0.0,-90.239,0.003,-0.02,0.0,0.0,0.0,0.0,0.0,0.0,-40.003,-40.0,0.0,-90.239,0.003,-0.02,-40.003,-81.999,0.0,-90.239,0.003,-0.02,0.0,1683.4453140678306,0.0,0.0,0.0,0.0,0.0,8.0,0.0,0.0,0.0,0.0,0.0137698,-0.0068849,-0.0275396,4.7987753,-0.0137698,-1.1773179,0.01231013430998,0.004438583638528,-0.006137728937652,-0.0029491758242370003,-0.000258699633705,0.00258699633705,49.998999999999995,1.7888480001602147,0.26799700026458595,0.15529399979641312,0.0
pd,23:51:14.232,835,-40.003,-89.999,0.0,-90.239,0.003,-0.02,0.0,0.0,0.0,0.0,0.0,0.0,-40.003,-40.0,0.0,-90.239,0.003,-0.02,-40.003,-81.999,0.0,-90.239,0.003,-0.02,0.0,1711.2623419012648,0.0,0.0,0.0,0.0,0.0,8.0,0.0,0.0,0.0,0.0,0.0137698,-0.0068849,-0.0275396,4.7987753,-0.0137698,-1.1773179,0.01231013430998,0.004438583638528,-0.006137728937652,-0.0029491758242370003,-0.000258699633705,0.00258699633705,49.998999999999995,2.0309189999352384,0.6936210002095322,0.16559100004087668,0.0
pd,23:51:14.235,836,-40.003,-89.999,0.0,-90.239,0.003,-0.02,0.0,0.0,0.0,0.0,0.0,0.0,-40.003,-40.0,0.0,-90.239,0.003,-0.02,-40.003,-81.999,0.0,-90.239,0.003,-0.02,0.0,1312.052553374521,0.0,0.0,0.0,0.0,0.0,8.0,0.0,0.0,0.0,0.0,0.0137698,-0.0068849,-0.0275396,4.7987753,-0.0137698,-1.1773179,0.01231013430998,0.004438583638528,-0.006137728937652,-0.0029491758242370003,-0.000258699633705,0.00258699633705,49.998999999999995,1.9334200001139834,0.2651259997037414,0.13542500028052018,0.0
pd,23:51:14.238,837,-40.003,-89.999,0.0,-90.239,0.003,-0.02,0.0,0.0,0.0,0.0,0.0,0.0,-40.003,-40.0,0.0,-90.239,0.003,-0.02,-40.003,-81.999,0.0,-90.239,0.003,-0.02,0.0,1634.8875462872734,0.0,0.0,0.0,0.0,0.0,8.0,0.0,0.0,0.0,0.0,0.0137698,-0.0068849,-0.0275396,4.7987753,-0.0137698,-1.1773179,0.01231013430998,0.004438583638528,-0.006137728937652,-0.0029491758242370003,-0.000258699633705,0.00258699633705,49.998999999999995,2.1155670001462568,0.35608799998954055,0.2324789998056076,0.0
pd,23:51:14.241,838,-40.003,-89.999,0.0,-90.239,0.003,-0.02,0.0,0.0,0.0,0.0,0.0,0.0,-40.003,-40.0,0.0,-90.239,0.003,-0.02,-40.003,-81.999,0.0,-90.239,0.003,-0.02,0.0,1389.1873809720958,0.0,0.0,0.0,0.0,0.0,8.0,0.0,0.0,0.0,0.0,0.0137698,-0.0068849,-0.0275396,4.7987753,-0.0137698,-1.1773179,0.01231013430998,0.004438583638528,-0.006137728937652,-0.0029491758242370003,-0.000258699633705,0.00258699633705,49.998999999999995,2.3228790000757726,0.3940130000046338,0.1951640001607302,0.0
pd,23:51:14.244,839,-40.003,-89.999,0.0,-90.239,0.003,-0.02,0.0,0.0,0.0,0.0,0.0,0.0,-40.003,-40.0,0.0,-90.239,0.003,-0.02,-40.003,-81.999,0.0,-90.239,0.003,-0.02,0.0,1302.4777579380484,0.0,0.0,0.0,0.0,0.0,8.0,0.0,0.0,0.0,0.0,0.0137698,-0.0068849,-0.0275396,4.7987753,-0.0137698,-1.1773179,0.01231013430998,0.004438583638528,-0.006137728937652,-0.0029491758242370003,-0.000258699633705,0.00258699633705,49.998999999999995,2.1376579998104717,0.28988499980187044,0.14273900023908936,0.0
pd,23:51:14.247,840,-40.003,-89.999,0.0,-90.239,0.003,-0.02,0.0,0.0,0.0,0.0,0.0,0.0,-40.003,-40.0,0.0,-90.239,0.003,-0.02,-40.003,-81.999,0.0,-90.239,0.003,-0.02,0.0,1489.3223257878385,0.0,0.0,0.0,0.0,0.0,8.0,0.0,0.0,0.0,0.0,0.0137698,-0.0068849,-0.0275396,4.7987753,-0.0137698,-1.1773179,0.01231013430998,0.004438583638528,-0.006137728937652,-0.0029491758242370003,-0.000258699633705,0.00258699633705,49.998999999999995,5.366970999602927,0.46075299997028196,0.3170709996993537,0.0
pd,23:51:14.254,841,-40.003,-89.999,0.0,-90.239,0.003,-0.02,0.0,0.0,0.0,0.0,0.0,0.0,-40.003,-40.0,0.0,-90.239,0.003,-0.02,-40.003,-81.999,0.0,-90.239,0.003,-0.02,0.0,572.8553965923447,0.0,0.0,0.0,0.0,0.0,8.0,0.0,0.0,0.0,0.0,0.0137698,-0.0068849,-0.0275396,4.7987753,-0.0137698,-1.1773179,0.01231013430998,0.004438583638528,-0.006137728937652,-0.0029491758242370003,-0.000258699633705,0.00258699633705,49.998999999999995,2.3976369998308655,0.28081099981136504,0.14109099993220298,0.0
pd,23:51:14.256,842,-40.003,-89.999,0.0,-90.239,0.003,-0.02,0.0,0.0,0.0,0.0,0.0,0.0,-40.003,-40.0,0.0,-90.239,0.003,-0.02,-40.003,-81.999,0.0,-90.239,0.003,-0.02,0.0,1358.5890355494373,0.0,0.0,0.0,0.0,0.0,8.0,0.0,0.0,0.0,0.0,0.0137698,-0.0068849,-0.0275396,4.7987753,-0.0137698,-1.1773179,0.01231013430998,0.004438583638528,-0.006137728937652,-0.0029491758242370003,-0.000258699633705,0.00258699633705,49.998999999999995,6.0895540000274195,0.3394589998606534,0.253162999797496,0.0
pd,23:51:14.263,843,-40.003,-89.999,0.0,-90.239,0.003,-0.02,0.0,0.0,0.0,0.0,0.0,0.0,-40.003,-40.0,0.0,-90.239,0.003,-0.02,-40.003,-81.999,0.0,-90.239,0.003,-0.02,0.0,583.4335790791487,0.0,0.0,0.0,0.0,0.0,8.0,0.0,0.0,0.0,0.0,0.0137698,-0.0068849,-0.0275396,4.7987753,-0.0137698,-1.1773179,0.01231013430998,0.004438583638528,-0.006137728937652,-0.0029491758242370003,-0.000258699633705,0.00258699633705,49.998999999999995,2.8537049997794384,0.4930680001962173,0.25866399982987787,0.0
pd,23:51:14.267,844,-40.003,-89.999,0.0,-90.239,0.003,-0.02,0.0,0.0,0.0,0.0,0.0,0.0,-40.003,-40.0,0.0,-90.239,0.003,-0.02,-40.003,-81.999,0.0,-90.239,0.003,-0.02,0.0,1050.9406163868705,0.0,0.0,0.0,0.0,0.0,8.0,0.0,0.0,0.0,0.0,0.0137698,-0.0068849,-0.0275396,4.7987753,-0.0137698,-1.1773179,0.01231013430998,0.004438583638528,-0.006137728937652,-0.0029491758242370003,-0.000258699633705,0.00258699633705,49.998999999999995,3.5036230001423974,0.30053299997234717,0.1467199999751756,0.0
pd,23:51:14.271,845,-40.003,-89.999,0.0,-90.239,0.003,-0.02,0.0,0.0,0.0,0.0,0.0,0.0,-40.003,-40.0,0.0,-90.239,0.003,-0.02,-40.003,-81.999,0.0,-90.239,0.003,-0.02,0.0,982.215092793162,0.0,0.0,0.0,0.0,0.0,8.0,0.0,0.0,0.0,0.0,0.0137698,-0.0068849,-0.0275396,4.7987753,-0.0137698,-1.1773179,0.01231013430998,0.004438583638528,-0.006137728937652,-0.0029491758242370003,-0.000258699633705,0.00258699633705,49.998999999999995,4.836995000005118,0.2800890001708467,0.15125699974305462,0.0
pd,23:51:14.277,846,-40.003,-89.999,0.0,-90.239,0.003,-0.02,0.0,0.0,0.0,0.0,0.0,0.0,-40.003,-40.0,0.0,-90.239,0.003,-0.02,-40.003,-81.999,0.0,-90.239,0.003,-0.02,0.0,731.2882922151513,0.0,0.0,0.0,0.0,0.0,8.0,0.0,0.0,0.0,0.0,0.0137698,-0.0068849,-0.0275396,4.7987753,-0.0137698,-1.1773179,0.01231013430998,0.004438583638528,-0.006137728937652,-0.0029491758242370003,-0.000258699633705,0.00258699633705,49.998999999999995,1.890069000182848,0.3190330003235431,0.13433200001600198,0.0
pd,23:51:14.281,847,-40.003,-89.999,0.0,-90.239,0.003,-0.02,0.0,0.0,0.0,0.0,0.0,0.0,-40.003,-40.0,0.0,-90.239,0.003,-0.02,-40.003,-81.999,0.0,-90.239,0.003,-0.02,0.0,954.0640318453227,0.0,0.0,0.0,0.0,0.0,8.0,0.0,0.0,0.0,0.0,0.0137698,-0.0068849,-0.0275396,4.7987753,-0.0137698,-1.1773179,0.01231013430998,0.004438583638528,-0.006137728937652,-0.0029491758242370003,-0.000258699633705,0.00258699633705,49.998999999999995,1.9536609997885535,0.2673859999049455,0.12972099966646056,0.0
pd,23:51:14.283,848,-40.003,-89.999,0.0,-90.239,0.003,-0.02,0.0,0.0,0.0,0.0,0.0,0.0,-40.003,-40.0,0.0,-90.239,0.003,-0.02,-40.003,-81.999,0.0,-90.239,0.003,-0.02,0.0,1620.3608267336294,0.0,0.0,0.0,0.0,0.0,8.0,0.0,0.0,0.0,0.0,0.0137698,-0.0068849,-0.0275396,4.7987753,-0.0137698,-1.1773179,0.01231013430998,0.004438583638528,-0.006137728937652,-0.0029491758242370003,-0.000258699633705,0.00258699633705,49.998999999999995,2.439322000100219,0.2567929996075691,0.12518399989858153,0.0
pd,23:51:14.286,849,-40.003,-89.999,0.0,-90.239,0.003,-0.02,0.0,0.0,0.0,0.0,0.0,0.0,-40.003,-40.0,0.0,-90.239,0.003,-0.02,-40.003,-81.999,0.0,-90.239,0.003,-0.02,0.0,1364.5559983733224,0.0,0.0,0.0,0.0,0.0,8.0,0.0,0.0,0.0,0.0,0.0137698,-0.0068849,-0.0275396,4.7987753,-0.0137698,-1.1773179,0.01231013430998,0.004438583638528,-0.006137728937652,-0.0029491758242370003,-0.000258699633705,0.00258699633705,49.998999999999995,1.745849000144517,0.16553499972360441,0.07820299970262568,0.0
pd,23:51:14.288,850,-40.003,-89.999,0.0,-90.239,0.003,-0.02,0.0,0.0,0.0,0.0,0.0,0.0,-40.003,-40.0,0.0,-90.239,0.003,-0.02,-40.003,-81.999,0.0,-90.239,0.003,-0.02,0.0,1935.981537041311,0.0,0.0,0.0,0.0,0.0,8.0,0.0,0.0,0.0,0.0,0.0137698,-0.0068849,-0.0275396,4.7987753,-0.0137698,-1.1773179,0.01231013430998,0.004438583638528,-0.006137728937652,-0.0029491758242370003,-0.000258699633705,0.00258699633705,49.998999999999995,1.865476999682869,0.18905300021287985,0.08323899965034798,0.0
pd,23:51:14.291,851,-40.003,-89.999,0.0,-90.239,0.003,-0.02,0.0,0.0,0.0,0.0,0.0,0.0,-40.003,-40.0,0.0,-90.239,0.003,-0.02,-40.003,-81.999,0.0,-90.239,0.003,-0.02,0.0,1497.163662323755,0.0,0.0,0.0,0.0,0.0,8.0,0.0,0.0,0.0,0.0,0.0137698,-0.0068849,-0.0275396,4.7987753,-0.0137698,-1.1773179,0.01231013430998,0.004438583638528,-0.006137728937652,-0.0029491758242370003,-0.000258699633705,0.00258699633705,49.998999999999995,2.2461570001723885,0.2785520000543329,0.11114700009784428,0.0
pd,23:51:14.294,852,-40.003,-89.999,0.0,-90.239,0.003,-0.02,0.0,0.0,0.0,0.0,0.0,0.0,-40.003,-40.0,0.0,-90.239,0.003,-0.02,-40.003,-81.999,0.0,-90.239,0.003,-0.02,0.0,1462.194178141886,0.0,0.0,0.0,0.0,0.0,8.0,0.0,0.0,0.0,0.0,0.0137698,-0.0068849,-0.0275396,4.7987753,-0.0137698,-1.1773179,0.01231013430998,0.004438583638528,-0.006137728937652,-0.0029491758242370003,-0.000258699633705,0.00258699633705,49.998999999999995,1.8323110002711473,0.17801700005293242,0.07975900007295422,0.0
pd,23:51:14.296,853,-40.003,-89.999,0.0,-90.239,0.003,-0.02,0.0,0.0,0.0,0.0,0.0,0.0,-40.003,-40.0,0.0,-90.239,0.003,-0.02,-40.003,-81.999,0.0,-90.239,0.003,-0.02,0.0,1843.8527310693482,0.0,0.0,0.0,0.0,0.0,8.0,0.0,0.0,0.0,0.0,0.0137698,-0.0068849,-0.0275396,4.7987753,-0.0137698,-1.1773179,0.01231013430998,0.004438583638528,-0.006137728937652,-0.0029491758242370003,-0.000258699633705,0.00258699633705,49.998999999999995,1.8388849998700607,0.1646470000196132,0.07268399986060103,0.0
pd,23:51:14.298,854,-40.003,-89.999,0.0,-90.239,0.003,-0.02,0.0,0.0,0.0,0.0,0.0,0.0,-40.003,-40.0,0.0,-90.239,0.003,-0.02,-40.003,-81.999,0.0,-90.239,0.003,-0.02,0.0,1860.414282546019,0.0,0.0,0.0,0.0,0.0,8.0,0.0,0.0,0.0,0.0,0.0137698,-0.0068849,-0.0275396,4.7987753,-0.0137698,-1.1773179,0.01231013430998,0.004438583638528,-0.006137728937652,-0.0029491758242370003,-0.000258699633705,0.00258699633705,49.998999999999995,1.7900509997161862,0.1608130000931851,0.06775900010325131,0.0
pd,23:51:14.300,855,-40.003,-89.999,0.0,-90.239,0.003,-0.02,0.0,0.0,0.0,0.0,0.0,0.0,-40.003,-40.0,0.0,-90.239,0.003,-0.02,-40.003,-81.999,0.0,-90.239,0.003,-0.02,0.0,1913.6781110984373,0.0,0.0,0.0,0.0,0.0,8.0,0.0,0.0,0.0,0.0,0.0137698,-0.0068849,-0.0275396,4.7987753,-0.0137698,-1.1773179,0.01231013430998,0.004438583638528,-0.006137728937652,-0.0029491758242370003,-0.000258699633705,0.00258699633705,49.998999999999995,1.7285710000578547,0.16049800024120486,0.06927699996595038,0.0
pd,23:51:14.302,856,-40.003,-89.999,0.0,-90.239,0.003,-0.02,0.0,0.0,0.0,0.0,0.0,0.0,-40.003,-40.0,0.0,-90.239,0.003,-0.02,-40.003,-81.999,0.0,-90.239,0.003,-0.02,0.0,1970.3130945390487,0.0,0.0,0.0,0.0,0.0,8.0,0.0,0.0,0.0,0.0,0.0137698,-0.0068849,-0.0275396,4.7987753,-0.0137698,-1.1773179,0.01231013430998,0.004438583638528,-0.006137728937652,-0.0029491758242370003,-0.000258699633705,0.00258699633705,49.998999999999995,1.6578869999648305,0.128350000068167,0.056351000239374116,0.0
pd,23:51:14.304,857,-40.003,-89.999,0.0,-90.239,0.003,-0.02,0.0,0.0,0.0,0.0,0.0,0.0,-40.003,-40.0,0.0,-90.239,0.003,-0.02,-40.003,-81.999,0.0,-90.239,0.003,-0.02,0.0,2100.8284497871273,0.0,0.0,0.0,0.0,0.0,8.0,0.0,0.0,0.0,0.0,0.0137698,-0.0068849,-0.0275396,4.7987753,-0.0137698,-1.1773179,0.01231013430998,0.004438583638528,-0.006137728937652,-0.0029491758242370003,-0.000258699633705,0.00258699633705,49.998999999999995,1.8877539996537962,0.17412800025340402,0.07718400001976988,0.0
pd,23:51:14.306,858,-40.003,-89.999,0.0,-90.239,0.003,-0.02,0.0,0.0,0.0,0.0,0.0,0.0,-40.003,-40.0,0.0,-90.239,0.003,-0.02,-40.003,-81.999,0.0,-90.239,0.003,-0.02,0.0,1803.8077626061713,0.0,0.0,0.0,0.0,0.0,8.0,0.0,0.0,0.0,0.0,0.0137698,-0.0068849,-0.0275396,4.7987753,-0.0137698,-1.1773179,0.01231013430998,0.004438583638528,-0.006137728937652,-0.0029491758242370003,-0.000258699633705,0.00258699633705,49.998999999999995,1.7006269999910728,0.13786900035483995,0.058943000112776645,0.0
pd,23:51:14.308,859,-40.003,-89.999,0.0,-90.239,0.003,-0.02,0.0,0.0,0.0,0.0,0.0,0.0,-40.003,-40.0,0.0,-90.239,0.003,-0.02,-40.003,-81.999,0.0,-90.239,0.003,-0.02,0.0,2038.0485908649173,0.0,0.0,0.0,0.0,0.0,8.0,0.0,0.0,0.0,0.0,0.0137698,-0.0068849,-0.0275396,4.7987753,-0.0137698,-1.1773179,0.01231013430998,0.004438583638528,-0.006137728937652,-0.0029491758242370003,-0.000258699633705,0.00258699633705,49.998999999999995,1.70282999988558,0.1514239997959521,0.07075800021993928,0.0
pd,23:51:14.310,860,-40.003,-89.999,0.0,-90.239,0.003,-0.02,0.0,0.0,0.0,0.0,0.0,0.0,-40.003,-40.0,0.0,-90.239,0.003,-0.02,-40.003,-81.999,0.0,-90.239,0.003,-0.02,0.0,2005.404733444896,0.0,0.0,0.0,0.0,0.0,8.0,0.0,0.0,0.0,0.0,0.0137698,-0.0068849,-0.0275396,4.7987753,-0.0137698,-1.1773179,0.01231013430998,0.004438583638528,-0.006137728937652,-0.0029491758242370003,-0.000258699633705,0.00258699633705,49.998999999999995,1.624554000045464,0.13484999999491265,0.05751799972131266,0.0
pd,23:51:14.313,861,-40.003,-89.999,0.0,-90.239,0.003,-0.02,0.0,0.0,0.0,0.0,0.0,0.0,-40.003,-40.0,0.0,-90.239,0.003,-0.02,-40.003,-81.999,0.0,-90.239,0.003,-0.02,0.0,1715.6371817159218,0.0,0.0,0.0,0.0,0.0,8.0,0.0,0.0,0.0,0.0,0.0137698,-0.0068849,-0.0275396,4.7987753,-0.0137698,-1.1773179,0.01231013430998,0.004438583638528,-0.006137728937652,-0.0029491758242370003,-0.000258699633705,0.00258699633705,49.998999999999995,1.9761229996220209,0.2250350003123458,0.07609199974467629,0.0
pd,23:51:14.315,862,-40.003,-89.999,0.0,-90.239,0.003,-0.02,0.0,0.0,0.0,0.0,0.0,0.0,-40.003,-40.0,0.0,-90.239,0.003,-0.02,-40.003,-81.999,0.0,-90.239,0.003,-0.02,0.0,1673.3708358268502,0.0,0.0,0.0,0.0,0.0,8.0,0.0,0.0,0.0,0.0,0.0137698,-0.0068849,-0.0275396,4.7987753,-0.0137698,-1.1773179,0.01231013430998,0.004438583638528,-0.006137728937652,-0.0029491758242370003,-0.000258699633705,0.00258699633705,49.998999999999995,1.8293659995833877,0.17933099979927647,0.08144299999912619,0.0
pd,23:51:14.317,863,-40.003,-89.999,0.0,-90.239,0.003,-0.02,0.0,0.0,0.0,0.0,0.0,0.0,-40.003,-40.0,0.0,-90.239,0.003,-0.02,-40.003,-81.999,0.0,-90.239,0.003,-0.02,0.0,1844.866505388168,0.0,0.0,0.0,0.0,0.0,8.0,0.0,0.0,0.0,0.0,0.0137698,-0.0068849,-0.0275396,4.7987753,-0.0137698,-1.1773179,0.01231013430998,0.004438583638528,-0.006137728937652,-0.0029491758242370003,-0.000258699633705,0.00258699633705,49.998999999999995,1.9061250000049768,0.1993680002669862,0.09342500015918631,0.0
pd,23:51:14.319,864,-40.003,-89.999,0.0,-90.239,0.003,-0.02,0.0,0.0,0.0,0.0,0.0,0.0,-40.003,-40.0,0.0,-90.239,0.003,-0.02,-40.003,-81.999,0.0,-90.239,0.003,-0.02,0.0,1752.5557296563252,0.0,0.0,0.0,0.0,0.0,8.0,0.0,0.0,0.0,0.0,0.0137698,-0.0068849,-0.0275396,4.7987753,-0.0137698,-1.1773179,0.01231013430998,0.004438583638528,-0.006137728937652,-0.0029491758242370003,-0.000258699633705,0.00258699633705,49.998999999999995,1.7227930002263747,0.1555720000396832,0.06433299995478592,0.0
pd,23:51:14.321,865,-40.003,-89.999,0.0,-90.239,0.003,-0.02,0.0,0.0,0.0,0.0,0.0,0.0,-40.003,-40.0,0.0,-90.239,0.003,-0.02,-40.003,-81.999,0.0,-90.239,0.003,-0.02,0.0,1987.586304940173,0.0,0.0,0.0,0.0,0.0,8.0,0.0,0.0,0.0,0.0,0.0137698,-0.0068849,-0.0275396,4.7987753,-0.0137698,-1.1773179,0.01231013430998,0.004438583638528,-0.006137728937652,-0.0029491758242370003,-0.000258699633705,0.00258699633705,49.998999999999995,1.6662010002619354,0.21007100031056325,0.07249899999806075,0.0
pd,23:51:14.323,866,-40.003,-89.999,0.0,-90.239,0.003,-0.02,0.0,0.0,0.0,0.0,0.0,0.0,-40.003,-40.0,0.0,-90.239,0.003,-0.02,-40.003,-81.999,0.0,-90.239,0.003,-0.02,0.0,1980.3135033050048,0.0,0.0,0.0,0.0,0.0,8.0,0.0,0.0,0.0,0.0,0.0137698,-0.0068849,-0.0275396,4.7987753,-0.0137698,-1.1773179,0.01231013430998,0.004438583638528,-0.006137728937652,-0.0029491758242370003,-0.000258699633705,0.00258699633705,49.998999999999995,1.6826269998091448,0.14777600017623627,0.06592499994440004,0.0
pd,23:51:14.325,867,-40.003,-89.999,0.0,-90.239,0.003,-0.02,0.0,0.0,0.0,0.0,0.0,0.0,-40.003,-40.0,0.0,-90.239,0.003,-0.02,-40.003,-81.999,0.0,-90.239,0.003,-0.02,0.0,2035.5758311089542,0.0,0.0,0.0,0.0,0.0,8.0,0.0,0.0,0.0,0.0,0.0137698,-0.0068849,-0.0275396,4.7987753,-0.0137698,-1.1773179,0.01231013430998,0.004438583638528,-0.006137728937652,-0.0029491758242370003,-0.000258699633705,0.00258699633705,49.998999999999995,1.773423000031471,0.15336800015575136,0.07055500009300886,0.0
pd,23:51:14.327,868,-40.003,-89.999,0.0,-90.239,0.003,-0.02,0.0,0.0,0.0,0.0,0.0,0.0,-40.003,-40.0,0.0,-90.239,0.003,-0.02,-40.003,-81.999,0.0,-90.239,0.003,-0.02,0.0,1933.9730259365995,0.0,0.0,0.0,0.0,0.0,8.0,0.0,0.0,0.0,0.0,0.0137698,-0.0068849,-0.0275396,4.7987753,-0.0137698,-1.1773179,0.01231013430998,0.004438583638528,-0.006137728937652,-0.0029491758242370003,-0.000258699633705,0.00258699633705,49.998999999999995,1.7076079998332716,0.15816399991308572,0.0730359997760388,0.0
pd,23:51:14.329,869,-40.003,-89.999,0.0,-90.239,0.003,-0.02,0.0,0.0,0.0,0.0,0.0,0.0,-40.003,-40.0,0.0,-90.239,0.003,-0.02,-40.003,-81.999,0.0,-90.239,0.003,-0.02,0.0,1987.8218009478674,0.0,0.0,0.0,0.0,0.0,8.0,0.0,0.0,0.0,0.0,0.0137698,-0.0068849,-0.0275396,4.7987753,-0.0137698,-1.1773179,0.01231013430998,0.004438583638528,-0.006137728937652,-0.0029491758242370003,-0.000258699633705,0.00258699633705,49.998999999999995,1.8289029999323247,0.1633679999031301,0.07727699994575232,0.0
pd,23:51:14.332,870,-40.003,-89.999,0.0,-90.239,0.003,-0.02,0.0,0.0,0.0,0.0,0.0,0.0,-40.003,-40.0,0.0,-90.239,0.003,-0.02,-40.003,-81.999,0.0,-90.239,0.003,-0.02,0.0,1868.494932620559,0.0,0.0,0.0,0.0,0.0,8.0,0.0,0.0,0.0,0.0,0.0137698,-0.0068849,-0.0275396,4.7987753,-0.0137698,-1.1773179,0.01231013430998,0.004438583638528,-0.006137728937652,-0.0029491758242370003,-0.000258699633705,0.00258699633705,49.998999999999995,1.700811999853613,0.1519050001661526,0.0683879998177872,0.0
pd,23:51:14.334,871,-40.003,-89.999,0.0,-90.239,0.003,-0.02,0.0,0.0,0.0,0.0,0.0,0.0,-40.003,-40.0,0.0,-90.239,0.003,-0.02,-40.003,-81.999,0.0,-90.239,0.003,-0.02,0.0,1633.7731035154347,0.0,0.0,0.0,0.0,0.0,8.0,0.0,0.0,0.0,0.0,0.0137698,-0.0068849,-0.0275396,4.7987753,-0.0137698,-1.1773179,0.01231013430998,0.004438583638528,-0.006137728937652,-0.0029491758242370003,-0.000258699633705,0.00258699633705,49.998999999999995,2.0336779998615384,0.23020099979476072,0.08885100032784976,0.0
pd,23:51:14.337,872,-40.003,-89.999,0.0,-90.239,0.003,-0.02,0.0,0.0,0.0,0.0,0.0,0.0,-40.003,-40.0,0.0,-90.239,0.003,-0.02,-40.003,-81.999,0.0,-90.239,0.003,-0.02,0.0,1635.046876522756,0.0,0.0,0.0,0.0,0.0,8.0,0.0,0.0,0.0,0.0,0.0137698,-0.0068849,-0.0275396,4.7987753,-0.0137698,-1.1773179,0.01231013430998,0.004438583638528,-0.006137728937652,-0.0029491758242370003,-0.000258699633705,0.00258699633705,49.998999999999995,1.699460000054387,0.16058999972301535,0.29795999989801203,0.0
pd,23:51:14.339,873,-40.003,-89.999,0.0,-90.239,0.003,-0.02,0.0,0.0,0.0,0.0,0.0,0.0,-40.003,-40.0,0.0,-90.239,0.003,-0.02,-40.003,-81.999,0.0,-90.239,0.003,-0.02,0.0,1782.9134962805526,0.0,0.0,0.0,0.0,0.0,8.0,0.0,0.0,0.0,0.0,0.0137698,-0.0068849,-0.0275396,4.7987753,-0.0137698,-1.1773179,0.01231013430998,0.004438583638528,-0.006137728937652,-0.0029491758242370003,-0.000258699633705,0.00258699633705,49.998999999999995,1.6877009998097492,0.22457100021711085,0.0811099998827558,0.0
pd,23:51:14.341,874,-40.003,-89.999,0.0,-90.239,0.003,-0.02,0.0,0.0,0.0,0.0,0.0,0.0,-40.003,-40.0,0.0,-90.239,0.003,-0.02,-40.003,-81.999,0.0,-90.239,0.003,-0.02,0.0,1929.968480386518,0.0,0.0,0.0,0.0,0.0,8.0,0.0,0.0,0.0,0.0,0.0137698,-0.0068849,-0.0275396,4.7987753,-0.0137698,-1.1773179,0.01231013430998,0.004438583638528,-0.006137728937652,-0.0029491758242370003,-0.000258699633705,0.00258699633705,49.998999999999995,1.6437200001746533,0.14603499994336744,0.06381399998645065,0.0
pd,23:51:14.343,875,-40.003,-89.999,0.0,-90.239,0.003,-0.02,0.0,0.0,0.0,0.0,0.0,0.0,-40.003,-40.0,0.0,-90.239,0.003,-0.02,-40.003,-81.999,0.0,-90.239,0.003,-0.02,0.0,2084.1262111801243,0.0,0.0,0.0,0.0,0.0,8.0,0.0,0.0,0.0,0.0,0.0137698,-0.0068849,-0.0275396,4.7987753,-0.0137698,-1.1773179,0.01231013430998,0.004438583638528,-0.006137728937652,-0.0029491758242370003,-0.000258699633705,0.00258699633705,49.998999999999995,1.9267719999334076,0.18999700023414334,0.09090599996852688,0.0
pd,23:51:14.345,876,-40.003,-89.999,0.0,-90.239,0.003,-0.02,0.0,0.0,0.0,0.0,0.0,0.0,-40.003,-40.0,0.0,-90.239,0.003,-0.02,-40.003,-81.999,0.0,-90.239,0.003,-0.02,0.0,1746.1715237302249,0.0,0.0,0.0,0.0,0.0,8.0,0.0,0.0,0.0,0.0,0.0137698,-0.0068849,-0.0275396,4.7987753,-0.0137698,-1.1773179,0.01231013430998,0.004438583638528,-0.006137728937652,-0.0029491758242370003,-0.000258699633705,0.00258699633705,49.998999999999995,1.7936069998540916,0.16538699992452166,0.11916499988728901,0.0
pd,23:51:14.347,877,-40.003,-89.999,0.0,-90.239,0.003,-0.02,0.0,0.0,0.0,0.0,0.0,0.0,-40.003,-40.0,0.0,-90.239,0.003,-0.02,-40.003,-81.999,0.0,-90.239,0.003,-0.02,0.0,1858.971301939058,0.0,0.0,0.0,0.0,0.0,8.0,0.0,0.0,0.0,0.0,0.0137698,-0.0068849,-0.0275396,4.7987753,-0.0137698,-1.1773179,0.01231013430998,0.004438583638528,-0.006137728937652,-0.0029491758242370003,-0.000258699633705,0.00258699633705,49.998999999999995,1.7580149997229455,0.1632940002309624,0.0816470001154812,0.0
pd,23:51:14.349,878,-40.003,-89.999,0.0,-90.239,0.003,-0.02,0.0,0.0,0.0,0.0,0.0,0.0,-40.003,-40.0,0.0,-90.239,0.003,-0.02,-40.003,-81.999,0.0,-90.239,0.003,-0.02,0.0,1922.2291475710358,0.0,0.0,0.0,0.0,0.0,8.0,0.0,0.0,0.0,0.0,0.0137698,-0.0068849,-0.0275396,4.7987753,-0.0137698,-1.1773179,0.01231013430998,0.004438583638528,-0.006137728937652,-0.0029491758242370003,-0.000258699633705,0.00258699633705,49.998999999999995,1.6388499998356565,0.14259099998525926,0.05725899973185733,0.0
pd,23:51:14.351,879,-40.003,-89.999,0.0,-90.239,0.003,-0.02,0.0,0.0,0.0,0.0,0.0,0.0,-40.003,-40.0,0.0,-90.239,0.003,-0.02,-40.003,-81.999,0.0,-90.239,0.003,-0.02,0.0,2103.726144200627,0.0,0.0,0.0,0.0,0.0,8.0,0.0,0.0,0.0,0.0,0.0137698,-0.0068849,-0.0275396,4.7987753,-0.0137698,-1.1773179,0.01231013430998,0.004438583638528,-0.006137728937652,-0.0029491758242370003,-0.000258699633705,0.00258699633705,49.998999999999995,1.6671460002726235,0.1453869999750168,0.06372100006046821,0.0
pd,23:51:14.353,880,-40.003,-89.999,0.0,-90.239,0.003,-0.02,0.0,0.0,0.0,0.0,0.0,0.0,-40.003,-40.0,0.0,-90.239,0.003,-0.02,-40.003,-81.999,0.0,-90.239,0.003,-0.02,0.0,2057.5442727495706,0.0,0.0,0.0,0.0,0.0,8.0,0.0,0.0,0.0,0.0,0.0137698,-0.0068849,-0.0275396,4.7987753,-0.0137698,-1.1773179,0.01231013430998,0.004438583638528,-0.006137728937652,-0.0029491758242370003,-0.000258699633705,0.00258699633705,49.998999999999995,1.6257199999927252,0.14166399978421396,0.06214699988049688,0.0
pd,23:51:14.356,881,-40.003,-89.999,0.0,-90.239,0.003,-0.02,0.0,0.0,0.0,0.0,0.0,0.0,-40.003,-40.0,0.0,-90.239,0.003,-0.02,-40.003,-81.999,0.0,-90.239,0.003,-0.02,0.0,1694.1549025547813,0.0,0.0,0.0,0.0,0.0,8.0,0.0,0.0,0.0,0.0,0.0137698,-0.0068849,-0.0275396,4.7987753,-0.0137698,-1.1773179,0.01231013430998,0.004438583638528,-0.006137728937652,-0.0029491758242370003,-0.000258699633705,0.00258699633705,49.998999999999995,2.006123000228399,0.2274419998684607,0.08864700021149474,0.0
pd,23:51:14.358,882,-40.003,-89.999,0.0,-90.239,0.003,-0.02,0.0,0.0,0.0,0.0,0.0,0.0,-40.003,-40.0,0.0,-90.239,0.003,-0.02,-40.003,-81.999,0.0,-90.239,0.003,-0.02,0.0,1655.8641926569285,0.0,0.0,0.0,0.0,0.0,8.0,0.0,0.0,0.0,0.0,0.0137698,-0.0068849,-0.0275396,4.7987753,-0.0137698,-1.1773179,0.01231013430998,0.004438583638528,-0.006137728937652,-0.0029491758242370003,-0.000258699633705,0.00258699633705,49.998999999999995,1.6506649999428191,0.15333100009229383,0.06542499977513216,0.0
pd,23:51:14.360,883,-40.003,-89.999,0.0,-90.239,0.003,-0.02,0.0,0.0,0.0,0.0,0.0,0.0,-40.003,-40.0,0.0,-90.239,0.003,-0.02,-40.003,-81.999,0.0,-90.239,0.003,-0.02,0.0,2065.1422944362384,0.0,0.0,0.0,0.0,0.0,8.0,0.0,0.0,0.0,0.0,0.0137698,-0.0068849,-0.0275396,4.7987753,-0.0137698,-1.1773179,0.01231013430998,0.004438583638528,-0.006137728937652,-0.0029491758242370003,-0.000258699633705,0.00258699633705,49.998999999999995,1.6580530000283034,0.1440729997739254,0.06437000001824345,0.0
pd,23:51:14.362,884,-40.003,-89.999,0.0,-90.239,0.003,-0.02,0.0,0.0,0.0,0.0,0.0,0.0,-40.003,-40.0,0.0,-90.239,0.003,-0.02,-40.003,-81.999,0.0,-90.239,0.003,-0.02,0.0,2026.478560212586,0.0,0.0,0.0,0.0,0.0,8.0,0.0,0.0,0.0,0.0,0.0137698,-0.0068849,-0.0275396,4.7987753,-0.0137698,-1.1773179,0.01231013430998,0.004438583638528,-0.006137728937652,-0.0029491758242370003,-0.000258699633705,0.00258699633705,49.998999999999995,1.6206830000555783,0.13740499980485765,0.06116600025052321,0.0
pd,23:51:14.364,885,-40.003,-89.999,0.0,-90.239,0.003,-0.02,0.0,0.0,0.0,0.0,0.0,0.0,-40.003,-40.0,0.0,-90.239,0.003,-0.02,-40.003,-81.999,0.0,-90.239,0.003,-0.02,0.0,2122.3549652118913,0.0,0.0,0.0,0.0,0.0,8.0,0.0,0.0,0.0,0.0,0.0137698,-0.0068849,-0.0275396,4.7987753,-0.0137698,-1.1773179,0.01231013430998,0.004438583638528,-0.006137728937652,-0.0029491758242370003,-0.000258699633705,0.00258699633705,49.998999999999995,1.6399050000472926,0.13629400018544402,0.06116499980635126,0.0
pd,23:51:14.366,886,-40.003,-89.999,0.0,-90.239,0.003,-0.02,0.0,0.0,0.0,0.0,0.0,0.0,-40.003,-40.0,0.0,-90.239,0.003,-0.02,-40.003,-81.999,0.0,-90.239,0.003,-0.02,0.0,2102.671512720892,0.0,0.0,0.0,0.0,0.0,8.0,0.0,0.0,0.0,0.0,0.0137698,-0.0068849,-0.0275396,4.7987753,-0.0137698,-1.1773179,0.01231013430998,0.004438583638528,-0.006137728937652,-0.0029491758242370003,-0.000258699633705,0.00258699633705,49.998999999999995,1.7572929996276798,0.15566499996566563,0.06827700008216198,0.0
pd,23:51:14.368,887,-40.003,-89.999,0.0,-90.239,0.003,-0.02,0.0,0.0,0.0,0.0,0.0,0.0,-40.003,-40.0,0.0,-90.239,0.003,-0.02,-40.003,-81.999,0.0,-90.239,0.003,-0.02,0.0,1951.292858804373,0.0,0.0,0.0,0.0,0.0,8.0,0.0,0.0,0.0,0.0,0.0137698,-0.0068849,-0.0275396,4.7987753,-0.0137698,-1.1773179,0.01231013430998,0.004438583638528,-0.006137728937652,-0.0029491758242370003,-0.000258699633705,0.00258699633705,49.998999999999995,1.9566240002859558,0.20133099997110548,0.097240000286547,0.0
pd,23:51:14.370,888,-40.003,-89.999,0.0,-90.239,0.003,-0.02,0.0,0.0,0.0,0.0,0.0,0.0,-40.003,-40.0,0.0,-90.239,0.003,-0.02,-40.003,-81.999,0.0,-90.239,0.003,-0.02,0.0,1708.9962310278088,0.0,0.0,0.0,0.0,0.0,8.0,0.0,0.0,0.0,0.0,0.0137698,-0.0068849,-0.0275396,4.7987753,-0.0137698,-1.1773179,0.01231013430998,0.004438583638528,-0.006137728937652,-0.0029491758242370003,-0.000258699633705,0.00258699633705,49.998999999999995,1.641034999920521,0.13659100022778148,0.058648000049288385,0.0
pd,23:51:14.372,889,-40.003,-89.999,0.0,-90.239,0.003,-0.02,0.0,0.0,0.0,0.0,0.0,0.0,-40.003,-40.0,0.0,-90.239,0.003,-0.02,-40.003,-81.999,0.0,-90.239,0.003,-0.02,0.0,2102.671512720892,0.0,0.0,0.0,0.0,0.0,8.0,0.0,0.0,0.0,0.0,0.0137698,-0.0068849,-0.0275396,4.7987753,-0.0137698,-1.1773179,0.01231013430998,0.004438583638528,-0.006137728937652,-0.0029491758242370003,-0.000258699633705,0.00258699633705,49.998999999999995,1.6548319999856176,0.14799800010223407,0.06962899988138815,0.0
pd,23:51:14.374,890,-40.003,-89.999,0.0,-90.239,0.003,-0.02,0.0,0.0,0.0,0.0,0.0,0.0,-40.003,-40.0,0.0,-90.239,0.003,-0.02,-40.003,-81.999,0.0,-90.239,0.003,-0.02,0.0,2059.564939847778,0.0,0.0,0.0,0.0,0.0,8.0,0.0,0.0,0.0,0.0,0.0137698,-0.0068849,-0.0275396,4.7987753,-0.0137698,-1.1773179,0.01231013430998,0.004438583638528,-0.006137728937652,-0.0029491758242370003,-0.000258699633705,0.00258699633705,49.998999999999995,1.7116819999500876,0.14892400031385478,0.060553999901458155,0.0
pd,23:51:14.377,891,-40.003,-89.999,0.0,-90.239,0.003,-0.02,0.0,0.0,0.0,0.0,0.0,0.0,-40.003,-40.0,0.0,-90.239,0.003,-0.02,-40.003,-81.999,0.0,-90.239,0.003,-0.02,0.0,1463.2143729286586,0.0,0.0,0.0,0.0,0.0,8.0,0.0,0.0,0.0,0.0,0.0137698,-0.0068849,-0.0275396,4.7987753,-0.0137698,-1.1773179,0.01231013430998,0.004438583638528,-0.006137728937652,-0.0029491758242370003,-0.000258699633705,0.00258699633705,49.998999999999995,1.86093999991499,0.22160799971970846,0.071036000008462,0.0
pd,23:51:14.379,892,-40.003,-89.999,0.0,-90.239,0.003,-0.02,0.0,0.0,0.0,0.0,0.0,0.0,-40.003,-40.0,0.0,-90.239,0.003,-0.02,-40.003,-81.999,0.0,-90.239,0.003,-0.02,0.0,1781.5881915684402,0.0,0.0,0.0,0.0,0.0,8.0,0.0,0.0,0.0,0.0,0.0137698,-0.0068849,-0.0275396,4.7987753,-0.0137698,-1.1773179,0.01231013430998,0.004438583638528,-0.006137728937652,-0.0029491758242370003,-0.000258699633705,0.00258699633705,49.998999999999995,1.6301840000778611,0.17644299987296108,0.07277699978658347,0.0
pd,23:51:14.381,893,-40.003,-89.999,0.0,-90.239,0.003,-0.02,0.0,0.0,0.0,0.0,0.0,0.0,-40.003,-40.0,0.0,-90.239,0.003,-0.02,-40.003,-81.999,0.0,-90.239,0.003,-0.02,0.0,2049.501099438065,0.0,0.0,0.0,0.0,0.0,8.0,0.0,0.0,0.0,0.0,0.0137698,-0.0068849,-0.0275396,4.7987753,-0.0137698,-1.1773179,0.01231013430998,0.004438583638528,-0.006137728937652,-0.0029491758242370003,-0.000258699633705,0.00258699633705,49.998999999999995,1.6398869997829024,0.14681299990115804,0.061887999891041545,0.0
pd,23:51:14.383,894,-40.003,-89.999,0.0,-90.239,0.003,-0.02,0.0,0.0,0.0,0.0,0.0,0.0,-40.003,-40.0,0.0,-90.239,0.003,-0.02,-40.003,-81.999,0.0,-90.239,0.003,-0.02,0.0,2088.016925948973,0.0,0.0,0.0,0.0,0.0,8.0,0.0,0.0,0.0,0.0,0.0137698,-0.0068849,-0.0275396,4.7987753,-0.0137698,-1.1773179,0.01231013430998,0.004438583638528,-0.006137728937652,-0.0029491758242370003,-0.000258699633705,0.00258699633705,49.998999999999995,1.623461000235693,0.12829500019506668,0.05570299981627613,0.0
pd,23:51:14.385,895,-40.003,-89.999,0.0,-90.239,0.003,-0.02,0.0,0.0,0.0,0.0,0.0,0.0,-40.003,-40.0,0.0,-90.239,0.003,-0.02,-40.003,-81.999,0.0,-90.239,0.003,-0.02,0.0,2141.3166560306317,0.0,0.0,0.0,0.0,0.0,8.0,0.0,0.0,0.0,0.0,0.0137698,-0.0068849,-0.0275396,4.7987753,-0.0137698,-1.1773179,0.01231013430998,0.004438583638528,-0.006137728937652,-0.0029491758242370003,-0.000258699633705,0.00258699633705,49.998999999999995,1.6403500003434601,0.3338849996907811,0.07920300004116143,0.0
pd,23:51:14.387,896,-40.003,-89.999,0.0,-90.239,0.003,-0.02,0.0,0.0,0.0,0.0,0.0,0.0,-40.003,-40.0,0.0,-90.239,0.003,-0.02,-40.003,-81.999,0.0,-90.239,0.003,-0.02,0.0,1880.6429772447036,0.0,0.0,0.0,0.0,0.0,8.0,0.0,0.0,0.0,0.0,0.0137698,-0.0068849,-0.0275396,4.7987753,-0.0137698,-1.1773179,0.01231013430998,0.004438583638528,-0.006137728937652,-0.0029491758242370003,-0.000258699633705,0.00258699633705,49.998999999999995,1.6989780001495092,0.1429980002285447,0.09064699997907155,0.0
pd,23:51:14.389,897,-40.003,-89.999,0.0,-90.239,0.003,-0.02,0.0,0.0,0.0,0.0,0.0,0.0,-40.003,-40.0,0.0,-90.239,0.003,-0.02,-40.003,-81.999,0.0,-90.239,0.003,-0.02,0.0,1998.0011909015125,0.0,0.0,0.0,0.0,0.0,8.0,0.0,0.0,0.0,0.0,0.0137698,-0.0068849,-0.0275396,4.7987753,-0.0137698,-1.1773179,0.01231013430998,0.004438583638528,-0.006137728937652,-0.0029491758242370003,-0.000258699633705,0.00258699633705,49.998999999999995,1.640700999814726,0.14892399985910743,0.06398100003934815,0.0
pd,23:51:14.391,898,-40.003,-89.999,0.0,-90.239,0.003,-0.02,0.0,0.0,0.0,0.0,0.0,0.0,-40.003,-40.0,0.0,-90.239,0.003,-0.02,-40.003,-81.999,0.0,-90.239,0.003,-0.02,0.0,2083.6085444610035,0.0,0.0,0.0,0.0,0.0,8.0,0.0,0.0,0.0,0.0,0.0137698,-0.0068849,-0.0275396,4.7987753,-0.0137698,-1.1773179,0.01231013430998,0.004438583638528,-0.006137728937652,-0.0029491758242370003,-0.000258699633705,0.00258699633705,49.998999999999995,1.6174980000869255,0.13021999984630384,0.059313999827281805,0.0
pd,23:51:14.392,899,-40.003,-89.999,0.0,-90.239,0.003,-0.02,0.0,0.0,0.0,0.0,0.0,0.0,-40.003,-40.0,0.0,-90.239,0.003,-0.02,-40.003,-81.999,0.0,-90.239,0.003,-0.02,0.0,2139.4052537617954,0.0,0.0,0.0,0.0,0.0,8.0,0.0,0.0,0.0,0.0,0.0137698,-0.0068849,-0.0275396,4.7987753,-0.0137698,-1.1773179,0.01231013430998,0.004438583638528,-0.006137728937652,-0.0029491758242370003,-0.000258699633705,0.00258699633705,49.998999999999995,1.9178649999957997,0.19814600000245264,0.09783199993762537,0.0
pd,23:51:14.395,900,-40.003,-89.999,0.0,-90.239,0.003,-0.02,0.0,0.0,0.0,0.0,0.0,0.0,-40.003,-40.0,0.0,-90.239,0.003,-0.02,-40.003,-81.999,0.0,-90.239,0.003,-0.02,0.0,1740.9168828473591,0.0,0.0,0.0,0.0,0.0,8.0,0.0,0.0,0.0,0.0,0.0137698,-0.0068849,-0.0275396,4.7987753,-0.0137698,-1.1773179,0.01231013430998,0.004438583638528,-0.006137728937652,-0.0029491758242370003,-0.000258699633705,0.00258699633705,49.998999999999995,1.897773000109737,0.1722379997772805,0.07777699966027285,0.0
pd,23:51:14.397,901,-40.003,-89.999,0.0,-90.239,0.003,-0.02,0.0,0.0,0.0,0.0,0.0,0.0,-40.003,-40.0,0.0,-90.239,0.003,-0.02,-40.003,-81.999,0.0,-90.239,0.003,-0.02,0.0,1487.3418439716313,0.0,0.0,0.0,0.0,0.0,8.0,0.0,0.0,0.0,0.0,0.0137698,-0.0068849,-0.0275396,4.7987753,-0.0137698,-1.1773179,0.01231013430998,0.004438583638528,-0.006137728937652,-0.0029491758242370003,-0.000258699633705,0.00258699633705,49.998999999999995,1.9774940001298091,0.2283120002175565,0.08742499994696118,0.0
pd,23:51:14.400,902,-40.003,-89.999,0.0,-90.239,0.003,-0.02,0.0,0.0,0.0,0.0,0.0,0.0,-40.003,-40.0,0.0,-90.239,0.003,-0.02,-40.003,-81.999,0.0,-90.239,0.003,-0.02,0.0,1676.3804956035171,0.0,0.0,0.0,0.0,0.0,8.0,0.0,0.0,0.0,0.0,0.0137698,-0.0068849,-0.0275396,4.7987753,-0.0137698,-1.1773179,0.01231013430998,0.004438583638528,-0.006137728937652,-0.0029491758242370003,-0.000258699633705,0.00258699633705,49.998999999999995,1.7236080002476228,0.15647999998691375,0.06942499976503314,0.0
pd,23:51:14.402,903,-40.003,-89.999,0.0,-90.239,0.003,-0.02,0.0,0.0,0.0,0.0,0.0,0.0,-40.003,-40.0,0.0,-90.239,0.003,-0.02,-40.003,-81.999,0.0,-90.239,0.003,-0.02,0.0,1979.8461175359923,0.0,0.0,0.0,0.0,0.0,8.0,0.0,0.0,0.0,0.0,0.0137698,-0.0068849,-0.0275396,4.7987753,-0.0137698,-1.1773179,0.01231013430998,0.004438583638528,-0.006137728937652,-0.0029491758242370003,-0.000258699633705,0.00258699633705,49.998999999999995,1.6349239999726706,0.20516499989753356,0.11318299993945402,0.0
pd,23:51:14.404,904,-40.003,-89.999,0.0,-90.239,0.003,-0.02,0.0,0.0,0.0,0.0,0.0,0.0,-40.003,-40.0,0.0,-90.239,0.003,-0.02,-40.003,-81.999,0.0,-90.239,0.003,-0.02,0.0,1951.973938336242,0.0,0.0,0.0,0.0,0.0,8.0,0.0,0.0,0.0,0.0,0.0137698,-0.0068849,-0.0275396,4.7987753,-0.0137698,-1.1773179,0.01231013430998,0.004438583638528,-0.006137728937652,-0.0029491758242370003,-0.000258699633705,0.00258699633705,49.998999999999995,1.7761260000952461,0.26529300021138624,0.10442399980092887,0.0
pd,23:51:14.406,905,-40.003,-89.999,0.0,-90.239,0.003,-0.02,0.0,0.0,0.0,0.0,0.0,0.0,-40.003,-40.0,0.0,-90.239,0.003,-0.02,-40.003,-81.999,0.0,-90.239,0.003,-0.02,0.0,1787.85336743393,0.0,0.0,0.0,0.0,0.0,8.0,0.0,0.0,0.0,0.0,0.0137698,-0.0068849,-0.0275396,4.7987753,-0.0137698,-1.1773179,0.01231013430998,0.004438583638528,-0.006137728937652,-0.0029491758242370003,-0.000258699633705,0.00258699633705,49.998999999999995,1.8408840001029603,0.19227499979024287,0.09085100009542657,0.0
pd,23:51:14.408,906,-40.003,-89.999,0.0,-90.239,0.003,-0.02,0.0,0.0,0.0,0.0,0.0,0.0,-40.003,-40.0,0.0,-90.239,0.003,-0.02,-40.003,-81.999,0.0,-90.239,0.003,-0.02,0.0,1813.1650275586296,0.0,0.0,0.0,0.0,0.0,8.0,0.0,0.0,0.0,0.0,0.0137698,-0.0068849,-0.0275396,4.7987753,-0.0137698,-1.1773179,0.01231013430998,0.004438583638528,-0.006137728937652,-0.0029491758242370003,-0.000258699633705,0.00258699633705,49.998999999999995,1.728774000184785,0.16448000042146305,0.07377700012511923,0.0
pd,23:51:14.410,907,-40.003,-89.999,0.0,-90.239,0.003,-0.02,0.0,0.0,0.0,0.0,0.0,0.0,-40.003,-40.0,0.0,-90.239,0.003,-0.02,-40.003,-81.999,0.0,-90.239,0.003,-0.02,0.0,1958.81097489784,0.0,0.0,0.0,0.0,0.0,8.0,0.0,0.0,0.0,0.0,0.0137698,-0.0068849,-0.0275396,4.7987753,-0.0137698,-1.1773179,0.01231013430998,0.004438583638528,-0.006137728937652,-0.0029491758242370003,-0.000258699633705,0.00258699633705,49.998999999999995,1.6299789999720815,0.12885000023743487,0.056165999922086485,0.0
pd,23:51:14.412,908,-40.003,-89.999,0.0,-90.239,0.003,-0.02,0.0,0.0,0.0,0.0,0.0,0.0,-40.003,-40.0,0.0,-90.239,0.003,-0.02,-40.003,-81.999,0.0,-90.239,0.003,-0.02,0.0,2129.0883248730966,0.0,0.0,0.0,0.0,0.0,8.0,0.0,0.0,0.0,0.0,0.0137698,-0.0068849,-0.0275396,4.7987753,-0.0137698,-1.1773179,0.01231013430998,0.004438583638528,-0.006137728937652,-0.0029491758242370003,-0.000258699633705,0.00258699633705,49.998999999999995,1.6629239999019774,0.14796100003877655,0.07905499978733133,0.0
pd,23:51:14.414,909,-40.003,-89.999,0.0,-90.239,0.003,-0.02,0.0,0.0,0.0,0.0,0.0,0.0,-40.003,-40.0,0.0,-90.239,0.003,-0.02,-40.003,-81.999,0.0,-90.239,0.003,-0.02,0.0,2040.2792168308404,0.0,0.0,0.0,0.0,0.0,8.0,0.0,0.0,0.0,0.0,0.0137698,-0.0068849,-0.0275396,4.7987753,-0.0137698,-1.1773179,0.01231013430998,0.004438583638528,-0.006137728937652,-0.0029491758242370003,-0.000258699633705,0.00258699633705,49.998999999999995,1.6342019998774049,0.15820199996596784,0.07299999970200588,0.0
pd,23:51:14.416,910,-40.003,-89.999,0.0,-90.239,0.003,-0.02,0.0,0.0,0.0,0.0,0.0,0.0,-40.003,-40.0,0.0,-90.239,0.003,-0.02,-40.003,-81.999,0.0,-90.239,0.003,-0.02,0.0,1855.4762220747623,0.0,0.0,0.0,0.0,0.0,8.0,0.0,0.0,0.0,0.0,0.0137698,-0.0068849,-0.0275396,4.7987753,-0.0137698,-1.1773179,0.01231013430998,0.004438583638528,-0.006137728937652,-0.0029491758242370003,-0.000258699633705,0.00258699633705,49.998999999999995,2.1855290001440153,0.2469040000505629,0.384605999897758,0.0
pd,23:51:14.420,911,-40.003,-89.999,0.0,-90.239,0.003,-0.02,0.0,0.0,0.0,0.0,0.0,0.0,-40.003,-40.0,0.0,-90.239,0.003,-0.02,-40.003,-81.999,0.0,-90.239,0.003,-0.02,0.0,1155.1374277058662,0.0,0.0,0.0,0.0,0.0,8.0,0.0,0.0,0.0,0.0,0.0137698,-0.0068849,-0.0275396,4.7987753,-0.0137698,-1.1773179,0.01231013430998,0.004438583638528,-0.006137728937652,-0.0029491758242370003,-0.000258699633705,0.00258699633705,49.998999999999995,2.2554530000888917,0.2427940003144613,0.11133199996038456,0.0
pd,23:51:14.423,912,-40.003,-89.999,0.0,-90.239,0.003,-0.02,0.0,0.0,0.0,0.0,0.0,0.0,-40.003,-40.0,0.0,-90.239,0.003,-0.02,-40.003,-81.999,0.0,-90.239,0.003,-0.02,0.0,1474.0130029871727,0.0,0.0,0.0,0.0,0.0,8.0,0.0,0.0,0.0,0.0,0.0137698,-0.0068849,-0.0275396,4.7987753,-0.0137698,-1.1773179,0.01231013430998,0.004438583638528,-0.006137728937652,-0.0029491758242370003,-0.000258699633705,0.00258699633705,49.998999999999995,1.6719420000299579,0.24492300008205348,0.13281300016387831,0.0
pd,23:51:14.425,913,-40.003,-89.999,0.0,-90.239,0.003,-0.02,0.0,0.0,0.0,0.0,0.0,0.0,-40.003,-40.0,0.0,-90.239,0.003,-0.02,-40.003,-81.999,0.0,-90.239,0.003,-0.02,0.0,1876.4361928195951,0.0,0.0,0.0,0.0,0.0,8.0,0.0,0.0,0.0,0.0,0.0137698,-0.0068849,-0.0275396,4.7987753,-0.0137698,-1.1773179,0.01231013430998,0.004438583638528,-0.006137728937652,-0.0029491758242370003,-0.000258699633705,0.00258699633705,49.998999999999995,1.6587940003773838,0.16673899972374784,0.07127700018827454,0.0
pd,23:51:14.427,914,-40.003,-89.999,0.0,-90.239,0.003,-0.02,0.0,0.0,0.0,0.0,0.0,0.0,-40.003,-40.0,0.0,-90.239,0.003,-0.02,-40.003,-81.999,0.0,-90.239,0.003,-0.02,0.0,2031.8779217633523,0.0,0.0,0.0,0.0,0.0,8.0,0.0,0.0,0.0,0.0,0.0137698,-0.0068849,-0.0275396,4.7987753,-0.0137698,-1.1773179,0.01231013430998,0.004438583638528,-0.006137728937652,-0.0029491758242370003,-0.000258699633705,0.00258699633705,49.998999999999995,1.8551070002104098,0.1925349997691228,0.0760729999456089,0.0
pd,23:51:14.429,915,-40.003,-89.999,0.0,-90.239,0.003,-0.02,0.0,0.0,0.0,0.0,0.0,0.0,-40.003,-40.0,0.0,-90.239,0.003,-0.02,-40.003,-81.999,0.0,-90.239,0.003,-0.02,0.0,1821.8282115321967,0.0,0.0,0.0,0.0,0.0,8.0,0.0,0.0,0.0,0.0,0.0137698,-0.0068849,-0.0275396,4.7987753,-0.0137698,-1.1773179,0.01231013430998,0.004438583638528,-0.006137728937652,-0.0029491758242370003,-0.000258699633705,0.00258699633705,49.998999999999995,1.6984979997687333,0.14822000002823188,0.06201799988048151,0.0
pd,23:51:14.431,916,-40.003,-89.999,0.0,-90.239,0.003,-0.02,0.0,0.0,0.0,0.0,0.0,0.0,-40.003,-40.0,0.0,-90.239,0.003,-0.02,-40.003,-81.999,0.0,-90.239,0.003,-0.02,0.0,2023.7896260554885,0.0,0.0,0.0,0.0,0.0,8.0,0.0,0.0,0.0,0.0,0.0137698,-0.0068849,-0.0275396,4.7987753,-0.0137698,-1.1773179,0.01231013430998,0.004438583638528,-0.006137728937652,-0.0029491758242370003,-0.000258699633705,0.00258699633705,49.998999999999995,1.6593129998909717,0.17307200005234336,0.06620299973292276,0.0
pd,23:51:14.433,917,-40.003,-89.999,0.0,-90.239,0.003,-0.02,0.0,0.0,0.0,0.0,0.0,0.0,-40.003,-40.0,0.0,-90.239,0.003,-0.02,-40.003,-81.999,0.0,-90.239,0.003,-0.02,0.0,2033.3554720639922,0.0,0.0,0.0,0.0,0.0,8.0,0.0,0.0,0.0,0.0,0.0137698,-0.0068849,-0.0275396,4.7987753,-0.0137698,-1.1773179,0.01231013430998,0.004438583638528,-0.006137728937652,-0.0029491758242370003,-0.000258699633705,0.00258699633705,49.998999999999995,1.6202390002035827,0.14271999998527463,0.06585099981748499,0.0
pd,23:51:14.435,918,-40.003,-89.999,0.0,-90.239,0.003,-0.02,0.0,0.0,0.0,0.0,0.0,0.0,-40.003,-40.0,0.0,-90.239,0.003,-0.02,-40.003,-81.999,0.0,-90.239,0.003,-0.02,0.0,2106.631843294827,0.0,0.0,0.0,0.0,0.0,8.0,0.0,0.0,0.0,0.0,0.0137698,-0.0068849,-0.0275396,4.7987753,-0.0137698,-1.1773179,0.01231013430998,0.004438583638528,-0.006137728937652,-0.0029491758242370003,-0.000258699633705,0.00258699633705,49.998999999999995,1.61403500032975,0.12738699979308876,0.05601799966825638,0.0
pd,23:51:14.437,919,-40.003,-89.999,0.0,-90.239,0.003,-0.02,0.0,0.0,0.0,0.0,0.0,0.0,-40.003,-40.0,0.0,-90.239,0.003,-0.02,-40.003,-81.999,0.0,-90.239,0.003,-0.02,0.0,2150.0981673715237,0.0,0.0,0.0,0.0,0.0,8.0,0.0,0.0,0.0,0.0,0.0137698,-0.0068849,-0.0275396,4.7987753,-0.0137698,-1.1773179,0.01231013430998,0.004438583638528,-0.006137728937652,-0.0029491758242370003,-0.000258699633705,0.00258699633705,49.998999999999995,1.7927550002241333,0.16320099985023262,0.07083199989210698,0.0
pd,23:51:14.439,920,-40.003,-89.999,0.0,-90.239,0.003,-0.02,0.0,0.0,0.0,0.0,0.0,0.0,-40.003,-40.0,0.0,-90.239,0.003,-0.02,-40.003,-81.999,0.0,-90.239,0.003,-0.02,0.0,1906.7184907375838,0.0,0.0,0.0,0.0,0.0,8.0,0.0,0.0,0.0,0.0,0.0137698,-0.0068849,-0.0275396,4.7987753,-0.0137698,-1.1773179,0.01231013430998,0.004438583638528,-0.006137728937652,-0.0029491758242370003,-0.000258699633705,0.00258699633705,49.998999999999995,1.6413499997725012,0.14958999963710085,0.07177699990279507,0.0
pd,23:51:14.441,921,-40.003,-89.999,0.0,-90.239,0.003,-0.02,0.0,0.0,0.0,0.0,0.0,0.0,-40.003,-40.0,0.0,-90.239,0.003,-0.02,-40.003,-81.999,0.0,-90.239,0.003,-0.02,0.0,1625.5417110745084,0.0,0.0,0.0,0.0,0.0,8.0,0.0,0.0,0.0,0.0,0.0137698,-0.0068849,-0.0275396,4.7987753,-0.0137698,-1.1773179,0.01231013430998,0.004438583638528,-0.006137728937652,-0.0029491758242370003,-0.000258699633705,0.00258699633705,49.998999999999995,1.807089000067208,0.22197899988896097,0.07453599982909509,0.0
pd,23:51:14.443,922,-40.003,-89.999,0.0,-90.239,0.003,-0.02,0.0,0.0,0.0,0.0,0.0,0.0,-40.003,-40.0,0.0,-90.239,0.003,-0.02,-40.003,-81.999,0.0,-90.239,0.003,-0.02,0.0,1822.6198804997284,0.0,0.0,0.0,0.0,0.0,8.0,0.0,0.0,0.0,0.0,0.0137698,-0.0068849,-0.0275396,4.7987753,-0.0137698,-1.1773179,0.01231013430998,0.004438583638528,-0.006137728937652,-0.0029491758242370003,-0.000258699633705,0.00258699633705,49.998999999999995,1.970326999980898,0.21281200042722048,0.10918399993897765,0.0
pd,23:51:14.446,923,-40.003,-89.999,0.0,-90.239,0.003,-0.02,0.0,0.0,0.0,0.0,0.0,0.0,-40.003,-40.0,0.0,-90.239,0.003,-0.02,-40.003,-81.999,0.0,-90.239,0.003,-0.02,0.0,1677.7216,0.0,0.0,0.0,0.0,0.0,8.0,0.0,0.0,0.0,0.0,0.0137698,-0.0068849,-0.0275396,4.7987753,-0.0137698,-1.1773179,0.01231013430998,0.004438583638528,-0.006137728937652,-0.0029491758242370003,-0.000258699633705,0.00258699633705,49.998999999999995,1.9122909998259274,0.27368199971533613,0.14381300024979282,0.0
pd,23:51:14.448,924,-40.003,-89.999,0.0,-90.239,0.003,-0.02,0.0,0.0,0.0,0.0,0.0,0.0,-40.003,-40.0,0.0,-90.239,0.003,-0.02,-40.003,-81.999,0.0,-90.239,0.003,-0.02,0.0,1626.1719492100417,0.0,0.0,0.0,0.0,0.0,8.0,0.0,0.0,0.0,0.0,0.0137698,-0.0068849,-0.0275396,4.7987753,-0.0137698,-1.1773179,0.01231013430998,0.004438583638528,-0.006137728937652,-0.0029491758242370003,-0.000258699633705,0.00258699633705,49.998999999999995,2.481599000020651,0.23553499977424508,0.11499799984449055,0.0
pd,23:51:14.451,925,-40.003,-89.999,0.0,-90.239,0.003,-0.02,0.0,0.0,0.0,0.0,0.0,0.0,-40.003,-40.0,0.0,-90.239,0.003,-0.02,-40.003,-81.999,0.0,-90.239,0.003,-0.02,0.0,1368.4515497553018,0.0,0.0,0.0,0.0,0.0,8.0,0.0,0.0,0.0,0.0,0.0137698,-0.0068849,-0.0275396,4.7987753,-0.0137698,-1.1773179,0.01231013430998,0.004438583638528,-0.006137728937652,-0.0029491758242370003,-0.000258699633705,0.00258699633705,49.998999999999995,1.7231269998774223,0.15909100011413102,0.07283200011443114,0.0
pd,23:51:14.453,926,-40.003,-89.999,0.0,-90.239,0.003,-0.02,0.0,0.0,0.0,0.0,0.0,0.0,-40.003,-40.0,0.0,-90.239,0.003,-0.02,-40.003,-81.999,0.0,-90.239,0.003,-0.02,0.0,1972.3978368210676,0.0,0.0,0.0,0.0,0.0,8.0,0.0,0.0,0.0,0.0,0.0137698,-0.0068849,-0.0275396,4.7987753,-0.0137698,-1.1773179,0.01231013430998,0.004438583638528,-0.006137728937652,-0.0029491758242370003,-0.000258699633705,0.00258699633705,49.998999999999995,1.66870100019878,0.177590000021155,0.08214699983000173,0.0
pd,23:51:14.455,927,-40.003,-89.999,0.0,-90.239,0.003,-0.02,0.0,0.0,0.0,0.0,0.0,0.0,-40.003,-40.0,0.0,-90.239,0.003,-0.02,-40.003,-81.999,0.0,-90.239,0.003,-0.02,0.0,1992.3068519178246,0.0,0.0,0.0,0.0,0.0,8.0,0.0,0.0,0.0,0.0,0.0137698,-0.0068849,-0.0275396,4.7987753,-0.0137698,-1.1773179,0.01231013430998,0.004438583638528,-0.006137728937652,-0.0029491758242370003,-0.000258699633705,0.00258699633705,49.998999999999995,1.6962200002126337,0.15597899982822128,0.2295899998898676,0.0
pd,23:51:14.457,928,-40.003,-89.999,0.0,-90.239,0.003,-0.02,0.0,0.0,0.0,0.0,0.0,0.0,-40.003,-40.0,0.0,-90.239,0.003,-0.02,-40.003,-81.999,0.0,-90.239,0.003,-0.02,0.0,1847.304118035675,0.0,0.0,0.0,0.0,0.0,8.0,0.0,0.0,0.0,0.0,0.0137698,-0.0068849,-0.0275396,4.7987753,-0.0137698,-1.1773179,0.01231013430998,0.004438583638528,-0.006137728937652,-0.0029491758242370003,-0.000258699633705,0.00258699633705,49.998999999999995,1.997215999836044,0.2613860001474677,0.1731649999783258,0.0
pd,23:51:14.460,929,-40.003,-89.999,0.0,-90.239,0.003,-0.02,0.0,0.0,0.0,0.0,0.0,0.0,-40.003,-40.0,0.0,-90.239,0.003,-0.02,-40.003,-81.999,0.0,-90.239,0.003,-0.02,0.0,1566.3538418448325,0.0,0.0,0.0,0.0,0.0,8.0,0.0,0.0,0.0,0.0,0.0137698,-0.0068849,-0.0275396,4.7987753,-0.0137698,-1.1773179,0.01231013430998,0.004438583638528,-0.006137728937652,-0.0029491758242370003,-0.000258699633705,0.00258699633705,49.998999999999995,1.7943110001397145,0.18823800019163173,0.07294399983948097,0.0
pd,23:51:14.462,930,-40.003,-89.999,0.0,-90.239,0.003,-0.02,0.0,0.0,0.0,0.0,0.0,0.0,-40.003,-40.0,0.0,-90.239,0.003,-0.02,-40.003,-81.999,0.0,-90.239,0.003,-0.02,0.0,1877.9064248936647,0.0,0.0,0.0,0.0,0.0,8.0,0.0,0.0,0.0,0.0,0.0137698,-0.0068849,-0.0275396,4.7987753,-0.0137698,-1.1773179,0.01231013430998,0.004438583638528,-0.006137728937652,-0.0029491758242370003,-0.000258699633705,0.00258699633705,49.998999999999995,1.6784979998192284,0.14466400034507387,0.062183999943954404,0.0
pd,23:51:14.464,931,-40.003,-89.999,0.0,-90.239,0.003,-0.02,0.0,0.0,0.0,0.0,0.0,0.0,-40.003,-40.0,0.0,-90.239,0.003,-0.02,-40.003,-81.999,0.0,-90.239,0.003,-0.02,0.0,1637.760249902382,0.0,0.0,0.0,0.0,0.0,8.0,0.0,0.0,0.0,0.0,0.0137698,-0.0068849,-0.0275396,4.7987753,-0.0137698,-1.1773179,0.01231013430998,0.004438583638528,-0.006137728937652,-0.0029491758242370003,-0.000258699633705,0.00258699633705,49.998999999999995,1.9566059995668184,0.22407199958252022,0.07903599998826394,0.0
pd,23:51:14.467,932,-40.003,-89.999,0.0,-90.239,0.003,-0.02,0.0,0.0,0.0,0.0,0.0,0.0,-40.003,-40.0,0.0,-90.239,0.003,-0.02,-40.003,-81.999,0.0,-90.239,0.003,-0.02,0.0,1699.8192502532927,0.0,0.0,0.0,0.0,0.0,8.0,0.0,0.0,0.0,0.0,0.0137698,-0.0068849,-0.0275396,4.7987753,-0.0137698,-1.1773179,0.01231013430998,0.004438583638528,-0.006137728937652,-0.0029491758242370003,-0.000258699633705,0.00258699633705,49.998999999999995,1.9114019996777643,0.18579400011731195,0.08314700016853749,0.0
pd,23:51:14.469,933,-40.003,-89.999,0.0,-90.239,0.003,-0.02,0.0,0.0,0.0,0.0,0.0,0.0,-40.003,-40.0,0.0,-90.239,0.003,-0.02,-40.003,-81.999,0.0,-90.239,0.003,-0.02,0.0,1770.869326578003,0.0,0.0,0.0,0.0,0.0,8.0,0.0,0.0,0.0,0.0,0.0137698,-0.0068849,-0.0275396,4.7987753,-0.0137698,-1.1773179,0.01231013430998,0.004438583638528,-0.006137728937652,-0.0029491758242370003,-0.000258699633705,0.00258699633705,49.998999999999995,1.969976000054885,0.19807200033028494,0.09568399991621845,0.0
pd,23:51:14.471,934,-40.003,-89.999,0.0,-90.239,0.003,-0.02,0.0,0.0,0.0,0.0,0.0,0.0,-40.003,-40.0,0.0,-90.239,0.003,-0.02,-40.003,-81.999,0.0,-90.239,0.003,-0.02,0.0,1704.3088175538398,0.0,0.0,0.0,0.0,0.0,8.0,0.0,0.0,0.0,0.0,0.0137698,-0.0068849,-0.0275396,4.7987753,-0.0137698,-1.1773179,0.01231013430998,0.004438583638528,-0.006137728937652,-0.0029491758242370003,-0.000258699633705,0.00258699633705,49.998999999999995,1.7029419996106299,0.15586900008202065,0.06972100027269335,0.0
pd,23:51:14.473,935,-40.003,-89.999,0.0,-90.239,0.003,-0.02,0.0,0.0,0.0,0.0,0.0,0.0,-40.003,-40.0,0.0,-90.239,0.003,-0.02,-40.003,-81.999,0.0,-90.239,0.003,-0.02,0.0,2002.2933524286907,0.0,0.0,0.0,0.0,0.0,8.0,0.0,0.0,0.0,0.0,0.0137698,-0.0068849,-0.0275396,4.7987753,-0.0137698,-1.1773179,0.01231013430998,0.004438583638528,-0.006137728937652,-0.0029491758242370003,-0.000258699633705,0.00258699633705,49.998999999999995,1.7240520000996185,0.18057199986287742,0.08466500003123656,0.0
pd,23:51:14.475,936,-40.003,-89.999,0.0,-90.239,0.003,-0.02,0.0,0.0,0.0,0.0,0.0,0.0,-40.003,-40.0,0.0,-90.239,0.003,-0.02,-40.003,-81.999,0.0,-90.239,0.003,-0.02,0.0,1933.527255964043,0.0,0.0,0.0,0.0,0.0,8.0,0.0,0.0,0.0,0.0,0.0137698,-0.0068849,-0.0275396,4.7987753,-0.0137698,-1.1773179,0.01231013430998,0.004438583638528,-0.006137728937652,-0.0029491758242370003,-0.000258699633705,0.00258699633705,49.998999999999995,1.7683109999779845,0.31625500014342833,0.0892579996616405,0.0
pd,23:51:14.478,937,-40.003,-89.999,0.0,-90.239,0.003,-0.02,0.0,0.0,0.0,0.0,0.0,0.0,-40.003,-40.0,0.0,-90.239,0.003,-0.02,-40.003,-81.999,0.0,-90.239,0.003,-0.02,0.0,1777.0592098294671,0.0,0.0,0.0,0.0,0.0,8.0,0.0,0.0,0.0,0.0,0.0137698,-0.0068849,-0.0275396,4.7987753,-0.0137698,-1.1773179,0.01231013430998,0.004438583638528,-0.006137728937652,-0.0029491758242370003,-0.000258699633705,0.00258699633705,49.998999999999995,2.1027699999649485,0.26214499985144357,0.13148000016371952,0.0
pd,23:51:14.480,938,-40.003,-89.999,0.0,-90.239,0.003,-0.02,0.0,0.0,0.0,0.0,0.0,0.0,-40.003,-40.0,0.0,-90.239,0.003,-0.02,-40.003,-81.999,0.0,-90.239,0.003,-0.02,0.0,1529.233069000091,0.0,0.0,0.0,0.0,0.0,8.0,0.0,0.0,0.0,0.0,0.0137698,-0.0068849,-0.0275396,4.7987753,-0.0137698,-1.1773179,0.01231013430998,0.004438583638528,-0.006137728937652,-0.0029491758242370003,-0.000258699633705,0.00258699633705,49.998999999999995,1.838883999880636,0.246071000219672,0.12196099987704656,0.0
pd,23:51:14.483,939,-40.003,-89.999,0.0,-90.239,0.003,-0.02,0.0,0.0,0.0,0.0,0.0,0.0,-40.003,-40.0,0.0,-90.239,0.003,-0.02,-40.003,-81.999,0.0,-90.239,0.003,-0.02,0.0,1731.7522708505367,0.0,0.0,0.0,0.0,0.0,8.0,0.0,0.0,0.0,0.0,0.0137698,-0.0068849,-0.0275396,4.7987753,-0.0137698,-1.1773179,0.01231013430998,0.004438583638528,-0.006137728937652,-0.0029491758242370003,-0.000258699633705,0.00258699633705,49.998999999999995,2.0916409998790186,0.22733099967808812,0.10474000009708107,0.0
pd,23:51:14.485,940,-40.003,-89.999,0.0,-90.239,0.003,-0.02,0.0,0.0,0.0,0.0,0.0,0.0,-40.003,-40.0,0.0,-90.239,0.003,-0.02,-40.003,-81.999,0.0,-90.239,0.003,-0.02,0.0,1589.5041212695405,0.0,0.0,0.0,0.0,0.0,8.0,0.0,0.0,0.0,0.0,0.0137698,-0.0068849,-0.0275396,4.7987753,-0.0137698,-1.1773179,0.01231013430998,0.004438583638528,-0.006137728937652,-0.0029491758242370003,-0.000258699633705,0.00258699633705,49.998999999999995,1.6988120000860363,0.13821999982610578,0.061424999785231194,0.0
pd,23:51:14.488,941,-40.003,-89.999,0.0,-90.239,0.003,-0.02,0.0,0.0,0.0,0.0,0.0,0.0,-40.003,-40.0,0.0,-90.239,0.003,-0.02,-40.003,-81.999,0.0,-90.239,0.003,-0.02,0.0,1489.719055229977,0.0,0.0,0.0,0.0,0.0,8.0,0.0,0.0,0.0,0.0,0.0137698,-0.0068849,-0.0275396,4.7987753,-0.0137698,-1.1773179,0.01231013430998,0.004438583638528,-0.006137728937652,-0.0029491758242370003,-0.000258699633705,0.00258699633705,49.998999999999995,1.8922720000773552,0.23129400005927891,0.08214699983000173,0.0
pd,23:51:14.490,942,-40.003,-89.999,0.0,-90.239,0.003,-0.02,0.0,0.0,0.0,0.0,0.0,0.0,-40.003,-40.0,0.0,-90.239,0.003,-0.02,-40.003,-81.999,0.0,-90.239,0.003,-0.02,0.0,1738.9320066334992,0.0,0.0,0.0,0.0,0.0,8.0,0.0,0.0,0.0,0.0,0.0137698,-0.0068849,-0.0275396,4.7987753,-0.0137698,-1.1773179,0.01231013430998,0.004438583638528,-0.006137728937652,-0.0029491758242370003,-0.000258699633705,0.00258699633705,49.998999999999995,1.6789050000625139,0.13488700005837018,0.05574000033448101,0.0
pd,23:51:14.492,943,-40.003,-89.999,0.0,-90.239,0.003,-0.02,0.0,0.0,0.0,0.0,0.0,0.0,-40.003,-40.0,0.0,-90.239,0.003,-0.02,-40.003,-81.999,0.0,-90.239,0.003,-0.02,0.0,2067.4326555760936,0.0,0.0,0.0,0.0,0.0,8.0,0.0,0.0,0.0,0.0,0.0137698,-0.0068849,-0.0275396,4.7987753,-0.0137698,-1.1773179,0.01231013430998,0.004438583638528,-0.006137728937652,-0.0029491758242370003,-0.000258699633705,0.00258699633705,49.998999999999995,1.6893490001166356,0.14890600004946464,0.06399899984899093,0.0
pd,23:51:14.494,944,-40.003,-89.999,0.0,-90.239,0.003,-0.02,0.0,0.0,0.0,0.0,0.0,0.0,-40.003,-40.0,0.0,-90.239,0.003,-0.02,-40.003,-81.999,0.0,-90.239,0.003,-0.02,0.0,2008.5257991140907,0.0,0.0,0.0,0.0,0.0,8.0,0.0,0.0,0.0,0.0,0.0137698,-0.0068849,-0.0275396,4.7987753,-0.0137698,-1.1773179,0.01231013430998,0.004438583638528,-0.006137728937652,-0.0029491758242370003,-0.000258699633705,0.00258699633705,49.998999999999995,1.9266990002506645,0.18823900018105633,0.08975799983090837,0.0
pd,23:51:14.496,945,-40.003,-89.999,0.0,-90.239,0.003,-0.02,0.0,0.0,0.0,0.0,0.0,0.0,-40.003,-40.0,0.0,-90.239,0.003,-0.02,-40.003,-81.999,0.0,-90.239,0.003,-0.02,0.0,1750.9096222083072,0.0,0.0,0.0,0.0,0.0,8.0,0.0,0.0,0.0,0.0,0.0137698,-0.0068849,-0.0275396,4.7987753,-0.0137698,-1.1773179,0.01231013430998,0.004438583638528,-0.006137728937652,-0.0029491758242370003,-0.000258699633705,0.00258699633705,49.998999999999995,1.8776060001073347,0.17131300000983174,0.08055400030571036,0.0
pd,23:51:14.499,946,-40.003,-89.999,0.0,-90.239,0.003,-0.02,0.0,0.0,0.0,0.0,0.0,0.0,-40.003,-40.0,0.0,-90.239,0.003,-0.02,-40.003,-81.999,0.0,-90.239,0.003,-0.02,0.0,1815.3230902402076,0.0,0.0,0.0,0.0,0.0,8.0,0.0,0.0,0.0,0.0,0.0137698,-0.0068849,-0.0275396,4.7987753,-0.0137698,-1.1773179,0.01231013430998,0.004438583638528,-0.006137728937652,-0.0029491758242370003,-0.000258699633705,0.00258699633705,49.998999999999995,1.8008850001933752,0.18851599998015445,0.13951599976280704,0.0
pd,23:51:14.501,947,-40.003,-89.999,0.0,-90.239,0.003,-0.02,0.0,0.0,0.0,0.0,0.0,0.0,-40.003,-40.0,0.0,-90.239,0.003,-0.02,-40.003,-81.999,0.0,-90.239,0.003,-0.02,0.0,1808.2793705539987,0.0,0.0,0.0,0.0,0.0,8.0,0.0,0.0,0.0,0.0,0.0137698,-0.0068849,-0.0275396,4.7987753,-0.0137698,-1.1773179,0.01231013430998,0.004438583638528,-0.006137728937652,-0.0029491758242370003,-0.000258699633705,0.00258699633705,49.998999999999995,1.7034599995895405,0.14853499988021213,0.06470300013461383,0.0
pd,23:51:14.503,948,-40.003,-89.999,0.0,-90.239,0.003,-0.02,0.0,0.0,0.0,0.0,0.0,0.0,-40.003,-40.0,0.0,-90.239,0.003,-0.02,-40.003,-81.999,0.0,-90.239,0.003,-0.02,0.0,2016.0076904590242,0.0,0.0,0.0,0.0,0.0,8.0,0.0,0.0,0.0,0.0,0.0137698,-0.0068849,-0.0275396,4.7987753,-0.0137698,-1.1773179,0.01231013430998,0.004438583638528,-0.006137728937652,-0.0029491758242370003,-0.000258699633705,0.00258699633705,49.998999999999995,1.6666650003571704,0.13288700029079337,0.08898100031728973,0.0
pd,23:51:14.505,949,-40.003,-89.999,0.0,-90.239,0.003,-0.02,0.0,0.0,0.0,0.0,0.0,0.0,-40.003,-40.0,0.0,-90.239,0.003,-0.02,-40.003,-81.999,0.0,-90.239,0.003,-0.02,0.0,2046.7507624740758,0.0,0.0,0.0,0.0,0.0,8.0,0.0,0.0,0.0,0.0,0.0137698,-0.0068849,-0.0275396,4.7987753,-0.0137698,-1.1773179,0.01231013430998,0.004438583638528,-0.006137728937652,-0.0029491758242370003,-0.000258699633705,0.00258699633705,49.998999999999995,1.7437380001865677,0.14405399997485802,0.06355400000757072,0.0
pd,23:51:14.507,950,-40.003,-89.999,0.0,-90.239,0.003,-0.02,0.0,0.0,0.0,0.0,0.0,0.0,-40.003,-40.0,0.0,-90.239,0.003,-0.02,-40.003,-81.999,0.0,-90.239,0.003,-0.02,0.0,1983.1224586288415,0.0,0.0,0.0,0.0,0.0,8.0,0.0,0.0,0.0,0.0,0.0137698,-0.0068849,-0.0275396,4.7987753,-0.0137698,-1.1773179,0.01231013430998,0.004438583638528,-0.006137728937652,-0.0029491758242370003,-0.000258699633705,0.00258699633705,49.998999999999995,1.8146070001421322,0.2193119998992188,0.07535099985034321,0.0
pd,23:51:14.509,951,-40.003,-89.999,0.0,-90.239,0.003,-0.02,0.0,0.0,0.0,0.0,0.0,0.0,-40.003,-40.0,0.0,-90.239,0.003,-0.02,-40.003,-81.999,0.0,-90.239,0.003,-0.02,0.0,1482.8721937422663,0.0,0.0,0.0,0.0,0.0,8.0,0.0,0.0,0.0,0.0,0.0137698,-0.0068849,-0.0275396,4.7987753,-0.0137698,-1.1773179,0.01231013430998,0.004438583638528,-0.006137728937652,-0.0029491758242370003,-0.000258699633705,0.00258699633705,49.998999999999995,2.0638629998757096,0.22253399993132916,0.0824250000732718,0.0
pd,23:51:14.512,952,-40.003,-89.999,0.0,-90.239,0.003,-0.02,0.0,0.0,0.0,0.0,0.0,0.0,-40.003,-40.0,0.0,-90.239,0.003,-0.02,-40.003,-81.999,0.0,-90.239,0.003,-0.02,0.0,1624.2826991964373,0.0,0.0,0.0,0.0,0.0,8.0,0.0,0.0,0.0,0.0,0.0137698,-0.0068849,-0.0275396,4.7987753,-0.0137698,-1.1773179,0.01231013430998,0.004438583638528,-0.006137728937652,-0.0029491758242370003,-0.000258699633705,0.00258699633705,49.998999999999995,1.7260340000575525,0.14948000034564757,0.06762900011381134,0.0
pd,23:51:14.514,953,-40.003,-89.999,0.0,-90.239,0.003,-0.02,0.0,0.0,0.0,0.0,0.0,0.0,-40.003,-40.0,0.0,-90.239,0.003,-0.02,-40.003,-81.999,0.0,-90.239,0.003,-0.02,0.0,1985.469349112426,0.0,0.0,0.0,0.0,0.0,8.0,0.0,0.0,0.0,0.0,0.0137698,-0.0068849,-0.0275396,4.7987753,-0.0137698,-1.1773179,0.01231013430998,0.004438583638528,-0.006137728937652,-0.0029491758242370003,-0.000258699633705,0.00258699633705,49.998999999999995,1.673534000019572,0.14725799974257825,0.06803599990234943,0.0
pd,23:51:14.516,954,-40.003,-89.999,0.0,-90.239,0.003,-0.02,0.0,0.0,0.0,0.0,0.0,0.0,-40.003,-40.0,0.0,-90.239,0.003,-0.02,-40.003,-81.999,0.0,-90.239,0.003,-0.02,0.0,2043.01217730151,0.0,0.0,0.0,0.0,0.0,8.0,0.0,0.0,0.0,0.0,0.0137698,-0.0068849,-0.0275396,4.7987753,-0.0137698,-1.1773179,0.01231013430998,0.004438583638528,-0.006137728937652,-0.0029491758242370003,-0.000258699633705,0.00258699633705,49.998999999999995,1.7035350001606275,0.2992919999087462,0.08348099981958512,0.0
pd,23:51:14.518,955,-40.003,-89.999,0.0,-90.239,0.003,-0.02,0.0,0.0,0.0,0.0,0.0,0.0,-40.003,-40.0,0.0,-90.239,0.003,-0.02,-40.003,-81.999,0.0,-90.239,0.003,-0.02,0.0,1849.136559021272,0.0,0.0,0.0,0.0,0.0,8.0,0.0,0.0,0.0,0.0,0.0137698,-0.0068849,-0.0275396,4.7987753,-0.0137698,-1.1773179,0.01231013430998,0.004438583638528,-0.006137728937652,-0.0029491758242370003,-0.000258699633705,0.00258699633705,49.998999999999995,1.696126999831904,0.15364699993369868,0.06574000008185976,0.0
pd,23:51:14.520,956,-40.003,-89.999,0.0,-90.239,0.003,-0.02,0.0,0.0,0.0,0.0,0.0,0.0,-40.003,-40.0,0.0,-90.239,0.003,-0.02,-40.003,-81.999,0.0,-90.239,0.003,-0.02,0.0,2017.4622414622415,0.0,0.0,0.0,0.0,0.0,8.0,0.0,0.0,0.0,0.0,0.0137698,-0.0068849,-0.0275396,4.7987753,-0.0137698,-1.1773179,0.01231013430998,0.004438583638528,-0.006137728937652,-0.0029491758242370003,-0.000258699633705,0.00258699633705,49.998999999999995,2.0145670000601967,0.19527599988578004,0.0957580000431335,0.0
pd,23:51:14.522,957,-40.003,-89.999,0.0,-90.239,0.003,-0.02,0.0,0.0,0.0,0.0,0.0,0.0,-40.003,-40.0,0.0,-90.239,0.003,-0.02,-40.003,-81.999,0.0,-90.239,0.003,-0.02,0.0,1675.2087868197702,0.0,0.0,0.0,0.0,0.0,8.0,0.0,0.0,0.0,0.0,0.0137698,-0.0068849,-0.0275396,4.7987753,-0.0137698,-1.1773179,0.01231013430998,0.004438583638528,-0.006137728937652,-0.0029491758242370003,-0.000258699633705,0.00258699633705,49.998999999999995,1.6478499996992468,0.14320200034489972,0.06068499988032272,0.0
pd,23:51:14.524,958,-40.003,-89.999,0.0,-90.239,0.003,-0.02,0.0,0.0,0.0,0.0,0.0,0.0,-40.003,-40.0,0.0,-90.239,0.003,-0.02,-40.003,-81.999,0.0,-90.239,0.003,-0.02,0.0,2084.3851410113057,0.0,0.0,0.0,0.0,0.0,8.0,0.0,0.0,0.0,0.0,0.0137698,-0.0068849,-0.0275396,4.7987753,-0.0137698,-1.1773179,0.01231013430998,0.004438583638528,-0.006137728937652,-0.0029491758242370003,-0.000258699633705,0.00258699633705,49.998999999999995,2.062307999949553,0.20414599975993042,0.10110999983226066,0.0
pd,23:51:14.527,959,-40.003,-89.999,0.0,-90.239,0.003,-0.02,0.0,0.0,0.0,0.0,0.0,0.0,-40.003,-40.0,0.0,-90.239,0.003,-0.02,-40.003,-81.999,0.0,-90.239,0.003,-0.02,0.0,1630.1220365332297,0.0,0.0,0.0,0.0,0.0,8.0,0.0,0.0,0.0,0.0,0.0137698,-0.0068849,-0.0275396,4.7987753,-0.0137698,-1.1773179,0.01231013430998,0.004438583638528,-0.006137728937652,-0.0029491758242370003,-0.000258699633705,0.00258699633705,49.998999999999995,1.9765679999181884,0.17390499988323427,0.08168400017893873,0.0
pd,23:51:14.529,960,-40.003,-89.999,0.0,-90.239,0.003,-0.02,0.0,0.0,0.0,0.0,0.0,0.0,-40.003,-40.0,0.0,-90.239,0.003,-0.02,-40.003,-81.999,0.0,-90.239,0.003,-0.02,0.0,1729.2533498247783,0.0,0.0,0.0,0.0,0.0,8.0,0.0,0.0,0.0,0.0,0.0137698,-0.0068849,-0.0275396,4.7987753,-0.0137698,-1.1773179,0.01231013430998,0.004438583638528,-0.006137728937652,-0.0029491758242370003,-0.000258699633705,0.00258699633705,49.998999999999995,1.7360159999952884,0.17458999991504243,0.08020199993552524,0.0
pd,23:51:14.532,961,-40.003,-89.999,0.0,-90.239,0.003,-0.02,0.0,0.0,0.0,0.0,0.0,0.0,-40.003,-40.0,0.0,-90.239,0.003,-0.02,-40.003,-81.999,0.0,-90.239,0.003,-0.02,0.0,1561.6881690403054,0.0,0.0,0.0,0.0,0.0,8.0,0.0,0.0,0.0,0.0,0.0137698,-0.0068849,-0.0275396,4.7987753,-0.0137698,-1.1773179,0.01231013430998,0.004438583638528,-0.006137728937652,-0.0029491758242370003,-0.000258699633705,0.00258699633705,49.998999999999995,1.9550120000531024,0.2226269998573116,0.07999900026334217,0.0
pd,23:51:14.534,962,-40.003,-89.999,0.0,-90.239,0.003,-0.02,0.0,0.0,0.0,0.0,0.0,0.0,-40.003,-40.0,0.0,-90.239,0.003,-0.02,-40.003,-81.999,0.0,-90.239,0.003,-0.02,0.0,1701.025651424516,0.0,0.0,0.0,0.0,0.0,8.0,0.0,0.0,0.0,0.0,0.0137698,-0.0068849,-0.0275396,4.7987753,-0.0137698,-1.1773179,0.01231013430998,0.004438583638528,-0.006137728937652,-0.0029491758242370003,-0.000258699633705,0.00258699633705,49.998999999999995,1.6463689999000053,0.15272000018740073,0.06572100028279237,0.0
pd,23:51:14.536,963,-40.003,-89.999,0.0,-90.239,0.003,-0.02,0.0,0.0,0.0,0.0,0.0,0.0,-40.003,-40.0,0.0,-90.239,0.003,-0.02,-40.003,-81.999,0.0,-90.239,0.003,-0.02,0.0,2067.4326555760936,0.0,0.0,0.0,0.0,0.0,8.0,0.0,0.0,0.0,0.0,0.0137698,-0.0068849,-0.0275396,4.7987753,-0.0137698,-1.1773179,0.01231013430998,0.004438583638528,-0.006137728937652,-0.0029491758242370003,-0.000258699633705,0.00258699633705,49.998999999999995,1.6607759998805705,0.1381830002173956,0.0607960000706953,0.0
pd,23:51:14.538,964,-40.003,-89.999,0.0,-90.239,0.003,-0.02,0.0,0.0,0.0,0.0,0.0,0.0,-40.003,-40.0,0.0,-90.239,0.003,-0.02,-40.003,-81.999,0.0,-90.239,0.003,-0.02,0.0,1880.6429772447036,0.0,0.0,0.0,0.0,0.0,8.0,0.0,0.0,0.0,0.0,0.0137698,-0.0068849,-0.0275396,4.7987753,-0.0137698,-1.1773179,0.01231013430998,0.004438583638528,-0.006137728937652,-0.0029491758242370003,-0.000258699633705,0.00258699633705,49.998999999999995,1.6714050002519798,0.17423799999960465,0.06683300034637796,0.0
pd,23:51:14.540,965,-40.003,-89.999,0.0,-90.239,0.003,-0.02,0.0,0.0,0.0,0.0,0.0,0.0,-40.003,-40.0,0.0,-90.239,0.003,-0.02,-40.003,-81.999,0.0,-90.239,0.003,-0.02,0.0,2011.1742987293214,0.0,0.0,0.0,0.0,0.0,8.0,0.0,0.0,0.0,0.0,0.0137698,-0.0068849,-0.0275396,4.7987753,-0.0137698,-1.1773179,0.01231013430998,0.004438583638528,-0.006137728937652,-0.0029491758242370003,-0.000258699633705,0.00258699633705,49.998999999999995,1.6569790000176,0.15001600013420102,0.06609199999729753,0.0
pd,23:51:14.542,966,-40.003,-89.999,0.0,-90.239,0.003,-0.02,0.0,0.0,0.0,0.0,0.0,0.0,-40.003,-40.0,0.0,-90.239,0.003,-0.02,-40.003,-81.999,0.0,-90.239,0.003,-0.02,0.0,2060.0707269155205,0.0,0.0,0.0,0.0,0.0,8.0,0.0,0.0,0.0,0.0,0.0137698,-0.0068849,-0.0275396,4.7987753,-0.0137698,-1.1773179,0.01231013430998,0.004438583638528,-0.006137728937652,-0.0029491758242370003,-0.000258699633705,0.00258699633705,49.998999999999995,1.613016999726824,0.13210900033300277,0.0575359999857028,0.0
pd,23:51:14.544,967,-40.003,-89.999,0.0,-90.239,0.003,-0.02,0.0,0.0,0.0,0.0,0.0,0.0,-40.003,-40.0,0.0,-90.239,0.003,-0.02,-40.003,-81.999,0.0,-90.239,0.003,-0.02,0.0,2143.7791975466394,0.0,0.0,0.0,0.0,0.0,8.0,0.0,0.0,0.0,0.0,0.0137698,-0.0068849,-0.0275396,4.7987753,-0.0137698,-1.1773179,0.01231013430998,0.004438583638528,-0.006137728937652,-0.0029491758242370003,-0.000258699633705,0.00258699633705,49.998999999999995,1.6387579998990986,0.40803199999572826,0.09547999979986344,0.0
pd,23:51:14.546,968,-40.003,-89.999,0.0,-90.239,0.003,-0.02,0.0,0.0,0.0,0.0,0.0,0.0,-40.003,-40.0,0.0,-90.239,0.003,-0.02,-40.003,-81.999,0.0,-90.239,0.003,-0.02,0.0,1800.1304721030042,0.0,0.0,0.0,0.0,0.0,8.0,0.0,0.0,0.0,0.0,0.0137698,-0.0068849,-0.0275396,4.7987753,-0.0137698,-1.1773179,0.01231013430998,0.004438583638528,-0.006137728937652,-0.0029491758242370003,-0.000258699633705,0.00258699633705,49.998999999999995,1.7060710001715051,0.1540719999866269,0.08272100012618466,0.0
pd,23:51:14.548,969,-40.003,-89.999,0.0,-90.239,0.003,-0.02,0.0,0.0,0.0,0.0,0.0,0.0,-40.003,-40.0,0.0,-90.239,0.003,-0.02,-40.003,-81.999,0.0,-90.239,0.003,-0.02,0.0,1844.4608619173264,0.0,0.0,0.0,0.0,0.0,8.0,0.0,0.0,0.0,0.0,0.0137698,-0.0068849,-0.0275396,4.7987753,-0.0137698,-1.1773179,0.01231013430998,0.004438583638528,-0.006137728937652,-0.0029491758242370003,-0.000258699633705,0.00258699633705,49.998999999999995,5.111490999752277,0.24662600026204018,0.1320719998147979,0.0
pd,23:51:14.554,970,-40.003,-89.999,0.0,-90.239,0.003,-0.02,0.0,0.0,0.0,0.0,0.0,0.0,-40.003,-40.0,0.0,-90.239,0.003,-0.02,-40.003,-81.999,0.0,-90.239,0.003,-0.02,0.0,715.9653480134853,0.0,0.0,0.0,0.0,0.0,8.0,0.0,0.0,0.0,0.0,0.0137698,-0.0068849,-0.0275396,4.7987753,-0.0137698,-1.1773179,0.01231013430998,0.004438583638528,-0.006137728937652,-0.0029491758242370003,-0.000258699633705,0.00258699633705,49.998999999999995,1.675590000104421,0.15814600010344293,0.062276999869936844,0.0
pd,23:51:14.556,971,-40.003,-89.999,0.0,-90.239,0.003,-0.02,0.0,0.0,0.0,0.0,0.0,0.0,-40.003,-40.0,0.0,-90.239,0.003,-0.02,-40.003,-81.999,0.0,-90.239,0.003,-0.02,0.0,1621.14368538023,0.0,0.0,0.0,0.0,0.0,8.0,0.0,0.0,0.0,0.0,0.0137698,-0.0068849,-0.0275396,4.7987753,-0.0137698,-1.1773179,0.01231013430998,0.004438583638528,-0.006137728937652,-0.0029491758242370003,-0.000258699633705,0.00258699633705,49.998999999999995,2.019196999754058,0.23321999969994067,0.09009099994727876,0.0
pd,23:51:14.559,972,-40.003,-89.999,0.0,-90.239,0.003,-0.02,0.0,0.0,0.0,0.0,0.0,0.0,-40.003,-40.0,0.0,-90.239,0.003,-0.02,-40.003,-81.999,0.0,-90.239,0.003,-0.02,0.0,1638.8801406662108,0.0,0.0,0.0,0.0,0.0,8.0,0.0,0.0,0.0,0.0,0.0137698,-0.0068849,-0.0275396,4.7987753,-0.0137698,-1.1773179,0.01231013430998,0.004438583638528,-0.006137728937652,-0.0029491758242370003,-0.000258699633705,0.00258699633705,49.998999999999995,1.6676830000506015,0.15412699985972722,0.10470200004419894,0.0
pd,23:51:14.561,973,-40.003,-89.999,0.0,-90.239,0.003,-0.02,0.0,0.0,0.0,0.0,0.0,0.0,-40.003,-40.0,0.0,-90.239,0.003,-0.02,-40.003,-81.999,0.0,-90.239,0.003,-0.02,0.0,2002.054415274463,0.0,0.0,0.0,0.0,0.0,8.0,0.0,0.0,0.0,0.0,0.0137698,-0.0068849,-0.0275396,4.7987753,-0.0137698,-1.1773179,0.01231013430998,0.004438583638528,-0.006137728937652,-0.0029491758242370003,-0.000258699633705,0.00258699633705,49.998999999999995,1.633034999940719,0.18723800030784332,0.06233300018720911,0.0
pd,23:51:14.563,974,-40.003,-89.999,0.0,-90.239,0.003,-0.02,0.0,0.0,0.0,0.0,0.0,0.0,-40.003,-40.0,0.0,-90.239,0.003,-0.02,-40.003,-81.999,0.0,-90.239,0.003,-0.02,0.0,2029.9111917725347,0.0,0.0,0.0,0.0,0.0,8.0,0.0,0.0,0.0,0.0,0.0137698,-0.0068849,-0.0275396,4.7987753,-0.0137698,-1.1773179,0.01231013430998,0.004438583638528,-0.006137728937652,-0.0029491758242370003,-0.000258699633705,0.00258699633705,49.998999999999995,1.6219610001826368,0.13572100033343304,0.05836999980601831,0.0
pd,23:51:14.565,975,-40.003,-89.999,0.0,-90.239,0.003,-0.02,0.0,0.0,0.0,0.0,0.0,0.0,-40.003,-40.0,0.0,-90.239,0.003,-0.02,-40.003,-81.999,0.0,-90.239,0.003,-0.02,0.0,2126.659399163392,0.0,0.0,0.0,0.0,0.0,8.0,0.0,0.0,0.0,0.0,0.0137698,-0.0068849,-0.0275396,4.7987753,-0.0137698,-1.1773179,0.01231013430998,0.004438583638528,-0.006137728937652,-0.0029491758242370003,-0.000258699633705,0.00258699633705,49.998999999999995,1.639701000385685,0.1392579997627763,0.060165999911987456,0.0
pd,23:51:14.566,976,-40.003,-89.999,0.0,-90.239,0.003,-0.02,0.0,0.0,0.0,0.0,0.0,0.0,-40.003,-40.0,0.0,-90.239,0.003,-0.02,-40.003,-81.999,0.0,-90.239,0.003,-0.02,0.0,2103.726144200627,0.0,0.0,0.0,0.0,0.0,8.0,0.0,0.0,0.0,0.0,0.0137698,-0.0068849,-0.0275396,4.7987753,-0.0137698,-1.1773179,0.01231013430998,0.004438583638528,-0.006137728937652,-0.0029491758242370003,-0.000258699633705,0.00258699633705,49.998999999999995,1.6021840001485543,0.29240399999252986,0.07772099979774794,0.0
pd,23:51:14.569,977,-40.003,-89.999,0.0,-90.239,0.003,-0.02,0.0,0.0,0.0,0.0,0.0,0.0,-40.003,-40.0,0.0,-90.239,0.003,-0.02,-40.003,-81.999,0.0,-90.239,0.003,-0.02,0.0,1957.4397386535993,0.0,0.0,0.0,0.0,0.0,8.0,0.0,0.0,0.0,0.0,0.0137698,-0.0068849,-0.0275396,4.7987753,-0.0137698,-1.1773179,0.01231013430998,0.004438583638528,-0.006137728937652,-0.0029491758242370003,-0.000258699633705,0.00258699633705,49.998999999999995,1.714275000267662,0.15749799968034495,0.06922100010342547,0.0
pd,23:51:14.571,978,-40.003,-89.999,0.0,-90.239,0.003,-0.02,0.0,0.0,0.0,0.0,0.0,0.0,-40.003,-40.0,0.0,-90.239,0.003,-0.02,-40.003,-81.999,0.0,-90.239,0.003,-0.02,0.0,1990.6521120075938,0.0,0.0,0.0,0.0,0.0,8.0,0.0,0.0,0.0,0.0,0.0137698,-0.0068849,-0.0275396,4.7987753,-0.0137698,-1.1773179,0.01231013430998,0.004438583638528,-0.006137728937652,-0.0029491758242370003,-0.000258699633705,0.00258699633705,49.998999999999995,1.925346999996691,0.24027500012380187,0.09151699987341999,0.0
pd,23:51:14.573,979,-40.003,-89.999,0.0,-90.239,0.003,-0.02,0.0,0.0,0.0,0.0,0.0,0.0,-40.003,-40.0,0.0,-90.239,0.003,-0.02,-40.003,-81.999,0.0,-90.239,0.003,-0.02,0.0,1709.5186468310576,0.0,0.0,0.0,0.0,0.0,8.0,0.0,0.0,0.0,0.0,0.0137698,-0.0068849,-0.0275396,4.7987753,-0.0137698,-1.1773179,0.01231013430998,0.004438583638528,-0.006137728937652,-0.0029491758242370003,-0.000258699633705,0.00258699633705,49.998999999999995,1.649239000016678,0.15286899997590808,0.07616600032633869,0.0
pd,23:51:14.575,980,-40.003,-89.999,0.0,-90.239,0.003,-0.02,0.0,0.0,0.0,0.0,0.0,0.0,-40.003,-40.0,0.0,-90.239,0.003,-0.02,-40.003,-81.999,0.0,-90.239,0.003,-0.02,0.0,2050.001955034213,0.0,0.0,0.0,0.0,0.0,8.0,0.0,0.0,0.0,0.0,0.0137698,-0.0068849,-0.0275396,4.7987753,-0.0137698,-1.1773179,0.01231013430998,0.004438583638528,-0.006137728937652,-0.0029491758242370003,-0.000258699633705,0.00258699633705,49.998999999999995,1.7335150000690192,0.221848999899521,0.08342499995706021,0.0
pd,23:51:14.578,981,-40.003,-89.999,0.0,-90.239,0.003,-0.02,0.0,0.0,0.0,0.0,0.0,0.0,-40.003,-40.0,0.0,-90.239,0.003,-0.02,-40.003,-81.999,0.0,-90.239,0.003,-0.02,0.0,1417.3537213821069,0.0,0.0,0.0,0.0,0.0,8.0,0.0,0.0,0.0,0.0,0.0137698,-0.0068849,-0.0275396,4.7987753,-0.0137698,-1.1773179,0.01231013430998,0.004438583638528,-0.006137728937652,-0.0029491758242370003,-0.000258699633705,0.00258699633705,49.998999999999995,2.0560109996949905,0.23233100000652485,0.09003600007417845,0.0
pd,23:51:14.580,982,-40.003,-89.999,0.0,-90.239,0.003,-0.02,0.0,0.0,0.0,0.0,0.0,0.0,-40.003,-40.0,0.0,-90.239,0.003,-0.02,-40.003,-81.999,0.0,-90.239,0.003,-0.02,0.0,1615.5239287433799,0.0,0.0,0.0,0.0,0.0,8.0,0.0,0.0,0.0,0.0,0.0137698,-0.0068849,-0.0275396,4.7987753,-0.0137698,-1.1773179,0.01231013430998,0.004438583638528,-0.006137728937652,-0.0029491758242370003,-0.000258699633705,0.00258699633705,49.998999999999995,1.752255999690533,0.19603500004450325,0.06938800015632296,0.0
pd,23:51:14.582,983,-40.003,-89.999,0.0,-90.239,0.003,-0.02,0.0,0.0,0.0,0.0,0.0,0.0,-40.003,-40.0,0.0,-90.239,0.003,-0.02,-40.003,-81.999,0.0,-90.239,0.003,-0.02,0.0,1914.333181195801,0.0,0.0,0.0,0.0,0.0,8.0,0.0,0.0,0.0,0.0,0.0137698,-0.0068849,-0.0275396,4.7987753,-0.0137698,-1.1773179,0.01231013430998,0.004438583638528,-0.006137728937652,-0.0029491758242370003,-0.000258699633705,0.00258699633705,49.998999999999995,1.621999000235519,0.133997999910207,0.06070300014471286,0.0
pd,23:51:14.584,984,-40.003,-89.999,0.0,-90.239,0.003,-0.02,0.0,0.0,0.0,0.0,0.0,0.0,-40.003,-40.0,0.0,-90.239,0.003,-0.02,-40.003,-81.999,0.0,-90.239,0.003,-0.02,0.0,2124.774062816616,0.0,0.0,0.0,0.0,0.0,8.0,0.0,0.0,0.0,0.0,0.0137698,-0.0068849,-0.0275396,4.7987753,-0.0137698,-1.1773179,0.01231013430998,0.004438583638528,-0.006137728937652,-0.0029491758242370003,-0.000258699633705,0.00258699633705,49.998999999999995,1.6539059997739969,0.13605399999505607,0.06138800017652102,0.0
pd,23:51:14.586,985,-40.003,-89.999,0.0,-90.239,0.003,-0.02,0.0,0.0,0.0,0.0,0.0,0.0,-40.003,-40.0,0.0,-90.239,0.003,-0.02,-40.003,-81.999,0.0,-90.239,0.003,-0.02,0.0,2086.9779823361114,0.0,0.0,0.0,0.0,0.0,8.0,0.0,0.0,0.0,0.0,0.0137698,-0.0068849,-0.0275396,4.7987753,-0.0137698,-1.1773179,0.01231013430998,0.004438583638528,-0.006137728937652,-0.0029491758242370003,-0.000258699633705,0.00258699633705,49.998999999999995,1.6220170000451617,0.12357199966572807,0.056258999848068925,0.0
pd,23:51:14.588,986,-40.003,-89.999,0.0,-90.239,0.003,-0.02,0.0,0.0,0.0,0.0,0.0,0.0,-40.003,-40.0,0.0,-90.239,0.003,-0.02,-40.003,-81.999,0.0,-90.239,0.003,-0.02,0.0,2147.0714102892243,0.0,0.0,0.0,0.0,0.0,8.0,0.0,0.0,0.0,0.0,0.0137698,-0.0068849,-0.0275396,4.7987753,-0.0137698,-1.1773179,0.01231013430998,0.004438583638528,-0.006137728937652,-0.0029491758242370003,-0.000258699633705,0.00258699633705,49.998999999999995,1.7870700003186357,0.1719240003694722,0.07775800031595281,0.0
pd,23:51:14.590,987,-40.003,-89.999,0.0,-90.239,0.003,-0.02,0.0,0.0,0.0,0.0,0.0,0.0,-40.003,-40.0,0.0,-90.239,0.003,-0.02,-40.003,-81.999,0.0,-90.239,0.003,-0.02,0.0,1893.3772711883535,0.0,0.0,0.0,0.0,0.0,8.0,0.0,0.0,0.0,0.0,0.0137698,-0.0068849,-0.0275396,4.7987753,-0.0137698,-1.1773179,0.01231013430998,0.004438583638528,-0.006137728937652,-0.0029491758242370003,-0.000258699633705,0.00258699633705,49.998999999999995,1.6522199998689757,0.18212700024378137,0.06222199999683653,0.0
pd,23:51:14.592,988,-40.003,-89.999,0.0,-90.239,0.003,-0.02,0.0,0.0,0.0,0.0,0.0,0.0,-40.003,-40.0,0.0,-90.239,0.003,-0.02,-40.003,-81.999,0.0,-90.239,0.003,-0.02,0.0,2037.058766391452,0.0,0.0,0.0,0.0,0.0,8.0,0.0,0.0,0.0,0.0,0.0137698,-0.0068849,-0.0275396,4.7987753,-0.0137698,-1.1773179,0.01231013430998,0.004438583638528,-0.006137728937652,-0.0029491758242370003,-0.000258699633705,0.00258699633705,49.998999999999995,1.6396280002481944,0.12929500007885508,0.057684999774210155,0.0
pd,23:51:14.594,989,-40.003,-89.999,0.0,-90.239,0.003,-0.02,0.0,0.0,0.0,0.0,0.0,0.0,-40.003,-40.0,0.0,-90.239,0.003,-0.02,-40.003,-81.999,0.0,-90.239,0.003,-0.02,0.0,2116.7317688619733,0.0,0.0,0.0,0.0,0.0,8.0,0.0,0.0,0.0,0.0,0.0137698,-0.0068849,-0.0275396,4.7987753,-0.0137698,-1.1773179,0.01231013430998,0.004438583638528,-0.006137728937652,-0.0029491758242370003,-0.000258699633705,0.00258699633705,49.998999999999995,1.6260540000985202,0.13872099998479825,0.06270299991228967,0.0
pd,23:51:14.596,990,-40.003,-89.999,0.0,-90.239,0.003,-0.02,0.0,0.0,0.0,0.0,0.0,0.0,-40.003,-40.0,0.0,-90.239,0.003,-0.02,-40.003,-81.999,0.0,-90.239,0.003,-0.02,0.0,2112.9994962216624,0.0,0.0,0.0,0.0,0.0,8.0,0.0,0.0,0.0,0.0,0.0137698,-0.0068849,-0.0275396,4.7987753,-0.0137698,-1.1773179,0.01231013430998,0.004438583638528,-0.006137728937652,-0.0029491758242370003,-0.000258699633705,0.00258699633705,49.998999999999995,1.9237910000811098,0.18714599991653813,0.08825899976727669,0.0
pd,23:51:14.599,991,-40.003,-89.999,0.0,-90.239,0.003,-0.02,0.0,0.0,0.0,0.0,0.0,0.0,-40.003,-40.0,0.0,-90.239,0.003,-0.02,-40.003,-81.999,0.0,-90.239,0.003,-0.02,0.0,1331.736466105731,0.0,0.0,0.0,0.0,0.0,8.0,0.0,0.0,0.0,0.0,0.0137698,-0.0068849,-0.0275396,4.7987753,-0.0137698,-1.1773179,0.01231013430998,0.004438583638528,-0.006137728937652,-0.0029491758242370003,-0.000258699633705,0.00258699633705,49.998999999999995,1.8113480000465643,0.29631099960170104,0.08557299997846712,0.0
pd,23:51:14.601,992,-40.003,-89.999,0.0,-90.239,0.003,-0.02,0.0,0.0,0.0,0.0,0.0,0.0,-40.003,-40.0,0.0,-90.239,0.003,-0.02,-40.003,-81.999,0.0,-90.239,0.003,-0.02,0.0,1745.444860590928,0.0,0.0,0.0,0.0,0.0,8.0,0.0,0.0,0.0,0.0,0.0137698,-0.0068849,-0.0275396,4.7987753,-0.0137698,-1.1773179,0.01231013430998,0.004438583638528,-0.006137728937652,-0.0029491758242370003,-0.000258699633705,0.00258699633705,49.998999999999995,1.7587370002729585,0.18110900009560282,0.08355399995707558,0.0
pd,23:51:14.603,993,-40.003,-89.999,0.0,-90.239,0.003,-0.02,0.0,0.0,0.0,0.0,0.0,0.0,-40.003,-40.0,0.0,-90.239,0.003,-0.02,-40.003,-81.999,0.0,-90.239,0.003,-0.02,0.0,1903.2576290414067,0.0,0.0,0.0,0.0,0.0,8.0,0.0,0.0,0.0,0.0,0.0137698,-0.0068849,-0.0275396,4.7987753,-0.0137698,-1.1773179,0.01231013430998,0.004438583638528,-0.006137728937652,-0.0029491758242370003,-0.000258699633705,0.00258699633705,49.998999999999995,1.6653309999128396,0.15040499965834897,0.06662900023002294,0.0
pd,23:51:14.605,994,-40.003,-89.999,0.0,-90.239,0.003,-0.02,0.0,0.0,0.0,0.0,0.0,0.0,-40.003,-40.0,0.0,-90.239,0.003,-0.02,-40.003,-81.999,0.0,-90.239,0.003,-0.02,0.0,2048.500122100122,0.0,0.0,0.0,0.0,0.0,8.0,0.0,0.0,0.0,0.0,0.0137698,-0.0068849,-0.0275396,4.7987753,-0.0137698,-1.1773179,0.01231013430998,0.004438583638528,-0.006137728937652,-0.0029491758242370003,-0.000258699633705,0.00258699633705,49.998999999999995,1.6169799996532674,0.12907200016343268,0.05481400012286031,0.0
pd,23:51:14.607,995,-40.003,-89.999,0.0,-90.239,0.003,-0.02,0.0,0.0,0.0,0.0,0.0,0.0,-40.003,-40.0,0.0,-90.239,0.003,-0.02,-40.003,-81.999,0.0,-90.239,0.003,-0.02,0.0,2147.621095750128,0.0,0.0,0.0,0.0,0.0,8.0,0.0,0.0,0.0,0.0,0.0137698,-0.0068849,-0.0275396,4.7987753,-0.0137698,-1.1773179,0.01231013430998,0.004438583638528,-0.006137728937652,-0.0029491758242370003,-0.000258699633705,0.00258699633705,49.998999999999995,1.607313000022259,0.320200000260229,0.0804059995971329,0.0
pd,23:51:14.609,996,-40.003,-89.999,0.0,-90.239,0.003,-0.02,0.0,0.0,0.0,0.0,0.0,0.0,-40.003,-40.0,0.0,-90.239,0.003,-0.02,-40.003,-81.999,0.0,-90.239,0.003,-0.02,0.0,1922.2291475710358,0.0,0.0,0.0,0.0,0.0,8.0,0.0,0.0,0.0,0.0,0.0137698,-0.0068849,-0.0275396,4.7987753,-0.0137698,-1.1773179,0.01231013430998,0.004438583638528,-0.006137728937652,-0.0029491758242370003,-0.000258699633705,0.00258699633705,49.998999999999995,1.698683000086021,0.15396099979625433,0.06535099964821711,0.0
pd,23:51:14.611,997,-40.003,-89.999,0.0,-90.239,0.003,-0.02,0.0,0.0,0.0,0.0,0.0,0.0,-40.003,-40.0,0.0,-90.239,0.003,-0.02,-40.003,-81.999,0.0,-90.239,0.003,-0.02,0.0,2013.1048716102712,0.0,0.0,0.0,0.0,0.0,8.0,0.0,0.0,0.0,0.0,0.0137698,-0.0068849,-0.0275396,4.7987753,-0.0137698,-1.1773179,0.01231013430998,0.004438583638528,-0.006137728937652,-0.0029491758242370003,-0.000258699633705,0.00258699633705,49.998999999999995,1.6528309997738688,0.13642399972013664,0.059425000017654384,0.0
pd,23:51:14.613,998,-40.003,-89.999,0.0,-90.239,0.003,-0.02,0.0,0.0,0.0,0.0,0.0,0.0,-40.003,-40.0,0.0,-90.239,0.003,-0.02,-40.003,-81.999,0.0,-90.239,0.003,-0.02,0.0,2089.577282351476,0.0,0.0,0.0,0.0,0.0,8.0,0.0,0.0,0.0,0.0,0.0137698,-0.0068849,-0.0275396,4.7987753,-0.0137698,-1.1773179,0.01231013430998,0.004438583638528,-0.006137728937652,-0.0029491758242370003,-0.000258699633705,0.00258699633705,49.998999999999995,1.6164610001396795,0.1413870004398632,0.06409199977497337,0.0
pd,23:51:14.615,999,-40.003,-89.999,0.0,-90.239,0.003,-0.02,0.0,0.0,0.0,0.0,0.0,0.0,-40.003,-40.0,0.0,-90.239,0.003,-0.02,-40.003,-81.999,0.0,-90.239,0.003,-0.02,0.0,2120.745291366452,0.0,0.0,0.0,0.0,0.0,8.0,0.0,0.0,0.0,0.0,0.0137698,-0.0068849,-0.0275396,4.7987753,-0.0137698,-1.1773179,0.01231013430998,0.004438583638528,-0.006137728937652,-0.0029491758242370003,-0.000258699633705,0.00258699633705,49.998999999999995,1.6105539998534368,0.13001699971937342,0.0867019998622709,0.0
pd,23:51:14.617,1000,-40.003,-89.999,0.0,-90.239,0.003,-0.02,0.0,0.0,0.0,0.0,0.0,0.0,-40.003,-40.0,0.0,-90.239,0.003,-0.02,-40.003,-81.999,0.0,-90.239,0.003,-0.02,0.0,2113.2656505857162,0.0,0.0,0.0,0.0,0.0,8.0,0.0,0.0,0.0,0.0,0.0137698,-0.0068849,-0.0275396,4.7987753,-0.0137698,-1.1773179,0.01231013430998,0.004438583638528,-0.006137728937652,-0.0029491758242370003,-0.000258699633705,0.00258699633705,49.998999999999995,1.6176459998860082,0.13181299982534256,0.05601800012300373,0.0
pd,23:51:14.619,1001,-40.003,-89.999,0.0,-90.239,0.003,-0.02,0.0,0.0,0.0,0.0,0.0,0.0,-40.003,-40.0,0.0,-90.239,0.003,-0.02,-40.003,-81.999,0.0,-90.239,0.003,-0.02,0.0,1536.0937557223951,0.0,0.0,0.0,0.0,0.0,8.0,0.0,0.0,0.0,0.0,0.0137698,-0.0068849,-0.0275396,4.7987753,-0.0137698,-1.1773179,0.01231013430998,0.004438583638528,-0.006137728937652,-0.0029491758242370003,-0.000258699633705,0.00258699633705,49.998999999999995,1.9305319997329207,0.4962340003658028,0.10342499990656506,0.0
pd,23:51:14.622,1002,-40.003,-89.999,0.0,-90.239,0.003,-0.02,0.0,0.0,0.0,0.0,0.0,0.0,-40.003,-40.0,0.0,-90.239,0.003,-0.02,-40.003,-81.999,0.0,-90.239,0.003,-0.02,0.0,1520.9152388722691,0.0,0.0,0.0,0.0,0.0,8.0,0.0,0.0,0.0,0.0,0.0137698,-0.0068849,-0.0275396,4.7987753,-0.0137698,-1.1773179,0.01231013430998,0.004438583638528,-0.006137728937652,-0.0029491758242370003,-0.000258699633705,0.00258699633705,49.998999999999995,1.725368000279559,0.16908999987208517,0.06507299985969439,0.0
pd,23:51:14.624,1003,-40.003,-89.999,0.0,-90.239,0.003,-0.02,0.0,0.0,0.0,0.0,0.0,0.0,-40.003,-40.0,0.0,-90.239,0.003,-0.02,-40.003,-81.999,0.0,-90.239,0.003,-0.02,0.0,1972.629747207525,0.0,0.0,0.0,0.0,0.0,8.0,0.0,0.0,0.0,0.0,0.0137698,-0.0068849,-0.0275396,4.7987753,-0.0137698,-1.1773179,0.01231013430998,0.004438583638528,-0.006137728937652,-0.0029491758242370003,-0.000258699633705,0.00258699633705,49.998999999999995,1.7491819999122526,0.1745529998515849,0.07944400022097398,0.0
pd,23:51:14.626,1004,-40.003,-89.999,0.0,-90.239,0.003,-0.02,0.0,0.0,0.0,0.0,0.0,0.0,-40.003,-40.0,0.0,-90.239,0.003,-0.02,-40.003,-81.999,0.0,-90.239,0.003,-0.02,0.0,1887.4132073349083,0.0,0.0,0.0,0.0,0.0,8.0,0.0,0.0,0.0,0.0,0.0137698,-0.0068849,-0.0275396,4.7987753,-0.0137698,-1.1773179,0.01231013430998,0.004438583638528,-0.006137728937652,-0.0029491758242370003,-0.000258699633705,0.00258699633705,49.998999999999995,1.760125999680895,0.154220000240457,0.06977700013521826,0.0
pd,23:51:14.628,1005,-40.003,-89.999,0.0,-90.239,0.003,-0.02,0.0,0.0,0.0,0.0,0.0,0.0,-40.003,-40.0,0.0,-90.239,0.003,-0.02,-40.003,-81.999,0.0,-90.239,0.003,-0.02,0.0,1947.2163416898793,0.0,0.0,0.0,0.0,0.0,8.0,0.0,0.0,0.0,0.0,0.0137698,-0.0068849,-0.0275396,4.7987753,-0.0137698,-1.1773179,0.01231013430998,0.004438583638528,-0.006137728937652,-0.0029491758242370003,-0.000258699633705,0.00258699633705,49.998999999999995,1.8688649997784523,0.17470099965066765,0.08112899968182319,0.0
pd,23:51:14.630,1006,-40.003,-89.999,0.0,-90.239,0.003,-0.02,0.0,0.0,0.0,0.0,0.0,0.0,-40.003,-40.0,0.0,-90.239,0.003,-0.02,-40.003,-81.999,0.0,-90.239,0.003,-0.02,0.0,1815.7160173160173,0.0,0.0,0.0,0.0,0.0,8.0,0.0,0.0,0.0,0.0,0.0137698,-0.0068849,-0.0275396,4.7987753,-0.0137698,-1.1773179,0.01231013430998,0.004438583638528,-0.006137728937652,-0.0029491758242370003,-0.000258699633705,0.00258699633705,49.998999999999995,1.6893870001695177,0.13197999987824005,0.055406999763363274,0.0
pd,23:51:14.632,1007,-40.003,-89.999,0.0,-90.239,0.003,-0.02,0.0,0.0,0.0,0.0,0.0,0.0,-40.003,-40.0,0.0,-90.239,0.003,-0.02,-40.003,-81.999,0.0,-90.239,0.003,-0.02,0.0,2061.8429396583506,0.0,0.0,0.0,0.0,0.0,8.0,0.0,0.0,0.0,0.0,0.0137698,-0.0068849,-0.0275396,4.7987753,-0.0137698,-1.1773179,0.01231013430998,0.004438583638528,-0.006137728937652,-0.0029491758242370003,-0.000258699633705,0.00258699633705,49.998999999999995,1.6973310002867947,0.13133199990988942,0.05696200014426722,0.0
pd,23:51:14.634,1008,-40.003,-89.999,0.0,-90.239,0.003,-0.02,0.0,0.0,0.0,0.0,0.0,0.0,-40.003,-40.0,0.0,-90.239,0.003,-0.02,-40.003,-81.999,0.0,-90.239,0.003,-0.02,0.0,2052.509909469048,0.0,0.0,0.0,0.0,0.0,8.0,0.0,0.0,0.0,0.0,0.0137698,-0.0068849,-0.0275396,4.7987753,-0.0137698,-1.1773179,0.01231013430998,0.004438583638528,-0.006137728937652,-0.0029491758242370003,-0.000258699633705,0.00258699633705,49.998999999999995,1.676442999723804,0.14290500030256226,0.06038900028215721,0.0
pd,23:51:14.636,1009,-40.003,-89.999,0.0,-90.239,0.003,-0.02,0.0,0.0,0.0,0.0,0.0,0.0,-40.003,-40.0,0.0,-90.239,0.003,-0.02,-40.003,-81.999,0.0,-90.239,0.003,-0.02,0.0,2056.787544440358,0.0,0.0,0.0,0.0,0.0,8.0,0.0,0.0,0.0,0.0,0.0137698,-0.0068849,-0.0275396,4.7987753,-0.0137698,-1.1773179,0.01231013430998,0.004438583638528,-0.006137728937652,-0.0029491758242370003,-0.000258699633705,0.00258699633705,49.998999999999995,1.685812000232545,0.13349799974093912,0.05599899986918899,0.0
pd,23:51:14.638,1010,-40.003,-89.999,0.0,-90.239,0.003,-0.02,0.0,0.0,0.0,0.0,0.0,0.0,-40.003,-40.0,0.0,-90.239,0.003,-0.02,-40.003,-81.999,0.0,-90.239,0.003,-0.02,0.0,2065.6508249199705,0.0,0.0,0.0,0.0,0.0,8.0,0.0,0.0,0.0,0.0,0.0137698,-0.0068849,-0.0275396,4.7987753,-0.0137698,-1.1773179,0.01231013430998,0.004438583638528,-0.006137728937652,-0.0029491758242370003,-0.000258699633705,0.00258699633705,49.998999999999995,1.803459000257135,0.16112799994516536,0.0743689997761976,0.0
pd,23:51:14.641,1011,-40.003,-89.999,0.0,-90.239,0.003,-0.02,0.0,0.0,0.0,0.0,0.0,0.0,-40.003,-40.0,0.0,-90.239,0.003,-0.02,-40.003,-81.999,0.0,-90.239,0.003,-0.02,0.0,1456.9879287885367,0.0,0.0,0.0,0.0,0.0,8.0,0.0,0.0,0.0,0.0,0.0137698,-0.0068849,-0.0275396,4.7987753,-0.0137698,-1.1773179,0.01231013430998,0.004438583638528,-0.006137728937652,-0.0029491758242370003,-0.000258699633705,0.00258699633705,49.998999999999995,1.8455690001246694,0.22423800010074046,0.07749899987175013,0.0
pd,23:51:14.643,1012,-40.003,-89.999,0.0,-90.239,0.003,-0.02,0.0,0.0,0.0,0.0,0.0,0.0,-40.003,-40.0,0.0,-90.239,0.003,-0.02,-40.003,-81.999,0.0,-90.239,0.003,-0.02,0.0,1786.3304940374787,0.0,0.0,0.0,0.0,0.0,8.0,0.0,0.0,0.0,0.0,0.0137698,-0.0068849,-0.0275396,4.7987753,-0.0137698,-1.1773179,0.01231013430998,0.004438583638528,-0.006137728937652,-0.0029491758242370003,-0.000258699633705,0.00258699633705,49.998999999999995,1.678683000136516,0.15144200006034225,0.06270299991228967,0.0
pd,23:51:14.645,1013,-40.003,-89.999,0.0,-90.239,0.003,-0.02,0.0,0.0,0.0,0.0,0.0,0.0,-40.003,-40.0,0.0,-90.239,0.003,-0.02,-40.003,-81.999,0.0,-90.239,0.003,-0.02,0.0,2039.7831003039514,0.0,0.0,0.0,0.0,0.0,8.0,0.0,0.0,0.0,0.0,0.0137698,-0.0068849,-0.0275396,4.7987753,-0.0137698,-1.1773179,0.01231013430998,0.004438583638528,-0.006137728937652,-0.0029491758242370003,-0.000258699633705,0.00258699633705,49.998999999999995,1.8584399999781454,0.18892399975811713,0.09505400021225796,0.0
pd,23:51:14.647,1014,-40.003,-89.999,0.0,-90.239,0.003,-0.02,0.0,0.0,0.0,0.0,0.0,0.0,-40.003,-40.0,0.0,-90.239,0.003,-0.02,-40.003,-81.999,0.0,-90.239,0.003,-0.02,0.0,1795.5068493150684,0.0,0.0,0.0,0.0,0.0,8.0,0.0,0.0,0.0,0.0,0.0137698,-0.0068849,-0.0275396,4.7987753,-0.0137698,-1.1773179,0.01231013430998,0.004438583638528,-0.006137728937652,-0.0029491758242370003,-0.000258699633705,0.00258699633705,49.998999999999995,1.8639210002220352,0.18925700032923487,0.0901100002010935,0.0
pd,23:51:14.650,1015,-40.003,-89.999,0.0,-90.239,0.003,-0.02,0.0,0.0,0.0,0.0,0.0,0.0,-40.003,-40.0,0.0,-90.239,0.003,-0.02,-40.003,-81.999,0.0,-90.239,0.003,-0.02,0.0,1795.1226193023754,0.0,0.0,0.0,0.0,0.0,8.0,0.0,0.0,0.0,0.0,0.0137698,-0.0068849,-0.0275396,4.7987753,-0.0137698,-1.1773179,0.01231013430998,0.004438583638528,-0.006137728937652,-0.0029491758242370003,-0.000258699633705,0.00258699633705,49.998999999999995,1.6877939997357316,0.1670159999775933,0.07537000010415795,0.0
pd,23:51:14.652,1016,-40.003,-89.999,0.0,-90.239,0.003,-0.02,0.0,0.0,0.0,0.0,0.0,0.0,-40.003,-40.0,0.0,-90.239,0.003,-0.02,-40.003,-81.999,0.0,-90.239,0.003,-0.02,0.0,1993.2536533206605,0.0,0.0,0.0,0.0,0.0,8.0,0.0,0.0,0.0,0.0,0.0137698,-0.0068849,-0.0275396,4.7987753,-0.0137698,-1.1773179,0.01231013430998,0.004438583638528,-0.006137728937652,-0.0029491758242370003,-0.000258699633705,0.00258699633705,49.998999999999995,1.789033000022755,0.16575699964960222,0.0759239997023542,0.0
pd,23:51:14.654,1017,-40.003,-89.999,0.0,-90.239,0.003,-0.02,0.0,0.0,0.0,0.0,0.0,0.0,-40.003,-40.0,0.0,-90.239,0.003,-0.02,-40.003,-81.999,0.0,-90.239,0.003,-0.02,0.0,1900.6702163815567,0.0,0.0,0.0,0.0,0.0,8.0,0.0,0.0,0.0,0.0,0.0137698,-0.0068849,-0.0275396,4.7987753,-0.0137698,-1.1773179,0.01231013430998,0.004438583638528,-0.006137728937652,-0.0029491758242370003,-0.000258699633705,0.00258699633705,49.998999999999995,1.642220000121597,0.17536799987283302,0.06790699990233406,0.0
pd,23:51:14.656,1018,-40.003,-89.999,0.0,-90.239,0.003,-0.02,0.0,0.0,0.0,0.0,0.0,0.0,-40.003,-40.0,0.0,-90.239,0.003,-0.02,-40.003,-81.999,0.0,-90.239,0.003,-0.02,0.0,2045.752469211072,0.0,0.0,0.0,0.0,0.0,8.0,0.0,0.0,0.0,0.0,0.0137698,-0.0068849,-0.0275396,4.7987753,-0.0137698,-1.1773179,0.01231013430998,0.004438583638528,-0.006137728937652,-0.0029491758242370003,-0.000258699633705,0.00258699633705,49.998999999999995,1.650905000133207,0.1453310001124919,0.06692499982818845,0.0
pd,23:51:14.657,1019,-40.003,-89.999,0.0,-90.239,0.003,-0.02,0.0,0.0,0.0,0.0,0.0,0.0,-40.003,-40.0,0.0,-90.239,0.003,-0.02,-40.003,-81.999,0.0,-90.239,0.003,-0.02,0.0,2070.238894373149,0.0,0.0,0.0,0.0,0.0,8.0,0.0,0.0,0.0,0.0,0.0137698,-0.0068849,-0.0275396,4.7987753,-0.0137698,-1.1773179,0.01231013430998,0.004438583638528,-0.006137728937652,-0.0029491758242370003,-0.000258699633705,0.00258699633705,49.998999999999995,1.7633289999139379,0.17186800005219993,0.08009100019990001,0.0
pd,23:51:14.660,1020,-40.003,-89.999,0.0,-90.239,0.003,-0.02,0.0,0.0,0.0,0.0,0.0,0.0,-40.003,-40.0,0.0,-90.239,0.003,-0.02,-40.003,-81.999,0.0,-90.239,0.003,-0.02,0.0,1912.151356279918,0.0,0.0,0.0,0.0,0.0,8.0,0.0,0.0,0.0,0.0,0.0137698,-0.0068849,-0.0275396,4.7987753,-0.0137698,-1.1773179,0.01231013430998,0.004438583638528,-0.006137728937652,-0.0029491758242370003,-0.000258699633705,0.00258699633705,49.998999999999995,1.6827200001898746,0.14814700034548878,0.06340699974316522,0.0
pd,23:51:14.662,1021,-40.003,-89.999,0.0,-90.239,0.003,-0.02,0.0,0.0,0.0,0.0,0.0,0.0,-40.003,-40.0,0.0,-90.239,0.003,-0.02,-40.003,-81.999,0.0,-90.239,0.003,-0.02,0.0,1607.4749449075405,0.0,0.0,0.0,0.0,0.0,8.0,0.0,0.0,0.0,0.0,0.0137698,-0.0068849,-0.0275396,4.7987753,-0.0137698,-1.1773179,0.01231013430998,0.004438583638528,-0.006137728937652,-0.0029491758242370003,-0.000258699633705,0.00258699633705,49.998999999999995,1.8297550000170304,0.23712700021860655,0.0975539996943553,0.0
pd,23:51:14.664,1022,-40.003,-89.999,0.0,-90.239,0.003,-0.02,0.0,0.0,0.0,0.0,0.0,0.0,-40.003,-40.0,0.0,-90.239,0.003,-0.02,-40.003,-81.999,0.0,-90.239,0.003,-0.02,0.0,1767.511167298778,0.0,0.0,0.0,0.0,0.0,8.0,0.0,0.0,0.0,0.0,0.0137698,-0.0068849,-0.0275396,4.7987753,-0.0137698,-1.1773179,0.01231013430998,0.004438583638528,-0.006137728937652,-0.0029491758242370003,-0.000258699633705,0.00258699633705,49.998999999999995,1.7421069996998995,0.1719049996609101,0.0724249998711457,0.0
pd,23:51:14.666,1023,-40.003,-89.999,0.0,-90.239,0.003,-0.02,0.0,0.0,0.0,0.0,0.0,0.0,-40.003,-40.0,0.0,-90.239,0.003,-0.02,-40.003,-81.999,0.0,-90.239,0.003,-0.02,0.0,1942.4818802825055,0.0,0.0,0.0,0.0,0.0,8.0,0.0,0.0,0.0,0.0,0.0137698,-0.0068849,-0.0275396,4.7987753,-0.0137698,-1.1773179,0.01231013430998,0.004438583638528,-0.006137728937652,-0.0029491758242370003,-0.000258699633705,0.00258699633705,49.998999999999995,1.647090999995271,0.14307200035545975,0.06355499999699532,0.0
pd,23:51:14.668,1024,-40.003,-89.999,0.0,-90.239,0.003,-0.02,0.0,0.0,0.0,0.0,0.0,0.0,-40.003,-40.0,0.0,-90.239,0.003,-0.02,-40.003,-81.999,0.0,-90.239,0.003,-0.02,0.0,2083.349807525146,0.0,0.0,0.0,0.0,0.0,8.0,0.0,0.0,0.0,0.0,0.0137698,-0.0068849,-0.0275396,4.7987753,-0.0137698,-1.1773179,0.01231013430998,0.004438583638528,-0.006137728937652,-0.0029491758242370003,-0.000258699633705,0.00258699633705,49.998999999999995,1.8512359997657768,0.18631300008564722,0.08659200011607027,0.0
pd,23:51:14.671,1025,-40.003,-89.999,0.0,-90.239,0.003,-0.02,0.0,0.0,0.0,0.0,0.0,0.0,-40.003,-40.0,0.0,-90.239,0.003,-0.02,-40.003,-81.999,0.0,-90.239,0.003,-0.02,0.0,1815.7160173160173,0.0,0.0,0.0,0.0,0.0,8.0,0.0,0.0,0.0,0.0,0.0137698,-0.0068849,-0.0275396,4.7987753,-0.0137698,-1.1773179,0.01231013430998,0.004438583638528,-0.006137728937652,-0.0029491758242370003,-0.000258699633705,0.00258699633705,49.998999999999995,1.8947170001410996,0.3103660001215758,0.10148100000151317,0.0
pd,23:51:14.673,1026,-40.003,-89.999,0.0,-90.239,0.003,-0.02,0.0,0.0,0.0,0.0,0.0,0.0,-40.003,-40.0,0.0,-90.239,0.003,-0.02,-40.003,-81.999,0.0,-90.239,0.003,-0.02,0.0,1667.2181258074133,0.0,0.0,0.0,0.0,0.0,8.0,0.0,0.0,0.0,0.0,0.0137698,-0.0068849,-0.0275396,4.7987753,-0.0137698,-1.1773179,0.01231013430998,0.004438583638528,-0.006137728937652,-0.0029491758242370003,-0.000258699633705,0.00258699633705,49.998999999999995,1.6667019999658805,0.16257199968094938,0.0719620002200827,0.0
pd,23:51:14.675,1027,-40.003,-89.999,0.0,-90.239,0.003,-0.02,0.0,0.0,0.0,0.0,0.0,0.0,-40.003,-40.0,0.0,-90.239,0.003,-0.02,-40.003,-81.999,0.0,-90.239,0.003,-0.02,0.0,2025.2554321583775,0.0,0.0,0.0,0.0,0.0,8.0,0.0,0.0,0.0,0.0,0.0137698,-0.0068849,-0.0275396,4.7987753,-0.0137698,-1.1773179,0.01231013430998,0.004438583638528,-0.006137728937652,-0.0029491758242370003,-0.000258699633705,0.00258699633705,49.998999999999995,1.6740900000513648,0.1714420000098471,0.07911000011517899,0.0
pd,23:51:14.677,1028,-40.003,-89.999,0.0,-90.239,0.003,-0.02,0.0,0.0,0.0,0.0,0.0,0.0,-40.003,-40.0,0.0,-90.239,0.003,-0.02,-40.003,-81.999,0.0,-90.239,0.003,-0.02,0.0,1979.3789523360076,0.0,0.0,0.0,0.0,0.0,8.0,0.0,0.0,0.0,0.0,0.0137698,-0.0068849,-0.0275396,4.7987753,-0.0137698,-1.1773179,0.01231013430998,0.004438583638528,-0.006137728937652,-0.0029491758242370003,-0.000258699633705,0.00258699633705,49.998999999999995,1.7228860001523572,0.15029399992272374,0.07190700034698239,0.0
pd,23:51:14.679,1029,-40.003,-89.999,0.0,-90.239,0.003,-0.02,0.0,0.0,0.0,0.0,0.0,0.0,-40.003,-40.0,0.0,-90.239,0.003,-0.02,-40.003,-81.999,0.0,-90.239,0.003,-0.02,0.0,1984.2952099349498,0.0,0.0,0.0,0.0,0.0,8.0,0.0,0.0,0.0,0.0,0.0137698,-0.0068849,-0.0275396,4.7987753,-0.0137698,-1.1773179,0.01231013430998,0.004438583638528,-0.006137728937652,-0.0029491758242370003,-0.000258699633705,0.00258699633705,49.998999999999995,1.8907730000137235,0.18088600018018042,0.08290599998872494,0.0
pd,23:51:14.681,1030,-40.003,-89.999,0.0,-90.239,0.003,-0.02,0.0,0.0,0.0,0.0,0.0,0.0,-40.003,-40.0,0.0,-90.239,0.003,-0.02,-40.003,-81.999,0.0,-90.239,0.003,-0.02,0.0,1789.9515630001067,0.0,0.0,0.0,0.0,0.0,8.0,0.0,0.0,0.0,0.0,0.0137698,-0.0068849,-0.0275396,4.7987753,-0.0137698,-1.1773179,0.01231013430998,0.004438583638528,-0.006137728937652,-0.0029491758242370003,-0.000258699633705,0.00258699633705,49.998999999999995,1.6496279999955732,0.13910899997426895,0.05935100034548668,0.0
pd,23:51:14.684,1031,-40.003,-89.999,0.0,-90.239,0.003,-0.02,0.0,0.0,0.0,0.0,0.0,0.0,-40.003,-40.0,0.0,-90.239,0.003,-0.02,-40.003,-81.999,0.0,-90.239,0.003,-0.02,0.0,1639.0402500976945,0.0,0.0,0.0,0.0,0.0,8.0,0.0,0.0,0.0,0.0,0.0137698,-0.0068849,-0.0275396,4.7987753,-0.0137698,-1.1773179,0.01231013430998,0.004438583638528,-0.006137728937652,-0.0029491758242370003,-0.000258699633705,0.00258699633705,49.998999999999995,1.8988649999300833,0.2249599997412588,0.07625800026289653,0.0
pd,23:51:14.686,1032,-40.003,-89.999,0.0,-90.239,0.003,-0.02,0.0,0.0,0.0,0.0,0.0,0.0,-40.003,-40.0,0.0,-90.239,0.003,-0.02,-40.003,-81.999,0.0,-90.239,0.003,-0.02,0.0,1745.2632892957454,0.0,0.0,0.0,0.0,0.0,8.0,0.0,0.0,0.0,0.0,0.0137698,-0.0068849,-0.0275396,4.7987753,-0.0137698,-1.1773179,0.01231013430998,0.004438583638528,-0.006137728937652,-0.0029491758242370003,-0.000258699633705,0.00258699633705,49.998999999999995,1.62821999992957,0.1382769996780553,0.05925799996475689,0.0
pd,23:51:14.688,1033,-40.003,-89.999,0.0,-90.239,0.003,-0.02,0.0,0.0,0.0,0.0,0.0,0.0,-40.003,-40.0,0.0,-90.239,0.003,-0.02,-40.003,-81.999,0.0,-90.239,0.003,-0.02,0.0,2116.46474075943,0.0,0.0,0.0,0.0,0.0,8.0,0.0,0.0,0.0,0.0,0.0137698,-0.0068849,-0.0275396,4.7987753,-0.0137698,-1.1773179,0.01231013430998,0.004438583638528,-0.006137728937652,-0.0029491758242370003,-0.000258699633705,0.00258699633705,49.998999999999995,1.8044409998765332,0.23060800003804616,0.08296199985124986,0.0
pd,23:51:14.690,1034,-40.003,-89.999,0.0,-90.239,0.003,-0.02,0.0,0.0,0.0,0.0,0.0,0.0,-40.003,-40.0,0.0,-90.239,0.003,-0.02,-40.003,-81.999,0.0,-90.239,0.003,-0.02,0.0,1818.865568083261,0.0,0.0,0.0,0.0,0.0,8.0,0.0,0.0,0.0,0.0,0.0137698,-0.0068849,-0.0275396,4.7987753,-0.0137698,-1.1773179,0.01231013430998,0.004438583638528,-0.006137728937652,-0.0029491758242370003,-0.000258699633705,0.00258699633705,49.998999999999995,1.6551270000491058,0.14264699984778417,0.05799900009151315,0.0
pd,23:51:14.692,1035,-40.003,-89.999,0.0,-90.239,0.003,-0.02,0.0,0.0,0.0,0.0,0.0,0.0,-40.003,-40.0,0.0,-90.239,0.003,-0.02,-40.003,-81.999,0.0,-90.239,0.003,-0.02,0.0,2083.349807525146,0.0,0.0,0.0,0.0,0.0,8.0,0.0,0.0,0.0,0.0,0.0137698,-0.0068849,-0.0275396,4.7987753,-0.0137698,-1.1773179,0.01231013430998,0.004438583638528,-0.006137728937652,-0.0029491758242370003,-0.000258699633705,0.00258699633705,49.998999999999995,1.6594230000919197,0.1438320000488602,0.061611000091943424,0.0
pd,23:51:14.694,1036,-40.003,-89.999,0.0,-90.239,0.003,-0.02,0.0,0.0,0.0,0.0,0.0,0.0,-40.003,-40.0,0.0,-90.239,0.003,-0.02,-40.003,-81.999,0.0,-90.239,0.003,-0.02,0.0,2070.7499382868427,0.0,0.0,0.0,0.0,0.0,8.0,0.0,0.0,0.0,0.0,0.0137698,-0.0068849,-0.0275396,4.7987753,-0.0137698,-1.1773179,0.01231013430998,0.004438583638528,-0.006137728937652,-0.0029491758242370003,-0.000258699633705,0.00258699633705,49.998999999999995,1.6228869999395101,0.143849999858503,0.06316600001810002,0.0
pd,23:51:14.696,1037,-40.003,-89.999,0.0,-90.239,0.003,-0.02,0.0,0.0,0.0,0.0,0.0,0.0,-40.003,-40.0,0.0,-90.239,0.003,-0.02,-40.003,-81.999,0.0,-90.239,0.003,-0.02,0.0,2109.2803620819714,0.0,0.0,0.0,0.0,0.0,8.0,0.0,0.0,0.0,0.0,0.0137698,-0.0068849,-0.0275396,4.7987753,-0.0137698,-1.1773179,0.01231013430998,0.004438583638528,-0.006137728937652,-0.0029491758242370003,-0.000258699633705,0.00258699633705,49.998999999999995,1.8962549997922906,0.18984899998031324,0.09253600001102313,0.0
pd,23:51:14.698,1038,-40.003,-89.999,0.0,-90.239,0.003,-0.02,0.0,0.0,0.0,0.0,0.0,0.0,-40.003,-40.0,0.0,-90.239,0.003,-0.02,-40.003,-81.999,0.0,-90.239,0.003,-0.02,0.0,1766.7666385846671,0.0,0.0,0.0,0.0,0.0,8.0,0.0,0.0,0.0,0.0,0.0137698,-0.0068849,-0.0275396,4.7987753,-0.0137698,-1.1773179,0.01231013430998,0.004438583638528,-0.006137728937652,-0.0029491758242370003,-0.000258699633705,0.00258699633705,49.998999999999995,1.8040330000985705,0.1730169997244957,0.07788800030539278,0.0
pd,23:51:14.700,1039,-40.003,-89.999,0.0,-90.239,0.003,-0.02,0.0,0.0,0.0,0.0,0.0,0.0,-40.003,-40.0,0.0,-90.239,0.003,-0.02,-40.003,-81.999,0.0,-90.239,0.003,-0.02,0.0,1874.5492737430168,0.0,0.0,0.0,0.0,0.0,8.0,0.0,0.0,0.0,0.0,0.0137698,-0.0068849,-0.0275396,4.7987753,-0.0137698,-1.1773179,0.01231013430998,0.004438583638528,-0.006137728937652,-0.0029491758242370003,-0.000258699633705,0.00258699633705,49.998999999999995,1.7358680001962057,0.17931200000020908,0.08170199998858152,0.0
pd,23:51:14.702,1040,-40.003,-89.999,0.0,-90.239,0.003,-0.02,0.0,0.0,0.0,0.0,0.0,0.0,-40.003,-40.0,0.0,-90.239,0.003,-0.02,-40.003,-81.999,0.0,-90.239,0.003,-0.02,0.0,1925.3174202432867,0.0,0.0,0.0,0.0,0.0,8.0,0.0,0.0,0.0,0.0,0.0137698,-0.0068849,-0.0275396,4.7987753,-0.0137698,-1.1773179,0.01231013430998,0.004438583638528,-0.006137728937652,-0.0029491758242370003,-0.000258699633705,0.00258699633705,49.998999999999995,1.7201640002895147,0.1540719999866269,0.06881399986014003,0.0
pd,23:51:14.705,1041,-40.003,-89.999,0.0,-90.239,0.003,-0.02,0.0,0.0,0.0,0.0,0.0,0.0,-40.003,-40.0,0.0,-90.239,0.003,-0.02,-40.003,-81.999,0.0,-90.239,0.003,-0.02,0.0,1478.6899347787767,0.0,0.0,0.0,0.0,0.0,8.0,0.0,0.0,0.0,0.0,0.0137698,-0.0068849,-0.0275396,4.7987753,-0.0137698,-1.1773179,0.01231013430998,0.004438583638528,-0.006137728937652,-0.0029491758242370003,-0.000258699633705,0.00258699633705,49.998999999999995,1.81771799998387,0.22042399996280437,0.0717400002940849,0.0
pd,23:51:14.707,1042,-40.003,-89.999,0.0,-90.239,0.003,-0.02,0.0,0.0,0.0,0.0,0.0,0.0,-40.003,-40.0,0.0,-90.239,0.003,-0.02,-40.003,-81.999,0.0,-90.239,0.003,-0.02,0.0,1817.8801603640698,0.0,0.0,0.0,0.0,0.0,8.0,0.0,0.0,0.0,0.0,0.0137698,-0.0068849,-0.0275396,4.7987753,-0.0137698,-1.1773179,0.01231013430998,0.004438583638528,-0.006137728937652,-0.0029491758242370003,-0.000258699633705,0.00258699633705,49.998999999999995,1.6710159998183371,0.14658999998573563,0.06183200002851663,0.0
pd,23:51:14.709,1043,-40.003,-89.999,0.0,-90.239,0.003,-0.02,0.0,0.0,0.0,0.0,0.0,0.0,-40.003,-40.0,0.0,-90.239,0.003,-0.02,-40.003,-81.999,0.0,-90.239,0.003,-0.02,0.0,2054.7723208818124,0.0,0.0,0.0,0.0,0.0,8.0,0.0,0.0,0.0,0.0,0.0137698,-0.0068849,-0.0275396,4.7987753,-0.0137698,-1.1773179,0.01231013430998,0.004438583638528,-0.006137728937652,-0.0029491758242370003,-0.000258699633705,0.00258699633705,49.998999999999995,1.826494999932038,0.1688310003373772,0.07611000000906643,0.0
pd,23:51:14.711,1044,-40.003,-89.999,0.0,-90.239,0.003,-0.02,0.0,0.0,0.0,0.0,0.0,0.0,-40.003,-40.0,0.0,-90.239,0.003,-0.02,-40.003,-81.999,0.0,-90.239,0.003,-0.02,0.0,1864.1351111111112,0.0,0.0,0.0,0.0,0.0,8.0,0.0,0.0,0.0,0.0,0.0137698,-0.0068849,-0.0275396,4.7987753,-0.0137698,-1.1773179,0.01231013430998,0.004438583638528,-0.006137728937652,-0.0029491758242370003,-0.000258699633705,0.00258699633705,49.998999999999995,1.6761649999352812,0.14203599994289107,0.0587029999223887,0.0
pd,23:51:14.713,1045,-40.003,-89.999,0.0,-90.239,0.003,-0.02,0.0,0.0,0.0,0.0,0.0,0.0,-40.003,-40.0,0.0,-90.239,0.003,-0.02,-40.003,-81.999,0.0,-90.239,0.003,-0.02,0.0,2057.7966392738867,0.0,0.0,0.0,0.0,0.0,8.0,0.0,0.0,0.0,0.0,0.0137698,-0.0068849,-0.0275396,4.7987753,-0.0137698,-1.1773179,0.01231013430998,0.004438583638528,-0.006137728937652,-0.0029491758242370003,-0.000258699633705,0.00258699633705,49.998999999999995,1.6247940002358519,0.141609000365861,0.06729500000801636,0.0
pd,23:51:14.715,1046,-40.003,-89.999,0.0,-90.239,0.003,-0.02,0.0,0.0,0.0,0.0,0.0,0.0,-40.003,-40.0,0.0,-90.239,0.003,-0.02,-40.003,-81.999,0.0,-90.239,0.003,-0.02,0.0,2103.4623871614845,0.0,0.0,0.0,0.0,0.0,8.0,0.0,0.0,0.0,0.0,0.0137698,-0.0068849,-0.0275396,4.7987753,-0.0137698,-1.1773179,0.01231013430998,0.004438583638528,-0.006137728937652,-0.0029491758242370003,-0.000258699633705,0.00258699633705,49.998999999999995,1.6552020001654455,0.14644200018665288,0.0628139996479149,0.0
pd,23:51:14.717,1047,-40.003,-89.999,0.0,-90.239,0.003,-0.02,0.0,0.0,0.0,0.0,0.0,0.0,-40.003,-40.0,0.0,-90.239,0.003,-0.02,-40.003,-81.999,0.0,-90.239,0.003,-0.02,0.0,2070.7499382868427,0.0,0.0,0.0,0.0,0.0,8.0,0.0,0.0,0.0,0.0,0.0137698,-0.0068849,-0.0275396,4.7987753,-0.0137698,-1.1773179,0.01231013430998,0.004438583638528,-0.006137728937652,-0.0029491758242370003,-0.000258699633705,0.00258699633705,49.998999999999995,1.625997999781248,0.1342389996352722,0.057499000376992626,0.0
pd,23:51:14.719,1048,-40.003,-89.999,0.0,-90.239,0.003,-0.02,0.0,0.0,0.0,0.0,0.0,0.0,-40.003,-40.0,0.0,-90.239,0.003,-0.02,-40.003,-81.999,0.0,-90.239,0.003,-0.02,0.0,2125.5816546306855,0.0,0.0,0.0,0.0,0.0,8.0,0.0,0.0,0.0,0.0,0.0137698,-0.0068849,-0.0275396,4.7987753,-0.0137698,-1.1773179,0.01231013430998,0.004438583638528,-0.006137728937652,-0.0029491758242370003,-0.000258699633705,0.00258699633705,49.998999999999995,1.793181000266486,0.17409099973519915,0.07983200021044468,0.0
pd,23:51:14.721,1049,-40.003,-89.999,0.0,-90.239,0.003,-0.02,0.0,0.0,0.0,0.0,0.0,0.0,-40.003,-40.0,0.0,-90.239,0.003,-0.02,-40.003,-81.999,0.0,-90.239,0.003,-0.02,0.0,1883.810464855154,0.0,0.0,0.0,0.0,0.0,8.0,0.0,0.0,0.0,0.0,0.0137698,-0.0068849,-0.0275396,4.7987753,-0.0137698,-1.1773179,0.01231013430998,0.004438583638528,-0.006137728937652,-0.0029491758242370003,-0.000258699633705,0.00258699633705,49.998999999999995,1.9034019996979623,0.19527499989635544,0.0924440000744653,0.0
pd,23:51:14.723,1050,-40.003,-89.999,0.0,-90.239,0.003,-0.02,0.0,0.0,0.0,0.0,0.0,0.0,-40.003,-40.0,0.0,-90.239,0.003,-0.02,-40.003,-81.999,0.0,-90.239,0.003,-0.02,0.0,1756.0410299351058,0.0,0.0,0.0,0.0,0.0,8.0,0.0,0.0,0.0,0.0,0.0137698,-0.0068849,-0.0275396,4.7987753,-0.0137698,-1.1773179,0.01231013430998,0.004438583638528,-0.006137728937652,-0.0029491758242370003,-0.000258699633705,0.00258699633705,49.998999999999995,1.7095899997912056,0.15321999990192126,0.06485099993369658,0.0
pd,23:51:14.726,1051,-40.003,-89.999,0.0,-90.239,0.003,-0.02,0.0,0.0,0.0,0.0,0.0,0.0,-40.003,-40.0,0.0,-90.239,0.003,-0.02,-40.003,-81.999,0.0,-90.239,0.003,-0.02,0.0,1577.6956930599963,0.0,0.0,0.0,0.0,0.0,8.0,0.0,0.0,0.0,0.0,0.0137698,-0.0068849,-0.0275396,4.7987753,-0.0137698,-1.1773179,0.01231013430998,0.004438583638528,-0.006137728937652,-0.0029491758242370003,-0.000258699633705,0.00258699633705,49.998999999999995,1.8491430000722175,0.2970880000248144,0.08992499988380587,0.0
pd,23:51:14.728,1052,-40.003,-89.999,0.0,-90.239,0.003,-0.02,0.0,0.0,0.0,0.0,0.0,0.0,-40.003,-40.0,0.0,-90.239,0.003,-0.02,-40.003,-81.999,0.0,-90.239,0.003,-0.02,0.0,1715.8126406218041,0.0,0.0,0.0,0.0,0.0,8.0,0.0,0.0,0.0,0.0,0.0137698,-0.0068849,-0.0275396,4.7987753,-0.0137698,-1.1773179,0.01231013430998,0.004438583638528,-0.006137728937652,-0.0029491758242370003,-0.000258699633705,0.00258699633705,49.998999999999995,1.82888399967851,0.19299699988550856,0.08485099988320144,0.0
pd,23:51:14.730,1053,-40.003,-89.999,0.0,-90.239,0.003,-0.02,0.0,0.0,0.0,0.0,0.0,0.0,-40.003,-40.0,0.0,-90.239,0.003,-0.02,-40.003,-81.999,0.0,-90.239,0.003,-0.02,0.0,1824.8005220796172,0.0,0.0,0.0,0.0,0.0,8.0,0.0,0.0,0.0,0.0,0.0137698,-0.0068849,-0.0275396,4.7987753,-0.0137698,-1.1773179,0.01231013430998,0.004438583638528,-0.006137728937652,-0.0029491758242370003,-0.000258699633705,0.00258699633705,49.998999999999995,1.649849999921571,0.13862800005881581,0.05585100007010624,0.0
pd,23:51:14.732,1054,-40.003,-89.999,0.0,-90.239,0.003,-0.02,0.0,0.0,0.0,0.0,0.0,0.0,-40.003,-40.0,0.0,-90.239,0.003,-0.02,-40.003,-81.999,0.0,-90.239,0.003,-0.02,0.0,2096.103948025987,0.0,0.0,0.0,0.0,0.0,8.0,0.0,0.0,0.0,0.0,0.0137698,-0.0068849,-0.0275396,4.7987753,-0.0137698,-1.1773179,0.01231013430998,0.004438583638528,-0.006137728937652,-0.0029491758242370003,-0.000258699633705,0.00258699633705,49.998999999999995,1.6828680004437047,0.14103500006967806,0.0583139999434934,0.0
pd,23:51:14.734,1055,-40.003,-89.999,0.0,-90.239,0.003,-0.02,0.0,0.0,0.0,0.0,0.0,0.0,-40.003,-40.0,0.0,-90.239,0.003,-0.02,-40.003,-81.999,0.0,-90.239,0.003,-0.02,0.0,2053.2634928405337,0.0,0.0,0.0,0.0,0.0,8.0,0.0,0.0,0.0,0.0,0.0137698,-0.0068849,-0.0275396,4.7987753,-0.0137698,-1.1773179,0.01231013430998,0.004438583638528,-0.006137728937652,-0.0029491758242370003,-0.000258699633705,0.00258699633705,49.998999999999995,1.62301699992895,0.14377599973158794,0.06385100004990818,0.0
pd,23:51:14.736,1056,-40.003,-89.999,0.0,-90.239,0.003,-0.02,0.0,0.0,0.0,0.0,0.0,0.0,-40.003,-40.0,0.0,-90.239,0.003,-0.02,-40.003,-81.999,0.0,-90.239,0.003,-0.02,0.0,2109.2803620819714,0.0,0.0,0.0,0.0,0.0,8.0,0.0,0.0,0.0,0.0,0.0137698,-0.0068849,-0.0275396,4.7987753,-0.0137698,-1.1773179,0.01231013430998,0.004438583638528,-0.006137728937652,-0.0029491758242370003,-0.000258699633705,0.00258699633705,49.998999999999995,1.6499230000590615,0.1315169997724297,0.0571479999962321,0.0
pd,23:51:14.738,1057,-40.003,-89.999,0.0,-90.239,0.003,-0.02,0.0,0.0,0.0,0.0,0.0,0.0,-40.003,-40.0,0.0,-90.239,0.003,-0.02,-40.003,-81.999,0.0,-90.239,0.003,-0.02,0.0,2102.671512720892,0.0,0.0,0.0,0.0,0.0,8.0,0.0,0.0,0.0,0.0,0.0137698,-0.0068849,-0.0275396,4.7987753,-0.0137698,-1.1773179,0.01231013430998,0.004438583638528,-0.006137728937652,-0.0029491758242370003,-0.000258699633705,0.00258699633705,49.998999999999995,1.621034999971016,0.13540600002670544,0.05996200025037979,0.0
pd,23:51:14.740,1058,-40.003,-89.999,0.0,-90.239,0.003,-0.02,0.0,0.0,0.0,0.0,0.0,0.0,-40.003,-40.0,0.0,-90.239,0.003,-0.02,-40.003,-81.999,0.0,-90.239,0.003,-0.02,0.0,1976.5805843543826,0.0,0.0,0.0,0.0,0.0,8.0,0.0,0.0,0.0,0.0,0.0137698,-0.0068849,-0.0275396,4.7987753,-0.0137698,-1.1773179,0.01231013430998,0.004438583638528,-0.006137728937652,-0.0029491758242370003,-0.000258699633705,0.00258699633705,49.998999999999995,1.7443680003452755,0.17599800003154087,0.06973900008233613,0.0
pd,23:51:14.742,1059,-40.003,-89.999,0.0,-90.239,0.003,-0.02,0.0,0.0,0.0,0.0,0.0,0.0,-40.003,-40.0,0.0,-90.239,0.003,-0.02,-40.003,-81.999,0.0,-90.239,0.003,-0.02,0.0,1939.7867961614058,0.0,0.0,0.0,0.0,0.0,8.0,0.0,0.0,0.0,0.0,0.0137698,-0.0068849,-0.0275396,4.7987753,-0.0137698,-1.1773179,0.01231013430998,0.004438583638528,-0.006137728937652,-0.0029491758242370003,-0.000258699633705,0.00258699633705,49.998999999999995,1.638961000026029,0.13662799983649165,0.06038800029273261,0.0
pd,23:51:14.744,1060,-40.003,-89.999,0.0,-90.239,0.003,-0.02,0.0,0.0,0.0,0.0,0.0,0.0,-40.003,-40.0,0.0,-90.239,0.003,-0.02,-40.003,-81.999,0.0,-90.239,0.003,-0.02,0.0,2104.2538567665874,0.0,0.0,0.0,0.0,0.0,8.0,0.0,0.0,0.0,0.0,0.0137698,-0.0068849,-0.0275396,4.7987753,-0.0137698,-1.1773179,0.01231013430998,0.004438583638528,-0.006137728937652,-0.0029491758242370003,-0.000258699633705,0.00258699633705,49.998999999999995,1.6845899999680114,0.13942400028099655,0.06372199959514546,0.0
pd,23:51:14.746,1061,-40.003,-89.999,0.0,-90.239,0.003,-0.02,0.0,0.0,0.0,0.0,0.0,0.0,-40.003,-40.0,0.0,-90.239,0.003,-0.02,-40.003,-81.999,0.0,-90.239,0.003,-0.02,0.0,1600.879389312977,0.0,0.0,0.0,0.0,0.0,8.0,0.0,0.0,0.0,0.0,0.0137698,-0.0068849,-0.0275396,4.7987753,-0.0137698,-1.1773179,0.01231013430998,0.004438583638528,-0.006137728937652,-0.0029491758242370003,-0.000258699633705,0.00258699633705,49.998999999999995,2.0880479996776558,0.2320339999641874,0.09996199969464215,0.0
pd,23:51:14.749,1062,-40.003,-89.999,0.0,-90.239,0.003,-0.02,0.0,0.0,0.0,0.0,0.0,0.0,-40.003,-40.0,0.0,-90.239,0.003,-0.02,-40.003,-81.999,0.0,-90.239,0.003,-0.02,0.0,1560.2358411606062,0.0,0.0,0.0,0.0,0.0,8.0,0.0,0.0,0.0,0.0,0.0137698,-0.0068849,-0.0275396,4.7987753,-0.0137698,-1.1773179,0.01231013430998,0.004438583638528,-0.006137728937652,-0.0029491758242370003,-0.000258699633705,0.00258699633705,49.998999999999995,1.8184959999416606,0.1792019997992611,0.08207300015783403,0.0
pd,23:51:14.751,1063,-40.003,-89.999,0.0,-90.239,0.003,-0.02,0.0,0.0,0.0,0.0,0.0,0.0,-40.003,-40.0,0.0,-90.239,0.003,-0.02,-40.003,-81.999,0.0,-90.239,0.003,-0.02,0.0,1855.6814511669063,0.0,0.0,0.0,0.0,0.0,8.0,0.0,0.0,0.0,0.0,0.0137698,-0.0068849,-0.0275396,4.7987753,-0.0137698,-1.1773179,0.01231013430998,0.004438583638528,-0.006137728937652,-0.0029491758242370003,-0.000258699633705,0.00258699633705,49.998999999999995,1.695590000053926,0.1727570002003631,0.13672100021722144,0.0
pd,23:51:14.753,1064,-40.003,-89.999,0.0,-90.239,0.003,-0.02,0.0,0.0,0.0,0.0,0.0,0.0,-40.003,-40.0,0.0,-90.239,0.003,-0.02,-40.003,-81.999,0.0,-90.239,0.003,-0.02,0.0,1882.964758698092,0.0,0.0,0.0,0.0,0.0,8.0,0.0,0.0,0.0,0.0,0.0137698,-0.0068849,-0.0275396,4.7987753,-0.0137698,-1.1773179,0.01231013430998,0.004438583638528,-0.006137728937652,-0.0029491758242370003,-0.000258699633705,0.00258699633705,49.998999999999995,1.6543859997000254,0.15110899994397187,0.07644400011486141,0.0
pd,23:51:14.755,1065,-40.003,-89.999,0.0,-90.239,0.003,-0.02,0.0,0.0,0.0,0.0,0.0,0.0,-40.003,-40.0,0.0,-90.239,0.003,-0.02,-40.003,-81.999,0.0,-90.239,0.003,-0.02,0.0,2049.000488519785,0.0,0.0,0.0,0.0,0.0,8.0,0.0,0.0,0.0,0.0,0.0137698,-0.0068849,-0.0275396,4.7987753,-0.0137698,-1.1773179,0.01231013430998,0.004438583638528,-0.006137728937652,-0.0029491758242370003,-0.000258699633705,0.00258699633705,49.998999999999995,1.6898680000849708,0.16051600005084765,0.07140599973354256,0.0
pd,23:51:14.757,1066,-40.003,-89.999,0.0,-90.239,0.003,-0.02,0.0,0.0,0.0,0.0,0.0,0.0,-40.003,-40.0,0.0,-90.239,0.003,-0.02,-40.003,-81.999,0.0,-90.239,0.003,-0.02,0.0,2005.8842659014826,0.0,0.0,0.0,0.0,0.0,8.0,0.0,0.0,0.0,0.0,0.0137698,-0.0068849,-0.0275396,4.7987753,-0.0137698,-1.1773179,0.01231013430998,0.004438583638528,-0.006137728937652,-0.0029491758242370003,-0.000258699633705,0.00258699633705,49.998999999999995,1.628053999866097,0.13014600017413613,0.05601800012300373,0.0
pd,23:51:14.759,1067,-40.003,-89.999,0.0,-90.239,0.003,-0.02,0.0,0.0,0.0,0.0,0.0,0.0,-40.003,-40.0,0.0,-90.239,0.003,-0.02,-40.003,-81.999,0.0,-90.239,0.003,-0.02,0.0,2127.198681374414,0.0,0.0,0.0,0.0,0.0,8.0,0.0,0.0,0.0,0.0,0.0137698,-0.0068849,-0.0275396,4.7987753,-0.0137698,-1.1773179,0.01231013430998,0.004438583638528,-0.006137728937652,-0.0029491758242370003,-0.000258699633705,0.00258699633705,49.998999999999995,1.8124960001841828,0.1732940004330885,0.07640600006197928,0.0
pd,23:51:14.761,1068,-40.003,-89.999,0.0,-90.239,0.003,-0.02,0.0,0.0,0.0,0.0,0.0,0.0,-40.003,-40.0,0.0,-90.239,0.003,-0.02,-40.003,-81.999,0.0,-90.239,0.003,-0.02,0.0,1869.1194295900177,0.0,0.0,0.0,0.0,0.0,8.0,0.0,0.0,0.0,0.0,0.0137698,-0.0068849,-0.0275396,4.7987753,-0.0137698,-1.1773179,0.01231013430998,0.004438583638528,-0.006137728937652,-0.0029491758242370003,-0.000258699633705,0.00258699633705,49.998999999999995,1.64571999994223,0.18105299977833056,0.059037000028183684,0.0
pd,23:51:14.763,1069,-40.003,-89.999,0.0,-90.239,0.003,-0.02,0.0,0.0,0.0,0.0,0.0,0.0,-40.003,-40.0,0.0,-90.239,0.003,-0.02,-40.003,-81.999,0.0,-90.239,0.003,-0.02,0.0,2048.500122100122,0.0,0.0,0.0,0.0,0.0,8.0,0.0,0.0,0.0,0.0,0.0137698,-0.0068849,-0.0275396,4.7987753,-0.0137698,-1.1773179,0.01231013430998,0.004438583638528,-0.006137728937652,-0.0029491758242370003,-0.000258699633705,0.00258699633705,49.998999999999995,1.6467020000163757,0.14551699996445677,0.062499000250682,0.0
pd,23:51:14.765,1070,-40.003,-89.999,0.0,-90.239,0.003,-0.02,0.0,0.0,0.0,0.0,0.0,0.0,-40.003,-40.0,0.0,-90.239,0.003,-0.02,-40.003,-81.999,0.0,-90.239,0.003,-0.02,0.0,2079.9920654599555,0.0,0.0,0.0,0.0,0.0,8.0,0.0,0.0,0.0,0.0,0.0137698,-0.0068849,-0.0275396,4.7987753,-0.0137698,-1.1773179,0.01231013430998,0.004438583638528,-0.006137728937652,-0.0029491758242370003,-0.000258699633705,0.00258699633705,49.998999999999995,1.6207210001084604,0.13216499974078033,0.056442999721184606,0.0
pd,23:51:14.768,1071,-40.003,-89.999,0.0,-90.239,0.003,-0.02,0.0,0.0,0.0,0.0,0.0,0.0,-40.003,-40.0,0.0,-90.239,0.003,-0.02,-40.003,-81.999,0.0,-90.239,0.003,-0.02,0.0,1646.116169544741,0.0,0.0,0.0,0.0,0.0,8.0,0.0,0.0,0.0,0.0,0.0137698,-0.0068849,-0.0275396,4.7987753,-0.0137698,-1.1773179,0.01231013430998,0.004438583638528,-0.006137728937652,-0.0029491758242370003,-0.000258699633705,0.00258699633705,49.998999999999995,1.92382799968982,0.22568199983652448,0.0812759999462287,0.0
pd,23:51:14.770,1072,-40.003,-89.999,0.0,-90.239,0.003,-0.02,0.0,0.0,0.0,0.0,0.0,0.0,-40.003,-40.0,0.0,-90.239,0.003,-0.02,-40.003,-81.999,0.0,-90.239,0.003,-0.02,0.0,1718.8009425263806,0.0,0.0,0.0,0.0,0.0,8.0,0.0,0.0,0.0,0.0,0.0137698,-0.0068849,-0.0275396,4.7987753,-0.0137698,-1.1773179,0.01231013430998,0.004438583638528,-0.006137728937652,-0.0029491758242370003,-0.000258699633705,0.00258699633705,49.998999999999995,1.8143659999623196,0.16636800000924268,0.07042500010356889,0.0
pd,23:51:14.772,1073,-40.003,-89.999,0.0,-90.239,0.003,-0.02,0.0,0.0,0.0,0.0,0.0,0.0,-40.003,-40.0,0.0,-90.239,0.003,-0.02,-40.003,-81.999,0.0,-90.239,0.003,-0.02,0.0,1882.5421903052065,0.0,0.0,0.0,0.0,0.0,8.0,0.0,0.0,0.0,0.0,0.0137698,-0.0068849,-0.0275396,4.7987753,-0.0137698,-1.1773179,0.01231013430998,0.004438583638528,-0.006137728937652,-0.0029491758242370003,-0.000258699633705,0.00258699633705,49.998999999999995,2.0384189997457725,0.19547900001271046,0.09353600034955889,0.0
pd,23:51:14.774,1074,-40.003,-89.999,0.0,-90.239,0.003,-0.02,0.0,0.0,0.0,0.0,0.0,0.0,-40.003,-40.0,0.0,-90.239,0.003,-0.02,-40.003,-81.999,0.0,-90.239,0.003,-0.02,0.0,1660.1242826043933,0.0,0.0,0.0,0.0,0.0,8.0,0.0,0.0,0.0,0.0,0.0137698,-0.0068849,-0.0275396,4.7987753,-0.0137698,-1.1773179,0.01231013430998,0.004438583638528,-0.006137728937652,-0.0029491758242370003,-0.000258699633705,0.00258699633705,49.998999999999995,1.647793999836722,0.14994299999671057,0.06803699989177403,0.0
pd,23:51:14.776,1075,-40.003,-89.999,0.0,-90.239,0.003,-0.02,0.0,0.0,0.0,0.0,0.0,0.0,-40.003,-40.0,0.0,-90.239,0.003,-0.02,-40.003,-81.999,0.0,-90.239,0.003,-0.02,0.0,2066.923247505236,0.0,0.0,0.0,0.0,0.0,8.0,0.0,0.0,0.0,0.0,0.0137698,-0.0068849,-0.0275396,4.7987753,-0.0137698,-1.1773179,0.01231013430998,0.004438583638528,-0.006137728937652,-0.0029491758242370003,-0.000258699633705,0.00258699633705,49.998999999999995,1.7438119998587354,0.1658679998399748,0.07464800000889227,0.0
pd,23:51:14.778,1076,-40.003,-89.999,0.0,-90.239,0.003,-0.02,0.0,0.0,0.0,0.0,0.0,0.0,-40.003,-40.0,0.0,-90.239,0.003,-0.02,-40.003,-81.999,0.0,-90.239,0.003,-0.02,0.0,1942.2570039360962,0.0,0.0,0.0,0.0,0.0,8.0,0.0,0.0,0.0,0.0,0.0137698,-0.0068849,-0.0275396,4.7987753,-0.0137698,-1.1773179,0.01231013430998,0.004438583638528,-0.006137728937652,-0.0029491758242370003,-0.000258699633705,0.00258699633705,49.998999999999995,1.709922999907576,0.3109780000158935,0.13753500024904497,0.0
pd,23:51:14.781,1077,-40.003,-89.999,0.0,-90.239,0.003,-0.02,0.0,0.0,0.0,0.0,0.0,0.0,-40.003,-40.0,0.0,-90.239,0.003,-0.02,-40.003,-81.999,0.0,-90.239,0.003,-0.02,0.0,1785.3800148983719,0.0,0.0,0.0,0.0,0.0,8.0,0.0,0.0,0.0,0.0,0.0137698,-0.0068849,-0.0275396,4.7987753,-0.0137698,-1.1773179,0.01231013430998,0.004438583638528,-0.006137728937652,-0.0029491758242370003,-0.000258699633705,0.00258699633705,49.998999999999995,1.670070999807649,0.16088700022010016,0.10335100023439736,0.0
pd,23:51:14.783,1078,-40.003,-89.999,0.0,-90.239,0.003,-0.02,0.0,0.0,0.0,0.0,0.0,0.0,-40.003,-40.0,0.0,-90.239,0.003,-0.02,-40.003,-81.999,0.0,-90.239,0.003,-0.02,0.0,1998.953413558918,0.0,0.0,0.0,0.0,0.0,8.0,0.0,0.0,0.0,0.0,0.0137698,-0.0068849,-0.0275396,4.7987753,-0.0137698,-1.1773179,0.01231013430998,0.004438583638528,-0.006137728937652,-0.0029491758242370003,-0.000258699633705,0.00258699633705,49.998999999999995,1.6267579999293957,0.13009099984628847,0.05479599985847017,0.0
pd,23:51:14.785,1079,-40.003,-89.999,0.0,-90.239,0.003,-0.02,0.0,0.0,0.0,0.0,0.0,0.0,-40.003,-40.0,0.0,-90.239,0.003,-0.02,-40.003,-81.999,0.0,-90.239,0.003,-0.02,0.0,2133.9628593233274,0.0,0.0,0.0,0.0,0.0,8.0,0.0,0.0,0.0,0.0,0.0137698,-0.0068849,-0.0275396,4.7987753,-0.0137698,-1.1773179,0.01231013430998,0.004438583638528,-0.006137728937652,-0.0029491758242370003,-0.000258699633705,0.00258699633705,49.998999999999995,1.650015999985044,0.13899800023864373,0.05810999982713838,0.0
pd,23:51:14.786,1080,-40.003,-89.999,0.0,-90.239,0.003,-0.02,0.0,0.0,0.0,0.0,0.0,0.0,-40.003,-40.0,0.0,-90.239,0.003,-0.02,-40.003,-81.999,0.0,-90.239,0.003,-0.02,0.0,2090.618816199377,0.0,0.0,0.0,0.0,0.0,8.0,0.0,0.0,0.0,0.0,0.0137698,-0.0068849,-0.0275396,4.7987753,-0.0137698,-1.1773179,0.01231013430998,0.004438583638528,-0.006137728937652,-0.0029491758242370003,-0.000258699633705,0.00258699633705,49.998999999999995,1.6095359997052583,0.12699899980361806,0.053295999805413885,0.0
pd,23:51:14.789,1081,-40.003,-89.999,0.0,-90.239,0.003,-0.02,0.0,0.0,0.0,0.0,0.0,0.0,-40.003,-40.0,0.0,-90.239,0.003,-0.02,-40.003,-81.999,0.0,-90.239,0.003,-0.02,0.0,1621.9273008507348,0.0,0.0,0.0,0.0,0.0,8.0,0.0,0.0,0.0,0.0,0.0137698,-0.0068849,-0.0275396,4.7987753,-0.0137698,-1.1773179,0.01231013430998,0.004438583638528,-0.006137728937652,-0.0029491758242370003,-0.000258699633705,0.00258699633705,49.998999999999995,2.2816569999122294,0.24438599984932807,0.1040729998749157,0.0
pd,23:51:14.792,1082,-40.003,-89.999,0.0,-90.239,0.003,-0.02,0.0,0.0,0.0,0.0,0.0,0.0,-40.003,-40.0,0.0,-90.239,0.003,-0.02,-40.003,-81.999,0.0,-90.239,0.003,-0.02,0.0,1461.9393516904845,0.0,0.0,0.0,0.0,0.0,8.0,0.0,0.0,0.0,0.0,0.0137698,-0.0068849,-0.0275396,4.7987753,-0.0137698,-1.1773179,0.01231013430998,0.004438583638528,-0.006137728937652,-0.0029491758242370003,-0.000258699633705,0.00258699633705,49.998999999999995,1.7097009999815782,0.1654799998505041,0.07218499968075776,0.0
pd,23:51:14.794,1083,-40.003,-89.999,0.0,-90.239,0.003,-0.02,0.0,0.0,0.0,0.0,0.0,0.0,-40.003,-40.0,0.0,-90.239,0.003,-0.02,-40.003,-81.999,0.0,-90.239,0.003,-0.02,0.0,1978.2120033014974,0.0,0.0,0.0,0.0,0.0,8.0,0.0,0.0,0.0,0.0,0.0137698,-0.0068849,-0.0275396,4.7987753,-0.0137698,-1.1773179,0.01231013430998,0.004438583638528,-0.006137728937652,-0.0029491758242370003,-0.000258699633705,0.00258699633705,49.998999999999995,1.6291829997499008,0.13557199963543098,0.06861099973320961,0.0
pd,23:51:14.796,1084,-40.003,-89.999,0.0,-90.239,0.003,-0.02,0.0,0.0,0.0,0.0,0.0,0.0,-40.003,-40.0,0.0,-90.239,0.003,-0.02,-40.003,-81.999,0.0,-90.239,0.003,-0.02,0.0,2101.881232773741,0.0,0.0,0.0,0.0,0.0,8.0,0.0,0.0,0.0,0.0,0.0137698,-0.0068849,-0.0275396,4.7987753,-0.0137698,-1.1773179,0.01231013430998,0.004438583638528,-0.006137728937652,-0.0029491758242370003,-0.000258699633705,0.00258699633705,49.998999999999995,1.6534240003238665,0.18833099966286682,0.06018499971105484,0.0
pd,23:51:14.798,1085,-40.003,-89.999,0.0,-90.239,0.003,-0.02,0.0,0.0,0.0,0.0,0.0,0.0,-40.003,-40.0,0.0,-90.239,0.003,-0.02,-40.003,-81.999,0.0,-90.239,0.003,-0.02,0.0,2031.8779217633523,0.0,0.0,0.0,0.0,0.0,8.0,0.0,0.0,0.0,0.0,0.0137698,-0.0068849,-0.0275396,4.7987753,-0.0137698,-1.1773179,0.01231013430998,0.004438583638528,-0.006137728937652,-0.0029491758242370003,-0.000258699633705,0.00258699633705,49.998999999999995,1.8860499999391322,0.19390500028748647,0.09520200001134071,0.0
pd,23:51:14.800,1086,-40.003,-89.999,0.0,-90.239,0.003,-0.02,0.0,0.0,0.0,0.0,0.0,0.0,-40.003,-40.0,0.0,-90.239,0.003,-0.02,-40.003,-81.999,0.0,-90.239,0.003,-0.02,0.0,1770.3087474939327,0.0,0.0,0.0,0.0,0.0,8.0,0.0,0.0,0.0,0.0,0.0137698,-0.0068849,-0.0275396,4.7987753,-0.0137698,-1.1773179,0.01231013430998,0.004438583638528,-0.006137728937652,-0.0029491758242370003,-0.000258699633705,0.00258699633705,49.998999999999995,1.8517540001994348,0.1664239998717676,0.07686900016778964,0.0
pd,23:51:14.802,1087,-40.003,-89.999,0.0,-90.239,0.003,-0.02,0.0,0.0,0.0,0.0,0.0,0.0,-40.003,-40.0,0.0,-90.239,0.003,-0.02,-40.003,-81.999,0.0,-90.239,0.003,-0.02,0.0,1844.2581070682643,0.0,0.0,0.0,0.0,0.0,8.0,0.0,0.0,0.0,0.0,0.0137698,-0.0068849,-0.0275396,4.7987753,-0.0137698,-1.1773179,0.01231013430998,0.004438583638528,-0.006137728937652,-0.0029491758242370003,-0.000258699633705,0.00258699633705,49.998999999999995,1.6757569997025712,0.1718499997878098,0.1460169996789773,0.0
pd,23:51:14.804,1088,-40.003,-89.999,0.0,-90.239,0.003,-0.02,0.0,0.0,0.0,0.0,0.0,0.0,-40.003,-40.0,0.0,-90.239,0.003,-0.02,-40.003,-81.999,0.0,-90.239,0.003,-0.02,0.0,1931.7462291306852,0.0,0.0,0.0,0.0,0.0,8.0,0.0,0.0,0.0,0.0,0.0137698,-0.0068849,-0.0275396,4.7987753,-0.0137698,-1.1773179,0.01231013430998,0.004438583638528,-0.006137728937652,-0.0029491758242370003,-0.000258699633705,0.00258699633705,49.998999999999995,1.7132010002569587,0.16179399972315878,0.06546199983858969,0.0
pd,23:51:14.806,1089,-40.003,-89.999,0.0,-90.239,0.003,-0.02,0.0,0.0,0.0,0.0,0.0,0.0,-40.003,-40.0,0.0,-90.239,0.003,-0.02,-40.003,-81.999,0.0,-90.239,0.003,-0.02,0.0,1989.4718368314952,0.0,0.0,0.0,0.0,0.0,8.0,0.0,0.0,0.0,0.0,0.0137698,-0.0068849,-0.0275396,4.7987753,-0.0137698,-1.1773179,0.01231013430998,0.004438583638528,-0.006137728937652,-0.0029491758242370003,-0.000258699633705,0.00258699633705,49.998999999999995,1.6337010001734598,0.13394300003710669,0.055962999795156065,0.0
pd,23:51:14.808,1090,-40.003,-89.999,0.0,-90.239,0.003,-0.02,0.0,0.0,0.0,0.0,0.0,0.0,-40.003,-40.0,0.0,-90.239,0.003,-0.02,-40.003,-81.999,0.0,-90.239,0.003,-0.02,0.0,2116.7317688619733,0.0,0.0,0.0,0.0,0.0,8.0,0.0,0.0,0.0,0.0,0.0137698,-0.0068849,-0.0275396,4.7987753,-0.0137698,-1.1773179,0.01231013430998,0.004438583638528,-0.006137728937652,-0.0029491758242370003,-0.000258699633705,0.00258699633705,49.998999999999995,1.6507390000697342,0.1465529999222781,0.06307300009211758,0.0
pd,23:51:14.810,1091,-40.003,-89.999,0.0,-90.239,0.003,-0.02,0.0,0.0,0.0,0.0,0.0,0.0,-40.003,-40.0,0.0,-90.239,0.003,-0.02,-40.003,-81.999,0.0,-90.239,0.003,-0.02,0.0,1613.1938461538462,0.0,0.0,0.0,0.0,0.0,8.0,0.0,0.0,0.0,0.0,0.0137698,-0.0068849,-0.0275396,4.7987753,-0.0137698,-1.1773179,0.01231013430998,0.004438583638528,-0.006137728937652,-0.0029491758242370003,-0.000258699633705,0.00258699633705,49.998999999999995,2.047973999651731,0.2599960002953594,0.08605499988334486,0.0
pd,23:51:14.813,1092,-40.003,-89.999,0.0,-90.239,0.003,-0.02,0.0,0.0,0.0,0.0,0.0,0.0,-40.003,-40.0,0.0,-90.239,0.003,-0.02,-40.003,-81.999,0.0,-90.239,0.003,-0.02,0.0,1607.4749449075405,0.0,0.0,0.0,0.0,0.0,8.0,0.0,0.0,0.0,0.0,0.0137698,-0.0068849,-0.0275396,4.7987753,-0.0137698,-1.1773179,0.01231013430998,0.004438583638528,-0.006137728937652,-0.0029491758242370003,-0.000258699633705,0.00258699633705,49.998999999999995,1.6544059999432648,0.1449430001230212,0.058074000207852805,0.0
pd,23:51:14.815,1093,-40.003,-89.999,0.0,-90.239,0.003,-0.02,0.0,0.0,0.0,0.0,0.0,0.0,-40.003,-40.0,0.0,-90.239,0.003,-0.02,-40.003,-81.999,0.0,-90.239,0.003,-0.02,0.0,2079.9920654599555,0.0,0.0,0.0,0.0,0.0,8.0,0.0,0.0,0.0,0.0,0.0137698,-0.0068849,-0.0275396,4.7987753,-0.0137698,-1.1773179,0.01231013430998,0.004438583638528,-0.006137728937652,-0.0029491758242370003,-0.000258699633705,0.00258699633705,49.998999999999995,1.6191839999919466,0.17481199984104023,0.07407299972328474,0.0
pd,23:51:14.817,1094,-40.003,-89.999,0.0,-90.239,0.003,-0.02,0.0,0.0,0.0,0.0,0.0,0.0,-40.003,-40.0,0.0,-90.239,0.003,-0.02,-40.003,-81.999,0.0,-90.239,0.003,-0.02,0.0,2060.5767624662244,0.0,0.0,0.0,0.0,0.0,8.0,0.0,0.0,0.0,0.0,0.0137698,-0.0068849,-0.0275396,4.7987753,-0.0137698,-1.1773179,0.01231013430998,0.004438583638528,-0.006137728937652,-0.0029491758242370003,-0.000258699633705,0.00258699633705,49.998999999999995,1.6654240002935694,0.13838699987900327,0.06229600012375158,0.0
pd,23:51:14.819,1095,-40.003,-89.999,0.0,-90.239,0.003,-0.02,0.0,0.0,0.0,0.0,0.0,0.0,-40.003,-40.0,0.0,-90.239,0.003,-0.02,-40.003,-81.999,0.0,-90.239,0.003,-0.02,0.0,2070.4943847957547,0.0,0.0,0.0,0.0,0.0,8.0,0.0,0.0,0.0,0.0,0.0137698,-0.0068849,-0.0275396,4.7987753,-0.0137698,-1.1773179,0.01231013430998,0.004438583638528,-0.006137728937652,-0.0029491758242370003,-0.000258699633705,0.00258699633705,49.998999999999995,1.6181280002456333,0.13784999964627787,0.08933299977798015,0.0
pd,23:51:14.821,1096,-40.003,-89.999,0.0,-90.239,0.003,-0.02,0.0,0.0,0.0,0.0,0.0,0.0,-40.003,-40.0,0.0,-90.239,0.003,-0.02,-40.003,-81.999,0.0,-90.239,0.003,-0.02,0.0,2088.2768235001245,0.0,0.0,0.0,0.0,0.0,8.0,0.0,0.0,0.0,0.0,0.0137698,-0.0068849,-0.0275396,4.7987753,-0.0137698,-1.1773179,0.01231013430998,0.004438583638528,-0.006137728937652,-0.0029491758242370003,-0.000258699633705,0.00258699633705,49.998999999999995,1.7759960001058062,0.17088599997805431,0.07542499997725827,0.0
pd,23:51:14.823,1097,-40.003,-89.999,0.0,-90.239,0.003,-0.02,0.0,0.0,0.0,0.0,0.0,0.0,-40.003,-40.0,0.0,-90.239,0.003,-0.02,-40.003,-81.999,0.0,-90.239,0.003,-0.02,0.0,1908.2365787079164,0.0,0.0,0.0,0.0,0.0,8.0,0.0,0.0,0.0,0.0,0.0137698,-0.0068849,-0.0275396,4.7987753,-0.0137698,-1.1773179,0.01231013430998,0.004438583638528,-0.006137728937652,-0.0029491758242370003,-0.000258699633705,0.00258699633705,49.998999999999995,1.942012000199611,0.19316399993840605,0.09301799991590087,0.0
pd,23:51:14.825,1098,-40.003,-89.999,0.0,-90.239,0.003,-0.02,0.0,0.0,0.0,0.0,0.0,0.0,-40.003,-40.0,0.0,-90.239,0.003,-0.02,-40.003,-81.999,0.0,-90.239,0.003,-0.02,0.0,1729.2533498247783,0.0,0.0,0.0,0.0,0.0,8.0,0.0,0.0,0.0,0.0,0.0137698,-0.0068849,-0.0275396,4.7987753,-0.0137698,-1.1773179,0.01231013430998,0.004438583638528,-0.006137728937652,-0.0029491758242370003,-0.000258699633705,0.00258699633705,49.998999999999995,1.6441089996988012,0.1411469997947279,0.061221999658300774,0.0
pd,23:51:14.827,1099,-40.003,-89.999,0.0,-90.239,0.003,-0.02,0.0,0.0,0.0,0.0,0.0,0.0,-40.003,-40.0,0.0,-90.239,0.003,-0.02,-40.003,-81.999,0.0,-90.239,0.003,-0.02,0.0,2091.139972578836,0.0,0.0,0.0,0.0,0.0,8.0,0.0,0.0,0.0,0.0,0.0137698,-0.0068849,-0.0275396,4.7987753,-0.0137698,-1.1773179,0.01231013430998,0.004438583638528,-0.006137728937652,-0.0029491758242370003,-0.000258699633705,0.00258699633705,49.998999999999995,1.6448680003122718,0.13683099996342207,0.059981000049447175,0.0
pd,23:51:14.829,1100,-40.003,-89.999,0.0,-90.239,0.003,-0.02,0.0,0.0,0.0,0.0,0.0,0.0,-40.003,-40.0,0.0,-90.239,0.003,-0.02,-40.003,-81.999,0.0,-90.239,0.003,-0.02,0.0,2095.580314763927,0.0,0.0,0.0,0.0,0.0,8.0,0.0,0.0,0.0,0.0,0.0137698,-0.0068849,-0.0275396,4.7987753,-0.0137698,-1.1773179,0.01231013430998,0.004438583638528,-0.006137728937652,-0.0029491758242370003,-0.000258699633705,0.00258699633705,49.998999999999995,1.7206640000040352,0.1606829996489978,0.07161000030464493,0.0
pd,23:51:14.832,1101,-40.003,-89.999,0.0,-90.239,0.003,-0.02,0.0,0.0,0.0,0.0,0.0,0.0,-40.003,-40.0,0.0,-90.239,0.003,-0.02,-40.003,-81.999,0.0,-90.239,0.003,-0.02,0.0,1424.211884550085,0.0,0.0,0.0,0.0,0.0,8.0,0.0,0.0,0.0,0.0,0.0137698,-0.0068849,-0.0275396,4.7987753,-0.0137698,-1.1773179,0.01231013430998,0.004438583638528,-0.006137728937652,-0.0029491758242370003,-0.000258699633705,0.00258699633705,49.998999999999995,1.9449759997769434,0.23110899974199128,0.07620299993504887,0.0
pd,23:51:14.834,1102,-40.003,-89.999,0.0,-90.239,0.003,-0.02,0.0,0.0,0.0,0.0,0.0,0.0,-40.003,-40.0,0.0,-90.239,0.003,-0.02,-40.003,-81.999,0.0,-90.239,0.003,-0.02,0.0,1686.3218413910945,0.0,0.0,0.0,0.0,0.0,8.0,0.0,0.0,0.0,0.0,0.0137698,-0.0068849,-0.0275396,4.7987753,-0.0137698,-1.1773179,0.01231013430998,0.004438583638528,-0.006137728937652,-0.0029491758242370003,-0.000258699633705,0.00258699633705,49.998999999999995,1.6494980000061332,0.15666499984945403,0.06994300019869115,0.0
pd,23:51:14.836,1103,-40.003,-89.999,0.0,-90.239,0.003,-0.02,0.0,0.0,0.0,0.0,0.0,0.0,-40.003,-40.0,0.0,-90.239,0.003,-0.02,-40.003,-81.999,0.0,-90.239,0.003,-0.02,0.0,2050.2524746425515,0.0,0.0,0.0,0.0,0.0,8.0,0.0,0.0,0.0,0.0,0.0137698,-0.0068849,-0.0275396,4.7987753,-0.0137698,-1.1773179,0.01231013430998,0.004438583638528,-0.006137728937652,-0.0029491758242370003,-0.000258699633705,0.00258699633705,49.998999999999995,1.778810999894631,0.16399800006183796,0.07455500008290983,0.0
pd,23:51:14.838,1104,-40.003,-89.999,0.0,-90.239,0.003,-0.02,0.0,0.0,0.0,0.0,0.0,0.0,-40.003,-40.0,0.0,-90.239,0.003,-0.02,-40.003,-81.999,0.0,-90.239,0.003,-0.02,0.0,1912.151356279918,0.0,0.0,0.0,0.0,0.0,8.0,0.0,0.0,0.0,0.0,0.0137698,-0.0068849,-0.0275396,4.7987753,-0.0137698,-1.1773179,0.01231013430998,0.004438583638528,-0.006137728937652,-0.0029491758242370003,-0.000258699633705,0.00258699633705,49.998999999999995,1.6377580000153102,0.1388129999213561,0.05977700038783951,0.0
pd,23:51:14.840,1105,-40.003,-89.999,0.0,-90.239,0.003,-0.02,0.0,0.0,0.0,0.0,0.0,0.0,-40.003,-40.0,0.0,-90.239,0.003,-0.02,-40.003,-81.999,0.0,-90.239,0.003,-0.02,0.0,2103.1986962517235,0.0,0.0,0.0,0.0,0.0,8.0,0.0,0.0,0.0,0.0,0.0137698,-0.0068849,-0.0275396,4.7987753,-0.0137698,-1.1773179,0.01231013430998,0.004438583638528,-0.006137728937652,-0.0029491758242370003,-0.000258699633705,0.00258699633705,49.998999999999995,1.872385000297072,0.1749429998199048,0.08377699987249798,0.0
pd,23:51:14.842,1106,-40.003,-89.999,0.0,-90.239,0.003,-0.02,0.0,0.0,0.0,0.0,0.0,0.0,-40.003,-40.0,0.0,-90.239,0.003,-0.02,-40.003,-81.999,0.0,-90.239,0.003,-0.02,0.0,1811.9900637217843,0.0,0.0,0.0,0.0,0.0,8.0,0.0,0.0,0.0,0.0,0.0137698,-0.0068849,-0.0275396,4.7987753,-0.0137698,-1.1773179,0.01231013430998,0.004438583638528,-0.006137728937652,-0.0029491758242370003,-0.000258699633705,0.00258699633705,49.998999999999995,1.6940150003392773,0.14592399975299486,0.06431400015571853,0.0
pd,23:51:14.844,1107,-40.003,-89.999,0.0,-90.239,0.003,-0.02,0.0,0.0,0.0,0.0,0.0,0.0,-40.003,-40.0,0.0,-90.239,0.003,-0.02,-40.003,-81.999,0.0,-90.239,0.003,-0.02,0.0,2028.6839177750908,0.0,0.0,0.0,0.0,0.0,8.0,0.0,0.0,0.0,0.0,0.0137698,-0.0068849,-0.0275396,4.7987753,-0.0137698,-1.1773179,0.01231013430998,0.004438583638528,-0.006137728937652,-0.0029491758242370003,-0.000258699633705,0.00258699633705,49.998999999999995,1.7119780000030005,0.1395899998897221,0.06240699985937681,0.0
pd,23:51:14.846,1108,-40.003,-89.999,0.0,-90.239,0.003,-0.02,0.0,0.0,0.0,0.0,0.0,0.0,-40.003,-40.0,0.0,-90.239,0.003,-0.02,-40.003,-81.999,0.0,-90.239,0.003,-0.02,0.0,2019.8911630146881,0.0,0.0,0.0,0.0,0.0,8.0,0.0,0.0,0.0,0.0,0.0137698,-0.0068849,-0.0275396,4.7987753,-0.0137698,-1.1773179,0.01231013430998,0.004438583638528,-0.006137728937652,-0.0029491758242370003,-0.000258699633705,0.00258699633705,49.998999999999995,1.6967199999271543,0.12514600030044676,0.05364800017559901,0.0
pd,23:51:14.848,1109,-40.003,-89.999,0.0,-90.239,0.003,-0.02,0.0,0.0,0.0,0.0,0.0,0.0,-40.003,-40.0,0.0,-90.239,0.003,-0.02,-40.003,-81.999,0.0,-90.239,0.003,-0.02,0.0,2065.6508249199705,0.0,0.0,0.0,0.0,0.0,8.0,0.0,0.0,0.0,0.0,0.0137698,-0.0068849,-0.0275396,4.7987753,-0.0137698,-1.1773179,0.01231013430998,0.004438583638528,-0.006137728937652,-0.0029491758242370003,-0.000258699633705,0.00258699633705,49.998999999999995,1.9845679998979904,0.19379399964236654,0.09333200023320387,0.0
pd,23:51:14.850,1110,-40.003,-89.999,0.0,-90.239,0.003,-0.02,0.0,0.0,0.0,0.0,0.0,0.0,-40.003,-40.0,0.0,-90.239,0.003,-0.02,-40.003,-81.999,0.0,-90.239,0.003,-0.02,0.0,1699.3027448597184,0.0,0.0,0.0,0.0,0.0,8.0,0.0,0.0,0.0,0.0,0.0137698,-0.0068849,-0.0275396,4.7987753,-0.0137698,-1.1773179,0.01231013430998,0.004438583638528,-0.006137728937652,-0.0029491758242370003,-0.000258699633705,0.00258699633705,49.998999999999995,1.8188469998676737,0.16149799967024592,0.07296199964912375,0.0
pd,23:51:14.853,1111,-40.003,-89.999,0.0,-90.239,0.003,-0.02,0.0,0.0,0.0,0.0,0.0,0.0,-40.003,-40.0,0.0,-90.239,0.003,-0.02,-40.003,-81.999,0.0,-90.239,0.003,-0.02,0.0,1472.7191011235955,0.0,0.0,0.0,0.0,0.0,8.0,0.0,0.0,0.0,0.0,0.0137698,-0.0068849,-0.0275396,4.7987753,-0.0137698,-1.1773179,0.01231013430998,0.004438583638528,-0.006137728937652,-0.0029491758242370003,-0.000258699633705,0.00258699633705,49.998999999999995,1.9479950001368707,0.22799800035500084,0.08338800034835003,0.0
pd,23:51:14.856,1112,-40.003,-89.999,0.0,-90.239,0.003,-0.02,0.0,0.0,0.0,0.0,0.0,0.0,-40.003,-40.0,0.0,-90.239,0.003,-0.02,-40.003,-81.999,0.0,-90.239,0.003,-0.02,0.0,1699.6470469050755,0.0,0.0,0.0,0.0,0.0,8.0,0.0,0.0,0.0,0.0,0.0137698,-0.0068849,-0.0275396,4.7987753,-0.0137698,-1.1773179,0.01231013430998,0.004438583638528,-0.006137728937652,-0.0029491758242370003,-0.000258699633705,0.00258699633705,49.998999999999995,1.7189230002259137,0.1770349999787868,0.07729599974481971,0.0
pd,23:51:14.858,1113,-40.003,-89.999,0.0,-90.239,0.003,-0.02,0.0,0.0,0.0,0.0,0.0,0.0,-40.003,-40.0,0.0,-90.239,0.003,-0.02,-40.003,-81.999,0.0,-90.239,0.003,-0.02,0.0,1952.4282555568486,0.0,0.0,0.0,0.0,0.0,8.0,0.0,0.0,0.0,0.0,0.0137698,-0.0068849,-0.0275396,4.7987753,-0.0137698,-1.1773179,0.01231013430998,0.004438583638528,-0.006137728937652,-0.0029491758242370003,-0.000258699633705,0.00258699633705,49.998999999999995,1.6409979998570634,0.14503500005957903,0.06277700003920472,0.0
pd,23:51:14.859,1114,-40.003,-89.999,0.0,-90.239,0.003,-0.02,0.0,0.0,0.0,0.0,0.0,0.0,-40.003,-40.0,0.0,-90.239,0.003,-0.02,-40.003,-81.999,0.0,-90.239,0.003,-0.02,0.0,2085.680755842864,0.0,0.0,0.0,0.0,0.0,8.0,0.0,0.0,0.0,0.0,0.0137698,-0.0068849,-0.0275396,4.7987753,-0.0137698,-1.1773179,0.01231013430998,0.004438583638528,-0.006137728937652,-0.0029491758242370003,-0.000258699633705,0.00258699633705,49.998999999999995,1.6717190001145354,0.2840890001607477,0.08544399997845176,0.0
pd,23:51:14.862,1115,-40.003,-89.999,0.0,-90.239,0.003,-0.02,0.0,0.0,0.0,0.0,0.0,0.0,-40.003,-40.0,0.0,-90.239,0.003,-0.02,-40.003,-81.999,0.0,-90.239,0.003,-0.02,0.0,1885.928057553957,0.0,0.0,0.0,0.0,0.0,8.0,0.0,0.0,0.0,0.0,0.0137698,-0.0068849,-0.0275396,4.7987753,-0.0137698,-1.1773179,0.01231013430998,0.004438583638528,-0.006137728937652,-0.0029491758242370003,-0.000258699633705,0.00258699633705,49.998999999999995,1.6569240001444996,0.1628319996598293,0.06462900000769878,0.0
pd,23:51:14.864,1116,-40.003,-89.999,0.0,-90.239,0.003,-0.02,0.0,0.0,0.0,0.0,0.0,0.0,-40.003,-40.0,0.0,-90.239,0.003,-0.02,-40.003,-81.999,0.0,-90.239,0.003,-0.02,0.0,2050.2524746425515,0.0,0.0,0.0,0.0,0.0,8.0,0.0,0.0,0.0,0.0,0.0137698,-0.0068849,-0.0275396,4.7987753,-0.0137698,-1.1773179,0.01231013430998,0.004438583638528,-0.006137728937652,-0.0029491758242370003,-0.000258699633705,0.00258699633705,49.998999999999995,1.6854790001161746,0.18334999958824483,0.08477600022160914,0.0
pd,23:51:14.866,1117,-40.003,-89.999,0.0,-90.239,0.003,-0.02,0.0,0.0,0.0,0.0,0.0,0.0,-40.003,-40.0,0.0,-90.239,0.003,-0.02,-40.003,-81.999,0.0,-90.239,0.003,-0.02,0.0,1965.6960749853545,0.0,0.0,0.0,0.0,0.0,8.0,0.0,0.0,0.0,0.0,0.0137698,-0.0068849,-0.0275396,4.7987753,-0.0137698,-1.1773179,0.01231013430998,0.004438583638528,-0.006137728937652,-0.0029491758242370003,-0.000258699633705,0.00258699633705,49.998999999999995,1.655090999975073,0.14003500018588966,0.06042599989086739,0.0
pd,23:51:14.868,1118,-40.003,-89.999,0.0,-90.239,0.003,-0.02,0.0,0.0,0.0,0.0,0.0,0.0,-40.003,-40.0,0.0,-90.239,0.003,-0.02,-40.003,-81.999,0.0,-90.239,0.003,-0.02,0.0,2082.0570861255896,0.0,0.0,0.0,0.0,0.0,8.0,0.0,0.0,0.0,0.0,0.0137698,-0.0068849,-0.0275396,4.7987753,-0.0137698,-1.1773179,0.01231013430998,0.004438583638528,-0.006137728937652,-0.0029491758242370003,-0.000258699633705,0.00258699633705,49.998999999999995,1.6865159996086732,0.15899800018814858,0.07262899998750072,0.0
pd,23:51:14.870,1119,-40.003,-89.999,0.0,-90.239,0.003,-0.02,0.0,0.0,0.0,0.0,0.0,0.0,-40.003,-40.0,0.0,-90.239,0.003,-0.02,-40.003,-81.999,0.0,-90.239,0.003,-0.02,0.0,2007.3242402488634,0.0,0.0,0.0,0.0,0.0,8.0,0.0,0.0,0.0,0.0,0.0137698,-0.0068849,-0.0275396,4.7987753,-0.0137698,-1.1773179,0.01231013430998,0.004438583638528,-0.006137728937652,-0.0029491758242370003,-0.000258699633705,0.00258699633705,49.998999999999995,1.6415720001532463,0.12877600011051982,0.05618499972115387,0.0
pd,23:51:14.872,1120,-40.003,-89.999,0.0,-90.239,0.003,-0.02,0.0,0.0,0.0,0.0,0.0,0.0,-40.003,-40.0,0.0,-90.239,0.003,-0.02,-40.003,-81.999,0.0,-90.239,0.003,-0.02,0.0,1960.1841336604743,0.0,0.0,0.0,0.0,0.0,8.0,0.0,0.0,0.0,0.0,0.0137698,-0.0068849,-0.0275396,4.7987753,-0.0137698,-1.1773179,0.01231013430998,0.004438583638528,-0.006137728937652,-0.0029491758242370003,-0.000258699633705,0.00258699633705,49.998999999999995,1.7101820003517787,0.17110899989347672,0.06816600034653675,0.0
pd,23:51:14.874,1121,-40.003,-89.999,0.0,-90.239,0.003,-0.02,0.0,0.0,0.0,0.0,0.0,0.0,-40.003,-40.0,0.0,-90.239,0.003,-0.02,-40.003,-81.999,0.0,-90.239,0.003,-0.02,0.0,1538.3473317439941,0.0,0.0,0.0,0.0,0.0,8.0,0.0,0.0,0.0,0.0,0.0137698,-0.0068849,-0.0275396,4.7987753,-0.0137698,-1.1773179,0.01231013430998,0.004438583638528,-0.006137728937652,-0.0029491758242370003,-0.000258699633705,0.00258699633705,49.998999999999995,2.124528999956965,0.22990399975242326,0.21218200026851264,0.0
pd,23:51:14.877,1122,-40.003,-89.999,0.0,-90.239,0.003,-0.02,0.0,0.0,0.0,0.0,0.0,0.0,-40.003,-40.0,0.0,-90.239,0.003,-0.02,-40.003,-81.999,0.0,-90.239,0.003,-0.02,0.0,1499.5723989989274,0.0,0.0,0.0,0.0,0.0,8.0,0.0,0.0,0.0,0.0,0.0137698,-0.0068849,-0.0275396,4.7987753,-0.0137698,-1.1773179,0.01231013430998,0.004438583638528,-0.006137728937652,-0.0029491758242370003,-0.000258699633705,0.00258699633705,49.998999999999995,1.6639799996482907,0.16268399986074655,0.062369000261242036,0.0
pd,23:51:14.879,1123,-40.003,-89.999,0.0,-90.239,0.003,-0.02,0.0,0.0,0.0,0.0,0.0,0.0,-40.003,-40.0,0.0,-90.239,0.003,-0.02,-40.003,-81.999,0.0,-90.239,0.003,-0.02,0.0,2042.7634238402532,0.0,0.0,0.0,0.0,0.0,8.0,0.0,0.0,0.0,0.0,0.0137698,-0.0068849,-0.0275396,4.7987753,-0.0137698,-1.1773179,0.01231013430998,0.004438583638528,-0.006137728937652,-0.0029491758242370003,-0.000258699633705,0.00258699633705,49.998999999999995,1.7898109999805456,0.21779400003651972,0.08738799988350365,0.0
pd,23:51:14.881,1124,-40.003,-89.999,0.0,-90.239,0.003,-0.02,0.0,0.0,0.0,0.0,0.0,0.0,-40.003,-40.0,0.0,-90.239,0.003,-0.02,-40.003,-81.999,0.0,-90.239,0.003,-0.02,0.0,1841.0200812026776,0.0,0.0,0.0,0.0,0.0,8.0,0.0,0.0,0.0,0.0,0.0137698,-0.0068849,-0.0275396,4.7987753,-0.0137698,-1.1773179,0.01231013430998,0.004438583638528,-0.006137728937652,-0.0029491758242370003,-0.000258699633705,0.00258699633705,49.998999999999995,1.8102919998455036,0.16631300013614236,0.07672100036870688,0.0
pd,23:51:14.883,1125,-40.003,-89.999,0.0,-90.239,0.003,-0.02,0.0,0.0,0.0,0.0,0.0,0.0,-40.003,-40.0,0.0,-90.239,0.003,-0.02,-40.003,-81.999,0.0,-90.239,0.003,-0.02,0.0,1880.0107575078441,0.0,0.0,0.0,0.0,0.0,8.0,0.0,0.0,0.0,0.0,0.0137698,-0.0068849,-0.0275396,4.7987753,-0.0137698,-1.1773179,0.01231013430998,0.004438583638528,-0.006137728937652,-0.0029491758242370003,-0.000258699633705,0.00258699633705,49.998999999999995,1.669923999997991,0.1432939998267102,0.06120199986980879,0.0
pd,23:51:14.885,1126,-40.003,-89.999,0.0,-90.239,0.003,-0.02,0.0,0.0,0.0,0.0,0.0,0.0,-40.003,-40.0,0.0,-90.239,0.003,-0.02,-40.003,-81.999,0.0,-90.239,0.003,-0.02,0.0,2059.564939847778,0.0,0.0,0.0,0.0,0.0,8.0,0.0,0.0,0.0,0.0,0.0137698,-0.0068849,-0.0275396,4.7987753,-0.0137698,-1.1773179,0.01231013430998,0.004438583638528,-0.006137728937652,-0.0029491758242370003,-0.000258699633705,0.00258699633705,49.998999999999995,1.616684000055102,0.1339250002274639,0.05812900008095312,0.0
pd,23:51:14.887,1127,-40.003,-89.999,0.0,-90.239,0.003,-0.02,0.0,0.0,0.0,0.0,0.0,0.0,-40.003,-40.0,0.0,-90.239,0.003,-0.02,-40.003,-81.999,0.0,-90.239,0.003,-0.02,0.0,2135.5926680244397,0.0,0.0,0.0,0.0,0.0,8.0,0.0,0.0,0.0,0.0,0.0137698,-0.0068849,-0.0275396,4.7987753,-0.0137698,-1.1773179,0.01231013430998,0.004438583638528,-0.006137728937652,-0.0029491758242370003,-0.000258699633705,0.00258699633705,49.998999999999995,1.600275999862788,0.1538500000606291,0.0628139996479149,0.0
pd,23:51:14.889,1128,-40.003,-89.999,0.0,-90.239,0.003,-0.02,0.0,0.0,0.0,0.0,0.0,0.0,-40.003,-40.0,0.0,-90.239,0.003,-0.02,-40.003,-81.999,0.0,-90.239,0.003,-0.02,0.0,2126.120390318084,0.0,0.0,0.0,0.0,0.0,8.0,0.0,0.0,0.0,0.0,0.0137698,-0.0068849,-0.0275396,4.7987753,-0.0137698,-1.1773179,0.01231013430998,0.004438583638528,-0.006137728937652,-0.0029491758242370003,-0.000258699633705,0.00258699633705,49.998999999999995,1.6227020000769699,0.13929499982623383,0.060461999964900315,0.0
pd,23:51:14.891,1129,-40.003,-89.999,0.0,-90.239,0.003,-0.02,0.0,0.0,0.0,0.0,0.0,0.0,-40.003,-40.0,0.0,-90.239,0.003,-0.02,-40.003,-81.999,0.0,-90.239,0.003,-0.02,0.0,2119.9413697245386,0.0,0.0,0.0,0.0,0.0,8.0,0.0,0.0,0.0,0.0,0.0137698,-0.0068849,-0.0275396,4.7987753,-0.0137698,-1.1773179,0.01231013430998,0.004438583638528,-0.006137728937652,-0.0029491758242370003,-0.000258699633705,0.00258699633705,49.998999999999995,1.7558109998390137,0.17951599966181675,0.07742500019958243,0.0
pd,23:51:14.893,1130,-40.003,-89.999,0.0,-90.239,0.003,-0.02,0.0,0.0,0.0,0.0,0.0,0.0,-40.003,-40.0,0.0,-90.239,0.003,-0.02,-40.003,-81.999,0.0,-90.239,0.003,-0.02,0.0,1918.053732708357,0.0,0.0,0.0,0.0,0.0,8.0,0.0,0.0,0.0,0.0,0.0137698,-0.0068849,-0.0275396,4.7987753,-0.0137698,-1.1773179,0.01231013430998,0.004438583638528,-0.006137728937652,-0.0029491758242370003,-0.000258699633705,0.00258699633705,49.998999999999995,1.6378129998884106,0.14568300002792967,0.061035999806335894,0.0
pd,23:51:14.895,1131,-40.003,-89.999,0.0,-90.239,0.003,-0.02,0.0,0.0,0.0,0.0,0.0,0.0,-40.003,-40.0,0.0,-90.239,0.003,-0.02,-40.003,-81.999,0.0,-90.239,0.003,-0.02,0.0,1581.860833490477,0.0,0.0,0.0,0.0,0.0,8.0,0.0,0.0,0.0,0.0,0.0137698,-0.0068849,-0.0275396,4.7987753,-0.0137698,-1.1773179,0.01231013430998,0.004438583638528,-0.006137728937652,-0.0029491758242370003,-0.000258699633705,0.00258699633705,49.998999999999995,1.8834019997484575,0.22603399975196226,0.08296199985124986,0.0
pd,23:51:14.898,1132,-40.003,-89.999,0.0,-90.239,0.003,-0.02,0.0,0.0,0.0,0.0,0.0,0.0,-40.003,-40.0,0.0,-90.239,0.003,-0.02,-40.003,-81.999,0.0,-90.239,0.003,-0.02,0.0,1748.1729707200166,0.0,0.0,0.0,0.0,0.0,8.0,0.0,0.0,0.0,0.0,0.0137698,-0.0068849,-0.0275396,4.7987753,-0.0137698,-1.1773179,0.01231013430998,0.004438583638528,-0.006137728937652,-0.0029491758242370003,-0.000258699633705,0.00258699633705,49.998999999999995,1.6513119999217452,0.1510730003246863,0.3117930000371416,0.0
pd,23:51:14.900,1133,-40.003,-89.999,0.0,-90.239,0.003,-0.02,0.0,0.0,0.0,0.0,0.0,0.0,-40.003,-40.0,0.0,-90.239,0.003,-0.02,-40.003,-81.999,0.0,-90.239,0.003,-0.02,0.0,1821.8282115321967,0.0,0.0,0.0,0.0,0.0,8.0,0.0,0.0,0.0,0.0,0.0137698,-0.0068849,-0.0275396,4.7987753,-0.0137698,-1.1773179,0.01231013430998,0.004438583638528,-0.006137728937652,-0.0029491758242370003,-0.000258699633705,0.00258699633705,49.998999999999995,1.7734779999045713,0.35242200010543456,0.0934429999688291,0.0
pd,23:51:14.902,1134,-40.003,-89.999,0.0,-90.239,0.003,-0.02,0.0,0.0,0.0,0.0,0.0,0.0,-40.003,-40.0,0.0,-90.239,0.003,-0.02,-40.003,-81.999,0.0,-90.239,0.003,-0.02,0.0,1736.2326399668839,0.0,0.0,0.0,0.0,0.0,8.0,0.0,0.0,0.0,0.0,0.0137698,-0.0068849,-0.0275396,4.7987753,-0.0137698,-1.1773179,0.01231013430998,0.004438583638528,-0.006137728937652,-0.0029491758242370003,-0.000258699633705,0.00258699633705,49.998999999999995,1.7158670002572762,0.1501470001130656,0.0600919997850724,0.0
pd,23:51:14.904,1135,-40.003,-89.999,0.0,-90.239,0.003,-0.02,0.0,0.0,0.0,0.0,0.0,0.0,-40.003,-40.0,0.0,-90.239,0.003,-0.02,-40.003,-81.999,0.0,-90.239,0.003,-0.02,0.0,2008.0450029922201,0.0,0.0,0.0,0.0,0.0,8.0,0.0,0.0,0.0,0.0,0.0137698,-0.0068849,-0.0275396,4.7987753,-0.0137698,-1.1773179,0.01231013430998,0.004438583638528,-0.006137728937652,-0.0029491758242370003,-0.000258699633705,0.00258699633705,49.998999999999995,1.7891069996949227,0.15201699989120243,0.07111000013537705,0.0
pd,23:51:14.906,1136,-40.003,-89.999,0.0,-90.239,0.003,-0.02,0.0,0.0,0.0,0.0,0.0,0.0,-40.003,-40.0,0.0,-90.239,0.003,-0.02,-40.003,-81.999,0.0,-90.239,0.003,-0.02,0.0,1919.8095891978487,0.0,0.0,0.0,0.0,0.0,8.0,0.0,0.0,0.0,0.0,0.0137698,-0.0068849,-0.0275396,4.7987753,-0.0137698,-1.1773179,0.01231013430998,0.004438583638528,-0.006137728937652,-0.0029491758242370003,-0.000258699633705,0.00258699633705,49.998999999999995,1.6504430000168213,0.17223800023202784,0.07648000018889434,0.0
pd,23:51:14.908,1137,-40.003,-89.999,0.0,-90.239,0.003,-0.02,0.0,0.0,0.0,0.0,0.0,0.0,-40.003,-40.0,0.0,-90.239,0.003,-0.02,-40.003,-81.999,0.0,-90.239,0.003,-0.02,0.0,2024.7665942553706,0.0,0.0,0.0,0.0,0.0,8.0,0.0,0.0,0.0,0.0,0.0137698,-0.0068849,-0.0275396,4.7987753,-0.0137698,-1.1773179,0.01231013430998,0.004438583638528,-0.006137728937652,-0.0029491758242370003,-0.000258699633705,0.00258699633705,49.998999999999995,1.7458669999541598,0.15383099980681436,0.07124000012481702,0.0
pd,23:51:14.910,1138,-40.003,-89.999,0.0,-90.239,0.003,-0.02,0.0,0.0,0.0,0.0,0.0,0.0,-40.003,-40.0,0.0,-90.239,0.003,-0.02,-40.003,-81.999,0.0,-90.239,0.003,-0.02,0.0,1956.9830864341538,0.0,0.0,0.0,0.0,0.0,8.0,0.0,0.0,0.0,0.0,0.0137698,-0.0068849,-0.0275396,4.7987753,-0.0137698,-1.1773179,0.01231013430998,0.004438583638528,-0.006137728937652,-0.0029491758242370003,-0.000258699633705,0.00258699633705,49.998999999999995,1.7690330000732502,0.16281200032608467,0.0759990002734412,0.0
pd,23:51:14.912,1139,-40.003,-89.999,0.0,-90.239,0.003,-0.02,0.0,0.0,0.0,0.0,0.0,0.0,-40.003,-40.0,0.0,-90.239,0.003,-0.02,-40.003,-81.999,0.0,-90.239,0.003,-0.02,0.0,1919.5899313501145,0.0,0.0,0.0,0.0,0.0,8.0,0.0,0.0,0.0,0.0,0.0137698,-0.0068849,-0.0275396,4.7987753,-0.0137698,-1.1773179,0.01231013430998,0.004438583638528,-0.006137728937652,-0.0029491758242370003,-0.000258699633705,0.00258699633705,49.998999999999995,1.7234040001312678,0.1413689997207257,0.06048100021871505,0.0
pd,23:51:14.914,1140,-40.003,-89.999,0.0,-90.239,0.003,-0.02,0.0,0.0,0.0,0.0,0.0,0.0,-40.003,-40.0,0.0,-90.239,0.003,-0.02,-40.003,-81.999,0.0,-90.239,0.003,-0.02,0.0,2007.3242402488634,0.0,0.0,0.0,0.0,0.0,8.0,0.0,0.0,0.0,0.0,0.0137698,-0.0068849,-0.0275396,4.7987753,-0.0137698,-1.1773179,0.01231013430998,0.004438583638528,-0.006137728937652,-0.0029491758242370003,-0.000258699633705,0.00258699633705,49.998999999999995,1.6646090002723213,0.12399900015225285,0.055018000239215326,0.0
pd,23:51:14.917,1141,-40.003,-89.999,0.0,-90.239,0.003,-0.02,0.0,0.0,0.0,0.0,0.0,0.0,-40.003,-40.0,0.0,-90.239,0.003,-0.02,-40.003,-81.999,0.0,-90.239,0.003,-0.02,0.0,1558.641397250093,0.0,0.0,0.0,0.0,0.0,8.0,0.0,0.0,0.0,0.0,0.0137698,-0.0068849,-0.0275396,4.7987753,-0.0137698,-1.1773179,0.01231013430998,0.004438583638528,-0.006137728937652,-0.0029491758242370003,-0.000258699633705,0.00258699633705,49.998999999999995,1.8660139999155945,0.2200720000473666,0.07140700017771451,0.0
pd,23:51:14.919,1142,-40.003,-89.999,0.0,-90.239,0.003,-0.02,0.0,0.0,0.0,0.0,0.0,0.0,-40.003,-40.0,0.0,-90.239,0.003,-0.02,-40.003,-81.999,0.0,-90.239,0.003,-0.02,0.0,1779.132131495228,0.0,0.0,0.0,0.0,0.0,8.0,0.0,0.0,0.0,0.0,0.0137698,-0.0068849,-0.0275396,4.7987753,-0.0137698,-1.1773179,0.01231013430998,0.004438583638528,-0.006137728937652,-0.0029491758242370003,-0.000258699633705,0.00258699633705,49.998999999999995,1.7923109999173903,0.1743120001265197,0.07194299996626796,0.0
pd,23:51:14.921,1143,-40.003,-89.999,0.0,-90.239,0.003,-0.02,0.0,0.0,0.0,0.0,0.0,0.0,-40.003,-40.0,0.0,-90.239,0.003,-0.02,-40.003,-81.999,0.0,-90.239,0.003,-0.02,0.0,1891.2429263893587,0.0,0.0,0.0,0.0,0.0,8.0,0.0,0.0,0.0,0.0,0.0137698,-0.0068849,-0.0275396,4.7987753,-0.0137698,-1.1773179,0.01231013430998,0.004438583638528,-0.006137728937652,-0.0029491758242370003,-0.000258699633705,0.00258699633705,49.998999999999995,1.796402999843849,0.16653500006214017,0.0759990002734412,0.0
pd,23:51:14.923,1144,-40.003,-89.999,0.0,-90.239,0.003,-0.02,0.0,0.0,0.0,0.0,0.0,0.0,-40.003,-40.0,0.0,-90.239,0.003,-0.02,-40.003,-81.999,0.0,-90.239,0.003,-0.02,0.0,1893.1636199503498,0.0,0.0,0.0,0.0,0.0,8.0,0.0,0.0,0.0,0.0,0.0137698,-0.0068849,-0.0275396,4.7987753,-0.0137698,-1.1773179,0.01231013430998,0.004438583638528,-0.006137728937652,-0.0029491758242370003,-0.000258699633705,0.00258699633705,49.998999999999995,1.9754940003622323,0.200052999844047,0.09601700003258884,0.0
pd,23:51:14.926,1145,-40.003,-89.999,0.0,-90.239,0.003,-0.02,0.0,0.0,0.0,0.0,0.0,0.0,-40.003,-40.0,0.0,-90.239,0.003,-0.02,-40.003,-81.999,0.0,-90.239,0.003,-0.02,0.0,1695.695977360016,0.0,0.0,0.0,0.0,0.0,8.0,0.0,0.0,0.0,0.0,0.0137698,-0.0068849,-0.0275396,4.7987753,-0.0137698,-1.1773179,0.01231013430998,0.004438583638528,-0.006137728937652,-0.0029491758242370003,-0.000258699633705,0.00258699633705,49.998999999999995,1.6642379996483214,0.1461649999328074,0.06368399999701069,0.0
pd,23:51:14.928,1146,-40.003,-89.999,0.0,-90.239,0.003,-0.02,0.0,0.0,0.0,0.0,0.0,0.0,-40.003,-40.0,0.0,-90.239,0.003,-0.02,-40.003,-81.999,0.0,-90.239,0.003,-0.02,0.0,2059.8178023327196,0.0,0.0,0.0,0.0,0.0,8.0,0.0,0.0,0.0,0.0,0.0137698,-0.0068849,-0.0275396,4.7987753,-0.0137698,-1.1773179,0.01231013430998,0.004438583638528,-0.006137728937652,-0.0029491758242370003,-0.000258699633705,0.00258699633705,49.998999999999995,1.716625999961252,0.21792400002595969,0.08770200020080665,0.0
pd,23:51:14.930,1147,-40.003,-89.999,0.0,-90.239,0.003,-0.02,0.0,0.0,0.0,0.0,0.0,0.0,-40.003,-40.0,0.0,-90.239,0.003,-0.02,-40.003,-81.999,0.0,-90.239,0.003,-0.02,0.0,1900.4549161758043,0.0,0.0,0.0,0.0,0.0,8.0,0.0,0.0,0.0,0.0,0.0137698,-0.0068849,-0.0275396,4.7987753,-0.0137698,-1.1773179,0.01231013430998,0.004438583638528,-0.006137728937652,-0.0029491758242370003,-0.000258699633705,0.00258699633705,49.998999999999995,1.9203470001230016,0.17371999956594664,0.08135100006256835,0.0
pd,23:51:14.932,1148,-40.003,-89.999,0.0,-90.239,0.003,-0.02,0.0,0.0,0.0,0.0,0.0,0.0,-40.003,-40.0,0.0,-90.239,0.003,-0.02,-40.003,-81.999,0.0,-90.239,0.003,-0.02,0.0,1775.9305599661268,0.0,0.0,0.0,0.0,0.0,8.0,0.0,0.0,0.0,0.0,0.0137698,-0.0068849,-0.0275396,4.7987753,-0.0137698,-1.1773179,0.01231013430998,0.004438583638528,-0.006137728937652,-0.0029491758242370003,-0.000258699633705,0.00258699633705,49.998999999999995,1.8901799999184732,0.17768299994713743,0.07577699989269604,0.0
pd,23:51:14.934,1149,-40.003,-89.999,0.0,-90.239,0.003,-0.02,0.0,0.0,0.0,0.0,0.0,0.0,-40.003,-40.0,0.0,-90.239,0.003,-0.02,-40.003,-81.999,0.0,-90.239,0.003,-0.02,0.0,1801.0967257112184,0.0,0.0,0.0,0.0,0.0,8.0,0.0,0.0,0.0,0.0,0.0137698,-0.0068849,-0.0275396,4.7987753,-0.0137698,-1.1773179,0.01231013430998,0.004438583638528,-0.006137728937652,-0.0029491758242370003,-0.000258699633705,0.00258699633705,49.998999999999995,1.6619979996903567,0.1347020001958299,0.05836999980601831,0.0
pd,23:51:14.936,1150,-40.003,-89.999,0.0,-90.239,0.003,-0.02,0.0,0.0,0.0,0.0,0.0,0.0,-40.003,-40.0,0.0,-90.239,0.003,-0.02,-40.003,-81.999,0.0,-90.239,0.003,-0.02,0.0,2083.867345671345,0.0,0.0,0.0,0.0,0.0,8.0,0.0,0.0,0.0,0.0,0.0137698,-0.0068849,-0.0275396,4.7987753,-0.0137698,-1.1773179,0.01231013430998,0.004438583638528,-0.006137728937652,-0.0029491758242370003,-0.000258699633705,0.00258699633705,49.998999999999995,1.6575529998590355,0.14922099990144488,0.06753599973308155,0.0
pd,23:51:14.939,1151,-40.003,-89.999,0.0,-90.239,0.003,-0.02,0.0,0.0,0.0,0.0,0.0,0.0,-40.003,-40.0,0.0,-90.239,0.003,-0.02,-40.003,-81.999,0.0,-90.239,0.003,-0.02,0.0,1590.1067197422046,0.0,0.0,0.0,0.0,0.0,8.0,0.0,0.0,0.0,0.0,0.0137698,-0.0068849,-0.0275396,4.7987753,-0.0137698,-1.1773179,0.01231013430998,0.004438583638528,-0.006137728937652,-0.0029491758242370003,-0.000258699633705,0.00258699633705,49.998999999999995,1.8221810000795813,0.2686079997147317,0.08079600002020015,0.0
pd,23:51:14.941,1152,-40.003,-89.999,0.0,-90.239,0.003,-0.02,0.0,0.0,0.0,0.0,0.0,0.0,-40.003,-40.0,0.0,-90.239,0.003,-0.02,-40.003,-81.999,0.0,-90.239,0.003,-0.02,0.0,1765.465221508997,0.0,0.0,0.0,0.0,0.0,8.0,0.0,0.0,0.0,0.0,0.0137698,-0.0068849,-0.0275396,4.7987753,-0.0137698,-1.1773179,0.01231013430998,0.004438583638528,-0.006137728937652,-0.0029491758242370003,-0.000258699633705,0.00258699633705,49.998999999999995,1.7997190002461139,0.1702760000625858,0.07790700010446017,0.0
pd,23:51:14.943,1153,-40.003,-89.999,0.0,-90.239,0.003,-0.02,0.0,0.0,0.0,0.0,0.0,0.0,-40.003,-40.0,0.0,-90.239,0.003,-0.02,-40.003,-81.999,0.0,-90.239,0.003,-0.02,0.0,1882.119811532421,0.0,0.0,0.0,0.0,0.0,8.0,0.0,0.0,0.0,0.0,0.0137698,-0.0068849,-0.0275396,4.7987753,-0.0137698,-1.1773179,0.01231013430998,0.004438583638528,-0.006137728937652,-0.0029491758242370003,-0.000258699633705,0.00258699633705,49.998999999999995,1.6727379997973912,0.15240600032484508,0.07027699984973879,0.0
pd,23:51:14.945,1154,-40.003,-89.999,0.0,-90.239,0.003,-0.02,0.0,0.0,0.0,0.0,0.0,0.0,-40.003,-40.0,0.0,-90.239,0.003,-0.02,-40.003,-81.999,0.0,-90.239,0.003,-0.02,0.0,2032.3701998788613,0.0,0.0,0.0,0.0,0.0,8.0,0.0,0.0,0.0,0.0,0.0137698,-0.0068849,-0.0275396,4.7987753,-0.0137698,-1.1773179,0.01231013430998,0.004438583638528,-0.006137728937652,-0.0029491758242370003,-0.000258699633705,0.00258699633705,49.998999999999995,1.633701999708137,0.1360350001959887,0.06400000029316288,0.0
pd,23:51:14.947,1155,-40.003,-89.999,0.0,-90.239,0.003,-0.02,0.0,0.0,0.0,0.0,0.0,0.0,-40.003,-40.0,0.0,-90.239,0.003,-0.02,-40.003,-81.999,0.0,-90.239,0.003,-0.02,0.0,2104.2538567665874,0.0,0.0,0.0,0.0,0.0,8.0,0.0,0.0,0.0,0.0,0.0137698,-0.0068849,-0.0275396,4.7987753,-0.0137698,-1.1773179,0.01231013430998,0.004438583638528,-0.006137728937652,-0.0029491758242370003,-0.000258699633705,0.00258699633705,49.998999999999995,1.6202760002670402,0.15647899999748915,0.059981000049447175,0.0
pd,23:51:14.949,1156,-40.003,-89.999,0.0,-90.239,0.003,-0.02,0.0,0.0,0.0,0.0,0.0,0.0,-40.003,-40.0,0.0,-90.239,0.003,-0.02,-40.003,-81.999,0.0,-90.239,0.003,-0.02,0.0,2103.726144200627,0.0,0.0,0.0,0.0,0.0,8.0,0.0,0.0,0.0,0.0,0.0137698,-0.0068849,-0.0275396,4.7987753,-0.0137698,-1.1773179,0.01231013430998,0.004438583638528,-0.006137728937652,-0.0029491758242370003,-0.000258699633705,0.00258699633705,49.998999999999995,1.9017909999092808,0.1976640000975749,0.09610999995857128,0.0
pd,23:51:14.951,1157,-40.003,-89.999,0.0,-90.239,0.003,-0.02,0.0,0.0,0.0,0.0,0.0,0.0,-40.003,-40.0,0.0,-90.239,0.003,-0.02,-40.003,-81.999,0.0,-90.239,0.003,-0.02,0.0,1755.8572475143903,0.0,0.0,0.0,0.0,0.0,8.0,0.0,0.0,0.0,0.0,0.0137698,-0.0068849,-0.0275396,4.7987753,-0.0137698,-1.1773179,0.01231013430998,0.004438583638528,-0.006137728937652,-0.0029491758242370003,-0.000258699633705,0.00258699633705,49.998999999999995,1.8597550001686614,0.16807200017865398,0.07631400012542144,0.0
pd,23:51:14.953,1158,-40.003,-89.999,0.0,-90.239,0.003,-0.02,0.0,0.0,0.0,0.0,0.0,0.0,-40.003,-40.0,0.0,-90.239,0.003,-0.02,-40.003,-81.999,0.0,-90.239,0.003,-0.02,0.0,1835.1800481295122,0.0,0.0,0.0,0.0,0.0,8.0,0.0,0.0,0.0,0.0,0.0137698,-0.0068849,-0.0275396,4.7987753,-0.0137698,-1.1773179,0.01231013430998,0.004438583638528,-0.006137728937652,-0.0029491758242370003,-0.000258699633705,0.00258699633705,49.998999999999995,1.6494050000801508,0.13625699966723914,0.06059099996491568,0.0
pd,23:51:14.955,1159,-40.003,-89.999,0.0,-90.239,0.003,-0.02,0.0,0.0,0.0,0.0,0.0,0.0,-40.003,-40.0,0.0,-90.239,0.003,-0.02,-40.003,-81.999,0.0,-90.239,0.003,-0.02,0.0,2090.879361914257,0.0,0.0,0.0,0.0,0.0,8.0,0.0,0.0,0.0,0.0,0.0137698,-0.0068849,-0.0275396,4.7987753,-0.0137698,-1.1773179,0.01231013430998,0.004438583638528,-0.006137728937652,-0.0029491758242370003,-0.000258699633705,0.00258699633705,49.998999999999995,1.777293000031932,0.19205299986424507,0.09481400002187002,0.0
pd,23:51:14.957,1160,-40.003,-89.999,0.0,-90.239,0.003,-0.02,0.0,0.0,0.0,0.0,0.0,0.0,-40.003,-40.0,0.0,-90.239,0.003,-0.02,-40.003,-81.999,0.0,-90.239,0.003,-0.02,0.0,1863.3069746779208,0.0,0.0,0.0,0.0,0.0,8.0,0.0,0.0,0.0,0.0,0.0137698,-0.0068849,-0.0275396,4.7987753,-0.0137698,-1.1773179,0.01231013430998,0.004438583638528,-0.006137728937652,-0.0029491758242370003,-0.000258699633705,0.00258699633705,49.998999999999995,1.6425720000370347,0.13894199992137146,0.06135099965831614,0.0
pd,23:51:14.960,1161,-40.003,-89.999,0.0,-90.239,0.003,-0.02,0.0,0.0,0.0,0.0,0.0,0.0,-40.003,-40.0,0.0,-90.239,0.003,-0.02,-40.003,-81.999,0.0,-90.239,0.003,-0.02,0.0,1597.525804608646,0.0,0.0,0.0,0.0,0.0,8.0,0.0,0.0,0.0,0.0,0.0137698,-0.0068849,-0.0275396,4.7987753,-0.0137698,-1.1773179,0.01231013430998,0.004438583638528,-0.006137728937652,-0.0029491758242370003,-0.000258699633705,0.00258699633705,49.998999999999995,1.9781050000347022,0.22910799998498987,0.08431299966105144,0.0
pd,23:51:14.962,1162,-40.003,-89.999,0.0,-90.239,0.003,-0.02,0.0,0.0,0.0,0.0,0.0,0.0,-40.003,-40.0,0.0,-90.239,0.003,-0.02,-40.003,-81.999,0.0,-90.239,0.003,-0.02,0.0,1676.2130082925366,0.0,0.0,0.0,0.0,0.0,8.0,0.0,0.0,0.0,0.0,0.0137698,-0.0068849,-0.0275396,4.7987753,-0.0137698,-1.1773179,0.01231013430998,0.004438583638528,-0.006137728937652,-0.0029491758242370003,-0.000258699633705,0.00258699633705,49.998999999999995,1.8176070002482447,0.16410899979746318,0.07427700029438711,0.0
pd,23:51:14.964,1163,-40.003,-89.999,0.0,-90.239,0.003,-0.02,0.0,0.0,0.0,0.0,0.0,0.0,-40.003,-40.0,0.0,-90.239,0.003,-0.02,-40.003,-81.999,0.0,-90.239,0.003,-0.02,0.0,1876.0165492564017,0.0,0.0,0.0,0.0,0.0,8.0,0.0,0.0,0.0,0.0,0.0137698,-0.0068849,-0.0275396,4.7987753,-0.0137698,-1.1773179,0.01231013430998,0.004438583638528,-0.006137728937652,-0.0029491758242370003,-0.000258699633705,0.00258699633705,49.998999999999995,1.6733309998926416,0.14007299978402443,0.06175899989102618,0.0
pd,23:51:14.966,1164,-40.003,-89.999,0.0,-90.239,0.003,-0.02,0.0,0.0,0.0,0.0,0.0,0.0,-40.003,-40.0,0.0,-90.239,0.003,-0.02,-40.003,-81.999,0.0,-90.239,0.003,-0.02,0.0,2061.336282098538,0.0,0.0,0.0,0.0,0.0,8.0,0.0,0.0,0.0,0.0,0.0137698,-0.0068849,-0.0275396,4.7987753,-0.0137698,-1.1773179,0.01231013430998,0.004438583638528,-0.006137728937652,-0.0029491758242370003,-0.000258699633705,0.00258699633705,49.998999999999995,1.6278690000035567,0.13659099977303413,0.06029499991200282,0.0
pd,23:51:14.968,1165,-40.003,-89.999,0.0,-90.239,0.003,-0.02,0.0,0.0,0.0,0.0,0.0,0.0,-40.003,-40.0,0.0,-90.239,0.003,-0.02,-40.003,-81.999,0.0,-90.239,0.003,-0.02,0.0,2113.2656505857162,0.0,0.0,0.0,0.0,0.0,8.0,0.0,0.0,0.0,0.0,0.0137698,-0.0068849,-0.0275396,4.7987753,-0.0137698,-1.1773179,0.01231013430998,0.004438583638528,-0.006137728937652,-0.0029491758242370003,-0.000258699633705,0.00258699633705,49.998999999999995,1.663311999891448,0.14951599996493314,0.06381399998645065,0.0
pd,23:51:14.970,1166,-40.003,-89.999,0.0,-90.239,0.003,-0.02,0.0,0.0,0.0,0.0,0.0,0.0,-40.003,-40.0,0.0,-90.239,0.003,-0.02,-40.003,-81.999,0.0,-90.239,0.003,-0.02,0.0,2055.5275667728497,0.0,0.0,0.0,0.0,0.0,8.0,0.0,0.0,0.0,0.0,0.0137698,-0.0068849,-0.0275396,4.7987753,-0.0137698,-1.1773179,0.01231013430998,0.004438583638528,-0.006137728937652,-0.0029491758242370003,-0.000258699633705,0.00258699633705,49.998999999999995,1.630886999919312,0.1362570001219865,0.0587769995945564,0.0
pd,23:51:14.972,1167,-40.003,-89.999,0.0,-90.239,0.003,-0.02,0.0,0.0,0.0,0.0,0.0,0.0,-40.003,-40.0,0.0,-90.239,0.003,-0.02,-40.003,-81.999,0.0,-90.239,0.003,-0.02,0.0,2115.930886618741,0.0,0.0,0.0,0.0,0.0,8.0,0.0,0.0,0.0,0.0,0.0137698,-0.0068849,-0.0275396,4.7987753,-0.0137698,-1.1773179,0.01231013430998,0.004438583638528,-0.006137728937652,-0.0029491758242370003,-0.000258699633705,0.00258699633705,49.998999999999995,1.8255329996463843,0.16451700003017322,0.07572200001959573,0.0
pd,23:51:14.974,1168,-40.003,-89.999,0.0,-90.239,0.003,-0.02,0.0,0.0,0.0,0.0,0.0,0.0,-40.003,-40.0,0.0,-90.239,0.003,-0.02,-40.003,-81.999,0.0,-90.239,0.003,-0.02,0.0,1869.327688022284,0.0,0.0,0.0,0.0,0.0,8.0,0.0,0.0,0.0,0.0,0.0137698,-0.0068849,-0.0275396,4.7987753,-0.0137698,-1.1773179,0.01231013430998,0.004438583638528,-0.006137728937652,-0.0029491758242370003,-0.000258699633705,0.00258699633705,49.998999999999995,1.8945689998872695,0.1953500000126951,0.09297999986301875,0.0
pd,23:51:14.976,1169,-40.003,-89.999,0.0,-90.239,0.003,-0.02,0.0,0.0,0.0,0.0,0.0,0.0,-40.003,-40.0,0.0,-90.239,0.003,-0.02,-40.003,-81.999,0.0,-90.239,0.003,-0.02,0.0,1766.0227368421054,0.0,0.0,0.0,0.0,0.0,8.0,0.0,0.0,0.0,0.0,0.0137698,-0.0068849,-0.0275396,4.7987753,-0.0137698,-1.1773179,0.01231013430998,0.004438583638528,-0.006137728937652,-0.0029491758242370003,-0.000258699633705,0.00258699633705,49.998999999999995,1.6907750000427768,0.15460899976460496,0.06990700012465823,0.0
pd,23:51:14.978,1170,-40.003,-89.999,0.0,-90.239,0.003,-0.02,0.0,0.0,0.0,0.0,0.0,0.0,-40.003,-40.0,0.0,-90.239,0.003,-0.02,-40.003,-81.999,0.0,-90.239,0.003,-0.02,0.0,1971.470740305523,0.0,0.0,0.0,0.0,0.0,8.0,0.0,0.0,0.0,0.0,0.0137698,-0.0068849,-0.0275396,4.7987753,-0.0137698,-1.1773179,0.01231013430998,0.004438583638528,-0.006137728937652,-0.0029491758242370003,-0.000258699633705,0.00258699633705,49.998999999999995,1.6391090002798592,0.17075699997803895,0.07611000000906643,0.0
pd,23:51:14.981,1171,-40.003,-89.999,0.0,-90.239,0.003,-0.02,0.0,0.0,0.0,0.0,0.0,0.0,-40.003,-40.0,0.0,-90.239,0.003,-0.02,-40.003,-81.999,0.0,-90.239,0.003,-0.02,0.0,1440.3516483516485,0.0,0.0,0.0,0.0,0.0,8.0,0.0,0.0,0.0,0.0,0.0137698,-0.0068849,-0.0275396,4.7987753,-0.0137698,-1.1773179,0.01231013430998,0.004438583638528,-0.006137728937652,-0.0029491758242370003,-0.000258699633705,0.00258699633705,49.998999999999995,1.9739009999284463,0.2740700001595542,0.08468399983030395,0.0
pd,23:51:14.984,1172,-40.003,-89.999,0.0,-90.239,0.003,-0.02,0.0,0.0,0.0,0.0,0.0,0.0,-40.003,-40.0,0.0,-90.239,0.003,-0.02,-40.003,-81.999,0.0,-90.239,0.003,-0.02,0.0,1649.8393155669191,0.0,0.0,0.0,0.0,0.0,8.0,0.0,0.0,0.0,0.0,0.0137698,-0.0068849,-0.0275396,4.7987753,-0.0137698,-1.1773179,0.01231013430998,0.004438583638528,-0.006137728937652,-0.0029491758242370003,-0.000258699633705,0.00258699633705,49.998999999999995,1.7199039998558874,0.1518129997748474,0.06318399982774281,0.0
pd,23:51:14.986,1173,-40.003,-89.999,0.0,-90.239,0.003,-0.02,0.0,0.0,0.0,0.0,0.0,0.0,-40.003,-40.0,0.0,-90.239,0.003,-0.02,-40.003,-81.999,0.0,-90.239,0.003,-0.02,0.0,1997.0498750148793,0.0,0.0,0.0,0.0,0.0,8.0,0.0,0.0,0.0,0.0,0.0137698,-0.0068849,-0.0275396,4.7987753,-0.0137698,-1.1773179,0.01231013430998,0.004438583638528,-0.006137728937652,-0.0029491758242370003,-0.000258699633705,0.00258699633705,49.998999999999995,1.6150540000126057,0.13684999976248946,0.057498999922245275,0.0
pd,23:51:14.987,1174,-40.003,-89.999,0.0,-90.239,0.003,-0.02,0.0,0.0,0.0,0.0,0.0,0.0,-40.003,-40.0,0.0,-90.239,0.003,-0.02,-40.003,-81.999,0.0,-90.239,0.003,-0.02,0.0,2133.1488874761603,0.0,0.0,0.0,0.0,0.0,8.0,0.0,0.0,0.0,0.0,0.0137698,-0.0068849,-0.0275396,4.7987753,-0.0137698,-1.1773179,0.01231013430998,0.004438583638528,-0.006137728937652,-0.0029491758242370003,-0.000258699633705,0.00258699633705,49.998999999999995,1.643573000364995,0.15210899982776027,0.0675360001878289,0.0
pd,23:51:14.989,1175,-40.003,-89.999,0.0,-90.239,0.003,-0.02,0.0,0.0,0.0,0.0,0.0,0.0,-40.003,-40.0,0.0,-90.239,0.003,-0.02,-40.003,-81.999,0.0,-90.239,0.003,-0.02,0.0,2072.540580605312,0.0,0.0,0.0,0.0,0.0,8.0,0.0,0.0,0.0,0.0,0.0137698,-0.0068849,-0.0275396,4.7987753,-0.0137698,-1.1773179,0.01231013430998,0.004438583638528,-0.006137728937652,-0.0029491758242370003,-0.000258699633705,0.00258699633705,49.998999999999995,1.6290159996970033,0.12766600002578343,0.054277000344882254,0.0
pd,23:51:14.991,1176,-40.003,-89.999,0.0,-90.239,0.003,-0.02,0.0,0.0,0.0,0.0,0.0,0.0,-40.003,-40.0,0.0,-90.239,0.003,-0.02,-40.003,-81.999,0.0,-90.239,0.003,-0.02,0.0,2137.224968152866,0.0,0.0,0.0,0.0,0.0,8.0,0.0,0.0,0.0,0.0,0.0137698,-0.0068849,-0.0275396,4.7987753,-0.0137698,-1.1773179,0.01231013430998,0.004438583638528,-0.006137728937652,-0.0029491758242370003,-0.000258699633705,0.00258699633705,49.998999999999995,1.7729040000631358,0.17175699986182735,0.07936900010463432,0.0
pd,23:51:14.993,1177,-40.003,-89.999,0.0,-90.239,0.003,-0.02,0.0,0.0,0.0,0.0,0.0,0.0,-40.003,-40.0,0.0,-90.239,0.003,-0.02,-40.003,-81.999,0.0,-90.239,0.003,-0.02,0.0,1902.610115672488,0.0,0.0,0.0,0.0,0.0,8.0,0.0,0.0,0.0,0.0,0.0137698,-0.0068849,-0.0275396,4.7987753,-0.0137698,-1.1773179,0.01231013430998,0.004438583638528,-0.006137728937652,-0.0029491758242370003,-0.000258699633705,0.00258699633705,49.998999999999995,1.6494429996782856,0.13901600004828651,0.05751699973188806,0.0
pd,23:51:14.995,1178,-40.003,-89.999,0.0,-90.239,0.003,-0.02,0.0,0.0,0.0,0.0,0.0,0.0,-40.003,-40.0,0.0,-90.239,0.003,-0.02,-40.003,-81.999,0.0,-90.239,0.003,-0.02,0.0,2094.010983524713,0.0,0.0,0.0,0.0,0.0,8.0,0.0,0.0,0.0,0.0,0.0137698,-0.0068849,-0.0275396,4.7987753,-0.0137698,-1.1773179,0.01231013430998,0.004438583638528,-0.006137728937652,-0.0029491758242370003,-0.000258699633705,0.00258699633705,49.998999999999995,1.703608000298118,0.20457199980228324,0.10073899966300814,0.0
pd,23:51:14.997,1179,-40.003,-89.999,0.0,-90.239,0.003,-0.02,0.0,0.0,0.0,0.0,0.0,0.0,-40.003,-40.0,0.0,-90.239,0.003,-0.02,-40.003,-81.999,0.0,-90.239,0.003,-0.02,0.0,1904.1216660991943,0.0,0.0,0.0,0.0,0.0,8.0,0.0,0.0,0.0,0.0,0.0137698,-0.0068849,-0.0275396,4.7987753,-0.0137698,-1.1773179,0.01231013430998,0.004438583638528,-0.006137728937652,-0.0029491758242370003,-0.000258699633705,0.00258699633705,49.998999999999995,1.670905000082712,0.1832200000535522,0.08881400026439223,0.0
pd,23:51:14.999,1180,-40.003,-89.999,0.0,-90.239,0.003,-0.02,0.0,0.0,0.0,0.0,0.0,0.0,-40.003,-40.0,0.0,-90.239,0.003,-0.02,-40.003,-81.999,0.0,-90.239,0.003,-0.02,0.0,1975.1843654344243,0.0,0.0,0.0,0.0,0.0,8.0,0.0,0.0,0.0,0.0,0.0137698,-0.0068849,-0.0275396,4.7987753,-0.0137698,-1.1773179,0.01231013430998,0.004438583638528,-0.006137728937652,-0.0029491758242370003,-0.000258699633705,0.00258699633705,49.998999999999995,1.9629759999588714,0.20527500009848154,0.1001840000753873,0.0
pd,23:51:15.002,1181,-40.003,-89.999,0.0,-90.239,0.003,-0.02,0.0,0.0,0.0,0.0,0.0,0.0,-40.003,-40.0,0.0,-90.239,0.003,-0.02,-40.003,-81.999,0.0,-90.239,0.003,-0.02,0.0,1359.4697350295762,0.0,0.0,0.0,0.0,0.0,8.0,0.0,0.0,0.0,0.0,0.0137698,-0.0068849,-0.0275396,4.7987753,-0.0137698,-1.1773179,0.01231013430998,0.004438583638528,-0.006137728937652,-0.0029491758242370003,-0.000258699633705,0.00258699633705,49.998999999999995,2.0775289999619417,0.28797799996027607,0.09707300023364951,0.0
pd,23:51:15.005,1182,-40.003,-89.999,0.0,-90.239,0.003,-0.02,0.0,0.0,0.0,0.0,0.0,0.0,-40.003,-40.0,0.0,-90.239,0.003,-0.02,-40.003,-81.999,0.0,-90.239,0.003,-0.02,0.0,1562.1243947858472,0.0,0.0,0.0,0.0,0.0,8.0,0.0,0.0,0.0,0.0,0.0137698,-0.0068849,-0.0275396,4.7987753,-0.0137698,-1.1773179,0.01231013430998,0.004438583638528,-0.006137728937652,-0.0029491758242370003,-0.000258699633705,0.00258699633705,49.998999999999995,1.7723669998304104,0.18159000001105596,0.07947999984025955,0.0
pd,23:51:15.007,1183,-40.003,-89.999,0.0,-90.239,0.003,-0.02,0.0,0.0,0.0,0.0,0.0,0.0,-40.003,-40.0,0.0,-90.239,0.003,-0.02,-40.003,-81.999,0.0,-90.239,0.003,-0.02,0.0,1894.0185143373221,0.0,0.0,0.0,0.0,0.0,8.0,0.0,0.0,0.0,0.0,0.0137698,-0.0068849,-0.0275396,4.7987753,-0.0137698,-1.1773179,0.01231013430998,0.004438583638528,-0.006137728937652,-0.0029491758242370003,-0.000258699633705,0.00258699633705,49.998999999999995,1.7679970001154288,0.1773500002855144,0.07799900004101801,0.0
pd,23:51:15.009,1184,-40.003,-89.999,0.0,-90.239,0.003,-0.02,0.0,0.0,0.0,0.0,0.0,0.0,-40.003,-40.0,0.0,-90.239,0.003,-0.02,-40.003,-81.999,0.0,-90.239,0.003,-0.02,0.0,1900.2396647411938,0.0,0.0,0.0,0.0,0.0,8.0,0.0,0.0,0.0,0.0,0.0137698,-0.0068849,-0.0275396,4.7987753,-0.0137698,-1.1773179,0.01231013430998,0.004438583638528,-0.006137728937652,-0.0029491758242370003,-0.000258699633705,0.00258699633705,49.998999999999995,1.6524610000487883,0.14492399986920645,0.05953600020802696,0.0
pd,23:51:15.011,1185,-40.003,-89.999,0.0,-90.239,0.003,-0.02,0.0,0.0,0.0,0.0,0.0,0.0,-40.003,-40.0,0.0,-90.239,0.003,-0.02,-40.003,-81.999,0.0,-90.239,0.003,-0.02,0.0,2080.24996900186,0.0,0.0,0.0,0.0,0.0,8.0,0.0,0.0,0.0,0.0,0.0137698,-0.0068849,-0.0275396,4.7987753,-0.0137698,-1.1773179,0.01231013430998,0.004438583638528,-0.006137728937652,-0.0029491758242370003,-0.000258699633705,0.00258699633705,49.998999999999995,1.685201999862329,0.29733000019405154,0.08022199972401722,0.0
pd,23:51:15.013,1186,-40.003,-89.999,0.0,-90.239,0.003,-0.02,0.0,0.0,0.0,0.0,0.0,0.0,-40.003,-40.0,0.0,-90.239,0.003,-0.02,-40.003,-81.999,0.0,-90.239,0.003,-0.02,0.0,1871.8304139239094,0.0,0.0,0.0,0.0,0.0,8.0,0.0,0.0,0.0,0.0,0.0137698,-0.0068849,-0.0275396,4.7987753,-0.0137698,-1.1773179,0.01231013430998,0.004438583638528,-0.006137728937652,-0.0029491758242370003,-0.000258699633705,0.00258699633705,49.998999999999995,1.70020099994872,0.14033199977347977,0.05781400022897287,0.0
pd,23:51:15.015,1187,-40.003,-89.999,0.0,-90.239,0.003,-0.02,0.0,0.0,0.0,0.0,0.0,0.0,-40.003,-40.0,0.0,-90.239,0.003,-0.02,-40.003,-81.999,0.0,-90.239,0.003,-0.02,0.0,2039.0393777345648,0.0,0.0,0.0,0.0,0.0,8.0,0.0,0.0,0.0,0.0,0.0137698,-0.0068849,-0.0275396,4.7987753,-0.0137698,-1.1773179,0.01231013430998,0.004438583638528,-0.006137728937652,-0.0029491758242370003,-0.000258699633705,0.00258699633705,49.998999999999995,1.6385349999836762,0.13342400006877142,0.05911000016567414,0.0
pd,23:51:15.017,1188,-40.003,-89.999,0.0,-90.239,0.003,-0.02,0.0,0.0,0.0,0.0,0.0,0.0,-40.003,-40.0,0.0,-90.239,0.003,-0.02,-40.003,-81.999,0.0,-90.239,0.003,-0.02,0.0,2110.3416352201257,0.0,0.0,0.0,0.0,0.0,8.0,0.0,0.0,0.0,0.0,0.0137698,-0.0068849,-0.0275396,4.7987753,-0.0137698,-1.1773179,0.01231013430998,0.004438583638528,-0.006137728937652,-0.0029491758242370003,-0.000258699633705,0.00258699633705,49.998999999999995,1.6241650000665686,0.14349799994306522,0.0650550000500516,0.0
pd,23:51:15.019,1189,-40.003,-89.999,0.0,-90.239,0.003,-0.02,0.0,0.0,0.0,0.0,0.0,0.0,-40.003,-40.0,0.0,-90.239,0.003,-0.02,-40.003,-81.999,0.0,-90.239,0.003,-0.02,0.0,2107.1610148203968,0.0,0.0,0.0,0.0,0.0,8.0,0.0,0.0,0.0,0.0,0.0137698,-0.0068849,-0.0275396,4.7987753,-0.0137698,-1.1773179,0.01231013430998,0.004438583638528,-0.006137728937652,-0.0029491758242370003,-0.000258699633705,0.00258699633705,49.998999999999995,1.6280169998026395,0.14923800017641042,0.0785540000833862,0.0
pd,23:51:15.021,1190,-40.003,-89.999,0.0,-90.239,0.003,-0.02,0.0,0.0,0.0,0.0,0.0,0.0,-40.003,-40.0,0.0,-90.239,0.003,-0.02,-40.003,-81.999,0.0,-90.239,0.003,-0.02,0.0,2048.500122100122,0.0,0.0,0.0,0.0,0.0,8.0,0.0,0.0,0.0,0.0,0.0137698,-0.0068849,-0.0275396,4.7987753,-0.0137698,-1.1773179,0.01231013430998,0.004438583638528,-0.006137728937652,-0.0029491758242370003,-0.000258699633705,0.00258699633705,49.998999999999995,1.6467390000798332,0.14385000031325035,0.060461999964900315,0.0
pd,23:51:15.024,1191,-40.003,-89.999,0.0,-90.239,0.003,-0.02,0.0,0.0,0.0,0.0,0.0,0.0,-40.003,-40.0,0.0,-90.239,0.003,-0.02,-40.003,-81.999,0.0,-90.239,0.003,-0.02,0.0,1480.647427411526,0.0,0.0,0.0,0.0,0.0,8.0,0.0,0.0,0.0,0.0,0.0137698,-0.0068849,-0.0275396,4.7987753,-0.0137698,-1.1773179,0.01231013430998,0.004438583638528,-0.006137728937652,-0.0029491758242370003,-0.000258699633705,0.00258699633705,49.998999999999995,1.9076980001955235,0.2292189997206151,0.08092500002021552,0.0
pd,23:51:15.026,1192,-40.003,-89.999,0.0,-90.239,0.003,-0.02,0.0,0.0,0.0,0.0,0.0,0.0,-40.003,-40.0,0.0,-90.239,0.003,-0.02,-40.003,-81.999,0.0,-90.239,0.003,-0.02,0.0,1576.806015037594,0.0,0.0,0.0,0.0,0.0,8.0,0.0,0.0,0.0,0.0,0.0137698,-0.0068849,-0.0275396,4.7987753,-0.0137698,-1.1773179,0.01231013430998,0.004438583638528,-0.006137728937652,-0.0029491758242370003,-0.000258699633705,0.00258699633705,49.998999999999995,1.6862010002114403,0.19301599968457595,0.08072100035860785,0.0
pd,23:51:15.028,1193,-40.003,-89.999,0.0,-90.239,0.003,-0.02,0.0,0.0,0.0,0.0,0.0,0.0,-40.003,-40.0,0.0,-90.239,0.003,-0.02,-40.003,-81.999,0.0,-90.239,0.003,-0.02,0.0,1959.4973137117495,0.0,0.0,0.0,0.0,0.0,8.0,0.0,0.0,0.0,0.0,0.0137698,-0.0068849,-0.0275396,4.7987753,-0.0137698,-1.1773179,0.01231013430998,0.004438583638528,-0.006137728937652,-0.0029491758242370003,-0.000258699633705,0.00258699633705,49.998999999999995,1.713978999760002,0.15934900011416175,0.07105400027285214,0.0
pd,23:51:15.030,1194,-40.003,-89.999,0.0,-90.239,0.003,-0.02,0.0,0.0,0.0,0.0,0.0,0.0,-40.003,-40.0,0.0,-90.239,0.003,-0.02,-40.003,-81.999,0.0,-90.239,0.003,-0.02,0.0,1984.0605487228004,0.0,0.0,0.0,0.0,0.0,8.0,0.0,0.0,0.0,0.0,0.0137698,-0.0068849,-0.0275396,4.7987753,-0.0137698,-1.1773179,0.01231013430998,0.004438583638528,-0.006137728937652,-0.0029491758242370003,-0.000258699633705,0.00258699633705,49.998999999999995,1.729570999941643,0.177590000021155,0.11299900006633834,0.0
pd,23:51:15.032,1195,-40.003,-89.999,0.0,-90.239,0.003,-0.02,0.0,0.0,0.0,0.0,0.0,0.0,-40.003,-40.0,0.0,-90.239,0.003,-0.02,-40.003,-81.999,0.0,-90.239,0.003,-0.02,0.0,1904.5539788852311,0.0,0.0,0.0,0.0,0.0,8.0,0.0,0.0,0.0,0.0,0.0137698,-0.0068849,-0.0275396,4.7987753,-0.0137698,-1.1773179,0.01231013430998,0.004438583638528,-0.006137728937652,-0.0029491758242370003,-0.000258699633705,0.00258699633705,49.998999999999995,1.8434769999657874,0.16460899996673106,0.07807300016793306,0.0
pd,23:51:15.034,1196,-40.003,-89.999,0.0,-90.239,0.003,-0.02,0.0,0.0,0.0,0.0,0.0,0.0,-40.003,-40.0,0.0,-90.239,0.003,-0.02,-40.003,-81.999,0.0,-90.239,0.003,-0.02,0.0,1853.8360220994475,0.0,0.0,0.0,0.0,0.0,8.0,0.0,0.0,0.0,0.0,0.0137698,-0.0068849,-0.0275396,4.7987753,-0.0137698,-1.1773179,0.01231013430998,0.004438583638528,-0.006137728937652,-0.0029491758242370003,-0.000258699633705,0.00258699633705,49.998999999999995,1.6409240001848957,0.1357199998892611,0.057518000176060013,0.0
pd,23:51:15.036,1197,-40.003,-89.999,0.0,-90.239,0.003,-0.02,0.0,0.0,0.0,0.0,0.0,0.0,-40.003,-40.0,0.0,-90.239,0.003,-0.02,-40.003,-81.999,0.0,-90.239,0.003,-0.02,0.0,2107.6904522613067,0.0,0.0,0.0,0.0,0.0,8.0,0.0,0.0,0.0,0.0,0.0137698,-0.0068849,-0.0275396,4.7987753,-0.0137698,-1.1773179,0.01231013430998,0.004438583638528,-0.006137728937652,-0.0029491758242370003,-0.000258699633705,0.00258699633705,49.998999999999995,1.6587939999226364,0.15409100024044164,0.07092499981808942,0.0
pd,23:51:15.038,1198,-40.003,-89.999,0.0,-90.239,0.003,-0.02,0.0,0.0,0.0,0.0,0.0,0.0,-40.003,-40.0,0.0,-90.239,0.003,-0.02,-40.003,-81.999,0.0,-90.239,0.003,-0.02,0.0,2046.0019512195122,0.0,0.0,0.0,0.0,0.0,8.0,0.0,0.0,0.0,0.0,0.0137698,-0.0068849,-0.0275396,4.7987753,-0.0137698,-1.1773179,0.01231013430998,0.004438583638528,-0.006137728937652,-0.0029491758242370003,-0.000258699633705,0.00258699633705,49.998999999999995,1.6314979998242052,0.13744299985773978,0.06175800035634893,0.0
pd,23:51:15.040,1199,-40.003,-89.999,0.0,-90.239,0.003,-0.02,0.0,0.0,0.0,0.0,0.0,0.0,-40.003,-40.0,0.0,-90.239,0.003,-0.02,-40.003,-81.999,0.0,-90.239,0.003,-0.02,0.0,2108.2201558180445,0.0,0.0,0.0,0.0,0.0,8.0,0.0,0.0,0.0,0.0,0.0137698,-0.0068849,-0.0275396,4.7987753,-0.0137698,-1.1773179,0.01231013430998,0.004438583638528,-0.006137728937652,-0.0029491758242370003,-0.000258699633705,0.00258699633705,49.998999999999995,1.6552570000385458,0.17940499992619152,0.06425899982787087,0.0
pd,23:51:15.042,1200,-40.003,-89.999,0.0,-90.239,0.003,-0.02,0.0,0.0,0.0,0.0,0.0,0.0,-40.003,-40.0,0.0,-90.239,0.003,-0.02,-40.003,-81.999,0.0,-90.239,0.003,-0.02,0.0,2035.3288851146426,0.0,0.0,0.0,0.0,0.0,8.0,0.0,0.0,0.0,0.0,0.0137698,-0.0068849,-0.0275396,4.7987753,-0.0137698,-1.1773179,0.01231013430998,0.004438583638528,-0.006137728937652,-0.0029491758242370003,-0.000258699633705,0.00258699633705,49.998999999999995,1.7779969998628076,0.15438699983860715,0.07170300023062737,0.0
pd,23:51:15.045,1201,-40.003,-89.999,0.0,-90.239,0.003,-0.02,0.0,0.0,0.0,0.0,0.0,0.0,-40.003,-40.0,0.0,-90.239,0.003,-0.02,-40.003,-81.999,0.0,-90.239,0.003,-0.02,0.0,1459.269026702618,0.0,0.0,0.0,0.0,0.0,8.0,0.0,0.0,0.0,0.0,0.0137698,-0.0068849,-0.0275396,4.7987753,-0.0137698,-1.1773179,0.01231013430998,0.004438583638528,-0.006137728937652,-0.0029491758242370003,-0.000258699633705,0.00258699633705,49.998999999999995,1.8667169997570454,0.2698849998523656,0.08042499985094764,0.0
pd,23:51:15.047,1202,-40.003,-89.999,0.0,-90.239,0.003,-0.02,0.0,0.0,0.0,0.0,0.0,0.0,-40.003,-40.0,0.0,-90.239,0.003,-0.02,-40.003,-81.999,0.0,-90.239,0.003,-0.02,0.0,1730.5019082001031,0.0,0.0,0.0,0.0,0.0,8.0,0.0,0.0,0.0,0.0,0.0137698,-0.0068849,-0.0275396,4.7987753,-0.0137698,-1.1773179,0.01231013430998,0.004438583638528,-0.006137728937652,-0.0029491758242370003,-0.000258699633705,0.00258699633705,49.998999999999995,1.675571999840031,0.15244199994413066,0.07042499964882154,0.0
pd,23:51:15.049,1203,-40.003,-89.999,0.0,-90.239,0.003,-0.02,0.0,0.0,0.0,0.0,0.0,0.0,-40.003,-40.0,0.0,-90.239,0.003,-0.02,-40.003,-81.999,0.0,-90.239,0.003,-0.02,0.0,2026.723363131191,0.0,0.0,0.0,0.0,0.0,8.0,0.0,0.0,0.0,0.0,0.0137698,-0.0068849,-0.0275396,4.7987753,-0.0137698,-1.1773179,0.01231013430998,0.004438583638528,-0.006137728937652,-0.0029491758242370003,-0.000258699633705,0.00258699633705,49.998999999999995,1.6321100001732702,0.14055400015422492,0.058166000144410646,0.0
pd,23:51:15.051,1204,-40.003,-89.999,0.0,-90.239,0.003,-0.02,0.0,0.0,0.0,0.0,0.0,0.0,-40.003,-40.0,0.0,-90.239,0.003,-0.02,-40.003,-81.999,0.0,-90.239,0.003,-0.02,0.0,2108.750125691302,0.0,0.0,0.0,0.0,0.0,8.0,0.0,0.0,0.0,0.0,0.0137698,-0.0068849,-0.0275396,4.7987753,-0.0137698,-1.1773179,0.01231013430998,0.004438583638528,-0.006137728937652,-0.0029491758242370003,-0.000258699633705,0.00258699633705,49.998999999999995,1.9437719997768,0.33351399997627595,0.1036839998960204,0.0
pd,23:51:15.054,1205,-40.003,-89.999,0.0,-90.239,0.003,-0.02,0.0,0.0,0.0,0.0,0.0,0.0,-40.003,-40.0,0.0,-90.239,0.003,-0.02,-40.003,-81.999,0.0,-90.239,0.003,-0.02,0.0,1619.26609400637,0.0,0.0,0.0,0.0,0.0,8.0,0.0,0.0,0.0,0.0,0.0137698,-0.0068849,-0.0275396,4.7987753,-0.0137698,-1.1773179,0.01231013430998,0.004438583638528,-0.006137728937652,-0.0029491758242370003,-0.000258699633705,0.00258699633705,49.998999999999995,1.6564610000386892,0.15701600023021456,0.061331999859248754,0.0
pd,23:51:15.056,1206,-40.003,-89.999,0.0,-90.239,0.003,-0.02,0.0,0.0,0.0,0.0,0.0,0.0,-40.003,-40.0,0.0,-90.239,0.003,-0.02,-40.003,-81.999,0.0,-90.239,0.003,-0.02,0.0,2060.0707269155205,0.0,0.0,0.0,0.0,0.0,8.0,0.0,0.0,0.0,0.0,0.0137698,-0.0068849,-0.0275396,4.7987753,-0.0137698,-1.1773179,0.01231013430998,0.004438583638528,-0.006137728937652,-0.0029491758242370003,-0.000258699633705,0.00258699633705,49.998999999999995,1.7399409998688498,0.1799050000954594,0.08838699977786746,0.0
pd,23:51:15.058,1207,-40.003,-89.999,0.0,-90.239,0.003,-0.02,0.0,0.0,0.0,0.0,0.0,0.0,-40.003,-40.0,0.0,-90.239,0.003,-0.02,-40.003,-81.999,0.0,-90.239,0.003,-0.02,0.0,1914.114774671991,0.0,0.0,0.0,0.0,0.0,8.0,0.0,0.0,0.0,0.0,0.0137698,-0.0068849,-0.0275396,4.7987753,-0.0137698,-1.1773179,0.01231013430998,0.004438583638528,-0.006137728937652,-0.0029491758242370003,-0.000258699633705,0.00258699633705,49.998999999999995,1.6597939998064248,0.16016499967008713,0.0668329998916306,0.0
pd,23:51:15.060,1208,-40.003,-89.999,0.0,-90.239,0.003,-0.02,0.0,0.0,0.0,0.0,0.0,0.0,-40.003,-40.0,0.0,-90.239,0.003,-0.02,-40.003,-81.999,0.0,-90.239,0.003,-0.02,0.0,2043.260991353063,0.0,0.0,0.0,0.0,0.0,8.0,0.0,0.0,0.0,0.0,0.0137698,-0.0068849,-0.0275396,4.7987753,-0.0137698,-1.1773179,0.01231013430998,0.004438583638528,-0.006137728937652,-0.0029491758242370003,-0.000258699633705,0.00258699633705,49.998999999999995,1.7000339998958225,0.14823900028204662,0.0663700002405676,0.0
pd,23:51:15.062,1209,-40.003,-89.999,0.0,-90.239,0.003,-0.02,0.0,0.0,0.0,0.0,0.0,0.0,-40.003,-40.0,0.0,-90.239,0.003,-0.02,-40.003,-81.999,0.0,-90.239,0.003,-0.02,0.0,1973.0937316241327,0.0,0.0,0.0,0.0,0.0,8.0,0.0,0.0,0.0,0.0,0.0137698,-0.0068849,-0.0275396,4.7987753,-0.0137698,-1.1773179,0.01231013430998,0.004438583638528,-0.006137728937652,-0.0029491758242370003,-0.000258699633705,0.00258699633705,49.998999999999995,1.6227020000769699,0.2810330001921102,0.07748000007268274,0.0
pd,23:51:15.064,1210,-40.003,-89.999,0.0,-90.239,0.003,-0.02,0.0,0.0,0.0,0.0,0.0,0.0,-40.003,-40.0,0.0,-90.239,0.003,-0.02,-40.003,-81.999,0.0,-90.239,0.003,-0.02,0.0,1945.6356256523252,0.0,0.0,0.0,0.0,0.0,8.0,0.0,0.0,0.0,0.0,0.0137698,-0.0068849,-0.0275396,4.7987753,-0.0137698,-1.1773179,0.01231013430998,0.004438583638528,-0.006137728937652,-0.0029491758242370003,-0.000258699633705,0.00258699633705,49.998999999999995,1.7336820001219166,0.19460899966361467,0.09005399988382123,0.0
pd,23:51:15.066,1211,-40.003,-89.999,0.0,-90.239,0.003,-0.02,0.0,0.0,0.0,0.0,0.0,0.0,-40.003,-40.0,0.0,-90.239,0.003,-0.02,-40.003,-81.999,0.0,-90.239,0.003,-0.02,0.0,1471.0404208680404,0.0,0.0,0.0,0.0,0.0,8.0,0.0,0.0,0.0,0.0,0.0137698,-0.0068849,-0.0275396,4.7987753,-0.0137698,-1.1773179,0.01231013430998,0.004438583638528,-0.006137728937652,-0.0029491758242370003,-0.000258699633705,0.00258699633705,49.998999999999995,1.8852729999707663,0.22368199961420032,0.1392569997733517,0.0
pd,23:51:15.069,1212,-40.003,-89.999,0.0,-90.239,0.003,-0.02,0.0,0.0,0.0,0.0,0.0,0.0,-40.003,-40.0,0.0,-90.239,0.003,-0.02,-40.003,-81.999,0.0,-90.239,0.003,-0.02,0.0,1706.215397132106,0.0,0.0,0.0,0.0,0.0,8.0,0.0,0.0,0.0,0.0,0.0137698,-0.0068849,-0.0275396,4.7987753,-0.0137698,-1.1773179,0.01231013430998,0.004438583638528,-0.006137728937652,-0.0029491758242370003,-0.000258699633705,0.00258699633705,49.998999999999995,1.6494790002070658,0.15879400007179356,0.06616600012421259,0.0
pd,23:51:15.071,1213,-40.003,-89.999,0.0,-90.239,0.003,-0.02,0.0,0.0,0.0,0.0,0.0,0.0,-40.003,-40.0,0.0,-90.239,0.003,-0.02,-40.003,-81.999,0.0,-90.239,0.003,-0.02,0.0,2056.787544440358,0.0,0.0,0.0,0.0,0.0,8.0,0.0,0.0,0.0,0.0,0.0137698,-0.0068849,-0.0275396,4.7987753,-0.0137698,-1.1773179,0.01231013430998,0.004438583638528,-0.006137728937652,-0.0029491758242370003,-0.000258699633705,0.00258699633705,49.998999999999995,1.6283690001728246,0.1372390001961321,0.058073999753105454,0.0
pd,23:51:15.073,1214,-40.003,-89.999,0.0,-90.239,0.003,-0.02,0.0,0.0,0.0,0.0,0.0,0.0,-40.003,-40.0,0.0,-90.239,0.003,-0.02,-40.003,-81.999,0.0,-90.239,0.003,-0.02,0.0,2119.4057604850937,0.0,0.0,0.0,0.0,0.0,8.0,0.0,0.0,0.0,0.0,0.0137698,-0.0068849,-0.0275396,4.7987753,-0.0137698,-1.1773179,0.01231013430998,0.004438583638528,-0.006137728937652,-0.0029491758242370003,-0.000258699633705,0.00258699633705,49.998999999999995,1.8912169998657191,0.17605299990464118,0.07846200014682836,0.0
pd,23:51:15.075,1215,-40.003,-89.999,0.0,-90.239,0.003,-0.02,0.0,0.0,0.0,0.0,0.0,0.0,-40.003,-40.0,0.0,-90.239,0.003,-0.02,-40.003,-81.999,0.0,-90.239,0.003,-0.02,0.0,1800.3236398755232,0.0,0.0,0.0,0.0,0.0,8.0,0.0,0.0,0.0,0.0,0.0137698,-0.0068849,-0.0275396,4.7987753,-0.0137698,-1.1773179,0.01231013430998,0.004438583638528,-0.006137728937652,-0.0029491758242370003,-0.000258699633705,0.00258699633705,49.998999999999995,2.0222160001139855,0.1990709997699014,0.10036999992735218,0.0
pd,23:51:15.077,1216,-40.003,-89.999,0.0,-90.239,0.003,-0.02,0.0,0.0,0.0,0.0,0.0,0.0,-40.003,-40.0,0.0,-90.239,0.003,-0.02,-40.003,-81.999,0.0,-90.239,0.003,-0.02,0.0,1661.7686212361332,0.0,0.0,0.0,0.0,0.0,8.0,0.0,0.0,0.0,0.0,0.0137698,-0.0068849,-0.0275396,4.7987753,-0.0137698,-1.1773179,0.01231013430998,0.004438583638528,-0.006137728937652,-0.0029491758242370003,-0.000258699633705,0.00258699633705,49.998999999999995,1.675960000284249,0.15764599993417505,0.06744299980709911,0.0
pd,23:51:15.079,1217,-40.003,-89.999,0.0,-90.239,0.003,-0.02,0.0,0.0,0.0,0.0,0.0,0.0,-40.003,-40.0,0.0,-90.239,0.003,-0.02,-40.003,-81.999,0.0,-90.239,0.003,-0.02,0.0,2030.8940806197797,0.0,0.0,0.0,0.0,0.0,8.0,0.0,0.0,0.0,0.0,0.0137698,-0.0068849,-0.0275396,4.7987753,-0.0137698,-1.1773179,0.01231013430998,0.004438583638528,-0.006137728937652,-0.0029491758242370003,-0.000258699633705,0.00258699633705,49.998999999999995,1.7526269998597854,0.16273900018859422,0.11433100007707253,0.0
pd,23:51:15.081,1218,-40.003,-89.999,0.0,-90.239,0.003,-0.02,0.0,0.0,0.0,0.0,0.0,0.0,-40.003,-40.0,0.0,-90.239,0.003,-0.02,-40.003,-81.999,0.0,-90.239,0.003,-0.02,0.0,1904.1216660991943,0.0,0.0,0.0,0.0,0.0,8.0,0.0,0.0,0.0,0.0,0.0137698,-0.0068849,-0.0275396,4.7987753,-0.0137698,-1.1773179,0.01231013430998,0.004438583638528,-0.006137728937652,-0.0029491758242370003,-0.000258699633705,0.00258699633705,49.998999999999995,1.7371999997521925,0.16646099993522512,0.08199900003091898,0.0
pd,23:51:15.083,1219,-40.003,-89.999,0.0,-90.239,0.003,-0.02,0.0,0.0,0.0,0.0,0.0,0.0,-40.003,-40.0,0.0,-90.239,0.003,-0.02,-40.003,-81.999,0.0,-90.239,0.003,-0.02,0.0,1940.6843262001157,0.0,0.0,0.0,0.0,0.0,8.0,0.0,0.0,0.0,0.0,0.0137698,-0.0068849,-0.0275396,4.7987753,-0.0137698,-1.1773179,0.01231013430998,0.004438583638528,-0.006137728937652,-0.0029491758242370003,-0.000258699633705,0.00258699633705,49.998999999999995,1.831846999721165,0.1652390001254389,0.07455500008290983,0.0
pd,23:51:15.085,1220,-40.003,-89.999,0.0,-90.239,0.003,-0.02,0.0,0.0,0.0,0.0,0.0,0.0,-40.003,-40.0,0.0,-90.239,0.003,-0.02,-40.003,-81.999,0.0,-90.239,0.003,-0.02,0.0,1864.3422602511391,0.0,0.0,0.0,0.0,0.0,8.0,0.0,0.0,0.0,0.0,0.0137698,-0.0068849,-0.0275396,4.7987753,-0.0137698,-1.1773179,0.01231013430998,0.004438583638528,-0.006137728937652,-0.0029491758242370003,-0.000258699633705,0.00258699633705,49.998999999999995,1.6384420000576938,0.13101700005790917,0.05690700027116691,0.0
pd,23:51:15.088,1221,-40.003,-89.999,0.0,-90.239,0.003,-0.02,0.0,0.0,0.0,0.0,0.0,0.0,-40.003,-40.0,0.0,-90.239,0.003,-0.02,-40.003,-81.999,0.0,-90.239,0.003,-0.02,0.0,1597.525804608646,0.0,0.0,0.0,0.0,0.0,8.0,0.0,0.0,0.0,0.0,0.0137698,-0.0068849,-0.0275396,4.7987753,-0.0137698,-1.1773179,0.01231013430998,0.004438583638528,-0.006137728937652,-0.0029491758242370003,-0.000258699633705,0.00258699633705,49.998999999999995,1.8704210001487809,0.2292189997206151,0.08109200007311301,0.0
pd,23:51:15.090,1222,-40.003,-89.999,0.0,-90.239,0.003,-0.02,0.0,0.0,0.0,0.0,0.0,0.0,-40.003,-40.0,0.0,-90.239,0.003,-0.02,-40.003,-81.999,0.0,-90.239,0.003,-0.02,0.0,1758.4337071585787,0.0,0.0,0.0,0.0,0.0,8.0,0.0,0.0,0.0,0.0,0.0137698,-0.0068849,-0.0275396,4.7987753,-0.0137698,-1.1773179,0.01231013430998,0.004438583638528,-0.006137728937652,-0.0029491758242370003,-0.000258699633705,0.00258699633705,49.998999999999995,1.6540349997740122,0.16140499974426348,0.07316599976547877,0.0
pd,23:51:15.092,1223,-40.003,-89.999,0.0,-90.239,0.003,-0.02,0.0,0.0,0.0,0.0,0.0,0.0,-40.003,-40.0,0.0,-90.239,0.003,-0.02,-40.003,-81.999,0.0,-90.239,0.003,-0.02,0.0,2038.7915907157612,0.0,0.0,0.0,0.0,0.0,8.0,0.0,0.0,0.0,0.0,0.0137698,-0.0068849,-0.0275396,4.7987753,-0.0137698,-1.1773179,0.01231013430998,0.004438583638528,-0.006137728937652,-0.0029491758242370003,-0.000258699633705,0.00258699633705,49.998999999999995,1.824402999773156,0.173720000020694,0.07881400006226613,0.0
pd,23:51:15.094,1224,-40.003,-89.999,0.0,-90.239,0.003,-0.02,0.0,0.0,0.0,0.0,0.0,0.0,-40.003,-40.0,0.0,-90.239,0.003,-0.02,-40.003,-81.999,0.0,-90.239,0.003,-0.02,0.0,1857.5305580159434,0.0,0.0,0.0,0.0,0.0,8.0,0.0,0.0,0.0,0.0,0.0137698,-0.0068849,-0.0275396,4.7987753,-0.0137698,-1.1773179,0.01231013430998,0.004438583638528,-0.006137728937652,-0.0029491758242370003,-0.000258699633705,0.00258699633705,49.998999999999995,1.6572380000070552,0.13977599974168697,0.05994399998598965,0.0
pd,23:51:15.096,1225,-40.003,-89.999,0.0,-90.239,0.003,-0.02,0.0,0.0,0.0,0.0,0.0,0.0,-40.003,-40.0,0.0,-90.239,0.003,-0.02,-40.003,-81.999,0.0,-90.239,0.003,-0.02,0.0,2080.765968001984,0.0,0.0,0.0,0.0,0.0,8.0,0.0,0.0,0.0,0.0,0.0137698,-0.0068849,-0.0275396,4.7987753,-0.0137698,-1.1773179,0.01231013430998,0.004438583638528,-0.006137728937652,-0.0029491758242370003,-0.000258699633705,0.00258699633705,49.998999999999995,1.6551460003029206,0.15394199999718694,0.07427699983963976,0.0
pd,23:51:15.098,1226,-40.003,-89.999,0.0,-90.239,0.003,-0.02,0.0,0.0,0.0,0.0,0.0,0.0,-40.003,-40.0,0.0,-90.239,0.003,-0.02,-40.003,-81.999,0.0,-90.239,0.003,-0.02,0.0,2049.2507634053986,0.0,0.0,0.0,0.0,0.0,8.0,0.0,0.0,0.0,0.0,0.0137698,-0.0068849,-0.0275396,4.7987753,-0.0137698,-1.1773179,0.01231013430998,0.004438583638528,-0.006137728937652,-0.0029491758242370003,-0.000258699633705,0.00258699633705,49.998999999999995,1.626978999865969,0.13810900009048055,0.058462000197323505,0.0
pd,23:51:15.100,1227,-40.003,-89.999,0.0,-90.239,0.003,-0.02,0.0,0.0,0.0,0.0,0.0,0.0,-40.003,-40.0,0.0,-90.239,0.003,-0.02,-40.003,-81.999,0.0,-90.239,0.003,-0.02,0.0,2118.870421823693,0.0,0.0,0.0,0.0,0.0,8.0,0.0,0.0,0.0,0.0,0.0137698,-0.0068849,-0.0275396,4.7987753,-0.0137698,-1.1773179,0.01231013430998,0.004438583638528,-0.006137728937652,-0.0029491758242370003,-0.000258699633705,0.00258699633705,49.998999999999995,1.9117169999844918,0.1992749998862564,0.0973139999587147,0.0
pd,23:51:15.102,1228,-40.003,-89.999,0.0,-90.239,0.003,-0.02,0.0,0.0,0.0,0.0,0.0,0.0,-40.003,-40.0,0.0,-90.239,0.003,-0.02,-40.003,-81.999,0.0,-90.239,0.003,-0.02,0.0,1744.9002600104004,0.0,0.0,0.0,0.0,0.0,8.0,0.0,0.0,0.0,0.0,0.0137698,-0.0068849,-0.0275396,4.7987753,-0.0137698,-1.1773179,0.01231013430998,0.004438583638528,-0.006137728937652,-0.0029491758242370003,-0.000258699633705,0.00258699633705,49.998999999999995,1.8081810003423016,0.16481300008308608,0.07598100000905106,0.0
pd,23:51:15.105,1229,-40.003,-89.999,0.0,-90.239,0.003,-0.02,0.0,0.0,0.0,0.0,0.0,0.0,-40.003,-40.0,0.0,-90.239,0.003,-0.02,-40.003,-81.999,0.0,-90.239,0.003,-0.02,0.0,1883.5989671045245,0.0,0.0,0.0,0.0,0.0,8.0,0.0,0.0,0.0,0.0,0.0137698,-0.0068849,-0.0275396,4.7987753,-0.0137698,-1.1773179,0.01231013430998,0.004438583638528,-0.006137728937652,-0.0029491758242370003,-0.000258699633705,0.00258699633705,49.998999999999995,1.7275519999202515,0.17292399979851325,0.07614800006194855,0.0
pd,23:51:15.107,1230,-40.003,-89.999,0.0,-90.239,0.003,-0.02,0.0,0.0,0.0,0.0,0.0,0.0,-40.003,-40.0,0.0,-90.239,0.003,-0.02,-40.003,-81.999,0.0,-90.239,0.003,-0.02,0.0,1951.0659378997557,0.0,0.0,0.0,0.0,0.0,8.0,0.0,0.0,0.0,0.0,0.0137698,-0.0068849,-0.0275396,4.7987753,-0.0137698,-1.1773179,0.01231013430998,0.004438583638528,-0.006137728937652,-0.0029491758242370003,-0.000258699633705,0.00258699633705,49.998999999999995,1.7308299998148868,0.15359100007117377,0.07157299978644005,0.0
pd,23:51:15.109,1231,-40.003,-89.999,0.0,-90.239,0.003,-0.02,0.0,0.0,0.0,0.0,0.0,0.0,-40.003,-40.0,0.0,-90.239,0.003,-0.02,-40.003,-81.999,0.0,-90.239,0.003,-0.02,0.0,1470.1381002453559,0.0,0.0,0.0,0.0,0.0,8.0,0.0,0.0,0.0,0.0,0.0137698,-0.0068849,-0.0275396,4.7987753,-0.0137698,-1.1773179,0.01231013430998,0.004438583638528,-0.006137728937652,-0.0029491758242370003,-0.000258699633705,0.00258699633705,49.998999999999995,1.839588000166259,0.22479300014310866,0.06698100014546071,0.0
pd,23:51:15.112,1232,-40.003,-89.999,0.0,-90.239,0.003,-0.02,0.0,0.0,0.0,0.0,0.0,0.0,-40.003,-40.0,0.0,-90.239,0.003,-0.02,-40.003,-81.999,0.0,-90.239,0.003,-0.02,0.0,1798.0083592326653,0.0,0.0,0.0,0.0,0.0,8.0,0.0,0.0,0.0,0.0,0.0137698,-0.0068849,-0.0275396,4.7987753,-0.0137698,-1.1773179,0.01231013430998,0.004438583638528,-0.006137728937652,-0.0029491758242370003,-0.000258699633705,0.00258699633705,49.998999999999995,1.6764050001256692,0.14736799994352623,0.0619620000179566,0.0
pd,23:51:15.113,1233,-40.003,-89.999,0.0,-90.239,0.003,-0.02,0.0,0.0,0.0,0.0,0.0,0.0,-40.003,-40.0,0.0,-90.239,0.003,-0.02,-40.003,-81.999,0.0,-90.239,0.003,-0.02,0.0,2047.5001220405175,0.0,0.0,0.0,0.0,0.0,8.0,0.0,0.0,0.0,0.0,0.0137698,-0.0068849,-0.0275396,4.7987753,-0.0137698,-1.1773179,0.01231013430998,0.004438583638528,-0.006137728937652,-0.0029491758242370003,-0.000258699633705,0.00258699633705,49.998999999999995,1.7968480001400167,0.20436700015125098,0.07372099980784697,0.0
pd,23:51:15.116,1234,-40.003,-89.999,0.0,-90.239,0.003,-0.02,0.0,0.0,0.0,0.0,0.0,0.0,-40.003,-40.0,0.0,-90.239,0.003,-0.02,-40.003,-81.999,0.0,-90.239,0.003,-0.02,0.0,1862.4795737122558,0.0,0.0,0.0,0.0,0.0,8.0,0.0,0.0,0.0,0.0,0.0137698,-0.0068849,-0.0275396,4.7987753,-0.0137698,-1.1773179,0.01231013430998,0.004438583638528,-0.006137728937652,-0.0029491758242370003,-0.000258699633705,0.00258699633705,49.998999999999995,1.6798870001366595,0.16088700022010016,0.0716469999133551,0.0
pd,23:51:15.118,1235,-40.003,-89.999,0.0,-90.239,0.003,-0.02,0.0,0.0,0.0,0.0,0.0,0.0,-40.003,-40.0,0.0,-90.239,0.003,-0.02,-40.003,-81.999,0.0,-90.239,0.003,-0.02,0.0,2016.2499699555342,0.0,0.0,0.0,0.0,0.0,8.0,0.0,0.0,0.0,0.0,0.0137698,-0.0068849,-0.0275396,4.7987753,-0.0137698,-1.1773179,0.01231013430998,0.004438583638528,-0.006137728937652,-0.0029491758242370003,-0.000258699633705,0.00258699633705,49.998999999999995,1.635221000015008,0.1465539999117027,0.0639059999230085,0.0
pd,23:51:15.120,1236,-40.003,-89.999,0.0,-90.239,0.003,-0.02,0.0,0.0,0.0,0.0,0.0,0.0,-40.003,-40.0,0.0,-90.239,0.003,-0.02,-40.003,-81.999,0.0,-90.239,0.003,-0.02,0.0,2091.4006482174022,0.0,0.0,0.0,0.0,0.0,8.0,0.0,0.0,0.0,0.0,0.0137698,-0.0068849,-0.0275396,4.7987753,-0.0137698,-1.1773179,0.01231013430998,0.004438583638528,-0.006137728937652,-0.0029491758242370003,-0.000258699633705,0.00258699633705,49.998999999999995,1.655627999753051,0.14759099985894863,0.06175899989102618,0.0
pd,23:51:15.121,1237,-40.003,-89.999,0.0,-90.239,0.003,-0.02,0.0,0.0,0.0,0.0,0.0,0.0,-40.003,-40.0,0.0,-90.239,0.003,-0.02,-40.003,-81.999,0.0,-90.239,0.003,-0.02,0.0,2071.7727834033094,0.0,0.0,0.0,0.0,0.0,8.0,0.0,0.0,0.0,0.0,0.0137698,-0.0068849,-0.0275396,4.7987753,-0.0137698,-1.1773179,0.01231013430998,0.004438583638528,-0.006137728937652,-0.0029491758242370003,-0.000258699633705,0.00258699633705,49.998999999999995,1.6202389997488353,0.1355360000161454,0.059795999732159544,0.0
pd,23:51:15.123,1238,-40.003,-89.999,0.0,-90.239,0.003,-0.02,0.0,0.0,0.0,0.0,0.0,0.0,-40.003,-40.0,0.0,-90.239,0.003,-0.02,-40.003,-81.999,0.0,-90.239,0.003,-0.02,0.0,2128.818170282959,0.0,0.0,0.0,0.0,0.0,8.0,0.0,0.0,0.0,0.0,0.0137698,-0.0068849,-0.0275396,4.7987753,-0.0137698,-1.1773179,0.01231013430998,0.004438583638528,-0.006137728937652,-0.0029491758242370003,-0.000258699633705,0.00258699633705,49.998999999999995,1.7992929997490137,0.18336800030738232,0.07416499965984258,0.0
pd,23:51:15.125,1239,-40.003,-89.999,0.0,-90.239,0.003,-0.02,0.0,0.0,0.0,0.0,0.0,0.0,-40.003,-40.0,0.0,-90.239,0.003,-0.02,-40.003,-81.999,0.0,-90.239,0.003,-0.02,0.0,1859.795588072276,0.0,0.0,0.0,0.0,0.0,8.0,0.0,0.0,0.0,0.0,0.0137698,-0.0068849,-0.0275396,4.7987753,-0.0137698,-1.1773179,0.01231013430998,0.004438583638528,-0.006137728937652,-0.0029491758242370003,-0.000258699633705,0.00258699633705,49.998999999999995,1.8995499999618914,0.19699799986483413,0.0934429999688291,0.0
pd,23:51:15.128,1240,-40.003,-89.999,0.0,-90.239,0.003,-0.02,0.0,0.0,0.0,0.0,0.0,0.0,-40.003,-40.0,0.0,-90.239,0.003,-0.02,-40.003,-81.999,0.0,-90.239,0.003,-0.02,0.0,1759.5402202412165,0.0,0.0,0.0,0.0,0.0,8.0,0.0,0.0,0.0,0.0,0.0137698,-0.0068849,-0.0275396,4.7987753,-0.0137698,-1.1773179,0.01231013430998,0.004438583638528,-0.006137728937652,-0.0029491758242370003,-0.000258699633705,0.00258699633705,49.998999999999995,1.718663999781711,0.16755300021031871,0.07240700006150291,0.0
pd,23:51:15.130,1241,-40.003,-89.999,0.0,-90.239,0.003,-0.02,0.0,0.0,0.0,0.0,0.0,0.0,-40.003,-40.0,0.0,-90.239,0.003,-0.02,-40.003,-81.999,0.0,-90.239,0.003,-0.02,0.0,1477.5179216204315,0.0,0.0,0.0,0.0,0.0,8.0,0.0,0.0,0.0,0.0,0.0137698,-0.0068849,-0.0275396,4.7987753,-0.0137698,-1.1773179,0.01231013430998,0.004438583638528,-0.006137728937652,-0.0029491758242370003,-0.000258699633705,0.00258699633705,49.998999999999995,1.860329000010097,0.37467999982254696,0.09970299970518681,0.0
pd,23:51:15.133,1242,-40.003,-89.999,0.0,-90.239,0.003,-0.02,0.0,0.0,0.0,0.0,0.0,0.0,-40.003,-40.0,0.0,-90.239,0.003,-0.02,-40.003,-81.999,0.0,-90.239,0.003,-0.02,0.0,1645.4703805413887,0.0,0.0,0.0,0.0,0.0,8.0,0.0,0.0,0.0,0.0,0.0137698,-0.0068849,-0.0275396,4.7987753,-0.0137698,-1.1773179,0.01231013430998,0.004438583638528,-0.006137728937652,-0.0029491758242370003,-0.000258699633705,0.00258699633705,49.998999999999995,1.7999399997279397,0.16847900042193942,0.1158509999186208,0.0
pd,23:51:15.135,1243,-40.003,-89.999,0.0,-90.239,0.003,-0.02,0.0,0.0,0.0,0.0,0.0,0.0,-40.003,-40.0,0.0,-90.239,0.003,-0.02,-40.003,-81.999,0.0,-90.239,0.003,-0.02,0.0,1854.6557594516914,0.0,0.0,0.0,0.0,0.0,8.0,0.0,0.0,0.0,0.0,0.0137698,-0.0068849,-0.0275396,4.7987753,-0.0137698,-1.1773179,0.01231013430998,0.004438583638528,-0.006137728937652,-0.0029491758242370003,-0.000258699633705,0.00258699633705,49.998999999999995,1.6725170003155654,0.14170200029184343,0.05814699989059591,0.0
pd,23:51:15.137,1244,-40.003,-89.999,0.0,-90.239,0.003,-0.02,0.0,0.0,0.0,0.0,0.0,0.0,-40.003,-40.0,0.0,-90.239,0.003,-0.02,-40.003,-81.999,0.0,-90.239,0.003,-0.02,0.0,2064.888123076923,0.0,0.0,0.0,0.0,0.0,8.0,0.0,0.0,0.0,0.0,0.0137698,-0.0068849,-0.0275396,4.7987753,-0.0137698,-1.1773179,0.01231013430998,0.004438583638528,-0.006137728937652,-0.0029491758242370003,-0.000258699633705,0.00258699633705,49.998999999999995,1.6373499997826002,0.14588700014428468,0.06325899994408246,0.0
pd,23:51:15.139,1245,-40.003,-89.999,0.0,-90.239,0.003,-0.02,0.0,0.0,0.0,0.0,0.0,0.0,-40.003,-40.0,0.0,-90.239,0.003,-0.02,-40.003,-81.999,0.0,-90.239,0.003,-0.02,0.0,2089.3170610211705,0.0,0.0,0.0,0.0,0.0,8.0,0.0,0.0,0.0,0.0,0.0137698,-0.0068849,-0.0275396,4.7987753,-0.0137698,-1.1773179,0.01231013430998,0.004438583638528,-0.006137728937652,-0.0029491758242370003,-0.000258699633705,0.00258699633705,49.998999999999995,1.6248319998339866,0.17977500010601943,0.06562900034623453,0.0
pd,23:51:15.141,1246,-40.003,-89.999,0.0,-90.239,0.003,-0.02,0.0,0.0,0.0,0.0,0.0,0.0,-40.003,-40.0,0.0,-90.239,0.003,-0.02,-40.003,-81.999,0.0,-90.239,0.003,-0.02,0.0,2046.5010978287387,0.0,0.0,0.0,0.0,0.0,8.0,0.0,0.0,0.0,0.0,0.0137698,-0.0068849,-0.0275396,4.7987753,-0.0137698,-1.1773179,0.01231013430998,0.004438583638528,-0.006137728937652,-0.0029491758242370003,-0.000258699633705,0.00258699633705,49.998999999999995,1.6340350002792547,0.13583200006905827,0.059128999964741524,0.0
pd,23:51:15.143,1247,-40.003,-89.999,0.0,-90.239,0.003,-0.02,0.0,0.0,0.0,0.0,0.0,0.0,-40.003,-40.0,0.0,-90.239,0.003,-0.02,-40.003,-81.999,0.0,-90.239,0.003,-0.02,0.0,2114.597428787497,0.0,0.0,0.0,0.0,0.0,8.0,0.0,0.0,0.0,0.0,0.0137698,-0.0068849,-0.0275396,4.7987753,-0.0137698,-1.1773179,0.01231013430998,0.004438583638528,-0.006137728937652,-0.0029491758242370003,-0.000258699633705,0.00258699633705,49.998999999999995,1.751162999880762,0.18066399979943526,0.09062800018000416,0.0
pd,23:51:15.145,1248,-40.003,-89.999,0.0,-90.239,0.003,-0.02,0.0,0.0,0.0,0.0,0.0,0.0,-40.003,-40.0,0.0,-90.239,0.003,-0.02,-40.003,-81.999,0.0,-90.239,0.003,-0.02,0.0,1884.0220101066816,0.0,0.0,0.0,0.0,0.0,8.0,0.0,0.0,0.0,0.0,0.0137698,-0.0068849,-0.0275396,4.7987753,-0.0137698,-1.1773179,0.01231013430998,0.004438583638528,-0.006137728937652,-0.0029491758242370003,-0.000258699633705,0.00258699633705,49.998999999999995,1.6457020001325873,0.14244199974200455,0.059220999901299365,0.0
pd,23:51:15.147,1249,-40.003,-89.999,0.0,-90.239,0.003,-0.02,0.0,0.0,0.0,0.0,0.0,0.0,-40.003,-40.0,0.0,-90.239,0.003,-0.02,-40.003,-81.999,0.0,-90.239,0.003,-0.02,0.0,2092.9660678642713,0.0,0.0,0.0,0.0,0.0,8.0,0.0,0.0,0.0,0.0,0.0137698,-0.0068849,-0.0275396,4.7987753,-0.0137698,-1.1773179,0.01231013430998,0.004438583638528,-0.006137728937652,-0.0029491758242370003,-0.000258699633705,0.00258699633705,49.998999999999995,1.6125909996844712,0.13484999999491265,0.0883129996509524,0.0
pd,23:51:15.149,1250,-40.003,-89.999,0.0,-90.239,0.003,-0.02,0.0,0.0,0.0,0.0,0.0,0.0,-40.003,-40.0,0.0,-90.239,0.003,-0.02,-40.003,-81.999,0.0,-90.239,0.003,-0.02,0.0,2105.574297188755,0.0,0.0,0.0,0.0,0.0,8.0,0.0,0.0,0.0,0.0,0.0137698,-0.0068849,-0.0275396,4.7987753,-0.0137698,-1.1773179,0.01231013430998,0.004438583638528,-0.006137728937652,-0.0029491758242370003,-0.000258699633705,0.00258699633705,49.998999999999995,1.6261649998341454,0.14014700036568684,0.06220299974302179,0.0
pd,23:51:15.151,1251,-40.003,-89.999,0.0,-90.239,0.003,-0.02,0.0,0.0,0.0,0.0,0.0,0.0,-40.003,-40.0,0.0,-90.239,0.003,-0.02,-40.003,-81.999,0.0,-90.239,0.003,-0.02,0.0,1586.6480045394364,0.0,0.0,0.0,0.0,0.0,8.0,0.0,0.0,0.0,0.0,0.0137698,-0.0068849,-0.0275396,4.7987753,-0.0137698,-1.1773179,0.01231013430998,0.004438583638528,-0.006137728937652,-0.0029491758242370003,-0.000258699633705,0.00258699633705,49.998999999999995,2.1373989998210163,0.2282010000271839,0.09929499992722413,0.0
pd,23:51:15.154,1252,-40.003,-89.999,0.0,-90.239,0.003,-0.02,0.0,0.0,0.0,0.0,0.0,0.0,-40.003,-40.0,0.0,-90.239,0.003,-0.02,-40.003,-81.999,0.0,-90.239,0.003,-0.02,0.0,1563.1432032050684,0.0,0.0,0.0,0.0,0.0,8.0,0.0,0.0,0.0,0.0,0.0137698,-0.0068849,-0.0275396,4.7987753,-0.0137698,-1.1773179,0.01231013430998,0.004438583638528,-0.006137728937652,-0.0029491758242370003,-0.000258699633705,0.00258699633705,49.998999999999995,1.8132000000150583,0.16401599987148074,0.07774000005156267,0.0
pd,23:51:15.156,1253,-40.003,-89.999,0.0,-90.239,0.003,-0.02,0.0,0.0,0.0,0.0,0.0,0.0,-40.003,-40.0,0.0,-90.239,0.003,-0.02,-40.003,-81.999,0.0,-90.239,0.003,-0.02,0.0,1878.1166461435128,0.0,0.0,0.0,0.0,0.0,8.0,0.0,0.0,0.0,0.0,0.0137698,-0.0068849,-0.0275396,4.7987753,-0.0137698,-1.1773179,0.01231013430998,0.004438583638528,-0.006137728937652,-0.0029491758242370003,-0.000258699633705,0.00258699633705,49.998999999999995,1.6893500001060602,0.26347799985160236,0.09696200004327693,0.0
pd,23:51:15.158,1254,-40.003,-89.999,0.0,-90.239,0.003,-0.02,0.0,0.0,0.0,0.0,0.0,0.0,-40.003,-40.0,0.0,-90.239,0.003,-0.02,-40.003,-81.999,0.0,-90.239,0.003,-0.02,0.0,1874.5492737430168,0.0,0.0,0.0,0.0,0.0,8.0,0.0,0.0,0.0,0.0,0.0137698,-0.0068849,-0.0275396,4.7987753,-0.0137698,-1.1773179,0.01231013430998,0.004438583638528,-0.006137728937652,-0.0029491758242370003,-0.000258699633705,0.00258699633705,49.998999999999995,1.6454800002065895,0.16109099988170783,0.06725899993398343,0.0
pd,23:51:15.160,1255,-40.003,-89.999,0.0,-90.239,0.003,-0.02,0.0,0.0,0.0,0.0,0.0,0.0,-40.003,-40.0,0.0,-90.239,0.003,-0.02,-40.003,-81.999,0.0,-90.239,0.003,-0.02,0.0,2058.301558091032,0.0,0.0,0.0,0.0,0.0,8.0,0.0,0.0,0.0,0.0,0.0137698,-0.0068849,-0.0275396,4.7987753,-0.0137698,-1.1773179,0.01231013430998,0.004438583638528,-0.006137728937652,-0.0029491758242370003,-0.000258699633705,0.00258699633705,49.998999999999995,1.6913679996832798,0.14586799989046995,0.06744300026184646,0.0
pd,23:51:15.162,1256,-40.003,-89.999,0.0,-90.239,0.003,-0.02,0.0,0.0,0.0,0.0,0.0,0.0,-40.003,-40.0,0.0,-90.239,0.003,-0.02,-40.003,-81.999,0.0,-90.239,0.003,-0.02,0.0,2026.723363131191,0.0,0.0,0.0,0.0,0.0,8.0,0.0,0.0,0.0,0.0,0.0137698,-0.0068849,-0.0275396,4.7987753,-0.0137698,-1.1773179,0.01231013430998,0.004438583638528,-0.006137728937652,-0.0029491758242370003,-0.000258699633705,0.00258699633705,49.998999999999995,1.6132399996422464,0.12842400019508204,0.0561470001230191,0.0
pd,23:51:15.164,1257,-40.003,-89.999,0.0,-90.239,0.003,-0.02,0.0,0.0,0.0,0.0,0.0,0.0,-40.003,-40.0,0.0,-90.239,0.003,-0.02,-40.003,-81.999,0.0,-90.239,0.003,-0.02,0.0,2150.925128205128,0.0,0.0,0.0,0.0,0.0,8.0,0.0,0.0,0.0,0.0,0.0137698,-0.0068849,-0.0275396,4.7987753,-0.0137698,-1.1773179,0.01231013430998,0.004438583638528,-0.006137728937652,-0.0029491758242370003,-0.000258699633705,0.00258699633705,49.998999999999995,1.8099590001838806,0.15962799989210907,0.06951800014576293,0.0
pd,23:51:15.166,1258,-40.003,-89.999,0.0,-90.239,0.003,-0.02,0.0,0.0,0.0,0.0,0.0,0.0,-40.003,-40.0,0.0,-90.239,0.003,-0.02,-40.003,-81.999,0.0,-90.239,0.003,-0.02,0.0,1895.0882186829324,0.0,0.0,0.0,0.0,0.0,8.0,0.0,0.0,0.0,0.0,0.0137698,-0.0068849,-0.0275396,4.7987753,-0.0137698,-1.1773179,0.01231013430998,0.004438583638528,-0.006137728937652,-0.0029491758242370003,-0.000258699633705,0.00258699633705,49.998999999999995,1.6312379998453252,0.12977599999430822,0.05353699998522643,0.0
pd,23:51:15.168,1259,-40.003,-89.999,0.0,-90.239,0.003,-0.02,0.0,0.0,0.0,0.0,0.0,0.0,-40.003,-40.0,0.0,-90.239,0.003,-0.02,-40.003,-81.999,0.0,-90.239,0.003,-0.02,0.0,2133.4201424211597,0.0,0.0,0.0,0.0,0.0,8.0,0.0,0.0,0.0,0.0,0.0137698,-0.0068849,-0.0275396,4.7987753,-0.0137698,-1.1773179,0.01231013430998,0.004438583638528,-0.006137728937652,-0.0029491758242370003,-0.000258699633705,0.00258699633705,49.998999999999995,1.6363869999622693,0.14590599994335207,0.06494399985967902,0.0
pd,23:51:15.170,1260,-40.003,-89.999,0.0,-90.239,0.003,-0.02,0.0,0.0,0.0,0.0,0.0,0.0,-40.003,-40.0,0.0,-90.239,0.003,-0.02,-40.003,-81.999,0.0,-90.239,0.003,-0.02,0.0,2088.5367857587453,0.0,0.0,0.0,0.0,0.0,8.0,0.0,0.0,0.0,0.0,0.0137698,-0.0068849,-0.0275396,4.7987753,-0.0137698,-1.1773179,0.01231013430998,0.004438583638528,-0.006137728937652,-0.0029491758242370003,-0.000258699633705,0.00258699633705,49.998999999999995,1.620758000171918,0.12481299972932902,0.05401799990067957,0.0
pd,23:51:15.172,1261,-40.003,-89.999,0.0,-90.239,0.003,-0.02,0.0,0.0,0.0,0.0,0.0,0.0,-40.003,-40.0,0.0,-90.239,0.003,-0.02,-40.003,-81.999,0.0,-90.239,0.003,-0.02,0.0,1607.3209427093313,0.0,0.0,0.0,0.0,0.0,8.0,0.0,0.0,0.0,0.0,0.0137698,-0.0068849,-0.0275396,4.7987753,-0.0137698,-1.1773179,0.01231013430998,0.004438583638528,-0.006137728937652,-0.0029491758242370003,-0.000258699633705,0.00258699633705,49.998999999999995,1.9213649998164328,0.2239599998574704,0.24427400012427825,0.0
pd,23:51:15.175,1262,-40.003,-89.999,0.0,-90.239,0.003,-0.02,0.0,0.0,0.0,0.0,0.0,0.0,-40.003,-40.0,0.0,-90.239,0.003,-0.02,-40.003,-81.999,0.0,-90.239,0.003,-0.02,0.0,1609.0165915411912,0.0,0.0,0.0,0.0,0.0,8.0,0.0,0.0,0.0,0.0,0.0137698,-0.0068849,-0.0275396,4.7987753,-0.0137698,-1.1773179,0.01231013430998,0.004438583638528,-0.006137728937652,-0.0029491758242370003,-0.000258699633705,0.00258699633705,49.998999999999995,1.6691640003045904,0.1706829998511239,0.0873139997565886,0.0
pd,23:51:15.177,1263,-40.003,-89.999,0.0,-90.239,0.003,-0.02,0.0,0.0,0.0,0.0,0.0,0.0,-40.003,-40.0,0.0,-90.239,0.003,-0.02,-40.003,-81.999,0.0,-90.239,0.003,-0.02,0.0,2002.5323466221055,0.0,0.0,0.0,0.0,0.0,8.0,0.0,0.0,0.0,0.0,0.0137698,-0.0068849,-0.0275396,4.7987753,-0.0137698,-1.1773179,0.01231013430998,0.004438583638528,-0.006137728937652,-0.0029491758242370003,-0.000258699633705,0.00258699633705,49.998999999999995,1.8890139999712119,0.2002010000978771,0.09155499992630212,0.0
pd,23:51:15.179,1264,-40.003,-89.999,0.0,-90.239,0.003,-0.02,0.0,0.0,0.0,0.0,0.0,0.0,-40.003,-40.0,0.0,-90.239,0.003,-0.02,-40.003,-81.999,0.0,-90.239,0.003,-0.02,0.0,1766.95271195366,0.0,0.0,0.0,0.0,0.0,8.0,0.0,0.0,0.0,0.0,0.0137698,-0.0068849,-0.0275396,4.7987753,-0.0137698,-1.1773179,0.01231013430998,0.004438583638528,-0.006137728937652,-0.0029491758242370003,-0.000258699633705,0.00258699633705,49.998999999999995,1.7423669996787794,0.16207199996642885,0.07027699984973879,0.0
pd,23:51:15.181,1265,-40.003,-89.999,0.0,-90.239,0.003,-0.02,0.0,0.0,0.0,0.0,0.0,0.0,-40.003,-40.0,0.0,-90.239,0.003,-0.02,-40.003,-81.999,0.0,-90.239,0.003,-0.02,0.0,1952.8827843091608,0.0,0.0,0.0,0.0,0.0,8.0,0.0,0.0,0.0,0.0,0.0137698,-0.0068849,-0.0275396,4.7987753,-0.0137698,-1.1773179,0.01231013430998,0.004438583638528,-0.006137728937652,-0.0029491758242370003,-0.000258699633705,0.00258699633705,49.998999999999995,1.638756999909674,0.15957200002958416,0.07285099991349853,0.0
pd,23:51:15.183,1266,-40.003,-89.999,0.0,-90.239,0.003,-0.02,0.0,0.0,0.0,0.0,0.0,0.0,-40.003,-40.0,0.0,-90.239,0.003,-0.02,-40.003,-81.999,0.0,-90.239,0.003,-0.02,0.0,2057.7966392738867,0.0,0.0,0.0,0.0,0.0,8.0,0.0,0.0,0.0,0.0,0.0137698,-0.0068849,-0.0275396,4.7987753,-0.0137698,-1.1773179,0.01231013430998,0.004438583638528,-0.006137728937652,-0.0029491758242370003,-0.000258699633705,0.00258699633705,49.998999999999995,1.8807550000019546,0.18327600037082448,0.08481399981974391,0.0
pd,23:51:15.185,1267,-40.003,-89.999,0.0,-90.239,0.003,-0.02,0.0,0.0,0.0,0.0,0.0,0.0,-40.003,-40.0,0.0,-90.239,0.003,-0.02,-40.003,-81.999,0.0,-90.239,0.003,-0.02,0.0,1791.6719350704827,0.0,0.0,0.0,0.0,0.0,8.0,0.0,0.0,0.0,0.0,0.0137698,-0.0068849,-0.0275396,4.7987753,-0.0137698,-1.1773179,0.01231013430998,0.004438583638528,-0.006137728937652,-0.0029491758242370003,-0.000258699633705,0.00258699633705,49.998999999999995,1.6490160001012555,0.13983200005895924,0.059703000260924455,0.0
pd,23:51:15.187,1268,-40.003,-89.999,0.0,-90.239,0.003,-0.02,0.0,0.0,0.0,0.0,0.0,0.0,-40.003,-40.0,0.0,-90.239,0.003,-0.02,-40.003,-81.999,0.0,-90.239,0.003,-0.02,0.0,2093.488395308211,0.0,0.0,0.0,0.0,0.0,8.0,0.0,0.0,0.0,0.0,0.0137698,-0.0068849,-0.0275396,4.7987753,-0.0137698,-1.1773179,0.01231013430998,0.004438583638528,-0.006137728937652,-0.0029491758242370003,-0.000258699633705,0.00258699633705,49.998999999999995,1.647867999963637,0.18346100023336476,0.06279499984884751,0.0
pd,23:51:15.189,1269,-40.003,-89.999,0.0,-90.239,0.003,-0.02,0.0,0.0,0.0,0.0,0.0,0.0,-40.003,-40.0,0.0,-90.239,0.003,-0.02,-40.003,-81.999,0.0,-90.239,0.003,-0.02,0.0,2040.5273656044758,0.0,0.0,0.0,0.0,0.0,8.0,0.0,0.0,0.0,0.0,0.0137698,-0.0068849,-0.0275396,4.7987753,-0.0137698,-1.1773179,0.01231013430998,0.004438583638528,-0.006137728937652,-0.0029491758242370003,-0.000258699633705,0.00258699633705,49.998999999999995,1.6217940001297393,0.13899800023864373,0.06031400016581756,0.0
pd,23:51:15.191,1270,-40.003,-89.999,0.0,-90.239,0.003,-0.02,0.0,0.0,0.0,0.0,0.0,0.0,-40.003,-40.0,0.0,-90.239,0.003,-0.02,-40.003,-81.999,0.0,-90.239,0.003,-0.02,0.0,2120.2092758751423,0.0,0.0,0.0,0.0,0.0,8.0,0.0,0.0,0.0,0.0,0.0137698,-0.0068849,-0.0275396,4.7987753,-0.0137698,-1.1773179,0.01231013430998,0.004438583638528,-0.006137728937652,-0.0029491758242370003,-0.000258699633705,0.00258699633705,49.998999999999995,1.6169800001080148,0.1608319998922525,0.05725800019718008,0.0
pd,23:51:15.193,1271,-40.003,-89.999,0.0,-90.239,0.003,-0.02,0.0,0.0,0.0,0.0,0.0,0.0,-40.003,-40.0,0.0,-90.239,0.003,-0.02,-40.003,-81.999,0.0,-90.239,0.003,-0.02,0.0,1577.1024628689604,0.0,0.0,0.0,0.0,0.0,8.0,0.0,0.0,0.0,0.0,0.0137698,-0.0068849,-0.0275396,4.7987753,-0.0137698,-1.1773179,0.01231013430998,0.004438583638528,-0.006137728937652,-0.0029491758242370003,-0.000258699633705,0.00258699633705,49.998999999999995,2.0660109998971166,0.23114500027077156,0.08168399972419138,0.0
pd,23:51:15.196,1272,-40.003,-89.999,0.0,-90.239,0.003,-0.02,0.0,0.0,0.0,0.0,0.0,0.0,-40.003,-40.0,0.0,-90.239,0.003,-0.02,-40.003,-81.999,0.0,-90.239,0.003,-0.02,0.0,1616.7693938517875,0.0,0.0,0.0,0.0,0.0,8.0,0.0,0.0,0.0,0.0,0.0137698,-0.0068849,-0.0275396,4.7987753,-0.0137698,-1.1773179,0.01231013430998,0.004438583638528,-0.006137728937652,-0.0029491758242370003,-0.000258699633705,0.00258699633705,49.998999999999995,1.6915530000005674,0.1739419999466918,0.07635100018887897,0.0
pd,23:51:15.198,1273,-40.003,-89.999,0.0,-90.239,0.003,-0.02,0.0,0.0,0.0,0.0,0.0,0.0,-40.003,-40.0,0.0,-90.239,0.003,-0.02,-40.003,-81.999,0.0,-90.239,0.003,-0.02,0.0,1982.4194730001182,0.0,0.0,0.0,0.0,0.0,8.0,0.0,0.0,0.0,0.0,0.0137698,-0.0068849,-0.0275396,4.7987753,-0.0137698,-1.1773179,0.01231013430998,0.004438583638528,-0.006137728937652,-0.0029491758242370003,-0.000258699633705,0.00258699633705,49.998999999999995,1.643035000142845,0.14823800029262202,0.06762800012438674,0.0
pd,23:51:15.200,1274,-40.003,-89.999,0.0,-90.239,0.003,-0.02,0.0,0.0,0.0,0.0,0.0,0.0,-40.003,-40.0,0.0,-90.239,0.003,-0.02,-40.003,-81.999,0.0,-90.239,0.003,-0.02,0.0,2074.077883545556,0.0,0.0,0.0,0.0,0.0,8.0,0.0,0.0,0.0,0.0,0.0137698,-0.0068849,-0.0275396,4.7987753,-0.0137698,-1.1773179,0.01231013430998,0.004438583638528,-0.006137728937652,-0.0029491758242370003,-0.000258699633705,0.00258699633705,49.998999999999995,1.6950160002124903,0.14814600035606418,0.06846199994470226,0.0
pd,23:51:15.202,1275,-40.003,-89.999,0.0,-90.239,0.003,-0.02,0.0,0.0,0.0,0.0,0.0,0.0,-40.003,-40.0,0.0,-90.239,0.003,-0.02,-40.003,-81.999,0.0,-90.239,0.003,-0.02,0.0,2019.161872668191,0.0,0.0,0.0,0.0,0.0,8.0,0.0,0.0,0.0,0.0,0.0137698,-0.0068849,-0.0275396,4.7987753,-0.0137698,-1.1773179,0.01231013430998,0.004438583638528,-0.006137728937652,-0.0029491758242370003,-0.000258699633705,0.00258699633705,49.998999999999995,1.874995999969542,0.1852750001489767,0.0886289999471046,0.0
pd,23:51:15.204,1276,-40.003,-89.999,0.0,-90.239,0.003,-0.02,0.0,0.0,0.0,0.0,0.0,0.0,-40.003,-40.0,0.0,-90.239,0.003,-0.02,-40.003,-81.999,0.0,-90.239,0.003,-0.02,0.0,1793.0122902639735,0.0,0.0,0.0,0.0,0.0,8.0,0.0,0.0,0.0,0.0,0.0137698,-0.0068849,-0.0275396,4.7987753,-0.0137698,-1.1773179,0.01231013430998,0.004438583638528,-0.006137728937652,-0.0029491758242370003,-0.000258699633705,0.00258699633705,49.998999999999995,1.8224959999315615,0.16325700016750488,0.07555499996669823,0.0
pd,23:51:15.206,1277,-40.003,-89.999,0.0,-90.239,0.003,-0.02,0.0,0.0,0.0,0.0,0.0,0.0,-40.003,-40.0,0.0,-90.239,0.003,-0.02,-40.003,-81.999,0.0,-90.239,0.003,-0.02,0.0,1871.8304139239094,0.0,0.0,0.0,0.0,0.0,8.0,0.0,0.0,0.0,0.0,0.0137698,-0.0068849,-0.0275396,4.7987753,-0.0137698,-1.1773179,0.01231013430998,0.004438583638528,-0.006137728937652,-0.0029491758242370003,-0.000258699633705,0.00258699633705,49.998999999999995,1.6456460002700624,0.16181299997697352,0.0733510000827664,0.0
pd,23:51:15.208,1278,-40.003,-89.999,0.0,-90.239,0.003,-0.02,0.0,0.0,0.0,0.0,0.0,0.0,-40.003,-40.0,0.0,-90.239,0.003,-0.02,-40.003,-81.999,0.0,-90.239,0.003,-0.02,0.0,2046.0019512195122,0.0,0.0,0.0,0.0,0.0,8.0,0.0,0.0,0.0,0.0,0.0137698,-0.0068849,-0.0275396,4.7987753,-0.0137698,-1.1773179,0.01231013430998,0.004438583638528,-0.006137728937652,-0.0029491758242370003,-0.000258699633705,0.00258699633705,49.998999999999995,1.789439999811293,0.1677390000622836,0.07831299990357365,0.0
pd,23:51:15.210,1279,-40.003,-89.999,0.0,-90.239,0.003,-0.02,0.0,0.0,0.0,0.0,0.0,0.0,-40.003,-40.0,0.0,-90.239,0.003,-0.02,-40.003,-81.999,0.0,-90.239,0.003,-0.02,0.0,1896.1591320072332,0.0,0.0,0.0,0.0,0.0,8.0,0.0,0.0,0.0,0.0,0.0137698,-0.0068849,-0.0275396,4.7987753,-0.0137698,-1.1773179,0.01231013430998,0.004438583638528,-0.006137728937652,-0.0029491758242370003,-0.000258699633705,0.00258699633705,49.998999999999995,1.624128000003111,0.13148000016371952,0.054648000059387414,0.0
pd,23:51:15.212,1280,-40.003,-89.999,0.0,-90.239,0.003,-0.02,0.0,0.0,0.0,0.0,0.0,0.0,-40.003,-40.0,0.0,-90.239,0.003,-0.02,-40.003,-81.999,0.0,-90.239,0.003,-0.02,0.0,2136.13649096002,0.0,0.0,0.0,0.0,0.0,8.0,0.0,0.0,0.0,0.0,0.0137698,-0.0068849,-0.0275396,4.7987753,-0.0137698,-1.1773179,0.01231013430998,0.004438583638528,-0.006137728937652,-0.0029491758242370003,-0.000258699633705,0.00258699633705,49.998999999999995,1.630276000014419,0.13194299981478252,0.05618500017590122,0.0
pd,23:51:15.215,1281,-40.003,-89.999,0.0,-90.239,0.003,-0.02,0.0,0.0,0.0,0.0,0.0,0.0,-40.003,-40.0,0.0,-90.239,0.003,-0.02,-40.003,-81.999,0.0,-90.239,0.003,-0.02,0.0,1578.586375611592,0.0,0.0,0.0,0.0,0.0,8.0,0.0,0.0,0.0,0.0,0.0137698,-0.0068849,-0.0275396,4.7987753,-0.0137698,-1.1773179,0.01231013430998,0.004438583638528,-0.006137728937652,-0.0029491758242370003,-0.000258699633705,0.00258699633705,49.998999999999995,2.0498819999374973,0.2308670000275015,0.08157299998856615,0.0
pd,23:51:15.217,1282,-40.003,-89.999,0.0,-90.239,0.003,-0.02,0.0,0.0,0.0,0.0,0.0,0.0,-40.003,-40.0,0.0,-90.239,0.003,-0.02,-40.003,-81.999,0.0,-90.239,0.003,-0.02,0.0,1626.644948613535,0.0,0.0,0.0,0.0,0.0,8.0,0.0,0.0,0.0,0.0,0.0137698,-0.0068849,-0.0275396,4.7987753,-0.0137698,-1.1773179,0.01231013430998,0.004438583638528,-0.006137728937652,-0.0029491758242370003,-0.000258699633705,0.00258699633705,49.998999999999995,1.6610529996796686,0.15231300039886264,0.0649810003778839,0.0
pd,23:51:15.219,1283,-40.003,-89.999,0.0,-90.239,0.003,-0.02,0.0,0.0,0.0,0.0,0.0,0.0,-40.003,-40.0,0.0,-90.239,0.003,-0.02,-40.003,-81.999,0.0,-90.239,0.003,-0.02,0.0,2053.7661892520505,0.0,0.0,0.0,0.0,0.0,8.0,0.0,0.0,0.0,0.0,0.0137698,-0.0068849,-0.0275396,4.7987753,-0.0137698,-1.1773179,0.01231013430998,0.004438583638528,-0.006137728937652,-0.0029491758242370003,-0.000258699633705,0.00258699633705,49.998999999999995,1.6614790001767687,0.15721999989182223,0.06647999998676823,0.0
pd,23:51:15.221,1284,-40.003,-89.999,0.0,-90.239,0.003,-0.02,0.0,0.0,0.0,0.0,0.0,0.0,-40.003,-40.0,0.0,-90.239,0.003,-0.02,-40.003,-81.999,0.0,-90.239,0.003,-0.02,0.0,2045.2536876752408,0.0,0.0,0.0,0.0,0.0,8.0,0.0,0.0,0.0,0.0,0.0137698,-0.0068849,-0.0275396,4.7987753,-0.0137698,-1.1773179,0.01231013430998,0.004438583638528,-0.006137728937652,-0.0029491758242370003,-0.000258699633705,0.00258699633705,49.998999999999995,1.6219989997807716,0.1319609996244253,0.057795999964582734,0.0
pd,23:51:15.223,1285,-40.003,-89.999,0.0,-90.239,0.003,-0.02,0.0,0.0,0.0,0.0,0.0,0.0,-40.003,-40.0,0.0,-90.239,0.003,-0.02,-40.003,-81.999,0.0,-90.239,0.003,-0.02,0.0,2133.1488874761603,0.0,0.0,0.0,0.0,0.0,8.0,0.0,0.0,0.0,0.0,0.0137698,-0.0068849,-0.0275396,4.7987753,-0.0137698,-1.1773179,0.01231013430998,0.004438583638528,-0.006137728937652,-0.0029491758242370003,-0.000258699633705,0.00258699633705,49.998999999999995,1.6441269999631913,0.16597900003034738,0.06501699999716948,0.0
pd,23:51:15.225,1286,-40.003,-89.999,0.0,-90.239,0.003,-0.02,0.0,0.0,0.0,0.0,0.0,0.0,-40.003,-40.0,0.0,-90.239,0.003,-0.02,-40.003,-81.999,0.0,-90.239,0.003,-0.02,0.0,2061.336282098538,0.0,0.0,0.0,0.0,0.0,8.0,0.0,0.0,0.0,0.0,0.0137698,-0.0068849,-0.0275396,4.7987753,-0.0137698,-1.1773179,0.01231013430998,0.004438583638528,-0.006137728937652,-0.0029491758242370003,-0.000258699633705,0.00258699633705,49.998999999999995,1.7741629999363795,0.1577210000505147,0.06788799964851933,0.0
pd,23:51:15.227,1287,-40.003,-89.999,0.0,-90.239,0.003,-0.02,0.0,0.0,0.0,0.0,0.0,0.0,-40.003,-40.0,0.0,-90.239,0.003,-0.02,-40.003,-81.999,0.0,-90.239,0.003,-0.02,0.0,1930.856945563356,0.0,0.0,0.0,0.0,0.0,8.0,0.0,0.0,0.0,0.0,0.0137698,-0.0068849,-0.0275396,4.7987753,-0.0137698,-1.1773179,0.01231013430998,0.004438583638528,-0.006137728937652,-0.0029491758242370003,-0.000258699633705,0.00258699633705,49.998999999999995,1.9225129999540513,0.19544199994925293,0.10488799989616382,0.0
pd,23:51:15.229,1288,-40.003,-89.999,0.0,-90.239,0.003,-0.02,0.0,0.0,0.0,0.0,0.0,0.0,-40.003,-40.0,0.0,-90.239,0.003,-0.02,-40.003,-81.999,0.0,-90.239,0.003,-0.02,0.0,1730.8589703910038,0.0,0.0,0.0,0.0,0.0,8.0,0.0,0.0,0.0,0.0,0.0137698,-0.0068849,-0.0275396,4.7987753,-0.0137698,-1.1773179,0.01231013430998,0.004438583638528,-0.006137728937652,-0.0029491758242370003,-0.000258699633705,0.00258699633705,49.998999999999995,1.6588500002399087,0.14844300039840164,0.05899899997530156,0.0
pd,23:51:15.231,1289,-40.003,-89.999,0.0,-90.239,0.003,-0.02,0.0,0.0,0.0,0.0,0.0,0.0,-40.003,-40.0,0.0,-90.239,0.003,-0.02,-40.003,-81.999,0.0,-90.239,0.003,-0.02,0.0,2072.540580605312,0.0,0.0,0.0,0.0,0.0,8.0,0.0,0.0,0.0,0.0,0.0137698,-0.0068849,-0.0275396,4.7987753,-0.0137698,-1.1773179,0.01231013430998,0.004438583638528,-0.006137728937652,-0.0029491758242370003,-0.000258699633705,0.00258699633705,49.998999999999995,1.6693860002305883,0.16809099997772137,0.07298099990293849,0.0
pd,23:51:15.233,1290,-40.003,-89.999,0.0,-90.239,0.003,-0.02,0.0,0.0,0.0,0.0,0.0,0.0,-40.003,-40.0,0.0,-90.239,0.003,-0.02,-40.003,-81.999,0.0,-90.239,0.003,-0.02,0.0,2016.7347036903475,0.0,0.0,0.0,0.0,0.0,8.0,0.0,0.0,0.0,0.0,0.0137698,-0.0068849,-0.0275396,4.7987753,-0.0137698,-1.1773179,0.01231013430998,0.004438583638528,-0.006137728937652,-0.0029491758242370003,-0.000258699633705,0.00258699633705,49.998999999999995,1.7158669998025289,0.15138700018724194,0.08825799977785209,0.0
pd,23:51:15.236,1291,-40.003,-89.999,0.0,-90.239,0.003,-0.02,0.0,0.0,0.0,0.0,0.0,0.0,-40.003,-40.0,0.0,-90.239,0.003,-0.02,-40.003,-81.999,0.0,-90.239,0.003,-0.02,0.0,1423.1246076851303,0.0,0.0,0.0,0.0,0.0,8.0,0.0,0.0,0.0,0.0,0.0137698,-0.0068849,-0.0275396,4.7987753,-0.0137698,-1.1773179,0.01231013430998,0.004438583638528,-0.006137728937652,-0.0029491758242370003,-0.000258699633705,0.00258699633705,49.998999999999995,1.984753000215278,0.23260800026037032,0.08711000009498093,0.0
pd,23:51:15.238,1292,-40.003,-89.999,0.0,-90.239,0.003,-0.02,0.0,0.0,0.0,0.0,0.0,0.0,-40.003,-40.0,0.0,-90.239,0.003,-0.02,-40.003,-81.999,0.0,-90.239,0.003,-0.02,0.0,1666.2246499155824,0.0,0.0,0.0,0.0,0.0,8.0,0.0,0.0,0.0,0.0,0.0137698,-0.0068849,-0.0275396,4.7987753,-0.0137698,-1.1773179,0.01231013430998,0.004438583638528,-0.006137728937652,-0.0029491758242370003,-0.000258699633705,0.00258699633705,49.998999999999995,1.6457209999316547,0.15359000008174917,0.06733200007147389,0.0
pd,23:51:15.240,1293,-40.003,-89.999,0.0,-90.239,0.003,-0.02,0.0,0.0,0.0,0.0,0.0,0.0,-40.003,-40.0,0.0,-90.239,0.003,-0.02,-40.003,-81.999,0.0,-90.239,0.003,-0.02,0.0,2065.396528376216,0.0,0.0,0.0,0.0,0.0,8.0,0.0,0.0,0.0,0.0,0.0137698,-0.0068849,-0.0275396,4.7987753,-0.0137698,-1.1773179,0.01231013430998,0.004438583638528,-0.006137728937652,-0.0029491758242370003,-0.000258699633705,0.00258699633705,49.998999999999995,1.6656269999657525,0.14181300002746866,0.06635099998675287,0.0
pd,23:51:15.242,1294,-40.003,-89.999,0.0,-90.239,0.003,-0.02,0.0,0.0,0.0,0.0,0.0,0.0,-40.003,-40.0,0.0,-90.239,0.003,-0.02,-40.003,-81.999,0.0,-90.239,0.003,-0.02,0.0,2061.0830466830466,0.0,0.0,0.0,0.0,0.0,8.0,0.0,0.0,0.0,0.0,0.0137698,-0.0068849,-0.0275396,4.7987753,-0.0137698,-1.1773179,0.01231013430998,0.004438583638528,-0.006137728937652,-0.0029491758242370003,-0.000258699633705,0.00258699633705,49.998999999999995,1.6167210001185595,0.12698000000455067,0.05446299974209978,0.0
pd,23:51:15.244,1295,-40.003,-89.999,0.0,-90.239,0.003,-0.02,0.0,0.0,0.0,0.0,0.0,0.0,-40.003,-40.0,0.0,-90.239,0.003,-0.02,-40.003,-81.999,0.0,-90.239,0.003,-0.02,0.0,2152.0287326834273,0.0,0.0,0.0,0.0,0.0,8.0,0.0,0.0,0.0,0.0,0.0137698,-0.0068849,-0.0275396,4.7987753,-0.0137698,-1.1773179,0.01231013430998,0.004438583638528,-0.006137728937652,-0.0029491758242370003,-0.000258699633705,0.00258699633705,49.998999999999995,1.7860520001704572,0.16775699987192638,0.07407399971270934,0.0
pd,23:51:15.246,1296,-40.003,-89.999,0.0,-90.239,0.003,-0.02,0.0,0.0,0.0,0.0,0.0,0.0,-40.003,-40.0,0.0,-90.239,0.003,-0.02,-40.003,-81.999,0.0,-90.239,0.003,-0.02,0.0,1901.7474495579233,0.0,0.0,0.0,0.0,0.0,8.0,0.0,0.0,0.0,0.0,0.0137698,-0.0068849,-0.0275396,4.7987753,-0.0137698,-1.1773179,0.01231013430998,0.004438583638528,-0.006137728937652,-0.0029491758242370003,-0.000258699633705,0.00258699633705,49.998999999999995,1.680831000157923,0.13605399999505607,0.05799900009151315,0.0
pd,23:51:15.248,1297,-40.003,-89.999,0.0,-90.239,0.003,-0.02,0.0,0.0,0.0,0.0,0.0,0.0,-40.003,-40.0,0.0,-90.239,0.003,-0.02,-40.003,-81.999,0.0,-90.239,0.003,-0.02,0.0,2063.110673880964,0.0,0.0,0.0,0.0,0.0,8.0,0.0,0.0,0.0,0.0,0.0137698,-0.0068849,-0.0275396,4.7987753,-0.0137698,-1.1773179,0.01231013430998,0.004438583638528,-0.006137728937652,-0.0029491758242370003,-0.000258699633705,0.00258699633705,49.998999999999995,1.653924000038387,0.15355400000771624,0.07049900023048394,0.0
pd,23:51:15.250,1298,-40.003,-89.999,0.0,-90.239,0.003,-0.02,0.0,0.0,0.0,0.0,0.0,0.0,-40.003,-40.0,0.0,-90.239,0.003,-0.02,-40.003,-81.999,0.0,-90.239,0.003,-0.02,0.0,2051.7568790509968,0.0,0.0,0.0,0.0,0.0,8.0,0.0,0.0,0.0,0.0,0.0137698,-0.0068849,-0.0275396,4.7987753,-0.0137698,-1.1773179,0.01231013430998,0.004438583638528,-0.006137728937652,-0.0029491758242370003,-0.000258699633705,0.00258699633705,49.998999999999995,1.6320169997925404,0.1303499998357438,0.057794999975158134,0.0
pd,23:51:15.252,1299,-40.003,-89.999,0.0,-90.239,0.003,-0.02,0.0,0.0,0.0,0.0,0.0,0.0,-40.003,-40.0,0.0,-90.239,0.003,-0.02,-40.003,-81.999,0.0,-90.239,0.003,-0.02,0.0,2124.774062816616,0.0,0.0,0.0,0.0,0.0,8.0,0.0,0.0,0.0,0.0,0.0137698,-0.0068849,-0.0275396,4.7987753,-0.0137698,-1.1773179,0.01231013430998,0.004438583638528,-0.006137728937652,-0.0029491758242370003,-0.000258699633705,0.00258699633705,49.998999999999995,1.88062400002309,0.1917009999488073,0.09372199974677642,0.0
pd,23:51:15.254,1300,-40.003,-89.999,0.0,-90.239,0.003,-0.02,0.0,0.0,0.0,0.0,0.0,0.0,-40.003,-40.0,0.0,-90.239,0.003,-0.02,-40.003,-81.999,0.0,-90.239,0.003,-0.02,0.0,1777.8124403941931,0.0,0.0,0.0,0.0,0.0,8.0,0.0,0.0,0.0,0.0,0.0137698,-0.0068849,-0.0275396,4.7987753,-0.0137698,-1.1773179,0.01231013430998,0.004438583638528,-0.006137728937652,-0.0029491758242370003,-0.000258699633705,0.00258699633705,49.998999999999995,1.8085149999933492,0.16403500012529548,0.08316499997818028,0.0
pd,23:51:15.257,1301,-40.003,-89.999,0.0,-90.239,0.003,-0.02,0.0,0.0,0.0,0.0,0.0,0.0,-40.003,-40.0,0.0,-90.239,0.003,-0.02,-40.003,-81.999,0.0,-90.239,0.003,-0.02,0.0,1384.8300453982665,0.0,0.0,0.0,0.0,0.0,8.0,0.0,0.0,0.0,0.0,0.0137698,-0.0068849,-0.0275396,4.7987753,-0.0137698,-1.1773179,0.01231013430998,0.004438583638528,-0.006137728937652,-0.0029491758242370003,-0.000258699633705,0.00258699633705,49.998999999999995,2.0006240001748665,0.2382739999120531,0.09568399991621845,0.0
pd,23:51:15.260,1302,-40.003,-89.999,0.0,-90.239,0.003,-0.02,0.0,0.0,0.0,0.0,0.0,0.0,-40.003,-40.0,0.0,-90.239,0.003,-0.02,-40.003,-81.999,0.0,-90.239,0.003,-0.02,0.0,1641.9275787825406,0.0,0.0,0.0,0.0,0.0,8.0,0.0,0.0,0.0,0.0,0.0137698,-0.0068849,-0.0275396,4.7987753,-0.0137698,-1.1773179,0.01231013430998,0.004438583638528,-0.006137728937652,-0.0029491758242370003,-0.000258699633705,0.00258699633705,49.998999999999995,1.718275000257563,0.16018299993447727,0.06898099991303752,0.0
pd,23:51:15.262,1303,-40.003,-89.999,0.0,-90.239,0.003,-0.02,0.0,0.0,0.0,0.0,0.0,0.0,-40.003,-40.0,0.0,-90.239,0.003,-0.02,-40.003,-81.999,0.0,-90.239,0.003,-0.02,0.0,1979.8461175359923,0.0,0.0,0.0,0.0,0.0,8.0,0.0,0.0,0.0,0.0,0.0137698,-0.0068849,-0.0275396,4.7987753,-0.0137698,-1.1773179,0.01231013430998,0.004438583638528,-0.006137728937652,-0.0029491758242370003,-0.000258699633705,0.00258699633705,49.998999999999995,1.6211279998969985,0.13657299996339134,0.056537000091338996,0.0
pd,23:51:15.263,1304,-40.003,-89.999,0.0,-90.239,0.003,-0.02,0.0,0.0,0.0,0.0,0.0,0.0,-40.003,-40.0,0.0,-90.239,0.003,-0.02,-40.003,-81.999,0.0,-90.239,0.003,-0.02,0.0,2130.440126984127,0.0,0.0,0.0,0.0,0.0,8.0,0.0,0.0,0.0,0.0,0.0137698,-0.0068849,-0.0275396,4.7987753,-0.0137698,-1.1773179,0.01231013430998,0.004438583638528,-0.006137728937652,-0.0029491758242370003,-0.000258699633705,0.00258699633705,49.998999999999995,1.6573500001868524,0.1758680000421009,0.24499700020896853,0.0
pd,23:51:15.266,1305,-40.003,-89.999,0.0,-90.239,0.003,-0.02,0.0,0.0,0.0,0.0,0.0,0.0,-40.003,-40.0,0.0,-90.239,0.003,-0.02,-40.003,-81.999,0.0,-90.239,0.003,-0.02,0.0,1848.118087684512,0.0,0.0,0.0,0.0,0.0,8.0,0.0,0.0,0.0,0.0,0.0137698,-0.0068849,-0.0275396,4.7987753,-0.0137698,-1.1773179,0.01231013430998,0.004438583638528,-0.006137728937652,-0.0029491758242370003,-0.000258699633705,0.00258699633705,49.998999999999995,1.6795910000837466,0.17001700007313048,0.06309099990176037,0.0
pd,23:51:15.268,1306,-40.003,-89.999,0.0,-90.239,0.003,-0.02,0.0,0.0,0.0,0.0,0.0,0.0,-40.003,-40.0,0.0,-90.239,0.003,-0.02,-40.003,-81.999,0.0,-90.239,0.003,-0.02,0.0,2020.1343768813967,0.0,0.0,0.0,0.0,0.0,8.0,0.0,0.0,0.0,0.0,0.0137698,-0.0068849,-0.0275396,4.7987753,-0.0137698,-1.1773179,0.01231013430998,0.004438583638528,-0.006137728937652,-0.0029491758242370003,-0.000258699633705,0.00258699633705,49.998999999999995,1.6997560001072998,0.15912800017758855,0.07453600028384244,0.0
pd,23:51:15.270,1307,-40.003,-89.999,0.0,-90.239,0.003,-0.02,0.0,0.0,0.0,0.0,0.0,0.0,-40.003,-40.0,0.0,-90.239,0.003,-0.02,-40.003,-81.999,0.0,-90.239,0.003,-0.02,0.0,1991.5973409306744,0.0,0.0,0.0,0.0,0.0,8.0,0.0,0.0,0.0,0.0,0.0137698,-0.0068849,-0.0275396,4.7987753,-0.0137698,-1.1773179,0.01231013430998,0.004438583638528,-0.006137728937652,-0.0029491758242370003,-0.000258699633705,0.00258699633705,49.998999999999995,1.6340729998773895,0.13407200003712205,0.055036000048858114,0.0
pd,23:51:15.271,1308,-40.003,-89.999,0.0,-90.239,0.003,-0.02,0.0,0.0,0.0,0.0,0.0,0.0,-40.003,-40.0,0.0,-90.239,0.003,-0.02,-40.003,-81.999,0.0,-90.239,0.003,-0.02,0.0,2122.8920663039353,0.0,0.0,0.0,0.0,0.0,8.0,0.0,0.0,0.0,0.0,0.0137698,-0.0068849,-0.0275396,4.7987753,-0.0137698,-1.1773179,0.01231013430998,0.004438583638528,-0.006137728937652,-0.0029491758242370003,-0.000258699633705,0.00258699633705,49.998999999999995,1.66318300034618,0.14079399988986552,0.06033299996488495,0.0
pd,23:51:15.273,1309,-40.003,-89.999,0.0,-90.239,0.003,-0.02,0.0,0.0,0.0,0.0,0.0,0.0,-40.003,-40.0,0.0,-90.239,0.003,-0.02,-40.003,-81.999,0.0,-90.239,0.003,-0.02,0.0,2074.077883545556,0.0,0.0,0.0,0.0,0.0,8.0,0.0,0.0,0.0,0.0,0.0137698,-0.0068849,-0.0275396,4.7987753,-0.0137698,-1.1773179,0.01231013430998,0.004438583638528,-0.006137728937652,-0.0029491758242370003,-0.000258699633705,0.00258699633705,49.998999999999995,1.6179060003196355,0.1357020000796183,0.057202999869332416,0.0
pd,23:51:15.275,1310,-40.003,-89.999,0.0,-90.239,0.003,-0.02,0.0,0.0,0.0,0.0,0.0,0.0,-40.003,-40.0,0.0,-90.239,0.003,-0.02,-40.003,-81.999,0.0,-90.239,0.003,-0.02,0.0,2135.049121913973,0.0,0.0,0.0,0.0,0.0,8.0,0.0,0.0,0.0,0.0,0.0137698,-0.0068849,-0.0275396,4.7987753,-0.0137698,-1.1773179,0.01231013430998,0.004438583638528,-0.006137728937652,-0.0029491758242370003,-0.000258699633705,0.00258699633705,49.998999999999995,1.8723660000432574,0.16914600018935744,0.07573999982923851,0.0
pd,23:51:15.278,1311,-40.003,-89.999,0.0,-90.239,0.003,-0.02,0.0,0.0,0.0,0.0,0.0,0.0,-40.003,-40.0,0.0,-90.239,0.003,-0.02,-40.003,-81.999,0.0,-90.239,0.003,-0.02,0.0,1402.5427186089282,0.0,0.0,0.0,0.0,0.0,8.0,0.0,0.0,0.0,0.0,0.0137698,-0.0068849,-0.0275396,4.7987753,-0.0137698,-1.1773179,0.01231013430998,0.004438583638528,-0.006137728937652,-0.0029491758242370003,-0.000258699633705,0.00258699633705,49.998999999999995,2.0996960001866682,0.3601620001063566,0.10751699983302387,0.0
pd,23:51:15.281,1312,-40.003,-89.999,0.0,-90.239,0.003,-0.02,0.0,0.0,0.0,0.0,0.0,0.0,-40.003,-40.0,0.0,-90.239,0.003,-0.02,-40.003,-81.999,0.0,-90.239,0.003,-0.02,0.0,1497.8319792875636,0.0,0.0,0.0,0.0,0.0,8.0,0.0,0.0,0.0,0.0,0.0137698,-0.0068849,-0.0275396,4.7987753,-0.0137698,-1.1773179,0.01231013430998,0.004438583638528,-0.006137728937652,-0.0029491758242370003,-0.000258699633705,0.00258699633705,49.998999999999995,1.6633499999443302,0.1600350001353945,0.06457300014517386,0.0
pd,23:51:15.283,1313,-40.003,-89.999,0.0,-90.239,0.003,-0.02,0.0,0.0,0.0,0.0,0.0,0.0,-40.003,-40.0,0.0,-90.239,0.003,-0.02,-40.003,-81.999,0.0,-90.239,0.003,-0.02,0.0,2043.260991353063,0.0,0.0,0.0,0.0,0.0,8.0,0.0,0.0,0.0,0.0,0.0137698,-0.0068849,-0.0275396,4.7987753,-0.0137698,-1.1773179,0.01231013430998,0.004438583638528,-0.006137728937652,-0.0029491758242370003,-0.000258699633705,0.00258699633705,49.998999999999995,1.7173859996546526,0.22794200003772858,0.08079600002020015,0.0
pd,23:51:15.285,1314,-40.003,-89.999,0.0,-90.239,0.003,-0.02,0.0,0.0,0.0,0.0,0.0,0.0,-40.003,-40.0,0.0,-90.239,0.003,-0.02,-40.003,-81.999,0.0,-90.239,0.003,-0.02,0.0,1898.7342688999547,0.0,0.0,0.0,0.0,0.0,8.0,0.0,0.0,0.0,0.0,0.0137698,-0.0068849,-0.0275396,4.7987753,-0.0137698,-1.1773179,0.01231013430998,0.004438583638528,-0.006137728937652,-0.0029491758242370003,-0.000258699633705,0.00258699633705,49.998999999999995,1.785088999895379,0.1598869998815644,0.07238799980768817,0.0
pd,23:51:15.287,1315,-40.003,-89.999,0.0,-90.239,0.003,-0.02,0.0,0.0,0.0,0.0,0.0,0.0,-40.003,-40.0,0.0,-90.239,0.003,-0.02,-40.003,-81.999,0.0,-90.239,0.003,-0.02,0.0,1914.7701438027848,0.0,0.0,0.0,0.0,0.0,8.0,0.0,0.0,0.0,0.0,0.0137698,-0.0068849,-0.0275396,4.7987753,-0.0137698,-1.1773179,0.01231013430998,0.004438583638528,-0.006137728937652,-0.0029491758242370003,-0.000258699633705,0.00258699633705,49.998999999999995,1.6653120001137722,0.14036900029168464,0.06075900000723777,0.0
pd,23:51:15.289,1316,-40.003,-89.999,0.0,-90.239,0.003,-0.02,0.0,0.0,0.0,0.0,0.0,0.0,-40.003,-40.0,0.0,-90.239,0.003,-0.02,-40.003,-81.999,0.0,-90.239,0.003,-0.02,0.0,2072.540580605312,0.0,0.0,0.0,0.0,0.0,8.0,0.0,0.0,0.0,0.0,0.0137698,-0.0068849,-0.0275396,4.7987753,-0.0137698,-1.1773179,0.01231013430998,0.004438583638528,-0.006137728937652,-0.0029491758242370003,-0.000258699633705,0.00258699633705,49.998999999999995,1.6282950000459095,0.14494299966827384,0.06396200024028076,0.0
pd,23:51:15.291,1317,-40.003,-89.999,0.0,-90.239,0.003,-0.02,0.0,0.0,0.0,0.0,0.0,0.0,-40.003,-40.0,0.0,-90.239,0.003,-0.02,-40.003,-81.999,0.0,-90.239,0.003,-0.02,0.0,2101.3547094188375,0.0,0.0,0.0,0.0,0.0,8.0,0.0,0.0,0.0,0.0,0.0137698,-0.0068849,-0.0275396,4.7987753,-0.0137698,-1.1773179,0.01231013430998,0.004438583638528,-0.006137728937652,-0.0029491758242370003,-0.000258699633705,0.00258699633705,49.998999999999995,1.613813000403752,0.1285719999941648,0.08764699987295899,0.0
pd,23:51:15.293,1318,-40.003,-89.999,0.0,-90.239,0.003,-0.02,0.0,0.0,0.0,0.0,0.0,0.0,-40.003,-40.0,0.0,-90.239,0.003,-0.02,-40.003,-81.999,0.0,-90.239,0.003,-0.02,0.0,2112.2014352259853,0.0,0.0,0.0,0.0,0.0,8.0,0.0,0.0,0.0,0.0,0.0137698,-0.0068849,-0.0275396,4.7987753,-0.0137698,-1.1773179,0.01231013430998,0.004438583638528,-0.006137728937652,-0.0029491758242370003,-0.000258699633705,0.00258699633705,49.998999999999995,1.6153500000655185,0.190072000350483,0.10009099969465751,0.0
pd,23:51:15.295,1319,-40.003,-89.999,0.0,-90.239,0.003,-0.02,0.0,0.0,0.0,0.0,0.0,0.0,-40.003,-40.0,0.0,-90.239,0.003,-0.02,-40.003,-81.999,0.0,-90.239,0.003,-0.02,0.0,2004.2069047903476,0.0,0.0,0.0,0.0,0.0,8.0,0.0,0.0,0.0,0.0,0.0137698,-0.0068849,-0.0275396,4.7987753,-0.0137698,-1.1773179,0.01231013430998,0.004438583638528,-0.006137728937652,-0.0029491758242370003,-0.000258699633705,0.00258699633705,49.998999999999995,1.8740320001597865,0.22942299983697012,0.09223999995811027,0.0
pd,23:51:15.297,1320,-40.003,-89.999,0.0,-90.239,0.003,-0.02,0.0,0.0,0.0,0.0,0.0,0.0,-40.003,-40.0,0.0,-90.239,0.003,-0.02,-40.003,-81.999,0.0,-90.239,0.003,-0.02,0.0,1753.8381768764373,0.0,0.0,0.0,0.0,0.0,8.0,0.0,0.0,0.0,0.0,0.0137698,-0.0068849,-0.0275396,4.7987753,-0.0137698,-1.1773179,0.01231013430998,0.004438583638528,-0.006137728937652,-0.0029491758242370003,-0.000258699633705,0.00258699633705,49.998999999999995,1.6609049998805858,0.15181300022959476,0.07049900023048394,0.0
pd,23:51:15.300,1321,-40.003,-89.999,0.0,-90.239,0.003,-0.02,0.0,0.0,0.0,0.0,0.0,0.0,-40.003,-40.0,0.0,-90.239,0.003,-0.02,-40.003,-81.999,0.0,-90.239,0.003,-0.02,0.0,1519.2625192429593,0.0,0.0,0.0,0.0,0.0,8.0,0.0,0.0,0.0,0.0,0.0137698,-0.0068849,-0.0275396,4.7987753,-0.0137698,-1.1773179,0.01231013430998,0.004438583638528,-0.006137728937652,-0.0029491758242370003,-0.000258699633705,0.00258699633705,49.998999999999995,3.3862360000966873,0.24346000009245472,0.1193499997498293,0.0
pd,23:51:15.303,1322,-40.003,-89.999,0.0,-90.239,0.003,-0.02,0.0,0.0,0.0,0.0,0.0,0.0,-40.003,-40.0,0.0,-90.239,0.003,-0.02,-40.003,-81.999,0.0,-90.239,0.003,-0.02,0.0,1037.1671612265084,0.0,0.0,0.0,0.0,0.0,8.0,0.0,0.0,0.0,0.0,0.0137698,-0.0068849,-0.0275396,4.7987753,-0.0137698,-1.1773179,0.01231013430998,0.004438583638528,-0.006137728937652,-0.0029491758242370003,-0.000258699633705,0.00258699633705,49.998999999999995,2.006141000038042,0.19529400015017018,0.25364499970237375,0.0
pd,23:51:15.306,1323,-40.003,-89.999,0.0,-90.239,0.003,-0.02,0.0,0.0,0.0,0.0,0.0,0.0,-40.003,-40.0,0.0,-90.239,0.003,-0.02,-40.003,-81.999,0.0,-90.239,0.003,-0.02,0.0,1571.9306661669634,0.0,0.0,0.0,0.0,0.0,8.0,0.0,0.0,0.0,0.0,0.0137698,-0.0068849,-0.0275396,4.7987753,-0.0137698,-1.1773179,0.01231013430998,0.004438583638528,-0.006137728937652,-0.0029491758242370003,-0.000258699633705,0.00258699633705,49.998999999999995,1.6872749997673964,0.16342399976565503,0.06422200021916069,0.0
pd,23:51:15.308,1324,-40.003,-89.999,0.0,-90.239,0.003,-0.02,0.0,0.0,0.0,0.0,0.0,0.0,-40.003,-40.0,0.0,-90.239,0.003,-0.02,-40.003,-81.999,0.0,-90.239,0.003,-0.02,0.0,2018.190304342596,0.0,0.0,0.0,0.0,0.0,8.0,0.0,0.0,0.0,0.0,0.0137698,-0.0068849,-0.0275396,4.7987753,-0.0137698,-1.1773179,0.01231013430998,0.004438583638528,-0.006137728937652,-0.0029491758242370003,-0.000258699633705,0.00258699633705,49.998999999999995,1.7626630001359445,0.18855300004361197,0.0874799998200615,0.0
pd,23:51:15.310,1325,-40.003,-89.999,0.0,-90.239,0.003,-0.02,0.0,0.0,0.0,0.0,0.0,0.0,-40.003,-40.0,0.0,-90.239,0.003,-0.02,-40.003,-81.999,0.0,-90.239,0.003,-0.02,0.0,1887.837965567683,0.0,0.0,0.0,0.0,0.0,8.0,0.0,0.0,0.0,0.0,0.0137698,-0.0068849,-0.0275396,4.7987753,-0.0137698,-1.1773179,0.01231013430998,0.004438583638528,-0.006137728937652,-0.0029491758242370003,-0.000258699633705,0.00258699633705,49.998999999999995,1.6446839999844087,0.13460900026984746,0.05757299959441298,0.0
pd,23:51:15.312,1326,-40.003,-89.999,0.0,-90.239,0.003,-0.02,0.0,0.0,0.0,0.0,0.0,0.0,-40.003,-40.0,0.0,-90.239,0.003,-0.02,-40.003,-81.999,0.0,-90.239,0.003,-0.02,0.0,2105.574297188755,0.0,0.0,0.0,0.0,0.0,8.0,0.0,0.0,0.0,0.0,0.0137698,-0.0068849,-0.0275396,4.7987753,-0.0137698,-1.1773179,0.01231013430998,0.004438583638528,-0.006137728937652,-0.0029491758242370003,-0.000258699633705,0.00258699633705,49.998999999999995,1.6820529999677092,0.13744299985773978,0.060535999637068016,0.0
pd,23:51:15.314,1327,-40.003,-89.999,0.0,-90.239,0.003,-0.02,0.0,0.0,0.0,0.0,0.0,0.0,-40.003,-40.0,0.0,-90.239,0.003,-0.02,-40.003,-81.999,0.0,-90.239,0.003,-0.02,0.0,2059.31213943783,0.0,0.0,0.0,0.0,0.0,8.0,0.0,0.0,0.0,0.0,0.0137698,-0.0068849,-0.0275396,4.7987753,-0.0137698,-1.1773179,0.01231013430998,0.004438583638528,-0.006137728937652,-0.0029491758242370003,-0.000258699633705,0.00258699633705,49.998999999999995,1.6128690003824886,0.12466499993024627,0.05594399999608868,0.0
pd,23:51:15.316,1328,-40.003,-89.999,0.0,-90.239,0.003,-0.02,0.0,0.0,0.0,0.0,0.0,0.0,-40.003,-40.0,0.0,-90.239,0.003,-0.02,-40.003,-81.999,0.0,-90.239,0.003,-0.02,0.0,2158.6742151312405,0.0,0.0,0.0,0.0,0.0,8.0,0.0,0.0,0.0,0.0,0.0137698,-0.0068849,-0.0275396,4.7987753,-0.0137698,-1.1773179,0.01231013430998,0.004438583638528,-0.006137728937652,-0.0029491758242370003,-0.000258699633705,0.00258699633705,49.998999999999995,1.8354209996687132,0.15790499992363038,0.0633509998806403,0.0
pd,23:51:15.318,1329,-40.003,-89.999,0.0,-90.239,0.003,-0.02,0.0,0.0,0.0,0.0,0.0,0.0,-40.003,-40.0,0.0,-90.239,0.003,-0.02,-40.003,-81.999,0.0,-90.239,0.003,-0.02,0.0,1881.275622336847,0.0,0.0,0.0,0.0,0.0,8.0,0.0,0.0,0.0,0.0,0.0137698,-0.0068849,-0.0275396,4.7987753,-0.0137698,-1.1773179,0.01231013430998,0.004438583638528,-0.006137728937652,-0.0029491758242370003,-0.000258699633705,0.00258699633705,49.998999999999995,1.6534789997422195,0.1551650002511451,0.06903600024088519,0.0
pd,23:51:15.320,1330,-40.003,-89.999,0.0,-90.239,0.003,-0.02,0.0,0.0,0.0,0.0,0.0,0.0,-40.003,-40.0,0.0,-90.239,0.003,-0.02,-40.003,-81.999,0.0,-90.239,0.003,-0.02,0.0,2050.7536975919816,0.0,0.0,0.0,0.0,0.0,8.0,0.0,0.0,0.0,0.0,0.0137698,-0.0068849,-0.0275396,4.7987753,-0.0137698,-1.1773179,0.01231013430998,0.004438583638528,-0.006137728937652,-0.0029491758242370003,-0.000258699633705,0.00258699633705,49.998999999999995,1.66040600015549,0.14722099967912072,0.06610999980694032,0.0
pd,23:51:15.323,1331,-40.003,-89.999,0.0,-90.239,0.003,-0.02,0.0,0.0,0.0,0.0,0.0,0.0,-40.003,-40.0,0.0,-90.239,0.003,-0.02,-40.003,-81.999,0.0,-90.239,0.003,-0.02,0.0,1533.1459380425842,0.0,0.0,0.0,0.0,0.0,8.0,0.0,0.0,0.0,0.0,0.0137698,-0.0068849,-0.0275396,4.7987753,-0.0137698,-1.1773179,0.01231013430998,0.004438583638528,-0.006137728937652,-0.0029491758242370003,-0.000258699633705,0.00258699633705,49.998999999999995,1.8401070001345943,0.22305299989966443,0.08561000004192465,0.0
pd,23:51:15.325,1332,-40.003,-89.999,0.0,-90.239,0.003,-0.02,0.0,0.0,0.0,0.0,0.0,0.0,-40.003,-40.0,0.0,-90.239,0.003,-0.02,-40.003,-81.999,0.0,-90.239,0.003,-0.02,0.0,1726.2286243440683,0.0,0.0,0.0,0.0,0.0,8.0,0.0,0.0,0.0,0.0,0.0137698,-0.0068849,-0.0275396,4.7987753,-0.0137698,-1.1773179,0.01231013430998,0.004438583638528,-0.006137728937652,-0.0029491758242370003,-0.000258699633705,0.00258699633705,49.998999999999995,1.7930150002030132,0.17444200011595967,0.07540599972344353,0.0
pd,23:51:15.327,1333,-40.003,-89.999,0.0,-90.239,0.003,-0.02,0.0,0.0,0.0,0.0,0.0,0.0,-40.003,-40.0,0.0,-90.239,0.003,-0.02,-40.003,-81.999,0.0,-90.239,0.003,-0.02,0.0,1889.9646276895348,0.0,0.0,0.0,0.0,0.0,8.0,0.0,0.0,0.0,0.0,0.0137698,-0.0068849,-0.0275396,4.7987753,-0.0137698,-1.1773179,0.01231013430998,0.004438583638528,-0.006137728937652,-0.0029491758242370003,-0.000258699633705,0.00258699633705,49.998999999999995,1.636794999740232,0.17407199993613176,0.059406999753264245,0.0
pd,23:51:15.329,1334,-40.003,-89.999,0.0,-90.239,0.003,-0.02,0.0,0.0,0.0,0.0,0.0,0.0,-40.003,-40.0,0.0,-90.239,0.003,-0.02,-40.003,-81.999,0.0,-90.239,0.003,-0.02,0.0,2065.396528376216,0.0,0.0,0.0,0.0,0.0,8.0,0.0,0.0,0.0,0.0,0.0137698,-0.0068849,-0.0275396,4.7987753,-0.0137698,-1.1773179,0.01231013430998,0.004438583638528,-0.006137728937652,-0.0029491758242370003,-0.000258699633705,0.00258699633705,49.998999999999995,1.8893100000241247,0.19677499994941172,0.09642400027587428,0.0
pd,23:51:15.331,1335,-40.003,-89.999,0.0,-90.239,0.003,-0.02,0.0,0.0,0.0,0.0,0.0,0.0,-40.003,-40.0,0.0,-90.239,0.003,-0.02,-40.003,-81.999,0.0,-90.239,0.003,-0.02,0.0,1766.2086535424783,0.0,0.0,0.0,0.0,0.0,8.0,0.0,0.0,0.0,0.0,0.0137698,-0.0068849,-0.0275396,4.7987753,-0.0137698,-1.1773179,0.01231013430998,0.004438583638528,-0.006137728937652,-0.0029491758242370003,-0.000258699633705,0.00258699633705,49.998999999999995,1.6937010000219743,0.14986899986979552,0.06399899984899093,0.0
pd,23:51:15.333,1336,-40.003,-89.999,0.0,-90.239,0.003,-0.02,0.0,0.0,0.0,0.0,0.0,0.0,-40.003,-40.0,0.0,-90.239,0.003,-0.02,-40.003,-81.999,0.0,-90.239,0.003,-0.02,0.0,2024.5222637866539,0.0,0.0,0.0,0.0,0.0,8.0,0.0,0.0,0.0,0.0,0.0137698,-0.0068849,-0.0275396,4.7987753,-0.0137698,-1.1773179,0.01231013430998,0.004438583638528,-0.006137728937652,-0.0029491758242370003,-0.000258699633705,0.00258699633705,49.998999999999995,1.618406000034156,0.24566399997638655,0.08579599989388953,0.0
pd,23:51:15.335,1337,-40.003,-89.999,0.0,-90.239,0.003,-0.02,0.0,0.0,0.0,0.0,0.0,0.0,-40.003,-40.0,0.0,-90.239,0.003,-0.02,-40.003,-81.999,0.0,-90.239,0.003,-0.02,0.0,1974.2546481525064,0.0,0.0,0.0,0.0,0.0,8.0,0.0,0.0,0.0,0.0,0.0137698,-0.0068849,-0.0275396,4.7987753,-0.0137698,-1.1773179,0.01231013430998,0.004438583638528,-0.006137728937652,-0.0029491758242370003,-0.000258699633705,0.00258699633705,49.998999999999995,1.8354769999859855,0.1718309999887424,0.07785100024193525,0.0
pd,23:51:15.337,1338,-40.003,-89.999,0.0,-90.239,0.003,-0.02,0.0,0.0,0.0,0.0,0.0,0.0,-40.003,-40.0,0.0,-90.239,0.003,-0.02,-40.003,-81.999,0.0,-90.239,0.003,-0.02,0.0,1850.972639011474,0.0,0.0,0.0,0.0,0.0,8.0,0.0,0.0,0.0,0.0,0.0137698,-0.0068849,-0.0275396,4.7987753,-0.0137698,-1.1773179,0.01231013430998,0.004438583638528,-0.006137728937652,-0.0029491758242370003,-0.000258699633705,0.00258699633705,49.998999999999995,1.6536469997845415,0.14899799998602248,0.0767760002418072,0.0
pd,23:51:15.339,1339,-40.003,-89.999,0.0,-90.239,0.003,-0.02,0.0,0.0,0.0,0.0,0.0,0.0,-40.003,-40.0,0.0,-90.239,0.003,-0.02,-40.003,-81.999,0.0,-90.239,0.003,-0.02,0.0,2048.0,0.0,0.0,0.0,0.0,0.0,8.0,0.0,0.0,0.0,0.0,0.0137698,-0.0068849,-0.0275396,4.7987753,-0.0137698,-1.1773179,0.01231013430998,0.004438583638528,-0.006137728937652,-0.0029491758242370003,-0.000258699633705,0.00258699633705,49.998999999999995,1.7023299997163122,0.1515170001766819,0.06579499995496008,0.0
pd,23:51:15.341,1340,-40.003,-89.999,0.0,-90.239,0.003,-0.02,0.0,0.0,0.0,0.0,0.0,0.0,-40.003,-40.0,0.0,-90.239,0.003,-0.02,-40.003,-81.999,0.0,-90.239,0.003,-0.02,0.0,2009.4880824050786,0.0,0.0,0.0,0.0,0.0,8.0,0.0,0.0,0.0,0.0,0.0137698,-0.0068849,-0.0275396,4.7987753,-0.0137698,-1.1773179,0.01231013430998,0.004438583638528,-0.006137728937652,-0.0029491758242370003,-0.000258699633705,0.00258699633705,49.998999999999995,1.6141099999913422,0.13118300012138207,0.05766599997514277,0.0
pd,23:51:15.344,1341,-40.003,-89.999,0.0,-90.239,0.003,-0.02,0.0,0.0,0.0,0.0,0.0,0.0,-40.003,-40.0,0.0,-90.239,0.003,-0.02,-40.003,-81.999,0.0,-90.239,0.003,-0.02,0.0,1470.5246735033745,0.0,0.0,0.0,0.0,0.0,8.0,0.0,0.0,0.0,0.0,0.0137698,-0.0068849,-0.0275396,4.7987753,-0.0137698,-1.1773179,0.01231013430998,0.004438583638528,-0.006137728937652,-0.0029491758242370003,-0.000258699633705,0.00258699633705,49.998999999999995,1.9693449999067525,0.4127360002712521,0.09122100027525448,0.0
pd,23:51:15.347,1342,-40.003,-89.999,0.0,-90.239,0.003,-0.02,0.0,0.0,0.0,0.0,0.0,0.0,-40.003,-40.0,0.0,-90.239,0.003,-0.02,-40.003,-81.999,0.0,-90.239,0.003,-0.02,0.0,1554.7415438791586,0.0,0.0,0.0,0.0,0.0,8.0,0.0,0.0,0.0,0.0,0.0137698,-0.0068849,-0.0275396,4.7987753,-0.0137698,-1.1773179,0.01231013430998,0.004438583638528,-0.006137728937652,-0.0029491758242370003,-0.000258699633705,0.00258699633705,49.998999999999995,1.6611460000603984,0.15364700038844603,0.061646999711229,0.0
pd,23:51:15.348,1343,-40.003,-89.999,0.0,-90.239,0.003,-0.02,0.0,0.0,0.0,0.0,0.0,0.0,-40.003,-40.0,0.0,-90.239,0.003,-0.02,-40.003,-81.999,0.0,-90.239,0.003,-0.02,0.0,2058.0490677134444,0.0,0.0,0.0,0.0,0.0,8.0,0.0,0.0,0.0,0.0,0.0137698,-0.0068849,-0.0275396,4.7987753,-0.0137698,-1.1773179,0.01231013430998,0.004438583638528,-0.006137728937652,-0.0029491758242370003,-0.000258699633705,0.00258699633705,49.998999999999995,1.6588130001764512,0.20784900016224128,0.07224000000860542,0.0
pd,23:51:15.350,1344,-40.003,-89.999,0.0,-90.239,0.003,-0.02,0.0,0.0,0.0,0.0,0.0,0.0,-40.003,-40.0,0.0,-90.239,0.003,-0.02,-40.003,-81.999,0.0,-90.239,0.003,-0.02,0.0,1986.4096613781671,0.0,0.0,0.0,0.0,0.0,8.0,0.0,0.0,0.0,0.0,0.0137698,-0.0068849,-0.0275396,4.7987753,-0.0137698,-1.1773179,0.01231013430998,0.004438583638528,-0.006137728937652,-0.0029491758242370003,-0.000258699633705,0.00258699633705,49.998999999999995,1.6355530001419538,0.13285000022733584,0.0579249999645981,0.0
pd,23:51:15.352,1345,-40.003,-89.999,0.0,-90.239,0.003,-0.02,0.0,0.0,0.0,0.0,0.0,0.0,-40.003,-40.0,0.0,-90.239,0.003,-0.02,-40.003,-81.999,0.0,-90.239,0.003,-0.02,0.0,2116.9988643533125,0.0,0.0,0.0,0.0,0.0,8.0,0.0,0.0,0.0,0.0,0.0137698,-0.0068849,-0.0275396,4.7987753,-0.0137698,-1.1773179,0.01231013430998,0.004438583638528,-0.006137728937652,-0.0029491758242370003,-0.000258699633705,0.00258699633705,49.998999999999995,1.6424609998466622,0.13025799989918596,0.0596290001340094,0.0
pd,23:51:15.354,1346,-40.003,-89.999,0.0,-90.239,0.003,-0.02,0.0,0.0,0.0,0.0,0.0,0.0,-40.003,-40.0,0.0,-90.239,0.003,-0.02,-40.003,-81.999,0.0,-90.239,0.003,-0.02,0.0,2110.076216828072,0.0,0.0,0.0,0.0,0.0,8.0,0.0,0.0,0.0,0.0,0.0137698,-0.0068849,-0.0275396,4.7987753,-0.0137698,-1.1773179,0.01231013430998,0.004438583638528,-0.006137728937652,-0.0029491758242370003,-0.000258699633705,0.00258699633705,49.998999999999995,1.876439999705326,0.3416250001464505,0.14609099980589235,0.0
pd,23:51:15.357,1347,-40.003,-89.999,0.0,-90.239,0.003,-0.02,0.0,0.0,0.0,0.0,0.0,0.0,-40.003,-40.0,0.0,-90.239,0.003,-0.02,-40.003,-81.999,0.0,-90.239,0.003,-0.02,0.0,1631.866160879292,0.0,0.0,0.0,0.0,0.0,8.0,0.0,0.0,0.0,0.0,0.0137698,-0.0068849,-0.0275396,4.7987753,-0.0137698,-1.1773179,0.01231013430998,0.004438583638528,-0.006137728937652,-0.0029491758242370003,-0.000258699633705,0.00258699633705,49.998999999999995,1.706367000224418,0.17347899984088144,0.07459100015694275,0.0
pd,23:51:15.359,1348,-40.003,-89.999,0.0,-90.239,0.003,-0.02,0.0,0.0,0.0,0.0,0.0,0.0,-40.003,-40.0,0.0,-90.239,0.003,-0.02,-40.003,-81.999,0.0,-90.239,0.003,-0.02,0.0,1970.544514916608,0.0,0.0,0.0,0.0,0.0,8.0,0.0,0.0,0.0,0.0,0.0137698,-0.0068849,-0.0275396,4.7987753,-0.0137698,-1.1773179,0.01231013430998,0.004438583638528,-0.006137728937652,-0.0029491758242370003,-0.000258699633705,0.00258699633705,49.998999999999995,1.7590150000614813,0.2149419997294899,0.07805499990354292,0.0
pd,23:51:15.361,1349,-40.003,-89.999,0.0,-90.239,0.003,-0.02,0.0,0.0,0.0,0.0,0.0,0.0,-40.003,-40.0,0.0,-90.239,0.003,-0.02,-40.003,-81.999,0.0,-90.239,0.003,-0.02,0.0,1878.3269144648455,0.0,0.0,0.0,0.0,0.0,8.0,0.0,0.0,0.0,0.0,0.0137698,-0.0068849,-0.0275396,4.7987753,-0.0137698,-1.1773179,0.01231013430998,0.004438583638528,-0.006137728937652,-0.0029491758242370003,-0.000258699633705,0.00258699633705,49.998999999999995,1.6842750001160312,0.13762799972028006,0.060739999753423035,0.0
pd,23:51:15.363,1350,-40.003,-89.999,0.0,-90.239,0.003,-0.02,0.0,0.0,0.0,0.0,0.0,0.0,-40.003,-40.0,0.0,-90.239,0.003,-0.02,-40.003,-81.999,0.0,-90.239,0.003,-0.02,0.0,2055.0240078392944,0.0,0.0,0.0,0.0,0.0,8.0,0.0,0.0,0.0,0.0,0.0137698,-0.0068849,-0.0275396,4.7987753,-0.0137698,-1.1773179,0.01231013430998,0.004438583638528,-0.006137728937652,-0.0029491758242370003,-0.000258699633705,0.00258699633705,49.998999999999995,1.657924000028288,0.1558499998282059,0.059406999753264245,0.0
pd,23:51:15.365,1351,-40.003,-89.999,0.0,-90.239,0.003,-0.02,0.0,0.0,0.0,0.0,0.0,0.0,-40.003,-40.0,0.0,-90.239,0.003,-0.02,-40.003,-81.999,0.0,-90.239,0.003,-0.02,0.0,1513.233155948408,0.0,0.0,0.0,0.0,0.0,8.0,0.0,0.0,0.0,0.0,0.0137698,-0.0068849,-0.0275396,4.7987753,-0.0137698,-1.1773179,0.01231013430998,0.004438583638528,-0.006137728937652,-0.0029491758242370003,-0.000258699633705,0.00258699633705,49.998999999999995,2.0810119999623566,0.23492299987992737,0.08777699986239895,0.0
pd,23:51:15.368,1352,-40.003,-89.999,0.0,-90.239,0.003,-0.02,0.0,0.0,0.0,0.0,0.0,0.0,-40.003,-40.0,0.0,-90.239,0.003,-0.02,-40.003,-81.999,0.0,-90.239,0.003,-0.02,0.0,1601.1849589616338,0.0,0.0,0.0,0.0,0.0,8.0,0.0,0.0,0.0,0.0,0.0137698,-0.0068849,-0.0275396,4.7987753,-0.0137698,-1.1773179,0.01231013430998,0.004438583638528,-0.006137728937652,-0.0029491758242370003,-0.000258699633705,0.00258699633705,49.998999999999995,1.6963859998213593,0.19531299994923756,0.07022099998721387,0.0
pd,23:51:15.370,1353,-40.003,-89.999,0.0,-90.239,0.003,-0.02,0.0,0.0,0.0,0.0,0.0,0.0,-40.003,-40.0,0.0,-90.239,0.003,-0.02,-40.003,-81.999,0.0,-90.239,0.003,-0.02,0.0,1966.8483001172333,0.0,0.0,0.0,0.0,0.0,8.0,0.0,0.0,0.0,0.0,0.0137698,-0.0068849,-0.0275396,4.7987753,-0.0137698,-1.1773179,0.01231013430998,0.004438583638528,-0.006137728937652,-0.0029491758242370003,-0.000258699633705,0.00258699633705,49.998999999999995,1.6288689998873451,0.13453499968818505,0.05727699999624747,0.0
pd,23:51:15.372,1354,-40.003,-89.999,0.0,-90.239,0.003,-0.02,0.0,0.0,0.0,0.0,0.0,0.0,-40.003,-40.0,0.0,-90.239,0.003,-0.02,-40.003,-81.999,0.0,-90.239,0.003,-0.02,0.0,2122.0865165696937,0.0,0.0,0.0,0.0,0.0,8.0,0.0,0.0,0.0,0.0,0.0137698,-0.0068849,-0.0275396,4.7987753,-0.0137698,-1.1773179,0.01231013430998,0.004438583638528,-0.006137728937652,-0.0029491758242370003,-0.000258699633705,0.00258699633705,49.998999999999995,1.6451649998998619,0.1307200000155717,0.0571470000068075,0.0
pd,23:51:15.374,1355,-40.003,-89.999,0.0,-90.239,0.003,-0.02,0.0,0.0,0.0,0.0,0.0,0.0,-40.003,-40.0,0.0,-90.239,0.003,-0.02,-40.003,-81.999,0.0,-90.239,0.003,-0.02,0.0,2110.076216828072,0.0,0.0,0.0,0.0,0.0,8.0,0.0,0.0,0.0,0.0,0.0137698,-0.0068849,-0.0275396,4.7987753,-0.0137698,-1.1773179,0.01231013430998,0.004438583638528,-0.006137728937652,-0.0029491758242370003,-0.000258699633705,0.00258699633705,49.998999999999995,1.616258000012749,0.13235000005806796,0.057703000038600294,0.0
pd,23:51:15.376,1356,-40.003,-89.999,0.0,-90.239,0.003,-0.02,0.0,0.0,0.0,0.0,0.0,0.0,-40.003,-40.0,0.0,-90.239,0.003,-0.02,-40.003,-81.999,0.0,-90.239,0.003,-0.02,0.0,2138.3145551873567,0.0,0.0,0.0,0.0,0.0,8.0,0.0,0.0,0.0,0.0,0.0137698,-0.0068849,-0.0275396,4.7987753,-0.0137698,-1.1773179,0.01231013430998,0.004438583638528,-0.006137728937652,-0.0029491758242370003,-0.000258699633705,0.00258699633705,49.998999999999995,1.7734780003593187,0.157109000156197,0.0721280002835556,0.0
pd,23:51:15.378,1357,-40.003,-89.999,0.0,-90.239,0.003,-0.02,0.0,0.0,0.0,0.0,0.0,0.0,-40.003,-40.0,0.0,-90.239,0.003,-0.02,-40.003,-81.999,0.0,-90.239,0.003,-0.02,0.0,1929.080832470967,0.0,0.0,0.0,0.0,0.0,8.0,0.0,0.0,0.0,0.0,0.0137698,-0.0068849,-0.0275396,4.7987753,-0.0137698,-1.1773179,0.01231013430998,0.004438583638528,-0.006137728937652,-0.0029491758242370003,-0.000258699633705,0.00258699633705,49.998999999999995,1.6451649998998619,0.15377599993371405,0.11362900022504618,0.0
pd,23:51:15.380,1358,-40.003,-89.999,0.0,-90.239,0.003,-0.02,0.0,0.0,0.0,0.0,0.0,0.0,-40.003,-40.0,0.0,-90.239,0.003,-0.02,-40.003,-81.999,0.0,-90.239,0.003,-0.02,0.0,2017.4622414622415,0.0,0.0,0.0,0.0,0.0,8.0,0.0,0.0,0.0,0.0,0.0137698,-0.0068849,-0.0275396,4.7987753,-0.0137698,-1.1773179,0.01231013430998,0.004438583638528,-0.006137728937652,-0.0029491758242370003,-0.000258699633705,0.00258699633705,49.998999999999995,1.9456240002000413,0.1903120000861236,0.0903499999367341,0.0
pd,23:51:15.382,1359,-40.003,-89.999,0.0,-90.239,0.003,-0.02,0.0,0.0,0.0,0.0,0.0,0.0,-40.003,-40.0,0.0,-90.239,0.003,-0.02,-40.003,-81.999,0.0,-90.239,0.003,-0.02,0.0,1733.7207812338534,0.0,0.0,0.0,0.0,0.0,8.0,0.0,0.0,0.0,0.0,0.0137698,-0.0068849,-0.0275396,4.7987753,-0.0137698,-1.1773179,0.01231013430998,0.004438583638528,-0.006137728937652,-0.0029491758242370003,-0.000258699633705,0.00258699633705,49.998999999999995,1.6375899999729882,0.1322759999311529,0.05761100010204245,0.0
pd,23:51:15.384,1360,-40.003,-89.999,0.0,-90.239,0.003,-0.02,0.0,0.0,0.0,0.0,0.0,0.0,-40.003,-40.0,0.0,-90.239,0.003,-0.02,-40.003,-81.999,0.0,-90.239,0.003,-0.02,0.0,2115.930886618741,0.0,0.0,0.0,0.0,0.0,8.0,0.0,0.0,0.0,0.0,0.0137698,-0.0068849,-0.0275396,4.7987753,-0.0137698,-1.1773179,0.01231013430998,0.004438583638528,-0.006137728937652,-0.0029491758242370003,-0.000258699633705,0.00258699633705,49.998999999999995,1.7259039996133652,0.15420199997606687,0.0713319996066275,0.0
pd,23:51:15.387,1361,-40.003,-89.999,0.0,-90.239,0.003,-0.02,0.0,0.0,0.0,0.0,0.0,0.0,-40.003,-40.0,0.0,-90.239,0.003,-0.02,-40.003,-81.999,0.0,-90.239,0.003,-0.02,0.0,1367.1134289439374,0.0,0.0,0.0,0.0,0.0,8.0,0.0,0.0,0.0,0.0,0.0137698,-0.0068849,-0.0275396,4.7987753,-0.0137698,-1.1773179,0.01231013430998,0.004438583638528,-0.006137728937652,-0.0029491758242370003,-0.000258699633705,0.00258699633705,49.998999999999995,1.8870139997488877,0.2287010001964518,0.0775540001995978,0.0
pd,23:51:15.389,1362,-40.003,-89.999,0.0,-90.239,0.003,-0.02,0.0,0.0,0.0,0.0,0.0,0.0,-40.003,-40.0,0.0,-90.239,0.003,-0.02,-40.003,-81.999,0.0,-90.239,0.003,-0.02,0.0,1746.1715237302249,0.0,0.0,0.0,0.0,0.0,8.0,0.0,0.0,0.0,0.0,0.0137698,-0.0068849,-0.0275396,4.7987753,-0.0137698,-1.1773179,0.01231013430998,0.004438583638528,-0.006137728937652,-0.0029491758242370003,-0.000258699633705,0.00258699633705,49.998999999999995,1.6645350001454062,0.15514599999733036,0.06411100002878811,0.0
pd,23:51:15.391,1363,-40.003,-89.999,0.0,-90.239,0.003,-0.02,0.0,0.0,0.0,0.0,0.0,0.0,-40.003,-40.0,0.0,-90.239,0.003,-0.02,-40.003,-81.999,0.0,-90.239,0.003,-0.02,0.0,2046.5010978287387,0.0,0.0,0.0,0.0,0.0,8.0,0.0,0.0,0.0,0.0,0.0137698,-0.0068849,-0.0275396,4.7987753,-0.0137698,-1.1773179,0.01231013430998,0.004438583638528,-0.006137728937652,-0.0029491758242370003,-0.000258699633705,0.00258699633705,49.998999999999995,1.6439430000900757,0.13929399983680923,0.06210999981703935,0.0
pd,23:51:15.393,1364,-40.003,-89.999,0.0,-90.239,0.003,-0.02,0.0,0.0,0.0,0.0,0.0,0.0,-40.003,-40.0,0.0,-90.239,0.003,-0.02,-40.003,-81.999,0.0,-90.239,0.003,-0.02,0.0,2090.618816199377,0.0,0.0,0.0,0.0,0.0,8.0,0.0,0.0,0.0,0.0,0.0137698,-0.0068849,-0.0275396,4.7987753,-0.0137698,-1.1773179,0.01231013430998,0.004438583638528,-0.006137728937652,-0.0029491758242370003,-0.000258699633705,0.00258699633705,49.998999999999995,1.617461000023468,0.12983199985683314,0.054813999668112956,0.0
pd,23:51:15.395,1365,-40.003,-89.999,0.0,-90.239,0.003,-0.02,0.0,0.0,0.0,0.0,0.0,0.0,-40.003,-40.0,0.0,-90.239,0.003,-0.02,-40.003,-81.999,0.0,-90.239,0.003,-0.02,0.0,2145.424040920716,0.0,0.0,0.0,0.0,0.0,8.0,0.0,0.0,0.0,0.0,0.0137698,-0.0068849,-0.0275396,4.7987753,-0.0137698,-1.1773179,0.01231013430998,0.004438583638528,-0.006137728937652,-0.0029491758242370003,-0.000258699633705,0.00258699633705,49.998999999999995,1.6015720002542366,0.12370200010991539,0.19118199998047203,0.0
pd,23:51:15.397,1366,-40.003,-89.999,0.0,-90.239,0.003,-0.02,0.0,0.0,0.0,0.0,0.0,0.0,-40.003,-40.0,0.0,-90.239,0.003,-0.02,-40.003,-81.999,0.0,-90.239,0.003,-0.02,0.0,1986.6448786264061,0.0,0.0,0.0,0.0,0.0,8.0,0.0,0.0,0.0,0.0,0.0137698,-0.0068849,-0.0275396,4.7987753,-0.0137698,-1.1773179,0.01231013430998,0.004438583638528,-0.006137728937652,-0.0029491758242370003,-0.000258699633705,0.00258699633705,49.998999999999995,1.6522380001333659,0.17264600000999053,0.0683140001456195,0.0
pd,23:51:15.399,1367,-40.003,-89.999,0.0,-90.239,0.003,-0.02,0.0,0.0,0.0,0.0,0.0,0.0,-40.003,-40.0,0.0,-90.239,0.003,-0.02,-40.003,-81.999,0.0,-90.239,0.003,-0.02,0.0,2033.3554720639922,0.0,0.0,0.0,0.0,0.0,8.0,0.0,0.0,0.0,0.0,0.0137698,-0.0068849,-0.0275396,4.7987753,-0.0137698,-1.1773179,0.01231013430998,0.004438583638528,-0.006137728937652,-0.0029491758242370003,-0.000258699633705,0.00258699633705,49.998999999999995,1.6332759996657842,0.18186799979957868,0.0735919998078316,0.0
pd,23:51:15.401,1368,-40.003,-89.999,0.0,-90.239,0.003,-0.02,0.0,0.0,0.0,0.0,0.0,0.0,-40.003,-40.0,0.0,-90.239,0.003,-0.02,-40.003,-81.999,0.0,-90.239,0.003,-0.02,0.0,2039.2872249908837,0.0,0.0,0.0,0.0,0.0,8.0,0.0,0.0,0.0,0.0,0.0137698,-0.0068849,-0.0275396,4.7987753,-0.0137698,-1.1773179,0.01231013430998,0.004438583638528,-0.006137728937652,-0.0029491758242370003,-0.000258699633705,0.00258699633705,49.998999999999995,1.6301089999615215,0.13659100022778148,0.06087000019761035,0.0
pd,23:51:15.403,1369,-40.003,-89.999,0.0,-90.239,0.003,-0.02,0.0,0.0,0.0,0.0,0.0,0.0,-40.003,-40.0,0.0,-90.239,0.003,-0.02,-40.003,-81.999,0.0,-90.239,0.003,-0.02,0.0,2114.330938878387,0.0,0.0,0.0,0.0,0.0,8.0,0.0,0.0,0.0,0.0,0.0137698,-0.0068849,-0.0275396,4.7987753,-0.0137698,-1.1773179,0.01231013430998,0.004438583638528,-0.006137728937652,-0.0029491758242370003,-0.000258699633705,0.00258699633705,49.998999999999995,1.6455350000796898,0.22253499992075376,0.11479499971756013,0.0
pd,23:51:15.405,1370,-40.003,-89.999,0.0,-90.239,0.003,-0.02,0.0,0.0,0.0,0.0,0.0,0.0,-40.003,-40.0,0.0,-90.239,0.003,-0.02,-40.003,-81.999,0.0,-90.239,0.003,-0.02,0.0,1888.9006980409818,0.0,0.0,0.0,0.0,0.0,8.0,0.0,0.0,0.0,0.0,0.0137698,-0.0068849,-0.0275396,4.7987753,-0.0137698,-1.1773179,0.01231013430998,0.004438583638528,-0.006137728937652,-0.0029491758242370003,-0.000258699633705,0.00258699633705,49.998999999999995,3.3609950000936806,0.29707099974984885,0.24738599995544064,0.0
pd,23:51:15.410,1371,-40.003,-89.999,0.0,-90.239,0.003,-0.02,0.0,0.0,0.0,0.0,0.0,0.0,-40.003,-40.0,0.0,-90.239,0.003,-0.02,-40.003,-81.999,0.0,-90.239,0.003,-0.02,0.0,822.8562460150081,0.0,0.0,0.0,0.0,0.0,8.0,0.0,0.0,0.0,0.0,0.0137698,-0.0068849,-0.0275396,4.7987753,-0.0137698,-1.1773179,0.01231013430998,0.004438583638528,-0.006137728937652,-0.0029491758242370003,-0.000258699633705,0.00258699633705,49.998999999999995,1.969345999896177,0.2824040002451511,0.12922099995194003,0.0
pd,23:51:15.412,1372,-40.003,-89.999,0.0,-90.239,0.003,-0.02,0.0,0.0,0.0,0.0,0.0,0.0,-40.003,-40.0,0.0,-90.239,0.003,-0.02,-40.003,-81.999,0.0,-90.239,0.003,-0.02,0.0,1597.3737027515947,0.0,0.0,0.0,0.0,0.0,8.0,0.0,0.0,0.0,0.0,0.0137698,-0.0068849,-0.0275396,4.7987753,-0.0137698,-1.1773179,0.01231013430998,0.004438583638528,-0.006137728937652,-0.0029491758242370003,-0.000258699633705,0.00258699633705,49.998999999999995,1.9088650001322094,0.23875699980635545,0.11729500010915217,0.0
pd,23:51:15.415,1373,-40.003,-89.999,0.0,-90.239,0.003,-0.02,0.0,0.0,0.0,0.0,0.0,0.0,-40.003,-40.0,0.0,-90.239,0.003,-0.02,-40.003,-81.999,0.0,-90.239,0.003,-0.02,0.0,1692.1044881492687,0.0,0.0,0.0,0.0,0.0,8.0,0.0,0.0,0.0,0.0,0.0137698,-0.0068849,-0.0275396,4.7987753,-0.0137698,-1.1773179,0.01231013430998,0.004438583638528,-0.006137728937652,-0.0029491758242370003,-0.000258699633705,0.00258699633705,49.998999999999995,2.275842000017292,0.26829299986275146,0.13871999999537366,0.0
pd,23:51:15.417,1374,-40.003,-89.999,0.0,-90.239,0.003,-0.02,0.0,0.0,0.0,0.0,0.0,0.0,-40.003,-40.0,0.0,-90.239,0.003,-0.02,-40.003,-81.999,0.0,-90.239,0.003,-0.02,0.0,1424.090993973347,0.0,0.0,0.0,0.0,0.0,8.0,0.0,0.0,0.0,0.0,0.0137698,-0.0068849,-0.0275396,4.7987753,-0.0137698,-1.1773179,0.01231013430998,0.004438583638528,-0.006137728937652,-0.0029491758242370003,-0.000258699633705,0.00258699633705,49.998999999999995,2.4674510000295413,0.2757369998107606,0.14714600001752842,0.0
pd,23:51:15.420,1375,-40.003,-89.999,0.0,-90.239,0.003,-0.02,0.0,0.0,0.0,0.0,0.0,0.0,-40.003,-40.0,0.0,-90.239,0.003,-0.02,-40.003,-81.999,0.0,-90.239,0.003,-0.02,0.0,1322.9156284497712,0.0,0.0,0.0,0.0,0.0,8.0,0.0,0.0,0.0,0.0,0.0137698,-0.0068849,-0.0275396,4.7987753,-0.0137698,-1.1773179,0.01231013430998,0.004438583638528,-0.006137728937652,-0.0029491758242370003,-0.000258699633705,0.00258699633705,49.998999999999995,2.340044999982638,0.23733000034553697,0.11359200016158866,0.0
pd,23:51:15.423,1376,-40.003,-89.999,0.0,-90.239,0.003,-0.02,0.0,0.0,0.0,0.0,0.0,0.0,-40.003,-40.0,0.0,-90.239,0.003,-0.02,-40.003,-81.999,0.0,-90.239,0.003,-0.02,0.0,1434.563146643865,0.0,0.0,0.0,0.0,0.0,8.0,0.0,0.0,0.0,0.0,0.0137698,-0.0068849,-0.0275396,4.7987753,-0.0137698,-1.1773179,0.01231013430998,0.004438583638528,-0.006137728937652,-0.0029491758242370003,-0.000258699633705,0.00258699633705,49.998999999999995,1.885586999833322,0.23214499969981262,0.12153500028944109,0.0
pd,23:51:15.426,1377,-40.003,-89.999,0.0,-90.239,0.003,-0.02,0.0,0.0,0.0,0.0,0.0,0.0,-40.003,-40.0,0.0,-90.239,0.003,-0.02,-40.003,-81.999,0.0,-90.239,0.003,-0.02,0.0,1705.868429079817,0.0,0.0,0.0,0.0,0.0,8.0,0.0,0.0,0.0,0.0,0.0137698,-0.0068849,-0.0275396,4.7987753,-0.0137698,-1.1773179,0.01231013430998,0.004438583638528,-0.006137728937652,-0.0029491758242370003,-0.000258699633705,0.00258699633705,49.998999999999995,1.8112550001205818,0.4500870004449098,0.14042400016478496,0.0
pd,23:51:15.428,1378,-40.003,-89.999,0.0,-90.239,0.003,-0.02,0.0,0.0,0.0,0.0,0.0,0.0,-40.003,-40.0,0.0,-90.239,0.003,-0.02,-40.003,-81.999,0.0,-90.239,0.003,-0.02,0.0,1586.7980705570794,0.0,0.0,0.0,0.0,0.0,8.0,0.0,0.0,0.0,0.0,0.0137698,-0.0068849,-0.0275396,4.7987753,-0.0137698,-1.1773179,0.01231013430998,0.004438583638528,-0.006137728937652,-0.0029491758242370003,-0.000258699633705,0.00258699633705,49.998999999999995,2.2607860000789515,0.2631629999996221,0.1328319999629457,0.0
pd,23:51:15.431,1379,-40.003,-89.999,0.0,-90.239,0.003,-0.02,0.0,0.0,0.0,0.0,0.0,0.0,-40.003,-40.0,0.0,-90.239,0.003,-0.02,-40.003,-81.999,0.0,-90.239,0.003,-0.02,0.0,1319.4821863940228,0.0,0.0,0.0,0.0,0.0,8.0,0.0,0.0,0.0,0.0,0.0137698,-0.0068849,-0.0275396,4.7987753,-0.0137698,-1.1773179,0.01231013430998,0.004438583638528,-0.006137728937652,-0.0029491758242370003,-0.000258699633705,0.00258699633705,49.998999999999995,1.9012359998669126,0.2528110003368056,0.12155400008850847,0.0
pd,23:51:15.433,1380,-40.003,-89.999,0.0,-90.239,0.003,-0.02,0.0,0.0,0.0,0.0,0.0,0.0,-40.003,-40.0,0.0,-90.239,0.003,-0.02,-40.003,-81.999,0.0,-90.239,0.003,-0.02,0.0,1643.5360501567397,0.0,0.0,0.0,0.0,0.0,8.0,0.0,0.0,0.0,0.0,0.0137698,-0.0068849,-0.0275396,4.7987753,-0.0137698,-1.1773179,0.01231013430998,0.004438583638528,-0.006137728937652,-0.0029491758242370003,-0.000258699633705,0.00258699633705,49.998999999999995,1.7670150000412832,0.2722190001804847,0.1309059998675366,0.0
pd,23:51:15.437,1381,-40.003,-89.999,0.0,-90.239,0.003,-0.02,0.0,0.0,0.0,0.0,0.0,0.0,-40.003,-40.0,0.0,-90.239,0.003,-0.02,-40.003,-81.999,0.0,-90.239,0.003,-0.02,0.0,1169.633017289459,0.0,0.0,0.0,0.0,0.0,8.0,0.0,0.0,0.0,0.0,0.0137698,-0.0068849,-0.0275396,4.7987753,-0.0137698,-1.1773179,0.01231013430998,0.004438583638528,-0.006137728937652,-0.0029491758242370003,-0.000258699633705,0.00258699633705,49.998999999999995,2.075197000067419,0.2722369999901275,0.13620199979413883,0.0
pd,23:51:15.440,1382,-40.003,-89.999,0.0,-90.239,0.003,-0.02,0.0,0.0,0.0,0.0,0.0,0.0,-40.003,-40.0,0.0,-90.239,0.003,-0.02,-40.003,-81.999,0.0,-90.239,0.003,-0.02,0.0,1538.3473317439941,0.0,0.0,0.0,0.0,0.0,8.0,0.0,0.0,0.0,0.0,0.0137698,-0.0068849,-0.0275396,4.7987753,-0.0137698,-1.1773179,0.01231013430998,0.004438583638528,-0.006137728937652,-0.0029491758242370003,-0.000258699633705,0.00258699633705,49.998999999999995,2.5770239999474143,0.2361269998800708,0.11153600007673958,0.0
pd,23:51:15.443,1383,-40.003,-89.999,0.0,-90.239,0.003,-0.02,0.0,0.0,0.0,0.0,0.0,0.0,-40.003,-40.0,0.0,-90.239,0.003,-0.02,-40.003,-81.999,0.0,-90.239,0.003,-0.02,0.0,1323.0199511079568,0.0,0.0,0.0,0.0,0.0,8.0,0.0,0.0,0.0,0.0,0.0137698,-0.0068849,-0.0275396,4.7987753,-0.0137698,-1.1773179,0.01231013430998,0.004438583638528,-0.006137728937652,-0.0029491758242370003,-0.000258699633705,0.00258699633705,49.998999999999995,1.6939790002652444,0.14334999968923512,0.05929500002821442,0.0
pd,23:51:15.444,1384,-40.003,-89.999,0.0,-90.239,0.003,-0.02,0.0,0.0,0.0,0.0,0.0,0.0,-40.003,-40.0,0.0,-90.239,0.003,-0.02,-40.003,-81.999,0.0,-90.239,0.003,-0.02,0.0,2038.7915907157612,0.0,0.0,0.0,0.0,0.0,8.0,0.0,0.0,0.0,0.0,0.0137698,-0.0068849,-0.0275396,4.7987753,-0.0137698,-1.1773179,0.01231013430998,0.004438583638528,-0.006137728937652,-0.0029491758242370003,-0.000258699633705,0.00258699633705,49.998999999999995,1.7313480002485448,0.16359000028387527,0.0732029998289363,0.0
pd,23:51:15.447,1385,-40.003,-89.999,0.0,-90.239,0.003,-0.02,0.0,0.0,0.0,0.0,0.0,0.0,-40.003,-40.0,0.0,-90.239,0.003,-0.02,-40.003,-81.999,0.0,-90.239,0.003,-0.02,0.0,1958.582302124679,0.0,0.0,0.0,0.0,0.0,8.0,0.0,0.0,0.0,0.0,0.0137698,-0.0068849,-0.0275396,4.7987753,-0.0137698,-1.1773179,0.01231013430998,0.004438583638528,-0.006137728937652,-0.0029491758242370003,-0.000258699633705,0.00258699633705,49.998999999999995,1.8197359995610896,0.17212800003107986,0.20070099981239764,0.0
pd,23:51:15.449,1386,-40.003,-89.999,0.0,-90.239,0.003,-0.02,0.0,0.0,0.0,0.0,0.0,0.0,-40.003,-40.0,0.0,-90.239,0.003,-0.02,-40.003,-81.999,0.0,-90.239,0.003,-0.02,0.0,1756.2248508321993,0.0,0.0,0.0,0.0,0.0,8.0,0.0,0.0,0.0,0.0,0.0137698,-0.0068849,-0.0275396,4.7987753,-0.0137698,-1.1773179,0.01231013430998,0.004438583638528,-0.006137728937652,-0.0029491758242370003,-0.000258699633705,0.00258699633705,49.998999999999995,1.7045899999175163,0.16792399992482387,0.06938800015632296,0.0
pd,23:51:15.451,1387,-40.003,-89.999,0.0,-90.239,0.003,-0.02,0.0,0.0,0.0,0.0,0.0,0.0,-40.003,-40.0,0.0,-90.239,0.003,-0.02,-40.003,-81.999,0.0,-90.239,0.003,-0.02,0.0,1984.5299266619352,0.0,0.0,0.0,0.0,0.0,8.0,0.0,0.0,0.0,0.0,0.0137698,-0.0068849,-0.0275396,4.7987753,-0.0137698,-1.1773179,0.01231013430998,0.004438583638528,-0.006137728937652,-0.0029491758242370003,-0.000258699633705,0.00258699633705,49.998999999999995,1.6220170000451617,0.2119420000781247,0.08431399965047603,0.0
pd,23:51:15.453,1388,-40.003,-89.999,0.0,-90.239,0.003,-0.02,0.0,0.0,0.0,0.0,0.0,0.0,-40.003,-40.0,0.0,-90.239,0.003,-0.02,-40.003,-81.999,0.0,-90.239,0.003,-0.02,0.0,2002.054415274463,0.0,0.0,0.0,0.0,0.0,8.0,0.0,0.0,0.0,0.0,0.0137698,-0.0068849,-0.0275396,4.7987753,-0.0137698,-1.1773179,0.01231013430998,0.004438583638528,-0.006137728937652,-0.0029491758242370003,-0.000258699633705,0.00258699633705,49.998999999999995,1.7109410000557546,0.15825799982849276,0.06098099993323558,0.0
pd,23:51:15.455,1389,-40.003,-89.999,0.0,-90.239,0.003,-0.02,0.0,0.0,0.0,0.0,0.0,0.0,-40.003,-40.0,0.0,-90.239,0.003,-0.02,-40.003,-81.999,0.0,-90.239,0.003,-0.02,0.0,2003.249671641791,0.0,0.0,0.0,0.0,0.0,8.0,0.0,0.0,0.0,0.0,0.0137698,-0.0068849,-0.0275396,4.7987753,-0.0137698,-1.1773179,0.01231013430998,0.004438583638528,-0.006137728937652,-0.0029491758242370003,-0.000258699633705,0.00258699633705,49.998999999999995,2.0367890001580236,0.2003680001507746,0.09272099987356341,0.0
pd,23:51:15.457,1390,-40.003,-89.999,0.0,-90.239,0.003,-0.02,0.0,0.0,0.0,0.0,0.0,0.0,-40.003,-40.0,0.0,-90.239,0.003,-0.02,-40.003,-81.999,0.0,-90.239,0.003,-0.02,0.0,1656.518167456556,0.0,0.0,0.0,0.0,0.0,8.0,0.0,0.0,0.0,0.0,0.0137698,-0.0068849,-0.0275396,4.7987753,-0.0137698,-1.1773179,0.01231013430998,0.004438583638528,-0.006137728937652,-0.0029491758242370003,-0.000258699633705,0.00258699633705,49.998999999999995,1.8889949997173971,0.1817569996092061,0.0845909999043215,0.0
pd,23:51:15.460,1391,-40.003,-89.999,0.0,-90.239,0.003,-0.02,0.0,0.0,0.0,0.0,0.0,0.0,-40.003,-40.0,0.0,-90.239,0.003,-0.02,-40.003,-81.999,0.0,-90.239,0.003,-0.02,0.0,1354.4212480826673,0.0,0.0,0.0,0.0,0.0,8.0,0.0,0.0,0.0,0.0,0.0137698,-0.0068849,-0.0275396,4.7987753,-0.0137698,-1.1773179,0.01231013430998,0.004438583638528,-0.006137728937652,-0.0029491758242370003,-0.000258699633705,0.00258699633705,49.998999999999995,2.0657149998442037,0.23558900011266815,0.0991840001915989,0.0
pd,23:51:15.463,1392,-40.003,-89.999,0.0,-90.239,0.003,-0.02,0.0,0.0,0.0,0.0,0.0,0.0,-40.003,-40.0,0.0,-90.239,0.003,-0.02,-40.003,-81.999,0.0,-90.239,0.003,-0.02,0.0,1602.1023682200153,0.0,0.0,0.0,0.0,0.0,8.0,0.0,0.0,0.0,0.0,0.0137698,-0.0068849,-0.0275396,4.7987753,-0.0137698,-1.1773179,0.01231013430998,0.004438583638528,-0.006137728937652,-0.0029491758242370003,-0.000258699633705,0.00258699633705,49.998999999999995,1.7360520000693214,0.3076069997405284,0.09907200001180172,0.0
pd,23:51:15.465,1393,-40.003,-89.999,0.0,-90.239,0.003,-0.02,0.0,0.0,0.0,0.0,0.0,0.0,-40.003,-40.0,0.0,-90.239,0.003,-0.02,-40.003,-81.999,0.0,-90.239,0.003,-0.02,0.0,1793.0122902639735,0.0,0.0,0.0,0.0,0.0,8.0,0.0,0.0,0.0,0.0,0.0137698,-0.0068849,-0.0275396,4.7987753,-0.0137698,-1.1773179,0.01231013430998,0.004438583638528,-0.006137728937652,-0.0029491758242370003,-0.000258699633705,0.00258699633705,49.998999999999995,1.6980899999907706,0.15235000000757282,0.06012899984852993,0.0
