controller,timestamp,loop,q0,q1,q2,q3,q4,q5,qvel0,qvel1,qvel2,qvel3,qvel4,qvel5,target0,target1,target2,target3,target4,target5,cmd_pos0,cmd_pos1,cmd_pos2,cmd_pos3,cmd_pos4,cmd_pos5,cmd_vel0,cmd_vel1,cmd_vel2,cmd_vel3,cmd_vel4,cmd_vel5,u0,u1,u2,u3,u4,u5,hal_vel0,hal_vel1,hal_vel2,hal_vel3,hal_vel4,hal_vel5,hal_torq0,hal_torq1,hal_torq2,hal_torq3,hal_torq4,hal_torq5,err_norm,poll_ms,pd_solve_ms,hal_write_ms,sleep_ms
pd,23:52:56.397,1,-40.003,-89.999,0.0,-90.239,0.003,-0.02,0.0,0.0,0.0,0.0,0.0,0.0,-40.003,-110.0,0.0,-90.239,0.003,-0.02,-40.003,-97.999,0.0,-90.239,0.003,-0.02,0.0,0.0,0.0,0.0,0.0,0.0,0.0,-8.0,0.0,0.0,0.0,0.0,0.0137698,-0.0068849,-0.0275396,4.7987753,-0.0137698,-1.1773179,0.01231013430998,0.004438583638528,-0.006137728937652,-0.0029491758242370003,-0.000258699633705,0.00258699633705,20.001000000000005,1.9584769997891271,0.2129419999619131,0.08035100017877994,0.0
pd,23:52:56.400,2,-40.003,-89.999,0.0,-90.239,0.003,-0.02,0.0,0.0,0.0,0.0,0.0,0.0,-40.003,-110.0,0.0,-90.239,0.003,-0.02,-40.003,-97.999,0.0,-90.239,0.003,-0.02,0.0,-1633.2959501557632,0.0,0.0,0.0,0.0,0.0,-8.0,0.0,0.0,0.0,0.0,0.0137698,-0.0068849,-0.0275396,4.7987753,-0.0137698,-1.1773179,0.01231013430998,0.004438583638528,-0.006137728937652,-0.0029491758242370003,-0.000258699633705,0.00258699633705,20.001000000000005,1.7614419998608355,0.24382999981753528,0.16536800012545427,0.0
pd,23:52:56.402,3,-40.003,-89.999,0.0,-90.239,0.003,-0.02,0.0,0.0,0.0,0.0,0.0,0.0,-40.003,-110.0,0.0,-90.239,0.003,-0.02,-40.003,-97.999,0.0,-90.239,0.003,-0.02,0.0,-1689.8887993553585,0.0,0.0,0.0,0.0,0.0,-8.0,0.0,0.0,0.0,0.0,0.0137698,-0.0068849,-0.0275396,4.7987753,-0.0137698,-1.1773179,0.01231013430998,0.004438583638528,-0.006137728937652,-0.0029491758242370003,-0.000258699633705,0.00258699633705,20.001000000000005,1.7276280000260158,0.170516999787651,0.06324000014501507,0.0
pd,23:52:56.404,4,-40.003,-89.999,0.0,-90.239,0.003,-0.02,0.0,0.0,0.0,0.0,0.0,0.0,-40.003,-110.0,0.0,-90.239,0.003,-0.02,-40.003,-97.999,0.0,-90.239,0.003,-0.02,0.0,-1886.1400786958966,0.0,0.0,0.0,0.0,0.0,-8.0,0.0,0.0,0.0,0.0,0.0137698,-0.0068849,-0.0275396,4.7987753,-0.0137698,-1.1773179,0.01231013430998,0.004438583638528,-0.006137728937652,-0.0029491758242370003,-0.000258699633705,0.00258699633705,20.001000000000005,1.7349429999740096,0.15568300023005577,0.0662959996589052,0.0
pd,23:52:56.406,5,-40.003,-89.999,0.0,-90.239,0.003,-0.02,0.0,0.0,0.0,0.0,0.0,0.0,-40.003,-110.0,0.0,-90.239,0.003,-0.02,-40.003,-97.999,0.0,-90.239,0.003,-0.02,0.0,-1974.2546481525064,0.0,0.0,0.0,0.0,0.0,-8.0,0.0,0.0,0.0,0.0,0.0137698,-0.0068849,-0.0275396,4.7987753,-0.0137698,-1.1773179,0.01231013430998,0.004438583638528,-0.006137728937652,-0.0029491758242370003,-0.000258699633705,0.00258699633705,20.001000000000005,1.6520549997949274,0.15996100000847946,0.07364700013567926,0.0
pd,23:52:56.408,6,-40.003,-89.999,0.0,-90.239,0.003,-0.02,0.0,0.0,0.0,0.0,0.0,0.0,-40.003,-110.0,0.0,-90.239,0.003,-0.02,-40.003,-97.999,0.0,-90.239,0.003,-0.02,0.0,-2041.2721742304416,0.0,0.0,0.0,0.0,0.0,-8.0,0.0,0.0,0.0,0.0,0.0137698,-0.0068849,-0.0275396,4.7987753,-0.0137698,-1.1773179,0.01231013430998,0.004438583638528,-0.006137728937652,-0.0029491758242370003,-0.000258699633705,0.00258699633705,20.001000000000005,1.6820169998936763,0.15973800009305705,0.07429599963870714,0.0
pd,23:52:56.410,7,-40.003,-89.999,0.0,-90.239,0.003,-0.02,0.0,0.0,0.0,0.0,0.0,0.0,-40.003,-110.0,0.0,-90.239,0.003,-0.02,-40.003,-97.999,0.0,-90.239,0.003,-0.02,0.0,-2006.844019138756,0.0,0.0,0.0,0.0,0.0,-8.0,0.0,0.0,0.0,0.0,0.0137698,-0.0068849,-0.0275396,4.7987753,-0.0137698,-1.1773179,0.01231013430998,0.004438583638528,-0.006137728937652,-0.0029491758242370003,-0.000258699633705,0.00258699633705,20.001000000000005,1.6316289998030697,0.43779099996754667,0.09764700007508509,0.0
pd,23:52:56.413,8,-40.003,-89.999,0.0,-90.239,0.003,-0.02,0.0,0.0,0.0,0.0,0.0,0.0,-40.003,-110.0,0.0,-90.239,0.003,-0.02,-40.003,-97.999,0.0,-90.239,0.003,-0.02,0.0,-1777.4357453120033,0.0,0.0,0.0,0.0,0.0,-8.0,0.0,0.0,0.0,0.0,0.0137698,-0.0068849,-0.0275396,4.7987753,-0.0137698,-1.1773179,0.01231013430998,0.004438583638528,-0.006137728937652,-0.0029491758242370003,-0.000258699633705,0.00258699633705,20.001000000000005,1.721145999908913,0.1642390002416505,0.0615730000390613,0.0
pd,23:52:56.415,9,-40.003,-89.999,0.0,-90.239,0.003,-0.02,0.0,0.0,0.0,0.0,0.0,0.0,-40.003,-110.0,0.0,-90.239,0.003,-0.02,-40.003,-97.999,0.0,-90.239,0.003,-0.02,0.0,-1983.1224586288415,0.0,0.0,0.0,0.0,0.0,-8.0,0.0,0.0,0.0,0.0,0.0137698,-0.0068849,-0.0275396,4.7987753,-0.0137698,-1.1773179,0.01231013430998,0.004438583638528,-0.006137728937652,-0.0029491758242370003,-0.000258699633705,0.00258699633705,20.001000000000005,1.6410179996455554,0.202683000225079,0.07842500008337083,0.0
pd,23:52:56.417,10,-40.003,-89.999,0.0,-90.239,0.003,-0.02,0.0,0.0,0.0,0.0,0.0,0.0,-40.003,-110.0,0.0,-90.239,0.003,-0.02,-40.003,-97.999,0.0,-90.239,0.003,-0.02,0.0,-1999.4298653319033,0.0,0.0,0.0,0.0,0.0,-8.0,0.0,0.0,0.0,0.0,0.0137698,-0.0068849,-0.0275396,4.7987753,-0.0137698,-1.1773179,0.01231013430998,0.004438583638528,-0.006137728937652,-0.0029491758242370003,-0.000258699633705,0.00258699633705,20.001000000000005,1.9611620000432595,0.20151600028839312,0.09716500017020735,0.0
pd,23:52:56.419,11,-40.003,-89.999,0.0,-90.239,0.003,-0.02,0.0,0.0,0.0,0.0,0.0,0.0,-40.003,-110.0,0.0,-90.239,0.003,-0.02,-40.003,-97.999,0.0,-90.239,0.003,-0.02,0.0,-1631.866160879292,0.0,0.0,0.0,0.0,0.0,-8.0,0.0,0.0,0.0,0.0,0.0137698,-0.0068849,-0.0275396,4.7987753,-0.0137698,-1.1773179,0.01231013430998,0.004438583638528,-0.006137728937652,-0.0029491758242370003,-0.000258699633705,0.00258699633705,20.001000000000005,1.7834230002335971,0.22401600017474266,0.10861000009754207,0.0
pd,23:52:56.421,12,-40.003,-89.999,0.0,-90.239,0.003,-0.02,0.0,0.0,0.0,0.0,0.0,0.0,-40.003,-110.0,0.0,-90.239,0.003,-0.02,-40.003,-97.999,0.0,-90.239,0.003,-0.02,0.0,-1775.3667724867726,0.0,0.0,0.0,0.0,0.0,-8.0,0.0,0.0,0.0,0.0,0.0137698,-0.0068849,-0.0275396,4.7987753,-0.0137698,-1.1773179,0.01231013430998,0.004438583638528,-0.006137728937652,-0.0029491758242370003,-0.000258699633705,0.00258699633705,20.001000000000005,1.7991640002037457,0.17473800016887253,0.07672199990338413,0.0
pd,23:52:56.423,13,-40.003,-89.999,0.0,-90.239,0.003,-0.02,0.0,0.0,0.0,0.0,0.0,0.0,-40.003,-110.0,0.0,-90.239,0.003,-0.02,-40.003,-97.999,0.0,-90.239,0.003,-0.02,0.0,-1879.3789626974346,0.0,0.0,0.0,0.0,0.0,-8.0,0.0,0.0,0.0,0.0,0.0137698,-0.0068849,-0.0275396,4.7987753,-0.0137698,-1.1773179,0.01231013430998,0.004438583638528,-0.006137728937652,-0.0029491758242370003,-0.000258699633705,0.00258699633705,20.001000000000005,1.7102389997489809,0.15262799979609554,0.0666099999762082,0.0
pd,23:52:56.425,14,-40.003,-89.999,0.0,-90.239,0.003,-0.02,0.0,0.0,0.0,0.0,0.0,0.0,-40.003,-110.0,0.0,-90.239,0.003,-0.02,-40.003,-97.999,0.0,-90.239,0.003,-0.02,0.0,-1998.2391615054787,0.0,0.0,0.0,0.0,0.0,-8.0,0.0,0.0,0.0,0.0,0.0137698,-0.0068849,-0.0275396,4.7987753,-0.0137698,-1.1773179,0.01231013430998,0.004438583638528,-0.006137728937652,-0.0029491758242370003,-0.000258699633705,0.00258699633705,20.001000000000005,1.6267770001832105,0.1608309999028279,0.07270199967024382,0.0
pd,23:52:56.427,15,-40.003,-89.999,0.0,-90.239,0.003,-0.02,0.0,0.0,0.0,0.0,0.0,0.0,-40.003,-110.0,0.0,-90.239,0.003,-0.02,-40.003,-97.999,0.0,-90.239,0.003,-0.02,0.0,-2067.1779201577133,0.0,0.0,0.0,0.0,0.0,-8.0,0.0,0.0,0.0,0.0,0.0137698,-0.0068849,-0.0275396,4.7987753,-0.0137698,-1.1773179,0.01231013430998,0.004438583638528,-0.006137728937652,-0.0029491758242370003,-0.000258699633705,0.00258699633705,20.001000000000005,1.7572940000718518,0.17523899987281766,0.07435099996655481,0.0
pd,23:52:56.429,16,-40.003,-89.999,0.0,-90.239,0.003,-0.02,0.0,0.0,0.0,0.0,0.0,0.0,-40.003,-110.0,0.0,-90.239,0.003,-0.02,-40.003,-97.999,0.0,-90.239,0.003,-0.02,0.0,-1917.8344764517603,0.0,0.0,0.0,0.0,0.0,-8.0,0.0,0.0,0.0,0.0,0.0137698,-0.0068849,-0.0275396,4.7987753,-0.0137698,-1.1773179,0.01231013430998,0.004438583638528,-0.006137728937652,-0.0029491758242370003,-0.000258699633705,0.00258699633705,20.001000000000005,1.6461650002383976,0.13983200005895924,0.060758000017813174,0.0
pd,23:52:56.431,17,-40.003,-89.999,0.0,-90.239,0.003,-0.02,0.0,0.0,0.0,0.0,0.0,0.0,-40.003,-110.0,0.0,-90.239,0.003,-0.02,-40.003,-97.999,0.0,-90.239,0.003,-0.02,0.0,-2090.0979195216146,0.0,0.0,0.0,0.0,0.0,-8.0,0.0,0.0,0.0,0.0,0.0137698,-0.0068849,-0.0275396,4.7987753,-0.0137698,-1.1773179,0.01231013430998,0.004438583638528,-0.006137728937652,-0.0029491758242370003,-0.000258699633705,0.00258699633705,20.001000000000005,1.662869000028877,0.17744300021149684,0.08405400012634345,0.0
pd,23:52:56.433,18,-40.003,-89.999,0.0,-90.239,0.003,-0.02,0.0,0.0,0.0,0.0,0.0,0.0,-40.003,-110.0,0.0,-90.239,0.003,-0.02,-40.003,-97.999,0.0,-90.239,0.003,-0.02,0.0,-1994.2013550457625,0.0,0.0,0.0,0.0,0.0,-8.0,0.0,0.0,0.0,0.0,0.0137698,-0.0068849,-0.0275396,4.7987753,-0.0137698,-1.1773179,0.01231013430998,0.004438583638528,-0.006137728937652,-0.0029491758242370003,-0.000258699633705,0.00258699633705,20.001000000000005,1.6287399998873298,0.13255399971967563,0.05755499978477019,0.0
pd,23:52:56.435,19,-40.003,-89.999,0.0,-90.239,0.003,-0.02,0.0,0.0,0.0,0.0,0.0,0.0,-40.003,-110.0,0.0,-90.239,0.003,-0.02,-40.003,-97.999,0.0,-90.239,0.003,-0.02,0.0,-2122.0865165696937,0.0,0.0,0.0,0.0,0.0,-8.0,0.0,0.0,0.0,0.0,0.0137698,-0.0068849,-0.0275396,4.7987753,-0.0137698,-1.1773179,0.01231013430998,0.004438583638528,-0.006137728937652,-0.0029491758242370003,-0.000258699633705,0.00258699633705,20.001000000000005,1.6409619997830305,0.15109100013432908,0.09268399981010589,0.0
pd,23:52:56.437,20,-40.003,-89.999,0.0,-90.239,0.003,-0.02,0.0,0.0,0.0,0.0,0.0,0.0,-40.003,-110.0,0.0,-90.239,0.003,-0.02,-40.003,-97.999,0.0,-90.239,0.003,-0.02,0.0,-2038.5438639125152,0.0,0.0,0.0,0.0,0.0,-8.0,0.0,0.0,0.0,0.0,0.0137698,-0.0068849,-0.0275396,4.7987753,-0.0137698,-1.1773179,0.01231013430998,0.004438583638528,-0.006137728937652,-0.0029491758242370003,-0.000258699633705,0.00258699633705,20.001000000000005,1.9075330001214752,0.20281199977034703,0.09657300006438163,0.0
pd,23:52:56.440,21,-40.003,-89.999,0.0,-90.239,0.003,-0.02,0.0,0.0,0.0,0.0,0.0,0.0,-40.003,-110.0,0.0,-90.239,0.003,-0.02,-40.003,-97.999,0.0,-90.239,0.003,-0.02,0.0,-1664.4063492063492,0.0,0.0,0.0,0.0,0.0,-8.0,0.0,0.0,0.0,0.0,0.0137698,-0.0068849,-0.0275396,4.7987753,-0.0137698,-1.1773179,0.01231013430998,0.004438583638528,-0.006137728937652,-0.0029491758242370003,-0.000258699633705,0.00258699633705,20.001000000000005,1.7185530000460858,0.16420200017819297,0.07653600005141925,0.0
pd,23:52:56.442,22,-40.003,-89.999,0.0,-90.239,0.003,-0.02,0.0,0.0,0.0,0.0,0.0,0.0,-40.003,-110.0,0.0,-90.239,0.003,-0.02,-40.003,-97.999,0.0,-90.239,0.003,-0.02,0.0,-1965.6960749853545,0.0,0.0,0.0,0.0,0.0,-8.0,0.0,0.0,0.0,0.0,0.0137698,-0.0068849,-0.0275396,4.7987753,-0.0137698,-1.1773179,0.01231013430998,0.004438583638528,-0.006137728937652,-0.0029491758242370003,-0.000258699633705,0.00258699633705,20.001000000000005,1.706461000139825,0.15527599998677033,0.06668500009254785,0.0
pd,23:52:56.444,23,-40.003,-89.999,0.0,-90.239,0.003,-0.02,0.0,0.0,0.0,0.0,0.0,0.0,-40.003,-110.0,0.0,-90.239,0.003,-0.02,-40.003,-97.999,0.0,-90.239,0.003,-0.02,0.0,-1999.9065442841816,0.0,0.0,0.0,0.0,0.0,-8.0,0.0,0.0,0.0,0.0,0.0137698,-0.0068849,-0.0275396,4.7987753,-0.0137698,-1.1773179,0.01231013430998,0.004438583638528,-0.006137728937652,-0.0029491758242370003,-0.000258699633705,0.00258699633705,20.001000000000005,1.6601279999122198,0.15920199984975625,0.07812900003045797,0.0
pd,23:52:56.446,24,-40.003,-89.999,0.0,-90.239,0.003,-0.02,0.0,0.0,0.0,0.0,0.0,0.0,-40.003,-110.0,0.0,-90.239,0.003,-0.02,-40.003,-97.999,0.0,-90.239,0.003,-0.02,0.0,-2025.7445061579328,0.0,0.0,0.0,0.0,0.0,-8.0,0.0,0.0,0.0,0.0,0.0137698,-0.0068849,-0.0275396,4.7987753,-0.0137698,-1.1773179,0.01231013430998,0.004438583638528,-0.006137728937652,-0.0029491758242370003,-0.000258699633705,0.00258699633705,20.001000000000005,1.6796650002106617,0.17023899999912828,0.07144400024117203,0.0
pd,23:52:56.448,25,-40.003,-89.999,0.0,-90.239,0.003,-0.02,0.0,0.0,0.0,0.0,0.0,0.0,-40.003,-110.0,0.0,-90.239,0.003,-0.02,-40.003,-97.999,0.0,-90.239,0.003,-0.02,0.0,-2006.844019138756,0.0,0.0,0.0,0.0,0.0,-8.0,0.0,0.0,0.0,0.0,0.0137698,-0.0068849,-0.0275396,4.7987753,-0.0137698,-1.1773179,0.01231013430998,0.004438583638528,-0.006137728937652,-0.0029491758242370003,-0.000258699633705,0.00258699633705,20.001000000000005,1.8964780001624604,0.18305300000065472,0.08190600010493654,0.0
pd,23:52:56.450,26,-40.003,-89.999,0.0,-90.239,0.003,-0.02,0.0,0.0,0.0,0.0,0.0,0.0,-40.003,-110.0,0.0,-90.239,0.003,-0.02,-40.003,-97.999,0.0,-90.239,0.003,-0.02,0.0,-1783.8613503455608,0.0,0.0,0.0,0.0,0.0,-8.0,0.0,0.0,0.0,0.0,0.0137698,-0.0068849,-0.0275396,4.7987753,-0.0137698,-1.1773179,0.01231013430998,0.004438583638528,-0.006137728937652,-0.0029491758242370003,-0.000258699633705,0.00258699633705,20.001000000000005,1.642684000216832,0.14412800010177307,0.06292500029303483,0.0
pd,23:52:56.452,27,-40.003,-89.999,0.0,-90.239,0.003,-0.02,0.0,0.0,0.0,0.0,0.0,0.0,-40.003,-110.0,0.0,-90.239,0.003,-0.02,-40.003,-97.999,0.0,-90.239,0.003,-0.02,0.0,-2085.162316679095,0.0,0.0,0.0,0.0,0.0,-8.0,0.0,0.0,0.0,0.0,0.0137698,-0.0068849,-0.0275396,4.7987753,-0.0137698,-1.1773179,0.01231013430998,0.004438583638528,-0.006137728937652,-0.0029491758242370003,-0.000258699633705,0.00258699633705,20.001000000000005,1.6497579999850132,0.13446100001601735,0.05918399983784184,0.0
pd,23:52:56.454,28,-40.003,-89.999,0.0,-90.239,0.003,-0.02,0.0,0.0,0.0,0.0,0.0,0.0,-40.003,-110.0,0.0,-90.239,0.003,-0.02,-40.003,-97.999,0.0,-90.239,0.003,-0.02,0.0,-2096.8898887639043,0.0,0.0,0.0,0.0,0.0,-8.0,0.0,0.0,0.0,0.0,0.0137698,-0.0068849,-0.0275396,4.7987753,-0.0137698,-1.1773179,0.01231013430998,0.004438583638528,-0.006137728937652,-0.0029491758242370003,-0.000258699633705,0.00258699633705,20.001000000000005,1.6029630000957695,0.12675800007855287,0.09516599993730779,0.0
pd,23:52:56.456,29,-40.003,-89.999,0.0,-90.239,0.003,-0.02,0.0,0.0,0.0,0.0,0.0,0.0,-40.003,-110.0,0.0,-90.239,0.003,-0.02,-40.003,-97.999,0.0,-90.239,0.003,-0.02,0.0,-2119.4057604850937,0.0,0.0,0.0,0.0,0.0,-8.0,0.0,0.0,0.0,0.0,0.0137698,-0.0068849,-0.0275396,4.7987753,-0.0137698,-1.1773179,0.01231013430998,0.004438583638528,-0.006137728937652,-0.0029491758242370003,-0.000258699633705,0.00258699633705,20.001000000000005,1.6574609999224776,0.18642399982127245,0.08738799988350365,0.0
pd,23:52:56.458,30,-40.003,-89.999,0.0,-90.239,0.003,-0.02,0.0,0.0,0.0,0.0,0.0,0.0,-40.003,-110.0,0.0,-90.239,0.003,-0.02,-40.003,-97.999,0.0,-90.239,0.003,-0.02,0.0,-1990.4159449519516,0.0,0.0,0.0,0.0,0.0,-8.0,0.0,0.0,0.0,0.0,0.0137698,-0.0068849,-0.0275396,4.7987753,-0.0137698,-1.1773179,0.01231013430998,0.004438583638528,-0.006137728937652,-0.0029491758242370003,-0.000258699633705,0.00258699633705,20.001000000000005,1.6581659997427778,0.15458999996553757,0.06577700014531729,0.0
pd,23:52:56.460,31,-40.003,-89.999,0.0,-90.239,0.003,-0.02,0.0,0.0,0.0,0.0,0.0,0.0,-40.003,-110.0,0.0,-90.239,0.003,-0.02,-40.003,-97.999,0.0,-90.239,0.003,-0.02,0.0,-1933.9730259365995,0.0,0.0,0.0,0.0,0.0,-8.0,0.0,0.0,0.0,0.0,0.0137698,-0.0068849,-0.0275396,4.7987753,-0.0137698,-1.1773179,0.01231013430998,0.004438583638528,-0.006137728937652,-0.0029491758242370003,-0.000258699633705,0.00258699633705,20.001000000000005,1.6753690001678478,0.15614599988111877,0.07118399980754475,0.0
pd,23:52:56.462,32,-40.003,-89.999,0.0,-90.239,0.003,-0.02,0.0,0.0,0.0,0.0,0.0,0.0,-40.003,-110.0,0.0,-90.239,0.003,-0.02,-40.003,-97.999,0.0,-90.239,0.003,-0.02,0.0,-2025.4999396353978,0.0,0.0,0.0,0.0,0.0,-8.0,0.0,0.0,0.0,0.0,0.0137698,-0.0068849,-0.0275396,4.7987753,-0.0137698,-1.1773179,0.01231013430998,0.004438583638528,-0.006137728937652,-0.0029491758242370003,-0.000258699633705,0.00258699633705,20.001000000000005,1.8827560002137034,0.19205400030841702,0.09268400026485324,0.0
pd,23:52:56.464,33,-40.003,-89.999,0.0,-90.239,0.003,-0.02,0.0,0.0,0.0,0.0,0.0,0.0,-40.003,-110.0,0.0,-90.239,0.003,-0.02,-40.003,-97.999,0.0,-90.239,0.003,-0.02,0.0,-1777.0592098294671,0.0,0.0,0.0,0.0,0.0,-8.0,0.0,0.0,0.0,0.0,0.0137698,-0.0068849,-0.0275396,4.7987753,-0.0137698,-1.1773179,0.01231013430998,0.004438583638528,-0.006137728937652,-0.0029491758242370003,-0.000258699633705,0.00258699633705,20.001000000000005,1.7313869998361042,0.1569609999023669,0.0742029997127247,0.0
pd,23:52:56.466,34,-40.003,-89.999,0.0,-90.239,0.003,-0.02,0.0,0.0,0.0,0.0,0.0,0.0,-40.003,-110.0,0.0,-90.239,0.003,-0.02,-40.003,-97.999,0.0,-90.239,0.003,-0.02,0.0,-1963.395669982446,0.0,0.0,0.0,0.0,0.0,-8.0,0.0,0.0,0.0,0.0,0.0137698,-0.0068849,-0.0275396,4.7987753,-0.0137698,-1.1773179,0.01231013430998,0.004438583638528,-0.006137728937652,-0.0029491758242370003,-0.000258699633705,0.00258699633705,20.001000000000005,1.6639430000395805,0.176941999598057,0.07766599992464762,0.0
pd,23:52:56.468,35,-40.003,-89.999,0.0,-90.239,0.003,-0.02,0.0,0.0,0.0,0.0,0.0,0.0,-40.003,-110.0,0.0,-90.239,0.003,-0.02,-40.003,-97.999,0.0,-90.239,0.003,-0.02,0.0,-2003.0105062082139,0.0,0.0,0.0,0.0,0.0,-8.0,0.0,0.0,0.0,0.0,0.0137698,-0.0068849,-0.0275396,4.7987753,-0.0137698,-1.1773179,0.01231013430998,0.004438583638528,-0.006137728937652,-0.0029491758242370003,-0.000258699633705,0.00258699633705,20.001000000000005,1.7904599999383208,0.17070200010493863,0.07814800028427271,0.0
pd,23:52:56.470,36,-40.003,-89.999,0.0,-90.239,0.003,-0.02,0.0,0.0,0.0,0.0,0.0,0.0,-40.003,-110.0,0.0,-90.239,0.003,-0.02,-40.003,-97.999,0.0,-90.239,0.003,-0.02,0.0,-1889.5389120396442,0.0,0.0,0.0,0.0,0.0,-8.0,0.0,0.0,0.0,0.0,0.0137698,-0.0068849,-0.0275396,4.7987753,-0.0137698,-1.1773179,0.01231013430998,0.004438583638528,-0.006137728937652,-0.0029491758242370003,-0.000258699633705,0.00258699633705,20.001000000000005,1.6662019997966127,0.14218300020729657,0.06344399980662274,0.0
pd,23:52:56.472,37,-40.003,-89.999,0.0,-90.239,0.003,-0.02,0.0,0.0,0.0,0.0,0.0,0.0,-40.003,-110.0,0.0,-90.239,0.003,-0.02,-40.003,-97.999,0.0,-90.239,0.003,-0.02,0.0,-2061.0830466830466,0.0,0.0,0.0,0.0,0.0,-8.0,0.0,0.0,0.0,0.0,0.0137698,-0.0068849,-0.0275396,4.7987753,-0.0137698,-1.1773179,0.01231013430998,0.004438583638528,-0.006137728937652,-0.0029491758242370003,-0.000258699633705,0.00258699633705,20.001000000000005,1.6505919998053287,0.13755400004811236,0.05881400011276128,0.0
pd,23:52:56.474,38,-40.003,-89.999,0.0,-90.239,0.003,-0.02,0.0,0.0,0.0,0.0,0.0,0.0,-40.003,-110.0,0.0,-90.239,0.003,-0.02,-40.003,-97.999,0.0,-90.239,0.003,-0.02,0.0,-2094.2723754837098,0.0,0.0,0.0,0.0,0.0,-8.0,0.0,0.0,0.0,0.0,0.0137698,-0.0068849,-0.0275396,4.7987753,-0.0137698,-1.1773179,0.01231013430998,0.004438583638528,-0.006137728937652,-0.0029491758242370003,-0.000258699633705,0.00258699633705,20.001000000000005,1.6469990000587131,0.12435099961294327,0.05488800024977536,0.0
pd,23:52:56.476,39,-40.003,-89.999,0.0,-90.239,0.003,-0.02,0.0,0.0,0.0,0.0,0.0,0.0,-40.003,-110.0,0.0,-90.239,0.003,-0.02,-40.003,-97.999,0.0,-90.239,0.003,-0.02,0.0,-2119.4057604850937,0.0,0.0,0.0,0.0,0.0,-8.0,0.0,0.0,0.0,0.0,0.0137698,-0.0068849,-0.0275396,4.7987753,-0.0137698,-1.1773179,0.01231013430998,0.004438583638528,-0.006137728937652,-0.0029491758242370003,-0.000258699633705,0.00258699633705,20.001000000000005,1.641609999751381,0.1687949998085969,0.08066500004133559,0.0
pd,23:52:56.478,40,-40.003,-89.999,0.0,-90.239,0.003,-0.02,0.0,0.0,0.0,0.0,0.0,0.0,-40.003,-110.0,0.0,-90.239,0.003,-0.02,-40.003,-97.999,0.0,-90.239,0.003,-0.02,0.0,-2033.8484664807856,0.0,0.0,0.0,0.0,0.0,-8.0,0.0,0.0,0.0,0.0,0.0137698,-0.0068849,-0.0275396,4.7987753,-0.0137698,-1.1773179,0.01231013430998,0.004438583638528,-0.006137728937652,-0.0029491758242370003,-0.000258699633705,0.00258699633705,20.001000000000005,1.6464249997625302,0.14783199958401383,0.0623509999968519,0.0
pd,23:52:56.480,41,-40.003,-89.999,0.0,-90.239,0.003,-0.02,0.0,0.0,0.0,0.0,0.0,0.0,-40.003,-110.0,0.0,-90.239,0.003,-0.02,-40.003,-97.999,0.0,-90.239,0.003,-0.02,0.0,-1959.2684806726616,0.0,0.0,0.0,0.0,0.0,-8.0,0.0,0.0,0.0,0.0,0.0137698,-0.0068849,-0.0275396,4.7987753,-0.0137698,-1.1773179,0.01231013430998,0.004438583638528,-0.006137728937652,-0.0029491758242370003,-0.000258699633705,0.00258699633705,20.001000000000005,1.6885170002751693,0.15644299992345623,0.06953599995540571,0.0
pd,23:52:56.482,42,-40.003,-89.999,0.0,-90.239,0.003,-0.02,0.0,0.0,0.0,0.0,0.0,0.0,-40.003,-110.0,0.0,-90.239,0.003,-0.02,-40.003,-97.999,0.0,-90.239,0.003,-0.02,0.0,-2013.1048716102712,0.0,0.0,0.0,0.0,0.0,-8.0,0.0,0.0,0.0,0.0,0.0137698,-0.0068849,-0.0275396,4.7987753,-0.0137698,-1.1773179,0.01231013430998,0.004438583638528,-0.006137728937652,-0.0029491758242370003,-0.000258699633705,0.00258699633705,20.001000000000005,1.6196849996958917,0.13714700025957427,0.059407000208011596,0.0
pd,23:52:56.484,43,-40.003,-89.999,0.0,-90.239,0.003,-0.02,0.0,0.0,0.0,0.0,0.0,0.0,-40.003,-110.0,0.0,-90.239,0.003,-0.02,-40.003,-97.999,0.0,-90.239,0.003,-0.02,0.0,-2125.8509883426254,0.0,0.0,0.0,0.0,0.0,-8.0,0.0,0.0,0.0,0.0,0.0137698,-0.0068849,-0.0275396,4.7987753,-0.0137698,-1.1773179,0.01231013430998,0.004438583638528,-0.006137728937652,-0.0029491758242370003,-0.000258699633705,0.00258699633705,20.001000000000005,1.690442999915831,0.13597999986814102,0.058851000176218804,0.0
pd,23:52:56.486,44,-40.003,-89.999,0.0,-90.239,0.003,-0.02,0.0,0.0,0.0,0.0,0.0,0.0,-40.003,-110.0,0.0,-90.239,0.003,-0.02,-40.003,-97.999,0.0,-90.239,0.003,-0.02,0.0,-2049.000488519785,0.0,0.0,0.0,0.0,0.0,-8.0,0.0,0.0,0.0,0.0,0.0137698,-0.0068849,-0.0275396,4.7987753,-0.0137698,-1.1773179,0.01231013430998,0.004438583638528,-0.006137728937652,-0.0029491758242370003,-0.000258699633705,0.00258699633705,20.001000000000005,1.6182590002244979,0.13390599997364916,0.06259200017666444,0.0
pd,23:52:56.487,45,-40.003,-89.999,0.0,-90.239,0.003,-0.02,0.0,0.0,0.0,0.0,0.0,0.0,-40.003,-110.0,0.0,-90.239,0.003,-0.02,-40.003,-97.999,0.0,-90.239,0.003,-0.02,0.0,-2126.120390318084,0.0,0.0,0.0,0.0,0.0,-8.0,0.0,0.0,0.0,0.0,0.0137698,-0.0068849,-0.0275396,4.7987753,-0.0137698,-1.1773179,0.01231013430998,0.004438583638528,-0.006137728937652,-0.0029491758242370003,-0.000258699633705,0.00258699633705,20.001000000000005,1.9620329999270325,0.2038679999714077,0.1423880003130762,0.0
pd,23:52:56.490,46,-40.003,-89.999,0.0,-90.239,0.003,-0.02,0.0,0.0,0.0,0.0,0.0,0.0,-40.003,-110.0,0.0,-90.239,0.003,-0.02,-40.003,-97.999,0.0,-90.239,0.003,-0.02,0.0,-1668.5446046742913,0.0,0.0,0.0,0.0,0.0,-8.0,0.0,0.0,0.0,0.0,0.0137698,-0.0068849,-0.0275396,4.7987753,-0.0137698,-1.1773179,0.01231013430998,0.004438583638528,-0.006137728937652,-0.0029491758242370003,-0.000258699633705,0.00258699633705,20.001000000000005,1.6609810004410974,0.14642399992226274,0.0639069999124331,0.0
pd,23:52:56.492,47,-40.003,-89.999,0.0,-90.239,0.003,-0.02,0.0,0.0,0.0,0.0,0.0,0.0,-40.003,-110.0,0.0,-90.239,0.003,-0.02,-40.003,-97.999,0.0,-90.239,0.003,-0.02,0.0,-2062.8570023361613,0.0,0.0,0.0,0.0,0.0,-8.0,0.0,0.0,0.0,0.0,0.0137698,-0.0068849,-0.0275396,4.7987753,-0.0137698,-1.1773179,0.01231013430998,0.004438583638528,-0.006137728937652,-0.0029491758242370003,-0.000258699633705,0.00258699633705,20.001000000000005,1.6607580000709277,0.1636830002098577,0.08859200033839443,0.0
pd,23:52:56.494,48,-40.003,-89.999,0.0,-90.239,0.003,-0.02,0.0,0.0,0.0,0.0,0.0,0.0,-40.003,-110.0,0.0,-90.239,0.003,-0.02,-40.003,-97.999,0.0,-90.239,0.003,-0.02,0.0,-1936.8755483722005,0.0,0.0,0.0,0.0,0.0,-8.0,0.0,0.0,0.0,0.0,0.0137698,-0.0068849,-0.0275396,4.7987753,-0.0137698,-1.1773179,0.01231013430998,0.004438583638528,-0.006137728937652,-0.0029491758242370003,-0.000258699633705,0.00258699633705,20.001000000000005,1.6412400000263005,0.14975699968999834,0.057590999858803116,0.0
pd,23:52:56.496,49,-40.003,-89.999,0.0,-90.239,0.003,-0.02,0.0,0.0,0.0,0.0,0.0,0.0,-40.003,-110.0,0.0,-90.239,0.003,-0.02,-40.003,-97.999,0.0,-90.239,0.003,-0.02,0.0,-2088.016925948973,0.0,0.0,0.0,0.0,0.0,-8.0,0.0,0.0,0.0,0.0,0.0137698,-0.0068849,-0.0275396,4.7987753,-0.0137698,-1.1773179,0.01231013430998,0.004438583638528,-0.006137728937652,-0.0029491758242370003,-0.000258699633705,0.00258699633705,20.001000000000005,1.6758689998823684,0.15853500008233823,0.08429499985140865,0.0
pd,23:52:56.498,50,-40.003,-89.999,0.0,-90.239,0.003,-0.02,0.0,0.0,0.0,0.0,0.0,0.0,-40.003,-110.0,0.0,-90.239,0.003,-0.02,-40.003,-97.999,0.0,-90.239,0.003,-0.02,0.0,-2005.1650531851321,0.0,0.0,0.0,0.0,0.0,-8.0,0.0,0.0,0.0,0.0,0.0137698,-0.0068849,-0.0275396,4.7987753,-0.0137698,-1.1773179,0.01231013430998,0.004438583638528,-0.006137728937652,-0.0029491758242370003,-0.000258699633705,0.00258699633705,20.001000000000005,1.6555350002818159,0.26397800002087024,0.11420300006648176,0.0
pd,23:52:56.500,51,-40.003,-89.999,0.0,-90.239,0.003,-0.02,0.0,0.0,0.0,0.0,0.0,0.0,-40.003,-110.0,0.0,-90.239,0.003,-0.02,-40.003,-97.999,0.0,-90.239,0.003,-0.02,0.0,-1758.6180293501047,0.0,0.0,0.0,0.0,0.0,-8.0,0.0,0.0,0.0,0.0,0.0137698,-0.0068849,-0.0275396,4.7987753,-0.0137698,-1.1773179,0.01231013430998,0.004438583638528,-0.006137728937652,-0.0029491758242370003,-0.000258699633705,0.00258699633705,20.001000000000005,1.8152009997720597,0.22142299985716818,0.10036899993792758,0.0
pd,23:52:56.502,52,-40.003,-89.999,0.0,-90.239,0.003,-0.02,0.0,0.0,0.0,0.0,0.0,0.0,-40.003,-110.0,0.0,-90.239,0.003,-0.02,-40.003,-97.999,0.0,-90.239,0.003,-0.02,0.0,-1791.6719350704827,0.0,0.0,0.0,0.0,0.0,-8.0,0.0,0.0,0.0,0.0,0.0137698,-0.0068849,-0.0275396,4.7987753,-0.0137698,-1.1773179,0.01231013430998,0.004438583638528,-0.006137728937652,-0.0029491758242370003,-0.000258699633705,0.00258699633705,20.001000000000005,1.6570169996157347,0.16079499982879497,0.07407299972328474,0.0
pd,23:52:56.504,53,-40.003,-89.999,0.0,-90.239,0.003,-0.02,0.0,0.0,0.0,0.0,0.0,0.0,-40.003,-110.0,0.0,-90.239,0.003,-0.02,-40.003,-97.999,0.0,-90.239,0.003,-0.02,0.0,-2035.0819990295972,0.0,0.0,0.0,0.0,0.0,-8.0,0.0,0.0,0.0,0.0,0.0137698,-0.0068849,-0.0275396,4.7987753,-0.0137698,-1.1773179,0.01231013430998,0.004438583638528,-0.006137728937652,-0.0029491758242370003,-0.000258699633705,0.00258699633705,20.001000000000005,1.6907019999052864,0.14746100032425602,0.06666599983873311,0.0
pd,23:52:56.506,54,-40.003,-89.999,0.0,-90.239,0.003,-0.02,0.0,0.0,0.0,0.0,0.0,0.0,-40.003,-110.0,0.0,-90.239,0.003,-0.02,-40.003,-97.999,0.0,-90.239,0.003,-0.02,0.0,-2021.1078183351403,0.0,0.0,0.0,0.0,0.0,-8.0,0.0,0.0,0.0,0.0,0.0137698,-0.0068849,-0.0275396,4.7987753,-0.0137698,-1.1773179,0.01231013430998,0.004438583638528,-0.006137728937652,-0.0029491758242370003,-0.000258699633705,0.00258699633705,20.001000000000005,1.6349060001630278,0.15609100000801845,0.07164800035752705,0.0
pd,23:52:56.508,55,-40.003,-89.999,0.0,-90.239,0.003,-0.02,0.0,0.0,0.0,0.0,0.0,0.0,-40.003,-110.0,0.0,-90.239,0.003,-0.02,-40.003,-97.999,0.0,-90.239,0.003,-0.02,0.0,-2064.379968007875,0.0,0.0,0.0,0.0,0.0,-8.0,0.0,0.0,0.0,0.0,0.0137698,-0.0068849,-0.0275396,4.7987753,-0.0137698,-1.1773179,0.01231013430998,0.004438583638528,-0.006137728937652,-0.0029491758242370003,-0.000258699633705,0.00258699633705,20.001000000000005,1.7664609999883396,0.16855400008353172,0.08007299993550987,0.0
pd,23:52:56.510,56,-40.003,-89.999,0.0,-90.239,0.003,-0.02,0.0,0.0,0.0,0.0,0.0,0.0,-40.003,-110.0,0.0,-90.239,0.003,-0.02,-40.003,-97.999,0.0,-90.239,0.003,-0.02,0.0,-1911.9334472934472,0.0,0.0,0.0,0.0,0.0,-8.0,0.0,0.0,0.0,0.0,0.0137698,-0.0068849,-0.0275396,4.7987753,-0.0137698,-1.1773179,0.01231013430998,0.004438583638528,-0.006137728937652,-0.0029491758242370003,-0.000258699633705,0.00258699633705,20.001000000000005,1.6260549996331974,0.13388699971983442,0.05781400022897287,0.0
pd,23:52:56.512,57,-40.003,-89.999,0.0,-90.239,0.003,-0.02,0.0,0.0,0.0,0.0,0.0,0.0,-40.003,-110.0,0.0,-90.239,0.003,-0.02,-40.003,-97.999,0.0,-90.239,0.003,-0.02,0.0,-2125.0431918936038,0.0,0.0,0.0,0.0,0.0,-8.0,0.0,0.0,0.0,0.0,0.0137698,-0.0068849,-0.0275396,4.7987753,-0.0137698,-1.1773179,0.01231013430998,0.004438583638528,-0.006137728937652,-0.0029491758242370003,-0.000258699633705,0.00258699633705,20.001000000000005,1.900051000120584,0.22501600005853106,0.09384999975736719,0.0
pd,23:52:56.514,58,-40.003,-89.999,0.0,-90.239,0.003,-0.02,0.0,0.0,0.0,0.0,0.0,0.0,-40.003,-110.0,0.0,-90.239,0.003,-0.02,-40.003,-97.999,0.0,-90.239,0.003,-0.02,0.0,-1736.9516513096594,0.0,0.0,0.0,0.0,0.0,-8.0,0.0,0.0,0.0,0.0,0.0137698,-0.0068849,-0.0275396,4.7987753,-0.0137698,-1.1773179,0.01231013430998,0.004438583638528,-0.006137728937652,-0.0029491758242370003,-0.000258699633705,0.00258699633705,20.001000000000005,1.6446469999209512,0.1533129998279037,0.06698000015603611,0.0
pd,23:52:56.516,59,-40.003,-89.999,0.0,-90.239,0.003,-0.02,0.0,0.0,0.0,0.0,0.0,0.0,-40.003,-110.0,0.0,-90.239,0.003,-0.02,-40.003,-97.999,0.0,-90.239,0.003,-0.02,0.0,-2067.1779201577133,0.0,0.0,0.0,0.0,0.0,-8.0,0.0,0.0,0.0,0.0,0.0137698,-0.0068849,-0.0275396,4.7987753,-0.0137698,-1.1773179,0.01231013430998,0.004438583638528,-0.006137728937652,-0.0029491758242370003,-0.000258699633705,0.00258699633705,20.001000000000005,1.7029800001182593,0.16660900018905522,0.07449900022038491,0.0
pd,23:52:56.518,60,-40.003,-89.999,0.0,-90.239,0.003,-0.02,0.0,0.0,0.0,0.0,0.0,0.0,-40.003,-110.0,0.0,-90.239,0.003,-0.02,-40.003,-97.999,0.0,-90.239,0.003,-0.02,0.0,-1980.0797828396082,0.0,0.0,0.0,0.0,0.0,-8.0,0.0,0.0,0.0,0.0,0.0137698,-0.0068849,-0.0275396,4.7987753,-0.0137698,-1.1773179,0.01231013430998,0.004438583638528,-0.006137728937652,-0.0029491758242370003,-0.000258699633705,0.00258699633705,20.001000000000005,1.7858490000435268,0.1880350000647013,0.09772099974725279,0.0
pd,23:52:56.521,61,-40.003,-89.999,0.0,-90.239,0.003,-0.02,0.0,0.0,0.0,0.0,0.0,0.0,-40.003,-110.0,0.0,-90.239,0.003,-0.02,-40.003,-97.999,0.0,-90.239,0.003,-0.02,0.0,-1706.5625063574407,0.0,0.0,0.0,0.0,0.0,-8.0,0.0,0.0,0.0,0.0,0.0137698,-0.0068849,-0.0275396,4.7987753,-0.0137698,-1.1773179,0.01231013430998,0.004438583638528,-0.006137728937652,-0.0029491758242370003,-0.000258699633705,0.00258699633705,20.001000000000005,1.6780170003585226,0.175163999756478,0.0671470002089336,0.0
pd,23:52:56.523,62,-40.003,-89.999,0.0,-90.239,0.003,-0.02,0.0,0.0,0.0,0.0,0.0,0.0,-40.003,-110.0,0.0,-90.239,0.003,-0.02,-40.003,-97.999,0.0,-90.239,0.003,-0.02,0.0,-2005.1650531851321,0.0,0.0,0.0,0.0,0.0,-8.0,0.0,0.0,0.0,0.0,0.0137698,-0.0068849,-0.0275396,4.7987753,-0.0137698,-1.1773179,0.01231013430998,0.004438583638528,-0.006137728937652,-0.0029491758242370003,-0.000258699633705,0.00258699633705,20.001000000000005,1.622574000066379,0.1308320001953689,0.055203000101755606,0.0
pd,23:52:56.525,63,-40.003,-89.999,0.0,-90.239,0.003,-0.02,0.0,0.0,0.0,0.0,0.0,0.0,-40.003,-110.0,0.0,-90.239,0.003,-0.02,-40.003,-97.999,0.0,-90.239,0.003,-0.02,0.0,-2106.1029374843083,0.0,0.0,0.0,0.0,0.0,-8.0,0.0,0.0,0.0,0.0,0.0137698,-0.0068849,-0.0275396,4.7987753,-0.0137698,-1.1773179,0.01231013430998,0.004438583638528,-0.006137728937652,-0.0029491758242370003,-0.000258699633705,0.00258699633705,20.001000000000005,1.6172030000234372,0.16621999975541257,0.0729620001038711,0.0
pd,23:52:56.527,64,-40.003,-89.999,0.0,-90.239,0.003,-0.02,0.0,0.0,0.0,0.0,0.0,0.0,-40.003,-110.0,0.0,-90.239,0.003,-0.02,-40.003,-97.999,0.0,-90.239,0.003,-0.02,0.0,-2071.516977404618,0.0,0.0,0.0,0.0,0.0,-8.0,0.0,0.0,0.0,0.0,0.0137698,-0.0068849,-0.0275396,4.7987753,-0.0137698,-1.1773179,0.01231013430998,0.004438583638528,-0.006137728937652,-0.0029491758242370003,-0.000258699633705,0.00258699633705,20.001000000000005,1.637905999814393,0.1542939999126247,0.06986899961702875,0.0
pd,23:52:56.529,65,-40.003,-89.999,0.0,-90.239,0.003,-0.02,0.0,0.0,0.0,0.0,0.0,0.0,-40.003,-110.0,0.0,-90.239,0.003,-0.02,-40.003,-97.999,0.0,-90.239,0.003,-0.02,0.0,-2068.197238658777,0.0,0.0,0.0,0.0,0.0,-8.0,0.0,0.0,0.0,0.0,0.0137698,-0.0068849,-0.0275396,4.7987753,-0.0137698,-1.1773179,0.01231013430998,0.004438583638528,-0.006137728937652,-0.0029491758242370003,-0.000258699633705,0.00258699633705,20.001000000000005,1.6837019998092728,0.1505350001025363,0.06786900030419929,0.0
pd,23:52:56.530,66,-40.003,-89.999,0.0,-90.239,0.003,-0.02,0.0,0.0,0.0,0.0,0.0,0.0,-40.003,-110.0,0.0,-90.239,0.003,-0.02,-40.003,-97.999,0.0,-90.239,0.003,-0.02,0.0,-2025.2554321583775,0.0,0.0,0.0,0.0,0.0,-8.0,0.0,0.0,0.0,0.0,0.0137698,-0.0068849,-0.0275396,4.7987753,-0.0137698,-1.1773179,0.01231013430998,0.004438583638528,-0.006137728937652,-0.0029491758242370003,-0.000258699633705,0.00258699633705,20.001000000000005,1.6295180002998677,0.13768400003755232,0.058573000387696084,0.0
pd,23:52:56.532,67,-40.003,-89.999,0.0,-90.239,0.003,-0.02,0.0,0.0,0.0,0.0,0.0,0.0,-40.003,-110.0,0.0,-90.239,0.003,-0.02,-40.003,-97.999,0.0,-90.239,0.003,-0.02,0.0,-2114.8639858817596,0.0,0.0,0.0,0.0,0.0,-8.0,0.0,0.0,0.0,0.0,0.0137698,-0.0068849,-0.0275396,4.7987753,-0.0137698,-1.1773179,0.01231013430998,0.004438583638528,-0.006137728937652,-0.0029491758242370003,-0.000258699633705,0.00258699633705,20.001000000000005,1.6540550000172516,0.1419239997630939,0.06029599990142742,0.0
pd,23:52:56.534,68,-40.003,-89.999,0.0,-90.239,0.003,-0.02,0.0,0.0,0.0,0.0,0.0,0.0,-40.003,-110.0,0.0,-90.239,0.003,-0.02,-40.003,-97.999,0.0,-90.239,0.003,-0.02,0.0,-2079.734225858436,0.0,0.0,0.0,0.0,0.0,-8.0,0.0,0.0,0.0,0.0,0.0137698,-0.0068849,-0.0275396,4.7987753,-0.0137698,-1.1773179,0.01231013430998,0.004438583638528,-0.006137728937652,-0.0029491758242370003,-0.000258699633705,0.00258699633705,20.001000000000005,1.6232580001087626,0.1249239999197016,0.05422100002760999,0.0
pd,23:52:56.536,69,-40.003,-89.999,0.0,-90.239,0.003,-0.02,0.0,0.0,0.0,0.0,0.0,0.0,-40.003,-110.0,0.0,-90.239,0.003,-0.02,-40.003,-97.999,0.0,-90.239,0.003,-0.02,0.0,-2145.698426908812,0.0,0.0,0.0,0.0,0.0,-8.0,0.0,0.0,0.0,0.0,0.0137698,-0.0068849,-0.0275396,4.7987753,-0.0137698,-1.1773179,0.01231013430998,0.004438583638528,-0.006137728937652,-0.0029491758242370003,-0.000258699633705,0.00258699633705,20.001000000000005,1.6549619999750576,0.15512800018768758,0.0780179998400854,0.0
pd,23:52:56.538,70,-40.003,-89.999,0.0,-90.239,0.003,-0.02,0.0,0.0,0.0,0.0,0.0,0.0,-40.003,-110.0,0.0,-90.239,0.003,-0.02,-40.003,-97.999,0.0,-90.239,0.003,-0.02,0.0,-2036.8114604831856,0.0,0.0,0.0,0.0,0.0,-8.0,0.0,0.0,0.0,0.0,0.0137698,-0.0068849,-0.0275396,4.7987753,-0.0137698,-1.1773179,0.01231013430998,0.004438583638528,-0.006137728937652,-0.0029491758242370003,-0.000258699633705,0.00258699633705,20.001000000000005,1.931699000124354,0.19629400003395858,0.09596199970474117,0.0
pd,23:52:56.541,71,-40.003,-89.999,0.0,-90.239,0.003,-0.02,0.0,0.0,0.0,0.0,0.0,0.0,-40.003,-110.0,0.0,-90.239,0.003,-0.02,-40.003,-97.999,0.0,-90.239,0.003,-0.02,0.0,-1636.6418885962346,0.0,0.0,0.0,0.0,0.0,-8.0,0.0,0.0,0.0,0.0,0.0137698,-0.0068849,-0.0275396,4.7987753,-0.0137698,-1.1773179,0.01231013430998,0.004438583638528,-0.006137728937652,-0.0029491758242370003,-0.000258699633705,0.00258699633705,20.001000000000005,1.7365169996992336,0.17170199998872704,0.0700170003256062,0.0
pd,23:52:56.543,72,-40.003,-89.999,0.0,-90.239,0.003,-0.02,0.0,0.0,0.0,0.0,0.0,0.0,-40.003,-110.0,0.0,-90.239,0.003,-0.02,-40.003,-97.999,0.0,-90.239,0.003,-0.02,0.0,-1947.2163416898793,0.0,0.0,0.0,0.0,0.0,-8.0,0.0,0.0,0.0,0.0,0.0137698,-0.0068849,-0.0275396,4.7987753,-0.0137698,-1.1773179,0.01231013430998,0.004438583638528,-0.006137728937652,-0.0029491758242370003,-0.000258699633705,0.00258699633705,20.001000000000005,1.7042019999280456,0.15494299987039994,0.06879500006107264,0.0
pd,23:52:56.545,73,-40.003,-89.999,0.0,-90.239,0.003,-0.02,0.0,0.0,0.0,0.0,0.0,0.0,-40.003,-110.0,0.0,-90.239,0.003,-0.02,-40.003,-97.999,0.0,-90.239,0.003,-0.02,0.0,-1951.746859004188,0.0,0.0,0.0,0.0,0.0,-8.0,0.0,0.0,0.0,0.0,0.0137698,-0.0068849,-0.0275396,4.7987753,-0.0137698,-1.1773179,0.01231013430998,0.004438583638528,-0.006137728937652,-0.0029491758242370003,-0.000258699633705,0.00258699633705,20.001000000000005,1.6315359998770873,0.138868999783881,0.05611100004898617,0.0
pd,23:52:56.547,74,-40.003,-89.999,0.0,-90.239,0.003,-0.02,0.0,0.0,0.0,0.0,0.0,0.0,-40.003,-110.0,0.0,-90.239,0.003,-0.02,-40.003,-97.999,0.0,-90.239,0.003,-0.02,0.0,-2112.9994962216624,0.0,0.0,0.0,0.0,0.0,-8.0,0.0,0.0,0.0,0.0,0.0137698,-0.0068849,-0.0275396,4.7987753,-0.0137698,-1.1773179,0.01231013430998,0.004438583638528,-0.006137728937652,-0.0029491758242370003,-0.000258699633705,0.00258699633705,20.001000000000005,1.60881400006474,0.1513500001237844,0.06949899989194819,0.0
pd,23:52:56.549,75,-40.003,-89.999,0.0,-90.239,0.003,-0.02,0.0,0.0,0.0,0.0,0.0,0.0,-40.003,-110.0,0.0,-90.239,0.003,-0.02,-40.003,-97.999,0.0,-90.239,0.003,-0.02,0.0,-2057.7966392738867,0.0,0.0,0.0,0.0,0.0,-8.0,0.0,0.0,0.0,0.0,0.0137698,-0.0068849,-0.0275396,4.7987753,-0.0137698,-1.1773179,0.01231013430998,0.004438583638528,-0.006137728937652,-0.0029491758242370003,-0.000258699633705,0.00258699633705,20.001000000000005,1.6759069999352505,0.14986799988037092,0.06699900040985085,0.0
pd,23:52:56.550,76,-40.003,-89.999,0.0,-90.239,0.003,-0.02,0.0,0.0,0.0,0.0,0.0,0.0,-40.003,-110.0,0.0,-90.239,0.003,-0.02,-40.003,-97.999,0.0,-90.239,0.003,-0.02,0.0,-2038.2961973028794,0.0,0.0,0.0,0.0,0.0,-8.0,0.0,0.0,0.0,0.0,0.0137698,-0.0068849,-0.0275396,4.7987753,-0.0137698,-1.1773179,0.01231013430998,0.004438583638528,-0.006137728937652,-0.0029491758242370003,-0.000258699633705,0.00258699633705,20.001000000000005,1.6280740001093363,0.13612799966722378,0.0583139999434934,0.0
pd,23:52:56.552,77,-40.003,-89.999,0.0,-90.239,0.003,-0.02,0.0,0.0,0.0,0.0,0.0,0.0,-40.003,-110.0,0.0,-90.239,0.003,-0.02,-40.003,-97.999,0.0,-90.239,0.003,-0.02,0.0,-2118.870421823693,0.0,0.0,0.0,0.0,0.0,-8.0,0.0,0.0,0.0,0.0,0.0137698,-0.0068849,-0.0275396,4.7987753,-0.0137698,-1.1773179,0.01231013430998,0.004438583638528,-0.006137728937652,-0.0029491758242370003,-0.000258699633705,0.00258699633705,20.001000000000005,1.6513320001649845,0.1354800001536205,0.05844299994350877,0.0
pd,23:52:56.554,78,-40.003,-89.999,0.0,-90.239,0.003,-0.02,0.0,0.0,0.0,0.0,0.0,0.0,-40.003,-110.0,0.0,-90.239,0.003,-0.02,-40.003,-97.999,0.0,-90.239,0.003,-0.02,0.0,-2082.0570861255896,0.0,0.0,0.0,0.0,0.0,-8.0,0.0,0.0,0.0,0.0,0.0137698,-0.0068849,-0.0275396,4.7987753,-0.0137698,-1.1773179,0.01231013430998,0.004438583638528,-0.006137728937652,-0.0029491758242370003,-0.000258699633705,0.00258699633705,20.001000000000005,1.6213879998758784,0.12681299995165318,0.05446300019684713,0.0
pd,23:52:56.556,79,-40.003,-89.999,0.0,-90.239,0.003,-0.02,0.0,0.0,0.0,0.0,0.0,0.0,-40.003,-110.0,0.0,-90.239,0.003,-0.02,-40.003,-97.999,0.0,-90.239,0.003,-0.02,0.0,-2144.053162939297,0.0,0.0,0.0,0.0,0.0,-8.0,0.0,0.0,0.0,0.0,0.0137698,-0.0068849,-0.0275396,4.7987753,-0.0137698,-1.1773179,0.01231013430998,0.004438583638528,-0.006137728937652,-0.0029491758242370003,-0.000258699633705,0.00258699633705,20.001000000000005,1.6526290000911104,0.1490529998591228,0.06847999975434504,0.0
pd,23:52:56.558,80,-40.003,-89.999,0.0,-90.239,0.003,-0.02,0.0,0.0,0.0,0.0,0.0,0.0,-40.003,-110.0,0.0,-90.239,0.003,-0.02,-40.003,-97.999,0.0,-90.239,0.003,-0.02,0.0,-2061.0830466830466,0.0,0.0,0.0,0.0,0.0,-8.0,0.0,0.0,0.0,0.0,0.0137698,-0.0068849,-0.0275396,4.7987753,-0.0137698,-1.1773179,0.01231013430998,0.004438583638528,-0.006137728937652,-0.0029491758242370003,-0.000258699633705,0.00258699633705,20.001000000000005,1.6805919999569596,0.16046100017774734,0.07012900005065603,0.0
pd,23:52:56.560,81,-40.003,-89.999,0.0,-90.239,0.003,-0.02,0.0,0.0,0.0,0.0,0.0,0.0,-40.003,-110.0,0.0,-90.239,0.003,-0.02,-40.003,-97.999,0.0,-90.239,0.003,-0.02,0.0,-1889.1133881319672,0.0,0.0,0.0,0.0,0.0,-8.0,0.0,0.0,0.0,0.0,0.0137698,-0.0068849,-0.0275396,4.7987753,-0.0137698,-1.1773179,0.01231013430998,0.004438583638528,-0.006137728937652,-0.0029491758242370003,-0.000258699633705,0.00258699633705,20.001000000000005,1.6970540000329493,0.16466499982925598,0.07131399979698472,0.0
pd,23:52:56.562,82,-40.003,-89.999,0.0,-90.239,0.003,-0.02,0.0,0.0,0.0,0.0,0.0,0.0,-40.003,-110.0,0.0,-90.239,0.003,-0.02,-40.003,-97.999,0.0,-90.239,0.003,-0.02,0.0,-1993.9643451390539,0.0,0.0,0.0,0.0,0.0,-8.0,0.0,0.0,0.0,0.0,0.0137698,-0.0068849,-0.0275396,4.7987753,-0.0137698,-1.1773179,0.01231013430998,0.004438583638528,-0.006137728937652,-0.0029491758242370003,-0.000258699633705,0.00258699633705,20.001000000000005,1.8567189999885159,0.17788700006349245,0.09314699991591624,0.0
pd,23:52:56.564,83,-40.003,-89.999,0.0,-90.239,0.003,-0.02,0.0,0.0,0.0,0.0,0.0,0.0,-40.003,-110.0,0.0,-90.239,0.003,-0.02,-40.003,-97.999,0.0,-90.239,0.003,-0.02,0.0,-1809.4495254529768,0.0,0.0,0.0,0.0,0.0,-8.0,0.0,0.0,0.0,0.0,0.0137698,-0.0068849,-0.0275396,4.7987753,-0.0137698,-1.1773179,0.01231013430998,0.004438583638528,-0.006137728937652,-0.0029491758242370003,-0.000258699633705,0.00258699633705,20.001000000000005,1.721960999930161,0.16223900001932634,0.06449900001825881,0.0
pd,23:52:56.566,84,-40.003,-89.999,0.0,-90.239,0.003,-0.02,0.0,0.0,0.0,0.0,0.0,0.0,-40.003,-110.0,0.0,-90.239,0.003,-0.02,-40.003,-97.999,0.0,-90.239,0.003,-0.02,0.0,-1981.4829337427661,0.0,0.0,0.0,0.0,0.0,-8.0,0.0,0.0,0.0,0.0,0.0137698,-0.0068849,-0.0275396,4.7987753,-0.0137698,-1.1773179,0.01231013430998,0.004438583638528,-0.006137728937652,-0.0029491758242370003,-0.000258699633705,0.00258699633705,20.001000000000005,1.6183889997591905,0.13659100022778148,0.07655400031580939,0.0
pd,23:52:56.568,85,-40.003,-89.999,0.0,-90.239,0.003,-0.02,0.0,0.0,0.0,0.0,0.0,0.0,-40.003,-110.0,0.0,-90.239,0.003,-0.02,-40.003,-97.999,0.0,-90.239,0.003,-0.02,0.0,-2088.016925948973,0.0,0.0,0.0,0.0,0.0,-8.0,0.0,0.0,0.0,0.0,0.0137698,-0.0068849,-0.0275396,4.7987753,-0.0137698,-1.1773179,0.01231013430998,0.004438583638528,-0.006137728937652,-0.0029491758242370003,-0.000258699633705,0.00258699633705,20.001000000000005,1.7569419997016666,0.17731300022205687,0.08146199979819357,0.0
pd,23:52:56.570,86,-40.003,-89.999,0.0,-90.239,0.003,-0.02,0.0,0.0,0.0,0.0,0.0,0.0,-40.003,-110.0,0.0,-90.239,0.003,-0.02,-40.003,-97.999,0.0,-90.239,0.003,-0.02,0.0,-1909.9744990892532,0.0,0.0,0.0,0.0,0.0,-8.0,0.0,0.0,0.0,0.0,0.0137698,-0.0068849,-0.0275396,4.7987753,-0.0137698,-1.1773179,0.01231013430998,0.004438583638528,-0.006137728937652,-0.0029491758242370003,-0.000258699633705,0.00258699633705,20.001000000000005,1.633573000162869,0.13916499983679387,0.0612589997217583,0.0
pd,23:52:56.572,87,-40.003,-89.999,0.0,-90.239,0.003,-0.02,0.0,0.0,0.0,0.0,0.0,0.0,-40.003,-110.0,0.0,-90.239,0.003,-0.02,-40.003,-97.999,0.0,-90.239,0.003,-0.02,0.0,-2106.1029374843083,0.0,0.0,0.0,0.0,0.0,-8.0,0.0,0.0,0.0,0.0,0.0137698,-0.0068849,-0.0275396,4.7987753,-0.0137698,-1.1773179,0.01231013430998,0.004438583638528,-0.006137728937652,-0.0029491758242370003,-0.000258699633705,0.00258699633705,20.001000000000005,1.678090999575943,0.13962799994260422,0.060925000070710666,0.0
pd,23:52:56.574,88,-40.003,-89.999,0.0,-90.239,0.003,-0.02,0.0,0.0,0.0,0.0,0.0,0.0,-40.003,-110.0,0.0,-90.239,0.003,-0.02,-40.003,-97.999,0.0,-90.239,0.003,-0.02,0.0,-2057.7966392738867,0.0,0.0,0.0,0.0,0.0,-8.0,0.0,0.0,0.0,0.0,0.0137698,-0.0068849,-0.0275396,4.7987753,-0.0137698,-1.1773179,0.01231013430998,0.004438583638528,-0.006137728937652,-0.0029491758242370003,-0.000258699633705,0.00258699633705,20.001000000000005,1.6157769996425486,0.1281830000152695,0.05466600032377755,0.0
pd,23:52:56.576,89,-40.003,-89.999,0.0,-90.239,0.003,-0.02,0.0,0.0,0.0,0.0,0.0,0.0,-40.003,-110.0,0.0,-90.239,0.003,-0.02,-40.003,-97.999,0.0,-90.239,0.003,-0.02,0.0,-2148.72131147541,0.0,0.0,0.0,0.0,0.0,-8.0,0.0,0.0,0.0,0.0,0.0137698,-0.0068849,-0.0275396,4.7987753,-0.0137698,-1.1773179,0.01231013430998,0.004438583638528,-0.006137728937652,-0.0029491758242370003,-0.000258699633705,0.00258699633705,20.001000000000005,1.6529249996892759,0.19273799989605322,0.06677699957435834,0.0
pd,23:52:56.578,90,-40.003,-89.999,0.0,-90.239,0.003,-0.02,0.0,0.0,0.0,0.0,0.0,0.0,-40.003,-110.0,0.0,-90.239,0.003,-0.02,-40.003,-97.999,0.0,-90.239,0.003,-0.02,0.0,-2021.594890950717,0.0,0.0,0.0,0.0,0.0,-8.0,0.0,0.0,0.0,0.0,0.0137698,-0.0068849,-0.0275396,4.7987753,-0.0137698,-1.1773179,0.01231013430998,0.004438583638528,-0.006137728937652,-0.0029491758242370003,-0.000258699633705,0.00258699633705,20.001000000000005,1.6365910000786243,0.15538699972239556,0.06964800013520289,0.0
pd,23:52:56.580,91,-40.003,-89.999,0.0,-90.239,0.003,-0.02,0.0,0.0,0.0,0.0,0.0,0.0,-40.003,-110.0,0.0,-90.239,0.003,-0.02,-40.003,-97.999,0.0,-90.239,0.003,-0.02,0.0,-1929.968480386518,0.0,0.0,0.0,0.0,0.0,-8.0,0.0,0.0,0.0,0.0,0.0137698,-0.0068849,-0.0275396,4.7987753,-0.0137698,-1.1773179,0.01231013430998,0.004438583638528,-0.006137728937652,-0.0029491758242370003,-0.000258699633705,0.00258699633705,20.001000000000005,1.6962019999482436,0.17055399985110853,0.06985100026213331,0.0
pd,23:52:56.582,92,-40.003,-89.999,0.0,-90.239,0.003,-0.02,0.0,0.0,0.0,0.0,0.0,0.0,-40.003,-110.0,0.0,-90.239,0.003,-0.02,-40.003,-97.999,0.0,-90.239,0.003,-0.02,0.0,-1987.586304940173,0.0,0.0,0.0,0.0,0.0,-8.0,0.0,0.0,0.0,0.0,0.0137698,-0.0068849,-0.0275396,4.7987753,-0.0137698,-1.1773179,0.01231013430998,0.004438583638528,-0.006137728937652,-0.0029491758242370003,-0.000258699633705,0.00258699633705,20.001000000000005,1.6321289999723376,0.13040600015301607,0.06105500006015063,0.0
pd,23:52:56.584,93,-40.003,-89.999,0.0,-90.239,0.003,-0.02,0.0,0.0,0.0,0.0,0.0,0.0,-40.003,-110.0,0.0,-90.239,0.003,-0.02,-40.003,-97.999,0.0,-90.239,0.003,-0.02,0.0,-2116.7317688619733,0.0,0.0,0.0,0.0,0.0,-8.0,0.0,0.0,0.0,0.0,0.0137698,-0.0068849,-0.0275396,4.7987753,-0.0137698,-1.1773179,0.01231013430998,0.004438583638528,-0.006137728937652,-0.0029491758242370003,-0.000258699633705,0.00258699633705,20.001000000000005,1.6448320002382388,0.1366470000903064,0.05751699973188806,0.0
pd,23:52:56.586,94,-40.003,-89.999,0.0,-90.239,0.003,-0.02,0.0,0.0,0.0,0.0,0.0,0.0,-40.003,-110.0,0.0,-90.239,0.003,-0.02,-40.003,-97.999,0.0,-90.239,0.003,-0.02,0.0,-2091.6613888542574,0.0,0.0,0.0,0.0,0.0,-8.0,0.0,0.0,0.0,0.0,0.0137698,-0.0068849,-0.0275396,4.7987753,-0.0137698,-1.1773179,0.01231013430998,0.004438583638528,-0.006137728937652,-0.0029491758242370003,-0.000258699633705,0.00258699633705,20.001000000000005,1.6164070002560038,0.12401699996189564,0.053036000281281304,0.0
pd,23:52:56.588,95,-40.003,-89.999,0.0,-90.239,0.003,-0.02,0.0,0.0,0.0,0.0,0.0,0.0,-40.003,-110.0,0.0,-90.239,0.003,-0.02,-40.003,-97.999,0.0,-90.239,0.003,-0.02,0.0,-2152.0287326834273,0.0,0.0,0.0,0.0,0.0,-8.0,0.0,0.0,0.0,0.0,0.0137698,-0.0068849,-0.0275396,4.7987753,-0.0137698,-1.1773179,0.01231013430998,0.004438583638528,-0.006137728937652,-0.0029491758242370003,-0.000258699633705,0.00258699633705,20.001000000000005,1.8974959998558916,0.19988699978057411,0.09627600002204417,0.0
pd,23:52:56.590,96,-40.003,-89.999,0.0,-90.239,0.003,-0.02,0.0,0.0,0.0,0.0,0.0,0.0,-40.003,-110.0,0.0,-90.239,0.003,-0.02,-40.003,-97.999,0.0,-90.239,0.003,-0.02,0.0,-1754.7553603179583,0.0,0.0,0.0,0.0,0.0,-8.0,0.0,0.0,0.0,0.0,0.0137698,-0.0068849,-0.0275396,4.7987753,-0.0137698,-1.1773179,0.01231013430998,0.004438583638528,-0.006137728937652,-0.0029491758242370003,-0.000258699633705,0.00258699633705,20.001000000000005,1.6578869999648305,0.15062800002851873,0.06414700010282104,0.0
pd,23:52:56.592,97,-40.003,-89.999,0.0,-90.239,0.003,-0.02,0.0,0.0,0.0,0.0,0.0,0.0,-40.003,-110.0,0.0,-90.239,0.003,-0.02,-40.003,-97.999,0.0,-90.239,0.003,-0.02,0.0,-2060.5767624662244,0.0,0.0,0.0,0.0,0.0,-8.0,0.0,0.0,0.0,0.0,0.0137698,-0.0068849,-0.0275396,4.7987753,-0.0137698,-1.1773179,0.01231013430998,0.004438583638528,-0.006137728937652,-0.0029491758242370003,-0.000258699633705,0.00258699633705,20.001000000000005,1.6862209999999322,0.1403510000272945,0.06129499979579123,0.0
pd,23:52:56.594,98,-40.003,-89.999,0.0,-90.239,0.003,-0.02,0.0,0.0,0.0,0.0,0.0,0.0,-40.003,-110.0,0.0,-90.239,0.003,-0.02,-40.003,-97.999,0.0,-90.239,0.003,-0.02,0.0,-2047.0004880429478,0.0,0.0,0.0,0.0,0.0,-8.0,0.0,0.0,0.0,0.0,0.0137698,-0.0068849,-0.0275396,4.7987753,-0.0137698,-1.1773179,0.01231013430998,0.004438583638528,-0.006137728937652,-0.0029491758242370003,-0.000258699633705,0.00258699633705,20.001000000000005,1.6985720003503957,0.14597900008084252,0.0659250003991474,0.0
pd,23:52:56.596,99,-40.003,-89.999,0.0,-90.239,0.003,-0.02,0.0,0.0,0.0,0.0,0.0,0.0,-40.003,-110.0,0.0,-90.239,0.003,-0.02,-40.003,-97.999,0.0,-90.239,0.003,-0.02,0.0,-2021.8385153048928,0.0,0.0,0.0,0.0,0.0,-8.0,0.0,0.0,0.0,0.0,0.0137698,-0.0068849,-0.0275396,4.7987753,-0.0137698,-1.1773179,0.01231013430998,0.004438583638528,-0.006137728937652,-0.0029491758242370003,-0.000258699633705,0.00258699633705,20.001000000000005,1.6932399998950132,0.1530170002297382,0.06864699980724254,0.0
pd,23:52:56.598,100,-40.003,-89.999,0.0,-90.239,0.003,-0.02,0.0,0.0,0.0,0.0,0.0,0.0,-40.003,-110.0,0.0,-90.239,0.003,-0.02,-40.003,-97.999,0.0,-90.239,0.003,-0.02,0.0,-2017.2196705542865,0.0,0.0,0.0,0.0,0.0,-8.0,0.0,0.0,0.0,0.0,0.0137698,-0.0068849,-0.0275396,4.7987753,-0.0137698,-1.1773179,0.01231013430998,0.004438583638528,-0.006137728937652,-0.0029491758242370003,-0.000258699633705,0.00258699633705,20.001000000000005,1.633054999729211,0.15757200026200735,0.07136900012483238,0.0
pd,23:52:56.600,101,-40.003,-89.999,0.0,-90.239,0.003,-0.02,0.0,0.0,0.0,0.0,0.0,0.0,-40.003,-110.0,0.0,-90.239,0.003,-0.02,-40.003,-97.999,0.0,-90.239,0.003,-0.02,0.0,-1928.415632183908,0.0,0.0,0.0,0.0,0.0,-8.0,0.0,0.0,0.0,0.0,0.0137698,-0.0068849,-0.0275396,4.7987753,-0.0137698,-1.1773179,0.01231013430998,0.004438583638528,-0.006137728937652,-0.0029491758242370003,-0.000258699633705,0.00258699633705,20.001000000000005,1.7019799997797236,0.16705300004105084,0.07088799975463189,0.0
pd,23:52:56.602,102,-40.003,-89.999,0.0,-90.239,0.003,-0.02,0.0,0.0,0.0,0.0,0.0,0.0,-40.003,-110.0,0.0,-90.239,0.003,-0.02,-40.003,-97.999,0.0,-90.239,0.003,-0.02,0.0,-1984.764698923459,0.0,0.0,0.0,0.0,0.0,-8.0,0.0,0.0,0.0,0.0,0.0137698,-0.0068849,-0.0275396,4.7987753,-0.0137698,-1.1773179,0.01231013430998,0.004438583638528,-0.006137728937652,-0.0029491758242370003,-0.000258699633705,0.00258699633705,20.001000000000005,1.6517210001438798,0.13288799982547062,0.05737000037697726,0.0
pd,23:52:56.604,103,-40.003,-89.999,0.0,-90.239,0.003,-0.02,0.0,0.0,0.0,0.0,0.0,0.0,-40.003,-110.0,0.0,-90.239,0.003,-0.02,-40.003,-97.999,0.0,-90.239,0.003,-0.02,0.0,-2100.0395543872824,0.0,0.0,0.0,0.0,0.0,-8.0,0.0,0.0,0.0,0.0,0.0137698,-0.0068849,-0.0275396,4.7987753,-0.0137698,-1.1773179,0.01231013430998,0.004438583638528,-0.006137728937652,-0.0029491758242370003,-0.000258699633705,0.00258699633705,20.001000000000005,1.6434620001746225,0.13459100000545732,0.059221000356046716,0.0
pd,23:52:56.606,104,-40.003,-89.999,0.0,-90.239,0.003,-0.02,0.0,0.0,0.0,0.0,0.0,0.0,-40.003,-110.0,0.0,-90.239,0.003,-0.02,-40.003,-97.999,0.0,-90.239,0.003,-0.02,0.0,-2102.671512720892,0.0,0.0,0.0,0.0,0.0,-8.0,0.0,0.0,0.0,0.0,0.0137698,-0.0068849,-0.0275396,4.7987753,-0.0137698,-1.1773179,0.01231013430998,0.004438583638528,-0.006137728937652,-0.0029491758242370003,-0.000258699633705,0.00258699633705,20.001000000000005,1.6061110000009649,0.12420199982443592,0.053110999942873605,0.0
pd,23:52:56.608,105,-40.003,-89.999,0.0,-90.239,0.003,-0.02,0.0,0.0,0.0,0.0,0.0,0.0,-40.003,-110.0,0.0,-90.239,0.003,-0.02,-40.003,-97.999,0.0,-90.239,0.003,-0.02,0.0,-2169.5611017716283,0.0,0.0,0.0,0.0,0.0,-8.0,0.0,0.0,0.0,0.0,0.0137698,-0.0068849,-0.0275396,4.7987753,-0.0137698,-1.1773179,0.01231013430998,0.004438583638528,-0.006137728937652,-0.0029491758242370003,-0.000258699633705,0.00258699633705,20.001000000000005,1.6516470000169647,0.1701279998087557,0.08062799997787806,0.0
pd,23:52:56.610,106,-40.003,-89.999,0.0,-90.239,0.003,-0.02,0.0,0.0,0.0,0.0,0.0,0.0,-40.003,-110.0,0.0,-90.239,0.003,-0.02,-40.003,-97.999,0.0,-90.239,0.003,-0.02,0.0,-2021.3513253012047,0.0,0.0,0.0,0.0,0.0,-8.0,0.0,0.0,0.0,0.0,0.0137698,-0.0068849,-0.0275396,4.7987753,-0.0137698,-1.1773179,0.01231013430998,0.004438583638528,-0.006137728937652,-0.0029491758242370003,-0.000258699633705,0.00258699633705,20.001000000000005,1.6378690002056828,0.1308870000684692,0.057035999816434924,0.0
pd,23:52:56.612,107,-40.003,-89.999,0.0,-90.239,0.003,-0.02,0.0,0.0,0.0,0.0,0.0,0.0,-40.003,-110.0,0.0,-90.239,0.003,-0.02,-40.003,-97.999,0.0,-90.239,0.003,-0.02,0.0,-2117.26602725896,0.0,0.0,0.0,0.0,0.0,-8.0,0.0,0.0,0.0,0.0,0.0137698,-0.0068849,-0.0275396,4.7987753,-0.0137698,-1.1773179,0.01231013430998,0.004438583638528,-0.006137728937652,-0.0029491758242370003,-0.000258699633705,0.00258699633705,20.001000000000005,1.6372400000363996,0.13364599999476923,0.060833000134152826,0.0
pd,23:52:56.614,108,-40.003,-89.999,0.0,-90.239,0.003,-0.02,0.0,0.0,0.0,0.0,0.0,0.0,-40.003,-110.0,0.0,-90.239,0.003,-0.02,-40.003,-97.999,0.0,-90.239,0.003,-0.02,0.0,-2109.810865191147,0.0,0.0,0.0,0.0,0.0,-8.0,0.0,0.0,0.0,0.0,0.0137698,-0.0068849,-0.0275396,4.7987753,-0.0137698,-1.1773179,0.01231013430998,0.004438583638528,-0.006137728937652,-0.0029491758242370003,-0.000258699633705,0.00258699633705,20.001000000000005,1.86712599997918,0.17699799991532927,0.08814700004222686,0.0
pd,23:52:56.616,109,-40.003,-89.999,0.0,-90.239,0.003,-0.02,0.0,0.0,0.0,0.0,0.0,0.0,-40.003,-110.0,0.0,-90.239,0.003,-0.02,-40.003,-97.999,0.0,-90.239,0.003,-0.02,0.0,-1805.9435952637245,0.0,0.0,0.0,0.0,0.0,-8.0,0.0,0.0,0.0,0.0,0.0137698,-0.0068849,-0.0275396,4.7987753,-0.0137698,-1.1773179,0.01231013430998,0.004438583638528,-0.006137728937652,-0.0029491758242370003,-0.000258699633705,0.00258699633705,20.001000000000005,1.7223499999090564,0.15497999993385747,0.0683879998177872,0.0
pd,23:52:56.618,110,-40.003,-89.999,0.0,-90.239,0.003,-0.02,0.0,0.0,0.0,0.0,0.0,0.0,-40.003,-110.0,0.0,-90.239,0.003,-0.02,-40.003,-97.999,0.0,-90.239,0.003,-0.02,0.0,-1980.5472789517175,0.0,0.0,0.0,0.0,0.0,-8.0,0.0,0.0,0.0,0.0,0.0137698,-0.0068849,-0.0275396,4.7987753,-0.0137698,-1.1773179,0.01231013430998,0.004438583638528,-0.006137728937652,-0.0029491758242370003,-0.000258699633705,0.00258699633705,20.001000000000005,1.644036000016058,0.1612759997442481,0.0746850000723498,0.0
pd,23:52:56.620,111,-40.003,-89.999,0.0,-90.239,0.003,-0.02,0.0,0.0,0.0,0.0,0.0,0.0,-40.003,-110.0,0.0,-90.239,0.003,-0.02,-40.003,-97.999,0.0,-90.239,0.003,-0.02,0.0,-1905.4191936399773,0.0,0.0,0.0,0.0,0.0,-8.0,0.0,0.0,0.0,0.0,0.0137698,-0.0068849,-0.0275396,4.7987753,-0.0137698,-1.1773179,0.01231013430998,0.004438583638528,-0.006137728937652,-0.0029491758242370003,-0.000258699633705,0.00258699633705,20.001000000000005,1.8595340002320881,0.2621640001052583,0.09999899975809967,0.0
pd,23:52:56.622,112,-40.003,-89.999,0.0,-90.239,0.003,-0.02,0.0,0.0,0.0,0.0,0.0,0.0,-40.003,-110.0,0.0,-90.239,0.003,-0.02,-40.003,-97.999,0.0,-90.239,0.003,-0.02,0.0,-1727.650705385645,0.0,0.0,0.0,0.0,0.0,-8.0,0.0,0.0,0.0,0.0,0.0137698,-0.0068849,-0.0275396,4.7987753,-0.0137698,-1.1773179,0.01231013430998,0.004438583638528,-0.006137728937652,-0.0029491758242370003,-0.000258699633705,0.00258699633705,20.001000000000005,1.6555729998799507,0.14607200000682496,0.06383199979609344,0.0
pd,23:52:56.624,113,-40.003,-89.999,0.0,-90.239,0.003,-0.02,0.0,0.0,0.0,0.0,0.0,0.0,-40.003,-110.0,0.0,-90.239,0.003,-0.02,-40.003,-97.999,0.0,-90.239,0.003,-0.02,0.0,-2069.9834669956817,0.0,0.0,0.0,0.0,0.0,-8.0,0.0,0.0,0.0,0.0,0.0137698,-0.0068849,-0.0275396,4.7987753,-0.0137698,-1.1773179,0.01231013430998,0.004438583638528,-0.006137728937652,-0.0029491758242370003,-0.000258699633705,0.00258699633705,20.001000000000005,1.694517000032647,0.14962799968998297,0.06922100010342547,0.0
pd,23:52:56.626,114,-40.003,-89.999,0.0,-90.239,0.003,-0.02,0.0,0.0,0.0,0.0,0.0,0.0,-40.003,-110.0,0.0,-90.239,0.003,-0.02,-40.003,-97.999,0.0,-90.239,0.003,-0.02,0.0,-2016.4923076923078,0.0,0.0,0.0,0.0,0.0,-8.0,0.0,0.0,0.0,0.0,0.0137698,-0.0068849,-0.0275396,4.7987753,-0.0137698,-1.1773179,0.01231013430998,0.004438583638528,-0.006137728937652,-0.0029491758242370003,-0.000258699633705,0.00258699633705,20.001000000000005,1.6262770000139426,0.13007200004722108,0.05697999995391001,0.0
pd,23:52:56.628,115,-40.003,-89.999,0.0,-90.239,0.003,-0.02,0.0,0.0,0.0,0.0,0.0,0.0,-40.003,-110.0,0.0,-90.239,0.003,-0.02,-40.003,-97.999,0.0,-90.239,0.003,-0.02,0.0,-2130.169629253428,0.0,0.0,0.0,0.0,0.0,-8.0,0.0,0.0,0.0,0.0,0.0137698,-0.0068849,-0.0275396,4.7987753,-0.0137698,-1.1773179,0.01231013430998,0.004438583638528,-0.006137728937652,-0.0029491758242370003,-0.000258699633705,0.00258699633705,20.001000000000005,1.6856469997037493,0.16644299967083498,0.07953599970278447,0.0
pd,23:52:56.630,116,-40.003,-89.999,0.0,-90.239,0.003,-0.02,0.0,0.0,0.0,0.0,0.0,0.0,-40.003,-110.0,0.0,-90.239,0.003,-0.02,-40.003,-97.999,0.0,-90.239,0.003,-0.02,0.0,-1991.5973409306744,0.0,0.0,0.0,0.0,0.0,-8.0,0.0,0.0,0.0,0.0,0.0137698,-0.0068849,-0.0275396,4.7987753,-0.0137698,-1.1773179,0.01231013430998,0.004438583638528,-0.006137728937652,-0.0029491758242370003,-0.000258699633705,0.00258699633705,20.001000000000005,1.643425000111165,0.17690499998934683,0.05651799983752426,0.0
pd,23:52:56.632,117,-40.003,-89.999,0.0,-90.239,0.003,-0.02,0.0,0.0,0.0,0.0,0.0,0.0,-40.003,-110.0,0.0,-90.239,0.003,-0.02,-40.003,-97.999,0.0,-90.239,0.003,-0.02,0.0,-2062.6033931644947,0.0,0.0,0.0,0.0,0.0,-8.0,0.0,0.0,0.0,0.0,0.0137698,-0.0068849,-0.0275396,4.7987753,-0.0137698,-1.1773179,0.01231013430998,0.004438583638528,-0.006137728937652,-0.0029491758242370003,-0.000258699633705,0.00258699633705,20.001000000000005,1.7321640002592176,0.15183200002866215,0.06686999995508813,0.0
pd,23:52:56.634,118,-40.003,-89.999,0.0,-90.239,0.003,-0.02,0.0,0.0,0.0,0.0,0.0,0.0,-40.003,-110.0,0.0,-90.239,0.003,-0.02,-40.003,-97.999,0.0,-90.239,0.003,-0.02,0.0,-1980.7811097992917,0.0,0.0,0.0,0.0,0.0,-8.0,0.0,0.0,0.0,0.0,0.0137698,-0.0068849,-0.0275396,4.7987753,-0.0137698,-1.1773179,0.01231013430998,0.004438583638528,-0.006137728937652,-0.0029491758242370003,-0.000258699633705,0.00258699633705,20.001000000000005,1.6231099998549325,0.13420200002656202,0.05888799978492898,0.0
pd,23:52:56.636,119,-40.003,-89.999,0.0,-90.239,0.003,-0.02,0.0,0.0,0.0,0.0,0.0,0.0,-40.003,-110.0,0.0,-90.239,0.003,-0.02,-40.003,-97.999,0.0,-90.239,0.003,-0.02,0.0,-2127.738237159163,0.0,0.0,0.0,0.0,0.0,-8.0,0.0,0.0,0.0,0.0,0.0137698,-0.0068849,-0.0275396,4.7987753,-0.0137698,-1.1773179,0.01231013430998,0.004438583638528,-0.006137728937652,-0.0029491758242370003,-0.000258699633705,0.00258699633705,20.001000000000005,1.6608690002613002,0.1529060000393656,0.06612800007133046,0.0
pd,23:52:56.638,120,-40.003,-89.999,0.0,-90.239,0.003,-0.02,0.0,0.0,0.0,0.0,0.0,0.0,-40.003,-110.0,0.0,-90.239,0.003,-0.02,-40.003,-97.999,0.0,-90.239,0.003,-0.02,0.0,-2051.2551656681744,0.0,0.0,0.0,0.0,0.0,-8.0,0.0,0.0,0.0,0.0,0.0137698,-0.0068849,-0.0275396,4.7987753,-0.0137698,-1.1773179,0.01231013430998,0.004438583638528,-0.006137728937652,-0.0029491758242370003,-0.000258699633705,0.00258699633705,20.001000000000005,1.643627999783348,0.39442100023734383,0.0976280002760177,0.0
pd,23:52:56.640,121,-40.003,-89.999,0.0,-90.239,0.003,-0.02,0.0,0.0,0.0,0.0,0.0,0.0,-40.003,-110.0,0.0,-90.239,0.003,-0.02,-40.003,-97.999,0.0,-90.239,0.003,-0.02,0.0,-1690.059030925758,0.0,0.0,0.0,0.0,0.0,-8.0,0.0,0.0,0.0,0.0,0.0137698,-0.0068849,-0.0275396,4.7987753,-0.0137698,-1.1773179,0.01231013430998,0.004438583638528,-0.006137728937652,-0.0029491758242370003,-0.000258699633705,0.00258699633705,20.001000000000005,1.8028680001407338,0.19547900001271046,0.0767760002418072,0.0
pd,23:52:56.642,122,-40.003,-89.999,0.0,-90.239,0.003,-0.02,0.0,0.0,0.0,0.0,0.0,0.0,-40.003,-110.0,0.0,-90.239,0.003,-0.02,-40.003,-97.999,0.0,-90.239,0.003,-0.02,0.0,-1855.4762220747623,0.0,0.0,0.0,0.0,0.0,-8.0,0.0,0.0,0.0,0.0,0.0137698,-0.0068849,-0.0275396,4.7987753,-0.0137698,-1.1773179,0.01231013430998,0.004438583638528,-0.006137728937652,-0.0029491758242370003,-0.000258699633705,0.00258699633705,20.001000000000005,1.6425549997620692,0.15901599999779137,0.07168399997681263,0.0
pd,23:52:56.644,123,-40.003,-89.999,0.0,-90.239,0.003,-0.02,0.0,0.0,0.0,0.0,0.0,0.0,-40.003,-110.0,0.0,-90.239,0.003,-0.02,-40.003,-97.999,0.0,-90.239,0.003,-0.02,0.0,-2052.509909469048,0.0,0.0,0.0,0.0,0.0,-8.0,0.0,0.0,0.0,0.0,0.0137698,-0.0068849,-0.0275396,4.7987753,-0.0137698,-1.1773179,0.01231013430998,0.004438583638528,-0.006137728937652,-0.0029491758242370003,-0.000258699633705,0.00258699633705,20.001000000000005,1.7760720002115704,0.168276000295009,0.07409199997709948,0.0
pd,23:52:56.646,124,-40.003,-89.999,0.0,-90.239,0.003,-0.02,0.0,0.0,0.0,0.0,0.0,0.0,-40.003,-110.0,0.0,-90.239,0.003,-0.02,-40.003,-97.999,0.0,-90.239,0.003,-0.02,0.0,-1911.0623077799294,0.0,0.0,0.0,0.0,0.0,-8.0,0.0,0.0,0.0,0.0,0.0137698,-0.0068849,-0.0275396,4.7987753,-0.0137698,-1.1773179,0.01231013430998,0.004438583638528,-0.006137728937652,-0.0029491758242370003,-0.000258699633705,0.00258699633705,20.001000000000005,1.665832000071532,0.13131300011082203,0.05622100024993415,0.0
pd,23:52:56.648,125,-40.003,-89.999,0.0,-90.239,0.003,-0.02,0.0,0.0,0.0,0.0,0.0,0.0,-40.003,-110.0,0.0,-90.239,0.003,-0.02,-40.003,-97.999,0.0,-90.239,0.003,-0.02,0.0,-2078.1885296667906,0.0,0.0,0.0,0.0,0.0,-8.0,0.0,0.0,0.0,0.0,0.0137698,-0.0068849,-0.0275396,4.7987753,-0.0137698,-1.1773179,0.01231013430998,0.004438583638528,-0.006137728937652,-0.0029491758242370003,-0.000258699633705,0.00258699633705,20.001000000000005,1.6996279996419617,0.16981299995677546,0.07590700033688336,0.0
pd,23:52:56.650,126,-40.003,-89.999,0.0,-90.239,0.003,-0.02,0.0,0.0,0.0,0.0,0.0,0.0,-40.003,-110.0,0.0,-90.239,0.003,-0.02,-40.003,-97.999,0.0,-90.239,0.003,-0.02,0.0,-1976.8134794391422,0.0,0.0,0.0,0.0,0.0,-8.0,0.0,0.0,0.0,0.0,0.0137698,-0.0068849,-0.0275396,4.7987753,-0.0137698,-1.1773179,0.01231013430998,0.004438583638528,-0.006137728937652,-0.0029491758242370003,-0.000258699633705,0.00258699633705,20.001000000000005,1.641481000206113,0.13412799989964697,0.057703000038600294,0.0
pd,23:52:56.652,127,-40.003,-89.999,0.0,-90.239,0.003,-0.02,0.0,0.0,0.0,0.0,0.0,0.0,-40.003,-110.0,0.0,-90.239,0.003,-0.02,-40.003,-97.999,0.0,-90.239,0.003,-0.02,0.0,-2108.2201558180445,0.0,0.0,0.0,0.0,0.0,-8.0,0.0,0.0,0.0,0.0,0.0137698,-0.0068849,-0.0275396,4.7987753,-0.0137698,-1.1773179,0.01231013430998,0.004438583638528,-0.006137728937652,-0.0029491758242370003,-0.000258699633705,0.00258699633705,20.001000000000005,1.6479800001434342,0.1386459998684586,0.06075900000723777,0.0
pd,23:52:56.654,128,-40.003,-89.999,0.0,-90.239,0.003,-0.02,0.0,0.0,0.0,0.0,0.0,0.0,-40.003,-110.0,0.0,-90.239,0.003,-0.02,-40.003,-97.999,0.0,-90.239,0.003,-0.02,0.0,-2090.879361914257,0.0,0.0,0.0,0.0,0.0,-8.0,0.0,0.0,0.0,0.0,0.0137698,-0.0068849,-0.0275396,4.7987753,-0.0137698,-1.1773179,0.01231013430998,0.004438583638528,-0.006137728937652,-0.0029491758242370003,-0.000258699633705,0.00258699633705,20.001000000000005,1.6129069999806234,0.12451700013116351,0.0534250002601766,0.0
pd,23:52:56.656,129,-40.003,-89.999,0.0,-90.239,0.003,-0.02,0.0,0.0,0.0,0.0,0.0,0.0,-40.003,-110.0,0.0,-90.239,0.003,-0.02,-40.003,-97.999,0.0,-90.239,0.003,-0.02,0.0,-2159.7857878475797,0.0,0.0,0.0,0.0,0.0,-8.0,0.0,0.0,0.0,0.0,0.0137698,-0.0068849,-0.0275396,4.7987753,-0.0137698,-1.1773179,0.01231013430998,0.004438583638528,-0.006137728937652,-0.0029491758242370003,-0.000258699633705,0.00258699633705,20.001000000000005,1.6664989998389501,0.1429980002285447,0.06187000008139876,0.0
pd,23:52:56.658,130,-40.003,-89.999,0.0,-90.239,0.003,-0.02,0.0,0.0,0.0,0.0,0.0,0.0,-40.003,-110.0,0.0,-90.239,0.003,-0.02,-40.003,-97.999,0.0,-90.239,0.003,-0.02,0.0,-2057.0397253555666,0.0,0.0,0.0,0.0,0.0,-8.0,0.0,0.0,0.0,0.0,0.0137698,-0.0068849,-0.0275396,4.7987753,-0.0137698,-1.1773179,0.01231013430998,0.004438583638528,-0.006137728937652,-0.0029491758242370003,-0.000258699633705,0.00258699633705,20.001000000000005,1.6297580000355083,0.1538320002509863,0.0777770001150202,0.0
pd,23:52:56.660,131,-40.003,-89.999,0.0,-90.239,0.003,-0.02,0.0,0.0,0.0,0.0,0.0,0.0,-40.003,-110.0,0.0,-90.239,0.003,-0.02,-40.003,-97.999,0.0,-90.239,0.003,-0.02,0.0,-1914.5516375670431,0.0,0.0,0.0,0.0,0.0,-8.0,0.0,0.0,0.0,0.0,0.0137698,-0.0068849,-0.0275396,4.7987753,-0.0137698,-1.1773179,0.01231013430998,0.004438583638528,-0.006137728937652,-0.0029491758242370003,-0.000258699633705,0.00258699633705,20.001000000000005,1.7067580001821625,0.17368399994666106,0.06957300001886324,0.0
pd,23:52:56.662,132,-40.003,-89.999,0.0,-90.239,0.003,-0.02,0.0,0.0,0.0,0.0,0.0,0.0,-40.003,-110.0,0.0,-90.239,0.003,-0.02,-40.003,-97.999,0.0,-90.239,0.003,-0.02,0.0,-1977.9787785899553,0.0,0.0,0.0,0.0,0.0,-8.0,0.0,0.0,0.0,0.0,0.0137698,-0.0068849,-0.0275396,4.7987753,-0.0137698,-1.1773179,0.01231013430998,0.004438583638528,-0.006137728937652,-0.0029491758242370003,-0.000258699633705,0.00258699633705,20.001000000000005,1.6353139999409905,0.1361089998681564,0.05957399980616174,0.0
pd,23:52:56.664,133,-40.003,-89.999,0.0,-90.239,0.003,-0.02,0.0,0.0,0.0,0.0,0.0,0.0,-40.003,-110.0,0.0,-90.239,0.003,-0.02,-40.003,-97.999,0.0,-90.239,0.003,-0.02,0.0,-2109.0152105593966,0.0,0.0,0.0,0.0,0.0,-8.0,0.0,0.0,0.0,0.0,0.0137698,-0.0068849,-0.0275396,4.7987753,-0.0137698,-1.1773179,0.01231013430998,0.004438583638528,-0.006137728937652,-0.0029491758242370003,-0.000258699633705,0.00258699633705,20.001000000000005,1.9079220001003705,0.22157100011099828,0.0887950000105775,0.0
pd,23:52:56.666,134,-40.003,-89.999,0.0,-90.239,0.003,-0.02,0.0,0.0,0.0,0.0,0.0,0.0,-40.003,-110.0,0.0,-90.239,0.003,-0.02,-40.003,-97.999,0.0,-90.239,0.003,-0.02,0.0,-1739.2925565001037,0.0,0.0,0.0,0.0,0.0,-8.0,0.0,0.0,0.0,0.0,0.0137698,-0.0068849,-0.0275396,4.7987753,-0.0137698,-1.1773179,0.01231013430998,0.004438583638528,-0.006137728937652,-0.0029491758242370003,-0.000258699633705,0.00258699633705,20.001000000000005,1.635925000300631,0.13292499988892814,0.0562219997846114,0.0
pd,23:52:56.668,135,-40.003,-89.999,0.0,-90.239,0.003,-0.02,0.0,0.0,0.0,0.0,0.0,0.0,-40.003,-110.0,0.0,-90.239,0.003,-0.02,-40.003,-97.999,0.0,-90.239,0.003,-0.02,0.0,-2119.9413697245386,0.0,0.0,0.0,0.0,0.0,-8.0,0.0,0.0,0.0,0.0,0.0137698,-0.0068849,-0.0275396,4.7987753,-0.0137698,-1.1773179,0.01231013430998,0.004438583638528,-0.006137728937652,-0.0029491758242370003,-0.000258699633705,0.00258699633705,20.001000000000005,1.7146099999081343,0.18988600004377076,0.08970299995780806,0.0
pd,23:52:56.670,136,-40.003,-89.999,0.0,-90.239,0.003,-0.02,0.0,0.0,0.0,0.0,0.0,0.0,-40.003,-110.0,0.0,-90.239,0.003,-0.02,-40.003,-97.999,0.0,-90.239,0.003,-0.02,0.0,-1926.201607347876,0.0,0.0,0.0,0.0,0.0,-8.0,0.0,0.0,0.0,0.0,0.0137698,-0.0068849,-0.0275396,4.7987753,-0.0137698,-1.1773179,0.01231013430998,0.004438583638528,-0.006137728937652,-0.0029491758242370003,-0.000258699633705,0.00258699633705,20.001000000000005,1.7481280001447885,0.1623869998184091,0.07557299977634102,0.0
pd,23:52:56.672,137,-40.003,-89.999,0.0,-90.239,0.003,-0.02,0.0,0.0,0.0,0.0,0.0,0.0,-40.003,-110.0,0.0,-90.239,0.003,-0.02,-40.003,-97.999,0.0,-90.239,0.003,-0.02,0.0,-1942.0321796504224,0.0,0.0,0.0,0.0,0.0,-8.0,0.0,0.0,0.0,0.0,0.0137698,-0.0068849,-0.0275396,4.7987753,-0.0137698,-1.1773179,0.01231013430998,0.004438583638528,-0.006137728937652,-0.0029491758242370003,-0.000258699633705,0.00258699633705,20.001000000000005,1.678572999935568,0.14783199958401383,0.06481399987023906,0.0
pd,23:52:56.674,138,-40.003,-89.999,0.0,-90.239,0.003,-0.02,0.0,0.0,0.0,0.0,0.0,0.0,-40.003,-110.0,0.0,-90.239,0.003,-0.02,-40.003,-97.999,0.0,-90.239,0.003,-0.02,0.0,-2042.0175267770205,0.0,0.0,0.0,0.0,0.0,-8.0,0.0,0.0,0.0,0.0,0.0137698,-0.0068849,-0.0275396,4.7987753,-0.0137698,-1.1773179,0.01231013430998,0.004438583638528,-0.006137728937652,-0.0029491758242370003,-0.000258699633705,0.00258699633705,20.001000000000005,1.6137769998749718,0.12777599977198406,0.05523999971046578,0.0
pd,23:52:56.676,139,-40.003,-89.999,0.0,-90.239,0.003,-0.02,0.0,0.0,0.0,0.0,0.0,0.0,-40.003,-110.0,0.0,-90.239,0.003,-0.02,-40.003,-97.999,0.0,-90.239,0.003,-0.02,0.0,-2152.5809597125995,0.0,0.0,0.0,0.0,0.0,-8.0,0.0,0.0,0.0,0.0,0.0137698,-0.0068849,-0.0275396,4.7987753,-0.0137698,-1.1773179,0.01231013430998,0.004438583638528,-0.006137728937652,-0.0029491758242370003,-0.000258699633705,0.00258699633705,20.001000000000005,1.651016999858257,0.1482759998907568,0.06442599988076836,0.0
pd,23:52:56.678,140,-40.003,-89.999,0.0,-90.239,0.003,-0.02,0.0,0.0,0.0,0.0,0.0,0.0,-40.003,-110.0,0.0,-90.239,0.003,-0.02,-40.003,-97.999,0.0,-90.239,0.003,-0.02,0.0,-2071.2612345679013,0.0,0.0,0.0,0.0,0.0,-8.0,0.0,0.0,0.0,0.0,0.0137698,-0.0068849,-0.0275396,4.7987753,-0.0137698,-1.1773179,0.01231013430998,0.004438583638528,-0.006137728937652,-0.0029491758242370003,-0.000258699633705,0.00258699633705,20.001000000000005,1.6268510003101255,0.155016999997315,0.0720359998922504,0.0
pd,23:52:56.680,141,-40.003,-89.999,0.0,-90.239,0.003,-0.02,0.0,0.0,0.0,0.0,0.0,0.0,-40.003,-110.0,0.0,-90.239,0.003,-0.02,-40.003,-97.999,0.0,-90.239,0.003,-0.02,0.0,-1912.369314943577,0.0,0.0,0.0,0.0,0.0,-8.0,0.0,0.0,0.0,0.0,0.0137698,-0.0068849,-0.0275396,4.7987753,-0.0137698,-1.1773179,0.01231013430998,0.004438583638528,-0.006137728937652,-0.0029491758242370003,-0.000258699633705,0.00258699633705,20.001000000000005,1.729552999677253,0.1683310001681093,0.0683140001456195,0.0
pd,23:52:56.682,142,-40.003,-89.999,0.0,-90.239,0.003,-0.02,0.0,0.0,0.0,0.0,0.0,0.0,-40.003,-110.0,0.0,-90.239,0.003,-0.02,-40.003,-97.999,0.0,-90.239,0.003,-0.02,0.0,-1959.0397010742643,0.0,0.0,0.0,0.0,0.0,-8.0,0.0,0.0,0.0,0.0,0.0137698,-0.0068849,-0.0275396,4.7987753,-0.0137698,-1.1773179,0.01231013430998,0.004438583638528,-0.006137728937652,-0.0029491758242370003,-0.000258699633705,0.00258699633705,20.001000000000005,1.6296109997711028,0.13473900025928742,0.057425000250077574,0.0
pd,23:52:56.684,143,-40.003,-89.999,0.0,-90.239,0.003,-0.02,0.0,0.0,0.0,0.0,0.0,0.0,-40.003,-110.0,0.0,-90.239,0.003,-0.02,-40.003,-97.999,0.0,-90.239,0.003,-0.02,0.0,-2120.4772497472195,0.0,0.0,0.0,0.0,0.0,-8.0,0.0,0.0,0.0,0.0,0.0137698,-0.0068849,-0.0275396,4.7987753,-0.0137698,-1.1773179,0.01231013430998,0.004438583638528,-0.006137728937652,-0.0029491758242370003,-0.000258699633705,0.00258699633705,20.001000000000005,1.6513870000380848,0.1412760002494906,0.06042499990144279,0.0
pd,23:52:56.686,144,-40.003,-89.999,0.0,-90.239,0.003,-0.02,0.0,0.0,0.0,0.0,0.0,0.0,-40.003,-110.0,0.0,-90.239,0.003,-0.02,-40.003,-97.999,0.0,-90.239,0.003,-0.02,0.0,-2082.83252638113,0.0,0.0,0.0,0.0,0.0,-8.0,0.0,0.0,0.0,0.0,0.0137698,-0.0068849,-0.0275396,4.7987753,-0.0137698,-1.1773179,0.01231013430998,0.004438583638528,-0.006137728937652,-0.0029491758242370003,-0.000258699633705,0.00258699633705,20.001000000000005,1.6202209999391926,0.13809100028083776,0.06329600000753999,0.0
pd,23:52:56.688,145,-40.003,-89.999,0.0,-90.239,0.003,-0.02,0.0,0.0,0.0,0.0,0.0,0.0,-40.003,-110.0,0.0,-90.239,0.003,-0.02,-40.003,-97.999,0.0,-90.239,0.003,-0.02,0.0,-2120.4772497472195,0.0,0.0,0.0,0.0,0.0,-8.0,0.0,0.0,0.0,0.0,0.0137698,-0.0068849,-0.0275396,4.7987753,-0.0137698,-1.1773179,0.01231013430998,0.004438583638528,-0.006137728937652,-0.0029491758242370003,-0.000258699633705,0.00258699633705,20.001000000000005,1.6912019996198069,0.1741089999995893,0.08340700014741742,0.0
pd,23:52:56.690,146,-40.003,-89.999,0.0,-90.239,0.003,-0.02,0.0,0.0,0.0,0.0,0.0,0.0,-40.003,-110.0,0.0,-90.239,0.003,-0.02,-40.003,-97.999,0.0,-90.239,0.003,-0.02,0.0,-1972.1659809568591,0.0,0.0,0.0,0.0,0.0,-8.0,0.0,0.0,0.0,0.0,0.0137698,-0.0068849,-0.0275396,4.7987753,-0.0137698,-1.1773179,0.01231013430998,0.004438583638528,-0.006137728937652,-0.0029491758242370003,-0.000258699633705,0.00258699633705,20.001000000000005,1.9450700001470977,0.18592400010675192,0.09114700014833943,0.0
pd,23:52:56.692,147,-40.003,-89.999,0.0,-90.239,0.003,-0.02,0.0,0.0,0.0,0.0,0.0,0.0,-40.003,-110.0,0.0,-90.239,0.003,-0.02,-40.003,-97.999,0.0,-90.239,0.003,-0.02,0.0,-1735.3347124534546,0.0,0.0,0.0,0.0,0.0,-8.0,0.0,0.0,0.0,0.0,0.0137698,-0.0068849,-0.0275396,4.7987753,-0.0137698,-1.1773179,0.01231013430998,0.004438583638528,-0.006137728937652,-0.0029491758242370003,-0.000258699633705,0.00258699633705,20.001000000000005,1.6743129999667872,0.1503690000390634,0.06511099991257652,0.0
pd,23:52:56.694,148,-40.003,-89.999,0.0,-90.239,0.003,-0.02,0.0,0.0,0.0,0.0,0.0,0.0,-40.003,-110.0,0.0,-90.239,0.003,-0.02,-40.003,-97.999,0.0,-90.239,0.003,-0.02,0.0,-2042.7634238402532,0.0,0.0,0.0,0.0,0.0,-8.0,0.0,0.0,0.0,0.0,0.0137698,-0.0068849,-0.0275396,4.7987753,-0.0137698,-1.1773179,0.01231013430998,0.004438583638528,-0.006137728937652,-0.0029491758242370003,-0.000258699633705,0.00258699633705,20.001000000000005,1.6713320001144893,0.22418200023821555,0.0820360000943765,0.0
pd,23:52:56.696,149,-40.003,-89.999,0.0,-90.239,0.003,-0.02,0.0,0.0,0.0,0.0,0.0,0.0,-40.003,-110.0,0.0,-90.239,0.003,-0.02,-40.003,-97.999,0.0,-90.239,0.003,-0.02,0.0,-1948.7996282959693,0.0,0.0,0.0,0.0,0.0,-8.0,0.0,0.0,0.0,0.0,0.0137698,-0.0068849,-0.0275396,4.7987753,-0.0137698,-1.1773179,0.01231013430998,0.004438583638528,-0.006137728937652,-0.0029491758242370003,-0.000258699633705,0.00258699633705,20.001000000000005,1.6986460000225634,0.15459099995496217,0.06729599999744096,0.0
pd,23:52:56.698,150,-40.003,-89.999,0.0,-90.239,0.003,-0.02,0.0,0.0,0.0,0.0,0.0,0.0,-40.003,-110.0,0.0,-90.239,0.003,-0.02,-40.003,-97.999,0.0,-90.239,0.003,-0.02,0.0,-2001.3379458427771,0.0,0.0,0.0,0.0,0.0,-8.0,0.0,0.0,0.0,0.0,0.0137698,-0.0068849,-0.0275396,4.7987753,-0.0137698,-1.1773179,0.01231013430998,0.004438583638528,-0.006137728937652,-0.0029491758242370003,-0.000258699633705,0.00258699633705,20.001000000000005,1.628517999961332,0.1617580001038732,0.07323999989239383,0.0
pd,23:52:56.700,151,-40.003,-89.999,0.0,-90.239,0.003,-0.02,0.0,0.0,0.0,0.0,0.0,0.0,-40.003,-110.0,0.0,-90.239,0.003,-0.02,-40.003,-97.999,0.0,-90.239,0.003,-0.02,0.0,-1867.2471897607122,0.0,0.0,0.0,0.0,0.0,-8.0,0.0,0.0,0.0,0.0,0.0137698,-0.0068849,-0.0275396,4.7987753,-0.0137698,-1.1773179,0.01231013430998,0.004438583638528,-0.006137728937652,-0.0029491758242370003,-0.000258699633705,0.00258699633705,20.001000000000005,1.708831999621907,0.1683489999777521,0.06877700025142985,0.0
pd,23:52:56.702,152,-40.003,-89.999,0.0,-90.239,0.003,-0.02,0.0,0.0,0.0,0.0,0.0,0.0,-40.003,-110.0,0.0,-90.239,0.003,-0.02,-40.003,-97.999,0.0,-90.239,0.003,-0.02,0.0,-1981.4829337427661,0.0,0.0,0.0,0.0,0.0,-8.0,0.0,0.0,0.0,0.0,0.0137698,-0.0068849,-0.0275396,4.7987753,-0.0137698,-1.1773179,0.01231013430998,0.004438583638528,-0.006137728937652,-0.0029491758242370003,-0.000258699633705,0.00258699633705,20.001000000000005,1.6310360001625668,0.1380359999529901,0.06153599997560377,0.0
pd,23:52:56.704,153,-40.003,-89.999,0.0,-90.239,0.003,-0.02,0.0,0.0,0.0,0.0,0.0,0.0,-40.003,-110.0,0.0,-90.239,0.003,-0.02,-40.003,-97.999,0.0,-90.239,0.003,-0.02,0.0,-2111.403976843695,0.0,0.0,0.0,0.0,0.0,-8.0,0.0,0.0,0.0,0.0,0.0137698,-0.0068849,-0.0275396,4.7987753,-0.0137698,-1.1773179,0.01231013430998,0.004438583638528,-0.006137728937652,-0.0029491758242370003,-0.000258699633705,0.00258699633705,20.001000000000005,1.6484809998473793,0.1309059998675366,0.05890699958399637,0.0
pd,23:52:56.706,154,-40.003,-89.999,0.0,-90.239,0.003,-0.02,0.0,0.0,0.0,0.0,0.0,0.0,-40.003,-110.0,0.0,-90.239,0.003,-0.02,-40.003,-97.999,0.0,-90.239,0.003,-0.02,0.0,-2102.4080200501253,0.0,0.0,0.0,0.0,0.0,-8.0,0.0,0.0,0.0,0.0,0.0137698,-0.0068849,-0.0275396,4.7987753,-0.0137698,-1.1773179,0.01231013430998,0.004438583638528,-0.006137728937652,-0.0029491758242370003,-0.000258699633705,0.00258699633705,20.001000000000005,1.6422949997831893,0.12518300036390428,0.054165999699762324,0.0
pd,23:52:56.708,155,-40.003,-89.999,0.0,-90.239,0.003,-0.02,0.0,0.0,0.0,0.0,0.0,0.0,-40.003,-110.0,0.0,-90.239,0.003,-0.02,-40.003,-97.999,0.0,-90.239,0.003,-0.02,0.0,-2123.6982278481014,0.0,0.0,0.0,0.0,0.0,-8.0,0.0,0.0,0.0,0.0,0.0137698,-0.0068849,-0.0275396,4.7987753,-0.0137698,-1.1773179,0.01231013430998,0.004438583638528,-0.006137728937652,-0.0029491758242370003,-0.000258699633705,0.00258699633705,20.001000000000005,1.6520730000593176,0.16094199963845313,0.08031400011532241,0.0
pd,23:52:56.710,156,-40.003,-89.999,0.0,-90.239,0.003,-0.02,0.0,0.0,0.0,0.0,0.0,0.0,-40.003,-110.0,0.0,-90.239,0.003,-0.02,-40.003,-97.999,0.0,-90.239,0.003,-0.02,0.0,-2031.1399515738499,0.0,0.0,0.0,0.0,0.0,-8.0,0.0,0.0,0.0,0.0,0.0137698,-0.0068849,-0.0275396,4.7987753,-0.0137698,-1.1773179,0.01231013430998,0.004438583638528,-0.006137728937652,-0.0029491758242370003,-0.000258699633705,0.00258699633705,20.001000000000005,1.687832000243361,0.14229400039766915,0.06420299996534595,0.0
pd,23:52:56.712,157,-40.003,-89.999,0.0,-90.239,0.003,-0.02,0.0,0.0,0.0,0.0,0.0,0.0,-40.003,-110.0,0.0,-90.239,0.003,-0.02,-40.003,-97.999,0.0,-90.239,0.003,-0.02,0.0,-2024.2779922779923,0.0,0.0,0.0,0.0,0.0,-8.0,0.0,0.0,0.0,0.0,0.0137698,-0.0068849,-0.0275396,4.7987753,-0.0137698,-1.1773179,0.01231013430998,0.004438583638528,-0.006137728937652,-0.0029491758242370003,-0.000258699633705,0.00258699633705,20.001000000000005,1.6661839999869699,0.13759100011156988,0.061980999817023985,0.0
pd,23:52:56.714,158,-40.003,-89.999,0.0,-90.239,0.003,-0.02,0.0,0.0,0.0,0.0,0.0,0.0,-40.003,-110.0,0.0,-90.239,0.003,-0.02,-40.003,-97.999,0.0,-90.239,0.003,-0.02,0.0,-2068.707274969174,0.0,0.0,0.0,0.0,0.0,-8.0,0.0,0.0,0.0,0.0,0.0137698,-0.0068849,-0.0275396,4.7987753,-0.0137698,-1.1773179,0.01231013430998,0.004438583638528,-0.006137728937652,-0.0029491758242370003,-0.000258699633705,0.00258699633705,20.001000000000005,1.6306289999192813,0.3749219999917841,0.0930539999899338,0.0
pd,23:52:56.716,159,-40.003,-89.999,0.0,-90.239,0.003,-0.02,0.0,0.0,0.0,0.0,0.0,0.0,-40.003,-110.0,0.0,-90.239,0.003,-0.02,-40.003,-97.999,0.0,-90.239,0.003,-0.02,0.0,-1837.3908662797064,0.0,0.0,0.0,0.0,0.0,-8.0,0.0,0.0,0.0,0.0,0.0137698,-0.0068849,-0.0275396,4.7987753,-0.0137698,-1.1773179,0.01231013430998,0.004438583638528,-0.006137728937652,-0.0029491758242370003,-0.000258699633705,0.00258699633705,20.001000000000005,1.7281099999308935,0.17064699977709097,0.07403600011457456,0.0
pd,23:52:56.718,160,-40.003,-89.999,0.0,-90.239,0.003,-0.02,0.0,0.0,0.0,0.0,0.0,0.0,-40.003,-110.0,0.0,-90.239,0.003,-0.02,-40.003,-97.999,0.0,-90.239,0.003,-0.02,0.0,-1955.614407273575,0.0,0.0,0.0,0.0,0.0,-8.0,0.0,0.0,0.0,0.0,0.0137698,-0.0068849,-0.0275396,4.7987753,-0.0137698,-1.1773179,0.01231013430998,0.004438583638528,-0.006137728937652,-0.0029491758242370003,-0.000258699633705,0.00258699633705,20.001000000000005,1.6470540003865608,0.16607199995632982,0.0972390002971224,0.0
pd,23:52:56.720,161,-40.003,-89.999,0.0,-90.239,0.003,-0.02,0.0,0.0,0.0,0.0,0.0,0.0,-40.003,-110.0,0.0,-90.239,0.003,-0.02,-40.003,-97.999,0.0,-90.239,0.003,-0.02,0.0,-1815.1266904684626,0.0,0.0,0.0,0.0,0.0,-8.0,0.0,0.0,0.0,0.0,0.0137698,-0.0068849,-0.0275396,4.7987753,-0.0137698,-1.1773179,0.01231013430998,0.004438583638528,-0.006137728937652,-0.0029491758242370003,-0.000258699633705,0.00258699633705,20.001000000000005,1.807052999993175,0.1919060000545869,0.08074000015767524,0.0
pd,23:52:56.722,162,-40.003,-89.999,0.0,-90.239,0.003,-0.02,0.0,0.0,0.0,0.0,0.0,0.0,-40.003,-110.0,0.0,-90.239,0.003,-0.02,-40.003,-97.999,0.0,-90.239,0.003,-0.02,0.0,-1852.4032240256156,0.0,0.0,0.0,0.0,0.0,-8.0,0.0,0.0,0.0,0.0,0.0137698,-0.0068849,-0.0275396,4.7987753,-0.0137698,-1.1773179,0.01231013430998,0.004438583638528,-0.006137728937652,-0.0029491758242370003,-0.000258699633705,0.00258699633705,20.001000000000005,1.6424619998360868,0.13899799978389638,0.06220300019776914,0.0
pd,23:52:56.724,163,-40.003,-89.999,0.0,-90.239,0.003,-0.02,0.0,0.0,0.0,0.0,0.0,0.0,-40.003,-110.0,0.0,-90.239,0.003,-0.02,-40.003,-97.999,0.0,-90.239,0.003,-0.02,0.0,-2096.6278430392404,0.0,0.0,0.0,0.0,0.0,-8.0,0.0,0.0,0.0,0.0,0.0137698,-0.0068849,-0.0275396,4.7987753,-0.0137698,-1.1773179,0.01231013430998,0.004438583638528,-0.006137728937652,-0.0029491758242370003,-0.000258699633705,0.00258699633705,20.001000000000005,1.7215899997609085,0.13829499994244543,0.06044299971108558,0.0
pd,23:52:56.726,164,-40.003,-89.999,0.0,-90.239,0.003,-0.02,0.0,0.0,0.0,0.0,0.0,0.0,-40.003,-110.0,0.0,-90.239,0.003,-0.02,-40.003,-97.999,0.0,-90.239,0.003,-0.02,0.0,-2015.2812012012012,0.0,0.0,0.0,0.0,0.0,-8.0,0.0,0.0,0.0,0.0,0.0137698,-0.0068849,-0.0275396,4.7987753,-0.0137698,-1.1773179,0.01231013430998,0.004438583638528,-0.006137728937652,-0.0029491758242370003,-0.000258699633705,0.00258699633705,20.001000000000005,1.6151470003933355,0.12994300004720571,0.05679499963662238,0.0
pd,23:52:56.728,165,-40.003,-89.999,0.0,-90.239,0.003,-0.02,0.0,0.0,0.0,0.0,0.0,0.0,-40.003,-110.0,0.0,-90.239,0.003,-0.02,-40.003,-97.999,0.0,-90.239,0.003,-0.02,0.0,-2144.3271983640084,0.0,0.0,0.0,0.0,0.0,-8.0,0.0,0.0,0.0,0.0,0.0137698,-0.0068849,-0.0275396,4.7987753,-0.0137698,-1.1773179,0.01231013430998,0.004438583638528,-0.006137728937652,-0.0029491758242370003,-0.000258699633705,0.00258699633705,20.001000000000005,1.64899899982629,0.1436279999325052,0.0762959998610313,0.0
pd,23:52:56.730,166,-40.003,-89.999,0.0,-90.239,0.003,-0.02,0.0,0.0,0.0,0.0,0.0,0.0,-40.003,-110.0,0.0,-90.239,0.003,-0.02,-40.003,-97.999,0.0,-90.239,0.003,-0.02,0.0,-2060.5767624662244,0.0,0.0,0.0,0.0,0.0,-8.0,0.0,0.0,0.0,0.0,0.0137698,-0.0068849,-0.0275396,4.7987753,-0.0137698,-1.1773179,0.01231013430998,0.004438583638528,-0.006137728937652,-0.0029491758242370003,-0.000258699633705,0.00258699633705,20.001000000000005,1.6539990001547267,0.14892399985910743,0.06044300016583293,0.0
pd,23:52:56.732,167,-40.003,-89.999,0.0,-90.239,0.003,-0.02,0.0,0.0,0.0,0.0,0.0,0.0,-40.003,-110.0,0.0,-90.239,0.003,-0.02,-40.003,-97.999,0.0,-90.239,0.003,-0.02,0.0,-2073.821508034611,0.0,0.0,0.0,0.0,0.0,-8.0,0.0,0.0,0.0,0.0,0.0137698,-0.0068849,-0.0275396,4.7987753,-0.0137698,-1.1773179,0.01231013430998,0.004438583638528,-0.006137728937652,-0.0029491758242370003,-0.000258699633705,0.00258699633705,20.001000000000005,1.6482030000588566,0.1442210000277555,0.06524000036733923,0.0
pd,23:52:56.734,168,-40.003,-89.999,0.0,-90.239,0.003,-0.02,0.0,0.0,0.0,0.0,0.0,0.0,-40.003,-110.0,0.0,-90.239,0.003,-0.02,-40.003,-97.999,0.0,-90.239,0.003,-0.02,0.0,-2078.1885296667906,0.0,0.0,0.0,0.0,0.0,-8.0,0.0,0.0,0.0,0.0,0.0137698,-0.0068849,-0.0275396,4.7987753,-0.0137698,-1.1773179,0.01231013430998,0.004438583638528,-0.006137728937652,-0.0029491758242370003,-0.000258699633705,0.00258699633705,20.001000000000005,1.617092000287812,0.13660900003742427,0.0634990001344704,0.0
pd,23:52:56.736,169,-40.003,-89.999,0.0,-90.239,0.003,-0.02,0.0,0.0,0.0,0.0,0.0,0.0,-40.003,-110.0,0.0,-90.239,0.003,-0.02,-40.003,-97.999,0.0,-90.239,0.003,-0.02,0.0,-2126.9290060851927,0.0,0.0,0.0,0.0,0.0,-8.0,0.0,0.0,0.0,0.0,0.0137698,-0.0068849,-0.0275396,4.7987753,-0.0137698,-1.1773179,0.01231013430998,0.004438583638528,-0.006137728937652,-0.0029491758242370003,-0.000258699633705,0.00258699633705,20.001000000000005,1.653887999964354,0.1451829998586618,0.06570300001840224,0.0
pd,23:52:56.738,170,-40.003,-89.999,0.0,-90.239,0.003,-0.02,0.0,0.0,0.0,0.0,0.0,0.0,-40.003,-110.0,0.0,-90.239,0.003,-0.02,-40.003,-97.999,0.0,-90.239,0.003,-0.02,0.0,-2070.7499382868427,0.0,0.0,0.0,0.0,0.0,-8.0,0.0,0.0,0.0,0.0,0.0137698,-0.0068849,-0.0275396,4.7987753,-0.0137698,-1.1773179,0.01231013430998,0.004438583638528,-0.006137728937652,-0.0029491758242370003,-0.000258699633705,0.00258699633705,20.001000000000005,1.6276660003313737,0.13894299991079606,0.0592400001551141,0.0
pd,23:52:56.740,171,-40.003,-89.999,0.0,-90.239,0.003,-0.02,0.0,0.0,0.0,0.0,0.0,0.0,-40.003,-110.0,0.0,-90.239,0.003,-0.02,-40.003,-97.999,0.0,-90.239,0.003,-0.02,0.0,-1947.4423679628555,0.0,0.0,0.0,0.0,0.0,-8.0,0.0,0.0,0.0,0.0,0.0137698,-0.0068849,-0.0275396,4.7987753,-0.0137698,-1.1773179,0.01231013430998,0.004438583638528,-0.006137728937652,-0.0029491758242370003,-0.000258699633705,0.00258699633705,20.001000000000005,1.9430320003266388,0.2074229996651411,0.09681400024419418,0.0
pd,23:52:56.742,172,-40.003,-89.999,0.0,-90.239,0.003,-0.02,0.0,0.0,0.0,0.0,0.0,0.0,-40.003,-110.0,0.0,-90.239,0.003,-0.02,-40.003,-97.999,0.0,-90.239,0.003,-0.02,0.0,-1713.7094994892748,0.0,0.0,0.0,0.0,0.0,-8.0,0.0,0.0,0.0,0.0,0.0137698,-0.0068849,-0.0275396,4.7987753,-0.0137698,-1.1773179,0.01231013430998,0.004438583638528,-0.006137728937652,-0.0029491758242370003,-0.000258699633705,0.00258699633705,20.001000000000005,1.6625729999759642,0.14822100001765648,0.06166599996504374,0.0
pd,23:52:56.744,173,-40.003,-89.999,0.0,-90.239,0.003,-0.02,0.0,0.0,0.0,0.0,0.0,0.0,-40.003,-110.0,0.0,-90.239,0.003,-0.02,-40.003,-97.999,0.0,-90.239,0.003,-0.02,0.0,-2062.6033931644947,0.0,0.0,0.0,0.0,0.0,-8.0,0.0,0.0,0.0,0.0,0.0137698,-0.0068849,-0.0275396,4.7987753,-0.0137698,-1.1773179,0.01231013430998,0.004438583638528,-0.006137728937652,-0.0029491758242370003,-0.000258699633705,0.00258699633705,20.001000000000005,1.7322009998679277,0.16762799987191102,0.07772099979774794,0.0
pd,23:52:56.746,174,-40.003,-89.999,0.0,-90.239,0.003,-0.02,0.0,0.0,0.0,0.0,0.0,0.0,-40.003,-110.0,0.0,-90.239,0.003,-0.02,-40.003,-97.999,0.0,-90.239,0.003,-0.02,0.0,-1940.4598658339116,0.0,0.0,0.0,0.0,0.0,-8.0,0.0,0.0,0.0,0.0,0.0137698,-0.0068849,-0.0275396,4.7987753,-0.0137698,-1.1773179,0.01231013430998,0.004438583638528,-0.006137728937652,-0.0029491758242370003,-0.000258699633705,0.00258699633705,20.001000000000005,1.7150910002783348,0.15005300019765855,0.0654440000289469,0.0
pd,23:52:56.748,175,-40.003,-89.999,0.0,-90.239,0.003,-0.02,0.0,0.0,0.0,0.0,0.0,0.0,-40.003,-110.0,0.0,-90.239,0.003,-0.02,-40.003,-97.999,0.0,-90.239,0.003,-0.02,0.0,-2000.8605843768635,0.0,0.0,0.0,0.0,0.0,-8.0,0.0,0.0,0.0,0.0,0.0137698,-0.0068849,-0.0275396,4.7987753,-0.0137698,-1.1773179,0.01231013430998,0.004438583638528,-0.006137728937652,-0.0029491758242370003,-0.000258699633705,0.00258699633705,20.001000000000005,1.687035999566433,0.1503680000496388,0.06838800027253455,0.0
pd,23:52:56.750,176,-40.003,-89.999,0.0,-90.239,0.003,-0.02,0.0,0.0,0.0,0.0,0.0,0.0,-40.003,-110.0,0.0,-90.239,0.003,-0.02,-40.003,-97.999,0.0,-90.239,0.003,-0.02,0.0,-2025.2554321583775,0.0,0.0,0.0,0.0,0.0,-8.0,0.0,0.0,0.0,0.0,0.0137698,-0.0068849,-0.0275396,4.7987753,-0.0137698,-1.1773179,0.01231013430998,0.004438583638528,-0.006137728937652,-0.0029491758242370003,-0.000258699633705,0.00258699633705,20.001000000000005,1.6539250000278116,0.14986899986979552,0.06479600006059627,0.0
pd,23:52:56.752,177,-40.003,-89.999,0.0,-90.239,0.003,-0.02,0.0,0.0,0.0,0.0,0.0,0.0,-40.003,-110.0,0.0,-90.239,0.003,-0.02,-40.003,-97.999,0.0,-90.239,0.003,-0.02,0.0,-2064.379968007875,0.0,0.0,0.0,0.0,0.0,-8.0,0.0,0.0,0.0,0.0,0.0137698,-0.0068849,-0.0275396,4.7987753,-0.0137698,-1.1773179,0.01231013430998,0.004438583638528,-0.006137728937652,-0.0029491758242370003,-0.000258699633705,0.00258699633705,20.001000000000005,1.6774059999988822,0.1425169998583442,0.10414700000183075,0.0
pd,23:52:56.754,178,-40.003,-89.999,0.0,-90.239,0.003,-0.02,0.0,0.0,0.0,0.0,0.0,0.0,-40.003,-110.0,0.0,-90.239,0.003,-0.02,-40.003,-97.999,0.0,-90.239,0.003,-0.02,0.0,-2011.1742987293214,0.0,0.0,0.0,0.0,0.0,-8.0,0.0,0.0,0.0,0.0,0.0137698,-0.0068849,-0.0275396,4.7987753,-0.0137698,-1.1773179,0.01231013430998,0.004438583638528,-0.006137728937652,-0.0029491758242370003,-0.000258699633705,0.00258699633705,20.001000000000005,1.6214430002037261,0.1276459997825441,0.05499899998540059,0.0
pd,23:52:56.756,179,-40.003,-89.999,0.0,-90.239,0.003,-0.02,0.0,0.0,0.0,0.0,0.0,0.0,-40.003,-110.0,0.0,-90.239,0.003,-0.02,-40.003,-97.999,0.0,-90.239,0.003,-0.02,0.0,-2146.5220061412488,0.0,0.0,0.0,0.0,0.0,-8.0,0.0,0.0,0.0,0.0,0.0137698,-0.0068849,-0.0275396,4.7987753,-0.0137698,-1.1773179,0.01231013430998,0.004438583638528,-0.006137728937652,-0.0029491758242370003,-0.000258699633705,0.00258699633705,20.001000000000005,1.6923130001487152,0.15194300021903473,0.06770299978597905,0.0
pd,23:52:56.758,180,-40.003,-89.999,0.0,-90.239,0.003,-0.02,0.0,0.0,0.0,0.0,0.0,0.0,-40.003,-110.0,0.0,-90.239,0.003,-0.02,-40.003,-97.999,0.0,-90.239,0.003,-0.02,0.0,-2019.8911630146881,0.0,0.0,0.0,0.0,0.0,-8.0,0.0,0.0,0.0,0.0,0.0137698,-0.0068849,-0.0275396,4.7987753,-0.0137698,-1.1773179,0.01231013430998,0.004438583638528,-0.006137728937652,-0.0029491758242370003,-0.000258699633705,0.00258699633705,20.001000000000005,1.631481000003987,0.1360910000585136,0.05955500000709435,0.0
pd,23:52:56.760,181,-40.003,-89.999,0.0,-90.239,0.003,-0.02,0.0,0.0,0.0,0.0,0.0,0.0,-40.003,-110.0,0.0,-90.239,0.003,-0.02,-40.003,-97.999,0.0,-90.239,0.003,-0.02,0.0,-1938.4420566146737,0.0,0.0,0.0,0.0,0.0,-8.0,0.0,0.0,0.0,0.0,0.0137698,-0.0068849,-0.0275396,4.7987753,-0.0137698,-1.1773179,0.01231013430998,0.004438583638528,-0.006137728937652,-0.0029491758242370003,-0.000258699633705,0.00258699633705,20.001000000000005,1.7168310000670317,0.18629400028657983,0.08029499986150768,0.0
pd,23:52:56.762,182,-40.003,-89.999,0.0,-90.239,0.003,-0.02,0.0,0.0,0.0,0.0,0.0,0.0,-40.003,-110.0,0.0,-90.239,0.003,-0.02,-40.003,-97.999,0.0,-90.239,0.003,-0.02,0.0,-1939.562543352601,0.0,0.0,0.0,0.0,0.0,-8.0,0.0,0.0,0.0,0.0,0.0137698,-0.0068849,-0.0275396,4.7987753,-0.0137698,-1.1773179,0.01231013430998,0.004438583638528,-0.006137728937652,-0.0029491758242370003,-0.000258699633705,0.00258699633705,20.001000000000005,1.649924000048486,0.1811650004128751,0.05990599993310752,0.0
pd,23:52:56.764,183,-40.003,-89.999,0.0,-90.239,0.003,-0.02,0.0,0.0,0.0,0.0,0.0,0.0,-40.003,-110.0,0.0,-90.239,0.003,-0.02,-40.003,-97.999,0.0,-90.239,0.003,-0.02,0.0,-2045.0043881033641,0.0,0.0,0.0,0.0,0.0,-8.0,0.0,0.0,0.0,0.0,0.0137698,-0.0068849,-0.0275396,4.7987753,-0.0137698,-1.1773179,0.01231013430998,0.004438583638528,-0.006137728937652,-0.0029491758242370003,-0.000258699633705,0.00258699633705,20.001000000000005,1.6575729996475275,0.13862800005881581,0.06005399973219028,0.0
pd,23:52:56.766,184,-40.003,-89.999,0.0,-90.239,0.003,-0.02,0.0,0.0,0.0,0.0,0.0,0.0,-40.003,-110.0,0.0,-90.239,0.003,-0.02,-40.003,-97.999,0.0,-90.239,0.003,-0.02,0.0,-1870.7867975022302,0.0,0.0,0.0,0.0,0.0,-8.0,0.0,0.0,0.0,0.0,0.0137698,-0.0068849,-0.0275396,4.7987753,-0.0137698,-1.1773179,0.01231013430998,0.004438583638528,-0.006137728937652,-0.0029491758242370003,-0.000258699633705,0.00258699633705,20.001000000000005,1.6818499998407788,0.1784239998414705,0.07387000005110167,0.0
pd,23:52:56.768,185,-40.003,-89.999,0.0,-90.239,0.003,-0.02,0.0,0.0,0.0,0.0,0.0,0.0,-40.003,-110.0,0.0,-90.239,0.003,-0.02,-40.003,-97.999,0.0,-90.239,0.003,-0.02,0.0,-1991.3609495548963,0.0,0.0,0.0,0.0,0.0,-8.0,0.0,0.0,0.0,0.0,0.0137698,-0.0068849,-0.0275396,4.7987753,-0.0137698,-1.1773179,0.01231013430998,0.004438583638528,-0.006137728937652,-0.0029491758242370003,-0.000258699633705,0.00258699633705,20.001000000000005,1.8326630001865851,0.18862800015995163,0.0874620000104187,0.0
pd,23:52:56.770,186,-40.003,-89.999,0.0,-90.239,0.003,-0.02,0.0,0.0,0.0,0.0,0.0,0.0,-40.003,-110.0,0.0,-90.239,0.003,-0.02,-40.003,-97.999,0.0,-90.239,0.003,-0.02,0.0,-1824.2052843318475,0.0,0.0,0.0,0.0,0.0,-8.0,0.0,0.0,0.0,0.0,0.0137698,-0.0068849,-0.0275396,4.7987753,-0.0137698,-1.1773179,0.01231013430998,0.004438583638528,-0.006137728937652,-0.0029491758242370003,-0.000258699633705,0.00258699633705,20.001000000000005,1.756738000040059,0.16964699989330256,0.07988700008354499,0.0
pd,23:52:56.772,187,-40.003,-89.999,0.0,-90.239,0.003,-0.02,0.0,0.0,0.0,0.0,0.0,0.0,-40.003,-110.0,0.0,-90.239,0.003,-0.02,-40.003,-97.999,0.0,-90.239,0.003,-0.02,0.0,-1920.6887235260447,0.0,0.0,0.0,0.0,0.0,-8.0,0.0,0.0,0.0,0.0,0.0137698,-0.0068849,-0.0275396,4.7987753,-0.0137698,-1.1773179,0.01231013430998,0.004438583638528,-0.006137728937652,-0.0029491758242370003,-0.000258699633705,0.00258699633705,20.001000000000005,1.7212390002896427,0.15162800036705448,0.06542600021930411,0.0
pd,23:52:56.774,188,-40.003,-89.999,0.0,-90.239,0.003,-0.02,0.0,0.0,0.0,0.0,0.0,0.0,-40.003,-110.0,0.0,-90.239,0.003,-0.02,-40.003,-97.999,0.0,-90.239,0.003,-0.02,0.0,-1992.3068519178246,0.0,0.0,0.0,0.0,0.0,-8.0,0.0,0.0,0.0,0.0,0.0137698,-0.0068849,-0.0275396,4.7987753,-0.0137698,-1.1773179,0.01231013430998,0.004438583638528,-0.006137728937652,-0.0029491758242370003,-0.000258699633705,0.00258699633705,20.001000000000005,1.624313999855076,0.12733199991998845,0.056277000112459064,0.0
pd,23:52:56.776,189,-40.003,-89.999,0.0,-90.239,0.003,-0.02,0.0,0.0,0.0,0.0,0.0,0.0,-40.003,-110.0,0.0,-90.239,0.003,-0.02,-40.003,-97.999,0.0,-90.239,0.003,-0.02,0.0,-2139.6781022828723,0.0,0.0,0.0,0.0,0.0,-8.0,0.0,0.0,0.0,0.0,0.0137698,-0.0068849,-0.0275396,4.7987753,-0.0137698,-1.1773179,0.01231013430998,0.004438583638528,-0.006137728937652,-0.0029491758242370003,-0.000258699633705,0.00258699633705,20.001000000000005,1.649351000196475,0.1455540000279143,0.06833199995526229,0.0
pd,23:52:56.778,190,-40.003,-89.999,0.0,-90.239,0.003,-0.02,0.0,0.0,0.0,0.0,0.0,0.0,-40.003,-110.0,0.0,-90.239,0.003,-0.02,-40.003,-97.999,0.0,-90.239,0.003,-0.02,0.0,-2072.028652587378,0.0,0.0,0.0,0.0,0.0,-8.0,0.0,0.0,0.0,0.0,0.0137698,-0.0068849,-0.0275396,4.7987753,-0.0137698,-1.1773179,0.01231013430998,0.004438583638528,-0.006137728937652,-0.0029491758242370003,-0.000258699633705,0.00258699633705,20.001000000000005,1.6305919998558238,0.13955400027043652,0.060943999869778054,0.0
pd,23:52:56.780,191,-40.003,-89.999,0.0,-90.239,0.003,-0.02,0.0,0.0,0.0,0.0,0.0,0.0,-40.003,-110.0,0.0,-90.239,0.003,-0.02,-40.003,-97.999,0.0,-90.239,0.003,-0.02,0.0,-1931.9686780285583,0.0,0.0,0.0,0.0,0.0,-8.0,0.0,0.0,0.0,0.0,0.0137698,-0.0068849,-0.0275396,4.7987753,-0.0137698,-1.1773179,0.01231013430998,0.004438583638528,-0.006137728937652,-0.0029491758242370003,-0.000258699633705,0.00258699633705,20.001000000000005,1.719053999750031,0.18194299991591834,0.07947999984025955,0.0
pd,23:52:56.782,192,-40.003,-89.999,0.0,-90.239,0.003,-0.02,0.0,0.0,0.0,0.0,0.0,0.0,-40.003,-110.0,0.0,-90.239,0.003,-0.02,-40.003,-97.999,0.0,-90.239,0.003,-0.02,0.0,-1941.3580189770887,0.0,0.0,0.0,0.0,0.0,-8.0,0.0,0.0,0.0,0.0,0.0137698,-0.0068849,-0.0275396,4.7987753,-0.0137698,-1.1773179,0.01231013430998,0.004438583638528,-0.006137728937652,-0.0029491758242370003,-0.000258699633705,0.00258699633705,20.001000000000005,1.6463690003547526,0.1409799997418304,0.061610000102518825,0.0
pd,23:52:56.784,193,-40.003,-89.999,0.0,-90.239,0.003,-0.02,0.0,0.0,0.0,0.0,0.0,0.0,-40.003,-110.0,0.0,-90.239,0.003,-0.02,-40.003,-97.999,0.0,-90.239,0.003,-0.02,0.0,-2089.0569044950817,0.0,0.0,0.0,0.0,0.0,-8.0,0.0,0.0,0.0,0.0,0.0137698,-0.0068849,-0.0275396,4.7987753,-0.0137698,-1.1773179,0.01231013430998,0.004438583638528,-0.006137728937652,-0.0029491758242370003,-0.000258699633705,0.00258699633705,20.001000000000005,1.6354060003322957,0.13925800021752366,0.06431400015571853,0.0
pd,23:52:56.786,194,-40.003,-89.999,0.0,-90.239,0.003,-0.02,0.0,0.0,0.0,0.0,0.0,0.0,-40.003,-110.0,0.0,-90.239,0.003,-0.02,-40.003,-97.999,0.0,-90.239,0.003,-0.02,0.0,-2098.201100550275,0.0,0.0,0.0,0.0,0.0,-8.0,0.0,0.0,0.0,0.0,0.0137698,-0.0068849,-0.0275396,4.7987753,-0.0137698,-1.1773179,0.01231013430998,0.004438583638528,-0.006137728937652,-0.0029491758242370003,-0.000258699633705,0.00258699633705,20.001000000000005,1.6072769999482261,0.12727600005746353,0.05533300009119557,0.0
pd,23:52:56.788,195,-40.003,-89.999,0.0,-90.239,0.003,-0.02,0.0,0.0,0.0,0.0,0.0,0.0,-40.003,-110.0,0.0,-90.239,0.003,-0.02,-40.003,-97.999,0.0,-90.239,0.003,-0.02,0.0,-2162.0123711340207,0.0,0.0,0.0,0.0,0.0,-8.0,0.0,0.0,0.0,0.0,0.0137698,-0.0068849,-0.0275396,4.7987753,-0.0137698,-1.1773179,0.01231013430998,0.004438583638528,-0.006137728937652,-0.0029491758242370003,-0.000258699633705,0.00258699633705,20.001000000000005,1.7343499998787593,0.1561650001349335,0.07137000011425698,0.0
pd,23:52:56.790,196,-40.003,-89.999,0.0,-90.239,0.003,-0.02,0.0,0.0,0.0,0.0,0.0,0.0,-40.003,-110.0,0.0,-90.239,0.003,-0.02,-40.003,-97.999,0.0,-90.239,0.003,-0.02,0.0,-1964.77526642464,0.0,0.0,0.0,0.0,0.0,-8.0,0.0,0.0,0.0,0.0,0.0137698,-0.0068849,-0.0275396,4.7987753,-0.0137698,-1.1773179,0.01231013430998,0.004438583638528,-0.006137728937652,-0.0029491758242370003,-0.000258699633705,0.00258699633705,20.001000000000005,1.8690340002649464,0.19483099958961247,0.09651799973653397,0.0
pd,23:52:56.792,197,-40.003,-89.999,0.0,-90.239,0.003,-0.02,0.0,0.0,0.0,0.0,0.0,0.0,-40.003,-110.0,0.0,-90.239,0.003,-0.02,-40.003,-97.999,0.0,-90.239,0.003,-0.02,0.0,-1781.0208067940553,0.0,0.0,0.0,0.0,0.0,-8.0,0.0,0.0,0.0,0.0,0.0137698,-0.0068849,-0.0275396,4.7987753,-0.0137698,-1.1773179,0.01231013430998,0.004438583638528,-0.006137728937652,-0.0029491758242370003,-0.000258699633705,0.00258699633705,20.001000000000005,1.7171829999824695,0.17614700027479557,0.07998099999895203,0.0
pd,23:52:56.794,198,-40.003,-89.999,0.0,-90.239,0.003,-0.02,0.0,0.0,0.0,0.0,0.0,0.0,-40.003,-110.0,0.0,-90.239,0.003,-0.02,-40.003,-97.999,0.0,-90.239,0.003,-0.02,0.0,-1950.839069767442,0.0,0.0,0.0,0.0,0.0,-8.0,0.0,0.0,0.0,0.0,0.0137698,-0.0068849,-0.0275396,4.7987753,-0.0137698,-1.1773179,0.01231013430998,0.004438583638528,-0.006137728937652,-0.0029491758242370003,-0.000258699633705,0.00258699633705,20.001000000000005,1.6461469999740075,0.16014599987101974,0.0711840002622921,0.0
pd,23:52:56.796,199,-40.003,-89.999,0.0,-90.239,0.003,-0.02,0.0,0.0,0.0,0.0,0.0,0.0,-40.003,-110.0,0.0,-90.239,0.003,-0.02,-40.003,-97.999,0.0,-90.239,0.003,-0.02,0.0,-2050.5030554876557,0.0,0.0,0.0,0.0,0.0,-8.0,0.0,0.0,0.0,0.0,0.0137698,-0.0068849,-0.0275396,4.7987753,-0.0137698,-1.1773179,0.01231013430998,0.004438583638528,-0.006137728937652,-0.0029491758242370003,-0.000258699633705,0.00258699633705,20.001000000000005,1.832366999678925,0.16388699987146538,0.07338799969147658,0.0
pd,23:52:56.798,200,-40.003,-89.999,0.0,-90.239,0.003,-0.02,0.0,0.0,0.0,0.0,0.0,0.0,-40.003,-110.0,0.0,-90.239,0.003,-0.02,-40.003,-97.999,0.0,-90.239,0.003,-0.02,0.0,-1866.8316457104706,0.0,0.0,0.0,0.0,0.0,-8.0,0.0,0.0,0.0,0.0,0.0137698,-0.0068849,-0.0275396,4.7987753,-0.0137698,-1.1773179,0.01231013430998,0.004438583638528,-0.006137728937652,-0.0029491758242370003,-0.000258699633705,0.00258699633705,20.001000000000005,1.636147999761306,0.13964700019641896,0.06146300029286067,0.0
pd,23:52:56.801,201,-40.003,-89.999,0.0,-90.239,0.003,-0.02,0.0,0.0,0.0,0.0,0.0,0.0,-40.003,-110.0,0.0,-90.239,0.003,-0.02,-40.003,-97.999,0.0,-90.239,0.003,-0.02,0.0,-1918.9312592931487,0.0,0.0,0.0,0.0,0.0,-8.0,0.0,0.0,0.0,0.0,0.0137698,-0.0068849,-0.0275396,4.7987753,-0.0137698,-1.1773179,0.01231013430998,0.004438583638528,-0.006137728937652,-0.0029491758242370003,-0.000258699633705,0.00258699633705,20.001000000000005,1.7637760001889546,0.18999800022356794,0.07090600001902203,0.0
pd,23:52:56.803,202,-40.003,-89.999,0.0,-90.239,0.003,-0.02,0.0,0.0,0.0,0.0,0.0,0.0,-40.003,-110.0,0.0,-90.239,0.003,-0.02,-40.003,-97.999,0.0,-90.239,0.003,-0.02,0.0,-1892.5229554427524,0.0,0.0,0.0,0.0,0.0,-8.0,0.0,0.0,0.0,0.0,0.0137698,-0.0068849,-0.0275396,4.7987753,-0.0137698,-1.1773179,0.01231013430998,0.004438583638528,-0.006137728937652,-0.0029491758242370003,-0.000258699633705,0.00258699633705,20.001000000000005,1.6665910002302553,0.14327600001706742,0.059684999996534316,0.0
pd,23:52:56.805,203,-40.003,-89.999,0.0,-90.239,0.003,-0.02,0.0,0.0,0.0,0.0,0.0,0.0,-40.003,-110.0,0.0,-90.239,0.003,-0.02,-40.003,-97.999,0.0,-90.239,0.003,-0.02,0.0,-2035.3288851146426,0.0,0.0,0.0,0.0,0.0,-8.0,0.0,0.0,0.0,0.0,0.0137698,-0.0068849,-0.0275396,4.7987753,-0.0137698,-1.1773179,0.01231013430998,0.004438583638528,-0.006137728937652,-0.0029491758242370003,-0.000258699633705,0.00258699633705,20.001000000000005,1.620462000119005,0.13584999987870106,0.0545179996152001,0.0
pd,23:52:56.806,204,-40.003,-89.999,0.0,-90.239,0.003,-0.02,0.0,0.0,0.0,0.0,0.0,0.0,-40.003,-110.0,0.0,-90.239,0.003,-0.02,-40.003,-97.999,0.0,-90.239,0.003,-0.02,0.0,-2135.8645448758753,0.0,0.0,0.0,0.0,0.0,-8.0,0.0,0.0,0.0,0.0,0.0137698,-0.0068849,-0.0275396,4.7987753,-0.0137698,-1.1773179,0.01231013430998,0.004438583638528,-0.006137728937652,-0.0029491758242370003,-0.000258699633705,0.00258699633705,20.001000000000005,1.6566839999541116,0.22003399999448447,0.10129500014954829,0.0
pd,23:52:56.809,205,-40.003,-89.999,0.0,-90.239,0.003,-0.02,0.0,0.0,0.0,0.0,0.0,0.0,-40.003,-110.0,0.0,-90.239,0.003,-0.02,-40.003,-97.999,0.0,-90.239,0.003,-0.02,0.0,-1931.5238314529126,0.0,0.0,0.0,0.0,0.0,-8.0,0.0,0.0,0.0,0.0,0.0137698,-0.0068849,-0.0275396,4.7987753,-0.0137698,-1.1773179,0.01231013430998,0.004438583638528,-0.006137728937652,-0.0029491758242370003,-0.000258699633705,0.00258699633705,20.001000000000005,1.7552379999870027,0.17540599992571515,0.0735919998078316,0.0
pd,23:52:56.811,206,-40.003,-89.999,0.0,-90.239,0.003,-0.02,0.0,0.0,0.0,0.0,0.0,0.0,-40.003,-110.0,0.0,-90.239,0.003,-0.02,-40.003,-97.999,0.0,-90.239,0.003,-0.02,0.0,-1923.9926605504588,0.0,0.0,0.0,0.0,0.0,-8.0,0.0,0.0,0.0,0.0,0.0137698,-0.0068849,-0.0275396,4.7987753,-0.0137698,-1.1773179,0.01231013430998,0.004438583638528,-0.006137728937652,-0.0029491758242370003,-0.000258699633705,0.00258699633705,20.001000000000005,1.641573000142671,0.15548000010312535,0.07046200016702642,0.0
pd,23:52:56.813,207,-40.003,-89.999,0.0,-90.239,0.003,-0.02,0.0,0.0,0.0,0.0,0.0,0.0,-40.003,-110.0,0.0,-90.239,0.003,-0.02,-40.003,-97.999,0.0,-90.239,0.003,-0.02,0.0,-1998.2391615054787,0.0,0.0,0.0,0.0,0.0,-8.0,0.0,0.0,0.0,0.0,0.0137698,-0.0068849,-0.0275396,4.7987753,-0.0137698,-1.1773179,0.01231013430998,0.004438583638528,-0.006137728937652,-0.0029491758242370003,-0.000258699633705,0.00258699633705,20.001000000000005,1.6917950001698046,0.15379500018752879,0.06453599962696899,0.0
pd,23:52:56.815,208,-40.003,-89.999,0.0,-90.239,0.003,-0.02,0.0,0.0,0.0,0.0,0.0,0.0,-40.003,-110.0,0.0,-90.239,0.003,-0.02,-40.003,-97.999,0.0,-90.239,0.003,-0.02,0.0,-2021.1078183351403,0.0,0.0,0.0,0.0,0.0,-8.0,0.0,0.0,0.0,0.0,0.0137698,-0.0068849,-0.0275396,4.7987753,-0.0137698,-1.1773179,0.01231013430998,0.004438583638528,-0.006137728937652,-0.0029491758242370003,-0.000258699633705,0.00258699633705,20.001000000000005,3.6940669997420628,0.23907200011308305,0.11425799993958208,0.0
pd,23:52:56.819,209,-40.003,-89.999,0.0,-90.239,0.003,-0.02,0.0,0.0,0.0,0.0,0.0,0.0,-40.003,-110.0,0.0,-90.239,0.003,-0.02,-40.003,-97.999,0.0,-90.239,0.003,-0.02,0.0,-965.2063053733748,0.0,0.0,0.0,0.0,0.0,-8.0,0.0,0.0,0.0,0.0,0.0137698,-0.0068849,-0.0275396,4.7987753,-0.0137698,-1.1773179,0.01231013430998,0.004438583638528,-0.006137728937652,-0.0029491758242370003,-0.000258699633705,0.00258699633705,20.001000000000005,1.6757580001467431,0.28062599994882476,0.1153129996964708,0.0
pd,23:52:56.821,210,-40.003,-89.999,0.0,-90.239,0.003,-0.02,0.0,0.0,0.0,0.0,0.0,0.0,-40.003,-110.0,0.0,-90.239,0.003,-0.02,-40.003,-97.999,0.0,-90.239,0.003,-0.02,0.0,-1842.8400702987697,0.0,0.0,0.0,0.0,0.0,-8.0,0.0,0.0,0.0,0.0,0.0137698,-0.0068849,-0.0275396,4.7987753,-0.0137698,-1.1773179,0.01231013430998,0.004438583638528,-0.006137728937652,-0.0029491758242370003,-0.000258699633705,0.00258699633705,20.001000000000005,1.8211820001852175,0.1996089999920514,0.08614700027465005,0.0
pd,23:52:56.823,211,-40.003,-89.999,0.0,-90.239,0.003,-0.02,0.0,0.0,0.0,0.0,0.0,0.0,-40.003,-110.0,0.0,-90.239,0.003,-0.02,-40.003,-97.999,0.0,-90.239,0.003,-0.02,0.0,-1678.8968277794456,0.0,0.0,0.0,0.0,0.0,-8.0,0.0,0.0,0.0,0.0,0.0137698,-0.0068849,-0.0275396,4.7987753,-0.0137698,-1.1773179,0.01231013430998,0.004438583638528,-0.006137728937652,-0.0029491758242370003,-0.000258699633705,0.00258699633705,20.001000000000005,1.7539240002406586,0.18942400038213236,0.07501799973397283,0.0
pd,23:52:56.825,212,-40.003,-89.999,0.0,-90.239,0.003,-0.02,0.0,0.0,0.0,0.0,0.0,0.0,-40.003,-110.0,0.0,-90.239,0.003,-0.02,-40.003,-97.999,0.0,-90.239,0.003,-0.02,0.0,-1907.1519836307832,0.0,0.0,0.0,0.0,0.0,-8.0,0.0,0.0,0.0,0.0,0.0137698,-0.0068849,-0.0275396,4.7987753,-0.0137698,-1.1773179,0.01231013430998,0.004438583638528,-0.006137728937652,-0.0029491758242370003,-0.000258699633705,0.00258699633705,20.001000000000005,1.6362769997613213,0.13253599991003284,0.05609199979517143,0.0
pd,23:52:56.827,213,-40.003,-89.999,0.0,-90.239,0.003,-0.02,0.0,0.0,0.0,0.0,0.0,0.0,-40.003,-110.0,0.0,-90.239,0.003,-0.02,-40.003,-97.999,0.0,-90.239,0.003,-0.02,0.0,-2118.067920717081,0.0,0.0,0.0,0.0,0.0,-8.0,0.0,0.0,0.0,0.0,0.0137698,-0.0068849,-0.0275396,4.7987753,-0.0137698,-1.1773179,0.01231013430998,0.004438583638528,-0.006137728937652,-0.0029491758242370003,-0.000258699633705,0.00258699633705,20.001000000000005,1.7606450001039775,0.1631649997761997,0.07329600020966609,0.0
pd,23:52:56.829,214,-40.003,-89.999,0.0,-90.239,0.003,-0.02,0.0,0.0,0.0,0.0,0.0,0.0,-40.003,-110.0,0.0,-90.239,0.003,-0.02,-40.003,-97.999,0.0,-90.239,0.003,-0.02,0.0,-1932.413729555402,0.0,0.0,0.0,0.0,0.0,-8.0,0.0,0.0,0.0,0.0,0.0137698,-0.0068849,-0.0275396,4.7987753,-0.0137698,-1.1773179,0.01231013430998,0.004438583638528,-0.006137728937652,-0.0029491758242370003,-0.000258699633705,0.00258699633705,20.001000000000005,1.6501469999639085,0.16016500012483448,0.06683200035695336,0.0
pd,23:52:56.831,215,-40.003,-89.999,0.0,-90.239,0.003,-0.02,0.0,0.0,0.0,0.0,0.0,0.0,-40.003,-110.0,0.0,-90.239,0.003,-0.02,-40.003,-97.999,0.0,-90.239,0.003,-0.02,0.0,-2053.7661892520505,0.0,0.0,0.0,0.0,0.0,-8.0,0.0,0.0,0.0,0.0,0.0137698,-0.0068849,-0.0275396,4.7987753,-0.0137698,-1.1773179,0.01231013430998,0.004438583638528,-0.006137728937652,-0.0029491758242370003,-0.000258699633705,0.00258699633705,20.001000000000005,1.6725730001780903,0.14918399983798736,0.06253600031413953,0.0
pd,23:52:56.833,216,-40.003,-89.999,0.0,-90.239,0.003,-0.02,0.0,0.0,0.0,0.0,0.0,0.0,-40.003,-110.0,0.0,-90.239,0.003,-0.02,-40.003,-97.999,0.0,-90.239,0.003,-0.02,0.0,-2047.7500305138533,0.0,0.0,0.0,0.0,0.0,-8.0,0.0,0.0,0.0,0.0,0.0137698,-0.0068849,-0.0275396,4.7987753,-0.0137698,-1.1773179,0.01231013430998,0.004438583638528,-0.006137728937652,-0.0029491758242370003,-0.000258699633705,0.00258699633705,20.001000000000005,1.6225730000769545,0.13635000004796893,0.05803600015497068,0.0
pd,23:52:56.835,217,-40.003,-89.999,0.0,-90.239,0.003,-0.02,0.0,0.0,0.0,0.0,0.0,0.0,-40.003,-110.0,0.0,-90.239,0.003,-0.02,-40.003,-97.999,0.0,-90.239,0.003,-0.02,0.0,-2126.120390318084,0.0,0.0,0.0,0.0,0.0,-8.0,0.0,0.0,0.0,0.0,0.0137698,-0.0068849,-0.0275396,4.7987753,-0.0137698,-1.1773179,0.01231013430998,0.004438583638528,-0.006137728937652,-0.0029491758242370003,-0.000258699633705,0.00258699633705,20.001000000000005,1.6361289999622386,0.14236900005926145,0.06518500003949157,0.0
pd,23:52:56.837,218,-40.003,-89.999,0.0,-90.239,0.003,-0.02,0.0,0.0,0.0,0.0,0.0,0.0,-40.003,-110.0,0.0,-90.239,0.003,-0.02,-40.003,-97.999,0.0,-90.239,0.003,-0.02,0.0,-2092.7050018710243,0.0,0.0,0.0,0.0,0.0,-8.0,0.0,0.0,0.0,0.0,0.0137698,-0.0068849,-0.0275396,4.7987753,-0.0137698,-1.1773179,0.01231013430998,0.004438583638528,-0.006137728937652,-0.0029491758242370003,-0.000258699633705,0.00258699633705,20.001000000000005,1.6676089999236865,0.13907300035498338,0.05951799994363682,0.0
pd,23:52:56.839,219,-40.003,-89.999,0.0,-90.239,0.003,-0.02,0.0,0.0,0.0,0.0,0.0,0.0,-40.003,-110.0,0.0,-90.239,0.003,-0.02,-40.003,-97.999,0.0,-90.239,0.003,-0.02,0.0,-2070.238894373149,0.0,0.0,0.0,0.0,0.0,-8.0,0.0,0.0,0.0,0.0,0.0137698,-0.0068849,-0.0275396,4.7987753,-0.0137698,-1.1773179,0.01231013430998,0.004438583638528,-0.006137728937652,-0.0029491758242370003,-0.000258699633705,0.00258699633705,20.001000000000005,1.6547210002499924,0.1479429997743864,0.06385100004990818,0.0
pd,23:52:56.841,220,-40.003,-89.999,0.0,-90.239,0.003,-0.02,0.0,0.0,0.0,0.0,0.0,0.0,-40.003,-110.0,0.0,-90.239,0.003,-0.02,-40.003,-97.999,0.0,-90.239,0.003,-0.02,0.0,-2067.942314803402,0.0,0.0,0.0,0.0,0.0,-8.0,0.0,0.0,0.0,0.0,0.0137698,-0.0068849,-0.0275396,4.7987753,-0.0137698,-1.1773179,0.01231013430998,0.004438583638528,-0.006137728937652,-0.0029491758242370003,-0.000258699633705,0.00258699633705,20.001000000000005,1.9019219998881454,0.19840499999190797,0.09638800020184135,0.0
pd,23:52:56.844,221,-40.003,-89.999,0.0,-90.239,0.003,-0.02,0.0,0.0,0.0,0.0,0.0,0.0,-40.003,-110.0,0.0,-90.239,0.003,-0.02,-40.003,-97.999,0.0,-90.239,0.003,-0.02,0.0,-1501.7200143215182,0.0,0.0,0.0,0.0,0.0,-8.0,0.0,0.0,0.0,0.0,0.0137698,-0.0068849,-0.0275396,4.7987753,-0.0137698,-1.1773179,0.01231013430998,0.004438583638528,-0.006137728937652,-0.0029491758242370003,-0.000258699633705,0.00258699633705,20.001000000000005,1.8485339996914263,0.20205300006637117,0.07409199997709948,0.0
pd,23:52:56.846,222,-40.003,-89.999,0.0,-90.239,0.003,-0.02,0.0,0.0,0.0,0.0,0.0,0.0,-40.003,-110.0,0.0,-90.239,0.003,-0.02,-40.003,-97.999,0.0,-90.239,0.003,-0.02,0.0,-1809.839913700108,0.0,0.0,0.0,0.0,0.0,-8.0,0.0,0.0,0.0,0.0,0.0137698,-0.0068849,-0.0275396,4.7987753,-0.0137698,-1.1773179,0.01231013430998,0.004438583638528,-0.006137728937652,-0.0029491758242370003,-0.000258699633705,0.00258699633705,20.001000000000005,1.7061090002243873,0.1677200002632162,0.07168499996623723,0.0
pd,23:52:56.848,223,-40.003,-89.999,0.0,-90.239,0.003,-0.02,0.0,0.0,0.0,0.0,0.0,0.0,-40.003,-110.0,0.0,-90.239,0.003,-0.02,-40.003,-97.999,0.0,-90.239,0.003,-0.02,0.0,-1978.6786177615286,0.0,0.0,0.0,0.0,0.0,-8.0,0.0,0.0,0.0,0.0,0.0137698,-0.0068849,-0.0275396,4.7987753,-0.0137698,-1.1773179,0.01231013430998,0.004438583638528,-0.006137728937652,-0.0029491758242370003,-0.000258699633705,0.00258699633705,20.001000000000005,1.7296460000579827,0.14968299956308329,0.0669999999445281,0.0
pd,23:52:56.850,224,-40.003,-89.999,0.0,-90.239,0.003,-0.02,0.0,0.0,0.0,0.0,0.0,0.0,-40.003,-110.0,0.0,-90.239,0.003,-0.02,-40.003,-97.999,0.0,-90.239,0.003,-0.02,0.0,-1982.4194730001182,0.0,0.0,0.0,0.0,0.0,-8.0,0.0,0.0,0.0,0.0,0.0137698,-0.0068849,-0.0275396,4.7987753,-0.0137698,-1.1773179,0.01231013430998,0.004438583638528,-0.006137728937652,-0.0029491758242370003,-0.000258699633705,0.00258699633705,20.001000000000005,1.6945359998317144,0.1591279997228412,0.072813999850041,0.0
pd,23:52:56.852,225,-40.003,-89.999,0.0,-90.239,0.003,-0.02,0.0,0.0,0.0,0.0,0.0,0.0,-40.003,-110.0,0.0,-90.239,0.003,-0.02,-40.003,-97.999,0.0,-90.239,0.003,-0.02,0.0,-1960.6422811733084,0.0,0.0,0.0,0.0,0.0,-8.0,0.0,0.0,0.0,0.0,0.0137698,-0.0068849,-0.0275396,4.7987753,-0.0137698,-1.1773179,0.01231013430998,0.004438583638528,-0.006137728937652,-0.0029491758242370003,-0.000258699633705,0.00258699633705,20.001000000000005,1.7242579997400753,0.14186899988999357,0.06070300014471286,0.0
pd,23:52:56.854,226,-40.003,-89.999,0.0,-90.239,0.003,-0.02,0.0,0.0,0.0,0.0,0.0,0.0,-40.003,-110.0,0.0,-90.239,0.003,-0.02,-40.003,-97.999,0.0,-90.239,0.003,-0.02,0.0,-2007.5644369989232,0.0,0.0,0.0,0.0,0.0,-8.0,0.0,0.0,0.0,0.0,0.0137698,-0.0068849,-0.0275396,4.7987753,-0.0137698,-1.1773179,0.01231013430998,0.004438583638528,-0.006137728937652,-0.0029491758242370003,-0.000258699633705,0.00258699633705,20.001000000000005,1.6753869999774906,0.1331470002696733,0.0594809998801793,0.0
pd,23:52:56.856,227,-40.003,-89.999,0.0,-90.239,0.003,-0.02,0.0,0.0,0.0,0.0,0.0,0.0,-40.003,-110.0,0.0,-90.239,0.003,-0.02,-40.003,-97.999,0.0,-90.239,0.003,-0.02,0.0,-2068.197238658777,0.0,0.0,0.0,0.0,0.0,-8.0,0.0,0.0,0.0,0.0,0.0137698,-0.0068849,-0.0275396,4.7987753,-0.0137698,-1.1773179,0.01231013430998,0.004438583638528,-0.006137728937652,-0.0029491758242370003,-0.000258699633705,0.00258699633705,20.001000000000005,1.6971100003502215,0.14568300002792967,0.06586900008187513,0.0
pd,23:52:56.858,228,-40.003,-89.999,0.0,-90.239,0.003,-0.02,0.0,0.0,0.0,0.0,0.0,0.0,-40.003,-110.0,0.0,-90.239,0.003,-0.02,-40.003,-97.999,0.0,-90.239,0.003,-0.02,0.0,-2024.2779922779923,0.0,0.0,0.0,0.0,0.0,-8.0,0.0,0.0,0.0,0.0,0.0137698,-0.0068849,-0.0275396,4.7987753,-0.0137698,-1.1773179,0.01231013430998,0.004438583638528,-0.006137728937652,-0.0029491758242370003,-0.000258699633705,0.00258699633705,20.001000000000005,1.6738689996600442,0.13822099981553038,0.05933300008109654,0.0
pd,23:52:56.860,229,-40.003,-89.999,0.0,-90.239,0.003,-0.02,0.0,0.0,0.0,0.0,0.0,0.0,-40.003,-110.0,0.0,-90.239,0.003,-0.02,-40.003,-97.999,0.0,-90.239,0.003,-0.02,0.0,-2065.6508249199705,0.0,0.0,0.0,0.0,0.0,-8.0,0.0,0.0,0.0,0.0,0.0137698,-0.0068849,-0.0275396,4.7987753,-0.0137698,-1.1773179,0.01231013430998,0.004438583638528,-0.006137728937652,-0.0029491758242370003,-0.000258699633705,0.00258699633705,20.001000000000005,1.7133679998551088,0.1608869997653528,0.07325799970203661,0.0
pd,23:52:56.862,230,-40.003,-89.999,0.0,-90.239,0.003,-0.02,0.0,0.0,0.0,0.0,0.0,0.0,-40.003,-110.0,0.0,-90.239,0.003,-0.02,-40.003,-97.999,0.0,-90.239,0.003,-0.02,0.0,-1941.1334027536734,0.0,0.0,0.0,0.0,0.0,-8.0,0.0,0.0,0.0,0.0,0.0137698,-0.0068849,-0.0275396,4.7987753,-0.0137698,-1.1773179,0.01231013430998,0.004438583638528,-0.006137728937652,-0.0029491758242370003,-0.000258699633705,0.00258699633705,20.001000000000005,1.6876089998731914,0.13816499995300546,0.06192499995449907,0.0
pd,23:52:56.864,231,-40.003,-89.999,0.0,-90.239,0.003,-0.02,0.0,0.0,0.0,0.0,0.0,0.0,-40.003,-110.0,0.0,-90.239,0.003,-0.02,-40.003,-97.999,0.0,-90.239,0.003,-0.02,0.0,-1863.513939797845,0.0,0.0,0.0,0.0,0.0,-8.0,0.0,0.0,0.0,0.0,0.0137698,-0.0068849,-0.0275396,4.7987753,-0.0137698,-1.1773179,0.01231013430998,0.004438583638528,-0.006137728937652,-0.0029491758242370003,-0.000258699633705,0.00258699633705,20.001000000000005,1.7552750000504602,0.1745529998515849,0.07068500008244882,0.0
pd,23:52:56.866,232,-40.003,-89.999,0.0,-90.239,0.003,-0.02,0.0,0.0,0.0,0.0,0.0,0.0,-40.003,-110.0,0.0,-90.239,0.003,-0.02,-40.003,-97.999,0.0,-90.239,0.003,-0.02,0.0,-1925.3174202432867,0.0,0.0,0.0,0.0,0.0,-8.0,0.0,0.0,0.0,0.0,0.0137698,-0.0068849,-0.0275396,4.7987753,-0.0137698,-1.1773179,0.01231013430998,0.004438583638528,-0.006137728937652,-0.0029491758242370003,-0.000258699633705,0.00258699633705,20.001000000000005,1.9261809998170065,0.19036800040339585,0.09477599996898789,0.0
pd,23:52:56.868,233,-40.003,-89.999,0.0,-90.239,0.003,-0.02,0.0,0.0,0.0,0.0,0.0,0.0,-40.003,-110.0,0.0,-90.239,0.003,-0.02,-40.003,-97.999,0.0,-90.239,0.003,-0.02,0.0,-1741.0975508509755,0.0,0.0,0.0,0.0,0.0,-8.0,0.0,0.0,0.0,0.0,0.0137698,-0.0068849,-0.0275396,4.7987753,-0.0137698,-1.1773179,0.01231013430998,0.004438583638528,-0.006137728937652,-0.0029491758242370003,-0.000258699633705,0.00258699633705,20.001000000000005,1.7613680001886678,0.15434999977514963,0.06766600017726887,0.0
pd,23:52:56.870,234,-40.003,-89.999,0.0,-90.239,0.003,-0.02,0.0,0.0,0.0,0.0,0.0,0.0,-40.003,-110.0,0.0,-90.239,0.003,-0.02,-40.003,-97.999,0.0,-90.239,0.003,-0.02,0.0,-1933.3044480294998,0.0,0.0,0.0,0.0,0.0,-8.0,0.0,0.0,0.0,0.0,0.0137698,-0.0068849,-0.0275396,4.7987753,-0.0137698,-1.1773179,0.01231013430998,0.004438583638528,-0.006137728937652,-0.0029491758242370003,-0.000258699633705,0.00258699633705,20.001000000000005,1.6876659997251409,0.15997999980754685,0.07233300038933521,0.0
pd,23:52:56.872,235,-40.003,-89.999,0.0,-90.239,0.003,-0.02,0.0,0.0,0.0,0.0,0.0,0.0,-40.003,-110.0,0.0,-90.239,0.003,-0.02,-40.003,-97.999,0.0,-90.239,0.003,-0.02,0.0,-2007.5644369989232,0.0,0.0,0.0,0.0,0.0,-8.0,0.0,0.0,0.0,0.0,0.0137698,-0.0068849,-0.0275396,4.7987753,-0.0137698,-1.1773179,0.01231013430998,0.004438583638528,-0.006137728937652,-0.0029491758242370003,-0.000258699633705,0.00258699633705,20.001000000000005,1.8134789997930056,0.18094200004270533,0.08440600004178123,0.0
pd,23:52:56.875,236,-40.003,-89.999,0.0,-90.239,0.003,-0.02,0.0,0.0,0.0,0.0,0.0,0.0,-40.003,-110.0,0.0,-90.239,0.003,-0.02,-40.003,-97.999,0.0,-90.239,0.003,-0.02,0.0,-1853.4264250994256,0.0,0.0,0.0,0.0,0.0,-8.0,0.0,0.0,0.0,0.0,0.0137698,-0.0068849,-0.0275396,4.7987753,-0.0137698,-1.1773179,0.01231013430998,0.004438583638528,-0.006137728937652,-0.0029491758242370003,-0.000258699633705,0.00258699633705,20.001000000000005,1.691479999863077,0.1772020000316843,0.057979999837698415,0.0
pd,23:52:56.877,237,-40.003,-89.999,0.0,-90.239,0.003,-0.02,0.0,0.0,0.0,0.0,0.0,0.0,-40.003,-110.0,0.0,-90.239,0.003,-0.02,-40.003,-97.999,0.0,-90.239,0.003,-0.02,0.0,-2010.9332374445644,0.0,0.0,0.0,0.0,0.0,-8.0,0.0,0.0,0.0,0.0,0.0137698,-0.0068849,-0.0275396,4.7987753,-0.0137698,-1.1773179,0.01231013430998,0.004438583638528,-0.006137728937652,-0.0029491758242370003,-0.000258699633705,0.00258699633705,20.001000000000005,1.7277570000260312,0.15186799964794773,0.0662959996589052,0.0
pd,23:52:56.879,238,-40.003,-89.999,0.0,-90.239,0.003,-0.02,0.0,0.0,0.0,0.0,0.0,0.0,-40.003,-110.0,0.0,-90.239,0.003,-0.02,-40.003,-97.999,0.0,-90.239,0.003,-0.02,0.0,-1986.4096613781671,0.0,0.0,0.0,0.0,0.0,-8.0,0.0,0.0,0.0,0.0,0.0137698,-0.0068849,-0.0275396,4.7987753,-0.0137698,-1.1773179,0.01231013430998,0.004438583638528,-0.006137728937652,-0.0029491758242370003,-0.000258699633705,0.00258699633705,20.001000000000005,1.6665359999024076,0.13505400011126767,0.05796200002805563,0.0
pd,23:52:56.880,239,-40.003,-89.999,0.0,-90.239,0.003,-0.02,0.0,0.0,0.0,0.0,0.0,0.0,-40.003,-110.0,0.0,-90.239,0.003,-0.02,-40.003,-97.999,0.0,-90.239,0.003,-0.02,0.0,-2078.1885296667906,0.0,0.0,0.0,0.0,0.0,-8.0,0.0,0.0,0.0,0.0,0.0137698,-0.0068849,-0.0275396,4.7987753,-0.0137698,-1.1773179,0.01231013430998,0.004438583638528,-0.006137728937652,-0.0029491758242370003,-0.000258699633705,0.00258699633705,20.001000000000005,1.7072570003620058,0.1550160000078904,0.07283300010385574,0.0
pd,23:52:56.882,240,-40.003,-89.999,0.0,-90.239,0.003,-0.02,0.0,0.0,0.0,0.0,0.0,0.0,-40.003,-110.0,0.0,-90.239,0.003,-0.02,-40.003,-97.999,0.0,-90.239,0.003,-0.02,0.0,-1992.3068519178246,0.0,0.0,0.0,0.0,0.0,-8.0,0.0,0.0,0.0,0.0,0.0137698,-0.0068849,-0.0275396,4.7987753,-0.0137698,-1.1773179,0.01231013430998,0.004438583638528,-0.006137728937652,-0.0029491758242370003,-0.000258699633705,0.00258699633705,20.001000000000005,1.6807389997666178,0.1298880001741054,0.05535099990083836,0.0
pd,23:52:56.885,241,-40.003,-89.999,0.0,-90.239,0.003,-0.02,0.0,0.0,0.0,0.0,0.0,0.0,-40.003,-110.0,0.0,-90.239,0.003,-0.02,-40.003,-97.999,0.0,-90.239,0.003,-0.02,0.0,-1857.9419712070876,0.0,0.0,0.0,0.0,0.0,-8.0,0.0,0.0,0.0,0.0,0.0137698,-0.0068849,-0.0275396,4.7987753,-0.0137698,-1.1773179,0.01231013430998,0.004438583638528,-0.006137728937652,-0.0029491758242370003,-0.000258699633705,0.00258699633705,20.001000000000005,1.7239799999515526,0.1691829997980676,0.06214799986992148,0.0
pd,23:52:56.887,242,-40.003,-89.999,0.0,-90.239,0.003,-0.02,0.0,0.0,0.0,0.0,0.0,0.0,-40.003,-110.0,0.0,-90.239,0.003,-0.02,-40.003,-97.999,0.0,-90.239,0.003,-0.02,0.0,-1971.9341795956746,0.0,0.0,0.0,0.0,0.0,-8.0,0.0,0.0,0.0,0.0,0.0137698,-0.0068849,-0.0275396,4.7987753,-0.0137698,-1.1773179,0.01231013430998,0.004438583638528,-0.006137728937652,-0.0029491758242370003,-0.000258699633705,0.00258699633705,20.001000000000005,1.6796469999462715,0.14199799989000894,0.06088800000725314,0.0
pd,23:52:56.889,243,-40.003,-89.999,0.0,-90.239,0.003,-0.02,0.0,0.0,0.0,0.0,0.0,0.0,-40.003,-110.0,0.0,-90.239,0.003,-0.02,-40.003,-97.999,0.0,-90.239,0.003,-0.02,0.0,-2023.7896260554885,0.0,0.0,0.0,0.0,0.0,-8.0,0.0,0.0,0.0,0.0,0.0137698,-0.0068849,-0.0275396,4.7987753,-0.0137698,-1.1773179,0.01231013430998,0.004438583638528,-0.006137728937652,-0.0029491758242370003,-0.000258699633705,0.00258699633705,20.001000000000005,1.6968689997156616,0.1592759999766713,0.06629500012422795,0.0
pd,23:52:56.891,244,-40.003,-89.999,0.0,-90.239,0.003,-0.02,0.0,0.0,0.0,0.0,0.0,0.0,-40.003,-110.0,0.0,-90.239,0.003,-0.02,-40.003,-97.999,0.0,-90.239,0.003,-0.02,0.0,-2005.8842659014826,0.0,0.0,0.0,0.0,0.0,-8.0,0.0,0.0,0.0,0.0,0.0137698,-0.0068849,-0.0275396,4.7987753,-0.0137698,-1.1773179,0.01231013430998,0.004438583638528,-0.006137728937652,-0.0029491758242370003,-0.000258699633705,0.00258699633705,20.001000000000005,1.6839990003063576,0.1471649998165958,0.06633199973293813,0.0
pd,23:52:56.893,245,-40.003,-89.999,0.0,-90.239,0.003,-0.02,0.0,0.0,0.0,0.0,0.0,0.0,-40.003,-110.0,0.0,-90.239,0.003,-0.02,-40.003,-97.999,0.0,-90.239,0.003,-0.02,0.0,-2009.0068255298766,0.0,0.0,0.0,0.0,0.0,-8.0,0.0,0.0,0.0,0.0,0.0137698,-0.0068849,-0.0275396,4.7987753,-0.0137698,-1.1773179,0.01231013430998,0.004438583638528,-0.006137728937652,-0.0029491758242370003,-0.000258699633705,0.00258699633705,20.001000000000005,1.9544030001270585,0.19073899966315366,0.07973999981913948,0.0
pd,23:52:56.895,246,-40.003,-89.999,0.0,-90.239,0.003,-0.02,0.0,0.0,0.0,0.0,0.0,0.0,-40.003,-110.0,0.0,-90.239,0.003,-0.02,-40.003,-97.999,0.0,-90.239,0.003,-0.02,0.0,-1733.7207812338534,0.0,0.0,0.0,0.0,0.0,-8.0,0.0,0.0,0.0,0.0,0.0137698,-0.0068849,-0.0275396,4.7987753,-0.0137698,-1.1773179,0.01231013430998,0.004438583638528,-0.006137728937652,-0.0029491758242370003,-0.000258699633705,0.00258699633705,20.001000000000005,1.7422939999960363,0.16023799980757758,0.077536000389955,0.0
pd,23:52:56.897,247,-40.003,-89.999,0.0,-90.239,0.003,-0.02,0.0,0.0,0.0,0.0,0.0,0.0,-40.003,-110.0,0.0,-90.239,0.003,-0.02,-40.003,-97.999,0.0,-90.239,0.003,-0.02,0.0,-1944.2827674122145,0.0,0.0,0.0,0.0,0.0,-8.0,0.0,0.0,0.0,0.0,0.0137698,-0.0068849,-0.0275396,4.7987753,-0.0137698,-1.1773179,0.01231013430998,0.004438583638528,-0.006137728937652,-0.0029491758242370003,-0.000258699633705,0.00258699633705,20.001000000000005,1.7836080000961374,0.17227600028490997,0.07585099956486374,0.0
pd,23:52:56.899,248,-40.003,-89.999,0.0,-90.239,0.003,-0.02,0.0,0.0,0.0,0.0,0.0,0.0,-40.003,-110.0,0.0,-90.239,0.003,-0.02,-40.003,-97.999,0.0,-90.239,0.003,-0.02,0.0,-1899.3791463828825,0.0,0.0,0.0,0.0,0.0,-8.0,0.0,0.0,0.0,0.0,0.0137698,-0.0068849,-0.0275396,4.7987753,-0.0137698,-1.1773179,0.01231013430998,0.004438583638528,-0.006137728937652,-0.0029491758242370003,-0.000258699633705,0.00258699633705,20.001000000000005,1.7560719998073182,0.1522940001450479,0.06805500015616417,0.0
pd,23:52:56.901,249,-40.003,-89.999,0.0,-90.239,0.003,-0.02,0.0,0.0,0.0,0.0,0.0,0.0,-40.003,-110.0,0.0,-90.239,0.003,-0.02,-40.003,-97.999,0.0,-90.239,0.003,-0.02,0.0,-1954.475302889096,0.0,0.0,0.0,0.0,0.0,-8.0,0.0,0.0,0.0,0.0,0.0137698,-0.0068849,-0.0275396,4.7987753,-0.0137698,-1.1773179,0.01231013430998,0.004438583638528,-0.006137728937652,-0.0029491758242370003,-0.000258699633705,0.00258699633705,20.001000000000005,1.688720999936777,0.15409100024044164,0.06983299999774317,0.0
pd,23:52:56.903,250,-40.003,-89.999,0.0,-90.239,0.003,-0.02,0.0,0.0,0.0,0.0,0.0,0.0,-40.003,-110.0,0.0,-90.239,0.003,-0.02,-40.003,-97.999,0.0,-90.239,0.003,-0.02,0.0,-2016.977157970666,0.0,0.0,0.0,0.0,0.0,-8.0,0.0,0.0,0.0,0.0,0.0137698,-0.0068849,-0.0275396,4.7987753,-0.0137698,-1.1773179,0.01231013430998,0.004438583638528,-0.006137728937652,-0.0029491758242370003,-0.000258699633705,0.00258699633705,20.001000000000005,1.7153499998130428,1.0447839999869757,0.0914990000637772,0.0
pd,23:52:56.906,251,-40.003,-89.999,0.0,-90.239,0.003,-0.02,0.0,0.0,0.0,0.0,0.0,0.0,-40.003,-110.0,0.0,-90.239,0.003,-0.02,-40.003,-97.999,0.0,-90.239,0.003,-0.02,0.0,-1274.0899149453219,0.0,0.0,0.0,0.0,0.0,-8.0,0.0,0.0,0.0,0.0,0.0137698,-0.0068849,-0.0275396,4.7987753,-0.0137698,-1.1773179,0.01231013430998,0.004438583638528,-0.006137728937652,-0.0029491758242370003,-0.000258699633705,0.00258699633705,20.001000000000005,1.7479600001024664,0.1737010002216266,0.06418499970095581,0.0
pd,23:52:56.908,252,-40.003,-89.999,0.0,-90.239,0.003,-0.02,0.0,0.0,0.0,0.0,0.0,0.0,-40.003,-110.0,0.0,-90.239,0.003,-0.02,-40.003,-97.999,0.0,-90.239,0.003,-0.02,0.0,-1942.706808707735,0.0,0.0,0.0,0.0,0.0,-8.0,0.0,0.0,0.0,0.0,0.0137698,-0.0068849,-0.0275396,4.7987753,-0.0137698,-1.1773179,0.01231013430998,0.004438583638528,-0.006137728937652,-0.0029491758242370003,-0.000258699633705,0.00258699633705,20.001000000000005,1.7175170000882645,0.14955299957364332,0.06557300002896227,0.0
pd,23:52:56.910,253,-40.003,-89.999,0.0,-90.239,0.003,-0.02,0.0,0.0,0.0,0.0,0.0,0.0,-40.003,-110.0,0.0,-90.239,0.003,-0.02,-40.003,-97.999,0.0,-90.239,0.003,-0.02,0.0,-1996.812187574387,0.0,0.0,0.0,0.0,0.0,-8.0,0.0,0.0,0.0,0.0,0.0137698,-0.0068849,-0.0275396,4.7987753,-0.0137698,-1.1773179,0.01231013430998,0.004438583638528,-0.006137728937652,-0.0029491758242370003,-0.000258699633705,0.00258699633705,20.001000000000005,1.7072020000341581,0.15140599998630933,0.0668329998916306,0.0
pd,23:52:56.912,254,-40.003,-89.999,0.0,-90.239,0.003,-0.02,0.0,0.0,0.0,0.0,0.0,0.0,-40.003,-110.0,0.0,-90.239,0.003,-0.02,-40.003,-97.999,0.0,-90.239,0.003,-0.02,0.0,-2003.9675107501193,0.0,0.0,0.0,0.0,0.0,-8.0,0.0,0.0,0.0,0.0,0.0137698,-0.0068849,-0.0275396,4.7987753,-0.0137698,-1.1773179,0.01231013430998,0.004438583638528,-0.006137728937652,-0.0029491758242370003,-0.000258699633705,0.00258699633705,20.001000000000005,1.7251469998882385,0.15048000022943597,0.06923999990249285,0.0
pd,23:52:56.914,255,-40.003,-89.999,0.0,-90.239,0.003,-0.02,0.0,0.0,0.0,0.0,0.0,0.0,-40.003,-110.0,0.0,-90.239,0.003,-0.02,-40.003,-97.999,0.0,-90.239,0.003,-0.02,0.0,-1986.4096613781671,0.0,0.0,0.0,0.0,0.0,-8.0,0.0,0.0,0.0,0.0,0.0137698,-0.0068849,-0.0275396,4.7987753,-0.0137698,-1.1773179,0.01231013430998,0.004438583638528,-0.006137728937652,-0.0029491758242370003,-0.000258699633705,0.00258699633705,20.001000000000005,1.6735169997446064,0.13588799993158318,0.060368999584170524,0.0
pd,23:52:56.916,256,-40.003,-89.999,0.0,-90.239,0.003,-0.02,0.0,0.0,0.0,0.0,0.0,0.0,-40.003,-110.0,0.0,-90.239,0.003,-0.02,-40.003,-97.999,0.0,-90.239,0.003,-0.02,0.0,-2067.687453783584,0.0,0.0,0.0,0.0,0.0,-8.0,0.0,0.0,0.0,0.0,0.0137698,-0.0068849,-0.0275396,4.7987753,-0.0137698,-1.1773179,0.01231013430998,0.004438583638528,-0.006137728937652,-0.0029491758242370003,-0.000258699633705,0.00258699633705,20.001000000000005,1.950976999978593,0.20416400002432056,0.09688799991636188,0.0
pd,23:52:56.919,257,-40.003,-89.999,0.0,-90.239,0.003,-0.02,0.0,0.0,0.0,0.0,0.0,0.0,-40.003,-110.0,0.0,-90.239,0.003,-0.02,-40.003,-97.999,0.0,-90.239,0.003,-0.02,0.0,-1709.867101508357,0.0,0.0,0.0,0.0,0.0,-8.0,0.0,0.0,0.0,0.0,0.0137698,-0.0068849,-0.0275396,4.7987753,-0.0137698,-1.1773179,0.01231013430998,0.004438583638528,-0.006137728937652,-0.0029491758242370003,-0.000258699633705,0.00258699633705,20.001000000000005,1.6650360003040987,0.1844049997998809,0.06714699975418625,0.0
pd,23:52:56.921,258,-40.003,-89.999,0.0,-90.239,0.003,-0.02,0.0,0.0,0.0,0.0,0.0,0.0,-40.003,-110.0,0.0,-90.239,0.003,-0.02,-40.003,-97.999,0.0,-90.239,0.003,-0.02,0.0,-1957.2113859076062,0.0,0.0,0.0,0.0,0.0,-8.0,0.0,0.0,0.0,0.0,0.0137698,-0.0068849,-0.0275396,4.7987753,-0.0137698,-1.1773179,0.01231013430998,0.004438583638528,-0.006137728937652,-0.0029491758242370003,-0.000258699633705,0.00258699633705,20.001000000000005,1.6715910001039447,0.19001600003321073,0.08733200002097874,0.0
pd,23:52:56.923,259,-40.003,-89.999,0.0,-90.239,0.003,-0.02,0.0,0.0,0.0,0.0,0.0,0.0,-40.003,-110.0,0.0,-90.239,0.003,-0.02,-40.003,-97.999,0.0,-90.239,0.003,-0.02,0.0,-1967.0789072575917,0.0,0.0,0.0,0.0,0.0,-8.0,0.0,0.0,0.0,0.0,0.0137698,-0.0068849,-0.0275396,4.7987753,-0.0137698,-1.1773179,0.01231013430998,0.004438583638528,-0.006137728937652,-0.0029491758242370003,-0.000258699633705,0.00258699633705,20.001000000000005,1.751905000219267,0.214313000014954,0.07820300015737303,0.0
pd,23:52:56.925,260,-40.003,-89.999,0.0,-90.239,0.003,-0.02,0.0,0.0,0.0,0.0,0.0,0.0,-40.003,-110.0,0.0,-90.239,0.003,-0.02,-40.003,-97.999,0.0,-90.239,0.003,-0.02,0.0,-1887.6255625562555,0.0,0.0,0.0,0.0,0.0,-8.0,0.0,0.0,0.0,0.0,0.0137698,-0.0068849,-0.0275396,4.7987753,-0.0137698,-1.1773179,0.01231013430998,0.004438583638528,-0.006137728937652,-0.0029491758242370003,-0.000258699633705,0.00258699633705,20.001000000000005,1.6382949997932883,0.14225699987946427,0.05751799972131266,0.0
pd,23:52:56.927,261,-40.003,-89.999,0.0,-90.239,0.003,-0.02,0.0,0.0,0.0,0.0,0.0,0.0,-40.003,-110.0,0.0,-90.239,0.003,-0.02,-40.003,-97.999,0.0,-90.239,0.003,-0.02,0.0,-1901.7474495579233,0.0,0.0,0.0,0.0,0.0,-8.0,0.0,0.0,0.0,0.0,0.0137698,-0.0068849,-0.0275396,4.7987753,-0.0137698,-1.1773179,0.01231013430998,0.004438583638528,-0.006137728937652,-0.0029491758242370003,-0.000258699633705,0.00258699633705,20.001000000000005,1.656444000218471,0.1989980000871583,0.06409199977497337,0.0
pd,23:52:56.929,262,-40.003,-89.999,0.0,-90.239,0.003,-0.02,0.0,0.0,0.0,0.0,0.0,0.0,-40.003,-110.0,0.0,-90.239,0.003,-0.02,-40.003,-97.999,0.0,-90.239,0.003,-0.02,0.0,-2005.6444710101614,0.0,0.0,0.0,0.0,0.0,-8.0,0.0,0.0,0.0,0.0,0.0137698,-0.0068849,-0.0275396,4.7987753,-0.0137698,-1.1773179,0.01231013430998,0.004438583638528,-0.006137728937652,-0.0029491758242370003,-0.000258699633705,0.00258699633705,20.001000000000005,1.6720730000088224,0.1413679997313011,0.06070300014471286,0.0
pd,23:52:56.931,263,-40.003,-89.999,0.0,-90.239,0.003,-0.02,0.0,0.0,0.0,0.0,0.0,0.0,-40.003,-110.0,0.0,-90.239,0.003,-0.02,-40.003,-97.999,0.0,-90.239,0.003,-0.02,0.0,-2061.8429396583506,0.0,0.0,0.0,0.0,0.0,-8.0,0.0,0.0,0.0,0.0,0.0137698,-0.0068849,-0.0275396,4.7987753,-0.0137698,-1.1773179,0.01231013430998,0.004438583638528,-0.006137728937652,-0.0029491758242370003,-0.000258699633705,0.00258699633705,20.001000000000005,1.6281289999824367,0.1827940000111994,0.07194399995569256,0.0
pd,23:52:56.933,264,-40.003,-89.999,0.0,-90.239,0.003,-0.02,0.0,0.0,0.0,0.0,0.0,0.0,-40.003,-110.0,0.0,-90.239,0.003,-0.02,-40.003,-97.999,0.0,-90.239,0.003,-0.02,0.0,-2045.752469211072,0.0,0.0,0.0,0.0,0.0,-8.0,0.0,0.0,0.0,0.0,0.0137698,-0.0068849,-0.0275396,4.7987753,-0.0137698,-1.1773179,0.01231013430998,0.004438583638528,-0.006137728937652,-0.0029491758242370003,-0.000258699633705,0.00258699633705,20.001000000000005,1.6448880001007637,0.1344429997516272,0.05785099983768305,0.0
pd,23:52:56.935,265,-40.003,-89.999,0.0,-90.239,0.003,-0.02,0.0,0.0,0.0,0.0,0.0,0.0,-40.003,-110.0,0.0,-90.239,0.003,-0.02,-40.003,-97.999,0.0,-90.239,0.003,-0.02,0.0,-2105.8385841596587,0.0,0.0,0.0,0.0,0.0,-8.0,0.0,0.0,0.0,0.0,0.0137698,-0.0068849,-0.0275396,4.7987753,-0.0137698,-1.1773179,0.01231013430998,0.004438583638528,-0.006137728937652,-0.0029491758242370003,-0.000258699633705,0.00258699633705,20.001000000000005,1.619777000087197,0.13342400006877142,0.05766599997514277,0.0
pd,23:52:56.937,266,-40.003,-89.999,0.0,-90.239,0.003,-0.02,0.0,0.0,0.0,0.0,0.0,0.0,-40.003,-110.0,0.0,-90.239,0.003,-0.02,-40.003,-97.999,0.0,-90.239,0.003,-0.02,0.0,-2133.4201424211597,0.0,0.0,0.0,0.0,0.0,-8.0,0.0,0.0,0.0,0.0,0.0137698,-0.0068849,-0.0275396,4.7987753,-0.0137698,-1.1773179,0.01231013430998,0.004438583638528,-0.006137728937652,-0.0029491758242370003,-0.000258699633705,0.00258699633705,20.001000000000005,1.684665000084351,0.15592399995512096,0.06786899984945194,0.0
pd,23:52:56.939,267,-40.003,-89.999,0.0,-90.239,0.003,-0.02,0.0,0.0,0.0,0.0,0.0,0.0,-40.003,-110.0,0.0,-90.239,0.003,-0.02,-40.003,-97.999,0.0,-90.239,0.003,-0.02,0.0,-2019.161872668191,0.0,0.0,0.0,0.0,0.0,-8.0,0.0,0.0,0.0,0.0,0.0137698,-0.0068849,-0.0275396,4.7987753,-0.0137698,-1.1773179,0.01231013430998,0.004438583638528,-0.006137728937652,-0.0029491758242370003,-0.000258699633705,0.00258699633705,20.001000000000005,1.6313139999510895,0.1364979998470517,0.05842500013386598,0.0
pd,23:52:56.940,268,-40.003,-89.999,0.0,-90.239,0.003,-0.02,0.0,0.0,0.0,0.0,0.0,0.0,-40.003,-110.0,0.0,-90.239,0.003,-0.02,-40.003,-97.999,0.0,-90.239,0.003,-0.02,0.0,-2114.064516129032,0.0,0.0,0.0,0.0,0.0,-8.0,0.0,0.0,0.0,0.0,0.0137698,-0.0068849,-0.0275396,4.7987753,-0.0137698,-1.1773179,0.01231013430998,0.004438583638528,-0.006137728937652,-0.0029491758242370003,-0.000258699633705,0.00258699633705,20.001000000000005,1.6636469999866677,0.16886799994608737,0.07860999994591111,0.0
pd,23:52:56.942,269,-40.003,-89.999,0.0,-90.239,0.003,-0.02,0.0,0.0,0.0,0.0,0.0,0.0,-40.003,-110.0,0.0,-90.239,0.003,-0.02,-40.003,-97.999,0.0,-90.239,0.003,-0.02,0.0,-2016.0076904590242,0.0,0.0,0.0,0.0,0.0,-8.0,0.0,0.0,0.0,0.0,0.0137698,-0.0068849,-0.0275396,4.7987753,-0.0137698,-1.1773179,0.01231013430998,0.004438583638528,-0.006137728937652,-0.0029491758242370003,-0.000258699633705,0.00258699633705,20.001000000000005,1.8971439999404538,0.18860900036088424,0.14375799992194516,0.0
pd,23:52:56.945,270,-40.003,-89.999,0.0,-90.239,0.003,-0.02,0.0,0.0,0.0,0.0,0.0,0.0,-40.003,-110.0,0.0,-90.239,0.003,-0.02,-40.003,-97.999,0.0,-90.239,0.003,-0.02,0.0,-1720.3872026251026,0.0,0.0,0.0,0.0,0.0,-8.0,0.0,0.0,0.0,0.0,0.0137698,-0.0068849,-0.0275396,4.7987753,-0.0137698,-1.1773179,0.01231013430998,0.004438583638528,-0.006137728937652,-0.0029491758242370003,-0.000258699633705,0.00258699633705,20.001000000000005,1.695349999863538,0.14944300028219004,0.06212800008142949,0.0
pd,23:52:56.947,271,-40.003,-89.999,0.0,-90.239,0.003,-0.02,0.0,0.0,0.0,0.0,0.0,0.0,-40.003,-110.0,0.0,-90.239,0.003,-0.02,-40.003,-97.999,0.0,-90.239,0.003,-0.02,0.0,-1838.8005260850505,0.0,0.0,0.0,0.0,0.0,-8.0,0.0,0.0,0.0,0.0,0.0137698,-0.0068849,-0.0275396,4.7987753,-0.0137698,-1.1773179,0.01231013430998,0.004438583638528,-0.006137728937652,-0.0029491758242370003,-0.000258699633705,0.00258699633705,20.001000000000005,1.7198499999722117,0.2609600001051149,0.089943000148196,0.0
pd,23:52:56.949,272,-40.003,-89.999,0.0,-90.239,0.003,-0.02,0.0,0.0,0.0,0.0,0.0,0.0,-40.003,-110.0,0.0,-90.239,0.003,-0.02,-40.003,-97.999,0.0,-90.239,0.003,-0.02,0.0,-1857.1193269869382,0.0,0.0,0.0,0.0,0.0,-8.0,0.0,0.0,0.0,0.0,0.0137698,-0.0068849,-0.0275396,4.7987753,-0.0137698,-1.1773179,0.01231013430998,0.004438583638528,-0.006137728937652,-0.0029491758242370003,-0.000258699633705,0.00258699633705,20.001000000000005,1.6638689999126655,0.14729499980603578,0.0627399999757472,0.0
pd,23:52:56.951,273,-40.003,-89.999,0.0,-90.239,0.003,-0.02,0.0,0.0,0.0,0.0,0.0,0.0,-40.003,-110.0,0.0,-90.239,0.003,-0.02,-40.003,-97.999,0.0,-90.239,0.003,-0.02,0.0,-2061.336282098538,0.0,0.0,0.0,0.0,0.0,-8.0,0.0,0.0,0.0,0.0,0.0137698,-0.0068849,-0.0275396,4.7987753,-0.0137698,-1.1773179,0.01231013430998,0.004438583638528,-0.006137728937652,-0.0029491758242370003,-0.000258699633705,0.00258699633705,20.001000000000005,1.688720999936777,0.16342400022040238,0.07557299977634102,0.0
pd,23:52:56.953,274,-40.003,-89.999,0.0,-90.239,0.003,-0.02,0.0,0.0,0.0,0.0,0.0,0.0,-40.003,-110.0,0.0,-90.239,0.003,-0.02,-40.003,-97.999,0.0,-90.239,0.003,-0.02,0.0,-1996.099464604402,0.0,0.0,0.0,0.0,0.0,-8.0,0.0,0.0,0.0,0.0,0.0137698,-0.0068849,-0.0275396,4.7987753,-0.0137698,-1.1773179,0.01231013430998,0.004438583638528,-0.006137728937652,-0.0029491758242370003,-0.000258699633705,0.00258699633705,20.001000000000005,1.6557029998693906,0.13588699994215858,0.05581499999607331,0.0
pd,23:52:56.955,275,-40.003,-89.999,0.0,-90.239,0.003,-0.02,0.0,0.0,0.0,0.0,0.0,0.0,-40.003,-110.0,0.0,-90.239,0.003,-0.02,-40.003,-97.999,0.0,-90.239,0.003,-0.02,0.0,-2092.444000997755,0.0,0.0,0.0,0.0,0.0,-8.0,0.0,0.0,0.0,0.0,0.0137698,-0.0068849,-0.0275396,4.7987753,-0.0137698,-1.1773179,0.01231013430998,0.004438583638528,-0.006137728937652,-0.0029491758242370003,-0.000258699633705,0.00258699633705,20.001000000000005,1.6149069997482002,0.16522099986104877,0.06442499989134376,0.0
pd,23:52:56.957,276,-40.003,-89.999,0.0,-90.239,0.003,-0.02,0.0,0.0,0.0,0.0,0.0,0.0,-40.003,-110.0,0.0,-90.239,0.003,-0.02,-40.003,-97.999,0.0,-90.239,0.003,-0.02,0.0,-2094.2723754837098,0.0,0.0,0.0,0.0,0.0,-8.0,0.0,0.0,0.0,0.0,0.0137698,-0.0068849,-0.0275396,4.7987753,-0.0137698,-1.1773179,0.01231013430998,0.004438583638528,-0.006137728937652,-0.0029491758242370003,-0.000258699633705,0.00258699633705,20.001000000000005,1.633499000035954,0.14666499964732793,0.06314800020845723,0.0
pd,23:52:56.959,277,-40.003,-89.999,0.0,-90.239,0.003,-0.02,0.0,0.0,0.0,0.0,0.0,0.0,-40.003,-110.0,0.0,-90.239,0.003,-0.02,-40.003,-97.999,0.0,-90.239,0.003,-0.02,0.0,-2092.7050018710243,0.0,0.0,0.0,0.0,0.0,-8.0,0.0,0.0,0.0,0.0,0.0137698,-0.0068849,-0.0275396,4.7987753,-0.0137698,-1.1773179,0.01231013430998,0.004438583638528,-0.006137728937652,-0.0029491758242370003,-0.000258699633705,0.00258699633705,20.001000000000005,1.6457389997412974,0.16677500025252812,0.08194299971364671,0.0
pd,23:52:56.961,278,-40.003,-89.999,0.0,-90.239,0.003,-0.02,0.0,0.0,0.0,0.0,0.0,0.0,-40.003,-110.0,0.0,-90.239,0.003,-0.02,-40.003,-97.999,0.0,-90.239,0.003,-0.02,0.0,-2003.249671641791,0.0,0.0,0.0,0.0,0.0,-8.0,0.0,0.0,0.0,0.0,0.0137698,-0.0068849,-0.0275396,4.7987753,-0.0137698,-1.1773179,0.01231013430998,0.004438583638528,-0.006137728937652,-0.0029491758242370003,-0.000258699633705,0.00258699633705,20.001000000000005,1.6664979998495255,0.1663310004005325,0.06988800032559084,0.0
pd,23:52:56.963,279,-40.003,-89.999,0.0,-90.239,0.003,-0.02,0.0,0.0,0.0,0.0,0.0,0.0,-40.003,-110.0,0.0,-90.239,0.003,-0.02,-40.003,-97.999,0.0,-90.239,0.003,-0.02,0.0,-2025.2554321583775,0.0,0.0,0.0,0.0,0.0,-8.0,0.0,0.0,0.0,0.0,0.0137698,-0.0068849,-0.0275396,4.7987753,-0.0137698,-1.1773179,0.01231013430998,0.004438583638528,-0.006137728937652,-0.0029491758242370003,-0.000258699633705,0.00258699633705,20.001000000000005,1.654017999953794,0.1413689997207257,0.07283200011443114,0.0
pd,23:52:56.965,280,-40.003,-89.999,0.0,-90.239,0.003,-0.02,0.0,0.0,0.0,0.0,0.0,0.0,-40.003,-110.0,0.0,-90.239,0.003,-0.02,-40.003,-97.999,0.0,-90.239,0.003,-0.02,0.0,-1996.3369823893383,0.0,0.0,0.0,0.0,0.0,-8.0,0.0,0.0,0.0,0.0,0.0137698,-0.0068849,-0.0275396,4.7987753,-0.0137698,-1.1773179,0.01231013430998,0.004438583638528,-0.006137728937652,-0.0029491758242370003,-0.000258699633705,0.00258699633705,20.001000000000005,1.6330729999936011,0.14542399958372698,0.06105499960540328,0.0
pd,23:52:56.967,281,-40.003,-89.999,0.0,-90.239,0.003,-0.02,0.0,0.0,0.0,0.0,0.0,0.0,-40.003,-110.0,0.0,-90.239,0.003,-0.02,-40.003,-97.999,0.0,-90.239,0.003,-0.02,0.0,-1894.874181161057,0.0,0.0,0.0,0.0,0.0,-8.0,0.0,0.0,0.0,0.0,0.0137698,-0.0068849,-0.0275396,4.7987753,-0.0137698,-1.1773179,0.01231013430998,0.004438583638528,-0.006137728937652,-0.0029491758242370003,-0.000258699633705,0.00258699633705,20.001000000000005,1.9499769996400573,0.20455300000321586,0.10183199992752634,0.0
pd,23:52:56.969,282,-40.003,-89.999,0.0,-90.239,0.003,-0.02,0.0,0.0,0.0,0.0,0.0,0.0,-40.003,-110.0,0.0,-90.239,0.003,-0.02,-40.003,-97.999,0.0,-90.239,0.003,-0.02,0.0,-1701.8884155001015,0.0,0.0,0.0,0.0,0.0,-8.0,0.0,0.0,0.0,0.0,0.0137698,-0.0068849,-0.0275396,4.7987753,-0.0137698,-1.1773179,0.01231013430998,0.004438583638528,-0.006137728937652,-0.0029491758242370003,-0.000258699633705,0.00258699633705,20.001000000000005,1.7311270003119716,0.1672579996920831,0.0683140001456195,0.0
pd,23:52:56.971,283,-40.003,-89.999,0.0,-90.239,0.003,-0.02,0.0,0.0,0.0,0.0,0.0,0.0,-40.003,-110.0,0.0,-90.239,0.003,-0.02,-40.003,-97.999,0.0,-90.239,0.003,-0.02,0.0,-1960.1841336604743,0.0,0.0,0.0,0.0,0.0,-8.0,0.0,0.0,0.0,0.0,0.0137698,-0.0068849,-0.0275396,4.7987753,-0.0137698,-1.1773179,0.01231013430998,0.004438583638528,-0.006137728937652,-0.0029491758242370003,-0.000258699633705,0.00258699633705,20.001000000000005,1.6967209999165789,0.1880529998743441,0.0858510002217372,0.0
pd,23:52:56.973,284,-40.003,-89.999,0.0,-90.239,0.003,-0.02,0.0,0.0,0.0,0.0,0.0,0.0,-40.003,-110.0,0.0,-90.239,0.003,-0.02,-40.003,-97.999,0.0,-90.239,0.003,-0.02,0.0,-1943.381906637322,0.0,0.0,0.0,0.0,0.0,-8.0,0.0,0.0,0.0,0.0,0.0137698,-0.0068849,-0.0275396,4.7987753,-0.0137698,-1.1773179,0.01231013430998,0.004438583638528,-0.006137728937652,-0.0029491758242370003,-0.000258699633705,0.00258699633705,20.001000000000005,1.79486699971676,0.16373900007238262,0.0771660002101271,0.0
pd,23:52:56.975,285,-40.003,-89.999,0.0,-90.239,0.003,-0.02,0.0,0.0,0.0,0.0,0.0,0.0,-40.003,-110.0,0.0,-90.239,0.003,-0.02,-40.003,-97.999,0.0,-90.239,0.003,-0.02,0.0,-1895.3023045639404,0.0,0.0,0.0,0.0,0.0,-8.0,0.0,0.0,0.0,0.0,0.0137698,-0.0068849,-0.0275396,4.7987753,-0.0137698,-1.1773179,0.01231013430998,0.004438583638528,-0.006137728937652,-0.0029491758242370003,-0.000258699633705,0.00258699633705,20.001000000000005,1.6997210000226914,0.14566499976353953,0.06357299980663811,0.0
pd,23:52:56.977,286,-40.003,-89.999,0.0,-90.239,0.003,-0.02,0.0,0.0,0.0,0.0,0.0,0.0,-40.003,-110.0,0.0,-90.239,0.003,-0.02,-40.003,-97.999,0.0,-90.239,0.003,-0.02,0.0,-2022.8136001929106,0.0,0.0,0.0,0.0,0.0,-8.0,0.0,0.0,0.0,0.0,0.0137698,-0.0068849,-0.0275396,4.7987753,-0.0137698,-1.1773179,0.01231013430998,0.004438583638528,-0.006137728937652,-0.0029491758242370003,-0.000258699633705,0.00258699633705,20.001000000000005,1.632517999951233,0.19297999961054302,0.07083199989210698,0.0
pd,23:52:56.979,287,-40.003,-89.999,0.0,-90.239,0.003,-0.02,0.0,0.0,0.0,0.0,0.0,0.0,-40.003,-110.0,0.0,-90.239,0.003,-0.02,-40.003,-97.999,0.0,-90.239,0.003,-0.02,0.0,-2035.0819990295972,0.0,0.0,0.0,0.0,0.0,-8.0,0.0,0.0,0.0,0.0,0.0137698,-0.0068849,-0.0275396,4.7987753,-0.0137698,-1.1773179,0.01231013430998,0.004438583638528,-0.006137728937652,-0.0029491758242370003,-0.000258699633705,0.00258699633705,20.001000000000005,1.6600169997218472,0.1439990001017577,0.06277700003920472,0.0
pd,23:52:56.981,288,-40.003,-89.999,0.0,-90.239,0.003,-0.02,0.0,0.0,0.0,0.0,0.0,0.0,-40.003,-110.0,0.0,-90.239,0.003,-0.02,-40.003,-97.999,0.0,-90.239,0.003,-0.02,0.0,-2067.4326555760936,0.0,0.0,0.0,0.0,0.0,-8.0,0.0,0.0,0.0,0.0,0.0137698,-0.0068849,-0.0275396,4.7987753,-0.0137698,-1.1773179,0.01231013430998,0.004438583638528,-0.006137728937652,-0.0029491758242370003,-0.000258699633705,0.00258699633705,20.001000000000005,1.6398689999732596,0.15792399972269777,0.07155499997679726,0.0
pd,23:52:56.983,289,-40.003,-89.999,0.0,-90.239,0.003,-0.02,0.0,0.0,0.0,0.0,0.0,0.0,-40.003,-110.0,0.0,-90.239,0.003,-0.02,-40.003,-97.999,0.0,-90.239,0.003,-0.02,0.0,-2058.806724751503,0.0,0.0,0.0,0.0,0.0,-8.0,0.0,0.0,0.0,0.0,0.0137698,-0.0068849,-0.0275396,4.7987753,-0.0137698,-1.1773179,0.01231013430998,0.004438583638528,-0.006137728937652,-0.0029491758242370003,-0.000258699633705,0.00258699633705,20.001000000000005,1.6699989996595832,0.13922000016464153,0.060943999869778054,0.0
pd,23:52:56.985,290,-40.003,-89.999,0.0,-90.239,0.003,-0.02,0.0,0.0,0.0,0.0,0.0,0.0,-40.003,-110.0,0.0,-90.239,0.003,-0.02,-40.003,-97.999,0.0,-90.239,0.003,-0.02,0.0,-2066.668637595467,0.0,0.0,0.0,0.0,0.0,-8.0,0.0,0.0,0.0,0.0,0.0137698,-0.0068849,-0.0275396,4.7987753,-0.0137698,-1.1773179,0.01231013430998,0.004438583638528,-0.006137728937652,-0.0029491758242370003,-0.000258699633705,0.00258699633705,20.001000000000005,1.6239440001299954,0.13272100022732047,0.06014700011292007,0.0
pd,23:52:56.987,291,-40.003,-89.999,0.0,-90.239,0.003,-0.02,0.0,0.0,0.0,0.0,0.0,0.0,-40.003,-110.0,0.0,-90.239,0.003,-0.02,-40.003,-97.999,0.0,-90.239,0.003,-0.02,0.0,-1912.8053813704253,0.0,0.0,0.0,0.0,0.0,-8.0,0.0,0.0,0.0,0.0,0.0137698,-0.0068849,-0.0275396,4.7987753,-0.0137698,-1.1773179,0.01231013430998,0.004438583638528,-0.006137728937652,-0.0029491758242370003,-0.000258699633705,0.00258699633705,20.001000000000005,1.7066460000023653,0.1799239998945268,0.07896199986134889,0.0
pd,23:52:56.989,292,-40.003,-89.999,0.0,-90.239,0.003,-0.02,0.0,0.0,0.0,0.0,0.0,0.0,-40.003,-110.0,0.0,-90.239,0.003,-0.02,-40.003,-97.999,0.0,-90.239,0.003,-0.02,0.0,-1951.973938336242,0.0,0.0,0.0,0.0,0.0,-8.0,0.0,0.0,0.0,0.0,0.0137698,-0.0068849,-0.0275396,4.7987753,-0.0137698,-1.1773179,0.01231013430998,0.004438583638528,-0.006137728937652,-0.0029491758242370003,-0.000258699633705,0.00258699633705,20.001000000000005,1.6440730000795156,0.13849800006937585,0.056369000049016904,0.0
pd,23:52:56.991,293,-40.003,-89.999,0.0,-90.239,0.003,-0.02,0.0,0.0,0.0,0.0,0.0,0.0,-40.003,-110.0,0.0,-90.239,0.003,-0.02,-40.003,-97.999,0.0,-90.239,0.003,-0.02,0.0,-2102.671512720892,0.0,0.0,0.0,0.0,0.0,-8.0,0.0,0.0,0.0,0.0,0.0137698,-0.0068849,-0.0275396,4.7987753,-0.0137698,-1.1773179,0.01231013430998,0.004438583638528,-0.006137728937652,-0.0029491758242370003,-0.000258699633705,0.00258699633705,20.001000000000005,1.6410919997724704,0.161775999913516,0.07272099992405856,0.0
pd,23:52:56.993,294,-40.003,-89.999,0.0,-90.239,0.003,-0.02,0.0,0.0,0.0,0.0,0.0,0.0,-40.003,-110.0,0.0,-90.239,0.003,-0.02,-40.003,-97.999,0.0,-90.239,0.003,-0.02,0.0,-2051.004400977995,0.0,0.0,0.0,0.0,0.0,-8.0,0.0,0.0,0.0,0.0,0.0137698,-0.0068849,-0.0275396,4.7987753,-0.0137698,-1.1773179,0.01231013430998,0.004438583638528,-0.006137728937652,-0.0029491758242370003,-0.000258699633705,0.00258699633705,20.001000000000005,1.903106999634474,0.18725699965216336,0.08916500019040541,0.0
pd,23:52:56.995,295,-40.003,-89.999,0.0,-90.239,0.003,-0.02,0.0,0.0,0.0,0.0,0.0,0.0,-40.003,-110.0,0.0,-90.239,0.003,-0.02,-40.003,-97.999,0.0,-90.239,0.003,-0.02,0.0,-1768.069975761408,0.0,0.0,0.0,0.0,0.0,-8.0,0.0,0.0,0.0,0.0,0.0137698,-0.0068849,-0.0275396,4.7987753,-0.0137698,-1.1773179,0.01231013430998,0.004438583638528,-0.006137728937652,-0.0029491758242370003,-0.000258699633705,0.00258699633705,20.001000000000005,1.7034800002875272,0.1504239999121637,0.06340700019791257,0.0
pd,23:52:56.997,296,-40.003,-89.999,0.0,-90.239,0.003,-0.02,0.0,0.0,0.0,0.0,0.0,0.0,-40.003,-110.0,0.0,-90.239,0.003,-0.02,-40.003,-97.999,0.0,-90.239,0.003,-0.02,0.0,-2013.3464538581543,0.0,0.0,0.0,0.0,0.0,-8.0,0.0,0.0,0.0,0.0,0.0137698,-0.0068849,-0.0275396,4.7987753,-0.0137698,-1.1773179,0.01231013430998,0.004438583638528,-0.006137728937652,-0.0029491758242370003,-0.000258699633705,0.00258699633705,20.001000000000005,1.6935349999585014,0.18564599986348185,0.17897900033858605,0.0
pd,23:52:57.000,297,-40.003,-89.999,0.0,-90.239,0.003,-0.02,0.0,0.0,0.0,0.0,0.0,0.0,-40.003,-110.0,0.0,-90.239,0.003,-0.02,-40.003,-97.999,0.0,-90.239,0.003,-0.02,0.0,-1867.8708528167447,0.0,0.0,0.0,0.0,0.0,-8.0,0.0,0.0,0.0,0.0,0.0137698,-0.0068849,-0.0275396,4.7987753,-0.0137698,-1.1773179,0.01231013430998,0.004438583638528,-0.006137728937652,-0.0029491758242370003,-0.000258699633705,0.00258699633705,20.001000000000005,1.7085720000977744,0.1621460000933439,0.06461100019805599,0.0
pd,23:52:57.002,298,-40.003,-89.999,0.0,-90.239,0.003,-0.02,0.0,0.0,0.0,0.0,0.0,0.0,-40.003,-110.0,0.0,-90.239,0.003,-0.02,-40.003,-97.999,0.0,-90.239,0.003,-0.02,0.0,-1993.9643451390539,0.0,0.0,0.0,0.0,0.0,-8.0,0.0,0.0,0.0,0.0,0.0137698,-0.0068849,-0.0275396,4.7987753,-0.0137698,-1.1773179,0.01231013430998,0.004438583638528,-0.006137728937652,-0.0029491758242370003,-0.000258699633705,0.00258699633705,20.001000000000005,1.6316100000040024,0.15585000028295326,0.0711850002517167,0.0
pd,23:52:57.003,299,-40.003,-89.999,0.0,-90.239,0.003,-0.02,0.0,0.0,0.0,0.0,0.0,0.0,-40.003,-110.0,0.0,-90.239,0.003,-0.02,-40.003,-97.999,0.0,-90.239,0.003,-0.02,0.0,-2073.0527616458667,0.0,0.0,0.0,0.0,0.0,-8.0,0.0,0.0,0.0,0.0,0.0137698,-0.0068849,-0.0275396,4.7987753,-0.0137698,-1.1773179,0.01231013430998,0.004438583638528,-0.006137728937652,-0.0029491758242370003,-0.000258699633705,0.00258699633705,20.001000000000005,1.6953869999269955,0.14123899973128573,0.0607960000706953,0.0
pd,23:52:57.005,300,-40.003,-89.999,0.0,-90.239,0.003,-0.02,0.0,0.0,0.0,0.0,0.0,0.0,-40.003,-110.0,0.0,-90.239,0.003,-0.02,-40.003,-97.999,0.0,-90.239,0.003,-0.02,0.0,-2037.3061323618701,0.0,0.0,0.0,0.0,0.0,-8.0,0.0,0.0,0.0,0.0,0.0137698,-0.0068849,-0.0275396,4.7987753,-0.0137698,-1.1773179,0.01231013430998,0.004438583638528,-0.006137728937652,-0.0029491758242370003,-0.000258699633705,0.00258699633705,20.001000000000005,1.6264809996755503,0.13392399978329195,0.05688800001735217,0.0
pd,23:52:57.008,301,-40.003,-89.999,0.0,-90.239,0.003,-0.02,0.0,0.0,0.0,0.0,0.0,0.0,-40.003,-110.0,0.0,-90.239,0.003,-0.02,-40.003,-97.999,0.0,-90.239,0.003,-0.02,0.0,-1905.8520958764059,0.0,0.0,0.0,0.0,0.0,-8.0,0.0,0.0,0.0,0.0,0.0137698,-0.0068849,-0.0275396,4.7987753,-0.0137698,-1.1773179,0.01231013430998,0.004438583638528,-0.006137728937652,-0.0029491758242370003,-0.000258699633705,0.00258699633705,20.001000000000005,1.716443000077561,0.193089999811491,0.07805399991411832,0.0
pd,23:52:57.010,302,-40.003,-89.999,0.0,-90.239,0.003,-0.02,0.0,0.0,0.0,0.0,0.0,0.0,-40.003,-110.0,0.0,-90.239,0.003,-0.02,-40.003,-97.999,0.0,-90.239,0.003,-0.02,0.0,-1933.527255964043,0.0,0.0,0.0,0.0,0.0,-8.0,0.0,0.0,0.0,0.0,0.0137698,-0.0068849,-0.0275396,4.7987753,-0.0137698,-1.1773179,0.01231013430998,0.004438583638528,-0.006137728937652,-0.0029491758242370003,-0.000258699633705,0.00258699633705,20.001000000000005,1.6333140001734137,0.12890600009995978,0.056350999784626765,0.0
pd,23:52:57.011,303,-40.003,-89.999,0.0,-90.239,0.003,-0.02,0.0,0.0,0.0,0.0,0.0,0.0,-40.003,-110.0,0.0,-90.239,0.003,-0.02,-40.003,-97.999,0.0,-90.239,0.003,-0.02,0.0,-2126.9290060851927,0.0,0.0,0.0,0.0,0.0,-8.0,0.0,0.0,0.0,0.0,0.0137698,-0.0068849,-0.0275396,4.7987753,-0.0137698,-1.1773179,0.01231013430998,0.004438583638528,-0.006137728937652,-0.0029491758242370003,-0.000258699633705,0.00258699633705,20.001000000000005,1.6478689999530616,0.153905999923154,0.06755499998689629,0.0
pd,23:52:57.013,304,-40.003,-89.999,0.0,-90.239,0.003,-0.02,0.0,0.0,0.0,0.0,0.0,0.0,-40.003,-110.0,0.0,-90.239,0.003,-0.02,-40.003,-97.999,0.0,-90.239,0.003,-0.02,0.0,-2019.161872668191,0.0,0.0,0.0,0.0,0.0,-8.0,0.0,0.0,0.0,0.0,0.0137698,-0.0068849,-0.0275396,4.7987753,-0.0137698,-1.1773179,0.01231013430998,0.004438583638528,-0.006137728937652,-0.0029491758242370003,-0.000258699633705,0.00258699633705,20.001000000000005,1.6339809999408317,0.13792399977319292,0.060628999563050456,0.0
pd,23:52:57.015,305,-40.003,-89.999,0.0,-90.239,0.003,-0.02,0.0,0.0,0.0,0.0,0.0,0.0,-40.003,-110.0,0.0,-90.239,0.003,-0.02,-40.003,-97.999,0.0,-90.239,0.003,-0.02,0.0,-2105.8385841596587,0.0,0.0,0.0,0.0,0.0,-8.0,0.0,0.0,0.0,0.0,0.0137698,-0.0068849,-0.0275396,4.7987753,-0.0137698,-1.1773179,0.01231013430998,0.004438583638528,-0.006137728937652,-0.0029491758242370003,-0.000258699633705,0.00258699633705,20.001000000000005,1.6426659999524418,0.14471999975285144,0.0641289998384309,0.0
pd,23:52:57.017,306,-40.003,-89.999,0.0,-90.239,0.003,-0.02,0.0,0.0,0.0,0.0,0.0,0.0,-40.003,-110.0,0.0,-90.239,0.003,-0.02,-40.003,-97.999,0.0,-90.239,0.003,-0.02,0.0,-2083.0911348398313,0.0,0.0,0.0,0.0,0.0,-8.0,0.0,0.0,0.0,0.0,0.0137698,-0.0068849,-0.0275396,4.7987753,-0.0137698,-1.1773179,0.01231013430998,0.004438583638528,-0.006137728937652,-0.0029491758242370003,-0.000258699633705,0.00258699633705,20.001000000000005,1.6301290002047608,0.38862499968672637,0.10077599972646567,0.0
pd,23:52:57.019,307,-40.003,-89.999,0.0,-90.239,0.003,-0.02,0.0,0.0,0.0,0.0,0.0,0.0,-40.003,-110.0,0.0,-90.239,0.003,-0.02,-40.003,-97.999,0.0,-90.239,0.003,-0.02,0.0,-1815.3230902402076,0.0,0.0,0.0,0.0,0.0,-8.0,0.0,0.0,0.0,0.0,0.0137698,-0.0068849,-0.0275396,4.7987753,-0.0137698,-1.1773179,0.01231013430998,0.004438583638528,-0.006137728937652,-0.0029491758242370003,-0.000258699633705,0.00258699633705,20.001000000000005,1.7487570003140718,0.21003399979235837,0.09403600006407942,0.0
pd,23:52:57.022,308,-40.003,-89.999,0.0,-90.239,0.003,-0.02,0.0,0.0,0.0,0.0,0.0,0.0,-40.003,-110.0,0.0,-90.239,0.003,-0.02,-40.003,-97.999,0.0,-90.239,0.003,-0.02,0.0,-1869.9527418635755,0.0,0.0,0.0,0.0,0.0,-8.0,0.0,0.0,0.0,0.0,0.0137698,-0.0068849,-0.0275396,4.7987753,-0.0137698,-1.1773179,0.01231013430998,0.004438583638528,-0.006137728937652,-0.0029491758242370003,-0.000258699633705,0.00258699633705,20.001000000000005,1.6811840000627853,0.15984999981810688,0.06883300011395477,0.0
pd,23:52:57.024,309,-40.003,-89.999,0.0,-90.239,0.003,-0.02,0.0,0.0,0.0,0.0,0.0,0.0,-40.003,-110.0,0.0,-90.239,0.003,-0.02,-40.003,-97.999,0.0,-90.239,0.003,-0.02,0.0,-2017.2196705542865,0.0,0.0,0.0,0.0,0.0,-8.0,0.0,0.0,0.0,0.0,0.0137698,-0.0068849,-0.0275396,4.7987753,-0.0137698,-1.1773179,0.01231013430998,0.004438583638528,-0.006137728937652,-0.0029491758242370003,-0.000258699633705,0.00258699633705,20.001000000000005,1.786442000138777,0.16607199995632982,0.08481399981974391,0.0
pd,23:52:57.026,310,-40.003,-89.999,0.0,-90.239,0.003,-0.02,0.0,0.0,0.0,0.0,0.0,0.0,-40.003,-110.0,0.0,-90.239,0.003,-0.02,-40.003,-97.999,0.0,-90.239,0.003,-0.02,0.0,-1885.928057553957,0.0,0.0,0.0,0.0,0.0,-8.0,0.0,0.0,0.0,0.0,0.0137698,-0.0068849,-0.0275396,4.7987753,-0.0137698,-1.1773179,0.01231013430998,0.004438583638528,-0.006137728937652,-0.0029491758242370003,-0.000258699633705,0.00258699633705,20.001000000000005,1.6583870001340983,0.16412700006185332,0.06857400012449943,0.0
pd,23:52:57.028,311,-40.003,-89.999,0.0,-90.239,0.003,-0.02,0.0,0.0,0.0,0.0,0.0,0.0,-40.003,-110.0,0.0,-90.239,0.003,-0.02,-40.003,-97.999,0.0,-90.239,0.003,-0.02,0.0,-1827.7825471184226,0.0,0.0,0.0,0.0,0.0,-8.0,0.0,0.0,0.0,0.0,0.0137698,-0.0068849,-0.0275396,4.7987753,-0.0137698,-1.1773179,0.01231013430998,0.004438583638528,-0.006137728937652,-0.0029491758242370003,-0.000258699633705,0.00258699633705,20.001000000000005,1.8010339999818825,0.19005300009666826,0.07572100003017113,0.0
pd,23:52:57.030,312,-40.003,-89.999,0.0,-90.239,0.003,-0.02,0.0,0.0,0.0,0.0,0.0,0.0,-40.003,-110.0,0.0,-90.239,0.003,-0.02,-40.003,-97.999,0.0,-90.239,0.003,-0.02,0.0,-1862.2728382728383,0.0,0.0,0.0,0.0,0.0,-8.0,0.0,0.0,0.0,0.0,0.0137698,-0.0068849,-0.0275396,4.7987753,-0.0137698,-1.1773179,0.01231013430998,0.004438583638528,-0.006137728937652,-0.0029491758242370003,-0.000258699633705,0.00258699633705,20.001000000000005,1.6353689998140908,0.1316839998253272,0.05633299997498398,0.0
pd,23:52:57.032,313,-40.003,-89.999,0.0,-90.239,0.003,-0.02,0.0,0.0,0.0,0.0,0.0,0.0,-40.003,-110.0,0.0,-90.239,0.003,-0.02,-40.003,-97.999,0.0,-90.239,0.003,-0.02,0.0,-2118.870421823693,0.0,0.0,0.0,0.0,0.0,-8.0,0.0,0.0,0.0,0.0,0.0137698,-0.0068849,-0.0275396,4.7987753,-0.0137698,-1.1773179,0.01231013430998,0.004438583638528,-0.006137728937652,-0.0029491758242370003,-0.000258699633705,0.00258699633705,20.001000000000005,1.744257000154903,0.16666500005158014,0.0768509999033995,0.0
pd,23:52:57.034,314,-40.003,-89.999,0.0,-90.239,0.003,-0.02,0.0,0.0,0.0,0.0,0.0,0.0,-40.003,-110.0,0.0,-90.239,0.003,-0.02,-40.003,-97.999,0.0,-90.239,0.003,-0.02,0.0,-1939.1141932501155,0.0,0.0,0.0,0.0,0.0,-8.0,0.0,0.0,0.0,0.0,0.0137698,-0.0068849,-0.0275396,4.7987753,-0.0137698,-1.1773179,0.01231013430998,0.004438583638528,-0.006137728937652,-0.0029491758242370003,-0.000258699633705,0.00258699633705,20.001000000000005,1.6398689999732596,0.13668400015376392,0.06136899992270628,0.0
pd,23:52:57.036,315,-40.003,-89.999,0.0,-90.239,0.003,-0.02,0.0,0.0,0.0,0.0,0.0,0.0,-40.003,-110.0,0.0,-90.239,0.003,-0.02,-40.003,-97.999,0.0,-90.239,0.003,-0.02,0.0,-2100.0395543872824,0.0,0.0,0.0,0.0,0.0,-8.0,0.0,0.0,0.0,0.0,0.0137698,-0.0068849,-0.0275396,4.7987753,-0.0137698,-1.1773179,0.01231013430998,0.004438583638528,-0.006137728937652,-0.0029491758242370003,-0.000258699633705,0.00258699633705,20.001000000000005,1.6459809999105346,0.14077600008022273,0.10253599975840189,0.0
pd,23:52:57.038,316,-40.003,-89.999,0.0,-90.239,0.003,-0.02,0.0,0.0,0.0,0.0,0.0,0.0,-40.003,-110.0,0.0,-90.239,0.003,-0.02,-40.003,-97.999,0.0,-90.239,0.003,-0.02,0.0,-2045.5030480370642,0.0,0.0,0.0,0.0,0.0,-8.0,0.0,0.0,0.0,0.0,0.0137698,-0.0068849,-0.0275396,4.7987753,-0.0137698,-1.1773179,0.01231013430998,0.004438583638528,-0.006137728937652,-0.0029491758242370003,-0.000258699633705,0.00258699633705,20.001000000000005,1.624796000214701,0.1549430003251473,0.06727700019837357,0.0
pd,23:52:57.040,317,-40.003,-89.999,0.0,-90.239,0.003,-0.02,0.0,0.0,0.0,0.0,0.0,0.0,-40.003,-110.0,0.0,-90.239,0.003,-0.02,-40.003,-97.999,0.0,-90.239,0.003,-0.02,0.0,-2084.9031937367963,0.0,0.0,0.0,0.0,0.0,-8.0,0.0,0.0,0.0,0.0,0.0137698,-0.0068849,-0.0275396,4.7987753,-0.0137698,-1.1773179,0.01231013430998,0.004438583638528,-0.006137728937652,-0.0029491758242370003,-0.000258699633705,0.00258699633705,20.001000000000005,1.6528510000171082,0.1485900002080598,0.06616599966946524,0.0
pd,23:52:57.042,318,-40.003,-89.999,0.0,-90.239,0.003,-0.02,0.0,0.0,0.0,0.0,0.0,0.0,-40.003,-110.0,0.0,-90.239,0.003,-0.02,-40.003,-97.999,0.0,-90.239,0.003,-0.02,0.0,-2065.6508249199705,0.0,0.0,0.0,0.0,0.0,-8.0,0.0,0.0,0.0,0.0,0.0137698,-0.0068849,-0.0275396,4.7987753,-0.0137698,-1.1773179,0.01231013430998,0.004438583638528,-0.006137728937652,-0.0029491758242370003,-0.000258699633705,0.00258699633705,20.001000000000005,1.6373140001633146,0.15244299993355526,0.069796000389033,0.0
pd,23:52:57.044,319,-40.003,-89.999,0.0,-90.239,0.003,-0.02,0.0,0.0,0.0,0.0,0.0,0.0,-40.003,-110.0,0.0,-90.239,0.003,-0.02,-40.003,-97.999,0.0,-90.239,0.003,-0.02,0.0,-2073.308947108255,0.0,0.0,0.0,0.0,0.0,-8.0,0.0,0.0,0.0,0.0,0.0137698,-0.0068849,-0.0275396,4.7987753,-0.0137698,-1.1773179,0.01231013430998,0.004438583638528,-0.006137728937652,-0.0029491758242370003,-0.000258699633705,0.00258699633705,20.001000000000005,1.9484029999148333,0.19466399999146233,0.09348000003228663,0.0
pd,23:52:57.046,320,-40.003,-89.999,0.0,-90.239,0.003,-0.02,0.0,0.0,0.0,0.0,0.0,0.0,-40.003,-110.0,0.0,-90.239,0.003,-0.02,-40.003,-97.999,0.0,-90.239,0.003,-0.02,0.0,-1725.1635989717224,0.0,0.0,0.0,0.0,0.0,-8.0,0.0,0.0,0.0,0.0,0.0137698,-0.0068849,-0.0275396,4.7987753,-0.0137698,-1.1773179,0.01231013430998,0.004438583638528,-0.006137728937652,-0.0029491758242370003,-0.000258699633705,0.00258699633705,20.001000000000005,1.6429620000053546,0.136109999857581,0.05716599980587489,0.0
pd,23:52:57.048,321,-40.003,-89.999,0.0,-90.239,0.003,-0.02,0.0,0.0,0.0,0.0,0.0,0.0,-40.003,-110.0,0.0,-90.239,0.003,-0.02,-40.003,-97.999,0.0,-90.239,0.003,-0.02,0.0,-1883.5989671045245,0.0,0.0,0.0,0.0,0.0,-8.0,0.0,0.0,0.0,0.0,0.0137698,-0.0068849,-0.0275396,4.7987753,-0.0137698,-1.1773179,0.01231013430998,0.004438583638528,-0.006137728937652,-0.0029491758242370003,-0.000258699633705,0.00258699633705,20.001000000000005,1.99304999978267,0.20692399994004518,0.08999900001072092,0.0
pd,23:52:57.050,322,-40.003,-89.999,0.0,-90.239,0.003,-0.02,0.0,0.0,0.0,0.0,0.0,0.0,-40.003,-110.0,0.0,-90.239,0.003,-0.02,-40.003,-97.999,0.0,-90.239,0.003,-0.02,0.0,-1683.4453140678306,0.0,0.0,0.0,0.0,0.0,-8.0,0.0,0.0,0.0,0.0,0.0137698,-0.0068849,-0.0275396,4.7987753,-0.0137698,-1.1773179,0.01231013430998,0.004438583638528,-0.006137728937652,-0.0029491758242370003,-0.000258699633705,0.00258699633705,20.001000000000005,1.6514799999640672,0.1385170003231906,0.05935199988016393,0.0
pd,23:52:57.052,323,-40.003,-89.999,0.0,-90.239,0.003,-0.02,0.0,0.0,0.0,0.0,0.0,0.0,-40.003,-110.0,0.0,-90.239,0.003,-0.02,-40.003,-97.999,0.0,-90.239,0.003,-0.02,0.0,-2090.618816199377,0.0,0.0,0.0,0.0,0.0,-8.0,0.0,0.0,0.0,0.0,0.0137698,-0.0068849,-0.0275396,4.7987753,-0.0137698,-1.1773179,0.01231013430998,0.004438583638528,-0.006137728937652,-0.0029491758242370003,-0.000258699633705,0.00258699633705,20.001000000000005,1.7140539998763415,0.15948000009302632,0.07286900017788867,0.0
pd,23:52:57.054,324,-40.003,-89.999,0.0,-90.239,0.003,-0.02,0.0,0.0,0.0,0.0,0.0,0.0,-40.003,-110.0,0.0,-90.239,0.003,-0.02,-40.003,-97.999,0.0,-90.239,0.003,-0.02,0.0,-1979.3789523360076,0.0,0.0,0.0,0.0,0.0,-8.0,0.0,0.0,0.0,0.0,0.0137698,-0.0068849,-0.0275396,4.7987753,-0.0137698,-1.1773179,0.01231013430998,0.004438583638528,-0.006137728937652,-0.0029491758242370003,-0.000258699633705,0.00258699633705,20.001000000000005,1.6350000000784348,0.14312800021798466,0.060092000239819754,0.0
pd,23:52:57.056,325,-40.003,-89.999,0.0,-90.239,0.003,-0.02,0.0,0.0,0.0,0.0,0.0,0.0,-40.003,-110.0,0.0,-90.239,0.003,-0.02,-40.003,-97.999,0.0,-90.239,0.003,-0.02,0.0,-2098.9886150381585,0.0,0.0,0.0,0.0,0.0,-8.0,0.0,0.0,0.0,0.0,0.0137698,-0.0068849,-0.0275396,4.7987753,-0.0137698,-1.1773179,0.01231013430998,0.004438583638528,-0.006137728937652,-0.0029491758242370003,-0.000258699633705,0.00258699633705,20.001000000000005,1.643295000121725,0.133997999910207,0.05738800018662005,0.0
pd,23:52:57.058,326,-40.003,-89.999,0.0,-90.239,0.003,-0.02,0.0,0.0,0.0,0.0,0.0,0.0,-40.003,-110.0,0.0,-90.239,0.003,-0.02,-40.003,-97.999,0.0,-90.239,0.003,-0.02,0.0,-2108.2201558180445,0.0,0.0,0.0,0.0,0.0,-8.0,0.0,0.0,0.0,0.0,0.0137698,-0.0068849,-0.0275396,4.7987753,-0.0137698,-1.1773179,0.01231013430998,0.004438583638528,-0.006137728937652,-0.0029491758242370003,-0.000258699633705,0.00258699633705,20.001000000000005,1.61459199989622,0.1471089999540709,0.06479600006059627,0.0
pd,23:52:57.060,327,-40.003,-89.999,0.0,-90.239,0.003,-0.02,0.0,0.0,0.0,0.0,0.0,0.0,-40.003,-110.0,0.0,-90.239,0.003,-0.02,-40.003,-97.999,0.0,-90.239,0.003,-0.02,0.0,-2109.0152105593966,0.0,0.0,0.0,0.0,0.0,-8.0,0.0,0.0,0.0,0.0,0.0137698,-0.0068849,-0.0275396,4.7987753,-0.0137698,-1.1773179,0.01231013430998,0.004438583638528,-0.006137728937652,-0.0029491758242370003,-0.000258699633705,0.00258699633705,20.001000000000005,1.6762390000621963,0.14568400001735426,0.06485099993369658,0.0
pd,23:52:57.062,328,-40.003,-89.999,0.0,-90.239,0.003,-0.02,0.0,0.0,0.0,0.0,0.0,0.0,-40.003,-110.0,0.0,-90.239,0.003,-0.02,-40.003,-97.999,0.0,-90.239,0.003,-0.02,0.0,-2047.0004880429478,0.0,0.0,0.0,0.0,0.0,-8.0,0.0,0.0,0.0,0.0,0.0137698,-0.0068849,-0.0275396,4.7987753,-0.0137698,-1.1773179,0.01231013430998,0.004438583638528,-0.006137728937652,-0.0029491758242370003,-0.000258699633705,0.00258699633705,20.001000000000005,1.6280370000458788,0.1460169996789773,0.06590600014533265,0.0
pd,23:52:57.064,329,-40.003,-89.999,0.0,-90.239,0.003,-0.02,0.0,0.0,0.0,0.0,0.0,0.0,-40.003,-110.0,0.0,-90.239,0.003,-0.02,-40.003,-97.999,0.0,-90.239,0.003,-0.02,0.0,-2095.056943056943,0.0,0.0,0.0,0.0,0.0,-8.0,0.0,0.0,0.0,0.0,0.0137698,-0.0068849,-0.0275396,4.7987753,-0.0137698,-1.1773179,0.01231013430998,0.004438583638528,-0.006137728937652,-0.0029491758242370003,-0.000258699633705,0.00258699633705,20.001000000000005,1.6625729999759642,0.14753499999642372,0.06746200006091385,0.0
pd,23:52:57.066,330,-40.003,-89.999,0.0,-90.239,0.003,-0.02,0.0,0.0,0.0,0.0,0.0,0.0,-40.003,-110.0,0.0,-90.239,0.003,-0.02,-40.003,-97.999,0.0,-90.239,0.003,-0.02,0.0,-2056.53542534935,0.0,0.0,0.0,0.0,0.0,-8.0,0.0,0.0,0.0,0.0,0.0137698,-0.0068849,-0.0275396,4.7987753,-0.0137698,-1.1773179,0.01231013430998,0.004438583638528,-0.006137728937652,-0.0029491758242370003,-0.000258699633705,0.00258699633705,20.001000000000005,1.6590169998380588,0.13207200026954524,0.056555000355729135,0.0
pd,23:52:57.068,331,-40.003,-89.999,0.0,-90.239,0.003,-0.02,0.0,0.0,0.0,0.0,0.0,0.0,-40.003,-110.0,0.0,-90.239,0.003,-0.02,-40.003,-97.999,0.0,-90.239,0.003,-0.02,0.0,-1871.2041043943789,0.0,0.0,0.0,0.0,0.0,-8.0,0.0,0.0,0.0,0.0,0.0137698,-0.0068849,-0.0275396,4.7987753,-0.0137698,-1.1773179,0.01231013430998,0.004438583638528,-0.006137728937652,-0.0029491758242370003,-0.000258699633705,0.00258699633705,20.001000000000005,1.9784959999924467,0.2125529999830178,0.10107299976880313,0.0
pd,23:52:57.070,332,-40.003,-89.999,0.0,-90.239,0.003,-0.02,0.0,0.0,0.0,0.0,0.0,0.0,-40.003,-110.0,0.0,-90.239,0.003,-0.02,-40.003,-97.999,0.0,-90.239,0.003,-0.02,0.0,-1676.2130082925366,0.0,0.0,0.0,0.0,0.0,-8.0,0.0,0.0,0.0,0.0,0.0137698,-0.0068849,-0.0275396,4.7987753,-0.0137698,-1.1773179,0.01231013430998,0.004438583638528,-0.006137728937652,-0.0029491758242370003,-0.000258699633705,0.00258699633705,20.001000000000005,1.6533880002498336,0.1509610001448891,0.0666099999762082,0.0
pd,23:52:57.072,333,-40.003,-89.999,0.0,-90.239,0.003,-0.02,0.0,0.0,0.0,0.0,0.0,0.0,-40.003,-110.0,0.0,-90.239,0.003,-0.02,-40.003,-97.999,0.0,-90.239,0.003,-0.02,0.0,-2062.0963618485744,0.0,0.0,0.0,0.0,0.0,-8.0,0.0,0.0,0.0,0.0,0.0137698,-0.0068849,-0.0275396,4.7987753,-0.0137698,-1.1773179,0.01231013430998,0.004438583638528,-0.006137728937652,-0.0029491758242370003,-0.000258699633705,0.00258699633705,20.001000000000005,1.7002199997477874,0.15953499996612663,0.07470299988199258,0.0
pd,23:52:57.074,334,-40.003,-89.999,0.0,-90.239,0.003,-0.02,0.0,0.0,0.0,0.0,0.0,0.0,-40.003,-110.0,0.0,-90.239,0.003,-0.02,-40.003,-97.999,0.0,-90.239,0.003,-0.02,0.0,-1993.016868614873,0.0,0.0,0.0,0.0,0.0,-8.0,0.0,0.0,0.0,0.0,0.0137698,-0.0068849,-0.0275396,4.7987753,-0.0137698,-1.1773179,0.01231013430998,0.004438583638528,-0.006137728937652,-0.0029491758242370003,-0.000258699633705,0.00258699633705,20.001000000000005,1.71796099994026,0.15788699965924025,0.0725730001249758,0.0
pd,23:52:57.076,335,-40.003,-89.999,0.0,-90.239,0.003,-0.02,0.0,0.0,0.0,0.0,0.0,0.0,-40.003,-110.0,0.0,-90.239,0.003,-0.02,-40.003,-97.999,0.0,-90.239,0.003,-0.02,0.0,-1980.7811097992917,0.0,0.0,0.0,0.0,0.0,-8.0,0.0,0.0,0.0,0.0,0.0137698,-0.0068849,-0.0275396,4.7987753,-0.0137698,-1.1773179,0.01231013430998,0.004438583638528,-0.006137728937652,-0.0029491758242370003,-0.000258699633705,0.00258699633705,20.001000000000005,1.6897390000849555,0.1385170003231906,0.060833000134152826,0.0
pd,23:52:57.078,336,-40.003,-89.999,0.0,-90.239,0.003,-0.02,0.0,0.0,0.0,0.0,0.0,0.0,-40.003,-110.0,0.0,-90.239,0.003,-0.02,-40.003,-97.999,0.0,-90.239,0.003,-0.02,0.0,-2046.7507624740758,0.0,0.0,0.0,0.0,0.0,-8.0,0.0,0.0,0.0,0.0,0.0137698,-0.0068849,-0.0275396,4.7987753,-0.0137698,-1.1773179,0.01231013430998,0.004438583638528,-0.006137728937652,-0.0029491758242370003,-0.000258699633705,0.00258699633705,20.001000000000005,1.6208319998440857,0.1460910002606397,0.06648099997619283,0.0
pd,23:52:57.080,337,-40.003,-89.999,0.0,-90.239,0.003,-0.02,0.0,0.0,0.0,0.0,0.0,0.0,-40.003,-110.0,0.0,-90.239,0.003,-0.02,-40.003,-97.999,0.0,-90.239,0.003,-0.02,0.0,-2105.574297188755,0.0,0.0,0.0,0.0,0.0,-8.0,0.0,0.0,0.0,0.0,0.0137698,-0.0068849,-0.0275396,4.7987753,-0.0137698,-1.1773179,0.01231013430998,0.004438583638528,-0.006137728937652,-0.0029491758242370003,-0.000258699633705,0.00258699633705,20.001000000000005,1.6543510000701644,0.13707200014323462,0.0623509999968519,0.0
pd,23:52:57.082,338,-40.003,-89.999,0.0,-90.239,0.003,-0.02,0.0,0.0,0.0,0.0,0.0,0.0,-40.003,-110.0,0.0,-90.239,0.003,-0.02,-40.003,-97.999,0.0,-90.239,0.003,-0.02,0.0,-2082.83252638113,0.0,0.0,0.0,0.0,0.0,-8.0,0.0,0.0,0.0,0.0,0.0137698,-0.0068849,-0.0275396,4.7987753,-0.0137698,-1.1773179,0.01231013430998,0.004438583638528,-0.006137728937652,-0.0029491758242370003,-0.000258699633705,0.00258699633705,20.001000000000005,1.6297219999614754,0.14644299972133012,0.06572100028279237,0.0
pd,23:52:57.084,339,-40.003,-89.999,0.0,-90.239,0.003,-0.02,0.0,0.0,0.0,0.0,0.0,0.0,-40.003,-110.0,0.0,-90.239,0.003,-0.02,-40.003,-97.999,0.0,-90.239,0.003,-0.02,0.0,-2094.7953552253716,0.0,0.0,0.0,0.0,0.0,-8.0,0.0,0.0,0.0,0.0,0.0137698,-0.0068849,-0.0275396,4.7987753,-0.0137698,-1.1773179,0.01231013430998,0.004438583638528,-0.006137728937652,-0.0029491758242370003,-0.000258699633705,0.00258699633705,20.001000000000005,1.66070299974308,0.14601700013372465,0.06098000039855833,0.0
pd,23:52:57.086,340,-40.003,-89.999,0.0,-90.239,0.003,-0.02,0.0,0.0,0.0,0.0,0.0,0.0,-40.003,-110.0,0.0,-90.239,0.003,-0.02,-40.003,-97.999,0.0,-90.239,0.003,-0.02,0.0,-2068.707274969174,0.0,0.0,0.0,0.0,0.0,-8.0,0.0,0.0,0.0,0.0,0.0137698,-0.0068849,-0.0275396,4.7987753,-0.0137698,-1.1773179,0.01231013430998,0.004438583638528,-0.006137728937652,-0.0029491758242370003,-0.000258699633705,0.00258699633705,20.001000000000005,1.6179440003725176,0.13020300002608565,0.058165999689663295,0.0
pd,23:52:57.088,341,-40.003,-89.999,0.0,-90.239,0.003,-0.02,0.0,0.0,0.0,0.0,0.0,0.0,-40.003,-110.0,0.0,-90.239,0.003,-0.02,-40.003,-97.999,0.0,-90.239,0.003,-0.02,0.0,-1897.875113122172,0.0,0.0,0.0,0.0,0.0,-8.0,0.0,0.0,0.0,0.0,0.0137698,-0.0068849,-0.0275396,4.7987753,-0.0137698,-1.1773179,0.01231013430998,0.004438583638528,-0.006137728937652,-0.0029491758242370003,-0.000258699633705,0.00258699633705,20.001000000000005,1.728479999655974,0.1955719999386929,0.07792499991410295,0.0
pd,23:52:57.090,342,-40.003,-89.999,0.0,-90.239,0.003,-0.02,0.0,0.0,0.0,0.0,0.0,0.0,-40.003,-110.0,0.0,-90.239,0.003,-0.02,-40.003,-97.999,0.0,-90.239,0.003,-0.02,0.0,-1918.9312592931487,0.0,0.0,0.0,0.0,0.0,-8.0,0.0,0.0,0.0,0.0,0.0137698,-0.0068849,-0.0275396,4.7987753,-0.0137698,-1.1773179,0.01231013430998,0.004438583638528,-0.006137728937652,-0.0029491758242370003,-0.000258699633705,0.00258699633705,20.001000000000005,1.6297950000989658,0.13192400001571514,0.05590699993263115,0.0
pd,23:52:57.092,343,-40.003,-89.999,0.0,-90.239,0.003,-0.02,0.0,0.0,0.0,0.0,0.0,0.0,-40.003,-110.0,0.0,-90.239,0.003,-0.02,-40.003,-97.999,0.0,-90.239,0.003,-0.02,0.0,-2128.548084242578,0.0,0.0,0.0,0.0,0.0,-8.0,0.0,0.0,0.0,0.0,0.0137698,-0.0068849,-0.0275396,4.7987753,-0.0137698,-1.1773179,0.01231013430998,0.004438583638528,-0.006137728937652,-0.0029491758242370003,-0.000258699633705,0.00258699633705,20.001000000000005,1.6454619999421993,0.15764599993417505,0.0694800000928808,0.0
pd,23:52:57.094,344,-40.003,-89.999,0.0,-90.239,0.003,-0.02,0.0,0.0,0.0,0.0,0.0,0.0,-40.003,-110.0,0.0,-90.239,0.003,-0.02,-40.003,-97.999,0.0,-90.239,0.003,-0.02,0.0,-2058.554110429448,0.0,0.0,0.0,0.0,0.0,-8.0,0.0,0.0,0.0,0.0,0.0137698,-0.0068849,-0.0275396,4.7987753,-0.0137698,-1.1773179,0.01231013430998,0.004438583638528,-0.006137728937652,-0.0029491758242370003,-0.000258699633705,0.00258699633705,20.001000000000005,1.9023290001314308,0.18851599998015445,0.08822100016914192,0.0
pd,23:52:57.096,345,-40.003,-89.999,0.0,-90.239,0.003,-0.02,0.0,0.0,0.0,0.0,0.0,0.0,-40.003,-110.0,0.0,-90.239,0.003,-0.02,-40.003,-97.999,0.0,-90.239,0.003,-0.02,0.0,-1769.748523206751,0.0,0.0,0.0,0.0,0.0,-8.0,0.0,0.0,0.0,0.0,0.0137698,-0.0068849,-0.0275396,4.7987753,-0.0137698,-1.1773179,0.01231013430998,0.004438583638528,-0.006137728937652,-0.0029491758242370003,-0.000258699633705,0.00258699633705,20.001000000000005,1.7141280000032566,0.1509979997535993,0.06781400043109898,0.0
pd,23:52:57.098,346,-40.003,-89.999,0.0,-90.239,0.003,-0.02,0.0,0.0,0.0,0.0,0.0,0.0,-40.003,-110.0,0.0,-90.239,0.003,-0.02,-40.003,-97.999,0.0,-90.239,0.003,-0.02,0.0,-1998.7152728139147,0.0,0.0,0.0,0.0,0.0,-8.0,0.0,0.0,0.0,0.0,0.0137698,-0.0068849,-0.0275396,4.7987753,-0.0137698,-1.1773179,0.01231013430998,0.004438583638528,-0.006137728937652,-0.0029491758242370003,-0.000258699633705,0.00258699633705,20.001000000000005,1.6227950000029523,0.14844299994365429,0.06653599984929315,0.0
pd,23:52:57.100,347,-40.003,-89.999,0.0,-90.239,0.003,-0.02,0.0,0.0,0.0,0.0,0.0,0.0,-40.003,-110.0,0.0,-90.239,0.003,-0.02,-40.003,-97.999,0.0,-90.239,0.003,-0.02,0.0,-2096.3658628014496,0.0,0.0,0.0,0.0,0.0,-8.0,0.0,0.0,0.0,0.0,0.0137698,-0.0068849,-0.0275396,4.7987753,-0.0137698,-1.1773179,0.01231013430998,0.004438583638528,-0.006137728937652,-0.0029491758242370003,-0.000258699633705,0.00258699633705,20.001000000000005,1.7589419999239908,0.1601099997969868,0.07275799998751609,0.0
pd,23:52:57.102,348,-40.003,-89.999,0.0,-90.239,0.003,-0.02,0.0,0.0,0.0,0.0,0.0,0.0,-40.003,-110.0,0.0,-90.239,0.003,-0.02,-40.003,-97.999,0.0,-90.239,0.003,-0.02,0.0,-1935.981537041311,0.0,0.0,0.0,0.0,0.0,-8.0,0.0,0.0,0.0,0.0,0.0137698,-0.0068849,-0.0275396,4.7987753,-0.0137698,-1.1773179,0.01231013430998,0.004438583638528,-0.006137728937652,-0.0029491758242370003,-0.000258699633705,0.00258699633705,20.001000000000005,1.6333509997821238,0.15694199964855216,0.06916600023032515,0.0
pd,23:52:57.104,349,-40.003,-89.999,0.0,-90.239,0.003,-0.02,0.0,0.0,0.0,0.0,0.0,0.0,-40.003,-110.0,0.0,-90.239,0.003,-0.02,-40.003,-97.999,0.0,-90.239,0.003,-0.02,0.0,-2072.028652587378,0.0,0.0,0.0,0.0,0.0,-8.0,0.0,0.0,0.0,0.0,0.0137698,-0.0068849,-0.0275396,4.7987753,-0.0137698,-1.1773179,0.01231013430998,0.004438583638528,-0.006137728937652,-0.0029491758242370003,-0.000258699633705,0.00258699633705,20.001000000000005,1.670998999998119,0.13909099970987882,0.059221000356046716,0.0
pd,23:52:57.106,350,-40.003,-89.999,0.0,-90.239,0.003,-0.02,0.0,0.0,0.0,0.0,0.0,0.0,-40.003,-110.0,0.0,-90.239,0.003,-0.02,-40.003,-97.999,0.0,-90.239,0.003,-0.02,0.0,-2069.9834669956817,0.0,0.0,0.0,0.0,0.0,-8.0,0.0,0.0,0.0,0.0,0.0137698,-0.0068849,-0.0275396,4.7987753,-0.0137698,-1.1773179,0.01231013430998,0.004438583638528,-0.006137728937652,-0.0029491758242370003,-0.000258699633705,0.00258699633705,20.001000000000005,1.6158139997060061,0.13271999978314852,0.05811099981656298,0.0
pd,23:52:57.108,351,-40.003,-89.999,0.0,-90.239,0.003,-0.02,0.0,0.0,0.0,0.0,0.0,0.0,-40.003,-110.0,0.0,-90.239,0.003,-0.02,-40.003,-97.999,0.0,-90.239,0.003,-0.02,0.0,-1900.4549161758043,0.0,0.0,0.0,0.0,0.0,-8.0,0.0,0.0,0.0,0.0,0.0137698,-0.0068849,-0.0275396,4.7987753,-0.0137698,-1.1773179,0.01231013430998,0.004438583638528,-0.006137728937652,-0.0029491758242370003,-0.000258699633705,0.00258699633705,20.001000000000005,1.7246090001208358,0.18553500012785662,0.07218400014608051,0.0
pd,23:52:57.110,352,-40.003,-89.999,0.0,-90.239,0.003,-0.02,0.0,0.0,0.0,0.0,0.0,0.0,-40.003,-110.0,0.0,-90.239,0.003,-0.02,-40.003,-97.999,0.0,-90.239,0.003,-0.02,0.0,-1939.3383423881633,0.0,0.0,0.0,0.0,0.0,-8.0,0.0,0.0,0.0,0.0,0.0137698,-0.0068849,-0.0275396,4.7987753,-0.0137698,-1.1773179,0.01231013430998,0.004438583638528,-0.006137728937652,-0.0029491758242370003,-0.000258699633705,0.00258699633705,20.001000000000005,1.6279070000564388,0.13210999986768002,0.05485100018631783,0.0
pd,23:52:57.112,353,-40.003,-89.999,0.0,-90.239,0.003,-0.02,0.0,0.0,0.0,0.0,0.0,0.0,-40.003,-110.0,0.0,-90.239,0.003,-0.02,-40.003,-97.999,0.0,-90.239,0.003,-0.02,0.0,-2131.7936467598474,0.0,0.0,0.0,0.0,0.0,-8.0,0.0,0.0,0.0,0.0,0.0137698,-0.0068849,-0.0275396,4.7987753,-0.0137698,-1.1773179,0.01231013430998,0.004438583638528,-0.006137728937652,-0.0029491758242370003,-0.000258699633705,0.00258699633705,20.001000000000005,1.6476840000905213,0.16218300015680143,0.0714259999767819,0.0
pd,23:52:57.114,354,-40.003,-89.999,0.0,-90.239,0.003,-0.02,0.0,0.0,0.0,0.0,0.0,0.0,-40.003,-110.0,0.0,-90.239,0.003,-0.02,-40.003,-97.999,0.0,-90.239,0.003,-0.02,0.0,-2038.5438639125152,0.0,0.0,0.0,0.0,0.0,-8.0,0.0,0.0,0.0,0.0,0.0137698,-0.0068849,-0.0275396,4.7987753,-0.0137698,-1.1773179,0.01231013430998,0.004438583638528,-0.006137728937652,-0.0029491758242370003,-0.000258699633705,0.00258699633705,20.001000000000005,1.6398699999626842,0.1453130003028491,0.06172099983814405,0.0
pd,23:52:57.116,355,-40.003,-89.999,0.0,-90.239,0.003,-0.02,0.0,0.0,0.0,0.0,0.0,0.0,-40.003,-110.0,0.0,-90.239,0.003,-0.02,-40.003,-97.999,0.0,-90.239,0.003,-0.02,0.0,-2089.3170610211705,0.0,0.0,0.0,0.0,0.0,-8.0,0.0,0.0,0.0,0.0,0.0137698,-0.0068849,-0.0275396,4.7987753,-0.0137698,-1.1773179,0.01231013430998,0.004438583638528,-0.006137728937652,-0.0029491758242370003,-0.000258699633705,0.00258699633705,20.001000000000005,1.687628000127006,0.14049899982637726,0.06068500033507007,0.0
pd,23:52:57.118,356,-40.003,-89.999,0.0,-90.239,0.003,-0.02,0.0,0.0,0.0,0.0,0.0,0.0,-40.003,-110.0,0.0,-90.239,0.003,-0.02,-40.003,-97.999,0.0,-90.239,0.003,-0.02,0.0,-2046.5010978287387,0.0,0.0,0.0,0.0,0.0,-8.0,0.0,0.0,0.0,0.0,0.0137698,-0.0068849,-0.0275396,4.7987753,-0.0137698,-1.1773179,0.01231013430998,0.004438583638528,-0.006137728937652,-0.0029491758242370003,-0.000258699633705,0.00258699633705,20.001000000000005,1.6188139998121187,0.15142400025069946,0.06605499993384001,0.0
pd,23:52:57.120,357,-40.003,-89.999,0.0,-90.239,0.003,-0.02,0.0,0.0,0.0,0.0,0.0,0.0,-40.003,-110.0,0.0,-90.239,0.003,-0.02,-40.003,-97.999,0.0,-90.239,0.003,-0.02,0.0,-2097.152,0.0,0.0,0.0,0.0,0.0,-8.0,0.0,0.0,0.0,0.0,0.0137698,-0.0068849,-0.0275396,4.7987753,-0.0137698,-1.1773179,0.01231013430998,0.004438583638528,-0.006137728937652,-0.0029491758242370003,-0.000258699633705,0.00258699633705,20.001000000000005,1.9284029999653285,0.1891460001388623,0.08944299997892813,0.0
pd,23:52:57.122,358,-40.003,-89.999,0.0,-90.239,0.003,-0.02,0.0,0.0,0.0,0.0,0.0,0.0,-40.003,-110.0,0.0,-90.239,0.003,-0.02,-40.003,-97.999,0.0,-90.239,0.003,-0.02,0.0,-1745.9898012280155,0.0,0.0,0.0,0.0,0.0,-8.0,0.0,0.0,0.0,0.0,0.0137698,-0.0068849,-0.0275396,4.7987753,-0.0137698,-1.1773179,0.01231013430998,0.004438583638528,-0.006137728937652,-0.0029491758242370003,-0.000258699633705,0.00258699633705,20.001000000000005,1.6414990000157559,0.15973900008248165,0.0720359998922504,0.0
pd,23:52:57.124,359,-40.003,-89.999,0.0,-90.239,0.003,-0.02,0.0,0.0,0.0,0.0,0.0,0.0,-40.003,-110.0,0.0,-90.239,0.003,-0.02,-40.003,-97.999,0.0,-90.239,0.003,-0.02,0.0,-2052.0078277886496,0.0,0.0,0.0,0.0,0.0,-8.0,0.0,0.0,0.0,0.0,0.0137698,-0.0068849,-0.0275396,4.7987753,-0.0137698,-1.1773179,0.01231013430998,0.004438583638528,-0.006137728937652,-0.0029491758242370003,-0.000258699633705,0.00258699633705,20.001000000000005,1.7734600000949285,0.16101700020954013,0.06888799998705508,0.0
pd,23:52:57.126,360,-40.003,-89.999,0.0,-90.239,0.003,-0.02,0.0,0.0,0.0,0.0,0.0,0.0,-40.003,-110.0,0.0,-90.239,0.003,-0.02,-40.003,-97.999,0.0,-90.239,0.003,-0.02,0.0,-1924.213327216424,0.0,0.0,0.0,0.0,0.0,-8.0,0.0,0.0,0.0,0.0,0.0137698,-0.0068849,-0.0275396,4.7987753,-0.0137698,-1.1773179,0.01231013430998,0.004438583638528,-0.006137728937652,-0.0029491758242370003,-0.000258699633705,0.00258699633705,20.001000000000005,1.6260729998975876,0.13496100018528523,0.05848000000696629,0.0
pd,23:52:57.128,361,-40.003,-89.999,0.0,-90.239,0.003,-0.02,0.0,0.0,0.0,0.0,0.0,0.0,-40.003,-110.0,0.0,-90.239,0.003,-0.02,-40.003,-97.999,0.0,-90.239,0.003,-0.02,0.0,-1886.988640197953,0.0,0.0,0.0,0.0,0.0,-8.0,0.0,0.0,0.0,0.0,0.0137698,-0.0068849,-0.0275396,4.7987753,-0.0137698,-1.1773179,0.01231013430998,0.004438583638528,-0.006137728937652,-0.0029491758242370003,-0.000258699633705,0.00258699633705,20.001000000000005,1.9639400002233742,0.21464599967657705,0.08936999984143768,0.0
pd,23:52:57.131,362,-40.003,-89.999,0.0,-90.239,0.003,-0.02,0.0,0.0,0.0,0.0,0.0,0.0,-40.003,-110.0,0.0,-90.239,0.003,-0.02,-40.003,-97.999,0.0,-90.239,0.003,-0.02,0.0,-1694.1549025547813,0.0,0.0,0.0,0.0,0.0,-8.0,0.0,0.0,0.0,0.0,0.0137698,-0.0068849,-0.0275396,4.7987753,-0.0137698,-1.1773179,0.01231013430998,0.004438583638528,-0.006137728937652,-0.0029491758242370003,-0.000258699633705,0.00258699633705,20.001000000000005,1.7310349999206665,0.16499799994562636,0.0662219999867375,0.0
pd,23:52:57.133,363,-40.003,-89.999,0.0,-90.239,0.003,-0.02,0.0,0.0,0.0,0.0,0.0,0.0,-40.003,-110.0,0.0,-90.239,0.003,-0.02,-40.003,-97.999,0.0,-90.239,0.003,-0.02,0.0,-1968.92571294449,0.0,0.0,0.0,0.0,0.0,-8.0,0.0,0.0,0.0,0.0,0.0137698,-0.0068849,-0.0275396,4.7987753,-0.0137698,-1.1773179,0.01231013430998,0.004438583638528,-0.006137728937652,-0.0029491758242370003,-0.000258699633705,0.00258699633705,20.001000000000005,1.6735359999984212,0.15362799967988394,0.06822099976488971,0.0
pd,23:52:57.135,364,-40.003,-89.999,0.0,-90.239,0.003,-0.02,0.0,0.0,0.0,0.0,0.0,0.0,-40.003,-110.0,0.0,-90.239,0.003,-0.02,-40.003,-97.999,0.0,-90.239,0.003,-0.02,0.0,-2033.1090644692197,0.0,0.0,0.0,0.0,0.0,-8.0,0.0,0.0,0.0,0.0,0.0137698,-0.0068849,-0.0275396,4.7987753,-0.0137698,-1.1773179,0.01231013430998,0.004438583638528,-0.006137728937652,-0.0029491758242370003,-0.000258699633705,0.00258699633705,20.001000000000005,1.6757389998929284,0.13688700028069434,0.09031399986270117,0.0
pd,23:52:57.137,365,-40.003,-89.999,0.0,-90.239,0.003,-0.02,0.0,0.0,0.0,0.0,0.0,0.0,-40.003,-110.0,0.0,-90.239,0.003,-0.02,-40.003,-97.999,0.0,-90.239,0.003,-0.02,0.0,-2028.193423597679,0.0,0.0,0.0,0.0,0.0,-8.0,0.0,0.0,0.0,0.0,0.0137698,-0.0068849,-0.0275396,4.7987753,-0.0137698,-1.1773179,0.01231013430998,0.004438583638528,-0.006137728937652,-0.0029491758242370003,-0.000258699633705,0.00258699633705,20.001000000000005,1.6866460000528605,0.16746099981901352,0.07401799985018442,0.0
pd,23:52:57.139,366,-40.003,-89.999,0.0,-90.239,0.003,-0.02,0.0,0.0,0.0,0.0,0.0,0.0,-40.003,-110.0,0.0,-90.239,0.003,-0.02,-40.003,-97.999,0.0,-90.239,0.003,-0.02,0.0,-1997.287619047619,0.0,0.0,0.0,0.0,0.0,-8.0,0.0,0.0,0.0,0.0,0.0137698,-0.0068849,-0.0275396,4.7987753,-0.0137698,-1.1773179,0.01231013430998,0.004438583638528,-0.006137728937652,-0.0029491758242370003,-0.000258699633705,0.00258699633705,20.001000000000005,1.6882200002328318,0.23012700012259302,0.0752210003156506,0.0
pd,23:52:57.141,367,-40.003,-89.999,0.0,-90.239,0.003,-0.02,0.0,0.0,0.0,0.0,0.0,0.0,-40.003,-110.0,0.0,-90.239,0.003,-0.02,-40.003,-97.999,0.0,-90.239,0.003,-0.02,0.0,-1933.527255964043,0.0,0.0,0.0,0.0,0.0,-8.0,0.0,0.0,0.0,0.0,0.0137698,-0.0068849,-0.0275396,4.7987753,-0.0137698,-1.1773179,0.01231013430998,0.004438583638528,-0.006137728937652,-0.0029491758242370003,-0.000258699633705,0.00258699633705,20.001000000000005,1.683073000094737,0.141295000048558,0.06020300043019233,0.0
pd,23:52:57.143,368,-40.003,-89.999,0.0,-90.239,0.003,-0.02,0.0,0.0,0.0,0.0,0.0,0.0,-40.003,-110.0,0.0,-90.239,0.003,-0.02,-40.003,-97.999,0.0,-90.239,0.003,-0.02,0.0,-2054.520695566985,0.0,0.0,0.0,0.0,0.0,-8.0,0.0,0.0,0.0,0.0,0.0137698,-0.0068849,-0.0275396,4.7987753,-0.0137698,-1.1773179,0.01231013430998,0.004438583638528,-0.006137728937652,-0.0029491758242370003,-0.000258699633705,0.00258699633705,20.001000000000005,1.6736469997340464,0.14885000018693972,0.09694299978946219,0.0
pd,23:52:57.145,369,-40.003,-89.999,0.0,-90.239,0.003,-0.02,0.0,0.0,0.0,0.0,0.0,0.0,-40.003,-110.0,0.0,-90.239,0.003,-0.02,-40.003,-97.999,0.0,-90.239,0.003,-0.02,0.0,-2010.9332374445644,0.0,0.0,0.0,0.0,0.0,-8.0,0.0,0.0,0.0,0.0,0.0137698,-0.0068849,-0.0275396,4.7987753,-0.0137698,-1.1773179,0.01231013430998,0.004438583638528,-0.006137728937652,-0.0029491758242370003,-0.000258699633705,0.00258699633705,20.001000000000005,1.9386809999559773,0.191516000086267,0.09316600016973098,0.0
pd,23:52:57.147,370,-40.003,-89.999,0.0,-90.239,0.003,-0.02,0.0,0.0,0.0,0.0,0.0,0.0,-40.003,-110.0,0.0,-90.239,0.003,-0.02,-40.003,-97.999,0.0,-90.239,0.003,-0.02,0.0,-1736.4123369902711,0.0,0.0,0.0,0.0,0.0,-8.0,0.0,0.0,0.0,0.0,0.0137698,-0.0068849,-0.0275396,4.7987753,-0.0137698,-1.1773179,0.01231013430998,0.004438583638528,-0.006137728937652,-0.0029491758242370003,-0.000258699633705,0.00258699633705,20.001000000000005,1.7350530001749576,0.14912799997546244,0.0633509998806403,0.0
pd,23:52:57.149,371,-40.003,-89.999,0.0,-90.239,0.003,-0.02,0.0,0.0,0.0,0.0,0.0,0.0,-40.003,-110.0,0.0,-90.239,0.003,-0.02,-40.003,-97.999,0.0,-90.239,0.003,-0.02,0.0,-1758.4337071585787,0.0,0.0,0.0,0.0,0.0,-8.0,0.0,0.0,0.0,0.0,0.0137698,-0.0068849,-0.0275396,4.7987753,-0.0137698,-1.1773179,0.01231013430998,0.004438583638528,-0.006137728937652,-0.0029491758242370003,-0.000258699633705,0.00258699633705,20.001000000000005,1.7660529997556296,0.30549600023732637,0.08931299998948816,0.0
pd,23:52:57.152,372,-40.003,-89.999,0.0,-90.239,0.003,-0.02,0.0,0.0,0.0,0.0,0.0,0.0,-40.003,-110.0,0.0,-90.239,0.003,-0.02,-40.003,-97.999,0.0,-90.239,0.003,-0.02,0.0,-1776.8710019063758,0.0,0.0,0.0,0.0,0.0,-8.0,0.0,0.0,0.0,0.0,0.0137698,-0.0068849,-0.0275396,4.7987753,-0.0137698,-1.1773179,0.01231013430998,0.004438583638528,-0.006137728937652,-0.0029491758242370003,-0.000258699633705,0.00258699633705,20.001000000000005,1.761220000389585,0.1535349997539015,0.066389000039635,0.0
pd,23:52:57.154,373,-40.003,-89.999,0.0,-90.239,0.003,-0.02,0.0,0.0,0.0,0.0,0.0,0.0,-40.003,-110.0,0.0,-90.239,0.003,-0.02,-40.003,-97.999,0.0,-90.239,0.003,-0.02,0.0,-1952.8827843091608,0.0,0.0,0.0,0.0,0.0,-8.0,0.0,0.0,0.0,0.0,0.0137698,-0.0068849,-0.0275396,4.7987753,-0.0137698,-1.1773179,0.01231013430998,0.004438583638528,-0.006137728937652,-0.0029491758242370003,-0.000258699633705,0.00258699633705,20.001000000000005,1.6994429997794214,0.1743130001159443,0.08229499962908449,0.0
pd,23:52:57.156,374,-40.003,-89.999,0.0,-90.239,0.003,-0.02,0.0,0.0,0.0,0.0,0.0,0.0,-40.003,-110.0,0.0,-90.239,0.003,-0.02,-40.003,-97.999,0.0,-90.239,0.003,-0.02,0.0,-1965.2355628440905,0.0,0.0,0.0,0.0,0.0,-8.0,0.0,0.0,0.0,0.0,0.0137698,-0.0068849,-0.0275396,4.7987753,-0.0137698,-1.1773179,0.01231013430998,0.004438583638528,-0.006137728937652,-0.0029491758242370003,-0.000258699633705,0.00258699633705,20.001000000000005,1.7995709999922838,0.21368299985624617,0.1038320001498505,0.0
pd,23:52:57.158,375,-40.003,-89.999,0.0,-90.239,0.003,-0.02,0.0,0.0,0.0,0.0,0.0,0.0,-40.003,-110.0,0.0,-90.239,0.003,-0.02,-40.003,-97.999,0.0,-90.239,0.003,-0.02,0.0,-1814.9303331890956,0.0,0.0,0.0,0.0,0.0,-8.0,0.0,0.0,0.0,0.0,0.0137698,-0.0068849,-0.0275396,4.7987753,-0.0137698,-1.1773179,0.01231013430998,0.004438583638528,-0.006137728937652,-0.0029491758242370003,-0.000258699633705,0.00258699633705,20.001000000000005,1.700146999610297,0.15858999995543854,0.07311099989237846,0.0
pd,23:52:57.160,376,-40.003,-89.999,0.0,-90.239,0.003,-0.02,0.0,0.0,0.0,0.0,0.0,0.0,-40.003,-110.0,0.0,-90.239,0.003,-0.02,-40.003,-97.999,0.0,-90.239,0.003,-0.02,0.0,-1995.6245985488283,0.0,0.0,0.0,0.0,0.0,-8.0,0.0,0.0,0.0,0.0,0.0137698,-0.0068849,-0.0275396,4.7987753,-0.0137698,-1.1773179,0.01231013430998,0.004438583638528,-0.006137728937652,-0.0029491758242370003,-0.000258699633705,0.00258699633705,20.001000000000005,1.7417939998267684,0.14405399997485802,0.06375800012392574,0.0
pd,23:52:57.162,377,-40.003,-89.999,0.0,-90.239,0.003,-0.02,0.0,0.0,0.0,0.0,0.0,0.0,-40.003,-110.0,0.0,-90.239,0.003,-0.02,-40.003,-97.999,0.0,-90.239,0.003,-0.02,0.0,-1982.8880746956625,0.0,0.0,0.0,0.0,0.0,-8.0,0.0,0.0,0.0,0.0,0.0137698,-0.0068849,-0.0275396,4.7987753,-0.0137698,-1.1773179,0.01231013430998,0.004438583638528,-0.006137728937652,-0.0029491758242370003,-0.000258699633705,0.00258699633705,20.001000000000005,1.6632950000712299,0.1268689998141781,0.05399900010161218,0.0
pd,23:52:57.164,378,-40.003,-89.999,0.0,-90.239,0.003,-0.02,0.0,0.0,0.0,0.0,0.0,0.0,-40.003,-110.0,0.0,-90.239,0.003,-0.02,-40.003,-97.999,0.0,-90.239,0.003,-0.02,0.0,-2097.4141767720967,0.0,0.0,0.0,0.0,0.0,-8.0,0.0,0.0,0.0,0.0,0.0137698,-0.0068849,-0.0275396,4.7987753,-0.0137698,-1.1773179,0.01231013430998,0.004438583638528,-0.006137728937652,-0.0029491758242370003,-0.000258699633705,0.00258699633705,20.001000000000005,1.7476090001764533,0.15533099985987064,0.07659199991394416,0.0
pd,23:52:57.166,379,-40.003,-89.999,0.0,-90.239,0.003,-0.02,0.0,0.0,0.0,0.0,0.0,0.0,-40.003,-110.0,0.0,-90.239,0.003,-0.02,-40.003,-97.999,0.0,-90.239,0.003,-0.02,0.0,-1947.6684467146506,0.0,0.0,0.0,0.0,0.0,-8.0,0.0,0.0,0.0,0.0,0.0137698,-0.0068849,-0.0275396,4.7987753,-0.0137698,-1.1773179,0.01231013430998,0.004438583638528,-0.006137728937652,-0.0029491758242370003,-0.000258699633705,0.00258699633705,20.001000000000005,1.6931099999055732,0.1454049997846596,0.05957299981673714,0.0
pd,23:52:57.168,380,-40.003,-89.999,0.0,-90.239,0.003,-0.02,0.0,0.0,0.0,0.0,0.0,0.0,-40.003,-110.0,0.0,-90.239,0.003,-0.02,-40.003,-97.999,0.0,-90.239,0.003,-0.02,0.0,-2035.3288851146426,0.0,0.0,0.0,0.0,0.0,-8.0,0.0,0.0,0.0,0.0,0.0137698,-0.0068849,-0.0275396,4.7987753,-0.0137698,-1.1773179,0.01231013430998,0.004438583638528,-0.006137728937652,-0.0029491758242370003,-0.000258699633705,0.00258699633705,20.001000000000005,1.698923999811086,0.14912799997546244,0.06475899999713874,0.0
pd,23:52:57.170,381,-40.003,-89.999,0.0,-90.239,0.003,-0.02,0.0,0.0,0.0,0.0,0.0,0.0,-40.003,-110.0,0.0,-90.239,0.003,-0.02,-40.003,-97.999,0.0,-90.239,0.003,-0.02,0.0,-1754.7553603179583,0.0,0.0,0.0,0.0,0.0,-8.0,0.0,0.0,0.0,0.0,0.0137698,-0.0068849,-0.0275396,4.7987753,-0.0137698,-1.1773179,0.01231013430998,0.004438583638528,-0.006137728937652,-0.0029491758242370003,-0.000258699633705,0.00258699633705,20.001000000000005,2.0071800004188844,0.20881199998257216,0.09496199982095277,0.0
pd,23:52:57.172,382,-40.003,-89.999,0.0,-90.239,0.003,-0.02,0.0,0.0,0.0,0.0,0.0,0.0,-40.003,-110.0,0.0,-90.239,0.003,-0.02,-40.003,-97.999,0.0,-90.239,0.003,-0.02,0.0,-1667.052464228935,0.0,0.0,0.0,0.0,0.0,-8.0,0.0,0.0,0.0,0.0,0.0137698,-0.0068849,-0.0275396,4.7987753,-0.0137698,-1.1773179,0.01231013430998,0.004438583638528,-0.006137728937652,-0.0029491758242370003,-0.000258699633705,0.00258699633705,20.001000000000005,1.7612199999348377,0.16921999986152514,0.07746200026303995,0.0
pd,23:52:57.175,383,-40.003,-89.999,0.0,-90.239,0.003,-0.02,0.0,0.0,0.0,0.0,0.0,0.0,-40.003,-110.0,0.0,-90.239,0.003,-0.02,-40.003,-97.999,0.0,-90.239,0.003,-0.02,0.0,-1920.4688644688645,0.0,0.0,0.0,0.0,0.0,-8.0,0.0,0.0,0.0,0.0,0.0137698,-0.0068849,-0.0275396,4.7987753,-0.0137698,-1.1773179,0.01231013430998,0.004438583638528,-0.006137728937652,-0.0029491758242370003,-0.000258699633705,0.00258699633705,20.001000000000005,1.7365909998261486,0.14722100013386807,0.07042500010356889,0.0
pd,23:52:57.177,384,-40.003,-89.999,0.0,-90.239,0.003,-0.02,0.0,0.0,0.0,0.0,0.0,0.0,-40.003,-110.0,0.0,-90.239,0.003,-0.02,-40.003,-97.999,0.0,-90.239,0.003,-0.02,0.0,-1975.1843654344243,0.0,0.0,0.0,0.0,0.0,-8.0,0.0,0.0,0.0,0.0,0.0137698,-0.0068849,-0.0275396,4.7987753,-0.0137698,-1.1773179,0.01231013430998,0.004438583638528,-0.006137728937652,-0.0029491758242370003,-0.000258699633705,0.00258699633705,20.001000000000005,1.8081830003211508,0.17597900023247348,0.07798000024195062,0.0
pd,23:52:57.179,385,-40.003,-89.999,0.0,-90.239,0.003,-0.02,0.0,0.0,0.0,0.0,0.0,0.0,-40.003,-110.0,0.0,-90.239,0.003,-0.02,-40.003,-97.999,0.0,-90.239,0.003,-0.02,0.0,-1871.4128276631345,0.0,0.0,0.0,0.0,0.0,-8.0,0.0,0.0,0.0,0.0,0.0137698,-0.0068849,-0.0275396,4.7987753,-0.0137698,-1.1773179,0.01231013430998,0.004438583638528,-0.006137728937652,-0.0029491758242370003,-0.000258699633705,0.00258699633705,20.001000000000005,1.6947760000221024,0.15781299998707254,0.07762900031593745,0.0
pd,23:52:57.181,386,-40.003,-89.999,0.0,-90.239,0.003,-0.02,0.0,0.0,0.0,0.0,0.0,0.0,-40.003,-110.0,0.0,-90.239,0.003,-0.02,-40.003,-97.999,0.0,-90.239,0.003,-0.02,0.0,-1944.7335110698968,0.0,0.0,0.0,0.0,0.0,-8.0,0.0,0.0,0.0,0.0,0.0137698,-0.0068849,-0.0275396,4.7987753,-0.0137698,-1.1773179,0.01231013430998,0.004438583638528,-0.006137728937652,-0.0029491758242370003,-0.000258699633705,0.00258699633705,20.001000000000005,1.6818869999042363,0.1430719999007124,0.06014700011292007,0.0
pd,23:52:57.183,387,-40.003,-89.999,0.0,-90.239,0.003,-0.02,0.0,0.0,0.0,0.0,0.0,0.0,-40.003,-110.0,0.0,-90.239,0.003,-0.02,-40.003,-97.999,0.0,-90.239,0.003,-0.02,0.0,-2052.2588379204894,0.0,0.0,0.0,0.0,0.0,-8.0,0.0,0.0,0.0,0.0,0.0137698,-0.0068849,-0.0275396,4.7987753,-0.0137698,-1.1773179,0.01231013430998,0.004438583638528,-0.006137728937652,-0.0029491758242370003,-0.000258699633705,0.00258699633705,20.001000000000005,1.6652760000397393,0.15435000022989698,0.16994199995679082,0.0
pd,23:52:57.185,388,-40.003,-89.999,0.0,-90.239,0.003,-0.02,0.0,0.0,0.0,0.0,0.0,0.0,-40.003,-110.0,0.0,-90.239,0.003,-0.02,-40.003,-97.999,0.0,-90.239,0.003,-0.02,0.0,-1936.8755483722005,0.0,0.0,0.0,0.0,0.0,-8.0,0.0,0.0,0.0,0.0,0.0137698,-0.0068849,-0.0275396,4.7987753,-0.0137698,-1.1773179,0.01231013430998,0.004438583638528,-0.006137728937652,-0.0029491758242370003,-0.000258699633705,0.00258699633705,20.001000000000005,1.6954610000539105,0.1448499997422914,0.0575369999751274,0.0
pd,23:52:57.187,389,-40.003,-89.999,0.0,-90.239,0.003,-0.02,0.0,0.0,0.0,0.0,0.0,0.0,-40.003,-110.0,0.0,-90.239,0.003,-0.02,-40.003,-97.999,0.0,-90.239,0.003,-0.02,0.0,-2038.0485908649173,0.0,0.0,0.0,0.0,0.0,-8.0,0.0,0.0,0.0,0.0,0.0137698,-0.0068849,-0.0275396,4.7987753,-0.0137698,-1.1773179,0.01231013430998,0.004438583638528,-0.006137728937652,-0.0029491758242370003,-0.000258699633705,0.00258699633705,20.001000000000005,1.6616660000181582,0.138202000016463,0.08299899991470738,0.0
pd,23:52:57.189,390,-40.003,-89.999,0.0,-90.239,0.003,-0.02,0.0,0.0,0.0,0.0,0.0,0.0,-40.003,-110.0,0.0,-90.239,0.003,-0.02,-40.003,-97.999,0.0,-90.239,0.003,-0.02,0.0,-2051.2551656681744,0.0,0.0,0.0,0.0,0.0,-8.0,0.0,0.0,0.0,0.0,0.0137698,-0.0068849,-0.0275396,4.7987753,-0.0137698,-1.1773179,0.01231013430998,0.004438583638528,-0.006137728937652,-0.0029491758242370003,-0.000258699633705,0.00258699633705,20.001000000000005,1.6754989997025405,0.14118299986876082,0.06070299968996551,0.0
pd,23:52:57.191,391,-40.003,-89.999,0.0,-90.239,0.003,-0.02,0.0,0.0,0.0,0.0,0.0,0.0,-40.003,-110.0,0.0,-90.239,0.003,-0.02,-40.003,-97.999,0.0,-90.239,0.003,-0.02,0.0,-1824.8005220796172,0.0,0.0,0.0,0.0,0.0,-8.0,0.0,0.0,0.0,0.0,0.0137698,-0.0068849,-0.0275396,4.7987753,-0.0137698,-1.1773179,0.01231013430998,0.004438583638528,-0.006137728937652,-0.0029491758242370003,-0.000258699633705,0.00258699633705,20.001000000000005,1.7657750004218542,0.18601600004330976,0.07183200023064273,0.0
pd,23:52:57.193,392,-40.003,-89.999,0.0,-90.239,0.003,-0.02,0.0,0.0,0.0,0.0,0.0,0.0,-40.003,-110.0,0.0,-90.239,0.003,-0.02,-40.003,-97.999,0.0,-90.239,0.003,-0.02,0.0,-1901.9630427389186,0.0,0.0,0.0,0.0,0.0,-8.0,0.0,0.0,0.0,0.0,0.0137698,-0.0068849,-0.0275396,4.7987753,-0.0137698,-1.1773179,0.01231013430998,0.004438583638528,-0.006137728937652,-0.0029491758242370003,-0.000258699633705,0.00258699633705,20.001000000000005,1.6802400000415219,0.15068299990161904,0.06753599973308155,0.0
pd,23:52:57.195,393,-40.003,-89.999,0.0,-90.239,0.003,-0.02,0.0,0.0,0.0,0.0,0.0,0.0,-40.003,-110.0,0.0,-90.239,0.003,-0.02,-40.003,-97.999,0.0,-90.239,0.003,-0.02,0.0,-2029.9111917725347,0.0,0.0,0.0,0.0,0.0,-8.0,0.0,0.0,0.0,0.0,0.0137698,-0.0068849,-0.0275396,4.7987753,-0.0137698,-1.1773179,0.01231013430998,0.004438583638528,-0.006137728937652,-0.0029491758242370003,-0.000258699633705,0.00258699633705,20.001000000000005,1.983827999993082,0.1992200000131561,0.09477699995841249,0.0
pd,23:52:57.197,394,-40.003,-89.999,0.0,-90.239,0.003,-0.02,0.0,0.0,0.0,0.0,0.0,0.0,-40.003,-110.0,0.0,-90.239,0.003,-0.02,-40.003,-97.999,0.0,-90.239,0.003,-0.02,0.0,-1690.5699314792423,0.0,0.0,0.0,0.0,0.0,-8.0,0.0,0.0,0.0,0.0,0.0137698,-0.0068849,-0.0275396,4.7987753,-0.0137698,-1.1773179,0.01231013430998,0.004438583638528,-0.006137728937652,-0.0029491758242370003,-0.000258699633705,0.00258699633705,20.001000000000005,1.701331999811373,0.14901599979566527,0.06501799998659408,0.0
pd,23:52:57.199,395,-40.003,-89.999,0.0,-90.239,0.003,-0.02,0.0,0.0,0.0,0.0,0.0,0.0,-40.003,-110.0,0.0,-90.239,0.003,-0.02,-40.003,-97.999,0.0,-90.239,0.003,-0.02,0.0,-1977.0464294131511,0.0,0.0,0.0,0.0,0.0,-8.0,0.0,0.0,0.0,0.0,0.0137698,-0.0068849,-0.0275396,4.7987753,-0.0137698,-1.1773179,0.01231013430998,0.004438583638528,-0.006137728937652,-0.0029491758242370003,-0.000258699633705,0.00258699633705,20.001000000000005,1.7029430000548018,0.1621639999029867,0.06740699973306619,0.0
pd,23:52:57.201,396,-40.003,-89.999,0.0,-90.239,0.003,-0.02,0.0,0.0,0.0,0.0,0.0,0.0,-40.003,-110.0,0.0,-90.239,0.003,-0.02,-40.003,-97.999,0.0,-90.239,0.003,-0.02,0.0,-1996.3369823893383,0.0,0.0,0.0,0.0,0.0,-8.0,0.0,0.0,0.0,0.0,0.0137698,-0.0068849,-0.0275396,4.7987753,-0.0137698,-1.1773179,0.01231013430998,0.004438583638528,-0.006137728937652,-0.0029491758242370003,-0.000258699633705,0.00258699633705,20.001000000000005,2.1995110000716522,0.17816399986259057,0.08157299998856615,0.0
pd,23:52:57.204,397,-40.003,-89.999,0.0,-90.239,0.003,-0.02,0.0,0.0,0.0,0.0,0.0,0.0,-40.003,-110.0,0.0,-90.239,0.003,-0.02,-40.003,-97.999,0.0,-90.239,0.003,-0.02,0.0,-1577.2507285888878,0.0,0.0,0.0,0.0,0.0,-8.0,0.0,0.0,0.0,0.0,0.0137698,-0.0068849,-0.0275396,4.7987753,-0.0137698,-1.1773179,0.01231013430998,0.004438583638528,-0.006137728937652,-0.0029491758242370003,-0.000258699633705,0.00258699633705,20.001000000000005,1.779200999862951,0.1675540001997433,0.07329500022024149,0.0
pd,23:52:57.206,398,-40.003,-89.999,0.0,-90.239,0.003,-0.02,0.0,0.0,0.0,0.0,0.0,0.0,-40.003,-110.0,0.0,-90.239,0.003,-0.02,-40.003,-97.999,0.0,-90.239,0.003,-0.02,0.0,-1910.4094739239354,0.0,0.0,0.0,0.0,0.0,-8.0,0.0,0.0,0.0,0.0,0.0137698,-0.0068849,-0.0275396,4.7987753,-0.0137698,-1.1773179,0.01231013430998,0.004438583638528,-0.006137728937652,-0.0029491758242370003,-0.000258699633705,0.00258699633705,20.001000000000005,1.6414799997619411,0.14242499992178637,0.06201799988048151,0.0
pd,23:52:57.208,399,-40.003,-89.999,0.0,-90.239,0.003,-0.02,0.0,0.0,0.0,0.0,0.0,0.0,-40.003,-110.0,0.0,-90.239,0.003,-0.02,-40.003,-97.999,0.0,-90.239,0.003,-0.02,0.0,-2089.837568510214,0.0,0.0,0.0,0.0,0.0,-8.0,0.0,0.0,0.0,0.0,0.0137698,-0.0068849,-0.0275396,4.7987753,-0.0137698,-1.1773179,0.01231013430998,0.004438583638528,-0.006137728937652,-0.0029491758242370003,-0.000258699633705,0.00258699633705,20.001000000000005,1.6580910000811855,0.15703500002928195,0.06922100010342547,0.0
pd,23:52:57.210,400,-40.003,-89.999,0.0,-90.239,0.003,-0.02,0.0,0.0,0.0,0.0,0.0,0.0,-40.003,-110.0,0.0,-90.239,0.003,-0.02,-40.003,-97.999,0.0,-90.239,0.003,-0.02,0.0,-2043.5098660170524,0.0,0.0,0.0,0.0,0.0,-8.0,0.0,0.0,0.0,0.0,0.0137698,-0.0068849,-0.0275396,4.7987753,-0.0137698,-1.1773179,0.01231013430998,0.004438583638528,-0.006137728937652,-0.0029491758242370003,-0.000258699633705,0.00258699633705,20.001000000000005,1.6297399997711182,0.13162899995222688,0.05481400012286031,0.0
pd,23:52:57.212,401,-40.003,-89.999,0.0,-90.239,0.003,-0.02,0.0,0.0,0.0,0.0,0.0,0.0,-40.003,-110.0,0.0,-90.239,0.003,-0.02,-40.003,-97.999,0.0,-90.239,0.003,-0.02,0.0,-1871.4128276631345,0.0,0.0,0.0,0.0,0.0,-8.0,0.0,0.0,0.0,0.0,0.0137698,-0.0068849,-0.0275396,4.7987753,-0.0137698,-1.1773179,0.01231013430998,0.004438583638528,-0.006137728937652,-0.0029491758242370003,-0.000258699633705,0.00258699633705,20.001000000000005,1.7348309997942124,0.18088700016960502,0.10725799984356854,0.0
pd,23:52:57.214,402,-40.003,-89.999,0.0,-90.239,0.003,-0.02,0.0,0.0,0.0,0.0,0.0,0.0,-40.003,-110.0,0.0,-90.239,0.003,-0.02,-40.003,-97.999,0.0,-90.239,0.003,-0.02,0.0,-1891.4561443066516,0.0,0.0,0.0,0.0,0.0,-8.0,0.0,0.0,0.0,0.0,0.0137698,-0.0068849,-0.0275396,4.7987753,-0.0137698,-1.1773179,0.01231013430998,0.004438583638528,-0.006137728937652,-0.0029491758242370003,-0.000258699633705,0.00258699633705,20.001000000000005,1.6312949996972748,0.15647999998691375,0.06912900016686763,0.0
pd,23:52:57.216,403,-40.003,-89.999,0.0,-90.239,0.003,-0.02,0.0,0.0,0.0,0.0,0.0,0.0,-40.003,-110.0,0.0,-90.239,0.003,-0.02,-40.003,-97.999,0.0,-90.239,0.003,-0.02,0.0,-2072.796639486039,0.0,0.0,0.0,0.0,0.0,-8.0,0.0,0.0,0.0,0.0,0.0137698,-0.0068849,-0.0275396,4.7987753,-0.0137698,-1.1773179,0.01231013430998,0.004438583638528,-0.006137728937652,-0.0029491758242370003,-0.000258699633705,0.00258699633705,20.001000000000005,1.6683499998180196,0.14977599994381308,0.06462900000769878,0.0
pd,23:52:57.218,404,-40.003,-89.999,0.0,-90.239,0.003,-0.02,0.0,0.0,0.0,0.0,0.0,0.0,-40.003,-110.0,0.0,-90.239,0.003,-0.02,-40.003,-97.999,0.0,-90.239,0.003,-0.02,0.0,-2049.000488519785,0.0,0.0,0.0,0.0,0.0,-8.0,0.0,0.0,0.0,0.0,0.0137698,-0.0068849,-0.0275396,4.7987753,-0.0137698,-1.1773179,0.01231013430998,0.004438583638528,-0.006137728937652,-0.0029491758242370003,-0.000258699633705,0.00258699633705,20.001000000000005,1.6253139997388644,0.1414610001120309,0.07092500027283677,0.0
pd,23:52:57.220,405,-40.003,-89.999,0.0,-90.239,0.003,-0.02,0.0,0.0,0.0,0.0,0.0,0.0,-40.003,-110.0,0.0,-90.239,0.003,-0.02,-40.003,-97.999,0.0,-90.239,0.003,-0.02,0.0,-2097.4141767720967,0.0,0.0,0.0,0.0,0.0,-8.0,0.0,0.0,0.0,0.0,0.0137698,-0.0068849,-0.0275396,4.7987753,-0.0137698,-1.1773179,0.01231013430998,0.004438583638528,-0.006137728937652,-0.0029491758242370003,-0.000258699633705,0.00258699633705,20.001000000000005,1.9913470000574307,0.214423000215902,0.10770199969556415,0.0
pd,23:52:57.222,406,-40.003,-89.999,0.0,-90.239,0.003,-0.02,0.0,0.0,0.0,0.0,0.0,0.0,-40.003,-110.0,0.0,-90.239,0.003,-0.02,-40.003,-97.999,0.0,-90.239,0.003,-0.02,0.0,-1663.9111375582663,0.0,0.0,0.0,0.0,0.0,-8.0,0.0,0.0,0.0,0.0,0.0137698,-0.0068849,-0.0275396,4.7987753,-0.0137698,-1.1773179,0.01231013430998,0.004438583638528,-0.006137728937652,-0.0029491758242370003,-0.000258699633705,0.00258699633705,20.001000000000005,1.6612389999863808,0.1397569999426196,0.0571479999962321,0.0
pd,23:52:57.224,407,-40.003,-89.999,0.0,-90.239,0.003,-0.02,0.0,0.0,0.0,0.0,0.0,0.0,-40.003,-110.0,0.0,-90.239,0.003,-0.02,-40.003,-97.999,0.0,-90.239,0.003,-0.02,0.0,-2080.24996900186,0.0,0.0,0.0,0.0,0.0,-8.0,0.0,0.0,0.0,0.0,0.0137698,-0.0068849,-0.0275396,4.7987753,-0.0137698,-1.1773179,0.01231013430998,0.004438583638528,-0.006137728937652,-0.0029491758242370003,-0.000258699633705,0.00258699633705,20.001000000000005,1.7077390002668835,0.16459099970234092,0.0771660002101271,0.0
pd,23:52:57.226,408,-40.003,-89.999,0.0,-90.239,0.003,-0.02,0.0,0.0,0.0,0.0,0.0,0.0,-40.003,-110.0,0.0,-90.239,0.003,-0.02,-40.003,-97.999,0.0,-90.239,0.003,-0.02,0.0,-1976.5805843543826,0.0,0.0,0.0,0.0,0.0,-8.0,0.0,0.0,0.0,0.0,0.0137698,-0.0068849,-0.0275396,4.7987753,-0.0137698,-1.1773179,0.01231013430998,0.004438583638528,-0.006137728937652,-0.0029491758242370003,-0.000258699633705,0.00258699633705,20.001000000000005,1.7334430003757006,0.16092399982881034,0.07301699997697142,0.0
pd,23:52:57.228,409,-40.003,-89.999,0.0,-90.239,0.003,-0.02,0.0,0.0,0.0,0.0,0.0,0.0,-40.003,-110.0,0.0,-90.239,0.003,-0.02,-40.003,-97.999,0.0,-90.239,0.003,-0.02,0.0,-1962.706598034628,0.0,0.0,0.0,0.0,0.0,-8.0,0.0,0.0,0.0,0.0,0.0137698,-0.0068849,-0.0275396,4.7987753,-0.0137698,-1.1773179,0.01231013430998,0.004438583638528,-0.006137728937652,-0.0029491758242370003,-0.000258699633705,0.00258699633705,20.001000000000005,1.7954229997485527,0.1629240000511345,0.07020300017757108,0.0
pd,23:52:57.230,410,-40.003,-89.999,0.0,-90.239,0.003,-0.02,0.0,0.0,0.0,0.0,0.0,0.0,-40.003,-110.0,0.0,-90.239,0.003,-0.02,-40.003,-97.999,0.0,-90.239,0.003,-0.02,0.0,-1900.4549161758043,0.0,0.0,0.0,0.0,0.0,-8.0,0.0,0.0,0.0,0.0,0.0137698,-0.0068849,-0.0275396,4.7987753,-0.0137698,-1.1773179,0.01231013430998,0.004438583638528,-0.006137728937652,-0.0029491758242370003,-0.000258699633705,0.00258699633705,20.001000000000005,1.6434069998467749,0.15560900010314072,0.07144400024117203,0.0
pd,23:52:57.233,411,-40.003,-89.999,0.0,-90.239,0.003,-0.02,0.0,0.0,0.0,0.0,0.0,0.0,-40.003,-110.0,0.0,-90.239,0.003,-0.02,-40.003,-97.999,0.0,-90.239,0.003,-0.02,0.0,-1782.3452671836822,0.0,0.0,0.0,0.0,0.0,-8.0,0.0,0.0,0.0,0.0,0.0137698,-0.0068849,-0.0275396,4.7987753,-0.0137698,-1.1773179,0.01231013430998,0.004438583638528,-0.006137728937652,-0.0029491758242370003,-0.000258699633705,0.00258699633705,20.001000000000005,1.725294000152644,0.18653500001164502,0.06640599985985318,0.0
pd,23:52:57.235,412,-40.003,-89.999,0.0,-90.239,0.003,-0.02,0.0,0.0,0.0,0.0,0.0,0.0,-40.003,-110.0,0.0,-90.239,0.003,-0.02,-40.003,-97.999,0.0,-90.239,0.003,-0.02,0.0,-1939.1141932501155,0.0,0.0,0.0,0.0,0.0,-8.0,0.0,0.0,0.0,0.0,0.0137698,-0.0068849,-0.0275396,4.7987753,-0.0137698,-1.1773179,0.01231013430998,0.004438583638528,-0.006137728937652,-0.0029491758242370003,-0.000258699633705,0.00258699633705,20.001000000000005,1.670424999701936,0.15457299969057203,0.09257300007448066,0.0
pd,23:52:57.237,413,-40.003,-89.999,0.0,-90.239,0.003,-0.02,0.0,0.0,0.0,0.0,0.0,0.0,-40.003,-110.0,0.0,-90.239,0.003,-0.02,-40.003,-97.999,0.0,-90.239,0.003,-0.02,0.0,-2011.1742987293214,0.0,0.0,0.0,0.0,0.0,-8.0,0.0,0.0,0.0,0.0,0.0137698,-0.0068849,-0.0275396,4.7987753,-0.0137698,-1.1773179,0.01231013430998,0.004438583638528,-0.006137728937652,-0.0029491758242370003,-0.000258699633705,0.00258699633705,20.001000000000005,1.6367769999305892,0.1864049995674577,0.06360999987009563,0.0
pd,23:52:57.239,414,-40.003,-89.999,0.0,-90.239,0.003,-0.02,0.0,0.0,0.0,0.0,0.0,0.0,-40.003,-110.0,0.0,-90.239,0.003,-0.02,-40.003,-97.999,0.0,-90.239,0.003,-0.02,0.0,-2046.7507624740758,0.0,0.0,0.0,0.0,0.0,-8.0,0.0,0.0,0.0,0.0,0.0137698,-0.0068849,-0.0275396,4.7987753,-0.0137698,-1.1773179,0.01231013430998,0.004438583638528,-0.006137728937652,-0.0029491758242370003,-0.000258699633705,0.00258699633705,20.001000000000005,1.6183140000975982,0.1543870002933545,0.06931400002940791,0.0
pd,23:52:57.241,415,-40.003,-89.999,0.0,-90.239,0.003,-0.02,0.0,0.0,0.0,0.0,0.0,0.0,-40.003,-110.0,0.0,-90.239,0.003,-0.02,-40.003,-97.999,0.0,-90.239,0.003,-0.02,0.0,-2090.358335409918,0.0,0.0,0.0,0.0,0.0,-8.0,0.0,0.0,0.0,0.0,0.0137698,-0.0068849,-0.0275396,4.7987753,-0.0137698,-1.1773179,0.01231013430998,0.004438583638528,-0.006137728937652,-0.0029491758242370003,-0.000258699633705,0.00258699633705,20.001000000000005,1.662424999722134,0.14618300019719754,0.063500000123895,0.0
pd,23:52:57.242,416,-40.003,-89.999,0.0,-90.239,0.003,-0.02,0.0,0.0,0.0,0.0,0.0,0.0,-40.003,-110.0,0.0,-90.239,0.003,-0.02,-40.003,-97.999,0.0,-90.239,0.003,-0.02,0.0,-2063.3644078219163,0.0,0.0,0.0,0.0,0.0,-8.0,0.0,0.0,0.0,0.0,0.0137698,-0.0068849,-0.0275396,4.7987753,-0.0137698,-1.1773179,0.01231013430998,0.004438583638528,-0.006137728937652,-0.0029491758242370003,-0.000258699633705,0.00258699633705,20.001000000000005,1.6129810001075384,0.12588799972945708,0.05514699978448334,0.0
pd,23:52:57.244,417,-40.003,-89.999,0.0,-90.239,0.003,-0.02,0.0,0.0,0.0,0.0,0.0,0.0,-40.003,-110.0,0.0,-90.239,0.003,-0.02,-40.003,-97.999,0.0,-90.239,0.003,-0.02,0.0,-2157.286357207149,0.0,0.0,0.0,0.0,0.0,-8.0,0.0,0.0,0.0,0.0,0.0137698,-0.0068849,-0.0275396,4.7987753,-0.0137698,-1.1773179,0.01231013430998,0.004438583638528,-0.006137728937652,-0.0029491758242370003,-0.000258699633705,0.00258699633705,20.001000000000005,1.6433689997938927,0.15172099983828957,0.06962899988138815,0.0
pd,23:52:57.246,418,-40.003,-89.999,0.0,-90.239,0.003,-0.02,0.0,0.0,0.0,0.0,0.0,0.0,-40.003,-110.0,0.0,-90.239,0.003,-0.02,-40.003,-97.999,0.0,-90.239,0.003,-0.02,0.0,-2066.4140904052224,0.0,0.0,0.0,0.0,0.0,-8.0,0.0,0.0,0.0,0.0,0.0137698,-0.0068849,-0.0275396,4.7987753,-0.0137698,-1.1773179,0.01231013430998,0.004438583638528,-0.006137728937652,-0.0029491758242370003,-0.000258699633705,0.00258699633705,20.001000000000005,1.8893480000770069,0.23482999995394493,0.09120200002143974,0.0
pd,23:52:57.249,419,-40.003,-89.999,0.0,-90.239,0.003,-0.02,0.0,0.0,0.0,0.0,0.0,0.0,-40.003,-110.0,0.0,-90.239,0.003,-0.02,-40.003,-97.999,0.0,-90.239,0.003,-0.02,0.0,-1740.9168828473591,0.0,0.0,0.0,0.0,0.0,-8.0,0.0,0.0,0.0,0.0,0.0137698,-0.0068849,-0.0275396,4.7987753,-0.0137698,-1.1773179,0.01231013430998,0.004438583638528,-0.006137728937652,-0.0029491758242370003,-0.000258699633705,0.00258699633705,20.001000000000005,1.7057760001080169,0.1539980003144592,0.06492599959528889,0.0
pd,23:52:57.251,420,-40.003,-89.999,0.0,-90.239,0.003,-0.02,0.0,0.0,0.0,0.0,0.0,0.0,-40.003,-110.0,0.0,-90.239,0.003,-0.02,-40.003,-97.999,0.0,-90.239,0.003,-0.02,0.0,-2006.3640277445588,0.0,0.0,0.0,0.0,0.0,-8.0,0.0,0.0,0.0,0.0,0.0137698,-0.0068849,-0.0275396,4.7987753,-0.0137698,-1.1773179,0.01231013430998,0.004438583638528,-0.006137728937652,-0.0029491758242370003,-0.000258699633705,0.00258699633705,20.001000000000005,1.6376839998883952,0.24338599996553967,0.08429499985140865,0.0
pd,23:52:57.253,421,-40.003,-89.999,0.0,-90.239,0.003,-0.02,0.0,0.0,0.0,0.0,0.0,0.0,-40.003,-110.0,0.0,-90.239,0.003,-0.02,-40.003,-97.999,0.0,-90.239,0.003,-0.02,0.0,-1701.1981342526872,0.0,0.0,0.0,0.0,0.0,-8.0,0.0,0.0,0.0,0.0,0.0137698,-0.0068849,-0.0275396,4.7987753,-0.0137698,-1.1773179,0.01231013430998,0.004438583638528,-0.006137728937652,-0.0029491758242370003,-0.000258699633705,0.00258699633705,20.001000000000005,1.7504800002825505,0.19740500010811957,0.08157299998856615,0.0
pd,23:52:57.255,422,-40.003,-89.999,0.0,-90.239,0.003,-0.02,0.0,0.0,0.0,0.0,0.0,0.0,-40.003,-110.0,0.0,-90.239,0.003,-0.02,-40.003,-97.999,0.0,-90.239,0.003,-0.02,0.0,-1890.3905352112677,0.0,0.0,0.0,0.0,0.0,-8.0,0.0,0.0,0.0,0.0,0.0137698,-0.0068849,-0.0275396,4.7987753,-0.0137698,-1.1773179,0.01231013430998,0.004438583638528,-0.006137728937652,-0.0029491758242370003,-0.000258699633705,0.00258699633705,20.001000000000005,1.6947019998951873,0.15823900002942537,0.06479500007117167,0.0
pd,23:52:57.257,423,-40.003,-89.999,0.0,-90.239,0.003,-0.02,0.0,0.0,0.0,0.0,0.0,0.0,-40.003,-110.0,0.0,-90.239,0.003,-0.02,-40.003,-97.999,0.0,-90.239,0.003,-0.02,0.0,-2012.6218809980805,0.0,0.0,0.0,0.0,0.0,-8.0,0.0,0.0,0.0,0.0,0.0137698,-0.0068849,-0.0275396,4.7987753,-0.0137698,-1.1773179,0.01231013430998,0.004438583638528,-0.006137728937652,-0.0029491758242370003,-0.000258699633705,0.00258699633705,20.001000000000005,1.6332400000464986,0.13342400006877142,0.05964699994365219,0.0
pd,23:52:57.259,424,-40.003,-89.999,0.0,-90.239,0.003,-0.02,0.0,0.0,0.0,0.0,0.0,0.0,-40.003,-110.0,0.0,-90.239,0.003,-0.02,-40.003,-97.999,0.0,-90.239,0.003,-0.02,0.0,-2115.397301727399,0.0,0.0,0.0,0.0,0.0,-8.0,0.0,0.0,0.0,0.0,0.0137698,-0.0068849,-0.0275396,4.7987753,-0.0137698,-1.1773179,0.01231013430998,0.004438583638528,-0.006137728937652,-0.0029491758242370003,-0.000258699633705,0.00258699633705,20.001000000000005,1.6348509998351801,0.18386800002190284,0.07187000028352486,0.0
pd,23:52:57.261,425,-40.003,-89.999,0.0,-90.239,0.003,-0.02,0.0,0.0,0.0,0.0,0.0,0.0,-40.003,-110.0,0.0,-90.239,0.003,-0.02,-40.003,-97.999,0.0,-90.239,0.003,-0.02,0.0,-2037.5535584163226,0.0,0.0,0.0,0.0,0.0,-8.0,0.0,0.0,0.0,0.0,0.0137698,-0.0068849,-0.0275396,4.7987753,-0.0137698,-1.1773179,0.01231013430998,0.004438583638528,-0.006137728937652,-0.0029491758242370003,-0.000258699633705,0.00258699633705,20.001000000000005,1.6353139999409905,0.13451699987854226,0.05920300009165658,0.0
pd,23:52:57.263,426,-40.003,-89.999,0.0,-90.239,0.003,-0.02,0.0,0.0,0.0,0.0,0.0,0.0,-40.003,-110.0,0.0,-90.239,0.003,-0.02,-40.003,-97.999,0.0,-90.239,0.003,-0.02,0.0,-2115.397301727399,0.0,0.0,0.0,0.0,0.0,-8.0,0.0,0.0,0.0,0.0,0.0137698,-0.0068849,-0.0275396,4.7987753,-0.0137698,-1.1773179,0.01231013430998,0.004438583638528,-0.006137728937652,-0.0029491758242370003,-0.000258699633705,0.00258699633705,20.001000000000005,1.6198139996959071,0.123368999993545,0.07175800010372768,0.0
pd,23:52:57.265,427,-40.003,-89.999,0.0,-90.239,0.003,-0.02,0.0,0.0,0.0,0.0,0.0,0.0,-40.003,-110.0,0.0,-90.239,0.003,-0.02,-40.003,-97.999,0.0,-90.239,0.003,-0.02,0.0,-2128.818170282959,0.0,0.0,0.0,0.0,0.0,-8.0,0.0,0.0,0.0,0.0,0.0137698,-0.0068849,-0.0275396,4.7987753,-0.0137698,-1.1773179,0.01231013430998,0.004438583638528,-0.006137728937652,-0.0029491758242370003,-0.000258699633705,0.00258699633705,20.001000000000005,1.6402030000790546,0.153905999923154,0.06664700003966573,0.0
pd,23:52:57.267,428,-40.003,-89.999,0.0,-90.239,0.003,-0.02,0.0,0.0,0.0,0.0,0.0,0.0,-40.003,-110.0,0.0,-90.239,0.003,-0.02,-40.003,-97.999,0.0,-90.239,0.003,-0.02,0.0,-2072.284584980237,0.0,0.0,0.0,0.0,0.0,-8.0,0.0,0.0,0.0,0.0,0.0137698,-0.0068849,-0.0275396,4.7987753,-0.0137698,-1.1773179,0.01231013430998,0.004438583638528,-0.006137728937652,-0.0029491758242370003,-0.000258699633705,0.00258699633705,20.001000000000005,1.6844430001583532,0.1407390000167652,0.06244299993340974,0.0
pd,23:52:57.269,429,-40.003,-89.999,0.0,-90.239,0.003,-0.02,0.0,0.0,0.0,0.0,0.0,0.0,-40.003,-110.0,0.0,-90.239,0.003,-0.02,-40.003,-97.999,0.0,-90.239,0.003,-0.02,0.0,-2048.750274758823,0.0,0.0,0.0,0.0,0.0,-8.0,0.0,0.0,0.0,0.0,0.0137698,-0.0068849,-0.0275396,4.7987753,-0.0137698,-1.1773179,0.01231013430998,0.004438583638528,-0.006137728937652,-0.0029491758242370003,-0.000258699633705,0.00258699633705,20.001000000000005,1.6630169998279598,0.14644299972133012,0.06372200004989281,0.0
pd,23:52:57.270,430,-40.003,-89.999,0.0,-90.239,0.003,-0.02,0.0,0.0,0.0,0.0,0.0,0.0,-40.003,-110.0,0.0,-90.239,0.003,-0.02,-40.003,-97.999,0.0,-90.239,0.003,-0.02,0.0,-2063.6182041820416,0.0,0.0,0.0,0.0,0.0,-8.0,0.0,0.0,0.0,0.0,0.0137698,-0.0068849,-0.0275396,4.7987753,-0.0137698,-1.1773179,0.01231013430998,0.004438583638528,-0.006137728937652,-0.0029491758242370003,-0.000258699633705,0.00258699633705,20.001000000000005,1.8805700001394143,0.19753400010813493,0.18738700009635068,0.0
pd,23:52:57.273,431,-40.003,-89.999,0.0,-90.239,0.003,-0.02,0.0,0.0,0.0,0.0,0.0,0.0,-40.003,-110.0,0.0,-90.239,0.003,-0.02,-40.003,-97.999,0.0,-90.239,0.003,-0.02,0.0,-1528.2579704864274,0.0,0.0,0.0,0.0,0.0,-8.0,0.0,0.0,0.0,0.0,0.0137698,-0.0068849,-0.0275396,4.7987753,-0.0137698,-1.1773179,0.01231013430998,0.004438583638528,-0.006137728937652,-0.0029491758242370003,-0.000258699633705,0.00258699633705,20.001000000000005,1.7144609996648796,0.1878869998108712,0.08209199995690142,0.0
pd,23:52:57.275,432,-40.003,-89.999,0.0,-90.239,0.003,-0.02,0.0,0.0,0.0,0.0,0.0,0.0,-40.003,-110.0,0.0,-90.239,0.003,-0.02,-40.003,-97.999,0.0,-90.239,0.003,-0.02,0.0,-1930.4126107467496,0.0,0.0,0.0,0.0,0.0,-8.0,0.0,0.0,0.0,0.0,0.0137698,-0.0068849,-0.0275396,4.7987753,-0.0137698,-1.1773179,0.01231013430998,0.004438583638528,-0.006137728937652,-0.0029491758242370003,-0.000258699633705,0.00258699633705,20.001000000000005,1.6842019999785407,0.1599800002622942,0.0627399999757472,0.0
pd,23:52:57.277,433,-40.003,-89.999,0.0,-90.239,0.003,-0.02,0.0,0.0,0.0,0.0,0.0,0.0,-40.003,-110.0,0.0,-90.239,0.003,-0.02,-40.003,-97.999,0.0,-90.239,0.003,-0.02,0.0,-2025.4999396353978,0.0,0.0,0.0,0.0,0.0,-8.0,0.0,0.0,0.0,0.0,0.0137698,-0.0068849,-0.0275396,4.7987753,-0.0137698,-1.1773179,0.01231013430998,0.004438583638528,-0.006137728937652,-0.0029491758242370003,-0.000258699633705,0.00258699633705,20.001000000000005,1.7279799999414536,0.17607200015845592,0.09085100009542657,0.0
pd,23:52:57.279,434,-40.003,-89.999,0.0,-90.239,0.003,-0.02,0.0,0.0,0.0,0.0,0.0,0.0,-40.003,-110.0,0.0,-90.239,0.003,-0.02,-40.003,-97.999,0.0,-90.239,0.003,-0.02,0.0,-1924.6548124354708,0.0,0.0,0.0,0.0,0.0,-8.0,0.0,0.0,0.0,0.0,0.0137698,-0.0068849,-0.0275396,4.7987753,-0.0137698,-1.1773179,0.01231013430998,0.004438583638528,-0.006137728937652,-0.0029491758242370003,-0.000258699633705,0.00258699633705,20.001000000000005,1.7300160002378107,0.17601699983060826,0.07314699996641139,0.0
pd,23:52:57.281,435,-40.003,-89.999,0.0,-90.239,0.003,-0.02,0.0,0.0,0.0,0.0,0.0,0.0,-40.003,-110.0,0.0,-90.239,0.003,-0.02,-40.003,-97.999,0.0,-90.239,0.003,-0.02,0.0,-1946.9903678774515,0.0,0.0,0.0,0.0,0.0,-8.0,0.0,0.0,0.0,0.0,0.0137698,-0.0068849,-0.0275396,4.7987753,-0.0137698,-1.1773179,0.01231013430998,0.004438583638528,-0.006137728937652,-0.0029491758242370003,-0.000258699633705,0.00258699633705,20.001000000000005,1.6659430002619047,0.1316829998359026,0.058555000123305945,0.0
pd,23:52:57.283,436,-40.003,-89.999,0.0,-90.239,0.003,-0.02,0.0,0.0,0.0,0.0,0.0,0.0,-40.003,-110.0,0.0,-90.239,0.003,-0.02,-40.003,-97.999,0.0,-90.239,0.003,-0.02,0.0,-2083.867345671345,0.0,0.0,0.0,0.0,0.0,-8.0,0.0,0.0,0.0,0.0,0.0137698,-0.0068849,-0.0275396,4.7987753,-0.0137698,-1.1773179,0.01231013430998,0.004438583638528,-0.006137728937652,-0.0029491758242370003,-0.000258699633705,0.00258699633705,20.001000000000005,1.6401839998252399,0.13209100006861263,0.05772199983766768,0.0
pd,23:52:57.285,437,-40.003,-89.999,0.0,-90.239,0.003,-0.02,0.0,0.0,0.0,0.0,0.0,0.0,-40.003,-110.0,0.0,-90.239,0.003,-0.02,-40.003,-97.999,0.0,-90.239,0.003,-0.02,0.0,-2113.2656505857162,0.0,0.0,0.0,0.0,0.0,-8.0,0.0,0.0,0.0,0.0,0.0137698,-0.0068849,-0.0275396,4.7987753,-0.0137698,-1.1773179,0.01231013430998,0.004438583638528,-0.006137728937652,-0.0029491758242370003,-0.000258699633705,0.00258699633705,20.001000000000005,1.6453700000056415,0.15094299988049897,0.06366599973262055,0.0
pd,23:52:57.287,438,-40.003,-89.999,0.0,-90.239,0.003,-0.02,0.0,0.0,0.0,0.0,0.0,0.0,-40.003,-110.0,0.0,-90.239,0.003,-0.02,-40.003,-97.999,0.0,-90.239,0.003,-0.02,0.0,-2075.6174687615985,0.0,0.0,0.0,0.0,0.0,-8.0,0.0,0.0,0.0,0.0,0.0137698,-0.0068849,-0.0275396,4.7987753,-0.0137698,-1.1773179,0.01231013430998,0.004438583638528,-0.006137728937652,-0.0029491758242370003,-0.000258699633705,0.00258699633705,20.001000000000005,1.663239000208705,0.1538689998596965,0.06692499982818845,0.0
pd,23:52:57.289,439,-40.003,-89.999,0.0,-90.239,0.003,-0.02,0.0,0.0,0.0,0.0,0.0,0.0,-40.003,-110.0,0.0,-90.239,0.003,-0.02,-40.003,-97.999,0.0,-90.239,0.003,-0.02,0.0,-2046.7507624740758,0.0,0.0,0.0,0.0,0.0,-8.0,0.0,0.0,0.0,0.0,0.0137698,-0.0068849,-0.0275396,4.7987753,-0.0137698,-1.1773179,0.01231013430998,0.004438583638528,-0.006137728937652,-0.0029491758242370003,-0.000258699633705,0.00258699633705,20.001000000000005,1.6328699998666707,0.1394050000271818,0.061406999975588406,0.0
pd,23:52:57.291,440,-40.003,-89.999,0.0,-90.239,0.003,-0.02,0.0,0.0,0.0,0.0,0.0,0.0,-40.003,-110.0,0.0,-90.239,0.003,-0.02,-40.003,-97.999,0.0,-90.239,0.003,-0.02,0.0,-2106.631843294827,0.0,0.0,0.0,0.0,0.0,-8.0,0.0,0.0,0.0,0.0,0.0137698,-0.0068849,-0.0275396,4.7987753,-0.0137698,-1.1773179,0.01231013430998,0.004438583638528,-0.006137728937652,-0.0029491758242370003,-0.000258699633705,0.00258699633705,20.001000000000005,1.6135730002133641,0.15510999992329744,0.06527700043079676,0.0
pd,23:52:57.293,441,-40.003,-89.999,0.0,-90.239,0.003,-0.02,0.0,0.0,0.0,0.0,0.0,0.0,-40.003,-110.0,0.0,-90.239,0.003,-0.02,-40.003,-97.999,0.0,-90.239,0.003,-0.02,0.0,-1842.2330075765894,0.0,0.0,0.0,0.0,0.0,-8.0,0.0,0.0,0.0,0.0,0.0137698,-0.0068849,-0.0275396,4.7987753,-0.0137698,-1.1773179,0.01231013430998,0.004438583638528,-0.006137728937652,-0.0029491758242370003,-0.000258699633705,0.00258699633705,20.001000000000005,1.6982209999696352,0.2218499998889456,0.10114699989571818,0.0
pd,23:52:57.295,442,-40.003,-89.999,0.0,-90.239,0.003,-0.02,0.0,0.0,0.0,0.0,0.0,0.0,-40.003,-110.0,0.0,-90.239,0.003,-0.02,-40.003,-97.999,0.0,-90.239,0.003,-0.02,0.0,-1892.3094969546582,0.0,0.0,0.0,0.0,0.0,-8.0,0.0,0.0,0.0,0.0,0.0137698,-0.0068849,-0.0275396,4.7987753,-0.0137698,-1.1773179,0.01231013430998,0.004438583638528,-0.006137728937652,-0.0029491758242370003,-0.000258699633705,0.00258699633705,20.001000000000005,1.797533999706502,0.5083460000605555,0.11809099987658556,0.0
pd,23:52:57.298,443,-40.003,-89.999,0.0,-90.239,0.003,-0.02,0.0,0.0,0.0,0.0,0.0,0.0,-40.003,-110.0,0.0,-90.239,0.003,-0.02,-40.003,-97.999,0.0,-90.239,0.003,-0.02,0.0,-1584.101218015296,0.0,0.0,0.0,0.0,0.0,-8.0,0.0,0.0,0.0,0.0,0.0137698,-0.0068849,-0.0275396,4.7987753,-0.0137698,-1.1773179,0.01231013430998,0.004438583638528,-0.006137728937652,-0.0029491758242370003,-0.000258699633705,0.00258699633705,20.001000000000005,1.6828319999149244,0.1922200003718899,0.0738139997338294,0.0
pd,23:52:57.300,444,-40.003,-89.999,0.0,-90.239,0.003,-0.02,0.0,0.0,0.0,0.0,0.0,0.0,-40.003,-110.0,0.0,-90.239,0.003,-0.02,-40.003,-97.999,0.0,-90.239,0.003,-0.02,0.0,-1976.3477441394746,0.0,0.0,0.0,0.0,0.0,-8.0,0.0,0.0,0.0,0.0,0.0137698,-0.0068849,-0.0275396,4.7987753,-0.0137698,-1.1773179,0.01231013430998,0.004438583638528,-0.006137728937652,-0.0029491758242370003,-0.000258699633705,0.00258699633705,20.001000000000005,1.7068689999177877,0.16360900008294266,0.07740600040051504,0.0
pd,23:52:57.302,445,-40.003,-89.999,0.0,-90.239,0.003,-0.02,0.0,0.0,0.0,0.0,0.0,0.0,-40.003,-110.0,0.0,-90.239,0.003,-0.02,-40.003,-97.999,0.0,-90.239,0.003,-0.02,0.0,-1979.3789523360076,0.0,0.0,0.0,0.0,0.0,-8.0,0.0,0.0,0.0,0.0,0.0137698,-0.0068849,-0.0275396,4.7987753,-0.0137698,-1.1773179,0.01231013430998,0.004438583638528,-0.006137728937652,-0.0029491758242370003,-0.000258699633705,0.00258699633705,20.001000000000005,1.7023499999595515,0.14505400031339377,0.07081400008246419,0.0
pd,23:52:57.304,446,-40.003,-89.999,0.0,-90.239,0.003,-0.02,0.0,0.0,0.0,0.0,0.0,0.0,-40.003,-110.0,0.0,-90.239,0.003,-0.02,-40.003,-97.999,0.0,-90.239,0.003,-0.02,0.0,-2014.797165846043,0.0,0.0,0.0,0.0,0.0,-8.0,0.0,0.0,0.0,0.0,0.0137698,-0.0068849,-0.0275396,4.7987753,-0.0137698,-1.1773179,0.01231013430998,0.004438583638528,-0.006137728937652,-0.0029491758242370003,-0.000258699633705,0.00258699633705,20.001000000000005,1.7357199999423756,0.15179399997578003,0.07073999995554914,0.0
pd,23:52:57.306,447,-40.003,-89.999,0.0,-90.239,0.003,-0.02,0.0,0.0,0.0,0.0,0.0,0.0,-40.003,-110.0,0.0,-90.239,0.003,-0.02,-40.003,-97.999,0.0,-90.239,0.003,-0.02,0.0,-1971.0075187969924,0.0,0.0,0.0,0.0,0.0,-8.0,0.0,0.0,0.0,0.0,0.0137698,-0.0068849,-0.0275396,4.7987753,-0.0137698,-1.1773179,0.01231013430998,0.004438583638528,-0.006137728937652,-0.0029491758242370003,-0.000258699633705,0.00258699633705,20.001000000000005,1.69209099976797,0.17607200015845592,0.08446200035905349,0.0
pd,23:52:57.308,448,-40.003,-89.999,0.0,-90.239,0.003,-0.02,0.0,0.0,0.0,0.0,0.0,0.0,-40.003,-110.0,0.0,-90.239,0.003,-0.02,-40.003,-97.999,0.0,-90.239,0.003,-0.02,0.0,-1970.0817285110381,0.0,0.0,0.0,0.0,0.0,-8.0,0.0,0.0,0.0,0.0,0.0137698,-0.0068849,-0.0275396,4.7987753,-0.0137698,-1.1773179,0.01231013430998,0.004438583638528,-0.006137728937652,-0.0029491758242370003,-0.000258699633705,0.00258699633705,20.001000000000005,1.7102950000662531,0.16690499978722073,0.07444299990311265,0.0
pd,23:52:57.310,449,-40.003,-89.999,0.0,-90.239,0.003,-0.02,0.0,0.0,0.0,0.0,0.0,0.0,-40.003,-110.0,0.0,-90.239,0.003,-0.02,-40.003,-97.999,0.0,-90.239,0.003,-0.02,0.0,-1974.4869954101448,0.0,0.0,0.0,0.0,0.0,-8.0,0.0,0.0,0.0,0.0,0.0137698,-0.0068849,-0.0275396,4.7987753,-0.0137698,-1.1773179,0.01231013430998,0.004438583638528,-0.006137728937652,-0.0029491758242370003,-0.000258699633705,0.00258699633705,20.001000000000005,1.6285919996334997,0.13101700005790917,0.056555000355729135,0.0
pd,23:52:57.312,450,-40.003,-89.999,0.0,-90.239,0.003,-0.02,0.0,0.0,0.0,0.0,0.0,0.0,-40.003,-110.0,0.0,-90.239,0.003,-0.02,-40.003,-97.999,0.0,-90.239,0.003,-0.02,0.0,-2131.2520325203254,0.0,0.0,0.0,0.0,0.0,-8.0,0.0,0.0,0.0,0.0,0.0137698,-0.0068849,-0.0275396,4.7987753,-0.0137698,-1.1773179,0.01231013430998,0.004438583638528,-0.006137728937652,-0.0029491758242370003,-0.000258699633705,0.00258699633705,20.001000000000005,1.6578870004195778,0.1335910001216689,0.05899899997530156,0.0
pd,23:52:57.314,451,-40.003,-89.999,0.0,-90.239,0.003,-0.02,0.0,0.0,0.0,0.0,0.0,0.0,-40.003,-110.0,0.0,-90.239,0.003,-0.02,-40.003,-97.999,0.0,-90.239,0.003,-0.02,0.0,-1823.2140838948055,0.0,0.0,0.0,0.0,0.0,-8.0,0.0,0.0,0.0,0.0,0.0137698,-0.0068849,-0.0275396,4.7987753,-0.0137698,-1.1773179,0.01231013430998,0.004438583638528,-0.006137728937652,-0.0029491758242370003,-0.000258699633705,0.00258699633705,20.001000000000005,1.7041460000655206,0.17905300001075375,0.06309199989118497,0.0
pd,23:52:57.316,452,-40.003,-89.999,0.0,-90.239,0.003,-0.02,0.0,0.0,0.0,0.0,0.0,0.0,-40.003,-110.0,0.0,-90.239,0.003,-0.02,-40.003,-97.999,0.0,-90.239,0.003,-0.02,0.0,-1977.2794342958161,0.0,0.0,0.0,0.0,0.0,-8.0,0.0,0.0,0.0,0.0,0.0137698,-0.0068849,-0.0275396,4.7987753,-0.0137698,-1.1773179,0.01231013430998,0.004438583638528,-0.006137728937652,-0.0029491758242370003,-0.000258699633705,0.00258699633705,20.001000000000005,1.6786460000730585,0.16368399974453496,0.07453600028384244,0.0
pd,23:52:57.318,453,-40.003,-89.999,0.0,-90.239,0.003,-0.02,0.0,0.0,0.0,0.0,0.0,0.0,-40.003,-110.0,0.0,-90.239,0.003,-0.02,-40.003,-97.999,0.0,-90.239,0.003,-0.02,0.0,-2010.692233940556,0.0,0.0,0.0,0.0,0.0,-8.0,0.0,0.0,0.0,0.0,0.0137698,-0.0068849,-0.0275396,4.7987753,-0.0137698,-1.1773179,0.01231013430998,0.004438583638528,-0.006137728937652,-0.0029491758242370003,-0.000258699633705,0.00258699633705,20.001000000000005,1.7207390001203748,0.16403500012529548,0.07099899994500447,0.0
pd,23:52:57.320,454,-40.003,-89.999,0.0,-90.239,0.003,-0.02,0.0,0.0,0.0,0.0,0.0,0.0,-40.003,-110.0,0.0,-90.239,0.003,-0.02,-40.003,-97.999,0.0,-90.239,0.003,-0.02,0.0,-1970.3130945390487,0.0,0.0,0.0,0.0,0.0,-8.0,0.0,0.0,0.0,0.0,0.0137698,-0.0068849,-0.0275396,4.7987753,-0.0137698,-1.1773179,0.01231013430998,0.004438583638528,-0.006137728937652,-0.0029491758242370003,-0.000258699633705,0.00258699633705,20.001000000000005,1.662739000039437,0.19816399981209543,0.06992499993430101,0.0
pd,23:52:57.322,455,-40.003,-89.999,0.0,-90.239,0.003,-0.02,0.0,0.0,0.0,0.0,0.0,0.0,-40.003,-110.0,0.0,-90.239,0.003,-0.02,-40.003,-97.999,0.0,-90.239,0.003,-0.02,0.0,-1998.4771888028588,0.0,0.0,0.0,0.0,0.0,-8.0,0.0,0.0,0.0,0.0,0.0137698,-0.0068849,-0.0275396,4.7987753,-0.0137698,-1.1773179,0.01231013430998,0.004438583638528,-0.006137728937652,-0.0029491758242370003,-0.000258699633705,0.00258699633705,20.001000000000005,1.8844410001293,0.18697899986364064,0.09066600023288629,0.0
pd,23:52:57.324,456,-40.003,-89.999,0.0,-90.239,0.003,-0.02,0.0,0.0,0.0,0.0,0.0,0.0,-40.003,-110.0,0.0,-90.239,0.003,-0.02,-40.003,-97.999,0.0,-90.239,0.003,-0.02,0.0,-1784.0510421097406,0.0,0.0,0.0,0.0,0.0,-8.0,0.0,0.0,0.0,0.0,0.0137698,-0.0068849,-0.0275396,4.7987753,-0.0137698,-1.1773179,0.01231013430998,0.004438583638528,-0.006137728937652,-0.0029491758242370003,-0.000258699633705,0.00258699633705,20.001000000000005,1.6997949996948591,0.14386800012289314,0.06187000008139876,0.0
pd,23:52:57.326,457,-40.003,-89.999,0.0,-90.239,0.003,-0.02,0.0,0.0,0.0,0.0,0.0,0.0,-40.003,-110.0,0.0,-90.239,0.003,-0.02,-40.003,-97.999,0.0,-90.239,0.003,-0.02,0.0,-2028.9292538396421,0.0,0.0,0.0,0.0,0.0,-8.0,0.0,0.0,0.0,0.0,0.0137698,-0.0068849,-0.0275396,4.7987753,-0.0137698,-1.1773179,0.01231013430998,0.004438583638528,-0.006137728937652,-0.0029491758242370003,-0.000258699633705,0.00258699633705,20.001000000000005,1.6252580003310868,0.1493500003562076,0.06861000019853236,0.0
pd,23:52:57.328,458,-40.003,-89.999,0.0,-90.239,0.003,-0.02,0.0,0.0,0.0,0.0,0.0,0.0,-40.003,-110.0,0.0,-90.239,0.003,-0.02,-40.003,-97.999,0.0,-90.239,0.003,-0.02,0.0,-2072.540580605312,0.0,0.0,0.0,0.0,0.0,-8.0,0.0,0.0,0.0,0.0,0.0137698,-0.0068849,-0.0275396,4.7987753,-0.0137698,-1.1773179,0.01231013430998,0.004438583638528,-0.006137728937652,-0.0029491758242370003,-0.000258699633705,0.00258699633705,20.001000000000005,1.80107100004534,0.19144199995935196,0.08748100026423344,0.0
pd,23:52:57.330,459,-40.003,-89.999,0.0,-90.239,0.003,-0.02,0.0,0.0,0.0,0.0,0.0,0.0,-40.003,-110.0,0.0,-90.239,0.003,-0.02,-40.003,-97.999,0.0,-90.239,0.003,-0.02,0.0,-1851.1768730001104,0.0,0.0,0.0,0.0,0.0,-8.0,0.0,0.0,0.0,0.0,0.0137698,-0.0068849,-0.0275396,4.7987753,-0.0137698,-1.1773179,0.01231013430998,0.004438583638528,-0.006137728937652,-0.0029491758242370003,-0.000258699633705,0.00258699633705,20.001000000000005,1.6619440002614283,0.1346840003861871,0.057703000038600294,0.0
pd,23:52:57.332,460,-40.003,-89.999,0.0,-90.239,0.003,-0.02,0.0,0.0,0.0,0.0,0.0,0.0,-40.003,-110.0,0.0,-90.239,0.003,-0.02,-40.003,-97.999,0.0,-90.239,0.003,-0.02,0.0,-2086.718407960199,0.0,0.0,0.0,0.0,0.0,-8.0,0.0,0.0,0.0,0.0,0.0137698,-0.0068849,-0.0275396,4.7987753,-0.0137698,-1.1773179,0.01231013430998,0.004438583638528,-0.006137728937652,-0.0029491758242370003,-0.000258699633705,0.00258699633705,20.001000000000005,1.7455899997003144,0.161313000262453,0.07422199996653944,0.0
pd,23:52:57.334,461,-40.003,-89.999,0.0,-90.239,0.003,-0.02,0.0,0.0,0.0,0.0,0.0,0.0,-40.003,-110.0,0.0,-90.239,0.003,-0.02,-40.003,-97.999,0.0,-90.239,0.003,-0.02,0.0,-1710.3900499541237,0.0,0.0,0.0,0.0,0.0,-8.0,0.0,0.0,0.0,0.0,0.0137698,-0.0068849,-0.0275396,4.7987753,-0.0137698,-1.1773179,0.01231013430998,0.004438583638528,-0.006137728937652,-0.0029491758242370003,-0.000258699633705,0.00258699633705,20.001000000000005,1.6967770002338511,0.22779399978389847,0.06355499999699532,0.0
pd,23:52:57.337,462,-40.003,-89.999,0.0,-90.239,0.003,-0.02,0.0,0.0,0.0,0.0,0.0,0.0,-40.003,-110.0,0.0,-90.239,0.003,-0.02,-40.003,-97.999,0.0,-90.239,0.003,-0.02,0.0,-1936.4284395198522,0.0,0.0,0.0,0.0,0.0,-8.0,0.0,0.0,0.0,0.0,0.0137698,-0.0068849,-0.0275396,4.7987753,-0.0137698,-1.1773179,0.01231013430998,0.004438583638528,-0.006137728937652,-0.0029491758242370003,-0.000258699633705,0.00258699633705,20.001000000000005,1.6929620001064904,0.1600529999450373,0.07392500037894933,0.0
pd,23:52:57.339,463,-40.003,-89.999,0.0,-90.239,0.003,-0.02,0.0,0.0,0.0,0.0,0.0,0.0,-40.003,-110.0,0.0,-90.239,0.003,-0.02,-40.003,-97.999,0.0,-90.239,0.003,-0.02,0.0,-1998.953413558918,0.0,0.0,0.0,0.0,0.0,-8.0,0.0,0.0,0.0,0.0,0.0137698,-0.0068849,-0.0275396,4.7987753,-0.0137698,-1.1773179,0.01231013430998,0.004438583638528,-0.006137728937652,-0.0029491758242370003,-0.000258699633705,0.00258699633705,20.001000000000005,1.6490180000801047,0.14705400008097058,0.06396199978553341,0.0
pd,23:52:57.340,464,-40.003,-89.999,0.0,-90.239,0.003,-0.02,0.0,0.0,0.0,0.0,0.0,0.0,-40.003,-110.0,0.0,-90.239,0.003,-0.02,-40.003,-97.999,0.0,-90.239,0.003,-0.02,0.0,-2073.5651958966755,0.0,0.0,0.0,0.0,0.0,-8.0,0.0,0.0,0.0,0.0,0.0137698,-0.0068849,-0.0275396,4.7987753,-0.0137698,-1.1773179,0.01231013430998,0.004438583638528,-0.006137728937652,-0.0029491758242370003,-0.000258699633705,0.00258699633705,20.001000000000005,1.6737949999878765,0.1567760000398266,0.06783199978599441,0.0
pd,23:52:57.342,465,-40.003,-89.999,0.0,-90.239,0.003,-0.02,0.0,0.0,0.0,0.0,0.0,0.0,-40.003,-110.0,0.0,-90.239,0.003,-0.02,-40.003,-97.999,0.0,-90.239,0.003,-0.02,0.0,-2031.385882068047,0.0,0.0,0.0,0.0,0.0,-8.0,0.0,0.0,0.0,0.0,0.0137698,-0.0068849,-0.0275396,4.7987753,-0.0137698,-1.1773179,0.01231013430998,0.004438583638528,-0.006137728937652,-0.0029491758242370003,-0.000258699633705,0.00258699633705,20.001000000000005,1.6223320003518893,0.13707300013265922,0.059018000229116296,0.0
pd,23:52:57.344,466,-40.003,-89.999,0.0,-90.239,0.003,-0.02,0.0,0.0,0.0,0.0,0.0,0.0,-40.003,-110.0,0.0,-90.239,0.003,-0.02,-40.003,-97.999,0.0,-90.239,0.003,-0.02,0.0,-2123.9670844410684,0.0,0.0,0.0,0.0,0.0,-8.0,0.0,0.0,0.0,0.0,0.0137698,-0.0068849,-0.0275396,4.7987753,-0.0137698,-1.1773179,0.01231013430998,0.004438583638528,-0.006137728937652,-0.0029491758242370003,-0.000258699633705,0.00258699633705,20.001000000000005,1.6348139997717226,0.17646000014792662,0.05755400025009294,0.0
pd,23:52:57.346,467,-40.003,-89.999,0.0,-90.239,0.003,-0.02,0.0,0.0,0.0,0.0,0.0,0.0,-40.003,-110.0,0.0,-90.239,0.003,-0.02,-40.003,-97.999,0.0,-90.239,0.003,-0.02,0.0,-2070.7499382868427,0.0,0.0,0.0,0.0,0.0,-8.0,0.0,0.0,0.0,0.0,0.0137698,-0.0068849,-0.0275396,4.7987753,-0.0137698,-1.1773179,0.01231013430998,0.004438583638528,-0.006137728937652,-0.0029491758242370003,-0.000258699633705,0.00258699633705,20.001000000000005,1.866200999756984,0.1999049995902169,0.09694300024420954,0.0
pd,23:52:57.348,468,-40.003,-89.999,0.0,-90.239,0.003,-0.02,0.0,0.0,0.0,0.0,0.0,0.0,-40.003,-110.0,0.0,-90.239,0.003,-0.02,-40.003,-97.999,0.0,-90.239,0.003,-0.02,0.0,-1779.6983133552562,0.0,0.0,0.0,0.0,0.0,-8.0,0.0,0.0,0.0,0.0,0.0137698,-0.0068849,-0.0275396,4.7987753,-0.0137698,-1.1773179,0.01231013430998,0.004438583638528,-0.006137728937652,-0.0029491758242370003,-0.000258699633705,0.00258699633705,20.001000000000005,1.7228870001417818,0.16484899970237166,0.06798100002924912,0.0
pd,23:52:57.351,469,-40.003,-89.999,0.0,-90.239,0.003,-0.02,0.0,0.0,0.0,0.0,0.0,0.0,-40.003,-110.0,0.0,-90.239,0.003,-0.02,-40.003,-97.999,0.0,-90.239,0.003,-0.02,0.0,-1971.2391023381506,0.0,0.0,0.0,0.0,0.0,-8.0,0.0,0.0,0.0,0.0,0.0137698,-0.0068849,-0.0275396,4.7987753,-0.0137698,-1.1773179,0.01231013430998,0.004438583638528,-0.006137728937652,-0.0029491758242370003,-0.000258699633705,0.00258699633705,20.001000000000005,1.6275549996862537,0.14503600004900363,0.06829599988122936,0.0
pd,23:52:57.352,470,-40.003,-89.999,0.0,-90.239,0.003,-0.02,0.0,0.0,0.0,0.0,0.0,0.0,-40.003,-110.0,0.0,-90.239,0.003,-0.02,-40.003,-97.999,0.0,-90.239,0.003,-0.02,0.0,-2095.056943056943,0.0,0.0,0.0,0.0,0.0,-8.0,0.0,0.0,0.0,0.0,0.0137698,-0.0068849,-0.0275396,4.7987753,-0.0137698,-1.1773179,0.01231013430998,0.004438583638528,-0.006137728937652,-0.0029491758242370003,-0.000258699633705,0.00258699633705,20.001000000000005,1.7639789998611377,0.168738999946072,0.07261000018843333,0.0
pd,23:52:57.355,471,-40.003,-89.999,0.0,-90.239,0.003,-0.02,0.0,0.0,0.0,0.0,0.0,0.0,-40.003,-110.0,0.0,-90.239,0.003,-0.02,-40.003,-97.999,0.0,-90.239,0.003,-0.02,0.0,-1691.0811410140107,0.0,0.0,0.0,0.0,0.0,-8.0,0.0,0.0,0.0,0.0,0.0137698,-0.0068849,-0.0275396,4.7987753,-0.0137698,-1.1773179,0.01231013430998,0.004438583638528,-0.006137728937652,-0.0029491758242370003,-0.000258699633705,0.00258699633705,20.001000000000005,1.7112389996327693,0.2716819999477593,0.08018400012588245,0.0
pd,23:52:57.357,472,-40.003,-89.999,0.0,-90.239,0.003,-0.02,0.0,0.0,0.0,0.0,0.0,0.0,-40.003,-110.0,0.0,-90.239,0.003,-0.02,-40.003,-97.999,0.0,-90.239,0.003,-0.02,0.0,-1856.5028217328759,0.0,0.0,0.0,0.0,0.0,-8.0,0.0,0.0,0.0,0.0,0.0137698,-0.0068849,-0.0275396,4.7987753,-0.0137698,-1.1773179,0.01231013430998,0.004438583638528,-0.006137728937652,-0.0029491758242370003,-0.000258699633705,0.00258699633705,20.001000000000005,1.6630919999442995,0.16468300009364611,0.06420299996534595,0.0
pd,23:52:57.359,473,-40.003,-89.999,0.0,-90.239,0.003,-0.02,0.0,0.0,0.0,0.0,0.0,0.0,-40.003,-110.0,0.0,-90.239,0.003,-0.02,-40.003,-97.999,0.0,-90.239,0.003,-0.02,0.0,-2035.8228370343404,0.0,0.0,0.0,0.0,0.0,-8.0,0.0,0.0,0.0,0.0,0.0137698,-0.0068849,-0.0275396,4.7987753,-0.0137698,-1.1773179,0.01231013430998,0.004438583638528,-0.006137728937652,-0.0029491758242370003,-0.000258699633705,0.00258699633705,20.001000000000005,1.6272960001515457,0.17668300006334903,0.1183320000563981,0.0
pd,23:52:57.361,474,-40.003,-89.999,0.0,-90.239,0.003,-0.02,0.0,0.0,0.0,0.0,0.0,0.0,-40.003,-110.0,0.0,-90.239,0.003,-0.02,-40.003,-97.999,0.0,-90.239,0.003,-0.02,0.0,-2005.1650531851321,0.0,0.0,0.0,0.0,0.0,-8.0,0.0,0.0,0.0,0.0,0.0137698,-0.0068849,-0.0275396,4.7987753,-0.0137698,-1.1773179,0.01231013430998,0.004438583638528,-0.006137728937652,-0.0029491758242370003,-0.000258699633705,0.00258699633705,20.001000000000005,1.640536000195425,0.13970200006951927,0.058443999932933366,0.0
pd,23:52:57.363,475,-40.003,-89.999,0.0,-90.239,0.003,-0.02,0.0,0.0,0.0,0.0,0.0,0.0,-40.003,-110.0,0.0,-90.239,0.003,-0.02,-40.003,-97.999,0.0,-90.239,0.003,-0.02,0.0,-2100.0395543872824,0.0,0.0,0.0,0.0,0.0,-8.0,0.0,0.0,0.0,0.0,0.0137698,-0.0068849,-0.0275396,4.7987753,-0.0137698,-1.1773179,0.01231013430998,0.004438583638528,-0.006137728937652,-0.0029491758242370003,-0.000258699633705,0.00258699633705,20.001000000000005,1.607832999980019,0.12720199993054848,0.08105500000965549,0.0
pd,23:52:57.365,476,-40.003,-89.999,0.0,-90.239,0.003,-0.02,0.0,0.0,0.0,0.0,0.0,0.0,-40.003,-110.0,0.0,-90.239,0.003,-0.02,-40.003,-97.999,0.0,-90.239,0.003,-0.02,0.0,-2127.468425057063,0.0,0.0,0.0,0.0,0.0,-8.0,0.0,0.0,0.0,0.0,0.0137698,-0.0068849,-0.0275396,4.7987753,-0.0137698,-1.1773179,0.01231013430998,0.004438583638528,-0.006137728937652,-0.0029491758242370003,-0.000258699633705,0.00258699633705,20.001000000000005,1.6202589999920747,0.13372100011110888,0.05449899981613271,0.0
pd,23:52:57.367,477,-40.003,-89.999,0.0,-90.239,0.003,-0.02,0.0,0.0,0.0,0.0,0.0,0.0,-40.003,-110.0,0.0,-90.239,0.003,-0.02,-40.003,-97.999,0.0,-90.239,0.003,-0.02,0.0,-2139.4052537617954,0.0,0.0,0.0,0.0,0.0,-8.0,0.0,0.0,0.0,0.0,0.0137698,-0.0068849,-0.0275396,4.7987753,-0.0137698,-1.1773179,0.01231013430998,0.004438583638528,-0.006137728937652,-0.0029491758242370003,-0.000258699633705,0.00258699633705,20.001000000000005,1.6246289997070562,0.1503690000390634,0.07031400036794366,0.0
pd,23:52:57.368,478,-40.003,-89.999,0.0,-90.239,0.003,-0.02,0.0,0.0,0.0,0.0,0.0,0.0,-40.003,-110.0,0.0,-90.239,0.003,-0.02,-40.003,-97.999,0.0,-90.239,0.003,-0.02,0.0,-2089.3170610211705,0.0,0.0,0.0,0.0,0.0,-8.0,0.0,0.0,0.0,0.0,0.0137698,-0.0068849,-0.0275396,4.7987753,-0.0137698,-1.1773179,0.01231013430998,0.004438583638528,-0.006137728937652,-0.0029491758242370003,-0.000258699633705,0.00258699633705,20.001000000000005,1.6666100000293227,0.15055299991217908,0.06596299999728217,0.0
pd,23:52:57.370,479,-40.003,-89.999,0.0,-90.239,0.003,-0.02,0.0,0.0,0.0,0.0,0.0,0.0,-40.003,-110.0,0.0,-90.239,0.003,-0.02,-40.003,-97.999,0.0,-90.239,0.003,-0.02,0.0,-2049.501099438065,0.0,0.0,0.0,0.0,0.0,-8.0,0.0,0.0,0.0,0.0,0.0137698,-0.0068849,-0.0275396,4.7987753,-0.0137698,-1.1773179,0.01231013430998,0.004438583638528,-0.006137728937652,-0.0029491758242370003,-0.000258699633705,0.00258699633705,20.001000000000005,1.6276849996756937,0.1364060003652412,0.060850999943795614,0.0
pd,23:52:57.372,480,-40.003,-89.999,0.0,-90.239,0.003,-0.02,0.0,0.0,0.0,0.0,0.0,0.0,-40.003,-110.0,0.0,-90.239,0.003,-0.02,-40.003,-97.999,0.0,-90.239,0.003,-0.02,0.0,-2118.067920717081,0.0,0.0,0.0,0.0,0.0,-8.0,0.0,0.0,0.0,0.0,0.0137698,-0.0068849,-0.0275396,4.7987753,-0.0137698,-1.1773179,0.01231013430998,0.004438583638528,-0.006137728937652,-0.0029491758242370003,-0.000258699633705,0.00258699633705,20.001000000000005,1.9081620002907584,0.18592300011732732,0.08899900012693251,0.0
pd,23:52:57.375,481,-40.003,-89.999,0.0,-90.239,0.003,-0.02,0.0,0.0,0.0,0.0,0.0,0.0,-40.003,-110.0,0.0,-90.239,0.003,-0.02,-40.003,-97.999,0.0,-90.239,0.003,-0.02,0.0,-1566.2076176250935,0.0,0.0,0.0,0.0,0.0,-8.0,0.0,0.0,0.0,0.0,0.0137698,-0.0068849,-0.0275396,4.7987753,-0.0137698,-1.1773179,0.01231013430998,0.004438583638528,-0.006137728937652,-0.0029491758242370003,-0.000258699633705,0.00258699633705,20.001000000000005,1.8107939999936207,0.1961090001714183,0.07305500002985355,0.0
pd,23:52:57.377,482,-40.003,-89.999,0.0,-90.239,0.003,-0.02,0.0,0.0,0.0,0.0,0.0,0.0,-40.003,-110.0,0.0,-90.239,0.003,-0.02,-40.003,-97.999,0.0,-90.239,0.003,-0.02,0.0,-1845.8813950929696,0.0,0.0,0.0,0.0,0.0,-8.0,0.0,0.0,0.0,0.0,0.0137698,-0.0068849,-0.0275396,4.7987753,-0.0137698,-1.1773179,0.01231013430998,0.004438583638528,-0.006137728937652,-0.0029491758242370003,-0.000258699633705,0.00258699633705,20.001000000000005,1.7854239999905985,0.19835000011880766,0.09029500006363378,0.0
pd,23:52:57.379,483,-40.003,-89.999,0.0,-90.239,0.003,-0.02,0.0,0.0,0.0,0.0,0.0,0.0,-40.003,-110.0,0.0,-90.239,0.003,-0.02,-40.003,-97.999,0.0,-90.239,0.003,-0.02,0.0,-1850.7684500827359,0.0,0.0,0.0,0.0,0.0,-8.0,0.0,0.0,0.0,0.0,0.0137698,-0.0068849,-0.0275396,4.7987753,-0.0137698,-1.1773179,0.01231013430998,0.004438583638528,-0.006137728937652,-0.0029491758242370003,-0.000258699633705,0.00258699633705,20.001000000000005,1.7454430003454036,0.17470099965066765,0.07755499973427504,0.0
pd,23:52:57.381,484,-40.003,-89.999,0.0,-90.239,0.003,-0.02,0.0,0.0,0.0,0.0,0.0,0.0,-40.003,-110.0,0.0,-90.239,0.003,-0.02,-40.003,-97.999,0.0,-90.239,0.003,-0.02,0.0,-1928.637314633866,0.0,0.0,0.0,0.0,0.0,-8.0,0.0,0.0,0.0,0.0,0.0137698,-0.0068849,-0.0275396,4.7987753,-0.0137698,-1.1773179,0.01231013430998,0.004438583638528,-0.006137728937652,-0.0029491758242370003,-0.000258699633705,0.00258699633705,20.001000000000005,1.6427579998889996,0.13733100013268995,0.05966600019746693,0.0
pd,23:52:57.383,485,-40.003,-89.999,0.0,-90.239,0.003,-0.02,0.0,0.0,0.0,0.0,0.0,0.0,-40.003,-110.0,0.0,-90.239,0.003,-0.02,-40.003,-97.999,0.0,-90.239,0.003,-0.02,0.0,-2101.617938118502,0.0,0.0,0.0,0.0,0.0,-8.0,0.0,0.0,0.0,0.0,0.0137698,-0.0068849,-0.0275396,4.7987753,-0.0137698,-1.1773179,0.01231013430998,0.004438583638528,-0.006137728937652,-0.0029491758242370003,-0.000258699633705,0.00258699633705,20.001000000000005,1.6438329998891277,0.13457200020638993,0.05955500000709435,0.0
pd,23:52:57.385,486,-40.003,-89.999,0.0,-90.239,0.003,-0.02,0.0,0.0,0.0,0.0,0.0,0.0,-40.003,-110.0,0.0,-90.239,0.003,-0.02,-40.003,-97.999,0.0,-90.239,0.003,-0.02,0.0,-2101.3547094188375,0.0,0.0,0.0,0.0,0.0,-8.0,0.0,0.0,0.0,0.0,0.0137698,-0.0068849,-0.0275396,4.7987753,-0.0137698,-1.1773179,0.01231013430998,0.004438583638528,-0.006137728937652,-0.0029491758242370003,-0.000258699633705,0.00258699633705,20.001000000000005,1.6269620000457508,0.12755399984598625,0.054443999943032395,0.0
pd,23:52:57.387,487,-40.003,-89.999,0.0,-90.239,0.003,-0.02,0.0,0.0,0.0,0.0,0.0,0.0,-40.003,-110.0,0.0,-90.239,0.003,-0.02,-40.003,-97.999,0.0,-90.239,0.003,-0.02,0.0,-2139.9510204081635,0.0,0.0,0.0,0.0,0.0,-8.0,0.0,0.0,0.0,0.0,0.0137698,-0.0068849,-0.0275396,4.7987753,-0.0137698,-1.1773179,0.01231013430998,0.004438583638528,-0.006137728937652,-0.0029491758242370003,-0.000258699633705,0.00258699633705,20.001000000000005,1.6233520000241697,0.17779400013751,0.06831399969087215,0.0
pd,23:52:57.389,488,-40.003,-89.999,0.0,-90.239,0.003,-0.02,0.0,0.0,0.0,0.0,0.0,0.0,-40.003,-110.0,0.0,-90.239,0.003,-0.02,-40.003,-97.999,0.0,-90.239,0.003,-0.02,0.0,-2058.301558091032,0.0,0.0,0.0,0.0,0.0,-8.0,0.0,0.0,0.0,0.0,0.0137698,-0.0068849,-0.0275396,4.7987753,-0.0137698,-1.1773179,0.01231013430998,0.004438583638528,-0.006137728937652,-0.0029491758242370003,-0.000258699633705,0.00258699633705,20.001000000000005,1.6846839998834184,0.15084999995451653,0.0635919996057055,0.0
pd,23:52:57.391,489,-40.003,-89.999,0.0,-90.239,0.003,-0.02,0.0,0.0,0.0,0.0,0.0,0.0,-40.003,-110.0,0.0,-90.239,0.003,-0.02,-40.003,-97.999,0.0,-90.239,0.003,-0.02,0.0,-2033.8484664807856,0.0,0.0,0.0,0.0,0.0,-8.0,0.0,0.0,0.0,0.0,0.0137698,-0.0068849,-0.0275396,4.7987753,-0.0137698,-1.1773179,0.01231013430998,0.004438583638528,-0.006137728937652,-0.0029491758242370003,-0.000258699633705,0.00258699633705,20.001000000000005,1.6199429996959225,0.1559430002089357,0.062462000187224476,0.0
pd,23:52:57.393,490,-40.003,-89.999,0.0,-90.239,0.003,-0.02,0.0,0.0,0.0,0.0,0.0,0.0,-40.003,-110.0,0.0,-90.239,0.003,-0.02,-40.003,-97.999,0.0,-90.239,0.003,-0.02,0.0,-2097.6764191047764,0.0,0.0,0.0,0.0,0.0,-8.0,0.0,0.0,0.0,0.0,0.0137698,-0.0068849,-0.0275396,4.7987753,-0.0137698,-1.1773179,0.01231013430998,0.004438583638528,-0.006137728937652,-0.0029491758242370003,-0.000258699633705,0.00258699633705,20.001000000000005,1.6175740001926897,0.1360910000585136,0.057703000038600294,0.0
pd,23:52:57.395,491,-40.003,-89.999,0.0,-90.239,0.003,-0.02,0.0,0.0,0.0,0.0,0.0,0.0,-40.003,-110.0,0.0,-90.239,0.003,-0.02,-40.003,-97.999,0.0,-90.239,0.003,-0.02,0.0,-1842.0307422046553,0.0,0.0,0.0,0.0,0.0,-8.0,0.0,0.0,0.0,0.0,0.0137698,-0.0068849,-0.0275396,4.7987753,-0.0137698,-1.1773179,0.01231013430998,0.004438583638528,-0.006137728937652,-0.0029491758242370003,-0.000258699633705,0.00258699633705,20.001000000000005,1.7877929999485787,0.19599799998104572,0.07238800026243553,0.0
pd,23:52:57.397,492,-40.003,-89.999,0.0,-90.239,0.003,-0.02,0.0,0.0,0.0,0.0,0.0,0.0,-40.003,-110.0,0.0,-90.239,0.003,-0.02,-40.003,-97.999,0.0,-90.239,0.003,-0.02,0.0,-1870.5782138476977,0.0,0.0,0.0,0.0,0.0,-8.0,0.0,0.0,0.0,0.0,0.0137698,-0.0068849,-0.0275396,4.7987753,-0.0137698,-1.1773179,0.01231013430998,0.004438583638528,-0.006137728937652,-0.0029491758242370003,-0.000258699633705,0.00258699633705,20.001000000000005,1.700943000287225,0.22731199987902073,0.13142399984644726,0.0
pd,23:52:57.399,493,-40.003,-89.999,0.0,-90.239,0.003,-0.02,0.0,0.0,0.0,0.0,0.0,0.0,-40.003,-110.0,0.0,-90.239,0.003,-0.02,-40.003,-97.999,0.0,-90.239,0.003,-0.02,0.0,-1843.2450010986597,0.0,0.0,0.0,0.0,0.0,-8.0,0.0,0.0,0.0,0.0,0.0137698,-0.0068849,-0.0275396,4.7987753,-0.0137698,-1.1773179,0.01231013430998,0.004438583638528,-0.006137728937652,-0.0029491758242370003,-0.000258699633705,0.00258699633705,20.001000000000005,1.8653289998837863,0.24788600012470852,0.12192499980301363,0.0
pd,23:52:57.402,494,-40.003,-89.999,0.0,-90.239,0.003,-0.02,0.0,0.0,0.0,0.0,0.0,0.0,-40.003,-110.0,0.0,-90.239,0.003,-0.02,-40.003,-97.999,0.0,-90.239,0.003,-0.02,0.0,-1703.4435983348562,0.0,0.0,0.0,0.0,0.0,-8.0,0.0,0.0,0.0,0.0,0.0137698,-0.0068849,-0.0275396,4.7987753,-0.0137698,-1.1773179,0.01231013430998,0.004438583638528,-0.006137728937652,-0.0029491758242370003,-0.000258699633705,0.00258699633705,20.001000000000005,1.7276280000260158,0.22799700036557624,0.11759100016206503,0.0
pd,23:52:57.404,495,-40.003,-89.999,0.0,-90.239,0.003,-0.02,0.0,0.0,0.0,0.0,0.0,0.0,-40.003,-110.0,0.0,-90.239,0.003,-0.02,-40.003,-97.999,0.0,-90.239,0.003,-0.02,0.0,-1832.7743063141795,0.0,0.0,0.0,0.0,0.0,-8.0,0.0,0.0,0.0,0.0,0.0137698,-0.0068849,-0.0275396,4.7987753,-0.0137698,-1.1773179,0.01231013430998,0.004438583638528,-0.006137728937652,-0.0029491758242370003,-0.000258699633705,0.00258699633705,20.001000000000005,1.8651450000106706,0.24346000009245472,0.12177700000393088,0.0
pd,23:52:57.406,496,-40.003,-89.999,0.0,-90.239,0.003,-0.02,0.0,0.0,0.0,0.0,0.0,0.0,-40.003,-110.0,0.0,-90.239,0.003,-0.02,-40.003,-97.999,0.0,-90.239,0.003,-0.02,0.0,-1710.7388599979606,0.0,0.0,0.0,0.0,0.0,-8.0,0.0,0.0,0.0,0.0,0.0137698,-0.0068849,-0.0275396,4.7987753,-0.0137698,-1.1773179,0.01231013430998,0.004438583638528,-0.006137728937652,-0.0029491758242370003,-0.000258699633705,0.00258699633705,20.001000000000005,4.457964999801334,0.2550340000198048,0.12581300006786478,0.0
pd,23:52:57.411,497,-40.003,-89.999,0.0,-90.239,0.003,-0.02,0.0,0.0,0.0,0.0,0.0,0.0,-40.003,-110.0,0.0,-90.239,0.003,-0.02,-40.003,-97.999,0.0,-90.239,0.003,-0.02,0.0,-807.1401905128452,0.0,0.0,0.0,0.0,0.0,-8.0,0.0,0.0,0.0,0.0,0.0137698,-0.0068849,-0.0275396,4.7987753,-0.0137698,-1.1773179,0.01231013430998,0.004438583638528,-0.006137728937652,-0.0029491758242370003,-0.000258699633705,0.00258699633705,20.001000000000005,1.8681440001273586,0.21770099965578993,0.10412799974801601,0.0
pd,23:52:57.413,498,-40.003,-89.999,0.0,-90.239,0.003,-0.02,0.0,0.0,0.0,0.0,0.0,0.0,-40.003,-110.0,0.0,-90.239,0.003,-0.02,-40.003,-97.999,0.0,-90.239,0.003,-0.02,0.0,-1747.6266666666668,0.0,0.0,0.0,0.0,0.0,-8.0,0.0,0.0,0.0,0.0,0.0137698,-0.0068849,-0.0275396,4.7987753,-0.0137698,-1.1773179,0.01231013430998,0.004438583638528,-0.006137728937652,-0.0029491758242370003,-0.000258699633705,0.00258699633705,20.001000000000005,1.8394970002191258,0.2590899998722307,0.1267950001420104,0.0
pd,23:52:57.416,499,-40.003,-89.999,0.0,-90.239,0.003,-0.02,0.0,0.0,0.0,0.0,0.0,0.0,-40.003,-110.0,0.0,-90.239,0.003,-0.02,-40.003,-97.999,0.0,-90.239,0.003,-0.02,0.0,-1713.184519554784,0.0,0.0,0.0,0.0,0.0,-8.0,0.0,0.0,0.0,0.0,0.0137698,-0.0068849,-0.0275396,4.7987753,-0.0137698,-1.1773179,0.01231013430998,0.004438583638528,-0.006137728937652,-0.0029491758242370003,-0.000258699633705,0.00258699633705,20.001000000000005,2.324213000065356,0.2834409997376497,0.1372390001961321,0.0
pd,23:52:57.419,500,-40.003,-89.999,0.0,-90.239,0.003,-0.02,0.0,0.0,0.0,0.0,0.0,0.0,-40.003,-110.0,0.0,-90.239,0.003,-0.02,-40.003,-97.999,0.0,-90.239,0.003,-0.02,0.0,-1396.7046287046287,0.0,0.0,0.0,0.0,0.0,-8.0,0.0,0.0,0.0,0.0,0.0137698,-0.0068849,-0.0275396,4.7987753,-0.0137698,-1.1773179,0.01231013430998,0.004438583638528,-0.006137728937652,-0.0029491758242370003,-0.000258699633705,0.00258699633705,20.001000000000005,2.2840279998490587,0.2682189997358364,0.13362800018512644,0.0
pd,23:52:57.422,501,-40.003,-89.999,0.0,-90.239,0.003,-0.02,0.0,0.0,0.0,0.0,0.0,0.0,-40.003,-110.0,0.0,-90.239,0.003,-0.02,-40.003,-97.999,0.0,-90.239,0.003,-0.02,0.0,-1270.039061317184,0.0,0.0,0.0,0.0,0.0,-8.0,0.0,0.0,0.0,0.0,0.0137698,-0.0068849,-0.0275396,4.7987753,-0.0137698,-1.1773179,0.01231013430998,0.004438583638528,-0.006137728937652,-0.0029491758242370003,-0.000258699633705,0.00258699633705,20.001000000000005,2.204159000029904,0.26495900010559126,0.17529399974591797,0.0
pd,23:52:57.424,502,-40.003,-89.999,0.0,-90.239,0.003,-0.02,0.0,0.0,0.0,0.0,0.0,0.0,-40.003,-110.0,0.0,-90.239,0.003,-0.02,-40.003,-97.999,0.0,-90.239,0.003,-0.02,0.0,-1449.3102971665514,0.0,0.0,0.0,0.0,0.0,-8.0,0.0,0.0,0.0,0.0,0.0137698,-0.0068849,-0.0275396,4.7987753,-0.0137698,-1.1773179,0.01231013430998,0.004438583638528,-0.006137728937652,-0.0029491758242370003,-0.000258699633705,0.00258699633705,20.001000000000005,1.9167179998476058,0.26286699994670926,0.13431299976218725,0.0
pd,23:52:57.427,503,-40.003,-89.999,0.0,-90.239,0.003,-0.02,0.0,0.0,0.0,0.0,0.0,0.0,-40.003,-110.0,0.0,-90.239,0.003,-0.02,-40.003,-97.999,0.0,-90.239,0.003,-0.02,0.0,-1646.762465645858,0.0,0.0,0.0,0.0,0.0,-8.0,0.0,0.0,0.0,0.0,0.0137698,-0.0068849,-0.0275396,4.7987753,-0.0137698,-1.1773179,0.01231013430998,0.004438583638528,-0.006137728937652,-0.0029491758242370003,-0.000258699633705,0.00258699633705,20.001000000000005,1.8817929999386251,0.253238000368583,0.5086049995952635,0.0
pd,23:52:57.430,504,-40.003,-89.999,0.0,-90.239,0.003,-0.02,0.0,0.0,0.0,0.0,0.0,0.0,-40.003,-110.0,0.0,-90.239,0.003,-0.02,-40.003,-97.999,0.0,-90.239,0.003,-0.02,0.0,-1450.1872244792116,0.0,0.0,0.0,0.0,0.0,-8.0,0.0,0.0,0.0,0.0,0.0137698,-0.0068849,-0.0275396,4.7987753,-0.0137698,-1.1773179,0.01231013430998,0.004438583638528,-0.006137728937652,-0.0029491758242370003,-0.000258699633705,0.00258699633705,20.001000000000005,1.77229399969292,0.24827500010360382,0.12333200038483483,0.0
pd,23:52:57.432,505,-40.003,-89.999,0.0,-90.239,0.003,-0.02,0.0,0.0,0.0,0.0,0.0,0.0,-40.003,-110.0,0.0,-90.239,0.003,-0.02,-40.003,-97.999,0.0,-90.239,0.003,-0.02,0.0,-1776.3066172578083,0.0,0.0,0.0,0.0,0.0,-8.0,0.0,0.0,0.0,0.0,0.0137698,-0.0068849,-0.0275396,4.7987753,-0.0137698,-1.1773179,0.01231013430998,0.004438583638528,-0.006137728937652,-0.0029491758242370003,-0.000258699633705,0.00258699633705,20.001000000000005,2.0836420003433886,0.2617939999254304,0.09820300010687788,0.0
pd,23:52:57.434,506,-40.003,-89.999,0.0,-90.239,0.003,-0.02,0.0,0.0,0.0,0.0,0.0,0.0,-40.003,-110.0,0.0,-90.239,0.003,-0.02,-40.003,-97.999,0.0,-90.239,0.003,-0.02,0.0,-1578.4378586884936,0.0,0.0,0.0,0.0,0.0,-8.0,0.0,0.0,0.0,0.0,0.0137698,-0.0068849,-0.0275396,4.7987753,-0.0137698,-1.1773179,0.01231013430998,0.004438583638528,-0.006137728937652,-0.0029491758242370003,-0.000258699633705,0.00258699633705,20.001000000000005,1.7784790002224327,0.15705400028309668,0.07186999982877751,0.0
pd,23:52:57.437,507,-40.003,-89.999,0.0,-90.239,0.003,-0.02,0.0,0.0,0.0,0.0,0.0,0.0,-40.003,-110.0,0.0,-90.239,0.003,-0.02,-40.003,-97.999,0.0,-90.239,0.003,-0.02,0.0,-1924.213327216424,0.0,0.0,0.0,0.0,0.0,-8.0,0.0,0.0,0.0,0.0,0.0137698,-0.0068849,-0.0275396,4.7987753,-0.0137698,-1.1773179,0.01231013430998,0.004438583638528,-0.006137728937652,-0.0029491758242370003,-0.000258699633705,0.00258699633705,20.001000000000005,1.6943499999797496,0.21473800006788224,0.09779499987416784,0.0
pd,23:52:57.439,508,-40.003,-89.999,0.0,-90.239,0.003,-0.02,0.0,0.0,0.0,0.0,0.0,0.0,-40.003,-110.0,0.0,-90.239,0.003,-0.02,-40.003,-97.999,0.0,-90.239,0.003,-0.02,0.0,-1909.3224081028793,0.0,0.0,0.0,0.0,0.0,-8.0,0.0,0.0,0.0,0.0,0.0137698,-0.0068849,-0.0275396,4.7987753,-0.0137698,-1.1773179,0.01231013430998,0.004438583638528,-0.006137728937652,-0.0029491758242370003,-0.000258699633705,0.00258699633705,20.001000000000005,1.663333000124112,0.1579429999765125,0.0737400000616617,0.0
pd,23:52:57.441,509,-40.003,-89.999,0.0,-90.239,0.003,-0.02,0.0,0.0,0.0,0.0,0.0,0.0,-40.003,-110.0,0.0,-90.239,0.003,-0.02,-40.003,-97.999,0.0,-90.239,0.003,-0.02,0.0,-2032.8627165879075,0.0,0.0,0.0,0.0,0.0,-8.0,0.0,0.0,0.0,0.0,0.0137698,-0.0068849,-0.0275396,4.7987753,-0.0137698,-1.1773179,0.01231013430998,0.004438583638528,-0.006137728937652,-0.0029491758242370003,-0.000258699633705,0.00258699633705,20.001000000000005,1.7717569999149418,0.1629240000511345,0.06657299991275067,0.0
pd,23:52:57.443,510,-40.003,-89.999,0.0,-90.239,0.003,-0.02,0.0,0.0,0.0,0.0,0.0,0.0,-40.003,-110.0,0.0,-90.239,0.003,-0.02,-40.003,-97.999,0.0,-90.239,0.003,-0.02,0.0,-1930.6347525891829,0.0,0.0,0.0,0.0,0.0,-8.0,0.0,0.0,0.0,0.0,0.0137698,-0.0068849,-0.0275396,4.7987753,-0.0137698,-1.1773179,0.01231013430998,0.004438583638528,-0.006137728937652,-0.0029491758242370003,-0.000258699633705,0.00258699633705,20.001000000000005,1.6212769996855059,0.13673900002686423,0.06503600025098422,0.0
pd,23:52:57.445,511,-40.003,-89.999,0.0,-90.239,0.003,-0.02,0.0,0.0,0.0,0.0,0.0,0.0,-40.003,-110.0,0.0,-90.239,0.003,-0.02,-40.003,-97.999,0.0,-90.239,0.003,-0.02,0.0,-1597.3737027515947,0.0,0.0,0.0,0.0,0.0,-8.0,0.0,0.0,0.0,0.0,0.0137698,-0.0068849,-0.0275396,4.7987753,-0.0137698,-1.1773179,0.01231013430998,0.004438583638528,-0.006137728937652,-0.0029491758242370003,-0.000258699633705,0.00258699633705,20.001000000000005,1.814552999803709,0.21514499985642033,0.06881400031488738,0.0
pd,23:52:57.447,512,-40.003,-89.999,0.0,-90.239,0.003,-0.02,0.0,0.0,0.0,0.0,0.0,0.0,-40.003,-110.0,0.0,-90.239,0.003,-0.02,-40.003,-97.999,0.0,-90.239,0.003,-0.02,0.0,-1830.3748636264456,0.0,0.0,0.0,0.0,0.0,-8.0,0.0,0.0,0.0,0.0,0.0137698,-0.0068849,-0.0275396,4.7987753,-0.0137698,-1.1773179,0.01231013430998,0.004438583638528,-0.006137728937652,-0.0029491758242370003,-0.000258699633705,0.00258699633705,20.001000000000005,1.7677570003797882,0.19614599978012848,0.08742499994696118,0.0
pd,23:52:57.449,513,-40.003,-89.999,0.0,-90.239,0.003,-0.02,0.0,0.0,0.0,0.0,0.0,0.0,-40.003,-110.0,0.0,-90.239,0.003,-0.02,-40.003,-97.999,0.0,-90.239,0.003,-0.02,0.0,-1873.0842916154963,0.0,0.0,0.0,0.0,0.0,-8.0,0.0,0.0,0.0,0.0,0.0137698,-0.0068849,-0.0275396,4.7987753,-0.0137698,-1.1773179,0.01231013430998,0.004438583638528,-0.006137728937652,-0.0029491758242370003,-0.000258699633705,0.00258699633705,20.001000000000005,1.940588000252319,0.19779400008701487,0.09314699991591624,0.0
pd,23:52:57.452,514,-40.003,-89.999,0.0,-90.239,0.003,-0.02,0.0,0.0,0.0,0.0,0.0,0.0,-40.003,-110.0,0.0,-90.239,0.003,-0.02,-40.003,-97.999,0.0,-90.239,0.003,-0.02,0.0,-1727.4728171334432,0.0,0.0,0.0,0.0,0.0,-8.0,0.0,0.0,0.0,0.0,0.0137698,-0.0068849,-0.0275396,4.7987753,-0.0137698,-1.1773179,0.01231013430998,0.004438583638528,-0.006137728937652,-0.0029491758242370003,-0.000258699633705,0.00258699633705,20.001000000000005,1.7138500002147339,0.15346099962698645,0.1123689999076305,0.0
pd,23:52:57.454,515,-40.003,-89.999,0.0,-90.239,0.003,-0.02,0.0,0.0,0.0,0.0,0.0,0.0,-40.003,-110.0,0.0,-90.239,0.003,-0.02,-40.003,-97.999,0.0,-90.239,0.003,-0.02,0.0,-1948.573286875726,0.0,0.0,0.0,0.0,0.0,-8.0,0.0,0.0,0.0,0.0,0.0137698,-0.0068849,-0.0275396,4.7987753,-0.0137698,-1.1773179,0.01231013430998,0.004438583638528,-0.006137728937652,-0.0029491758242370003,-0.000258699633705,0.00258699633705,20.001000000000005,1.6424430000370194,0.15992399994502193,0.1497580001341703,0.0
pd,23:52:57.456,516,-40.003,-89.999,0.0,-90.239,0.003,-0.02,0.0,0.0,0.0,0.0,0.0,0.0,-40.003,-110.0,0.0,-90.239,0.003,-0.02,-40.003,-97.999,0.0,-90.239,0.003,-0.02,0.0,-1972.8617121354657,0.0,0.0,0.0,0.0,0.0,-8.0,0.0,0.0,0.0,0.0,0.0137698,-0.0068849,-0.0275396,4.7987753,-0.0137698,-1.1773179,0.01231013430998,0.004438583638528,-0.006137728937652,-0.0029491758242370003,-0.000258699633705,0.00258699633705,20.001000000000005,1.7526269998597854,0.1667380001890706,0.06781399997635162,0.0
pd,23:52:57.458,517,-40.003,-89.999,0.0,-90.239,0.003,-0.02,0.0,0.0,0.0,0.0,0.0,0.0,-40.003,-110.0,0.0,-90.239,0.003,-0.02,-40.003,-97.999,0.0,-90.239,0.003,-0.02,0.0,-1942.0321796504224,0.0,0.0,0.0,0.0,0.0,-8.0,0.0,0.0,0.0,0.0,0.0137698,-0.0068849,-0.0275396,4.7987753,-0.0137698,-1.1773179,0.01231013430998,0.004438583638528,-0.006137728937652,-0.0029491758242370003,-0.000258699633705,0.00258699633705,20.001000000000005,1.6298690002258809,0.16514699973413371,0.07375800032605184,0.0
pd,23:52:57.460,518,-40.003,-89.999,0.0,-90.239,0.003,-0.02,0.0,0.0,0.0,0.0,0.0,0.0,-40.003,-110.0,0.0,-90.239,0.003,-0.02,-40.003,-97.999,0.0,-90.239,0.003,-0.02,0.0,-2059.0594010800196,0.0,0.0,0.0,0.0,0.0,-8.0,0.0,0.0,0.0,0.0,0.0137698,-0.0068849,-0.0275396,4.7987753,-0.0137698,-1.1773179,0.01231013430998,0.004438583638528,-0.006137728937652,-0.0029491758242370003,-0.000258699633705,0.00258699633705,20.001000000000005,1.6778869999143353,0.1599790002728696,0.072036999881675,0.0
pd,23:52:57.462,519,-40.003,-89.999,0.0,-90.239,0.003,-0.02,0.0,0.0,0.0,0.0,0.0,0.0,-40.003,-110.0,0.0,-90.239,0.003,-0.02,-40.003,-97.999,0.0,-90.239,0.003,-0.02,0.0,-2018.190304342596,0.0,0.0,0.0,0.0,0.0,-8.0,0.0,0.0,0.0,0.0,0.0137698,-0.0068849,-0.0275396,4.7987753,-0.0137698,-1.1773179,0.01231013430998,0.004438583638528,-0.006137728937652,-0.0029491758242370003,-0.000258699633705,0.00258699633705,20.001000000000005,1.6213320000133535,0.1691829997980676,0.05670299970006454,0.0
pd,23:52:57.464,520,-40.003,-89.999,0.0,-90.239,0.003,-0.02,0.0,0.0,0.0,0.0,0.0,0.0,-40.003,-110.0,0.0,-90.239,0.003,-0.02,-40.003,-97.999,0.0,-90.239,0.003,-0.02,0.0,-2095.8420986883198,0.0,0.0,0.0,0.0,0.0,-8.0,0.0,0.0,0.0,0.0,0.0137698,-0.0068849,-0.0275396,4.7987753,-0.0137698,-1.1773179,0.01231013430998,0.004438583638528,-0.006137728937652,-0.0029491758242370003,-0.000258699633705,0.00258699633705,20.001000000000005,1.6487210000377672,0.14462800027104095,0.06425899982787087,0.0
pd,23:52:57.466,521,-40.003,-89.999,0.0,-90.239,0.003,-0.02,0.0,0.0,0.0,0.0,0.0,0.0,-40.003,-110.0,0.0,-90.239,0.003,-0.02,-40.003,-97.999,0.0,-90.239,0.003,-0.02,0.0,-1716.5148352772662,0.0,0.0,0.0,0.0,0.0,-8.0,0.0,0.0,0.0,0.0,0.0137698,-0.0068849,-0.0275396,4.7987753,-0.0137698,-1.1773179,0.01231013430998,0.004438583638528,-0.006137728937652,-0.0029491758242370003,-0.000258699633705,0.00258699633705,20.001000000000005,1.7433870002605545,0.19853499998134794,0.06503600025098422,0.0
pd,23:52:57.468,522,-40.003,-89.999,0.0,-90.239,0.003,-0.02,0.0,0.0,0.0,0.0,0.0,0.0,-40.003,-110.0,0.0,-90.239,0.003,-0.02,-40.003,-97.999,0.0,-90.239,0.003,-0.02,0.0,-1904.3377979568672,0.0,0.0,0.0,0.0,0.0,-8.0,0.0,0.0,0.0,0.0,0.0137698,-0.0068849,-0.0275396,4.7987753,-0.0137698,-1.1773179,0.01231013430998,0.004438583638528,-0.006137728937652,-0.0029491758242370003,-0.000258699633705,0.00258699633705,20.001000000000005,1.7187019998345932,0.17729399996824213,0.08146199979819357,0.0
pd,23:52:57.470,523,-40.003,-89.999,0.0,-90.239,0.003,-0.02,0.0,0.0,0.0,0.0,0.0,0.0,-40.003,-110.0,0.0,-90.239,0.003,-0.02,-40.003,-97.999,0.0,-90.239,0.003,-0.02,0.0,-1944.0574739281576,0.0,0.0,0.0,0.0,0.0,-8.0,0.0,0.0,0.0,0.0,0.0137698,-0.0068849,-0.0275396,4.7987753,-0.0137698,-1.1773179,0.01231013430998,0.004438583638528,-0.006137728937652,-0.0029491758242370003,-0.000258699633705,0.00258699633705,20.001000000000005,1.6659800003253622,0.16031299992391723,0.08073899971350329,0.0
pd,23:52:57.472,524,-40.003,-89.999,0.0,-90.239,0.003,-0.02,0.0,0.0,0.0,0.0,0.0,0.0,-40.003,-110.0,0.0,-90.239,0.003,-0.02,-40.003,-97.999,0.0,-90.239,0.003,-0.02,0.0,-2015.5233061028352,0.0,0.0,0.0,0.0,0.0,-8.0,0.0,0.0,0.0,0.0,0.0137698,-0.0068849,-0.0275396,4.7987753,-0.0137698,-1.1773179,0.01231013430998,0.004438583638528,-0.006137728937652,-0.0029491758242370003,-0.000258699633705,0.00258699633705,20.001000000000005,1.7661460001363594,0.22983000008025556,0.11244400002397015,0.0
pd,23:52:57.474,525,-40.003,-89.999,0.0,-90.239,0.003,-0.02,0.0,0.0,0.0,0.0,0.0,0.0,-40.003,-110.0,0.0,-90.239,0.003,-0.02,-40.003,-97.999,0.0,-90.239,0.003,-0.02,0.0,-1816.1091145269538,0.0,0.0,0.0,0.0,0.0,-8.0,0.0,0.0,0.0,0.0,0.0137698,-0.0068849,-0.0275396,4.7987753,-0.0137698,-1.1773179,0.01231013430998,0.004438583638528,-0.006137728937652,-0.0029491758242370003,-0.000258699633705,0.00258699633705,20.001000000000005,1.916736000111996,0.19547900001271046,0.10479500042492873,0.0
pd,23:52:57.477,526,-40.003,-89.999,0.0,-90.239,0.003,-0.02,0.0,0.0,0.0,0.0,0.0,0.0,-40.003,-110.0,0.0,-90.239,0.003,-0.02,-40.003,-97.999,0.0,-90.239,0.003,-0.02,0.0,-1698.7865532604294,0.0,0.0,0.0,0.0,0.0,-8.0,0.0,0.0,0.0,0.0,0.0137698,-0.0068849,-0.0275396,4.7987753,-0.0137698,-1.1773179,0.01231013430998,0.004438583638528,-0.006137728937652,-0.0029491758242370003,-0.000258699633705,0.00258699633705,20.001000000000005,1.6548129997318028,0.15010900006018346,0.08031400011532241,0.0
pd,23:52:57.479,527,-40.003,-89.999,0.0,-90.239,0.003,-0.02,0.0,0.0,0.0,0.0,0.0,0.0,-40.003,-110.0,0.0,-90.239,0.003,-0.02,-40.003,-97.999,0.0,-90.239,0.003,-0.02,0.0,-2041.2721742304416,0.0,0.0,0.0,0.0,0.0,-8.0,0.0,0.0,0.0,0.0,0.0137698,-0.0068849,-0.0275396,4.7987753,-0.0137698,-1.1773179,0.01231013430998,0.004438583638528,-0.006137728937652,-0.0029491758242370003,-0.000258699633705,0.00258699633705,20.001000000000005,1.663054999880842,0.21777500023745233,0.08505400001013186,0.0
pd,23:52:57.481,528,-40.003,-89.999,0.0,-90.239,0.003,-0.02,0.0,0.0,0.0,0.0,0.0,0.0,-40.003,-110.0,0.0,-90.239,0.003,-0.02,-40.003,-97.999,0.0,-90.239,0.003,-0.02,0.0,-1953.110128055879,0.0,0.0,0.0,0.0,0.0,-8.0,0.0,0.0,0.0,0.0,0.0137698,-0.0068849,-0.0275396,4.7987753,-0.0137698,-1.1773179,0.01231013430998,0.004438583638528,-0.006137728937652,-0.0029491758242370003,-0.000258699633705,0.00258699633705,20.001000000000005,1.7351649999000074,0.16736800034777843,0.07346200027313898,0.0
pd,23:52:57.483,529,-40.003,-89.999,0.0,-90.239,0.003,-0.02,0.0,0.0,0.0,0.0,0.0,0.0,-40.003,-110.0,0.0,-90.239,0.003,-0.02,-40.003,-97.999,0.0,-90.239,0.003,-0.02,0.0,-1952.2010705143123,0.0,0.0,0.0,0.0,0.0,-8.0,0.0,0.0,0.0,0.0,0.0137698,-0.0068849,-0.0275396,4.7987753,-0.0137698,-1.1773179,0.01231013430998,0.004438583638528,-0.006137728937652,-0.0029491758242370003,-0.000258699633705,0.00258699633705,20.001000000000005,1.6380910001316806,0.18712800010689534,0.07546199958596844,0.0
pd,23:52:57.485,530,-40.003,-89.999,0.0,-90.239,0.003,-0.02,0.0,0.0,0.0,0.0,0.0,0.0,-40.003,-110.0,0.0,-90.239,0.003,-0.02,-40.003,-97.999,0.0,-90.239,0.003,-0.02,0.0,-2024.7665942553706,0.0,0.0,0.0,0.0,0.0,-8.0,0.0,0.0,0.0,0.0,0.0137698,-0.0068849,-0.0275396,4.7987753,-0.0137698,-1.1773179,0.01231013430998,0.004438583638528,-0.006137728937652,-0.0029491758242370003,-0.000258699633705,0.00258699633705,20.001000000000005,1.6393139999308914,0.14064600009078276,0.05707299987989245,0.0
pd,23:52:57.487,531,-40.003,-89.999,0.0,-90.239,0.003,-0.02,0.0,0.0,0.0,0.0,0.0,0.0,-40.003,-110.0,0.0,-90.239,0.003,-0.02,-40.003,-97.999,0.0,-90.239,0.003,-0.02,0.0,-1813.5570208626095,0.0,0.0,0.0,0.0,0.0,-8.0,0.0,0.0,0.0,0.0,0.0137698,-0.0068849,-0.0275396,4.7987753,-0.0137698,-1.1773179,0.01231013430998,0.004438583638528,-0.006137728937652,-0.0029491758242370003,-0.000258699633705,0.00258699633705,20.001000000000005,1.760441999977047,0.21173899995119427,0.08820199991532718,0.0
pd,23:52:57.489,532,-40.003,-89.999,0.0,-90.239,0.003,-0.02,0.0,0.0,0.0,0.0,0.0,0.0,-40.003,-110.0,0.0,-90.239,0.003,-0.02,-40.003,-97.999,0.0,-90.239,0.003,-0.02,0.0,-1853.6312009722683,0.0,0.0,0.0,0.0,0.0,-8.0,0.0,0.0,0.0,0.0,0.0137698,-0.0068849,-0.0275396,4.7987753,-0.0137698,-1.1773179,0.01231013430998,0.004438583638528,-0.006137728937652,-0.0029491758242370003,-0.000258699633705,0.00258699633705,20.001000000000005,1.6728499999771884,0.14833200020802906,0.05927699976382428,0.0
pd,23:52:57.491,533,-40.003,-89.999,0.0,-90.239,0.003,-0.02,0.0,0.0,0.0,0.0,0.0,0.0,-40.003,-110.0,0.0,-90.239,0.003,-0.02,-40.003,-97.999,0.0,-90.239,0.003,-0.02,0.0,-2056.0313725490196,0.0,0.0,0.0,0.0,0.0,-8.0,0.0,0.0,0.0,0.0,0.0137698,-0.0068849,-0.0275396,4.7987753,-0.0137698,-1.1773179,0.01231013430998,0.004438583638528,-0.006137728937652,-0.0029491758242370003,-0.000258699633705,0.00258699633705,20.001000000000005,1.641258999825368,0.19305400019220542,0.06455499988078373,0.0
pd,23:52:57.493,534,-40.003,-89.999,0.0,-90.239,0.003,-0.02,0.0,0.0,0.0,0.0,0.0,0.0,-40.003,-110.0,0.0,-90.239,0.003,-0.02,-40.003,-97.999,0.0,-90.239,0.003,-0.02,0.0,-2032.3701998788613,0.0,0.0,0.0,0.0,0.0,-8.0,0.0,0.0,0.0,0.0,0.0137698,-0.0068849,-0.0275396,4.7987753,-0.0137698,-1.1773179,0.01231013430998,0.004438583638528,-0.006137728937652,-0.0029491758242370003,-0.000258699633705,0.00258699633705,20.001000000000005,1.627925000320829,0.1299619998462731,0.05783199958386831,0.0
pd,23:52:57.495,535,-40.003,-89.999,0.0,-90.239,0.003,-0.02,0.0,0.0,0.0,0.0,0.0,0.0,-40.003,-110.0,0.0,-90.239,0.003,-0.02,-40.003,-97.999,0.0,-90.239,0.003,-0.02,0.0,-2130.169629253428,0.0,0.0,0.0,0.0,0.0,-8.0,0.0,0.0,0.0,0.0,0.0137698,-0.0068849,-0.0275396,4.7987753,-0.0137698,-1.1773179,0.01231013430998,0.004438583638528,-0.006137728937652,-0.0029491758242370003,-0.000258699633705,0.00258699633705,20.001000000000005,1.6440729996247683,0.1385720001962909,0.06129599978521583,0.0
pd,23:52:57.497,536,-40.003,-89.999,0.0,-90.239,0.003,-0.02,0.0,0.0,0.0,0.0,0.0,0.0,-40.003,-110.0,0.0,-90.239,0.003,-0.02,-40.003,-97.999,0.0,-90.239,0.003,-0.02,0.0,-2092.9660678642713,0.0,0.0,0.0,0.0,0.0,-8.0,0.0,0.0,0.0,0.0,0.0137698,-0.0068849,-0.0275396,4.7987753,-0.0137698,-1.1773179,0.01231013430998,0.004438583638528,-0.006137728937652,-0.0029491758242370003,-0.000258699633705,0.00258699633705,20.001000000000005,1.6159429997060215,0.12560999994093436,0.05599899986918899,0.0
pd,23:52:57.499,537,-40.003,-89.999,0.0,-90.239,0.003,-0.02,0.0,0.0,0.0,0.0,0.0,0.0,-40.003,-110.0,0.0,-90.239,0.003,-0.02,-40.003,-97.999,0.0,-90.239,0.003,-0.02,0.0,-2151.2009231952816,0.0,0.0,0.0,0.0,0.0,-8.0,0.0,0.0,0.0,0.0,0.0137698,-0.0068849,-0.0275396,4.7987753,-0.0137698,-1.1773179,0.01231013430998,0.004438583638528,-0.006137728937652,-0.0029491758242370003,-0.000258699633705,0.00258699633705,20.001000000000005,1.712090999717475,0.29831100027877255,0.3623839997999312,0.0
pd,23:52:57.501,538,-40.003,-89.999,0.0,-90.239,0.003,-0.02,0.0,0.0,0.0,0.0,0.0,0.0,-40.003,-110.0,0.0,-90.239,0.003,-0.02,-40.003,-97.999,0.0,-90.239,0.003,-0.02,0.0,-1615.2128622316357,0.0,0.0,0.0,0.0,0.0,-8.0,0.0,0.0,0.0,0.0,0.0137698,-0.0068849,-0.0275396,4.7987753,-0.0137698,-1.1773179,0.01231013430998,0.004438583638528,-0.006137728937652,-0.0029491758242370003,-0.000258699633705,0.00258699633705,20.001000000000005,1.7230530002052546,0.20809000034205383,0.09399900000062189,0.0
pd,23:52:57.503,539,-40.003,-89.999,0.0,-90.239,0.003,-0.02,0.0,0.0,0.0,0.0,0.0,0.0,-40.003,-110.0,0.0,-90.239,0.003,-0.02,-40.003,-97.999,0.0,-90.239,0.003,-0.02,0.0,-1893.3772711883535,0.0,0.0,0.0,0.0,0.0,-8.0,0.0,0.0,0.0,0.0,0.0137698,-0.0068849,-0.0275396,4.7987753,-0.0137698,-1.1773179,0.01231013430998,0.004438583638528,-0.006137728937652,-0.0029491758242370003,-0.000258699633705,0.00258699633705,20.001000000000005,1.731608999762102,0.16510900013599894,0.07722100008322741,0.0
pd,23:52:57.505,540,-40.003,-89.999,0.0,-90.239,0.003,-0.02,0.0,0.0,0.0,0.0,0.0,0.0,-40.003,-110.0,0.0,-90.239,0.003,-0.02,-40.003,-97.999,0.0,-90.239,0.003,-0.02,0.0,-1950.3854917461056,0.0,0.0,0.0,0.0,0.0,-8.0,0.0,0.0,0.0,0.0,0.0137698,-0.0068849,-0.0275396,4.7987753,-0.0137698,-1.1773179,0.01231013430998,0.004438583638528,-0.006137728937652,-0.0029491758242370003,-0.000258699633705,0.00258699633705,20.001000000000005,1.7432579998057918,0.17716399997880217,0.07803600010447553,0.0
pd,23:52:57.508,541,-40.003,-89.999,0.0,-90.239,0.003,-0.02,0.0,0.0,0.0,0.0,0.0,0.0,-40.003,-110.0,0.0,-90.239,0.003,-0.02,-40.003,-97.999,0.0,-90.239,0.003,-0.02,0.0,-1642.8922835879357,0.0,0.0,0.0,0.0,0.0,-8.0,0.0,0.0,0.0,0.0,0.0137698,-0.0068849,-0.0275396,4.7987753,-0.0137698,-1.1773179,0.01231013430998,0.004438583638528,-0.006137728937652,-0.0029491758242370003,-0.000258699633705,0.00258699633705,20.001000000000005,1.879902999917249,0.2147379996131349,0.07899899992480641,0.0
pd,23:52:57.510,542,-40.003,-89.999,0.0,-90.239,0.003,-0.02,0.0,0.0,0.0,0.0,0.0,0.0,-40.003,-110.0,0.0,-90.239,0.003,-0.02,-40.003,-97.999,0.0,-90.239,0.003,-0.02,0.0,-1768.629137676576,0.0,0.0,0.0,0.0,0.0,-8.0,0.0,0.0,0.0,0.0,0.0137698,-0.0068849,-0.0275396,4.7987753,-0.0137698,-1.1773179,0.01231013430998,0.004438583638528,-0.006137728937652,-0.0029491758242370003,-0.000258699633705,0.00258699633705,20.001000000000005,1.6650360003040987,0.16151699992406066,0.06833299994468689,0.0
pd,23:52:57.512,543,-40.003,-89.999,0.0,-90.239,0.003,-0.02,0.0,0.0,0.0,0.0,0.0,0.0,-40.003,-110.0,0.0,-90.239,0.003,-0.02,-40.003,-97.999,0.0,-90.239,0.003,-0.02,0.0,-2031.1399515738499,0.0,0.0,0.0,0.0,0.0,-8.0,0.0,0.0,0.0,0.0,0.0137698,-0.0068849,-0.0275396,4.7987753,-0.0137698,-1.1773179,0.01231013430998,0.004438583638528,-0.006137728937652,-0.0029491758242370003,-0.000258699633705,0.00258699633705,20.001000000000005,1.6818130002320686,0.1481099998272839,0.06396200024028076,0.0
pd,23:52:57.514,544,-40.003,-89.999,0.0,-90.239,0.003,-0.02,0.0,0.0,0.0,0.0,0.0,0.0,-40.003,-110.0,0.0,-90.239,0.003,-0.02,-40.003,-97.999,0.0,-90.239,0.003,-0.02,0.0,-2039.0393777345648,0.0,0.0,0.0,0.0,0.0,-8.0,0.0,0.0,0.0,0.0,0.0137698,-0.0068849,-0.0275396,4.7987753,-0.0137698,-1.1773179,0.01231013430998,0.004438583638528,-0.006137728937652,-0.0029491758242370003,-0.000258699633705,0.00258699633705,20.001000000000005,1.6192220000448287,0.13146099990990479,0.05649900003845687,0.0
pd,23:52:57.516,545,-40.003,-89.999,0.0,-90.239,0.003,-0.02,0.0,0.0,0.0,0.0,0.0,0.0,-40.003,-110.0,0.0,-90.239,0.003,-0.02,-40.003,-97.999,0.0,-90.239,0.003,-0.02,0.0,-2141.043389484431,0.0,0.0,0.0,0.0,0.0,-8.0,0.0,0.0,0.0,0.0,0.0137698,-0.0068849,-0.0275396,4.7987753,-0.0137698,-1.1773179,0.01231013430998,0.004438583638528,-0.006137728937652,-0.0029491758242370003,-0.000258699633705,0.00258699633705,20.001000000000005,1.6708869998183218,0.1673500000833883,0.07470299988199258,0.0
pd,23:52:57.518,546,-40.003,-89.999,0.0,-90.239,0.003,-0.02,0.0,0.0,0.0,0.0,0.0,0.0,-40.003,-110.0,0.0,-90.239,0.003,-0.02,-40.003,-97.999,0.0,-90.239,0.003,-0.02,0.0,-2010.692233940556,0.0,0.0,0.0,0.0,0.0,-8.0,0.0,0.0,0.0,0.0,0.0137698,-0.0068849,-0.0275396,4.7987753,-0.0137698,-1.1773179,0.01231013430998,0.004438583638528,-0.006137728937652,-0.0029491758242370003,-0.000258699633705,0.00258699633705,20.001000000000005,1.65190600000642,0.14459099975283607,0.06259200017666444,0.0
pd,23:52:57.520,547,-40.003,-89.999,0.0,-90.239,0.003,-0.02,0.0,0.0,0.0,0.0,0.0,0.0,-40.003,-110.0,0.0,-90.239,0.003,-0.02,-40.003,-97.999,0.0,-90.239,0.003,-0.02,0.0,-2074.077883545556,0.0,0.0,0.0,0.0,0.0,-8.0,0.0,0.0,0.0,0.0,0.0137698,-0.0068849,-0.0275396,4.7987753,-0.0137698,-1.1773179,0.01231013430998,0.004438583638528,-0.006137728937652,-0.0029491758242370003,-0.000258699633705,0.00258699633705,20.001000000000005,1.6843690000314382,0.16859000015756465,0.07825800003047334,0.0
pd,23:52:57.522,548,-40.003,-89.999,0.0,-90.239,0.003,-0.02,0.0,0.0,0.0,0.0,0.0,0.0,-40.003,-110.0,0.0,-90.239,0.003,-0.02,-40.003,-97.999,0.0,-90.239,0.003,-0.02,0.0,-1991.5973409306744,0.0,0.0,0.0,0.0,0.0,-8.0,0.0,0.0,0.0,0.0,0.0137698,-0.0068849,-0.0275396,4.7987753,-0.0137698,-1.1773179,0.01231013430998,0.004438583638528,-0.006137728937652,-0.0029491758242370003,-0.000258699633705,0.00258699633705,20.001000000000005,1.6672389997438586,0.14257199973144452,0.05990599993310752,0.0
pd,23:52:57.524,549,-40.003,-89.999,0.0,-90.239,0.003,-0.02,0.0,0.0,0.0,0.0,0.0,0.0,-40.003,-110.0,0.0,-90.239,0.003,-0.02,-40.003,-97.999,0.0,-90.239,0.003,-0.02,0.0,-2065.396528376216,0.0,0.0,0.0,0.0,0.0,-8.0,0.0,0.0,0.0,0.0,0.0137698,-0.0068849,-0.0275396,4.7987753,-0.0137698,-1.1773179,0.01231013430998,0.004438583638528,-0.006137728937652,-0.0029491758242370003,-0.000258699633705,0.00258699633705,20.001000000000005,1.6565920000175538,0.13753500024904497,0.05803600015497068,0.0
pd,23:52:57.526,550,-40.003,-89.999,0.0,-90.239,0.003,-0.02,0.0,0.0,0.0,0.0,0.0,0.0,-40.003,-110.0,0.0,-90.239,0.003,-0.02,-40.003,-97.999,0.0,-90.239,0.003,-0.02,0.0,-2086.4588981469965,0.0,0.0,0.0,0.0,0.0,-8.0,0.0,0.0,0.0,0.0,0.0137698,-0.0068849,-0.0275396,4.7987753,-0.0137698,-1.1773179,0.01231013430998,0.004438583638528,-0.006137728937652,-0.0029491758242370003,-0.000258699633705,0.00258699633705,20.001000000000005,1.9349399999555317,0.1892020000013872,0.09090599996852688,0.0
pd,23:52:57.528,551,-40.003,-89.999,0.0,-90.239,0.003,-0.02,0.0,0.0,0.0,0.0,0.0,0.0,-40.003,-110.0,0.0,-90.239,0.003,-0.02,-40.003,-97.999,0.0,-90.239,0.003,-0.02,0.0,-1528.6757175398634,0.0,0.0,0.0,0.0,0.0,-8.0,0.0,0.0,0.0,0.0,0.0137698,-0.0068849,-0.0275396,4.7987753,-0.0137698,-1.1773179,0.01231013430998,0.004438583638528,-0.006137728937652,-0.0029491758242370003,-0.000258699633705,0.00258699633705,20.001000000000005,1.830162999794993,0.21844100001544575,0.09414699979970464,0.0
pd,23:52:57.531,552,-40.003,-89.999,0.0,-90.239,0.003,-0.02,0.0,0.0,0.0,0.0,0.0,0.0,-40.003,-110.0,0.0,-90.239,0.003,-0.02,-40.003,-97.999,0.0,-90.239,0.003,-0.02,0.0,-1788.8064825674378,0.0,0.0,0.0,0.0,0.0,-8.0,0.0,0.0,0.0,0.0,0.0137698,-0.0068849,-0.0275396,4.7987753,-0.0137698,-1.1773179,0.01231013430998,0.004438583638528,-0.006137728937652,-0.0029491758242370003,-0.000258699633705,0.00258699633705,20.001000000000005,1.786015999641677,0.19066499999098596,0.13970200006951927,0.0
pd,23:52:57.533,553,-40.003,-89.999,0.0,-90.239,0.003,-0.02,0.0,0.0,0.0,0.0,0.0,0.0,-40.003,-110.0,0.0,-90.239,0.003,-0.02,-40.003,-97.999,0.0,-90.239,0.003,-0.02,0.0,-1817.0926026210332,0.0,0.0,0.0,0.0,0.0,-8.0,0.0,0.0,0.0,0.0,0.0137698,-0.0068849,-0.0275396,4.7987753,-0.0137698,-1.1773179,0.01231013430998,0.004438583638528,-0.006137728937652,-0.0029491758242370003,-0.000258699633705,0.00258699633705,20.001000000000005,1.6482390001328895,0.14498000018647872,0.057202999869332416,0.0
pd,23:52:57.535,554,-40.003,-89.999,0.0,-90.239,0.003,-0.02,0.0,0.0,0.0,0.0,0.0,0.0,-40.003,-110.0,0.0,-90.239,0.003,-0.02,-40.003,-97.999,0.0,-90.239,0.003,-0.02,0.0,-2085.421504039776,0.0,0.0,0.0,0.0,0.0,-8.0,0.0,0.0,0.0,0.0,0.0137698,-0.0068849,-0.0275396,4.7987753,-0.0137698,-1.1773179,0.01231013430998,0.004438583638528,-0.006137728937652,-0.0029491758242370003,-0.000258699633705,0.00258699633705,20.001000000000005,1.6200730001401098,0.12970199986739317,0.055314000292128185,0.0
pd,23:52:57.536,555,-40.003,-89.999,0.0,-90.239,0.003,-0.02,0.0,0.0,0.0,0.0,0.0,0.0,-40.003,-110.0,0.0,-90.239,0.003,-0.02,-40.003,-97.999,0.0,-90.239,0.003,-0.02,0.0,-2141.3166560306317,0.0,0.0,0.0,0.0,0.0,-8.0,0.0,0.0,0.0,0.0,0.0137698,-0.0068849,-0.0275396,4.7987753,-0.0137698,-1.1773179,0.01231013430998,0.004438583638528,-0.006137728937652,-0.0029491758242370003,-0.000258699633705,0.00258699633705,20.001000000000005,1.646646999688528,0.12953499981449568,0.05624000004900154,0.0
pd,23:52:57.538,556,-40.003,-89.999,0.0,-90.239,0.003,-0.02,0.0,0.0,0.0,0.0,0.0,0.0,-40.003,-110.0,0.0,-90.239,0.003,-0.02,-40.003,-97.999,0.0,-90.239,0.003,-0.02,0.0,-2110.076216828072,0.0,0.0,0.0,0.0,0.0,-8.0,0.0,0.0,0.0,0.0,0.0137698,-0.0068849,-0.0275396,4.7987753,-0.0137698,-1.1773179,0.01231013430998,0.004438583638528,-0.006137728937652,-0.0029491758242370003,-0.000258699633705,0.00258699633705,20.001000000000005,1.626091999696655,0.13651599965669448,0.057980999827123014,0.0
pd,23:52:57.540,557,-40.003,-89.999,0.0,-90.239,0.003,-0.02,0.0,0.0,0.0,0.0,0.0,0.0,-40.003,-110.0,0.0,-90.239,0.003,-0.02,-40.003,-97.999,0.0,-90.239,0.003,-0.02,0.0,-2121.0134007585334,0.0,0.0,0.0,0.0,0.0,-8.0,0.0,0.0,0.0,0.0,0.0137698,-0.0068849,-0.0275396,4.7987753,-0.0137698,-1.1773179,0.01231013430998,0.004438583638528,-0.006137728937652,-0.0029491758242370003,-0.000258699633705,0.00258699633705,20.001000000000005,1.6779430002316076,0.16368399974453496,0.07447999996657018,0.0
pd,23:52:57.542,558,-40.003,-89.999,0.0,-90.239,0.003,-0.02,0.0,0.0,0.0,0.0,0.0,0.0,-40.003,-110.0,0.0,-90.239,0.003,-0.02,-40.003,-97.999,0.0,-90.239,0.003,-0.02,0.0,-2009.0068255298766,0.0,0.0,0.0,0.0,0.0,-8.0,0.0,0.0,0.0,0.0,0.0137698,-0.0068849,-0.0275396,4.7987753,-0.0137698,-1.1773179,0.01231013430998,0.004438583638528,-0.006137728937652,-0.0029491758242370003,-0.000258699633705,0.00258699633705,20.001000000000005,1.6604799998276576,0.1368500002172368,0.05840599988005124,0.0
pd,23:52:57.544,559,-40.003,-89.999,0.0,-90.239,0.003,-0.02,0.0,0.0,0.0,0.0,0.0,0.0,-40.003,-110.0,0.0,-90.239,0.003,-0.02,-40.003,-97.999,0.0,-90.239,0.003,-0.02,0.0,-2083.6085444610035,0.0,0.0,0.0,0.0,0.0,-8.0,0.0,0.0,0.0,0.0,0.0137698,-0.0068849,-0.0275396,4.7987753,-0.0137698,-1.1773179,0.01231013430998,0.004438583638528,-0.006137728937652,-0.0029491758242370003,-0.000258699633705,0.00258699633705,20.001000000000005,3.1137959999796294,0.24896000013541197,0.12260999983482179,0.0
pd,23:52:57.548,560,-40.003,-89.999,0.0,-90.239,0.003,-0.02,0.0,0.0,0.0,0.0,0.0,0.0,-40.003,-110.0,0.0,-90.239,0.003,-0.02,-40.003,-97.999,0.0,-90.239,0.003,-0.02,0.0,-1115.135659687604,0.0,0.0,0.0,0.0,0.0,-8.0,0.0,0.0,0.0,0.0,0.0137698,-0.0068849,-0.0275396,4.7987753,-0.0137698,-1.1773179,0.01231013430998,0.004438583638528,-0.006137728937652,-0.0029491758242370003,-0.000258699633705,0.00258699633705,20.001000000000005,1.7313680000370368,0.16894200007300242,0.07536900011473335,0.0
pd,23:52:57.550,561,-40.003,-89.999,0.0,-90.239,0.003,-0.02,0.0,0.0,0.0,0.0,0.0,0.0,-40.003,-110.0,0.0,-90.239,0.003,-0.02,-40.003,-97.999,0.0,-90.239,0.003,-0.02,0.0,-1666.555676964339,0.0,0.0,0.0,0.0,0.0,-8.0,0.0,0.0,0.0,0.0,0.0137698,-0.0068849,-0.0275396,4.7987753,-0.0137698,-1.1773179,0.01231013430998,0.004438583638528,-0.006137728937652,-0.0029491758242370003,-0.000258699633705,0.00258699633705,20.001000000000005,2.0596979998117604,0.22636700032308,0.16210900002988637,0.0
pd,23:52:57.553,562,-40.003,-89.999,0.0,-90.239,0.003,-0.02,0.0,0.0,0.0,0.0,0.0,0.0,-40.003,-110.0,0.0,-90.239,0.003,-0.02,-40.003,-97.999,0.0,-90.239,0.003,-0.02,0.0,-1571.1946057314103,0.0,0.0,0.0,0.0,0.0,-8.0,0.0,0.0,0.0,0.0,0.0137698,-0.0068849,-0.0275396,4.7987753,-0.0137698,-1.1773179,0.01231013430998,0.004438583638528,-0.006137728937652,-0.0029491758242370003,-0.000258699633705,0.00258699633705,20.001000000000005,1.6885170002751693,0.1523129999441153,0.06144400003904593,0.0
pd,23:52:57.555,563,-40.003,-89.999,0.0,-90.239,0.003,-0.02,0.0,0.0,0.0,0.0,0.0,0.0,-40.003,-110.0,0.0,-90.239,0.003,-0.02,-40.003,-97.999,0.0,-90.239,0.003,-0.02,0.0,-2028.9292538396421,0.0,0.0,0.0,0.0,0.0,-8.0,0.0,0.0,0.0,0.0,0.0137698,-0.0068849,-0.0275396,4.7987753,-0.0137698,-1.1773179,0.01231013430998,0.004438583638528,-0.006137728937652,-0.0029491758242370003,-0.000258699633705,0.00258699633705,20.001000000000005,1.6216480003095057,0.12921999996251543,0.07820300015737303,0.0
pd,23:52:57.557,564,-40.003,-89.999,0.0,-90.239,0.003,-0.02,0.0,0.0,0.0,0.0,0.0,0.0,-40.003,-110.0,0.0,-90.239,0.003,-0.02,-40.003,-97.999,0.0,-90.239,0.003,-0.02,0.0,-2034.0950533462658,0.0,0.0,0.0,0.0,0.0,-8.0,0.0,0.0,0.0,0.0,0.0137698,-0.0068849,-0.0275396,4.7987753,-0.0137698,-1.1773179,0.01231013430998,0.004438583638528,-0.006137728937652,-0.0029491758242370003,-0.000258699633705,0.00258699633705,20.001000000000005,1.7064799999388924,0.1547760002722498,0.06727699974362622,0.0
pd,23:52:57.559,565,-40.003,-89.999,0.0,-90.239,0.003,-0.02,0.0,0.0,0.0,0.0,0.0,0.0,-40.003,-110.0,0.0,-90.239,0.003,-0.02,-40.003,-97.999,0.0,-90.239,0.003,-0.02,0.0,-1999.9065442841816,0.0,0.0,0.0,0.0,0.0,-8.0,0.0,0.0,0.0,0.0,0.0137698,-0.0068849,-0.0275396,4.7987753,-0.0137698,-1.1773179,0.01231013430998,0.004438583638528,-0.006137728937652,-0.0029491758242370003,-0.000258699633705,0.00258699633705,20.001000000000005,1.6424069999629864,0.16596099976595724,0.11075800011894898,0.0
pd,23:52:57.561,566,-40.003,-89.999,0.0,-90.239,0.003,-0.02,0.0,0.0,0.0,0.0,0.0,0.0,-40.003,-110.0,0.0,-90.239,0.003,-0.02,-40.003,-97.999,0.0,-90.239,0.003,-0.02,0.0,-1995.1499583779284,0.0,0.0,0.0,0.0,0.0,-8.0,0.0,0.0,0.0,0.0,0.0137698,-0.0068849,-0.0275396,4.7987753,-0.0137698,-1.1773179,0.01231013430998,0.004438583638528,-0.006137728937652,-0.0029491758242370003,-0.000258699633705,0.00258699633705,20.001000000000005,1.6772769999988668,0.1765910001267912,0.06968400020923582,0.0
pd,23:52:57.563,567,-40.003,-89.999,0.0,-90.239,0.003,-0.02,0.0,0.0,0.0,0.0,0.0,0.0,-40.003,-110.0,0.0,-90.239,0.003,-0.02,-40.003,-97.999,0.0,-90.239,0.003,-0.02,0.0,-2003.488894196322,0.0,0.0,0.0,0.0,0.0,-8.0,0.0,0.0,0.0,0.0,0.0137698,-0.0068849,-0.0275396,4.7987753,-0.0137698,-1.1773179,0.01231013430998,0.004438583638528,-0.006137728937652,-0.0029491758242370003,-0.000258699633705,0.00258699633705,20.001000000000005,1.6394620001847215,0.1308870000684692,0.056239999594254186,0.0
pd,23:52:57.565,568,-40.003,-89.999,0.0,-90.239,0.003,-0.02,0.0,0.0,0.0,0.0,0.0,0.0,-40.003,-110.0,0.0,-90.239,0.003,-0.02,-40.003,-97.999,0.0,-90.239,0.003,-0.02,0.0,-2117.533257604443,0.0,0.0,0.0,0.0,0.0,-8.0,0.0,0.0,0.0,0.0,0.0137698,-0.0068849,-0.0275396,4.7987753,-0.0137698,-1.1773179,0.01231013430998,0.004438583638528,-0.006137728937652,-0.0029491758242370003,-0.000258699633705,0.00258699633705,20.001000000000005,1.69814699984272,0.15649799979655654,0.06879499960632529,0.0
pd,23:52:57.567,569,-40.003,-89.999,0.0,-90.239,0.003,-0.02,0.0,0.0,0.0,0.0,0.0,0.0,-40.003,-110.0,0.0,-90.239,0.003,-0.02,-40.003,-97.999,0.0,-90.239,0.003,-0.02,0.0,-1963.1659255792183,0.0,0.0,0.0,0.0,0.0,-8.0,0.0,0.0,0.0,0.0,0.0137698,-0.0068849,-0.0275396,4.7987753,-0.0137698,-1.1773179,0.01231013430998,0.004438583638528,-0.006137728937652,-0.0029491758242370003,-0.000258699633705,0.00258699633705,20.001000000000005,1.6379429998778505,0.12931299988849787,0.05529500003831345,0.0
pd,23:52:57.568,570,-40.003,-89.999,0.0,-90.239,0.003,-0.02,0.0,0.0,0.0,0.0,0.0,0.0,-40.003,-110.0,0.0,-90.239,0.003,-0.02,-40.003,-97.999,0.0,-90.239,0.003,-0.02,0.0,-2120.2092758751423,0.0,0.0,0.0,0.0,0.0,-8.0,0.0,0.0,0.0,0.0,0.0137698,-0.0068849,-0.0275396,4.7987753,-0.0137698,-1.1773179,0.01231013430998,0.004438583638528,-0.006137728937652,-0.0029491758242370003,-0.000258699633705,0.00258699633705,20.001000000000005,1.6601649999756773,0.1410720001331356,0.062462000187224476,0.0
pd,23:52:57.571,571,-40.003,-89.999,0.0,-90.239,0.003,-0.02,0.0,0.0,0.0,0.0,0.0,0.0,-40.003,-110.0,0.0,-90.239,0.003,-0.02,-40.003,-97.999,0.0,-90.239,0.003,-0.02,0.0,-1756.2248508321993,0.0,0.0,0.0,0.0,0.0,-8.0,0.0,0.0,0.0,0.0,0.0137698,-0.0068849,-0.0275396,4.7987753,-0.0137698,-1.1773179,0.01231013430998,0.004438583638528,-0.006137728937652,-0.0029491758242370003,-0.000258699633705,0.00258699633705,20.001000000000005,1.785775000371359,0.24244100040959893,0.07988800007296959,0.0
pd,23:52:57.573,572,-40.003,-89.999,0.0,-90.239,0.003,-0.02,0.0,0.0,0.0,0.0,0.0,0.0,-40.003,-110.0,0.0,-90.239,0.003,-0.02,-40.003,-97.999,0.0,-90.239,0.003,-0.02,0.0,-1817.4862961759288,0.0,0.0,0.0,0.0,0.0,-8.0,0.0,0.0,0.0,0.0,0.0137698,-0.0068849,-0.0275396,4.7987753,-0.0137698,-1.1773179,0.01231013430998,0.004438583638528,-0.006137728937652,-0.0029491758242370003,-0.000258699633705,0.00258699633705,20.001000000000005,1.6509989995938668,0.13772000011158525,0.05911000016567414,0.0
pd,23:52:57.575,573,-40.003,-89.999,0.0,-90.239,0.003,-0.02,0.0,0.0,0.0,0.0,0.0,0.0,-40.003,-110.0,0.0,-90.239,0.003,-0.02,-40.003,-97.999,0.0,-90.239,0.003,-0.02,0.0,-2090.618816199377,0.0,0.0,0.0,0.0,0.0,-8.0,0.0,0.0,0.0,0.0,0.0137698,-0.0068849,-0.0275396,4.7987753,-0.0137698,-1.1773179,0.01231013430998,0.004438583638528,-0.006137728937652,-0.0029491758242370003,-0.000258699633705,0.00258699633705,20.001000000000005,1.6535549998479837,0.39723600002616877,0.09514699968349305,0.0
pd,23:52:57.577,574,-40.003,-89.999,0.0,-90.239,0.003,-0.02,0.0,0.0,0.0,0.0,0.0,0.0,-40.003,-110.0,0.0,-90.239,0.003,-0.02,-40.003,-97.999,0.0,-90.239,0.003,-0.02,0.0,-1796.0835028369554,0.0,0.0,0.0,0.0,0.0,-8.0,0.0,0.0,0.0,0.0,0.0137698,-0.0068849,-0.0275396,4.7987753,-0.0137698,-1.1773179,0.01231013430998,0.004438583638528,-0.006137728937652,-0.0029491758242370003,-0.000258699633705,0.00258699633705,20.001000000000005,1.6836649997458153,0.17446099991502706,0.06655499964836054,0.0
pd,23:52:57.579,575,-40.003,-89.999,0.0,-90.239,0.003,-0.02,0.0,0.0,0.0,0.0,0.0,0.0,-40.003,-110.0,0.0,-90.239,0.003,-0.02,-40.003,-97.999,0.0,-90.239,0.003,-0.02,0.0,-2003.9675107501193,0.0,0.0,0.0,0.0,0.0,-8.0,0.0,0.0,0.0,0.0,0.0137698,-0.0068849,-0.0275396,4.7987753,-0.0137698,-1.1773179,0.01231013430998,0.004438583638528,-0.006137728937652,-0.0029491758242370003,-0.000258699633705,0.00258699633705,20.001000000000005,1.705980000224372,0.22633099979429971,0.08633299967186758,0.0
pd,23:52:57.581,576,-40.003,-89.999,0.0,-90.239,0.003,-0.02,0.0,0.0,0.0,0.0,0.0,0.0,-40.003,-110.0,0.0,-90.239,0.003,-0.02,-40.003,-97.999,0.0,-90.239,0.003,-0.02,0.0,-1905.2028162616398,0.0,0.0,0.0,0.0,0.0,-8.0,0.0,0.0,0.0,0.0,0.0137698,-0.0068849,-0.0275396,4.7987753,-0.0137698,-1.1773179,0.01231013430998,0.004438583638528,-0.006137728937652,-0.0029491758242370003,-0.000258699633705,0.00258699633705,20.001000000000005,1.742850000027829,0.16057199991337257,0.07231400013552047,0.0
pd,23:52:57.583,577,-40.003,-89.999,0.0,-90.239,0.003,-0.02,0.0,0.0,0.0,0.0,0.0,0.0,-40.003,-110.0,0.0,-90.239,0.003,-0.02,-40.003,-97.999,0.0,-90.239,0.003,-0.02,0.0,-1953.3375247409476,0.0,0.0,0.0,0.0,0.0,-8.0,0.0,0.0,0.0,0.0,0.0137698,-0.0068849,-0.0275396,4.7987753,-0.0137698,-1.1773179,0.01231013430998,0.004438583638528,-0.006137728937652,-0.0029491758242370003,-0.000258699633705,0.00258699633705,20.001000000000005,1.6848870000103489,0.1429980002285447,0.06194399975356646,0.0
pd,23:52:57.585,578,-40.003,-89.999,0.0,-90.239,0.003,-0.02,0.0,0.0,0.0,0.0,0.0,0.0,-40.003,-110.0,0.0,-90.239,0.003,-0.02,-40.003,-97.999,0.0,-90.239,0.003,-0.02,0.0,-2043.260991353063,0.0,0.0,0.0,0.0,0.0,-8.0,0.0,0.0,0.0,0.0,0.0137698,-0.0068849,-0.0275396,4.7987753,-0.0137698,-1.1773179,0.01231013430998,0.004438583638528,-0.006137728937652,-0.0029491758242370003,-0.000258699633705,0.00258699633705,20.001000000000005,1.6392400002587237,0.14312800021798466,0.06251700006032479,0.0
pd,23:52:57.587,579,-40.003,-89.999,0.0,-90.239,0.003,-0.02,0.0,0.0,0.0,0.0,0.0,0.0,-40.003,-110.0,0.0,-90.239,0.003,-0.02,-40.003,-97.999,0.0,-90.239,0.003,-0.02,0.0,-2094.010983524713,0.0,0.0,0.0,0.0,0.0,-8.0,0.0,0.0,0.0,0.0,0.0137698,-0.0068849,-0.0275396,4.7987753,-0.0137698,-1.1773179,0.01231013430998,0.004438583638528,-0.006137728937652,-0.0029491758242370003,-0.000258699633705,0.00258699633705,20.001000000000005,1.6500169999744685,0.13386899991019163,0.059128999964741524,0.0
pd,23:52:57.589,580,-40.003,-89.999,0.0,-90.239,0.003,-0.02,0.0,0.0,0.0,0.0,0.0,0.0,-40.003,-110.0,0.0,-90.239,0.003,-0.02,-40.003,-97.999,0.0,-90.239,0.003,-0.02,0.0,-2096.6278430392404,0.0,0.0,0.0,0.0,0.0,-8.0,0.0,0.0,0.0,0.0,0.0137698,-0.0068849,-0.0275396,4.7987753,-0.0137698,-1.1773179,0.01231013430998,0.004438583638528,-0.006137728937652,-0.0029491758242370003,-0.000258699633705,0.00258699633705,20.001000000000005,1.6274249996968138,0.17842400029621786,0.0793320000411768,0.0
pd,23:52:57.592,581,-40.003,-89.999,0.0,-90.239,0.003,-0.02,0.0,0.0,0.0,0.0,0.0,0.0,-40.003,-110.0,0.0,-90.239,0.003,-0.02,-40.003,-97.999,0.0,-90.239,0.003,-0.02,0.0,-1614.4357197844495,0.0,0.0,0.0,0.0,0.0,-8.0,0.0,0.0,0.0,0.0,0.0137698,-0.0068849,-0.0275396,4.7987753,-0.0137698,-1.1773179,0.01231013430998,0.004438583638528,-0.006137728937652,-0.0029491758242370003,-0.000258699633705,0.00258699633705,20.001000000000005,1.8724960000326973,0.216978000025847,0.07742499974483508,0.0
pd,23:52:57.594,582,-40.003,-89.999,0.0,-90.239,0.003,-0.02,0.0,0.0,0.0,0.0,0.0,0.0,-40.003,-110.0,0.0,-90.239,0.003,-0.02,-40.003,-97.999,0.0,-90.239,0.003,-0.02,0.0,-1771.2432432432433,0.0,0.0,0.0,0.0,0.0,-8.0,0.0,0.0,0.0,0.0,0.0137698,-0.0068849,-0.0275396,4.7987753,-0.0137698,-1.1773179,0.01231013430998,0.004438583638528,-0.006137728937652,-0.0029491758242370003,-0.000258699633705,0.00258699633705,20.001000000000005,1.6841090000525583,0.1364620002277661,0.09920200000124169,0.0
pd,23:52:57.596,583,-40.003,-89.999,0.0,-90.239,0.003,-0.02,0.0,0.0,0.0,0.0,0.0,0.0,-40.003,-110.0,0.0,-90.239,0.003,-0.02,-40.003,-97.999,0.0,-90.239,0.003,-0.02,0.0,-2015.2812012012012,0.0,0.0,0.0,0.0,0.0,-8.0,0.0,0.0,0.0,0.0,0.0137698,-0.0068849,-0.0275396,4.7987753,-0.0137698,-1.1773179,0.01231013430998,0.004438583638528,-0.006137728937652,-0.0029491758242370003,-0.000258699633705,0.00258699633705,20.001000000000005,1.7016090000652184,0.1476649999858637,0.06438799982788623,0.0
pd,23:52:57.598,584,-40.003,-89.999,0.0,-90.239,0.003,-0.02,0.0,0.0,0.0,0.0,0.0,0.0,-40.003,-110.0,0.0,-90.239,0.003,-0.02,-40.003,-97.999,0.0,-90.239,0.003,-0.02,0.0,-2019.8911630146881,0.0,0.0,0.0,0.0,0.0,-8.0,0.0,0.0,0.0,0.0,0.0137698,-0.0068849,-0.0275396,4.7987753,-0.0137698,-1.1773179,0.01231013430998,0.004438583638528,-0.006137728937652,-0.0029491758242370003,-0.000258699633705,0.00258699633705,20.001000000000005,1.6731099999560684,0.14016499972058227,0.06135200010248809,0.0
pd,23:52:57.600,585,-40.003,-89.999,0.0,-90.239,0.003,-0.02,0.0,0.0,0.0,0.0,0.0,0.0,-40.003,-110.0,0.0,-90.239,0.003,-0.02,-40.003,-97.999,0.0,-90.239,0.003,-0.02,0.0,-2061.0830466830466,0.0,0.0,0.0,0.0,0.0,-8.0,0.0,0.0,0.0,0.0,0.0137698,-0.0068849,-0.0275396,4.7987753,-0.0137698,-1.1773179,0.01231013430998,0.004438583638528,-0.006137728937652,-0.0029491758242370003,-0.000258699633705,0.00258699633705,20.001000000000005,1.7108500001086213,0.16325799970218213,0.07464799955414492,0.0
pd,23:52:57.602,586,-40.003,-89.999,0.0,-90.239,0.003,-0.02,0.0,0.0,0.0,0.0,0.0,0.0,-40.003,-110.0,0.0,-90.239,0.003,-0.02,-40.003,-97.999,0.0,-90.239,0.003,-0.02,0.0,-1976.1149587750294,0.0,0.0,0.0,0.0,0.0,-8.0,0.0,0.0,0.0,0.0,0.0137698,-0.0068849,-0.0275396,4.7987753,-0.0137698,-1.1773179,0.01231013430998,0.004438583638528,-0.006137728937652,-0.0029491758242370003,-0.000258699633705,0.00258699633705,20.001000000000005,1.9505139998727827,0.19236900016039726,0.09231300009560073,0.0
pd,23:52:57.604,587,-40.003,-89.999,0.0,-90.239,0.003,-0.02,0.0,0.0,0.0,0.0,0.0,0.0,-40.003,-110.0,0.0,-90.239,0.003,-0.02,-40.003,-97.999,0.0,-90.239,0.003,-0.02,0.0,-1726.5839250797571,0.0,0.0,0.0,0.0,0.0,-8.0,0.0,0.0,0.0,0.0,0.0137698,-0.0068849,-0.0275396,4.7987753,-0.0137698,-1.1773179,0.01231013430998,0.004438583638528,-0.006137728937652,-0.0029491758242370003,-0.000258699633705,0.00258699633705,20.001000000000005,1.768441999956849,0.14792399997531902,0.062258999605546705,0.0
pd,23:52:57.606,588,-40.003,-89.999,0.0,-90.239,0.003,-0.02,0.0,0.0,0.0,0.0,0.0,0.0,-40.003,-110.0,0.0,-90.239,0.003,-0.02,-40.003,-97.999,0.0,-90.239,0.003,-0.02,0.0,-1954.7030175929162,0.0,0.0,0.0,0.0,0.0,-8.0,0.0,0.0,0.0,0.0,0.0137698,-0.0068849,-0.0275396,4.7987753,-0.0137698,-1.1773179,0.01231013430998,0.004438583638528,-0.006137728937652,-0.0029491758242370003,-0.000258699633705,0.00258699633705,20.001000000000005,1.7502200003036705,0.15947900010360172,0.07336999988183379,0.0
pd,23:52:57.608,589,-40.003,-89.999,0.0,-90.239,0.003,-0.02,0.0,0.0,0.0,0.0,0.0,0.0,-40.003,-110.0,0.0,-90.239,0.003,-0.02,-40.003,-97.999,0.0,-90.239,0.003,-0.02,0.0,-1945.1844637681158,0.0,0.0,0.0,0.0,0.0,-8.0,0.0,0.0,0.0,0.0,0.0137698,-0.0068849,-0.0275396,4.7987753,-0.0137698,-1.1773179,0.01231013430998,0.004438583638528,-0.006137728937652,-0.0029491758242370003,-0.000258699633705,0.00258699633705,20.001000000000005,1.7449790002501686,0.14990599993325304,0.07442500009346986,0.0
pd,23:52:57.610,590,-40.003,-89.999,0.0,-90.239,0.003,-0.02,0.0,0.0,0.0,0.0,0.0,0.0,-40.003,-110.0,0.0,-90.239,0.003,-0.02,-40.003,-97.999,0.0,-90.239,0.003,-0.02,0.0,-1959.726200210256,0.0,0.0,0.0,0.0,0.0,-8.0,0.0,0.0,0.0,0.0,0.0137698,-0.0068849,-0.0275396,4.7987753,-0.0137698,-1.1773179,0.01231013430998,0.004438583638528,-0.006137728937652,-0.0029491758242370003,-0.000258699633705,0.00258699633705,20.001000000000005,1.714386999992712,0.15808999978617067,0.07216599988169037,0.0
pd,23:52:57.613,591,-40.003,-89.999,0.0,-90.239,0.003,-0.02,0.0,0.0,0.0,0.0,0.0,0.0,-40.003,-110.0,0.0,-90.239,0.003,-0.02,-40.003,-97.999,0.0,-90.239,0.003,-0.02,0.0,-1702.2337662337663,0.0,0.0,0.0,0.0,0.0,-8.0,0.0,0.0,0.0,0.0,0.0137698,-0.0068849,-0.0275396,4.7987753,-0.0137698,-1.1773179,0.01231013430998,0.004438583638528,-0.006137728937652,-0.0029491758242370003,-0.000258699633705,0.00258699633705,20.001000000000005,1.8741079998108034,0.2078860002256988,0.07325799970203661,0.0
pd,23:52:57.615,592,-40.003,-89.999,0.0,-90.239,0.003,-0.02,0.0,0.0,0.0,0.0,0.0,0.0,-40.003,-110.0,0.0,-90.239,0.003,-0.02,-40.003,-97.999,0.0,-90.239,0.003,-0.02,0.0,-1783.8613503455608,0.0,0.0,0.0,0.0,0.0,-8.0,0.0,0.0,0.0,0.0,0.0137698,-0.0068849,-0.0275396,4.7987753,-0.0137698,-1.1773179,0.01231013430998,0.004438583638528,-0.006137728937652,-0.0029491758242370003,-0.000258699633705,0.00258699633705,20.001000000000005,1.6746279998187674,0.13488700005837018,0.08827700003166683,0.0
pd,23:52:57.617,593,-40.003,-89.999,0.0,-90.239,0.003,-0.02,0.0,0.0,0.0,0.0,0.0,0.0,-40.003,-110.0,0.0,-90.239,0.003,-0.02,-40.003,-97.999,0.0,-90.239,0.003,-0.02,0.0,-2036.8114604831856,0.0,0.0,0.0,0.0,0.0,-8.0,0.0,0.0,0.0,0.0,0.0137698,-0.0068849,-0.0275396,4.7987753,-0.0137698,-1.1773179,0.01231013430998,0.004438583638528,-0.006137728937652,-0.0029491758242370003,-0.000258699633705,0.00258699633705,20.001000000000005,1.6730909997022536,0.13644299997395137,0.057110999932774575,0.0
pd,23:52:57.619,594,-40.003,-89.999,0.0,-90.239,0.003,-0.02,0.0,0.0,0.0,0.0,0.0,0.0,-40.003,-110.0,0.0,-90.239,0.003,-0.02,-40.003,-97.999,0.0,-90.239,0.003,-0.02,0.0,-2064.379968007875,0.0,0.0,0.0,0.0,0.0,-8.0,0.0,0.0,0.0,0.0,0.0137698,-0.0068849,-0.0275396,4.7987753,-0.0137698,-1.1773179,0.01231013430998,0.004438583638528,-0.006137728937652,-0.0029491758242370003,-0.000258699633705,0.00258699633705,20.001000000000005,1.6301849996125384,0.1393689999531489,0.06081399988033809,0.0
pd,23:52:57.621,595,-40.003,-89.999,0.0,-90.239,0.003,-0.02,0.0,0.0,0.0,0.0,0.0,0.0,-40.003,-110.0,0.0,-90.239,0.003,-0.02,-40.003,-97.999,0.0,-90.239,0.003,-0.02,0.0,-2107.6904522613067,0.0,0.0,0.0,0.0,0.0,-8.0,0.0,0.0,0.0,0.0,0.0137698,-0.0068849,-0.0275396,4.7987753,-0.0137698,-1.1773179,0.01231013430998,0.004438583638528,-0.006137728937652,-0.0029491758242370003,-0.000258699633705,0.00258699633705,20.001000000000005,1.6939250003815687,0.2037759995801025,0.0974800000221876,0.0
pd,23:52:57.623,596,-40.003,-89.999,0.0,-90.239,0.003,-0.02,0.0,0.0,0.0,0.0,0.0,0.0,-40.003,-110.0,0.0,-90.239,0.003,-0.02,-40.003,-97.999,0.0,-90.239,0.003,-0.02,0.0,-1918.4923956546597,0.0,0.0,0.0,0.0,0.0,-8.0,0.0,0.0,0.0,0.0,0.0137698,-0.0068849,-0.0275396,4.7987753,-0.0137698,-1.1773179,0.01231013430998,0.004438583638528,-0.006137728937652,-0.0029491758242370003,-0.000258699633705,0.00258699633705,20.001000000000005,1.6588880002927908,0.1432389999536099,0.0627399999757472,0.0
pd,23:52:57.625,597,-40.003,-89.999,0.0,-90.239,0.003,-0.02,0.0,0.0,0.0,0.0,0.0,0.0,-40.003,-110.0,0.0,-90.239,0.003,-0.02,-40.003,-97.999,0.0,-90.239,0.003,-0.02,0.0,-2070.238894373149,0.0,0.0,0.0,0.0,0.0,-8.0,0.0,0.0,0.0,0.0,0.0137698,-0.0068849,-0.0275396,4.7987753,-0.0137698,-1.1773179,0.01231013430998,0.004438583638528,-0.006137728937652,-0.0029491758242370003,-0.000258699633705,0.00258699633705,20.001000000000005,1.6961460000857187,0.14573899989045458,0.061591999838128686,0.0
pd,23:52:57.627,598,-40.003,-89.999,0.0,-90.239,0.003,-0.02,0.0,0.0,0.0,0.0,0.0,0.0,-40.003,-110.0,0.0,-90.239,0.003,-0.02,-40.003,-97.999,0.0,-90.239,0.003,-0.02,0.0,-2024.5222637866539,0.0,0.0,0.0,0.0,0.0,-8.0,0.0,0.0,0.0,0.0,0.0137698,-0.0068849,-0.0275396,4.7987753,-0.0137698,-1.1773179,0.01231013430998,0.004438583638528,-0.006137728937652,-0.0029491758242370003,-0.000258699633705,0.00258699633705,20.001000000000005,1.8880699999499484,0.24758900008237106,0.09636999993745121,0.0
pd,23:52:57.629,599,-40.003,-89.999,0.0,-90.239,0.003,-0.02,0.0,0.0,0.0,0.0,0.0,0.0,-40.003,-110.0,0.0,-90.239,0.003,-0.02,-40.003,-97.999,0.0,-90.239,0.003,-0.02,0.0,-1727.4728171334432,0.0,0.0,0.0,0.0,0.0,-8.0,0.0,0.0,0.0,0.0,0.0137698,-0.0068849,-0.0275396,4.7987753,-0.0137698,-1.1773179,0.01231013430998,0.004438583638528,-0.006137728937652,-0.0029491758242370003,-0.000258699633705,0.00258699633705,20.001000000000005,1.6537030001018138,0.1574059997437871,0.06790600036765682,0.0
pd,23:52:57.631,600,-40.003,-89.999,0.0,-90.239,0.003,-0.02,0.0,0.0,0.0,0.0,0.0,0.0,-40.003,-110.0,0.0,-90.239,0.003,-0.02,-40.003,-97.999,0.0,-90.239,0.003,-0.02,0.0,-2053.2634928405337,0.0,0.0,0.0,0.0,0.0,-8.0,0.0,0.0,0.0,0.0,0.0137698,-0.0068849,-0.0275396,4.7987753,-0.0137698,-1.1773179,0.01231013430998,0.004438583638528,-0.006137728937652,-0.0029491758242370003,-0.000258699633705,0.00258699633705,20.001000000000005,1.6352949996871757,0.2598490000309539,0.08357299975614296,0.0
pd,23:52:57.633,601,-40.003,-89.999,0.0,-90.239,0.003,-0.02,0.0,0.0,0.0,0.0,0.0,0.0,-40.003,-110.0,0.0,-90.239,0.003,-0.02,-40.003,-97.999,0.0,-90.239,0.003,-0.02,0.0,-1621.457040688122,0.0,0.0,0.0,0.0,0.0,-8.0,0.0,0.0,0.0,0.0,0.0137698,-0.0068849,-0.0275396,4.7987753,-0.0137698,-1.1773179,0.01231013430998,0.004438583638528,-0.006137728937652,-0.0029491758242370003,-0.000258699633705,0.00258699633705,20.001000000000005,1.7977009997593996,0.21301600008882815,0.06883299965920742,0.0
pd,23:52:57.635,602,-40.003,-89.999,0.0,-90.239,0.003,-0.02,0.0,0.0,0.0,0.0,0.0,0.0,-40.003,-110.0,0.0,-90.239,0.003,-0.02,-40.003,-97.999,0.0,-90.239,0.003,-0.02,0.0,-1847.711013215859,0.0,0.0,0.0,0.0,0.0,-8.0,0.0,0.0,0.0,0.0,0.0137698,-0.0068849,-0.0275396,4.7987753,-0.0137698,-1.1773179,0.01231013430998,0.004438583638528,-0.006137728937652,-0.0029491758242370003,-0.000258699633705,0.00258699633705,20.001000000000005,1.7152390000774176,0.15811000002941,0.06561099962709704,0.0
pd,23:52:57.637,603,-40.003,-89.999,0.0,-90.239,0.003,-0.02,0.0,0.0,0.0,0.0,0.0,0.0,-40.003,-110.0,0.0,-90.239,0.003,-0.02,-40.003,-97.999,0.0,-90.239,0.003,-0.02,0.0,-1989.707779886148,0.0,0.0,0.0,0.0,0.0,-8.0,0.0,0.0,0.0,0.0,0.0137698,-0.0068849,-0.0275396,4.7987753,-0.0137698,-1.1773179,0.01231013430998,0.004438583638528,-0.006137728937652,-0.0029491758242370003,-0.000258699633705,0.00258699633705,20.001000000000005,1.6278329999295238,0.14027599991095485,0.06272199971135706,0.0
pd,23:52:57.639,604,-40.003,-89.999,0.0,-90.239,0.003,-0.02,0.0,0.0,0.0,0.0,0.0,0.0,-40.003,-110.0,0.0,-90.239,0.003,-0.02,-40.003,-97.999,0.0,-90.239,0.003,-0.02,0.0,-2106.896395830717,0.0,0.0,0.0,0.0,0.0,-8.0,0.0,0.0,0.0,0.0,0.0137698,-0.0068849,-0.0275396,4.7987753,-0.0137698,-1.1773179,0.01231013430998,0.004438583638528,-0.006137728937652,-0.0029491758242370003,-0.000258699633705,0.00258699633705,20.001000000000005,1.6534440001123585,0.15103499981705681,0.06260999998630723,0.0
pd,23:52:57.641,605,-40.003,-89.999,0.0,-90.239,0.003,-0.02,0.0,0.0,0.0,0.0,0.0,0.0,-40.003,-110.0,0.0,-90.239,0.003,-0.02,-40.003,-97.999,0.0,-90.239,0.003,-0.02,0.0,-2064.379968007875,0.0,0.0,0.0,0.0,0.0,-8.0,0.0,0.0,0.0,0.0,0.0137698,-0.0068849,-0.0275396,4.7987753,-0.0137698,-1.1773179,0.01231013430998,0.004438583638528,-0.006137728937652,-0.0029491758242370003,-0.000258699633705,0.00258699633705,20.001000000000005,1.641905999804294,0.16103500001918292,0.07355500019912142,0.0
pd,23:52:57.643,606,-40.003,-89.999,0.0,-90.239,0.003,-0.02,0.0,0.0,0.0,0.0,0.0,0.0,-40.003,-110.0,0.0,-90.239,0.003,-0.02,-40.003,-97.999,0.0,-90.239,0.003,-0.02,0.0,-2054.0176297747307,0.0,0.0,0.0,0.0,0.0,-8.0,0.0,0.0,0.0,0.0,0.0137698,-0.0068849,-0.0275396,4.7987753,-0.0137698,-1.1773179,0.01231013430998,0.004438583638528,-0.006137728937652,-0.0029491758242370003,-0.000258699633705,0.00258699633705,20.001000000000005,1.6888689997358597,0.14157299983708072,0.06125800018708105,0.0
pd,23:52:57.645,607,-40.003,-89.999,0.0,-90.239,0.003,-0.02,0.0,0.0,0.0,0.0,0.0,0.0,-40.003,-110.0,0.0,-90.239,0.003,-0.02,-40.003,-97.999,0.0,-90.239,0.003,-0.02,0.0,-2044.7551492992077,0.0,0.0,0.0,0.0,0.0,-8.0,0.0,0.0,0.0,0.0,0.0137698,-0.0068849,-0.0275396,4.7987753,-0.0137698,-1.1773179,0.01231013430998,0.004438583638528,-0.006137728937652,-0.0029491758242370003,-0.000258699633705,0.00258699633705,20.001000000000005,1.6259990002254199,0.1467199999751756,0.0641289998384309,0.0
pd,23:52:57.647,608,-40.003,-89.999,0.0,-90.239,0.003,-0.02,0.0,0.0,0.0,0.0,0.0,0.0,-40.003,-110.0,0.0,-90.239,0.003,-0.02,-40.003,-97.999,0.0,-90.239,0.003,-0.02,0.0,-2102.144593409347,0.0,0.0,0.0,0.0,0.0,-8.0,0.0,0.0,0.0,0.0,0.0137698,-0.0068849,-0.0275396,4.7987753,-0.0137698,-1.1773179,0.01231013430998,0.004438583638528,-0.006137728937652,-0.0029491758242370003,-0.000258699633705,0.00258699633705,20.001000000000005,1.6567590000704513,0.14446100021814345,0.062462000187224476,0.0
pd,23:52:57.649,609,-40.003,-89.999,0.0,-90.239,0.003,-0.02,0.0,0.0,0.0,0.0,0.0,0.0,-40.003,-110.0,0.0,-90.239,0.003,-0.02,-40.003,-97.999,0.0,-90.239,0.003,-0.02,0.0,-2071.516977404618,0.0,0.0,0.0,0.0,0.0,-8.0,0.0,0.0,0.0,0.0,0.0137698,-0.0068849,-0.0275396,4.7987753,-0.0137698,-1.1773179,0.01231013430998,0.004438583638528,-0.006137728937652,-0.0029491758242370003,-0.000258699633705,0.00258699633705,20.001000000000005,1.831682000101864,0.1684980002210068,0.07473999994545011,0.0
pd,23:52:57.651,610,-40.003,-89.999,0.0,-90.239,0.003,-0.02,0.0,0.0,0.0,0.0,0.0,0.0,-40.003,-110.0,0.0,-90.239,0.003,-0.02,-40.003,-97.999,0.0,-90.239,0.003,-0.02,0.0,-1861.859505049384,0.0,0.0,0.0,0.0,0.0,-8.0,0.0,0.0,0.0,0.0,0.0137698,-0.0068849,-0.0275396,4.7987753,-0.0137698,-1.1773179,0.01231013430998,0.004438583638528,-0.006137728937652,-0.0029491758242370003,-0.000258699633705,0.00258699633705,20.001000000000005,1.9559030001801148,0.2078870002151234,0.10109200002261787,0.0
pd,23:52:57.654,611,-40.003,-89.999,0.0,-90.239,0.003,-0.02,0.0,0.0,0.0,0.0,0.0,0.0,-40.003,-110.0,0.0,-90.239,0.003,-0.02,-40.003,-97.999,0.0,-90.239,0.003,-0.02,0.0,-1484.4466466112192,0.0,0.0,0.0,0.0,0.0,-8.0,0.0,0.0,0.0,0.0,0.0137698,-0.0068849,-0.0275396,4.7987753,-0.0137698,-1.1773179,0.01231013430998,0.004438583638528,-0.006137728937652,-0.0029491758242370003,-0.000258699633705,0.00258699633705,20.001000000000005,1.7786270000215154,0.1981079999495705,0.06640699984927778,0.0
pd,23:52:57.656,612,-40.003,-89.999,0.0,-90.239,0.003,-0.02,0.0,0.0,0.0,0.0,0.0,0.0,-40.003,-110.0,0.0,-90.239,0.003,-0.02,-40.003,-97.999,0.0,-90.239,0.003,-0.02,0.0,-1879.3789626974346,0.0,0.0,0.0,0.0,0.0,-8.0,0.0,0.0,0.0,0.0,0.0137698,-0.0068849,-0.0275396,4.7987753,-0.0137698,-1.1773179,0.01231013430998,0.004438583638528,-0.006137728937652,-0.0029491758242370003,-0.000258699633705,0.00258699633705,20.001000000000005,1.7196090002471465,0.1468680002290057,0.06277700003920472,0.0
pd,23:52:57.658,613,-40.003,-89.999,0.0,-90.239,0.003,-0.02,0.0,0.0,0.0,0.0,0.0,0.0,-40.003,-110.0,0.0,-90.239,0.003,-0.02,-40.003,-97.999,0.0,-90.239,0.003,-0.02,0.0,-2002.054415274463,0.0,0.0,0.0,0.0,0.0,-8.0,0.0,0.0,0.0,0.0,0.0137698,-0.0068849,-0.0275396,4.7987753,-0.0137698,-1.1773179,0.01231013430998,0.004438583638528,-0.006137728937652,-0.0029491758242370003,-0.000258699633705,0.00258699633705,20.001000000000005,1.7519789998914348,0.15847899976506596,0.07338800014622393,0.0
pd,23:52:57.660,614,-40.003,-89.999,0.0,-90.239,0.003,-0.02,0.0,0.0,0.0,0.0,0.0,0.0,-40.003,-110.0,0.0,-90.239,0.003,-0.02,-40.003,-97.999,0.0,-90.239,0.003,-0.02,0.0,-1943.832232649751,0.0,0.0,0.0,0.0,0.0,-8.0,0.0,0.0,0.0,0.0,0.0137698,-0.0068849,-0.0275396,4.7987753,-0.0137698,-1.1773179,0.01231013430998,0.004438583638528,-0.006137728937652,-0.0029491758242370003,-0.000258699633705,0.00258699633705,20.001000000000005,1.699832000213064,0.17579399991518585,0.07827699982954073,0.0
pd,23:52:57.662,615,-40.003,-89.999,0.0,-90.239,0.003,-0.02,0.0,0.0,0.0,0.0,0.0,0.0,-40.003,-110.0,0.0,-90.239,0.003,-0.02,-40.003,-97.999,0.0,-90.239,0.003,-0.02,0.0,-1968.694672612063,0.0,0.0,0.0,0.0,0.0,-8.0,0.0,0.0,0.0,0.0,0.0137698,-0.0068849,-0.0275396,4.7987753,-0.0137698,-1.1773179,0.01231013430998,0.004438583638528,-0.006137728937652,-0.0029491758242370003,-0.000258699633705,0.00258699633705,20.001000000000005,1.670036000177788,0.1772020000316843,0.08036900044317008,0.0
pd,23:52:57.664,616,-40.003,-89.999,0.0,-90.239,0.003,-0.02,0.0,0.0,0.0,0.0,0.0,0.0,-40.003,-110.0,0.0,-90.239,0.003,-0.02,-40.003,-97.999,0.0,-90.239,0.003,-0.02,0.0,-1990.8883351133263,0.0,0.0,0.0,0.0,0.0,-8.0,0.0,0.0,0.0,0.0,0.0137698,-0.0068849,-0.0275396,4.7987753,-0.0137698,-1.1773179,0.01231013430998,0.004438583638528,-0.006137728937652,-0.0029491758242370003,-0.000258699633705,0.00258699633705,20.001000000000005,1.708405000044877,0.13905400010116864,0.059981000049447175,0.0
pd,23:52:57.666,617,-40.003,-89.999,0.0,-90.239,0.003,-0.02,0.0,0.0,0.0,0.0,0.0,0.0,-40.003,-110.0,0.0,-90.239,0.003,-0.02,-40.003,-97.999,0.0,-90.239,0.003,-0.02,0.0,-2027.7031665458062,0.0,0.0,0.0,0.0,0.0,-8.0,0.0,0.0,0.0,0.0,0.0137698,-0.0068849,-0.0275396,4.7987753,-0.0137698,-1.1773179,0.01231013430998,0.004438583638528,-0.006137728937652,-0.0029491758242370003,-0.000258699633705,0.00258699633705,20.001000000000005,1.6247579997070716,0.140756999826408,0.06279500030359486,0.0
pd,23:52:57.668,618,-40.003,-89.999,0.0,-90.239,0.003,-0.02,0.0,0.0,0.0,0.0,0.0,0.0,-40.003,-110.0,0.0,-90.239,0.003,-0.02,-40.003,-97.999,0.0,-90.239,0.003,-0.02,0.0,-2110.607120392502,0.0,0.0,0.0,0.0,0.0,-8.0,0.0,0.0,0.0,0.0,0.0137698,-0.0068849,-0.0275396,4.7987753,-0.0137698,-1.1773179,0.01231013430998,0.004438583638528,-0.006137728937652,-0.0029491758242370003,-0.000258699633705,0.00258699633705,20.001000000000005,1.6519430000698776,0.14922099990144488,0.06455500033553108,0.0
pd,23:52:57.670,619,-40.003,-89.999,0.0,-90.239,0.003,-0.02,0.0,0.0,0.0,0.0,0.0,0.0,-40.003,-110.0,0.0,-90.239,0.003,-0.02,-40.003,-97.999,0.0,-90.239,0.003,-0.02,0.0,-2068.45222537295,0.0,0.0,0.0,0.0,0.0,-8.0,0.0,0.0,0.0,0.0,0.0137698,-0.0068849,-0.0275396,4.7987753,-0.0137698,-1.1773179,0.01231013430998,0.004438583638528,-0.006137728937652,-0.0029491758242370003,-0.000258699633705,0.00258699633705,20.001000000000005,1.6232590000981872,0.12603499999386258,0.05383300003813929,0.0
pd,23:52:57.672,620,-40.003,-89.999,0.0,-90.239,0.003,-0.02,0.0,0.0,0.0,0.0,0.0,0.0,-40.003,-110.0,0.0,-90.239,0.003,-0.02,-40.003,-97.999,0.0,-90.239,0.003,-0.02,0.0,-2144.053162939297,0.0,0.0,0.0,0.0,0.0,-8.0,0.0,0.0,0.0,0.0,0.0137698,-0.0068849,-0.0275396,4.7987753,-0.0137698,-1.1773179,0.01231013430998,0.004438583638528,-0.006137728937652,-0.0029491758242370003,-0.000258699633705,0.00258699633705,20.001000000000005,1.6667400000187627,0.15731300027255202,0.07562800010418869,0.0
pd,23:52:57.674,621,-40.003,-89.999,0.0,-90.239,0.003,-0.02,0.0,0.0,0.0,0.0,0.0,0.0,-40.003,-110.0,0.0,-90.239,0.003,-0.02,-40.003,-97.999,0.0,-90.239,0.003,-0.02,0.0,-1692.4458791485927,0.0,0.0,0.0,0.0,0.0,-8.0,0.0,0.0,0.0,0.0,0.0137698,-0.0068849,-0.0275396,4.7987753,-0.0137698,-1.1773179,0.01231013430998,0.004438583638528,-0.006137728937652,-0.0029491758242370003,-0.000258699633705,0.00258699633705,20.001000000000005,1.774293999915244,0.19631199984360137,0.06688799976473092,0.0
pd,23:52:57.676,622,-40.003,-89.999,0.0,-90.239,0.003,-0.02,0.0,0.0,0.0,0.0,0.0,0.0,-40.003,-110.0,0.0,-90.239,0.003,-0.02,-40.003,-97.999,0.0,-90.239,0.003,-0.02,0.0,-1885.928057553957,0.0,0.0,0.0,0.0,0.0,-8.0,0.0,0.0,0.0,0.0,0.0137698,-0.0068849,-0.0275396,4.7987753,-0.0137698,-1.1773179,0.01231013430998,0.004438583638528,-0.006137728937652,-0.0029491758242370003,-0.000258699633705,0.00258699633705,20.001000000000005,1.9280510000498907,0.20031199983350234,0.09714699990581721,0.0
pd,23:52:57.679,623,-40.003,-89.999,0.0,-90.239,0.003,-0.02,0.0,0.0,0.0,0.0,0.0,0.0,-40.003,-110.0,0.0,-90.239,0.003,-0.02,-40.003,-97.999,0.0,-90.239,0.003,-0.02,0.0,-1729.6098969072166,0.0,0.0,0.0,0.0,0.0,-8.0,0.0,0.0,0.0,0.0,0.0137698,-0.0068849,-0.0275396,4.7987753,-0.0137698,-1.1773179,0.01231013430998,0.004438583638528,-0.006137728937652,-0.0029491758242370003,-0.000258699633705,0.00258699633705,20.001000000000005,1.6945540000961046,0.15568299977530842,0.06424000002880348,0.0
pd,23:52:57.681,624,-40.003,-89.999,0.0,-90.239,0.003,-0.02,0.0,0.0,0.0,0.0,0.0,0.0,-40.003,-110.0,0.0,-90.239,0.003,-0.02,-40.003,-97.999,0.0,-90.239,0.003,-0.02,0.0,-2015.7654691817854,0.0,0.0,0.0,0.0,0.0,-8.0,0.0,0.0,0.0,0.0,0.0137698,-0.0068849,-0.0275396,4.7987753,-0.0137698,-1.1773179,0.01231013430998,0.004438583638528,-0.006137728937652,-0.0029491758242370003,-0.000258699633705,0.00258699633705,20.001000000000005,1.732443000037165,0.20620100031010224,0.09744399994815467,0.0
pd,23:52:57.683,625,-40.003,-89.999,0.0,-90.239,0.003,-0.02,0.0,0.0,0.0,0.0,0.0,0.0,-40.003,-110.0,0.0,-90.239,0.003,-0.02,-40.003,-97.999,0.0,-90.239,0.003,-0.02,0.0,-1881.275622336847,0.0,0.0,0.0,0.0,0.0,-8.0,0.0,0.0,0.0,0.0,0.0137698,-0.0068849,-0.0275396,4.7987753,-0.0137698,-1.1773179,0.01231013430998,0.004438583638528,-0.006137728937652,-0.0029491758242370003,-0.000258699633705,0.00258699633705,20.001000000000005,1.7777560001377424,0.20931200015184004,0.07811000023139059,0.0
pd,23:52:57.685,626,-40.003,-89.999,0.0,-90.239,0.003,-0.02,0.0,0.0,0.0,0.0,0.0,0.0,-40.003,-110.0,0.0,-90.239,0.003,-0.02,-40.003,-97.999,0.0,-90.239,0.003,-0.02,0.0,-1866.8316457104706,0.0,0.0,0.0,0.0,0.0,-8.0,0.0,0.0,0.0,0.0,0.0137698,-0.0068849,-0.0275396,4.7987753,-0.0137698,-1.1773179,0.01231013430998,0.004438583638528,-0.006137728937652,-0.0029491758242370003,-0.000258699633705,0.00258699633705,20.001000000000005,1.6374439996980072,0.13679499988938915,0.055796000197005924,0.0
pd,23:52:57.687,627,-40.003,-89.999,0.0,-90.239,0.003,-0.02,0.0,0.0,0.0,0.0,0.0,0.0,-40.003,-110.0,0.0,-90.239,0.003,-0.02,-40.003,-97.999,0.0,-90.239,0.003,-0.02,0.0,-2112.7334088905677,0.0,0.0,0.0,0.0,0.0,-8.0,0.0,0.0,0.0,0.0,0.0137698,-0.0068849,-0.0275396,4.7987753,-0.0137698,-1.1773179,0.01231013430998,0.004438583638528,-0.006137728937652,-0.0029491758242370003,-0.000258699633705,0.00258699633705,20.001000000000005,1.6301660002682183,0.1415169999745558,0.06438799982788623,0.0
pd,23:52:57.689,628,-40.003,-89.999,0.0,-90.239,0.003,-0.02,0.0,0.0,0.0,0.0,0.0,0.0,-40.003,-110.0,0.0,-90.239,0.003,-0.02,-40.003,-97.999,0.0,-90.239,0.003,-0.02,0.0,-1997.7632769707072,0.0,0.0,0.0,0.0,0.0,-8.0,0.0,0.0,0.0,0.0,0.0137698,-0.0068849,-0.0275396,4.7987753,-0.0137698,-1.1773179,0.01231013430998,0.004438583638528,-0.006137728937652,-0.0029491758242370003,-0.000258699633705,0.00258699633705,20.001000000000005,1.6379249996134604,0.15938699971229653,0.06459099995481665,0.0
pd,23:52:57.691,629,-40.003,-89.999,0.0,-90.239,0.003,-0.02,0.0,0.0,0.0,0.0,0.0,0.0,-40.003,-110.0,0.0,-90.239,0.003,-0.02,-40.003,-97.999,0.0,-90.239,0.003,-0.02,0.0,-2066.923247505236,0.0,0.0,0.0,0.0,0.0,-8.0,0.0,0.0,0.0,0.0,0.0137698,-0.0068849,-0.0275396,4.7987753,-0.0137698,-1.1773179,0.01231013430998,0.004438583638528,-0.006137728937652,-0.0029491758242370003,-0.000258699633705,0.00258699633705,20.001000000000005,1.6260180000244873,0.15359100007117377,0.06842500033599208,0.0
pd,23:52:57.693,630,-40.003,-89.999,0.0,-90.239,0.003,-0.02,0.0,0.0,0.0,0.0,0.0,0.0,-40.003,-110.0,0.0,-90.239,0.003,-0.02,-40.003,-97.999,0.0,-90.239,0.003,-0.02,0.0,-2084.1262111801243,0.0,0.0,0.0,0.0,0.0,-8.0,0.0,0.0,0.0,0.0,0.0137698,-0.0068849,-0.0275396,4.7987753,-0.0137698,-1.1773179,0.01231013430998,0.004438583638528,-0.006137728937652,-0.0029491758242370003,-0.000258699633705,0.00258699633705,20.001000000000005,1.6760359999352659,0.14838700008112937,0.061981000271771336,0.0
pd,23:52:57.695,631,-40.003,-89.999,0.0,-90.239,0.003,-0.02,0.0,0.0,0.0,0.0,0.0,0.0,-40.003,-110.0,0.0,-90.239,0.003,-0.02,-40.003,-97.999,0.0,-90.239,0.003,-0.02,0.0,-1735.3347124534546,0.0,0.0,0.0,0.0,0.0,-8.0,0.0,0.0,0.0,0.0,0.0137698,-0.0068849,-0.0275396,4.7987753,-0.0137698,-1.1773179,0.01231013430998,0.004438583638528,-0.006137728937652,-0.0029491758242370003,-0.000258699633705,0.00258699633705,20.001000000000005,1.7817200000536104,0.20320200019341428,0.06925799971213564,0.0
pd,23:52:57.697,632,-40.003,-89.999,0.0,-90.239,0.003,-0.02,0.0,0.0,0.0,0.0,0.0,0.0,-40.003,-110.0,0.0,-90.239,0.003,-0.02,-40.003,-97.999,0.0,-90.239,0.003,-0.02,0.0,-1867.8708528167447,0.0,0.0,0.0,0.0,0.0,-8.0,0.0,0.0,0.0,0.0,0.0137698,-0.0068849,-0.0275396,4.7987753,-0.0137698,-1.1773179,0.01231013430998,0.004438583638528,-0.006137728937652,-0.0029491758242370003,-0.000258699633705,0.00258699633705,20.001000000000005,1.6460729998470924,0.14527599978464423,0.05966600019746693,0.0
pd,23:52:57.699,633,-40.003,-89.999,0.0,-90.239,0.003,-0.02,0.0,0.0,0.0,0.0,0.0,0.0,-40.003,-110.0,0.0,-90.239,0.003,-0.02,-40.003,-97.999,0.0,-90.239,0.003,-0.02,0.0,-2082.83252638113,0.0,0.0,0.0,0.0,0.0,-8.0,0.0,0.0,0.0,0.0,0.0137698,-0.0068849,-0.0275396,4.7987753,-0.0137698,-1.1773179,0.01231013430998,0.004438583638528,-0.006137728937652,-0.0029491758242370003,-0.000258699633705,0.00258699633705,20.001000000000005,1.6395540001212794,0.18138699988412554,0.07144399978642468,0.0
pd,23:52:57.701,634,-40.003,-89.999,0.0,-90.239,0.003,-0.02,0.0,0.0,0.0,0.0,0.0,0.0,-40.003,-110.0,0.0,-90.239,0.003,-0.02,-40.003,-97.999,0.0,-90.239,0.003,-0.02,0.0,-2033.3554720639922,0.0,0.0,0.0,0.0,0.0,-8.0,0.0,0.0,0.0,0.0,0.0137698,-0.0068849,-0.0275396,4.7987753,-0.0137698,-1.1773179,0.01231013430998,0.004438583638528,-0.006137728937652,-0.0029491758242370003,-0.000258699633705,0.00258699633705,20.001000000000005,1.655090999975073,0.1563499999974738,0.07118399980754475,0.0
pd,23:52:57.703,635,-40.003,-89.999,0.0,-90.239,0.003,-0.02,0.0,0.0,0.0,0.0,0.0,0.0,-40.003,-110.0,0.0,-90.239,0.003,-0.02,-40.003,-97.999,0.0,-90.239,0.003,-0.02,0.0,-2046.7507624740758,0.0,0.0,0.0,0.0,0.0,-8.0,0.0,0.0,0.0,0.0,0.0137698,-0.0068849,-0.0275396,4.7987753,-0.0137698,-1.1773179,0.01231013430998,0.004438583638528,-0.006137728937652,-0.0029491758242370003,-0.000258699633705,0.00258699633705,20.001000000000005,1.9993099999737751,0.1980530000764702,0.09488700015936047,0.0
pd,23:52:57.705,636,-40.003,-89.999,0.0,-90.239,0.003,-0.02,0.0,0.0,0.0,0.0,0.0,0.0,-40.003,-110.0,0.0,-90.239,0.003,-0.02,-40.003,-97.999,0.0,-90.239,0.003,-0.02,0.0,-1681.5892552871605,0.0,0.0,0.0,0.0,0.0,-8.0,0.0,0.0,0.0,0.0,0.0137698,-0.0068849,-0.0275396,4.7987753,-0.0137698,-1.1773179,0.01231013430998,0.004438583638528,-0.006137728937652,-0.0029491758242370003,-0.000258699633705,0.00258699633705,20.001000000000005,1.640296000005037,0.1356280004074506,0.0690920001034101,0.0
pd,23:52:57.707,637,-40.003,-89.999,0.0,-90.239,0.003,-0.02,0.0,0.0,0.0,0.0,0.0,0.0,-40.003,-110.0,0.0,-90.239,0.003,-0.02,-40.003,-97.999,0.0,-90.239,0.003,-0.02,0.0,-2086.718407960199,0.0,0.0,0.0,0.0,0.0,-8.0,0.0,0.0,0.0,0.0,0.0137698,-0.0068849,-0.0275396,4.7987753,-0.0137698,-1.1773179,0.01231013430998,0.004438583638528,-0.006137728937652,-0.0029491758242370003,-0.000258699633705,0.00258699633705,20.001000000000005,1.7353490002278704,0.16349800034731743,0.07516599998780293,0.0
pd,23:52:57.709,638,-40.003,-89.999,0.0,-90.239,0.003,-0.02,0.0,0.0,0.0,0.0,0.0,0.0,-40.003,-110.0,0.0,-90.239,0.003,-0.02,-40.003,-97.999,0.0,-90.239,0.003,-0.02,0.0,-1949.7055200464847,0.0,0.0,0.0,0.0,0.0,-8.0,0.0,0.0,0.0,0.0,0.0137698,-0.0068849,-0.0275396,4.7987753,-0.0137698,-1.1773179,0.01231013430998,0.004438583638528,-0.006137728937652,-0.0029491758242370003,-0.000258699633705,0.00258699633705,20.001000000000005,1.650516999688989,0.1694980001047952,0.07283199965968379,0.0
pd,23:52:57.711,639,-40.003,-89.999,0.0,-90.239,0.003,-0.02,0.0,0.0,0.0,0.0,0.0,0.0,-40.003,-110.0,0.0,-90.239,0.003,-0.02,-40.003,-97.999,0.0,-90.239,0.003,-0.02,0.0,-2032.3701998788613,0.0,0.0,0.0,0.0,0.0,-8.0,0.0,0.0,0.0,0.0,0.0137698,-0.0068849,-0.0275396,4.7987753,-0.0137698,-1.1773179,0.01231013430998,0.004438583638528,-0.006137728937652,-0.0029491758242370003,-0.000258699633705,0.00258699633705,20.001000000000005,1.6946650002864772,0.1681280000411789,0.1118129998758377,0.0
pd,23:52:57.713,640,-40.003,-89.999,0.0,-90.239,0.003,-0.02,0.0,0.0,0.0,0.0,0.0,0.0,-40.003,-110.0,0.0,-90.239,0.003,-0.02,-40.003,-97.999,0.0,-90.239,0.003,-0.02,0.0,-1949.9321245932124,0.0,0.0,0.0,0.0,0.0,-8.0,0.0,0.0,0.0,0.0,0.0137698,-0.0068849,-0.0275396,4.7987753,-0.0137698,-1.1773179,0.01231013430998,0.004438583638528,-0.006137728937652,-0.0029491758242370003,-0.000258699633705,0.00258699633705,20.001000000000005,1.638388000174018,0.14472099974227604,0.061314000049605966,0.0
pd,23:52:57.715,641,-40.003,-89.999,0.0,-90.239,0.003,-0.02,0.0,0.0,0.0,0.0,0.0,0.0,-40.003,-110.0,0.0,-90.239,0.003,-0.02,-40.003,-97.999,0.0,-90.239,0.003,-0.02,0.0,-1764.7224150625855,0.0,0.0,0.0,0.0,0.0,-8.0,0.0,0.0,0.0,0.0,0.0137698,-0.0068849,-0.0275396,4.7987753,-0.0137698,-1.1773179,0.01231013430998,0.004438583638528,-0.006137728937652,-0.0029491758242370003,-0.000258699633705,0.00258699633705,20.001000000000005,1.7807190001803974,0.1987389996429556,0.0704809999660938,0.0
pd,23:52:57.718,642,-40.003,-89.999,0.0,-90.239,0.003,-0.02,0.0,0.0,0.0,0.0,0.0,0.0,-40.003,-110.0,0.0,-90.239,0.003,-0.02,-40.003,-97.999,0.0,-90.239,0.003,-0.02,0.0,-1873.5026242322724,0.0,0.0,0.0,0.0,0.0,-8.0,0.0,0.0,0.0,0.0,0.0137698,-0.0068849,-0.0275396,4.7987753,-0.0137698,-1.1773179,0.01231013430998,0.004438583638528,-0.006137728937652,-0.0029491758242370003,-0.000258699633705,0.00258699633705,20.001000000000005,1.6263140000774001,0.14740500000698376,0.06629500012422795,0.0
pd,23:52:57.720,643,-40.003,-89.999,0.0,-90.239,0.003,-0.02,0.0,0.0,0.0,0.0,0.0,0.0,-40.003,-110.0,0.0,-90.239,0.003,-0.02,-40.003,-97.999,0.0,-90.239,0.003,-0.02,0.0,-2096.3658628014496,0.0,0.0,0.0,0.0,0.0,-8.0,0.0,0.0,0.0,0.0,0.0137698,-0.0068849,-0.0275396,4.7987753,-0.0137698,-1.1773179,0.01231013430998,0.004438583638528,-0.006137728937652,-0.0029491758242370003,-0.000258699633705,0.00258699633705,20.001000000000005,1.6647400002511858,0.14188699969963636,0.060925000070710666,0.0
pd,23:52:57.721,644,-40.003,-89.999,0.0,-90.239,0.003,-0.02,0.0,0.0,0.0,0.0,0.0,0.0,-40.003,-110.0,0.0,-90.239,0.003,-0.02,-40.003,-97.999,0.0,-90.239,0.003,-0.02,0.0,-2067.1779201577133,0.0,0.0,0.0,0.0,0.0,-8.0,0.0,0.0,0.0,0.0,0.0137698,-0.0068849,-0.0275396,4.7987753,-0.0137698,-1.1773179,0.01231013430998,0.004438583638528,-0.006137728937652,-0.0029491758242370003,-0.000258699633705,0.00258699633705,20.001000000000005,1.6399059995819698,0.14912799997546244,0.07368399974438944,0.0
pd,23:52:57.723,645,-40.003,-89.999,0.0,-90.239,0.003,-0.02,0.0,0.0,0.0,0.0,0.0,0.0,-40.003,-110.0,0.0,-90.239,0.003,-0.02,-40.003,-97.999,0.0,-90.239,0.003,-0.02,0.0,-2062.0963618485744,0.0,0.0,0.0,0.0,0.0,-8.0,0.0,0.0,0.0,0.0,0.0137698,-0.0068849,-0.0275396,4.7987753,-0.0137698,-1.1773179,0.01231013430998,0.004438583638528,-0.006137728937652,-0.0029491758242370003,-0.000258699633705,0.00258699633705,20.001000000000005,1.6730729998926108,0.1486649998696521,0.06438799982788623,0.0
pd,23:52:57.725,646,-40.003,-89.999,0.0,-90.239,0.003,-0.02,0.0,0.0,0.0,0.0,0.0,0.0,-40.003,-110.0,0.0,-90.239,0.003,-0.02,-40.003,-97.999,0.0,-90.239,0.003,-0.02,0.0,-2045.752469211072,0.0,0.0,0.0,0.0,0.0,-8.0,0.0,0.0,0.0,0.0,0.0137698,-0.0068849,-0.0275396,4.7987753,-0.0137698,-1.1773179,0.01231013430998,0.004438583638528,-0.006137728937652,-0.0029491758242370003,-0.000258699633705,0.00258699633705,20.001000000000005,1.6180729999177856,0.12766500003635883,0.05803700014439528,0.0
pd,23:52:57.727,647,-40.003,-89.999,0.0,-90.239,0.003,-0.02,0.0,0.0,0.0,0.0,0.0,0.0,-40.003,-110.0,0.0,-90.239,0.003,-0.02,-40.003,-97.999,0.0,-90.239,0.003,-0.02,0.0,-2137.224968152866,0.0,0.0,0.0,0.0,0.0,-8.0,0.0,0.0,0.0,0.0,0.0137698,-0.0068849,-0.0275396,4.7987753,-0.0137698,-1.1773179,0.01231013430998,0.004438583638528,-0.006137728937652,-0.0029491758242370003,-0.000258699633705,0.00258699633705,20.001000000000005,1.9372729998394789,0.20477499992921366,0.10097999984282069,0.0
pd,23:52:57.730,648,-40.003,-89.999,0.0,-90.239,0.003,-0.02,0.0,0.0,0.0,0.0,0.0,0.0,-40.003,-110.0,0.0,-90.239,0.003,-0.02,-40.003,-97.999,0.0,-90.239,0.003,-0.02,0.0,-1711.0878123406426,0.0,0.0,0.0,0.0,0.0,-8.0,0.0,0.0,0.0,0.0,0.0137698,-0.0068849,-0.0275396,4.7987753,-0.0137698,-1.1773179,0.01231013430998,0.004438583638528,-0.006137728937652,-0.0029491758242370003,-0.000258699633705,0.00258699633705,20.001000000000005,1.6631840003356047,0.13896099972043885,0.06162799991216161,0.0
pd,23:52:57.731,649,-40.003,-89.999,0.0,-90.239,0.003,-0.02,0.0,0.0,0.0,0.0,0.0,0.0,-40.003,-110.0,0.0,-90.239,0.003,-0.02,-40.003,-97.999,0.0,-90.239,0.003,-0.02,0.0,-2073.5651958966755,0.0,0.0,0.0,0.0,0.0,-8.0,0.0,0.0,0.0,0.0,0.0137698,-0.0068849,-0.0275396,4.7987753,-0.0137698,-1.1773179,0.01231013430998,0.004438583638528,-0.006137728937652,-0.0029491758242370003,-0.000258699633705,0.00258699633705,20.001000000000005,1.739961000112089,0.16344300001946976,0.07505499979743036,0.0
pd,23:52:57.734,650,-40.003,-89.999,0.0,-90.239,0.003,-0.02,0.0,0.0,0.0,0.0,0.0,0.0,-40.003,-110.0,0.0,-90.239,0.003,-0.02,-40.003,-97.999,0.0,-90.239,0.003,-0.02,0.0,-1948.346998025781,0.0,0.0,0.0,0.0,0.0,-8.0,0.0,0.0,0.0,0.0,0.0137698,-0.0068849,-0.0275396,4.7987753,-0.0137698,-1.1773179,0.01231013430998,0.004438583638528,-0.006137728937652,-0.0029491758242370003,-0.000258699633705,0.00258699633705,20.001000000000005,1.7515720001028967,0.17618299989408115,0.08262900018962682,0.0
pd,23:52:57.736,651,-40.003,-89.999,0.0,-90.239,0.003,-0.02,0.0,0.0,0.0,0.0,0.0,0.0,-40.003,-110.0,0.0,-90.239,0.003,-0.02,-40.003,-97.999,0.0,-90.239,0.003,-0.02,0.0,-1630.755832037325,0.0,0.0,0.0,0.0,0.0,-8.0,0.0,0.0,0.0,0.0,0.0137698,-0.0068849,-0.0275396,4.7987753,-0.0137698,-1.1773179,0.01231013430998,0.004438583638528,-0.006137728937652,-0.0029491758242370003,-0.000258699633705,0.00258699633705,20.001000000000005,1.8392189999758557,0.20596099966496695,0.07179600015660981,0.0
pd,23:52:57.738,652,-40.003,-89.999,0.0,-90.239,0.003,-0.02,0.0,0.0,0.0,0.0,0.0,0.0,-40.003,-110.0,0.0,-90.239,0.003,-0.02,-40.003,-97.999,0.0,-90.239,0.003,-0.02,0.0,-1815.3230902402076,0.0,0.0,0.0,0.0,0.0,-8.0,0.0,0.0,0.0,0.0,0.0137698,-0.0068849,-0.0275396,4.7987753,-0.0137698,-1.1773179,0.01231013430998,0.004438583638528,-0.006137728937652,-0.0029491758242370003,-0.000258699633705,0.00258699633705,20.001000000000005,1.6399989999626996,0.1445540001441259,0.06301699977484532,0.0
pd,23:52:57.740,653,-40.003,-89.999,0.0,-90.239,0.003,-0.02,0.0,0.0,0.0,0.0,0.0,0.0,-40.003,-110.0,0.0,-90.239,0.003,-0.02,-40.003,-97.999,0.0,-90.239,0.003,-0.02,0.0,-2087.497324872465,0.0,0.0,0.0,0.0,0.0,-8.0,0.0,0.0,0.0,0.0,0.0137698,-0.0068849,-0.0275396,4.7987753,-0.0137698,-1.1773179,0.01231013430998,0.004438583638528,-0.006137728937652,-0.0029491758242370003,-0.000258699633705,0.00258699633705,20.001000000000005,1.6547770001125173,0.1424609999958193,0.06342500000755535,0.0
pd,23:52:57.742,654,-40.003,-89.999,0.0,-90.239,0.003,-0.02,0.0,0.0,0.0,0.0,0.0,0.0,-40.003,-110.0,0.0,-90.239,0.003,-0.02,-40.003,-97.999,0.0,-90.239,0.003,-0.02,0.0,-2075.6174687615985,0.0,0.0,0.0,0.0,0.0,-8.0,0.0,0.0,0.0,0.0,0.0137698,-0.0068849,-0.0275396,4.7987753,-0.0137698,-1.1773179,0.01231013430998,0.004438583638528,-0.006137728937652,-0.0029491758242370003,-0.000258699633705,0.00258699633705,20.001000000000005,1.636017999771866,0.1505170002928935,0.06859199993414222,0.0
pd,23:52:57.744,655,-40.003,-89.999,0.0,-90.239,0.003,-0.02,0.0,0.0,0.0,0.0,0.0,0.0,-40.003,-110.0,0.0,-90.239,0.003,-0.02,-40.003,-97.999,0.0,-90.239,0.003,-0.02,0.0,-2075.6174687615985,0.0,0.0,0.0,0.0,0.0,-8.0,0.0,0.0,0.0,0.0,0.0137698,-0.0068849,-0.0275396,4.7987753,-0.0137698,-1.1773179,0.01231013430998,0.004438583638528,-0.006137728937652,-0.0029491758242370003,-0.000258699633705,0.00258699633705,20.001000000000005,1.6737949999878765,0.14553599976352416,0.06353600019792793,0.0
pd,23:52:57.746,656,-40.003,-89.999,0.0,-90.239,0.003,-0.02,0.0,0.0,0.0,0.0,0.0,0.0,-40.003,-110.0,0.0,-90.239,0.003,-0.02,-40.003,-97.999,0.0,-90.239,0.003,-0.02,0.0,-2049.2507634053986,0.0,0.0,0.0,0.0,0.0,-8.0,0.0,0.0,0.0,0.0,0.0137698,-0.0068849,-0.0275396,4.7987753,-0.0137698,-1.1773179,0.01231013430998,0.004438583638528,-0.006137728937652,-0.0029491758242370003,-0.000258699633705,0.00258699633705,20.001000000000005,1.6289250002046174,0.14512799998556147,0.06375899965860299,0.0
pd,23:52:57.748,657,-40.003,-89.999,0.0,-90.239,0.003,-0.02,0.0,0.0,0.0,0.0,0.0,0.0,-40.003,-110.0,0.0,-90.239,0.003,-0.02,-40.003,-97.999,0.0,-90.239,0.003,-0.02,0.0,-2097.6764191047764,0.0,0.0,0.0,0.0,0.0,-8.0,0.0,0.0,0.0,0.0,0.0137698,-0.0068849,-0.0275396,4.7987753,-0.0137698,-1.1773179,0.01231013430998,0.004438583638528,-0.006137728937652,-0.0029491758242370003,-0.000258699633705,0.00258699633705,20.001000000000005,1.658924999901501,0.1578870001139876,0.06994300019869115,0.0
pd,23:52:57.750,658,-40.003,-89.999,0.0,-90.239,0.003,-0.02,0.0,0.0,0.0,0.0,0.0,0.0,-40.003,-110.0,0.0,-90.239,0.003,-0.02,-40.003,-97.999,0.0,-90.239,0.003,-0.02,0.0,-2040.2792168308404,0.0,0.0,0.0,0.0,0.0,-8.0,0.0,0.0,0.0,0.0,0.0137698,-0.0068849,-0.0275396,4.7987753,-0.0137698,-1.1773179,0.01231013430998,0.004438583638528,-0.006137728937652,-0.0029491758242370003,-0.000258699633705,0.00258699633705,20.001000000000005,1.619777000087197,0.12773899970852653,0.054924999858485535,0.0
pd,23:52:57.752,659,-40.003,-89.999,0.0,-90.239,0.003,-0.02,0.0,0.0,0.0,0.0,0.0,0.0,-40.003,-110.0,0.0,-90.239,0.003,-0.02,-40.003,-97.999,0.0,-90.239,0.003,-0.02,0.0,-2144.3271983640084,0.0,0.0,0.0,0.0,0.0,-8.0,0.0,0.0,0.0,0.0,0.0137698,-0.0068849,-0.0275396,4.7987753,-0.0137698,-1.1773179,0.01231013430998,0.004438583638528,-0.006137728937652,-0.0029491758242370003,-0.000258699633705,0.00258699633705,20.001000000000005,1.6367590001209464,0.15281300011338317,0.06999900006121607,0.0
pd,23:52:57.754,660,-40.003,-89.999,0.0,-90.239,0.003,-0.02,0.0,0.0,0.0,0.0,0.0,0.0,-40.003,-110.0,0.0,-90.239,0.003,-0.02,-40.003,-97.999,0.0,-90.239,0.003,-0.02,0.0,-2071.005554869769,0.0,0.0,0.0,0.0,0.0,-8.0,0.0,0.0,0.0,0.0,0.0137698,-0.0068849,-0.0275396,4.7987753,-0.0137698,-1.1773179,0.01231013430998,0.004438583638528,-0.006137728937652,-0.0029491758242370003,-0.000258699633705,0.00258699633705,20.001000000000005,1.9022739998035831,0.18731199998001102,0.09062800018000416,0.0
pd,23:52:57.756,661,-40.003,-89.999,0.0,-90.239,0.003,-0.02,0.0,0.0,0.0,0.0,0.0,0.0,-40.003,-110.0,0.0,-90.239,0.003,-0.02,-40.003,-97.999,0.0,-90.239,0.003,-0.02,0.0,-1525.895043201455,0.0,0.0,0.0,0.0,0.0,-8.0,0.0,0.0,0.0,0.0,0.0137698,-0.0068849,-0.0275396,4.7987753,-0.0137698,-1.1773179,0.01231013430998,0.004438583638528,-0.006137728937652,-0.0029491758242370003,-0.000258699633705,0.00258699633705,20.001000000000005,1.834532999964722,0.20536800002446398,0.07151800036808709,0.0
pd,23:52:57.758,662,-40.003,-89.999,0.0,-90.239,0.003,-0.02,0.0,0.0,0.0,0.0,0.0,0.0,-40.003,-110.0,0.0,-90.239,0.003,-0.02,-40.003,-97.999,0.0,-90.239,0.003,-0.02,0.0,-1820.839591925331,0.0,0.0,0.0,0.0,0.0,-8.0,0.0,0.0,0.0,0.0,0.0137698,-0.0068849,-0.0275396,4.7987753,-0.0137698,-1.1773179,0.01231013430998,0.004438583638528,-0.006137728937652,-0.0029491758242370003,-0.000258699633705,0.00258699633705,20.001000000000005,1.7185540000355104,0.16697899991413578,0.07407300017803209,0.0
pd,23:52:57.760,663,-40.003,-89.999,0.0,-90.239,0.003,-0.02,0.0,0.0,0.0,0.0,0.0,0.0,-40.003,-110.0,0.0,-90.239,0.003,-0.02,-40.003,-97.999,0.0,-90.239,0.003,-0.02,0.0,-1967.540283804386,0.0,0.0,0.0,0.0,0.0,-8.0,0.0,0.0,0.0,0.0,0.0137698,-0.0068849,-0.0275396,4.7987753,-0.0137698,-1.1773179,0.01231013430998,0.004438583638528,-0.006137728937652,-0.0029491758242370003,-0.000258699633705,0.00258699633705,20.001000000000005,1.6846649996296037,0.14496099993266398,0.06392499972207588,0.0
pd,23:52:57.762,664,-40.003,-89.999,0.0,-90.239,0.003,-0.02,0.0,0.0,0.0,0.0,0.0,0.0,-40.003,-110.0,0.0,-90.239,0.003,-0.02,-40.003,-97.999,0.0,-90.239,0.003,-0.02,0.0,-2039.2872249908837,0.0,0.0,0.0,0.0,0.0,-8.0,0.0,0.0,0.0,0.0,0.0137698,-0.0068849,-0.0275396,4.7987753,-0.0137698,-1.1773179,0.01231013430998,0.004438583638528,-0.006137728937652,-0.0029491758242370003,-0.000258699633705,0.00258699633705,20.001000000000005,1.6457030001220119,0.17649800020080875,0.0887950000105775,0.0
pd,23:52:57.764,665,-40.003,-89.999,0.0,-90.239,0.003,-0.02,0.0,0.0,0.0,0.0,0.0,0.0,-40.003,-110.0,0.0,-90.239,0.003,-0.02,-40.003,-97.999,0.0,-90.239,0.003,-0.02,0.0,-2008.5257991140907,0.0,0.0,0.0,0.0,0.0,-8.0,0.0,0.0,0.0,0.0,0.0137698,-0.0068849,-0.0275396,4.7987753,-0.0137698,-1.1773179,0.01231013430998,0.004438583638528,-0.006137728937652,-0.0029491758242370003,-0.000258699633705,0.00258699633705,20.001000000000005,1.691813999968872,0.1498130000072706,0.06523999991259188,0.0
pd,23:52:57.766,666,-40.003,-89.999,0.0,-90.239,0.003,-0.02,0.0,0.0,0.0,0.0,0.0,0.0,-40.003,-110.0,0.0,-90.239,0.003,-0.02,-40.003,-97.999,0.0,-90.239,0.003,-0.02,0.0,-2023.5455312989989,0.0,0.0,0.0,0.0,0.0,-8.0,0.0,0.0,0.0,0.0,0.0137698,-0.0068849,-0.0275396,4.7987753,-0.0137698,-1.1773179,0.01231013430998,0.004438583638528,-0.006137728937652,-0.0029491758242370003,-0.000258699633705,0.00258699633705,20.001000000000005,1.6428690000793722,0.14647899979536305,0.06418500015570316,0.0
pd,23:52:57.768,667,-40.003,-89.999,0.0,-90.239,0.003,-0.02,0.0,0.0,0.0,0.0,0.0,0.0,-40.003,-110.0,0.0,-90.239,0.003,-0.02,-40.003,-97.999,0.0,-90.239,0.003,-0.02,0.0,-2081.0240635078144,0.0,0.0,0.0,0.0,0.0,-8.0,0.0,0.0,0.0,0.0,0.0137698,-0.0068849,-0.0275396,4.7987753,-0.0137698,-1.1773179,0.01231013430998,0.004438583638528,-0.006137728937652,-0.0029491758242370003,-0.000258699633705,0.00258699633705,20.001000000000005,1.6629240003567247,0.14564599996447214,0.0650550000500516,0.0
pd,23:52:57.770,668,-40.003,-89.999,0.0,-90.239,0.003,-0.02,0.0,0.0,0.0,0.0,0.0,0.0,-40.003,-110.0,0.0,-90.239,0.003,-0.02,-40.003,-97.999,0.0,-90.239,0.003,-0.02,0.0,-2058.301558091032,0.0,0.0,0.0,0.0,0.0,-8.0,0.0,0.0,0.0,0.0,0.0137698,-0.0068849,-0.0275396,4.7987753,-0.0137698,-1.1773179,0.01231013430998,0.004438583638528,-0.006137728937652,-0.0029491758242370003,-0.000258699633705,0.00258699633705,20.001000000000005,1.6214989996115037,0.1281830000152695,0.054536999869014835,0.0
pd,23:52:57.772,669,-40.003,-89.999,0.0,-90.239,0.003,-0.02,0.0,0.0,0.0,0.0,0.0,0.0,-40.003,-110.0,0.0,-90.239,0.003,-0.02,-40.003,-97.999,0.0,-90.239,0.003,-0.02,0.0,-2140.2240081643067,0.0,0.0,0.0,0.0,0.0,-8.0,0.0,0.0,0.0,0.0,0.0137698,-0.0068849,-0.0275396,4.7987753,-0.0137698,-1.1773179,0.01231013430998,0.004438583638528,-0.006137728937652,-0.0029491758242370003,-0.000258699633705,0.00258699633705,20.001000000000005,1.6592759998275142,0.16473899995617103,0.07664700024179183,0.0
pd,23:52:57.774,670,-40.003,-89.999,0.0,-90.239,0.003,-0.02,0.0,0.0,0.0,0.0,0.0,0.0,-40.003,-110.0,0.0,-90.239,0.003,-0.02,-40.003,-97.999,0.0,-90.239,0.003,-0.02,0.0,-2024.7665942553706,0.0,0.0,0.0,0.0,0.0,-8.0,0.0,0.0,0.0,0.0,0.0137698,-0.0068849,-0.0275396,4.7987753,-0.0137698,-1.1773179,0.01231013430998,0.004438583638528,-0.006137728937652,-0.0029491758242370003,-0.000258699633705,0.00258699633705,20.001000000000005,1.6488320002281398,0.1383500002702931,0.06136899992270628,0.0
pd,23:52:57.776,671,-40.003,-89.999,0.0,-90.239,0.003,-0.02,0.0,0.0,0.0,0.0,0.0,0.0,-40.003,-110.0,0.0,-90.239,0.003,-0.02,-40.003,-97.999,0.0,-90.239,0.003,-0.02,0.0,-1749.813934084272,0.0,0.0,0.0,0.0,0.0,-8.0,0.0,0.0,0.0,0.0,0.0137698,-0.0068849,-0.0275396,4.7987753,-0.0137698,-1.1773179,0.01231013430998,0.004438583638528,-0.006137728937652,-0.0029491758242370003,-0.000258699633705,0.00258699633705,20.001000000000005,1.8435329998283123,0.20399799996084766,0.06879600005049724,0.0
pd,23:52:57.779,672,-40.003,-89.999,0.0,-90.239,0.003,-0.02,0.0,0.0,0.0,0.0,0.0,0.0,-40.003,-110.0,0.0,-90.239,0.003,-0.02,-40.003,-97.999,0.0,-90.239,0.003,-0.02,0.0,-1813.9491836955347,0.0,0.0,0.0,0.0,0.0,-8.0,0.0,0.0,0.0,0.0,0.0137698,-0.0068849,-0.0275396,4.7987753,-0.0137698,-1.1773179,0.01231013430998,0.004438583638528,-0.006137728937652,-0.0029491758242370003,-0.000258699633705,0.00258699633705,20.001000000000005,1.954236000074161,0.3542360000210465,0.12544300034278422,0.0
pd,23:52:57.781,673,-40.003,-89.999,0.0,-90.239,0.003,-0.02,0.0,0.0,0.0,0.0,0.0,0.0,-40.003,-110.0,0.0,-90.239,0.003,-0.02,-40.003,-97.999,0.0,-90.239,0.003,-0.02,0.0,-1570.6062535105787,0.0,0.0,0.0,0.0,0.0,-8.0,0.0,0.0,0.0,0.0,0.0137698,-0.0068849,-0.0275396,4.7987753,-0.0137698,-1.1773179,0.01231013430998,0.004438583638528,-0.006137728937652,-0.0029491758242370003,-0.000258699633705,0.00258699633705,20.001000000000005,1.7270350003855128,0.18644200008566258,0.08216600008381647,0.0
pd,23:52:57.783,674,-40.003,-89.999,0.0,-90.239,0.003,-0.02,0.0,0.0,0.0,0.0,0.0,0.0,-40.003,-110.0,0.0,-90.239,0.003,-0.02,-40.003,-97.999,0.0,-90.239,0.003,-0.02,0.0,-1917.6152703166076,0.0,0.0,0.0,0.0,0.0,-8.0,0.0,0.0,0.0,0.0,0.0137698,-0.0068849,-0.0275396,4.7987753,-0.0137698,-1.1773179,0.01231013430998,0.004438583638528,-0.006137728937652,-0.0029491758242370003,-0.000258699633705,0.00258699633705,20.001000000000005,1.7788119998840557,0.16938699991442263,0.07724000033704215,0.0
pd,23:52:57.785,675,-40.003,-89.999,0.0,-90.239,0.003,-0.02,0.0,0.0,0.0,0.0,0.0,0.0,-40.003,-110.0,0.0,-90.239,0.003,-0.02,-40.003,-97.999,0.0,-90.239,0.003,-0.02,0.0,-1904.3377979568672,0.0,0.0,0.0,0.0,0.0,-8.0,0.0,0.0,0.0,0.0,0.0137698,-0.0068849,-0.0275396,4.7987753,-0.0137698,-1.1773179,0.01231013430998,0.004438583638528,-0.006137728937652,-0.0029491758242370003,-0.000258699633705,0.00258699633705,20.001000000000005,1.6498879999744531,0.13129500030117924,0.05618500017590122,0.0
pd,23:52:57.787,676,-40.003,-89.999,0.0,-90.239,0.003,-0.02,0.0,0.0,0.0,0.0,0.0,0.0,-40.003,-110.0,0.0,-90.239,0.003,-0.02,-40.003,-97.999,0.0,-90.239,0.003,-0.02,0.0,-2105.8385841596587,0.0,0.0,0.0,0.0,0.0,-8.0,0.0,0.0,0.0,0.0,0.0137698,-0.0068849,-0.0275396,4.7987753,-0.0137698,-1.1773179,0.01231013430998,0.004438583638528,-0.006137728937652,-0.0029491758242370003,-0.000258699633705,0.00258699633705,20.001000000000005,1.7017019999912009,0.18196099972556112,0.09581299991623382,0.0
pd,23:52:57.789,677,-40.003,-89.999,0.0,-90.239,0.003,-0.02,0.0,0.0,0.0,0.0,0.0,0.0,-40.003,-110.0,0.0,-90.239,0.003,-0.02,-40.003,-97.999,0.0,-90.239,0.003,-0.02,0.0,-1938.89009592049,0.0,0.0,0.0,0.0,0.0,-8.0,0.0,0.0,0.0,0.0,0.0137698,-0.0068849,-0.0275396,4.7987753,-0.0137698,-1.1773179,0.01231013430998,0.004438583638528,-0.006137728937652,-0.0029491758242370003,-0.000258699633705,0.00258699633705,20.001000000000005,1.6566659996897215,0.14527599978464423,0.060443999700510176,0.0
pd,23:52:57.791,678,-40.003,-89.999,0.0,-90.239,0.003,-0.02,0.0,0.0,0.0,0.0,0.0,0.0,-40.003,-110.0,0.0,-90.239,0.003,-0.02,-40.003,-97.999,0.0,-90.239,0.003,-0.02,0.0,-2073.821508034611,0.0,0.0,0.0,0.0,0.0,-8.0,0.0,0.0,0.0,0.0,0.0137698,-0.0068849,-0.0275396,4.7987753,-0.0137698,-1.1773179,0.01231013430998,0.004438583638528,-0.006137728937652,-0.0029491758242370003,-0.000258699633705,0.00258699633705,20.001000000000005,1.6493319999426603,0.16140500019901083,0.07775799986120546,0.0
pd,23:52:57.793,679,-40.003,-89.999,0.0,-90.239,0.003,-0.02,0.0,0.0,0.0,0.0,0.0,0.0,-40.003,-110.0,0.0,-90.239,0.003,-0.02,-40.003,-97.999,0.0,-90.239,0.003,-0.02,0.0,-2039.0393777345648,0.0,0.0,0.0,0.0,0.0,-8.0,0.0,0.0,0.0,0.0,0.0137698,-0.0068849,-0.0275396,4.7987753,-0.0137698,-1.1773179,0.01231013430998,0.004438583638528,-0.006137728937652,-0.0029491758242370003,-0.000258699633705,0.00258699633705,20.001000000000005,1.6575540003032074,0.1489620003667369,0.0663880000502104,0.0
pd,23:52:57.795,680,-40.003,-89.999,0.0,-90.239,0.003,-0.02,0.0,0.0,0.0,0.0,0.0,0.0,-40.003,-110.0,0.0,-90.239,0.003,-0.02,-40.003,-97.999,0.0,-90.239,0.003,-0.02,0.0,-2060.323713619059,0.0,0.0,0.0,0.0,0.0,-8.0,0.0,0.0,0.0,0.0,0.0137698,-0.0068849,-0.0275396,4.7987753,-0.0137698,-1.1773179,0.01231013430998,0.004438583638528,-0.006137728937652,-0.0029491758242370003,-0.000258699633705,0.00258699633705,20.001000000000005,1.7777020002540667,0.17442399985156953,0.07975800008352962,0.0
pd,23:52:57.798,681,-40.003,-89.999,0.0,-90.239,0.003,-0.02,0.0,0.0,0.0,0.0,0.0,0.0,-40.003,-110.0,0.0,-90.239,0.003,-0.02,-40.003,-97.999,0.0,-90.239,0.003,-0.02,0.0,-1611.0251584405607,0.0,0.0,0.0,0.0,0.0,-8.0,0.0,0.0,0.0,0.0,0.0137698,-0.0068849,-0.0275396,4.7987753,-0.0137698,-1.1773179,0.01231013430998,0.004438583638528,-0.006137728937652,-0.0029491758242370003,-0.000258699633705,0.00258699633705,20.001000000000005,1.7543310000291967,0.21236800012047752,0.08142499973473605,0.0
pd,23:52:57.800,682,-40.003,-89.999,0.0,-90.239,0.003,-0.02,0.0,0.0,0.0,0.0,0.0,0.0,-40.003,-110.0,0.0,-90.239,0.003,-0.02,-40.003,-97.999,0.0,-90.239,0.003,-0.02,0.0,-1870.3696767001115,0.0,0.0,0.0,0.0,0.0,-8.0,0.0,0.0,0.0,0.0,0.0137698,-0.0068849,-0.0275396,4.7987753,-0.0137698,-1.1773179,0.01231013430998,0.004438583638528,-0.006137728937652,-0.0029491758242370003,-0.000258699633705,0.00258699633705,20.001000000000005,1.6688689997863548,0.14851700007056934,0.06772200003979378,0.0
pd,23:52:57.802,683,-40.003,-89.999,0.0,-90.239,0.003,-0.02,0.0,0.0,0.0,0.0,0.0,0.0,-40.003,-110.0,0.0,-90.239,0.003,-0.02,-40.003,-97.999,0.0,-90.239,0.003,-0.02,0.0,-2044.256853905203,0.0,0.0,0.0,0.0,0.0,-8.0,0.0,0.0,0.0,0.0,0.0137698,-0.0068849,-0.0275396,4.7987753,-0.0137698,-1.1773179,0.01231013430998,0.004438583638528,-0.006137728937652,-0.0029491758242370003,-0.000258699633705,0.00258699633705,20.001000000000005,1.6218139999182313,0.1621460000933439,0.06950000033612014,0.0
pd,23:52:57.804,684,-40.003,-89.999,0.0,-90.239,0.003,-0.02,0.0,0.0,0.0,0.0,0.0,0.0,-40.003,-110.0,0.0,-90.239,0.003,-0.02,-40.003,-97.999,0.0,-90.239,0.003,-0.02,0.0,-2075.6174687615985,0.0,0.0,0.0,0.0,0.0,-8.0,0.0,0.0,0.0,0.0,0.0137698,-0.0068849,-0.0275396,4.7987753,-0.0137698,-1.1773179,0.01231013430998,0.004438583638528,-0.006137728937652,-0.0029491758242370003,-0.000258699633705,0.00258699633705,20.001000000000005,1.9819579997601977,0.1937940000971139,0.09309200004281593,0.0
pd,23:52:57.806,685,-40.003,-89.999,0.0,-90.239,0.003,-0.02,0.0,0.0,0.0,0.0,0.0,0.0,-40.003,-110.0,0.0,-90.239,0.003,-0.02,-40.003,-97.999,0.0,-90.239,0.003,-0.02,0.0,-1701.5432048681541,0.0,0.0,0.0,0.0,0.0,-8.0,0.0,0.0,0.0,0.0,0.0137698,-0.0068849,-0.0275396,4.7987753,-0.0137698,-1.1773179,0.01231013430998,0.004438583638528,-0.006137728937652,-0.0029491758242370003,-0.000258699633705,0.00258699633705,20.001000000000005,1.6650729999128089,0.1388129999213561,0.059980000060022576,0.0
pd,23:52:57.808,686,-40.003,-89.999,0.0,-90.239,0.003,-0.02,0.0,0.0,0.0,0.0,0.0,0.0,-40.003,-110.0,0.0,-90.239,0.003,-0.02,-40.003,-97.999,0.0,-90.239,0.003,-0.02,0.0,-2071.005554869769,0.0,0.0,0.0,0.0,0.0,-8.0,0.0,0.0,0.0,0.0,0.0137698,-0.0068849,-0.0275396,4.7987753,-0.0137698,-1.1773179,0.01231013430998,0.004438583638528,-0.006137728937652,-0.0029491758242370003,-0.000258699633705,0.00258699633705,20.001000000000005,1.7061280000234547,0.1688129996182397,0.07370299999820418,0.0
pd,23:52:57.810,687,-40.003,-89.999,0.0,-90.239,0.003,-0.02,0.0,0.0,0.0,0.0,0.0,0.0,-40.003,-110.0,0.0,-90.239,0.003,-0.02,-40.003,-97.999,0.0,-90.239,0.003,-0.02,0.0,-1977.7456088647884,0.0,0.0,0.0,0.0,0.0,-8.0,0.0,0.0,0.0,0.0,0.0137698,-0.0068849,-0.0275396,4.7987753,-0.0137698,-1.1773179,0.01231013430998,0.004438583638528,-0.006137728937652,-0.0029491758242370003,-0.000258699633705,0.00258699633705,20.001000000000005,2.0941789998687454,0.1811269999052456,0.08622099994681776,0.0
pd,23:52:57.812,688,-40.003,-89.999,0.0,-90.239,0.003,-0.02,0.0,0.0,0.0,0.0,0.0,0.0,-40.003,-110.0,0.0,-90.239,0.003,-0.02,-40.003,-97.999,0.0,-90.239,0.003,-0.02,0.0,-1639.8412667383443,0.0,0.0,0.0,0.0,0.0,-8.0,0.0,0.0,0.0,0.0,0.0137698,-0.0068849,-0.0275396,4.7987753,-0.0137698,-1.1773179,0.01231013430998,0.004438583638528,-0.006137728937652,-0.0029491758242370003,-0.000258699633705,0.00258699633705,20.001000000000005,1.6855730000315816,0.1592200001141464,0.07464800000889227,0.0
pd,23:52:57.814,689,-40.003,-89.999,0.0,-90.239,0.003,-0.02,0.0,0.0,0.0,0.0,0.0,0.0,-40.003,-110.0,0.0,-90.239,0.003,-0.02,-40.003,-97.999,0.0,-90.239,0.003,-0.02,0.0,-2006.1241181394237,0.0,0.0,0.0,0.0,0.0,-8.0,0.0,0.0,0.0,0.0,0.0137698,-0.0068849,-0.0275396,4.7987753,-0.0137698,-1.1773179,0.01231013430998,0.004438583638528,-0.006137728937652,-0.0029491758242370003,-0.000258699633705,0.00258699633705,20.001000000000005,1.6456660000585543,0.14108999994277838,0.06459199994424125,0.0
pd,23:52:57.816,690,-40.003,-89.999,0.0,-90.239,0.003,-0.02,0.0,0.0,0.0,0.0,0.0,0.0,-40.003,-110.0,0.0,-90.239,0.003,-0.02,-40.003,-97.999,0.0,-90.239,0.003,-0.02,0.0,-2085.680755842864,0.0,0.0,0.0,0.0,0.0,-8.0,0.0,0.0,0.0,0.0,0.0137698,-0.0068849,-0.0275396,4.7987753,-0.0137698,-1.1773179,0.01231013430998,0.004438583638528,-0.006137728937652,-0.0029491758242370003,-0.000258699633705,0.00258699633705,20.001000000000005,1.677683999787405,0.14131299985820078,0.061776999700668966,0.0
pd,23:52:57.819,691,-40.003,-89.999,0.0,-90.239,0.003,-0.02,0.0,0.0,0.0,0.0,0.0,0.0,-40.003,-110.0,0.0,-90.239,0.003,-0.02,-40.003,-97.999,0.0,-90.239,0.003,-0.02,0.0,-1723.0374858786074,0.0,0.0,0.0,0.0,0.0,-8.0,0.0,0.0,0.0,0.0,0.0137698,-0.0068849,-0.0275396,4.7987753,-0.0137698,-1.1773179,0.01231013430998,0.004438583638528,-0.006137728937652,-0.0029491758242370003,-0.000258699633705,0.00258699633705,20.001000000000005,1.8572369999674265,0.25434899998799665,0.09685099985290435,0.0
pd,23:52:57.821,692,-40.003,-89.999,0.0,-90.239,0.003,-0.02,0.0,0.0,0.0,0.0,0.0,0.0,-40.003,-110.0,0.0,-90.239,0.003,-0.02,-40.003,-97.999,0.0,-90.239,0.003,-0.02,0.0,-1706.215397132106,0.0,0.0,0.0,0.0,0.0,-8.0,0.0,0.0,0.0,0.0,0.0137698,-0.0068849,-0.0275396,4.7987753,-0.0137698,-1.1773179,0.01231013430998,0.004438583638528,-0.006137728937652,-0.0029491758242370003,-0.000258699633705,0.00258699633705,20.001000000000005,1.6821839999465737,0.18597999996927683,0.08699899990460835,0.0
pd,23:52:57.823,693,-40.003,-89.999,0.0,-90.239,0.003,-0.02,0.0,0.0,0.0,0.0,0.0,0.0,-40.003,-110.0,0.0,-90.239,0.003,-0.02,-40.003,-97.999,0.0,-90.239,0.003,-0.02,0.0,-1963.1659255792183,0.0,0.0,0.0,0.0,0.0,-8.0,0.0,0.0,0.0,0.0,0.0137698,-0.0068849,-0.0275396,4.7987753,-0.0137698,-1.1773179,0.01231013430998,0.004438583638528,-0.006137728937652,-0.0029491758242370003,-0.000258699633705,0.00258699633705,20.001000000000005,1.711406000140414,0.1893690000542847,0.08970299995780806,0.0
pd,23:52:57.825,694,-40.003,-89.999,0.0,-90.239,0.003,-0.02,0.0,0.0,0.0,0.0,0.0,0.0,-40.003,-110.0,0.0,-90.239,0.003,-0.02,-40.003,-97.999,0.0,-90.239,0.003,-0.02,0.0,-1927.9724201333026,0.0,0.0,0.0,0.0,0.0,-8.0,0.0,0.0,0.0,0.0,0.0137698,-0.0068849,-0.0275396,4.7987753,-0.0137698,-1.1773179,0.01231013430998,0.004438583638528,-0.006137728937652,-0.0029491758242370003,-0.000258699633705,0.00258699633705,20.001000000000005,1.6617390001556487,0.14264699984778417,0.06175899989102618,0.0
pd,23:52:57.827,695,-40.003,-89.999,0.0,-90.239,0.003,-0.02,0.0,0.0,0.0,0.0,0.0,0.0,-40.003,-110.0,0.0,-90.239,0.003,-0.02,-40.003,-97.999,0.0,-90.239,0.003,-0.02,0.0,-2069.7281026400196,0.0,0.0,0.0,0.0,0.0,-8.0,0.0,0.0,0.0,0.0,0.0137698,-0.0068849,-0.0275396,4.7987753,-0.0137698,-1.1773179,0.01231013430998,0.004438583638528,-0.006137728937652,-0.0029491758242370003,-0.000258699633705,0.00258699633705,20.001000000000005,1.6188879999390338,0.20094199999221019,0.07303600023078616,0.0
pd,23:52:57.829,696,-40.003,-89.999,0.0,-90.239,0.003,-0.02,0.0,0.0,0.0,0.0,0.0,0.0,-40.003,-110.0,0.0,-90.239,0.003,-0.02,-40.003,-97.999,0.0,-90.239,0.003,-0.02,0.0,-2036.564214615198,0.0,0.0,0.0,0.0,0.0,-8.0,0.0,0.0,0.0,0.0,0.0137698,-0.0068849,-0.0275396,4.7987753,-0.0137698,-1.1773179,0.01231013430998,0.004438583638528,-0.006137728937652,-0.0029491758242370003,-0.000258699633705,0.00258699633705,20.001000000000005,1.8991439997080306,0.18933100000140257,0.09472100009588758,0.0
pd,23:52:57.831,697,-40.003,-89.999,0.0,-90.239,0.003,-0.02,0.0,0.0,0.0,0.0,0.0,0.0,-40.003,-110.0,0.0,-90.239,0.003,-0.02,-40.003,-97.999,0.0,-90.239,0.003,-0.02,0.0,-1765.465221508997,0.0,0.0,0.0,0.0,0.0,-8.0,0.0,0.0,0.0,0.0,0.0137698,-0.0068849,-0.0275396,4.7987753,-0.0137698,-1.1773179,0.01231013430998,0.004438583638528,-0.006137728937652,-0.0029491758242370003,-0.000258699633705,0.00258699633705,20.001000000000005,1.7570350000823964,0.16179500016733073,0.07827699982954073,0.0
pd,23:52:57.833,698,-40.003,-89.999,0.0,-90.239,0.003,-0.02,0.0,0.0,0.0,0.0,0.0,0.0,-40.003,-110.0,0.0,-90.239,0.003,-0.02,-40.003,-97.999,0.0,-90.239,0.003,-0.02,0.0,-1926.4227810311172,0.0,0.0,0.0,0.0,0.0,-8.0,0.0,0.0,0.0,0.0,0.0137698,-0.0068849,-0.0275396,4.7987753,-0.0137698,-1.1773179,0.01231013430998,0.004438583638528,-0.006137728937652,-0.0029491758242370003,-0.000258699633705,0.00258699633705,20.001000000000005,1.6820910000205913,0.1633130000300298,0.06914799996593501,0.0
pd,23:52:57.835,699,-40.003,-89.999,0.0,-90.239,0.003,-0.02,0.0,0.0,0.0,0.0,0.0,0.0,-40.003,-110.0,0.0,-90.239,0.003,-0.02,-40.003,-97.999,0.0,-90.239,0.003,-0.02,0.0,-2014.0715486194479,0.0,0.0,0.0,0.0,0.0,-8.0,0.0,0.0,0.0,0.0,0.0137698,-0.0068849,-0.0275396,4.7987753,-0.0137698,-1.1773179,0.01231013430998,0.004438583638528,-0.006137728937652,-0.0029491758242370003,-0.000258699633705,0.00258699633705,20.001000000000005,1.821070999994845,0.1847939997787762,0.08548000005248468,0.0
pd,23:52:57.837,700,-40.003,-89.999,0.0,-90.239,0.003,-0.02,0.0,0.0,0.0,0.0,0.0,0.0,-40.003,-110.0,0.0,-90.239,0.003,-0.02,-40.003,-97.999,0.0,-90.239,0.003,-0.02,0.0,-1840.0105286246985,0.0,0.0,0.0,0.0,0.0,-8.0,0.0,0.0,0.0,0.0,0.0137698,-0.0068849,-0.0275396,4.7987753,-0.0137698,-1.1773179,0.01231013430998,0.004438583638528,-0.006137728937652,-0.0029491758242370003,-0.000258699633705,0.00258699633705,20.001000000000005,1.6301649998240464,0.14196099982655142,0.06429500035665114,0.0
pd,23:52:57.840,701,-40.003,-89.999,0.0,-90.239,0.003,-0.02,0.0,0.0,0.0,0.0,0.0,0.0,-40.003,-110.0,0.0,-90.239,0.003,-0.02,-40.003,-97.999,0.0,-90.239,0.003,-0.02,0.0,-1751.6408435999165,0.0,0.0,0.0,0.0,0.0,-8.0,0.0,0.0,0.0,0.0,0.0137698,-0.0068849,-0.0275396,4.7987753,-0.0137698,-1.1773179,0.01231013430998,0.004438583638528,-0.006137728937652,-0.0029491758242370003,-0.000258699633705,0.00258699633705,20.001000000000005,1.79831200011904,0.21086800006742124,0.07805399991411832,0.0
pd,23:52:57.842,702,-40.003,-89.999,0.0,-90.239,0.003,-0.02,0.0,0.0,0.0,0.0,0.0,0.0,-40.003,-110.0,0.0,-90.239,0.003,-0.02,-40.003,-97.999,0.0,-90.239,0.003,-0.02,0.0,-1838.5990136986302,0.0,0.0,0.0,0.0,0.0,-8.0,0.0,0.0,0.0,0.0,0.0137698,-0.0068849,-0.0275396,4.7987753,-0.0137698,-1.1773179,0.01231013430998,0.004438583638528,-0.006137728937652,-0.0029491758242370003,-0.000258699633705,0.00258699633705,20.001000000000005,1.6396470000472618,0.16397999979744782,0.07498100012526265,0.0
pd,23:52:57.844,703,-40.003,-89.999,0.0,-90.239,0.003,-0.02,0.0,0.0,0.0,0.0,0.0,0.0,-40.003,-110.0,0.0,-90.239,0.003,-0.02,-40.003,-97.999,0.0,-90.239,0.003,-0.02,0.0,-2047.5001220405175,0.0,0.0,0.0,0.0,0.0,-8.0,0.0,0.0,0.0,0.0,0.0137698,-0.0068849,-0.0275396,4.7987753,-0.0137698,-1.1773179,0.01231013430998,0.004438583638528,-0.006137728937652,-0.0029491758242370003,-0.000258699633705,0.00258699633705,20.001000000000005,1.687145999767381,0.1552389999233128,0.06649899978583562,0.0
pd,23:52:57.846,704,-40.003,-89.999,0.0,-90.239,0.003,-0.02,0.0,0.0,0.0,0.0,0.0,0.0,-40.003,-110.0,0.0,-90.239,0.003,-0.02,-40.003,-97.999,0.0,-90.239,0.003,-0.02,0.0,-2020.6209803685415,0.0,0.0,0.0,0.0,0.0,-8.0,0.0,0.0,0.0,0.0,0.0137698,-0.0068849,-0.0275396,4.7987753,-0.0137698,-1.1773179,0.01231013430998,0.004438583638528,-0.006137728937652,-0.0029491758242370003,-0.000258699633705,0.00258699633705,20.001000000000005,1.6077769996627467,0.13047999982518377,0.05601799966825638,0.0
pd,23:52:57.848,705,-40.003,-89.999,0.0,-90.239,0.003,-0.02,0.0,0.0,0.0,0.0,0.0,0.0,-40.003,-110.0,0.0,-90.239,0.003,-0.02,-40.003,-97.999,0.0,-90.239,0.003,-0.02,0.0,-2154.5159881854374,0.0,0.0,0.0,0.0,0.0,-8.0,0.0,0.0,0.0,0.0,0.0137698,-0.0068849,-0.0275396,4.7987753,-0.0137698,-1.1773179,0.01231013430998,0.004438583638528,-0.006137728937652,-0.0029491758242370003,-0.000258699633705,0.00258699633705,20.001000000000005,1.64623999989999,0.15953499996612663,0.07166499972299789,0.0
pd,23:52:57.850,706,-40.003,-89.999,0.0,-90.239,0.003,-0.02,0.0,0.0,0.0,0.0,0.0,0.0,-40.003,-110.0,0.0,-90.239,0.003,-0.02,-40.003,-97.999,0.0,-90.239,0.003,-0.02,0.0,-2051.2551656681744,0.0,0.0,0.0,0.0,0.0,-8.0,0.0,0.0,0.0,0.0,0.0137698,-0.0068849,-0.0275396,4.7987753,-0.0137698,-1.1773179,0.01231013430998,0.004438583638528,-0.006137728937652,-0.0029491758242370003,-0.000258699633705,0.00258699633705,20.001000000000005,1.6246850000243285,0.13860999979442568,0.05957300027148449,0.0
pd,23:52:57.851,707,-40.003,-89.999,0.0,-90.239,0.003,-0.02,0.0,0.0,0.0,0.0,0.0,0.0,-40.003,-110.0,0.0,-90.239,0.003,-0.02,-40.003,-97.999,0.0,-90.239,0.003,-0.02,0.0,-2117.533257604443,0.0,0.0,0.0,0.0,0.0,-8.0,0.0,0.0,0.0,0.0,0.0137698,-0.0068849,-0.0275396,4.7987753,-0.0137698,-1.1773179,0.01231013430998,0.004438583638528,-0.006137728937652,-0.0029491758242370003,-0.000258699633705,0.00258699633705,20.001000000000005,1.6354059998775483,0.13697999975192943,0.0607950000812707,0.0
pd,23:52:57.853,708,-40.003,-89.999,0.0,-90.239,0.003,-0.02,0.0,0.0,0.0,0.0,0.0,0.0,-40.003,-110.0,0.0,-90.239,0.003,-0.02,-40.003,-97.999,0.0,-90.239,0.003,-0.02,0.0,-2102.671512720892,0.0,0.0,0.0,0.0,0.0,-8.0,0.0,0.0,0.0,0.0,0.0137698,-0.0068849,-0.0275396,4.7987753,-0.0137698,-1.1773179,0.01231013430998,0.004438583638528,-0.006137728937652,-0.0029491758242370003,-0.000258699633705,0.00258699633705,20.001000000000005,1.87001499989492,0.1944239998010744,0.09707299977890216,0.0
pd,23:52:57.856,709,-40.003,-89.999,0.0,-90.239,0.003,-0.02,0.0,0.0,0.0,0.0,0.0,0.0,-40.003,-110.0,0.0,-90.239,0.003,-0.02,-40.003,-97.999,0.0,-90.239,0.003,-0.02,0.0,-1782.9134962805526,0.0,0.0,0.0,0.0,0.0,-8.0,0.0,0.0,0.0,0.0,0.0137698,-0.0068849,-0.0275396,4.7987753,-0.0137698,-1.1773179,0.01231013430998,0.004438583638528,-0.006137728937652,-0.0029491758242370003,-0.000258699633705,0.00258699633705,20.001000000000005,1.7431080000278598,0.1635349999560276,0.0671470002089336,0.0
pd,23:52:57.858,710,-40.003,-89.999,0.0,-90.239,0.003,-0.02,0.0,0.0,0.0,0.0,0.0,0.0,-40.003,-110.0,0.0,-90.239,0.003,-0.02,-40.003,-97.999,0.0,-90.239,0.003,-0.02,0.0,-1955.8423875029143,0.0,0.0,0.0,0.0,0.0,-8.0,0.0,0.0,0.0,0.0,0.0137698,-0.0068849,-0.0275396,4.7987753,-0.0137698,-1.1773179,0.01231013430998,0.004438583638528,-0.006137728937652,-0.0029491758242370003,-0.000258699633705,0.00258699633705,20.001000000000005,1.6297769998345757,0.1477020000493212,0.07127700018827454,0.0
pd,23:52:57.860,711,-40.003,-89.999,0.0,-90.239,0.003,-0.02,0.0,0.0,0.0,0.0,0.0,0.0,-40.003,-110.0,0.0,-90.239,0.003,-0.02,-40.003,-97.999,0.0,-90.239,0.003,-0.02,0.0,-1690.059030925758,0.0,0.0,0.0,0.0,0.0,-8.0,0.0,0.0,0.0,0.0,0.0137698,-0.0068849,-0.0275396,4.7987753,-0.0137698,-1.1773179,0.01231013430998,0.004438583638528,-0.006137728937652,-0.0029491758242370003,-0.000258699633705,0.00258699633705,20.001000000000005,1.9030700000257639,0.2204410002377699,0.08442499984084861,0.0
pd,23:52:57.862,712,-40.003,-89.999,0.0,-90.239,0.003,-0.02,0.0,0.0,0.0,0.0,0.0,0.0,-40.003,-110.0,0.0,-90.239,0.003,-0.02,-40.003,-97.999,0.0,-90.239,0.003,-0.02,0.0,-1742.1823468328141,0.0,0.0,0.0,0.0,0.0,-8.0,0.0,0.0,0.0,0.0,0.0137698,-0.0068849,-0.0275396,4.7987753,-0.0137698,-1.1773179,0.01231013430998,0.004438583638528,-0.006137728937652,-0.0029491758242370003,-0.000258699633705,0.00258699633705,20.001000000000005,1.6518689999429625,0.1593680003679765,0.0718879996384203,0.0
pd,23:52:57.864,713,-40.003,-89.999,0.0,-90.239,0.003,-0.02,0.0,0.0,0.0,0.0,0.0,0.0,-40.003,-110.0,0.0,-90.239,0.003,-0.02,-40.003,-97.999,0.0,-90.239,0.003,-0.02,0.0,-2042.7634238402532,0.0,0.0,0.0,0.0,0.0,-8.0,0.0,0.0,0.0,0.0,0.0137698,-0.0068849,-0.0275396,4.7987753,-0.0137698,-1.1773179,0.01231013430998,0.004438583638528,-0.006137728937652,-0.0029491758242370003,-0.000258699633705,0.00258699633705,20.001000000000005,1.71507200002452,0.1540719999866269,0.06733300006089848,0.0
pd,23:52:57.866,714,-40.003,-89.999,0.0,-90.239,0.003,-0.02,0.0,0.0,0.0,0.0,0.0,0.0,-40.003,-110.0,0.0,-90.239,0.003,-0.02,-40.003,-97.999,0.0,-90.239,0.003,-0.02,0.0,-1991.5973409306744,0.0,0.0,0.0,0.0,0.0,-8.0,0.0,0.0,0.0,0.0,0.0137698,-0.0068849,-0.0275396,4.7987753,-0.0137698,-1.1773179,0.01231013430998,0.004438583638528,-0.006137728937652,-0.0029491758242370003,-0.000258699633705,0.00258699633705,20.001000000000005,1.6167030003089167,0.1347570000689302,0.05868500011274591,0.0
pd,23:52:57.868,715,-40.003,-89.999,0.0,-90.239,0.003,-0.02,0.0,0.0,0.0,0.0,0.0,0.0,-40.003,-110.0,0.0,-90.239,0.003,-0.02,-40.003,-97.999,0.0,-90.239,0.003,-0.02,0.0,-2131.7936467598474,0.0,0.0,0.0,0.0,0.0,-8.0,0.0,0.0,0.0,0.0,0.0137698,-0.0068849,-0.0275396,4.7987753,-0.0137698,-1.1773179,0.01231013430998,0.004438583638528,-0.006137728937652,-0.0029491758242370003,-0.000258699633705,0.00258699633705,20.001000000000005,1.6608140003882,0.1596460001564992,0.07123999967006966,0.0
pd,23:52:57.870,716,-40.003,-89.999,0.0,-90.239,0.003,-0.02,0.0,0.0,0.0,0.0,0.0,0.0,-40.003,-110.0,0.0,-90.239,0.003,-0.02,-40.003,-97.999,0.0,-90.239,0.003,-0.02,0.0,-2036.317028765627,0.0,0.0,0.0,0.0,0.0,-8.0,0.0,0.0,0.0,0.0,0.0137698,-0.0068849,-0.0275396,4.7987753,-0.0137698,-1.1773179,0.01231013430998,0.004438583638528,-0.006137728937652,-0.0029491758242370003,-0.000258699633705,0.00258699633705,20.001000000000005,1.6323509998983354,0.12981300005776575,0.05612899985862896,0.0
pd,23:52:57.872,717,-40.003,-89.999,0.0,-90.239,0.003,-0.02,0.0,0.0,0.0,0.0,0.0,0.0,-40.003,-110.0,0.0,-90.239,0.003,-0.02,-40.003,-97.999,0.0,-90.239,0.003,-0.02,0.0,-2125.8509883426254,0.0,0.0,0.0,0.0,0.0,-8.0,0.0,0.0,0.0,0.0,0.0137698,-0.0068849,-0.0275396,4.7987753,-0.0137698,-1.1773179,0.01231013430998,0.004438583638528,-0.006137728937652,-0.0029491758242370003,-0.000258699633705,0.00258699633705,20.001000000000005,1.6546290003134345,0.16281300031550927,0.07447999996657018,0.0
pd,23:52:57.874,718,-40.003,-89.999,0.0,-90.239,0.003,-0.02,0.0,0.0,0.0,0.0,0.0,0.0,-40.003,-110.0,0.0,-90.239,0.003,-0.02,-40.003,-97.999,0.0,-90.239,0.003,-0.02,0.0,-2031.8779217633523,0.0,0.0,0.0,0.0,0.0,-8.0,0.0,0.0,0.0,0.0,0.0137698,-0.0068849,-0.0275396,4.7987753,-0.0137698,-1.1773179,0.01231013430998,0.004438583638528,-0.006137728937652,-0.0029491758242370003,-0.000258699633705,0.00258699633705,20.001000000000005,1.6466289998788852,0.14318299963633763,0.0623509999968519,0.0
pd,23:52:57.876,719,-40.003,-89.999,0.0,-90.239,0.003,-0.02,0.0,0.0,0.0,0.0,0.0,0.0,-40.003,-110.0,0.0,-90.239,0.003,-0.02,-40.003,-97.999,0.0,-90.239,0.003,-0.02,0.0,-2083.0911348398313,0.0,0.0,0.0,0.0,0.0,-8.0,0.0,0.0,0.0,0.0,0.0137698,-0.0068849,-0.0275396,4.7987753,-0.0137698,-1.1773179,0.01231013430998,0.004438583638528,-0.006137728937652,-0.0029491758242370003,-0.000258699633705,0.00258699633705,20.001000000000005,1.6622019998067117,0.14379399999597808,0.06286999996518716,0.0
pd,23:52:57.878,720,-40.003,-89.999,0.0,-90.239,0.003,-0.02,0.0,0.0,0.0,0.0,0.0,0.0,-40.003,-110.0,0.0,-90.239,0.003,-0.02,-40.003,-97.999,0.0,-90.239,0.003,-0.02,0.0,-2062.8570023361613,0.0,0.0,0.0,0.0,0.0,-8.0,0.0,0.0,0.0,0.0,0.0137698,-0.0068849,-0.0275396,4.7987753,-0.0137698,-1.1773179,0.01231013430998,0.004438583638528,-0.006137728937652,-0.0029491758242370003,-0.000258699633705,0.00258699633705,20.001000000000005,1.627647000077559,0.13933199988969136,0.05955500000709435,0.0
pd,23:52:57.880,721,-40.003,-89.999,0.0,-90.239,0.003,-0.02,0.0,0.0,0.0,0.0,0.0,0.0,-40.003,-110.0,0.0,-90.239,0.003,-0.02,-40.003,-97.999,0.0,-90.239,0.003,-0.02,0.0,-1756.2248508321993,0.0,0.0,0.0,0.0,0.0,-8.0,0.0,0.0,0.0,0.0,0.0137698,-0.0068849,-0.0275396,4.7987753,-0.0137698,-1.1773179,0.01231013430998,0.004438583638528,-0.006137728937652,-0.0029491758242370003,-0.000258699633705,0.00258699633705,20.001000000000005,2.071993999834376,0.22290500010058167,0.09766499988472788,0.0
pd,23:52:57.883,722,-40.003,-89.999,0.0,-90.239,0.003,-0.02,0.0,0.0,0.0,0.0,0.0,0.0,-40.003,-110.0,0.0,-90.239,0.003,-0.02,-40.003,-97.999,0.0,-90.239,0.003,-0.02,0.0,-1609.0165915411912,0.0,0.0,0.0,0.0,0.0,-8.0,0.0,0.0,0.0,0.0,0.0137698,-0.0068849,-0.0275396,4.7987753,-0.0137698,-1.1773179,0.01231013430998,0.004438583638528,-0.006137728937652,-0.0029491758242370003,-0.000258699633705,0.00258699633705,20.001000000000005,1.6648690002512012,0.20264499971744954,0.10277699993821443,0.0
pd,23:52:57.885,723,-40.003,-89.999,0.0,-90.239,0.003,-0.02,0.0,0.0,0.0,0.0,0.0,0.0,-40.003,-110.0,0.0,-90.239,0.003,-0.02,-40.003,-97.999,0.0,-90.239,0.003,-0.02,0.0,-1953.7924770001164,0.0,0.0,0.0,0.0,0.0,-8.0,0.0,0.0,0.0,0.0,0.0137698,-0.0068849,-0.0275396,4.7987753,-0.0137698,-1.1773179,0.01231013430998,0.004438583638528,-0.006137728937652,-0.0029491758242370003,-0.000258699633705,0.00258699633705,20.001000000000005,1.7594789997019689,0.18529399994804407,0.08644400031698751,0.0
pd,23:52:57.887,724,-40.003,-89.999,0.0,-90.239,0.003,-0.02,0.0,0.0,0.0,0.0,0.0,0.0,-40.003,-110.0,0.0,-90.239,0.003,-0.02,-40.003,-97.999,0.0,-90.239,0.003,-0.02,0.0,-1894.0185143373221,0.0,0.0,0.0,0.0,0.0,-8.0,0.0,0.0,0.0,0.0,0.0137698,-0.0068849,-0.0275396,4.7987753,-0.0137698,-1.1773179,0.01231013430998,0.004438583638528,-0.006137728937652,-0.0029491758242370003,-0.000258699633705,0.00258699633705,20.001000000000005,1.639887999772327,0.20753499984493828,0.0749069999983476,0.0
pd,23:52:57.889,725,-40.003,-89.999,0.0,-90.239,0.003,-0.02,0.0,0.0,0.0,0.0,0.0,0.0,-40.003,-110.0,0.0,-90.239,0.003,-0.02,-40.003,-97.999,0.0,-90.239,0.003,-0.02,0.0,-2004.4463560334527,0.0,0.0,0.0,0.0,0.0,-8.0,0.0,0.0,0.0,0.0,0.0137698,-0.0068849,-0.0275396,4.7987753,-0.0137698,-1.1773179,0.01231013430998,0.004438583638528,-0.006137728937652,-0.0029491758242370003,-0.000258699633705,0.00258699633705,20.001000000000005,1.6462210001009225,0.1596460001564992,0.06675899976471555,0.0
pd,23:52:57.891,726,-40.003,-89.999,0.0,-90.239,0.003,-0.02,0.0,0.0,0.0,0.0,0.0,0.0,-40.003,-110.0,0.0,-90.239,0.003,-0.02,-40.003,-97.999,0.0,-90.239,0.003,-0.02,0.0,-2058.0490677134444,0.0,0.0,0.0,0.0,0.0,-8.0,0.0,0.0,0.0,0.0,0.0137698,-0.0068849,-0.0275396,4.7987753,-0.0137698,-1.1773179,0.01231013430998,0.004438583638528,-0.006137728937652,-0.0029491758242370003,-0.000258699633705,0.00258699633705,20.001000000000005,1.6225919998760219,0.12572100013130694,0.056277000112459064,0.0
pd,23:52:57.893,727,-40.003,-89.999,0.0,-90.239,0.003,-0.02,0.0,0.0,0.0,0.0,0.0,0.0,-40.003,-110.0,0.0,-90.239,0.003,-0.02,-40.003,-97.999,0.0,-90.239,0.003,-0.02,0.0,-2109.810865191147,0.0,0.0,0.0,0.0,0.0,-8.0,0.0,0.0,0.0,0.0,0.0137698,-0.0068849,-0.0275396,4.7987753,-0.0137698,-1.1773179,0.01231013430998,0.004438583638528,-0.006137728937652,-0.0029491758242370003,-0.000258699633705,0.00258699633705,20.001000000000005,1.642592000280274,0.15438699983860715,0.06925899970156024,0.0
pd,23:52:57.895,728,-40.003,-89.999,0.0,-90.239,0.003,-0.02,0.0,0.0,0.0,0.0,0.0,0.0,-40.003,-110.0,0.0,-90.239,0.003,-0.02,-40.003,-97.999,0.0,-90.239,0.003,-0.02,0.0,-2064.888123076923,0.0,0.0,0.0,0.0,0.0,-8.0,0.0,0.0,0.0,0.0,0.0137698,-0.0068849,-0.0275396,4.7987753,-0.0137698,-1.1773179,0.01231013430998,0.004438583638528,-0.006137728937652,-0.0029491758242370003,-0.000258699633705,0.00258699633705,20.001000000000005,1.6340740003215615,0.1394249998156738,0.060666000081255333,0.0
pd,23:52:57.896,729,-40.003,-89.999,0.0,-90.239,0.003,-0.02,0.0,0.0,0.0,0.0,0.0,0.0,-40.003,-110.0,0.0,-90.239,0.003,-0.02,-40.003,-97.999,0.0,-90.239,0.003,-0.02,0.0,-2107.4257002889085,0.0,0.0,0.0,0.0,0.0,-8.0,0.0,0.0,0.0,0.0,0.0137698,-0.0068849,-0.0275396,4.7987753,-0.0137698,-1.1773179,0.01231013430998,0.004438583638528,-0.006137728937652,-0.0029491758242370003,-0.000258699633705,0.00258699633705,20.001000000000005,1.6474060003019986,0.13327699980436591,0.056740000218269415,0.0
pd,23:52:57.898,730,-40.003,-89.999,0.0,-90.239,0.003,-0.02,0.0,0.0,0.0,0.0,0.0,0.0,-40.003,-110.0,0.0,-90.239,0.003,-0.02,-40.003,-97.999,0.0,-90.239,0.003,-0.02,0.0,-2105.8385841596587,0.0,0.0,0.0,0.0,0.0,-8.0,0.0,0.0,0.0,0.0,0.0137698,-0.0068849,-0.0275396,4.7987753,-0.0137698,-1.1773179,0.01231013430998,0.004438583638528,-0.006137728937652,-0.0029491758242370003,-0.000258699633705,0.00258699633705,20.001000000000005,1.621629000055691,0.13423900009001954,0.0579249999645981,0.0
pd,23:52:57.901,731,-40.003,-89.999,0.0,-90.239,0.003,-0.02,0.0,0.0,0.0,0.0,0.0,0.0,-40.003,-110.0,0.0,-90.239,0.003,-0.02,-40.003,-97.999,0.0,-90.239,0.003,-0.02,0.0,-1716.5148352772662,0.0,0.0,0.0,0.0,0.0,-8.0,0.0,0.0,0.0,0.0,0.0137698,-0.0068849,-0.0275396,4.7987753,-0.0137698,-1.1773179,0.01231013430998,0.004438583638528,-0.006137728937652,-0.0029491758242370003,-0.000258699633705,0.00258699633705,20.001000000000005,1.7863309999484045,0.21125700004631653,0.07137000011425698,0.0
pd,23:52:57.903,732,-40.003,-89.999,0.0,-90.239,0.003,-0.02,0.0,0.0,0.0,0.0,0.0,0.0,-40.003,-110.0,0.0,-90.239,0.003,-0.02,-40.003,-97.999,0.0,-90.239,0.003,-0.02,0.0,-1851.9942598520809,0.0,0.0,0.0,0.0,0.0,-8.0,0.0,0.0,0.0,0.0,0.0137698,-0.0068849,-0.0275396,4.7987753,-0.0137698,-1.1773179,0.01231013430998,0.004438583638528,-0.006137728937652,-0.0029491758242370003,-0.000258699633705,0.00258699633705,20.001000000000005,1.6344430000572174,0.19149800027662423,0.07601800007250858,0.0
pd,23:52:57.905,733,-40.003,-89.999,0.0,-90.239,0.003,-0.02,0.0,0.0,0.0,0.0,0.0,0.0,-40.003,-110.0,0.0,-90.239,0.003,-0.02,-40.003,-97.999,0.0,-90.239,0.003,-0.02,0.0,-2022.3259402121505,0.0,0.0,0.0,0.0,0.0,-8.0,0.0,0.0,0.0,0.0,0.0137698,-0.0068849,-0.0275396,4.7987753,-0.0137698,-1.1773179,0.01231013430998,0.004438583638528,-0.006137728937652,-0.0029491758242370003,-0.000258699633705,0.00258699633705,20.001000000000005,1.9124030000057246,0.19183099993824726,0.09062799972525681,0.0
pd,23:52:57.907,734,-40.003,-89.999,0.0,-90.239,0.003,-0.02,0.0,0.0,0.0,0.0,0.0,0.0,-40.003,-110.0,0.0,-90.239,0.003,-0.02,-40.003,-97.999,0.0,-90.239,0.003,-0.02,0.0,-1754.938912133891,0.0,0.0,0.0,0.0,0.0,-8.0,0.0,0.0,0.0,0.0,0.0137698,-0.0068849,-0.0275396,4.7987753,-0.0137698,-1.1773179,0.01231013430998,0.004438583638528,-0.006137728937652,-0.0029491758242370003,-0.000258699633705,0.00258699633705,20.001000000000005,1.7169610000564717,0.16527599973414908,0.07592500014652614,0.0
pd,23:52:57.909,735,-40.003,-89.999,0.0,-90.239,0.003,-0.02,0.0,0.0,0.0,0.0,0.0,0.0,-40.003,-110.0,0.0,-90.239,0.003,-0.02,-40.003,-97.999,0.0,-90.239,0.003,-0.02,0.0,-1961.7885874649205,0.0,0.0,0.0,0.0,0.0,-8.0,0.0,0.0,0.0,0.0,0.0137698,-0.0068849,-0.0275396,4.7987753,-0.0137698,-1.1773179,0.01231013430998,0.004438583638528,-0.006137728937652,-0.0029491758242370003,-0.000258699633705,0.00258699633705,20.001000000000005,1.65186900039771,0.14364599974214798,0.05757400003858493,0.0
pd,23:52:57.911,736,-40.003,-89.999,0.0,-90.239,0.003,-0.02,0.0,0.0,0.0,0.0,0.0,0.0,-40.003,-110.0,0.0,-90.239,0.003,-0.02,-40.003,-97.999,0.0,-90.239,0.003,-0.02,0.0,-2083.6085444610035,0.0,0.0,0.0,0.0,0.0,-8.0,0.0,0.0,0.0,0.0,0.0137698,-0.0068849,-0.0275396,4.7987753,-0.0137698,-1.1773179,0.01231013430998,0.004438583638528,-0.006137728937652,-0.0029491758242370003,-0.000258699633705,0.00258699633705,20.001000000000005,1.742941999964387,0.1567389999763691,0.07159100005083019,0.0
pd,23:52:57.913,737,-40.003,-89.999,0.0,-90.239,0.003,-0.02,0.0,0.0,0.0,0.0,0.0,0.0,-40.003,-110.0,0.0,-90.239,0.003,-0.02,-40.003,-97.999,0.0,-90.239,0.003,-0.02,0.0,-1956.070420893086,0.0,0.0,0.0,0.0,0.0,-8.0,0.0,0.0,0.0,0.0,0.0137698,-0.0068849,-0.0275396,4.7987753,-0.0137698,-1.1773179,0.01231013430998,0.004438583638528,-0.006137728937652,-0.0029491758242370003,-0.000258699633705,0.00258699633705,20.001000000000005,1.6404250000050524,0.18507200002204627,0.08564700010538218,0.0
pd,23:52:57.915,738,-40.003,-89.999,0.0,-90.239,0.003,-0.02,0.0,0.0,0.0,0.0,0.0,0.0,-40.003,-110.0,0.0,-90.239,0.003,-0.02,-40.003,-97.999,0.0,-90.239,0.003,-0.02,0.0,-2004.4463560334527,0.0,0.0,0.0,0.0,0.0,-8.0,0.0,0.0,0.0,0.0,0.0137698,-0.0068849,-0.0275396,4.7987753,-0.0137698,-1.1773179,0.01231013430998,0.004438583638528,-0.006137728937652,-0.0029491758242370003,-0.000258699633705,0.00258699633705,20.001000000000005,1.6703690002941585,0.15083200014487375,0.06668400010312325,0.0
pd,23:52:57.917,739,-40.003,-89.999,0.0,-90.239,0.003,-0.02,0.0,0.0,0.0,0.0,0.0,0.0,-40.003,-110.0,0.0,-90.239,0.003,-0.02,-40.003,-97.999,0.0,-90.239,0.003,-0.02,0.0,-2041.2721742304416,0.0,0.0,0.0,0.0,0.0,-8.0,0.0,0.0,0.0,0.0,0.0137698,-0.0068849,-0.0275396,4.7987753,-0.0137698,-1.1773179,0.01231013430998,0.004438583638528,-0.006137728937652,-0.0029491758242370003,-0.000258699633705,0.00258699633705,20.001000000000005,1.6127409999171505,0.12964600000486826,0.059202999636909226,0.0
pd,23:52:57.919,740,-40.003,-89.999,0.0,-90.239,0.003,-0.02,0.0,0.0,0.0,0.0,0.0,0.0,-40.003,-110.0,0.0,-90.239,0.003,-0.02,-40.003,-97.999,0.0,-90.239,0.003,-0.02,0.0,-2145.424040920716,0.0,0.0,0.0,0.0,0.0,-8.0,0.0,0.0,0.0,0.0,0.0137698,-0.0068849,-0.0275396,4.7987753,-0.0137698,-1.1773179,0.01231013430998,0.004438583638528,-0.006137728937652,-0.0029491758242370003,-0.000258699633705,0.00258699633705,20.001000000000005,1.6105549998428614,0.17536799987283302,0.06788800010326668,0.0
pd,23:52:57.921,741,-40.003,-89.999,0.0,-90.239,0.003,-0.02,0.0,0.0,0.0,0.0,0.0,0.0,-40.003,-110.0,0.0,-90.239,0.003,-0.02,-40.003,-97.999,0.0,-90.239,0.003,-0.02,0.0,-1724.0998869592026,0.0,0.0,0.0,0.0,0.0,-8.0,0.0,0.0,0.0,0.0,0.0137698,-0.0068849,-0.0275396,4.7987753,-0.0137698,-1.1773179,0.01231013430998,0.004438583638528,-0.006137728937652,-0.0029491758242370003,-0.000258699633705,0.00258699633705,20.001000000000005,1.7733680001583707,0.2082190003420692,0.06999899960646871,0.0
pd,23:52:57.923,742,-40.003,-89.999,0.0,-90.239,0.003,-0.02,0.0,0.0,0.0,0.0,0.0,0.0,-40.003,-110.0,0.0,-90.239,0.003,-0.02,-40.003,-97.999,0.0,-90.239,0.003,-0.02,0.0,-1870.5782138476977,0.0,0.0,0.0,0.0,0.0,-8.0,0.0,0.0,0.0,0.0,0.0137698,-0.0068849,-0.0275396,4.7987753,-0.0137698,-1.1773179,0.01231013430998,0.004438583638528,-0.006137728937652,-0.0029491758242370003,-0.000258699633705,0.00258699633705,20.001000000000005,1.7385350001859479,0.18431299986332306,0.08272100012618466,0.0
pd,23:52:57.925,743,-40.003,-89.999,0.0,-90.239,0.003,-0.02,0.0,0.0,0.0,0.0,0.0,0.0,-40.003,-110.0,0.0,-90.239,0.003,-0.02,-40.003,-97.999,0.0,-90.239,0.003,-0.02,0.0,-1918.2730391035902,0.0,0.0,0.0,0.0,0.0,-8.0,0.0,0.0,0.0,0.0,0.0137698,-0.0068849,-0.0275396,4.7987753,-0.0137698,-1.1773179,0.01231013430998,0.004438583638528,-0.006137728937652,-0.0029491758242370003,-0.000258699633705,0.00258699633705,20.001000000000005,1.6720910002732126,0.14999800032455823,0.06403599991244846,0.0
pd,23:52:57.927,744,-40.003,-89.999,0.0,-90.239,0.003,-0.02,0.0,0.0,0.0,0.0,0.0,0.0,-40.003,-110.0,0.0,-90.239,0.003,-0.02,-40.003,-97.999,0.0,-90.239,0.003,-0.02,0.0,-2046.7507624740758,0.0,0.0,0.0,0.0,0.0,-8.0,0.0,0.0,0.0,0.0,0.0137698,-0.0068849,-0.0275396,4.7987753,-0.0137698,-1.1773179,0.01231013430998,0.004438583638528,-0.006137728937652,-0.0029491758242370003,-0.000258699633705,0.00258699633705,20.001000000000005,1.6535360000489163,0.16351600015696022,0.07355500019912142,0.0
pd,23:52:57.929,745,-40.003,-89.999,0.0,-90.239,0.003,-0.02,0.0,0.0,0.0,0.0,0.0,0.0,-40.003,-110.0,0.0,-90.239,0.003,-0.02,-40.003,-97.999,0.0,-90.239,0.003,-0.02,0.0,-2038.7915907157612,0.0,0.0,0.0,0.0,0.0,-8.0,0.0,0.0,0.0,0.0,0.0137698,-0.0068849,-0.0275396,4.7987753,-0.0137698,-1.1773179,0.01231013430998,0.004438583638528,-0.006137728937652,-0.0029491758242370003,-0.000258699633705,0.00258699633705,20.001000000000005,1.8924410001091019,0.19585000018196297,0.09292400000049383,0.0
pd,23:52:57.932,746,-40.003,-89.999,0.0,-90.239,0.003,-0.02,0.0,0.0,0.0,0.0,0.0,0.0,-40.003,-110.0,0.0,-90.239,0.003,-0.02,-40.003,-97.999,0.0,-90.239,0.003,-0.02,0.0,-1764.5368111064367,0.0,0.0,0.0,0.0,0.0,-8.0,0.0,0.0,0.0,0.0,0.0137698,-0.0068849,-0.0275396,4.7987753,-0.0137698,-1.1773179,0.01231013430998,0.004438583638528,-0.006137728937652,-0.0029491758242370003,-0.000258699633705,0.00258699633705,20.001000000000005,1.7174049999084673,0.1486649998696521,0.06451800027207355,0.0
pd,23:52:57.934,747,-40.003,-89.999,0.0,-90.239,0.003,-0.02,0.0,0.0,0.0,0.0,0.0,0.0,-40.003,-110.0,0.0,-90.239,0.003,-0.02,-40.003,-97.999,0.0,-90.239,0.003,-0.02,0.0,-2000.3834505782759,0.0,0.0,0.0,0.0,0.0,-8.0,0.0,0.0,0.0,0.0,0.0137698,-0.0068849,-0.0275396,4.7987753,-0.0137698,-1.1773179,0.01231013430998,0.004438583638528,-0.006137728937652,-0.0029491758242370003,-0.000258699633705,0.00258699633705,20.001000000000005,1.6317589997925097,0.15271999973265338,0.06920299983903533,0.0
pd,23:52:57.936,748,-40.003,-89.999,0.0,-90.239,0.003,-0.02,0.0,0.0,0.0,0.0,0.0,0.0,-40.003,-110.0,0.0,-90.239,0.003,-0.02,-40.003,-97.999,0.0,-90.239,0.003,-0.02,0.0,-2076.388118811881,0.0,0.0,0.0,0.0,0.0,-8.0,0.0,0.0,0.0,0.0,0.0137698,-0.0068849,-0.0275396,4.7987753,-0.0137698,-1.1773179,0.01231013430998,0.004438583638528,-0.006137728937652,-0.0029491758242370003,-0.000258699633705,0.00258699633705,20.001000000000005,1.7484609998064116,0.18297999986316427,0.08492499955536914,0.0
pd,23:52:57.938,749,-40.003,-89.999,0.0,-90.239,0.003,-0.02,0.0,0.0,0.0,0.0,0.0,0.0,-40.003,-110.0,0.0,-90.239,0.003,-0.02,-40.003,-97.999,0.0,-90.239,0.003,-0.02,0.0,-1911.0623077799294,0.0,0.0,0.0,0.0,0.0,-8.0,0.0,0.0,0.0,0.0,0.0137698,-0.0068849,-0.0275396,4.7987753,-0.0137698,-1.1773179,0.01231013430998,0.004438583638528,-0.006137728937652,-0.0029491758242370003,-0.000258699633705,0.00258699633705,20.001000000000005,1.6419250000581087,0.14459099975283607,0.06322199988062494,0.0
pd,23:52:57.940,750,-40.003,-89.999,0.0,-90.239,0.003,-0.02,0.0,0.0,0.0,0.0,0.0,0.0,-40.003,-110.0,0.0,-90.239,0.003,-0.02,-40.003,-97.999,0.0,-90.239,0.003,-0.02,0.0,-2086.9779823361114,0.0,0.0,0.0,0.0,0.0,-8.0,0.0,0.0,0.0,0.0,0.0137698,-0.0068849,-0.0275396,4.7987753,-0.0137698,-1.1773179,0.01231013430998,0.004438583638528,-0.006137728937652,-0.0029491758242370003,-0.000258699633705,0.00258699633705,20.001000000000005,1.6822390002744214,0.14444299995375331,0.06357300026138546,0.0
pd,23:52:57.942,751,-40.003,-89.999,0.0,-90.239,0.003,-0.02,0.0,0.0,0.0,0.0,0.0,0.0,-40.003,-110.0,0.0,-90.239,0.003,-0.02,-40.003,-97.999,0.0,-90.239,0.003,-0.02,0.0,-1697.9269304726242,0.0,0.0,0.0,0.0,0.0,-8.0,0.0,0.0,0.0,0.0,0.0137698,-0.0068849,-0.0275396,4.7987753,-0.0137698,-1.1773179,0.01231013430998,0.004438583638528,-0.006137728937652,-0.0029491758242370003,-0.000258699633705,0.00258699633705,20.001000000000005,1.7656459999670915,0.201830999685626,0.06588799988094252,0.0
pd,23:52:57.944,752,-40.003,-89.999,0.0,-90.239,0.003,-0.02,0.0,0.0,0.0,0.0,0.0,0.0,-40.003,-110.0,0.0,-90.239,0.003,-0.02,-40.003,-97.999,0.0,-90.239,0.003,-0.02,0.0,-1886.1400786958966,0.0,0.0,0.0,0.0,0.0,-8.0,0.0,0.0,0.0,0.0,0.0137698,-0.0068849,-0.0275396,4.7987753,-0.0137698,-1.1773179,0.01231013430998,0.004438583638528,-0.006137728937652,-0.0029491758242370003,-0.000258699633705,0.00258699633705,20.001000000000005,1.6853880001690413,0.1671270001679659,0.07644300012543681,0.0
pd,23:52:57.946,753,-40.003,-89.999,0.0,-90.239,0.003,-0.02,0.0,0.0,0.0,0.0,0.0,0.0,-40.003,-110.0,0.0,-90.239,0.003,-0.02,-40.003,-97.999,0.0,-90.239,0.003,-0.02,0.0,-1992.7801401591637,0.0,0.0,0.0,0.0,0.0,-8.0,0.0,0.0,0.0,0.0,0.0137698,-0.0068849,-0.0275396,4.7987753,-0.0137698,-1.1773179,0.01231013430998,0.004438583638528,-0.006137728937652,-0.0029491758242370003,-0.000258699633705,0.00258699633705,20.001000000000005,1.6501649997735512,0.1413499999216583,0.11642400022537913,0.0
pd,23:52:57.948,754,-40.003,-89.999,0.0,-90.239,0.003,-0.02,0.0,0.0,0.0,0.0,0.0,0.0,-40.003,-110.0,0.0,-90.239,0.003,-0.02,-40.003,-97.999,0.0,-90.239,0.003,-0.02,0.0,-2019.161872668191,0.0,0.0,0.0,0.0,0.0,-8.0,0.0,0.0,0.0,0.0,0.0137698,-0.0068849,-0.0275396,4.7987753,-0.0137698,-1.1773179,0.01231013430998,0.004438583638528,-0.006137728937652,-0.0029491758242370003,-0.000258699633705,0.00258699633705,20.001000000000005,1.6684990000612743,0.15683199990235153,0.06870299966976745,0.0
pd,23:52:57.950,755,-40.003,-89.999,0.0,-90.239,0.003,-0.02,0.0,0.0,0.0,0.0,0.0,0.0,-40.003,-110.0,0.0,-90.239,0.003,-0.02,-40.003,-97.999,0.0,-90.239,0.003,-0.02,0.0,-2038.0485908649173,0.0,0.0,0.0,0.0,0.0,-8.0,0.0,0.0,0.0,0.0,0.0137698,-0.0068849,-0.0275396,4.7987753,-0.0137698,-1.1773179,0.01231013430998,0.004438583638528,-0.006137728937652,-0.0029491758242370003,-0.000258699633705,0.00258699633705,20.001000000000005,1.630499999919266,0.13675800028067897,0.06264700004976476,0.0
pd,23:52:57.952,756,-40.003,-89.999,0.0,-90.239,0.003,-0.02,0.0,0.0,0.0,0.0,0.0,0.0,-40.003,-110.0,0.0,-90.239,0.003,-0.02,-40.003,-97.999,0.0,-90.239,0.003,-0.02,0.0,-2109.2803620819714,0.0,0.0,0.0,0.0,0.0,-8.0,0.0,0.0,0.0,0.0,0.0137698,-0.0068849,-0.0275396,4.7987753,-0.0137698,-1.1773179,0.01231013430998,0.004438583638528,-0.006137728937652,-0.0029491758242370003,-0.000258699633705,0.00258699633705,20.001000000000005,1.6510729997207818,0.1421279998794489,0.06318399982774281,0.0
pd,23:52:57.954,757,-40.003,-89.999,0.0,-90.239,0.003,-0.02,0.0,0.0,0.0,0.0,0.0,0.0,-40.003,-110.0,0.0,-90.239,0.003,-0.02,-40.003,-97.999,0.0,-90.239,0.003,-0.02,0.0,-2079.734225858436,0.0,0.0,0.0,0.0,0.0,-8.0,0.0,0.0,0.0,0.0,0.0137698,-0.0068849,-0.0275396,4.7987753,-0.0137698,-1.1773179,0.01231013430998,0.004438583638528,-0.006137728937652,-0.0029491758242370003,-0.000258699633705,0.00258699633705,20.001000000000005,1.650388000143721,0.1503690000390634,0.06866499961688532,0.0
pd,23:52:57.956,758,-40.003,-89.999,0.0,-90.239,0.003,-0.02,0.0,0.0,0.0,0.0,0.0,0.0,-40.003,-110.0,0.0,-90.239,0.003,-0.02,-40.003,-97.999,0.0,-90.239,0.003,-0.02,0.0,-2061.336282098538,0.0,0.0,0.0,0.0,0.0,-8.0,0.0,0.0,0.0,0.0,0.0137698,-0.0068849,-0.0275396,4.7987753,-0.0137698,-1.1773179,0.01231013430998,0.004438583638528,-0.006137728937652,-0.0029491758242370003,-0.000258699633705,0.00258699633705,20.001000000000005,4.2861719998654735,0.2295160002176999,0.11016600001312327,0.0
pd,23:52:57.961,759,-40.003,-89.999,0.0,-90.239,0.003,-0.02,0.0,0.0,0.0,0.0,0.0,0.0,-40.003,-110.0,0.0,-90.239,0.003,-0.02,-40.003,-97.999,0.0,-90.239,0.003,-0.02,0.0,-847.1629973742678,0.0,0.0,0.0,0.0,0.0,-8.0,0.0,0.0,0.0,0.0,0.0137698,-0.0068849,-0.0275396,4.7987753,-0.0137698,-1.1773179,0.01231013430998,0.004438583638528,-0.006137728937652,-0.0029491758242370003,-0.000258699633705,0.00258699633705,20.001000000000005,1.7358499999318155,0.15870099969106377,0.06835099975432968,0.0
pd,23:52:57.963,760,-40.003,-89.999,0.0,-90.239,0.003,-0.02,0.0,0.0,0.0,0.0,0.0,0.0,-40.003,-110.0,0.0,-90.239,0.003,-0.02,-40.003,-97.999,0.0,-90.239,0.003,-0.02,0.0,-1966.3872480075013,0.0,0.0,0.0,0.0,0.0,-8.0,0.0,0.0,0.0,0.0,0.0137698,-0.0068849,-0.0275396,4.7987753,-0.0137698,-1.1773179,0.01231013430998,0.004438583638528,-0.006137728937652,-0.0029491758242370003,-0.000258699633705,0.00258699633705,20.001000000000005,1.7648309999458434,0.17486899969298975,0.1294249996135477,0.0
pd,23:52:57.965,761,-40.003,-89.999,0.0,-90.239,0.003,-0.02,0.0,0.0,0.0,0.0,0.0,0.0,-40.003,-110.0,0.0,-90.239,0.003,-0.02,-40.003,-97.999,0.0,-90.239,0.003,-0.02,0.0,-1547.428149787862,0.0,0.0,0.0,0.0,0.0,-8.0,0.0,0.0,0.0,0.0,0.0137698,-0.0068849,-0.0275396,4.7987753,-0.0137698,-1.1773179,0.01231013430998,0.004438583638528,-0.006137728937652,-0.0029491758242370003,-0.000258699633705,0.00258699633705,20.001000000000005,1.8113490000359889,0.21940499982520123,0.0735180001356639,0.0
pd,23:52:57.967,762,-40.003,-89.999,0.0,-90.239,0.003,-0.02,0.0,0.0,0.0,0.0,0.0,0.0,-40.003,-110.0,0.0,-90.239,0.003,-0.02,-40.003,-97.999,0.0,-90.239,0.003,-0.02,0.0,-1810.8166216945494,0.0,0.0,0.0,0.0,0.0,-8.0,0.0,0.0,0.0,0.0,0.0137698,-0.0068849,-0.0275396,4.7987753,-0.0137698,-1.1773179,0.01231013430998,0.004438583638528,-0.006137728937652,-0.0029491758242370003,-0.000258699633705,0.00258699633705,20.001000000000005,1.7283309998674667,0.177590000021155,0.07881399960751878,0.0
pd,23:52:57.969,763,-40.003,-89.999,0.0,-90.239,0.003,-0.02,0.0,0.0,0.0,0.0,0.0,0.0,-40.003,-110.0,0.0,-90.239,0.003,-0.02,-40.003,-97.999,0.0,-90.239,0.003,-0.02,0.0,-1940.0111008325625,0.0,0.0,0.0,0.0,0.0,-8.0,0.0,0.0,0.0,0.0,0.0137698,-0.0068849,-0.0275396,4.7987753,-0.0137698,-1.1773179,0.01231013430998,0.004438583638528,-0.006137728937652,-0.0029491758242370003,-0.000258699633705,0.00258699633705,20.001000000000005,1.6615360000287183,0.13992499998494168,0.0594809998801793,0.0
pd,23:52:57.971,764,-40.003,-89.999,0.0,-90.239,0.003,-0.02,0.0,0.0,0.0,0.0,0.0,0.0,-40.003,-110.0,0.0,-90.239,0.003,-0.02,-40.003,-97.999,0.0,-90.239,0.003,-0.02,0.0,-2076.6451293476916,0.0,0.0,0.0,0.0,0.0,-8.0,0.0,0.0,0.0,0.0,0.0137698,-0.0068849,-0.0275396,4.7987753,-0.0137698,-1.1773179,0.01231013430998,0.004438583638528,-0.006137728937652,-0.0029491758242370003,-0.000258699633705,0.00258699633705,20.001000000000005,1.6545550001865195,0.14797999983784393,0.06520299984913436,0.0
pd,23:52:57.973,765,-40.003,-89.999,0.0,-90.239,0.003,-0.02,0.0,0.0,0.0,0.0,0.0,0.0,-40.003,-110.0,0.0,-90.239,0.003,-0.02,-40.003,-97.999,0.0,-90.239,0.003,-0.02,0.0,-2065.6508249199705,0.0,0.0,0.0,0.0,0.0,-8.0,0.0,0.0,0.0,0.0,0.0137698,-0.0068849,-0.0275396,4.7987753,-0.0137698,-1.1773179,0.01231013430998,0.004438583638528,-0.006137728937652,-0.0029491758242370003,-0.000258699633705,0.00258699633705,20.001000000000005,1.6271839999717486,0.15451599983862252,0.07783199998812051,0.0
pd,23:52:57.975,766,-40.003,-89.999,0.0,-90.239,0.003,-0.02,0.0,0.0,0.0,0.0,0.0,0.0,-40.003,-110.0,0.0,-90.239,0.003,-0.02,-40.003,-97.999,0.0,-90.239,0.003,-0.02,0.0,-2071.7727834033094,0.0,0.0,0.0,0.0,0.0,-8.0,0.0,0.0,0.0,0.0,0.0137698,-0.0068849,-0.0275396,4.7987753,-0.0137698,-1.1773179,0.01231013430998,0.004438583638528,-0.006137728937652,-0.0029491758242370003,-0.000258699633705,0.00258699633705,20.001000000000005,1.6833509998832596,0.15088700001797406,0.06807300042055431,0.0
pd,23:52:57.977,767,-40.003,-89.999,0.0,-90.239,0.003,-0.02,0.0,0.0,0.0,0.0,0.0,0.0,-40.003,-110.0,0.0,-90.239,0.003,-0.02,-40.003,-97.999,0.0,-90.239,0.003,-0.02,0.0,-2027.4581268882175,0.0,0.0,0.0,0.0,0.0,-8.0,0.0,0.0,0.0,0.0,0.0137698,-0.0068849,-0.0275396,4.7987753,-0.0137698,-1.1773179,0.01231013430998,0.004438583638528,-0.006137728937652,-0.0029491758242370003,-0.000258699633705,0.00258699633705,20.001000000000005,1.647685000079946,0.12877700009994442,0.05838900005983305,0.0
pd,23:52:57.979,768,-40.003,-89.999,0.0,-90.239,0.003,-0.02,0.0,0.0,0.0,0.0,0.0,0.0,-40.003,-110.0,0.0,-90.239,0.003,-0.02,-40.003,-97.999,0.0,-90.239,0.003,-0.02,0.0,-2107.4257002889085,0.0,0.0,0.0,0.0,0.0,-8.0,0.0,0.0,0.0,0.0,0.0137698,-0.0068849,-0.0275396,4.7987753,-0.0137698,-1.1773179,0.01231013430998,0.004438583638528,-0.006137728937652,-0.0029491758242370003,-0.000258699633705,0.00258699633705,20.001000000000005,1.6594620001342264,0.14992399974289583,0.06753599973308155,0.0
pd,23:52:57.981,769,-40.003,-89.999,0.0,-90.239,0.003,-0.02,0.0,0.0,0.0,0.0,0.0,0.0,-40.003,-110.0,0.0,-90.239,0.003,-0.02,-40.003,-97.999,0.0,-90.239,0.003,-0.02,0.0,-2053.2634928405337,0.0,0.0,0.0,0.0,0.0,-8.0,0.0,0.0,0.0,0.0,0.0137698,-0.0068849,-0.0275396,4.7987753,-0.0137698,-1.1773179,0.01231013430998,0.004438583638528,-0.006137728937652,-0.0029491758242370003,-0.000258699633705,0.00258699633705,20.001000000000005,1.9037920001210296,0.18434999992678058,0.09348000003228663,0.0
pd,23:52:57.983,770,-40.003,-89.999,0.0,-90.239,0.003,-0.02,0.0,0.0,0.0,0.0,0.0,0.0,-40.003,-110.0,0.0,-90.239,0.003,-0.02,-40.003,-97.999,0.0,-90.239,0.003,-0.02,0.0,-1767.511167298778,0.0,0.0,0.0,0.0,0.0,-8.0,0.0,0.0,0.0,0.0,0.0137698,-0.0068849,-0.0275396,4.7987753,-0.0137698,-1.1773179,0.01231013430998,0.004438583638528,-0.006137728937652,-0.0029491758242370003,-0.000258699633705,0.00258699633705,20.001000000000005,1.7066649998014327,0.17288699973505572,0.0803319999249652,0.0
pd,23:52:57.986,771,-40.003,-89.999,0.0,-90.239,0.003,-0.02,0.0,0.0,0.0,0.0,0.0,0.0,-40.003,-110.0,0.0,-90.239,0.003,-0.02,-40.003,-97.999,0.0,-90.239,0.003,-0.02,0.0,-1634.409741841208,0.0,0.0,0.0,0.0,0.0,-8.0,0.0,0.0,0.0,0.0,0.0137698,-0.0068849,-0.0275396,4.7987753,-0.0137698,-1.1773179,0.01231013430998,0.004438583638528,-0.006137728937652,-0.0029491758242370003,-0.000258699633705,0.00258699633705,20.001000000000005,1.9582730001275195,0.22297899977274938,0.08848100014802185,0.0
pd,23:52:57.988,772,-40.003,-89.999,0.0,-90.239,0.003,-0.02,0.0,0.0,0.0,0.0,0.0,0.0,-40.003,-110.0,0.0,-90.239,0.003,-0.02,-40.003,-97.999,0.0,-90.239,0.003,-0.02,0.0,-1694.4971215028786,0.0,0.0,0.0,0.0,0.0,-8.0,0.0,0.0,0.0,0.0,0.0137698,-0.0068849,-0.0275396,4.7987753,-0.0137698,-1.1773179,0.01231013430998,0.004438583638528,-0.006137728937652,-0.0029491758242370003,-0.000258699633705,0.00258699633705,20.001000000000005,1.7221090001839912,0.16668300031597028,0.07488799974453286,0.0
pd,23:52:57.990,773,-40.003,-89.999,0.0,-90.239,0.003,-0.02,0.0,0.0,0.0,0.0,0.0,0.0,-40.003,-110.0,0.0,-90.239,0.003,-0.02,-40.003,-97.999,0.0,-90.239,0.003,-0.02,0.0,-1962.0180095895216,0.0,0.0,0.0,0.0,0.0,-8.0,0.0,0.0,0.0,0.0,0.0137698,-0.0068849,-0.0275396,4.7987753,-0.0137698,-1.1773179,0.01231013430998,0.004438583638528,-0.006137728937652,-0.0029491758242370003,-0.000258699633705,0.00258699633705,20.001000000000005,1.6321099997185229,0.13123999997333158,0.05620299998554401,0.0
pd,23:52:57.992,774,-40.003,-89.999,0.0,-90.239,0.003,-0.02,0.0,0.0,0.0,0.0,0.0,0.0,-40.003,-110.0,0.0,-90.239,0.003,-0.02,-40.003,-97.999,0.0,-90.239,0.003,-0.02,0.0,-2081.0240635078144,0.0,0.0,0.0,0.0,0.0,-8.0,0.0,0.0,0.0,0.0,0.0137698,-0.0068849,-0.0275396,4.7987753,-0.0137698,-1.1773179,0.01231013430998,0.004438583638528,-0.006137728937652,-0.0029491758242370003,-0.000258699633705,0.00258699633705,20.001000000000005,1.647146999857796,0.13240599992059288,0.056721999953879276,0.0
pd,23:52:57.994,775,-40.003,-89.999,0.0,-90.239,0.003,-0.02,0.0,0.0,0.0,0.0,0.0,0.0,-40.003,-110.0,0.0,-90.239,0.003,-0.02,-40.003,-97.999,0.0,-90.239,0.003,-0.02,0.0,-2108.2201558180445,0.0,0.0,0.0,0.0,0.0,-8.0,0.0,0.0,0.0,0.0,0.0137698,-0.0068849,-0.0275396,4.7987753,-0.0137698,-1.1773179,0.01231013430998,0.004438583638528,-0.006137728937652,-0.0029491758242370003,-0.000258699633705,0.00258699633705,20.001000000000005,1.637054999719112,0.1512019998699543,0.06694399962725583,0.0
pd,23:52:57.996,776,-40.003,-89.999,0.0,-90.239,0.003,-0.02,0.0,0.0,0.0,0.0,0.0,0.0,-40.003,-110.0,0.0,-90.239,0.003,-0.02,-40.003,-97.999,0.0,-90.239,0.003,-0.02,0.0,-2079.734225858436,0.0,0.0,0.0,0.0,0.0,-8.0,0.0,0.0,0.0,0.0,0.0137698,-0.0068849,-0.0275396,4.7987753,-0.0137698,-1.1773179,0.01231013430998,0.004438583638528,-0.006137728937652,-0.0029491758242370003,-0.000258699633705,0.00258699633705,20.001000000000005,1.6753879999669152,0.14109099993220298,0.062961999901745,0.0
pd,23:52:57.998,777,-40.003,-89.999,0.0,-90.239,0.003,-0.02,0.0,0.0,0.0,0.0,0.0,0.0,-40.003,-110.0,0.0,-90.239,0.003,-0.02,-40.003,-97.999,0.0,-90.239,0.003,-0.02,0.0,-2056.2833680598114,0.0,0.0,0.0,0.0,0.0,-8.0,0.0,0.0,0.0,0.0,0.0137698,-0.0068849,-0.0275396,4.7987753,-0.0137698,-1.1773179,0.01231013430998,0.004438583638528,-0.006137728937652,-0.0029491758242370003,-0.000258699633705,0.00258699633705,20.001000000000005,1.623000000108732,0.13598000032288837,0.06061100020815502,0.0
pd,23:52:58.000,778,-40.003,-89.999,0.0,-90.239,0.003,-0.02,0.0,0.0,0.0,0.0,0.0,0.0,-40.003,-110.0,0.0,-90.239,0.003,-0.02,-40.003,-97.999,0.0,-90.239,0.003,-0.02,0.0,-2122.0865165696937,0.0,0.0,0.0,0.0,0.0,-8.0,0.0,0.0,0.0,0.0,0.0137698,-0.0068849,-0.0275396,4.7987753,-0.0137698,-1.1773179,0.01231013430998,0.004438583638528,-0.006137728937652,-0.0029491758242370003,-0.000258699633705,0.00258699633705,20.001000000000005,1.6520170001967927,0.14325699976325268,0.06859200038888957,0.0
pd,23:52:58.002,779,-40.003,-89.999,0.0,-90.239,0.003,-0.02,0.0,0.0,0.0,0.0,0.0,0.0,-40.003,-110.0,0.0,-90.239,0.003,-0.02,-40.003,-97.999,0.0,-90.239,0.003,-0.02,0.0,-2069.472801282842,0.0,0.0,0.0,0.0,0.0,-8.0,0.0,0.0,0.0,0.0,0.0137698,-0.0068849,-0.0275396,4.7987753,-0.0137698,-1.1773179,0.01231013430998,0.004438583638528,-0.006137728937652,-0.0029491758242370003,-0.000258699633705,0.00258699633705,20.001000000000005,1.6631100002086896,0.13642399972013664,0.05923999970036675,0.0
pd,23:52:58.004,780,-40.003,-89.999,0.0,-90.239,0.003,-0.02,0.0,0.0,0.0,0.0,0.0,0.0,-40.003,-110.0,0.0,-90.239,0.003,-0.02,-40.003,-97.999,0.0,-90.239,0.003,-0.02,0.0,-2078.70350638087,0.0,0.0,0.0,0.0,0.0,-8.0,0.0,0.0,0.0,0.0,0.0137698,-0.0068849,-0.0275396,4.7987753,-0.0137698,-1.1773179,0.01231013430998,0.004438583638528,-0.006137728937652,-0.0029491758242370003,-0.000258699633705,0.00258699633705,20.001000000000005,1.658794999912061,0.16112799994516536,0.07287000016731326,0.0
pd,23:52:58.006,781,-40.003,-89.999,0.0,-90.239,0.003,-0.02,0.0,0.0,0.0,0.0,0.0,0.0,-40.003,-110.0,0.0,-90.239,0.003,-0.02,-40.003,-97.999,0.0,-90.239,0.003,-0.02,0.0,-1684.2903322959542,0.0,0.0,0.0,0.0,0.0,-8.0,0.0,0.0,0.0,0.0,0.0137698,-0.0068849,-0.0275396,4.7987753,-0.0137698,-1.1773179,0.01231013430998,0.004438583638528,-0.006137728937652,-0.0029491758242370003,-0.000258699633705,0.00258699633705,20.001000000000005,2.065068000320025,0.22466399968834594,0.1051470003403665,0.0
pd,23:52:58.008,782,-40.003,-89.999,0.0,-90.239,0.003,-0.02,0.0,0.0,0.0,0.0,0.0,0.0,-40.003,-110.0,0.0,-90.239,0.003,-0.02,-40.003,-97.999,0.0,-90.239,0.003,-0.02,0.0,-1605.7825421133232,0.0,0.0,0.0,0.0,0.0,-8.0,0.0,0.0,0.0,0.0,0.0137698,-0.0068849,-0.0275396,4.7987753,-0.0137698,-1.1773179,0.01231013430998,0.004438583638528,-0.006137728937652,-0.0029491758242370003,-0.000258699633705,0.00258699633705,20.001000000000005,1.7243869997400907,0.1679609999882814,0.07147999986045761,0.0
pd,23:52:58.010,783,-40.003,-89.999,0.0,-90.239,0.003,-0.02,0.0,0.0,0.0,0.0,0.0,0.0,-40.003,-110.0,0.0,-90.239,0.003,-0.02,-40.003,-97.999,0.0,-90.239,0.003,-0.02,0.0,-1964.3151855754595,0.0,0.0,0.0,0.0,0.0,-8.0,0.0,0.0,0.0,0.0,0.0137698,-0.0068849,-0.0275396,4.7987753,-0.0137698,-1.1773179,0.01231013430998,0.004438583638528,-0.006137728937652,-0.0029491758242370003,-0.000258699633705,0.00258699633705,20.001000000000005,1.6452400000162015,0.14464700007010833,0.06270199992286507,0.0
pd,23:52:58.012,784,-40.003,-89.999,0.0,-90.239,0.003,-0.02,0.0,0.0,0.0,0.0,0.0,0.0,-40.003,-110.0,0.0,-90.239,0.003,-0.02,-40.003,-97.999,0.0,-90.239,0.003,-0.02,0.0,-2083.0911348398313,0.0,0.0,0.0,0.0,0.0,-8.0,0.0,0.0,0.0,0.0,0.0137698,-0.0068849,-0.0275396,4.7987753,-0.0137698,-1.1773179,0.01231013430998,0.004438583638528,-0.006137728937652,-0.0029491758242370003,-0.000258699633705,0.00258699633705,20.001000000000005,1.7849599998953636,0.17675800017968868,0.07938799990370171,0.0
pd,23:52:58.014,785,-40.003,-89.999,0.0,-90.239,0.003,-0.02,0.0,0.0,0.0,0.0,0.0,0.0,-40.003,-110.0,0.0,-90.239,0.003,-0.02,-40.003,-97.999,0.0,-90.239,0.003,-0.02,0.0,-1888.2629150253235,0.0,0.0,0.0,0.0,0.0,-8.0,0.0,0.0,0.0,0.0,0.0137698,-0.0068849,-0.0275396,4.7987753,-0.0137698,-1.1773179,0.01231013430998,0.004438583638528,-0.006137728937652,-0.0029491758242370003,-0.000258699633705,0.00258699633705,20.001000000000005,1.6555170000174257,0.15370200026154635,0.07296199964912375,0.0
pd,23:52:58.016,786,-40.003,-89.999,0.0,-90.239,0.003,-0.02,0.0,0.0,0.0,0.0,0.0,0.0,-40.003,-110.0,0.0,-90.239,0.003,-0.02,-40.003,-97.999,0.0,-90.239,0.003,-0.02,0.0,-2004.6858644999402,0.0,0.0,0.0,0.0,0.0,-8.0,0.0,0.0,0.0,0.0,0.0137698,-0.0068849,-0.0275396,4.7987753,-0.0137698,-1.1773179,0.01231013430998,0.004438583638528,-0.006137728937652,-0.0029491758242370003,-0.000258699633705,0.00258699633705,20.001000000000005,1.6941459998633945,0.15010900006018346,0.06379500018738327,0.0
pd,23:52:58.018,787,-40.003,-89.999,0.0,-90.239,0.003,-0.02,0.0,0.0,0.0,0.0,0.0,0.0,-40.003,-110.0,0.0,-90.239,0.003,-0.02,-40.003,-97.999,0.0,-90.239,0.003,-0.02,0.0,-2022.3259402121505,0.0,0.0,0.0,0.0,0.0,-8.0,0.0,0.0,0.0,0.0,0.0137698,-0.0068849,-0.0275396,4.7987753,-0.0137698,-1.1773179,0.01231013430998,0.004438583638528,-0.006137728937652,-0.0029491758242370003,-0.000258699633705,0.00258699633705,20.001000000000005,1.6274990002784762,0.13779499977317755,0.061222000113048125,0.0
pd,23:52:58.020,788,-40.003,-89.999,0.0,-90.239,0.003,-0.02,0.0,0.0,0.0,0.0,0.0,0.0,-40.003,-110.0,0.0,-90.239,0.003,-0.02,-40.003,-97.999,0.0,-90.239,0.003,-0.02,0.0,-2115.130610186586,0.0,0.0,0.0,0.0,0.0,-8.0,0.0,0.0,0.0,0.0,0.0137698,-0.0068849,-0.0275396,4.7987753,-0.0137698,-1.1773179,0.01231013430998,0.004438583638528,-0.006137728937652,-0.0029491758242370003,-0.000258699633705,0.00258699633705,20.001000000000005,1.6637950002404978,0.16555299998799455,0.09516600039205514,0.0
pd,23:52:58.022,789,-40.003,-89.999,0.0,-90.239,0.003,-0.02,0.0,0.0,0.0,0.0,0.0,0.0,-40.003,-110.0,0.0,-90.239,0.003,-0.02,-40.003,-97.999,0.0,-90.239,0.003,-0.02,0.0,-1990.8883351133263,0.0,0.0,0.0,0.0,0.0,-8.0,0.0,0.0,0.0,0.0,0.0137698,-0.0068849,-0.0275396,4.7987753,-0.0137698,-1.1773179,0.01231013430998,0.004438583638528,-0.006137728937652,-0.0029491758242370003,-0.000258699633705,0.00258699633705,20.001000000000005,1.6808870000204479,0.15435000022989698,0.061591999838128686,0.0
pd,23:52:58.024,790,-40.003,-89.999,0.0,-90.239,0.003,-0.02,0.0,0.0,0.0,0.0,0.0,0.0,-40.003,-110.0,0.0,-90.239,0.003,-0.02,-40.003,-97.999,0.0,-90.239,0.003,-0.02,0.0,-2036.317028765627,0.0,0.0,0.0,0.0,0.0,-8.0,0.0,0.0,0.0,0.0,0.0137698,-0.0068849,-0.0275396,4.7987753,-0.0137698,-1.1773179,0.01231013430998,0.004438583638528,-0.006137728937652,-0.0029491758242370003,-0.000258699633705,0.00258699633705,20.001000000000005,1.710016999822983,0.1652390001254389,0.075906999882136,0.0
pd,23:52:58.027,791,-40.003,-89.999,0.0,-90.239,0.003,-0.02,0.0,0.0,0.0,0.0,0.0,0.0,-40.003,-110.0,0.0,-90.239,0.003,-0.02,-40.003,-97.999,0.0,-90.239,0.003,-0.02,0.0,-1606.3975488318652,0.0,0.0,0.0,0.0,0.0,-8.0,0.0,0.0,0.0,0.0,0.0137698,-0.0068849,-0.0275396,4.7987753,-0.0137698,-1.1773179,0.01231013430998,0.004438583638528,-0.006137728937652,-0.0029491758242370003,-0.000258699633705,0.00258699633705,20.001000000000005,1.8754030002128275,0.2238680003756599,0.08616600007371744,0.0
pd,23:52:58.029,792,-40.003,-89.999,0.0,-90.239,0.003,-0.02,0.0,0.0,0.0,0.0,0.0,0.0,-40.003,-110.0,0.0,-90.239,0.003,-0.02,-40.003,-97.999,0.0,-90.239,0.003,-0.02,0.0,-1752.1896605744125,0.0,0.0,0.0,0.0,0.0,-8.0,0.0,0.0,0.0,0.0,0.0137698,-0.0068849,-0.0275396,4.7987753,-0.0137698,-1.1773179,0.01231013430998,0.004438583638528,-0.006137728937652,-0.0029491758242370003,-0.000258699633705,0.00258699633705,20.001000000000005,1.6661099998600548,0.1469419999011734,0.0620359996901243,0.0
pd,23:52:58.031,793,-40.003,-89.999,0.0,-90.239,0.003,-0.02,0.0,0.0,0.0,0.0,0.0,0.0,-40.003,-110.0,0.0,-90.239,0.003,-0.02,-40.003,-97.999,0.0,-90.239,0.003,-0.02,0.0,-2060.323713619059,0.0,0.0,0.0,0.0,0.0,-8.0,0.0,0.0,0.0,0.0,0.0137698,-0.0068849,-0.0275396,4.7987753,-0.0137698,-1.1773179,0.01231013430998,0.004438583638528,-0.006137728937652,-0.0029491758242370003,-0.000258699633705,0.00258699633705,20.001000000000005,2.0239760001459217,0.20025699996040203,0.09792500031835516,0.0
pd,23:52:58.033,794,-40.003,-89.999,0.0,-90.239,0.003,-0.02,0.0,0.0,0.0,0.0,0.0,0.0,-40.003,-110.0,0.0,-90.239,0.003,-0.02,-40.003,-97.999,0.0,-90.239,0.003,-0.02,0.0,-1657.6638672067977,0.0,0.0,0.0,0.0,0.0,-8.0,0.0,0.0,0.0,0.0,0.0137698,-0.0068849,-0.0275396,4.7987753,-0.0137698,-1.1773179,0.01231013430998,0.004438583638528,-0.006137728937652,-0.0029491758242370003,-0.000258699633705,0.00258699633705,20.001000000000005,1.6578509998907975,0.13684999976248946,0.05890700003874372,0.0
pd,23:52:58.035,795,-40.003,-89.999,0.0,-90.239,0.003,-0.02,0.0,0.0,0.0,0.0,0.0,0.0,-40.003,-110.0,0.0,-90.239,0.003,-0.02,-40.003,-97.999,0.0,-90.239,0.003,-0.02,0.0,-2085.680755842864,0.0,0.0,0.0,0.0,0.0,-8.0,0.0,0.0,0.0,0.0,0.0137698,-0.0068849,-0.0275396,4.7987753,-0.0137698,-1.1773179,0.01231013430998,0.004438583638528,-0.006137728937652,-0.0029491758242370003,-0.000258699633705,0.00258699633705,20.001000000000005,1.6908309999053017,0.1685899997028173,0.0792590003584337,0.0
pd,23:52:58.037,796,-40.003,-89.999,0.0,-90.239,0.003,-0.02,0.0,0.0,0.0,0.0,0.0,0.0,-40.003,-110.0,0.0,-90.239,0.003,-0.02,-40.003,-97.999,0.0,-90.239,0.003,-0.02,0.0,-1988.0573527669155,0.0,0.0,0.0,0.0,0.0,-8.0,0.0,0.0,0.0,0.0,0.0137698,-0.0068849,-0.0275396,4.7987753,-0.0137698,-1.1773179,0.01231013430998,0.004438583638528,-0.006137728937652,-0.0029491758242370003,-0.000258699633705,0.00258699633705,20.001000000000005,1.7666449998614553,0.18173900025431067,0.08892500000001746,0.0
pd,23:52:58.040,797,-40.003,-89.999,0.0,-90.239,0.003,-0.02,0.0,0.0,0.0,0.0,0.0,0.0,-40.003,-110.0,0.0,-90.239,0.003,-0.02,-40.003,-97.999,0.0,-90.239,0.003,-0.02,0.0,-1888.688055836992,0.0,0.0,0.0,0.0,0.0,-8.0,0.0,0.0,0.0,0.0,0.0137698,-0.0068849,-0.0275396,4.7987753,-0.0137698,-1.1773179,0.01231013430998,0.004438583638528,-0.006137728937652,-0.0029491758242370003,-0.000258699633705,0.00258699633705,20.001000000000005,1.7146840000350494,0.15168299978540745,0.06775799965907936,0.0
pd,23:52:58.042,798,-40.003,-89.999,0.0,-90.239,0.003,-0.02,0.0,0.0,0.0,0.0,0.0,0.0,-40.003,-110.0,0.0,-90.239,0.003,-0.02,-40.003,-97.999,0.0,-90.239,0.003,-0.02,0.0,-1997.0498750148793,0.0,0.0,0.0,0.0,0.0,-8.0,0.0,0.0,0.0,0.0,0.0137698,-0.0068849,-0.0275396,4.7987753,-0.0137698,-1.1773179,0.01231013430998,0.004438583638528,-0.006137728937652,-0.0029491758242370003,-0.000258699633705,0.00258699633705,20.001000000000005,1.6299249996336584,0.13138699978298973,0.0557590001335484,0.0
pd,23:52:58.043,799,-40.003,-89.999,0.0,-90.239,0.003,-0.02,0.0,0.0,0.0,0.0,0.0,0.0,-40.003,-110.0,0.0,-90.239,0.003,-0.02,-40.003,-97.999,0.0,-90.239,0.003,-0.02,0.0,-2126.9290060851927,0.0,0.0,0.0,0.0,0.0,-8.0,0.0,0.0,0.0,0.0,0.0137698,-0.0068849,-0.0275396,4.7987753,-0.0137698,-1.1773179,0.01231013430998,0.004438583638528,-0.006137728937652,-0.0029491758242370003,-0.000258699633705,0.00258699633705,20.001000000000005,1.6486659997099196,0.130442000227049,0.056832999689504504,0.0
pd,23:52:58.045,800,-40.003,-89.999,0.0,-90.239,0.003,-0.02,0.0,0.0,0.0,0.0,0.0,0.0,-40.003,-110.0,0.0,-90.239,0.003,-0.02,-40.003,-97.999,0.0,-90.239,0.003,-0.02,0.0,-2103.9899673940304,0.0,0.0,0.0,0.0,0.0,-8.0,0.0,0.0,0.0,0.0,0.0137698,-0.0068849,-0.0275396,4.7987753,-0.0137698,-1.1773179,0.01231013430998,0.004438583638528,-0.006137728937652,-0.0029491758242370003,-0.000258699633705,0.00258699633705,20.001000000000005,1.638776999698166,0.14755400025023846,0.06899900017742766,0.0
pd,23:52:58.048,801,-40.003,-89.999,0.0,-90.239,0.003,-0.02,0.0,0.0,0.0,0.0,0.0,0.0,-40.003,-110.0,0.0,-90.239,0.003,-0.02,-40.003,-97.999,0.0,-90.239,0.003,-0.02,0.0,-1708.1262472001629,0.0,0.0,0.0,0.0,0.0,-8.0,0.0,0.0,0.0,0.0,0.0137698,-0.0068849,-0.0275396,4.7987753,-0.0137698,-1.1773179,0.01231013430998,0.004438583638528,-0.006137728937652,-0.0029491758242370003,-0.000258699633705,0.00258699633705,20.001000000000005,1.8469230003574921,0.22307099970930722,0.08690699996805051,0.0
pd,23:52:58.050,802,-40.003,-89.999,0.0,-90.239,0.003,-0.02,0.0,0.0,0.0,0.0,0.0,0.0,-40.003,-110.0,0.0,-90.239,0.003,-0.02,-40.003,-97.999,0.0,-90.239,0.003,-0.02,0.0,-1777.6240728968003,0.0,0.0,0.0,0.0,0.0,-8.0,0.0,0.0,0.0,0.0,0.0137698,-0.0068849,-0.0275396,4.7987753,-0.0137698,-1.1773179,0.01231013430998,0.004438583638528,-0.006137728937652,-0.0029491758242370003,-0.000258699633705,0.00258699633705,20.001000000000005,1.6449810000267462,0.1327760001004208,0.05772099984824308,0.0
pd,23:52:58.052,803,-40.003,-89.999,0.0,-90.239,0.003,-0.02,0.0,0.0,0.0,0.0,0.0,0.0,-40.003,-110.0,0.0,-90.239,0.003,-0.02,-40.003,-97.999,0.0,-90.239,0.003,-0.02,0.0,-2105.574297188755,0.0,0.0,0.0,0.0,0.0,-8.0,0.0,0.0,0.0,0.0,0.0137698,-0.0068849,-0.0275396,4.7987753,-0.0137698,-1.1773179,0.01231013430998,0.004438583638528,-0.006137728937652,-0.0029491758242370003,-0.000258699633705,0.00258699633705,20.001000000000005,1.6596099999333092,0.14166499977363856,0.06061099975340767,0.0
pd,23:52:58.054,804,-40.003,-89.999,0.0,-90.239,0.003,-0.02,0.0,0.0,0.0,0.0,0.0,0.0,-40.003,-110.0,0.0,-90.239,0.003,-0.02,-40.003,-97.999,0.0,-90.239,0.003,-0.02,0.0,-2074.3343224530167,0.0,0.0,0.0,0.0,0.0,-8.0,0.0,0.0,0.0,0.0,0.0137698,-0.0068849,-0.0275396,4.7987753,-0.0137698,-1.1773179,0.01231013430998,0.004438583638528,-0.006137728937652,-0.0029491758242370003,-0.000258699633705,0.00258699633705,20.001000000000005,1.616388000002189,0.12960999993083533,0.05524000016521313,0.0
pd,23:52:58.056,805,-40.003,-89.999,0.0,-90.239,0.003,-0.02,0.0,0.0,0.0,0.0,0.0,0.0,-40.003,-110.0,0.0,-90.239,0.003,-0.02,-40.003,-97.999,0.0,-90.239,0.003,-0.02,0.0,-2146.2474094921326,0.0,0.0,0.0,0.0,0.0,-8.0,0.0,0.0,0.0,0.0,0.0137698,-0.0068849,-0.0275396,4.7987753,-0.0137698,-1.1773179,0.01231013430998,0.004438583638528,-0.006137728937652,-0.0029491758242370003,-0.000258699633705,0.00258699633705,20.001000000000005,1.7403679999006272,0.39099500008887844,0.09838699997999356,0.0
pd,23:52:58.058,806,-40.003,-89.999,0.0,-90.239,0.003,-0.02,0.0,0.0,0.0,0.0,0.0,0.0,-40.003,-110.0,0.0,-90.239,0.003,-0.02,-40.003,-97.999,0.0,-90.239,0.003,-0.02,0.0,-1726.4062564313645,0.0,0.0,0.0,0.0,0.0,-8.0,0.0,0.0,0.0,0.0,0.0137698,-0.0068849,-0.0275396,4.7987753,-0.0137698,-1.1773179,0.01231013430998,0.004438583638528,-0.006137728937652,-0.0029491758242370003,-0.000258699633705,0.00258699633705,20.001000000000005,1.6890169999896898,0.1822200001697638,0.06679499983874848,0.0
pd,23:52:58.060,807,-40.003,-89.999,0.0,-90.239,0.003,-0.02,0.0,0.0,0.0,0.0,0.0,0.0,-40.003,-110.0,0.0,-90.239,0.003,-0.02,-40.003,-97.999,0.0,-90.239,0.003,-0.02,0.0,-1987.1154802795215,0.0,0.0,0.0,0.0,0.0,-8.0,0.0,0.0,0.0,0.0,0.0137698,-0.0068849,-0.0275396,4.7987753,-0.0137698,-1.1773179,0.01231013430998,0.004438583638528,-0.006137728937652,-0.0029491758242370003,-0.000258699633705,0.00258699633705,20.001000000000005,1.67198000008284,0.14338700020744,0.06348099987008027,0.0
pd,23:52:58.062,808,-40.003,-89.999,0.0,-90.239,0.003,-0.02,0.0,0.0,0.0,0.0,0.0,0.0,-40.003,-110.0,0.0,-90.239,0.003,-0.02,-40.003,-97.999,0.0,-90.239,0.003,-0.02,0.0,-2055.0240078392944,0.0,0.0,0.0,0.0,0.0,-8.0,0.0,0.0,0.0,0.0,0.0137698,-0.0068849,-0.0275396,4.7987753,-0.0137698,-1.1773179,0.01231013430998,0.004438583638528,-0.006137728937652,-0.0029491758242370003,-0.000258699633705,0.00258699633705,20.001000000000005,1.723146000131237,0.17285000012634555,0.07612800027345656,0.0
pd,23:52:58.064,809,-40.003,-89.999,0.0,-90.239,0.003,-0.02,0.0,0.0,0.0,0.0,0.0,0.0,-40.003,-110.0,0.0,-90.239,0.003,-0.02,-40.003,-97.999,0.0,-90.239,0.003,-0.02,0.0,-1950.1587818202952,0.0,0.0,0.0,0.0,0.0,-8.0,0.0,0.0,0.0,0.0,0.0137698,-0.0068849,-0.0275396,4.7987753,-0.0137698,-1.1773179,0.01231013430998,0.004438583638528,-0.006137728937652,-0.0029491758242370003,-0.000258699633705,0.00258699633705,20.001000000000005,1.7042580002453178,0.14712799975313828,0.08294300005218247,0.0
pd,23:52:58.066,810,-40.003,-89.999,0.0,-90.239,0.003,-0.02,0.0,0.0,0.0,0.0,0.0,0.0,-40.003,-110.0,0.0,-90.239,0.003,-0.02,-40.003,-97.999,0.0,-90.239,0.003,-0.02,0.0,-1992.0702920921397,0.0,0.0,0.0,0.0,0.0,-8.0,0.0,0.0,0.0,0.0,0.0137698,-0.0068849,-0.0275396,4.7987753,-0.0137698,-1.1773179,0.01231013430998,0.004438583638528,-0.006137728937652,-0.0029491758242370003,-0.000258699633705,0.00258699633705,20.001000000000005,1.6603499998382176,0.15464599982806249,0.06288799977482995,0.0
pd,23:52:58.068,811,-40.003,-89.999,0.0,-90.239,0.003,-0.02,0.0,0.0,0.0,0.0,0.0,0.0,-40.003,-110.0,0.0,-90.239,0.003,-0.02,-40.003,-97.999,0.0,-90.239,0.003,-0.02,0.0,-1683.952223225936,0.0,0.0,0.0,0.0,0.0,-8.0,0.0,0.0,0.0,0.0,0.0137698,-0.0068849,-0.0275396,4.7987753,-0.0137698,-1.1773179,0.01231013430998,0.004438583638528,-0.006137728937652,-0.0029491758242370003,-0.000258699633705,0.00258699633705,20.001000000000005,1.8234049998682167,0.2616819997456332,0.08622099994681776,0.0
pd,23:52:58.071,812,-40.003,-89.999,0.0,-90.239,0.003,-0.02,0.0,0.0,0.0,0.0,0.0,0.0,-40.003,-110.0,0.0,-90.239,0.003,-0.02,-40.003,-97.999,0.0,-90.239,0.003,-0.02,0.0,-1767.13882452075,0.0,0.0,0.0,0.0,0.0,-8.0,0.0,0.0,0.0,0.0,0.0137698,-0.0068849,-0.0275396,4.7987753,-0.0137698,-1.1773179,0.01231013430998,0.004438583638528,-0.006137728937652,-0.0029491758242370003,-0.000258699633705,0.00258699633705,20.001000000000005,1.648610000302142,0.1395909998791467,0.061424999785231194,0.0
pd,23:52:58.072,813,-40.003,-89.999,0.0,-90.239,0.003,-0.02,0.0,0.0,0.0,0.0,0.0,0.0,-40.003,-110.0,0.0,-90.239,0.003,-0.02,-40.003,-97.999,0.0,-90.239,0.003,-0.02,0.0,-2086.4588981469965,0.0,0.0,0.0,0.0,0.0,-8.0,0.0,0.0,0.0,0.0,0.0137698,-0.0068849,-0.0275396,4.7987753,-0.0137698,-1.1773179,0.01231013430998,0.004438583638528,-0.006137728937652,-0.0029491758242370003,-0.000258699633705,0.00258699633705,20.001000000000005,1.6642949999550183,0.14775699992242153,0.06673999996564817,0.0
pd,23:52:58.074,814,-40.003,-89.999,0.0,-90.239,0.003,-0.02,0.0,0.0,0.0,0.0,0.0,0.0,-40.003,-110.0,0.0,-90.239,0.003,-0.02,-40.003,-97.999,0.0,-90.239,0.003,-0.02,0.0,-2054.7723208818124,0.0,0.0,0.0,0.0,0.0,-8.0,0.0,0.0,0.0,0.0,0.0137698,-0.0068849,-0.0275396,4.7987753,-0.0137698,-1.1773179,0.01231013430998,0.004438583638528,-0.006137728937652,-0.0029491758242370003,-0.000258699633705,0.00258699633705,20.001000000000005,1.627611000003526,0.15072000041982392,0.06718499980706838,0.0
pd,23:52:58.076,815,-40.003,-89.999,0.0,-90.239,0.003,-0.02,0.0,0.0,0.0,0.0,0.0,0.0,-40.003,-110.0,0.0,-90.239,0.003,-0.02,-40.003,-97.999,0.0,-90.239,0.003,-0.02,0.0,-2084.1262111801243,0.0,0.0,0.0,0.0,0.0,-8.0,0.0,0.0,0.0,0.0,0.0137698,-0.0068849,-0.0275396,4.7987753,-0.0137698,-1.1773179,0.01231013430998,0.004438583638528,-0.006137728937652,-0.0029491758242370003,-0.000258699633705,0.00258699633705,20.001000000000005,1.6846839998834184,0.15007199999672594,0.0665360003040405,0.0
pd,23:52:58.078,816,-40.003,-89.999,0.0,-90.239,0.003,-0.02,0.0,0.0,0.0,0.0,0.0,0.0,-40.003,-110.0,0.0,-90.239,0.003,-0.02,-40.003,-97.999,0.0,-90.239,0.003,-0.02,0.0,-2031.385882068047,0.0,0.0,0.0,0.0,0.0,-8.0,0.0,0.0,0.0,0.0,0.0137698,-0.0068849,-0.0275396,4.7987753,-0.0137698,-1.1773179,0.01231013430998,0.004438583638528,-0.006137728937652,-0.0029491758242370003,-0.000258699633705,0.00258699633705,20.001000000000005,1.637369000036415,0.17544199999974808,0.0626660003035795,0.0
pd,23:52:58.080,817,-40.003,-89.999,0.0,-90.239,0.003,-0.02,0.0,0.0,0.0,0.0,0.0,0.0,-40.003,-110.0,0.0,-90.239,0.003,-0.02,-40.003,-97.999,0.0,-90.239,0.003,-0.02,0.0,-2060.8298734799164,0.0,0.0,0.0,0.0,0.0,-8.0,0.0,0.0,0.0,0.0,0.0137698,-0.0068849,-0.0275396,4.7987753,-0.0137698,-1.1773179,0.01231013430998,0.004438583638528,-0.006137728937652,-0.0029491758242370003,-0.000258699633705,0.00258699633705,20.001000000000005,1.6633499999443302,0.1447939998797665,0.06685100015602075,0.0
pd,23:52:58.082,818,-40.003,-89.999,0.0,-90.239,0.003,-0.02,0.0,0.0,0.0,0.0,0.0,0.0,-40.003,-110.0,0.0,-90.239,0.003,-0.02,-40.003,-97.999,0.0,-90.239,0.003,-0.02,0.0,-2061.589579749324,0.0,0.0,0.0,0.0,0.0,-8.0,0.0,0.0,0.0,0.0,0.0137698,-0.0068849,-0.0275396,4.7987753,-0.0137698,-1.1773179,0.01231013430998,0.004438583638528,-0.006137728937652,-0.0029491758242370003,-0.000258699633705,0.00258699633705,20.001000000000005,1.8954769998345,0.18403500007480034,0.09081400003196904,0.0
pd,23:52:58.084,819,-40.003,-89.999,0.0,-90.239,0.003,-0.02,0.0,0.0,0.0,0.0,0.0,0.0,-40.003,-110.0,0.0,-90.239,0.003,-0.02,-40.003,-97.999,0.0,-90.239,0.003,-0.02,0.0,-1776.3066172578083,0.0,0.0,0.0,0.0,0.0,-8.0,0.0,0.0,0.0,0.0,0.0137698,-0.0068849,-0.0275396,4.7987753,-0.0137698,-1.1773179,0.01231013430998,0.004438583638528,-0.006137728937652,-0.0029491758242370003,-0.000258699633705,0.00258699633705,20.001000000000005,1.7284790001212968,0.16555399997741915,0.07596199975523632,0.0
pd,23:52:58.086,820,-40.003,-89.999,0.0,-90.239,0.003,-0.02,0.0,0.0,0.0,0.0,0.0,0.0,-40.003,-110.0,0.0,-90.239,0.003,-0.02,-40.003,-97.999,0.0,-90.239,0.003,-0.02,0.0,-1952.4282555568486,0.0,0.0,0.0,0.0,0.0,-8.0,0.0,0.0,0.0,0.0,0.0137698,-0.0068849,-0.0275396,4.7987753,-0.0137698,-1.1773179,0.01231013430998,0.004438583638528,-0.006137728937652,-0.0029491758242370003,-0.000258699633705,0.00258699633705,20.001000000000005,1.6671099997438432,0.17203500010509742,0.0926660000004631,0.0
pd,23:52:58.089,821,-40.003,-89.999,0.0,-90.239,0.003,-0.02,0.0,0.0,0.0,0.0,0.0,0.0,-40.003,-110.0,0.0,-90.239,0.003,-0.02,-40.003,-97.999,0.0,-90.239,0.003,-0.02,0.0,-1545.4325718496684,0.0,0.0,0.0,0.0,0.0,-8.0,0.0,0.0,0.0,0.0,0.0137698,-0.0068849,-0.0275396,4.7987753,-0.0137698,-1.1773179,0.01231013430998,0.004438583638528,-0.006137728937652,-0.0029491758242370003,-0.000258699633705,0.00258699633705,20.001000000000005,1.8384780000815226,0.22435000028053764,0.07770299998810515,0.0
pd,23:52:58.091,822,-40.003,-89.999,0.0,-90.239,0.003,-0.02,0.0,0.0,0.0,0.0,0.0,0.0,-40.003,-110.0,0.0,-90.239,0.003,-0.02,-40.003,-97.999,0.0,-90.239,0.003,-0.02,0.0,-1790.5246531483458,0.0,0.0,0.0,0.0,0.0,-8.0,0.0,0.0,0.0,0.0,0.0137698,-0.0068849,-0.0275396,4.7987753,-0.0137698,-1.1773179,0.01231013430998,0.004438583638528,-0.006137728937652,-0.0029491758242370003,-0.000258699633705,0.00258699633705,20.001000000000005,1.6787399999884656,0.14862799980619457,0.06344399980662274,0.0
pd,23:52:58.093,823,-40.003,-89.999,0.0,-90.239,0.003,-0.02,0.0,0.0,0.0,0.0,0.0,0.0,-40.003,-110.0,0.0,-90.239,0.003,-0.02,-40.003,-97.999,0.0,-90.239,0.003,-0.02,0.0,-2039.535132506686,0.0,0.0,0.0,0.0,0.0,-8.0,0.0,0.0,0.0,0.0,0.0137698,-0.0068849,-0.0275396,4.7987753,-0.0137698,-1.1773179,0.01231013430998,0.004438583638528,-0.006137728937652,-0.0029491758242370003,-0.000258699633705,0.00258699633705,20.001000000000005,1.6275920002044586,0.12790599976142403,0.05581400000664871,0.0
pd,23:52:58.095,824,-40.003,-89.999,0.0,-90.239,0.003,-0.02,0.0,0.0,0.0,0.0,0.0,0.0,-40.003,-110.0,0.0,-90.239,0.003,-0.02,-40.003,-97.999,0.0,-90.239,0.003,-0.02,0.0,-2134.2343213331637,0.0,0.0,0.0,0.0,0.0,-8.0,0.0,0.0,0.0,0.0,0.0137698,-0.0068849,-0.0275396,4.7987753,-0.0137698,-1.1773179,0.01231013430998,0.004438583638528,-0.006137728937652,-0.0029491758242370003,-0.000258699633705,0.00258699633705,20.001000000000005,1.6595170000073267,0.1618489995962591,0.07248099973367061,0.0
pd,23:52:58.097,825,-40.003,-89.999,0.0,-90.239,0.003,-0.02,0.0,0.0,0.0,0.0,0.0,0.0,-40.003,-110.0,0.0,-90.239,0.003,-0.02,-40.003,-97.999,0.0,-90.239,0.003,-0.02,0.0,-2032.124031007752,0.0,0.0,0.0,0.0,0.0,-8.0,0.0,0.0,0.0,0.0,0.0137698,-0.0068849,-0.0275396,4.7987753,-0.0137698,-1.1773179,0.01231013430998,0.004438583638528,-0.006137728937652,-0.0029491758242370003,-0.000258699633705,0.00258699633705,20.001000000000005,1.6508870003235643,0.14683200015497277,0.06309199989118497,0.0
pd,23:52:58.099,826,-40.003,-89.999,0.0,-90.239,0.003,-0.02,0.0,0.0,0.0,0.0,0.0,0.0,-40.003,-110.0,0.0,-90.239,0.003,-0.02,-40.003,-97.999,0.0,-90.239,0.003,-0.02,0.0,-2075.87428854244,0.0,0.0,0.0,0.0,0.0,-8.0,0.0,0.0,0.0,0.0,0.0137698,-0.0068849,-0.0275396,4.7987753,-0.0137698,-1.1773179,0.01231013430998,0.004438583638528,-0.006137728937652,-0.0029491758242370003,-0.000258699633705,0.00258699633705,20.001000000000005,1.6551469998375978,0.15055299991217908,0.06738800038874615,0.0
pd,23:52:58.101,827,-40.003,-89.999,0.0,-90.239,0.003,-0.02,0.0,0.0,0.0,0.0,0.0,0.0,-40.003,-110.0,0.0,-90.239,0.003,-0.02,-40.003,-97.999,0.0,-90.239,0.003,-0.02,0.0,-2059.0594010800196,0.0,0.0,0.0,0.0,0.0,-8.0,0.0,0.0,0.0,0.0,0.0137698,-0.0068849,-0.0275396,4.7987753,-0.0137698,-1.1773179,0.01231013430998,0.004438583638528,-0.006137728937652,-0.0029491758242370003,-0.000258699633705,0.00258699633705,20.001000000000005,1.6259250000985048,0.13281299970913096,0.058351000006950926,0.0
pd,23:52:58.103,828,-40.003,-89.999,0.0,-90.239,0.003,-0.02,0.0,0.0,0.0,0.0,0.0,0.0,-40.003,-110.0,0.0,-90.239,0.003,-0.02,-40.003,-97.999,0.0,-90.239,0.003,-0.02,0.0,-2127.198681374414,0.0,0.0,0.0,0.0,0.0,-8.0,0.0,0.0,0.0,0.0,0.0137698,-0.0068849,-0.0275396,4.7987753,-0.0137698,-1.1773179,0.01231013430998,0.004438583638528,-0.006137728937652,-0.0029491758242370003,-0.000258699633705,0.00258699633705,20.001000000000005,1.6277959998660663,0.19855300024573808,0.06761000031474396,0.0
pd,23:52:58.105,829,-40.003,-89.999,0.0,-90.239,0.003,-0.02,0.0,0.0,0.0,0.0,0.0,0.0,-40.003,-110.0,0.0,-90.239,0.003,-0.02,-40.003,-97.999,0.0,-90.239,0.003,-0.02,0.0,-2040.0311284046693,0.0,0.0,0.0,0.0,0.0,-8.0,0.0,0.0,0.0,0.0,0.0137698,-0.0068849,-0.0275396,4.7987753,-0.0137698,-1.1773179,0.01231013430998,0.004438583638528,-0.006137728937652,-0.0029491758242370003,-0.000258699633705,0.00258699633705,20.001000000000005,1.6367580001315218,0.15527599998677033,0.06879500006107264,0.0
pd,23:52:58.107,830,-40.003,-89.999,0.0,-90.239,0.003,-0.02,0.0,0.0,0.0,0.0,0.0,0.0,-40.003,-110.0,0.0,-90.239,0.003,-0.02,-40.003,-97.999,0.0,-90.239,0.003,-0.02,0.0,-2070.7499382868427,0.0,0.0,0.0,0.0,0.0,-8.0,0.0,0.0,0.0,0.0,0.0137698,-0.0068849,-0.0275396,4.7987753,-0.0137698,-1.1773179,0.01231013430998,0.004438583638528,-0.006137728937652,-0.0029491758242370003,-0.000258699633705,0.00258699633705,20.001000000000005,1.949791999777517,0.1955540001290501,0.10055400025521521,0.0
pd,23:52:58.110,831,-40.003,-89.999,0.0,-90.239,0.003,-0.02,0.0,0.0,0.0,0.0,0.0,0.0,-40.003,-110.0,0.0,-90.239,0.003,-0.02,-40.003,-97.999,0.0,-90.239,0.003,-0.02,0.0,-1418.9120433017592,0.0,0.0,0.0,0.0,0.0,-8.0,0.0,0.0,0.0,0.0,0.0137698,-0.0068849,-0.0275396,4.7987753,-0.0137698,-1.1773179,0.01231013430998,0.004438583638528,-0.006137728937652,-0.0029491758242370003,-0.000258699633705,0.00258699633705,20.001000000000005,1.808108000204811,0.21499800004676217,0.07027699984973879,0.0
pd,23:52:58.112,832,-40.003,-89.999,0.0,-90.239,0.003,-0.02,0.0,0.0,0.0,0.0,0.0,0.0,-40.003,-110.0,0.0,-90.239,0.003,-0.02,-40.003,-97.999,0.0,-90.239,0.003,-0.02,0.0,-1830.1751936293226,0.0,0.0,0.0,0.0,0.0,-8.0,0.0,0.0,0.0,0.0,0.0137698,-0.0068849,-0.0275396,4.7987753,-0.0137698,-1.1773179,0.01231013430998,0.004438583638528,-0.006137728937652,-0.0029491758242370003,-0.000258699633705,0.00258699633705,20.001000000000005,1.6853689999152266,0.14759099985894863,0.07892499979789136,0.0
pd,23:52:58.114,833,-40.003,-89.999,0.0,-90.239,0.003,-0.02,0.0,0.0,0.0,0.0,0.0,0.0,-40.003,-110.0,0.0,-90.239,0.003,-0.02,-40.003,-97.999,0.0,-90.239,0.003,-0.02,0.0,-1944.9589612798516,0.0,0.0,0.0,0.0,0.0,-8.0,0.0,0.0,0.0,0.0,0.0137698,-0.0068849,-0.0275396,4.7987753,-0.0137698,-1.1773179,0.01231013430998,0.004438583638528,-0.006137728937652,-0.0029491758242370003,-0.000258699633705,0.00258699633705,20.001000000000005,1.6384989999096433,0.14901699978508987,0.0578510002924304,0.0
pd,23:52:58.116,834,-40.003,-89.999,0.0,-90.239,0.003,-0.02,0.0,0.0,0.0,0.0,0.0,0.0,-40.003,-110.0,0.0,-90.239,0.003,-0.02,-40.003,-97.999,0.0,-90.239,0.003,-0.02,0.0,-2092.9660678642713,0.0,0.0,0.0,0.0,0.0,-8.0,0.0,0.0,0.0,0.0,0.0137698,-0.0068849,-0.0275396,4.7987753,-0.0137698,-1.1773179,0.01231013430998,0.004438583638528,-0.006137728937652,-0.0029491758242370003,-0.000258699633705,0.00258699633705,20.001000000000005,1.6873509998731606,0.1592949997757387,0.07444399989253725,0.0
pd,23:52:58.118,835,-40.003,-89.999,0.0,-90.239,0.003,-0.02,0.0,0.0,0.0,0.0,0.0,0.0,-40.003,-110.0,0.0,-90.239,0.003,-0.02,-40.003,-97.999,0.0,-90.239,0.003,-0.02,0.0,-2002.5323466221055,0.0,0.0,0.0,0.0,0.0,-8.0,0.0,0.0,0.0,0.0,0.0137698,-0.0068849,-0.0275396,4.7987753,-0.0137698,-1.1773179,0.01231013430998,0.004438583638528,-0.006137728937652,-0.0029491758242370003,-0.000258699633705,0.00258699633705,20.001000000000005,1.644628999656561,0.15127599999686936,0.06420299996534595,0.0
pd,23:52:58.120,836,-40.003,-89.999,0.0,-90.239,0.003,-0.02,0.0,0.0,0.0,0.0,0.0,0.0,-40.003,-110.0,0.0,-90.239,0.003,-0.02,-40.003,-97.999,0.0,-90.239,0.003,-0.02,0.0,-2075.104019789734,0.0,0.0,0.0,0.0,0.0,-8.0,0.0,0.0,0.0,0.0,0.0137698,-0.0068849,-0.0275396,4.7987753,-0.0137698,-1.1773179,0.01231013430998,0.004438583638528,-0.006137728937652,-0.0029491758242370003,-0.000258699633705,0.00258699633705,20.001000000000005,1.6553500004192756,0.14081300014368026,0.06514799997603404,0.0
pd,23:52:58.122,837,-40.003,-89.999,0.0,-90.239,0.003,-0.02,0.0,0.0,0.0,0.0,0.0,0.0,-40.003,-110.0,0.0,-90.239,0.003,-0.02,-40.003,-97.999,0.0,-90.239,0.003,-0.02,0.0,-2073.821508034611,0.0,0.0,0.0,0.0,0.0,-8.0,0.0,0.0,0.0,0.0,0.0137698,-0.0068849,-0.0275396,4.7987753,-0.0137698,-1.1773179,0.01231013430998,0.004438583638528,-0.006137728937652,-0.0029491758242370003,-0.000258699633705,0.00258699633705,20.001000000000005,1.6285359997709747,0.12807200027964427,0.056463000419171294,0.0
pd,23:52:58.123,838,-40.003,-89.999,0.0,-90.239,0.003,-0.02,0.0,0.0,0.0,0.0,0.0,0.0,-40.003,-110.0,0.0,-90.239,0.003,-0.02,-40.003,-97.999,0.0,-90.239,0.003,-0.02,0.0,-2132.0645571228874,0.0,0.0,0.0,0.0,0.0,-8.0,0.0,0.0,0.0,0.0,0.0137698,-0.0068849,-0.0275396,4.7987753,-0.0137698,-1.1773179,0.01231013430998,0.004438583638528,-0.006137728937652,-0.0029491758242370003,-0.000258699633705,0.00258699633705,20.001000000000005,1.6496840003128455,0.13153500003681984,0.057795999964582734,0.0
pd,23:52:58.125,839,-40.003,-89.999,0.0,-90.239,0.003,-0.02,0.0,0.0,0.0,0.0,0.0,0.0,-40.003,-110.0,0.0,-90.239,0.003,-0.02,-40.003,-97.999,0.0,-90.239,0.003,-0.02,0.0,-2102.671512720892,0.0,0.0,0.0,0.0,0.0,-8.0,0.0,0.0,0.0,0.0,0.0137698,-0.0068849,-0.0275396,4.7987753,-0.0137698,-1.1773179,0.01231013430998,0.004438583638528,-0.006137728937652,-0.0029491758242370003,-0.000258699633705,0.00258699633705,20.001000000000005,1.6227030000663945,0.1437760001863353,0.06222199999683653,0.0
pd,23:52:58.127,840,-40.003,-89.999,0.0,-90.239,0.003,-0.02,0.0,0.0,0.0,0.0,0.0,0.0,-40.003,-110.0,0.0,-90.239,0.003,-0.02,-40.003,-97.999,0.0,-90.239,0.003,-0.02,0.0,-2110.3416352201257,0.0,0.0,0.0,0.0,0.0,-8.0,0.0,0.0,0.0,0.0,0.0137698,-0.0068849,-0.0275396,4.7987753,-0.0137698,-1.1773179,0.01231013430998,0.004438583638528,-0.006137728937652,-0.0029491758242370003,-0.000258699633705,0.00258699633705,20.001000000000005,1.6636469999866677,0.1801270000214572,0.08244400032708654,0.0
pd,23:52:58.130,841,-40.003,-89.999,0.0,-90.239,0.003,-0.02,0.0,0.0,0.0,0.0,0.0,0.0,-40.003,-110.0,0.0,-90.239,0.003,-0.02,-40.003,-97.999,0.0,-90.239,0.003,-0.02,0.0,-1636.0035104826914,0.0,0.0,0.0,0.0,0.0,-8.0,0.0,0.0,0.0,0.0,0.0137698,-0.0068849,-0.0275396,4.7987753,-0.0137698,-1.1773179,0.01231013430998,0.004438583638528,-0.006137728937652,-0.0029491758242370003,-0.000258699633705,0.00258699633705,20.001000000000005,1.801607999823318,0.21914500030106865,0.08279599978777696,0.0
pd,23:52:58.132,842,-40.003,-89.999,0.0,-90.239,0.003,-0.02,0.0,0.0,0.0,0.0,0.0,0.0,-40.003,-110.0,0.0,-90.239,0.003,-0.02,-40.003,-97.999,0.0,-90.239,0.003,-0.02,0.0,-1822.6198804997284,0.0,0.0,0.0,0.0,0.0,-8.0,0.0,0.0,0.0,0.0,0.0137698,-0.0068849,-0.0275396,4.7987753,-0.0137698,-1.1773179,0.01231013430998,0.004438583638528,-0.006137728937652,-0.0029491758242370003,-0.000258699633705,0.00258699633705,20.001000000000005,1.940476999607199,0.2409240000815771,0.09772100020200014,0.0
pd,23:52:58.134,843,-40.003,-89.999,0.0,-90.239,0.003,-0.02,0.0,0.0,0.0,0.0,0.0,0.0,-40.003,-110.0,0.0,-90.239,0.003,-0.02,-40.003,-97.999,0.0,-90.239,0.003,-0.02,0.0,-1689.8887993553585,0.0,0.0,0.0,0.0,0.0,-8.0,0.0,0.0,0.0,0.0,0.0137698,-0.0068849,-0.0275396,4.7987753,-0.0137698,-1.1773179,0.01231013430998,0.004438583638528,-0.006137728937652,-0.0029491758242370003,-0.000258699633705,0.00258699633705,20.001000000000005,1.6492400000061025,0.13694300014321925,0.059425000017654384,0.0
pd,23:52:58.136,844,-40.003,-89.999,0.0,-90.239,0.003,-0.02,0.0,0.0,0.0,0.0,0.0,0.0,-40.003,-110.0,0.0,-90.239,0.003,-0.02,-40.003,-97.999,0.0,-90.239,0.003,-0.02,0.0,-2094.7953552253716,0.0,0.0,0.0,0.0,0.0,-8.0,0.0,0.0,0.0,0.0,0.0137698,-0.0068849,-0.0275396,4.7987753,-0.0137698,-1.1773179,0.01231013430998,0.004438583638528,-0.006137728937652,-0.0029491758242370003,-0.000258699633705,0.00258699633705,20.001000000000005,1.6953500003182853,0.16862799975569942,0.07566500016764621,0.0
pd,23:52:58.138,845,-40.003,-89.999,0.0,-90.239,0.003,-0.02,0.0,0.0,0.0,0.0,0.0,0.0,-40.003,-110.0,0.0,-90.239,0.003,-0.02,-40.003,-97.999,0.0,-90.239,0.003,-0.02,0.0,-1985.7043437093148,0.0,0.0,0.0,0.0,0.0,-8.0,0.0,0.0,0.0,0.0,0.0137698,-0.0068849,-0.0275396,4.7987753,-0.0137698,-1.1773179,0.01231013430998,0.004438583638528,-0.006137728937652,-0.0029491758242370003,-0.000258699633705,0.00258699633705,20.001000000000005,1.7361459999847284,0.15896100012469105,0.07386900006167707,0.0
pd,23:52:58.140,846,-40.003,-89.999,0.0,-90.239,0.003,-0.02,0.0,0.0,0.0,0.0,0.0,0.0,-40.003,-110.0,0.0,-90.239,0.003,-0.02,-40.003,-97.999,0.0,-90.239,0.003,-0.02,0.0,-1960.4131806496846,0.0,0.0,0.0,0.0,0.0,-8.0,0.0,0.0,0.0,0.0,0.0137698,-0.0068849,-0.0275396,4.7987753,-0.0137698,-1.1773179,0.01231013430998,0.004438583638528,-0.006137728937652,-0.0029491758242370003,-0.000258699633705,0.00258699633705,20.001000000000005,1.6939990000537364,0.14735000013388344,0.06498099992313655,0.0
pd,23:52:58.142,847,-40.003,-89.999,0.0,-90.239,0.003,-0.02,0.0,0.0,0.0,0.0,0.0,0.0,-40.003,-110.0,0.0,-90.239,0.003,-0.02,-40.003,-97.999,0.0,-90.239,0.003,-0.02,0.0,-2025.4999396353978,0.0,0.0,0.0,0.0,0.0,-8.0,0.0,0.0,0.0,0.0,0.0137698,-0.0068849,-0.0275396,4.7987753,-0.0137698,-1.1773179,0.01231013430998,0.004438583638528,-0.006137728937652,-0.0029491758242370003,-0.000258699633705,0.00258699633705,20.001000000000005,1.6223329998865665,0.12710900000456604,0.05496199992194306,0.0
pd,23:52:58.144,848,-40.003,-89.999,0.0,-90.239,0.003,-0.02,0.0,0.0,0.0,0.0,0.0,0.0,-40.003,-110.0,0.0,-90.239,0.003,-0.02,-40.003,-97.999,0.0,-90.239,0.003,-0.02,0.0,-2143.7791975466394,0.0,0.0,0.0,0.0,0.0,-8.0,0.0,0.0,0.0,0.0,0.0137698,-0.0068849,-0.0275396,4.7987753,-0.0137698,-1.1773179,0.01231013430998,0.004438583638528,-0.006137728937652,-0.0029491758242370003,-0.000258699633705,0.00258699633705,20.001000000000005,1.636127999972814,0.1282019998143369,0.055777000397938536,0.0
pd,23:52:58.146,849,-40.003,-89.999,0.0,-90.239,0.003,-0.02,0.0,0.0,0.0,0.0,0.0,0.0,-40.003,-110.0,0.0,-90.239,0.003,-0.02,-40.003,-97.999,0.0,-90.239,0.003,-0.02,0.0,-2124.236009116232,0.0,0.0,0.0,0.0,0.0,-8.0,0.0,0.0,0.0,0.0,0.0137698,-0.0068849,-0.0275396,4.7987753,-0.0137698,-1.1773179,0.01231013430998,0.004438583638528,-0.006137728937652,-0.0029491758242370003,-0.000258699633705,0.00258699633705,20.001000000000005,1.625554999918677,0.14320200034489972,0.06807399995523156,0.0
pd,23:52:58.148,850,-40.003,-89.999,0.0,-90.239,0.003,-0.02,0.0,0.0,0.0,0.0,0.0,0.0,-40.003,-110.0,0.0,-90.239,0.003,-0.02,-40.003,-97.999,0.0,-90.239,0.003,-0.02,0.0,-2098.46353971232,0.0,0.0,0.0,0.0,0.0,-8.0,0.0,0.0,0.0,0.0,0.0137698,-0.0068849,-0.0275396,4.7987753,-0.0137698,-1.1773179,0.01231013430998,0.004438583638528,-0.006137728937652,-0.0029491758242370003,-0.000258699633705,0.00258699633705,20.001000000000005,1.692590999937238,0.1628309996704047,0.07212899981823284,0.0
pd,23:52:58.150,851,-40.003,-89.999,0.0,-90.239,0.003,-0.02,0.0,0.0,0.0,0.0,0.0,0.0,-40.003,-110.0,0.0,-90.239,0.003,-0.02,-40.003,-97.999,0.0,-90.239,0.003,-0.02,0.0,-1633.6140214216164,0.0,0.0,0.0,0.0,0.0,-8.0,0.0,0.0,0.0,0.0,0.0137698,-0.0068849,-0.0275396,4.7987753,-0.0137698,-1.1773179,0.01231013430998,0.004438583638528,-0.006137728937652,-0.0029491758242370003,-0.000258699633705,0.00258699633705,20.001000000000005,1.7889599998852646,0.2102939997712383,0.06631399992329534,0.0
pd,23:52:58.152,852,-40.003,-89.999,0.0,-90.239,0.003,-0.02,0.0,0.0,0.0,0.0,0.0,0.0,-40.003,-110.0,0.0,-90.239,0.003,-0.02,-40.003,-97.999,0.0,-90.239,0.003,-0.02,0.0,-1859.177304964539,0.0,0.0,0.0,0.0,0.0,-8.0,0.0,0.0,0.0,0.0,0.0137698,-0.0068849,-0.0275396,4.7987753,-0.0137698,-1.1773179,0.01231013430998,0.004438583638528,-0.006137728937652,-0.0029491758242370003,-0.000258699633705,0.00258699633705,20.001000000000005,1.688220999767509,0.15636799980711658,0.06940599996596575,0.0
pd,23:52:58.154,853,-40.003,-89.999,0.0,-90.239,0.003,-0.02,0.0,0.0,0.0,0.0,0.0,0.0,-40.003,-110.0,0.0,-90.239,0.003,-0.02,-40.003,-97.999,0.0,-90.239,0.003,-0.02,0.0,-2013.8297923418556,0.0,0.0,0.0,0.0,0.0,-8.0,0.0,0.0,0.0,0.0,0.0137698,-0.0068849,-0.0275396,4.7987753,-0.0137698,-1.1773179,0.01231013430998,0.004438583638528,-0.006137728937652,-0.0029491758242370003,-0.000258699633705,0.00258699633705,20.001000000000005,1.6212959999393206,0.1285729999835894,0.05488799979502801,0.0
pd,23:52:58.156,854,-40.003,-89.999,0.0,-90.239,0.003,-0.02,0.0,0.0,0.0,0.0,0.0,0.0,-40.003,-110.0,0.0,-90.239,0.003,-0.02,-40.003,-97.999,0.0,-90.239,0.003,-0.02,0.0,-2142.1368743615935,0.0,0.0,0.0,0.0,0.0,-8.0,0.0,0.0,0.0,0.0,0.0137698,-0.0068849,-0.0275396,4.7987753,-0.0137698,-1.1773179,0.01231013430998,0.004438583638528,-0.006137728937652,-0.0029491758242370003,-0.000258699633705,0.00258699633705,20.001000000000005,1.6592020001553465,0.16090500002974295,0.07403599965982721,0.0
pd,23:52:58.158,855,-40.003,-89.999,0.0,-90.239,0.003,-0.02,0.0,0.0,0.0,0.0,0.0,0.0,-40.003,-110.0,0.0,-90.239,0.003,-0.02,-40.003,-97.999,0.0,-90.239,0.003,-0.02,0.0,-2034.3417000121256,0.0,0.0,0.0,0.0,0.0,-8.0,0.0,0.0,0.0,0.0,0.0137698,-0.0068849,-0.0275396,4.7987753,-0.0137698,-1.1773179,0.01231013430998,0.004438583638528,-0.006137728937652,-0.0029491758242370003,-0.000258699633705,0.00258699633705,20.001000000000005,1.9440890000623767,0.1952379998328979,0.09370299994770903,0.0
pd,23:52:58.161,856,-40.003,-89.999,0.0,-90.239,0.003,-0.02,0.0,0.0,0.0,0.0,0.0,0.0,-40.003,-110.0,0.0,-90.239,0.003,-0.02,-40.003,-97.999,0.0,-90.239,0.003,-0.02,0.0,-1685.6441273987743,0.0,0.0,0.0,0.0,0.0,-8.0,0.0,0.0,0.0,0.0,0.0137698,-0.0068849,-0.0275396,4.7987753,-0.0137698,-1.1773179,0.01231013430998,0.004438583638528,-0.006137728937652,-0.0029491758242370003,-0.000258699633705,0.00258699633705,20.001000000000005,1.6560910003136087,0.15338699995481875,0.06059099996491568,0.0
pd,23:52:58.163,857,-40.003,-89.999,0.0,-90.239,0.003,-0.02,0.0,0.0,0.0,0.0,0.0,0.0,-40.003,-110.0,0.0,-90.239,0.003,-0.02,-40.003,-97.999,0.0,-90.239,0.003,-0.02,0.0,-2065.6508249199705,0.0,0.0,0.0,0.0,0.0,-8.0,0.0,0.0,0.0,0.0,0.0137698,-0.0068849,-0.0275396,4.7987753,-0.0137698,-1.1773179,0.01231013430998,0.004438583638528,-0.006137728937652,-0.0029491758242370003,-0.000258699633705,0.00258699633705,20.001000000000005,1.681387999724393,0.1470350002819032,0.0673140002618311,0.0
pd,23:52:58.165,858,-40.003,-89.999,0.0,-90.239,0.003,-0.02,0.0,0.0,0.0,0.0,0.0,0.0,-40.003,-110.0,0.0,-90.239,0.003,-0.02,-40.003,-97.999,0.0,-90.239,0.003,-0.02,0.0,-2037.058766391452,0.0,0.0,0.0,0.0,0.0,-8.0,0.0,0.0,0.0,0.0,0.0137698,-0.0068849,-0.0275396,4.7987753,-0.0137698,-1.1773179,0.01231013430998,0.004438583638528,-0.006137728937652,-0.0029491758242370003,-0.000258699633705,0.00258699633705,20.001000000000005,2.078808000078425,0.2459040001667745,0.11809099987658556,0.0
pd,23:52:58.167,859,-40.003,-89.999,0.0,-90.239,0.003,-0.02,0.0,0.0,0.0,0.0,0.0,0.0,-40.003,-110.0,0.0,-90.239,0.003,-0.02,-40.003,-97.999,0.0,-90.239,0.003,-0.02,0.0,-1571.9306661669634,0.0,0.0,0.0,0.0,0.0,-8.0,0.0,0.0,0.0,0.0,0.0137698,-0.0068849,-0.0275396,4.7987753,-0.0137698,-1.1773179,0.01231013430998,0.004438583638528,-0.006137728937652,-0.0029491758242370003,-0.000258699633705,0.00258699633705,20.001000000000005,1.7552199997226126,0.15818300016690046,0.06722200032527326,0.0
pd,23:52:58.169,860,-40.003,-89.999,0.0,-90.239,0.003,-0.02,0.0,0.0,0.0,0.0,0.0,0.0,-40.003,-110.0,0.0,-90.239,0.003,-0.02,-40.003,-97.999,0.0,-90.239,0.003,-0.02,0.0,-1944.9589612798516,0.0,0.0,0.0,0.0,0.0,-8.0,0.0,0.0,0.0,0.0,0.0137698,-0.0068849,-0.0275396,4.7987753,-0.0137698,-1.1773179,0.01231013430998,0.004438583638528,-0.006137728937652,-0.0029491758242370003,-0.000258699633705,0.00258699633705,20.001000000000005,1.653351000186376,0.15422099977513426,0.06538800016642199,0.0
pd,23:52:58.172,861,-40.003,-89.999,0.0,-90.239,0.003,-0.02,0.0,0.0,0.0,0.0,0.0,0.0,-40.003,-110.0,0.0,-90.239,0.003,-0.02,-40.003,-97.999,0.0,-90.239,0.003,-0.02,0.0,-1676.5480163885281,0.0,0.0,0.0,0.0,0.0,-8.0,0.0,0.0,0.0,0.0,0.0137698,-0.0068849,-0.0275396,4.7987753,-0.0137698,-1.1773179,0.01231013430998,0.004438583638528,-0.006137728937652,-0.0029491758242370003,-0.000258699633705,0.00258699633705,20.001000000000005,1.8407369998385548,0.22194199982550344,0.07675800043216441,0.0
pd,23:52:58.174,862,-40.003,-89.999,0.0,-90.239,0.003,-0.02,0.0,0.0,0.0,0.0,0.0,0.0,-40.003,-110.0,0.0,-90.239,0.003,-0.02,-40.003,-97.999,0.0,-90.239,0.003,-0.02,0.0,-1772.7404902789517,0.0,0.0,0.0,0.0,0.0,-8.0,0.0,0.0,0.0,0.0,0.0137698,-0.0068849,-0.0275396,4.7987753,-0.0137698,-1.1773179,0.01231013430998,0.004438583638528,-0.006137728937652,-0.0029491758242370003,-0.000258699633705,0.00258699633705,20.001000000000005,1.6405179999310349,0.1424430001861765,0.05794399976366549,0.0
pd,23:52:58.176,863,-40.003,-89.999,0.0,-90.239,0.003,-0.02,0.0,0.0,0.0,0.0,0.0,0.0,-40.003,-110.0,0.0,-90.239,0.003,-0.02,-40.003,-97.999,0.0,-90.239,0.003,-0.02,0.0,-2098.9886150381585,0.0,0.0,0.0,0.0,0.0,-8.0,0.0,0.0,0.0,0.0,0.0137698,-0.0068849,-0.0275396,4.7987753,-0.0137698,-1.1773179,0.01231013430998,0.004438583638528,-0.006137728937652,-0.0029491758242370003,-0.000258699633705,0.00258699633705,20.001000000000005,1.6613319999123632,0.15625800006091595,0.07320300028368365,0.0
pd,23:52:58.178,864,-40.003,-89.999,0.0,-90.239,0.003,-0.02,0.0,0.0,0.0,0.0,0.0,0.0,-40.003,-110.0,0.0,-90.239,0.003,-0.02,-40.003,-97.999,0.0,-90.239,0.003,-0.02,0.0,-2036.8114604831856,0.0,0.0,0.0,0.0,0.0,-8.0,0.0,0.0,0.0,0.0,0.0137698,-0.0068849,-0.0275396,4.7987753,-0.0137698,-1.1773179,0.01231013430998,0.004438583638528,-0.006137728937652,-0.0029491758242370003,-0.000258699633705,0.00258699633705,20.001000000000005,1.659831999859307,0.15490599980694242,0.06742499999745633,0.0
pd,23:52:58.180,865,-40.003,-89.999,0.0,-90.239,0.003,-0.02,0.0,0.0,0.0,0.0,0.0,0.0,-40.003,-110.0,0.0,-90.239,0.003,-0.02,-40.003,-97.999,0.0,-90.239,0.003,-0.02,0.0,-2046.5010978287387,0.0,0.0,0.0,0.0,0.0,-8.0,0.0,0.0,0.0,0.0,0.0137698,-0.0068849,-0.0275396,4.7987753,-0.0137698,-1.1773179,0.01231013430998,0.004438583638528,-0.006137728937652,-0.0029491758242370003,-0.000258699633705,0.00258699633705,20.001000000000005,1.7016470001181006,0.1482020002185891,0.06420299996534595,0.0
pd,23:52:58.182,866,-40.003,-89.999,0.0,-90.239,0.003,-0.02,0.0,0.0,0.0,0.0,0.0,0.0,-40.003,-110.0,0.0,-90.239,0.003,-0.02,-40.003,-97.999,0.0,-90.239,0.003,-0.02,0.0,-2017.2196705542865,0.0,0.0,0.0,0.0,0.0,-8.0,0.0,0.0,0.0,0.0,0.0137698,-0.0068849,-0.0275396,4.7987753,-0.0137698,-1.1773179,0.01231013430998,0.004438583638528,-0.006137728937652,-0.0029491758242370003,-0.000258699633705,0.00258699633705,20.001000000000005,1.6742950001571444,0.1350720003756578,0.05572100008066627,0.0
pd,23:52:58.184,867,-40.003,-89.999,0.0,-90.239,0.003,-0.02,0.0,0.0,0.0,0.0,0.0,0.0,-40.003,-110.0,0.0,-90.239,0.003,-0.02,-40.003,-97.999,0.0,-90.239,0.003,-0.02,0.0,-2076.388118811881,0.0,0.0,0.0,0.0,0.0,-8.0,0.0,0.0,0.0,0.0,0.0137698,-0.0068849,-0.0275396,4.7987753,-0.0137698,-1.1773179,0.01231013430998,0.004438583638528,-0.006137728937652,-0.0029491758242370003,-0.000258699633705,0.00258699633705,20.001000000000005,1.9011080003110692,0.18394299968349515,0.08799899978839676,0.0
pd,23:52:58.186,868,-40.003,-89.999,0.0,-90.239,0.003,-0.02,0.0,0.0,0.0,0.0,0.0,0.0,-40.003,-110.0,0.0,-90.239,0.003,-0.02,-40.003,-97.999,0.0,-90.239,0.003,-0.02,0.0,-1774.9911129919594,0.0,0.0,0.0,0.0,0.0,-8.0,0.0,0.0,0.0,0.0,0.0137698,-0.0068849,-0.0275396,4.7987753,-0.0137698,-1.1773179,0.01231013430998,0.004438583638528,-0.006137728937652,-0.0029491758242370003,-0.000258699633705,0.00258699633705,20.001000000000005,1.649905999784096,0.1577389998601575,0.071036000008462,0.0
pd,23:52:58.188,869,-40.003,-89.999,0.0,-90.239,0.003,-0.02,0.0,0.0,0.0,0.0,0.0,0.0,-40.003,-110.0,0.0,-90.239,0.003,-0.02,-40.003,-97.999,0.0,-90.239,0.003,-0.02,0.0,-2008.2853722767536,0.0,0.0,0.0,0.0,0.0,-8.0,0.0,0.0,0.0,0.0,0.0137698,-0.0068849,-0.0275396,4.7987753,-0.0137698,-1.1773179,0.01231013430998,0.004438583638528,-0.006137728937652,-0.0029491758242370003,-0.000258699633705,0.00258699633705,20.001000000000005,1.7008869999699527,0.2646819998517458,0.0856840001688397,0.0
pd,23:52:58.190,870,-40.003,-89.999,0.0,-90.239,0.003,-0.02,0.0,0.0,0.0,0.0,0.0,0.0,-40.003,-110.0,0.0,-90.239,0.003,-0.02,-40.003,-97.999,0.0,-90.239,0.003,-0.02,0.0,-1879.168458781362,0.0,0.0,0.0,0.0,0.0,-8.0,0.0,0.0,0.0,0.0,0.0137698,-0.0068849,-0.0275396,4.7987753,-0.0137698,-1.1773179,0.01231013430998,0.004438583638528,-0.006137728937652,-0.0029491758242370003,-0.000258699633705,0.00258699633705,20.001000000000005,1.6667019999658805,0.2337009996153938,0.09973999976864434,0.0
pd,23:52:58.192,871,-40.003,-89.999,0.0,-90.239,0.003,-0.02,0.0,0.0,0.0,0.0,0.0,0.0,-40.003,-110.0,0.0,-90.239,0.003,-0.02,-40.003,-97.999,0.0,-90.239,0.003,-0.02,0.0,-1571.6361592505855,0.0,0.0,0.0,0.0,0.0,-8.0,0.0,0.0,0.0,0.0,0.0137698,-0.0068849,-0.0275396,4.7987753,-0.0137698,-1.1773179,0.01231013430998,0.004438583638528,-0.006137728937652,-0.0029491758242370003,-0.000258699633705,0.00258699633705,20.001000000000005,1.934291999987181,0.3972909998992691,0.09618400008548633,0.0
pd,23:52:58.195,872,-40.003,-89.999,0.0,-90.239,0.003,-0.02,0.0,0.0,0.0,0.0,0.0,0.0,-40.003,-110.0,0.0,-90.239,0.003,-0.02,-40.003,-97.999,0.0,-90.239,0.003,-0.02,0.0,-1583.353718384296,0.0,0.0,0.0,0.0,0.0,-8.0,0.0,0.0,0.0,0.0,0.0137698,-0.0068849,-0.0275396,4.7987753,-0.0137698,-1.1773179,0.01231013430998,0.004438583638528,-0.006137728937652,-0.0029491758242370003,-0.000258699633705,0.00258699633705,20.001000000000005,1.7444609998165106,0.15775700012454763,0.07298099990293849,0.0
pd,23:52:58.197,873,-40.003,-89.999,0.0,-90.239,0.003,-0.02,0.0,0.0,0.0,0.0,0.0,0.0,-40.003,-110.0,0.0,-90.239,0.003,-0.02,-40.003,-97.999,0.0,-90.239,0.003,-0.02,0.0,-1945.4100185528757,0.0,0.0,0.0,0.0,0.0,-8.0,0.0,0.0,0.0,0.0,0.0137698,-0.0068849,-0.0275396,4.7987753,-0.0137698,-1.1773179,0.01231013430998,0.004438583638528,-0.006137728937652,-0.0029491758242370003,-0.000258699633705,0.00258699633705,20.001000000000005,1.7447019999963231,0.24081199990177993,0.13136899997334694,0.0
pd,23:52:58.199,874,-40.003,-89.999,0.0,-90.239,0.003,-0.02,0.0,0.0,0.0,0.0,0.0,0.0,-40.003,-110.0,0.0,-90.239,0.003,-0.02,-40.003,-97.999,0.0,-90.239,0.003,-0.02,0.0,-1800.1304721030042,0.0,0.0,0.0,0.0,0.0,-8.0,0.0,0.0,0.0,0.0,0.0137698,-0.0068849,-0.0275396,4.7987753,-0.0137698,-1.1773179,0.01231013430998,0.004438583638528,-0.006137728937652,-0.0029491758242370003,-0.000258699633705,0.00258699633705,20.001000000000005,1.787607999631291,0.19342299992786138,0.07407299972328474,0.0
pd,23:52:58.201,875,-40.003,-89.999,0.0,-90.239,0.003,-0.02,0.0,0.0,0.0,0.0,0.0,0.0,-40.003,-110.0,0.0,-90.239,0.003,-0.02,-40.003,-97.999,0.0,-90.239,0.003,-0.02,0.0,-1876.6460850111857,0.0,0.0,0.0,0.0,0.0,-8.0,0.0,0.0,0.0,0.0,0.0137698,-0.0068849,-0.0275396,4.7987753,-0.0137698,-1.1773179,0.01231013430998,0.004438583638528,-0.006137728937652,-0.0029491758242370003,-0.000258699633705,0.00258699633705,20.001000000000005,1.807014999940293,0.185868000244227,0.08516600018992904,0.0
pd,23:52:58.204,876,-40.003,-89.999,0.0,-90.239,0.003,-0.02,0.0,0.0,0.0,0.0,0.0,0.0,-40.003,-110.0,0.0,-90.239,0.003,-0.02,-40.003,-97.999,0.0,-90.239,0.003,-0.02,0.0,-1847.711013215859,0.0,0.0,0.0,0.0,0.0,-8.0,0.0,0.0,0.0,0.0,0.0137698,-0.0068849,-0.0275396,4.7987753,-0.0137698,-1.1773179,0.01231013430998,0.004438583638528,-0.006137728937652,-0.0029491758242370003,-0.000258699633705,0.00258699633705,20.001000000000005,1.7299980004281679,0.15770200025144732,0.14027599991095485,0.0
pd,23:52:58.206,877,-40.003,-89.999,0.0,-90.239,0.003,-0.02,0.0,0.0,0.0,0.0,0.0,0.0,-40.003,-110.0,0.0,-90.239,0.003,-0.02,-40.003,-97.999,0.0,-90.239,0.003,-0.02,0.0,-1900.6702163815567,0.0,0.0,0.0,0.0,0.0,-8.0,0.0,0.0,0.0,0.0,0.0137698,-0.0068849,-0.0275396,4.7987753,-0.0137698,-1.1773179,0.01231013430998,0.004438583638528,-0.006137728937652,-0.0029491758242370003,-0.000258699633705,0.00258699633705,20.001000000000005,1.7022950000864512,0.1698870000836905,0.07068400009302422,0.0
pd,23:52:58.208,878,-40.003,-89.999,0.0,-90.239,0.003,-0.02,0.0,0.0,0.0,0.0,0.0,0.0,-40.003,-110.0,0.0,-90.239,0.003,-0.02,-40.003,-97.999,0.0,-90.239,0.003,-0.02,0.0,-1984.2952099349498,0.0,0.0,0.0,0.0,0.0,-8.0,0.0,0.0,0.0,0.0,0.0137698,-0.0068849,-0.0275396,4.7987753,-0.0137698,-1.1773179,0.01231013430998,0.004438583638528,-0.006137728937652,-0.0029491758242370003,-0.000258699633705,0.00258699633705,20.001000000000005,1.978420999876107,0.21157099990887218,0.10027600001194514,0.0
pd,23:52:58.210,879,-40.003,-89.999,0.0,-90.239,0.003,-0.02,0.0,0.0,0.0,0.0,0.0,0.0,-40.003,-110.0,0.0,-90.239,0.003,-0.02,-40.003,-97.999,0.0,-90.239,0.003,-0.02,0.0,-1680.2419629444166,0.0,0.0,0.0,0.0,0.0,-8.0,0.0,0.0,0.0,0.0,0.0137698,-0.0068849,-0.0275396,4.7987753,-0.0137698,-1.1773179,0.01231013430998,0.004438583638528,-0.006137728937652,-0.0029491758242370003,-0.000258699633705,0.00258699633705,20.001000000000005,1.7154429997390253,0.15201699989120243,0.06457400013459846,0.0
pd,23:52:58.212,880,-40.003,-89.999,0.0,-90.239,0.003,-0.02,0.0,0.0,0.0,0.0,0.0,0.0,-40.003,-110.0,0.0,-90.239,0.003,-0.02,-40.003,-97.999,0.0,-90.239,0.003,-0.02,0.0,-2000.3834505782759,0.0,0.0,0.0,0.0,0.0,-8.0,0.0,0.0,0.0,0.0,0.0137698,-0.0068849,-0.0275396,4.7987753,-0.0137698,-1.1773179,0.01231013430998,0.004438583638528,-0.006137728937652,-0.0029491758242370003,-0.000258699633705,0.00258699633705,20.001000000000005,1.7429049999009294,0.1441460003661632,0.062183999943954404,0.0
pd,23:52:58.215,881,-40.003,-89.999,0.0,-90.239,0.003,-0.02,0.0,0.0,0.0,0.0,0.0,0.0,-40.003,-110.0,0.0,-90.239,0.003,-0.02,-40.003,-97.999,0.0,-90.239,0.003,-0.02,0.0,-1615.6795069337443,0.0,0.0,0.0,0.0,0.0,-8.0,0.0,0.0,0.0,0.0,0.0137698,-0.0068849,-0.0275396,4.7987753,-0.0137698,-1.1773179,0.01231013430998,0.004438583638528,-0.006137728937652,-0.0029491758242370003,-0.000258699633705,0.00258699633705,20.001000000000005,1.8939040000987006,0.2785520000543329,0.08574000003136462,0.0
pd,23:52:58.217,882,-40.003,-89.999,0.0,-90.239,0.003,-0.02,0.0,0.0,0.0,0.0,0.0,0.0,-40.003,-110.0,0.0,-90.239,0.003,-0.02,-40.003,-97.999,0.0,-90.239,0.003,-0.02,0.0,-1702.579257154455,0.0,0.0,0.0,0.0,0.0,-8.0,0.0,0.0,0.0,0.0,0.0137698,-0.0068849,-0.0275396,4.7987753,-0.0137698,-1.1773179,0.01231013430998,0.004438583638528,-0.006137728937652,-0.0029491758242370003,-0.000258699633705,0.00258699633705,20.001000000000005,1.6917210000428895,0.18699699967328343,0.08659100012664567,0.0
pd,23:52:58.219,883,-40.003,-89.999,0.0,-90.239,0.003,-0.02,0.0,0.0,0.0,0.0,0.0,0.0,-40.003,-110.0,0.0,-90.239,0.003,-0.02,-40.003,-97.999,0.0,-90.239,0.003,-0.02,0.0,-1953.110128055879,0.0,0.0,0.0,0.0,0.0,-8.0,0.0,0.0,0.0,0.0,0.0137698,-0.0068849,-0.0275396,4.7987753,-0.0137698,-1.1773179,0.01231013430998,0.004438583638528,-0.006137728937652,-0.0029491758242370003,-0.000258699633705,0.00258699633705,20.001000000000005,1.6554799999539682,0.19103500017081387,0.07111000013537705,0.0
pd,23:52:58.221,884,-40.003,-89.999,0.0,-90.239,0.003,-0.02,0.0,0.0,0.0,0.0,0.0,0.0,-40.003,-110.0,0.0,-90.239,0.003,-0.02,-40.003,-97.999,0.0,-90.239,0.003,-0.02,0.0,-2012.3804725920595,0.0,0.0,0.0,0.0,0.0,-8.0,0.0,0.0,0.0,0.0,0.0137698,-0.0068849,-0.0275396,4.7987753,-0.0137698,-1.1773179,0.01231013430998,0.004438583638528,-0.006137728937652,-0.0029491758242370003,-0.000258699633705,0.00258699633705,20.001000000000005,1.6279619999295392,0.16372000027331524,0.08931399997891276,0.0
pd,23:52:58.223,885,-40.003,-89.999,0.0,-90.239,0.003,-0.02,0.0,0.0,0.0,0.0,0.0,0.0,-40.003,-110.0,0.0,-90.239,0.003,-0.02,-40.003,-97.999,0.0,-90.239,0.003,-0.02,0.0,-2040.0311284046693,0.0,0.0,0.0,0.0,0.0,-8.0,0.0,0.0,0.0,0.0,0.0137698,-0.0068849,-0.0275396,4.7987753,-0.0137698,-1.1773179,0.01231013430998,0.004438583638528,-0.006137728937652,-0.0029491758242370003,-0.000258699633705,0.00258699633705,20.001000000000005,1.6634439998597372,0.21918199990977882,0.07085099969117437,0.0
pd,23:52:58.225,886,-40.003,-89.999,0.0,-90.239,0.003,-0.02,0.0,0.0,0.0,0.0,0.0,0.0,-40.003,-110.0,0.0,-90.239,0.003,-0.02,-40.003,-97.999,0.0,-90.239,0.003,-0.02,0.0,-1972.3978368210676,0.0,0.0,0.0,0.0,0.0,-8.0,0.0,0.0,0.0,0.0,0.0137698,-0.0068849,-0.0275396,4.7987753,-0.0137698,-1.1773179,0.01231013430998,0.004438583638528,-0.006137728937652,-0.0029491758242370003,-0.000258699633705,0.00258699633705,20.001000000000005,1.6343329998562695,0.13597999986814102,0.05742600023950217,0.0
pd,23:52:58.227,887,-40.003,-89.999,0.0,-90.239,0.003,-0.02,0.0,0.0,0.0,0.0,0.0,0.0,-40.003,-110.0,0.0,-90.239,0.003,-0.02,-40.003,-97.999,0.0,-90.239,0.003,-0.02,0.0,-2112.7334088905677,0.0,0.0,0.0,0.0,0.0,-8.0,0.0,0.0,0.0,0.0,0.0137698,-0.0068849,-0.0275396,4.7987753,-0.0137698,-1.1773179,0.01231013430998,0.004438583638528,-0.006137728937652,-0.0029491758242370003,-0.000258699633705,0.00258699633705,20.001000000000005,1.6504069999427884,0.19370200016055605,0.07714799994573696,0.0
pd,23:52:58.229,888,-40.003,-89.999,0.0,-90.239,0.003,-0.02,0.0,0.0,0.0,0.0,0.0,0.0,-40.003,-110.0,0.0,-90.239,0.003,-0.02,-40.003,-97.999,0.0,-90.239,0.003,-0.02,0.0,-2004.6858644999402,0.0,0.0,0.0,0.0,0.0,-8.0,0.0,0.0,0.0,0.0,0.0137698,-0.0068849,-0.0275396,4.7987753,-0.0137698,-1.1773179,0.01231013430998,0.004438583638528,-0.006137728937652,-0.0029491758242370003,-0.000258699633705,0.00258699633705,20.001000000000005,1.7304060002061306,0.25340399997730856,0.12396200008879532,0.0
pd,23:52:58.231,889,-40.003,-89.999,0.0,-90.239,0.003,-0.02,0.0,0.0,0.0,0.0,0.0,0.0,-40.003,-110.0,0.0,-90.239,0.003,-0.02,-40.003,-97.999,0.0,-90.239,0.003,-0.02,0.0,-1807.1107281344248,0.0,0.0,0.0,0.0,0.0,-8.0,0.0,0.0,0.0,0.0,0.0137698,-0.0068849,-0.0275396,4.7987753,-0.0137698,-1.1773179,0.01231013430998,0.004438583638528,-0.006137728937652,-0.0029491758242370003,-0.000258699633705,0.00258699633705,20.001000000000005,1.800164000087534,0.17234899996765307,0.07094400007190416,0.0
pd,23:52:58.233,890,-40.003,-89.999,0.0,-90.239,0.003,-0.02,0.0,0.0,0.0,0.0,0.0,0.0,-40.003,-110.0,0.0,-90.239,0.003,-0.02,-40.003,-97.999,0.0,-90.239,0.003,-0.02,0.0,-1888.475461503827,0.0,0.0,0.0,0.0,0.0,-8.0,0.0,0.0,0.0,0.0,0.0137698,-0.0068849,-0.0275396,4.7987753,-0.0137698,-1.1773179,0.01231013430998,0.004438583638528,-0.006137728937652,-0.0029491758242370003,-0.000258699633705,0.00258699633705,20.001000000000005,1.6209440000238828,0.13055399995209882,0.054259000080492115,0.0
pd,23:52:58.235,891,-40.003,-89.999,0.0,-90.239,0.003,-0.02,0.0,0.0,0.0,0.0,0.0,0.0,-40.003,-110.0,0.0,-90.239,0.003,-0.02,-40.003,-97.999,0.0,-90.239,0.003,-0.02,0.0,-1724.9862224964013,0.0,0.0,0.0,0.0,0.0,-8.0,0.0,0.0,0.0,0.0,0.0137698,-0.0068849,-0.0275396,4.7987753,-0.0137698,-1.1773179,0.01231013430998,0.004438583638528,-0.006137728937652,-0.0029491758242370003,-0.000258699633705,0.00258699633705,20.001000000000005,2.1179569998821535,0.23521999992226483,0.10844300004464458,0.0
pd,23:52:58.238,892,-40.003,-89.999,0.0,-90.239,0.003,-0.02,0.0,0.0,0.0,0.0,0.0,0.0,-40.003,-110.0,0.0,-90.239,0.003,-0.02,-40.003,-97.999,0.0,-90.239,0.003,-0.02,0.0,-1564.0175258693018,0.0,0.0,0.0,0.0,0.0,-8.0,0.0,0.0,0.0,0.0,0.0137698,-0.0068849,-0.0275396,4.7987753,-0.0137698,-1.1773179,0.01231013430998,0.004438583638528,-0.006137728937652,-0.0029491758242370003,-0.000258699633705,0.00258699633705,20.001000000000005,1.6627400000288617,0.16412800005127792,0.06994300019869115,0.0
pd,23:52:58.240,893,-40.003,-89.999,0.0,-90.239,0.003,-0.02,0.0,0.0,0.0,0.0,0.0,0.0,-40.003,-110.0,0.0,-90.239,0.003,-0.02,-40.003,-97.999,0.0,-90.239,0.003,-0.02,0.0,-2031.631872124001,0.0,0.0,0.0,0.0,0.0,-8.0,0.0,0.0,0.0,0.0,0.0137698,-0.0068849,-0.0275396,4.7987753,-0.0137698,-1.1773179,0.01231013430998,0.004438583638528,-0.006137728937652,-0.0029491758242370003,-0.000258699633705,0.00258699633705,20.001000000000005,1.7647200002102181,0.18483099984223372,0.08559199977753451,0.0
pd,23:52:58.242,894,-40.003,-89.999,0.0,-90.239,0.003,-0.02,0.0,0.0,0.0,0.0,0.0,0.0,-40.003,-110.0,0.0,-90.239,0.003,-0.02,-40.003,-97.999,0.0,-90.239,0.003,-0.02,0.0,-1888.688055836992,0.0,0.0,0.0,0.0,0.0,-8.0,0.0,0.0,0.0,0.0,0.0137698,-0.0068849,-0.0275396,4.7987753,-0.0137698,-1.1773179,0.01231013430998,0.004438583638528,-0.006137728937652,-0.0029491758242370003,-0.000258699633705,0.00258699633705,20.001000000000005,1.631425000141462,0.1359249999950407,0.056257999858644325,0.0
pd,23:52:58.244,895,-40.003,-89.999,0.0,-90.239,0.003,-0.02,0.0,0.0,0.0,0.0,0.0,0.0,-40.003,-110.0,0.0,-90.239,0.003,-0.02,-40.003,-97.999,0.0,-90.239,0.003,-0.02,0.0,-2118.870421823693,0.0,0.0,0.0,0.0,0.0,-8.0,0.0,0.0,0.0,0.0,0.0137698,-0.0068849,-0.0275396,4.7987753,-0.0137698,-1.1773179,0.01231013430998,0.004438583638528,-0.006137728937652,-0.0029491758242370003,-0.000258699633705,0.00258699633705,20.001000000000005,1.6745169996283948,0.13540600002670544,0.05857400037712068,0.0
pd,23:52:58.246,896,-40.003,-89.999,0.0,-90.239,0.003,-0.02,0.0,0.0,0.0,0.0,0.0,0.0,-40.003,-110.0,0.0,-90.239,0.003,-0.02,-40.003,-97.999,0.0,-90.239,0.003,-0.02,0.0,-2069.9834669956817,0.0,0.0,0.0,0.0,0.0,-8.0,0.0,0.0,0.0,0.0,0.0137698,-0.0068849,-0.0275396,4.7987753,-0.0137698,-1.1773179,0.01231013430998,0.004438583638528,-0.006137728937652,-0.0029491758242370003,-0.000258699633705,0.00258699633705,20.001000000000005,1.6064809997260454,0.12323900000410504,0.053109999953449005,0.0
pd,23:52:58.248,897,-40.003,-89.999,0.0,-90.239,0.003,-0.02,0.0,0.0,0.0,0.0,0.0,0.0,-40.003,-110.0,0.0,-90.239,0.003,-0.02,-40.003,-97.999,0.0,-90.239,0.003,-0.02,0.0,-2169.0001292824822,0.0,0.0,0.0,0.0,0.0,-8.0,0.0,0.0,0.0,0.0,0.0137698,-0.0068849,-0.0275396,4.7987753,-0.0137698,-1.1773179,0.01231013430998,0.004438583638528,-0.006137728937652,-0.0029491758242370003,-0.000258699633705,0.00258699633705,20.001000000000005,1.6606279996267403,0.16092399982881034,0.07592500014652614,0.0
pd,23:52:58.250,898,-40.003,-89.999,0.0,-90.239,0.003,-0.02,0.0,0.0,0.0,0.0,0.0,0.0,-40.003,-110.0,0.0,-90.239,0.003,-0.02,-40.003,-97.999,0.0,-90.239,0.003,-0.02,0.0,-2027.9482654417986,0.0,0.0,0.0,0.0,0.0,-8.0,0.0,0.0,0.0,0.0,0.0137698,-0.0068849,-0.0275396,4.7987753,-0.0137698,-1.1773179,0.01231013430998,0.004438583638528,-0.006137728937652,-0.0029491758242370003,-0.000258699633705,0.00258699633705,20.001000000000005,1.8494229998395895,0.16744200001994614,0.0762949998716067,0.0
pd,23:52:58.252,899,-40.003,-89.999,0.0,-90.239,0.003,-0.02,0.0,0.0,0.0,0.0,0.0,0.0,-40.003,-110.0,0.0,-90.239,0.003,-0.02,-40.003,-97.999,0.0,-90.239,0.003,-0.02,0.0,-1844.2581070682643,0.0,0.0,0.0,0.0,0.0,-8.0,0.0,0.0,0.0,0.0,0.0137698,-0.0068849,-0.0275396,4.7987753,-0.0137698,-1.1773179,0.01231013430998,0.004438583638528,-0.006137728937652,-0.0029491758242370003,-0.000258699633705,0.00258699633705,20.001000000000005,1.6507210002600914,0.13516500030164025,0.05985100006000721,0.0
pd,23:52:58.254,900,-40.003,-89.999,0.0,-90.239,0.003,-0.02,0.0,0.0,0.0,0.0,0.0,0.0,-40.003,-110.0,0.0,-90.239,0.003,-0.02,-40.003,-97.999,0.0,-90.239,0.003,-0.02,0.0,-2094.5338327091135,0.0,0.0,0.0,0.0,0.0,-8.0,0.0,0.0,0.0,0.0,0.0137698,-0.0068849,-0.0275396,4.7987753,-0.0137698,-1.1773179,0.01231013430998,0.004438583638528,-0.006137728937652,-0.0029491758242370003,-0.000258699633705,0.00258699633705,20.001000000000005,1.5966290002324968,0.1247019999937038,0.05374100010158145,0.0
pd,23:52:58.256,901,-40.003,-89.999,0.0,-90.239,0.003,-0.02,0.0,0.0,0.0,0.0,0.0,0.0,-40.003,-110.0,0.0,-90.239,0.003,-0.02,-40.003,-97.999,0.0,-90.239,0.003,-0.02,0.0,-1735.1552383907333,0.0,0.0,0.0,0.0,0.0,-8.0,0.0,0.0,0.0,0.0,0.0137698,-0.0068849,-0.0275396,4.7987753,-0.0137698,-1.1773179,0.01231013430998,0.004438583638528,-0.006137728937652,-0.0029491758242370003,-0.000258699633705,0.00258699633705,20.001000000000005,1.8908669999291305,0.22314499983622227,0.0853689998621121,0.0
pd,23:52:58.258,902,-40.003,-89.999,0.0,-90.239,0.003,-0.02,0.0,0.0,0.0,0.0,0.0,0.0,-40.003,-110.0,0.0,-90.239,0.003,-0.02,-40.003,-97.999,0.0,-90.239,0.003,-0.02,0.0,-1742.0014536392898,0.0,0.0,0.0,0.0,0.0,-8.0,0.0,0.0,0.0,0.0,0.0137698,-0.0068849,-0.0275396,4.7987753,-0.0137698,-1.1773179,0.01231013430998,0.004438583638528,-0.006137728937652,-0.0029491758242370003,-0.000258699633705,0.00258699633705,20.001000000000005,1.6551469998375978,0.15566499996566563,0.06709199988108594,0.0
pd,23:52:58.260,903,-40.003,-89.999,0.0,-90.239,0.003,-0.02,0.0,0.0,0.0,0.0,0.0,0.0,-40.003,-110.0,0.0,-90.239,0.003,-0.02,-40.003,-97.999,0.0,-90.239,0.003,-0.02,0.0,-2052.2588379204894,0.0,0.0,0.0,0.0,0.0,-8.0,0.0,0.0,0.0,0.0,0.0137698,-0.0068849,-0.0275396,4.7987753,-0.0137698,-1.1773179,0.01231013430998,0.004438583638528,-0.006137728937652,-0.0029491758242370003,-0.000258699633705,0.00258699633705,20.001000000000005,1.920772999710607,0.19166400034009712,0.09436899972570245,0.0
pd,23:52:58.263,904,-40.003,-89.999,0.0,-90.239,0.003,-0.02,0.0,0.0,0.0,0.0,0.0,0.0,-40.003,-110.0,0.0,-90.239,0.003,-0.02,-40.003,-97.999,0.0,-90.239,0.003,-0.02,0.0,-1745.6264696701696,0.0,0.0,0.0,0.0,0.0,-8.0,0.0,0.0,0.0,0.0,0.0137698,-0.0068849,-0.0275396,4.7987753,-0.0137698,-1.1773179,0.01231013430998,0.004438583638528,-0.006137728937652,-0.0029491758242370003,-0.000258699633705,0.00258699633705,20.001000000000005,1.635146999888093,0.13325800000529853,0.05857399992237333,0.0
pd,23:52:58.265,905,-40.003,-89.999,0.0,-90.239,0.003,-0.02,0.0,0.0,0.0,0.0,0.0,0.0,-40.003,-110.0,0.0,-90.239,0.003,-0.02,-40.003,-97.999,0.0,-90.239,0.003,-0.02,0.0,-2116.46474075943,0.0,0.0,0.0,0.0,0.0,-8.0,0.0,0.0,0.0,0.0,0.0137698,-0.0068849,-0.0275396,4.7987753,-0.0137698,-1.1773179,0.01231013430998,0.004438583638528,-0.006137728937652,-0.0029491758242370003,-0.000258699633705,0.00258699633705,20.001000000000005,1.7030169997269695,0.16505399980815127,0.076683999850502,0.0
pd,23:52:58.267,906,-40.003,-89.999,0.0,-90.239,0.003,-0.02,0.0,0.0,0.0,0.0,0.0,0.0,-40.003,-110.0,0.0,-90.239,0.003,-0.02,-40.003,-97.999,0.0,-90.239,0.003,-0.02,0.0,-1980.7811097992917,0.0,0.0,0.0,0.0,0.0,-8.0,0.0,0.0,0.0,0.0,0.0137698,-0.0068849,-0.0275396,4.7987753,-0.0137698,-1.1773179,0.01231013430998,0.004438583638528,-0.006137728937652,-0.0029491758242370003,-0.000258699633705,0.00258699633705,20.001000000000005,1.7215719999512658,0.17240499983017799,0.08224000021073152,0.0
pd,23:52:58.269,907,-40.003,-89.999,0.0,-90.239,0.003,-0.02,0.0,0.0,0.0,0.0,0.0,0.0,-40.003,-110.0,0.0,-90.239,0.003,-0.02,-40.003,-97.999,0.0,-90.239,0.003,-0.02,0.0,-1900.6702163815567,0.0,0.0,0.0,0.0,0.0,-8.0,0.0,0.0,0.0,0.0,0.0137698,-0.0068849,-0.0275396,4.7987753,-0.0137698,-1.1773179,0.01231013430998,0.004438583638528,-0.006137728937652,-0.0029491758242370003,-0.000258699633705,0.00258699633705,20.001000000000005,1.6614609999123786,0.17166400039059226,0.07542499997725827,0.0
pd,23:52:58.271,908,-40.003,-89.999,0.0,-90.239,0.003,-0.02,0.0,0.0,0.0,0.0,0.0,0.0,-40.003,-110.0,0.0,-90.239,0.003,-0.02,-40.003,-97.999,0.0,-90.239,0.003,-0.02,0.0,-2015.7654691817854,0.0,0.0,0.0,0.0,0.0,-8.0,0.0,0.0,0.0,0.0,0.0137698,-0.0068849,-0.0275396,4.7987753,-0.0137698,-1.1773179,0.01231013430998,0.004438583638528,-0.006137728937652,-0.0029491758242370003,-0.000258699633705,0.00258699633705,20.001000000000005,1.645905999794195,0.12977599999430822,0.05799900009151315,0.0
pd,23:52:58.273,909,-40.003,-89.999,0.0,-90.239,0.003,-0.02,0.0,0.0,0.0,0.0,0.0,0.0,-40.003,-110.0,0.0,-90.239,0.003,-0.02,-40.003,-97.999,0.0,-90.239,0.003,-0.02,0.0,-2109.5455802841693,0.0,0.0,0.0,0.0,0.0,-8.0,0.0,0.0,0.0,0.0,0.0137698,-0.0068849,-0.0275396,4.7987753,-0.0137698,-1.1773179,0.01231013430998,0.004438583638528,-0.006137728937652,-0.0029491758242370003,-0.000258699633705,0.00258699633705,20.001000000000005,1.6439430000900757,0.1430540000910696,0.06438799982788623,0.0
pd,23:52:58.274,910,-40.003,-89.999,0.0,-90.239,0.003,-0.02,0.0,0.0,0.0,0.0,0.0,0.0,-40.003,-110.0,0.0,-90.239,0.003,-0.02,-40.003,-97.999,0.0,-90.239,0.003,-0.02,0.0,-2084.1262111801243,0.0,0.0,0.0,0.0,0.0,-8.0,0.0,0.0,0.0,0.0,0.0137698,-0.0068849,-0.0275396,4.7987753,-0.0137698,-1.1773179,0.01231013430998,0.004438583638528,-0.006137728937652,-0.0029491758242370003,-0.000258699633705,0.00258699633705,20.001000000000005,1.6043509999690286,0.12646200002564,0.0570740003240644,0.0
pd,23:52:58.277,911,-40.003,-89.999,0.0,-90.239,0.003,-0.02,0.0,0.0,0.0,0.0,0.0,0.0,-40.003,-110.0,0.0,-90.239,0.003,-0.02,-40.003,-97.999,0.0,-90.239,0.003,-0.02,0.0,-1681.420725596312,0.0,0.0,0.0,0.0,0.0,-8.0,0.0,0.0,0.0,0.0,0.0137698,-0.0068849,-0.0275396,4.7987753,-0.0137698,-1.1773179,0.01231013430998,0.004438583638528,-0.006137728937652,-0.0029491758242370003,-0.000258699633705,0.00258699633705,20.001000000000005,3.2819980001477234,0.25779299994610483,0.12496199997258373,0.0
pd,23:52:58.281,912,-40.003,-89.999,0.0,-90.239,0.003,-0.02,0.0,0.0,0.0,0.0,0.0,0.0,-40.003,-110.0,0.0,-90.239,0.003,-0.02,-40.003,-97.999,0.0,-90.239,0.003,-0.02,0.0,-1050.3484630313653,0.0,0.0,0.0,0.0,0.0,-8.0,0.0,0.0,0.0,0.0,0.0137698,-0.0068849,-0.0275396,4.7987753,-0.0137698,-1.1773179,0.01231013430998,0.004438583638528,-0.006137728937652,-0.0029491758242370003,-0.000258699633705,0.00258699633705,20.001000000000005,1.7472019999331678,0.16429500010417541,0.06974000007176073,0.0
pd,23:52:58.283,913,-40.003,-89.999,0.0,-90.239,0.003,-0.02,0.0,0.0,0.0,0.0,0.0,0.0,-40.003,-110.0,0.0,-90.239,0.003,-0.02,-40.003,-97.999,0.0,-90.239,0.003,-0.02,0.0,-1950.839069767442,0.0,0.0,0.0,0.0,0.0,-8.0,0.0,0.0,0.0,0.0,0.0137698,-0.0068849,-0.0275396,4.7987753,-0.0137698,-1.1773179,0.01231013430998,0.004438583638528,-0.006137728937652,-0.0029491758242370003,-0.000258699633705,0.00258699633705,20.001000000000005,1.630037000268203,0.12999800037505338,0.05535099990083836,0.0
pd,23:52:58.285,914,-40.003,-89.999,0.0,-90.239,0.003,-0.02,0.0,0.0,0.0,0.0,0.0,0.0,-40.003,-110.0,0.0,-90.239,0.003,-0.02,-40.003,-97.999,0.0,-90.239,0.003,-0.02,0.0,-2131.2520325203254,0.0,0.0,0.0,0.0,0.0,-8.0,0.0,0.0,0.0,0.0,0.0137698,-0.0068849,-0.0275396,4.7987753,-0.0137698,-1.1773179,0.01231013430998,0.004438583638528,-0.006137728937652,-0.0029491758242370003,-0.000258699633705,0.00258699633705,20.001000000000005,1.6558140000597632,0.13938699976279167,0.05822200000693556,0.0
pd,23:52:58.286,915,-40.003,-89.999,0.0,-90.239,0.003,-0.02,0.0,0.0,0.0,0.0,0.0,0.0,-40.003,-110.0,0.0,-90.239,0.003,-0.02,-40.003,-97.999,0.0,-90.239,0.003,-0.02,0.0,-2085.421504039776,0.0,0.0,0.0,0.0,0.0,-8.0,0.0,0.0,0.0,0.0,0.0137698,-0.0068849,-0.0275396,4.7987753,-0.0137698,-1.1773179,0.01231013430998,0.004438583638528,-0.006137728937652,-0.0029491758242370003,-0.000258699633705,0.00258699633705,20.001000000000005,1.8892739999500918,0.19996099990748917,0.10344299971620785,0.0
pd,23:52:58.289,916,-40.003,-89.999,0.0,-90.239,0.003,-0.02,0.0,0.0,0.0,0.0,0.0,0.0,-40.003,-110.0,0.0,-90.239,0.003,-0.02,-40.003,-97.999,0.0,-90.239,0.003,-0.02,0.0,-1714.0596648957908,0.0,0.0,0.0,0.0,0.0,-8.0,0.0,0.0,0.0,0.0,0.0137698,-0.0068849,-0.0275396,4.7987753,-0.0137698,-1.1773179,0.01231013430998,0.004438583638528,-0.006137728937652,-0.0029491758242370003,-0.000258699633705,0.00258699633705,20.001000000000005,1.6980720001811278,0.17986800003200187,0.0796470003479044,0.0
pd,23:52:58.291,917,-40.003,-89.999,0.0,-90.239,0.003,-0.02,0.0,0.0,0.0,0.0,0.0,0.0,-40.003,-110.0,0.0,-90.239,0.003,-0.02,-40.003,-97.999,0.0,-90.239,0.003,-0.02,0.0,-1965.4657919400188,0.0,0.0,0.0,0.0,0.0,-8.0,0.0,0.0,0.0,0.0,0.0137698,-0.0068849,-0.0275396,4.7987753,-0.0137698,-1.1773179,0.01231013430998,0.004438583638528,-0.006137728937652,-0.0029491758242370003,-0.000258699633705,0.00258699633705,20.001000000000005,1.7030530002557498,0.21366400005717878,0.09086899990506936,0.0
pd,23:52:58.293,918,-40.003,-89.999,0.0,-90.239,0.003,-0.02,0.0,0.0,0.0,0.0,0.0,0.0,-40.003,-110.0,0.0,-90.239,0.003,-0.02,-40.003,-97.999,0.0,-90.239,0.003,-0.02,0.0,-1913.6781110984373,0.0,0.0,0.0,0.0,0.0,-8.0,0.0,0.0,0.0,0.0,0.0137698,-0.0068849,-0.0275396,4.7987753,-0.0137698,-1.1773179,0.01231013430998,0.004438583638528,-0.006137728937652,-0.0029491758242370003,-0.000258699633705,0.00258699633705,20.001000000000005,1.6637210001135827,0.151609999647917,0.06757400024071103,0.0
pd,23:52:58.295,919,-40.003,-89.999,0.0,-90.239,0.003,-0.02,0.0,0.0,0.0,0.0,0.0,0.0,-40.003,-110.0,0.0,-90.239,0.003,-0.02,-40.003,-97.999,0.0,-90.239,0.003,-0.02,0.0,-2047.7500305138533,0.0,0.0,0.0,0.0,0.0,-8.0,0.0,0.0,0.0,0.0,0.0137698,-0.0068849,-0.0275396,4.7987753,-0.0137698,-1.1773179,0.01231013430998,0.004438583638528,-0.006137728937652,-0.0029491758242370003,-0.000258699633705,0.00258699633705,20.001000000000005,1.6400370000155817,0.21583099987765308,0.0758320002205437,0.0
pd,23:52:58.297,920,-40.003,-89.999,0.0,-90.239,0.003,-0.02,0.0,0.0,0.0,0.0,0.0,0.0,-40.003,-110.0,0.0,-90.239,0.003,-0.02,-40.003,-97.999,0.0,-90.239,0.003,-0.02,0.0,-1991.3609495548963,0.0,0.0,0.0,0.0,0.0,-8.0,0.0,0.0,0.0,0.0,0.0137698,-0.0068849,-0.0275396,4.7987753,-0.0137698,-1.1773179,0.01231013430998,0.004438583638528,-0.006137728937652,-0.0029491758242370003,-0.000258699633705,0.00258699633705,20.001000000000005,1.6431289996035048,0.16016500012483448,0.07098000014593708,0.0
pd,23:52:58.299,921,-40.003,-89.999,0.0,-90.239,0.003,-0.02,0.0,0.0,0.0,0.0,0.0,0.0,-40.003,-110.0,0.0,-90.239,0.003,-0.02,-40.003,-97.999,0.0,-90.239,0.003,-0.02,0.0,-1636.961264513611,0.0,0.0,0.0,0.0,0.0,-8.0,0.0,0.0,0.0,0.0,0.0137698,-0.0068849,-0.0275396,4.7987753,-0.0137698,-1.1773179,0.01231013430998,0.004438583638528,-0.006137728937652,-0.0029491758242370003,-0.000258699633705,0.00258699633705,20.001000000000005,1.8815329999597452,0.22181199983606348,0.0801099999989674,0.0
pd,23:52:58.302,922,-40.003,-89.999,0.0,-90.239,0.003,-0.02,0.0,0.0,0.0,0.0,0.0,0.0,-40.003,-110.0,0.0,-90.239,0.003,-0.02,-40.003,-97.999,0.0,-90.239,0.003,-0.02,0.0,-1756.2248508321993,0.0,0.0,0.0,0.0,0.0,-8.0,0.0,0.0,0.0,0.0,0.0137698,-0.0068849,-0.0275396,4.7987753,-0.0137698,-1.1773179,0.01231013430998,0.004438583638528,-0.006137728937652,-0.0029491758242370003,-0.000258699633705,0.00258699633705,20.001000000000005,1.6330180001205008,0.1404980002917,0.05829599967910326,0.0
pd,23:52:58.304,923,-40.003,-89.999,0.0,-90.239,0.003,-0.02,0.0,0.0,0.0,0.0,0.0,0.0,-40.003,-110.0,0.0,-90.239,0.003,-0.02,-40.003,-97.999,0.0,-90.239,0.003,-0.02,0.0,-2109.5455802841693,0.0,0.0,0.0,0.0,0.0,-8.0,0.0,0.0,0.0,0.0,0.0137698,-0.0068849,-0.0275396,4.7987753,-0.0137698,-1.1773179,0.01231013430998,0.004438583638528,-0.006137728937652,-0.0029491758242370003,-0.000258699633705,0.00258699633705,20.001000000000005,1.75797900010366,0.15257199993357062,0.06516600024042418,0.0
pd,23:52:58.306,924,-40.003,-89.999,0.0,-90.239,0.003,-0.02,0.0,0.0,0.0,0.0,0.0,0.0,-40.003,-110.0,0.0,-90.239,0.003,-0.02,-40.003,-97.999,0.0,-90.239,0.003,-0.02,0.0,-1954.930785364717,0.0,0.0,0.0,0.0,0.0,-8.0,0.0,0.0,0.0,0.0,0.0137698,-0.0068849,-0.0275396,4.7987753,-0.0137698,-1.1773179,0.01231013430998,0.004438583638528,-0.006137728937652,-0.0029491758242370003,-0.000258699633705,0.00258699633705,20.001000000000005,1.6155739999703655,0.13840599967807066,0.058536999858915806,0.0
pd,23:52:58.307,925,-40.003,-89.999,0.0,-90.239,0.003,-0.02,0.0,0.0,0.0,0.0,0.0,0.0,-40.003,-110.0,0.0,-90.239,0.003,-0.02,-40.003,-97.999,0.0,-90.239,0.003,-0.02,0.0,-2132.0645571228874,0.0,0.0,0.0,0.0,0.0,-8.0,0.0,0.0,0.0,0.0,0.0137698,-0.0068849,-0.0275396,4.7987753,-0.0137698,-1.1773179,0.01231013430998,0.004438583638528,-0.006137728937652,-0.0029491758242370003,-0.000258699633705,0.00258699633705,20.001000000000005,1.659203000144771,0.17577600010554306,0.08068499982982758,0.0
pd,23:52:58.309,926,-40.003,-89.999,0.0,-90.239,0.003,-0.02,0.0,0.0,0.0,0.0,0.0,0.0,-40.003,-110.0,0.0,-90.239,0.003,-0.02,-40.003,-97.999,0.0,-90.239,0.003,-0.02,0.0,-2007.0841009690155,0.0,0.0,0.0,0.0,0.0,-8.0,0.0,0.0,0.0,0.0,0.0137698,-0.0068849,-0.0275396,4.7987753,-0.0137698,-1.1773179,0.01231013430998,0.004438583638528,-0.006137728937652,-0.0029491758242370003,-0.000258699633705,0.00258699633705,20.001000000000005,1.6567399998166366,0.15349900013461593,0.06440700008170097,0.0
pd,23:52:58.311,927,-40.003,-89.999,0.0,-90.239,0.003,-0.02,0.0,0.0,0.0,0.0,0.0,0.0,-40.003,-110.0,0.0,-90.239,0.003,-0.02,-40.003,-97.999,0.0,-90.239,0.003,-0.02,0.0,-2057.5442727495706,0.0,0.0,0.0,0.0,0.0,-8.0,0.0,0.0,0.0,0.0,0.0137698,-0.0068849,-0.0275396,4.7987753,-0.0137698,-1.1773179,0.01231013430998,0.004438583638528,-0.006137728937652,-0.0029491758242370003,-0.000258699633705,0.00258699633705,20.001000000000005,1.981679999971675,0.24196000003939844,0.11942499986616895,0.0
pd,23:52:58.314,928,-40.003,-89.999,0.0,-90.239,0.003,-0.02,0.0,0.0,0.0,0.0,0.0,0.0,-40.003,-110.0,0.0,-90.239,0.003,-0.02,-40.003,-97.999,0.0,-90.239,0.003,-0.02,0.0,-1635.206237816764,0.0,0.0,0.0,0.0,0.0,-8.0,0.0,0.0,0.0,0.0,0.0137698,-0.0068849,-0.0275396,4.7987753,-0.0137698,-1.1773179,0.01231013430998,0.004438583638528,-0.006137728937652,-0.0029491758242370003,-0.000258699633705,0.00258699633705,20.001000000000005,1.7349790000480425,0.22262700031205895,0.11173899974892265,0.0
pd,23:52:58.316,929,-40.003,-89.999,0.0,-90.239,0.003,-0.02,0.0,0.0,0.0,0.0,0.0,0.0,-40.003,-110.0,0.0,-90.239,0.003,-0.02,-40.003,-97.999,0.0,-90.239,0.003,-0.02,0.0,-1847.1007376417483,0.0,0.0,0.0,0.0,0.0,-8.0,0.0,0.0,0.0,0.0,0.0137698,-0.0068849,-0.0275396,4.7987753,-0.0137698,-1.1773179,0.01231013430998,0.004438583638528,-0.006137728937652,-0.0029491758242370003,-0.000258699633705,0.00258699633705,20.001000000000005,1.8035150001196598,0.23157200030254899,0.11184999993929523,0.0
pd,23:52:58.318,930,-40.003,-89.999,0.0,-90.239,0.003,-0.02,0.0,0.0,0.0,0.0,0.0,0.0,-40.003,-110.0,0.0,-90.239,0.003,-0.02,-40.003,-97.999,0.0,-90.239,0.003,-0.02,0.0,-1779.5095460330929,0.0,0.0,0.0,0.0,0.0,-8.0,0.0,0.0,0.0,0.0,0.0137698,-0.0068849,-0.0275396,4.7987753,-0.0137698,-1.1773179,0.01231013430998,0.004438583638528,-0.006137728937652,-0.0029491758242370003,-0.000258699633705,0.00258699633705,20.001000000000005,1.8324779998692975,0.2526819998820429,0.11936900000364403,0.0
pd,23:52:58.321,931,-40.003,-89.999,0.0,-90.239,0.003,-0.02,0.0,0.0,0.0,0.0,0.0,0.0,-40.003,-110.0,0.0,-90.239,0.003,-0.02,-40.003,-97.999,0.0,-90.239,0.003,-0.02,0.0,-1371.0236168995668,0.0,0.0,0.0,0.0,0.0,-8.0,0.0,0.0,0.0,0.0,0.0137698,-0.0068849,-0.0275396,4.7987753,-0.0137698,-1.1773179,0.01231013430998,0.004438583638528,-0.006137728937652,-0.0029491758242370003,-0.000258699633705,0.00258699633705,20.001000000000005,1.8935879998025484,0.2729230000113603,0.12357300010990002,0.0
pd,23:52:58.324,932,-40.003,-89.999,0.0,-90.239,0.003,-0.02,0.0,0.0,0.0,0.0,0.0,0.0,-40.003,-110.0,0.0,-90.239,0.003,-0.02,-40.003,-97.999,0.0,-90.239,0.003,-0.02,0.0,-1662.4272691240587,0.0,0.0,0.0,0.0,0.0,-8.0,0.0,0.0,0.0,0.0,0.0137698,-0.0068849,-0.0275396,4.7987753,-0.0137698,-1.1773179,0.01231013430998,0.004438583638528,-0.006137728937652,-0.0029491758242370003,-0.000258699633705,0.00258699633705,20.001000000000005,1.8991259998983878,0.2156450000256882,0.10159100020246115,0.0
pd,23:52:58.326,933,-40.003,-89.999,0.0,-90.239,0.003,-0.02,0.0,0.0,0.0,0.0,0.0,0.0,-40.003,-110.0,0.0,-90.239,0.003,-0.02,-40.003,-97.999,0.0,-90.239,0.003,-0.02,0.0,-1736.2326399668839,0.0,0.0,0.0,0.0,0.0,-8.0,0.0,0.0,0.0,0.0,0.0137698,-0.0068849,-0.0275396,4.7987753,-0.0137698,-1.1773179,0.01231013430998,0.004438583638528,-0.006137728937652,-0.0029491758242370003,-0.000258699633705,0.00258699633705,20.001000000000005,1.6564809998271812,0.14479500032393844,0.06262900024012197,0.0
pd,23:52:58.328,934,-40.003,-89.999,0.0,-90.239,0.003,-0.02,0.0,0.0,0.0,0.0,0.0,0.0,-40.003,-110.0,0.0,-90.239,0.003,-0.02,-40.003,-97.999,0.0,-90.239,0.003,-0.02,0.0,-2071.005554869769,0.0,0.0,0.0,0.0,0.0,-8.0,0.0,0.0,0.0,0.0,0.0137698,-0.0068849,-0.0275396,4.7987753,-0.0137698,-1.1773179,0.01231013430998,0.004438583638528,-0.006137728937652,-0.0029491758242370003,-0.000258699633705,0.00258699633705,20.001000000000005,1.6910349995669094,0.3407919998608122,0.08772099999987404,0.0
pd,23:52:58.330,935,-40.003,-89.999,0.0,-90.239,0.003,-0.02,0.0,0.0,0.0,0.0,0.0,0.0,-40.003,-110.0,0.0,-90.239,0.003,-0.02,-40.003,-97.999,0.0,-90.239,0.003,-0.02,0.0,-1819.8520446903135,0.0,0.0,0.0,0.0,0.0,-8.0,0.0,0.0,0.0,0.0,0.0137698,-0.0068849,-0.0275396,4.7987753,-0.0137698,-1.1773179,0.01231013430998,0.004438583638528,-0.006137728937652,-0.0029491758242370003,-0.000258699633705,0.00258699633705,20.001000000000005,1.6585359999226057,0.1523129999441153,0.06679499983874848,0.0
pd,23:52:58.332,936,-40.003,-89.999,0.0,-90.239,0.003,-0.02,0.0,0.0,0.0,0.0,0.0,0.0,-40.003,-110.0,0.0,-90.239,0.003,-0.02,-40.003,-97.999,0.0,-90.239,0.003,-0.02,0.0,-2054.7723208818124,0.0,0.0,0.0,0.0,0.0,-8.0,0.0,0.0,0.0,0.0,0.0137698,-0.0068849,-0.0275396,4.7987753,-0.0137698,-1.1773179,0.01231013430998,0.004438583638528,-0.006137728937652,-0.0029491758242370003,-0.000258699633705,0.00258699633705,20.001000000000005,1.7457570002079592,0.15573900009258068,0.07140600018828991,0.0
pd,23:52:58.334,937,-40.003,-89.999,0.0,-90.239,0.003,-0.02,0.0,0.0,0.0,0.0,0.0,0.0,-40.003,-110.0,0.0,-90.239,0.003,-0.02,-40.003,-97.999,0.0,-90.239,0.003,-0.02,0.0,-1957.4397386535993,0.0,0.0,0.0,0.0,0.0,-8.0,0.0,0.0,0.0,0.0,0.0137698,-0.0068849,-0.0275396,4.7987753,-0.0137698,-1.1773179,0.01231013430998,0.004438583638528,-0.006137728937652,-0.0029491758242370003,-0.000258699633705,0.00258699633705,20.001000000000005,1.6381469999942055,0.15123899993341183,0.06883300011395477,0.0
pd,23:52:58.336,938,-40.003,-89.999,0.0,-90.239,0.003,-0.02,0.0,0.0,0.0,0.0,0.0,0.0,-40.003,-110.0,0.0,-90.239,0.003,-0.02,-40.003,-97.999,0.0,-90.239,0.003,-0.02,0.0,-2075.3607125185554,0.0,0.0,0.0,0.0,0.0,-8.0,0.0,0.0,0.0,0.0,0.0137698,-0.0068849,-0.0275396,4.7987753,-0.0137698,-1.1773179,0.01231013430998,0.004438583638528,-0.006137728937652,-0.0029491758242370003,-0.000258699633705,0.00258699633705,20.001000000000005,1.9267369998487993,0.2029229999607196,0.09646199987400905,0.0
pd,23:52:58.338,939,-40.003,-89.999,0.0,-90.239,0.003,-0.02,0.0,0.0,0.0,0.0,0.0,0.0,-40.003,-110.0,0.0,-90.239,0.003,-0.02,-40.003,-97.999,0.0,-90.239,0.003,-0.02,0.0,-1728.1845900288422,0.0,0.0,0.0,0.0,0.0,-8.0,0.0,0.0,0.0,0.0,0.0137698,-0.0068849,-0.0275396,4.7987753,-0.0137698,-1.1773179,0.01231013430998,0.004438583638528,-0.006137728937652,-0.0029491758242370003,-0.000258699633705,0.00258699633705,20.001000000000005,1.6625359999125067,0.15235000000757282,0.07225800027299556,0.0
pd,23:52:58.340,940,-40.003,-89.999,0.0,-90.239,0.003,-0.02,0.0,0.0,0.0,0.0,0.0,0.0,-40.003,-110.0,0.0,-90.239,0.003,-0.02,-40.003,-97.999,0.0,-90.239,0.003,-0.02,0.0,-2042.7634238402532,0.0,0.0,0.0,0.0,0.0,-8.0,0.0,0.0,0.0,0.0,0.0137698,-0.0068849,-0.0275396,4.7987753,-0.0137698,-1.1773179,0.01231013430998,0.004438583638528,-0.006137728937652,-0.0029491758242370003,-0.000258699633705,0.00258699633705,20.001000000000005,1.6944990002230043,0.15279499984899303,0.07753699992463225,0.0
pd,23:52:58.343,941,-40.003,-89.999,0.0,-90.239,0.003,-0.02,0.0,0.0,0.0,0.0,0.0,0.0,-40.003,-110.0,0.0,-90.239,0.003,-0.02,-40.003,-97.999,0.0,-90.239,0.003,-0.02,0.0,-1464.491620111732,0.0,0.0,0.0,0.0,0.0,-8.0,0.0,0.0,0.0,0.0,0.0137698,-0.0068849,-0.0275396,4.7987753,-0.0137698,-1.1773179,0.01231013430998,0.004438583638528,-0.006137728937652,-0.0029491758242370003,-0.000258699633705,0.00258699633705,20.001000000000005,1.9487919998937286,0.23253500012287986,0.09027700025399099,0.0
pd,23:52:58.345,942,-40.003,-89.999,0.0,-90.239,0.003,-0.02,0.0,0.0,0.0,0.0,0.0,0.0,-40.003,-110.0,0.0,-90.239,0.003,-0.02,-40.003,-97.999,0.0,-90.239,0.003,-0.02,0.0,-1685.9829162898202,0.0,0.0,0.0,0.0,0.0,-8.0,0.0,0.0,0.0,0.0,0.0137698,-0.0068849,-0.0275396,4.7987753,-0.0137698,-1.1773179,0.01231013430998,0.004438583638528,-0.006137728937652,-0.0029491758242370003,-0.000258699633705,0.00258699633705,20.001000000000005,1.7085169997699268,0.14077600008022273,0.0575359999857028,0.0
pd,23:52:58.347,943,-40.003,-89.999,0.0,-90.239,0.003,-0.02,0.0,0.0,0.0,0.0,0.0,0.0,-40.003,-110.0,0.0,-90.239,0.003,-0.02,-40.003,-97.999,0.0,-90.239,0.003,-0.02,0.0,-2027.2131464475592,0.0,0.0,0.0,0.0,0.0,-8.0,0.0,0.0,0.0,0.0,0.0137698,-0.0068849,-0.0275396,4.7987753,-0.0137698,-1.1773179,0.01231013430998,0.004438583638528,-0.006137728937652,-0.0029491758242370003,-0.000258699633705,0.00258699633705,20.001000000000005,1.7010909996315604,0.13677600009032176,0.11435100032031187,0.0
pd,23:52:58.349,944,-40.003,-89.999,0.0,-90.239,0.003,-0.02,0.0,0.0,0.0,0.0,0.0,0.0,-40.003,-110.0,0.0,-90.239,0.003,-0.02,-40.003,-97.999,0.0,-90.239,0.003,-0.02,0.0,-1980.0797828396082,0.0,0.0,0.0,0.0,0.0,-8.0,0.0,0.0,0.0,0.0,0.0137698,-0.0068849,-0.0275396,4.7987753,-0.0137698,-1.1773179,0.01231013430998,0.004438583638528,-0.006137728937652,-0.0029491758242370003,-0.000258699633705,0.00258699633705,20.001000000000005,1.693776000138314,0.1553320003040426,0.06468399988079909,0.0
pd,23:52:58.351,945,-40.003,-89.999,0.0,-90.239,0.003,-0.02,0.0,0.0,0.0,0.0,0.0,0.0,-40.003,-110.0,0.0,-90.239,0.003,-0.02,-40.003,-97.999,0.0,-90.239,0.003,-0.02,0.0,-2015.7654691817854,0.0,0.0,0.0,0.0,0.0,-8.0,0.0,0.0,0.0,0.0,0.0137698,-0.0068849,-0.0275396,4.7987753,-0.0137698,-1.1773179,0.01231013430998,0.004438583638528,-0.006137728937652,-0.0029491758242370003,-0.000258699633705,0.00258699633705,20.001000000000005,1.698108999789838,0.13374000036492362,0.05723999993278994,0.0
pd,23:52:58.353,946,-40.003,-89.999,0.0,-90.239,0.003,-0.02,0.0,0.0,0.0,0.0,0.0,0.0,-40.003,-110.0,0.0,-90.239,0.003,-0.02,-40.003,-97.999,0.0,-90.239,0.003,-0.02,0.0,-2046.7507624740758,0.0,0.0,0.0,0.0,0.0,-8.0,0.0,0.0,0.0,0.0,0.0137698,-0.0068849,-0.0275396,4.7987753,-0.0137698,-1.1773179,0.01231013430998,0.004438583638528,-0.006137728937652,-0.0029491758242370003,-0.000258699633705,0.00258699633705,20.001000000000005,1.6704250001566834,0.15081400033523096,0.06975899987082812,0.0
pd,23:52:58.355,947,-40.003,-89.999,0.0,-90.239,0.003,-0.02,0.0,0.0,0.0,0.0,0.0,0.0,-40.003,-110.0,0.0,-90.239,0.003,-0.02,-40.003,-97.999,0.0,-90.239,0.003,-0.02,0.0,-2040.0311284046693,0.0,0.0,0.0,0.0,0.0,-8.0,0.0,0.0,0.0,0.0,0.0137698,-0.0068849,-0.0275396,4.7987753,-0.0137698,-1.1773179,0.01231013430998,0.004438583638528,-0.006137728937652,-0.0029491758242370003,-0.000258699633705,0.00258699633705,20.001000000000005,1.8045159999928728,0.16179399972315878,0.0705549996382615,0.0
pd,23:52:58.357,948,-40.003,-89.999,0.0,-90.239,0.003,-0.02,0.0,0.0,0.0,0.0,0.0,0.0,-40.003,-110.0,0.0,-90.239,0.003,-0.02,-40.003,-97.999,0.0,-90.239,0.003,-0.02,0.0,-1894.4462511291779,0.0,0.0,0.0,0.0,0.0,-8.0,0.0,0.0,0.0,0.0,0.0137698,-0.0068849,-0.0275396,4.7987753,-0.0137698,-1.1773179,0.01231013430998,0.004438583638528,-0.006137728937652,-0.0029491758242370003,-0.000258699633705,0.00258699633705,20.001000000000005,1.695147000191355,0.1432389999536099,0.06736900013493141,0.0
pd,23:52:58.359,949,-40.003,-89.999,0.0,-90.239,0.003,-0.02,0.0,0.0,0.0,0.0,0.0,0.0,-40.003,-110.0,0.0,-90.239,0.003,-0.02,-40.003,-97.999,0.0,-90.239,0.003,-0.02,0.0,-2000.144969003338,0.0,0.0,0.0,0.0,0.0,-8.0,0.0,0.0,0.0,0.0,0.0137698,-0.0068849,-0.0275396,4.7987753,-0.0137698,-1.1773179,0.01231013430998,0.004438583638528,-0.006137728937652,-0.0029491758242370003,-0.000258699633705,0.00258699633705,20.001000000000005,1.7081279997910315,0.1586650000717782,0.0728880004317034,0.0
pd,23:52:58.361,950,-40.003,-89.999,0.0,-90.239,0.003,-0.02,0.0,0.0,0.0,0.0,0.0,0.0,-40.003,-110.0,0.0,-90.239,0.003,-0.02,-40.003,-97.999,0.0,-90.239,0.003,-0.02,0.0,-1987.1154802795215,0.0,0.0,0.0,0.0,0.0,-8.0,0.0,0.0,0.0,0.0,0.0137698,-0.0068849,-0.0275396,4.7987753,-0.0137698,-1.1773179,0.01231013430998,0.004438583638528,-0.006137728937652,-0.0029491758242370003,-0.000258699633705,0.00258699633705,20.001000000000005,2.0006800000373914,0.24423800005024532,0.1305169998886413,0.0
pd,23:52:58.364,951,-40.003,-89.999,0.0,-90.239,0.003,-0.02,0.0,0.0,0.0,0.0,0.0,0.0,-40.003,-110.0,0.0,-90.239,0.003,-0.02,-40.003,-97.999,0.0,-90.239,0.003,-0.02,0.0,-1305.1120964605211,0.0,0.0,0.0,0.0,0.0,-8.0,0.0,0.0,0.0,0.0,0.0137698,-0.0068849,-0.0275396,4.7987753,-0.0137698,-1.1773179,0.01231013430998,0.004438583638528,-0.006137728937652,-0.0029491758242370003,-0.000258699633705,0.00258699633705,20.001000000000005,1.9079219996456231,0.2411629998277931,0.0995720001810696,0.0
pd,23:52:58.367,952,-40.003,-89.999,0.0,-90.239,0.003,-0.02,0.0,0.0,0.0,0.0,0.0,0.0,-40.003,-110.0,0.0,-90.239,0.003,-0.02,-40.003,-97.999,0.0,-90.239,0.003,-0.02,0.0,-1701.5432048681541,0.0,0.0,0.0,0.0,0.0,-8.0,0.0,0.0,0.0,0.0,0.0137698,-0.0068849,-0.0275396,4.7987753,-0.0137698,-1.1773179,0.01231013430998,0.004438583638528,-0.006137728937652,-0.0029491758242370003,-0.000258699633705,0.00258699633705,20.001000000000005,1.6816650004329858,0.16460899996673106,0.07496199987144792,0.0
pd,23:52:58.369,953,-40.003,-89.999,0.0,-90.239,0.003,-0.02,0.0,0.0,0.0,0.0,0.0,0.0,-40.003,-110.0,0.0,-90.239,0.003,-0.02,-40.003,-97.999,0.0,-90.239,0.003,-0.02,0.0,-1972.3978368210676,0.0,0.0,0.0,0.0,0.0,-8.0,0.0,0.0,0.0,0.0,0.0137698,-0.0068849,-0.0275396,4.7987753,-0.0137698,-1.1773179,0.01231013430998,0.004438583638528,-0.006137728937652,-0.0029491758242370003,-0.000258699633705,0.00258699633705,20.001000000000005,1.7756269999154028,0.17877499976748368,0.08349900008397526,0.0
pd,23:52:58.371,954,-40.003,-89.999,0.0,-90.239,0.003,-0.02,0.0,0.0,0.0,0.0,0.0,0.0,-40.003,-110.0,0.0,-90.239,0.003,-0.02,-40.003,-97.999,0.0,-90.239,0.003,-0.02,0.0,-1890.3905352112677,0.0,0.0,0.0,0.0,0.0,-8.0,0.0,0.0,0.0,0.0,0.0137698,-0.0068849,-0.0275396,4.7987753,-0.0137698,-1.1773179,0.01231013430998,0.004438583638528,-0.006137728937652,-0.0029491758242370003,-0.000258699633705,0.00258699633705,20.001000000000005,1.6326099998877908,0.19770200015045702,0.06355400000757072,0.0
pd,23:52:58.373,955,-40.003,-89.999,0.0,-90.239,0.003,-0.02,0.0,0.0,0.0,0.0,0.0,0.0,-40.003,-110.0,0.0,-90.239,0.003,-0.02,-40.003,-97.999,0.0,-90.239,0.003,-0.02,0.0,-2039.2872249908837,0.0,0.0,0.0,0.0,0.0,-8.0,0.0,0.0,0.0,0.0,0.0137698,-0.0068849,-0.0275396,4.7987753,-0.0137698,-1.1773179,0.01231013430998,0.004438583638528,-0.006137728937652,-0.0029491758242370003,-0.000258699633705,0.00258699633705,20.001000000000005,1.6238880002674705,0.14281299991125707,0.06259200017666444,0.0
pd,23:52:58.375,956,-40.003,-89.999,0.0,-90.239,0.003,-0.02,0.0,0.0,0.0,0.0,0.0,0.0,-40.003,-110.0,0.0,-90.239,0.003,-0.02,-40.003,-97.999,0.0,-90.239,0.003,-0.02,0.0,-2110.8726723704076,0.0,0.0,0.0,0.0,0.0,-8.0,0.0,0.0,0.0,0.0,0.0137698,-0.0068849,-0.0275396,4.7987753,-0.0137698,-1.1773179,0.01231013430998,0.004438583638528,-0.006137728937652,-0.0029491758242370003,-0.000258699633705,0.00258699633705,20.001000000000005,1.6250359999503416,0.14634999979534768,0.09270200007449603,0.0
pd,23:52:58.377,957,-40.003,-89.999,0.0,-90.239,0.003,-0.02,0.0,0.0,0.0,0.0,0.0,0.0,-40.003,-110.0,0.0,-90.239,0.003,-0.02,-40.003,-97.999,0.0,-90.239,0.003,-0.02,0.0,-2067.687453783584,0.0,0.0,0.0,0.0,0.0,-8.0,0.0,0.0,0.0,0.0,0.0137698,-0.0068849,-0.0275396,4.7987753,-0.0137698,-1.1773179,0.01231013430998,0.004438583638528,-0.006137728937652,-0.0029491758242370003,-0.000258699633705,0.00258699633705,20.001000000000005,1.6370919997825695,0.14025800010131206,0.060925000070710666,0.0
pd,23:52:58.379,958,-40.003,-89.999,0.0,-90.239,0.003,-0.02,0.0,0.0,0.0,0.0,0.0,0.0,-40.003,-110.0,0.0,-90.239,0.003,-0.02,-40.003,-97.999,0.0,-90.239,0.003,-0.02,0.0,-2063.110673880964,0.0,0.0,0.0,0.0,0.0,-8.0,0.0,0.0,0.0,0.0,0.0137698,-0.0068849,-0.0275396,4.7987753,-0.0137698,-1.1773179,0.01231013430998,0.004438583638528,-0.006137728937652,-0.0029491758242370003,-0.000258699633705,0.00258699633705,20.001000000000005,1.623925000330928,0.14435000002777088,0.06307300009211758,0.0
pd,23:52:58.380,959,-40.003,-89.999,0.0,-90.239,0.003,-0.02,0.0,0.0,0.0,0.0,0.0,0.0,-40.003,-110.0,0.0,-90.239,0.003,-0.02,-40.003,-97.999,0.0,-90.239,0.003,-0.02,0.0,-2107.9552707626585,0.0,0.0,0.0,0.0,0.0,-8.0,0.0,0.0,0.0,0.0,0.0137698,-0.0068849,-0.0275396,4.7987753,-0.0137698,-1.1773179,0.01231013430998,0.004438583638528,-0.006137728937652,-0.0029491758242370003,-0.000258699633705,0.00258699633705,20.001000000000005,1.6689990002305422,0.14346200032377965,0.06048100021871505,0.0
pd,23:52:58.382,960,-40.003,-89.999,0.0,-90.239,0.003,-0.02,0.0,0.0,0.0,0.0,0.0,0.0,-40.003,-110.0,0.0,-90.239,0.003,-0.02,-40.003,-97.999,0.0,-90.239,0.003,-0.02,0.0,-2063.110673880964,0.0,0.0,0.0,0.0,0.0,-8.0,0.0,0.0,0.0,0.0,0.0137698,-0.0068849,-0.0275396,4.7987753,-0.0137698,-1.1773179,0.01231013430998,0.004438583638528,-0.006137728937652,-0.0029491758242370003,-0.000258699633705,0.00258699633705,20.001000000000005,1.626998999654461,0.1310540001213667,0.0575359999857028,0.0
pd,23:52:58.385,961,-40.003,-89.999,0.0,-90.239,0.003,-0.02,0.0,0.0,0.0,0.0,0.0,0.0,-40.003,-110.0,0.0,-90.239,0.003,-0.02,-40.003,-97.999,0.0,-90.239,0.003,-0.02,0.0,-1645.793211693153,0.0,0.0,0.0,0.0,0.0,-8.0,0.0,0.0,0.0,0.0,0.0137698,-0.0068849,-0.0275396,4.7987753,-0.0137698,-1.1773179,0.01231013430998,0.004438583638528,-0.006137728937652,-0.0029491758242370003,-0.000258699633705,0.00258699633705,20.001000000000005,1.8429780002406915,0.2202380001108395,0.07060999996610917,0.0
pd,23:52:58.387,962,-40.003,-89.999,0.0,-90.239,0.003,-0.02,0.0,0.0,0.0,0.0,0.0,0.0,-40.003,-110.0,0.0,-90.239,0.003,-0.02,-40.003,-97.999,0.0,-90.239,0.003,-0.02,0.0,-1796.8529506265395,0.0,0.0,0.0,0.0,0.0,-8.0,0.0,0.0,0.0,0.0,0.0137698,-0.0068849,-0.0275396,4.7987753,-0.0137698,-1.1773179,0.01231013430998,0.004438583638528,-0.006137728937652,-0.0029491758242370003,-0.000258699633705,0.00258699633705,20.001000000000005,2.0009949998893717,0.21105299992996152,0.09618400008548633,0.0
pd,23:52:58.389,963,-40.003,-89.999,0.0,-90.239,0.003,-0.02,0.0,0.0,0.0,0.0,0.0,0.0,-40.003,-110.0,0.0,-90.239,0.003,-0.02,-40.003,-97.999,0.0,-90.239,0.003,-0.02,0.0,-1669.5408498358045,0.0,0.0,0.0,0.0,0.0,-8.0,0.0,0.0,0.0,0.0,0.0137698,-0.0068849,-0.0275396,4.7987753,-0.0137698,-1.1773179,0.01231013430998,0.004438583638528,-0.006137728937652,-0.0029491758242370003,-0.000258699633705,0.00258699633705,20.001000000000005,1.6749250003158522,0.15588699989166344,0.06937000034668017,0.0
pd,23:52:58.391,964,-40.003,-89.999,0.0,-90.239,0.003,-0.02,0.0,0.0,0.0,0.0,0.0,0.0,-40.003,-110.0,0.0,-90.239,0.003,-0.02,-40.003,-97.999,0.0,-90.239,0.003,-0.02,0.0,-2029.1746492501209,0.0,0.0,0.0,0.0,0.0,-8.0,0.0,0.0,0.0,0.0,0.0137698,-0.0068849,-0.0275396,4.7987753,-0.0137698,-1.1773179,0.01231013430998,0.004438583638528,-0.006137728937652,-0.0029491758242370003,-0.000258699633705,0.00258699633705,20.001000000000005,1.653351000186376,0.17768299994713743,0.059221999890723964,0.0
pd,23:52:58.393,965,-40.003,-89.999,0.0,-90.239,0.003,-0.02,0.0,0.0,0.0,0.0,0.0,0.0,-40.003,-110.0,0.0,-90.239,0.003,-0.02,-40.003,-97.999,0.0,-90.239,0.003,-0.02,0.0,-2047.2502745576571,0.0,0.0,0.0,0.0,0.0,-8.0,0.0,0.0,0.0,0.0,0.0137698,-0.0068849,-0.0275396,4.7987753,-0.0137698,-1.1773179,0.01231013430998,0.004438583638528,-0.006137728937652,-0.0029491758242370003,-0.000258699633705,0.00258699633705,20.001000000000005,1.728146999994351,0.19199700000172015,0.09216600028594257,0.0
pd,23:52:58.396,966,-40.003,-89.999,0.0,-90.239,0.003,-0.02,0.0,0.0,0.0,0.0,0.0,0.0,-40.003,-110.0,0.0,-90.239,0.003,-0.02,-40.003,-97.999,0.0,-90.239,0.003,-0.02,0.0,-1908.0195610144433,0.0,0.0,0.0,0.0,0.0,-8.0,0.0,0.0,0.0,0.0,0.0137698,-0.0068849,-0.0275396,4.7987753,-0.0137698,-1.1773179,0.01231013430998,0.004438583638528,-0.006137728937652,-0.0029491758242370003,-0.000258699633705,0.00258699633705,20.001000000000005,1.73251700016408,0.14872000019749976,0.06299899996520253,0.0
pd,23:52:58.398,967,-40.003,-89.999,0.0,-90.239,0.003,-0.02,0.0,0.0,0.0,0.0,0.0,0.0,-40.003,-110.0,0.0,-90.239,0.003,-0.02,-40.003,-97.999,0.0,-90.239,0.003,-0.02,0.0,-1987.8218009478674,0.0,0.0,0.0,0.0,0.0,-8.0,0.0,0.0,0.0,0.0,0.0137698,-0.0068849,-0.0275396,4.7987753,-0.0137698,-1.1773179,0.01231013430998,0.004438583638528,-0.006137728937652,-0.0029491758242370003,-0.000258699633705,0.00258699633705,20.001000000000005,1.6261290002148598,0.1388129999213561,0.06133299984867335,0.0
pd,23:52:58.399,968,-40.003,-89.999,0.0,-90.239,0.003,-0.02,0.0,0.0,0.0,0.0,0.0,0.0,-40.003,-110.0,0.0,-90.239,0.003,-0.02,-40.003,-97.999,0.0,-90.239,0.003,-0.02,0.0,-2114.8639858817596,0.0,0.0,0.0,0.0,0.0,-8.0,0.0,0.0,0.0,0.0,0.0137698,-0.0068849,-0.0275396,4.7987753,-0.0137698,-1.1773179,0.01231013430998,0.004438583638528,-0.006137728937652,-0.0029491758242370003,-0.000258699633705,0.00258699633705,20.001000000000005,1.6903499999898486,0.18160899981012335,0.0852950001899444,0.0
pd,23:52:58.401,969,-40.003,-89.999,0.0,-90.239,0.003,-0.02,0.0,0.0,0.0,0.0,0.0,0.0,-40.003,-110.0,0.0,-90.239,0.003,-0.02,-40.003,-97.999,0.0,-90.239,0.003,-0.02,0.0,-1963.395669982446,0.0,0.0,0.0,0.0,0.0,-8.0,0.0,0.0,0.0,0.0,0.0137698,-0.0068849,-0.0275396,4.7987753,-0.0137698,-1.1773179,0.01231013430998,0.004438583638528,-0.006137728937652,-0.0029491758242370003,-0.000258699633705,0.00258699633705,20.001000000000005,1.6537769997739815,0.13518300011128304,0.05899899997530156,0.0
pd,23:52:58.403,970,-40.003,-89.999,0.0,-90.239,0.003,-0.02,0.0,0.0,0.0,0.0,0.0,0.0,-40.003,-110.0,0.0,-90.239,0.003,-0.02,-40.003,-97.999,0.0,-90.239,0.003,-0.02,0.0,-2089.837568510214,0.0,0.0,0.0,0.0,0.0,-8.0,0.0,0.0,0.0,0.0,0.0137698,-0.0068849,-0.0275396,4.7987753,-0.0137698,-1.1773179,0.01231013430998,0.004438583638528,-0.006137728937652,-0.0029491758242370003,-0.000258699633705,0.00258699633705,20.001000000000005,1.652868999826751,0.15642400012438884,0.0746660002732824,0.0
pd,23:52:58.406,971,-40.003,-89.999,0.0,-90.239,0.003,-0.02,0.0,0.0,0.0,0.0,0.0,0.0,-40.003,-110.0,0.0,-90.239,0.003,-0.02,-40.003,-97.999,0.0,-90.239,0.003,-0.02,0.0,-1623.1826625386998,0.0,0.0,0.0,0.0,0.0,-8.0,0.0,0.0,0.0,0.0,0.0137698,-0.0068849,-0.0275396,4.7987753,-0.0137698,-1.1773179,0.01231013430998,0.004438583638528,-0.006137728937652,-0.0029491758242370003,-0.000258699633705,0.00258699633705,20.001000000000005,1.8437190001350245,0.21570199987763772,0.06955500020922045,0.0
pd,23:52:58.408,972,-40.003,-89.999,0.0,-90.239,0.003,-0.02,0.0,0.0,0.0,0.0,0.0,0.0,-40.003,-110.0,0.0,-90.239,0.003,-0.02,-40.003,-97.999,0.0,-90.239,0.003,-0.02,0.0,-1765.6510208377183,0.0,0.0,0.0,0.0,0.0,-8.0,0.0,0.0,0.0,0.0,0.0137698,-0.0068849,-0.0275396,4.7987753,-0.0137698,-1.1773179,0.01231013430998,0.004438583638528,-0.006137728937652,-0.0029491758242370003,-0.000258699633705,0.00258699633705,20.001000000000005,1.6909989999476238,0.16707199984011822,0.06853600007161731,0.0
pd,23:52:58.410,973,-40.003,-89.999,0.0,-90.239,0.003,-0.02,0.0,0.0,0.0,0.0,0.0,0.0,-40.003,-110.0,0.0,-90.239,0.003,-0.02,-40.003,-97.999,0.0,-90.239,0.003,-0.02,0.0,-1999.6681764004768,0.0,0.0,0.0,0.0,0.0,-8.0,0.0,0.0,0.0,0.0,0.0137698,-0.0068849,-0.0275396,4.7987753,-0.0137698,-1.1773179,0.01231013430998,0.004438583638528,-0.006137728937652,-0.0029491758242370003,-0.000258699633705,0.00258699633705,20.001000000000005,1.646906999667408,0.15879500006121816,0.06892600003993721,0.0
pd,23:52:58.412,974,-40.003,-89.999,0.0,-90.239,0.003,-0.02,0.0,0.0,0.0,0.0,0.0,0.0,-40.003,-110.0,0.0,-90.239,0.003,-0.02,-40.003,-97.999,0.0,-90.239,0.003,-0.02,0.0,-2031.631872124001,0.0,0.0,0.0,0.0,0.0,-8.0,0.0,0.0,0.0,0.0,0.0137698,-0.0068849,-0.0275396,4.7987753,-0.0137698,-1.1773179,0.01231013430998,0.004438583638528,-0.006137728937652,-0.0029491758242370003,-0.000258699633705,0.00258699633705,20.001000000000005,1.9257169997217716,0.19823899992843508,0.09553499967296375,0.0
pd,23:52:58.414,975,-40.003,-89.999,0.0,-90.239,0.003,-0.02,0.0,0.0,0.0,0.0,0.0,0.0,-40.003,-110.0,0.0,-90.239,0.003,-0.02,-40.003,-97.999,0.0,-90.239,0.003,-0.02,0.0,-1735.3347124534546,0.0,0.0,0.0,0.0,0.0,-8.0,0.0,0.0,0.0,0.0,0.0137698,-0.0068849,-0.0275396,4.7987753,-0.0137698,-1.1773179,0.01231013430998,0.004438583638528,-0.006137728937652,-0.0029491758242370003,-0.000258699633705,0.00258699633705,20.001000000000005,1.6674799999236711,0.16157200025190832,0.07329500022024149,0.0
pd,23:52:58.416,976,-40.003,-89.999,0.0,-90.239,0.003,-0.02,0.0,0.0,0.0,0.0,0.0,0.0,-40.003,-110.0,0.0,-90.239,0.003,-0.02,-40.003,-97.999,0.0,-90.239,0.003,-0.02,0.0,-2024.5222637866539,0.0,0.0,0.0,0.0,0.0,-8.0,0.0,0.0,0.0,0.0,0.0137698,-0.0068849,-0.0275396,4.7987753,-0.0137698,-1.1773179,0.01231013430998,0.004438583638528,-0.006137728937652,-0.0029491758242370003,-0.000258699633705,0.00258699633705,20.001000000000005,1.7360899996674561,0.17521999961900292,0.0792399996498716,0.0
pd,23:52:58.418,977,-40.003,-89.999,0.0,-90.239,0.003,-0.02,0.0,0.0,0.0,0.0,0.0,0.0,-40.003,-110.0,0.0,-90.239,0.003,-0.02,-40.003,-97.999,0.0,-90.239,0.003,-0.02,0.0,-1935.7581631475712,0.0,0.0,0.0,0.0,0.0,-8.0,0.0,0.0,0.0,0.0,0.0137698,-0.0068849,-0.0275396,4.7987753,-0.0137698,-1.1773179,0.01231013430998,0.004438583638528,-0.006137728937652,-0.0029491758242370003,-0.000258699633705,0.00258699633705,20.001000000000005,1.7242390003957553,0.16436799978691852,0.07348100007220637,0.0
pd,23:52:58.420,978,-40.003,-89.999,0.0,-90.239,0.003,-0.02,0.0,0.0,0.0,0.0,0.0,0.0,-40.003,-110.0,0.0,-90.239,0.003,-0.02,-40.003,-97.999,0.0,-90.239,0.003,-0.02,0.0,-1965.2355628440905,0.0,0.0,0.0,0.0,0.0,-8.0,0.0,0.0,0.0,0.0,0.0137698,-0.0068849,-0.0275396,4.7987753,-0.0137698,-1.1773179,0.01231013430998,0.004438583638528,-0.006137728937652,-0.0029491758242370003,-0.000258699633705,0.00258699633705,20.001000000000005,1.6952390001279127,0.15722099988124683,0.06979499994486105,0.0
pd,23:52:58.422,979,-40.003,-89.999,0.0,-90.239,0.003,-0.02,0.0,0.0,0.0,0.0,0.0,0.0,-40.003,-110.0,0.0,-90.239,0.003,-0.02,-40.003,-97.999,0.0,-90.239,0.003,-0.02,0.0,-2004.2069047903476,0.0,0.0,0.0,0.0,0.0,-8.0,0.0,0.0,0.0,0.0,0.0137698,-0.0068849,-0.0275396,4.7987753,-0.0137698,-1.1773179,0.01231013430998,0.004438583638528,-0.006137728937652,-0.0029491758242370003,-0.000258699633705,0.00258699633705,20.001000000000005,1.709201999801735,0.17718299977786955,0.07501799973397283,0.0
pd,23:52:58.424,980,-40.003,-89.999,0.0,-90.239,0.003,-0.02,0.0,0.0,0.0,0.0,0.0,0.0,-40.003,-110.0,0.0,-90.239,0.003,-0.02,-40.003,-97.999,0.0,-90.239,0.003,-0.02,0.0,-1963.1659255792183,0.0,0.0,0.0,0.0,0.0,-8.0,0.0,0.0,0.0,0.0,0.0137698,-0.0068849,-0.0275396,4.7987753,-0.0137698,-1.1773179,0.01231013430998,0.004438583638528,-0.006137728937652,-0.0029491758242370003,-0.000258699633705,0.00258699633705,20.001000000000005,1.7197940001096867,0.16960899984042044,0.07790700010446017,0.0
pd,23:52:58.427,981,-40.003,-89.999,0.0,-90.239,0.003,-0.02,0.0,0.0,0.0,0.0,0.0,0.0,-40.003,-110.0,0.0,-90.239,0.003,-0.02,-40.003,-97.999,0.0,-90.239,0.003,-0.02,0.0,-1572.814849535952,0.0,0.0,0.0,0.0,0.0,-8.0,0.0,0.0,0.0,0.0,0.0137698,-0.0068849,-0.0275396,4.7987753,-0.0137698,-1.1773179,0.01231013430998,0.004438583638528,-0.006137728937652,-0.0029491758242370003,-0.000258699633705,0.00258699633705,20.001000000000005,1.9342180003150133,0.23251599986906513,0.08703599996806588,0.0
pd,23:52:58.429,982,-40.003,-89.999,0.0,-90.239,0.003,-0.02,0.0,0.0,0.0,0.0,0.0,0.0,-40.003,-110.0,0.0,-90.239,0.003,-0.02,-40.003,-97.999,0.0,-90.239,0.003,-0.02,0.0,-1699.8192502532927,0.0,0.0,0.0,0.0,0.0,-8.0,0.0,0.0,0.0,0.0,0.0137698,-0.0068849,-0.0275396,4.7987753,-0.0137698,-1.1773179,0.01231013430998,0.004438583638528,-0.006137728937652,-0.0029491758242370003,-0.000258699633705,0.00258699633705,20.001000000000005,1.664258000346308,0.17027599960783846,0.07016599965936621,0.0
pd,23:52:58.431,983,-40.003,-89.999,0.0,-90.239,0.003,-0.02,0.0,0.0,0.0,0.0,0.0,0.0,-40.003,-110.0,0.0,-90.239,0.003,-0.02,-40.003,-97.999,0.0,-90.239,0.003,-0.02,0.0,-2021.3513253012047,0.0,0.0,0.0,0.0,0.0,-8.0,0.0,0.0,0.0,0.0,0.0137698,-0.0068849,-0.0275396,4.7987753,-0.0137698,-1.1773179,0.01231013430998,0.004438583638528,-0.006137728937652,-0.0029491758242370003,-0.000258699633705,0.00258699633705,20.001000000000005,1.7473870002504555,0.16262799999822164,0.0707950002833968,0.0
pd,23:52:58.433,984,-40.003,-89.999,0.0,-90.239,0.003,-0.02,0.0,0.0,0.0,0.0,0.0,0.0,-40.003,-110.0,0.0,-90.239,0.003,-0.02,-40.003,-97.999,0.0,-90.239,0.003,-0.02,0.0,-1944.9589612798516,0.0,0.0,0.0,0.0,0.0,-8.0,0.0,0.0,0.0,0.0,0.0137698,-0.0068849,-0.0275396,4.7987753,-0.0137698,-1.1773179,0.01231013430998,0.004438583638528,-0.006137728937652,-0.0029491758242370003,-0.000258699633705,0.00258699633705,20.001000000000005,1.6459069997836195,0.141295000048558,0.0587769995945564,0.0
pd,23:52:58.435,985,-40.003,-89.999,0.0,-90.239,0.003,-0.02,0.0,0.0,0.0,0.0,0.0,0.0,-40.003,-110.0,0.0,-90.239,0.003,-0.02,-40.003,-97.999,0.0,-90.239,0.003,-0.02,0.0,-2090.879361914257,0.0,0.0,0.0,0.0,0.0,-8.0,0.0,0.0,0.0,0.0,0.0137698,-0.0068849,-0.0275396,4.7987753,-0.0137698,-1.1773179,0.01231013430998,0.004438583638528,-0.006137728937652,-0.0029491758242370003,-0.000258699633705,0.00258699633705,20.001000000000005,1.6750720001255104,0.161775999913516,0.06942500021978049,0.0
pd,23:52:58.437,986,-40.003,-89.999,0.0,-90.239,0.003,-0.02,0.0,0.0,0.0,0.0,0.0,0.0,-40.003,-110.0,0.0,-90.239,0.003,-0.02,-40.003,-97.999,0.0,-90.239,0.003,-0.02,0.0,-1979.3789523360076,0.0,0.0,0.0,0.0,0.0,-8.0,0.0,0.0,0.0,0.0,0.0137698,-0.0068849,-0.0275396,4.7987753,-0.0137698,-1.1773179,0.01231013430998,0.004438583638528,-0.006137728937652,-0.0029491758242370003,-0.000258699633705,0.00258699633705,20.001000000000005,1.9018849998246878,0.19973899998149136,0.09324000029664603,0.0
pd,23:52:58.440,987,-40.003,-89.999,0.0,-90.239,0.003,-0.02,0.0,0.0,0.0,0.0,0.0,0.0,-40.003,-110.0,0.0,-90.239,0.003,-0.02,-40.003,-97.999,0.0,-90.239,0.003,-0.02,0.0,-1754.7553603179583,0.0,0.0,0.0,0.0,0.0,-8.0,0.0,0.0,0.0,0.0,0.0137698,-0.0068849,-0.0275396,4.7987753,-0.0137698,-1.1773179,0.01231013430998,0.004438583638528,-0.006137728937652,-0.0029491758242370003,-0.000258699633705,0.00258699633705,20.001000000000005,1.7315159998361196,0.15688699977545184,0.06938799970157561,0.0
pd,23:52:58.442,988,-40.003,-89.999,0.0,-90.239,0.003,-0.02,0.0,0.0,0.0,0.0,0.0,0.0,-40.003,-110.0,0.0,-90.239,0.003,-0.02,-40.003,-97.999,0.0,-90.239,0.003,-0.02,0.0,-1970.544514916608,0.0,0.0,0.0,0.0,0.0,-8.0,0.0,0.0,0.0,0.0,0.0137698,-0.0068849,-0.0275396,4.7987753,-0.0137698,-1.1773179,0.01231013430998,0.004438583638528,-0.006137728937652,-0.0029491758242370003,-0.000258699633705,0.00258699633705,20.001000000000005,1.6432400002486247,0.1590350002516061,0.07061099995553377,0.0
pd,23:52:58.444,989,-40.003,-89.999,0.0,-90.239,0.003,-0.02,0.0,0.0,0.0,0.0,0.0,0.0,-40.003,-110.0,0.0,-90.239,0.003,-0.02,-40.003,-97.999,0.0,-90.239,0.003,-0.02,0.0,-2057.291968117719,0.0,0.0,0.0,0.0,0.0,-8.0,0.0,0.0,0.0,0.0,0.0137698,-0.0068849,-0.0275396,4.7987753,-0.0137698,-1.1773179,0.01231013430998,0.004438583638528,-0.006137728937652,-0.0029491758242370003,-0.000258699633705,0.00258699633705,20.001000000000005,1.7685170000731887,0.1765910001267912,0.08618399988336023,0.0
pd,23:52:58.446,990,-40.003,-89.999,0.0,-90.239,0.003,-0.02,0.0,0.0,0.0,0.0,0.0,0.0,-40.003,-110.0,0.0,-90.239,0.003,-0.02,-40.003,-97.999,0.0,-90.239,0.003,-0.02,0.0,-1895.3023045639404,0.0,0.0,0.0,0.0,0.0,-8.0,0.0,0.0,0.0,0.0,0.0137698,-0.0068849,-0.0275396,4.7987753,-0.0137698,-1.1773179,0.01231013430998,0.004438583638528,-0.006137728937652,-0.0029491758242370003,-0.000258699633705,0.00258699633705,20.001000000000005,1.658128000144643,0.1443320002181281,0.06061000021873042,0.0
pd,23:52:58.448,991,-40.003,-89.999,0.0,-90.239,0.003,-0.02,0.0,0.0,0.0,0.0,0.0,0.0,-40.003,-110.0,0.0,-90.239,0.003,-0.02,-40.003,-97.999,0.0,-90.239,0.003,-0.02,0.0,-1643.5360501567397,0.0,0.0,0.0,0.0,0.0,-8.0,0.0,0.0,0.0,0.0,0.0137698,-0.0068849,-0.0275396,4.7987753,-0.0137698,-1.1773179,0.01231013430998,0.004438583638528,-0.006137728937652,-0.0029491758242370003,-0.000258699633705,0.00258699633705,20.001000000000005,1.8626080000103684,0.2224609997938387,0.0791659999777039,0.0
pd,23:52:58.450,992,-40.003,-89.999,0.0,-90.239,0.003,-0.02,0.0,0.0,0.0,0.0,0.0,0.0,-40.003,-110.0,0.0,-90.239,0.003,-0.02,-40.003,-97.999,0.0,-90.239,0.003,-0.02,0.0,-1768.4427110783176,0.0,0.0,0.0,0.0,0.0,-8.0,0.0,0.0,0.0,0.0,0.0137698,-0.0068849,-0.0275396,4.7987753,-0.0137698,-1.1773179,0.01231013430998,0.004438583638528,-0.006137728937652,-0.0029491758242370003,-0.000258699633705,0.00258699633705,20.001000000000005,1.6864240001268627,0.17427600005248678,0.07272099992405856,0.0
pd,23:52:58.452,993,-40.003,-89.999,0.0,-90.239,0.003,-0.02,0.0,0.0,0.0,0.0,0.0,0.0,-40.003,-110.0,0.0,-90.239,0.003,-0.02,-40.003,-97.999,0.0,-90.239,0.003,-0.02,0.0,-1992.0702920921397,0.0,0.0,0.0,0.0,0.0,-8.0,0.0,0.0,0.0,0.0,0.0137698,-0.0068849,-0.0275396,4.7987753,-0.0137698,-1.1773179,0.01231013430998,0.004438583638528,-0.006137728937652,-0.0029491758242370003,-0.000258699633705,0.00258699633705,20.001000000000005,1.6791100001682935,0.14238699986890424,0.05909200035603135,0.0
pd,23:52:58.454,994,-40.003,-89.999,0.0,-90.239,0.003,-0.02,0.0,0.0,0.0,0.0,0.0,0.0,-40.003,-110.0,0.0,-90.239,0.003,-0.02,-40.003,-97.999,0.0,-90.239,0.003,-0.02,0.0,-2055.5275667728497,0.0,0.0,0.0,0.0,0.0,-8.0,0.0,0.0,0.0,0.0,0.0137698,-0.0068849,-0.0275396,4.7987753,-0.0137698,-1.1773179,0.01231013430998,0.004438583638528,-0.006137728937652,-0.0029491758242370003,-0.000258699633705,0.00258699633705,20.001000000000005,1.6418139998677361,0.1550719998704153,0.06920300029378268,0.0
pd,23:52:58.456,995,-40.003,-89.999,0.0,-90.239,0.003,-0.02,0.0,0.0,0.0,0.0,0.0,0.0,-40.003,-110.0,0.0,-90.239,0.003,-0.02,-40.003,-97.999,0.0,-90.239,0.003,-0.02,0.0,-2061.589579749324,0.0,0.0,0.0,0.0,0.0,-8.0,0.0,0.0,0.0,0.0,0.0137698,-0.0068849,-0.0275396,4.7987753,-0.0137698,-1.1773179,0.01231013430998,0.004438583638528,-0.006137728937652,-0.0029491758242370003,-0.000258699633705,0.00258699633705,20.001000000000005,1.6780910000306903,0.14757200005988125,0.06129499979579123,0.0
pd,23:52:58.458,996,-40.003,-89.999,0.0,-90.239,0.003,-0.02,0.0,0.0,0.0,0.0,0.0,0.0,-40.003,-110.0,0.0,-90.239,0.003,-0.02,-40.003,-97.999,0.0,-90.239,0.003,-0.02,0.0,-2045.5030480370642,0.0,0.0,0.0,0.0,0.0,-8.0,0.0,0.0,0.0,0.0,0.0137698,-0.0068849,-0.0275396,4.7987753,-0.0137698,-1.1773179,0.01231013430998,0.004438583638528,-0.006137728937652,-0.0029491758242370003,-0.000258699633705,0.00258699633705,20.001000000000005,1.6287030002786196,0.1431650002814422,0.06361100031426759,0.0
pd,23:52:58.460,997,-40.003,-89.999,0.0,-90.239,0.003,-0.02,0.0,0.0,0.0,0.0,0.0,0.0,-40.003,-110.0,0.0,-90.239,0.003,-0.02,-40.003,-97.999,0.0,-90.239,0.003,-0.02,0.0,-2102.144593409347,0.0,0.0,0.0,0.0,0.0,-8.0,0.0,0.0,0.0,0.0,0.0137698,-0.0068849,-0.0275396,4.7987753,-0.0137698,-1.1773179,0.01231013430998,0.004438583638528,-0.006137728937652,-0.0029491758242370003,-0.000258699633705,0.00258699633705,20.001000000000005,1.6641839997646457,0.15062700003909413,0.0673879999339988,0.0
pd,23:52:58.462,998,-40.003,-89.999,0.0,-90.239,0.003,-0.02,0.0,0.0,0.0,0.0,0.0,0.0,-40.003,-110.0,0.0,-90.239,0.003,-0.02,-40.003,-97.999,0.0,-90.239,0.003,-0.02,0.0,-2049.7514966401955,0.0,0.0,0.0,0.0,0.0,-8.0,0.0,0.0,0.0,0.0,0.0137698,-0.0068849,-0.0275396,4.7987753,-0.0137698,-1.1773179,0.01231013430998,0.004438583638528,-0.006137728937652,-0.0029491758242370003,-0.000258699633705,0.00258699633705,20.001000000000005,1.6315180000674445,0.40140200007954263,0.09664700019129668,0.0
pd,23:52:58.464,999,-40.003,-89.999,0.0,-90.239,0.003,-0.02,0.0,0.0,0.0,0.0,0.0,0.0,-40.003,-110.0,0.0,-90.239,0.003,-0.02,-40.003,-97.999,0.0,-90.239,0.003,-0.02,0.0,-1809.059305585508,0.0,0.0,0.0,0.0,0.0,-8.0,0.0,0.0,0.0,0.0,0.0137698,-0.0068849,-0.0275396,4.7987753,-0.0137698,-1.1773179,0.01231013430998,0.004438583638528,-0.006137728937652,-0.0029491758242370003,-0.000258699633705,0.00258699633705,20.001000000000005,1.7379230002916302,0.1787569999578409,0.0787769999988086,0.0
pd,23:52:58.466,1000,-40.003,-89.999,0.0,-90.239,0.003,-0.02,0.0,0.0,0.0,0.0,0.0,0.0,-40.003,-110.0,0.0,-90.239,0.003,-0.02,-40.003,-97.999,0.0,-90.239,0.003,-0.02,0.0,-1927.0866069377441,0.0,0.0,0.0,0.0,0.0,-8.0,0.0,0.0,0.0,0.0,0.0137698,-0.0068849,-0.0275396,4.7987753,-0.0137698,-1.1773179,0.01231013430998,0.004438583638528,-0.006137728937652,-0.0029491758242370003,-0.000258699633705,0.00258699633705,20.001000000000005,1.6756290001467278,0.17790499987313524,0.08070300009421771,0.0
pd,23:52:58.469,1001,-40.003,-89.999,0.0,-90.239,0.003,-0.02,0.0,0.0,0.0,0.0,0.0,0.0,-40.003,-110.0,0.0,-90.239,0.003,-0.02,-40.003,-97.999,0.0,-90.239,0.003,-0.02,0.0,-1555.1738969225064,0.0,0.0,0.0,0.0,0.0,-8.0,0.0,0.0,0.0,0.0,0.0137698,-0.0068849,-0.0275396,4.7987753,-0.0137698,-1.1773179,0.01231013430998,0.004438583638528,-0.006137728937652,-0.0029491758242370003,-0.000258699633705,0.00258699633705,20.001000000000005,1.97034699976939,0.22922000016478705,0.09238800021194038,0.0
pd,23:52:58.471,1002,-40.003,-89.999,0.0,-90.239,0.003,-0.02,0.0,0.0,0.0,0.0,0.0,0.0,-40.003,-110.0,0.0,-90.239,0.003,-0.02,-40.003,-97.999,0.0,-90.239,0.003,-0.02,0.0,-1674.372854291417,0.0,0.0,0.0,0.0,0.0,-8.0,0.0,0.0,0.0,0.0,0.0137698,-0.0068849,-0.0275396,4.7987753,-0.0137698,-1.1773179,0.01231013430998,0.004438583638528,-0.006137728937652,-0.0029491758242370003,-0.000258699633705,0.00258699633705,20.001000000000005,1.7433869998058071,0.15666499984945403,0.07272199991348316,0.0
pd,23:52:58.473,1003,-40.003,-89.999,0.0,-90.239,0.003,-0.02,0.0,0.0,0.0,0.0,0.0,0.0,-40.003,-110.0,0.0,-90.239,0.003,-0.02,-40.003,-97.999,0.0,-90.239,0.003,-0.02,0.0,-1955.8423875029143,0.0,0.0,0.0,0.0,0.0,-8.0,0.0,0.0,0.0,0.0,0.0137698,-0.0068849,-0.0275396,4.7987753,-0.0137698,-1.1773179,0.01231013430998,0.004438583638528,-0.006137728937652,-0.0029491758242370003,-0.000258699633705,0.00258699633705,20.001000000000005,1.6357209997295286,0.13705399987884448,0.05872200017620344,0.0
pd,23:52:58.475,1004,-40.003,-89.999,0.0,-90.239,0.003,-0.02,0.0,0.0,0.0,0.0,0.0,0.0,-40.003,-110.0,0.0,-90.239,0.003,-0.02,-40.003,-97.999,0.0,-90.239,0.003,-0.02,0.0,-2110.607120392502,0.0,0.0,0.0,0.0,0.0,-8.0,0.0,0.0,0.0,0.0,0.0137698,-0.0068849,-0.0275396,4.7987753,-0.0137698,-1.1773179,0.01231013430998,0.004438583638528,-0.006137728937652,-0.0029491758242370003,-0.000258699633705,0.00258699633705,20.001000000000005,1.6590919999543985,0.1590540000506735,0.0713510003151896,0.0
pd,23:52:58.477,1005,-40.003,-89.999,0.0,-90.239,0.003,-0.02,0.0,0.0,0.0,0.0,0.0,0.0,-40.003,-110.0,0.0,-90.239,0.003,-0.02,-40.003,-97.999,0.0,-90.239,0.003,-0.02,0.0,-2037.8010445767036,0.0,0.0,0.0,0.0,0.0,-8.0,0.0,0.0,0.0,0.0,0.0137698,-0.0068849,-0.0275396,4.7987753,-0.0137698,-1.1773179,0.01231013430998,0.004438583638528,-0.006137728937652,-0.0029491758242370003,-0.000258699633705,0.00258699633705,20.001000000000005,1.6451099995720142,0.13472099999489728,0.05670300015481189,0.0
pd,23:52:58.479,1006,-40.003,-89.999,0.0,-90.239,0.003,-0.02,0.0,0.0,0.0,0.0,0.0,0.0,-40.003,-110.0,0.0,-90.239,0.003,-0.02,-40.003,-97.999,0.0,-90.239,0.003,-0.02,0.0,-2101.617938118502,0.0,0.0,0.0,0.0,0.0,-8.0,0.0,0.0,0.0,0.0,0.0137698,-0.0068849,-0.0275396,4.7987753,-0.0137698,-1.1773179,0.01231013430998,0.004438583638528,-0.006137728937652,-0.0029491758242370003,-0.000258699633705,0.00258699633705,20.001000000000005,1.663405999806855,0.15566500042041298,0.06862899999759975,0.0
pd,23:52:58.481,1007,-40.003,-89.999,0.0,-90.239,0.003,-0.02,0.0,0.0,0.0,0.0,0.0,0.0,-40.003,-110.0,0.0,-90.239,0.003,-0.02,-40.003,-97.999,0.0,-90.239,0.003,-0.02,0.0,-2041.2721742304416,0.0,0.0,0.0,0.0,0.0,-8.0,0.0,0.0,0.0,0.0,0.0137698,-0.0068849,-0.0275396,4.7987753,-0.0137698,-1.1773179,0.01231013430998,0.004438583638528,-0.006137728937652,-0.0029491758242370003,-0.000258699633705,0.00258699633705,20.001000000000005,1.6397580002376344,0.13485099998433725,0.05823999981657835,0.0
pd,23:52:58.483,1008,-40.003,-89.999,0.0,-90.239,0.003,-0.02,0.0,0.0,0.0,0.0,0.0,0.0,-40.003,-110.0,0.0,-90.239,0.003,-0.02,-40.003,-97.999,0.0,-90.239,0.003,-0.02,0.0,-2110.076216828072,0.0,0.0,0.0,0.0,0.0,-8.0,0.0,0.0,0.0,0.0,0.0137698,-0.0068849,-0.0275396,4.7987753,-0.0137698,-1.1773179,0.01231013430998,0.004438583638528,-0.006137728937652,-0.0029491758242370003,-0.000258699633705,0.00258699633705,20.001000000000005,1.9826430002467532,0.19344199972692877,0.10138799962078338,0.0
pd,23:52:58.485,1009,-40.003,-89.999,0.0,-90.239,0.003,-0.02,0.0,0.0,0.0,0.0,0.0,0.0,-40.003,-110.0,0.0,-90.239,0.003,-0.02,-40.003,-97.999,0.0,-90.239,0.003,-0.02,0.0,-1693.8128218071681,0.0,0.0,0.0,0.0,0.0,-8.0,0.0,0.0,0.0,0.0,0.0137698,-0.0068849,-0.0275396,4.7987753,-0.0137698,-1.1773179,0.01231013430998,0.004438583638528,-0.006137728937652,-0.0029491758242370003,-0.000258699633705,0.00258699633705,20.001000000000005,1.6919059999054298,0.1698310002211656,0.07437000022036955,0.0
pd,23:52:58.487,1010,-40.003,-89.999,0.0,-90.239,0.003,-0.02,0.0,0.0,0.0,0.0,0.0,0.0,-40.003,-110.0,0.0,-90.239,0.003,-0.02,-40.003,-97.999,0.0,-90.239,0.003,-0.02,0.0,-1990.6521120075938,0.0,0.0,0.0,0.0,0.0,-8.0,0.0,0.0,0.0,0.0,0.0137698,-0.0068849,-0.0275396,4.7987753,-0.0137698,-1.1773179,0.01231013430998,0.004438583638528,-0.006137728937652,-0.0029491758242370003,-0.000258699633705,0.00258699633705,20.001000000000005,1.7268869996769354,0.1861089999692922,0.08912799967220053,0.0
pd,23:52:58.490,1011,-40.003,-89.999,0.0,-90.239,0.003,-0.02,0.0,0.0,0.0,0.0,0.0,0.0,-40.003,-110.0,0.0,-90.239,0.003,-0.02,-40.003,-97.999,0.0,-90.239,0.003,-0.02,0.0,-1528.6757175398634,0.0,0.0,0.0,0.0,0.0,-8.0,0.0,0.0,0.0,0.0,0.0137698,-0.0068849,-0.0275396,4.7987753,-0.0137698,-1.1773179,0.01231013430998,0.004438583638528,-0.006137728937652,-0.0029491758242370003,-0.000258699633705,0.00258699633705,20.001000000000005,1.9710689998646558,0.23081199969965382,0.09561000024405075,0.0
pd,23:52:58.492,1012,-40.003,-89.999,0.0,-90.239,0.003,-0.02,0.0,0.0,0.0,0.0,0.0,0.0,-40.003,-110.0,0.0,-90.239,0.003,-0.02,-40.003,-97.999,0.0,-90.239,0.003,-0.02,0.0,-1671.2039047713915,0.0,0.0,0.0,0.0,0.0,-8.0,0.0,0.0,0.0,0.0,0.0137698,-0.0068849,-0.0275396,4.7987753,-0.0137698,-1.1773179,0.01231013430998,0.004438583638528,-0.006137728937652,-0.0029491758242370003,-0.000258699633705,0.00258699633705,20.001000000000005,1.7329610000160756,0.14662800003861776,0.06507300031444174,0.0
pd,23:52:58.494,1013,-40.003,-89.999,0.0,-90.239,0.003,-0.02,0.0,0.0,0.0,0.0,0.0,0.0,-40.003,-110.0,0.0,-90.239,0.003,-0.02,-40.003,-97.999,0.0,-90.239,0.003,-0.02,0.0,-1985.7043437093148,0.0,0.0,0.0,0.0,0.0,-8.0,0.0,0.0,0.0,0.0,0.0137698,-0.0068849,-0.0275396,4.7987753,-0.0137698,-1.1773179,0.01231013430998,0.004438583638528,-0.006137728937652,-0.0029491758242370003,-0.000258699633705,0.00258699633705,20.001000000000005,1.7307200000686862,0.19136800028718426,0.0980909999270807,0.0
pd,23:52:58.497,1014,-40.003,-89.999,0.0,-90.239,0.003,-0.02,0.0,0.0,0.0,0.0,0.0,0.0,-40.003,-110.0,0.0,-90.239,0.003,-0.02,-40.003,-97.999,0.0,-90.239,0.003,-0.02,0.0,-1895.9448525257092,0.0,0.0,0.0,0.0,0.0,-8.0,0.0,0.0,0.0,0.0,0.0137698,-0.0068849,-0.0275396,4.7987753,-0.0137698,-1.1773179,0.01231013430998,0.004438583638528,-0.006137728937652,-0.0029491758242370003,-0.000258699633705,0.00258699633705,20.001000000000005,1.7666270000518125,0.1672019998295582,0.06527699997604941,0.0
pd,23:52:58.499,1015,-40.003,-89.999,0.0,-90.239,0.003,-0.02,0.0,0.0,0.0,0.0,0.0,0.0,-40.003,-110.0,0.0,-90.239,0.003,-0.02,-40.003,-97.999,0.0,-90.239,0.003,-0.02,0.0,-1930.1905200184078,0.0,0.0,0.0,0.0,0.0,-8.0,0.0,0.0,0.0,0.0,0.0137698,-0.0068849,-0.0275396,4.7987753,-0.0137698,-1.1773179,0.01231013430998,0.004438583638528,-0.006137728937652,-0.0029491758242370003,-0.000258699633705,0.00258699633705,20.001000000000005,1.7229790000783396,0.2457380001033016,0.12938700001541292,0.0
pd,23:52:58.501,1016,-40.003,-89.999,0.0,-90.239,0.003,-0.02,0.0,0.0,0.0,0.0,0.0,0.0,-40.003,-110.0,0.0,-90.239,0.003,-0.02,-40.003,-97.999,0.0,-90.239,0.003,-0.02,0.0,-1763.6093766424892,0.0,0.0,0.0,0.0,0.0,-8.0,0.0,0.0,0.0,0.0,0.0137698,-0.0068849,-0.0275396,4.7987753,-0.0137698,-1.1773179,0.01231013430998,0.004438583638528,-0.006137728937652,-0.0029491758242370003,-0.000258699633705,0.00258699633705,20.001000000000005,1.7747749998306972,0.18573800025478704,0.0814250001894834,0.0
pd,23:52:58.503,1017,-40.003,-89.999,0.0,-90.239,0.003,-0.02,0.0,0.0,0.0,0.0,0.0,0.0,-40.003,-110.0,0.0,-90.239,0.003,-0.02,-40.003,-97.999,0.0,-90.239,0.003,-0.02,0.0,-1885.2922800314643,0.0,0.0,0.0,0.0,0.0,-8.0,0.0,0.0,0.0,0.0,0.0137698,-0.0068849,-0.0275396,4.7987753,-0.0137698,-1.1773179,0.01231013430998,0.004438583638528,-0.006137728937652,-0.0029491758242370003,-0.000258699633705,0.00258699633705,20.001000000000005,1.717145999919012,0.16866499981915695,0.07005499992374098,0.0
pd,23:52:58.505,1018,-40.003,-89.999,0.0,-90.239,0.003,-0.02,0.0,0.0,0.0,0.0,0.0,0.0,-40.003,-110.0,0.0,-90.239,0.003,-0.02,-40.003,-97.999,0.0,-90.239,0.003,-0.02,0.0,-1972.629747207525,0.0,0.0,0.0,0.0,0.0,-8.0,0.0,0.0,0.0,0.0,0.0137698,-0.0068849,-0.0275396,4.7987753,-0.0137698,-1.1773179,0.01231013430998,0.004438583638528,-0.006137728937652,-0.0029491758242370003,-0.000258699633705,0.00258699633705,20.001000000000005,1.6567960001339088,0.16233199994530878,0.07446200015692739,0.0
pd,23:52:58.507,1019,-40.003,-89.999,0.0,-90.239,0.003,-0.02,0.0,0.0,0.0,0.0,0.0,0.0,-40.003,-110.0,0.0,-90.239,0.003,-0.02,-40.003,-97.999,0.0,-90.239,0.003,-0.02,0.0,-2035.0819990295972,0.0,0.0,0.0,0.0,0.0,-8.0,0.0,0.0,0.0,0.0,0.0137698,-0.0068849,-0.0275396,4.7987753,-0.0137698,-1.1773179,0.01231013430998,0.004438583638528,-0.006137728937652,-0.0029491758242370003,-0.000258699633705,0.00258699633705,20.001000000000005,1.7671270002210804,0.16373900007238262,0.07003599966992624,0.0
pd,23:52:58.509,1020,-40.003,-89.999,0.0,-90.239,0.003,-0.02,0.0,0.0,0.0,0.0,0.0,0.0,-40.003,-110.0,0.0,-90.239,0.003,-0.02,-40.003,-97.999,0.0,-90.239,0.003,-0.02,0.0,-1926.8652808085449,0.0,0.0,0.0,0.0,0.0,-8.0,0.0,0.0,0.0,0.0,0.0137698,-0.0068849,-0.0275396,4.7987753,-0.0137698,-1.1773179,0.01231013430998,0.004438583638528,-0.006137728937652,-0.0029491758242370003,-0.000258699633705,0.00258699633705,20.001000000000005,1.9186070003343048,0.2044050002041331,0.10022100013884483,0.0
pd,23:52:58.512,1021,-40.003,-89.999,0.0,-90.239,0.003,-0.02,0.0,0.0,0.0,0.0,0.0,0.0,-40.003,-110.0,0.0,-90.239,0.003,-0.02,-40.003,-97.999,0.0,-90.239,0.003,-0.02,0.0,-1407.838885625577,0.0,0.0,0.0,0.0,0.0,-8.0,0.0,0.0,0.0,0.0,0.0137698,-0.0068849,-0.0275396,4.7987753,-0.0137698,-1.1773179,0.01231013430998,0.004438583638528,-0.006137728937652,-0.0029491758242370003,-0.000258699633705,0.00258699633705,20.001000000000005,1.9261809998170065,0.23144100032368442,0.09307299978900119,0.0
pd,23:52:58.514,1022,-40.003,-89.999,0.0,-90.239,0.003,-0.02,0.0,0.0,0.0,0.0,0.0,0.0,-40.003,-110.0,0.0,-90.239,0.003,-0.02,-40.003,-97.999,0.0,-90.239,0.003,-0.02,0.0,-1702.4064941653983,0.0,0.0,0.0,0.0,0.0,-8.0,0.0,0.0,0.0,0.0,0.0137698,-0.0068849,-0.0275396,4.7987753,-0.0137698,-1.1773179,0.01231013430998,0.004438583638528,-0.006137728937652,-0.0029491758242370003,-0.000258699633705,0.00258699633705,20.001000000000005,1.7602570001145068,0.16333199982909719,0.07414699985019979,0.0
pd,23:52:58.516,1023,-40.003,-89.999,0.0,-90.239,0.003,-0.02,0.0,0.0,0.0,0.0,0.0,0.0,-40.003,-110.0,0.0,-90.239,0.003,-0.02,-40.003,-97.999,0.0,-90.239,0.003,-0.02,0.0,-1929.080832470967,0.0,0.0,0.0,0.0,0.0,-8.0,0.0,0.0,0.0,0.0,0.0137698,-0.0068849,-0.0275396,4.7987753,-0.0137698,-1.1773179,0.01231013430998,0.004438583638528,-0.006137728937652,-0.0029491758242370003,-0.000258699633705,0.00258699633705,20.001000000000005,1.7198870000356692,0.1613869999346207,0.07403600011457456,0.0
pd,23:52:58.518,1024,-40.003,-89.999,0.0,-90.239,0.003,-0.02,0.0,0.0,0.0,0.0,0.0,0.0,-40.003,-110.0,0.0,-90.239,0.003,-0.02,-40.003,-97.999,0.0,-90.239,0.003,-0.02,0.0,-1970.544514916608,0.0,0.0,0.0,0.0,0.0,-8.0,0.0,0.0,0.0,0.0,0.0137698,-0.0068849,-0.0275396,4.7987753,-0.0137698,-1.1773179,0.01231013430998,0.004438583638528,-0.006137728937652,-0.0029491758242370003,-0.000258699633705,0.00258699633705,20.001000000000005,1.6637950002404978,0.14616500038755476,0.06285099971137242,0.0
pd,23:52:58.520,1025,-40.003,-89.999,0.0,-90.239,0.003,-0.02,0.0,0.0,0.0,0.0,0.0,0.0,-40.003,-110.0,0.0,-90.239,0.003,-0.02,-40.003,-97.999,0.0,-90.239,0.003,-0.02,0.0,-2060.323713619059,0.0,0.0,0.0,0.0,0.0,-8.0,0.0,0.0,0.0,0.0,0.0137698,-0.0068849,-0.0275396,4.7987753,-0.0137698,-1.1773179,0.01231013430998,0.004438583638528,-0.006137728937652,-0.0029491758242370003,-0.000258699633705,0.00258699633705,20.001000000000005,1.688795000063692,0.1577200000610901,0.0732770004105987,0.0
pd,23:52:58.522,1026,-40.003,-89.999,0.0,-90.239,0.003,-0.02,0.0,0.0,0.0,0.0,0.0,0.0,-40.003,-110.0,0.0,-90.239,0.003,-0.02,-40.003,-97.999,0.0,-90.239,0.003,-0.02,0.0,-2006.6039947374716,0.0,0.0,0.0,0.0,0.0,-8.0,0.0,0.0,0.0,0.0,0.0137698,-0.0068849,-0.0275396,4.7987753,-0.0137698,-1.1773179,0.01231013430998,0.004438583638528,-0.006137728937652,-0.0029491758242370003,-0.000258699633705,0.00258699633705,20.001000000000005,1.645591000396962,0.12960899994141073,0.056814999879861716,0.0
pd,23:52:58.524,1027,-40.003,-89.999,0.0,-90.239,0.003,-0.02,0.0,0.0,0.0,0.0,0.0,0.0,-40.003,-110.0,0.0,-90.239,0.003,-0.02,-40.003,-97.999,0.0,-90.239,0.003,-0.02,0.0,-2110.076216828072,0.0,0.0,0.0,0.0,0.0,-8.0,0.0,0.0,0.0,0.0,0.0137698,-0.0068849,-0.0275396,4.7987753,-0.0137698,-1.1773179,0.01231013430998,0.004438583638528,-0.006137728937652,-0.0029491758242370003,-0.000258699633705,0.00258699633705,20.001000000000005,1.654258000144182,0.1324429999840504,0.05766599997514277,0.0
pd,23:52:58.526,1028,-40.003,-89.999,0.0,-90.239,0.003,-0.02,0.0,0.0,0.0,0.0,0.0,0.0,-40.003,-110.0,0.0,-90.239,0.003,-0.02,-40.003,-97.999,0.0,-90.239,0.003,-0.02,0.0,-2095.8420986883198,0.0,0.0,0.0,0.0,0.0,-8.0,0.0,0.0,0.0,0.0,0.0137698,-0.0068849,-0.0275396,4.7987753,-0.0137698,-1.1773179,0.01231013430998,0.004438583638528,-0.006137728937652,-0.0029491758242370003,-0.000258699633705,0.00258699633705,20.001000000000005,1.6374440001527546,0.14938799995434238,0.06644400036748266,0.0
pd,23:52:58.528,1029,-40.003,-89.999,0.0,-90.239,0.003,-0.02,0.0,0.0,0.0,0.0,0.0,0.0,-40.003,-110.0,0.0,-90.239,0.003,-0.02,-40.003,-97.999,0.0,-90.239,0.003,-0.02,0.0,-2079.9920654599555,0.0,0.0,0.0,0.0,0.0,-8.0,0.0,0.0,0.0,0.0,0.0137698,-0.0068849,-0.0275396,4.7987753,-0.0137698,-1.1773179,0.01231013430998,0.004438583638528,-0.006137728937652,-0.0029491758242370003,-0.000258699633705,0.00258699633705,20.001000000000005,1.682628999787994,0.14892399985910743,0.0666109999656328,0.0
pd,23:52:58.530,1030,-40.003,-89.999,0.0,-90.239,0.003,-0.02,0.0,0.0,0.0,0.0,0.0,0.0,-40.003,-110.0,0.0,-90.239,0.003,-0.02,-40.003,-97.999,0.0,-90.239,0.003,-0.02,0.0,-2033.3554720639922,0.0,0.0,0.0,0.0,0.0,-8.0,0.0,0.0,0.0,0.0,0.0137698,-0.0068849,-0.0275396,4.7987753,-0.0137698,-1.1773179,0.01231013430998,0.004438583638528,-0.006137728937652,-0.0029491758242370003,-0.000258699633705,0.00258699633705,20.001000000000005,1.6571840001233795,0.15146099985940964,0.06794299997636699,0.0
pd,23:52:58.532,1031,-40.003,-89.999,0.0,-90.239,0.003,-0.02,0.0,0.0,0.0,0.0,0.0,0.0,-40.003,-110.0,0.0,-90.239,0.003,-0.02,-40.003,-97.999,0.0,-90.239,0.003,-0.02,0.0,-1608.862293824319,0.0,0.0,0.0,0.0,0.0,-8.0,0.0,0.0,0.0,0.0,0.0137698,-0.0068849,-0.0275396,4.7987753,-0.0137698,-1.1773179,0.01231013430998,0.004438583638528,-0.006137728937652,-0.0029491758242370003,-0.000258699633705,0.00258699633705,20.001000000000005,1.8750699996417097,0.21960899994155625,0.07394299973384477,0.0
pd,23:52:58.535,1032,-40.003,-89.999,0.0,-90.239,0.003,-0.02,0.0,0.0,0.0,0.0,0.0,0.0,-40.003,-110.0,0.0,-90.239,0.003,-0.02,-40.003,-97.999,0.0,-90.239,0.003,-0.02,0.0,-1766.3946093914508,0.0,0.0,0.0,0.0,0.0,-8.0,0.0,0.0,0.0,0.0,0.0137698,-0.0068849,-0.0275396,4.7987753,-0.0137698,-1.1773179,0.01231013430998,0.004438583638528,-0.006137728937652,-0.0029491758242370003,-0.000258699633705,0.00258699633705,20.001000000000005,1.9702169997799501,0.210553000215441,0.09901699968395405,0.0
pd,23:52:58.537,1033,-40.003,-89.999,0.0,-90.239,0.003,-0.02,0.0,0.0,0.0,0.0,0.0,0.0,-40.003,-110.0,0.0,-90.239,0.003,-0.02,-40.003,-97.999,0.0,-90.239,0.003,-0.02,0.0,-1683.4453140678306,0.0,0.0,0.0,0.0,0.0,-8.0,0.0,0.0,0.0,0.0,0.0137698,-0.0068849,-0.0275396,4.7987753,-0.0137698,-1.1773179,0.01231013430998,0.004438583638528,-0.006137728937652,-0.0029491758242370003,-0.000258699633705,0.00258699633705,20.001000000000005,1.6797210000731866,0.15581299976474838,0.07407299972328474,0.0
pd,23:52:58.539,1034,-40.003,-89.999,0.0,-90.239,0.003,-0.02,0.0,0.0,0.0,0.0,0.0,0.0,-40.003,-110.0,0.0,-90.239,0.003,-0.02,-40.003,-97.999,0.0,-90.239,0.003,-0.02,0.0,-2016.977157970666,0.0,0.0,0.0,0.0,0.0,-8.0,0.0,0.0,0.0,0.0,0.0137698,-0.0068849,-0.0275396,4.7987753,-0.0137698,-1.1773179,0.01231013430998,0.004438583638528,-0.006137728937652,-0.0029491758242370003,-0.000258699633705,0.00258699633705,20.001000000000005,1.721682999686891,0.17214600029547,0.075906999882136,0.0
pd,23:52:58.541,1035,-40.003,-89.999,0.0,-90.239,0.003,-0.02,0.0,0.0,0.0,0.0,0.0,0.0,-40.003,-110.0,0.0,-90.239,0.003,-0.02,-40.003,-97.999,0.0,-90.239,0.003,-0.02,0.0,-1898.0898291661952,0.0,0.0,0.0,0.0,0.0,-8.0,0.0,0.0,0.0,0.0,0.0137698,-0.0068849,-0.0275396,4.7987753,-0.0137698,-1.1773179,0.01231013430998,0.004438583638528,-0.006137728937652,-0.0029491758242370003,-0.000258699633705,0.00258699633705,20.001000000000005,1.6723510002520925,0.15566499996566563,0.06325899994408246,0.0
pd,23:52:58.543,1036,-40.003,-89.999,0.0,-90.239,0.003,-0.02,0.0,0.0,0.0,0.0,0.0,0.0,-40.003,-110.0,0.0,-90.239,0.003,-0.02,-40.003,-97.999,0.0,-90.239,0.003,-0.02,0.0,-2040.5273656044758,0.0,0.0,0.0,0.0,0.0,-8.0,0.0,0.0,0.0,0.0,0.0137698,-0.0068849,-0.0275396,4.7987753,-0.0137698,-1.1773179,0.01231013430998,0.004438583638528,-0.006137728937652,-0.0029491758242370003,-0.000258699633705,0.00258699633705,20.001000000000005,1.6852940002536343,0.18281199982084217,0.06020299997544498,0.0
pd,23:52:58.545,1037,-40.003,-89.999,0.0,-90.239,0.003,-0.02,0.0,0.0,0.0,0.0,0.0,0.0,-40.003,-110.0,0.0,-90.239,0.003,-0.02,-40.003,-97.999,0.0,-90.239,0.003,-0.02,0.0,-2005.1650531851321,0.0,0.0,0.0,0.0,0.0,-8.0,0.0,0.0,0.0,0.0,0.0137698,-0.0068849,-0.0275396,4.7987753,-0.0137698,-1.1773179,0.01231013430998,0.004438583638528,-0.006137728937652,-0.0029491758242370003,-0.000258699633705,0.00258699633705,20.001000000000005,1.628221999908419,0.1546280000184197,0.0701099997968413,0.0
pd,23:52:58.547,1038,-40.003,-89.999,0.0,-90.239,0.003,-0.02,0.0,0.0,0.0,0.0,0.0,0.0,-40.003,-110.0,0.0,-90.239,0.003,-0.02,-40.003,-97.999,0.0,-90.239,0.003,-0.02,0.0,-2078.1885296667906,0.0,0.0,0.0,0.0,0.0,-8.0,0.0,0.0,0.0,0.0,0.0137698,-0.0068849,-0.0275396,4.7987753,-0.0137698,-1.1773179,0.01231013430998,0.004438583638528,-0.006137728937652,-0.0029491758242370003,-0.000258699633705,0.00258699633705,20.001000000000005,1.678534999882686,0.14690600028188783,0.06120300031398074,0.0
pd,23:52:58.549,1039,-40.003,-89.999,0.0,-90.239,0.003,-0.02,0.0,0.0,0.0,0.0,0.0,0.0,-40.003,-110.0,0.0,-90.239,0.003,-0.02,-40.003,-97.999,0.0,-90.239,0.003,-0.02,0.0,-2046.5010978287387,0.0,0.0,0.0,0.0,0.0,-8.0,0.0,0.0,0.0,0.0,0.0137698,-0.0068849,-0.0275396,4.7987753,-0.0137698,-1.1773179,0.01231013430998,0.004438583638528,-0.006137728937652,-0.0029491758242370003,-0.000258699633705,0.00258699633705,20.001000000000005,1.635184999940975,0.1405170000907674,0.05935099989073933,0.0
pd,23:52:58.551,1040,-40.003,-89.999,0.0,-90.239,0.003,-0.02,0.0,0.0,0.0,0.0,0.0,0.0,-40.003,-110.0,0.0,-90.239,0.003,-0.02,-40.003,-97.999,0.0,-90.239,0.003,-0.02,0.0,-2105.574297188755,0.0,0.0,0.0,0.0,0.0,-8.0,0.0,0.0,0.0,0.0,0.0137698,-0.0068849,-0.0275396,4.7987753,-0.0137698,-1.1773179,0.01231013430998,0.004438583638528,-0.006137728937652,-0.0029491758242370003,-0.000258699633705,0.00258699633705,20.001000000000005,1.627481000014086,0.20049799968546722,0.07153600017772987,0.0
pd,23:52:58.553,1041,-40.003,-89.999,0.0,-90.239,0.003,-0.02,0.0,0.0,0.0,0.0,0.0,0.0,-40.003,-110.0,0.0,-90.239,0.003,-0.02,-40.003,-97.999,0.0,-90.239,0.003,-0.02,0.0,-1593.580547112462,0.0,0.0,0.0,0.0,0.0,-8.0,0.0,0.0,0.0,0.0,0.0137698,-0.0068849,-0.0275396,4.7987753,-0.0137698,-1.1773179,0.01231013430998,0.004438583638528,-0.006137728937652,-0.0029491758242370003,-0.000258699633705,0.00258699633705,20.001000000000005,1.8193850000898237,0.21653499970852863,0.06931400002940791,0.0
pd,23:52:58.556,1042,-40.003,-89.999,0.0,-90.239,0.003,-0.02,0.0,0.0,0.0,0.0,0.0,0.0,-40.003,-110.0,0.0,-90.239,0.003,-0.02,-40.003,-97.999,0.0,-90.239,0.003,-0.02,0.0,-1821.234910985671,0.0,0.0,0.0,0.0,0.0,-8.0,0.0,0.0,0.0,0.0,0.0137698,-0.0068849,-0.0275396,4.7987753,-0.0137698,-1.1773179,0.01231013430998,0.004438583638528,-0.006137728937652,-0.0029491758242370003,-0.000258699633705,0.00258699633705,20.001000000000005,1.6886839998733194,0.16946100004133768,0.07562800010418869,0.0
pd,23:52:58.558,1043,-40.003,-89.999,0.0,-90.239,0.003,-0.02,0.0,0.0,0.0,0.0,0.0,0.0,-40.003,-110.0,0.0,-90.239,0.003,-0.02,-40.003,-97.999,0.0,-90.239,0.003,-0.02,0.0,-1990.179833926453,0.0,0.0,0.0,0.0,0.0,-8.0,0.0,0.0,0.0,0.0,0.0137698,-0.0068849,-0.0275396,4.7987753,-0.0137698,-1.1773179,0.01231013430998,0.004438583638528,-0.006137728937652,-0.0029491758242370003,-0.000258699633705,0.00258699633705,20.001000000000005,1.6462210001009225,0.14940600021873252,0.064277000092261,0.0
pd,23:52:58.560,1044,-40.003,-89.999,0.0,-90.239,0.003,-0.02,0.0,0.0,0.0,0.0,0.0,0.0,-40.003,-110.0,0.0,-90.239,0.003,-0.02,-40.003,-97.999,0.0,-90.239,0.003,-0.02,0.0,-2074.077883545556,0.0,0.0,0.0,0.0,0.0,-8.0,0.0,0.0,0.0,0.0,0.0137698,-0.0068849,-0.0275396,4.7987753,-0.0137698,-1.1773179,0.01231013430998,0.004438583638528,-0.006137728937652,-0.0029491758242370003,-0.000258699633705,0.00258699633705,20.001000000000005,1.9303469998703804,0.19985000017186394,0.09909099981086911,0.0
pd,23:52:58.562,1045,-40.003,-89.999,0.0,-90.239,0.003,-0.02,0.0,0.0,0.0,0.0,0.0,0.0,-40.003,-110.0,0.0,-90.239,0.003,-0.02,-40.003,-97.999,0.0,-90.239,0.003,-0.02,0.0,-1726.7616303005352,0.0,0.0,0.0,0.0,0.0,-8.0,0.0,0.0,0.0,0.0,0.0137698,-0.0068849,-0.0275396,4.7987753,-0.0137698,-1.1773179,0.01231013430998,0.004438583638528,-0.006137728937652,-0.0029491758242370003,-0.000258699633705,0.00258699633705,20.001000000000005,1.6711469997972017,0.14262800004871679,0.057314000059704995,0.0
pd,23:52:58.564,1046,-40.003,-89.999,0.0,-90.239,0.003,-0.02,0.0,0.0,0.0,0.0,0.0,0.0,-40.003,-110.0,0.0,-90.239,0.003,-0.02,-40.003,-97.999,0.0,-90.239,0.003,-0.02,0.0,-2065.6508249199705,0.0,0.0,0.0,0.0,0.0,-8.0,0.0,0.0,0.0,0.0,0.0137698,-0.0068849,-0.0275396,4.7987753,-0.0137698,-1.1773179,0.01231013430998,0.004438583638528,-0.006137728937652,-0.0029491758242370003,-0.000258699633705,0.00258699633705,20.001000000000005,1.698517000022548,0.14642399992226274,0.06457300014517386,0.0
pd,23:52:58.566,1047,-40.003,-89.999,0.0,-90.239,0.003,-0.02,0.0,0.0,0.0,0.0,0.0,0.0,-40.003,-110.0,0.0,-90.239,0.003,-0.02,-40.003,-97.999,0.0,-90.239,0.003,-0.02,0.0,-2022.5697408077156,0.0,0.0,0.0,0.0,0.0,-8.0,0.0,0.0,0.0,0.0,0.0137698,-0.0068849,-0.0275396,4.7987753,-0.0137698,-1.1773179,0.01231013430998,0.004438583638528,-0.006137728937652,-0.0029491758242370003,-0.000258699633705,0.00258699633705,20.001000000000005,1.7245720000573783,0.16340499996658764,0.07749899987175013,0.0
pd,23:52:58.568,1048,-40.003,-89.999,0.0,-90.239,0.003,-0.02,0.0,0.0,0.0,0.0,0.0,0.0,-40.003,-110.0,0.0,-90.239,0.003,-0.02,-40.003,-97.999,0.0,-90.239,0.003,-0.02,0.0,-1959.4973137117495,0.0,0.0,0.0,0.0,0.0,-8.0,0.0,0.0,0.0,0.0,0.0137698,-0.0068849,-0.0275396,4.7987753,-0.0137698,-1.1773179,0.01231013430998,0.004438583638528,-0.006137728937652,-0.0029491758242370003,-0.000258699633705,0.00258699633705,20.001000000000005,1.733294000132446,0.1937940000971139,0.08735100027479348,0.0
pd,23:52:58.570,1049,-40.003,-89.999,0.0,-90.239,0.003,-0.02,0.0,0.0,0.0,0.0,0.0,0.0,-40.003,-110.0,0.0,-90.239,0.003,-0.02,-40.003,-97.999,0.0,-90.239,0.003,-0.02,0.0,-1904.3377979568672,0.0,0.0,0.0,0.0,0.0,-8.0,0.0,0.0,0.0,0.0,0.0137698,-0.0068849,-0.0275396,4.7987753,-0.0137698,-1.1773179,0.01231013430998,0.004438583638528,-0.006137728937652,-0.0029491758242370003,-0.000258699633705,0.00258699633705,20.001000000000005,1.6615919998912432,0.153239000155736,0.06827700008216198,0.0
pd,23:52:58.572,1050,-40.003,-89.999,0.0,-90.239,0.003,-0.02,0.0,0.0,0.0,0.0,0.0,0.0,-40.003,-110.0,0.0,-90.239,0.003,-0.02,-40.003,-97.999,0.0,-90.239,0.003,-0.02,0.0,-2043.01217730151,0.0,0.0,0.0,0.0,0.0,-8.0,0.0,0.0,0.0,0.0,0.0137698,-0.0068849,-0.0275396,4.7987753,-0.0137698,-1.1773179,0.01231013430998,0.004438583638528,-0.006137728937652,-0.0029491758242370003,-0.000258699633705,0.00258699633705,20.001000000000005,1.6713320001144893,0.1469619996896654,0.06485099993369658,0.0
pd,23:52:58.574,1051,-40.003,-89.999,0.0,-90.239,0.003,-0.02,0.0,0.0,0.0,0.0,0.0,0.0,-40.003,-110.0,0.0,-90.239,0.003,-0.02,-40.003,-97.999,0.0,-90.239,0.003,-0.02,0.0,-1582.606923875106,0.0,0.0,0.0,0.0,0.0,-8.0,0.0,0.0,0.0,0.0,0.0137698,-0.0068849,-0.0275396,4.7987753,-0.0137698,-1.1773179,0.01231013430998,0.004438583638528,-0.006137728937652,-0.0029491758242370003,-0.000258699633705,0.00258699633705,20.001000000000005,1.8283859999428387,0.21882999999434105,0.1083329998436966,0.0
pd,23:52:58.577,1052,-40.003,-89.999,0.0,-90.239,0.003,-0.02,0.0,0.0,0.0,0.0,0.0,0.0,-40.003,-110.0,0.0,-90.239,0.003,-0.02,-40.003,-97.999,0.0,-90.239,0.003,-0.02,0.0,-1777.0592098294671,0.0,0.0,0.0,0.0,0.0,-8.0,0.0,0.0,0.0,0.0,0.0137698,-0.0068849,-0.0275396,4.7987753,-0.0137698,-1.1773179,0.01231013430998,0.004438583638528,-0.006137728937652,-0.0029491758242370003,-0.000258699633705,0.00258699633705,20.001000000000005,1.6566660001444689,0.1693679996606079,0.0719620002200827,0.0
pd,23:52:58.579,1053,-40.003,-89.999,0.0,-90.239,0.003,-0.02,0.0,0.0,0.0,0.0,0.0,0.0,-40.003,-110.0,0.0,-90.239,0.003,-0.02,-40.003,-97.999,0.0,-90.239,0.003,-0.02,0.0,-2027.4581268882175,0.0,0.0,0.0,0.0,0.0,-8.0,0.0,0.0,0.0,0.0,0.0137698,-0.0068849,-0.0275396,4.7987753,-0.0137698,-1.1773179,0.01231013430998,0.004438583638528,-0.006137728937652,-0.0029491758242370003,-0.000258699633705,0.00258699633705,20.001000000000005,1.6522769997209252,0.14658999998573563,0.06692499982818845,0.0
pd,23:52:58.581,1054,-40.003,-89.999,0.0,-90.239,0.003,-0.02,0.0,0.0,0.0,0.0,0.0,0.0,-40.003,-110.0,0.0,-90.239,0.003,-0.02,-40.003,-97.999,0.0,-90.239,0.003,-0.02,0.0,-2035.3288851146426,0.0,0.0,0.0,0.0,0.0,-8.0,0.0,0.0,0.0,0.0,0.0137698,-0.0068849,-0.0275396,4.7987753,-0.0137698,-1.1773179,0.01231013430998,0.004438583638528,-0.006137728937652,-0.0029491758242370003,-0.000258699633705,0.00258699633705,20.001000000000005,1.6468690000692732,0.1528500001768407,0.06601800032512983,0.0
pd,23:52:58.583,1055,-40.003,-89.999,0.0,-90.239,0.003,-0.02,0.0,0.0,0.0,0.0,0.0,0.0,-40.003,-110.0,0.0,-90.239,0.003,-0.02,-40.003,-97.999,0.0,-90.239,0.003,-0.02,0.0,-2064.634014275166,0.0,0.0,0.0,0.0,0.0,-8.0,0.0,0.0,0.0,0.0,0.0137698,-0.0068849,-0.0275396,4.7987753,-0.0137698,-1.1773179,0.01231013430998,0.004438583638528,-0.006137728937652,-0.0029491758242370003,-0.000258699633705,0.00258699633705,20.001000000000005,1.6356099999939033,0.1319609996244253,0.055776999943191186,0.0
pd,23:52:58.584,1056,-40.003,-89.999,0.0,-90.239,0.003,-0.02,0.0,0.0,0.0,0.0,0.0,0.0,-40.003,-110.0,0.0,-90.239,0.003,-0.02,-40.003,-97.999,0.0,-90.239,0.003,-0.02,0.0,-2121.549822964087,0.0,0.0,0.0,0.0,0.0,-8.0,0.0,0.0,0.0,0.0,0.0137698,-0.0068849,-0.0275396,4.7987753,-0.0137698,-1.1773179,0.01231013430998,0.004438583638528,-0.006137728937652,-0.0029491758242370003,-0.000258699633705,0.00258699633705,20.001000000000005,1.9124580003335723,0.19786800021392992,0.09457299984205747,0.0
pd,23:52:58.587,1057,-40.003,-89.999,0.0,-90.239,0.003,-0.02,0.0,0.0,0.0,0.0,0.0,0.0,-40.003,-110.0,0.0,-90.239,0.003,-0.02,-40.003,-97.999,0.0,-90.239,0.003,-0.02,0.0,-1744.537381719871,0.0,0.0,0.0,0.0,0.0,-8.0,0.0,0.0,0.0,0.0,0.0137698,-0.0068849,-0.0275396,4.7987753,-0.0137698,-1.1773179,0.01231013430998,0.004438583638528,-0.006137728937652,-0.0029491758242370003,-0.000258699633705,0.00258699633705,20.001000000000005,1.6850169999997888,0.22225600014280644,0.08051800023167743,0.0
pd,23:52:58.589,1058,-40.003,-89.999,0.0,-90.239,0.003,-0.02,0.0,0.0,0.0,0.0,0.0,0.0,-40.003,-110.0,0.0,-90.239,0.003,-0.02,-40.003,-97.999,0.0,-90.239,0.003,-0.02,0.0,-1935.0883506343714,0.0,0.0,0.0,0.0,0.0,-8.0,0.0,0.0,0.0,0.0,0.0137698,-0.0068849,-0.0275396,4.7987753,-0.0137698,-1.1773179,0.01231013430998,0.004438583638528,-0.006137728937652,-0.0029491758242370003,-0.000258699633705,0.00258699633705,20.001000000000005,1.6875169999366335,0.15849799956413335,0.06710999969072873,0.0
pd,23:52:58.591,1059,-40.003,-89.999,0.0,-90.239,0.003,-0.02,0.0,0.0,0.0,0.0,0.0,0.0,-40.003,-110.0,0.0,-90.239,0.003,-0.02,-40.003,-97.999,0.0,-90.239,0.003,-0.02,0.0,-2015.2812012012012,0.0,0.0,0.0,0.0,0.0,-8.0,0.0,0.0,0.0,0.0,0.0137698,-0.0068849,-0.0275396,4.7987753,-0.0137698,-1.1773179,0.01231013430998,0.004438583638528,-0.006137728937652,-0.0029491758242370003,-0.000258699633705,0.00258699633705,20.001000000000005,1.721554000141623,0.21444200001496938,0.07896200031609624,0.0
pd,23:52:58.593,1060,-40.003,-89.999,0.0,-90.239,0.003,-0.02,0.0,0.0,0.0,0.0,0.0,0.0,-40.003,-110.0,0.0,-90.239,0.003,-0.02,-40.003,-97.999,0.0,-90.239,0.003,-0.02,0.0,-1913.4598540145985,0.0,0.0,0.0,0.0,0.0,-8.0,0.0,0.0,0.0,0.0,0.0137698,-0.0068849,-0.0275396,4.7987753,-0.0137698,-1.1773179,0.01231013430998,0.004438583638528,-0.006137728937652,-0.0029491758242370003,-0.000258699633705,0.00258699633705,20.001000000000005,1.6506850001860585,0.13529499983633286,0.05724000038753729,0.0
pd,23:52:58.595,1061,-40.003,-89.999,0.0,-90.239,0.003,-0.02,0.0,0.0,0.0,0.0,0.0,0.0,-40.003,-110.0,0.0,-90.239,0.003,-0.02,-40.003,-97.999,0.0,-90.239,0.003,-0.02,0.0,-1640.0015640273705,0.0,0.0,0.0,0.0,0.0,-8.0,0.0,0.0,0.0,0.0,0.0137698,-0.0068849,-0.0275396,4.7987753,-0.0137698,-1.1773179,0.01231013430998,0.004438583638528,-0.006137728937652,-0.0029491758242370003,-0.000258699633705,0.00258699633705,20.001000000000005,1.881884999875183,0.23810799984858022,0.09924000005412381,0.0
pd,23:52:58.598,1062,-40.003,-89.999,0.0,-90.239,0.003,-0.02,0.0,0.0,0.0,0.0,0.0,0.0,-40.003,-110.0,0.0,-90.239,0.003,-0.02,-40.003,-97.999,0.0,-90.239,0.003,-0.02,0.0,-1720.5636344990257,0.0,0.0,0.0,0.0,0.0,-8.0,0.0,0.0,0.0,0.0,0.0137698,-0.0068849,-0.0275396,4.7987753,-0.0137698,-1.1773179,0.01231013430998,0.004438583638528,-0.006137728937652,-0.0029491758242370003,-0.000258699633705,0.00258699633705,20.001000000000005,1.6813689999253256,0.1557760001560382,0.06773999984943657,0.0
pd,23:52:58.600,1063,-40.003,-89.999,0.0,-90.239,0.003,-0.02,0.0,0.0,0.0,0.0,0.0,0.0,-40.003,-110.0,0.0,-90.239,0.003,-0.02,-40.003,-97.999,0.0,-90.239,0.003,-0.02,0.0,-2022.8136001929106,0.0,0.0,0.0,0.0,0.0,-8.0,0.0,0.0,0.0,0.0,0.0137698,-0.0068849,-0.0275396,4.7987753,-0.0137698,-1.1773179,0.01231013430998,0.004438583638528,-0.006137728937652,-0.0029491758242370003,-0.000258699633705,0.00258699633705,20.001000000000005,1.6680179996910738,0.14209099981599138,0.06436900002881885,0.0
pd,23:52:58.602,1064,-40.003,-89.999,0.0,-90.239,0.003,-0.02,0.0,0.0,0.0,0.0,0.0,0.0,-40.003,-110.0,0.0,-90.239,0.003,-0.02,-40.003,-97.999,0.0,-90.239,0.003,-0.02,0.0,-2057.7966392738867,0.0,0.0,0.0,0.0,0.0,-8.0,0.0,0.0,0.0,0.0,0.0137698,-0.0068849,-0.0275396,4.7987753,-0.0137698,-1.1773179,0.01231013430998,0.004438583638528,-0.006137728937652,-0.0029491758242370003,-0.000258699633705,0.00258699633705,20.001000000000005,1.6332590003003133,0.13707200014323462,0.06068499988032272,0.0
pd,23:52:58.603,1065,-40.003,-89.999,0.0,-90.239,0.003,-0.02,0.0,0.0,0.0,0.0,0.0,0.0,-40.003,-110.0,0.0,-90.239,0.003,-0.02,-40.003,-97.999,0.0,-90.239,0.003,-0.02,0.0,-2110.8726723704076,0.0,0.0,0.0,0.0,0.0,-8.0,0.0,0.0,0.0,0.0,0.0137698,-0.0068849,-0.0275396,4.7987753,-0.0137698,-1.1773179,0.01231013430998,0.004438583638528,-0.006137728937652,-0.0029491758242370003,-0.000258699633705,0.00258699633705,20.001000000000005,1.656832999742619,0.13259099978313316,0.058072999763680855,0.0
pd,23:52:58.605,1066,-40.003,-89.999,0.0,-90.239,0.003,-0.02,0.0,0.0,0.0,0.0,0.0,0.0,-40.003,-110.0,0.0,-90.239,0.003,-0.02,-40.003,-97.999,0.0,-90.239,0.003,-0.02,0.0,-2094.2723754837098,0.0,0.0,0.0,0.0,0.0,-8.0,0.0,0.0,0.0,0.0,0.0137698,-0.0068849,-0.0275396,4.7987753,-0.0137698,-1.1773179,0.01231013430998,0.004438583638528,-0.006137728937652,-0.0029491758242370003,-0.000258699633705,0.00258699633705,20.001000000000005,1.6265920003206702,0.1323870001215255,0.05951799994363682,0.0
pd,23:52:58.607,1067,-40.003,-89.999,0.0,-90.239,0.003,-0.02,0.0,0.0,0.0,0.0,0.0,0.0,-40.003,-110.0,0.0,-90.239,0.003,-0.02,-40.003,-97.999,0.0,-90.239,0.003,-0.02,0.0,-2121.549822964087,0.0,0.0,0.0,0.0,0.0,-8.0,0.0,0.0,0.0,0.0,0.0137698,-0.0068849,-0.0275396,4.7987753,-0.0137698,-1.1773179,0.01231013430998,0.004438583638528,-0.006137728937652,-0.0029491758242370003,-0.000258699633705,0.00258699633705,20.001000000000005,1.7362569997203536,0.1562389998071012,0.0755369997023081,0.0
pd,23:52:58.609,1068,-40.003,-89.999,0.0,-90.239,0.003,-0.02,0.0,0.0,0.0,0.0,0.0,0.0,-40.003,-110.0,0.0,-90.239,0.003,-0.02,-40.003,-97.999,0.0,-90.239,0.003,-0.02,0.0,-1956.2985074626865,0.0,0.0,0.0,0.0,0.0,-8.0,0.0,0.0,0.0,0.0,0.0137698,-0.0068849,-0.0275396,4.7987753,-0.0137698,-1.1773179,0.01231013430998,0.004438583638528,-0.006137728937652,-0.0029491758242370003,-0.000258699633705,0.00258699633705,20.001000000000005,1.6664240001773578,0.14014599992151489,0.055610000345041044,0.0
pd,23:52:58.611,1069,-40.003,-89.999,0.0,-90.239,0.003,-0.02,0.0,0.0,0.0,0.0,0.0,0.0,-40.003,-110.0,0.0,-90.239,0.003,-0.02,-40.003,-97.999,0.0,-90.239,0.003,-0.02,0.0,-2076.902203515722,0.0,0.0,0.0,0.0,0.0,-8.0,0.0,0.0,0.0,0.0,0.0137698,-0.0068849,-0.0275396,4.7987753,-0.0137698,-1.1773179,0.01231013430998,0.004438583638528,-0.006137728937652,-0.0029491758242370003,-0.000258699633705,0.00258699633705,20.001000000000005,1.9649580003715528,0.20007200009786175,0.12420200027918327,0.0
pd,23:52:58.614,1070,-40.003,-89.999,0.0,-90.239,0.003,-0.02,0.0,0.0,0.0,0.0,0.0,0.0,-40.003,-110.0,0.0,-90.239,0.003,-0.02,-40.003,-97.999,0.0,-90.239,0.003,-0.02,0.0,-1677.5538446155385,0.0,0.0,0.0,0.0,0.0,-8.0,0.0,0.0,0.0,0.0,0.0137698,-0.0068849,-0.0275396,4.7987753,-0.0137698,-1.1773179,0.01231013430998,0.004438583638528,-0.006137728937652,-0.0029491758242370003,-0.000258699633705,0.00258699633705,20.001000000000005,1.6482769997310243,0.13459100000545732,0.059776999933092156,0.0
pd,23:52:58.616,1071,-40.003,-89.999,0.0,-90.239,0.003,-0.02,0.0,0.0,0.0,0.0,0.0,0.0,-40.003,-110.0,0.0,-90.239,0.003,-0.02,-40.003,-97.999,0.0,-90.239,0.003,-0.02,0.0,-1632.1836754548108,0.0,0.0,0.0,0.0,0.0,-8.0,0.0,0.0,0.0,0.0,0.0137698,-0.0068849,-0.0275396,4.7987753,-0.0137698,-1.1773179,0.01231013430998,0.004438583638528,-0.006137728937652,-0.0029491758242370003,-0.000258699633705,0.00258699633705,20.001000000000005,1.9619029999375925,0.23566299978483585,0.13642500016430859,0.0
pd,23:52:58.619,1072,-40.003,-89.999,0.0,-90.239,0.003,-0.02,0.0,0.0,0.0,0.0,0.0,0.0,-40.003,-110.0,0.0,-90.239,0.003,-0.02,-40.003,-97.999,0.0,-90.239,0.003,-0.02,0.0,-1645.793211693153,0.0,0.0,0.0,0.0,0.0,-8.0,0.0,0.0,0.0,0.0,0.0137698,-0.0068849,-0.0275396,4.7987753,-0.0137698,-1.1773179,0.01231013430998,0.004438583638528,-0.006137728937652,-0.0029491758242370003,-0.000258699633705,0.00258699633705,20.001000000000005,1.6955910000433505,0.17866500002128305,0.07498100012526265,0.0
pd,23:52:58.621,1073,-40.003,-89.999,0.0,-90.239,0.003,-0.02,0.0,0.0,0.0,0.0,0.0,0.0,-40.003,-110.0,0.0,-90.239,0.003,-0.02,-40.003,-97.999,0.0,-90.239,0.003,-0.02,0.0,-1974.719397363465,0.0,0.0,0.0,0.0,0.0,-8.0,0.0,0.0,0.0,0.0,0.0137698,-0.0068849,-0.0275396,4.7987753,-0.0137698,-1.1773179,0.01231013430998,0.004438583638528,-0.006137728937652,-0.0029491758242370003,-0.000258699633705,0.00258699633705,20.001000000000005,1.7235730001630145,0.20027500022479217,0.09442400005355012,0.0
pd,23:52:58.623,1074,-40.003,-89.999,0.0,-90.239,0.003,-0.02,0.0,0.0,0.0,0.0,0.0,0.0,-40.003,-110.0,0.0,-90.239,0.003,-0.02,-40.003,-97.999,0.0,-90.239,0.003,-0.02,0.0,-1900.8855653750284,0.0,0.0,0.0,0.0,0.0,-8.0,0.0,0.0,0.0,0.0,0.0137698,-0.0068849,-0.0275396,4.7987753,-0.0137698,-1.1773179,0.01231013430998,0.004438583638528,-0.006137728937652,-0.0029491758242370003,-0.000258699633705,0.00258699633705,20.001000000000005,1.6547770001125173,0.13871999999537366,0.059036000038759084,0.0
pd,23:52:58.625,1075,-40.003,-89.999,0.0,-90.239,0.003,-0.02,0.0,0.0,0.0,0.0,0.0,0.0,-40.003,-110.0,0.0,-90.239,0.003,-0.02,-40.003,-97.999,0.0,-90.239,0.003,-0.02,0.0,-2088.2768235001245,0.0,0.0,0.0,0.0,0.0,-8.0,0.0,0.0,0.0,0.0,0.0137698,-0.0068849,-0.0275396,4.7987753,-0.0137698,-1.1773179,0.01231013430998,0.004438583638528,-0.006137728937652,-0.0029491758242370003,-0.000258699633705,0.00258699633705,20.001000000000005,1.6957759999058908,0.14523900017593405,0.061776999700668966,0.0
pd,23:52:58.626,1076,-40.003,-89.999,0.0,-90.239,0.003,-0.02,0.0,0.0,0.0,0.0,0.0,0.0,-40.003,-110.0,0.0,-90.239,0.003,-0.02,-40.003,-97.999,0.0,-90.239,0.003,-0.02,0.0,-2029.9111917725347,0.0,0.0,0.0,0.0,0.0,-8.0,0.0,0.0,0.0,0.0,0.0137698,-0.0068849,-0.0275396,4.7987753,-0.0137698,-1.1773179,0.01231013430998,0.004438583638528,-0.006137728937652,-0.0029491758242370003,-0.000258699633705,0.00258699633705,20.001000000000005,1.6466289998788852,0.14868300013404223,0.06716600000800099,0.0
pd,23:52:58.628,1077,-40.003,-89.999,0.0,-90.239,0.003,-0.02,0.0,0.0,0.0,0.0,0.0,0.0,-40.003,-110.0,0.0,-90.239,0.003,-0.02,-40.003,-97.999,0.0,-90.239,0.003,-0.02,0.0,-2071.005554869769,0.0,0.0,0.0,0.0,0.0,-8.0,0.0,0.0,0.0,0.0,0.0137698,-0.0068849,-0.0275396,4.7987753,-0.0137698,-1.1773179,0.01231013430998,0.004438583638528,-0.006137728937652,-0.0029491758242370003,-0.000258699633705,0.00258699633705,20.001000000000005,1.70625700002347,0.1596460001564992,0.0697030000083032,0.0
pd,23:52:58.630,1078,-40.003,-89.999,0.0,-90.239,0.003,-0.02,0.0,0.0,0.0,0.0,0.0,0.0,-40.003,-110.0,0.0,-90.239,0.003,-0.02,-40.003,-97.999,0.0,-90.239,0.003,-0.02,0.0,-1993.016868614873,0.0,0.0,0.0,0.0,0.0,-8.0,0.0,0.0,0.0,0.0,0.0137698,-0.0068849,-0.0275396,4.7987753,-0.0137698,-1.1773179,0.01231013430998,0.004438583638528,-0.006137728937652,-0.0029491758242370003,-0.000258699633705,0.00258699633705,20.001000000000005,1.6498320001119282,0.14662700004919316,0.06818400015617954,0.0
pd,23:52:58.632,1079,-40.003,-89.999,0.0,-90.239,0.003,-0.02,0.0,0.0,0.0,0.0,0.0,0.0,-40.003,-110.0,0.0,-90.239,0.003,-0.02,-40.003,-97.999,0.0,-90.239,0.003,-0.02,0.0,-2066.923247505236,0.0,0.0,0.0,0.0,0.0,-8.0,0.0,0.0,0.0,0.0,0.0137698,-0.0068849,-0.0275396,4.7987753,-0.0137698,-1.1773179,0.01231013430998,0.004438583638528,-0.006137728937652,-0.0029491758242370003,-0.000258699633705,0.00258699633705,20.001000000000005,1.7559600000822684,0.15809100023034262,0.06825900027251919,0.0
pd,23:52:58.634,1080,-40.003,-89.999,0.0,-90.239,0.003,-0.02,0.0,0.0,0.0,0.0,0.0,0.0,-40.003,-110.0,0.0,-90.239,0.003,-0.02,-40.003,-97.999,0.0,-90.239,0.003,-0.02,0.0,-1947.8945779635435,0.0,0.0,0.0,0.0,0.0,-8.0,0.0,0.0,0.0,0.0,0.0137698,-0.0068849,-0.0275396,4.7987753,-0.0137698,-1.1773179,0.01231013430998,0.004438583638528,-0.006137728937652,-0.0029491758242370003,-0.000258699633705,0.00258699633705,20.001000000000005,1.640998999846488,0.13046200001554098,0.055610000345041044,0.0
pd,23:52:58.637,1081,-40.003,-89.999,0.0,-90.239,0.003,-0.02,0.0,0.0,0.0,0.0,0.0,0.0,-40.003,-110.0,0.0,-90.239,0.003,-0.02,-40.003,-97.999,0.0,-90.239,0.003,-0.02,0.0,-1404.5388028463792,0.0,0.0,0.0,0.0,0.0,-8.0,0.0,0.0,0.0,0.0,0.0137698,-0.0068849,-0.0275396,4.7987753,-0.0137698,-1.1773179,0.01231013430998,0.004438583638528,-0.006137728937652,-0.0029491758242370003,-0.000258699633705,0.00258699633705,20.001000000000005,1.874513999609917,0.23234899981616763,0.08799899978839676,0.0
pd,23:52:58.640,1082,-40.003,-89.999,0.0,-90.239,0.003,-0.02,0.0,0.0,0.0,0.0,0.0,0.0,-40.003,-110.0,0.0,-90.239,0.003,-0.02,-40.003,-97.999,0.0,-90.239,0.003,-0.02,0.0,-1742.9062954498233,0.0,0.0,0.0,0.0,0.0,-8.0,0.0,0.0,0.0,0.0,0.0137698,-0.0068849,-0.0275396,4.7987753,-0.0137698,-1.1773179,0.01231013430998,0.004438583638528,-0.006137728937652,-0.0029491758242370003,-0.000258699633705,0.00258699633705,20.001000000000005,1.7202939998242073,0.15896100012469105,0.06868399987070006,0.0
pd,23:52:58.642,1083,-40.003,-89.999,0.0,-90.239,0.003,-0.02,0.0,0.0,0.0,0.0,0.0,0.0,-40.003,-110.0,0.0,-90.239,0.003,-0.02,-40.003,-97.999,0.0,-90.239,0.003,-0.02,0.0,-1981.9510927347903,0.0,0.0,0.0,0.0,0.0,-8.0,0.0,0.0,0.0,0.0,0.0137698,-0.0068849,-0.0275396,4.7987753,-0.0137698,-1.1773179,0.01231013430998,0.004438583638528,-0.006137728937652,-0.0029491758242370003,-0.000258699633705,0.00258699633705,20.001000000000005,1.7387389998475555,0.15918400004011346,0.07173999983933754,0.0
pd,23:52:58.644,1084,-40.003,-89.999,0.0,-90.239,0.003,-0.02,0.0,0.0,0.0,0.0,0.0,0.0,-40.003,-110.0,0.0,-90.239,0.003,-0.02,-40.003,-97.999,0.0,-90.239,0.003,-0.02,0.0,-1960.4131806496846,0.0,0.0,0.0,0.0,0.0,-8.0,0.0,0.0,0.0,0.0,0.0137698,-0.0068849,-0.0275396,4.7987753,-0.0137698,-1.1773179,0.01231013430998,0.004438583638528,-0.006137728937652,-0.0029491758242370003,-0.000258699633705,0.00258699633705,20.001000000000005,1.701554000192118,0.14099899999564514,0.059684999996534316,0.0
pd,23:52:58.646,1085,-40.003,-89.999,0.0,-90.239,0.003,-0.02,0.0,0.0,0.0,0.0,0.0,0.0,-40.003,-110.0,0.0,-90.239,0.003,-0.02,-40.003,-97.999,0.0,-90.239,0.003,-0.02,0.0,-2033.6019393939393,0.0,0.0,0.0,0.0,0.0,-8.0,0.0,0.0,0.0,0.0,0.0137698,-0.0068849,-0.0275396,4.7987753,-0.0137698,-1.1773179,0.01231013430998,0.004438583638528,-0.006137728937652,-0.0029491758242370003,-0.000258699633705,0.00258699633705,20.001000000000005,1.625703000172507,0.12498000023697386,0.05375799992179964,0.0
pd,23:52:58.647,1086,-40.003,-89.999,0.0,-90.239,0.003,-0.02,0.0,0.0,0.0,0.0,0.0,0.0,-40.003,-110.0,0.0,-90.239,0.003,-0.02,-40.003,-97.999,0.0,-90.239,0.003,-0.02,0.0,-2144.3271983640084,0.0,0.0,0.0,0.0,0.0,-8.0,0.0,0.0,0.0,0.0,0.0137698,-0.0068849,-0.0275396,4.7987753,-0.0137698,-1.1773179,0.01231013430998,0.004438583638528,-0.006137728937652,-0.0029491758242370003,-0.000258699633705,0.00258699633705,20.001000000000005,1.6836660001899872,0.16042399965954246,0.07779499992466299,0.0
pd,23:52:58.649,1087,-40.003,-89.999,0.0,-90.239,0.003,-0.02,0.0,0.0,0.0,0.0,0.0,0.0,-40.003,-110.0,0.0,-90.239,0.003,-0.02,-40.003,-97.999,0.0,-90.239,0.003,-0.02,0.0,-2001.5767120019088,0.0,0.0,0.0,0.0,0.0,-8.0,0.0,0.0,0.0,0.0,0.0137698,-0.0068849,-0.0275396,4.7987753,-0.0137698,-1.1773179,0.01231013430998,0.004438583638528,-0.006137728937652,-0.0029491758242370003,-0.000258699633705,0.00258699633705,20.001000000000005,1.6516099999535072,0.1377029998366197,0.05879500031369389,0.0
pd,23:52:58.651,1088,-40.003,-89.999,0.0,-90.239,0.003,-0.02,0.0,0.0,0.0,0.0,0.0,0.0,-40.003,-110.0,0.0,-90.239,0.003,-0.02,-40.003,-97.999,0.0,-90.239,0.003,-0.02,0.0,-2091.4006482174022,0.0,0.0,0.0,0.0,0.0,-8.0,0.0,0.0,0.0,0.0,0.0137698,-0.0068849,-0.0275396,4.7987753,-0.0137698,-1.1773179,0.01231013430998,0.004438583638528,-0.006137728937652,-0.0029491758242370003,-0.000258699633705,0.00258699633705,20.001000000000005,1.7073499998332409,0.15281300011338317,0.06777700036764145,0.0
pd,23:52:58.653,1089,-40.003,-89.999,0.0,-90.239,0.003,-0.02,0.0,0.0,0.0,0.0,0.0,0.0,-40.003,-110.0,0.0,-90.239,0.003,-0.02,-40.003,-97.999,0.0,-90.239,0.003,-0.02,0.0,-2002.2933524286907,0.0,0.0,0.0,0.0,0.0,-8.0,0.0,0.0,0.0,0.0,0.0137698,-0.0068849,-0.0275396,4.7987753,-0.0137698,-1.1773179,0.01231013430998,0.004438583638528,-0.006137728937652,-0.0029491758242370003,-0.000258699633705,0.00258699633705,20.001000000000005,1.6382589997192554,0.12729500031127827,0.054369000281440094,0.0
pd,23:52:58.655,1090,-40.003,-89.999,0.0,-90.239,0.003,-0.02,0.0,0.0,0.0,0.0,0.0,0.0,-40.003,-110.0,0.0,-90.239,0.003,-0.02,-40.003,-97.999,0.0,-90.239,0.003,-0.02,0.0,-2125.5816546306855,0.0,0.0,0.0,0.0,0.0,-8.0,0.0,0.0,0.0,0.0,0.0137698,-0.0068849,-0.0275396,4.7987753,-0.0137698,-1.1773179,0.01231013430998,0.004438583638528,-0.006137728937652,-0.0029491758242370003,-0.000258699633705,0.00258699633705,20.001000000000005,1.647831999889604,0.14442400015468593,0.06396200024028076,0.0
pd,23:52:58.658,1091,-40.003,-89.999,0.0,-90.239,0.003,-0.02,0.0,0.0,0.0,0.0,0.0,0.0,-40.003,-110.0,0.0,-90.239,0.003,-0.02,-40.003,-97.999,0.0,-90.239,0.003,-0.02,0.0,-1573.995309128436,0.0,0.0,0.0,0.0,0.0,-8.0,0.0,0.0,0.0,0.0,0.0137698,-0.0068849,-0.0275396,4.7987753,-0.0137698,-1.1773179,0.01231013430998,0.004438583638528,-0.006137728937652,-0.0029491758242370003,-0.000258699633705,0.00258699633705,20.001000000000005,1.852292999956262,0.22431199977290817,0.07248000019899337,0.0
pd,23:52:58.660,1092,-40.003,-89.999,0.0,-90.239,0.003,-0.02,0.0,0.0,0.0,0.0,0.0,0.0,-40.003,-110.0,0.0,-90.239,0.003,-0.02,-40.003,-97.999,0.0,-90.239,0.003,-0.02,0.0,-1782.3452671836822,0.0,0.0,0.0,0.0,0.0,-8.0,0.0,0.0,0.0,0.0,0.0137698,-0.0068849,-0.0275396,4.7987753,-0.0137698,-1.1773179,0.01231013430998,0.004438583638528,-0.006137728937652,-0.0029491758242370003,-0.000258699633705,0.00258699633705,20.001000000000005,1.6949990003922721,0.3976799998781644,0.0965360000009241,0.0
pd,23:52:58.662,1093,-40.003,-89.999,0.0,-90.239,0.003,-0.02,0.0,0.0,0.0,0.0,0.0,0.0,-40.003,-110.0,0.0,-90.239,0.003,-0.02,-40.003,-97.999,0.0,-90.239,0.003,-0.02,0.0,-1757.1445328864684,0.0,0.0,0.0,0.0,0.0,-8.0,0.0,0.0,0.0,0.0,0.0137698,-0.0068849,-0.0275396,4.7987753,-0.0137698,-1.1773179,0.01231013430998,0.004438583638528,-0.006137728937652,-0.0029491758242370003,-0.000258699633705,0.00258699633705,20.001000000000005,1.7157759998553956,0.1779600002009829,0.0668509997012734,0.0
pd,23:52:58.664,1094,-40.003,-89.999,0.0,-90.239,0.003,-0.02,0.0,0.0,0.0,0.0,0.0,0.0,-40.003,-110.0,0.0,-90.239,0.003,-0.02,-40.003,-97.999,0.0,-90.239,0.003,-0.02,0.0,-1968.694672612063,0.0,0.0,0.0,0.0,0.0,-8.0,0.0,0.0,0.0,0.0,0.0137698,-0.0068849,-0.0275396,4.7987753,-0.0137698,-1.1773179,0.01231013430998,0.004438583638528,-0.006137728937652,-0.0029491758242370003,-0.000258699633705,0.00258699633705,20.001000000000005,1.7047569999704137,0.14531299984810175,0.06000000030326191,0.0
pd,23:52:58.666,1095,-40.003,-89.999,0.0,-90.239,0.003,-0.02,0.0,0.0,0.0,0.0,0.0,0.0,-40.003,-110.0,0.0,-90.239,0.003,-0.02,-40.003,-97.999,0.0,-90.239,0.003,-0.02,0.0,-2022.0821983849585,0.0,0.0,0.0,0.0,0.0,-8.0,0.0,0.0,0.0,0.0,0.0137698,-0.0068849,-0.0275396,4.7987753,-0.0137698,-1.1773179,0.01231013430998,0.004438583638528,-0.006137728937652,-0.0029491758242370003,-0.000258699633705,0.00258699633705,20.001000000000005,1.7131649997281784,0.17170199998872704,0.07912900036899373,0.0
pd,23:52:58.668,1096,-40.003,-89.999,0.0,-90.239,0.003,-0.02,0.0,0.0,0.0,0.0,0.0,0.0,-40.003,-110.0,0.0,-90.239,0.003,-0.02,-40.003,-97.999,0.0,-90.239,0.003,-0.02,0.0,-1959.955140186916,0.0,0.0,0.0,0.0,0.0,-8.0,0.0,0.0,0.0,0.0,0.0137698,-0.0068849,-0.0275396,4.7987753,-0.0137698,-1.1773179,0.01231013430998,0.004438583638528,-0.006137728937652,-0.0029491758242370003,-0.000258699633705,0.00258699633705,20.001000000000005,1.7330350001429906,0.16096099989226786,0.06894400030432735,0.0
pd,23:52:58.670,1097,-40.003,-89.999,0.0,-90.239,0.003,-0.02,0.0,0.0,0.0,0.0,0.0,0.0,-40.003,-110.0,0.0,-90.239,0.003,-0.02,-40.003,-97.999,0.0,-90.239,0.003,-0.02,0.0,-1965.4657919400188,0.0,0.0,0.0,0.0,0.0,-8.0,0.0,0.0,0.0,0.0,0.0137698,-0.0068849,-0.0275396,4.7987753,-0.0137698,-1.1773179,0.01231013430998,0.004438583638528,-0.006137728937652,-0.0029491758242370003,-0.000258699633705,0.00258699633705,20.001000000000005,1.636387999951694,0.16920200005188235,0.06857300013507484,0.0
pd,23:52:58.672,1098,-40.003,-89.999,0.0,-90.239,0.003,-0.02,0.0,0.0,0.0,0.0,0.0,0.0,-40.003,-110.0,0.0,-90.239,0.003,-0.02,-40.003,-97.999,0.0,-90.239,0.003,-0.02,0.0,-2058.554110429448,0.0,0.0,0.0,0.0,0.0,-8.0,0.0,0.0,0.0,0.0,0.0137698,-0.0068849,-0.0275396,4.7987753,-0.0137698,-1.1773179,0.01231013430998,0.004438583638528,-0.006137728937652,-0.0029491758242370003,-0.000258699633705,0.00258699633705,20.001000000000005,1.6791839998404612,0.1504419997218065,0.06381399998645065,0.0
pd,23:52:58.674,1099,-40.003,-89.999,0.0,-90.239,0.003,-0.02,0.0,0.0,0.0,0.0,0.0,0.0,-40.003,-110.0,0.0,-90.239,0.003,-0.02,-40.003,-97.999,0.0,-90.239,0.003,-0.02,0.0,-2038.7915907157612,0.0,0.0,0.0,0.0,0.0,-8.0,0.0,0.0,0.0,0.0,0.0137698,-0.0068849,-0.0275396,4.7987753,-0.0137698,-1.1773179,0.01231013430998,0.004438583638528,-0.006137728937652,-0.0029491758242370003,-0.000258699633705,0.00258699633705,20.001000000000005,1.6341289997399144,0.12899900002594222,0.05505500030267285,0.0
pd,23:52:58.676,1100,-40.003,-89.999,0.0,-90.239,0.003,-0.02,0.0,0.0,0.0,0.0,0.0,0.0,-40.003,-110.0,0.0,-90.239,0.003,-0.02,-40.003,-97.999,0.0,-90.239,0.003,-0.02,0.0,-2127.738237159163,0.0,0.0,0.0,0.0,0.0,-8.0,0.0,0.0,0.0,0.0,0.0137698,-0.0068849,-0.0275396,4.7987753,-0.0137698,-1.1773179,0.01231013430998,0.004438583638528,-0.006137728937652,-0.0029491758242370003,-0.000258699633705,0.00258699633705,20.001000000000005,1.7203320003318368,0.16770100000940147,0.07570299976578099,0.0
pd,23:52:58.679,1101,-40.003,-89.999,0.0,-90.239,0.003,-0.02,0.0,0.0,0.0,0.0,0.0,0.0,-40.003,-110.0,0.0,-90.239,0.003,-0.02,-40.003,-97.999,0.0,-90.239,0.003,-0.02,0.0,-1542.0235294117647,0.0,0.0,0.0,0.0,0.0,-8.0,0.0,0.0,0.0,0.0,0.0137698,-0.0068849,-0.0275396,4.7987753,-0.0137698,-1.1773179,0.01231013430998,0.004438583638528,-0.006137728937652,-0.0029491758242370003,-0.000258699633705,0.00258699633705,20.001000000000005,1.8921629998658318,0.2320899998267123,0.08485099988320144,0.0
pd,23:52:58.681,1102,-40.003,-89.999,0.0,-90.239,0.003,-0.02,0.0,0.0,0.0,0.0,0.0,0.0,-40.003,-110.0,0.0,-90.239,0.003,-0.02,-40.003,-97.999,0.0,-90.239,0.003,-0.02,0.0,-1721.976393308016,0.0,0.0,0.0,0.0,0.0,-8.0,0.0,0.0,0.0,0.0,0.0137698,-0.0068849,-0.0275396,4.7987753,-0.0137698,-1.1773179,0.01231013430998,0.004438583638528,-0.006137728937652,-0.0029491758242370003,-0.000258699633705,0.00258699633705,20.001000000000005,1.6681839997545467,0.1554609998493106,0.06633199973293813,0.0
pd,23:52:58.683,1103,-40.003,-89.999,0.0,-90.239,0.003,-0.02,0.0,0.0,0.0,0.0,0.0,0.0,-40.003,-110.0,0.0,-90.239,0.003,-0.02,-40.003,-97.999,0.0,-90.239,0.003,-0.02,0.0,-2039.0393777345648,0.0,0.0,0.0,0.0,0.0,-8.0,0.0,0.0,0.0,0.0,0.0137698,-0.0068849,-0.0275396,4.7987753,-0.0137698,-1.1773179,0.01231013430998,0.004438583638528,-0.006137728937652,-0.0029491758242370003,-0.000258699633705,0.00258699633705,20.001000000000005,1.6616470002190908,0.1422210002601787,0.060833000134152826,0.0
pd,23:52:58.685,1104,-40.003,-89.999,0.0,-90.239,0.003,-0.02,0.0,0.0,0.0,0.0,0.0,0.0,-40.003,-110.0,0.0,-90.239,0.003,-0.02,-40.003,-97.999,0.0,-90.239,0.003,-0.02,0.0,-2071.7727834033094,0.0,0.0,0.0,0.0,0.0,-8.0,0.0,0.0,0.0,0.0,0.0137698,-0.0068849,-0.0275396,4.7987753,-0.0137698,-1.1773179,0.01231013430998,0.004438583638528,-0.006137728937652,-0.0029491758242370003,-0.000258699633705,0.00258699633705,20.001000000000005,1.6275180000775435,0.13088699961372185,0.08777699986239895,0.0
pd,23:52:58.687,1105,-40.003,-89.999,0.0,-90.239,0.003,-0.02,0.0,0.0,0.0,0.0,0.0,0.0,-40.003,-110.0,0.0,-90.239,0.003,-0.02,-40.003,-97.999,0.0,-90.239,0.003,-0.02,0.0,-2094.7953552253716,0.0,0.0,0.0,0.0,0.0,-8.0,0.0,0.0,0.0,0.0,0.0137698,-0.0068849,-0.0275396,4.7987753,-0.0137698,-1.1773179,0.01231013430998,0.004438583638528,-0.006137728937652,-0.0029491758242370003,-0.000258699633705,0.00258699633705,20.001000000000005,1.941885000178445,0.20040500021423213,0.1056099999914295,0.0
pd,23:52:58.689,1106,-40.003,-89.999,0.0,-90.239,0.003,-0.02,0.0,0.0,0.0,0.0,0.0,0.0,-40.003,-110.0,0.0,-90.239,0.003,-0.02,-40.003,-97.999,0.0,-90.239,0.003,-0.02,0.0,-1710.7388599979606,0.0,0.0,0.0,0.0,0.0,-8.0,0.0,0.0,0.0,0.0,0.0137698,-0.0068849,-0.0275396,4.7987753,-0.0137698,-1.1773179,0.01231013430998,0.004438583638528,-0.006137728937652,-0.0029491758242370003,-0.000258699633705,0.00258699633705,20.001000000000005,1.68079500008389,0.15685000016674167,0.06605499993384001,0.0
pd,23:52:58.691,1107,-40.003,-89.999,0.0,-90.239,0.003,-0.02,0.0,0.0,0.0,0.0,0.0,0.0,-40.003,-110.0,0.0,-90.239,0.003,-0.02,-40.003,-97.999,0.0,-90.239,0.003,-0.02,0.0,-2027.4581268882175,0.0,0.0,0.0,0.0,0.0,-8.0,0.0,0.0,0.0,0.0,0.0137698,-0.0068849,-0.0275396,4.7987753,-0.0137698,-1.1773179,0.01231013430998,0.004438583638528,-0.006137728937652,-0.0029491758242370003,-0.000258699633705,0.00258699633705,20.001000000000005,1.744923999922321,0.1704609999251261,0.07709200008321204,0.0
pd,23:52:58.693,1108,-40.003,-89.999,0.0,-90.239,0.003,-0.02,0.0,0.0,0.0,0.0,0.0,0.0,-40.003,-110.0,0.0,-90.239,0.003,-0.02,-40.003,-97.999,0.0,-90.239,0.003,-0.02,0.0,-1933.3044480294998,0.0,0.0,0.0,0.0,0.0,-8.0,0.0,0.0,0.0,0.0,0.0137698,-0.0068849,-0.0275396,4.7987753,-0.0137698,-1.1773179,0.01231013430998,0.004438583638528,-0.006137728937652,-0.0029491758242370003,-0.000258699633705,0.00258699633705,20.001000000000005,1.6435729999102477,0.13136799998392235,0.0542030002179672,0.0
pd,23:52:58.695,1109,-40.003,-89.999,0.0,-90.239,0.003,-0.02,0.0,0.0,0.0,0.0,0.0,0.0,-40.003,-110.0,0.0,-90.239,0.003,-0.02,-40.003,-97.999,0.0,-90.239,0.003,-0.02,0.0,-2115.130610186586,0.0,0.0,0.0,0.0,0.0,-8.0,0.0,0.0,0.0,0.0,0.0137698,-0.0068849,-0.0275396,4.7987753,-0.0137698,-1.1773179,0.01231013430998,0.004438583638528,-0.006137728937652,-0.0029491758242370003,-0.000258699633705,0.00258699633705,20.001000000000005,1.7220720001205336,0.13790599996355013,0.05829500014442601,0.0
pd,23:52:58.697,1110,-40.003,-89.999,0.0,-90.239,0.003,-0.02,0.0,0.0,0.0,0.0,0.0,0.0,-40.003,-110.0,0.0,-90.239,0.003,-0.02,-40.003,-97.999,0.0,-90.239,0.003,-0.02,0.0,-2016.0076904590242,0.0,0.0,0.0,0.0,0.0,-8.0,0.0,0.0,0.0,0.0,0.0137698,-0.0068849,-0.0275396,4.7987753,-0.0137698,-1.1773179,0.01231013430998,0.004438583638528,-0.006137728937652,-0.0029491758242370003,-0.000258699633705,0.00258699633705,20.001000000000005,1.642480000100477,0.14679400010209065,0.06787000029362389,0.0
pd,23:52:58.700,1111,-40.003,-89.999,0.0,-90.239,0.003,-0.02,0.0,0.0,0.0,0.0,0.0,0.0,-40.003,-110.0,0.0,-90.239,0.003,-0.02,-40.003,-97.999,0.0,-90.239,0.003,-0.02,0.0,-1597.3737027515947,0.0,0.0,0.0,0.0,0.0,-8.0,0.0,0.0,0.0,0.0,0.0137698,-0.0068849,-0.0275396,4.7987753,-0.0137698,-1.1773179,0.01231013430998,0.004438583638528,-0.006137728937652,-0.0029491758242370003,-0.000258699633705,0.00258699633705,20.001000000000005,1.9184590000804747,0.22545999991052668,0.07953600015753182,0.0
pd,23:52:58.702,1112,-40.003,-89.999,0.0,-90.239,0.003,-0.02,0.0,0.0,0.0,0.0,0.0,0.0,-40.003,-110.0,0.0,-90.239,0.003,-0.02,-40.003,-97.999,0.0,-90.239,0.003,-0.02,0.0,-1724.2770811921891,0.0,0.0,0.0,0.0,0.0,-8.0,0.0,0.0,0.0,0.0,0.0137698,-0.0068849,-0.0275396,4.7987753,-0.0137698,-1.1773179,0.01231013430998,0.004438583638528,-0.006137728937652,-0.0029491758242370003,-0.000258699633705,0.00258699633705,20.001000000000005,1.6506649999428191,0.1417399998899782,0.05773999964731047,0.0
pd,23:52:58.704,1113,-40.003,-89.999,0.0,-90.239,0.003,-0.02,0.0,0.0,0.0,0.0,0.0,0.0,-40.003,-110.0,0.0,-90.239,0.003,-0.02,-40.003,-97.999,0.0,-90.239,0.003,-0.02,0.0,-2087.757093081135,0.0,0.0,0.0,0.0,0.0,-8.0,0.0,0.0,0.0,0.0,0.0137698,-0.0068849,-0.0275396,4.7987753,-0.0137698,-1.1773179,0.01231013430998,0.004438583638528,-0.006137728937652,-0.0029491758242370003,-0.000258699633705,0.00258699633705,20.001000000000005,1.6555729998799507,0.1415169999745558,0.06153599997560377,0.0
pd,23:52:58.706,1114,-40.003,-89.999,0.0,-90.239,0.003,-0.02,0.0,0.0,0.0,0.0,0.0,0.0,-40.003,-110.0,0.0,-90.239,0.003,-0.02,-40.003,-97.999,0.0,-90.239,0.003,-0.02,0.0,-2078.445986124876,0.0,0.0,0.0,0.0,0.0,-8.0,0.0,0.0,0.0,0.0,0.0137698,-0.0068849,-0.0275396,4.7987753,-0.0137698,-1.1773179,0.01231013430998,0.004438583638528,-0.006137728937652,-0.0029491758242370003,-0.000258699633705,0.00258699633705,20.001000000000005,1.6227589999289194,0.1349979997939954,0.061776999700668966,0.0
pd,23:52:58.708,1115,-40.003,-89.999,0.0,-90.239,0.003,-0.02,0.0,0.0,0.0,0.0,0.0,0.0,-40.003,-110.0,0.0,-90.239,0.003,-0.02,-40.003,-97.999,0.0,-90.239,0.003,-0.02,0.0,-2122.6234817813765,0.0,0.0,0.0,0.0,0.0,-8.0,0.0,0.0,0.0,0.0,0.0137698,-0.0068849,-0.0275396,4.7987753,-0.0137698,-1.1773179,0.01231013430998,0.004438583638528,-0.006137728937652,-0.0029491758242370003,-0.000258699633705,0.00258699633705,20.001000000000005,1.665147000039724,0.16703500023140805,0.07333199982895167,0.0
pd,23:52:58.710,1116,-40.003,-89.999,0.0,-90.239,0.003,-0.02,0.0,0.0,0.0,0.0,0.0,0.0,-40.003,-110.0,0.0,-90.239,0.003,-0.02,-40.003,-97.999,0.0,-90.239,0.003,-0.02,0.0,-2019.8911630146881,0.0,0.0,0.0,0.0,0.0,-8.0,0.0,0.0,0.0,0.0,0.0137698,-0.0068849,-0.0275396,4.7987753,-0.0137698,-1.1773179,0.01231013430998,0.004438583638528,-0.006137728937652,-0.0029491758242370003,-0.000258699633705,0.00258699633705,20.001000000000005,1.7612940000617527,0.2434230000289972,0.11679499993988429,0.0
pd,23:52:58.712,1117,-40.003,-89.999,0.0,-90.239,0.003,-0.02,0.0,0.0,0.0,0.0,0.0,0.0,-40.003,-110.0,0.0,-90.239,0.003,-0.02,-40.003,-97.999,0.0,-90.239,0.003,-0.02,0.0,-1793.9709153122326,0.0,0.0,0.0,0.0,0.0,-8.0,0.0,0.0,0.0,0.0,0.0137698,-0.0068849,-0.0275396,4.7987753,-0.0137698,-1.1773179,0.01231013430998,0.004438583638528,-0.006137728937652,-0.0029491758242370003,-0.000258699633705,0.00258699633705,20.001000000000005,2.1464739998009463,0.255478999861225,0.13009099984628847,0.0
pd,23:52:58.715,1118,-40.003,-89.999,0.0,-90.239,0.003,-0.02,0.0,0.0,0.0,0.0,0.0,0.0,-40.003,-110.0,0.0,-90.239,0.003,-0.02,-40.003,-97.999,0.0,-90.239,0.003,-0.02,0.0,-1512.4146759217524,0.0,0.0,0.0,0.0,0.0,-8.0,0.0,0.0,0.0,0.0,0.0137698,-0.0068849,-0.0275396,4.7987753,-0.0137698,-1.1773179,0.01231013430998,0.004438583638528,-0.006137728937652,-0.0029491758242370003,-0.000258699633705,0.00258699633705,20.001000000000005,1.7208869999194576,0.17977500010601943,0.06516600024042418,0.0
pd,23:52:58.717,1119,-40.003,-89.999,0.0,-90.239,0.003,-0.02,0.0,0.0,0.0,0.0,0.0,0.0,-40.003,-110.0,0.0,-90.239,0.003,-0.02,-40.003,-97.999,0.0,-90.239,0.003,-0.02,0.0,-1897.875113122172,0.0,0.0,0.0,0.0,0.0,-8.0,0.0,0.0,0.0,0.0,0.0137698,-0.0068849,-0.0275396,4.7987753,-0.0137698,-1.1773179,0.01231013430998,0.004438583638528,-0.006137728937652,-0.0029491758242370003,-0.000258699633705,0.00258699633705,20.001000000000005,1.660350000292965,0.26351600035923184,0.09711000029710704,0.0
pd,23:52:58.719,1120,-40.003,-89.999,0.0,-90.239,0.003,-0.02,0.0,0.0,0.0,0.0,0.0,0.0,-40.003,-110.0,0.0,-90.239,0.003,-0.02,-40.003,-97.999,0.0,-90.239,0.003,-0.02,0.0,-1897.2312563609635,0.0,0.0,0.0,0.0,0.0,-8.0,0.0,0.0,0.0,0.0,0.0137698,-0.0068849,-0.0275396,4.7987753,-0.0137698,-1.1773179,0.01231013430998,0.004438583638528,-0.006137728937652,-0.0029491758242370003,-0.000258699633705,0.00258699633705,20.001000000000005,1.690517000042746,0.2391460002399981,0.08418400011578342,0.0
pd,23:52:58.722,1121,-40.003,-89.999,0.0,-90.239,0.003,-0.02,0.0,0.0,0.0,0.0,0.0,0.0,-40.003,-110.0,0.0,-90.239,0.003,-0.02,-40.003,-97.999,0.0,-90.239,0.003,-0.02,0.0,-1452.5728138528139,0.0,0.0,0.0,0.0,0.0,-8.0,0.0,0.0,0.0,0.0,0.0137698,-0.0068849,-0.0275396,4.7987753,-0.0137698,-1.1773179,0.01231013430998,0.004438583638528,-0.006137728937652,-0.0029491758242370003,-0.000258699633705,0.00258699633705,20.001000000000005,1.9142740002280334,0.246533999870735,0.11681299974952708,0.0
pd,23:52:58.724,1122,-40.003,-89.999,0.0,-90.239,0.003,-0.02,0.0,0.0,0.0,0.0,0.0,0.0,-40.003,-110.0,0.0,-90.239,0.003,-0.02,-40.003,-97.999,0.0,-90.239,0.003,-0.02,0.0,-1676.0455544455544,0.0,0.0,0.0,0.0,0.0,-8.0,0.0,0.0,0.0,0.0,0.0137698,-0.0068849,-0.0275396,4.7987753,-0.0137698,-1.1773179,0.01231013430998,0.004438583638528,-0.006137728937652,-0.0029491758242370003,-0.000258699633705,0.00258699633705,20.001000000000005,1.821960000143008,0.26855300029637874,0.1090360001398949,0.0
pd,23:52:58.726,1123,-40.003,-89.999,0.0,-90.239,0.003,-0.02,0.0,0.0,0.0,0.0,0.0,0.0,-40.003,-110.0,0.0,-90.239,0.003,-0.02,-40.003,-97.999,0.0,-90.239,0.003,-0.02,0.0,-1742.9062954498233,0.0,0.0,0.0,0.0,0.0,-8.0,0.0,0.0,0.0,0.0,0.0137698,-0.0068849,-0.0275396,4.7987753,-0.0137698,-1.1773179,0.01231013430998,0.004438583638528,-0.006137728937652,-0.0029491758242370003,-0.000258699633705,0.00258699633705,20.001000000000005,1.6686290000507142,0.13983100006953464,0.06042599989086739,0.0
pd,23:52:58.728,1124,-40.003,-89.999,0.0,-90.239,0.003,-0.02,0.0,0.0,0.0,0.0,0.0,0.0,-40.003,-110.0,0.0,-90.239,0.003,-0.02,-40.003,-97.999,0.0,-90.239,0.003,-0.02,0.0,-2066.668637595467,0.0,0.0,0.0,0.0,0.0,-8.0,0.0,0.0,0.0,0.0,0.0137698,-0.0068849,-0.0275396,4.7987753,-0.0137698,-1.1773179,0.01231013430998,0.004438583638528,-0.006137728937652,-0.0029491758242370003,-0.000258699633705,0.00258699633705,20.001000000000005,1.717090000056487,0.17916499973580358,0.0843689999783237,0.0
pd,23:52:58.730,1125,-40.003,-89.999,0.0,-90.239,0.003,-0.02,0.0,0.0,0.0,0.0,0.0,0.0,-40.003,-110.0,0.0,-90.239,0.003,-0.02,-40.003,-97.999,0.0,-90.239,0.003,-0.02,0.0,-1941.3580189770887,0.0,0.0,0.0,0.0,0.0,-8.0,0.0,0.0,0.0,0.0,0.0137698,-0.0068849,-0.0275396,4.7987753,-0.0137698,-1.1773179,0.01231013430998,0.004438583638528,-0.006137728937652,-0.0029491758242370003,-0.000258699633705,0.00258699633705,20.001000000000005,1.6767580000305315,0.16853499982971698,0.07527600018875091,0.0
pd,23:52:58.732,1126,-40.003,-89.999,0.0,-90.239,0.003,-0.02,0.0,0.0,0.0,0.0,0.0,0.0,-40.003,-110.0,0.0,-90.239,0.003,-0.02,-40.003,-97.999,0.0,-90.239,0.003,-0.02,0.0,-2003.7281738922727,0.0,0.0,0.0,0.0,0.0,-8.0,0.0,0.0,0.0,0.0,0.0137698,-0.0068849,-0.0275396,4.7987753,-0.0137698,-1.1773179,0.01231013430998,0.004438583638528,-0.006137728937652,-0.0029491758242370003,-0.000258699633705,0.00258699633705,20.001000000000005,1.7725159996189177,0.17253499981961795,0.0776289998611901,0.0
pd,23:52:58.734,1127,-40.003,-89.999,0.0,-90.239,0.003,-0.02,0.0,0.0,0.0,0.0,0.0,0.0,-40.003,-110.0,0.0,-90.239,0.003,-0.02,-40.003,-97.999,0.0,-90.239,0.003,-0.02,0.0,-1904.770208900999,0.0,0.0,0.0,0.0,0.0,-8.0,0.0,0.0,0.0,0.0,0.0137698,-0.0068849,-0.0275396,4.7987753,-0.0137698,-1.1773179,0.01231013430998,0.004438583638528,-0.006137728937652,-0.0029491758242370003,-0.000258699633705,0.00258699633705,20.001000000000005,1.6506279998793616,0.13507299991033506,0.05818499994347803,0.0
pd,23:52:58.736,1128,-40.003,-89.999,0.0,-90.239,0.003,-0.02,0.0,0.0,0.0,0.0,0.0,0.0,-40.003,-110.0,0.0,-90.239,0.003,-0.02,-40.003,-97.999,0.0,-90.239,0.003,-0.02,0.0,-2096.3658628014496,0.0,0.0,0.0,0.0,0.0,-8.0,0.0,0.0,0.0,0.0,0.0137698,-0.0068849,-0.0275396,4.7987753,-0.0137698,-1.1773179,0.01231013430998,0.004438583638528,-0.006137728937652,-0.0029491758242370003,-0.000258699633705,0.00258699633705,20.001000000000005,1.6472769998472359,0.14218300020729657,0.32814399992275867,0.0
pd,23:52:58.738,1129,-40.003,-89.999,0.0,-90.239,0.003,-0.02,0.0,0.0,0.0,0.0,0.0,0.0,-40.003,-110.0,0.0,-90.239,0.003,-0.02,-40.003,-97.999,0.0,-90.239,0.003,-0.02,0.0,-1817.6832069339112,0.0,0.0,0.0,0.0,0.0,-8.0,0.0,0.0,0.0,0.0,0.0137698,-0.0068849,-0.0275396,4.7987753,-0.0137698,-1.1773179,0.01231013430998,0.004438583638528,-0.006137728937652,-0.0029491758242370003,-0.000258699633705,0.00258699633705,20.001000000000005,1.6777949999777775,0.20081200000277022,0.08588700029577012,0.0
pd,23:52:58.740,1130,-40.003,-89.999,0.0,-90.239,0.003,-0.02,0.0,0.0,0.0,0.0,0.0,0.0,-40.003,-110.0,0.0,-90.239,0.003,-0.02,-40.003,-97.999,0.0,-90.239,0.003,-0.02,0.0,-1954.475302889096,0.0,0.0,0.0,0.0,0.0,-8.0,0.0,0.0,0.0,0.0,0.0137698,-0.0068849,-0.0275396,4.7987753,-0.0137698,-1.1773179,0.01231013430998,0.004438583638528,-0.006137728937652,-0.0029491758242370003,-0.000258699633705,0.00258699633705,20.001000000000005,1.7614419998608355,0.1552389999233128,0.06798100002924912,0.0
pd,23:52:58.743,1131,-40.003,-89.999,0.0,-90.239,0.003,-0.02,0.0,0.0,0.0,0.0,0.0,0.0,-40.003,-110.0,0.0,-90.239,0.003,-0.02,-40.003,-97.999,0.0,-90.239,0.003,-0.02,0.0,-1510.1004500450044,0.0,0.0,0.0,0.0,0.0,-8.0,0.0,0.0,0.0,0.0,0.0137698,-0.0068849,-0.0275396,4.7987753,-0.0137698,-1.1773179,0.01231013430998,0.004438583638528,-0.006137728937652,-0.0029491758242370003,-0.000258699633705,0.00258699633705,20.001000000000005,1.9961799998782226,0.22555299983650912,0.09335100003227126,0.0
pd,23:52:58.746,1132,-40.003,-89.999,0.0,-90.239,0.003,-0.02,0.0,0.0,0.0,0.0,0.0,0.0,-40.003,-110.0,0.0,-90.239,0.003,-0.02,-40.003,-97.999,0.0,-90.239,0.003,-0.02,0.0,-1659.4674579624134,0.0,0.0,0.0,0.0,0.0,-8.0,0.0,0.0,0.0,0.0,0.0137698,-0.0068849,-0.0275396,4.7987753,-0.0137698,-1.1773179,0.01231013430998,0.004438583638528,-0.006137728937652,-0.0029491758242370003,-0.000258699633705,0.00258699633705,20.001000000000005,1.6985359998216154,0.13501700004781014,0.057684999774210155,0.0
pd,23:52:58.747,1133,-40.003,-89.999,0.0,-90.239,0.003,-0.02,0.0,0.0,0.0,0.0,0.0,0.0,-40.003,-110.0,0.0,-90.239,0.003,-0.02,-40.003,-97.999,0.0,-90.239,0.003,-0.02,0.0,-2046.0019512195122,0.0,0.0,0.0,0.0,0.0,-8.0,0.0,0.0,0.0,0.0,0.0137698,-0.0068849,-0.0275396,4.7987753,-0.0137698,-1.1773179,0.01231013430998,0.004438583638528,-0.006137728937652,-0.0029491758242370003,-0.000258699633705,0.00258699633705,20.001000000000005,1.6674060002515034,0.17346100003123865,0.08007299993550987,0.0
pd,23:52:58.749,1134,-40.003,-89.999,0.0,-90.239,0.003,-0.02,0.0,0.0,0.0,0.0,0.0,0.0,-40.003,-110.0,0.0,-90.239,0.003,-0.02,-40.003,-97.999,0.0,-90.239,0.003,-0.02,0.0,-2000.3834505782759,0.0,0.0,0.0,0.0,0.0,-8.0,0.0,0.0,0.0,0.0,0.0137698,-0.0068849,-0.0275396,4.7987753,-0.0137698,-1.1773179,0.01231013430998,0.004438583638528,-0.006137728937652,-0.0029491758242370003,-0.000258699633705,0.00258699633705,20.001000000000005,1.661924000018189,0.13894299991079606,0.0592410001445387,0.0
pd,23:52:58.751,1135,-40.003,-89.999,0.0,-90.239,0.003,-0.02,0.0,0.0,0.0,0.0,0.0,0.0,-40.003,-110.0,0.0,-90.239,0.003,-0.02,-40.003,-97.999,0.0,-90.239,0.003,-0.02,0.0,-2076.902203515722,0.0,0.0,0.0,0.0,0.0,-8.0,0.0,0.0,0.0,0.0,0.0137698,-0.0068849,-0.0275396,4.7987753,-0.0137698,-1.1773179,0.01231013430998,0.004438583638528,-0.006137728937652,-0.0029491758242370003,-0.000258699633705,0.00258699633705,20.001000000000005,1.6648690002512012,0.15514599999733036,0.06838800027253455,0.0
pd,23:52:58.753,1136,-40.003,-89.999,0.0,-90.239,0.003,-0.02,0.0,0.0,0.0,0.0,0.0,0.0,-40.003,-110.0,0.0,-90.239,0.003,-0.02,-40.003,-97.999,0.0,-90.239,0.003,-0.02,0.0,-2039.7831003039514,0.0,0.0,0.0,0.0,0.0,-8.0,0.0,0.0,0.0,0.0,0.0137698,-0.0068849,-0.0275396,4.7987753,-0.0137698,-1.1773179,0.01231013430998,0.004438583638528,-0.006137728937652,-0.0029491758242370003,-0.000258699633705,0.00258699633705,20.001000000000005,1.6300550000778458,0.13270299996293033,0.057685000228957506,0.0
pd,23:52:58.755,1137,-40.003,-89.999,0.0,-90.239,0.003,-0.02,0.0,0.0,0.0,0.0,0.0,0.0,-40.003,-110.0,0.0,-90.239,0.003,-0.02,-40.003,-97.999,0.0,-90.239,0.003,-0.02,0.0,-2120.4772497472195,0.0,0.0,0.0,0.0,0.0,-8.0,0.0,0.0,0.0,0.0,0.0137698,-0.0068849,-0.0275396,4.7987753,-0.0137698,-1.1773179,0.01231013430998,0.004438583638528,-0.006137728937652,-0.0029491758242370003,-0.000258699633705,0.00258699633705,20.001000000000005,1.6818499998407788,0.13309099995240103,0.058648000049288385,0.0
pd,23:52:58.757,1138,-40.003,-89.999,0.0,-90.239,0.003,-0.02,0.0,0.0,0.0,0.0,0.0,0.0,-40.003,-110.0,0.0,-90.239,0.003,-0.02,-40.003,-97.999,0.0,-90.239,0.003,-0.02,0.0,-2063.872062984377,0.0,0.0,0.0,0.0,0.0,-8.0,0.0,0.0,0.0,0.0,0.0137698,-0.0068849,-0.0275396,4.7987753,-0.0137698,-1.1773179,0.01231013430998,0.004438583638528,-0.006137728937652,-0.0029491758242370003,-0.000258699633705,0.00258699633705,20.001000000000005,1.6239440001299954,0.15048000022943597,0.06679499983874848,0.0
pd,23:52:58.759,1139,-40.003,-89.999,0.0,-90.239,0.003,-0.02,0.0,0.0,0.0,0.0,0.0,0.0,-40.003,-110.0,0.0,-90.239,0.003,-0.02,-40.003,-97.999,0.0,-90.239,0.003,-0.02,0.0,-2092.9660678642713,0.0,0.0,0.0,0.0,0.0,-8.0,0.0,0.0,0.0,0.0,0.0137698,-0.0068849,-0.0275396,4.7987753,-0.0137698,-1.1773179,0.01231013430998,0.004438583638528,-0.006137728937652,-0.0029491758242370003,-0.000258699633705,0.00258699633705,20.001000000000005,1.7167940000035742,0.1627020001251367,0.06975899987082812,0.0
pd,23:52:58.761,1140,-40.003,-89.999,0.0,-90.239,0.003,-0.02,0.0,0.0,0.0,0.0,0.0,0.0,-40.003,-110.0,0.0,-90.239,0.003,-0.02,-40.003,-97.999,0.0,-90.239,0.003,-0.02,0.0,-1979.3789523360076,0.0,0.0,0.0,0.0,0.0,-8.0,0.0,0.0,0.0,0.0,0.0137698,-0.0068849,-0.0275396,4.7987753,-0.0137698,-1.1773179,0.01231013430998,0.004438583638528,-0.006137728937652,-0.0029491758242370003,-0.000258699633705,0.00258699633705,20.001000000000005,1.6312020002260397,0.13147999970897217,0.057963000017480226,0.0
pd,23:52:58.764,1141,-40.003,-89.999,0.0,-90.239,0.003,-0.02,0.0,0.0,0.0,0.0,0.0,0.0,-40.003,-110.0,0.0,-90.239,0.003,-0.02,-40.003,-97.999,0.0,-90.239,0.003,-0.02,0.0,-1388.0380574170597,0.0,0.0,0.0,0.0,0.0,-8.0,0.0,0.0,0.0,0.0,0.0137698,-0.0068849,-0.0275396,4.7987753,-0.0137698,-1.1773179,0.01231013430998,0.004438583638528,-0.006137728937652,-0.0029491758242370003,-0.000258699633705,0.00258699633705,20.001000000000005,1.8524409997553448,0.2241639999738254,0.07553600016763085,0.0
pd,23:52:58.766,1142,-40.003,-89.999,0.0,-90.239,0.003,-0.02,0.0,0.0,0.0,0.0,0.0,0.0,-40.003,-110.0,0.0,-90.239,0.003,-0.02,-40.003,-97.999,0.0,-90.239,0.003,-0.02,0.0,-1780.6427510082785,0.0,0.0,0.0,0.0,0.0,-8.0,0.0,0.0,0.0,0.0,0.0137698,-0.0068849,-0.0275396,4.7987753,-0.0137698,-1.1773179,0.01231013430998,0.004438583638528,-0.006137728937652,-0.0029491758242370003,-0.000258699633705,0.00258699633705,20.001000000000005,1.6422590001639037,0.13744300031248713,0.05746299984821235,0.0
pd,23:52:58.768,1143,-40.003,-89.999,0.0,-90.239,0.003,-0.02,0.0,0.0,0.0,0.0,0.0,0.0,-40.003,-110.0,0.0,-90.239,0.003,-0.02,-40.003,-97.999,0.0,-90.239,0.003,-0.02,0.0,-2102.671512720892,0.0,0.0,0.0,0.0,0.0,-8.0,0.0,0.0,0.0,0.0,0.0137698,-0.0068849,-0.0275396,4.7987753,-0.0137698,-1.1773179,0.01231013430998,0.004438583638528,-0.006137728937652,-0.0029491758242370003,-0.000258699633705,0.00258699633705,20.001000000000005,1.801905000320403,0.247849000061251,0.1010359997053456,0.0
pd,23:52:58.770,1144,-40.003,-89.999,0.0,-90.239,0.003,-0.02,0.0,0.0,0.0,0.0,0.0,0.0,-40.003,-110.0,0.0,-90.239,0.003,-0.02,-40.003,-97.999,0.0,-90.239,0.003,-0.02,0.0,-1785.9501809665744,0.0,0.0,0.0,0.0,0.0,-8.0,0.0,0.0,0.0,0.0,0.0137698,-0.0068849,-0.0275396,4.7987753,-0.0137698,-1.1773179,0.01231013430998,0.004438583638528,-0.006137728937652,-0.0029491758242370003,-0.000258699633705,0.00258699633705,20.001000000000005,1.6915170003812818,0.15222000001813285,0.06214700033524423,0.0
pd,23:52:58.772,1145,-40.003,-89.999,0.0,-90.239,0.003,-0.02,0.0,0.0,0.0,0.0,0.0,0.0,-40.003,-110.0,0.0,-90.239,0.003,-0.02,-40.003,-97.999,0.0,-90.239,0.003,-0.02,0.0,-2027.4581268882175,0.0,0.0,0.0,0.0,0.0,-8.0,0.0,0.0,0.0,0.0,0.0137698,-0.0068849,-0.0275396,4.7987753,-0.0137698,-1.1773179,0.01231013430998,0.004438583638528,-0.006137728937652,-0.0029491758242370003,-0.000258699633705,0.00258699633705,20.001000000000005,1.7734419998305384,0.1768689999153139,0.08157299998856615,0.0
pd,23:52:58.774,1146,-40.003,-89.999,0.0,-90.239,0.003,-0.02,0.0,0.0,0.0,0.0,0.0,0.0,-40.003,-110.0,0.0,-90.239,0.003,-0.02,-40.003,-97.999,0.0,-90.239,0.003,-0.02,0.0,-1894.6601919819311,0.0,0.0,0.0,0.0,0.0,-8.0,0.0,0.0,0.0,0.0,0.0137698,-0.0068849,-0.0275396,4.7987753,-0.0137698,-1.1773179,0.01231013430998,0.004438583638528,-0.006137728937652,-0.0029491758242370003,-0.000258699633705,0.00258699633705,20.001000000000005,1.6415179998148233,0.13412799989964697,0.058926000292558456,0.0
pd,23:52:58.776,1147,-40.003,-89.999,0.0,-90.239,0.003,-0.02,0.0,0.0,0.0,0.0,0.0,0.0,-40.003,-110.0,0.0,-90.239,0.003,-0.02,-40.003,-97.999,0.0,-90.239,0.003,-0.02,0.0,-2107.1610148203968,0.0,0.0,0.0,0.0,0.0,-8.0,0.0,0.0,0.0,0.0,0.0137698,-0.0068849,-0.0275396,4.7987753,-0.0137698,-1.1773179,0.01231013430998,0.004438583638528,-0.006137728937652,-0.0029491758242370003,-0.000258699633705,0.00258699633705,20.001000000000005,1.6520550002496748,0.13362800018512644,0.059702999806177104,0.0
pd,23:52:58.778,1148,-40.003,-89.999,0.0,-90.239,0.003,-0.02,0.0,0.0,0.0,0.0,0.0,0.0,-40.003,-110.0,0.0,-90.239,0.003,-0.02,-40.003,-97.999,0.0,-90.239,0.003,-0.02,0.0,-2093.488395308211,0.0,0.0,0.0,0.0,0.0,-8.0,0.0,0.0,0.0,0.0,0.0137698,-0.0068849,-0.0275396,4.7987753,-0.0137698,-1.1773179,0.01231013430998,0.004438583638528,-0.006137728937652,-0.0029491758242370003,-0.000258699633705,0.00258699633705,20.001000000000005,1.6462769999634475,0.16197899958569906,0.0754620000407158,0.0
pd,23:52:58.780,1149,-40.003,-89.999,0.0,-90.239,0.003,-0.02,0.0,0.0,0.0,0.0,0.0,0.0,-40.003,-110.0,0.0,-90.239,0.003,-0.02,-40.003,-97.999,0.0,-90.239,0.003,-0.02,0.0,-2043.7588013156292,0.0,0.0,0.0,0.0,0.0,-8.0,0.0,0.0,0.0,0.0,0.0137698,-0.0068849,-0.0275396,4.7987753,-0.0137698,-1.1773179,0.01231013430998,0.004438583638528,-0.006137728937652,-0.0029491758242370003,-0.000258699633705,0.00258699633705,20.001000000000005,1.6829060000418394,0.1447939998797665,0.0656849997540121,0.0
pd,23:52:58.782,1150,-40.003,-89.999,0.0,-90.239,0.003,-0.02,0.0,0.0,0.0,0.0,0.0,0.0,-40.003,-110.0,0.0,-90.239,0.003,-0.02,-40.003,-97.999,0.0,-90.239,0.003,-0.02,0.0,-2038.5438639125152,0.0,0.0,0.0,0.0,0.0,-8.0,0.0,0.0,0.0,0.0,0.0137698,-0.0068849,-0.0275396,4.7987753,-0.0137698,-1.1773179,0.01231013430998,0.004438583638528,-0.006137728937652,-0.0029491758242370003,-0.000258699633705,0.00258699633705,20.001000000000005,1.6239249998761807,0.14181300002746866,0.06177700015541632,0.0
pd,23:52:58.785,1151,-40.003,-89.999,0.0,-90.239,0.003,-0.02,0.0,0.0,0.0,0.0,0.0,0.0,-40.003,-110.0,0.0,-90.239,0.003,-0.02,-40.003,-97.999,0.0,-90.239,0.003,-0.02,0.0,-1550.144691859928,0.0,0.0,0.0,0.0,0.0,-8.0,0.0,0.0,0.0,0.0,0.0137698,-0.0068849,-0.0275396,4.7987753,-0.0137698,-1.1773179,0.01231013430998,0.004438583638528,-0.006137728937652,-0.0029491758242370003,-0.000258699633705,0.00258699633705,20.001000000000005,1.830811000218091,0.22270099998422666,0.07246199993460323,0.0
pd,23:52:58.787,1152,-40.003,-89.999,0.0,-90.239,0.003,-0.02,0.0,0.0,0.0,0.0,0.0,0.0,-40.003,-110.0,0.0,-90.239,0.003,-0.02,-40.003,-97.999,0.0,-90.239,0.003,-0.02,0.0,-1803.4199720520262,0.0,0.0,0.0,0.0,0.0,-8.0,0.0,0.0,0.0,0.0,0.0137698,-0.0068849,-0.0275396,4.7987753,-0.0137698,-1.1773179,0.01231013430998,0.004438583638528,-0.006137728937652,-0.0029491758242370003,-0.000258699633705,0.00258699633705,20.001000000000005,1.9180879999112221,0.20570100014083437,0.11364600004526437,0.0
pd,23:52:58.789,1153,-40.003,-89.999,0.0,-90.239,0.003,-0.02,0.0,0.0,0.0,0.0,0.0,0.0,-40.003,-110.0,0.0,-90.239,0.003,-0.02,-40.003,-97.999,0.0,-90.239,0.003,-0.02,0.0,-1712.1355240330647,0.0,0.0,0.0,0.0,0.0,-8.0,0.0,0.0,0.0,0.0,0.0137698,-0.0068849,-0.0275396,4.7987753,-0.0137698,-1.1773179,0.01231013430998,0.004438583638528,-0.006137728937652,-0.0029491758242370003,-0.000258699633705,0.00258699633705,20.001000000000005,1.7357199999423756,0.17266399981963332,0.06301699977484532,0.0
pd,23:52:58.791,1154,-40.003,-89.999,0.0,-90.239,0.003,-0.02,0.0,0.0,0.0,0.0,0.0,0.0,-40.003,-110.0,0.0,-90.239,0.003,-0.02,-40.003,-97.999,0.0,-90.239,0.003,-0.02,0.0,-1959.2684806726616,0.0,0.0,0.0,0.0,0.0,-8.0,0.0,0.0,0.0,0.0,0.0137698,-0.0068849,-0.0275396,4.7987753,-0.0137698,-1.1773179,0.01231013430998,0.004438583638528,-0.006137728937652,-0.0029491758242370003,-0.000258699633705,0.00258699633705,20.001000000000005,1.7022950000864512,0.1589800003785058,0.07531399978688569,0.0
pd,23:52:58.793,1155,-40.003,-89.999,0.0,-90.239,0.003,-0.02,0.0,0.0,0.0,0.0,0.0,0.0,-40.003,-110.0,0.0,-90.239,0.003,-0.02,-40.003,-97.999,0.0,-90.239,0.003,-0.02,0.0,-1987.3508647239992,0.0,0.0,0.0,0.0,0.0,-8.0,0.0,0.0,0.0,0.0,0.0137698,-0.0068849,-0.0275396,4.7987753,-0.0137698,-1.1773179,0.01231013430998,0.004438583638528,-0.006137728937652,-0.0029491758242370003,-0.000258699633705,0.00258699633705,20.001000000000005,1.8074969998451706,0.18055399959848728,0.07944400022097398,0.0
pd,23:52:58.796,1156,-40.003,-89.999,0.0,-90.239,0.003,-0.02,0.0,0.0,0.0,0.0,0.0,0.0,-40.003,-110.0,0.0,-90.239,0.003,-0.02,-40.003,-97.999,0.0,-90.239,0.003,-0.02,0.0,-1866.4162865724775,0.0,0.0,0.0,0.0,0.0,-8.0,0.0,0.0,0.0,0.0,0.0137698,-0.0068849,-0.0275396,4.7987753,-0.0137698,-1.1773179,0.01231013430998,0.004438583638528,-0.006137728937652,-0.0029491758242370003,-0.000258699633705,0.00258699633705,20.001000000000005,1.7060350000974722,0.1436100001228624,0.06024000003890251,0.0
pd,23:52:58.798,1157,-40.003,-89.999,0.0,-90.239,0.003,-0.02,0.0,0.0,0.0,0.0,0.0,0.0,-40.003,-110.0,0.0,-90.239,0.003,-0.02,-40.003,-97.999,0.0,-90.239,0.003,-0.02,0.0,-2023.3014954172697,0.0,0.0,0.0,0.0,0.0,-8.0,0.0,0.0,0.0,0.0,0.0137698,-0.0068849,-0.0275396,4.7987753,-0.0137698,-1.1773179,0.01231013430998,0.004438583638528,-0.006137728937652,-0.0029491758242370003,-0.000258699633705,0.00258699633705,20.001000000000005,1.6340170000148646,0.16744200001994614,0.11790600001404528,0.0
pd,23:52:58.800,1158,-40.003,-89.999,0.0,-90.239,0.003,-0.02,0.0,0.0,0.0,0.0,0.0,0.0,-40.003,-110.0,0.0,-90.239,0.003,-0.02,-40.003,-97.999,0.0,-90.239,0.003,-0.02,0.0,-2000.6219890293346,0.0,0.0,0.0,0.0,0.0,-8.0,0.0,0.0,0.0,0.0,0.0137698,-0.0068849,-0.0275396,4.7987753,-0.0137698,-1.1773179,0.01231013430998,0.004438583638528,-0.006137728937652,-0.0029491758242370003,-0.000258699633705,0.00258699633705,20.001000000000005,1.6948319998846273,0.15068399989104364,0.064277000092261,0.0
pd,23:52:58.801,1159,-40.003,-89.999,0.0,-90.239,0.003,-0.02,0.0,0.0,0.0,0.0,0.0,0.0,-40.003,-110.0,0.0,-90.239,0.003,-0.02,-40.003,-97.999,0.0,-90.239,0.003,-0.02,0.0,-2020.3776493256262,0.0,0.0,0.0,0.0,0.0,-8.0,0.0,0.0,0.0,0.0,0.0137698,-0.0068849,-0.0275396,4.7987753,-0.0137698,-1.1773179,0.01231013430998,0.004438583638528,-0.006137728937652,-0.0029491758242370003,-0.000258699633705,0.00258699633705,20.001000000000005,1.6345550002370146,0.1319980001426302,0.05748100011260249,0.0
pd,23:52:58.803,1160,-40.003,-89.999,0.0,-90.239,0.003,-0.02,0.0,0.0,0.0,0.0,0.0,0.0,-40.003,-110.0,0.0,-90.239,0.003,-0.02,-40.003,-97.999,0.0,-90.239,0.003,-0.02,0.0,-2118.067920717081,0.0,0.0,0.0,0.0,0.0,-8.0,0.0,0.0,0.0,0.0,0.0137698,-0.0068849,-0.0275396,4.7987753,-0.0137698,-1.1773179,0.01231013430998,0.004438583638528,-0.006137728937652,-0.0029491758242370003,-0.000258699633705,0.00258699633705,20.001000000000005,1.6879060003702762,0.146480000239535,0.06483299966930645,0.0
pd,23:52:58.806,1161,-40.003,-89.999,0.0,-90.239,0.003,-0.02,0.0,0.0,0.0,0.0,0.0,0.0,-40.003,-110.0,0.0,-90.239,0.003,-0.02,-40.003,-97.999,0.0,-90.239,0.003,-0.02,0.0,-1565.0388059701493,0.0,0.0,0.0,0.0,0.0,-8.0,0.0,0.0,0.0,0.0,0.0137698,-0.0068849,-0.0275396,4.7987753,-0.0137698,-1.1773179,0.01231013430998,0.004438583638528,-0.006137728937652,-0.0029491758242370003,-0.000258699633705,0.00258699633705,20.001000000000005,1.8337930000598135,0.21746100037489668,0.06896200011397013,0.0
pd,23:52:58.808,1162,-40.003,-89.999,0.0,-90.239,0.003,-0.02,0.0,0.0,0.0,0.0,0.0,0.0,-40.003,-110.0,0.0,-90.239,0.003,-0.02,-40.003,-97.999,0.0,-90.239,0.003,-0.02,0.0,-1807.5001077354018,0.0,0.0,0.0,0.0,0.0,-8.0,0.0,0.0,0.0,0.0,0.0137698,-0.0068849,-0.0275396,4.7987753,-0.0137698,-1.1773179,0.01231013430998,0.004438583638528,-0.006137728937652,-0.0029491758242370003,-0.000258699633705,0.00258699633705,20.001000000000005,1.7062390002138272,0.18088600018018042,0.08466500003123656,0.0
pd,23:52:58.810,1163,-40.003,-89.999,0.0,-90.239,0.003,-0.02,0.0,0.0,0.0,0.0,0.0,0.0,-40.003,-110.0,0.0,-90.239,0.003,-0.02,-40.003,-97.999,0.0,-90.239,0.003,-0.02,0.0,-1946.9903678774515,0.0,0.0,0.0,0.0,0.0,-8.0,0.0,0.0,0.0,0.0,0.0137698,-0.0068849,-0.0275396,4.7987753,-0.0137698,-1.1773179,0.01231013430998,0.004438583638528,-0.006137728937652,-0.0029491758242370003,-0.000258699633705,0.00258699633705,20.001000000000005,1.660812999944028,0.15614599988111877,0.06607300019823015,0.0
pd,23:52:58.812,1164,-40.003,-89.999,0.0,-90.239,0.003,-0.02,0.0,0.0,0.0,0.0,0.0,0.0,-40.003,-110.0,0.0,-90.239,0.003,-0.02,-40.003,-97.999,0.0,-90.239,0.003,-0.02,0.0,-2046.5010978287387,0.0,0.0,0.0,0.0,0.0,-8.0,0.0,0.0,0.0,0.0,0.0137698,-0.0068849,-0.0275396,4.7987753,-0.0137698,-1.1773179,0.01231013430998,0.004438583638528,-0.006137728937652,-0.0029491758242370003,-0.000258699633705,0.00258699633705,20.001000000000005,1.679275999777019,0.5002530001547711,0.09883199982141377,0.0
pd,23:52:58.815,1165,-40.003,-89.999,0.0,-90.239,0.003,-0.02,0.0,0.0,0.0,0.0,0.0,0.0,-40.003,-110.0,0.0,-90.239,0.003,-0.02,-40.003,-97.999,0.0,-90.239,0.003,-0.02,0.0,-1691.7632348492489,0.0,0.0,0.0,0.0,0.0,-8.0,0.0,0.0,0.0,0.0,0.0137698,-0.0068849,-0.0275396,4.7987753,-0.0137698,-1.1773179,0.01231013430998,0.004438583638528,-0.006137728937652,-0.0029491758242370003,-0.000258699633705,0.00258699633705,20.001000000000005,1.682220999555284,0.1616089998606185,0.06201800033522886,0.0
pd,23:52:58.816,1166,-40.003,-89.999,0.0,-90.239,0.003,-0.02,0.0,0.0,0.0,0.0,0.0,0.0,-40.003,-110.0,0.0,-90.239,0.003,-0.02,-40.003,-97.999,0.0,-90.239,0.003,-0.02,0.0,-2026.968225202368,0.0,0.0,0.0,0.0,0.0,-8.0,0.0,0.0,0.0,0.0,0.0137698,-0.0068849,-0.0275396,4.7987753,-0.0137698,-1.1773179,0.01231013430998,0.004438583638528,-0.006137728937652,-0.0029491758242370003,-0.000258699633705,0.00258699633705,20.001000000000005,1.688460999957897,0.13961000013296143,0.060092000239819754,0.0
pd,23:52:58.818,1167,-40.003,-89.999,0.0,-90.239,0.003,-0.02,0.0,0.0,0.0,0.0,0.0,0.0,-40.003,-110.0,0.0,-90.239,0.003,-0.02,-40.003,-97.999,0.0,-90.239,0.003,-0.02,0.0,-2048.250030521304,0.0,0.0,0.0,0.0,0.0,-8.0,0.0,0.0,0.0,0.0,0.0137698,-0.0068849,-0.0275396,4.7987753,-0.0137698,-1.1773179,0.01231013430998,0.004438583638528,-0.006137728937652,-0.0029491758242370003,-0.000258699633705,0.00258699633705,20.001000000000005,1.789201000065077,0.20027600021421677,0.099795000096492,0.0
pd,23:52:58.821,1168,-40.003,-89.999,0.0,-90.239,0.003,-0.02,0.0,0.0,0.0,0.0,0.0,0.0,-40.003,-110.0,0.0,-90.239,0.003,-0.02,-40.003,-97.999,0.0,-90.239,0.003,-0.02,0.0,-1744.537381719871,0.0,0.0,0.0,0.0,0.0,-8.0,0.0,0.0,0.0,0.0,0.0137698,-0.0068849,-0.0275396,4.7987753,-0.0137698,-1.1773179,0.01231013430998,0.004438583638528,-0.006137728937652,-0.0029491758242370003,-0.000258699633705,0.00258699633705,20.001000000000005,1.7097759996431705,0.21672000002581626,0.09507300001132535,0.0
pd,23:52:58.823,1169,-40.003,-89.999,0.0,-90.239,0.003,-0.02,0.0,0.0,0.0,0.0,0.0,0.0,-40.003,-110.0,0.0,-90.239,0.003,-0.02,-40.003,-97.999,0.0,-90.239,0.003,-0.02,0.0,-1895.5164388204723,0.0,0.0,0.0,0.0,0.0,-8.0,0.0,0.0,0.0,0.0,0.0137698,-0.0068849,-0.0275396,4.7987753,-0.0137698,-1.1773179,0.01231013430998,0.004438583638528,-0.006137728937652,-0.0029491758242370003,-0.000258699633705,0.00258699633705,20.001000000000005,1.6748510001889372,0.2170339998883719,0.07085100014592172,0.0
pd,23:52:58.825,1170,-40.003,-89.999,0.0,-90.239,0.003,-0.02,0.0,0.0,0.0,0.0,0.0,0.0,-40.003,-110.0,0.0,-90.239,0.003,-0.02,-40.003,-97.999,0.0,-90.239,0.003,-0.02,0.0,-1963.1659255792183,0.0,0.0,0.0,0.0,0.0,-8.0,0.0,0.0,0.0,0.0,0.0137698,-0.0068849,-0.0275396,4.7987753,-0.0137698,-1.1773179,0.01231013430998,0.004438583638528,-0.006137728937652,-0.0029491758242370003,-0.000258699633705,0.00258699633705,20.001000000000005,1.638239999920188,0.13385000011112425,0.05631399972116924,0.0
pd,23:52:58.827,1171,-40.003,-89.999,0.0,-90.239,0.003,-0.02,0.0,0.0,0.0,0.0,0.0,0.0,-40.003,-110.0,0.0,-90.239,0.003,-0.02,-40.003,-97.999,0.0,-90.239,0.003,-0.02,0.0,-1608.3995781804238,0.0,0.0,0.0,0.0,0.0,-8.0,0.0,0.0,0.0,0.0,0.0137698,-0.0068849,-0.0275396,4.7987753,-0.0137698,-1.1773179,0.01231013430998,0.004438583638528,-0.006137728937652,-0.0029491758242370003,-0.000258699633705,0.00258699633705,20.001000000000005,1.9169399997736036,0.24747899988142308,0.09242499982065056,0.0
pd,23:52:58.830,1172,-40.003,-89.999,0.0,-90.239,0.003,-0.02,0.0,0.0,0.0,0.0,0.0,0.0,-40.003,-110.0,0.0,-90.239,0.003,-0.02,-40.003,-97.999,0.0,-90.239,0.003,-0.02,0.0,-1697.5833249013458,0.0,0.0,0.0,0.0,0.0,-8.0,0.0,0.0,0.0,0.0,0.0137698,-0.0068849,-0.0275396,4.7987753,-0.0137698,-1.1773179,0.01231013430998,0.004438583638528,-0.006137728937652,-0.0029491758242370003,-0.000258699633705,0.00258699633705,20.001000000000005,1.678238999829773,0.14466500033449847,0.06049900002835784,0.0
pd,23:52:58.832,1173,-40.003,-89.999,0.0,-90.239,0.003,-0.02,0.0,0.0,0.0,0.0,0.0,0.0,-40.003,-110.0,0.0,-90.239,0.003,-0.02,-40.003,-97.999,0.0,-90.239,0.003,-0.02,0.0,-2052.509909469048,0.0,0.0,0.0,0.0,0.0,-8.0,0.0,0.0,0.0,0.0,0.0137698,-0.0068849,-0.0275396,4.7987753,-0.0137698,-1.1773179,0.01231013430998,0.004438583638528,-0.006137728937652,-0.0029491758242370003,-0.000258699633705,0.00258699633705,20.001000000000005,1.7574230000718671,0.18896099982157466,0.07612899980813381,0.0
pd,23:52:58.834,1174,-40.003,-89.999,0.0,-90.239,0.003,-0.02,0.0,0.0,0.0,0.0,0.0,0.0,-40.003,-110.0,0.0,-90.239,0.003,-0.02,-40.003,-97.999,0.0,-90.239,0.003,-0.02,0.0,-1884.868666441973,0.0,0.0,0.0,0.0,0.0,-8.0,0.0,0.0,0.0,0.0,0.0137698,-0.0068849,-0.0275396,4.7987753,-0.0137698,-1.1773179,0.01231013430998,0.004438583638528,-0.006137728937652,-0.0029491758242370003,-0.000258699633705,0.00258699633705,20.001000000000005,1.644295999994938,0.14170199983709608,0.06335100033538765,0.0
pd,23:52:58.836,1175,-40.003,-89.999,0.0,-90.239,0.003,-0.02,0.0,0.0,0.0,0.0,0.0,0.0,-40.003,-110.0,0.0,-90.239,0.003,-0.02,-40.003,-97.999,0.0,-90.239,0.003,-0.02,0.0,-2086.718407960199,0.0,0.0,0.0,0.0,0.0,-8.0,0.0,0.0,0.0,0.0,0.0137698,-0.0068849,-0.0275396,4.7987753,-0.0137698,-1.1773179,0.01231013430998,0.004438583638528,-0.006137728937652,-0.0029491758242370003,-0.000258699633705,0.00258699633705,20.001000000000005,1.6633879999972123,0.1412019996678282,0.06203600014487165,0.0
pd,23:52:58.838,1176,-40.003,-89.999,0.0,-90.239,0.003,-0.02,0.0,0.0,0.0,0.0,0.0,0.0,-40.003,-110.0,0.0,-90.239,0.003,-0.02,-40.003,-97.999,0.0,-90.239,0.003,-0.02,0.0,-2067.687453783584,0.0,0.0,0.0,0.0,0.0,-8.0,0.0,0.0,0.0,0.0,0.0137698,-0.0068849,-0.0275396,4.7987753,-0.0137698,-1.1773179,0.01231013430998,0.004438583638528,-0.006137728937652,-0.0029491758242370003,-0.000258699633705,0.00258699633705,20.001000000000005,1.8853850001505634,0.2129969998350134,0.10607200010781526,0.0
pd,23:52:58.840,1177,-40.003,-89.999,0.0,-90.239,0.003,-0.02,0.0,0.0,0.0,0.0,0.0,0.0,-40.003,-110.0,0.0,-90.239,0.003,-0.02,-40.003,-97.999,0.0,-90.239,0.003,-0.02,0.0,-1741.4589993772058,0.0,0.0,0.0,0.0,0.0,-8.0,0.0,0.0,0.0,0.0,0.0137698,-0.0068849,-0.0275396,4.7987753,-0.0137698,-1.1773179,0.01231013430998,0.004438583638528,-0.006137728937652,-0.0029491758242370003,-0.000258699633705,0.00258699633705,20.001000000000005,1.7561829999976908,0.16273899973384687,0.07657300011487678,0.0
pd,23:52:58.842,1178,-40.003,-89.999,0.0,-90.239,0.003,-0.02,0.0,0.0,0.0,0.0,0.0,0.0,-40.003,-110.0,0.0,-90.239,0.003,-0.02,-40.003,-97.999,0.0,-90.239,0.003,-0.02,0.0,-1929.080832470967,0.0,0.0,0.0,0.0,0.0,-8.0,0.0,0.0,0.0,0.0,0.0137698,-0.0068849,-0.0275396,4.7987753,-0.0137698,-1.1773179,0.01231013430998,0.004438583638528,-0.006137728937652,-0.0029491758242370003,-0.000258699633705,0.00258699633705,20.001000000000005,1.6770540000834444,0.1664050000727002,0.07355500019912142,0.0
pd,23:52:58.844,1179,-40.003,-89.999,0.0,-90.239,0.003,-0.02,0.0,0.0,0.0,0.0,0.0,0.0,-40.003,-110.0,0.0,-90.239,0.003,-0.02,-40.003,-97.999,0.0,-90.239,0.003,-0.02,0.0,-2004.925430210325,0.0,0.0,0.0,0.0,0.0,-8.0,0.0,0.0,0.0,0.0,0.0137698,-0.0068849,-0.0275396,4.7987753,-0.0137698,-1.1773179,0.01231013430998,0.004438583638528,-0.006137728937652,-0.0029491758242370003,-0.000258699633705,0.00258699633705,20.001000000000005,1.806071999908454,0.165183000262914,0.07353599994530668,0.0
pd,23:52:58.846,1180,-40.003,-89.999,0.0,-90.239,0.003,-0.02,0.0,0.0,0.0,0.0,0.0,0.0,-40.003,-110.0,0.0,-90.239,0.003,-0.02,-40.003,-97.999,0.0,-90.239,0.003,-0.02,0.0,-1890.6035609646158,0.0,0.0,0.0,0.0,0.0,-8.0,0.0,0.0,0.0,0.0,0.0137698,-0.0068849,-0.0275396,4.7987753,-0.0137698,-1.1773179,0.01231013430998,0.004438583638528,-0.006137728937652,-0.0029491758242370003,-0.000258699633705,0.00258699633705,20.001000000000005,1.6797950002001016,0.13085000000501168,0.056259000302816276,0.0
pd,23:52:58.849,1181,-40.003,-89.999,0.0,-90.239,0.003,-0.02,0.0,0.0,0.0,0.0,0.0,0.0,-40.003,-110.0,0.0,-90.239,0.003,-0.02,-40.003,-97.999,0.0,-90.239,0.003,-0.02,0.0,-1487.737518843664,0.0,0.0,0.0,0.0,0.0,-8.0,0.0,0.0,0.0,0.0,0.0137698,-0.0068849,-0.0275396,4.7987753,-0.0137698,-1.1773179,0.01231013430998,0.004438583638528,-0.006137728937652,-0.0029491758242370003,-0.000258699633705,0.00258699633705,20.001000000000005,1.8671450002329948,0.2286639996782469,0.08983199995782343,0.0
pd,23:52:58.851,1182,-40.003,-89.999,0.0,-90.239,0.003,-0.02,0.0,0.0,0.0,0.0,0.0,0.0,-40.003,-110.0,0.0,-90.239,0.003,-0.02,-40.003,-97.999,0.0,-90.239,0.003,-0.02,0.0,-1753.4715719063545,0.0,0.0,0.0,0.0,0.0,-8.0,0.0,0.0,0.0,0.0,0.0137698,-0.0068849,-0.0275396,4.7987753,-0.0137698,-1.1773179,0.01231013430998,0.004438583638528,-0.006137728937652,-0.0029491758242370003,-0.000258699633705,0.00258699633705,20.001000000000005,1.8596079999042558,0.1778679998096777,0.10683200025596307,0.0
pd,23:52:58.853,1183,-40.003,-89.999,0.0,-90.239,0.003,-0.02,0.0,0.0,0.0,0.0,0.0,0.0,-40.003,-110.0,0.0,-90.239,0.003,-0.02,-40.003,-97.999,0.0,-90.239,0.003,-0.02,0.0,-1802.0640171858217,0.0,0.0,0.0,0.0,0.0,-8.0,0.0,0.0,0.0,0.0,0.0137698,-0.0068849,-0.0275396,4.7987753,-0.0137698,-1.1773179,0.01231013430998,0.004438583638528,-0.006137728937652,-0.0029491758242370003,-0.000258699633705,0.00258699633705,20.001000000000005,1.6405179999310349,0.1509799999439565,0.06553599996550474,0.0
pd,23:52:58.855,1184,-40.003,-89.999,0.0,-90.239,0.003,-0.02,0.0,0.0,0.0,0.0,0.0,0.0,-40.003,-110.0,0.0,-90.239,0.003,-0.02,-40.003,-97.999,0.0,-90.239,0.003,-0.02,0.0,-2074.8473905515707,0.0,0.0,0.0,0.0,0.0,-8.0,0.0,0.0,0.0,0.0,0.0137698,-0.0068849,-0.0275396,4.7987753,-0.0137698,-1.1773179,0.01231013430998,0.004438583638528,-0.006137728937652,-0.0029491758242370003,-0.000258699633705,0.00258699633705,20.001000000000005,1.6480180001963163,0.14047900003788527,0.05992599972159951,0.0
pd,23:52:58.857,1185,-40.003,-89.999,0.0,-90.239,0.003,-0.02,0.0,0.0,0.0,0.0,0.0,0.0,-40.003,-110.0,0.0,-90.239,0.003,-0.02,-40.003,-97.999,0.0,-90.239,0.003,-0.02,0.0,-2087.2376212988306,0.0,0.0,0.0,0.0,0.0,-8.0,0.0,0.0,0.0,0.0,0.0137698,-0.0068849,-0.0275396,4.7987753,-0.0137698,-1.1773179,0.01231013430998,0.004438583638528,-0.006137728937652,-0.0029491758242370003,-0.000258699633705,0.00258699633705,20.001000000000005,1.6291840001940727,0.12746100037475117,0.054629000260320026,0.0
pd,23:52:58.859,1186,-40.003,-89.999,0.0,-90.239,0.003,-0.02,0.0,0.0,0.0,0.0,0.0,0.0,-40.003,-110.0,0.0,-90.239,0.003,-0.02,-40.003,-97.999,0.0,-90.239,0.003,-0.02,0.0,-2135.5926680244397,0.0,0.0,0.0,0.0,0.0,-8.0,0.0,0.0,0.0,0.0,0.0137698,-0.0068849,-0.0275396,4.7987753,-0.0137698,-1.1773179,0.01231013430998,0.004438583638528,-0.006137728937652,-0.0029491758242370003,-0.000258699633705,0.00258699633705,20.001000000000005,1.669017000040185,0.17527499994685058,0.0801099999989674,0.0
pd,23:52:58.861,1187,-40.003,-89.999,0.0,-90.239,0.003,-0.02,0.0,0.0,0.0,0.0,0.0,0.0,-40.003,-110.0,0.0,-90.239,0.003,-0.02,-40.003,-97.999,0.0,-90.239,0.003,-0.02,0.0,-1996.812187574387,0.0,0.0,0.0,0.0,0.0,-8.0,0.0,0.0,0.0,0.0,0.0137698,-0.0068849,-0.0275396,4.7987753,-0.0137698,-1.1773179,0.01231013430998,0.004438583638528,-0.006137728937652,-0.0029491758242370003,-0.000258699633705,0.00258699633705,20.001000000000005,1.6680539997651067,0.1428509999641392,0.060943999869778054,0.0
pd,23:52:58.863,1188,-40.003,-89.999,0.0,-90.239,0.003,-0.02,0.0,0.0,0.0,0.0,0.0,0.0,-40.003,-110.0,0.0,-90.239,0.003,-0.02,-40.003,-97.999,0.0,-90.239,0.003,-0.02,0.0,-2049.7514966401955,0.0,0.0,0.0,0.0,0.0,-8.0,0.0,0.0,0.0,0.0,0.0137698,-0.0068849,-0.0275396,4.7987753,-0.0137698,-1.1773179,0.01231013430998,0.004438583638528,-0.006137728937652,-0.0029491758242370003,-0.000258699633705,0.00258699633705,20.001000000000005,1.965865999864036,0.19609000037235091,0.09618400008548633,0.0
pd,23:52:58.865,1189,-40.003,-89.999,0.0,-90.239,0.003,-0.02,0.0,0.0,0.0,0.0,0.0,0.0,-40.003,-110.0,0.0,-90.239,0.003,-0.02,-40.003,-97.999,0.0,-90.239,0.003,-0.02,0.0,-1699.8192502532927,0.0,0.0,0.0,0.0,0.0,-8.0,0.0,0.0,0.0,0.0,0.0137698,-0.0068849,-0.0275396,4.7987753,-0.0137698,-1.1773179,0.01231013430998,0.004438583638528,-0.006137728937652,-0.0029491758242370003,-0.000258699633705,0.00258699633705,20.001000000000005,1.6613130001132959,0.13672000022779685,0.059425000017654384,0.0
pd,23:52:58.867,1190,-40.003,-89.999,0.0,-90.239,0.003,-0.02,0.0,0.0,0.0,0.0,0.0,0.0,-40.003,-110.0,0.0,-90.239,0.003,-0.02,-40.003,-97.999,0.0,-90.239,0.003,-0.02,0.0,-2081.0240635078144,0.0,0.0,0.0,0.0,0.0,-8.0,0.0,0.0,0.0,0.0,0.0137698,-0.0068849,-0.0275396,4.7987753,-0.0137698,-1.1773179,0.01231013430998,0.004438583638528,-0.006137728937652,-0.0029491758242370003,-0.000258699633705,0.00258699633705,20.001000000000005,1.6905730003600183,0.1820909997150011,0.08736900008443627,0.0
pd,23:52:58.870,1191,-40.003,-89.999,0.0,-90.239,0.003,-0.02,0.0,0.0,0.0,0.0,0.0,0.0,-40.003,-110.0,0.0,-90.239,0.003,-0.02,-40.003,-97.999,0.0,-90.239,0.003,-0.02,0.0,-1493.2991544281265,0.0,0.0,0.0,0.0,0.0,-8.0,0.0,0.0,0.0,0.0,0.0137698,-0.0068849,-0.0275396,4.7987753,-0.0137698,-1.1773179,0.01231013430998,0.004438583638528,-0.006137728937652,-0.0029491758242370003,-0.000258699633705,0.00258699633705,20.001000000000005,1.9414220000726345,0.22381200005838764,0.07168500042098458,0.0
pd,23:52:58.872,1192,-40.003,-89.999,0.0,-90.239,0.003,-0.02,0.0,0.0,0.0,0.0,0.0,0.0,-40.003,-110.0,0.0,-90.239,0.003,-0.02,-40.003,-97.999,0.0,-90.239,0.003,-0.02,0.0,-1715.6371817159218,0.0,0.0,0.0,0.0,0.0,-8.0,0.0,0.0,0.0,0.0,0.0137698,-0.0068849,-0.0275396,4.7987753,-0.0137698,-1.1773179,0.01231013430998,0.004438583638528,-0.006137728937652,-0.0029491758242370003,-0.000258699633705,0.00258699633705,20.001000000000005,1.7199240000991267,0.1757940003699332,0.07679600003029918,0.0
pd,23:52:58.874,1193,-40.003,-89.999,0.0,-90.239,0.003,-0.02,0.0,0.0,0.0,0.0,0.0,0.0,-40.003,-110.0,0.0,-90.239,0.003,-0.02,-40.003,-97.999,0.0,-90.239,0.003,-0.02,0.0,-1950.3854917461056,0.0,0.0,0.0,0.0,0.0,-8.0,0.0,0.0,0.0,0.0,0.0137698,-0.0068849,-0.0275396,4.7987753,-0.0137698,-1.1773179,0.01231013430998,0.004438583638528,-0.006137728937652,-0.0029491758242370003,-0.000258699633705,0.00258699633705,20.001000000000005,1.6372400000363996,0.14088699981584796,0.06075900000723777,0.0
pd,23:52:58.876,1194,-40.003,-89.999,0.0,-90.239,0.003,-0.02,0.0,0.0,0.0,0.0,0.0,0.0,-40.003,-110.0,0.0,-90.239,0.003,-0.02,-40.003,-97.999,0.0,-90.239,0.003,-0.02,0.0,-2100.3024536805206,0.0,0.0,0.0,0.0,0.0,-8.0,0.0,0.0,0.0,0.0,0.0137698,-0.0068849,-0.0275396,4.7987753,-0.0137698,-1.1773179,0.01231013430998,0.004438583638528,-0.006137728937652,-0.0029491758242370003,-0.000258699633705,0.00258699633705,20.001000000000005,1.6580169999542704,0.1335540000582114,0.059220999901299365,0.0
pd,23:52:58.878,1195,-40.003,-89.999,0.0,-90.239,0.003,-0.02,0.0,0.0,0.0,0.0,0.0,0.0,-40.003,-110.0,0.0,-90.239,0.003,-0.02,-40.003,-97.999,0.0,-90.239,0.003,-0.02,0.0,-2089.837568510214,0.0,0.0,0.0,0.0,0.0,-8.0,0.0,0.0,0.0,0.0,0.0137698,-0.0068849,-0.0275396,4.7987753,-0.0137698,-1.1773179,0.01231013430998,0.004438583638528,-0.006137728937652,-0.0029491758242370003,-0.000258699633705,0.00258699633705,20.001000000000005,1.6204260000449722,0.15946100029395893,0.07525800037910813,0.0
pd,23:52:58.880,1196,-40.003,-89.999,0.0,-90.239,0.003,-0.02,0.0,0.0,0.0,0.0,0.0,0.0,-40.003,-110.0,0.0,-90.239,0.003,-0.02,-40.003,-97.999,0.0,-90.239,0.003,-0.02,0.0,-2073.821508034611,0.0,0.0,0.0,0.0,0.0,-8.0,0.0,0.0,0.0,0.0,0.0137698,-0.0068849,-0.0275396,4.7987753,-0.0137698,-1.1773179,0.01231013430998,0.004438583638528,-0.006137728937652,-0.0029491758242370003,-0.000258699633705,0.00258699633705,20.001000000000005,1.693702000011399,0.15236900026138755,0.06431400015571853,0.0
pd,23:52:58.882,1197,-40.003,-89.999,0.0,-90.239,0.003,-0.02,0.0,0.0,0.0,0.0,0.0,0.0,-40.003,-110.0,0.0,-90.239,0.003,-0.02,-40.003,-97.999,0.0,-90.239,0.003,-0.02,0.0,-2019.8911630146881,0.0,0.0,0.0,0.0,0.0,-8.0,0.0,0.0,0.0,0.0,0.0137698,-0.0068849,-0.0275396,4.7987753,-0.0137698,-1.1773179,0.01231013430998,0.004438583638528,-0.006137728937652,-0.0029491758242370003,-0.000258699633705,0.00258699633705,20.001000000000005,1.6752950000409328,0.23786800011293963,0.12312799981373246,0.0
pd,23:52:58.884,1198,-40.003,-89.999,0.0,-90.239,0.003,-0.02,0.0,0.0,0.0,0.0,0.0,0.0,-40.003,-110.0,0.0,-90.239,0.003,-0.02,-40.003,-97.999,0.0,-90.239,0.003,-0.02,0.0,-1863.9280079991113,0.0,0.0,0.0,0.0,0.0,-8.0,0.0,0.0,0.0,0.0,0.0137698,-0.0068849,-0.0275396,4.7987753,-0.0137698,-1.1773179,0.01231013430998,0.004438583638528,-0.006137728937652,-0.0029491758242370003,-0.000258699633705,0.00258699633705,20.001000000000005,1.942994999808434,0.25253399962821277,0.1226649997079221,0.0
pd,23:52:58.887,1199,-40.003,-89.999,0.0,-90.239,0.003,-0.02,0.0,0.0,0.0,0.0,0.0,0.0,-40.003,-110.0,0.0,-90.239,0.003,-0.02,-40.003,-97.999,0.0,-90.239,0.003,-0.02,0.0,-1648.7044025157234,0.0,0.0,0.0,0.0,0.0,-8.0,0.0,0.0,0.0,0.0,0.0137698,-0.0068849,-0.0275396,4.7987753,-0.0137698,-1.1773179,0.01231013430998,0.004438583638528,-0.006137728937652,-0.0029491758242370003,-0.000258699633705,0.00258699633705,20.001000000000005,1.6871469997568056,0.14288699958342477,0.060090999795647804,0.0
pd,23:52:58.889,1200,-40.003,-89.999,0.0,-90.239,0.003,-0.02,0.0,0.0,0.0,0.0,0.0,0.0,-40.003,-110.0,0.0,-90.239,0.003,-0.02,-40.003,-97.999,0.0,-90.239,0.003,-0.02,0.0,-1979.6125073746314,0.0,0.0,0.0,0.0,0.0,-8.0,0.0,0.0,0.0,0.0,0.0137698,-0.0068849,-0.0275396,4.7987753,-0.0137698,-1.1773179,0.01231013430998,0.004438583638528,-0.006137728937652,-0.0029491758242370003,-0.000258699633705,0.00258699633705,20.001000000000005,1.6624810000394064,0.18603399985295255,0.08214699983000173,0.0
pd,23:52:58.892,1201,-40.003,-89.999,0.0,-90.239,0.003,-0.02,0.0,0.0,0.0,0.0,0.0,0.0,-40.003,-110.0,0.0,-90.239,0.003,-0.02,-40.003,-97.999,0.0,-90.239,0.003,-0.02,0.0,-1527.7013294481878,0.0,0.0,0.0,0.0,0.0,-8.0,0.0,0.0,0.0,0.0,0.0137698,-0.0068849,-0.0275396,4.7987753,-0.0137698,-1.1773179,0.01231013430998,0.004438583638528,-0.006137728937652,-0.0029491758242370003,-0.000258699633705,0.00258699633705,20.001000000000005,2.2494179997920583,0.22923799997442984,0.09559199997966061,0.0
pd,23:52:58.894,1202,-40.003,-89.999,0.0,-90.239,0.003,-0.02,0.0,0.0,0.0,0.0,0.0,0.0,-40.003,-110.0,0.0,-90.239,0.003,-0.02,-40.003,-97.999,0.0,-90.239,0.003,-0.02,0.0,-1496.8965024982156,0.0,0.0,0.0,0.0,0.0,-8.0,0.0,0.0,0.0,0.0,0.0137698,-0.0068849,-0.0275396,4.7987753,-0.0137698,-1.1773179,0.01231013430998,0.004438583638528,-0.006137728937652,-0.0029491758242370003,-0.000258699633705,0.00258699633705,20.001000000000005,1.663054999880842,0.1523689998066402,0.06577700014531729,0.0
pd,23:52:58.896,1203,-40.003,-89.999,0.0,-90.239,0.003,-0.02,0.0,0.0,0.0,0.0,0.0,0.0,-40.003,-110.0,0.0,-90.239,0.003,-0.02,-40.003,-97.999,0.0,-90.239,0.003,-0.02,0.0,-2052.2588379204894,0.0,0.0,0.0,0.0,0.0,-8.0,0.0,0.0,0.0,0.0,0.0137698,-0.0068849,-0.0275396,4.7987753,-0.0137698,-1.1773179,0.01231013430998,0.004438583638528,-0.006137728937652,-0.0029491758242370003,-0.000258699633705,0.00258699633705,20.001000000000005,1.8401629999971192,0.1838499997575127,0.08283199986180989,0.0
pd,23:52:58.898,1204,-40.003,-89.999,0.0,-90.239,0.003,-0.02,0.0,0.0,0.0,0.0,0.0,0.0,-40.003,-110.0,0.0,-90.239,0.003,-0.02,-40.003,-97.999,0.0,-90.239,0.003,-0.02,0.0,-1828.778722476564,0.0,0.0,0.0,0.0,0.0,-8.0,0.0,0.0,0.0,0.0,0.0137698,-0.0068849,-0.0275396,4.7987753,-0.0137698,-1.1773179,0.01231013430998,0.004438583638528,-0.006137728937652,-0.0029491758242370003,-0.000258699633705,0.00258699633705,20.001000000000005,1.6430360001322697,0.14325800020742463,0.06212900007085409,0.0
pd,23:52:58.900,1205,-40.003,-89.999,0.0,-90.239,0.003,-0.02,0.0,0.0,0.0,0.0,0.0,0.0,-40.003,-110.0,0.0,-90.239,0.003,-0.02,-40.003,-97.999,0.0,-90.239,0.003,-0.02,0.0,-2083.0911348398313,0.0,0.0,0.0,0.0,0.0,-8.0,0.0,0.0,0.0,0.0,0.0137698,-0.0068849,-0.0275396,4.7987753,-0.0137698,-1.1773179,0.01231013430998,0.004438583638528,-0.006137728937652,-0.0029491758242370003,-0.000258699633705,0.00258699633705,20.001000000000005,1.7743129997143114,0.17592399990462582,0.07466599981853506,0.0
pd,23:52:58.902,1206,-40.003,-89.999,0.0,-90.239,0.003,-0.02,0.0,0.0,0.0,0.0,0.0,0.0,-40.003,-110.0,0.0,-90.239,0.003,-0.02,-40.003,-97.999,0.0,-90.239,0.003,-0.02,0.0,-1905.6356201726487,0.0,0.0,0.0,0.0,0.0,-8.0,0.0,0.0,0.0,0.0,0.0137698,-0.0068849,-0.0275396,4.7987753,-0.0137698,-1.1773179,0.01231013430998,0.004438583638528,-0.006137728937652,-0.0029491758242370003,-0.000258699633705,0.00258699633705,20.001000000000005,1.684220999777608,0.13357200032260153,0.05646299996442394,0.0
pd,23:52:58.904,1207,-40.003,-89.999,0.0,-90.239,0.003,-0.02,0.0,0.0,0.0,0.0,0.0,0.0,-40.003,-110.0,0.0,-90.239,0.003,-0.02,-40.003,-97.999,0.0,-90.239,0.003,-0.02,0.0,-2066.668637595467,0.0,0.0,0.0,0.0,0.0,-8.0,0.0,0.0,0.0,0.0,0.0137698,-0.0068849,-0.0275396,4.7987753,-0.0137698,-1.1773179,0.01231013430998,0.004438583638528,-0.006137728937652,-0.0029491758242370003,-0.000258699633705,0.00258699633705,20.001000000000005,1.6834990001370898,0.16201699963858118,0.07657300011487678,0.0
pd,23:52:58.906,1208,-40.003,-89.999,0.0,-90.239,0.003,-0.02,0.0,0.0,0.0,0.0,0.0,0.0,-40.003,-110.0,0.0,-90.239,0.003,-0.02,-40.003,-97.999,0.0,-90.239,0.003,-0.02,0.0,-2005.8842659014826,0.0,0.0,0.0,0.0,0.0,-8.0,0.0,0.0,0.0,0.0,0.0137698,-0.0068849,-0.0275396,4.7987753,-0.0137698,-1.1773179,0.01231013430998,0.004438583638528,-0.006137728937652,-0.0029491758242370003,-0.000258699633705,0.00258699633705,20.001000000000005,1.6393880000578065,0.13003599997318815,0.05503700003828271,0.0
pd,23:52:58.908,1209,-40.003,-89.999,0.0,-90.239,0.003,-0.02,0.0,0.0,0.0,0.0,0.0,0.0,-40.003,-110.0,0.0,-90.239,0.003,-0.02,-40.003,-97.999,0.0,-90.239,0.003,-0.02,0.0,-2119.9413697245386,0.0,0.0,0.0,0.0,0.0,-8.0,0.0,0.0,0.0,0.0,0.0137698,-0.0068849,-0.0275396,4.7987753,-0.0137698,-1.1773179,0.01231013430998,0.004438583638528,-0.006137728937652,-0.0029491758242370003,-0.000258699633705,0.00258699633705,20.001000000000005,1.7422759997316462,0.160664999839355,0.07283300010385574,0.0
pd,23:52:58.910,1210,-40.003,-89.999,0.0,-90.239,0.003,-0.02,0.0,0.0,0.0,0.0,0.0,0.0,-40.003,-110.0,0.0,-90.239,0.003,-0.02,-40.003,-97.999,0.0,-90.239,0.003,-0.02,0.0,-1953.5649743828599,0.0,0.0,0.0,0.0,0.0,-8.0,0.0,0.0,0.0,0.0,0.0137698,-0.0068849,-0.0275396,4.7987753,-0.0137698,-1.1773179,0.01231013430998,0.004438583638528,-0.006137728937652,-0.0029491758242370003,-0.000258699633705,0.00258699633705,20.001000000000005,1.641202999962843,0.15488799999729963,0.07101799974407186,0.0
pd,23:52:58.913,1211,-40.003,-89.999,0.0,-90.239,0.003,-0.02,0.0,0.0,0.0,0.0,0.0,0.0,-40.003,-110.0,0.0,-90.239,0.003,-0.02,-40.003,-97.999,0.0,-90.239,0.003,-0.02,0.0,-1543.158204562178,0.0,0.0,0.0,0.0,0.0,-8.0,0.0,0.0,0.0,0.0,0.0137698,-0.0068849,-0.0275396,4.7987753,-0.0137698,-1.1773179,0.01231013430998,0.004438583638528,-0.006137728937652,-0.0029491758242370003,-0.000258699633705,0.00258699633705,20.001000000000005,1.9460509997770714,0.22890499985805945,0.082665999798337,0.0
pd,23:52:58.915,1212,-40.003,-89.999,0.0,-90.239,0.003,-0.02,0.0,0.0,0.0,0.0,0.0,0.0,-40.003,-110.0,0.0,-90.239,0.003,-0.02,-40.003,-97.999,0.0,-90.239,0.003,-0.02,0.0,-1697.9269304726242,0.0,0.0,0.0,0.0,0.0,-8.0,0.0,0.0,0.0,0.0,0.0137698,-0.0068849,-0.0275396,4.7987753,-0.0137698,-1.1773179,0.01231013430998,0.004438583638528,-0.006137728937652,-0.0029491758242370003,-0.000258699633705,0.00258699633705,20.001000000000005,1.6396470000472618,0.20357099992907024,0.0994060001175967,0.0
pd,23:52:58.917,1213,-40.003,-89.999,0.0,-90.239,0.003,-0.02,0.0,0.0,0.0,0.0,0.0,0.0,-40.003,-110.0,0.0,-90.239,0.003,-0.02,-40.003,-97.999,0.0,-90.239,0.003,-0.02,0.0,-1705.5216021144658,0.0,0.0,0.0,0.0,0.0,-8.0,0.0,0.0,0.0,0.0,0.0137698,-0.0068849,-0.0275396,4.7987753,-0.0137698,-1.1773179,0.01231013430998,0.004438583638528,-0.006137728937652,-0.0029491758242370003,-0.000258699633705,0.00258699633705,20.001000000000005,1.6780539999672328,0.15209100001811748,0.06959099982850603,0.0
pd,23:52:58.919,1214,-40.003,-89.999,0.0,-90.239,0.003,-0.02,0.0,0.0,0.0,0.0,0.0,0.0,-40.003,-110.0,0.0,-90.239,0.003,-0.02,-40.003,-97.999,0.0,-90.239,0.003,-0.02,0.0,-2029.6656181950157,0.0,0.0,0.0,0.0,0.0,-8.0,0.0,0.0,0.0,0.0,0.0137698,-0.0068849,-0.0275396,4.7987753,-0.0137698,-1.1773179,0.01231013430998,0.004438583638528,-0.006137728937652,-0.0029491758242370003,-0.000258699633705,0.00258699633705,20.001000000000005,1.6877019997991738,0.19942400012951111,0.09301699992647627,0.0
pd,23:52:58.921,1215,-40.003,-89.999,0.0,-90.239,0.003,-0.02,0.0,0.0,0.0,0.0,0.0,0.0,-40.003,-110.0,0.0,-90.239,0.003,-0.02,-40.003,-97.999,0.0,-90.239,0.003,-0.02,0.0,-1933.527255964043,0.0,0.0,0.0,0.0,0.0,-8.0,0.0,0.0,0.0,0.0,0.0137698,-0.0068849,-0.0275396,4.7987753,-0.0137698,-1.1773179,0.01231013430998,0.004438583638528,-0.006137728937652,-0.0029491758242370003,-0.000258699633705,0.00258699633705,20.001000000000005,1.82362599980479,0.16258999994533951,0.07636999998794636,0.0
pd,23:52:58.923,1216,-40.003,-89.999,0.0,-90.239,0.003,-0.02,0.0,0.0,0.0,0.0,0.0,0.0,-40.003,-110.0,0.0,-90.239,0.003,-0.02,-40.003,-97.999,0.0,-90.239,0.003,-0.02,0.0,-1872.6661457751982,0.0,0.0,0.0,0.0,0.0,-8.0,0.0,0.0,0.0,0.0,0.0137698,-0.0068849,-0.0275396,4.7987753,-0.0137698,-1.1773179,0.01231013430998,0.004438583638528,-0.006137728937652,-0.0029491758242370003,-0.000258699633705,0.00258699633705,20.001000000000005,1.7388680003023183,0.14903500004948,0.06307299963737023,0.0
pd,23:52:58.925,1217,-40.003,-89.999,0.0,-90.239,0.003,-0.02,0.0,0.0,0.0,0.0,0.0,0.0,-40.003,-110.0,0.0,-90.239,0.003,-0.02,-40.003,-97.999,0.0,-90.239,0.003,-0.02,0.0,-1979.3789523360076,0.0,0.0,0.0,0.0,0.0,-8.0,0.0,0.0,0.0,0.0,0.0137698,-0.0068849,-0.0275396,4.7987753,-0.0137698,-1.1773179,0.01231013430998,0.004438583638528,-0.006137728937652,-0.0029491758242370003,-0.000258699633705,0.00258699633705,20.001000000000005,1.6690910001671,0.12877700009994442,0.05494400011230027,0.0
pd,23:52:58.927,1218,-40.003,-89.999,0.0,-90.239,0.003,-0.02,0.0,0.0,0.0,0.0,0.0,0.0,-40.003,-110.0,0.0,-90.239,0.003,-0.02,-40.003,-97.999,0.0,-90.239,0.003,-0.02,0.0,-2089.577282351476,0.0,0.0,0.0,0.0,0.0,-8.0,0.0,0.0,0.0,0.0,0.0137698,-0.0068849,-0.0275396,4.7987753,-0.0137698,-1.1773179,0.01231013430998,0.004438583638528,-0.006137728937652,-0.0029491758242370003,-0.000258699633705,0.00258699633705,20.001000000000005,1.6823319997456565,0.13549799996326328,0.06781399997635162,0.0
pd,23:52:58.929,1219,-40.003,-89.999,0.0,-90.239,0.003,-0.02,0.0,0.0,0.0,0.0,0.0,0.0,-40.003,-110.0,0.0,-90.239,0.003,-0.02,-40.003,-97.999,0.0,-90.239,0.003,-0.02,0.0,-2045.752469211072,0.0,0.0,0.0,0.0,0.0,-8.0,0.0,0.0,0.0,0.0,0.0137698,-0.0068849,-0.0275396,4.7987753,-0.0137698,-1.1773179,0.01231013430998,0.004438583638528,-0.006137728937652,-0.0029491758242370003,-0.000258699633705,0.00258699633705,20.001000000000005,1.6847760002747236,0.15568399976473302,0.0669989999551035,0.0
pd,23:52:58.931,1220,-40.003,-89.999,0.0,-90.239,0.003,-0.02,0.0,0.0,0.0,0.0,0.0,0.0,-40.003,-110.0,0.0,-90.239,0.003,-0.02,-40.003,-97.999,0.0,-90.239,0.003,-0.02,0.0,-2021.594890950717,0.0,0.0,0.0,0.0,0.0,-8.0,0.0,0.0,0.0,0.0,0.0137698,-0.0068849,-0.0275396,4.7987753,-0.0137698,-1.1773179,0.01231013430998,0.004438583638528,-0.006137728937652,-0.0029491758242370003,-0.000258699633705,0.00258699633705,20.001000000000005,1.7261649995816697,0.14553499977409956,0.0623509999968519,0.0
pd,23:52:58.934,1221,-40.003,-89.999,0.0,-90.239,0.003,-0.02,0.0,0.0,0.0,0.0,0.0,0.0,-40.003,-110.0,0.0,-90.239,0.003,-0.02,-40.003,-97.999,0.0,-90.239,0.003,-0.02,0.0,-1527.145093755689,0.0,0.0,0.0,0.0,0.0,-8.0,0.0,0.0,0.0,0.0,0.0137698,-0.0068849,-0.0275396,4.7987753,-0.0137698,-1.1773179,0.01231013430998,0.004438583638528,-0.006137728937652,-0.0029491758242370003,-0.000258699633705,0.00258699633705,20.001000000000005,1.89299600015147,0.2239420000478276,0.07873899994592648,0.0
pd,23:52:58.936,1222,-40.003,-89.999,0.0,-90.239,0.003,-0.02,0.0,0.0,0.0,0.0,0.0,0.0,-40.003,-110.0,0.0,-90.239,0.003,-0.02,-40.003,-97.999,0.0,-90.239,0.003,-0.02,0.0,-1744.9002600104004,0.0,0.0,0.0,0.0,0.0,-8.0,0.0,0.0,0.0,0.0,0.0137698,-0.0068849,-0.0275396,4.7987753,-0.0137698,-1.1773179,0.01231013430998,0.004438583638528,-0.006137728937652,-0.0029491758242370003,-0.000258699633705,0.00258699633705,20.001000000000005,1.7405540002073394,0.15431300016643945,0.06805500015616417,0.0
pd,23:52:58.938,1223,-40.003,-89.999,0.0,-90.239,0.003,-0.02,0.0,0.0,0.0,0.0,0.0,0.0,-40.003,-110.0,0.0,-90.239,0.003,-0.02,-40.003,-97.999,0.0,-90.239,0.003,-0.02,0.0,-1967.0789072575917,0.0,0.0,0.0,0.0,0.0,-8.0,0.0,0.0,0.0,0.0,0.0137698,-0.0068849,-0.0275396,4.7987753,-0.0137698,-1.1773179,0.01231013430998,0.004438583638528,-0.006137728937652,-0.0029491758242370003,-0.000258699633705,0.00258699633705,20.001000000000005,1.6708509997442889,0.1420730000063486,0.06146199984868872,0.0
pd,23:52:58.940,1224,-40.003,-89.999,0.0,-90.239,0.003,-0.02,0.0,0.0,0.0,0.0,0.0,0.0,-40.003,-110.0,0.0,-90.239,0.003,-0.02,-40.003,-97.999,0.0,-90.239,0.003,-0.02,0.0,-2059.564939847778,0.0,0.0,0.0,0.0,0.0,-8.0,0.0,0.0,0.0,0.0,0.0137698,-0.0068849,-0.0275396,4.7987753,-0.0137698,-1.1773179,0.01231013430998,0.004438583638528,-0.006137728937652,-0.0029491758242370003,-0.000258699633705,0.00258699633705,20.001000000000005,1.9725130000551871,0.20745999972859863,0.09931399972629151,0.0
pd,23:52:58.943,1225,-40.003,-89.999,0.0,-90.239,0.003,-0.02,0.0,0.0,0.0,0.0,0.0,0.0,-40.003,-110.0,0.0,-90.239,0.003,-0.02,-40.003,-97.999,0.0,-90.239,0.003,-0.02,0.0,-1690.059030925758,0.0,0.0,0.0,0.0,0.0,-8.0,0.0,0.0,0.0,0.0,0.0137698,-0.0068849,-0.0275396,4.7987753,-0.0137698,-1.1773179,0.01231013430998,0.004438583638528,-0.006137728937652,-0.0029491758242370003,-0.000258699633705,0.00258699633705,20.001000000000005,1.7465529999753926,0.1436100001228624,0.06135100011306349,0.0
pd,23:52:58.945,1226,-40.003,-89.999,0.0,-90.239,0.003,-0.02,0.0,0.0,0.0,0.0,0.0,0.0,-40.003,-110.0,0.0,-90.239,0.003,-0.02,-40.003,-97.999,0.0,-90.239,0.003,-0.02,0.0,-1981.0149958672807,0.0,0.0,0.0,0.0,0.0,-8.0,0.0,0.0,0.0,0.0,0.0137698,-0.0068849,-0.0275396,4.7987753,-0.0137698,-1.1773179,0.01231013430998,0.004438583638528,-0.006137728937652,-0.0029491758242370003,-0.000258699633705,0.00258699633705,20.001000000000005,1.75525699978607,0.14794200023970916,0.06940699995539035,0.0
pd,23:52:58.947,1227,-40.003,-89.999,0.0,-90.239,0.003,-0.02,0.0,0.0,0.0,0.0,0.0,0.0,-40.003,-110.0,0.0,-90.239,0.003,-0.02,-40.003,-97.999,0.0,-90.239,0.003,-0.02,0.0,-1956.9830864341538,0.0,0.0,0.0,0.0,0.0,-8.0,0.0,0.0,0.0,0.0,0.0137698,-0.0068849,-0.0275396,4.7987753,-0.0137698,-1.1773179,0.01231013430998,0.004438583638528,-0.006137728937652,-0.0029491758242370003,-0.000258699633705,0.00258699633705,20.001000000000005,1.7882940001072711,0.21655299997291877,0.08031400011532241,0.0
pd,23:52:58.949,1228,-40.003,-89.999,0.0,-90.239,0.003,-0.02,0.0,0.0,0.0,0.0,0.0,0.0,-40.003,-110.0,0.0,-90.239,0.003,-0.02,-40.003,-97.999,0.0,-90.239,0.003,-0.02,0.0,-1848.5253415601587,0.0,0.0,0.0,0.0,0.0,-8.0,0.0,0.0,0.0,0.0,0.0137698,-0.0068849,-0.0275396,4.7987753,-0.0137698,-1.1773179,0.01231013430998,0.004438583638528,-0.006137728937652,-0.0029491758242370003,-0.000258699633705,0.00258699633705,20.001000000000005,1.7021830003614014,0.17390499988323427,0.07694399982938194,0.0
pd,23:52:58.951,1229,-40.003,-89.999,0.0,-90.239,0.003,-0.02,0.0,0.0,0.0,0.0,0.0,0.0,-40.003,-110.0,0.0,-90.239,0.003,-0.02,-40.003,-97.999,0.0,-90.239,0.003,-0.02,0.0,-1973.5579343606635,0.0,0.0,0.0,0.0,0.0,-8.0,0.0,0.0,0.0,0.0,0.0137698,-0.0068849,-0.0275396,4.7987753,-0.0137698,-1.1773179,0.01231013430998,0.004438583638528,-0.006137728937652,-0.0029491758242370003,-0.000258699633705,0.00258699633705,20.001000000000005,1.739552999879379,0.17399800026396406,0.062166000134311616,0.0
pd,23:52:58.953,1230,-40.003,-89.999,0.0,-90.239,0.003,-0.02,0.0,0.0,0.0,0.0,0.0,0.0,-40.003,-110.0,0.0,-90.239,0.003,-0.02,-40.003,-97.999,0.0,-90.239,0.003,-0.02,0.0,-1957.8966040378107,0.0,0.0,0.0,0.0,0.0,-8.0,0.0,0.0,0.0,0.0,0.0137698,-0.0068849,-0.0275396,4.7987753,-0.0137698,-1.1773179,0.01231013430998,0.004438583638528,-0.006137728937652,-0.0029491758242370003,-0.000258699633705,0.00258699633705,20.001000000000005,1.6708139996808313,0.1422390000698215,0.06336900014503044,0.0
pd,23:52:58.955,1231,-40.003,-89.999,0.0,-90.239,0.003,-0.02,0.0,0.0,0.0,0.0,0.0,0.0,-40.003,-110.0,0.0,-90.239,0.003,-0.02,-40.003,-97.999,0.0,-90.239,0.003,-0.02,0.0,-1555.1738969225064,0.0,0.0,0.0,0.0,0.0,-8.0,0.0,0.0,0.0,0.0,0.0137698,-0.0068849,-0.0275396,4.7987753,-0.0137698,-1.1773179,0.01231013430998,0.004438583638528,-0.006137728937652,-0.0029491758242370003,-0.000258699633705,0.00258699633705,20.001000000000005,1.9268099999862898,0.2265900002385024,0.07566500016764621,0.0
pd,23:52:58.958,1232,-40.003,-89.999,0.0,-90.239,0.003,-0.02,0.0,0.0,0.0,0.0,0.0,0.0,-40.003,-110.0,0.0,-90.239,0.003,-0.02,-40.003,-97.999,0.0,-90.239,0.003,-0.02,0.0,-1721.0931473122691,0.0,0.0,0.0,0.0,0.0,-8.0,0.0,0.0,0.0,0.0,0.0137698,-0.0068849,-0.0275396,4.7987753,-0.0137698,-1.1773179,0.01231013430998,0.004438583638528,-0.006137728937652,-0.0029491758242370003,-0.000258699633705,0.00258699633705,20.001000000000005,1.6805919999569596,0.1461090000702825,0.0649069997962215,0.0
pd,23:52:58.960,1233,-40.003,-89.999,0.0,-90.239,0.003,-0.02,0.0,0.0,0.0,0.0,0.0,0.0,-40.003,-110.0,0.0,-90.239,0.003,-0.02,-40.003,-97.999,0.0,-90.239,0.003,-0.02,0.0,-2040.5273656044758,0.0,0.0,0.0,0.0,0.0,-8.0,0.0,0.0,0.0,0.0,0.0137698,-0.0068849,-0.0275396,4.7987753,-0.0137698,-1.1773179,0.01231013430998,0.004438583638528,-0.006137728937652,-0.0029491758242370003,-0.000258699633705,0.00258699633705,20.001000000000005,1.7239610001524852,0.16629499987175222,0.08068499982982758,0.0
pd,23:52:58.962,1234,-40.003,-89.999,0.0,-90.239,0.003,-0.02,0.0,0.0,0.0,0.0,0.0,0.0,-40.003,-110.0,0.0,-90.239,0.003,-0.02,-40.003,-97.999,0.0,-90.239,0.003,-0.02,0.0,-1954.2476412347116,0.0,0.0,0.0,0.0,0.0,-8.0,0.0,0.0,0.0,0.0,0.0137698,-0.0068849,-0.0275396,4.7987753,-0.0137698,-1.1773179,0.01231013430998,0.004438583638528,-0.006137728937652,-0.0029491758242370003,-0.000258699633705,0.00258699633705,20.001000000000005,1.7027760000019043,0.14531299984810175,0.06379500018738327,0.0
pd,23:52:58.964,1235,-40.003,-89.999,0.0,-90.239,0.003,-0.02,0.0,0.0,0.0,0.0,0.0,0.0,-40.003,-110.0,0.0,-90.239,0.003,-0.02,-40.003,-97.999,0.0,-90.239,0.003,-0.02,0.0,-2020.8643700313178,0.0,0.0,0.0,0.0,0.0,-8.0,0.0,0.0,0.0,0.0,0.0137698,-0.0068849,-0.0275396,4.7987753,-0.0137698,-1.1773179,0.01231013430998,0.004438583638528,-0.006137728937652,-0.0029491758242370003,-0.000258699633705,0.00258699633705,20.001000000000005,1.6900539999369357,0.13972099986858666,0.06361099985952023,0.0
pd,23:52:58.966,1236,-40.003,-89.999,0.0,-90.239,0.003,-0.02,0.0,0.0,0.0,0.0,0.0,0.0,-40.003,-110.0,0.0,-90.239,0.003,-0.02,-40.003,-97.999,0.0,-90.239,0.003,-0.02,0.0,-2038.7915907157612,0.0,0.0,0.0,0.0,0.0,-8.0,0.0,0.0,0.0,0.0,0.0137698,-0.0068849,-0.0275396,4.7987753,-0.0137698,-1.1773179,0.01231013430998,0.004438583638528,-0.006137728937652,-0.0029491758242370003,-0.000258699633705,0.00258699633705,20.001000000000005,1.9462180002847163,0.18823900018105633,0.0930549999793584,0.0
pd,23:52:58.968,1237,-40.003,-89.999,0.0,-90.239,0.003,-0.02,0.0,0.0,0.0,0.0,0.0,0.0,-40.003,-110.0,0.0,-90.239,0.003,-0.02,-40.003,-97.999,0.0,-90.239,0.003,-0.02,0.0,-1728.8969497114592,0.0,0.0,0.0,0.0,0.0,-8.0,0.0,0.0,0.0,0.0,0.0137698,-0.0068849,-0.0275396,4.7987753,-0.0137698,-1.1773179,0.01231013430998,0.004438583638528,-0.006137728937652,-0.0029491758242370003,-0.000258699633705,0.00258699633705,20.001000000000005,1.7677380001259735,0.15392400018754415,0.06901799997649505,0.0
pd,23:52:58.970,1238,-40.003,-89.999,0.0,-90.239,0.003,-0.02,0.0,0.0,0.0,0.0,0.0,0.0,-40.003,-110.0,0.0,-90.239,0.003,-0.02,-40.003,-97.999,0.0,-90.239,0.003,-0.02,0.0,-1940.0111008325625,0.0,0.0,0.0,0.0,0.0,-8.0,0.0,0.0,0.0,0.0,0.0137698,-0.0068849,-0.0275396,4.7987753,-0.0137698,-1.1773179,0.01231013430998,0.004438583638528,-0.006137728937652,-0.0029491758242370003,-0.000258699633705,0.00258699633705,20.001000000000005,1.696535000064614,0.17723800010571722,0.08179599990398856,0.0
pd,23:52:58.972,1239,-40.003,-89.999,0.0,-90.239,0.003,-0.02,0.0,0.0,0.0,0.0,0.0,0.0,-40.003,-110.0,0.0,-90.239,0.003,-0.02,-40.003,-97.999,0.0,-90.239,0.003,-0.02,0.0,-1965.4657919400188,0.0,0.0,0.0,0.0,0.0,-8.0,0.0,0.0,0.0,0.0,0.0137698,-0.0068849,-0.0275396,4.7987753,-0.0137698,-1.1773179,0.01231013430998,0.004438583638528,-0.006137728937652,-0.0029491758242370003,-0.000258699633705,0.00258699633705,20.001000000000005,1.7638499998611223,0.165387000379269,0.07837000021027052,0.0
pd,23:52:58.974,1240,-40.003,-89.999,0.0,-90.239,0.003,-0.02,0.0,0.0,0.0,0.0,0.0,0.0,-40.003,-110.0,0.0,-90.239,0.003,-0.02,-40.003,-97.999,0.0,-90.239,0.003,-0.02,0.0,-1920.908632928784,0.0,0.0,0.0,0.0,0.0,-8.0,0.0,0.0,0.0,0.0,0.0137698,-0.0068849,-0.0275396,4.7987753,-0.0137698,-1.1773179,0.01231013430998,0.004438583638528,-0.006137728937652,-0.0029491758242370003,-0.000258699633705,0.00258699633705,20.001000000000005,1.649739999720623,0.15610899981766124,0.07112899993444444,0.0
pd,23:52:58.977,1241,-40.003,-89.999,0.0,-90.239,0.003,-0.02,0.0,0.0,0.0,0.0,0.0,0.0,-40.003,-110.0,0.0,-90.239,0.003,-0.02,-40.003,-97.999,0.0,-90.239,0.003,-0.02,0.0,-1482.2171569926672,0.0,0.0,0.0,0.0,0.0,-8.0,0.0,0.0,0.0,0.0,0.0137698,-0.0068849,-0.0275396,4.7987753,-0.0137698,-1.1773179,0.01231013430998,0.004438583638528,-0.006137728937652,-0.0029491758242370003,-0.000258699633705,0.00258699633705,20.001000000000005,1.8307380000806006,0.22036800010027946,0.06905500003995257,0.0
pd,23:52:58.979,1242,-40.003,-89.999,0.0,-90.239,0.003,-0.02,0.0,0.0,0.0,0.0,0.0,0.0,-40.003,-110.0,0.0,-90.239,0.003,-0.02,-40.003,-97.999,0.0,-90.239,0.003,-0.02,0.0,-1806.5269731883277,0.0,0.0,0.0,0.0,0.0,-8.0,0.0,0.0,0.0,0.0,0.0137698,-0.0068849,-0.0275396,4.7987753,-0.0137698,-1.1773179,0.01231013430998,0.004438583638528,-0.006137728937652,-0.0029491758242370003,-0.000258699633705,0.00258699633705,20.001000000000005,1.6978130001916725,0.17933100025402382,0.08068399984040298,0.0
pd,23:52:58.981,1243,-40.003,-89.999,0.0,-90.239,0.003,-0.02,0.0,0.0,0.0,0.0,0.0,0.0,-40.003,-110.0,0.0,-90.239,0.003,-0.02,-40.003,-97.999,0.0,-90.239,0.003,-0.02,0.0,-1960.1841336604743,0.0,0.0,0.0,0.0,0.0,-8.0,0.0,0.0,0.0,0.0,0.0137698,-0.0068849,-0.0275396,4.7987753,-0.0137698,-1.1773179,0.01231013430998,0.004438583638528,-0.006137728937652,-0.0029491758242370003,-0.000258699633705,0.00258699633705,20.001000000000005,1.6568510000070091,0.14027599991095485,0.06212900007085409,0.0
pd,23:52:58.983,1244,-40.003,-89.999,0.0,-90.239,0.003,-0.02,0.0,0.0,0.0,0.0,0.0,0.0,-40.003,-110.0,0.0,-90.239,0.003,-0.02,-40.003,-97.999,0.0,-90.239,0.003,-0.02,0.0,-2078.1885296667906,0.0,0.0,0.0,0.0,0.0,-8.0,0.0,0.0,0.0,0.0,0.0137698,-0.0068849,-0.0275396,4.7987753,-0.0137698,-1.1773179,0.01231013430998,0.004438583638528,-0.006137728937652,-0.0029491758242370003,-0.000258699633705,0.00258699633705,20.001000000000005,1.6512030001649691,0.13923899996370892,0.06088800000725314,0.0
pd,23:52:58.985,1245,-40.003,-89.999,0.0,-90.239,0.003,-0.02,0.0,0.0,0.0,0.0,0.0,0.0,-40.003,-110.0,0.0,-90.239,0.003,-0.02,-40.003,-97.999,0.0,-90.239,0.003,-0.02,0.0,-2084.9031937367963,0.0,0.0,0.0,0.0,0.0,-8.0,0.0,0.0,0.0,0.0,0.0137698,-0.0068849,-0.0275396,4.7987753,-0.0137698,-1.1773179,0.01231013430998,0.004438583638528,-0.006137728937652,-0.0029491758242370003,-0.000258699633705,0.00258699633705,20.001000000000005,1.6218700002355035,0.13070299974060617,0.056721999953879276,0.0
pd,23:52:58.987,1246,-40.003,-89.999,0.0,-90.239,0.003,-0.02,0.0,0.0,0.0,0.0,0.0,0.0,-40.003,-110.0,0.0,-90.239,0.003,-0.02,-40.003,-97.999,0.0,-90.239,0.003,-0.02,0.0,-2119.673531269741,0.0,0.0,0.0,0.0,0.0,-8.0,0.0,0.0,0.0,0.0,0.0137698,-0.0068849,-0.0275396,4.7987753,-0.0137698,-1.1773179,0.01231013430998,0.004438583638528,-0.006137728937652,-0.0029491758242370003,-0.000258699633705,0.00258699633705,20.001000000000005,1.6207030002988176,0.16001700032575172,0.06264700004976476,0.0
pd,23:52:58.989,1247,-40.003,-89.999,0.0,-90.239,0.003,-0.02,0.0,0.0,0.0,0.0,0.0,0.0,-40.003,-110.0,0.0,-90.239,0.003,-0.02,-40.003,-97.999,0.0,-90.239,0.003,-0.02,0.0,-2093.488395308211,0.0,0.0,0.0,0.0,0.0,-8.0,0.0,0.0,0.0,0.0,0.0137698,-0.0068849,-0.0275396,4.7987753,-0.0137698,-1.1773179,0.01231013430998,0.004438583638528,-0.006137728937652,-0.0029491758242370003,-0.000258699633705,0.00258699633705,20.001000000000005,1.632313999834878,0.14166499977363856,0.059980999594699824,0.0
pd,23:52:58.991,1248,-40.003,-89.999,0.0,-90.239,0.003,-0.02,0.0,0.0,0.0,0.0,0.0,0.0,-40.003,-110.0,0.0,-90.239,0.003,-0.02,-40.003,-97.999,0.0,-90.239,0.003,-0.02,0.0,-2106.631843294827,0.0,0.0,0.0,0.0,0.0,-8.0,0.0,0.0,0.0,0.0,0.0137698,-0.0068849,-0.0275396,4.7987753,-0.0137698,-1.1773179,0.01231013430998,0.004438583638528,-0.006137728937652,-0.0029491758242370003,-0.000258699633705,0.00258699633705,20.001000000000005,1.8858670000554412,0.21153499983483925,0.09890599994832883,0.0
pd,23:52:58.993,1249,-40.003,-89.999,0.0,-90.239,0.003,-0.02,0.0,0.0,0.0,0.0,0.0,0.0,-40.003,-110.0,0.0,-90.239,0.003,-0.02,-40.003,-97.999,0.0,-90.239,0.003,-0.02,0.0,-1720.7401025641025,0.0,0.0,0.0,0.0,0.0,-8.0,0.0,0.0,0.0,0.0,0.0137698,-0.0068849,-0.0275396,4.7987753,-0.0137698,-1.1773179,0.01231013430998,0.004438583638528,-0.006137728937652,-0.0029491758242370003,-0.000258699633705,0.00258699633705,20.001000000000005,1.6848129998834338,0.15953499996612663,0.06927699996595038,0.0
pd,23:52:58.995,1250,-40.003,-89.999,0.0,-90.239,0.003,-0.02,0.0,0.0,0.0,0.0,0.0,0.0,-40.003,-110.0,0.0,-90.239,0.003,-0.02,-40.003,-97.999,0.0,-90.239,0.003,-0.02,0.0,-2015.039154455921,0.0,0.0,0.0,0.0,0.0,-8.0,0.0,0.0,0.0,0.0,0.0137698,-0.0068849,-0.0275396,4.7987753,-0.0137698,-1.1773179,0.01231013430998,0.004438583638528,-0.006137728937652,-0.0029491758242370003,-0.000258699633705,0.00258699633705,20.001000000000005,1.7055170001185616,0.16677599978720536,0.07936900010463432,0.0
pd,23:52:58.998,1251,-40.003,-89.999,0.0,-90.239,0.003,-0.02,0.0,0.0,0.0,0.0,0.0,0.0,-40.003,-110.0,0.0,-90.239,0.003,-0.02,-40.003,-97.999,0.0,-90.239,0.003,-0.02,0.0,-1506.3041838750225,0.0,0.0,0.0,0.0,0.0,-8.0,0.0,0.0,0.0,0.0,0.0137698,-0.0068849,-0.0275396,4.7987753,-0.0137698,-1.1773179,0.01231013430998,0.004438583638528,-0.006137728937652,-0.0029491758242370003,-0.000258699633705,0.00258699633705,20.001000000000005,1.9455510000625509,0.2257379996990494,0.08781399992585648,0.0
pd,23:52:59.000,1252,-40.003,-89.999,0.0,-90.239,0.003,-0.02,0.0,0.0,0.0,0.0,0.0,0.0,-40.003,-110.0,0.0,-90.239,0.003,-0.02,-40.003,-97.999,0.0,-90.239,0.003,-0.02,0.0,-1679.73728474169,0.0,0.0,0.0,0.0,0.0,-8.0,0.0,0.0,0.0,0.0,0.0137698,-0.0068849,-0.0275396,4.7987753,-0.0137698,-1.1773179,0.01231013430998,0.004438583638528,-0.006137728937652,-0.0029491758242370003,-0.000258699633705,0.00258699633705,20.001000000000005,1.7364969999107416,0.17423899998902925,0.08198000023185159,0.0
pd,23:52:59.002,1253,-40.003,-89.999,0.0,-90.239,0.003,-0.02,0.0,0.0,0.0,0.0,0.0,0.0,-40.003,-110.0,0.0,-90.239,0.003,-0.02,-40.003,-97.999,0.0,-90.239,0.003,-0.02,0.0,-1925.5383909101342,0.0,0.0,0.0,0.0,0.0,-8.0,0.0,0.0,0.0,0.0,0.0137698,-0.0068849,-0.0275396,4.7987753,-0.0137698,-1.1773179,0.01231013430998,0.004438583638528,-0.006137728937652,-0.0029491758242370003,-0.000258699633705,0.00258699633705,20.001000000000005,1.648147999731009,0.13564599976234604,0.058944000102201244,0.0
pd,23:52:59.004,1254,-40.003,-89.999,0.0,-90.239,0.003,-0.02,0.0,0.0,0.0,0.0,0.0,0.0,-40.003,-110.0,0.0,-90.239,0.003,-0.02,-40.003,-97.999,0.0,-90.239,0.003,-0.02,0.0,-2097.9387270226334,0.0,0.0,0.0,0.0,0.0,-8.0,0.0,0.0,0.0,0.0,0.0137698,-0.0068849,-0.0275396,4.7987753,-0.0137698,-1.1773179,0.01231013430998,0.004438583638528,-0.006137728937652,-0.0029491758242370003,-0.000258699633705,0.00258699633705,20.001000000000005,1.646646999688528,0.1393689999531489,0.06333200008157291,0.0
pd,23:52:59.006,1255,-40.003,-89.999,0.0,-90.239,0.003,-0.02,0.0,0.0,0.0,0.0,0.0,0.0,-40.003,-110.0,0.0,-90.239,0.003,-0.02,-40.003,-97.999,0.0,-90.239,0.003,-0.02,0.0,-2088.5367857587453,0.0,0.0,0.0,0.0,0.0,-8.0,0.0,0.0,0.0,0.0,0.0137698,-0.0068849,-0.0275396,4.7987753,-0.0137698,-1.1773179,0.01231013430998,0.004438583638528,-0.006137728937652,-0.0029491758242370003,-0.000258699633705,0.00258699633705,20.001000000000005,1.618536000023596,0.12729499985653092,0.055313999837380834,0.0
pd,23:52:59.008,1256,-40.003,-89.999,0.0,-90.239,0.003,-0.02,0.0,0.0,0.0,0.0,0.0,0.0,-40.003,-110.0,0.0,-90.239,0.003,-0.02,-40.003,-97.999,0.0,-90.239,0.003,-0.02,0.0,-2146.7966730646194,0.0,0.0,0.0,0.0,0.0,-8.0,0.0,0.0,0.0,0.0,0.0137698,-0.0068849,-0.0275396,4.7987753,-0.0137698,-1.1773179,0.01231013430998,0.004438583638528,-0.006137728937652,-0.0029491758242370003,-0.000258699633705,0.00258699633705,20.001000000000005,1.6453690000162169,0.1452389997211867,0.06625800006077043,0.0
pd,23:52:59.010,1257,-40.003,-89.999,0.0,-90.239,0.003,-0.02,0.0,0.0,0.0,0.0,0.0,0.0,-40.003,-110.0,0.0,-90.239,0.003,-0.02,-40.003,-97.999,0.0,-90.239,0.003,-0.02,0.0,-2078.70350638087,0.0,0.0,0.0,0.0,0.0,-8.0,0.0,0.0,0.0,0.0,0.0137698,-0.0068849,-0.0275396,4.7987753,-0.0137698,-1.1773179,0.01231013430998,0.004438583638528,-0.006137728937652,-0.0029491758242370003,-0.000258699633705,0.00258699633705,20.001000000000005,1.6612209997219907,0.14412799964702572,0.06261099997573183,0.0
pd,23:52:59.012,1258,-40.003,-89.999,0.0,-90.239,0.003,-0.02,0.0,0.0,0.0,0.0,0.0,0.0,-40.003,-110.0,0.0,-90.239,0.003,-0.02,-40.003,-97.999,0.0,-90.239,0.003,-0.02,0.0,-2066.668637595467,0.0,0.0,0.0,0.0,0.0,-8.0,0.0,0.0,0.0,0.0,0.0137698,-0.0068849,-0.0275396,4.7987753,-0.0137698,-1.1773179,0.01231013430998,0.004438583638528,-0.006137728937652,-0.0029491758242370003,-0.000258699633705,0.00258699633705,20.001000000000005,1.6740539999773318,0.1524610001979454,0.06672200015600538,0.0
pd,23:52:59.014,1259,-40.003,-89.999,0.0,-90.239,0.003,-0.02,0.0,0.0,0.0,0.0,0.0,0.0,-40.003,-110.0,0.0,-90.239,0.003,-0.02,-40.003,-97.999,0.0,-90.239,0.003,-0.02,0.0,-2039.0393777345648,0.0,0.0,0.0,0.0,0.0,-8.0,0.0,0.0,0.0,0.0,0.0137698,-0.0068849,-0.0275396,4.7987753,-0.0137698,-1.1773179,0.01231013430998,0.004438583638528,-0.006137728937652,-0.0029491758242370003,-0.000258699633705,0.00258699633705,20.001000000000005,1.6285550000247895,0.13892400011172867,0.06316600001810002,0.0
pd,23:52:59.016,1260,-40.003,-89.999,0.0,-90.239,0.003,-0.02,0.0,0.0,0.0,0.0,0.0,0.0,-40.003,-110.0,0.0,-90.239,0.003,-0.02,-40.003,-97.999,0.0,-90.239,0.003,-0.02,0.0,-2109.810865191147,0.0,0.0,0.0,0.0,0.0,-8.0,0.0,0.0,0.0,0.0,0.0137698,-0.0068849,-0.0275396,4.7987753,-0.0137698,-1.1773179,0.01231013430998,0.004438583638528,-0.006137728937652,-0.0029491758242370003,-0.000258699633705,0.00258699633705,20.001000000000005,1.6493699999955425,0.13509099971997784,0.061814000218873844,0.0
pd,23:52:59.018,1261,-40.003,-89.999,0.0,-90.239,0.003,-0.02,0.0,0.0,0.0,0.0,0.0,0.0,-40.003,-110.0,0.0,-90.239,0.003,-0.02,-40.003,-97.999,0.0,-90.239,0.003,-0.02,0.0,-1428.2128202945432,0.0,0.0,0.0,0.0,0.0,-8.0,0.0,0.0,0.0,0.0,0.0137698,-0.0068849,-0.0275396,4.7987753,-0.0137698,-1.1773179,0.01231013430998,0.004438583638528,-0.006137728937652,-0.0029491758242370003,-0.000258699633705,0.00258699633705,20.001000000000005,1.8484219999663765,0.22640499992121477,0.07788799985064543,0.0
pd,23:52:59.021,1262,-40.003,-89.999,0.0,-90.239,0.003,-0.02,0.0,0.0,0.0,0.0,0.0,0.0,-40.003,-110.0,0.0,-90.239,0.003,-0.02,-40.003,-97.999,0.0,-90.239,0.003,-0.02,0.0,-1778.0008478168716,0.0,0.0,0.0,0.0,0.0,-8.0,0.0,0.0,0.0,0.0,0.0137698,-0.0068849,-0.0275396,4.7987753,-0.0137698,-1.1773179,0.01231013430998,0.004438583638528,-0.006137728937652,-0.0029491758242370003,-0.000258699633705,0.00258699633705,20.001000000000005,1.7994599998019112,0.2194600001530489,0.10722099978011101,0.0
pd,23:52:59.023,1263,-40.003,-89.999,0.0,-90.239,0.003,-0.02,0.0,0.0,0.0,0.0,0.0,0.0,-40.003,-110.0,0.0,-90.239,0.003,-0.02,-40.003,-97.999,0.0,-90.239,0.003,-0.02,0.0,-1802.0640171858217,0.0,0.0,0.0,0.0,0.0,-8.0,0.0,0.0,0.0,0.0,0.0137698,-0.0068849,-0.0275396,4.7987753,-0.0137698,-1.1773179,0.01231013430998,0.004438583638528,-0.006137728937652,-0.0029491758242370003,-0.000258699633705,0.00258699633705,20.001000000000005,3.3834419996310316,0.24086699977488024,0.11879500016220845,0.0
pd,23:52:59.027,1264,-40.003,-89.999,0.0,-90.239,0.003,-0.02,0.0,0.0,0.0,0.0,0.0,0.0,-40.003,-110.0,0.0,-90.239,0.003,-0.02,-40.003,-97.999,0.0,-90.239,0.003,-0.02,0.0,-1041.5455674199156,0.0,0.0,0.0,0.0,0.0,-8.0,0.0,0.0,0.0,0.0,0.0137698,-0.0068849,-0.0275396,4.7987753,-0.0137698,-1.1773179,0.01231013430998,0.004438583638528,-0.006137728937652,-0.0029491758242370003,-0.000258699633705,0.00258699633705,20.001000000000005,1.6736649999984365,0.13766499978373758,0.05812900008095312,0.0
pd,23:52:59.029,1265,-40.003,-89.999,0.0,-90.239,0.003,-0.02,0.0,0.0,0.0,0.0,0.0,0.0,-40.003,-110.0,0.0,-90.239,0.003,-0.02,-40.003,-97.999,0.0,-90.239,0.003,-0.02,0.0,-2067.1779201577133,0.0,0.0,0.0,0.0,0.0,-8.0,0.0,0.0,0.0,0.0,0.0137698,-0.0068849,-0.0275396,4.7987753,-0.0137698,-1.1773179,0.01231013430998,0.004438583638528,-0.006137728937652,-0.0029491758242370003,-0.000258699633705,0.00258699633705,20.001000000000005,1.6964619999271235,0.15272099972207798,0.06627699985983782,0.0
pd,23:52:59.031,1266,-40.003,-89.999,0.0,-90.239,0.003,-0.02,0.0,0.0,0.0,0.0,0.0,0.0,-40.003,-110.0,0.0,-90.239,0.003,-0.02,-40.003,-97.999,0.0,-90.239,0.003,-0.02,0.0,-2016.2499699555342,0.0,0.0,0.0,0.0,0.0,-8.0,0.0,0.0,0.0,0.0,0.0137698,-0.0068849,-0.0275396,4.7987753,-0.0137698,-1.1773179,0.01231013430998,0.004438583638528,-0.006137728937652,-0.0029491758242370003,-0.000258699633705,0.00258699633705,20.001000000000005,1.645202999952744,0.14603499994336744,0.07101799974407186,0.0
pd,23:52:59.032,1267,-40.003,-89.999,0.0,-90.239,0.003,-0.02,0.0,0.0,0.0,0.0,0.0,0.0,-40.003,-110.0,0.0,-90.239,0.003,-0.02,-40.003,-97.999,0.0,-90.239,0.003,-0.02,0.0,-2069.9834669956817,0.0,0.0,0.0,0.0,0.0,-8.0,0.0,0.0,0.0,0.0,0.0137698,-0.0068849,-0.0275396,4.7987753,-0.0137698,-1.1773179,0.01231013430998,0.004438583638528,-0.006137728937652,-0.0029491758242370003,-0.000258699633705,0.00258699633705,20.001000000000005,1.8189409997830808,0.15990500014595455,0.07124000012481702,0.0
pd,23:52:59.035,1268,-40.003,-89.999,0.0,-90.239,0.003,-0.02,0.0,0.0,0.0,0.0,0.0,0.0,-40.003,-110.0,0.0,-90.239,0.003,-0.02,-40.003,-97.999,0.0,-90.239,0.003,-0.02,0.0,-1886.7764282501125,0.0,0.0,0.0,0.0,0.0,-8.0,0.0,0.0,0.0,0.0,0.0137698,-0.0068849,-0.0275396,4.7987753,-0.0137698,-1.1773179,0.01231013430998,0.004438583638528,-0.006137728937652,-0.0029491758242370003,-0.000258699633705,0.00258699633705,20.001000000000005,1.641739999740821,0.14829399970039958,0.06727699974362622,0.0
pd,23:52:59.037,1269,-40.003,-89.999,0.0,-90.239,0.003,-0.02,0.0,0.0,0.0,0.0,0.0,0.0,-40.003,-110.0,0.0,-90.239,0.003,-0.02,-40.003,-97.999,0.0,-90.239,0.003,-0.02,0.0,-2077.6738080495356,0.0,0.0,0.0,0.0,0.0,-8.0,0.0,0.0,0.0,0.0,0.0137698,-0.0068849,-0.0275396,4.7987753,-0.0137698,-1.1773179,0.01231013430998,0.004438583638528,-0.006137728937652,-0.0029491758242370003,-0.000258699633705,0.00258699633705,20.001000000000005,1.6678320002938563,0.14647999978478765,0.06594299975404283,0.0
pd,23:52:59.038,1270,-40.003,-89.999,0.0,-90.239,0.003,-0.02,0.0,0.0,0.0,0.0,0.0,0.0,-40.003,-110.0,0.0,-90.239,0.003,-0.02,-40.003,-97.999,0.0,-90.239,0.003,-0.02,0.0,-2053.01223690651,0.0,0.0,0.0,0.0,0.0,-8.0,0.0,0.0,0.0,0.0,0.0137698,-0.0068849,-0.0275396,4.7987753,-0.0137698,-1.1773179,0.01231013430998,0.004438583638528,-0.006137728937652,-0.0029491758242370003,-0.000258699633705,0.00258699633705,20.001000000000005,1.628313999844977,0.1378689999000926,0.061313999594858615,0.0
pd,23:52:59.041,1271,-40.003,-89.999,0.0,-90.239,0.003,-0.02,0.0,0.0,0.0,0.0,0.0,0.0,-40.003,-110.0,0.0,-90.239,0.003,-0.02,-40.003,-97.999,0.0,-90.239,0.003,-0.02,0.0,-1547.5708882944377,0.0,0.0,0.0,0.0,0.0,-8.0,0.0,0.0,0.0,0.0,0.0137698,-0.0068849,-0.0275396,4.7987753,-0.0137698,-1.1773179,0.01231013430998,0.004438583638528,-0.006137728937652,-0.0029491758242370003,-0.000258699633705,0.00258699633705,20.001000000000005,2.1194380001361424,0.23155300004873425,0.10784999994939426,0.0
pd,23:52:59.044,1272,-40.003,-89.999,0.0,-90.239,0.003,-0.02,0.0,0.0,0.0,0.0,0.0,0.0,-40.003,-110.0,0.0,-90.239,0.003,-0.02,-40.003,-97.999,0.0,-90.239,0.003,-0.02,0.0,-1562.7064083457526,0.0,0.0,0.0,0.0,0.0,-8.0,0.0,0.0,0.0,0.0,0.0137698,-0.0068849,-0.0275396,4.7987753,-0.0137698,-1.1773179,0.01231013430998,0.004438583638528,-0.006137728937652,-0.0029491758242370003,-0.000258699633705,0.00258699633705,20.001000000000005,1.756237999870791,0.15318299983846373,0.06683199990220601,0.0
pd,23:52:59.046,1273,-40.003,-89.999,0.0,-90.239,0.003,-0.02,0.0,0.0,0.0,0.0,0.0,0.0,-40.003,-110.0,0.0,-90.239,0.003,-0.02,-40.003,-97.999,0.0,-90.239,0.003,-0.02,0.0,-1953.7924770001164,0.0,0.0,0.0,0.0,0.0,-8.0,0.0,0.0,0.0,0.0,0.0137698,-0.0068849,-0.0275396,4.7987753,-0.0137698,-1.1773179,0.01231013430998,0.004438583638528,-0.006137728937652,-0.0029491758242370003,-0.000258699633705,0.00258699633705,20.001000000000005,1.6491840001435776,0.1675160001468612,0.07851700001992867,0.0
pd,23:52:59.048,1274,-40.003,-89.999,0.0,-90.239,0.003,-0.02,0.0,0.0,0.0,0.0,0.0,0.0,-40.003,-110.0,0.0,-90.239,0.003,-0.02,-40.003,-97.999,0.0,-90.239,0.003,-0.02,0.0,-2028.193423597679,0.0,0.0,0.0,0.0,0.0,-8.0,0.0,0.0,0.0,0.0,0.0137698,-0.0068849,-0.0275396,4.7987753,-0.0137698,-1.1773179,0.01231013430998,0.004438583638528,-0.006137728937652,-0.0029491758242370003,-0.000258699633705,0.00258699633705,20.001000000000005,1.8022199997176358,0.16527600018889643,0.07729500021014246,0.0
pd,23:52:59.050,1275,-40.003,-89.999,0.0,-90.239,0.003,-0.02,0.0,0.0,0.0,0.0,0.0,0.0,-40.003,-110.0,0.0,-90.239,0.003,-0.02,-40.003,-97.999,0.0,-90.239,0.003,-0.02,0.0,-1886.564264027887,0.0,0.0,0.0,0.0,0.0,-8.0,0.0,0.0,0.0,0.0,0.0137698,-0.0068849,-0.0275396,4.7987753,-0.0137698,-1.1773179,0.01231013430998,0.004438583638528,-0.006137728937652,-0.0029491758242370003,-0.000258699633705,0.00258699633705,20.001000000000005,1.6489619997628324,0.15620199974364368,0.07309200009331107,0.0
pd,23:52:59.052,1276,-40.003,-89.999,0.0,-90.239,0.003,-0.02,0.0,0.0,0.0,0.0,0.0,0.0,-40.003,-110.0,0.0,-90.239,0.003,-0.02,-40.003,-97.999,0.0,-90.239,0.003,-0.02,0.0,-2050.7536975919816,0.0,0.0,0.0,0.0,0.0,-8.0,0.0,0.0,0.0,0.0,0.0137698,-0.0068849,-0.0275396,4.7987753,-0.0137698,-1.1773179,0.01231013430998,0.004438583638528,-0.006137728937652,-0.0029491758242370003,-0.000258699633705,0.00258699633705,20.001000000000005,1.681331999861868,0.14353599999594735,0.06383300024026539,0.0
pd,23:52:59.054,1277,-40.003,-89.999,0.0,-90.239,0.003,-0.02,0.0,0.0,0.0,0.0,0.0,0.0,-40.003,-110.0,0.0,-90.239,0.003,-0.02,-40.003,-97.999,0.0,-90.239,0.003,-0.02,0.0,-2045.2536876752408,0.0,0.0,0.0,0.0,0.0,-8.0,0.0,0.0,0.0,0.0,0.0137698,-0.0068849,-0.0275396,4.7987753,-0.0137698,-1.1773179,0.01231013430998,0.004438583638528,-0.006137728937652,-0.0029491758242370003,-0.000258699633705,0.00258699633705,20.001000000000005,1.650314000016806,0.14485000019703875,0.06657299991275067,0.0
pd,23:52:59.056,1278,-40.003,-89.999,0.0,-90.239,0.003,-0.02,0.0,0.0,0.0,0.0,0.0,0.0,-40.003,-110.0,0.0,-90.239,0.003,-0.02,-40.003,-97.999,0.0,-90.239,0.003,-0.02,0.0,-2074.590824780512,0.0,0.0,0.0,0.0,0.0,-8.0,0.0,0.0,0.0,0.0,0.0137698,-0.0068849,-0.0275396,4.7987753,-0.0137698,-1.1773179,0.01231013430998,0.004438583638528,-0.006137728937652,-0.0029491758242370003,-0.000258699633705,0.00258699633705,20.001000000000005,1.6626840001663368,0.13833200000590296,0.06244399992283434,0.0
pd,23:52:59.058,1279,-40.003,-89.999,0.0,-90.239,0.003,-0.02,0.0,0.0,0.0,0.0,0.0,0.0,-40.003,-110.0,0.0,-90.239,0.003,-0.02,-40.003,-97.999,0.0,-90.239,0.003,-0.02,0.0,-2071.7727834033094,0.0,0.0,0.0,0.0,0.0,-8.0,0.0,0.0,0.0,0.0,0.0137698,-0.0068849,-0.0275396,4.7987753,-0.0137698,-1.1773179,0.01231013430998,0.004438583638528,-0.006137728937652,-0.0029491758242370003,-0.000258699633705,0.00258699633705,20.001000000000005,1.6709240003365267,0.1370350000797771,0.06107399985921802,0.0
pd,23:52:59.059,1280,-40.003,-89.999,0.0,-90.239,0.003,-0.02,0.0,0.0,0.0,0.0,0.0,0.0,-40.003,-110.0,0.0,-90.239,0.003,-0.02,-40.003,-97.999,0.0,-90.239,0.003,-0.02,0.0,-2066.923247505236,0.0,0.0,0.0,0.0,0.0,-8.0,0.0,0.0,0.0,0.0,0.0137698,-0.0068849,-0.0275396,4.7987753,-0.0137698,-1.1773179,0.01231013430998,0.004438583638528,-0.006137728937652,-0.0029491758242370003,-0.000258699633705,0.00258699633705,20.001000000000005,1.6619809998701385,0.14357300005940488,0.06605399994441541,0.0
pd,23:52:59.062,1281,-40.003,-89.999,0.0,-90.239,0.003,-0.02,0.0,0.0,0.0,0.0,0.0,0.0,-40.003,-110.0,0.0,-90.239,0.003,-0.02,-40.003,-97.999,0.0,-90.239,0.003,-0.02,0.0,-1540.7490127651758,0.0,0.0,0.0,0.0,0.0,-8.0,0.0,0.0,0.0,0.0,0.0137698,-0.0068849,-0.0275396,4.7987753,-0.0137698,-1.1773179,0.01231013430998,0.004438583638528,-0.006137728937652,-0.0029491758242370003,-0.000258699633705,0.00258699633705,20.001000000000005,1.8622190000314731,0.22757200031264802,0.07814699984010076,0.0
pd,23:52:59.064,1282,-40.003,-89.999,0.0,-90.239,0.003,-0.02,0.0,0.0,0.0,0.0,0.0,0.0,-40.003,-110.0,0.0,-90.239,0.003,-0.02,-40.003,-97.999,0.0,-90.239,0.003,-0.02,0.0,-1766.3946093914508,0.0,0.0,0.0,0.0,0.0,-8.0,0.0,0.0,0.0,0.0,0.0137698,-0.0068849,-0.0275396,4.7987753,-0.0137698,-1.1773179,0.01231013430998,0.004438583638528,-0.006137728937652,-0.0029491758242370003,-0.000258699633705,0.00258699633705,20.001000000000005,1.6750180002418347,0.14299799977379735,0.06298099970081239,0.0
pd,23:52:59.066,1283,-40.003,-89.999,0.0,-90.239,0.003,-0.02,0.0,0.0,0.0,0.0,0.0,0.0,-40.003,-110.0,0.0,-90.239,0.003,-0.02,-40.003,-97.999,0.0,-90.239,0.003,-0.02,0.0,-2053.2634928405337,0.0,0.0,0.0,0.0,0.0,-8.0,0.0,0.0,0.0,0.0,0.0137698,-0.0068849,-0.0275396,4.7987753,-0.0137698,-1.1773179,0.01231013430998,0.004438583638528,-0.006137728937652,-0.0029491758242370003,-0.000258699633705,0.00258699633705,20.001000000000005,1.6299250000884058,0.40095799977279967,0.09579500010659103,0.0
pd,23:52:59.068,1284,-40.003,-89.999,0.0,-90.239,0.003,-0.02,0.0,0.0,0.0,0.0,0.0,0.0,-40.003,-110.0,0.0,-90.239,0.003,-0.02,-40.003,-97.999,0.0,-90.239,0.003,-0.02,0.0,-1809.2543944785937,0.0,0.0,0.0,0.0,0.0,-8.0,0.0,0.0,0.0,0.0,0.0137698,-0.0068849,-0.0275396,4.7987753,-0.0137698,-1.1773179,0.01231013430998,0.004438583638528,-0.006137728937652,-0.0029491758242370003,-0.000258699633705,0.00258699633705,20.001000000000005,1.755626999965898,0.17799800025386503,0.07544399977632565,0.0
pd,23:52:59.071,1285,-40.003,-89.999,0.0,-90.239,0.003,-0.02,0.0,0.0,0.0,0.0,0.0,0.0,-40.003,-110.0,0.0,-90.239,0.003,-0.02,-40.003,-97.999,0.0,-90.239,0.003,-0.02,0.0,-1917.3961142857142,0.0,0.0,0.0,0.0,0.0,-8.0,0.0,0.0,0.0,0.0,0.0137698,-0.0068849,-0.0275396,4.7987753,-0.0137698,-1.1773179,0.01231013430998,0.004438583638528,-0.006137728937652,-0.0029491758242370003,-0.000258699633705,0.00258699633705,20.001000000000005,1.647906000016519,0.16771999980846886,0.08377599988307338,0.0
pd,23:52:59.073,1286,-40.003,-89.999,0.0,-90.239,0.003,-0.02,0.0,0.0,0.0,0.0,0.0,0.0,-40.003,-110.0,0.0,-90.239,0.003,-0.02,-40.003,-97.999,0.0,-90.239,0.003,-0.02,0.0,-2023.0575183890028,0.0,0.0,0.0,0.0,0.0,-8.0,0.0,0.0,0.0,0.0,0.0137698,-0.0068849,-0.0275396,4.7987753,-0.0137698,-1.1773179,0.01231013430998,0.004438583638528,-0.006137728937652,-0.0029491758242370003,-0.000258699633705,0.00258699633705,20.001000000000005,1.7903489997479483,0.18242399983137148,0.08299899991470738,0.0
pd,23:52:59.075,1287,-40.003,-89.999,0.0,-90.239,0.003,-0.02,0.0,0.0,0.0,0.0,0.0,0.0,-40.003,-110.0,0.0,-90.239,0.003,-0.02,-40.003,-97.999,0.0,-90.239,0.003,-0.02,0.0,-1876.2263475732498,0.0,0.0,0.0,0.0,0.0,-8.0,0.0,0.0,0.0,0.0,0.0137698,-0.0068849,-0.0275396,4.7987753,-0.0137698,-1.1773179,0.01231013430998,0.004438583638528,-0.006137728937652,-0.0029491758242370003,-0.000258699633705,0.00258699633705,20.001000000000005,1.6358319999199011,0.15201699989120243,0.07044399990263628,0.0
pd,23:52:59.077,1288,-40.003,-89.999,0.0,-90.239,0.003,-0.02,0.0,0.0,0.0,0.0,0.0,0.0,-40.003,-110.0,0.0,-90.239,0.003,-0.02,-40.003,-97.999,0.0,-90.239,0.003,-0.02,0.0,-2016.2499699555342,0.0,0.0,0.0,0.0,0.0,-8.0,0.0,0.0,0.0,0.0,0.0137698,-0.0068849,-0.0275396,4.7987753,-0.0137698,-1.1773179,0.01231013430998,0.004438583638528,-0.006137728937652,-0.0029491758242370003,-0.000258699633705,0.00258699633705,20.001000000000005,1.6328880001310608,0.14088699981584796,0.059591999615804525,0.0
pd,23:52:59.079,1289,-40.003,-89.999,0.0,-90.239,0.003,-0.02,0.0,0.0,0.0,0.0,0.0,0.0,-40.003,-110.0,0.0,-90.239,0.003,-0.02,-40.003,-97.999,0.0,-90.239,0.003,-0.02,0.0,-2060.8298734799164,0.0,0.0,0.0,0.0,0.0,-8.0,0.0,0.0,0.0,0.0,0.0137698,-0.0068849,-0.0275396,4.7987753,-0.0137698,-1.1773179,0.01231013430998,0.004438583638528,-0.006137728937652,-0.0029491758242370003,-0.000258699633705,0.00258699633705,20.001000000000005,1.6187770002034085,0.13594300025943085,0.061035999806335894,0.0
pd,23:52:59.080,1290,-40.003,-89.999,0.0,-90.239,0.003,-0.02,0.0,0.0,0.0,0.0,0.0,0.0,-40.003,-110.0,0.0,-90.239,0.003,-0.02,-40.003,-97.999,0.0,-90.239,0.003,-0.02,0.0,-2124.774062816616,0.0,0.0,0.0,0.0,0.0,-8.0,0.0,0.0,0.0,0.0,0.0137698,-0.0068849,-0.0275396,4.7987753,-0.0137698,-1.1773179,0.01231013430998,0.004438583638528,-0.006137728937652,-0.0029491758242370003,-0.000258699633705,0.00258699633705,20.001000000000005,1.6599799996583897,0.15905399959592614,0.07318400002986891,0.0
pd,23:52:59.083,1291,-40.003,-89.999,0.0,-90.239,0.003,-0.02,0.0,0.0,0.0,0.0,0.0,0.0,-40.003,-110.0,0.0,-90.239,0.003,-0.02,-40.003,-97.999,0.0,-90.239,0.003,-0.02,0.0,-1521.742947845805,0.0,0.0,0.0,0.0,0.0,-8.0,0.0,0.0,0.0,0.0,0.0137698,-0.0068849,-0.0275396,4.7987753,-0.0137698,-1.1773179,0.01231013430998,0.004438583638528,-0.006137728937652,-0.0029491758242370003,-0.000258699633705,0.00258699633705,20.001000000000005,1.9420140001784603,0.22620099980485975,0.07701699996687239,0.0
pd,23:52:59.085,1292,-40.003,-89.999,0.0,-90.239,0.003,-0.02,0.0,0.0,0.0,0.0,0.0,0.0,-40.003,-110.0,0.0,-90.239,0.003,-0.02,-40.003,-97.999,0.0,-90.239,0.003,-0.02,0.0,-1708.9962310278088,0.0,0.0,0.0,0.0,0.0,-8.0,0.0,0.0,0.0,0.0,0.0137698,-0.0068849,-0.0275396,4.7987753,-0.0137698,-1.1773179,0.01231013430998,0.004438583638528,-0.006137728937652,-0.0029491758242370003,-0.000258699633705,0.00258699633705,20.001000000000005,1.648165999995399,0.1426650001121743,0.06192599994392367,0.0
pd,23:52:59.087,1293,-40.003,-89.999,0.0,-90.239,0.003,-0.02,0.0,0.0,0.0,0.0,0.0,0.0,-40.003,-110.0,0.0,-90.239,0.003,-0.02,-40.003,-97.999,0.0,-90.239,0.003,-0.02,0.0,-2085.680755842864,0.0,0.0,0.0,0.0,0.0,-8.0,0.0,0.0,0.0,0.0,0.0137698,-0.0068849,-0.0275396,4.7987753,-0.0137698,-1.1773179,0.01231013430998,0.004438583638528,-0.006137728937652,-0.0029491758242370003,-0.000258699633705,0.00258699633705,20.001000000000005,1.6484809998473793,0.1454800003557466,0.07349899988184916,0.0
pd,23:52:59.089,1294,-40.003,-89.999,0.0,-90.239,0.003,-0.02,0.0,0.0,0.0,0.0,0.0,0.0,-40.003,-110.0,0.0,-90.239,0.003,-0.02,-40.003,-97.999,0.0,-90.239,0.003,-0.02,0.0,-2061.336282098538,0.0,0.0,0.0,0.0,0.0,-8.0,0.0,0.0,0.0,0.0,0.0137698,-0.0068849,-0.0275396,4.7987753,-0.0137698,-1.1773179,0.01231013430998,0.004438583638528,-0.006137728937652,-0.0029491758242370003,-0.000258699633705,0.00258699633705,20.001000000000005,1.6415920003964857,0.15227599988065776,0.061814000218873844,0.0
pd,23:52:59.091,1295,-40.003,-89.999,0.0,-90.239,0.003,-0.02,0.0,0.0,0.0,0.0,0.0,0.0,-40.003,-110.0,0.0,-90.239,0.003,-0.02,-40.003,-97.999,0.0,-90.239,0.003,-0.02,0.0,-2079.734225858436,0.0,0.0,0.0,0.0,0.0,-8.0,0.0,0.0,0.0,0.0,0.0137698,-0.0068849,-0.0275396,4.7987753,-0.0137698,-1.1773179,0.01231013430998,0.004438583638528,-0.006137728937652,-0.0029491758242370003,-0.000258699633705,0.00258699633705,20.001000000000005,1.6712579999875743,0.2004419998229423,0.07261099972311058,0.0
pd,23:52:59.093,1296,-40.003,-89.999,0.0,-90.239,0.003,-0.02,0.0,0.0,0.0,0.0,0.0,0.0,-40.003,-110.0,0.0,-90.239,0.003,-0.02,-40.003,-97.999,0.0,-90.239,0.003,-0.02,0.0,-1786.3304940374787,0.0,0.0,0.0,0.0,0.0,-8.0,0.0,0.0,0.0,0.0,0.0137698,-0.0068849,-0.0275396,4.7987753,-0.0137698,-1.1773179,0.01231013430998,0.004438583638528,-0.006137728937652,-0.0029491758242370003,-0.000258699633705,0.00258699633705,20.001000000000005,1.6962210002020583,0.20564600026773405,0.10649899968484533,0.0
pd,23:52:59.096,1297,-40.003,-89.999,0.0,-90.239,0.003,-0.02,0.0,0.0,0.0,0.0,0.0,0.0,-40.003,-110.0,0.0,-90.239,0.003,-0.02,-40.003,-97.999,0.0,-90.239,0.003,-0.02,0.0,-1898.0898291661952,0.0,0.0,0.0,0.0,0.0,-8.0,0.0,0.0,0.0,0.0,0.0137698,-0.0068849,-0.0275396,4.7987753,-0.0137698,-1.1773179,0.01231013430998,0.004438583638528,-0.006137728937652,-0.0029491758242370003,-0.000258699633705,0.00258699633705,20.001000000000005,1.8766079997476481,0.24649699980727746,0.11788700021497789,0.0
pd,23:52:59.098,1298,-40.003,-89.999,0.0,-90.239,0.003,-0.02,0.0,0.0,0.0,0.0,0.0,0.0,-40.003,-110.0,0.0,-90.239,0.003,-0.02,-40.003,-97.999,0.0,-90.239,0.003,-0.02,0.0,-1678.8968277794456,0.0,0.0,0.0,0.0,0.0,-8.0,0.0,0.0,0.0,0.0,0.0137698,-0.0068849,-0.0275396,4.7987753,-0.0137698,-1.1773179,0.01231013430998,0.004438583638528,-0.006137728937652,-0.0029491758242370003,-0.000258699633705,0.00258699633705,20.001000000000005,1.8596449999677134,0.23138599999583676,0.11188799999217736,0.0
pd,23:52:59.100,1299,-40.003,-89.999,0.0,-90.239,0.003,-0.02,0.0,0.0,0.0,0.0,0.0,0.0,-40.003,-110.0,0.0,-90.239,0.003,-0.02,-40.003,-97.999,0.0,-90.239,0.003,-0.02,0.0,-1739.1122628796518,0.0,0.0,0.0,0.0,0.0,-8.0,0.0,0.0,0.0,0.0,0.0137698,-0.0068849,-0.0275396,4.7987753,-0.0137698,-1.1773179,0.01231013430998,0.004438583638528,-0.006137728937652,-0.0029491758242370003,-0.000258699633705,0.00258699633705,20.001000000000005,1.748553999732394,0.17777499988369527,0.08505400001013186,0.0
pd,23:52:59.102,1300,-40.003,-89.999,0.0,-90.239,0.003,-0.02,0.0,0.0,0.0,0.0,0.0,0.0,-40.003,-110.0,0.0,-90.239,0.003,-0.02,-40.003,-97.999,0.0,-90.239,0.003,-0.02,0.0,-1911.0623077799294,0.0,0.0,0.0,0.0,0.0,-8.0,0.0,0.0,0.0,0.0,0.0137698,-0.0068849,-0.0275396,4.7987753,-0.0137698,-1.1773179,0.01231013430998,0.004438583638528,-0.006137728937652,-0.0029491758242370003,-0.000258699633705,0.00258699633705,20.001000000000005,1.6651099999762664,0.1663119996919704,0.07414799983962439,0.0
pd,23:52:59.105,1301,-40.003,-89.999,0.0,-90.239,0.003,-0.02,0.0,0.0,0.0,0.0,0.0,0.0,-40.003,-110.0,0.0,-90.239,0.003,-0.02,-40.003,-97.999,0.0,-90.239,0.003,-0.02,0.0,-1366.111554433678,0.0,0.0,0.0,0.0,0.0,-8.0,0.0,0.0,0.0,0.0,0.0137698,-0.0068849,-0.0275396,4.7987753,-0.0137698,-1.1773179,0.01231013430998,0.004438583638528,-0.006137728937652,-0.0029491758242370003,-0.000258699633705,0.00258699633705,20.001000000000005,1.8910889998551283,0.22675699983665254,0.07664700024179183,0.0
pd,23:52:59.108,1302,-40.003,-89.999,0.0,-90.239,0.003,-0.02,0.0,0.0,0.0,0.0,0.0,0.0,-40.003,-110.0,0.0,-90.239,0.003,-0.02,-40.003,-97.999,0.0,-90.239,0.003,-0.02,0.0,-1744.9002600104004,0.0,0.0,0.0,0.0,0.0,-8.0,0.0,0.0,0.0,0.0,0.0137698,-0.0068849,-0.0275396,4.7987753,-0.0137698,-1.1773179,0.01231013430998,0.004438583638528,-0.006137728937652,-0.0029491758242370003,-0.000258699633705,0.00258699633705,20.001000000000005,1.7624790002628288,0.16357300000890973,0.07186900029410026,0.0
pd,23:52:59.110,1303,-40.003,-89.999,0.0,-90.239,0.003,-0.02,0.0,0.0,0.0,0.0,0.0,0.0,-40.003,-110.0,0.0,-90.239,0.003,-0.02,-40.003,-97.999,0.0,-90.239,0.003,-0.02,0.0,-1930.4126107467496,0.0,0.0,0.0,0.0,0.0,-8.0,0.0,0.0,0.0,0.0,0.0137698,-0.0068849,-0.0275396,4.7987753,-0.0137698,-1.1773179,0.01231013430998,0.004438583638528,-0.006137728937652,-0.0029491758242370003,-0.000258699633705,0.00258699633705,20.001000000000005,1.6316480000568845,0.1355350000267208,0.05733299985877238,0.0
pd,23:52:59.112,1304,-40.003,-89.999,0.0,-90.239,0.003,-0.02,0.0,0.0,0.0,0.0,0.0,0.0,-40.003,-110.0,0.0,-90.239,0.003,-0.02,-40.003,-97.999,0.0,-90.239,0.003,-0.02,0.0,-2118.3353535353535,0.0,0.0,0.0,0.0,0.0,-8.0,0.0,0.0,0.0,0.0,0.0137698,-0.0068849,-0.0275396,4.7987753,-0.0137698,-1.1773179,0.01231013430998,0.004438583638528,-0.006137728937652,-0.0029491758242370003,-0.000258699633705,0.00258699633705,20.001000000000005,1.6484990001117694,0.1564239996696415,0.07785100024193525,0.0
pd,23:52:59.113,1305,-40.003,-89.999,0.0,-90.239,0.003,-0.02,0.0,0.0,0.0,0.0,0.0,0.0,-40.003,-110.0,0.0,-90.239,0.003,-0.02,-40.003,-97.999,0.0,-90.239,0.003,-0.02,0.0,-2046.7507624740758,0.0,0.0,0.0,0.0,0.0,-8.0,0.0,0.0,0.0,0.0,0.0137698,-0.0068849,-0.0275396,4.7987753,-0.0137698,-1.1773179,0.01231013430998,0.004438583638528,-0.006137728937652,-0.0029491758242370003,-0.000258699633705,0.00258699633705,20.001000000000005,1.6375919999518374,0.14203599994289107,0.05851799960510107,0.0
pd,23:52:59.115,1306,-40.003,-89.999,0.0,-90.239,0.003,-0.02,0.0,0.0,0.0,0.0,0.0,0.0,-40.003,-110.0,0.0,-90.239,0.003,-0.02,-40.003,-97.999,0.0,-90.239,0.003,-0.02,0.0,-2098.9886150381585,0.0,0.0,0.0,0.0,0.0,-8.0,0.0,0.0,0.0,0.0,0.0137698,-0.0068849,-0.0275396,4.7987753,-0.0137698,-1.1773179,0.01231013430998,0.004438583638528,-0.006137728937652,-0.0029491758242370003,-0.000258699633705,0.00258699633705,20.001000000000005,1.6592389997640566,0.15070199970068643,0.06455499988078373,0.0
pd,23:52:59.117,1307,-40.003,-89.999,0.0,-90.239,0.003,-0.02,0.0,0.0,0.0,0.0,0.0,0.0,-40.003,-110.0,0.0,-90.239,0.003,-0.02,-40.003,-97.999,0.0,-90.239,0.003,-0.02,0.0,-2059.8178023327196,0.0,0.0,0.0,0.0,0.0,-8.0,0.0,0.0,0.0,0.0,0.0137698,-0.0068849,-0.0275396,4.7987753,-0.0137698,-1.1773179,0.01231013430998,0.004438583638528,-0.006137728937652,-0.0029491758242370003,-0.000258699633705,0.00258699633705,20.001000000000005,1.898309999887715,0.20053399975950015,0.0948319998315128,0.0
pd,23:52:59.120,1308,-40.003,-89.999,0.0,-90.239,0.003,-0.02,0.0,0.0,0.0,0.0,0.0,0.0,-40.003,-110.0,0.0,-90.239,0.003,-0.02,-40.003,-97.999,0.0,-90.239,0.003,-0.02,0.0,-1752.921951729182,0.0,0.0,0.0,0.0,0.0,-8.0,0.0,0.0,0.0,0.0,0.0137698,-0.0068849,-0.0275396,4.7987753,-0.0137698,-1.1773179,0.01231013430998,0.004438583638528,-0.006137728937652,-0.0029491758242370003,-0.000258699633705,0.00258699633705,20.001000000000005,1.7202760000145645,0.15157200004978222,0.0685549998706847,0.0
pd,23:52:59.122,1309,-40.003,-89.999,0.0,-90.239,0.003,-0.02,0.0,0.0,0.0,0.0,0.0,0.0,-40.003,-110.0,0.0,-90.239,0.003,-0.02,-40.003,-97.999,0.0,-90.239,0.003,-0.02,0.0,-1989.0001185536455,0.0,0.0,0.0,0.0,0.0,-8.0,0.0,0.0,0.0,0.0,0.0137698,-0.0068849,-0.0275396,4.7987753,-0.0137698,-1.1773179,0.01231013430998,0.004438583638528,-0.006137728937652,-0.0029491758242370003,-0.000258699633705,0.00258699633705,20.001000000000005,1.6509440001755138,0.17766500013749464,0.08342500041180756,0.0
pd,23:52:59.124,1310,-40.003,-89.999,0.0,-90.239,0.003,-0.02,0.0,0.0,0.0,0.0,0.0,0.0,-40.003,-110.0,0.0,-90.239,0.003,-0.02,-40.003,-97.999,0.0,-90.239,0.003,-0.02,0.0,-2010.451288196525,0.0,0.0,0.0,0.0,0.0,-8.0,0.0,0.0,0.0,0.0,0.0137698,-0.0068849,-0.0275396,4.7987753,-0.0137698,-1.1773179,0.01231013430998,0.004438583638528,-0.006137728937652,-0.0029491758242370003,-0.000258699633705,0.00258699633705,20.001000000000005,1.7874420000225655,0.1620539997020387,0.07511000012527802,0.0
pd,23:52:59.126,1311,-40.003,-89.999,0.0,-90.239,0.003,-0.02,0.0,0.0,0.0,0.0,0.0,0.0,-40.003,-110.0,0.0,-90.239,0.003,-0.02,-40.003,-97.999,0.0,-90.239,0.003,-0.02,0.0,-1459.5229230100044,0.0,0.0,0.0,0.0,0.0,-8.0,0.0,0.0,0.0,0.0,0.0137698,-0.0068849,-0.0275396,4.7987753,-0.0137698,-1.1773179,0.01231013430998,0.004438583638528,-0.006137728937652,-0.0029491758242370003,-0.000258699633705,0.00258699633705,20.001000000000005,1.8347190002714342,0.2242570003545552,0.07361000007222174,0.0
pd,23:52:59.129,1312,-40.003,-89.999,0.0,-90.239,0.003,-0.02,0.0,0.0,0.0,0.0,0.0,0.0,-40.003,-110.0,0.0,-90.239,0.003,-0.02,-40.003,-97.999,0.0,-90.239,0.003,-0.02,0.0,-1795.6990260087766,0.0,0.0,0.0,0.0,0.0,-8.0,0.0,0.0,0.0,0.0,0.0137698,-0.0068849,-0.0275396,4.7987753,-0.0137698,-1.1773179,0.01231013430998,0.004438583638528,-0.006137728937652,-0.0029491758242370003,-0.000258699633705,0.00258699633705,20.001000000000005,1.6743879996283795,0.1818310001908685,0.08005400013644248,0.0
pd,23:52:59.131,1313,-40.003,-89.999,0.0,-90.239,0.003,-0.02,0.0,0.0,0.0,0.0,0.0,0.0,-40.003,-110.0,0.0,-90.239,0.003,-0.02,-40.003,-97.999,0.0,-90.239,0.003,-0.02,0.0,-1987.586304940173,0.0,0.0,0.0,0.0,0.0,-8.0,0.0,0.0,0.0,0.0,0.0137698,-0.0068849,-0.0275396,4.7987753,-0.0137698,-1.1773179,0.01231013430998,0.004438583638528,-0.006137728937652,-0.0029491758242370003,-0.000258699633705,0.00258699633705,20.001000000000005,1.6631280000183324,0.1594430000295688,0.07294399983948097,0.0
pd,23:52:59.133,1314,-40.003,-89.999,0.0,-90.239,0.003,-0.02,0.0,0.0,0.0,0.0,0.0,0.0,-40.003,-110.0,0.0,-90.239,0.003,-0.02,-40.003,-97.999,0.0,-90.239,0.003,-0.02,0.0,-2031.631872124001,0.0,0.0,0.0,0.0,0.0,-8.0,0.0,0.0,0.0,0.0,0.0137698,-0.0068849,-0.0275396,4.7987753,-0.0137698,-1.1773179,0.01231013430998,0.004438583638528,-0.006137728937652,-0.0029491758242370003,-0.000258699633705,0.00258699633705,20.001000000000005,1.6764430001785513,0.14138799997454043,0.06033299996488495,0.0
pd,23:52:59.134,1315,-40.003,-89.999,0.0,-90.239,0.003,-0.02,0.0,0.0,0.0,0.0,0.0,0.0,-40.003,-110.0,0.0,-90.239,0.003,-0.02,-40.003,-97.999,0.0,-90.239,0.003,-0.02,0.0,-2058.554110429448,0.0,0.0,0.0,0.0,0.0,-8.0,0.0,0.0,0.0,0.0,0.0137698,-0.0068849,-0.0275396,4.7987753,-0.0137698,-1.1773179,0.01231013430998,0.004438583638528,-0.006137728937652,-0.0029491758242370003,-0.000258699633705,0.00258699633705,20.001000000000005,1.6235180000876426,0.14131299985820078,0.06333300007099751,0.0
pd,23:52:59.136,1316,-40.003,-89.999,0.0,-90.239,0.003,-0.02,0.0,0.0,0.0,0.0,0.0,0.0,-40.003,-110.0,0.0,-90.239,0.003,-0.02,-40.003,-97.999,0.0,-90.239,0.003,-0.02,0.0,-2109.5455802841693,0.0,0.0,0.0,0.0,0.0,-8.0,0.0,0.0,0.0,0.0,0.0137698,-0.0068849,-0.0275396,4.7987753,-0.0137698,-1.1773179,0.01231013430998,0.004438583638528,-0.006137728937652,-0.0029491758242370003,-0.000258699633705,0.00258699633705,20.001000000000005,1.6477029998895887,0.1390349998473539,0.06153599997560377,0.0
pd,23:52:59.138,1317,-40.003,-89.999,0.0,-90.239,0.003,-0.02,0.0,0.0,0.0,0.0,0.0,0.0,-40.003,-110.0,0.0,-90.239,0.003,-0.02,-40.003,-97.999,0.0,-90.239,0.003,-0.02,0.0,-2090.618816199377,0.0,0.0,0.0,0.0,0.0,-8.0,0.0,0.0,0.0,0.0,0.0137698,-0.0068849,-0.0275396,4.7987753,-0.0137698,-1.1773179,0.01231013430998,0.004438583638528,-0.006137728937652,-0.0029491758242370003,-0.000258699633705,0.00258699633705,20.001000000000005,1.6227399996751046,0.14244299973142915,0.06222100000741193,0.0
pd,23:52:59.140,1318,-40.003,-89.999,0.0,-90.239,0.003,-0.02,0.0,0.0,0.0,0.0,0.0,0.0,-40.003,-110.0,0.0,-90.239,0.003,-0.02,-40.003,-97.999,0.0,-90.239,0.003,-0.02,0.0,-2110.3416352201257,0.0,0.0,0.0,0.0,0.0,-8.0,0.0,0.0,0.0,0.0,0.0137698,-0.0068849,-0.0275396,4.7987753,-0.0137698,-1.1773179,0.01231013430998,0.004438583638528,-0.006137728937652,-0.0029491758242370003,-0.000258699633705,0.00258699633705,20.001000000000005,1.653110999995988,0.17931299998963368,0.07681400029468932,0.0
pd,23:52:59.142,1319,-40.003,-89.999,0.0,-90.239,0.003,-0.02,0.0,0.0,0.0,0.0,0.0,0.0,-40.003,-110.0,0.0,-90.239,0.003,-0.02,-40.003,-97.999,0.0,-90.239,0.003,-0.02,0.0,-2020.6209803685415,0.0,0.0,0.0,0.0,0.0,-8.0,0.0,0.0,0.0,0.0,0.0137698,-0.0068849,-0.0275396,4.7987753,-0.0137698,-1.1773179,0.01231013430998,0.004438583638528,-0.006137728937652,-0.0029491758242370003,-0.000258699633705,0.00258699633705,20.001000000000005,1.8969410002682707,0.202145000002929,0.09424000018043444,0.0
pd,23:52:59.144,1320,-40.003,-89.999,0.0,-90.239,0.003,-0.02,0.0,0.0,0.0,0.0,0.0,0.0,-40.003,-110.0,0.0,-90.239,0.003,-0.02,-40.003,-97.999,0.0,-90.239,0.003,-0.02,0.0,-1755.4897980537826,0.0,0.0,0.0,0.0,0.0,-8.0,0.0,0.0,0.0,0.0,0.0137698,-0.0068849,-0.0275396,4.7987753,-0.0137698,-1.1773179,0.01231013430998,0.004438583638528,-0.006137728937652,-0.0029491758242370003,-0.000258699633705,0.00258699633705,20.001000000000005,1.7050540000127512,0.14903500004948,0.064277000092261,0.0
pd,23:52:59.147,1321,-40.003,-89.999,0.0,-90.239,0.003,-0.02,0.0,0.0,0.0,0.0,0.0,0.0,-40.003,-110.0,0.0,-90.239,0.003,-0.02,-40.003,-97.999,0.0,-90.239,0.003,-0.02,0.0,-1487.737518843664,0.0,0.0,0.0,0.0,0.0,-8.0,0.0,0.0,0.0,0.0,0.0137698,-0.0068849,-0.0275396,4.7987753,-0.0137698,-1.1773179,0.01231013430998,0.004438583638528,-0.006137728937652,-0.0029491758242370003,-0.000258699633705,0.00258699633705,20.001000000000005,1.925310999922658,0.3178289998686523,0.08859100034896983,0.0
pd,23:52:59.150,1322,-40.003,-89.999,0.0,-90.239,0.003,-0.02,0.0,0.0,0.0,0.0,0.0,0.0,-40.003,-110.0,0.0,-90.239,0.003,-0.02,-40.003,-97.999,0.0,-90.239,0.003,-0.02,0.0,-1645.4703805413887,0.0,0.0,0.0,0.0,0.0,-8.0,0.0,0.0,0.0,0.0,0.0137698,-0.0068849,-0.0275396,4.7987753,-0.0137698,-1.1773179,0.01231013430998,0.004438583638528,-0.006137728937652,-0.0029491758242370003,-0.000258699633705,0.00258699633705,20.001000000000005,1.6577030000917148,0.14972000008128816,0.058443999932933366,0.0
pd,23:52:59.152,1323,-40.003,-89.999,0.0,-90.239,0.003,-0.02,0.0,0.0,0.0,0.0,0.0,0.0,-40.003,-110.0,0.0,-90.239,0.003,-0.02,-40.003,-97.999,0.0,-90.239,0.003,-0.02,0.0,-2071.516977404618,0.0,0.0,0.0,0.0,0.0,-8.0,0.0,0.0,0.0,0.0,0.0137698,-0.0068849,-0.0275396,4.7987753,-0.0137698,-1.1773179,0.01231013430998,0.004438583638528,-0.006137728937652,-0.0029491758242370003,-0.000258699633705,0.00258699633705,20.001000000000005,1.6660729997965973,0.15744200027256738,0.07112899993444444,0.0
pd,23:52:59.153,1324,-40.003,-89.999,0.0,-90.239,0.003,-0.02,0.0,0.0,0.0,0.0,0.0,0.0,-40.003,-110.0,0.0,-90.239,0.003,-0.02,-40.003,-97.999,0.0,-90.239,0.003,-0.02,0.0,-2035.5758311089542,0.0,0.0,0.0,0.0,0.0,-8.0,0.0,0.0,0.0,0.0,0.0137698,-0.0068849,-0.0275396,4.7987753,-0.0137698,-1.1773179,0.01231013430998,0.004438583638528,-0.006137728937652,-0.0029491758242370003,-0.000258699633705,0.00258699633705,20.001000000000005,1.6362400001526112,0.13077599987809663,0.055406999763363274,0.0
pd,23:52:59.155,1325,-40.003,-89.999,0.0,-90.239,0.003,-0.02,0.0,0.0,0.0,0.0,0.0,0.0,-40.003,-110.0,0.0,-90.239,0.003,-0.02,-40.003,-97.999,0.0,-90.239,0.003,-0.02,0.0,-2122.6234817813765,0.0,0.0,0.0,0.0,0.0,-8.0,0.0,0.0,0.0,0.0,0.0137698,-0.0068849,-0.0275396,4.7987753,-0.0137698,-1.1773179,0.01231013430998,0.004438583638528,-0.006137728937652,-0.0029491758242370003,-0.000258699633705,0.00258699633705,20.001000000000005,1.7121279997809324,0.15566499996566563,0.07246199993460323,0.0
pd,23:52:59.157,1326,-40.003,-89.999,0.0,-90.239,0.003,-0.02,0.0,0.0,0.0,0.0,0.0,0.0,-40.003,-110.0,0.0,-90.239,0.003,-0.02,-40.003,-97.999,0.0,-90.239,0.003,-0.02,0.0,-1986.4096613781671,0.0,0.0,0.0,0.0,0.0,-8.0,0.0,0.0,0.0,0.0,0.0137698,-0.0068849,-0.0275396,4.7987753,-0.0137698,-1.1773179,0.01231013430998,0.004438583638528,-0.006137728937652,-0.0029491758242370003,-0.000258699633705,0.00258699633705,20.001000000000005,1.6349620000255527,0.13481299993145512,0.06238800006030942,0.0
pd,23:52:59.159,1327,-40.003,-89.999,0.0,-90.239,0.003,-0.02,0.0,0.0,0.0,0.0,0.0,0.0,-40.003,-110.0,0.0,-90.239,0.003,-0.02,-40.003,-97.999,0.0,-90.239,0.003,-0.02,0.0,-2105.574297188755,0.0,0.0,0.0,0.0,0.0,-8.0,0.0,0.0,0.0,0.0,0.0137698,-0.0068849,-0.0275396,4.7987753,-0.0137698,-1.1773179,0.01231013430998,0.004438583638528,-0.006137728937652,-0.0029491758242370003,-0.000258699633705,0.00258699633705,20.001000000000005,1.6534619999220013,0.15088700001797406,0.06229600012375158,0.0
pd,23:52:59.161,1328,-40.003,-89.999,0.0,-90.239,0.003,-0.02,0.0,0.0,0.0,0.0,0.0,0.0,-40.003,-110.0,0.0,-90.239,0.003,-0.02,-40.003,-97.999,0.0,-90.239,0.003,-0.02,0.0,-2067.687453783584,0.0,0.0,0.0,0.0,0.0,-8.0,0.0,0.0,0.0,0.0,0.0137698,-0.0068849,-0.0275396,4.7987753,-0.0137698,-1.1773179,0.01231013430998,0.004438583638528,-0.006137728937652,-0.0029491758242370003,-0.000258699633705,0.00258699633705,20.001000000000005,1.6488699998262746,0.149831999806338,0.06846199994470226,0.0
pd,23:52:59.163,1329,-40.003,-89.999,0.0,-90.239,0.003,-0.02,0.0,0.0,0.0,0.0,0.0,0.0,-40.003,-110.0,0.0,-90.239,0.003,-0.02,-40.003,-97.999,0.0,-90.239,0.003,-0.02,0.0,-2065.6508249199705,0.0,0.0,0.0,0.0,0.0,-8.0,0.0,0.0,0.0,0.0,0.0137698,-0.0068849,-0.0275396,4.7987753,-0.0137698,-1.1773179,0.01231013430998,0.004438583638528,-0.006137728937652,-0.0029491758242370003,-0.000258699633705,0.00258699633705,20.001000000000005,1.6699249999874155,0.1449430001230212,0.06316600001810002,0.0
pd,23:52:59.165,1330,-40.003,-89.999,0.0,-90.239,0.003,-0.02,0.0,0.0,0.0,0.0,0.0,0.0,-40.003,-110.0,0.0,-90.239,0.003,-0.02,-40.003,-97.999,0.0,-90.239,0.003,-0.02,0.0,-2054.7723208818124,0.0,0.0,0.0,0.0,0.0,-8.0,0.0,0.0,0.0,0.0,0.0137698,-0.0068849,-0.0275396,4.7987753,-0.0137698,-1.1773179,0.01231013430998,0.004438583638528,-0.006137728937652,-0.0029491758242370003,-0.000258699633705,0.00258699633705,20.001000000000005,1.6221290002249589,0.12809200006813626,0.05494400011230027,0.0
pd,23:52:59.168,1331,-40.003,-89.999,0.0,-90.239,0.003,-0.02,0.0,0.0,0.0,0.0,0.0,0.0,-40.003,-110.0,0.0,-90.239,0.003,-0.02,-40.003,-97.999,0.0,-90.239,0.003,-0.02,0.0,-1577.5473436765396,0.0,0.0,0.0,0.0,0.0,-8.0,0.0,0.0,0.0,0.0,0.0137698,-0.0068849,-0.0275396,4.7987753,-0.0137698,-1.1773179,0.01231013430998,0.004438583638528,-0.006137728937652,-0.0029491758242370003,-0.000258699633705,0.00258699633705,20.001000000000005,2.1489009996003006,0.22921900017536245,0.10375800002293545,0.0
pd,23:52:59.170,1332,-40.003,-89.999,0.0,-90.239,0.003,-0.02,0.0,0.0,0.0,0.0,0.0,0.0,-40.003,-110.0,0.0,-90.239,0.003,-0.02,-40.003,-97.999,0.0,-90.239,0.003,-0.02,0.0,-1551.1479289940828,0.0,0.0,0.0,0.0,0.0,-8.0,0.0,0.0,0.0,0.0,0.0137698,-0.0068849,-0.0275396,4.7987753,-0.0137698,-1.1773179,0.01231013430998,0.004438583638528,-0.006137728937652,-0.0029491758242370003,-0.000258699633705,0.00258699633705,20.001000000000005,1.670628999818291,0.1390170000377111,0.05851700007042382,0.0
pd,23:52:59.172,1333,-40.003,-89.999,0.0,-90.239,0.003,-0.02,0.0,0.0,0.0,0.0,0.0,0.0,-40.003,-110.0,0.0,-90.239,0.003,-0.02,-40.003,-97.999,0.0,-90.239,0.003,-0.02,0.0,-2068.707274969174,0.0,0.0,0.0,0.0,0.0,-8.0,0.0,0.0,0.0,0.0,0.0137698,-0.0068849,-0.0275396,4.7987753,-0.0137698,-1.1773179,0.01231013430998,0.004438583638528,-0.006137728937652,-0.0029491758242370003,-0.000258699633705,0.00258699633705,20.001000000000005,1.7041650003193354,0.1673310002843209,0.07523900012529339,0.0
pd,23:52:59.174,1334,-40.003,-89.999,0.0,-90.239,0.003,-0.02,0.0,0.0,0.0,0.0,0.0,0.0,-40.003,-110.0,0.0,-90.239,0.003,-0.02,-40.003,-97.999,0.0,-90.239,0.003,-0.02,0.0,-1979.3789523360076,0.0,0.0,0.0,0.0,0.0,-8.0,0.0,0.0,0.0,0.0,0.0137698,-0.0068849,-0.0275396,4.7987753,-0.0137698,-1.1773179,0.01231013430998,0.004438583638528,-0.006137728937652,-0.0029491758242370003,-0.000258699633705,0.00258699633705,20.001000000000005,1.7384610000590328,0.17009099974529818,0.12342399986664532,0.0
pd,23:52:59.176,1335,-40.003,-89.999,0.0,-90.239,0.003,-0.02,0.0,0.0,0.0,0.0,0.0,0.0,-40.003,-110.0,0.0,-90.239,0.003,-0.02,-40.003,-97.999,0.0,-90.239,0.003,-0.02,0.0,-1899.3791463828825,0.0,0.0,0.0,0.0,0.0,-8.0,0.0,0.0,0.0,0.0,0.0137698,-0.0068849,-0.0275396,4.7987753,-0.0137698,-1.1773179,0.01231013430998,0.004438583638528,-0.006137728937652,-0.0029491758242370003,-0.000258699633705,0.00258699633705,20.001000000000005,1.6996459999063518,0.1498309998169134,0.06707300008201855,0.0
pd,23:52:59.178,1336,-40.003,-89.999,0.0,-90.239,0.003,-0.02,0.0,0.0,0.0,0.0,0.0,0.0,-40.003,-110.0,0.0,-90.239,0.003,-0.02,-40.003,-97.999,0.0,-90.239,0.003,-0.02,0.0,-2014.3133629487334,0.0,0.0,0.0,0.0,0.0,-8.0,0.0,0.0,0.0,0.0,0.0137698,-0.0068849,-0.0275396,4.7987753,-0.0137698,-1.1773179,0.01231013430998,0.004438583638528,-0.006137728937652,-0.0029491758242370003,-0.000258699633705,0.00258699633705,20.001000000000005,1.6350549999515351,0.13546099989980576,0.061314000049605966,0.0
pd,23:52:59.180,1337,-40.003,-89.999,0.0,-90.239,0.003,-0.02,0.0,0.0,0.0,0.0,0.0,0.0,-40.003,-110.0,0.0,-90.239,0.003,-0.02,-40.003,-97.999,0.0,-90.239,0.003,-0.02,0.0,-2110.8726723704076,0.0,0.0,0.0,0.0,0.0,-8.0,0.0,0.0,0.0,0.0,0.0137698,-0.0068849,-0.0275396,4.7987753,-0.0137698,-1.1773179,0.01231013430998,0.004438583638528,-0.006137728937652,-0.0029491758242370003,-0.000258699633705,0.00258699633705,20.001000000000005,1.6548139997212274,0.1399610000589746,0.061591999838128686,0.0
pd,23:52:59.182,1338,-40.003,-89.999,0.0,-90.239,0.003,-0.02,0.0,0.0,0.0,0.0,0.0,0.0,-40.003,-110.0,0.0,-90.239,0.003,-0.02,-40.003,-97.999,0.0,-90.239,0.003,-0.02,0.0,-2081.0240635078144,0.0,0.0,0.0,0.0,0.0,-8.0,0.0,0.0,0.0,0.0,0.0137698,-0.0068849,-0.0275396,4.7987753,-0.0137698,-1.1773179,0.01231013430998,0.004438583638528,-0.006137728937652,-0.0029491758242370003,-0.000258699633705,0.00258699633705,20.001000000000005,1.6271099998448335,0.14416499971048324,0.0659990000713151,0.0
pd,23:52:59.184,1339,-40.003,-89.999,0.0,-90.239,0.003,-0.02,0.0,0.0,0.0,0.0,0.0,0.0,-40.003,-110.0,0.0,-90.239,0.003,-0.02,-40.003,-97.999,0.0,-90.239,0.003,-0.02,0.0,-2098.9886150381585,0.0,0.0,0.0,0.0,0.0,-8.0,0.0,0.0,0.0,0.0,0.0137698,-0.0068849,-0.0275396,4.7987753,-0.0137698,-1.1773179,0.01231013430998,0.004438583638528,-0.006137728937652,-0.0029491758242370003,-0.000258699633705,0.00258699633705,20.001000000000005,1.6710729996702867,0.14210999961505877,0.059128999964741524,0.0
pd,23:52:59.186,1340,-40.003,-89.999,0.0,-90.239,0.003,-0.02,0.0,0.0,0.0,0.0,0.0,0.0,-40.003,-110.0,0.0,-90.239,0.003,-0.02,-40.003,-97.999,0.0,-90.239,0.003,-0.02,0.0,-2063.6182041820416,0.0,0.0,0.0,0.0,0.0,-8.0,0.0,0.0,0.0,0.0,0.0137698,-0.0068849,-0.0275396,4.7987753,-0.0137698,-1.1773179,0.01231013430998,0.004438583638528,-0.006137728937652,-0.0029491758242370003,-0.000258699633705,0.00258699633705,20.001000000000005,1.654332000271097,0.15594199976476375,0.06936999989193282,0.0
pd,23:52:59.189,1341,-40.003,-89.999,0.0,-90.239,0.003,-0.02,0.0,0.0,0.0,0.0,0.0,0.0,-40.003,-110.0,0.0,-90.239,0.003,-0.02,-40.003,-97.999,0.0,-90.239,0.003,-0.02,0.0,-1522.019051075025,0.0,0.0,0.0,0.0,0.0,-8.0,0.0,0.0,0.0,0.0,0.0137698,-0.0068849,-0.0275396,4.7987753,-0.0137698,-1.1773179,0.01231013430998,0.004438583638528,-0.006137728937652,-0.0029491758242370003,-0.000258699633705,0.00258699633705,20.001000000000005,2.112548999775754,0.2727750002122775,0.08016600031623966,0.0
pd,23:52:59.191,1342,-40.003,-89.999,0.0,-90.239,0.003,-0.02,0.0,0.0,0.0,0.0,0.0,0.0,-40.003,-110.0,0.0,-90.239,0.003,-0.02,-40.003,-97.999,0.0,-90.239,0.003,-0.02,0.0,-1560.2358411606062,0.0,0.0,0.0,0.0,0.0,-8.0,0.0,0.0,0.0,0.0,0.0137698,-0.0068849,-0.0275396,4.7987753,-0.0137698,-1.1773179,0.01231013430998,0.004438583638528,-0.006137728937652,-0.0029491758242370003,-0.000258699633705,0.00258699633705,20.001000000000005,1.7593679999663436,0.17888699994728086,0.08268400006272714,0.0
pd,23:52:59.193,1343,-40.003,-89.999,0.0,-90.239,0.003,-0.02,0.0,0.0,0.0,0.0,0.0,0.0,-40.003,-110.0,0.0,-90.239,0.003,-0.02,-40.003,-97.999,0.0,-90.239,0.003,-0.02,0.0,-1902.8259045026653,0.0,0.0,0.0,0.0,0.0,-8.0,0.0,0.0,0.0,0.0,0.0137698,-0.0068849,-0.0275396,4.7987753,-0.0137698,-1.1773179,0.01231013430998,0.004438583638528,-0.006137728937652,-0.0029491758242370003,-0.000258699633705,0.00258699633705,20.001000000000005,1.9452920000730956,0.1926830000229529,0.0932769999053562,0.0
pd,23:52:59.196,1344,-40.003,-89.999,0.0,-90.239,0.003,-0.02,0.0,0.0,0.0,0.0,0.0,0.0,-40.003,-110.0,0.0,-90.239,0.003,-0.02,-40.003,-97.999,0.0,-90.239,0.003,-0.02,0.0,-1727.1171505044265,0.0,0.0,0.0,0.0,0.0,-8.0,0.0,0.0,0.0,0.0,0.0137698,-0.0068849,-0.0275396,4.7987753,-0.0137698,-1.1773179,0.01231013430998,0.004438583638528,-0.006137728937652,-0.0029491758242370003,-0.000258699633705,0.00258699633705,20.001000000000005,1.810997000120551,0.16683099966030568,0.07505399980800576,0.0
pd,23:52:59.198,1345,-40.003,-89.999,0.0,-90.239,0.003,-0.02,0.0,0.0,0.0,0.0,0.0,0.0,-40.003,-110.0,0.0,-90.239,0.003,-0.02,-40.003,-97.999,0.0,-90.239,0.003,-0.02,0.0,-1878.7475923852185,0.0,0.0,0.0,0.0,0.0,-8.0,0.0,0.0,0.0,0.0,0.0137698,-0.0068849,-0.0275396,4.7987753,-0.0137698,-1.1773179,0.01231013430998,0.004438583638528,-0.006137728937652,-0.0029491758242370003,-0.000258699633705,0.00258699633705,20.001000000000005,1.6854430000421416,0.14838700008112937,0.06383299978551804,0.0
pd,23:52:59.200,1346,-40.003,-89.999,0.0,-90.239,0.003,-0.02,0.0,0.0,0.0,0.0,0.0,0.0,-40.003,-110.0,0.0,-90.239,0.003,-0.02,-40.003,-97.999,0.0,-90.239,0.003,-0.02,0.0,-2036.0699029126213,0.0,0.0,0.0,0.0,0.0,-8.0,0.0,0.0,0.0,0.0,0.0137698,-0.0068849,-0.0275396,4.7987753,-0.0137698,-1.1773179,0.01231013430998,0.004438583638528,-0.006137728937652,-0.0029491758242370003,-0.000258699633705,0.00258699633705,20.001000000000005,1.8494219998501649,0.16744300000937073,0.07905500024207868,0.0
pd,23:52:59.202,1347,-40.003,-89.999,0.0,-90.239,0.003,-0.02,0.0,0.0,0.0,0.0,0.0,0.0,-40.003,-110.0,0.0,-90.239,0.003,-0.02,-40.003,-97.999,0.0,-90.239,0.003,-0.02,0.0,-1842.0307422046553,0.0,0.0,0.0,0.0,0.0,-8.0,0.0,0.0,0.0,0.0,0.0137698,-0.0068849,-0.0275396,4.7987753,-0.0137698,-1.1773179,0.01231013430998,0.004438583638528,-0.006137728937652,-0.0029491758242370003,-0.000258699633705,0.00258699633705,20.001000000000005,1.685053999608499,0.15164600017669727,0.06686999995508813,0.0
pd,23:52:59.204,1348,-40.003,-89.999,0.0,-90.239,0.003,-0.02,0.0,0.0,0.0,0.0,0.0,0.0,-40.003,-110.0,0.0,-90.239,0.003,-0.02,-40.003,-97.999,0.0,-90.239,0.003,-0.02,0.0,-2026.723363131191,0.0,0.0,0.0,0.0,0.0,-8.0,0.0,0.0,0.0,0.0,0.0137698,-0.0068849,-0.0275396,4.7987753,-0.0137698,-1.1773179,0.01231013430998,0.004438583638528,-0.006137728937652,-0.0029491758242370003,-0.000258699633705,0.00258699633705,20.001000000000005,1.8348669996157696,0.15731300027255202,0.07022099998721387,0.0
pd,23:52:59.206,1349,-40.003,-89.999,0.0,-90.239,0.003,-0.02,0.0,0.0,0.0,0.0,0.0,0.0,-40.003,-110.0,0.0,-90.239,0.003,-0.02,-40.003,-97.999,0.0,-90.239,0.003,-0.02,0.0,-1873.5026242322724,0.0,0.0,0.0,0.0,0.0,-8.0,0.0,0.0,0.0,0.0,0.0137698,-0.0068849,-0.0275396,4.7987753,-0.0137698,-1.1773179,0.01231013430998,0.004438583638528,-0.006137728937652,-0.0029491758242370003,-0.000258699633705,0.00258699633705,20.001000000000005,1.6714609996597574,0.1283510000575916,0.06353700018735253,0.0
pd,23:52:59.208,1350,-40.003,-89.999,0.0,-90.239,0.003,-0.02,0.0,0.0,0.0,0.0,0.0,0.0,-40.003,-110.0,0.0,-90.239,0.003,-0.02,-40.003,-97.999,0.0,-90.239,0.003,-0.02,0.0,-2075.87428854244,0.0,0.0,0.0,0.0,0.0,-8.0,0.0,0.0,0.0,0.0,0.0137698,-0.0068849,-0.0275396,4.7987753,-0.0137698,-1.1773179,0.01231013430998,0.004438583638528,-0.006137728937652,-0.0029491758242370003,-0.000258699633705,0.00258699633705,20.001000000000005,1.7314230003648845,0.1530720001028385,0.06746200006091385,0.0
pd,23:52:59.211,1351,-40.003,-89.999,0.0,-90.239,0.003,-0.02,0.0,0.0,0.0,0.0,0.0,0.0,-40.003,-110.0,0.0,-90.239,0.003,-0.02,-40.003,-97.999,0.0,-90.239,0.003,-0.02,0.0,-1460.2851423100358,0.0,0.0,0.0,0.0,0.0,-8.0,0.0,0.0,0.0,0.0,0.0137698,-0.0068849,-0.0275396,4.7987753,-0.0137698,-1.1773179,0.01231013430998,0.004438583638528,-0.006137728937652,-0.0029491758242370003,-0.000258699633705,0.00258699633705,20.001000000000005,1.8973850001202663,0.30568100009986665,0.09587000022293068,0.0
pd,23:52:59.213,1352,-40.003,-89.999,0.0,-90.239,0.003,-0.02,0.0,0.0,0.0,0.0,0.0,0.0,-40.003,-110.0,0.0,-90.239,0.003,-0.02,-40.003,-97.999,0.0,-90.239,0.003,-0.02,0.0,-1668.8765542624092,0.0,0.0,0.0,0.0,0.0,-8.0,0.0,0.0,0.0,0.0,0.0137698,-0.0068849,-0.0275396,4.7987753,-0.0137698,-1.1773179,0.01231013430998,0.004438583638528,-0.006137728937652,-0.0029491758242370003,-0.000258699633705,0.00258699633705,20.001000000000005,1.7371459998685168,0.16053499984991504,0.0645179998173262,0.0
pd,23:52:59.215,1353,-40.003,-89.999,0.0,-90.239,0.003,-0.02,0.0,0.0,0.0,0.0,0.0,0.0,-40.003,-110.0,0.0,-90.239,0.003,-0.02,-40.003,-97.999,0.0,-90.239,0.003,-0.02,0.0,-1967.0789072575917,0.0,0.0,0.0,0.0,0.0,-8.0,0.0,0.0,0.0,0.0,0.0137698,-0.0068849,-0.0275396,4.7987753,-0.0137698,-1.1773179,0.01231013430998,0.004438583638528,-0.006137728937652,-0.0029491758242370003,-0.000258699633705,0.00258699633705,20.001000000000005,1.7424610000489338,0.15507200032516266,0.0694810000823054,0.0
pd,23:52:59.217,1354,-40.003,-89.999,0.0,-90.239,0.003,-0.02,0.0,0.0,0.0,0.0,0.0,0.0,-40.003,-110.0,0.0,-90.239,0.003,-0.02,-40.003,-97.999,0.0,-90.239,0.003,-0.02,0.0,-1962.0180095895216,0.0,0.0,0.0,0.0,0.0,-8.0,0.0,0.0,0.0,0.0,0.0137698,-0.0068849,-0.0275396,4.7987753,-0.0137698,-1.1773179,0.01231013430998,0.004438583638528,-0.006137728937652,-0.0029491758242370003,-0.000258699633705,0.00258699633705,20.001000000000005,1.6826279997985694,0.13431299976218725,0.05775900035587256,0.0
pd,23:52:59.219,1355,-40.003,-89.999,0.0,-90.239,0.003,-0.02,0.0,0.0,0.0,0.0,0.0,0.0,-40.003,-110.0,0.0,-90.239,0.003,-0.02,-40.003,-97.999,0.0,-90.239,0.003,-0.02,0.0,-2061.8429396583506,0.0,0.0,0.0,0.0,0.0,-8.0,0.0,0.0,0.0,0.0,0.0137698,-0.0068849,-0.0275396,4.7987753,-0.0137698,-1.1773179,0.01231013430998,0.004438583638528,-0.006137728937652,-0.0029491758242370003,-0.000258699633705,0.00258699633705,20.001000000000005,2.010660999985703,0.19918299994969857,0.09696200004327693,0.0
pd,23:52:59.221,1356,-40.003,-89.999,0.0,-90.239,0.003,-0.02,0.0,0.0,0.0,0.0,0.0,0.0,-40.003,-110.0,0.0,-90.239,0.003,-0.02,-40.003,-97.999,0.0,-90.239,0.003,-0.02,0.0,-1670.5382853728966,0.0,0.0,0.0,0.0,0.0,-8.0,0.0,0.0,0.0,0.0,0.0137698,-0.0068849,-0.0275396,4.7987753,-0.0137698,-1.1773179,0.01231013430998,0.004438583638528,-0.006137728937652,-0.0029491758242370003,-0.000258699633705,0.00258699633705,20.001000000000005,1.7197390002365864,0.19605299985414604,0.09596100017006393,0.0
pd,23:52:59.223,1357,-40.003,-89.999,0.0,-90.239,0.003,-0.02,0.0,0.0,0.0,0.0,0.0,0.0,-40.003,-110.0,0.0,-90.239,0.003,-0.02,-40.003,-97.999,0.0,-90.239,0.003,-0.02,0.0,-1904.3377979568672,0.0,0.0,0.0,0.0,0.0,-8.0,0.0,0.0,0.0,0.0,0.0137698,-0.0068849,-0.0275396,4.7987753,-0.0137698,-1.1773179,0.01231013430998,0.004438583638528,-0.006137728937652,-0.0029491758242370003,-0.000258699633705,0.00258699633705,20.001000000000005,1.7653859999882116,0.2299779998793383,0.08199900003091898,0.0
pd,23:52:59.226,1358,-40.003,-89.999,0.0,-90.239,0.003,-0.02,0.0,0.0,0.0,0.0,0.0,0.0,-40.003,-110.0,0.0,-90.239,0.003,-0.02,-40.003,-97.999,0.0,-90.239,0.003,-0.02,0.0,-1856.5028217328759,0.0,0.0,0.0,0.0,0.0,-8.0,0.0,0.0,0.0,0.0,0.0137698,-0.0068849,-0.0275396,4.7987753,-0.0137698,-1.1773179,0.01231013430998,0.004438583638528,-0.006137728937652,-0.0029491758242370003,-0.000258699633705,0.00258699633705,20.001000000000005,1.6793879999568162,0.14342399981615017,0.057685000228957506,0.0
pd,23:52:59.228,1359,-40.003,-89.999,0.0,-90.239,0.003,-0.02,0.0,0.0,0.0,0.0,0.0,0.0,-40.003,-110.0,0.0,-90.239,0.003,-0.02,-40.003,-97.999,0.0,-90.239,0.003,-0.02,0.0,-2056.53542534935,0.0,0.0,0.0,0.0,0.0,-8.0,0.0,0.0,0.0,0.0,0.0137698,-0.0068849,-0.0275396,4.7987753,-0.0137698,-1.1773179,0.01231013430998,0.004438583638528,-0.006137728937652,-0.0029491758242370003,-0.000258699633705,0.00258699633705,20.001000000000005,1.7274430001634755,0.16588700009378954,0.07105499980752938,0.0
pd,23:52:59.230,1360,-40.003,-89.999,0.0,-90.239,0.003,-0.02,0.0,0.0,0.0,0.0,0.0,0.0,-40.003,-110.0,0.0,-90.239,0.003,-0.02,-40.003,-97.999,0.0,-90.239,0.003,-0.02,0.0,-1965.9264119990626,0.0,0.0,0.0,0.0,0.0,-8.0,0.0,0.0,0.0,0.0,0.0137698,-0.0068849,-0.0275396,4.7987753,-0.0137698,-1.1773179,0.01231013430998,0.004438583638528,-0.006137728937652,-0.0029491758242370003,-0.000258699633705,0.00258699633705,20.001000000000005,1.6227030000663945,0.12966499980393564,0.05564799994317582,0.0
pd,23:52:59.232,1361,-40.003,-89.999,0.0,-90.239,0.003,-0.02,0.0,0.0,0.0,0.0,0.0,0.0,-40.003,-110.0,0.0,-90.239,0.003,-0.02,-40.003,-97.999,0.0,-90.239,0.003,-0.02,0.0,-1567.6710895159783,0.0,0.0,0.0,0.0,0.0,-8.0,0.0,0.0,0.0,0.0,0.0137698,-0.0068849,-0.0275396,4.7987753,-0.0137698,-1.1773179,0.01231013430998,0.004438583638528,-0.006137728937652,-0.0029491758242370003,-0.000258699633705,0.00258699633705,20.001000000000005,1.9189029999324703,0.2303679998476582,0.09101700015889946,0.0
pd,23:52:59.235,1362,-40.003,-89.999,0.0,-90.239,0.003,-0.02,0.0,0.0,0.0,0.0,0.0,0.0,-40.003,-110.0,0.0,-90.239,0.003,-0.02,-40.003,-97.999,0.0,-90.239,0.003,-0.02,0.0,-1711.0878123406426,0.0,0.0,0.0,0.0,0.0,-8.0,0.0,0.0,0.0,0.0,0.0137698,-0.0068849,-0.0275396,4.7987753,-0.0137698,-1.1773179,0.01231013430998,0.004438583638528,-0.006137728937652,-0.0029491758242370003,-0.000258699633705,0.00258699633705,20.001000000000005,1.641609999751381,0.15764599993417505,0.06705400028295116,0.0
pd,23:52:59.236,1363,-40.003,-89.999,0.0,-90.239,0.003,-0.02,0.0,0.0,0.0,0.0,0.0,0.0,-40.003,-110.0,0.0,-90.239,0.003,-0.02,-40.003,-97.999,0.0,-90.239,0.003,-0.02,0.0,-2065.6508249199705,0.0,0.0,0.0,0.0,0.0,-8.0,0.0,0.0,0.0,0.0,0.0137698,-0.0068849,-0.0275396,4.7987753,-0.0137698,-1.1773179,0.01231013430998,0.004438583638528,-0.006137728937652,-0.0029491758242370003,-0.000258699633705,0.00258699633705,20.001000000000005,1.696460999937699,0.18081300004268996,0.08264699999926961,0.0
pd,23:52:59.238,1364,-40.003,-89.999,0.0,-90.239,0.003,-0.02,0.0,0.0,0.0,0.0,0.0,0.0,-40.003,-110.0,0.0,-90.239,0.003,-0.02,-40.003,-97.999,0.0,-90.239,0.003,-0.02,0.0,-1961.3299041384148,0.0,0.0,0.0,0.0,0.0,-8.0,0.0,0.0,0.0,0.0,0.0137698,-0.0068849,-0.0275396,4.7987753,-0.0137698,-1.1773179,0.01231013430998,0.004438583638528,-0.006137728937652,-0.0029491758242370003,-0.000258699633705,0.00258699633705,20.001000000000005,1.6319069995915925,0.15070200015543378,0.0673879999339988,0.0
pd,23:52:59.240,1365,-40.003,-89.999,0.0,-90.239,0.003,-0.02,0.0,0.0,0.0,0.0,0.0,0.0,-40.003,-110.0,0.0,-90.239,0.003,-0.02,-40.003,-97.999,0.0,-90.239,0.003,-0.02,0.0,-2083.0911348398313,0.0,0.0,0.0,0.0,0.0,-8.0,0.0,0.0,0.0,0.0,0.0137698,-0.0068849,-0.0275396,4.7987753,-0.0137698,-1.1773179,0.01231013430998,0.004438583638528,-0.006137728937652,-0.0029491758242370003,-0.000258699633705,0.00258699633705,20.001000000000005,1.6542029998163343,0.14464699961536098,0.06590700013475725,0.0
pd,23:52:59.242,1366,-40.003,-89.999,0.0,-90.239,0.003,-0.02,0.0,0.0,0.0,0.0,0.0,0.0,-40.003,-110.0,0.0,-90.239,0.003,-0.02,-40.003,-97.999,0.0,-90.239,0.003,-0.02,0.0,-2070.238894373149,0.0,0.0,0.0,0.0,0.0,-8.0,0.0,0.0,0.0,0.0,0.0137698,-0.0068849,-0.0275396,4.7987753,-0.0137698,-1.1773179,0.01231013430998,0.004438583638528,-0.006137728937652,-0.0029491758242370003,-0.000258699633705,0.00258699633705,20.001000000000005,1.6227030000663945,0.14810900029260665,0.06705500027237576,0.0
pd,23:52:59.244,1367,-40.003,-89.999,0.0,-90.239,0.003,-0.02,0.0,0.0,0.0,0.0,0.0,0.0,-40.003,-110.0,0.0,-90.239,0.003,-0.02,-40.003,-97.999,0.0,-90.239,0.003,-0.02,0.0,-2098.46353971232,0.0,0.0,0.0,0.0,0.0,-8.0,0.0,0.0,0.0,0.0,0.0137698,-0.0068849,-0.0275396,4.7987753,-0.0137698,-1.1773179,0.01231013430998,0.004438583638528,-0.006137728937652,-0.0029491758242370003,-0.000258699633705,0.00258699633705,20.001000000000005,1.9161810000696278,0.18890499995904975,0.08853600002112216,0.0
pd,23:52:59.247,1368,-40.003,-89.999,0.0,-90.239,0.003,-0.02,0.0,0.0,0.0,0.0,0.0,0.0,-40.003,-110.0,0.0,-90.239,0.003,-0.02,-40.003,-97.999,0.0,-90.239,0.003,-0.02,0.0,-1757.5126754661637,0.0,0.0,0.0,0.0,0.0,-8.0,0.0,0.0,0.0,0.0,0.0137698,-0.0068849,-0.0275396,4.7987753,-0.0137698,-1.1773179,0.01231013430998,0.004438583638528,-0.006137728937652,-0.0029491758242370003,-0.000258699633705,0.00258699633705,20.001000000000005,1.6348510002899275,0.13966500000606175,0.06270300036703702,0.0
pd,23:52:59.248,1369,-40.003,-89.999,0.0,-90.239,0.003,-0.02,0.0,0.0,0.0,0.0,0.0,0.0,-40.003,-110.0,0.0,-90.239,0.003,-0.02,-40.003,-97.999,0.0,-90.239,0.003,-0.02,0.0,-2098.201100550275,0.0,0.0,0.0,0.0,0.0,-8.0,0.0,0.0,0.0,0.0,0.0137698,-0.0068849,-0.0275396,4.7987753,-0.0137698,-1.1773179,0.01231013430998,0.004438583638528,-0.006137728937652,-0.0029491758242370003,-0.000258699633705,0.00258699633705,20.001000000000005,1.6886839998733194,0.16505300027347403,0.08203599963962915,0.0
pd,23:52:59.250,1370,-40.003,-89.999,0.0,-90.239,0.003,-0.02,0.0,0.0,0.0,0.0,0.0,0.0,-40.003,-110.0,0.0,-90.239,0.003,-0.02,-40.003,-97.999,0.0,-90.239,0.003,-0.02,0.0,-1986.4096613781671,0.0,0.0,0.0,0.0,0.0,-8.0,0.0,0.0,0.0,0.0,0.0137698,-0.0068849,-0.0275396,4.7987753,-0.0137698,-1.1773179,0.01231013430998,0.004438583638528,-0.006137728937652,-0.0029491758242370003,-0.000258699633705,0.00258699633705,20.001000000000005,1.73790500002724,0.16125799993460532,0.07042500010356889,0.0
pd,23:52:59.253,1371,-40.003,-89.999,0.0,-90.239,0.003,-0.02,0.0,0.0,0.0,0.0,0.0,0.0,-40.003,-110.0,0.0,-90.239,0.003,-0.02,-40.003,-97.999,0.0,-90.239,0.003,-0.02,0.0,-1413.0561778825906,0.0,0.0,0.0,0.0,0.0,-8.0,0.0,0.0,0.0,0.0,0.0137698,-0.0068849,-0.0275396,4.7987753,-0.0137698,-1.1773179,0.01231013430998,0.004438583638528,-0.006137728937652,-0.0029491758242370003,-0.000258699633705,0.00258699633705,20.001000000000005,1.838941000187333,0.22227599993129843,0.07072200014590635,0.0
pd,23:52:59.255,1372,-40.003,-89.999,0.0,-90.239,0.003,-0.02,0.0,0.0,0.0,0.0,0.0,0.0,-40.003,-110.0,0.0,-90.239,0.003,-0.02,-40.003,-97.999,0.0,-90.239,0.003,-0.02,0.0,-1796.6605268794174,0.0,0.0,0.0,0.0,0.0,-8.0,0.0,0.0,0.0,0.0,0.0137698,-0.0068849,-0.0275396,4.7987753,-0.0137698,-1.1773179,0.01231013430998,0.004438583638528,-0.006137728937652,-0.0029491758242370003,-0.000258699633705,0.00258699633705,20.001000000000005,1.6717389999030274,0.16090600001916755,0.07090599956427468,0.0
pd,23:52:59.257,1373,-40.003,-89.999,0.0,-90.239,0.003,-0.02,0.0,0.0,0.0,0.0,0.0,0.0,-40.003,-110.0,0.0,-90.239,0.003,-0.02,-40.003,-97.999,0.0,-90.239,0.003,-0.02,0.0,-2025.9891317473734,0.0,0.0,0.0,0.0,0.0,-8.0,0.0,0.0,0.0,0.0,0.0137698,-0.0068849,-0.0275396,4.7987753,-0.0137698,-1.1773179,0.01231013430998,0.004438583638528,-0.006137728937652,-0.0029491758242370003,-0.000258699633705,0.00258699633705,20.001000000000005,1.627332999760256,0.14736799994352623,0.06477699980678153,0.0
pd,23:52:59.259,1374,-40.003,-89.999,0.0,-90.239,0.003,-0.02,0.0,0.0,0.0,0.0,0.0,0.0,-40.003,-110.0,0.0,-90.239,0.003,-0.02,-40.003,-97.999,0.0,-90.239,0.003,-0.02,0.0,-2051.004400977995,0.0,0.0,0.0,0.0,0.0,-8.0,0.0,0.0,0.0,0.0,0.0137698,-0.0068849,-0.0275396,4.7987753,-0.0137698,-1.1773179,0.01231013430998,0.004438583638528,-0.006137728937652,-0.0029491758242370003,-0.000258699633705,0.00258699633705,20.001000000000005,1.6523319995940255,0.14257200018619187,0.06340700019791257,0.0
pd,23:52:59.261,1375,-40.003,-89.999,0.0,-90.239,0.003,-0.02,0.0,0.0,0.0,0.0,0.0,0.0,-40.003,-110.0,0.0,-90.239,0.003,-0.02,-40.003,-97.999,0.0,-90.239,0.003,-0.02,0.0,-2079.476450173525,0.0,0.0,0.0,0.0,0.0,-8.0,0.0,0.0,0.0,0.0,0.0137698,-0.0068849,-0.0275396,4.7987753,-0.0137698,-1.1773179,0.01231013430998,0.004438583638528,-0.006137728937652,-0.0029491758242370003,-0.000258699633705,0.00258699633705,20.001000000000005,1.616888000171457,0.131443000100262,0.05981399999654968,0.0
pd,23:52:59.263,1376,-40.003,-89.999,0.0,-90.239,0.003,-0.02,0.0,0.0,0.0,0.0,0.0,0.0,-40.003,-110.0,0.0,-90.239,0.003,-0.02,-40.003,-97.999,0.0,-90.239,0.003,-0.02,0.0,-2133.1488874761603,0.0,0.0,0.0,0.0,0.0,-8.0,0.0,0.0,0.0,0.0,0.0137698,-0.0068849,-0.0275396,4.7987753,-0.0137698,-1.1773179,0.01231013430998,0.004438583638528,-0.006137728937652,-0.0029491758242370003,-0.000258699633705,0.00258699633705,20.001000000000005,1.6453140001431166,0.15455399989150465,0.06457300014517386,0.0
pd,23:52:59.265,1377,-40.003,-89.999,0.0,-90.239,0.003,-0.02,0.0,0.0,0.0,0.0,0.0,0.0,-40.003,-110.0,0.0,-90.239,0.003,-0.02,-40.003,-97.999,0.0,-90.239,0.003,-0.02,0.0,-2068.45222537295,0.0,0.0,0.0,0.0,0.0,-8.0,0.0,0.0,0.0,0.0,0.0137698,-0.0068849,-0.0275396,4.7987753,-0.0137698,-1.1773179,0.01231013430998,0.004438583638528,-0.006137728937652,-0.0029491758242370003,-0.000258699633705,0.00258699633705,20.001000000000005,1.633517000300344,0.13735099992118194,0.05811100027131033,0.0
pd,23:52:59.267,1378,-40.003,-89.999,0.0,-90.239,0.003,-0.02,0.0,0.0,0.0,0.0,0.0,0.0,-40.003,-110.0,0.0,-90.239,0.003,-0.02,-40.003,-97.999,0.0,-90.239,0.003,-0.02,0.0,-2112.2014352259853,0.0,0.0,0.0,0.0,0.0,-8.0,0.0,0.0,0.0,0.0,0.0137698,-0.0068849,-0.0275396,4.7987753,-0.0137698,-1.1773179,0.01231013430998,0.004438583638528,-0.006137728937652,-0.0029491758242370003,-0.000258699633705,0.00258699633705,20.001000000000005,1.6303329998663685,0.14160899991111364,0.062074000197753776,0.0
pd,23:52:59.269,1379,-40.003,-89.999,0.0,-90.239,0.003,-0.02,0.0,0.0,0.0,0.0,0.0,0.0,-40.003,-110.0,0.0,-90.239,0.003,-0.02,-40.003,-97.999,0.0,-90.239,0.003,-0.02,0.0,-2105.8385841596587,0.0,0.0,0.0,0.0,0.0,-8.0,0.0,0.0,0.0,0.0,0.0137698,-0.0068849,-0.0275396,4.7987753,-0.0137698,-1.1773179,0.01231013430998,0.004438583638528,-0.006137728937652,-0.0029491758242370003,-0.000258699633705,0.00258699633705,20.001000000000005,1.8812919997799327,0.19609000037235091,0.09609099970475654,0.0
pd,23:52:59.271,1380,-40.003,-89.999,0.0,-90.239,0.003,-0.02,0.0,0.0,0.0,0.0,0.0,0.0,-40.003,-110.0,0.0,-90.239,0.003,-0.02,-40.003,-97.999,0.0,-90.239,0.003,-0.02,0.0,-1771.8044144049002,0.0,0.0,0.0,0.0,0.0,-8.0,0.0,0.0,0.0,0.0,0.0137698,-0.0068849,-0.0275396,4.7987753,-0.0137698,-1.1773179,0.01231013430998,0.004438583638528,-0.006137728937652,-0.0029491758242370003,-0.000258699633705,0.00258699633705,20.001000000000005,1.7047020000973134,0.14996199979577796,0.06433200042010867,0.0
pd,23:52:59.274,1381,-40.003,-89.999,0.0,-90.239,0.003,-0.02,0.0,0.0,0.0,0.0,0.0,0.0,-40.003,-110.0,0.0,-90.239,0.003,-0.02,-40.003,-97.999,0.0,-90.239,0.003,-0.02,0.0,-1478.950634696756,0.0,0.0,0.0,0.0,0.0,-8.0,0.0,0.0,0.0,0.0,0.0137698,-0.0068849,-0.0275396,4.7987753,-0.0137698,-1.1773179,0.01231013430998,0.004438583638528,-0.006137728937652,-0.0029491758242370003,-0.000258699633705,0.00258699633705,20.001000000000005,1.9110700000055658,0.323421999837592,0.09557300018059323,0.0
pd,23:52:59.276,1382,-40.003,-89.999,0.0,-90.239,0.003,-0.02,0.0,0.0,0.0,0.0,0.0,0.0,-40.003,-110.0,0.0,-90.239,0.003,-0.02,-40.003,-97.999,0.0,-90.239,0.003,-0.02,0.0,-1648.3804283749264,0.0,0.0,0.0,0.0,0.0,-8.0,0.0,0.0,0.0,0.0,0.0137698,-0.0068849,-0.0275396,4.7987753,-0.0137698,-1.1773179,0.01231013430998,0.004438583638528,-0.006137728937652,-0.0029491758242370003,-0.000258699633705,0.00258699633705,20.001000000000005,1.6905540001062036,0.1547940000818926,0.06966499995542108,0.0
pd,23:52:59.278,1383,-40.003,-89.999,0.0,-90.239,0.003,-0.02,0.0,0.0,0.0,0.0,0.0,0.0,-40.003,-110.0,0.0,-90.239,0.003,-0.02,-40.003,-97.999,0.0,-90.239,0.003,-0.02,0.0,-2012.1391220916287,0.0,0.0,0.0,0.0,0.0,-8.0,0.0,0.0,0.0,0.0,0.0137698,-0.0068849,-0.0275396,4.7987753,-0.0137698,-1.1773179,0.01231013430998,0.004438583638528,-0.006137728937652,-0.0029491758242370003,-0.000258699633705,0.00258699633705,20.001000000000005,1.6358329999093257,0.1460350003981148,0.0627399999757472,0.0
pd,23:52:59.280,1384,-40.003,-89.999,0.0,-90.239,0.003,-0.02,0.0,0.0,0.0,0.0,0.0,0.0,-40.003,-110.0,0.0,-90.239,0.003,-0.02,-40.003,-97.999,0.0,-90.239,0.003,-0.02,0.0,-2093.488395308211,0.0,0.0,0.0,0.0,0.0,-8.0,0.0,0.0,0.0,0.0,0.0137698,-0.0068849,-0.0275396,4.7987753,-0.0137698,-1.1773179,0.01231013430998,0.004438583638528,-0.006137728937652,-0.0029491758242370003,-0.000258699633705,0.00258699633705,20.001000000000005,1.690943000085099,0.14879499985909206,0.06485099993369658,0.0
pd,23:52:59.282,1385,-40.003,-89.999,0.0,-90.239,0.003,-0.02,0.0,0.0,0.0,0.0,0.0,0.0,-40.003,-110.0,0.0,-90.239,0.003,-0.02,-40.003,-97.999,0.0,-90.239,0.003,-0.02,0.0,-2028.4386410349414,0.0,0.0,0.0,0.0,0.0,-8.0,0.0,0.0,0.0,0.0,0.0137698,-0.0068849,-0.0275396,4.7987753,-0.0137698,-1.1773179,0.01231013430998,0.004438583638528,-0.006137728937652,-0.0029491758242370003,-0.000258699633705,0.00258699633705,20.001000000000005,1.6568510000070091,0.1513869997324946,0.06757299979653908,0.0
pd,23:52:59.284,1386,-40.003,-89.999,0.0,-90.239,0.003,-0.02,0.0,0.0,0.0,0.0,0.0,0.0,-40.003,-110.0,0.0,-90.239,0.003,-0.02,-40.003,-97.999,0.0,-90.239,0.003,-0.02,0.0,-2055.7794387942654,0.0,0.0,0.0,0.0,0.0,-8.0,0.0,0.0,0.0,0.0,0.0137698,-0.0068849,-0.0275396,4.7987753,-0.0137698,-1.1773179,0.01231013430998,0.004438583638528,-0.006137728937652,-0.0029491758242370003,-0.000258699633705,0.00258699633705,20.001000000000005,1.6725170003155654,0.139183000101184,0.06020299997544498,0.0
pd,23:52:59.286,1387,-40.003,-89.999,0.0,-90.239,0.003,-0.02,0.0,0.0,0.0,0.0,0.0,0.0,-40.003,-110.0,0.0,-90.239,0.003,-0.02,-40.003,-97.999,0.0,-90.239,0.003,-0.02,0.0,-2065.905184090629,0.0,0.0,0.0,0.0,0.0,-8.0,0.0,0.0,0.0,0.0,0.0137698,-0.0068849,-0.0275396,4.7987753,-0.0137698,-1.1773179,0.01231013430998,0.004438583638528,-0.006137728937652,-0.0029491758242370003,-0.000258699633705,0.00258699633705,20.001000000000005,1.6110369997477392,0.12449799987734878,0.054259000080492115,0.0
pd,23:52:59.288,1388,-40.003,-89.999,0.0,-90.239,0.003,-0.02,0.0,0.0,0.0,0.0,0.0,0.0,-40.003,-110.0,0.0,-90.239,0.003,-0.02,-40.003,-97.999,0.0,-90.239,0.003,-0.02,0.0,-2161.733797191084,0.0,0.0,0.0,0.0,0.0,-8.0,0.0,0.0,0.0,0.0,0.0137698,-0.0068849,-0.0275396,4.7987753,-0.0137698,-1.1773179,0.01231013430998,0.004438583638528,-0.006137728937652,-0.0029491758242370003,-0.000258699633705,0.00258699633705,20.001000000000005,1.6367769999305892,0.14694300034534535,0.06468400033554644,0.0
pd,23:52:59.290,1389,-40.003,-89.999,0.0,-90.239,0.003,-0.02,0.0,0.0,0.0,0.0,0.0,0.0,-40.003,-110.0,0.0,-90.239,0.003,-0.02,-40.003,-97.999,0.0,-90.239,0.003,-0.02,0.0,-2085.680755842864,0.0,0.0,0.0,0.0,0.0,-8.0,0.0,0.0,0.0,0.0,0.0137698,-0.0068849,-0.0275396,4.7987753,-0.0137698,-1.1773179,0.01231013430998,0.004438583638528,-0.006137728937652,-0.0029491758242370003,-0.000258699633705,0.00258699633705,20.001000000000005,1.6291100000671577,0.13555400028053555,0.06164800015540095,0.0
pd,23:52:59.292,1390,-40.003,-89.999,0.0,-90.239,0.003,-0.02,0.0,0.0,0.0,0.0,0.0,0.0,-40.003,-110.0,0.0,-90.239,0.003,-0.02,-40.003,-97.999,0.0,-90.239,0.003,-0.02,0.0,-2115.6640605296343,0.0,0.0,0.0,0.0,0.0,-8.0,0.0,0.0,0.0,0.0,0.0137698,-0.0068849,-0.0275396,4.7987753,-0.0137698,-1.1773179,0.01231013430998,0.004438583638528,-0.006137728937652,-0.0029491758242370003,-0.000258699633705,0.00258699633705,20.001000000000005,1.6439810001429578,0.14807300021857372,0.11962799999309937,0.0
pd,23:52:59.294,1391,-40.003,-89.999,0.0,-90.239,0.003,-0.02,0.0,0.0,0.0,0.0,0.0,0.0,-40.003,-110.0,0.0,-90.239,0.003,-0.02,-40.003,-97.999,0.0,-90.239,0.003,-0.02,0.0,-1493.1662513349947,0.0,0.0,0.0,0.0,0.0,-8.0,0.0,0.0,0.0,0.0,0.0137698,-0.0068849,-0.0275396,4.7987753,-0.0137698,-1.1773179,0.01231013430998,0.004438583638528,-0.006137728937652,-0.0029491758242370003,-0.000258699633705,0.00258699633705,20.001000000000005,2.123734000178956,0.2768479998849216,0.10525800007599173,0.0
pd,23:52:59.297,1392,-40.003,-89.999,0.0,-90.239,0.003,-0.02,0.0,0.0,0.0,0.0,0.0,0.0,-40.003,-110.0,0.0,-90.239,0.003,-0.02,-40.003,-97.999,0.0,-90.239,0.003,-0.02,0.0,-1537.0788822721026,0.0,0.0,0.0,0.0,0.0,-8.0,0.0,0.0,0.0,0.0,0.0137698,-0.0068849,-0.0275396,4.7987753,-0.0137698,-1.1773179,0.01231013430998,0.004438583638528,-0.006137728937652,-0.0029491758242370003,-0.000258699633705,0.00258699633705,20.001000000000005,1.6657950000080746,0.14770100005989661,0.06472099994425662,0.0
pd,23:52:59.299,1393,-40.003,-89.999,0.0,-90.239,0.003,-0.02,0.0,0.0,0.0,0.0,0.0,0.0,-40.003,-110.0,0.0,-90.239,0.003,-0.02,-40.003,-97.999,0.0,-90.239,0.003,-0.02,0.0,-2055.7794387942654,0.0,0.0,0.0,0.0,0.0,-8.0,0.0,0.0,0.0,0.0,0.0137698,-0.0068849,-0.0275396,4.7987753,-0.0137698,-1.1773179,0.01231013430998,0.004438583638528,-0.006137728937652,-0.0029491758242370003,-0.000258699633705,0.00258699633705,20.001000000000005,1.64638800015382,0.1719240003694722,0.0851469999361143,0.0
pd,23:52:59.301,1394,-40.003,-89.999,0.0,-90.239,0.003,-0.02,0.0,0.0,0.0,0.0,0.0,0.0,-40.003,-110.0,0.0,-90.239,0.003,-0.02,-40.003,-97.999,0.0,-90.239,0.003,-0.02,0.0,-2017.947558335338,0.0,0.0,0.0,0.0,0.0,-8.0,0.0,0.0,0.0,0.0,0.0137698,-0.0068849,-0.0275396,4.7987753,-0.0137698,-1.1773179,0.01231013430998,0.004438583638528,-0.006137728937652,-0.0029491758242370003,-0.000258699633705,0.00258699633705,20.001000000000005,1.7482569996900565,0.16709100009393296,0.07277599979715887,0.0
pd,23:52:59.303,1395,-40.003,-89.999,0.0,-90.239,0.003,-0.02,0.0,0.0,0.0,0.0,0.0,0.0,-40.003,-110.0,0.0,-90.239,0.003,-0.02,-40.003,-97.999,0.0,-90.239,0.003,-0.02,0.0,-1941.3580189770887,0.0,0.0,0.0,0.0,0.0,-8.0,0.0,0.0,0.0,0.0,0.0137698,-0.0068849,-0.0275396,4.7987753,-0.0137698,-1.1773179,0.01231013430998,0.004438583638528,-0.006137728937652,-0.0029491758242370003,-0.000258699633705,0.00258699633705,20.001000000000005,1.694442999905732,0.16288699998767697,0.07303700022021076,0.0
pd,23:52:59.305,1396,-40.003,-89.999,0.0,-90.239,0.003,-0.02,0.0,0.0,0.0,0.0,0.0,0.0,-40.003,-110.0,0.0,-90.239,0.003,-0.02,-40.003,-97.999,0.0,-90.239,0.003,-0.02,0.0,-1995.6245985488283,0.0,0.0,0.0,0.0,0.0,-8.0,0.0,0.0,0.0,0.0,0.0137698,-0.0068849,-0.0275396,4.7987753,-0.0137698,-1.1773179,0.01231013430998,0.004438583638528,-0.006137728937652,-0.0029491758242370003,-0.000258699633705,0.00258699633705,20.001000000000005,1.6324810003425227,0.13288700029079337,0.056351000239374116,0.0
pd,23:52:59.307,1397,-40.003,-89.999,0.0,-90.239,0.003,-0.02,0.0,0.0,0.0,0.0,0.0,0.0,-40.003,-110.0,0.0,-90.239,0.003,-0.02,-40.003,-97.999,0.0,-90.239,0.003,-0.02,0.0,-2123.9670844410684,0.0,0.0,0.0,0.0,0.0,-8.0,0.0,0.0,0.0,0.0,0.0137698,-0.0068849,-0.0275396,4.7987753,-0.0137698,-1.1773179,0.01231013430998,0.004438583638528,-0.006137728937652,-0.0029491758242370003,-0.000258699633705,0.00258699633705,20.001000000000005,1.6053510003075644,0.1515170001766819,0.06718400027239113,0.0
pd,23:52:59.309,1398,-40.003,-89.999,0.0,-90.239,0.003,-0.02,0.0,0.0,0.0,0.0,0.0,0.0,-40.003,-110.0,0.0,-90.239,0.003,-0.02,-40.003,-97.999,0.0,-90.239,0.003,-0.02,0.0,-2114.8639858817596,0.0,0.0,0.0,0.0,0.0,-8.0,0.0,0.0,0.0,0.0,0.0137698,-0.0068849,-0.0275396,4.7987753,-0.0137698,-1.1773179,0.01231013430998,0.004438583638528,-0.006137728937652,-0.0029491758242370003,-0.000258699633705,0.00258699633705,20.001000000000005,1.6289440000036848,0.14072100020712242,0.060758000017813174,0.0
pd,23:52:59.311,1399,-40.003,-89.999,0.0,-90.239,0.003,-0.02,0.0,0.0,0.0,0.0,0.0,0.0,-40.003,-110.0,0.0,-90.239,0.003,-0.02,-40.003,-97.999,0.0,-90.239,0.003,-0.02,0.0,-2110.607120392502,0.0,0.0,0.0,0.0,0.0,-8.0,0.0,0.0,0.0,0.0,0.0137698,-0.0068849,-0.0275396,4.7987753,-0.0137698,-1.1773179,0.01231013430998,0.004438583638528,-0.006137728937652,-0.0029491758242370003,-0.000258699633705,0.00258699633705,20.001000000000005,1.610870000149589,0.1260720000573201,0.05409200002759462,0.0
pd,23:52:59.313,1400,-40.003,-89.999,0.0,-90.239,0.003,-0.02,0.0,0.0,0.0,0.0,0.0,0.0,-40.003,-110.0,0.0,-90.239,0.003,-0.02,-40.003,-97.999,0.0,-90.239,0.003,-0.02,0.0,-2158.6742151312405,0.0,0.0,0.0,0.0,0.0,-8.0,0.0,0.0,0.0,0.0,0.0137698,-0.0068849,-0.0275396,4.7987753,-0.0137698,-1.1773179,0.01231013430998,0.004438583638528,-0.006137728937652,-0.0029491758242370003,-0.000258699633705,0.00258699633705,20.001000000000005,1.6552209999645129,0.1459430000068096,0.06535100010296446,0.0
pd,23:52:59.315,1401,-40.003,-89.999,0.0,-90.239,0.003,-0.02,0.0,0.0,0.0,0.0,0.0,0.0,-40.003,-110.0,0.0,-90.239,0.003,-0.02,-40.003,-97.999,0.0,-90.239,0.003,-0.02,0.0,-1525.7562750090942,0.0,0.0,0.0,0.0,0.0,-8.0,0.0,0.0,0.0,0.0,0.0137698,-0.0068849,-0.0275396,4.7987753,-0.0137698,-1.1773179,0.01231013430998,0.004438583638528,-0.006137728937652,-0.0029491758242370003,-0.000258699633705,0.00258699633705,20.001000000000005,1.8935520001832629,0.23309000016524806,0.08509200006301398,0.0
pd,23:52:59.317,1402,-40.003,-89.999,0.0,-90.239,0.003,-0.02,0.0,0.0,0.0,0.0,0.0,0.0,-40.003,-110.0,0.0,-90.239,0.003,-0.02,-40.003,-97.999,0.0,-90.239,0.003,-0.02,0.0,-1730.8589703910038,0.0,0.0,0.0,0.0,0.0,-8.0,0.0,0.0,0.0,0.0,0.0137698,-0.0068849,-0.0275396,4.7987753,-0.0137698,-1.1773179,0.01231013430998,0.004438583638528,-0.006137728937652,-0.0029491758242370003,-0.000258699633705,0.00258699633705,20.001000000000005,1.651090999985172,0.15823900002942537,0.0667580002300383,0.0
pd,23:52:59.319,1403,-40.003,-89.999,0.0,-90.239,0.003,-0.02,0.0,0.0,0.0,0.0,0.0,0.0,-40.003,-110.0,0.0,-90.239,0.003,-0.02,-40.003,-97.999,0.0,-90.239,0.003,-0.02,0.0,-2054.520695566985,0.0,0.0,0.0,0.0,0.0,-8.0,0.0,0.0,0.0,0.0,0.0137698,-0.0068849,-0.0275396,4.7987753,-0.0137698,-1.1773179,0.01231013430998,0.004438583638528,-0.006137728937652,-0.0029491758242370003,-0.000258699633705,0.00258699633705,20.001000000000005,2.00154999993174,0.20692399994004518,0.10462899990670849,0.0
pd,23:52:59.322,1404,-40.003,-89.999,0.0,-90.239,0.003,-0.02,0.0,0.0,0.0,0.0,0.0,0.0,-40.003,-110.0,0.0,-90.239,0.003,-0.02,-40.003,-97.999,0.0,-90.239,0.003,-0.02,0.0,-1665.3976573357156,0.0,0.0,0.0,0.0,0.0,-8.0,0.0,0.0,0.0,0.0,0.0137698,-0.0068849,-0.0275396,4.7987753,-0.0137698,-1.1773179,0.01231013430998,0.004438583638528,-0.006137728937652,-0.0029491758242370003,-0.000258699633705,0.00258699633705,20.001000000000005,1.7015539997373708,0.14105399986874545,0.07168399997681263,0.0
pd,23:52:59.324,1405,-40.003,-89.999,0.0,-90.239,0.003,-0.02,0.0,0.0,0.0,0.0,0.0,0.0,-40.003,-110.0,0.0,-90.239,0.003,-0.02,-40.003,-97.999,0.0,-90.239,0.003,-0.02,0.0,-2010.451288196525,0.0,0.0,0.0,0.0,0.0,-8.0,0.0,0.0,0.0,0.0,0.0137698,-0.0068849,-0.0275396,4.7987753,-0.0137698,-1.1773179,0.01231013430998,0.004438583638528,-0.006137728937652,-0.0029491758242370003,-0.000258699633705,0.00258699633705,20.001000000000005,1.7734240000208956,0.18866400023398455,0.08409199972447823,0.0
pd,23:52:59.326,1406,-40.003,-89.999,0.0,-90.239,0.003,-0.02,0.0,0.0,0.0,0.0,0.0,0.0,-40.003,-110.0,0.0,-90.239,0.003,-0.02,-40.003,-97.999,0.0,-90.239,0.003,-0.02,0.0,-1845.4753052469475,0.0,0.0,0.0,0.0,0.0,-8.0,0.0,0.0,0.0,0.0,0.0137698,-0.0068849,-0.0275396,4.7987753,-0.0137698,-1.1773179,0.01231013430998,0.004438583638528,-0.006137728937652,-0.0029491758242370003,-0.000258699633705,0.00258699633705,20.001000000000005,1.781682999990153,0.2076830000987684,0.07248099973367061,0.0
pd,23:52:59.328,1407,-40.003,-89.999,0.0,-90.239,0.003,-0.02,0.0,0.0,0.0,0.0,0.0,0.0,-40.003,-110.0,0.0,-90.239,0.003,-0.02,-40.003,-97.999,0.0,-90.239,0.003,-0.02,0.0,-1874.3398502960563,0.0,0.0,0.0,0.0,0.0,-8.0,0.0,0.0,0.0,0.0,0.0137698,-0.0068849,-0.0275396,4.7987753,-0.0137698,-1.1773179,0.01231013430998,0.004438583638528,-0.006137728937652,-0.0029491758242370003,-0.000258699633705,0.00258699633705,20.001000000000005,1.7359980001856457,0.15923899991321377,0.07077700001900666,0.0
pd,23:52:59.330,1408,-40.003,-89.999,0.0,-90.239,0.003,-0.02,0.0,0.0,0.0,0.0,0.0,0.0,-40.003,-110.0,0.0,-90.239,0.003,-0.02,-40.003,-97.999,0.0,-90.239,0.003,-0.02,0.0,-1963.625468164794,0.0,0.0,0.0,0.0,0.0,-8.0,0.0,0.0,0.0,0.0,0.0137698,-0.0068849,-0.0275396,4.7987753,-0.0137698,-1.1773179,0.01231013430998,0.004438583638528,-0.006137728937652,-0.0029491758242370003,-0.000258699633705,0.00258699633705,20.001000000000005,1.6678320002938563,0.13064599988865666,0.058629000250221,0.0
pd,23:52:59.332,1409,-40.003,-89.999,0.0,-90.239,0.003,-0.02,0.0,0.0,0.0,0.0,0.0,0.0,-40.003,-110.0,0.0,-90.239,0.003,-0.02,-40.003,-97.999,0.0,-90.239,0.003,-0.02,0.0,-2081.2822230492493,0.0,0.0,0.0,0.0,0.0,-8.0,0.0,0.0,0.0,0.0,0.0137698,-0.0068849,-0.0275396,4.7987753,-0.0137698,-1.1773179,0.01231013430998,0.004438583638528,-0.006137728937652,-0.0029491758242370003,-0.000258699633705,0.00258699633705,20.001000000000005,1.6296839999085933,0.13397999964581686,0.07851800000935327,0.0
pd,23:52:59.334,1410,-40.003,-89.999,0.0,-90.239,0.003,-0.02,0.0,0.0,0.0,0.0,0.0,0.0,-40.003,-110.0,0.0,-90.239,0.003,-0.02,-40.003,-97.999,0.0,-90.239,0.003,-0.02,0.0,-2088.5367857587453,0.0,0.0,0.0,0.0,0.0,-8.0,0.0,0.0,0.0,0.0,0.0137698,-0.0068849,-0.0275396,4.7987753,-0.0137698,-1.1773179,0.01231013430998,0.004438583638528,-0.006137728937652,-0.0029491758242370003,-0.000258699633705,0.00258699633705,20.001000000000005,1.6368139999940468,0.14458999976341147,0.056184000186476624,0.0
pd,23:52:59.337,1411,-40.003,-89.999,0.0,-90.239,0.003,-0.02,0.0,0.0,0.0,0.0,0.0,0.0,-40.003,-110.0,0.0,-90.239,0.003,-0.02,-40.003,-97.999,0.0,-90.239,0.003,-0.02,0.0,-1543.4421343146273,0.0,0.0,0.0,0.0,0.0,-8.0,0.0,0.0,0.0,0.0,0.0137698,-0.0068849,-0.0275396,4.7987753,-0.0137698,-1.1773179,0.01231013430998,0.004438583638528,-0.006137728937652,-0.0029491758242370003,-0.000258699633705,0.00258699633705,20.001000000000005,1.8990889998349303,0.22784900011174614,0.07890699998824857,0.0
pd,23:52:59.339,1412,-40.003,-89.999,0.0,-90.239,0.003,-0.02,0.0,0.0,0.0,0.0,0.0,0.0,-40.003,-110.0,0.0,-90.239,0.003,-0.02,-40.003,-97.999,0.0,-90.239,0.003,-0.02,0.0,-1737.8512533664803,0.0,0.0,0.0,0.0,0.0,-8.0,0.0,0.0,0.0,0.0,0.0137698,-0.0068849,-0.0275396,4.7987753,-0.0137698,-1.1773179,0.01231013430998,0.004438583638528,-0.006137728937652,-0.0029491758242370003,-0.000258699633705,0.00258699633705,20.001000000000005,1.646590999826003,0.18946099999084254,0.07498000013583805,0.0
pd,23:52:59.341,1413,-40.003,-89.999,0.0,-90.239,0.003,-0.02,0.0,0.0,0.0,0.0,0.0,0.0,-40.003,-110.0,0.0,-90.239,0.003,-0.02,-40.003,-97.999,0.0,-90.239,0.003,-0.02,0.0,-2012.1391220916287,0.0,0.0,0.0,0.0,0.0,-8.0,0.0,0.0,0.0,0.0,0.0137698,-0.0068849,-0.0275396,4.7987753,-0.0137698,-1.1773179,0.01231013430998,0.004438583638528,-0.006137728937652,-0.0029491758242370003,-0.000258699633705,0.00258699633705,20.001000000000005,1.635961999909341,0.18470199984221836,0.06181399976412649,0.0
pd,23:52:59.343,1414,-40.003,-89.999,0.0,-90.239,0.003,-0.02,0.0,0.0,0.0,0.0,0.0,0.0,-40.003,-110.0,0.0,-90.239,0.003,-0.02,-40.003,-97.999,0.0,-90.239,0.003,-0.02,0.0,-2049.7514966401955,0.0,0.0,0.0,0.0,0.0,-8.0,0.0,0.0,0.0,0.0,0.0137698,-0.0068849,-0.0275396,4.7987753,-0.0137698,-1.1773179,0.01231013430998,0.004438583638528,-0.006137728937652,-0.0029491758242370003,-0.000258699633705,0.00258699633705,20.001000000000005,1.629629000035493,0.1770349999787868,0.0777770001150202,0.0
pd,23:52:59.345,1415,-40.003,-89.999,0.0,-90.239,0.003,-0.02,0.0,0.0,0.0,0.0,0.0,0.0,-40.003,-110.0,0.0,-90.239,0.003,-0.02,-40.003,-97.999,0.0,-90.239,0.003,-0.02,0.0,-2044.5059712405557,0.0,0.0,0.0,0.0,0.0,-8.0,0.0,0.0,0.0,0.0,0.0137698,-0.0068849,-0.0275396,4.7987753,-0.0137698,-1.1773179,0.01231013430998,0.004438583638528,-0.006137728937652,-0.0029491758242370003,-0.000258699633705,0.00258699633705,20.001000000000005,1.9060889999309438,0.19755299990720232,0.09651800019128132,0.0
pd,23:52:59.347,1416,-40.003,-89.999,0.0,-90.239,0.003,-0.02,0.0,0.0,0.0,0.0,0.0,0.0,-40.003,-110.0,0.0,-90.239,0.003,-0.02,-40.003,-97.999,0.0,-90.239,0.003,-0.02,0.0,-1747.6266666666668,0.0,0.0,0.0,0.0,0.0,-8.0,0.0,0.0,0.0,0.0,0.0137698,-0.0068849,-0.0275396,4.7987753,-0.0137698,-1.1773179,0.01231013430998,0.004438583638528,-0.006137728937652,-0.0029491758242370003,-0.000258699633705,0.00258699633705,20.001000000000005,1.724923999972816,0.15583200001856312,0.07038800004011136,0.0
pd,23:52:59.349,1417,-40.003,-89.999,0.0,-90.239,0.003,-0.02,0.0,0.0,0.0,0.0,0.0,0.0,-40.003,-110.0,0.0,-90.239,0.003,-0.02,-40.003,-97.999,0.0,-90.239,0.003,-0.02,0.0,-1977.2794342958161,0.0,0.0,0.0,0.0,0.0,-8.0,0.0,0.0,0.0,0.0,0.0137698,-0.0068849,-0.0275396,4.7987753,-0.0137698,-1.1773179,0.01231013430998,0.004438583638528,-0.006137728937652,-0.0029491758242370003,-0.000258699633705,0.00258699633705,20.001000000000005,1.662183999997069,0.1749429998199048,0.07748000007268274,0.0
pd,23:52:59.351,1418,-40.003,-89.999,0.0,-90.239,0.003,-0.02,0.0,0.0,0.0,0.0,0.0,0.0,-40.003,-110.0,0.0,-90.239,0.003,-0.02,-40.003,-97.999,0.0,-90.239,0.003,-0.02,0.0,-2009.2474251497006,0.0,0.0,0.0,0.0,0.0,-8.0,0.0,0.0,0.0,0.0,0.0137698,-0.0068849,-0.0275396,4.7987753,-0.0137698,-1.1773179,0.01231013430998,0.004438583638528,-0.006137728937652,-0.0029491758242370003,-0.000258699633705,0.00258699633705,20.001000000000005,1.7772750002222892,0.16096100034701522,0.07277700024133082,0.0
pd,23:52:59.353,1419,-40.003,-89.999,0.0,-90.239,0.003,-0.02,0.0,0.0,0.0,0.0,0.0,0.0,-40.003,-110.0,0.0,-90.239,0.003,-0.02,-40.003,-97.999,0.0,-90.239,0.003,-0.02,0.0,-1918.9312592931487,0.0,0.0,0.0,0.0,0.0,-8.0,0.0,0.0,0.0,0.0,0.0137698,-0.0068849,-0.0275396,4.7987753,-0.0137698,-1.1773179,0.01231013430998,0.004438583638528,-0.006137728937652,-0.0029491758242370003,-0.000258699633705,0.00258699633705,20.001000000000005,1.6472759998578113,0.15122100012376904,0.06814700009272201,0.0
pd,23:52:59.355,1420,-40.003,-89.999,0.0,-90.239,0.003,-0.02,0.0,0.0,0.0,0.0,0.0,0.0,-40.003,-110.0,0.0,-90.239,0.003,-0.02,-40.003,-97.999,0.0,-90.239,0.003,-0.02,0.0,-2064.634014275166,0.0,0.0,0.0,0.0,0.0,-8.0,0.0,0.0,0.0,0.0,0.0137698,-0.0068849,-0.0275396,4.7987753,-0.0137698,-1.1773179,0.01231013430998,0.004438583638528,-0.006137728937652,-0.0029491758242370003,-0.000258699633705,0.00258699633705,20.001000000000005,1.6653130001031968,0.13707300013265922,0.05822100001751096,0.0
pd,23:52:59.358,1421,-40.003,-89.999,0.0,-90.239,0.003,-0.02,0.0,0.0,0.0,0.0,0.0,0.0,-40.003,-110.0,0.0,-90.239,0.003,-0.02,-40.003,-97.999,0.0,-90.239,0.003,-0.02,0.0,-1488.5295004879779,0.0,0.0,0.0,0.0,0.0,-8.0,0.0,0.0,0.0,0.0,0.0137698,-0.0068849,-0.0275396,4.7987753,-0.0137698,-1.1773179,0.01231013430998,0.004438583638528,-0.006137728937652,-0.0029491758242370003,-0.000258699633705,0.00258699633705,20.001000000000005,1.8525709997447848,0.22818200022811652,0.08196199996746145,0.0
pd,23:52:59.360,1422,-40.003,-89.999,0.0,-90.239,0.003,-0.02,0.0,0.0,0.0,0.0,0.0,0.0,-40.003,-110.0,0.0,-90.239,0.003,-0.02,-40.003,-97.999,0.0,-90.239,0.003,-0.02,0.0,-1770.869326578003,0.0,0.0,0.0,0.0,0.0,-8.0,0.0,0.0,0.0,0.0,0.0137698,-0.0068849,-0.0275396,4.7987753,-0.0137698,-1.1773179,0.01231013430998,0.004438583638528,-0.006137728937652,-0.0029491758242370003,-0.000258699633705,0.00258699633705,20.001000000000005,1.679351000348106,0.15010900006018346,0.06433199996536132,0.0
pd,23:52:59.362,1423,-40.003,-89.999,0.0,-90.239,0.003,-0.02,0.0,0.0,0.0,0.0,0.0,0.0,-40.003,-110.0,0.0,-90.239,0.003,-0.02,-40.003,-97.999,0.0,-90.239,0.003,-0.02,0.0,-2036.8114604831856,0.0,0.0,0.0,0.0,0.0,-8.0,0.0,0.0,0.0,0.0,0.0137698,-0.0068849,-0.0275396,4.7987753,-0.0137698,-1.1773179,0.01231013430998,0.004438583638528,-0.006137728937652,-0.0029491758242370003,-0.000258699633705,0.00258699633705,20.001000000000005,1.6655169997648045,0.12903600008939975,0.05411099982666201,0.0
pd,23:52:59.364,1424,-40.003,-89.999,0.0,-90.239,0.003,-0.02,0.0,0.0,0.0,0.0,0.0,0.0,-40.003,-110.0,0.0,-90.239,0.003,-0.02,-40.003,-97.999,0.0,-90.239,0.003,-0.02,0.0,-2093.2271990018717,0.0,0.0,0.0,0.0,0.0,-8.0,0.0,0.0,0.0,0.0,0.0137698,-0.0068849,-0.0275396,4.7987753,-0.0137698,-1.1773179,0.01231013430998,0.004438583638528,-0.006137728937652,-0.0029491758242370003,-0.000258699633705,0.00258699633705,20.001000000000005,1.6682770001352765,0.16234999975495157,0.07216600033643772,0.0
pd,23:52:59.366,1425,-40.003,-89.999,0.0,-90.239,0.003,-0.02,0.0,0.0,0.0,0.0,0.0,0.0,-40.003,-110.0,0.0,-90.239,0.003,-0.02,-40.003,-97.999,0.0,-90.239,0.003,-0.02,0.0,-2026.2338164251207,0.0,0.0,0.0,0.0,0.0,-8.0,0.0,0.0,0.0,0.0,0.0137698,-0.0068849,-0.0275396,4.7987753,-0.0137698,-1.1773179,0.01231013430998,0.004438583638528,-0.006137728937652,-0.0029491758242370003,-0.000258699633705,0.00258699633705,20.001000000000005,1.6650180000397086,0.17101699995691888,0.07383199999821954,0.0
pd,23:52:59.368,1426,-40.003,-89.999,0.0,-90.239,0.003,-0.02,0.0,0.0,0.0,0.0,0.0,0.0,-40.003,-110.0,0.0,-90.239,0.003,-0.02,-40.003,-97.999,0.0,-90.239,0.003,-0.02,0.0,-2015.039154455921,0.0,0.0,0.0,0.0,0.0,-8.0,0.0,0.0,0.0,0.0,0.0137698,-0.0068849,-0.0275396,4.7987753,-0.0137698,-1.1773179,0.01231013430998,0.004438583638528,-0.006137728937652,-0.0029491758242370003,-0.000258699633705,0.00258699633705,20.001000000000005,1.6715350002414198,0.15855300034672837,0.07140599973354256,0.0
pd,23:52:59.370,1427,-40.003,-89.999,0.0,-90.239,0.003,-0.02,0.0,0.0,0.0,0.0,0.0,0.0,-40.003,-110.0,0.0,-90.239,0.003,-0.02,-40.003,-97.999,0.0,-90.239,0.003,-0.02,0.0,-2024.7665942553706,0.0,0.0,0.0,0.0,0.0,-8.0,0.0,0.0,0.0,0.0,0.0137698,-0.0068849,-0.0275396,4.7987753,-0.0137698,-1.1773179,0.01231013430998,0.004438583638528,-0.006137728937652,-0.0029491758242370003,-0.000258699633705,0.00258699633705,20.001000000000005,1.885756000319816,0.22057099977246253,0.09623899995858665,0.0
pd,23:52:59.372,1428,-40.003,-89.999,0.0,-90.239,0.003,-0.02,0.0,0.0,0.0,0.0,0.0,0.0,-40.003,-110.0,0.0,-90.239,0.003,-0.02,-40.003,-97.999,0.0,-90.239,0.003,-0.02,0.0,-1748.9019076409882,0.0,0.0,0.0,0.0,0.0,-8.0,0.0,0.0,0.0,0.0,0.0137698,-0.0068849,-0.0275396,4.7987753,-0.0137698,-1.1773179,0.01231013430998,0.004438583638528,-0.006137728937652,-0.0029491758242370003,-0.000258699633705,0.00258699633705,20.001000000000005,1.7259419996662473,0.15710899970144965,0.06342599999697995,0.0
pd,23:52:59.374,1429,-40.003,-89.999,0.0,-90.239,0.003,-0.02,0.0,0.0,0.0,0.0,0.0,0.0,-40.003,-110.0,0.0,-90.239,0.003,-0.02,-40.003,-97.999,0.0,-90.239,0.003,-0.02,0.0,-1980.0797828396082,0.0,0.0,0.0,0.0,0.0,-8.0,0.0,0.0,0.0,0.0,0.0137698,-0.0068849,-0.0275396,4.7987753,-0.0137698,-1.1773179,0.01231013430998,0.004438583638528,-0.006137728937652,-0.0029491758242370003,-0.000258699633705,0.00258699633705,20.001000000000005,1.6732949998186086,0.1851649999480287,0.08140599993566866,0.0
pd,23:52:59.376,1430,-40.003,-89.999,0.0,-90.239,0.003,-0.02,0.0,0.0,0.0,0.0,0.0,0.0,-40.003,-110.0,0.0,-90.239,0.003,-0.02,-40.003,-97.999,0.0,-90.239,0.003,-0.02,0.0,-1979.3789523360076,0.0,0.0,0.0,0.0,0.0,-8.0,0.0,0.0,0.0,0.0,0.0137698,-0.0068849,-0.0275396,4.7987753,-0.0137698,-1.1773179,0.01231013430998,0.004438583638528,-0.006137728937652,-0.0029491758242370003,-0.000258699633705,0.00258699633705,20.001000000000005,1.7798310000216588,0.17033099993568612,0.07812900003045797,0.0
pd,23:52:59.379,1431,-40.003,-89.999,0.0,-90.239,0.003,-0.02,0.0,0.0,0.0,0.0,0.0,0.0,-40.003,-110.0,0.0,-90.239,0.003,-0.02,-40.003,-97.999,0.0,-90.239,0.003,-0.02,0.0,-1424.211884550085,0.0,0.0,0.0,0.0,0.0,-8.0,0.0,0.0,0.0,0.0,0.0137698,-0.0068849,-0.0275396,4.7987753,-0.0137698,-1.1773179,0.01231013430998,0.004438583638528,-0.006137728937652,-0.0029491758242370003,-0.000258699633705,0.00258699633705,20.001000000000005,1.9912729999305157,0.23377500019705622,0.09174000024358975,0.0
pd,23:52:59.381,1432,-40.003,-89.999,0.0,-90.239,0.003,-0.02,0.0,0.0,0.0,0.0,0.0,0.0,-40.003,-110.0,0.0,-90.239,0.003,-0.02,-40.003,-97.999,0.0,-90.239,0.003,-0.02,0.0,-1654.5577909270216,0.0,0.0,0.0,0.0,0.0,-8.0,0.0,0.0,0.0,0.0,0.0137698,-0.0068849,-0.0275396,4.7987753,-0.0137698,-1.1773179,0.01231013430998,0.004438583638528,-0.006137728937652,-0.0029491758242370003,-0.000258699633705,0.00258699633705,20.001000000000005,1.6783690002739604,0.1443870000912284,0.062462999721901724,0.0
pd,23:52:59.383,1433,-40.003,-89.999,0.0,-90.239,0.003,-0.02,0.0,0.0,0.0,0.0,0.0,0.0,-40.003,-110.0,0.0,-90.239,0.003,-0.02,-40.003,-97.999,0.0,-90.239,0.003,-0.02,0.0,-2049.2507634053986,0.0,0.0,0.0,0.0,0.0,-8.0,0.0,0.0,0.0,0.0,0.0137698,-0.0068849,-0.0275396,4.7987753,-0.0137698,-1.1773179,0.01231013430998,0.004438583638528,-0.006137728937652,-0.0029491758242370003,-0.000258699633705,0.00258699633705,20.001000000000005,1.6599249997852894,0.1739979998092167,0.07725800014668494,0.0
pd,23:52:59.385,1434,-40.003,-89.999,0.0,-90.239,0.003,-0.02,0.0,0.0,0.0,0.0,0.0,0.0,-40.003,-110.0,0.0,-90.239,0.003,-0.02,-40.003,-97.999,0.0,-90.239,0.003,-0.02,0.0,-2011.6565947242207,0.0,0.0,0.0,0.0,0.0,-8.0,0.0,0.0,0.0,0.0,0.0137698,-0.0068849,-0.0275396,4.7987753,-0.0137698,-1.1773179,0.01231013430998,0.004438583638528,-0.006137728937652,-0.0029491758242370003,-0.000258699633705,0.00258699633705,20.001000000000005,1.692294999884325,0.13501700004781014,0.057794999975158134,0.0
pd,23:52:59.387,1435,-40.003,-89.999,0.0,-90.239,0.003,-0.02,0.0,0.0,0.0,0.0,0.0,0.0,-40.003,-110.0,0.0,-90.239,0.003,-0.02,-40.003,-97.999,0.0,-90.239,0.003,-0.02,0.0,-2052.76104245687,0.0,0.0,0.0,0.0,0.0,-8.0,0.0,0.0,0.0,0.0,0.0137698,-0.0068849,-0.0275396,4.7987753,-0.0137698,-1.1773179,0.01231013430998,0.004438583638528,-0.006137728937652,-0.0029491758242370003,-0.000258699633705,0.00258699633705,20.001000000000005,1.640017999761767,0.1389799999742536,0.06711100013490068,0.0
pd,23:52:59.389,1436,-40.003,-89.999,0.0,-90.239,0.003,-0.02,0.0,0.0,0.0,0.0,0.0,0.0,-40.003,-110.0,0.0,-90.239,0.003,-0.02,-40.003,-97.999,0.0,-90.239,0.003,-0.02,0.0,-2087.497324872465,0.0,0.0,0.0,0.0,0.0,-8.0,0.0,0.0,0.0,0.0,0.0137698,-0.0068849,-0.0275396,4.7987753,-0.0137698,-1.1773179,0.01231013430998,0.004438583638528,-0.006137728937652,-0.0029491758242370003,-0.000258699633705,0.00258699633705,20.001000000000005,1.646035999783635,0.14534999991155928,0.06081400033508544,0.0
pd,23:52:59.391,1437,-40.003,-89.999,0.0,-90.239,0.003,-0.02,0.0,0.0,0.0,0.0,0.0,0.0,-40.003,-110.0,0.0,-90.239,0.003,-0.02,-40.003,-97.999,0.0,-90.239,0.003,-0.02,0.0,-2083.0911348398313,0.0,0.0,0.0,0.0,0.0,-8.0,0.0,0.0,0.0,0.0,0.0137698,-0.0068849,-0.0275396,4.7987753,-0.0137698,-1.1773179,0.01231013430998,0.004438583638528,-0.006137728937652,-0.0029491758242370003,-0.000258699633705,0.00258699633705,20.001000000000005,1.6524439997738227,0.14968300001783064,0.06525799972223467,0.0
pd,23:52:59.393,1438,-40.003,-89.999,0.0,-90.239,0.003,-0.02,0.0,0.0,0.0,0.0,0.0,0.0,-40.003,-110.0,0.0,-90.239,0.003,-0.02,-40.003,-97.999,0.0,-90.239,0.003,-0.02,0.0,-2063.3644078219163,0.0,0.0,0.0,0.0,0.0,-8.0,0.0,0.0,0.0,0.0,0.0137698,-0.0068849,-0.0275396,4.7987753,-0.0137698,-1.1773179,0.01231013430998,0.004438583638528,-0.006137728937652,-0.0029491758242370003,-0.000258699633705,0.00258699633705,20.001000000000005,1.6334619999724964,0.15338699995481875,0.07046300015645102,0.0
pd,23:52:59.395,1439,-40.003,-89.999,0.0,-90.239,0.003,-0.02,0.0,0.0,0.0,0.0,0.0,0.0,-40.003,-110.0,0.0,-90.239,0.003,-0.02,-40.003,-97.999,0.0,-90.239,0.003,-0.02,0.0,-2072.796639486039,0.0,0.0,0.0,0.0,0.0,-8.0,0.0,0.0,0.0,0.0,0.0137698,-0.0068849,-0.0275396,4.7987753,-0.0137698,-1.1773179,0.01231013430998,0.004438583638528,-0.006137728937652,-0.0029491758242370003,-0.000258699633705,0.00258699633705,20.001000000000005,1.9619580002654402,0.20301599988670205,0.09579500010659103,0.0
