controller,timestamp,loop,q0,q1,q2,q3,q4,q5,qvel0,qvel1,qvel2,qvel3,qvel4,qvel5,target0,target1,target2,target3,target4,target5,cmd_pos0,cmd_pos1,cmd_pos2,cmd_pos3,cmd_pos4,cmd_pos5,cmd_vel0,cmd_vel1,cmd_vel2,cmd_vel3,cmd_vel4,cmd_vel5,u0,u1,u2,u3,u4,u5,hal_vel0,hal_vel1,hal_vel2,hal_vel3,hal_vel4,hal_vel5,hal_torq0,hal_torq1,hal_torq2,hal_torq3,hal_torq4,hal_torq5,err_norm,poll_ms,solve_ms,hal_write_ms,sleep_ms
pid,05:00:13.530,1,-109.22,-88.237,53.245,-89.939,-32.101,0.002,0.0,0.0,0.0,0.0,0.0,0.0,-100.0,-88.237,53.245,-89.939,-32.101,0.002,-104.60078,-88.237,53.245,-89.939,-32.101,0.002,115.48049999999998,0.0,0.0,0.0,0.0,0.0,4.6192199999999985,0.0,0.0,0.0,0.0,0.0,0.1652376,-0.0206547,-0.0413094,0.0206547,0.0275396,-0.0137698,0.021135286935022,-0.034399023198592,-0.009431990231872,0.00448412698422,0.0008795787545970001,0.00120726495729,9.219999999999999,2.0532749995254562,0.29382999946392374,0.10381299944128841,17.658262000622926
pid,05:00:13.552,2,-109.218,-88.237,53.245,-89.939,-32.101,0.002,0.09154271247086788,0.0,0.0,0.0,0.0,0.0,-100.0,-88.237,53.245,-89.939,-32.101,0.002,-104.58971038358689,-88.237,53.245,-89.939,-32.101,0.002,105.92154639704924,0.0,0.0,0.0,0.0,0.0,4.628289616413113,0.0,0.0,0.0,0.0,0.0,0.14458290000000001,-0.0206547,-0.034424500000000004,0.0206547,0.0068849,-0.0,0.022348962148682,-0.035109890109449995,-0.009934798534674,0.005311965812076,0.00103479853482,0.001138278388302,9.218000000000004,2.0277939993320615,0.2759239996521501,0.09120300001086434,17.729447000419896
pid,05:00:13.572,3,-109.215,-88.237,53.245,-89.939,-32.101,0.002,0.14562038676527303,0.0,0.0,0.0,0.0,0.0,-100.0,-88.237,53.245,-89.939,-32.101,0.002,-104.5787182373929,-88.237,53.245,-89.939,-32.101,0.002,112.522857237267,0.0,0.0,0.0,0.0,0.0,4.636281762607098,0.0,0.0,0.0,0.0,0.0,0.0826188,-0.034424500000000004,0.0413094,-0.0275396,0.0206547,-0.0,0.023458608058314,-0.032994627594213996,-0.009397313797196,0.0047428266179250006,0.001000305250326,0.0008968253968440001,9.215000000000003,2.5369740005771746,0.3057369995076442,0.12459099980333121,17.446838000068965
pid,05:00:13.593,4,-109.213,-88.237,53.245,-89.939,-32.101,0.002,0.0962857601988023,0.0,0.0,0.0,0.0,0.0,-100.0,-88.237,53.245,-89.939,-32.101,0.002,-104.56814984432935,-88.237,53.245,-89.939,-32.101,0.002,111.80823206153433,0.0,0.0,0.0,0.0,0.0,4.644850155670639,0.0,0.0,0.0,0.0,0.0,4.957128,0.034424500000000004,-0.0,0.034424500000000004,-0.034424500000000004,0.0137698,0.028642735042375998,-0.034555067154634,-0.008981196581083999,0.004432387057479,0.00103479853482,0.00034493284494,9.212999999999994,1.9822949998342665,0.30492299993056804,0.31264500012184726,17.878334000670293
pid,05:00:13.614,5,-109.211,-88.237,53.245,-89.939,-32.101,0.002,0.09680801366362518,0.0,0.0,0.0,0.0,0.0,-100.0,-88.237,53.245,-89.939,-32.101,0.002,-104.55763513614416,-88.237,53.245,-89.939,-32.101,0.002,112.62075233075981,0.0,0.0,0.0,0.0,0.0,4.653364863855842,0.0,0.0,0.0,0.0,0.0,6.4511513,-0.034424500000000004,0.0137698,0.0206547,-0.0481943,0.0275396,0.024238827838523998,-0.034849816849379996,-0.009293284493168,0.0050877594628650005,0.000569139194151,0.000810592185609,9.210999999999999,2.048330999969039,0.29381199965428095,0.09803600005398039,17.643706999479036
pid,05:00:13.634,6,-109.159,-88.237,53.245,-89.939,-32.101,0.002,2.5624602948947723,0.0,0.0,0.0,0.0,0.0,-100.0,-88.237,53.245,-89.939,-32.101,0.002,-104.52234195800305,-88.237,53.245,-89.939,-32.101,0.002,114.24280897714863,0.0,0.0,0.0,0.0,0.0,4.636658041996952,0.0,0.0,0.0,0.0,0.0,6.8711302000000005,0.0137698,0.0275396,0.0413094,-0.06884900000000001,0.0137698,0.022054212453936,-0.033514774114353996,-0.008461050060944,0.005001526251630001,0.000638125763139,0.000275946275952,9.159000000000006,2.1195709996391088,0.3379780000614119,0.23723899994365638,17.59768899955816
pid,05:00:13.654,7,-109.041,-88.237,53.245,-89.939,-32.101,0.002,5.767785104127057,0.0,0.0,0.0,0.0,0.0,-100.0,-88.237,53.245,-89.939,-32.101,0.002,-104.45409371122598,-88.237,53.245,-89.939,-32.101,0.002,112.10292273904831,0.0,0.0,0.0,0.0,0.0,4.586906288774017,0.0,0.0,0.0,0.0,0.0,6.7953963,-0.0068849,-0.0,0.0137698,0.0068849,0.0137698,0.021984859584583998,-0.034728449328014,-0.008946520146408,0.004518620268714001,0.000500152625163,0.000810592185609,9.040999999999997,2.060109000012744,0.3220709995730431,0.14571999963663984,17.522690000078
pid,05:00:13.675,8,-108.903,-88.237,53.245,-89.939,-32.101,0.002,6.827407487791199,0.0,0.0,0.0,0.0,0.0,-100.0,-88.237,53.245,-89.939,-32.101,0.002,-104.37609604994536,-88.237,53.245,-89.939,-32.101,0.002,111.98194900404593,0.0,0.0,0.0,0.0,0.0,4.5269039500546455,0.0,0.0,0.0,0.0,0.0,7.0501376,-0.0206547,-0.0137698,0.0137698,0.0137698,0.0137698,0.021117948717684,-0.034780463980028,-0.009085225885112,0.00551892551904,0.001172771672796,0.001121031746055,8.903000000000006,2.041589999862481,0.3457370003161486,0.11610999990807613,17.9585740006587
pid,05:00:13.695,9,-108.768,-88.237,53.245,-89.939,-32.101,0.002,6.545872234168244,0.0,0.0,0.0,0.0,0.0,-100.0,-88.237,53.245,-89.939,-32.101,0.002,-104.29955462691069,-88.237,53.245,-89.939,-32.101,0.002,108.33286110222886,0.0,0.0,0.0,0.0,0.0,4.46844537308931,0.0,0.0,0.0,0.0,0.0,7.2084903,-0.0137698,-0.0137698,-0.0137698,-0.0,-0.0,0.016419291819086,-0.034277655677226,-0.008131623931522,0.004984279609383,0.001103785103808,0.000655372405386,8.768,2.0013130006191204,0.5534380006793072,0.14199800079950364,17.777427000510215
pid,05:00:13.716,10,-108.631,-88.237,53.245,-89.939,-32.101,0.002,6.634334891990831,0.0,0.0,0.0,0.0,0.0,-100.0,-88.237,53.245,-89.939,-32.101,0.002,-104.22214305537224,-88.237,53.245,-89.939,-32.101,0.002,106.75121701291954,0.0,0.0,0.0,0.0,0.0,4.4088569446277575,0.0,0.0,0.0,0.0,0.0,6.7885114,0.0,-0.0068849,0.034424500000000004,-0.0068849,-0.0068849,0.019800244199996,-0.03389621489579,-0.008946520146408,0.004466880341973001,0.001465964590995,0.001052045177067,8.631,2.366308999626199,0.31395999940286856,0.13559099988924572,17.506004000097164
pid,05:00:13.737,11,-108.489,-88.237,53.245,-89.939,-32.101,0.002,6.861649400921461,0.0,0.0,0.0,0.0,0.0,-100.0,-88.237,53.245,-89.939,-32.101,0.002,-104.14235917609216,-88.237,53.245,-89.939,-32.101,0.002,105.01804720207379,0.0,0.0,0.0,0.0,0.0,4.346640823907848,0.0,0.0,0.0,0.0,0.0,6.7953963,0.0137698,-0.0275396,-0.0275396,0.0481943,-0.0275396,0.018395848595618,-0.033254700854283996,-0.009119902319787999,0.004501373626467,0.00046565934066900006,0.000724358974374,8.489000000000004,2.070164000542718,0.3392189992155181,0.10849899990716949,17.763873000149033
pid,05:00:13.757,12,-108.353,-88.237,53.245,-89.939,-32.101,0.002,6.6527336808840545,0.0,0.0,0.0,0.0,0.0,-100.0,-88.237,53.245,-89.939,-32.101,0.002,-104.06582127231836,-88.237,53.245,-89.939,-32.101,0.002,104.85830263829111,0.0,0.0,0.0,0.0,0.0,4.287178727681635,0.0,0.0,0.0,0.0,0.0,6.2790288,-0.0275396,-0.0137698,-0.0068849,0.0206547,-0.0413094,0.020303052502798,-0.034277655677226,-0.009934798534674,0.004466880341973001,0.000327686202693,0.0009830586080790001,8.352999999999994,2.067720000013651,0.3428110003369511,0.15520200031460263,17.727464999552467
pid,05:00:13.778,13,-108.219,-88.237,53.245,-89.939,-32.101,0.002,6.554746469181893,0.0,0.0,0.0,0.0,0.0,-100.0,-88.237,53.245,-89.939,-32.101,0.002,-103.99042013884068,-88.237,53.245,-89.939,-32.101,0.002,103.42264520368526,0.0,0.0,0.0,0.0,0.0,4.228579861159318,0.0,0.0,0.0,0.0,0.0,6.588849300000001,0.0206547,0.0137698,-0.0137698,0.0413094,0.0137698,0.02115262515236,-0.03415628815586,-0.009397313797196,0.004466880341973001,0.001241758241784,0.000724358974374,8.218999999999994,2.160663000722707,0.371089000509528,0.1316839998253272,17.6587619998827
pid,05:00:13.798,14,-108.091,-88.238,53.245,-89.939,-32.101,0.002,6.24624392968087,-0.04879878070086476,0.0,0.0,0.0,0.0,-100.0,-88.237,53.245,-89.939,-32.101,0.002,-103.91812997268914,-88.23749897538423,53.245,-89.939,-32.101,0.002,101.81548467749057,0.012224695175216311,0.0,0.0,0.0,0.0,4.17287002731085,0.0005010246157723941,0.0,0.0,0.0,0.0,6.4236117,0.0413094,0.0068849,0.0550792,-0.0,-0.0068849,0.018950671550434,-0.033254700854283996,-0.009431990231872,0.005053266178371,0.0009830586080790001,0.001138278388302,8.091000061797052,2.500919000340218,0.31025599946588045,0.12255399997229688,17.390598000019963
pid,05:00:13.819,15,-107.965,-88.237,53.245,-89.939,-32.101,0.002,6.147430485761683,0.04878913083961506,0.0,0.0,0.0,0.0,-100.0,-88.237,53.245,-89.939,-32.101,0.002,-103.8469672939706,-88.23699897538422,53.245,-89.939,-32.101,0.002,100.45761824766196,2.4995056300137963e-05,0.0,0.0,0.0,0.0,4.11803270602941,1.024615770006676e-06,0.0,0.0,0.0,0.0,6.3823023,0.0206547,-0.0481943,-0.0275396,0.0068849,0.0481943,0.01985225885201,-0.03415628815586,-0.008599755799648,0.004432387057479,0.0009485653235850001,0.00043116605617500006,7.965000000000003,2.1443850000650855,0.277070999800344,0.09679499999037944,17.552856000293104
pid,05:00:13.839,16,-107.837,-88.238,53.245,-89.939,-32.101,0.002,6.329979861815272,-0.0494529676706679,0.0,0.0,0.0,0.0,-100.0,-88.237,53.245,-89.939,-32.101,0.002,-103.77504360367537,-88.23749796432256,53.245,-89.939,-32.101,0.002,100.43789917307289,0.012413577062808349,0.0,0.0,0.0,0.0,4.061956396324632,0.0005020356774423362,0.0,0.0,0.0,0.0,6.2514892,0.0137698,0.0137698,-0.0550792,-0.0137698,-0.0,0.017494261294042,-0.034919169718732,-0.008790476190366,0.004190934066021001,0.000707112332127,0.000741605616621,7.837000063799927,2.1089230003781267,0.2791639999486506,0.16566500016779173,17.734928000209038
pid,05:00:13.859,17,-107.711,-88.237,53.245,-89.939,-32.101,0.002,6.16349020339639,0.04891658891607608,0.0,0.0,0.0,0.0,-100.0,-88.237,53.245,-89.939,-32.101,0.002,-103.70416181942701,-88.23699796432255,53.245,-89.939,-32.101,0.002,98.00042806569554,4.9789198078237366e-05,0.0,0.0,0.0,0.0,4.006838180572984,2.035677439948813e-06,0.0,0.0,0.0,0.0,6.127561,0.0275396,-0.0068849,-0.0137698,0.0481943,0.0206547,0.019522832722588,-0.034017582417156,-0.008773137973028,0.004466880341973001,0.001396978022007,0.0009830586080790001,7.7109999999999985,2.0691629997600103,0.3375149999556015,0.09648100058257114,17.827593999754754
pid,05:00:13.880,18,-107.46,-88.237,53.245,-89.94,-32.101,0.002,12.236108510193404,0.0,0.0,-0.04874943629582309,0.0,0.0,-100.0,-88.237,53.245,-89.939,-32.101,0.002,-103.57101044890165,-88.23699796432255,53.245,-89.9394989743471,-32.101,0.002,94.79302418774255,4.961906366977829e-05,0.0,0.01221235907395589,0.0,0.0,3.888989551098348,2.035677439948813e-06,0.0,0.0005010256528947821,0.0,0.0,6.210179800000001,0.0206547,0.0206547,0.0068849,-0.0137698,0.0206547,0.018222466422237998,-0.034086935286508,-0.009258608058492,0.004466880341973001,0.0008795787545970001,0.001224511599537,7.460000067024122,1.8907579997176072,0.3433859992583166,0.09085099918593187,17.957647999537585
pid,05:00:13.900,19,-107.337,-88.237,53.245,-89.939,-32.101,0.002,6.018846302820542,0.0,0.0,0.04893370977926625,0.0,0.0,-100.0,-88.237,53.245,-89.939,-32.101,0.002,-103.50201357197047,-88.23699796432255,53.245,-89.9389989743471,-32.101,0.002,93.83005643786316,4.980662435565234e-05,0.0,2.5094500315120873e-05,0.0,0.0,3.834986428029538,2.035677439948813e-06,0.0,1.0256528923946462e-06,0.0,0.0,5.8797046,0.0550792,-0.034424500000000004,-0.0275396,0.0275396,0.0275396,0.021707448107175998,-0.034329670329239996,-0.008773137973028,0.005311965812076,0.000534645909657,0.001138278388302,7.337000000000003,2.1324409999579075,0.27571899954637047,0.10181400011788355,17.779593999875942
pid,05:00:13.921,20,-107.22,-88.237,53.245,-89.94,-32.101,0.002,5.722306583642559,0.0,0.0,-0.048908603279227914,0.0,0.0,-100.0,-88.237,53.245,-89.939,-32.101,0.002,-103.43613245748759,-88.23699796432255,53.245,-89.93949795203208,-32.101,0.002,92.53183824850159,4.9781069987877334e-05,0.0,0.012277232444845115,0.0,0.0,3.783867542512411,2.035677439948813e-06,0.0,0.0005020479679131995,0.0,0.0,6.1619855,0.0550792,-0.0068849,0.0068849,-0.0275396,-0.034424500000000004,0.01811843711821,-0.034659096458662,-0.008773137973028,0.0050187728938770005,0.0009485653235850001,0.00034493284494,7.220000069252076,1.9065549995502806,0.26720100049715256,0.16062800023064483,17.939999999725842
pid,05:00:13.941,21,-107.098,-88.237,53.245,-89.939,-32.101,0.002,5.912726482788897,0.0,0.0,0.048464971170632254,0.0,0.0,-100.0,-88.237,53.245,-89.939,-32.101,0.002,-103.36780964285612,-88.23699796432255,53.245,-89.93899795203208,-32.101,0.002,90.39178405954264,4.9329524051863056e-05,0.0,4.962735287684166e-05,0.0,0.0,3.730190357143883,2.035677439948813e-06,0.0,2.0479679108120763e-06,0.0,0.0,5.8383952,0.0275396,-0.034424500000000004,-0.0206547,0.0275396,-0.034424500000000004,0.020129670329418,-0.034399023198592,-0.009431990231872,0.0050877594628650005,0.000707112332127,0.000362179487187,7.097999999999999,1.9512210001266794,0.2777010004137992,0.1547579995531123,17.934852000507817
pid,05:00:13.962,22,-106.98,-88.237,53.245,-89.939,-32.101,0.002,5.7614736621535805,0.0,0.0,0.0,0.0,0.0,-100.0,-88.237,53.245,-89.939,-32.101,0.002,-103.30166181880713,-88.23699796432255,53.245,-89.93899795203208,-32.101,0.002,89.79935826880323,4.969704201273977e-05,0.0,4.999708974099283e-05,0.0,0.0,3.6783381811928706,2.035677439948813e-06,0.0,2.0479679108120763e-06,0.0,0.0,5.769546200000001,-0.0206547,0.0550792,0.0068849,-0.0068849,0.034424500000000004,0.019990964590714,-0.034208302807874,-0.007958241758142,0.005001526251630001,0.00120726495729,0.000586385836398,6.980000000000004,2.1570890003204113,0.8493989998896723,0.24612700053694425,17.35482099957153
pid,05:00:13.983,23,-106.868,-88.237,53.245,-89.939,-32.101,0.002,5.3429408794162745,0.0,0.0,0.0,0.0,0.0,-100.0,-88.237,53.245,-89.939,-32.101,0.002,-103.23846338617086,-88.23699796432255,53.245,-89.93899795203208,-32.101,0.002,86.57321226501892,4.855582220627812e-05,0.0,4.884897977776333e-05,0.0,0.0,3.6295366138291314,2.035677439948813e-06,0.0,2.0479679108120763e-06,0.0,0.0,5.370222,-0.034424500000000004,-0.0068849,-0.0206547,-0.0275396,0.034424500000000004,0.020355067154812,-0.033011965811551996,-0.009397313797196,0.0048118131869130006,0.001465964590995,0.0008278388278560001,6.867999999999995,5.887661999622651,0.3153120005663368,0.1322210000580526,14.015410999490996
pid,05:00:14.003,24,-106.754,-88.237,53.245,-89.939,-32.101,0.002,5.551048399641949,0.0,0.0,0.0,0.0,0.0,-100.0,-88.237,53.245,-89.939,-32.101,0.002,-103.17452815570117,-88.23699796432255,53.245,-89.93899795203208,-32.101,0.002,87.14833970552729,4.956203489813187e-05,0.0,4.986126751593981e-05,0.0,0.0,3.579471844298837,2.035677439948813e-06,0.0,2.0479679108120763e-06,0.0,0.0,5.3357975,0.0137698,-0.0,-0.0,-0.0068849,-0.0206547,0.0208058608056,-0.033774847374423995,-0.007316727716636,0.0050187728938770005,0.0008795787545970001,0.000741605616621,6.754000000000005,3.568000000086613,1.2992089996259892,0.1325169996562181,15.04410400048073
pid,05:00:14.023,25,-106.643,-88.237,53.245,-89.939,-32.101,0.002,5.49025040389648,0.0,0.0,0.0,0.0,0.0,-100.0,-88.237,53.245,-89.939,-32.101,0.002,-103.11231286089897,-88.23699796432255,53.245,-89.93899795203208,-32.101,0.002,87.31692113279638,5.034404886874119e-05,0.0,5.0648002924804625e-05,0.0,0.0,3.5306871391010333,2.035677439948813e-06,0.0,2.0479679108120763e-06,0.0,0.0,5.3839918,0.0137698,0.034424500000000004,0.0137698,0.0413094,-0.0,0.019054700854462,-0.032994627594213996,-0.010108180708054,0.004760073260172,0.001172771672796,0.000275946275952,6.643000000000001,4.361047000202234,0.2876819999073632,0.11379499937902438,15.226213999994798
pid,05:00:14.044,26,-106.536,-88.237,53.245,-89.939,-32.101,0.002,5.2829962095349865,0.0,0.0,0.0,0.0,0.0,-100.0,-88.237,53.245,-89.939,-32.101,0.002,-103.05219396536828,-88.23699796432255,53.245,-89.93899795203208,-32.101,0.002,86.00436483978812,5.0254561507008645e-05,0.0,5.055797527981762e-05,0.0,0.0,3.4838060346317263,2.035677439948813e-06,0.0,2.0479679108120763e-06,0.0,0.0,5.1499052,0.0413094,0.0206547,-0.034424500000000004,-0.034424500000000004,-0.0137698,0.021568742368471998,-0.03363614163572,-0.00910256410245,0.0047428266179250006,0.001500457875489,0.0009830586080790001,6.536000000000001,3.9822369999455987,0.5716969999411958,0.1058509997164947,15.396636999867042
pid,05:00:14.064,27,-106.427,-88.237,53.245,-89.939,-32.101,0.002,5.392280807699302,0.0,0.0,0.0,0.0,0.0,-100.0,-88.237,53.245,-89.939,-32.101,0.002,-102.9911981704998,-88.23699796432255,53.245,-89.93899795203208,-32.101,0.002,84.98535901042658,5.0352955746607665e-05,0.0,5.065696357827547e-05,0.0,0.0,3.435801829500207,2.035677439948813e-06,0.0,2.0479679108120763e-06,0.0,0.0,5.3633371,0.0137698,0.034424500000000004,0.0137698,0.0895037,0.0481943,0.0225396825394,-0.033566788766368,-0.009085225885112,0.004501373626467,0.001241758241784,0.0009830586080790001,6.427000000000007,4.236677999870153,0.3147930001432542,0.10597999971651006,15.393730000141659
pid,05:00:14.084,28,-106.325,-88.237,53.245,-89.939,-32.101,0.002,5.005077482831829,0.0,0.0,0.0,0.0,0.0,-100.0,-88.237,53.245,-89.939,-32.101,0.002,-102.93375321532965,-88.23699796432255,53.245,-89.93899795203208,-32.101,0.002,83.20320059156268,4.994472197223094e-05,0.0,5.0246265077395174e-05,0.0,0.0,3.391246784670358,2.035677439948813e-06,0.0,2.0479679108120763e-06,0.0,0.0,5.1705599,-0.0068849,-0.0137698,-0.0826188,-0.0206547,-0.0413094,0.022296947496668,-0.034659096458662,-0.009397313797196,0.0035528083028820005,0.001276251526278,0.000810592185609,6.325000000000003,4.00373699994816,0.2813119999700575,0.1031279998642276,15.916040000774956
pid,05:00:14.105,29,-106.222,-88.237,53.245,-89.939,-32.101,0.002,4.991834350157564,0.0,0.0,0.0,0.0,0.0,-100.0,-88.237,53.245,-89.939,-32.101,0.002,-102.87583407203435,-88.23699796432255,53.245,-89.93899795203208,-32.101,0.002,81.08498068225404,4.9328954058286935e-05,0.0,4.962677944190825e-05,0.0,0.0,3.346165927965643,2.035677439948813e-06,0.0,2.0479679108120763e-06,0.0,0.0,5.1774448,-0.0068849,-0.0068849,-0.0137698,-0.034424500000000004,-0.0206547,0.022938461538174,-0.034208302807874,-0.008287667887564,0.004173687423774,0.0008795787545970001,0.000586385836398,6.221999999999994,3.530482000314805,0.27790500007540686,0.10020199988503009,16.232166000008874
pid,05:00:14.125,30,-106.116,-88.237,53.245,-89.94,-32.101,0.002,5.194184520123572,0.0,0.0,-0.04900174075611925,0.0,0.0,-100.0,-88.237,53.245,-89.939,-32.101,0.002,-102.81659347740889,-88.23699796432255,53.245,-89.93949693166017,-32.101,0.002,80.83833153414334,4.9875868917815114e-05,0.0,0.01232561218535005,0.0,0.0,3.299406522591113,2.035677439948813e-06,0.0,0.0005030683398246083,0.0,0.0,5.2187542,0.0,-0.0413094,-0.0481943,-0.0,-0.0481943,0.020320390720136,-0.034659096458662,-0.009761416361294,0.005053266178371,0.0008795787545970001,0.000258699633705,6.116000081752778,3.3075950004786137,0.2781450002657948,0.09736899937706767,16.430756000772817
pid,05:00:14.146,31,-106.016,-88.237,53.245,-89.94,-32.101,0.002,4.7578741988540205,0.0,0.0,0.0,0.0,0.0,-100.0,-88.237,53.245,-89.939,-32.101,0.002,-102.76027132622481,-88.23699796432255,53.245,-89.93949588077068,-32.101,0.002,77.45173727712557,4.842748567886546e-05,0.0,0.011992679371618718,0.0,0.0,3.255728673775195,2.035677439948813e-06,0.0,0.0005041192293191443,0.0,0.0,5.0672864,-0.0068849,0.0068849,0.0137698,0.0068849,0.0137698,0.018881318681082,-0.035057875457436,-0.008946520146408,0.0047428266179250006,0.0009485653235850001,0.001121031746055,6.016000083111707,2.8507300003184355,0.2753670005404274,0.09485100054007489,16.84019700041972
pid,05:00:14.167,32,-105.913,-88.237,53.245,-89.94,-32.101,0.002,5.0948570889454,0.0,0.0,0.0,0.0,0.0,-100.0,-88.237,53.245,-89.939,-32.101,0.002,-102.70279432834863,-88.23699796432255,53.245,-89.93949486994742,-32.101,0.002,79.39582098633153,5.034701747789212e-05,0.0,0.012493036063932095,0.0,0.0,3.210205671651366,2.035677439948813e-06,0.0,0.0005051300525735769,0.0,0.0,4.8813941000000005,-0.0275396,0.0206547,-0.0206547,-0.0137698,0.0068849,0.021603418803148,-0.03415628815586,-0.008599755799648,0.004725579975678001,0.000810592185609,0.001000305250326,5.9130000845594415,2.866267000172229,0.27690400020219386,0.09611000041331863,16.841511999700742
pid,05:00:14.187,33,-105.811,-88.237,53.245,-89.94,-32.101,0.002,5.038737050384621,0.0,0.0,0.0,0.0,0.0,-100.0,-88.237,53.245,-89.939,-32.101,0.002,-102.64591267592192,-88.23699796432255,53.245,-89.93949385778903,-32.101,0.002,78.17668023302248,5.028060443337791e-05,0.0,0.012501556427167318,0.0,0.0,3.165087324078087,2.035677439948813e-06,0.0,0.0005061422109662317,0.0,0.0,5.074171300000001,0.0137698,-0.0206547,-0.0068849,0.0413094,0.0137698,0.01612454212434,-0.03389621489579,-0.009934798534674,0.00448412698422,0.001172771672796,0.001276251526278,5.811000086043716,2.954524999950081,1.4844110000922228,0.14540600022883154,15.94113200007996
pid,05:00:14.208,34,-105.714,-88.237,53.245,-89.94,-32.101,0.002,4.622794123328697,0.0,0.0,0.0,0.0,0.0,-100.0,-88.237,53.245,-89.939,-32.101,0.002,-102.59141783832789,-88.23699796432255,53.245,-89.93949280864,-32.101,0.002,74.40749725045164,4.850782306378193e-05,0.0,0.01208577957941891,0.0,0.0,3.1225821616721134,2.035677439948813e-06,0.0,0.0005071913600005473,0.0,0.0,4.6886169,0.0275396,-0.0,0.034424500000000004,0.0413094,0.0206547,0.019869597069348,-0.033445421245002,-0.009085225885112,0.0038632478633280004,0.001241758241784,0.001052045177067,5.714000087504373,2.1888849996685167,0.39823699989938177,0.1369619994875393,17.32776499920874
pid,05:00:14.228,35,-105.614,-88.237,53.245,-89.94,-32.101,0.002,4.930936621953377,0.0,0.0,0.0,0.0,0.0,-100.0,-88.237,53.245,-89.939,-32.101,0.002,-102.53572520787002,-88.23699796432255,53.245,-89.93949179463387,-32.101,0.002,75.89388952475286,5.0188982024904294e-05,0.0,0.012529642256793231,0.0,0.0,3.0782747921299887,2.035677439948813e-06,0.0,0.0005082053661311647,0.0,0.0,4.7436961,0.0137698,-0.0068849,-0.0,0.0275396,-0.0206547,0.018829304029068,-0.034277655677226,-0.009258608058492,0.00448412698422,0.000810592185609,0.000810592185609,5.61400008906306,2.509695999833639,0.3218849997210782,0.13060999935987638,17.142693000096187
pid,05:00:14.248,36,-105.519,-88.237,53.245,-89.94,-32.101,0.002,4.681967921978676,0.0,0.0,0.0,0.0,0.0,-100.0,-88.237,53.245,-89.939,-32.101,0.002,-102.48262601316452,-88.23699796432255,53.245,-89.9394907801032,-32.101,0.002,74.82213476576001,5.016303389954038e-05,0.0,0.01254816432648022,0.0,0.0,3.0363739868354855,2.035677439948813e-06,0.0,0.0005092198967986405,0.0,0.0,4.7368112,0.0137698,-0.0275396,-0.0,0.0206547,0.0068849,0.016974114773902,-0.033774847374423995,-0.00832234432224,0.0047428266179250006,0.000810592185609,0.000741605616621,5.519000090596127,1.9931829992856365,0.28559000020322856,0.09440600024390733,17.690427999696112
pid,05:00:14.269,37,-105.426,-88.237,53.245,-89.94,-32.101,0.002,4.599180220013616,0.0,0.0,0.0,0.0,0.0,-100.0,-88.237,53.245,-89.939,-32.101,0.002,-102.43064005723477,-88.23699796432255,53.245,-89.93948976905345,-32.101,0.002,74.06559247627135,5.033573862521529e-05,0.0,0.012616366005271705,0.0,0.0,2.9953599427652335,2.035677439948813e-06,0.0,0.0005102309465456756,0.0,0.0,4.3856813,0.0068849,0.0619641,-0.0137698,-0.0137698,-0.0068849,0.020372405372149998,-0.034659096458662,-0.00832234432224,0.004760073260172,0.001345238095266,0.000500152625163,5.4260000921489135,1.9707569999809493,0.2799040003083064,0.08287000036943937,17.731779999849095
pid,05:00:14.289,38,-105.331,-88.237,53.245,-89.94,-32.101,0.002,4.700359552682433,0.0,0.0,0.0,0.0,0.0,-100.0,-88.237,53.245,-89.939,-32.101,0.002,-102.37775275660039,-88.23699796432255,53.245,-89.93948875849246,-32.101,0.002,73.05959943129811,5.036008351838324e-05,0.0,0.012647467913994237,0.0,0.0,2.953247243399616,2.035677439948813e-06,0.0,0.0005112415075387844,0.0,0.0,4.4338756,0.0068849,-0.0275396,-0.0550792,0.0137698,-0.0068849,0.021794139193866,-0.035491330890886,-0.008773137973028,0.004466880341973001,0.001396978022007,-0.00012072649572900001,5.331000093791036,1.9125540002278285,0.2725710000959225,0.08364699988305802,17.791038000723347
pid,05:00:14.309,39,-105.236,-88.237,53.245,-89.94,-32.101,0.002,4.701025011797961,0.0,0.0,0.0,0.0,0.0,-100.0,-88.237,53.245,-89.939,-32.101,0.002,-102.32496220827579,-88.23699796432255,53.245,-89.93948774807453,-32.101,0.002,72.02558667991983,5.036721330840473e-05,0.0,0.012674258494633429,0.0,0.0,2.911037791724212,2.035677439948813e-06,0.0,0.0005122519254712188,0.0,0.0,4.6059981,0.0137698,0.0068849,-0.0068849,0.0619641,-0.0550792,0.020303052502798,-0.034485714285282,-0.008287667887564,0.004777319902419,0.0008795787545970001,0.000586385836398,5.236000095492746,1.8969439997817972,0.2730529995460529,0.08424000043305568,17.801613000301586
pid,05:00:14.329,40,-105.153,-88.237,53.245,-89.94,-32.101,0.002,4.108326138522645,0.0,0.0,0.0,0.0,0.0,-100.0,-88.237,53.245,-89.939,-32.101,0.002,-102.27825693749666,-88.23699796432255,53.245,-89.93948673793076,-32.101,0.002,71.14687991095987,5.038088438368581e-05,0.0,0.012702698644100447,0.0,0.0,2.8747430625033417,2.035677439948813e-06,0.0,0.0005132620692336332,0.0,0.0,4.6335377,0.0137698,0.0137698,0.0550792,0.0481943,0.0137698,0.018274481074252,-0.03372283272241,-0.009258608058492,0.004466880341973001,0.0008795787545970001,0.000586385836398,5.153000097030861,1.8874249999498716,0.2681819996723789,0.08201799937523901,17.81983399996534
pid,05:00:14.350,41,-105.064,-88.237,53.245,-89.939,-32.101,0.002,4.326380121229604,0.0,0.0,0.04861101259831053,0.0,0.0,-100.0,-88.237,53.245,-89.939,-32.101,0.002,-102.22854824122668,-88.23699796432255,53.245,-89.93898673793076,-32.101,0.002,68.91709058348681,4.947817067116795e-05,0.0,0.0003223413070956364,0.0,0.0,2.835451758773317,2.035677439948813e-06,0.0,1.3262069231245732e-05,0.0,0.0,4.1515947,-0.0275396,-0.0137698,-0.0,-0.0137698,-0.0137698,0.021031257630993998,-0.034849816849379996,-0.00996947496935,0.005311965812076,0.000327686202693,0.001052045177067,5.063999999999993,1.9439799998508533,0.27088600018032594,0.08611099929112243,17.760278999958246
pid,05:00:14.370,42,-104.974,-88.237,53.245,-89.939,-32.101,0.002,4.451029489794181,0.0,0.0,0.0,0.0,0.0,-100.0,-88.237,53.245,-89.939,-32.101,0.002,-102.17851951696157,-88.23699796432255,53.245,-89.93898673793076,-32.101,0.002,69.12647815638675,5.033811270054339e-05,0.0,0.0003279436734324517,0.0,0.0,2.795480483038432,2.035677439948813e-06,0.0,1.3262069231245732e-05,0.0,0.0,4.2617531,0.0413094,0.0137698,0.0275396,-0.0206547,-0.0,0.021013919413656,-0.033324053723636,-0.008461050060944,0.004432387057479,0.0009485653235850001,0.0008968253968440001,4.974000000000004,2.4106789996949374,0.2832930003933143,0.10538800052017905,17.266376999941713
pid,05:00:14.390,43,-104.882,-88.237,53.245,-89.939,-32.101,0.002,4.548064306256126,0.0,0.0,0.0,0.0,0.0,-100.0,-88.237,53.245,-89.939,-32.101,0.002,-102.12758176795721,-88.23699796432255,53.245,-89.93898673793076,-32.101,0.002,68.08299590029944,5.0317347131445766e-05,0.0,0.0003278083895164395,0.0,0.0,2.754418232042795,2.035677439948813e-06,0.0,1.3262069231245732e-05,0.0,0.0,4.3925662,-0.034424500000000004,0.0481943,0.0068849,-0.0206547,-0.0,0.020407081806826,-0.03415628815586,-0.007680830280734,0.004725579975678001,0.00103479853482,0.001190018315043,4.882000000000005,2.042570999947202,0.27714499992725905,0.09007300013763597,19.02869199966517
pid,05:00:14.412,44,-104.799,-88.237,53.245,-89.939,-32.101,0.002,3.8436518129222423,0.0,0.0,0.0,0.0,0.0,-100.0,-88.237,53.245,-89.939,-32.101,0.002,-102.08090027624846,-88.23699796432255,53.245,-89.93898673793076,-32.101,0.002,62.93631886085111,4.713515214437557e-05,0.0,0.0003070769663928454,0.0,0.0,2.71809972375155,2.035677439948813e-06,0.0,1.3262069231245732e-05,0.0,0.0,4.2410984,-0.034424500000000004,0.0206547,-0.0137698,-0.0,0.0068849,0.019176068375827998,-0.034329670329239996,-0.008287667887564,0.004760073260172,0.001276251526278,0.00012072649572900001,4.799000000000007,1.9887389998984872,0.3002009998454014,0.10601699977996759,17.662817999735125
pid,05:00:14.432,45,-104.718,-88.237,53.245,-89.939,-32.101,0.002,4.005123712069564,0.0,0.0,0.0,0.0,0.0,-100.0,-88.237,53.245,-89.939,-32.101,0.002,-102.03562941238165,-88.23699796432255,53.245,-89.93898673793076,-32.101,0.002,66.31621015449277,5.032802442671333e-05,0.0,0.00032787795015835707,0.0,0.0,2.682370587618351,2.035677439948813e-06,0.0,1.3262069231245732e-05,0.0,0.0,4.1791343,-0.0413094,0.0413094,0.0275396,-0.0137698,-0.0137698,0.019609523809278,-0.034208302807874,-0.009761416361294,0.004190934066021001,0.001172771672796,0.001052045177067,4.7180000000000035,1.9157019996782765,0.2697380004974548,0.07260999973368598,17.810020000069926
pid,05:00:14.452,46,-104.629,-88.237,53.245,-89.939,-32.101,0.002,4.401677408704403,0.0,0.0,0.0,0.0,0.0,-100.0,-88.237,53.245,-89.939,-32.101,0.002,-101.98644959419251,-88.23699796432255,53.245,-89.93898673793076,-32.101,0.002,65.34637316070612,5.033929982218902e-05,0.0,0.0003279514073146414,0.0,0.0,2.642550405807498,2.035677439948813e-06,0.0,1.3262069231245732e-05,0.0,0.0,4.1584796,0.0137698,0.0068849,-0.0137698,0.0068849,-0.0068849,0.017667643467422,-0.034017582417156,-0.008981196581083999,0.0047428266179250006,0.000603632478645,0.001052045177067,4.629000000000005,1.9011100002899184,0.29551599982369225,0.2537199998187134,18.016222000369453
pid,05:00:14.473,47,-104.546,-88.237,53.245,-89.939,-32.101,0.002,4.025104140410842,0.0,0.0,0.0,0.0,0.0,-100.0,-88.237,53.245,-89.939,-32.101,0.002,-101.9402625353384,-88.23699796432255,53.245,-89.93898673793076,-32.101,0.002,63.18291962550158,4.936032327834042e-05,0.0,0.0003215735527076599,0.0,0.0,2.605737464661601,2.035677439948813e-06,0.0,1.3262069231245732e-05,0.0,0.0,3.8280044,-0.0206547,-0.0550792,0.0206547,-0.0137698,-0.0137698,0.020355067154812,-0.033081318680904,-0.008461050060944,0.005053266178371,0.001103785103808,0.000500152625163,4.5460000000000065,1.9526089999999385,0.38612600019405363,0.12118300037400331,17.90279700071551
pid,05:00:14.493,48,-104.464,-88.237,53.245,-89.94,-32.101,0.002,3.9954569301011014,0.0,0.0,-0.04872508451365606,0.0,0.0,-100.0,-88.237,53.245,-89.939,-32.101,0.002,-101.89468173261166,-88.23699796432255,53.245,-89.93948571176529,-32.101,0.002,62.5951248601898,4.959427748307274e-05,0.0,0.012529368850328758,0.0,0.0,2.56931826738834,2.035677439948813e-06,0.0,0.0005142882347115574,0.0,0.0,4.0345514,-0.0068849,-0.0206547,-0.0068849,-0.0413094,-0.0206547,0.01985225885201,-0.03389621489579,-0.008461050060944,0.0038977411478220004,0.0008450854701030001,0.001431471306501,4.464000112007166,2.019997999923362,0.3844960001515574,0.09816500005399575,17.811112999879697
pid,05:00:14.514,49,-104.391,-88.237,53.245,-89.94,-32.101,0.002,3.5670420914054763,0.0,0.0,0.0,0.0,0.0,-100.0,-88.237,53.245,-89.939,-32.101,0.002,-101.8536886120963,-88.23699796432255,53.245,-89.9394846885085,-32.101,0.002,61.991072052436664,4.973525402822075e-05,0.0,0.012589984796826078,0.0,0.0,2.5373113879036993,2.035677439948813e-06,0.0,0.0005153114914975276,0.0,0.0,3.8280044,-0.0206547,0.0137698,0.0481943,-0.0137698,-0.0,0.019384126983884,-0.03389621489579,-0.008287667887564,0.005380952381064,0.000707112332127,0.000603632478645,4.391000113869282,1.9731639995370642,0.33538600018800935,0.08111100032692775,17.91059300012421
pid,05:00:14.534,50,-104.307,-88.237,53.245,-89.94,-32.101,0.002,4.107604211115541,0.0,0.0,0.0,0.0,0.0,-100.0,-88.237,53.245,-89.939,-32.101,0.002,-101.80728473113061,-88.23699796432255,53.245,-89.93948366601467,-32.101,0.002,61.11810098212727,4.9772364264050276e-05,0.0,0.012624378883858211,0.0,0.0,2.4997152688693944,2.035677439948813e-06,0.0,0.00051633398533113,0.0,0.0,3.8004648000000003,0.0619641,0.0206547,0.0068849,-0.0137698,-0.0137698,0.018742612942378,-0.034277655677226,-0.009258608058492,0.00448412698422,0.001069291819314,0.00043116605617500006,4.307000116090086,1.96920200050954,0.3334599996378529,0.08473999969282886,18.0859430001874
pid,05:00:14.555,51,-104.229,-88.237,53.245,-89.939,-32.101,0.002,3.7612319012199493,0.0,0.0,0.048220921810740586,0.0,0.0,-100.0,-88.237,53.245,-89.939,-32.101,0.002,-101.76389970504522,-88.23699796432255,53.245,-89.93898366601466,-32.101,0.002,59.43470428904012,4.908112116462658e-05,0.0,0.0003938199146958941,0.0,0.0,2.4651002949547802,2.035677439948813e-06,0.0,1.633398532874253e-05,0.0,0.0,3.9243930000000002,0.034424500000000004,-0.0413094,0.0068849,-0.0413094,-0.0550792,0.017182173381958,-0.033393406592988,-0.009119902319787999,0.005053266178371,0.001465964590995,0.00043116605617500006,4.228999999999999,2.0126090003032004,0.4139400007261429,0.09696199958852958,17.796168999666406
pid,05:00:14.575,52,-104.153,-88.237,53.245,-89.939,-32.101,0.002,3.711384507911052,0.0,0.0,0.0,0.0,0.0,-100.0,-88.237,53.245,-89.939,-32.101,0.002,-101.72164754524708,-88.23699796432255,53.245,-89.93898366601466,-32.101,0.002,59.366341012120365,4.970514268439945e-05,0.0,0.0003988269743525197,0.0,0.0,2.4313524547529255,2.035677439948813e-06,0.0,1.633398532874253e-05,0.0,0.0,3.6903064000000003,-0.0206547,0.0550792,-0.034424500000000004,-0.0413094,0.0068849,0.018638583638349998,-0.033774847374423995,-0.00996947496935,0.0047428266179250006,0.001345238095266,0.001224511599537,4.153000000000006,2.1402370002761018,0.32957100029307185,0.09355400015920168,17.71885400012252
pid,05:00:14.596,53,-104.076,-88.237,53.245,-89.939,-32.101,0.002,3.7667091356533278,0.0,0.0,0.0,0.0,0.0,-100.0,-88.237,53.245,-89.939,-32.101,0.002,-101.67898141522885,-88.23699796432255,53.245,-89.93898366601466,-32.101,0.002,58.62903767264194,4.979094015722215e-05,0.0,0.0003995154010352523,0.0,0.0,2.3970185847711463,2.035677439948813e-06,0.0,1.633398532874253e-05,0.0,0.0,3.5526084,-0.0481943,-0.0137698,-0.0,-0.0206547,-0.0275396,0.018499877899645998,-0.035300610500168,-0.009397313797196,0.004777319902419,0.0009485653235850001,0.00043116605617500006,4.075999999999993,2.764916000160156,0.4294580003261217,0.1699979993645684,17.149694000181626
pid,05:00:14.617,54,-104.002,-88.237,53.245,-89.94,-32.101,0.002,3.574471346968766,0.0,0.0,-0.04830366685116118,0.0,0.0,-100.0,-88.237,53.245,-89.939,-32.101,0.002,-101.63783887258053,-88.23699796432255,53.245,-89.93948263089656,-32.101,0.002,57.09882574039519,4.916534227036558e-05,0.0,0.01249541240562443,0.0,0.0,2.3641611274194645,2.035677439948813e-06,0.0,0.0005173691034343619,0.0,0.0,3.6558819000000002,0.0068849,0.0068849,-0.0068849,0.0137698,-0.0068849,0.019834920634671998,-0.034607081806647996,-0.008461050060944,0.0047428266179250006,0.0008795787545970001,0.00034493284494,4.002000124937525,2.0151460003035027,0.2722749995882623,0.08733199956623139,20.606323999345477
pid,05:00:14.640,55,-103.859,-88.237,53.245,-89.94,-32.101,0.002,6.176096875836675,0.0,0.0,0.0,0.0,0.0,-100.0,-88.237,53.245,-89.939,-32.101,0.002,-101.56187135036468,-88.23699796432255,53.245,-89.93948147320747,-32.101,0.002,49.60590586156469,4.395993368639315e-05,0.0,0.011197453508301505,0.0,0.0,2.2971286496353116,2.035677439948813e-06,0.0,0.0005185267925327253,0.0,0.0,3.6627668,0.0,-0.0137698,0.0206547,-0.0068849,-0.0137698,0.018153113552886,-0.034485714285282,-0.009397313797196,0.004432387057479,0.0009485653235850001,0.000586385836398,3.859000129567238,1.995182999962708,0.2934599997388432,0.10888700035138754,17.690687999674992
pid,05:00:14.660,56,-103.79,-88.237,53.245,-89.94,-32.101,0.002,3.403066401702096,0.0,0.0,0.0,0.0,0.0,-100.0,-88.237,53.245,-89.939,-32.101,0.002,-101.52352908034801,-88.23699796432255,53.245,-89.9394804594159,-32.101,0.002,55.890949544230644,5.0199604905993254e-05,0.0,0.012811819608964905,0.0,0.0,2.2664709196519937,2.035677439948813e-06,0.0,0.0005195405840936473,0.0,0.0,3.4631047,-0.034424500000000004,0.034424500000000004,0.0137698,-0.0206547,-0.0206547,0.019557509157263998,-0.034017582417156,-0.009258608058492,0.005346459096570001,0.001569444444477,0.001121031746055,3.790000131926125,2.549010999246093,0.47062399971764535,0.2440529997329577,17.278895000345074
pid,05:00:14.681,57,-103.719,-88.237,53.245,-89.939,-32.101,0.002,3.4219544268894113,0.0,0.0,0.0481965412240164,0.0,0.0,-100.0,-88.237,53.245,-89.939,-32.101,0.002,-101.48417091967345,-88.23699796432255,53.245,-89.9389804594159,-32.101,0.002,53.85551594903756,4.905630565952754e-05,0.0,0.0004708942832541875,0.0,0.0,2.2348290803265485,2.035677439948813e-06,0.0,1.9540584091259916e-05,0.0,0.0,3.3460614,0.0,-0.034424500000000004,-0.0068849,0.0137698,0.0481943,0.019713553113305998,-0.034017582417156,-0.009085225885112,0.005053266178371,0.000638125763139,0.001293498168525,3.718999999999994,2.0637200004784972,0.30855200020596385,0.12729500031127827,17.702539000310935
pid,05:00:14.701,58,-103.65,-88.237,53.245,-89.94,-32.101,0.002,3.37890948149994,0.0,0.0,-0.04896970263067597,0.0,0.0,-100.0,-88.237,53.245,-89.939,-32.101,0.002,-101.4459441255498,-88.23699796432255,53.245,-89.93947943837642,-32.101,0.002,53.96598037635294,4.984325927333463e-05,0.0,0.012745873953663268,0.0,0.0,2.204055874450205,2.035677439948813e-06,0.0,0.0005205616235741672,0.0,0.0,3.5457235000000003,0.034424500000000004,-0.0206547,-0.034424500000000004,0.0206547,-0.0068849,0.017286202685986,-0.034537728937296,-0.008096947496846,0.004432387057479,0.001396978022007,0.000586385836398,3.6500001369863044,2.028646000326262,0.35823700000037206,0.1645540005483781,17.940204000296944
pid,05:00:14.722,59,-103.582,-88.237,53.245,-89.94,-32.101,0.002,3.293296753037395,0.0,0.0,0.0,0.0,0.0,-100.0,-88.237,53.245,-89.939,-32.101,0.002,-101.40824606827974,-88.23699796432255,53.245,-89.93947840597629,-32.101,0.002,52.638358567906714,4.929477853240479e-05,0.0,0.012630616946159795,0.0,0.0,2.173753931720256,2.035677439948813e-06,0.0,0.0005215940237093264,0.0,0.0,3.2083634,-0.0206547,-0.0275396,-0.0619641,0.0137698,-0.0068849,0.018343833943604,-0.034329670329239996,-0.009085225885112,0.004415140415232,0.001069291819314,0.001586691086724,3.5820001395868135,1.9552210005713277,1.1194140006409725,0.440570000137086,16.99164000001474
pid,05:00:14.743,60,-103.519,-88.237,53.245,-89.94,-32.101,0.002,3.032409736168081,0.0,0.0,0.0,0.0,0.0,-100.0,-88.237,53.245,-89.939,-32.101,0.002,-101.37309060910225,-88.23699796432255,53.245,-89.93947736719846,-32.101,0.002,51.64505182455623,4.8992127520632374e-05,0.0,0.012578069808067954,0.0,0.0,2.1459093908977565,2.035677439948813e-06,0.0,0.0005226328015339732,0.0,0.0,3.0087013000000002,-0.0481943,-0.0068849,0.0275396,-0.0206547,0.0550792,0.02054578754553,-0.033844200243776,-0.008773137973028,0.005053266178371,0.0008795787545970001,0.000586385836398,3.5190001420858223,3.6088520000703284,0.7575839999844902,0.25868299962894525,15.983723000317696
pid,05:00:14.764,61,-103.451,-88.237,53.245,-89.94,-32.101,0.002,3.210914281854981,0.0,0.0,0.0,0.0,0.0,-100.0,-88.237,53.245,-89.939,-32.101,0.002,-101.3354363851118,-88.23699796432255,53.245,-89.93947630831002,-32.101,0.002,49.94774577364728,4.80616598745906e-05,0.0,0.01236418475452282,0.0,0.0,2.1155636148881882,2.035677439948813e-06,0.0,0.0005236916899775679,0.0,0.0,3.0913201,0.0,0.0757339,0.06884900000000001,0.0068849,0.0206547,0.021724786324514,-0.033566788766368,-0.009119902319787999,0.004760073260172,0.000638125763139,0.00043116605617500006,3.4510001448855308,4.353529000582057,0.2804420000757091,0.10755400035122875,15.593412999805878
pid,05:00:14.785,62,-103.388,-88.237,53.245,-89.939,-32.101,0.002,2.9968828199422766,0.0,0.0,0.04756956857074839,0.0,0.0,-100.0,-88.237,53.245,-89.939,-32.101,0.002,-101.30037528491498,-88.23699796432255,53.245,-89.93897630831002,-32.101,0.002,49.65370351687616,4.8418148618840273e-05,0.0,0.0005635017352474394,0.0,0.0,2.0876247150850276,2.035677439948813e-06,0.0,2.3691689975180452e-05,0.0,0.0,3.2703275,0.0068849,0.0550792,0.0068849,-0.034424500000000004,-0.034424500000000004,0.019869597069348,-0.034208302807874,-0.00892918192907,0.004777319902419,0.0008795787545970001,0.00051739926741,3.3880000000000052,3.634924999460054,0.34121899989258964,0.1019810006255284,16.230461999839463
pid,05:00:14.806,63,-103.33,-88.237,53.245,-89.939,-32.101,0.002,2.8172837207151105,0.0,0.0,0.0,0.0,0.0,-100.0,-88.237,53.245,-89.939,-32.101,0.002,-101.26794751513481,-88.23699796432255,53.245,-89.93897630831002,-32.101,0.002,50.080921524742585,4.944035252313732e-05,0.0,0.0005753983833077074,0.0,0.0,2.062052484865191,2.035677439948813e-06,0.0,2.3691689975180452e-05,0.0,0.0,3.0913201,-0.034424500000000004,-0.0,-0.0137698,-0.0413094,-0.0068849,0.01967887667863,-0.033566788766368,-0.009085225885112,0.004760073260172,0.000672619047633,0.000586385836398,3.3299999999999983,3.4585379999043653,0.40668100064067403,0.13175799995224224,16.3295169995763
pid,05:00:14.826,64,-103.263,-88.237,53.245,-89.939,-32.101,0.002,3.2399276886180006,0.0,0.0,0.0,0.0,0.0,-100.0,-88.237,53.245,-89.939,-32.101,0.002,-101.2310736589718,-88.23699796432255,53.245,-89.93897630831002,-32.101,0.002,49.12906278753927,4.921975880857296e-05,0.0,0.0005728310620761532,0.0,0.0,2.0319263410282105,2.035677439948813e-06,0.0,2.3691689975180452e-05,0.0,0.0,2.9811617,0.034424500000000004,0.0619641,0.0206547,-0.0206547,0.0137698,0.019921611721362,-0.034537728937296,-0.009258608058492,0.0038632478633280004,0.001241758241784,0.001431471306501,3.2630000000000052,3.0038759996386943,0.2995710001414409,0.12011000035272446,17.068360999473953
pid,05:00:14.847,65,-103.201,-88.237,53.245,-89.939,-32.101,0.002,2.9709793097150614,0.0,0.0,0.0,0.0,0.0,-100.0,-88.237,53.245,-89.939,-32.101,0.002,-101.19673364917516,-88.23699796432255,53.245,-89.93897630831002,-32.101,0.002,48.021240802076946,4.8773834957789813e-05,0.0,0.0005676412960303126,0.0,0.0,2.0042663508248353,2.035677439948813e-06,0.0,2.3691689975180452e-05,0.0,0.0,2.8296939,0.0206547,-0.034424500000000004,0.0206547,-0.0137698,0.0068849,0.021967521367245998,-0.033254700854283996,-0.008946520146408,0.005380952381064,0.00103479853482,-0.0008450854701030001,3.2009999999999934,2.3651060000702273,0.28144200041424483,0.09522100026515545,17.312802999185806
pid,05:00:14.867,66,-103.143,-88.237,53.245,-89.94,-32.101,0.002,2.8688809849517605,0.0,0.0,-0.04946346525803136,0.0,0.0,-100.0,-88.237,53.245,-89.939,-32.101,0.002,-101.16455655676603,-88.23699796432255,53.245,-89.93947529746293,-32.101,0.002,48.930334259458,5.0345829992221145e-05,0.0,0.012976802856328767,0.0,0.0,1.9784434432339708,2.035677439948813e-06,0.0,0.0005247025370636038,0.0,0.0,2.9123127,0.034424500000000004,0.0068849,-0.0068849,-0.0068849,-0.0,0.022869108668822,-0.034659096458662,-0.009397313797196,0.004156440781527,0.001396978022007,0.000586385836398,3.1430001590836745,1.9637020004665828,0.26827500005310867,0.08961000003182562,17.73613099976501
pid,05:00:14.887,67,-103.086,-88.237,53.245,-89.939,-32.101,0.002,2.8205484533164515,0.0,0.0,0.04948330619876864,0.0,0.0,-100.0,-88.237,53.245,-89.939,-32.101,0.002,-101.13293833343268,-88.23699796432255,53.245,-89.93897529746293,-32.101,0.002,48.32197423568343,5.0366024869875465e-05,0.0,0.0006111816026078591,0.0,0.0,1.9530616665673222,2.035677439948813e-06,0.0,2.470253706121639e-05,0.0,0.0,2.9260825,-0.0068849,-0.0068849,-0.0068849,-0.0481943,-0.0,0.020892551892289998,-0.033445421245002,-0.008287667887564,0.004760073260172,0.001345238095266,0.000603632478645,3.0859999999999985,2.0384050003485754,0.27034899994760053,0.10535100045672152,17.765964999853168
pid,05:00:14.908,68,-103.028,-88.237,53.245,-89.939,-32.101,0.002,2.8524650813748123,0.0,0.0,0.0,0.0,0.0,-100.0,-88.237,53.245,-89.939,-32.101,0.002,-101.10085987331152,-88.23699796432255,53.245,-89.93897529746293,-32.101,0.002,47.388792399101895,5.005774822968417e-05,0.0,0.0006074407274547084,0.0,0.0,1.9271401266884851,2.035677439948813e-06,0.0,2.470253706121639e-05,0.0,0.0,2.891658,-0.0068849,-0.0206547,0.0137698,-0.0481943,0.0413094,0.021187301587036,-0.034659096458662,-0.008790476190366,0.005053266178371,0.001103785103808,0.000810592185609,3.028000000000006,2.0347939998828224,0.4722910007330938,0.12992399933864363,17.65487300053792
pid,05:00:14.928,69,-102.966,-88.237,53.245,-89.939,-32.101,0.002,3.0217626252068324,0.0,0.0,0.0,0.0,0.0,-100.0,-88.237,53.245,-89.939,-32.101,0.002,-101.06681707970381,-88.23699796432255,53.245,-89.93897529746293,-32.101,0.002,46.28129005629916,4.960753212973093e-05,0.0,0.0006019774454466447,0.0,0.0,1.8991829202961839,2.035677439948813e-06,0.0,2.470253706121639e-05,0.0,0.0,2.9673919,-0.0413094,-0.034424500000000004,0.0275396,0.0137698,0.0206547,0.0190720390718,-0.034728449328014,-0.00832234432224,0.004432387057479,0.0009830586080790001,0.00043116605617500006,2.965999999999994,2.0520719999694848,0.3760510007850826,0.11735099997167708,17.749186999935773
pid,05:00:14.949,70,-102.907,-88.237,53.245,-89.939,-32.101,0.002,2.839680257042739,0.0,0.0,0.0,0.0,0.0,-100.0,-88.237,53.245,-89.939,-32.101,0.002,-101.03429714463233,-88.23699796432255,53.245,-89.93897529746293,-32.101,0.002,45.06675699741805,4.898875437512634e-05,0.0,0.0005944687015921436,0.0,0.0,1.8727028553676632,2.035677439948813e-06,0.0,2.470253706121639e-05,0.0,0.0,2.891658,0.0137698,-0.0068849,0.0206547,-0.0068849,-0.0,0.016956776556564,-0.03320268620227,-0.009241269841154,0.004501373626467,0.001241758241784,0.0008968253968440001,2.9069999999999965,2.5066779999178834,0.2857939998648362,0.11029500001313863,17.345821000162687
pid,05:00:14.970,71,-102.85,-88.237,53.245,-89.939,-32.101,0.002,2.7656671139698425,0.0,0.0,0.0,0.0,0.0,-100.0,-88.237,53.245,-89.939,-32.101,0.002,-101.00286024020195,-88.23699796432255,53.245,-89.93897529746293,-32.101,0.002,44.81204989981946,4.938601869441933e-05,0.0,0.0005992894243700819,0.0,0.0,1.84713975979804,2.035677439948813e-06,0.0,2.470253706121639e-05,0.0,0.0,2.7677298,-0.0068849,-0.0137698,-0.0550792,-0.0137698,0.0068849,0.022054212453936,-0.035109890109449995,-0.008946520146408,0.004415140415232,0.001241758241784,0.001362484737513,2.8499999999999943,1.8889989996750955,0.32468199970026035,0.09172099998977501,17.755835000571096
pid,05:00:14.990,72,-102.792,-88.237,53.245,-89.939,-32.101,0.002,2.868982486761519,0.0,0.0,0.0,0.0,0.0,-100.0,-88.237,53.245,-89.939,-32.101,0.002,-100.9710380549717,-88.23699796432255,53.245,-89.93897529746293,-32.101,0.002,45.03713732194876,5.0347611241734396e-05,0.0,0.000610958156926248,0.0,0.0,1.8209619450283014,2.035677439948813e-06,0.0,2.470253706121639e-05,0.0,0.0,2.8503486000000002,0.0137698,-0.0275396,-0.034424500000000004,-0.034424500000000004,0.0206547,0.020268376068122,-0.034485714285282,-0.008946520146408,0.004173687423774,0.000638125763139,0.000741605616621,2.7920000000000016,2.1249410001473734,0.33055199946829816,0.09786899954633554,17.729260999658436
pid,05:00:15.010,73,-102.737,-88.237,53.245,-89.939,-32.101,0.002,2.6904751463696743,0.0,0.0,0.0,0.0,0.0,-100.0,-88.237,53.245,-89.939,-32.101,0.002,-100.94074050078869,-88.23699796432255,53.245,-89.93897529746293,-32.101,0.002,43.93446853688967,4.97903594506821e-05,0.0,0.0006041960182903052,0.0,0.0,1.7962594992113026,2.035677439948813e-06,0.0,2.470253706121639e-05,0.0,0.0,2.8434637,0.0137698,-0.0137698,-0.0481943,-0.0137698,0.0068849,0.020164346764094,-0.034329670329239996,-0.008426373626268,0.004725579975678001,0.001103785103808,0.000655372405386,2.7369999999999948,2.1157190003577853,3.6288510000304086,0.1914610002131667,14.113039999756438
pid,05:00:15.031,74,-102.679,-88.237,53.245,-89.939,-32.101,0.002,2.8644894614131067,0.0,0.0,0.0,0.0,0.0,-100.0,-88.237,53.245,-89.939,-32.101,0.002,-100.90902828972817,-88.23699796432255,53.245,-89.93897529746293,-32.101,0.002,43.70745957822106,5.0268763394253634e-05,0.0,0.0006100013541229701,0.0,0.0,1.7699717102718324,2.035677439948813e-06,0.0,2.470253706121639e-05,0.0,0.0,2.7057657,0.0481943,-0.0,-0.0,0.0275396,0.0137698,0.02054578754553,-0.03415628815586,-0.008790476190366,0.005070512820618001,0.001138278388302,0.000500152625163,2.679000000000002,2.119718999892939,0.2979970004162169,0.11349800024618162,17.5227449999511
pid,05:00:15.051,75,-102.624,-88.237,53.245,-89.94,-32.101,0.002,2.7213570998835497,0.0,0.0,-0.04947921999811284,0.0,0.0,-100.0,-88.237,53.245,-89.939,-32.101,0.002,-100.87887667153358,-88.23699796432255,53.245,-89.93947428693771,-32.101,0.002,43.17367054630814,5.036186577664458e-05,0.0,0.013005936132374623,0.0,0.0,1.7451233284664198,2.035677439948813e-06,0.0,0.0005257130622879913,0.0,0.0,2.6093771,-0.0137698,0.0206547,-0.0275396,0.0068849,-0.0137698,0.021967521367245998,-0.033133333332918,-0.009431990231872,0.004725579975678001,0.001103785103808,0.000810592185609,2.624000190548769,2.047089999905438,0.27464499999041436,0.089480000497133,17.65228099975502
pid,05:00:15.071,76,-102.57,-88.237,53.245,-89.94,-32.101,0.002,2.67061769387693,0.0,0.0,0.0,0.0,0.0,-100.0,-88.237,53.245,-89.939,-32.101,0.002,-100.84927839622974,-88.23699796432255,53.245,-89.93947327593564,-32.101,0.002,42.54990334504584,5.033811270054339e-05,0.0,0.01302480190787858,0.0,0.0,1.720721603770258,2.035677439948813e-06,0.0,0.0005267240643576088,0.0,0.0,2.5129885,-0.0137698,-0.0137698,-0.0137698,-0.0,-0.0068849,0.022522344322062,-0.034208302807874,-0.008790476190366,0.0038460012210810002,0.000707112332127,0.000741605616621,2.5700001945525153,2.001941999878909,0.27010800022253534,0.08192500081349863,17.712650000248686
pid,05:00:15.091,77,-102.517,-88.237,53.245,-89.94,-32.101,0.002,2.6212854430751555,0.0,0.0,0.0,0.0,0.0,-100.0,-88.237,53.245,-89.939,-32.101,0.002,-100.8202338240552,-88.23699796432255,53.245,-89.93947226498126,-32.101,0.002,41.95951393685508,5.0340486999827654e-05,0.0,0.013050416249104234,0.0,0.0,1.696766175944802,2.035677439948813e-06,0.0,0.0005277350187355978,0.0,0.0,2.6369167,-0.0275396,-0.0,0.0206547,0.0137698,0.034424500000000004,0.021915506715232,-0.034086935286508,-0.009900122099998,0.004432387057479,0.001569444444477,0.001052045177067,2.5170001986491735,1.9443319997662911,0.27021999994758517,0.08381399948120816,17.75529800033837
pid,05:00:15.111,78,-102.466,-88.237,53.245,-89.94,-32.101,0.002,2.5213284299859513,0.0,0.0,0.0,0.0,0.0,-100.0,-88.237,53.245,-89.939,-32.101,0.002,-100.79223978165865,-88.23699796432255,53.245,-89.93947125360965,-32.101,0.002,41.37352179885659,5.0319719472187465e-05,0.0,0.01307003241401809,0.0,0.0,1.673760218341343,2.035677439948813e-06,0.0,0.0005287463903442813,0.0,0.0,2.6644563,0.0,0.0137698,0.0068849,-0.0206547,0.034424500000000004,0.020147008546756,-0.03363614163572,-0.009761416361294,0.005656898657016,0.000776098901115,0.001362484737513,2.466000202757488,1.9292209999548504,0.2699229999052477,0.07892600024206331,17.784890000257292
pid,05:00:15.132,79,-102.417,-88.237,53.245,-89.939,-32.101,0.002,2.4205982686528245,0.0,0.0,0.04939996466662773,0.0,0.0,-100.0,-88.237,53.245,-89.939,-32.101,0.002,-100.76529342363358,-88.23699796432255,53.245,-89.93897125360965,-32.101,0.002,40.797123255874226,5.028119663176944e-05,0.0,0.0007100353336115405,0.0,0.0,1.651706576366422,2.035677439948813e-06,0.0,2.8746390341893857e-05,0.0,0.0,2.6644563,0.0068849,0.0068849,0.0206547,0.0137698,-0.0,0.019488156287912,-0.033324053723636,-0.008946520146408,0.004725579975678001,0.0009485653235850001,0.000810592185609,2.4170000000000016,1.885221000520687,0.2686259995243745,0.0748330003261799,17.828537999776017
pid,05:00:15.152,80,-102.361,-88.237,53.245,-89.939,-32.101,0.002,2.7737157567812027,0.0,0.0,0.0,0.0,0.0,-100.0,-88.237,53.245,-89.939,-32.101,0.002,-100.73491005036117,-88.23699796432255,53.245,-89.93897125360965,-32.101,0.002,40.270636743366325,5.0414201533052096e-05,0.0,0.0007119135343263288,0.0,0.0,1.626089949638839,2.035677439948813e-06,0.0,2.8746390341893857e-05,0.0,0.0,2.616262,0.0275396,0.034424500000000004,-0.0619641,0.0550792,0.0206547,0.019817582417334,-0.034208302807874,-0.008287667887564,0.005053266178371,0.000707112332127,0.000810592185609,2.361000000000004,1.8713330000537098,0.2697749996514176,0.07485100013582269,17.8390010005387
pid,05:00:15.172,81,-102.308,-88.237,53.245,-89.939,-32.101,0.002,2.6123522181090375,0.0,0.0,0.0,0.0,0.0,-100.0,-88.237,53.245,-89.939,-32.101,0.002,-100.70606878873588,-88.23699796432255,53.245,-89.93897125360965,-32.101,0.002,39.47932597173755,5.0168928844472465e-05,0.0,0.0007084499676865603,0.0,0.0,1.6019312112641302,2.035677439948813e-06,0.0,2.8746390341893857e-05,0.0,0.0,2.4303697,-0.0068849,-0.0068849,-0.0206547,0.034424500000000004,0.034424500000000004,0.021638095237824,-0.033566788766368,-0.008946520146408,0.0035700549451290003,0.001172771672796,0.0008968253968440001,2.308000000000007,1.8828140000550775,0.45997699999134056,0.1552579997223802,17.525559999739926
pid,05:00:15.192,82,-102.257,-88.237,53.245,-89.939,-32.101,0.002,2.5223690112612243,0.0,0.0,0.0,0.0,0.0,-100.0,-88.237,53.245,-89.939,-32.101,0.002,-100.67828706470013,-88.23699796432255,53.245,-89.93897125360965,-32.101,0.002,39.040162604681385,5.0340486999827654e-05,0.0,0.0007108725900629426,0.0,0.0,1.578712935299876,2.035677439948813e-06,0.0,2.8746390341893857e-05,0.0,0.0,2.340866,0.0068849,-0.0068849,0.0068849,0.0068849,-0.0206547,0.022210256409978,-0.03389621489579,-0.009085225885112,0.005070512820618001,0.0009830586080790001,0.0009830586080790001,2.257000000000005,1.9967759999417467,0.2981260004162323,0.12188800064905081,17.66113299981953
pid,05:00:15.213,83,-102.208,-88.237,53.245,-89.939,-32.101,0.002,2.420113704340779,0.0,0.0,0.0,0.0,0.0,-100.0,-88.237,53.245,-89.939,-32.101,0.002,-100.6515517978239,-88.23699796432255,53.245,-89.93897125360965,-32.101,0.002,38.436547185534934,5.027113115588875e-05,0.0,0.0007098931961127605,0.0,0.0,1.5564482021760995,2.035677439948813e-06,0.0,2.8746390341893857e-05,0.0,0.0,2.4372546,0.0137698,-0.0,-0.0137698,0.0275396,0.0481943,0.022505006104723998,-0.034329670329239996,-0.009605372405252,0.0048118131869130006,0.00137973137976,0.00051739926741,2.2079999999999984,1.9142020000799675,0.4060139999637613,0.12153500028944109,17.628003000027093
pid,05:00:15.233,84,-102.161,-88.237,53.245,-89.939,-32.101,0.002,2.3234128656623483,0.0,0.0,0.0,0.0,0.0,-100.0,-88.237,53.245,-89.939,-32.101,0.002,-100.62586606920243,-88.23699796432255,53.245,-89.93897125360965,-32.101,0.002,37.944148141809876,5.031616104495656e-05,0.0,0.0007105290762120529,0.0,0.0,1.5351339307975707,2.035677439948813e-06,0.0,2.8746390341893857e-05,0.0,0.0,2.4372546,0.0206547,0.0481943,0.0137698,0.0137698,-0.0068849,0.019817582417334,-0.035248595848154,-0.009431990231872,0.004777319902419,0.00120726495729,0.000741605616621,2.1610000000000014,2.001793999625079,0.3045699995709583,0.11433199961174978,17.63546700021834
pid,05:00:15.253,85,-102.114,-88.237,53.245,-89.94,-32.101,0.002,2.3240702647896487,0.0,0.0,-0.04944830350640196,0.0,0.0,-100.0,-88.237,53.245,-89.939,-32.101,0.002,-100.60022848322869,-88.23699796432255,53.245,-89.93947024245261,-32.101,0.002,37.42671670014859,5.0330397774402684e-05,0.0,0.013097805993790583,0.0,0.0,1.513771516771314,2.035677439948813e-06,0.0,0.0005297575473832694,0.0,0.0,2.4579093000000003,0.0137698,-0.0137698,0.0068849,0.0275396,0.0137698,0.019366788766546,-0.032353113552708,-0.007958241758142,0.0050877594628650005,0.0008450854701030001,0.001276251526278,2.1140002365184394,1.9144799998684903,0.26681199960876256,0.07470299988199258,17.819185999542242
pid,05:00:15.273,86,-102.065,-88.237,53.245,-89.94,-32.101,0.002,2.4230240037730213,0.0,0.0,0.0,0.0,0.0,-100.0,-88.237,53.245,-89.939,-32.101,0.002,-100.57364049318313,-88.23699796432255,53.245,-89.93946923131942,-32.101,0.002,36.8734681966517,5.033158453219034e-05,0.0,0.013123114831470347,0.0,0.0,1.4913595068168632,2.035677439948813e-06,0.0,0.0005307686805764433,0.0,0.0,2.4510244,0.0,-0.0206547,-0.0895037,-0.0,-0.0413094,0.019106715506476,-0.033844200243776,-0.009085225885112,0.004415140415232,0.0009485653235850001,0.000655372405386,2.065000242130734,1.9122209996567108,0.267757000074198,0.1438310000594356,17.746669000189286
pid,05:00:15.294,87,-102.016,-88.237,53.245,-89.939,-32.101,0.002,2.4235383127752654,0.0,0.0,0.049459965567086005,0.0,0.0,-100.0,-88.237,53.245,-89.939,-32.101,0.002,-100.54710248125076,-88.23699796432255,53.245,-89.93896923131942,-32.101,0.002,36.325810349284275,5.034226787128115e-05,0.0,0.0007609089408305003,0.0,0.0,1.4688975187492446,2.035677439948813e-06,0.0,3.076868057405591e-05,0.0,0.0,2.2238227,0.034424500000000004,0.0137698,-0.0275396,-0.0068849,-0.0413094,0.020857875457614,-0.035179242978802,-0.009258608058492,0.0047428266179250006,0.0008795787545970001,0.00012072649572900001,2.0160000000000053,1.9804800003839773,0.3154599999106722,0.08868499935488217,17.67570700030774
pid,05:00:15.314,88,-101.969,-88.237,53.245,-89.939,-32.101,0.002,2.3249747962595055,0.0,0.0,0.0,0.0,0.0,-100.0,-88.237,53.245,-89.939,-32.101,0.002,-100.52161228763342,-88.23699796432255,53.245,-89.93896923131942,-32.101,0.002,35.799361187948826,5.0349986437160296e-05,0.0,0.0007610256047400971,0.0,0.0,1.4473877123665773,2.035677439948813e-06,0.0,3.076868057405591e-05,0.0,0.0,2.1687435,0.0137698,0.0068849,-0.0413094,0.0206547,0.0137698,0.021135286935022,-0.033844200243776,-0.00979609279597,0.004725579975678001,0.001569444444477,0.000275946275952,1.968999999999994,1.9400910005060723,0.27127499924972653,0.08207300015783403,17.77066900012869
pid,05:00:15.334,89,-101.924,-88.237,53.245,-89.94,-32.101,0.002,2.2263285286270915,0.0,0.0,-0.04947396730307423,0.0,0.0,-100.0,-88.237,53.245,-89.939,-32.101,0.002,-100.49716783067466,-88.23699796432255,53.245,-89.9394682206869,-32.101,0.002,35.295524045920004,5.035651938026828e-05,0.0,0.013154616174070217,0.0,0.0,1.4268321693253512,2.035677439948813e-06,0.0,0.0005317793130927839,0.0,0.0,2.2169378,-0.0068849,0.0137698,-0.0481943,0.0137698,-0.0137698,0.020337728937474,-0.033254700854283996,-0.009293284493168,0.004501373626467,0.001000305250326,0.000189713064717,1.924000259875249,1.9483500000205822,0.27133000003232155,0.08023999998840736,17.763890999958676
pid,05:00:15.354,90,-101.837,-88.237,53.245,-89.94,-32.101,0.002,4.30403208228178,0.0,0.0,0.0,0.0,0.0,-100.0,-88.237,53.245,-89.939,-32.101,0.002,-100.45181121114969,-88.23699796432255,53.245,-89.93946721000671,-32.101,0.002,34.263775788669804,5.0354143568450666e-05,0.0,0.013178995541569379,0.0,0.0,1.3851887888503143,2.035677439948813e-06,0.0,0.0005327899932865421,0.0,0.0,2.272017,-0.0068849,-0.0206547,0.0137698,-0.0413094,0.0068849,0.019730891330644,-0.032994627594213996,-0.010073504273378,0.004432387057479,0.0008795787545970001,0.00012072649572900001,1.8370002721828902,1.9357210003363434,0.26997899931302527,0.07879500026319874,17.780223000045225
pid,05:00:15.374,91,-101.793,-88.237,53.245,-89.94,-32.101,0.002,2.163989775098932,0.0,0.0,0.0,0.0,0.0,-100.0,-88.237,53.245,-89.939,-32.101,0.002,-100.42798837444067,-88.23699796432255,53.245,-89.93946619336604,-32.101,0.002,33.56671818865653,5.005892216435338e-05,0.0,0.013126728383543364,0.0,0.0,1.3650116255593332,2.035677439948813e-06,0.0,0.0005338066339533043,0.0,0.0,2.2375925,0.0068849,-0.0206547,-0.0,-0.0206547,-0.0,0.017841025640801998,-0.033566788766368,-0.008946520146408,0.00482905982916,0.001000305250326,0.001190018315043,1.7930002788622268,1.9696279996423982,0.2694790000532521,0.08368399994651554,17.74159399974451
pid,05:00:15.395,92,-101.748,-88.237,53.245,-89.94,-32.101,0.002,2.2259609397113778,0.0,0.0,0.0,0.0,0.0,-100.0,-88.237,53.245,-89.939,-32.101,0.002,-100.40372149707557,-88.23699796432255,53.245,-89.93946518256664,-32.101,0.002,33.247904884482075,5.034820501958185e-05,0.0,0.01322758573928384,0.0,0.0,1.344278502924439,2.035677439948813e-06,0.0,0.0005348174333619227,0.0,0.0,2.0930096000000002,0.0481943,-0.0068849,0.034424500000000004,-0.0068849,0.0206547,0.0190720390718,-0.034017582417156,-0.008738461538352,0.005053266178371,0.0008795787545970001,0.0009830586080790001,1.7480002860411712,1.958850999471906,0.270311999884143,0.08746299954509595,17.74513200052752
pid,05:00:15.415,93,-101.704,-88.237,53.245,-89.939,-32.101,0.002,2.176597820446841,0.0,0.0,0.04946813228310642,0.0,0.0,-100.0,-88.237,53.245,-89.939,-32.101,0.002,-100.37999917613745,-88.23699796432255,53.245,-89.93896518256663,-32.101,0.002,32.747923948730865,5.035058027103345e-05,0.0,0.0008611766995370647,0.0,0.0,1.3240008238625478,2.035677439948813e-06,0.0,3.4817433359535244e-05,0.0,0.0,2.1274341,-0.0275396,0.0275396,0.0826188,0.0137698,-0.0068849,0.018638583638349998,-0.034017582417156,-0.009119902319787999,0.0052947191698290005,0.000724358974374,0.0009830586080790001,1.7039999999999935,1.9403320002311375,0.3819780004050699,0.08833199990476714,17.649299000368046
pid,05:00:15.435,94,-101.662,-88.237,53.245,-89.939,-32.101,0.002,2.0764615439012113,0.0,0.0,0.0,0.0,0.0,-100.0,-88.237,53.245,-89.939,-32.101,0.002,-100.35731833595514,-88.23699796432255,53.245,-89.93896518256663,-32.101,0.002,32.25144407646435,5.032149887455219e-05,0.0,0.0008606793026668629,0.0,0.0,1.304681664044864,2.035677439948813e-06,0.0,3.4817433359535244e-05,0.0,0.0,1.8313834,-0.0137698,-0.0206547,-0.0206547,-0.0275396,-0.0137698,0.020268376068122,-0.034208302807874,-0.009345299145182,0.004760073260172,0.001172771672796,0.00120726495729,1.6620000000000061,2.056181999250839,0.29407100009848364,0.11707299927365966,17.58685500044521
pid,05:00:15.455,95,-101.623,-88.237,53.245,-89.939,-32.101,0.002,1.928665739146912,0.0,0.0,0.0,0.0,0.0,-100.0,-88.237,53.245,-89.939,-32.101,0.002,-100.33617738286733,-88.23699796432255,53.245,-89.93896518256663,-32.101,0.002,31.81859864132106,5.03351451413727e-05,0.0,0.0008609127030955815,0.0,0.0,1.286822617132671,2.035677439948813e-06,0.0,3.4817433359535244e-05,0.0,0.0,1.9002324000000002,0.0137698,-0.0,0.034424500000000004,-0.0,-0.0619641,0.02123931623905,-0.034919169718732,-0.009570695970576,0.005001526251630001,0.000810592185609,0.000586385836398,1.6230000000000047,1.9831640001939377,0.2811089998431271,0.10979499984387076,17.68139199975849
pid,05:00:15.476,96,-101.585,-88.237,53.245,-89.94,-32.101,0.002,1.8777958010326088,0.0,0.0,-0.0494156789747641,0.0,0.0,-100.0,-88.237,53.245,-89.939,-32.101,0.002,-100.31557364086389,-88.23699796432255,53.245,-89.93946417074203,-32.101,0.002,31.36478272243683,5.029719126299376e-05,0.0,0.013239183298444422,0.0,0.0,1.269426359136105,2.035677439948813e-06,0.0,0.0005358292579700219,0.0,0.0,1.9621965000000001,-0.0068849,0.0275396,0.0137698,0.0206547,0.0206547,0.020857875457614,-0.034208302807874,-0.009085225885112,0.0038977411478220004,0.001276251526278,0.000275946275952,1.5850003154573757,2.101645000038843,0.4315879996283911,0.1337570001851418,17.37117299944657
pid,05:00:15.496,97,-101.548,-88.237,53.245,-89.94,-32.101,0.002,1.830774334351412,0.0,0.0,0.0,0.0,0.0,-100.0,-88.237,53.245,-89.939,-32.101,0.002,-100.29550938472033,-88.23699796432255,53.245,-89.93946316024065,-32.101,0.002,30.98686043879106,5.03630540189034e-05,0.0,0.01328151963624259,0.0,0.0,1.2524906152796689,2.035677439948813e-06,0.0,0.0005368397593485952,0.0,0.0,1.9553116000000001,-0.0068849,-0.0068849,0.0137698,-0.0068849,-0.0206547,0.021447374847105998,-0.035612698412252,-0.009934798534674,0.004760073260172,0.001172771672796,0.000500152625163,1.5480003229973842,2.0639419999497477,0.28658900009759236,0.1164619998235139,17.618169999877864
pid,05:00:15.516,98,-101.51,-88.237,53.245,-89.94,-32.101,0.002,1.8767344747190045,0.0,0.0,0.0,0.0,0.0,-100.0,-88.237,53.245,-89.939,-32.101,0.002,-100.27498066553355,-88.23699796432255,53.245,-89.93946214784383,-32.101,0.002,30.497412657077984,5.0268763394253634e-05,0.0,0.013281653733902289,0.0,0.0,1.2350193344664575,2.035677439948813e-06,0.0,0.0005378521561709704,0.0,0.0,1.9621965000000001,-0.0275396,0.0068849,-0.0275396,-0.034424500000000004,-0.0206547,0.019384126983884,-0.03372283272241,-0.008738461538352,0.004432387057479,0.001069291819314,0.000586385836398,1.5100003311257968,1.9122760004393058,0.2659229994605994,0.07827700028428808,17.843222999545105
pid,05:00:15.536,99,-101.47,-88.237,53.245,-89.94,-32.101,0.002,1.9711696215622316,0.0,0.0,0.0,0.0,0.0,-100.0,-88.237,53.245,-89.939,-32.101,0.002,-100.2534891652751,-88.23699796432255,53.245,-89.9394611332178,-32.101,0.002,29.974365021383317,5.015831894094186e-05,0.0,0.01327747288904628,0.0,0.0,1.2165108347249003,2.035677439948813e-06,0.0,0.0005388667821932813,0.0,0.0,2.0035059,0.0206547,0.0206547,0.0068849,0.0275396,-0.0206547,0.01872527472504,-0.034728449328014,-0.009900122099998,0.004794566544666001,0.00120726495729,0.0008968253968440001,1.470000340136014,1.901646999613149,0.2677750007933355,0.07629500032635406,17.83322300070722
pid,05:00:15.557,100,-101.431,-88.237,53.245,-89.94,-32.101,0.002,1.9282110474574605,0.0,0.0,0.0,0.0,0.0,-100.0,-88.237,53.245,-89.939,-32.101,0.002,-100.23254199485064,-88.23699796432255,53.245,-89.93946012191772,-32.101,0.002,29.626666223624923,5.0323278402767574e-05,0.0,0.013346139519595988,0.0,0.0,1.1984580051493623,2.035677439948813e-06,0.0,0.000539878082278733,0.0,0.0,1.9484267,0.0206547,-0.034424500000000004,-0.0206547,0.0206547,0.0619641,0.018430525030294,-0.033445421245002,-0.007992918192818,0.004725579975678001,0.001103785103808,0.0008278388278560001,1.4310003494059644,1.9000180000148248,0.2675710002222331,0.07423999977618223,17.823001000579097
pid,05:00:15.577,101,-101.392,-88.237,53.245,-89.94,-32.101,0.002,1.9029310501274554,0.0,0.0,0.0,0.0,0.0,-100.0,-88.237,53.245,-89.939,-32.101,0.002,-100.21161556376696,-88.23699796432255,53.245,-89.93945909718275,-32.101,0.002,28.797310189678985,4.966351019672159e-05,0.0,0.01319616366730746,0.0,0.0,1.180384436233041,2.035677439948813e-06,0.0,0.000540902817249389,0.0,0.0,1.9071173000000001,0.0481943,-0.0481943,0.0275396,-0.0,-0.0275396,0.018447863247632,-0.03389621489579,-0.008946520146408,0.005053266178371,0.001172771672796,0.000741605616621,1.3920003591953518,2.380050000283518,0.33818200063251425,0.11111000003438676,17.461264000303345
pid,05:00:15.598,102,-101.353,-88.237,53.245,-89.94,-32.101,0.002,1.9064129411216983,0.0,0.0,0.0,0.0,0.0,-100.0,-88.237,53.245,-89.939,-32.101,0.002,-100.19073162960291,-88.23699796432255,53.245,-89.93945807431936,-32.101,0.002,28.407223876683993,4.975438208032708e-05,0.0,0.013245309367924884,0.0,0.0,1.1622683703970864,2.035677439948813e-06,0.0,0.0005419256806362682,0.0,0.0,1.8038438,-0.0481943,0.034424500000000004,0.0137698,-0.0206547,-0.0068849,0.018742612942378,-0.033393406592988,-0.009605372405252,0.005053266178371,0.0009485653235850001,0.00034493284494,1.353000369549094,1.9091099993602256,0.325589000567561,0.08772100045462139,17.74405800006207
pid,05:00:15.618,103,-101.318,-88.237,53.245,-89.94,-32.101,0.002,1.7305070080511333,0.0,0.0,0.0,0.0,0.0,-100.0,-88.237,53.245,-89.939,-32.101,0.002,-100.17189878322363,-88.23699796432255,53.245,-89.93945706305503,-32.101,0.002,28.333374108109027,5.032505805684696e-05,0.0,0.013422231259862983,0.0,0.0,1.1461012167763727,2.035677439948813e-06,0.0,0.0005429369449672095,0.0,0.0,1.6317213000000002,0.0206547,-0.0206547,0.0413094,0.0619641,-0.0068849,0.019869597069348,-0.032630525030116,-0.009570695970576,0.004466880341973001,0.001172771672796,0.0009830586080790001,1.3180003793626138,2.0990709999750834,0.3902549997292226,0.1199609996547224,17.68387299944152
pid,05:00:15.638,104,-101.284,-88.237,53.245,-89.94,-32.101,0.002,1.6610331027088507,0.0,0.0,0.0,0.0,0.0,-100.0,-88.237,53.245,-89.939,-32.101,0.002,-100.15358466130972,-88.23699796432255,53.245,-89.9394560395956,-32.101,0.002,27.61260731433603,4.972540592191842e-05,0.0,0.013287297621606995,0.0,0.0,1.130415338690284,2.035677439948813e-06,0.0,0.000543960404399968,0.0,0.0,1.6730307,-0.0206547,-0.0,0.0481943,-0.0,0.0275396,0.021048595848331998,-0.03363614163572,-0.008131623931522,0.004501373626467,0.0008450854701030001,0.00051739926741,1.2840003894080467,1.991163999264245,0.2781629991659429,0.15768400044180453,19.003563000296708
pid,05:00:15.660,105,-101.252,-88.237,53.245,-89.939,-32.101,0.002,1.4823644898009214,0.0,0.0,0.04632389030648451,0.0,0.0,-100.0,-88.237,53.245,-89.939,-32.101,0.002,-100.1362333067584,-88.23699796432255,53.245,-89.9389560395956,-32.101,0.002,25.84332695255287,4.715024905316131e-05,0.0,0.001018208475535825,0.0,0.0,1.1157666932415964,2.035677439948813e-06,0.0,4.396040439758053e-05,0.0,0.0,1.6248364,-0.0895037,0.0206547,-0.0206547,0.0137698,-0.0275396,0.0216727716725,-0.034329670329239996,-0.009431990231872,0.0050877594628650005,0.0009830586080790001,0.000655372405386,1.2519999999999953,1.9623679991127574,0.30032999984541675,0.11249900035181781,17.683521000435576
pid,05:00:15.680,106,-101.219,-88.238,53.245,-89.94,-32.101,0.002,1.6307942597262441,-0.04941800787072634,0.0,-0.04941800787072634,0.0,0.0,-100.0,-88.237,53.245,-89.939,-32.101,0.002,-100.11849995068788,-88.23749695254564,53.245,-89.93945502781868,-32.101,0.002,27.192260049190487,0.012429801529385174,0.0,0.013465719772904037,0.0,0.0,1.1005000493121173,0.000503047454358807,0.0,0.0005449721813164388,0.0,0.0,1.7556495,0.0,-0.0619641,-0.0413094,-0.0275396,0.0137698,0.02002564102539,-0.034086935286508,-0.009605372405252,0.004156440781527,0.000707112332127,0.00120726495729,1.2190008203442628,1.9541649999155197,0.2987930001836503,0.2350530003241147,17.984998999963864
pid,05:00:15.701,107,-101.185,-88.237,53.245,-89.94,-32.101,0.002,1.6469146090768643,0.0484386649730919,0.0,0.0,0.0,0.0,-100.0,-88.237,53.245,-89.939,-32.101,0.002,-100.1002767543006,-88.23699695254564,53.245,-89.93945399558544,-32.101,0.002,26.271272943353754,7.380731031332158e-05,0.0,0.013223862455312017,0.0,0.0,1.0847232456994078,3.047454356419621e-06,0.0,0.0005460044145593201,0.0,0.0,1.8244985,-0.0275396,0.0068849,-0.0275396,0.0137698,-0.0137698,0.019557509157263998,-0.034277655677226,-0.009119902319787999,0.00448412698422,0.0009485653235850001,0.000810592185609,1.1850004219408554,2.8431559994714917,0.3171639991705888,1.2593569999808096,16.05313100026251
pid,05:00:15.721,108,-101.15,-88.237,53.245,-89.939,-32.101,0.002,1.682895300982285,0.0,0.0,0.048082722885442415,0.0,0.0,-100.0,-88.237,53.245,-89.939,-32.101,0.002,-100.08158089856387,-88.23699695254564,53.245,-89.93895399558544,-32.101,0.002,25.686249789811022,7.326495168037185e-05,0.0,0.0011060087583595357,0.0,0.0,1.0684191014361346,3.047454356419621e-06,0.0,4.6004414556932716e-05,0.0,0.0,1.7281099,0.0206547,-0.0619641,0.0068849,0.0137698,0.034424500000000004,0.019002686202448,-0.033774847374423995,-0.009605372405252,0.004501373626467,0.001172771672796,0.00051739926741,1.1500000000000057,1.9475540002531488,0.414033000197378,0.1709059997665463,17.486559999269957
pid,05:00:15.742,109,-101.115,-88.237,53.245,-89.939,-32.101,0.002,1.7345145625337661,0.0,0.0,0.0,0.0,0.0,-100.0,-88.237,53.245,-89.939,-32.101,0.002,-100.0629559440422,-88.23699695254564,53.245,-89.93895399558544,-32.101,0.002,26.068367649790204,7.551219944503475e-05,0.0,0.001139933242753715,0.0,0.0,1.0520440559577935,3.047454356419621e-06,0.0,4.6004414556932716e-05,0.0,0.0,1.5904119,0.0068849,0.0275396,0.0275396,-0.0068849,0.0206547,0.01976556776532,-0.033965567765142,-0.008634432234324,0.004777319902419,0.0008795787545970001,0.0009830586080790001,1.1149999999999949,2.081051999994088,0.4914760002066032,0.6688269995720475,16.819104999740375
pid,05:00:15.762,110,-101.083,-88.237,53.245,-89.939,-32.101,0.002,1.5806313211011755,0.0,0.0,0.0,0.0,0.0,-100.0,-88.237,53.245,-89.939,-32.101,0.002,-100.04585967321873,-88.23699695254564,53.245,-89.93895399558544,-32.101,0.002,25.61463257637136,7.526409072744796e-05,0.0,0.0011361877900047184,0.0,0.0,1.0371403267812696,3.047454356419621e-06,0.0,4.6004414556932716e-05,0.0,0.0,1.5766421000000002,-0.0068849,-0.0481943,-0.0068849,0.0137698,-0.0068849,0.019453479853236,-0.034329670329239996,-0.008946520146408,0.004190934066021001,0.00120726495729,0.00034493284494,1.0829999999999984,1.9719049996638205,1.1399510003684554,0.22921899926586775,16.83782600048289
pid,05:00:15.783,111,-101.05,-88.237,53.245,-89.939,-32.101,0.002,1.5914733876810114,0.0,0.0,0.0,0.0,0.0,-100.0,-88.237,53.245,-89.939,-32.101,0.002,-100.02827105935097,-88.23699695254564,53.245,-89.93895399558544,-32.101,0.002,24.637188158581555,7.348397741811082e-05,0.0,0.0011093151740288218,0.0,0.0,1.0217289406490266,3.047454356419621e-06,0.0,4.6004414556932716e-05,0.0,0.0,1.3907498,-0.0137698,0.0481943,0.0068849,-0.0137698,0.0137698,0.022730402930118,-0.033324053723636,-0.009119902319787999,0.0048118131869130006,0.001103785103808,0.001052045177067,1.0499999999999972,3.20326400014892,0.28775600003427826,0.1097960002880427,16.438035000646778
pid,05:00:15.803,112,-101.02,-88.237,53.245,-89.939,-32.101,0.002,1.466779194740456,0.0,0.0,0.0,0.0,0.0,-100.0,-88.237,53.245,-89.939,-32.101,0.002,-100.0122279575634,-88.23699695254564,53.245,-89.93895399558544,-32.101,0.002,24.636317748117353,7.449904413343105e-05,0.0,0.0011246386356801887,0.0,0.0,1.0077720424365992,3.047454356419621e-06,0.0,4.6004414556932716e-05,0.0,0.0,1.6317213000000002,0.0137698,-0.0,-0.0,0.0206547,-0.0206547,0.022400976800696,-0.034329670329239996,-0.008790476190366,0.00448412698422,0.000638125763139,0.0008968253968440001,1.019999999999996,3.471426999567484,0.5889009999009431,0.4071809999004472,16.013278999707836
pid,05:00:15.824,113,-100.992,-88.237,53.245,-89.939,-32.101,0.002,1.3515531976104487,0.0,0.0,0.0,0.0,0.0,-100.0,-88.237,53.245,-89.939,-32.101,0.002,-99.99720039904595,-88.23699695254564,53.245,-89.93895399558544,-32.101,0.002,24.009367529490337,7.35499407320557e-05,0.0,0.0011103109571595027,0.0,0.0,0.9947996009540532,3.047454356419621e-06,0.0,4.6004414556932716e-05,0.0,0.0,1.5009082,0.034424500000000004,0.0206547,-0.0068849,-0.0068849,0.0413094,0.020823199022938,-0.035248595848154,-0.009570695970576,0.004501373626467,0.000638125763139,0.000586385836398,0.9920000000000044,5.883031999474042,0.422439999965718,0.12127700028941035,13.877874999707274
pid,05:00:15.844,114,-100.962,-88.237,53.245,-89.939,-32.101,0.002,1.4642189536399737,0.0,0.0,0.0,0.0,0.0,-100.0,-88.237,53.245,-89.939,-32.101,0.002,-99.98121489069939,-88.23699695254564,53.245,-89.93895399558544,-32.101,0.002,23.934735774762647,7.436900716848022e-05,0.0,0.001122675595797578,0.0,0.0,0.9807851093006121,3.047454356419621e-06,0.0,4.6004414556932716e-05,0.0,0.0,1.5009082,0.034424500000000004,0.0206547,-0.0068849,-0.0068849,-0.0206547,0.020823199022938,-0.035560683760238,-0.009570695970576,0.004501373626467,0.00043116605617500006,0.00012072649572900001,0.9620000000000033,2.168330000131391,0.3154599999106722,0.14620199999626493,17.42645000012999
pid,05:00:15.865,115,-100.932,-88.237,53.245,-89.939,-32.101,0.002,1.482714932126753,0.0,0.0,0.0,0.0,0.0,-100.0,-88.237,53.245,-89.939,-32.101,0.002,-99.96527202570915,-88.23699695254564,53.245,-89.93895399558544,-32.101,0.002,23.889700046427244,7.530843467230529e-05,0.0,0.001136857206830466,0.0,0.0,0.9667279742908477,3.047454356419621e-06,0.0,4.6004414556932716e-05,0.0,0.0,1.5284478000000001,-0.0206547,-0.0275396,-0.0206547,-0.0137698,-0.0137698,0.020771184370923998,-0.03363614163572,-0.008773137973028,0.004466880341973001,0.00103479853482,0.001138278388302,0.9320000000000022,1.9969240001955768,0.2833119997376343,0.11085099959018407,17.65074399918376
pid,05:00:15.885,116,-100.932,-88.237,53.245,-89.939,-32.101,0.002,0.0,0.0,0.0,0.0,0.0,0.0,-100.0,-88.237,53.245,-89.939,-32.101,0.002,-99.96432980511665,-88.23699695254564,53.245,-89.93895399558544,-32.101,0.002,23.929338543735135,7.535993915560828e-05,0.0,0.001137634719246995,0.0,0.0,0.9676701948833539,3.047454356419621e-06,0.0,4.6004414556932716e-05,0.0,0.0,1.5422176,0.0206547,-0.0206547,-0.0413094,-0.0413094,-0.0,0.020597802197544,-0.034208302807874,-0.009431990231872,0.0047428266179250006,0.001103785103808,0.00120726495729,0.9320000000000022,1.9710910000867443,0.31073799982550554,0.1103510003304109,17.659483999523218
pid,05:00:15.905,117,-100.872,-88.237,53.245,-89.939,-32.101,0.002,2.9673180049523586,0.0,0.0,0.0,0.0,0.0,-100.0,-88.237,53.245,-89.939,-32.101,0.002,-99.93344820092202,-88.23699695254564,53.245,-89.93895399558544,-32.101,0.002,23.208180433203623,7.535638486063573e-05,0.0,0.0011375810635592578,0.0,0.0,0.9385517990779846,3.047454356419621e-06,0.0,4.6004414556932716e-05,0.0,0.0,1.4182894000000001,-0.0137698,0.0137698,-0.0,-0.0206547,-0.0068849,0.020389743589488,-0.034780463980028,-0.009119902319787999,0.0050187728938770005,0.001983363858405,0.001052045177067,0.8719999999999999,1.984628000172961,0.31051499991008313,0.10877699969569221,17.65224400060106
pid,05:00:15.925,118,-100.842,-88.237,53.245,-89.939,-32.101,0.002,1.484341579077807,0.0,0.0,0.0,0.0,0.0,-100.0,-88.237,53.245,-89.939,-32.101,0.002,-99.91759731860638,-88.23699695254564,53.245,-89.93895399558544,-32.101,0.002,22.86882226339194,7.53910535446145e-05,0.0,0.0011381044225084128,0.0,0.0,0.9244026813936159,3.047454356419621e-06,0.0,4.6004414556932716e-05,0.0,0.0,1.4664837,0.0068849,-0.0,-0.0068849,0.0275396,-0.0068849,0.0199389499387,-0.033774847374423995,-0.009119902319787999,0.004760073260172,0.001396978022007,-0.000758852258868,0.8419999999999987,1.9847949997711112,0.30921899997338187,0.16653500006214017,17.5947810002981
pid,05:00:15.945,119,-100.813,-88.237,53.245,-89.939,-32.101,0.002,1.4343220876618132,0.0,0.0,0.0,0.0,0.0,-100.0,-88.237,53.245,-89.939,-32.101,0.002,-99.90227543207884,-88.23699695254564,53.245,-89.93895399558544,-32.101,0.002,22.521937302512903,7.536260509687766e-05,0.0,0.0011376749643345243,0.0,0.0,0.9107245679211644,3.047454356419621e-06,0.0,4.6004414556932716e-05,0.0,0.0,1.4182894000000001,-0.0275396,0.0137698,-0.0550792,-0.0137698,-0.0068849,0.02106593406567,-0.034277655677226,-0.009605372405252,0.00448412698422,0.000638125763139,0.0008968253968440001,0.8130000000000024,1.9778129999394878,0.3586820002965396,0.11083299978054129,17.599114999939047
pid,05:00:15.966,120,-100.784,-88.237,53.245,-89.939,-32.101,0.002,1.437033375470916,0.0,0.0,0.0,0.0,0.0,-100.0,-88.237,53.245,-89.939,-32.101,0.002,-99.88698435789824,-88.23699695254564,53.245,-89.93895399558544,-32.101,0.002,22.224852000342683,7.550506243907372e-05,0.0,0.0011398255024096578,0.0,0.0,0.8970156421017634,3.047454356419621e-06,0.0,4.6004414556932716e-05,0.0,0.0,1.3700951000000001,0.0137698,-0.0137698,0.0550792,-0.0068849,0.034424500000000004,0.020216361416108,-0.033566788766368,-0.008252991452887999,0.004777319902419,0.001103785103808,0.00034493284494,0.784000000000006,1.9557759997042012,0.3058120000787312,0.10236999969492899,17.637114000535803
pid,05:00:15.986,121,-100.754,-88.237,53.245,-89.939,-32.101,0.002,1.4599208715729939,0.0,0.0,0.0,0.0,0.0,-100.0,-88.237,53.245,-89.939,-32.101,0.002,-99.87120965837717,-88.23699695254564,53.245,-89.93895399558544,-32.101,0.002,21.48006741596961,7.415070368643929e-05,0.0,0.0011193800833106389,0.0,0.0,0.8827903416228366,3.047454356419621e-06,0.0,4.6004414556932716e-05,0.0,0.0,1.37698,0.0137698,-0.0068849,-0.034424500000000004,0.0413094,0.0137698,0.02054578754553,-0.03389621489579,-0.008131623931522,0.005001526251630001,0.0008795787545970001,0.000724358974374,0.7540000000000049,2.1133860000190907,0.3738470004464034,0.12744299965561368,17.429745999834267
pid,05:00:16.006,122,-100.727,-88.237,53.245,-89.939,-32.101,0.002,1.33521438424812,0.0,0.0,0.0,0.0,0.0,-100.0,-88.237,53.245,-89.939,-32.101,0.002,-99.85697460787773,-88.23699695254564,53.245,-89.93895399558544,-32.101,0.002,21.512415152272634,7.535194246336752e-05,0.0,0.0011375140010665644,0.0,0.0,0.8700253921222725,3.047454356419621e-06,0.0,4.6004414556932716e-05,0.0,0.0,1.3287857,-0.0137698,0.034424500000000004,0.0413094,-0.0413094,-0.0550792,0.020823199022938,-0.035248595848154,-0.009761416361294,0.005329212454323,0.0009485653235850001,0.000758852258868,0.7270000000000039,2.238291000139725,0.2921820005212794,0.11959099992964184,17.420023000340734
pid,05:00:16.027,123,-100.7,-88.237,53.245,-89.939,-32.101,0.002,1.3347894674807794,0.0,0.0,0.0,0.0,0.0,-100.0,-88.237,53.245,-89.939,-32.101,0.002,-99.84276663105965,-88.23699695254564,53.245,-89.93895399558544,-32.101,0.002,21.189371704344573,7.532796256607006e-05,0.0,0.0011371520001940156,0.0,0.0,0.8572333689403564,3.047454356419621e-06,0.0,4.6004414556932716e-05,0.0,0.0,1.3907498,-0.0068849,0.0068849,-0.0137698,0.0206547,-0.034424500000000004,0.020216361416108,-0.03389621489579,-0.009570695970576,0.0047428266179250006,0.000293192918199,0.000275946275952,0.7000000000000028,2.1509970001716283,0.29034899944235804,0.1258689999303897,17.501078999885067
pid,05:00:16.047,124,-100.674,-88.237,53.245,-89.939,-32.101,0.002,1.2851710467389195,0.0,0.0,0.0,0.0,0.0,-100.0,-88.237,53.245,-89.939,-32.101,0.002,-99.82908485410691,-88.23699695254564,53.245,-89.93895399558544,-32.101,0.002,20.88193235486844,7.53173097323699e-05,0.0,0.0011369911848641274,0.0,0.0,0.844915145893097,3.047454356419621e-06,0.0,4.6004414556932716e-05,0.0,0.0,1.2668216,-0.0413094,-0.0,-0.0,-0.0275396,0.0137698,0.020736507936248,-0.03363614163572,-0.00910256410245,0.004760073260172,0.000155219780223,0.000741605616621,0.6740000000000066,2.1467189999384573,0.29925600028946064,0.12233199959155172,17.487283000264142
pid,05:00:16.067,125,-100.647,-88.237,53.245,-89.939,-32.101,0.002,1.3349940232703945,0.0,0.0,0.0,0.0,0.0,-100.0,-88.237,53.245,-89.939,-32.101,0.002,-99.81493058151484,-88.23699695254564,53.245,-89.93895399558544,-32.101,0.002,20.570512974513495,7.533950653703941e-05,0.0,0.0011373262681448639,0.0,0.0,0.8320694184851618,3.047454356419621e-06,0.0,4.6004414556932716e-05,0.0,0.0,1.4182894000000001,0.0,0.0137698,-0.0,-0.0068849,-0.0275396,0.01950549450525,-0.03389621489579,-0.009431990231872,0.0039322344323160004,0.001000305250326,0.001431471306501,0.6470000000000056,2.346104999560339,0.31470100020669634,0.10318400018149987,17.3005810001996
pid,05:00:16.088,126,-100.621,-88.237,53.245,-89.939,-32.101,0.002,1.2675295403038749,0.0,0.0,0.0,0.0,0.0,-100.0,-88.237,53.245,-89.939,-32.101,0.002,-99.80129367328166,-88.23699695254564,53.245,-89.93895399558544,-32.101,0.002,19.980807374789265,7.42834311620912e-05,0.0,0.0011213837391812712,0.0,0.0,0.8197063267183324,3.047454356419621e-06,0.0,4.6004414556932716e-05,0.0,0.0,1.3287857,0.0068849,0.0275396,-0.0481943,-0.0206547,0.034424500000000004,0.018742612942378,-0.032491819291412,-0.009570695970576,0.004760073260172,0.000776098901115,0.001069291819314,0.6209999999999951,2.2237739995034644,0.2861820003090543,0.08999900001072092,17.5404299998263
pid,05:00:16.108,127,-100.594,-88.237,53.245,-89.939,-32.101,0.002,1.319040335449354,0.0,0.0,0.0,0.0,0.0,-100.0,-88.237,53.245,-89.939,-32.101,0.002,-99.78718573129653,-88.23699695254564,53.245,-89.93895399558544,-32.101,0.002,19.707788215479507,7.443917069513152e-05,0.0,0.0011237347853993438,0.0,0.0,0.8068142687034623,3.047454356419621e-06,0.0,4.6004414556932716e-05,0.0,0.0,1.3425555,-0.0413094,0.034424500000000004,0.0413094,0.0275396,0.0275396,0.019297435897193998,-0.033844200243776,-0.009258608058492,0.004432387057479,0.001448717948748,0.00120726495729,0.5939999999999941,1.9232579998060828,0.28244100030860864,0.08147999960783636,17.775223999706213
pid,05:00:16.128,128,-100.567,-88.237,53.245,-89.939,-32.101,0.002,1.3355450621506744,0.0,0.0,0.0,0.0,0.0,-100.0,-88.237,53.245,-89.939,-32.101,0.002,-99.77311259451389,-88.23699695254564,53.245,-89.93895399558544,-32.101,0.002,19.63467415371361,7.53706040525334e-05,0.0,0.0011377957166834995,0.0,0.0,0.7938874054861031,3.047454356419621e-06,0.0,4.6004414556932716e-05,0.0,0.0,1.2874763,-0.0413094,-0.0,0.0137698,-0.0481943,0.0137698,0.018569230768998,-0.03441636141593,-0.007819536019438,0.004725579975678001,0.001138278388302,0.000603632478645,0.5669999999999931,1.9515730000421172,0.27234900062467204,0.08244299988291459,17.75733499925991
pid,05:00:16.148,129,-100.542,-88.237,53.245,-89.939,-32.101,0.002,1.2365866314444578,0.0,0.0,0.0,0.0,0.0,-100.0,-88.237,53.245,-89.939,-32.101,0.002,-99.7600647153902,-88.23699695254564,53.245,-89.93895399558544,-32.101,0.002,19.338614392070394,7.536882636009382e-05,0.0,0.0011377688806130085,0.0,0.0,0.7819352846098013,3.047454356419621e-06,0.0,4.6004414556932716e-05,0.0,0.0,1.239282,0.0137698,0.0206547,-0.034424500000000004,0.034424500000000004,-0.0137698,0.01950549450525,-0.034780463980028,-0.008634432234324,0.004466880341973001,0.00103479853482,0.00043116605617500006,0.5420000000000016,1.906499000142503,0.2714040001592366,0.08268500005215174,17.79005699972913
pid,05:00:16.169,130,-100.516,-88.237,53.245,-89.939,-32.101,0.002,1.2860197646169045,0.0,0.0,0.0,0.0,0.0,-100.0,-88.237,53.245,-89.939,-32.101,0.002,-99.74654310598851,-88.23699695254564,53.245,-89.93895399558544,-32.101,0.002,19.029553340762813,7.536704875150966e-05,0.0,0.0011377420458083996,0.0,0.0,0.7694568940114976,3.047454356419621e-06,0.0,4.6004414556932716e-05,0.0,0.0,1.2255122,-0.0206547,0.0275396,-0.0137698,-0.0,-0.0619641,0.018395848595618,-0.034399023198592,-0.008131623931522,0.004466880341973001,0.00043116605617500006,0.001138278388302,0.5160000000000053,1.8716289996518753,0.2698300004340126,0.08159200024238089,17.83894500022143
pid,05:00:16.189,131,-100.493,-88.237,53.245,-89.939,-32.101,0.002,1.1287411602279667,0.0,0.0,0.0,0.0,0.0,-100.0,-88.237,53.245,-89.939,-32.101,0.002,-99.73454082077026,-88.23699695254564,53.245,-89.93895399558544,-32.101,0.002,18.610958564107296,7.477798188789129e-05,0.0,0.0011288494840107255,0.0,0.0,0.7584591792297317,3.047454356419621e-06,0.0,4.6004414556932716e-05,0.0,0.0,1.0671595,-0.0206547,0.034424500000000004,-0.0137698,-0.0757339,-0.0206547,0.019176068375827998,-0.034485714285282,-0.008773137973028,0.005380952381064,0.000810592185609,0.000741605616621,0.492999999999995,1.8814990007740562,0.2686460002223612,0.0837400002637878,17.82994599943777
pid,05:00:16.209,132,-100.468,-88.237,53.245,-89.939,-32.101,0.002,1.2365283018863706,0.0,0.0,0.0,0.0,0.0,-100.0,-88.237,53.245,-89.939,-32.101,0.002,-99.72156772201538,-88.23699695254564,53.245,-89.93895399558544,-32.101,0.002,18.45969274339626,7.536527122677495e-05,0.0,0.0011377152122695833,0.0,0.0,0.7464322779846242,3.047454356419621e-06,0.0,4.6004414556932716e-05,0.0,0.0,1.1084689,0.0481943,0.0550792,-0.0068849,0.0137698,0.0275396,0.019886935286686,-0.034017582417156,-0.008946520146408,0.0047428266179250006,0.001241758241784,0.00051739926741,0.4680000000000035,1.8757399993774015,0.27244200009590713,0.0828140000521671,17.998388999330928
pid,05:00:16.230,133,-100.445,-88.237,53.245,-89.939,-32.101,0.002,1.1282923040940747,0.0,0.0,0.0,0.0,0.0,-100.0,-88.237,53.245,-89.939,-32.101,0.002,-99.70961416047096,-88.23699695254564,53.245,-89.93895399558544,-32.101,0.002,18.037612679999906,7.474824561439201e-05,0.0,0.0011284005848007095,0.0,0.0,0.7353858395290302,3.047454356419621e-06,0.0,4.6004414556932716e-05,0.0,0.0,1.0946991,-0.0275396,0.0481943,-0.034424500000000004,0.034424500000000004,0.0275396,0.020337728937474,-0.033133333332918,-0.009119902319787999,0.004173687423774,0.00103479853482,0.000189713064717,0.4449999999999932,2.5126040000031935,4.029847000310838,0.14736799948877888,13.358453999899211
pid,05:00:16.250,134,-100.423,-88.237,53.245,-89.94,-32.101,0.002,1.0871961731503612,0.0,0.0,-0.04941800787072634,0.0,0.0,-100.0,-88.237,53.245,-89.939,-32.101,0.002,-99.69818617883206,-88.23699695254564,53.245,-89.93945298380851,-32.101,0.002,17.90942755955889,7.529956170359021e-05,0.0,0.013516225228049551,0.0,0.0,0.7248138211679418,3.047454356419621e-06,0.0,0.0005470161914900018,0.0,0.0,1.032735,-0.0137698,-0.0275396,0.0068849,-0.034424500000000004,-0.0137698,0.021638095237824,-0.034017582417156,-0.009605372405252,0.004466880341973001,0.001172771672796,0.0009830586080790001,0.4230011820314472,1.9937199995183619,0.30183099988789763,0.1263129997823853,17.637965999711014
pid,05:00:16.270,135,-100.4,-88.237,53.245,-89.94,-32.101,0.002,1.1362259519685263,0.0,0.0,0.0,0.0,0.0,-100.0,-88.237,53.245,-89.939,-32.101,0.002,-99.68628132977963,-88.23699695254564,53.245,-89.93945197168588,-32.101,0.002,17.629253815412945,7.527384191407271e-05,0.0,0.013536608541576713,0.0,0.0,0.7137186702203735,3.047454356419621e-06,0.0,0.0005480283141139353,0.0,0.0,1.0878142,0.0,-0.0137698,-0.0,-0.0068849,0.0413094,0.021291330891064,-0.033566788766368,-0.009293284493168,0.004725579975678001,0.001569444444477,0.00120726495729,0.4000012499980526,2.2397550001187483,0.3052559995921911,0.12766600048053078,17.370005999509885
pid,05:00:16.290,136,-100.38,-88.237,53.245,-89.94,-32.101,0.002,0.989409322514188,0.0,0.0,0.0,0.0,0.0,-100.0,-88.237,53.245,-89.939,-32.101,0.002,-99.67589726224422,-88.23699695254564,53.245,-89.93945096098184,-32.101,0.002,17.4161453185742,7.537949377276982e-05,0.0,0.01358060807470157,0.0,0.0,0.7041027377557754,3.047454356419621e-06,0.0,0.0005490390181535076,0.0,0.0,1.0258501,0.0137698,-0.0137698,-0.034424500000000004,-0.0068849,-0.0206547,0.021291330891064,-0.03415628815586,-0.009761416361294,0.005329212454323,0.001621184371218,0.000810592185609,0.3800013157871911,2.0990340008211206,0.29049699969618814,0.11598099990806077,17.566892999639094
pid,05:00:16.311,137,-100.359,-88.237,53.245,-89.94,-32.101,0.002,1.0380717030053428,0.0,0.0,0.0,0.0,0.0,-100.0,-88.237,53.245,-89.939,-32.101,0.002,-99.66503413703919,-88.23699695254564,53.245,-89.93944994949102,-32.101,0.002,17.152055361697037,7.532086034213926e-05,0.0,0.013595044490341874,0.0,0.0,0.693965862960809,3.047454356419621e-06,0.0,0.0005500505089770513,0.0,0.0,1.032735,0.0068849,0.0206547,-0.0206547,-0.0068849,-0.0275396,0.02097924297898,-0.034017582417156,-0.009761416361294,0.004760073260172,0.001569444444477,0.000551892551904,0.3590013927549532,1.9681830008266843,0.2772010002445313,0.09475900060351705,17.72572499976377
pid,05:00:16.331,138,-100.317,-88.237,53.245,-89.94,-32.101,0.002,2.0771470952376125,0.0,0.0,0.0,0.0,0.0,-100.0,-88.237,53.245,-89.939,-32.101,0.002,-99.64371364938498,-88.23699695254564,53.245,-89.93944893848895,-32.101,0.002,16.648985564798455,7.535727340294681e-05,0.0,0.013626616868557796,0.0,0.0,0.6732863506150153,3.047454356419621e-06,0.0,0.0005510615110466688,0.0,0.0,1.0740444,-0.034424500000000004,0.034424500000000004,-0.0206547,0.0550792,0.0068849,0.021187301587036,-0.033844200243776,-0.008946520146408,0.004760073260172,0.001000305250326,-3.4493284494e-05,0.3170015772831353,1.9243500000811764,0.2721450000535697,0.07851700047467602,17.786149999665213
pid,05:00:16.351,139,-100.296,-88.237,53.245,-89.94,-32.101,0.002,1.0390145919094964,0.0,0.0,0.0,0.0,0.0,-100.0,-88.237,53.245,-89.939,-32.101,0.002,-99.63291451980352,-88.23699695254564,53.245,-89.93944792791605,-32.101,0.002,16.40370213352136,7.538927488741127e-05,0.0,0.013657403595549624,0.0,0.0,0.6630854801964858,3.047454356419621e-06,0.0,0.0005520720839484738,0.0,0.0,1.0809293,-0.0275396,0.034424500000000004,-0.0,0.0206547,0.0275396,0.020181684981432,-0.034329670329239996,-0.009431990231872,0.003914987790069001,0.0009485653235850001,0.000810592185609,0.29600168918437586,1.988238000194542,0.2778489997581346,0.08146200070768828,17.7150019999317
pid,05:00:16.371,140,-100.274,-88.237,53.245,-89.94,-32.101,0.002,1.088491477239491,0.0,0.0,0.0,0.0,0.0,-100.0,-88.237,53.245,-89.939,-32.101,0.002,-99.6216376228261,-88.23699695254564,53.245,-89.93944691734313,-32.101,0.002,16.138429264211485,7.538927488741127e-05,0.0,0.013682403595549744,0.0,0.0,0.6523623771739011,3.047454356419621e-06,0.0,0.0005530826568644898,0.0,0.0,1.0533897,0.06884900000000001,-0.0,-0.0,0.034424500000000004,-0.0206547,0.01967887667863,-0.03415628815586,-0.009293284493168,0.004225427350515,0.001310744810772,0.00120726495729,0.27400182481144264,1.9458309998299228,0.27407099969423143,0.07922199984022882,17.762909999873955
pid,05:00:16.392,141,-100.253,-88.237,53.245,-89.94,-32.101,0.002,1.0326316752054978,0.0,0.0,0.0,0.0,0.0,-100.0,-88.237,53.245,-89.939,-32.101,0.002,-99.6108803674984,-88.23699695254564,53.245,-89.93944590052365,-32.101,0.002,15.787454090296254,7.492614042733643e-05,0.0,0.013623349297226731,0.0,0.0,0.6421196325016041,3.047454356419621e-06,0.0,0.0005540994763464369,0.0,0.0,1.1360085,0.0413094,0.0068849,0.034424500000000004,-0.0068849,-0.0,0.019921611721362,-0.034329670329239996,-0.008773137973028,0.004760073260172,0.000500152625163,0.0008968253968440001,0.2530019762768664,1.8955730001835036,0.2709239997784607,0.08633299967186758,17.77431600021373
pid,05:00:16.412,142,-100.232,-88.237,53.245,-89.939,-32.101,0.002,1.0389288039632383,0.0,0.0,0.049472800188959984,0.0,0.0,-100.0,-88.237,53.245,-89.939,-32.101,0.002,-99.60014589522362,-88.23699695254564,53.245,-89.93894590052365,-32.101,0.002,15.629795937013432,7.538305024805987e-05,0.0,0.0013382262915845923,0.0,0.0,0.6318541047763802,3.047454356419621e-06,0.0,5.4099476344049435e-05,0.0,0.0,0.9570011,0.0481943,-0.0,0.0068849,0.06884900000000001,0.0413094,0.020632478632219998,-0.03536996336952,-0.009466666666548,0.004760073260172,0.000534645909657,0.001431471306501,0.23199999999999932,1.91979499959416,0.26920099935523467,0.07472100060113007,17.796909000026062
pid,05:00:16.432,143,-100.211,-88.237,53.245,-89.939,-32.101,0.002,1.0391126526278929,0.0,0.0,0.0,0.0,0.0,-100.0,-88.237,53.245,-89.939,-32.101,0.002,-99.58943268446207,-88.23699695254564,53.245,-89.93894590052365,-32.101,0.002,15.378058619890261,7.53963900198256e-05,0.0,0.0013384631038818112,0.0,0.0,0.6215673155379307,3.047454356419621e-06,0.0,5.4099476344049435e-05,0.0,0.0,0.9501162000000001,0.034424500000000004,0.0550792,-0.0619641,0.0206547,-0.0550792,0.020303052502798,-0.033514774114353996,-0.008946520146408,0.005122252747359,0.00046565934066900006,0.00051739926741,0.21099999999999852,1.8953140006487956,0.2686079997147317,0.07455499962816248,21.431056999972498
pid,05:00:16.456,144,-100.193,-88.237,53.245,-89.94,-32.101,0.002,0.7552541640407237,0.0,0.0,-0.04195856466912785,0.0,0.0,-100.0,-88.237,53.245,-89.939,-32.101,0.002,-99.58020269566059,-88.23699695254564,53.245,-89.93944470887183,-32.101,0.002,12.856047661534738,6.393340536028847e-05,0.0,0.011649609355517145,0.0,0.0,0.6127973043394093,3.047454356419621e-06,0.0,0.000555291128165436,0.0,0.0,1.0396199,0.0137698,0.0206547,-0.0619641,0.0068849,-0.0,0.018343833943604,-0.033566788766368,-0.009605372405252,0.005329212454323,0.001172771672796,0.000189713064717,0.1930025906561857,1.9695349992616684,0.3002929997819592,0.10664700039342279,17.681002999779594
pid,05:00:16.476,145,-100.173,-88.237,53.245,-89.94,-32.101,0.002,0.9887679015545128,0.0,0.0,0.0,0.0,0.0,-100.0,-88.237,53.245,-89.939,-32.101,0.002,-99.57002773043394,-88.23699695254564,53.245,-89.93944369751215,-32.101,0.002,14.904990641862838,7.533062624536494e-05,0.0,0.013751351088598056,0.0,0.0,0.6029722695660666,3.047454356419621e-06,0.0,0.0005563024878512124,0.0,0.0,0.8950370000000001,0.0206547,0.0068849,-0.0,-0.0137698,0.0137698,0.020441758241502,-0.033393406592988,-0.009258608058492,0.00448412698422,0.000741605616621,0.000741605616621,0.17300289014927073,1.9142760002068826,0.27181200039194664,0.07492499935324304,17.792037999242893
pid,05:00:16.496,146,-100.153,-88.237,53.245,-89.939,-32.101,0.002,0.9907180650035822,0.0,0.0,0.04953590325042549,0.0,0.0,-100.0,-88.237,53.245,-89.939,-32.101,0.002,-99.55987329699278,-88.23699695254564,53.245,-89.93894369751214,-32.101,0.002,14.690533487634701,7.547920209786607e-05,0.0,0.0013944972954526146,0.0,0.0,0.5931267030072291,3.047454356419621e-06,0.0,5.630248784882497e-05,0.0,0.0,0.8537276,-0.0619641,0.0206547,-0.0,0.0413094,-0.0275396,0.020129670329418,-0.035179242978802,-0.008617094016986,0.004173687423774,0.000534645909657,0.001121031746055,0.1530000000000058,1.8751659999907133,0.26810800045495853,0.08373899981961586,17.82788999935292
pid,05:00:16.516,147,-100.137,-88.237,53.245,-89.939,-32.101,0.002,0.7924714995928629,0.0,0.0,0.0,0.0,0.0,-100.0,-88.237,53.245,-89.939,-32.101,0.002,-99.55173499548913,-88.23699695254564,53.245,-89.93894369751214,-32.101,0.002,14.49393236824392,7.54693976362495e-05,0.0,0.001394316155551454,0.0,0.0,0.5852650045108732,3.047454356419621e-06,0.0,5.630248784882497e-05,0.0,0.0,0.6678353,-0.0206547,-0.0068849,-0.0413094,0.0275396,0.034424500000000004,0.022244932844653998,-0.034086935286508,-0.007646153846058,0.004190934066021001,0.001310744810772,0.000189713064717,0.13700000000000045,2.0001829998363974,0.31344099988928065,0.12631400022655725,17.607132999728492
pid,05:00:16.537,148,-100.123,-88.237,53.245,-89.939,-32.101,0.002,0.6924231875852832,0.0,0.0,0.0,0.0,0.0,-100.0,-88.237,53.245,-89.939,-32.101,0.002,-99.54461064956665,-88.23699695254564,53.245,-89.93894369751214,-32.101,0.002,14.303221346162966,7.53617164288302e-05,0.0,0.0013923267180859838,0.0,0.0,0.5783893504333548,3.047454356419621e-06,0.0,5.630248784882497e-05,0.0,0.0,0.8743823000000001,0.0068849,0.0413094,0.0413094,0.0206547,0.0275396,0.021360683760416,-0.033133333332918,-0.008773137973028,0.0050187728938770005,0.001172771672796,0.0009830586080790001,0.12300000000000466,1.999052999963169,0.29134799933672184,0.12131400035286788,17.643131999648176
pid,05:00:16.557,149,-100.106,-88.237,53.245,-89.939,-32.101,0.002,0.8408392452835193,0.0,0.0,0.0,0.0,0.0,-100.0,-88.237,53.245,-89.939,-32.101,0.002,-99.53600349472046,-88.23699695254564,53.245,-89.93894369751214,-32.101,0.002,14.096336215094263,7.536527122677495e-05,0.0,0.0013923923938745728,0.0,0.0,0.5699965052795335,3.047454356419621e-06,0.0,5.630248784882497e-05,0.0,0.0,0.8606125,-0.0068849,0.0206547,0.034424500000000004,-0.0,-0.0275396,0.022140903540626,-0.034017582417156,-0.009605372405252,0.005053266178371,0.0008795787545970001,0.000810592185609,0.10599999999999454,1.907257999846479,0.3069220001634676,0.08112899922707584,17.75887199983117
pid,05:00:16.577,150,-100.089,-88.237,53.245,-89.939,-32.101,0.002,0.8405617013248319,0.0,0.0,0.0,0.0,0.0,-100.0,-88.237,53.245,-89.939,-32.101,0.002,-99.5274134953785,-88.23699695254564,53.245,-89.93894369751214,-32.101,0.002,13.883767875465622,7.53403946813613e-05,0.0,0.001391932793423914,0.0,0.0,0.5615865046215021,3.047454356419621e-06,0.0,5.630248784882497e-05,0.0,0.0,0.7779937,-0.0206547,0.0206547,0.0206547,0.0413094,0.0550792,0.02227960927933,-0.033254700854283996,-0.007958241758142,0.004225427350515,0.001345238095266,0.0008968253968440001,0.08899999999999864,1.9767390003835317,0.2755719997367123,0.08629600051790476,17.737187000420818
pid,05:00:16.598,151,-100.074,-88.237,53.245,-89.939,-32.101,0.002,0.7145078532247895,0.0,0.0,0.0,0.0,0.0,-100.0,-88.237,53.245,-89.939,-32.101,0.002,-99.51983581953526,-88.23699695254564,53.245,-89.93894369751214,-32.101,0.002,13.19848863059745,7.258100235120344e-05,0.0,0.0013409523241748012,0.0,0.0,0.5541641804647384,3.047454356419621e-06,0.0,5.630248784882497e-05,0.0,0.0,0.8950370000000001,0.034424500000000004,0.034424500000000004,-0.0481943,-0.0,-0.0275396,0.021655433455162,-0.033393406592988,-0.009570695970576,0.004725579975678001,0.000534645909657,0.001276251526278,0.07399999999999807,3.3930760000657756,0.3931069995815051,0.142072000016924,16.170148000128393
pid,05:00:16.618,152,-100.074,-88.237,53.245,-89.939,-32.101,0.002,0.0,0.0,0.0,0.0,0.0,0.0,-100.0,-88.237,53.245,-89.939,-32.101,0.002,-99.51976067104816,-88.23699695254564,53.245,-89.93894369751214,-32.101,0.002,13.644223566582117,7.502201014263178e-05,0.0,0.0013860505587707632,0.0,0.0,0.5542393289518373,3.047454356419621e-06,0.0,5.630248784882497e-05,0.0,0.0,0.8193031000000001,0.0,0.0068849,-0.0275396,0.0206547,0.0068849,0.022574358974076,-0.0329426129422,-0.009119902319787999,0.004501373626467,0.000776098901115,0.001431471306501,0.07399999999999807,3.844238000056066,0.6996779993642122,0.18879500021284912,15.981612999894423
pid,05:00:16.639,153,-100.056,-88.237,53.245,-89.939,-32.101,0.002,0.8588627593738949,0.0,0.0,0.0,0.0,0.0,-100.0,-88.237,53.245,-89.939,-32.101,0.002,-99.51070198879718,-88.23699695254564,53.245,-89.93894369751214,-32.101,0.002,13.00933762729792,7.270402939605155e-05,0.0,0.0013432252798571598,0.0,0.0,0.5452980112028172,3.047454356419621e-06,0.0,5.630248784882497e-05,0.0,0.0,0.8537276,-0.0137698,-0.0068849,-0.0481943,-0.0068849,0.0068849,0.023319902319609998,-0.033774847374423995,-0.008946520146408,0.0047428266179250006,0.001276251526278,0.000258699633705,0.055999999999997385,3.798089999691001,0.49192099959327606,0.16771999980846886,15.616376000252785
pid,05:00:16.660,154,-100.022,-88.237,53.245,-89.939,-32.101,0.002,1.6684177176681292,0.0,0.0,0.0,0.0,0.0,-100.0,-88.237,53.245,-89.939,-32.101,0.002,-99.4936795723486,-88.23699695254564,53.245,-89.93894369751214,-32.101,0.002,12.962634736762118,7.477098298933613e-05,0.0,0.001381412768801785,0.0,0.0,0.5283204276514084,3.047454356419621e-06,0.0,5.630248784882497e-05,0.0,0.0,0.9156917,-0.0413094,-0.0619641,-0.0481943,-0.0275396,0.0206547,0.020996581196318,-0.033393406592988,-0.009605372405252,0.005329212454323,0.001103785103808,0.001121031746055,0.02200000000000557,3.5152970003764494,0.590401999943424,0.20212799972796347,16.024464999645716
pid,05:00:16.680,155,-100.005,-88.237,53.245,-89.939,-32.101,0.002,0.8267992578854643,0.0,0.0,0.0,0.0,0.0,-100.0,-88.237,53.245,-89.939,-32.101,0.002,-99.48517443204403,-88.23699695254564,53.245,-89.93894369751214,-32.101,0.002,12.640923347518491,7.410685296881396e-05,0.0,0.001369142799171658,0.0,0.0,0.5198255679559622,3.047454356419621e-06,0.0,5.630248784882497e-05,0.0,0.0,0.8468427000000001,-0.034424500000000004,0.0275396,0.0550792,0.034424500000000004,-0.0619641,0.021447374847105998,-0.033254700854283996,-0.008946520146408,0.0047428266179250006,0.001276251526278,0.000655372405386,0.0049999999999954525,3.129005000118923,0.42394000047352165,0.2157379994969233,16.277425000225776
pid,05:00:16.701,156,-99.987,-88.237,53.245,-89.939,-32.101,0.002,0.8895136612666021,0.0,0.0,0.0,0.0,0.0,-100.0,-88.237,53.245,-89.939,-32.101,0.002,-99.47618758529902,-88.23699695254564,53.245,-89.93894369751214,-32.101,0.002,12.621517256141312,7.529867452171448e-05,0.0,0.0013911620029521505,0.0,0.0,0.5108124147009789,3.047454356419621e-06,0.0,5.630248784882497e-05,0.0,0.0,0.8743823000000001,-0.0481943,-0.0206547,-0.0068849,0.0137698,0.0275396,0.01950549450525,-0.034537728937296,-0.008790476190366,0.004777319902419,0.001000305250326,0.0008968253968440001,0.01300000000000523,2.0041090001541306,0.3152010003759642,0.12362800043774769,17.524245000458905
pid,05:00:16.721,157,-99.969,-88.238,53.245,-89.939,-32.101,0.002,0.8899645416824178,-0.049442474538146305,0.0,0.0,0.0,0.0,-100.0,-88.237,53.245,-89.939,-32.101,0.002,-99.46721893486261,-88.2374959412694,53.245,-89.93894369751214,-32.101,0.002,12.404648768330267,0.012460955476766402,0.0,0.0013918671609836357,0.0,0.0,0.5017810651373793,0.0005040587305984445,0.0,5.630248784882497e-05,0.0,0.0,0.8743823000000001,-0.0137698,0.0275396,-0.0068849,0.0137698,-0.0,0.020303052502798,-0.034329670329239996,-0.008773137973028,0.0052947191698290005,0.00046565934066900006,0.000275946275952,0.03101612483854771,1.9417769999563461,0.34527400021033827,0.08855499982018955,17.68711299973802
pid,05:00:16.741,158,-99.953,-88.237,53.245,-89.939,-32.101,0.002,0.7915461300743414,0.04947163312990997,0.0,0.0,0.0,0.0,-100.0,-88.237,53.245,-89.939,-32.101,0.002,-99.45926643683195,-88.2369959412694,53.245,-89.93894369751214,-32.101,0.002,12.212902850428186,0.00010039601566418159,0.0,0.0013926880116128869,0.0,0.0,0.4937335631680497,4.058730596057103e-06,0.0,5.630248784882497e-05,0.0,0.0,0.7986484,-0.0275396,0.0413094,-0.034424500000000004,-0.0275396,0.0275396,0.019713553113305998,-0.034919169718732,-0.008287667887564,0.0038977411478220004,0.000707112332127,0.0009830586080790001,0.046999999999997044,2.40558699988469,0.3766999998333631,0.11407200054236455,17.154340999695705
pid,05:00:16.761,159,-99.936,-88.237,53.245,-89.939,-32.101,0.002,0.8414544596282993,0.0,0.0,0.0,0.0,0.0,-100.0,-88.237,53.245,-89.939,-32.101,0.002,-99.45083108679533,-88.2369959412694,53.245,-89.93894369751214,-32.101,0.002,12.007280755564288,0.00010044814605065783,0.0,0.0013934111614690432,0.0,0.0,0.48516891320467437,4.058730596057103e-06,0.0,5.630248784882497e-05,0.0,0.0,0.7504541,0.0206547,0.034424500000000004,-0.0481943,-0.0619641,-0.0137698,0.021117948717684,-0.034485714285282,-0.009466666666548,0.004156440781527,0.001172771672796,0.000741605616621,0.06399999999999295,1.8920359998446656,0.3327369995531626,0.09262899948225822,17.738317000294046
pid,05:00:16.781,160,-99.921,-88.237,53.245,-89.939,-32.101,0.002,0.7423196545296079,0.0,0.0,0.0,0.0,0.0,-100.0,-88.237,53.245,-89.939,-32.101,0.002,-99.44341090416194,-88.2369959412694,53.245,-89.93894369751214,-32.101,0.002,11.817459087653752,0.0001004291832838644,0.0,0.0013931481110102625,0.0,0.0,0.47758909583806997,4.058730596057103e-06,0.0,5.630248784882497e-05,0.0,0.0,0.7091447000000001,-0.0068849,-0.0275396,0.034424500000000004,-0.0068849,0.034424500000000004,0.02115262515236,-0.033393406592988,-0.009431990231872,0.004190934066021001,0.000672619047633,0.000810592185609,0.07899999999999352,1.9015170000784565,0.3777740002988139,0.15923900082270848,17.52128200041625
pid,05:00:16.802,161,-99.907,-88.237,53.245,-89.939,-32.101,0.002,0.6880903700583791,0.0,0.0,0.0,0.0,0.0,-100.0,-88.237,53.245,-89.939,-32.101,0.002,-99.4365055138278,-88.2369959412694,53.245,-89.93894369751214,-32.101,0.002,11.562240182157955,9.97419086460972e-05,0.0,0.0013836142750071924,0.0,0.0,0.4704944861721998,4.058730596057103e-06,0.0,5.630248784882497e-05,0.0,0.0,0.7642239000000001,0.0413094,-0.0481943,-0.0275396,0.0275396,-0.0,0.021690109889838,-0.033566788766368,-0.00832234432224,0.004725579975678001,0.000810592185609,0.00034493284494,0.09300000000000352,1.9887759999619448,0.38234800013015047,0.14590600039809942,17.394782999872405
pid,05:00:16.822,162,-99.892,-88.237,53.245,-89.939,-32.101,0.002,0.7416371180686815,0.0,0.0,0.0,0.0,0.0,-100.0,-88.237,53.245,-89.939,-32.101,0.002,-99.42911473166227,-88.2369959412694,53.245,-89.93894369751214,-32.101,0.002,11.443096546880836,0.00010033684222982651,0.0,0.0013918671609836357,0.0,0.0,0.4628852683377289,4.058730596057103e-06,0.0,5.630248784882497e-05,0.0,0.0,0.7711088,-0.0137698,-0.0,-0.0275396,0.034424500000000004,-0.0068849,0.018881318681082,-0.033393406592988,-0.008773137973028,0.00448412698422,0.001172771672796,0.00034493284494,0.10800000000000409,1.9599609995566425,0.37208900084806373,0.11468400043668225,17.59187399966322
pid,05:00:16.842,163,-99.877,-88.237,53.245,-89.939,-32.101,0.002,0.7426701607762871,0.0,0.0,0.0,0.0,0.0,-100.0,-88.237,53.245,-89.939,-32.101,0.002,-99.42173894562006,-88.2369959412694,53.245,-89.93894369751214,-32.101,0.002,11.27029334838391,0.00010047660363152068,0.0,0.001393805923466768,0.0,0.0,0.4552610543799318,4.058730596057103e-06,0.0,5.630248784882497e-05,0.0,0.0,0.6265259,-0.0481943,0.0137698,0.0413094,-0.034424500000000004,-0.0068849,0.020303052502798,-0.034017582417156,-0.008599755799648,0.005053266178371,0.000707112332127,0.000586385836398,0.12300000000000466,1.943442999618128,0.38221800059545785,0.24105299962684512,17.476912999882188
pid,05:00:16.862,164,-99.862,-88.238,53.245,-89.939,-32.101,0.002,0.7413924110299598,-0.04942616073556478,0.0,0.0,0.0,0.0,-100.0,-88.237,53.245,-89.939,-32.101,0.002,-99.41437854780435,-88.23749492965936,53.245,-89.93894369751214,-32.101,0.002,11.062104922401533,0.012481843919456254,0.0,0.0013914079071478173,0.0,0.0,0.44762145219564786,0.0005050703406368484,0.0,5.630248784882497e-05,0.0,0.0,0.68849,0.0275396,0.0206547,-0.0,-0.0137698,0.0068849,0.021273992673726,-0.034277655677226,-0.009241269841154,0.005053266178371,0.000362179487187,0.0008278388278560001,0.1380036231408489,2.3762709997754428,0.349756000105117,0.1419059999534511,17.237228999874787
pid,05:00:16.883,165,-99.849,-88.237,53.245,-89.939,-32.101,0.002,0.6394430931965419,0.04918793024615669,0.0,0.0,0.0,0.0,-100.0,-88.237,53.245,-89.939,-32.101,0.002,-99.40803204074383,-88.23699492965936,53.245,-89.93894369751214,-32.101,0.002,10.845150610289588,0.00012469978069977802,0.0,0.0013847014225300957,0.0,0.0,0.44096795925617016,5.07034063446099e-06,0.0,5.630248784882497e-05,0.0,0.0,0.6747202,0.0137698,0.0068849,0.0550792,0.0068849,0.0619641,0.021534065933796,-0.0329426129422,-0.009119902319787999,0.004725579975678001,0.000362179487187,0.00034493284494,0.15099999999999625,2.1751260001110495,0.31886699980532285,0.13085000045975903,17.429837999770825
pid,05:00:16.903,166,-99.836,-88.237,53.245,-89.939,-32.101,0.002,0.6425930962962056,0.0,0.0,0.0,0.0,0.0,-100.0,-88.237,53.245,-89.939,-32.101,0.002,-99.40169793110371,-88.23699492965936,53.245,-89.93894369751214,-32.101,0.002,10.733827353069405,0.00012531407257316505,0.0,0.001391522692191953,0.0,0.0,0.43430206889628664,5.07034063446099e-06,0.0,5.630248784882497e-05,0.0,0.0,0.6953749,0.0137698,-0.0137698,0.0137698,-0.0275396,-0.0137698,0.020788522588262,-0.03415628815586,-0.009726739926618,0.0038977411478220004,0.0008795787545970001,0.000810592185609,0.16400000000000148,2.3585870003444143,0.3048860007766052,0.12057200001436286,17.27439600017533
pid,05:00:16.923,167,-99.823,-88.237,53.245,-89.939,-32.101,0.002,0.642843103041994,0.0,0.0,0.0,0.0,0.0,-100.0,-88.237,53.245,-89.939,-32.101,0.002,-99.39537690167903,-88.23699492965936,53.245,-89.93894369751214,-32.101,0.002,10.572867671421747,0.00012536282716400345,0.0,0.0013920640768753099,0.0,0.0,0.42762309832096435,5.07034063446099e-06,0.0,5.630248784882497e-05,0.0,0.0,0.5645618,0.034424500000000004,0.034424500000000004,0.034424500000000004,0.0481943,-0.0137698,0.021690109889838,-0.034277655677226,-0.008634432234324,0.004725579975678001,0.001638431013465,5.173992674100001e-05,0.1770000000000067,2.0662560000346275,0.3088120001848438,0.10462799946253654,17.571633999978076
pid,05:00:16.943,168,-99.809,-88.237,53.245,-89.94,-32.101,0.002,0.6928725530682646,0.0,0.0,-0.04949089664798437,0.0,0.0,-100.0,-88.237,53.245,-89.939,-32.101,0.002,-99.38856986645936,-88.23699492965936,53.245,-89.93944268722534,-32.101,0.002,10.403732143329089,0.00012546785212864782,0.0,0.013790954465605267,0.0,0.0,0.4204301335406342,5.07034063446099e-06,0.0,0.0005573127746600903,0.0,0.0,0.5852165,-0.0068849,-0.0275396,-0.0481943,-0.0413094,0.0275396,0.022782417582131998,-0.03589010988966,-0.009119902319787999,0.005070512820618001,0.001276251526278,0.0009658119658320001,0.19100261778311042,2.0319969999036402,0.3264599999965867,0.10053599999082508,17.583578000085254
pid,05:00:16.964,169,-99.797,-88.237,53.245,-89.939,-32.101,0.002,0.5928973389405462,0.0,0.0,0.04940811157861289,0.0,0.0,-100.0,-88.237,53.245,-89.939,-32.101,0.002,-99.38277529831409,-88.23699492965936,53.245,-89.93894268722534,-32.101,0.002,10.233030139708525,0.0001252579778781116,0.0,0.0014158579825961986,0.0,0.0,0.4142247016859102,5.07034063446099e-06,0.0,5.73127746577029e-05,0.0,0.0,0.5989863,0.0,-0.0137698,-0.0,0.0206547,-0.0068849,0.022331623931344,-0.034329670329239996,-0.010073504273378,0.005380952381064,0.001103785103808,0.001138278388302,0.20300000000000296,1.9566280006984016,0.2998669997396064,0.111424999886367,17.686020999462926
pid,05:00:16.984,170,-99.786,-88.237,53.245,-89.939,-32.101,0.002,0.5443998631250148,0.0,0.0,0.0,0.0,0.0,-100.0,-88.237,53.245,-89.939,-32.101,0.002,-99.377491499691,-88.23699492965936,53.245,-89.93894268722534,-32.101,0.002,10.108725984259411,0.00012546785212864782,0.0,0.0014182303036091742,0.0,0.0,0.4085085003089972,5.07034063446099e-06,0.0,5.73127746577029e-05,0.0,0.0,0.5921014,-0.0481943,0.0068849,0.0206547,-0.0068849,-0.034424500000000004,0.02262637362609,-0.034329670329239996,-0.008131623931522,0.004777319902419,0.000810592185609,0.001052045177067,0.21399999999999864,2.1154589994694106,0.29938600073364796,0.10323999958927743,17.540171000291593
pid,05:00:17.004,171,-99.774,-88.237,53.245,-89.939,-32.101,0.002,0.5892876561567234,0.0,0.0,0.0,0.0,0.0,-100.0,-88.237,53.245,-89.939,-32.101,0.002,-99.37172160802365,-88.23699492965936,53.245,-89.93894268722534,-32.101,0.002,9.877403780426414,0.00012449538115758829,0.0,0.0014072379435971232,0.0,0.0,0.4022783919763526,5.07034063446099e-06,0.0,5.73127746577029e-05,0.0,0.0,0.6402957,0.0206547,-0.0,-0.0206547,0.0137698,0.0137698,0.02288644688616,-0.03415628815586,-0.010610989010856,0.005001526251630001,0.00103479853482,0.00043116605617500006,0.2259999999999991,2.056070999969961,0.29527500009862706,0.10142500013898825,17.612706999898364
pid,05:00:17.024,172,-99.762,-88.237,53.245,-89.939,-32.101,0.002,0.5930650076001497,0.0,0.0,0.0,0.0,0.0,-100.0,-88.237,53.245,-89.939,-32.101,0.002,-99.36596239107132,-88.23699492965936,53.245,-89.93894268722534,-32.101,0.002,9.78650198121767,0.00012529340026218403,0.0,0.0014162583807672464,0.0,0.0,0.3960376089286797,5.07034063446099e-06,0.0,5.73127746577029e-05,0.0,0.0,0.5301373,-0.0137698,0.0206547,0.0757339,-0.034424500000000004,-0.0,0.023614652014356,-0.034659096458662,-0.008461050060944,0.0047428266179250006,0.001069291819314,0.000810592185609,0.23799999999999955,2.055924000160303,0.3127190002487623,0.10690700037230272,17.58637400052976
pid,05:00:17.045,173,-99.75,-88.237,53.245,-89.939,-32.101,0.002,0.593323682659459,0.0,0.0,0.0,0.0,0.0,-100.0,-88.237,53.245,-89.939,-32.101,0.002,-99.36021520417214,-88.23699492965936,53.245,-89.93894268722534,-32.101,0.002,9.636189604385237,0.0001253480490398535,0.0,0.0014168761051582446,0.0,0.0,0.3897847958278646,5.07034063446099e-06,0.0,5.73127746577029e-05,0.0,0.0,0.6058712,0.0068849,0.0137698,-0.0481943,0.0275396,-0.0,0.024100122099819998,-0.033514774114353996,-0.009761416361294,0.0050187728938770005,0.000707112332127,0.000586385836398,0.25,1.9789239995589014,0.29871900005673524,0.17412800025340402,20.25490199957858
pid,05:00:17.072,174,-99.738,-88.237,53.245,-89.939,-32.101,0.002,0.44098733068149637,0.0,0.0,0.0,0.0,0.0,-100.0,-88.237,53.245,-89.939,-32.101,0.002,-99.35457167699813,-88.23699492965936,53.245,-89.93894268722534,-32.101,0.002,7.045293027844454,9.316483256567519e-05,0.0,0.001053091979607951,0.0,0.0,0.3834283230018656,5.07034063446099e-06,0.0,5.73127746577029e-05,0.0,0.0,0.6127561,0.0275396,-0.034424500000000004,-0.0275396,-0.0,0.0550792,0.023389255188962,-0.03389621489579,-0.009605372405252,0.004397893772985001,0.000776098901115,0.001052045177067,0.26200000000000045,2.1247189997666283,0.32495999948878307,0.13522100016416516,17.493004000243673
pid,05:00:17.092,175,-99.726,-88.237,53.245,-89.939,-32.101,0.002,0.5923949013100045,0.0,0.0,0.0,0.0,0.0,-100.0,-88.237,53.245,-89.939,-32.101,0.002,-99.34884919457913,-88.23699492965936,53.245,-89.93894268722534,-32.101,0.002,9.309258923178305,0.00012515183079753273,0.0,0.0014146581453170662,0.0,0.0,0.3771508054208681,5.07034063446099e-06,0.0,5.73127746577029e-05,0.0,0.0,0.6609504,0.0068849,0.0068849,0.0413094,-0.0137698,-0.0550792,0.022418315018034,-0.034659096458662,-0.009119902319787999,0.005398199023311,0.0008795787545970001,5.173992674100001e-05,0.2740000000000009,1.9690170001922525,0.28347899933578447,0.09566500011715107,17.725798000356008
pid,05:00:17.112,176,-99.715,-88.237,53.245,-89.939,-32.101,0.002,0.5438672199167989,0.0,0.0,0.0,0.0,0.0,-100.0,-88.237,53.245,-89.939,-32.101,0.002,-99.34363740830898,-88.23699492965936,53.245,-89.93894268722534,-32.101,0.002,9.180542742007768,0.00012534509383311455,0.0,0.0014168427008743622,0.0,0.0,0.3713625916910246,5.07034063446099e-06,0.0,5.73127746577029e-05,0.0,0.0,0.619641,-0.0206547,0.0275396,0.0413094,-0.0550792,0.034424500000000004,0.020823199022938,-0.034659096458662,-0.008773137973028,0.00448412698422,0.0008795787545970001,0.000275946275952,0.2849999999999966,1.9111470001007547,0.29059000007691793,0.08586900003137998,17.789501000152086
pid,05:00:17.133,177,-99.703,-88.237,53.245,-89.939,-32.101,0.002,0.5933027006000249,0.0,0.0,0.0,0.0,0.0,-100.0,-88.237,53.245,-89.939,-32.101,0.002,-99.3379377608943,-88.23699492965936,53.245,-89.93894268722534,-32.101,0.002,9.02468384785405,0.00012534361628199842,0.0,0.0014168259993230688,0.0,0.0,0.365062239105697,5.07034063446099e-06,0.0,5.73127746577029e-05,0.0,0.0,0.4199789,-0.0068849,-0.0068849,-0.0137698,0.0068849,-0.0068849,0.023371916971624,-0.033445421245002,-0.008773137973028,0.004777319902419,0.000810592185609,0.00034493284494,0.29699999999999704,1.9007760001841234,0.2684229993974441,0.09309199958806857,17.804890000661544
pid,05:00:17.153,178,-99.69,-88.237,53.245,-89.939,-32.101,0.002,0.6432222720304581,0.0,0.0,0.0,0.0,0.0,-100.0,-88.237,53.245,-89.939,-32.101,0.002,-99.33175102741004,-88.23699492965936,53.245,-89.93894268722534,-32.101,0.002,8.862835311607842,0.000125436770084355,0.0,0.001417878966622318,0.0,0.0,0.358248972589962,5.07034063446099e-06,0.0,5.73127746577029e-05,0.0,0.0,0.5163675,0.034424500000000004,0.0275396,-0.0206547,-0.0137698,-0.0068849,0.023441269840975998,-0.033445421245002,-0.009605372405252,0.004501373626467,0.001069291819314,0.000586385836398,0.3100000000000023,1.8873509998229565,0.2685530007511261,0.09307300024374854,17.84762999977829
pid,05:00:17.173,179,-99.681,-88.237,53.245,-89.939,-32.101,0.002,0.44432755393906836,0.0,0.0,0.0,0.0,0.0,-100.0,-88.237,53.245,-89.939,-32.101,0.002,-99.32757409987926,-88.23699492965936,53.245,-89.93894268722534,-32.101,0.002,8.724270316630724,0.00012516066951576412,0.0,0.0014147580540811691,0.0,0.0,0.35342590012074027,5.07034063446099e-06,0.0,5.73127746577029e-05,0.0,0.0,0.5576769,0.0068849,-0.0,-0.0068849,-0.0275396,0.0206547,0.021950183149908,-0.03372283272241,-0.009570695970576,0.004777319902419,0.001172771672796,0.000672619047633,0.3190000000000026,1.937090999490465,0.30546000016329344,0.12883199997304473,17.704891999528627
pid,05:00:17.193,180,-99.669,-88.237,53.245,-89.939,-32.101,0.002,0.5927158048447532,0.0,0.0,0.0,0.0,0.0,-100.0,-88.237,53.245,-89.939,-32.101,0.002,-99.32190916771174,-88.23699492965936,53.245,-89.93894268722534,-32.101,0.002,8.57192591724856,0.0001252196262238512,0.0,0.0014154244733159897,0.0,0.0,0.3470908322882593,5.07034063446099e-06,0.0,5.73127746577029e-05,0.0,0.0,0.5852165,0.0413094,0.0275396,-0.034424500000000004,0.0206547,0.034424500000000004,0.023094505494216,-0.03415628815586,-0.008461050060944,0.0050187728938770005,0.000810592185609,0.000810592185609,0.33100000000000307,2.5472140005149413,0.4071990006195847,0.13764599952992285,16.96232499944017
pid,05:00:17.214,181,-99.659,-88.237,53.245,-89.94,-32.101,0.002,0.49037260472521543,0.0,0.0,-0.04903726047280029,0.0,0.0,-100.0,-88.237,53.245,-89.939,-32.101,0.002,-99.3172568625021,-88.23699492965936,53.245,-89.93944166759252,-32.101,0.002,8.379073624098368,0.00012431780716274155,0.0,0.013689545847866798,0.0,0.0,0.3417431374979003,5.07034063446099e-06,0.0,0.0005583324074791562,0.0,0.0,0.5507920000000001,0.0619641,-0.0413094,-0.0137698,0.0413094,0.0068849,0.022331623931344,-0.033774847374423995,-0.008617094016986,0.004760073260172,0.001103785103808,0.00034493284494,0.3410014662725014,2.1135520000825636,0.3115339995929389,0.1451839998480864,17.501579000054335
pid,05:00:17.234,182,-99.648,-88.237,53.245,-89.939,-32.101,0.002,0.5431181532453765,0.0,0.0,0.049374377567952855,0.0,0.0,-100.0,-88.237,53.245,-89.939,-32.101,0.002,-99.31211332269191,-88.23699492965936,53.245,-89.93894166759252,-32.101,0.002,8.292097812687556,0.00012517245641562318,0.0,0.001440063155547259,0.0,0.0,0.33588667730808197,5.07034063446099e-06,0.0,5.833240747676882e-05,0.0,0.0,0.48882790000000004,-0.0481943,-0.0413094,0.0068849,0.0137698,-0.0206547,0.022296947496668,-0.033393406592988,-0.008599755799648,0.0047428266179250006,0.000810592185609,0.000258699633705,0.35200000000000387,2.006572000027518,0.30270099978224607,0.1222949995280942,17.61485499991977
pid,05:00:17.254,183,-99.636,-88.237,53.245,-89.94,-32.101,0.002,0.593393633577009,0.0,0.0,-0.04944946946498499,0.0,0.0,-100.0,-88.237,53.245,-89.939,-32.101,0.002,-99.30648137517451,-88.23699492965936,53.245,-89.93944065645933,-32.101,0.002,8.147260588186686,0.00012536282716400345,0.0,0.013829620667361485,0.0,0.0,0.3295186248254822,5.07034063446099e-06,0.0,0.0005593435406723302,0.0,0.0,0.5370222,-0.0206547,0.0068849,0.0413094,-0.0206547,0.0137698,0.022765079364793998,-0.03372283272241,-0.009761416361294,0.0050187728938770005,0.000707112332127,0.001603937728971,0.36400137362378615,2.052793000075326,0.2852749994417536,0.09161000070889713,17.63198399930843
pid,05:00:17.274,184,-99.615,-88.237,53.245,-89.939,-32.101,0.002,1.038389889653911,0.0,0.0,0.049447137602801415,0.0,0.0,-100.0,-88.237,53.245,-89.939,-32.101,0.002,-99.29637067981243,-88.23699492965936,53.245,-89.93894065645932,-32.101,0.002,7.877653919763202,0.00012535691549621302,0.0,0.0014671841106360729,0.0,0.0,0.3186293201875685,5.07034063446099e-06,0.0,5.934354066994274e-05,0.0,0.0,0.4544034,-0.0413094,0.0413094,0.0619641,-0.0275396,0.0206547,0.023736019535722,-0.033133333332918,-0.009241269841154,0.004225427350515,0.001345238095266,0.00043116605617500006,0.3850000000000051,2.1134600001460058,0.30468200020550285,0.12681399948633043,17.516930000056163
pid,05:00:17.295,185,-99.606,-88.237,53.245,-89.939,-32.101,0.002,0.44489311600609827,0.0,0.0,0.0,0.0,0.0,-100.0,-88.237,53.245,-89.939,-32.101,0.002,-99.29226920249938,-88.23699492965936,53.245,-89.93894065645932,-32.101,0.002,7.75425956039545,0.00012531998020071862,0.0,0.0014667518179423947,0.0,0.0,0.31373079750061095,5.07034063446099e-06,0.0,5.934354066994274e-05,0.0,0.0,0.44751850000000004,-0.0206547,0.0481943,-0.0,-0.0137698,0.0275396,0.02297313797285,-0.033081318680904,-0.009726739926618,0.004760073260172,0.000707112332127,0.001138278388302,0.39400000000000546,2.0174609999230597,0.27688599948305637,0.08883300051820697,17.678594999779307
pid,05:00:17.315,186,-99.597,-88.238,53.245,-89.939,-32.101,0.002,0.4452026889963608,-0.04946696544427441,0.0,0.0,0.0,0.0,-100.0,-88.237,53.245,-89.939,-32.101,0.002,-99.28817654505252,-88.2374939188838,53.245,-89.93894065645932,-32.101,0.002,7.638279587097457,0.012517148543520082,0.0,0.0014677724377944834,0.0,0.0,0.308823454947472,0.0005060811161996526,0.0,5.934354066994274e-05,0.0,0.0,0.5301373,0.0137698,0.0068849,-0.0137698,-0.0206547,0.0137698,0.021464713064444,-0.034017582417156,-0.008599755799648,0.0039322344323160004,0.0008795787545970001,0.001276251526278,0.40300124069288507,1.972850000129256,0.2693489996090648,0.08074000015767524,17.735594999976456
pid,05:00:17.335,187,-99.587,-88.237,53.245,-89.939,-32.101,0.002,0.4948505763395256,0.04948505763423385,0.0,0.0,0.0,0.0,-100.0,-88.237,53.245,-89.939,-32.101,0.002,-99.28359384273767,-88.2369939188838,53.245,-89.93894065645932,-32.101,0.002,7.507035589317983,0.00015046219280620223,0.0,0.0014683092650998035,0.0,0.0,0.3034061572623301,6.081116197265146e-06,0.0,5.934354066994274e-05,0.0,0.0,0.5645618,0.0,-0.0481943,-0.0137698,-0.0275396,0.0275396,0.022574358974076,-0.033774847374423995,-0.008773137973028,0.004190934066021001,0.000603632478645,0.001431471306501,0.4129999999999967,2.0027390000905143,0.39233000006788643,0.2033119999396149,17.45589399979508
pid,05:00:17.355,188,-99.576,-88.237,53.245,-89.939,-32.101,0.002,0.5440724528306778,0.0,0.0,0.0,0.0,0.0,-100.0,-88.237,53.245,-89.939,-32.101,0.002,-99.27852246212244,-88.2369939188838,53.245,-89.93894065645932,-32.101,0.002,7.356787895223967,0.00015038944575543507,0.0,0.001467599351422102,0.0,0.0,0.2974775378775547,6.081116197265146e-06,0.0,5.934354066994274e-05,0.0,0.0,0.5094826,-0.0275396,-0.0275396,-0.0275396,0.0275396,0.0413094,0.023077167276878,-0.03268253968213,-0.009431990231872,0.004777319902419,0.000707112332127,0.00043116605617500006,0.4240000000000066,2.010256999710691,0.3004970003530616,0.12627700016309973,17.6654110000527
pid,05:00:17.376,189,-99.567,-88.237,53.245,-89.939,-32.101,0.002,0.4430914853158841,0.0,0.0,0.0,0.0,0.0,-100.0,-88.237,53.245,-89.939,-32.101,0.002,-99.2744622132945,-88.2369939188838,53.245,-89.93894065645932,-32.101,0.002,7.201166801241778,0.00014969393384582123,0.0,0.001460812087712682,0.0,0.0,0.2925377867054948,6.081116197265146e-06,0.0,5.934354066994274e-05,0.0,0.0,0.3786695,0.034424500000000004,0.0068849,-0.0068849,0.0413094,0.0137698,0.022574358974076,-0.034780463980028,-0.008946520146408,0.005053266178371,0.000638125763139,0.000741605616621,0.43300000000000693,2.0128690002820804,0.27729300018108916,0.09240600047633052,17.71129899952939
pid,05:00:17.396,190,-99.558,-88.237,53.245,-89.939,-32.101,0.002,0.4435392207541221,0.0,0.0,0.0,0.0,0.0,-100.0,-88.237,53.245,-89.939,-32.101,0.002,-99.27041065165281,-88.2369939188838,53.245,-89.93894065645932,-32.101,0.002,7.086508636849727,0.00014984519669197836,0.0,0.001462288210280987,0.0,0.0,0.28758934834719696,6.081116197265146e-06,0.0,5.934354066994274e-05,0.0,0.0,0.3304752,0.034424500000000004,0.0275396,-0.034424500000000004,-0.034424500000000004,-0.0,0.023319902319609998,-0.03389621489579,-0.009085225885112,0.00448412698422,0.0008795787545970001,0.00120726495729,0.44199999999999307,1.9093509999947855,0.27288599994790275,0.07548099983978318,17.852093999863428
pid,05:00:17.416,191,-99.551,-88.237,53.245,-89.939,-32.101,0.002,0.34340535925261684,0.0,0.0,0.0,0.0,0.0,-100.0,-88.237,53.245,-89.939,-32.101,0.002,-99.26736827409745,-88.2369939188838,53.245,-89.93894065645932,-32.101,0.002,6.9571896234955775,0.00014916342093945862,0.0,0.001455634993047642,0.0,0.0,0.28363172590255203,6.081116197265146e-06,0.0,5.934354066994274e-05,0.0,0.0,0.4062091,0.0757339,-0.0275396,0.0550792,0.0275396,0.0481943,0.023614652014356,-0.03415628815586,-0.008287667887564,0.004760073260172,0.000638125763139,0.0009830586080790001,0.44899999999999807,1.9230540001444751,0.2709039999899687,0.08527599948138231,17.794352999771945
pid,05:00:17.436,192,-99.543,-88.237,53.245,-89.939,-32.101,0.002,0.3954652083724001,0.0,0.0,0.0,0.0,0.0,-100.0,-88.237,53.245,-89.939,-32.101,0.002,-99.26383051450729,-88.2369939188838,53.245,-89.93894065645932,-32.101,0.002,6.900113671978196,0.00015030436781139089,0.0,0.0014667691047590308,0.0,0.0,0.2791694854927158,6.081116197265146e-06,0.0,5.934354066994274e-05,0.0,0.0,0.3924393,-0.0275396,-0.0137698,0.0275396,0.0068849,0.0275396,0.023857387057087998,-0.034607081806647996,-0.008946520146408,0.004777319902419,0.001069291819314,0.0008968253968440001,0.45699999999999363,1.9157019996782765,0.27168299948243657,0.08122199960780563,17.804464999244374
pid,05:00:17.457,193,-99.535,-88.237,53.245,-89.939,-32.101,0.002,0.3955118225328392,0.0,0.0,0.0,0.0,0.0,-100.0,-88.237,53.245,-89.939,-32.101,0.002,-99.26030079122066,-88.2369939188838,53.245,-89.93894065645932,-32.101,0.002,6.79042404453188,0.0001503220844440097,0.0,0.0014669419953392848,0.0,0.0,0.27469920877933873,6.081116197265146e-06,0.0,5.934354066994274e-05,0.0,0.0,0.4062091,-0.0275396,-0.0413094,0.0068849,0.0068849,-0.0206547,0.023441269840975998,-0.033254700854283996,-0.007958241758142,0.004415140415232,0.000707112332127,0.001052045177067,0.4650000000000034,1.8862769993575057,0.2676449994396535,0.08816600075078895,17.825297999479517
pid,05:00:17.477,194,-99.527,-88.237,53.245,-89.939,-32.101,0.002,0.39563307079164983,0.0,0.0,0.0,0.0,0.0,-100.0,-88.237,53.245,-89.939,-32.101,0.002,-99.25677901211262,-88.2369939188838,53.245,-89.93894065645932,-32.101,0.002,6.681772451893605,0.00015036816724120283,0.0,0.0014673917016530002,0.0,0.0,0.27022098788738447,6.081116197265146e-06,0.0,5.934354066994274e-05,0.0,0.0,0.4544034,0.0413094,-0.0206547,-0.0206547,0.0137698,0.0481943,0.023857387057087998,-0.034728449328014,-0.00892918192907,0.0048118131869130006,0.0008795787545970001,0.00043116605617500006,0.472999999999999,1.9358319996172213,0.34468200010451255,0.11853600062750047,17.672983999545977
pid,05:00:17.497,195,-99.518,-88.237,53.245,-89.939,-32.101,0.002,0.44478303287382387,0.0,0.0,0.0,0.0,0.0,-100.0,-88.237,53.245,-89.939,-32.101,0.002,-99.2527666656065,-88.2369939188838,53.245,-89.93894065645932,-32.101,0.002,6.553960382820785,0.00015026540591564621,0.0,0.0014663888888958908,0.0,0.0,0.26523333439349983,6.081116197265146e-06,0.0,5.934354066994274e-05,0.0,0.0,0.3924393,0.0481943,-0.0,-0.0206547,0.0550792,-0.0,0.025695238094916,-0.035109890109449995,-0.008461050060944,0.004760073260172,0.00103479853482,0.000275946275952,0.4819999999999993,1.938813999913691,0.2744049998000264,0.08390700077143265,17.781352999918454
pid,05:00:17.517,196,-99.51,-88.237,53.245,-89.939,-32.101,0.002,0.395469869293922,0.0,0.0,0.0,0.0,0.0,-100.0,-88.237,53.245,-89.939,-32.101,0.002,-99.24926227858543,-88.2369939188838,53.245,-89.93894065645932,-32.101,0.002,6.444619537991968,0.00015030613928672664,0.0,0.001466786391983149,0.0,0.0,0.2607377214145714,6.081116197265146e-06,0.0,5.934354066994274e-05,0.0,0.0,0.3717846,-0.0206547,-0.0137698,0.06884900000000001,-0.0206547,0.0068849,0.02444688644658,-0.034797802197366,-0.009605372405252,0.00448412698422,0.0009830586080790001,0.0008968253968440001,0.4899999999999949,1.8787030003295513,0.27034899994760053,0.23345999943558127,17.687799000668747
pid,05:00:17.538,197,-99.503,-88.237,53.245,-89.939,-32.101,0.002,0.3461666922127098,0.0,0.0,0.0,0.0,0.0,-100.0,-88.237,53.245,-89.939,-32.101,0.002,-99.24626478215933,-88.2369939188838,53.245,-89.93894065645932,-32.101,0.002,6.348084366739366,0.00015036284855345037,0.0,0.001467339798391726,0.0,0.0,0.25673521784067077,6.081116197265146e-06,0.0,5.934354066994274e-05,0.0,0.0,0.3304752,0.0481943,0.034424500000000004,0.0413094,-0.0757339,-0.0068849,0.024048107447806,-0.034780463980028,-0.009397313797196,0.004190934066021001,0.001103785103808,0.000189713064717,0.4969999999999999,1.9235919999118778,0.501808999615605,0.10349799958930817,17.5368010004604
pid,05:00:17.558,198,-99.496,-88.237,53.245,-89.939,-32.101,0.002,0.346109561588855,0.0,0.0,0.0,0.0,0.0,-100.0,-88.237,53.245,-89.939,-32.101,0.002,-99.24327444736242,-88.2369939188838,53.245,-89.93894065645932,-32.101,0.002,6.247909301830672,0.00015033803298472096,0.0,0.0014670976317131435,0.0,0.0,0.2527255526375711,6.081116197265146e-06,0.0,5.934354066994274e-05,0.0,0.0,0.3167054,0.1032735,-0.0,-0.0206547,-0.0481943,-0.0137698,0.025643223442902,-0.034086935286508,-0.009726739926618,0.0047428266179250006,0.001448717948748,0.0008968253968440001,0.5040000000000049,1.9315539993840503,0.27486800081533147,0.08183299996744609,17.75920500040229
pid,05:00:17.578,199,-99.489,-88.237,53.245,-89.94,-32.101,0.002,0.34681685881640256,0.0,0.0,-0.049545265545502114,0.0,0.0,-100.0,-88.237,53.245,-89.939,-32.101,0.002,-99.24029013740301,-88.2369939188838,53.245,-89.93943964728116,-32.101,0.002,6.1611980930472,0.00015064525845847777,0.0,0.013881412126790909,0.0,0.0,0.24870986259699635,6.081116197265146e-06,0.0,0.0005603527188355883,0.0,0.0,0.3717846,-0.0137698,-0.0137698,0.0206547,-0.0275396,0.0413094,0.026146031745704,-0.033965567765142,-0.008773137973028,0.004432387057479,0.001172771672796,-0.00020695970696400003,0.5110009784726401,1.9379610002943082,0.27155299994774396,0.08501800039084628,17.8577229999064
pid,05:00:17.598,200,-99.482,-88.237,53.245,-89.94,-32.101,0.002,0.3444164887504514,0.0,0.0,0.0,0.0,0.0,-100.0,-88.237,53.245,-89.939,-32.101,0.002,-99.23731653496503,-88.2369939188838,53.245,-89.93943863106965,-32.101,0.002,6.0195014201839205,0.00014960262065153666,0.0,0.013810336848715733,0.0,0.0,0.24468346503496718,6.081116197265146e-06,0.0,0.000561368930348749,0.0,0.0,0.3167054,0.0275396,-0.0,-0.0550792,-0.0068849,-0.0068849,0.025296459096142,-0.034659096458662,-0.009293284493168,0.004501373626467,0.000569139194151,0.000724358974374,0.5180009652500667,1.979274999939662,0.2828309998221812,0.11009199988620821,17.694336000204203
pid,05:00:17.619,201,-99.475,-88.237,53.245,-89.94,-32.101,0.002,0.34397666217586526,0.0,0.0,0.0,0.0,0.0,-100.0,-88.237,53.245,-89.939,-32.101,0.002,-99.23435072818279,-88.2369939188838,53.245,-89.93943761355877,-32.101,0.002,5.9126952339053735,0.00014941157518670137,0.0,0.013817700779165035,0.0,0.0,0.24064927181720464,6.081116197265146e-06,0.0,0.0005623864412314106,0.0,0.0,0.413094,-0.0068849,-0.0068849,-0.034424500000000004,-0.0413094,-0.0,0.025175091574775998,-0.03372283272241,-0.00892918192907,0.004156440781527,0.000810592185609,0.00051739926741,0.5250009523800943,1.9698500000231434,0.325792999319674,0.10340600056224503,17.585911999958626
pid,05:00:17.639,202,-99.467,-88.237,53.245,-89.94,-32.101,0.002,0.39423855625506865,0.0,0.0,0.0,0.0,0.0,-100.0,-88.237,53.245,-89.939,-32.101,0.002,-99.23089151750088,-88.2369939188838,53.245,-89.93943659894465,-32.101,0.002,5.817691703755028,0.00014983815443252296,0.0,0.01388215116558936,0.0,0.0,0.23610848249911953,6.081116197265146e-06,0.0,0.0005634010553450253,0.0,0.0,0.3786695,0.0137698,-0.0619641,-0.0481943,-0.0413094,-0.034424500000000004,0.025036385836071998,-0.033133333332918,-0.008131623931522,0.0052947191698290005,0.001500457875489,0.0008968253968440001,0.5330009380854797,5.867105999641353,0.4464029998416663,0.18621999970491743,13.45895400027075
pid,05:00:17.659,203,-99.46,-88.237,53.245,-89.939,-32.101,0.002,0.3457834622951746,0.0,0.0,0.049397637470939795,0.0,0.0,-100.0,-88.237,53.245,-89.939,-32.101,0.002,-99.22793810234546,-88.2369939188838,53.245,-89.93893659894465,-32.101,0.002,5.731654745551033,0.0001501963867206173,0.0,0.0015659311733813245,0.0,0.0,0.2320618976545319,6.081116197265146e-06,0.0,6.340105534263785e-05,0.0,0.0,0.3786695,0.0137698,-0.0619641,-0.0481943,-0.0413094,-0.034424500000000004,0.025036385836071998,-0.033133333332918,-0.008131623931522,0.0052947191698290005,0.001500457875489,0.0008968253968440001,0.5400000000000063,2.1367930003179936,0.3131439998469432,0.13475699961418286,17.50333799918735
pid,05:00:17.680,204,-99.452,-88.237,53.245,-89.94,-32.101,0.002,0.3929780640625567,0.0,0.0,-0.049122258008081364,0.0,0.0,-100.0,-88.237,53.245,-89.939,-32.101,0.002,-99.22449589429378,-88.2369939188838,53.245,-89.93943558107614,-32.101,0.002,5.587757689172539,0.0001493590794643192,0.0,0.013862766001120243,0.0,0.0,0.22750410570621682,6.081116197265146e-06,0.0,0.0005644189238580566,0.0,0.0,0.3304752,-0.0068849,0.0206547,-0.034424500000000004,0.0550792,-0.0550792,0.025313797313479998,-0.032561172160764,-0.009761416361294,0.004725579975678001,0.0009485653235850001,0.000655372405386,0.5480009124080014,2.3917899998195935,0.5678640000041923,0.11147999975946732,16.999361000671342
pid,05:00:17.700,205,-99.445,-88.237,53.245,-89.939,-32.101,0.002,0.3459342068057897,0.0,0.0,0.04941917240102775,0.0,0.0,-100.0,-88.237,53.245,-89.939,-32.101,0.002,-99.22155741725444,-88.2369939188838,53.245,-89.93893558107614,-32.101,0.002,5.521173759190217,0.0001502618649267237,0.0,0.001591764951935209,0.0,0.0,0.22344258274554818,6.081116197265146e-06,0.0,6.441892385566916e-05,0.0,0.0,0.3029356,-0.0275396,-0.0137698,-0.0550792,0.0275396,0.06884900000000001,0.027012942612604,-0.034659096458662,-0.009258608058492,0.004190934066021001,0.001103785103808,-5.173992674100001e-05,0.5550000000000068,1.9588870000006864,0.3004039999723318,0.11240599997108802,17.689557999801764
pid,05:00:17.720,206,-99.439,-88.237,53.245,-89.94,-32.101,0.002,0.29663386689927806,0.0,0.0,-0.049438977816780534,0.0,0.0,-100.0,-88.237,53.245,-89.939,-32.101,0.002,-99.2191247833538,-88.2369939188838,53.245,-89.93943456972836,-32.101,0.002,5.435202979089463,0.0001503220844440097,0.0,0.013977147327915109,0.0,0.0,0.21987521664618725,6.081116197265146e-06,0.0,0.0005654302716351367,0.0,0.0,0.2822809,0.06884900000000001,0.0757339,0.0413094,-0.0550792,-0.0206547,0.026319413919084,-0.03415628815586,-0.008773137973028,0.0047428266179250006,0.001172771672796,0.000741605616621,0.5610008912648963,2.504010999473394,0.27871899965248303,0.09736900028656237,17.17184199969779
pid,05:00:17.740,207,-99.432,-88.237,53.245,-89.939,-32.101,0.002,0.3464035772851962,0.0,0.0,0.04948622532675799,0.0,0.0,-100.0,-88.237,53.245,-89.939,-32.101,0.002,-99.21619868042946,-88.2369939188838,53.245,-89.93893456972836,-32.101,0.002,5.339596363014281,0.00015046574324316451,0.0,0.0016189485824257017,0.0,0.0,0.21580131957054505,6.081116197265146e-06,0.0,6.543027163274928e-05,0.0,0.0,0.27539600000000003,0.0,0.06884900000000001,-0.0275396,-0.0137698,-0.0206547,0.026128693528365998,-0.033254700854283996,-0.009761416361294,0.005311965812076,0.001172771672796,0.000741605616621,0.5679999999999978,1.881701999991492,0.27157099975738674,0.07290699977602344,17.831650000516674
pid,05:00:17.760,208,-99.426,-88.237,53.245,-89.939,-32.101,0.002,0.297001451618625,0.0,0.0,0.0,0.0,0.0,-100.0,-88.237,53.245,-89.939,-32.101,0.002,-99.21377847557545,-88.2369939188838,53.245,-89.93893456972836,-32.101,0.002,5.25250840156729,0.00015050836155996948,0.0,0.0016194071377226723,0.0,0.0,0.21222152442454956,6.081116197265146e-06,0.0,6.543027163274928e-05,0.0,0.0,0.3373601,-0.034424500000000004,-0.0137698,-0.0481943,0.0413094,0.034424500000000004,0.025729914529592,-0.033445421245002,-0.009119902319787999,0.00620879120892,0.000293192918199,0.000810592185609,0.5739999999999981,1.8702219995248015,0.2692930002012872,0.0743689997761976,17.842963999100903
pid,05:00:17.781,209,-99.419,-88.237,53.245,-89.939,-32.101,0.002,0.34653850148742954,0.0,0.0,0.0,0.0,0.0,-100.0,-88.237,53.245,-89.939,-32.101,0.002,-99.2108652790594,-88.2369939188838,53.245,-89.93893456972836,-32.101,0.002,5.151906735871723,0.00015052434965370963,0.0,0.0016195791629367733,0.0,0.0,0.20813472094059193,6.081116197265146e-06,0.0,6.543027163274928e-05,0.0,0.0,0.3855544,0.0481943,0.0068849,0.0068849,-0.0068849,-0.0,0.025851282050957998,-0.033133333332918,-0.008946520146408,0.004760073260172,0.0009485653235850001,0.000810592185609,0.5810000000000031,1.9532390006133937,0.27240400049777236,0.08625800001027528,17.74989099976665
pid,05:00:17.801,210,-99.413,-88.237,53.245,-89.939,-32.101,0.002,0.29685781017766005,0.0,0.0,0.0,0.0,0.0,-100.0,-88.237,53.245,-89.939,-32.101,0.002,-99.20845849235535,-88.2369939188838,53.245,-89.93893456972836,-32.101,0.002,5.059978670818833,0.00015043556986883827,0.0,0.001618623929514417,0.0,0.0,0.20454150764464885,6.081116197265146e-06,0.0,6.543027163274928e-05,0.0,0.0,0.3924393,-0.0068849,-0.0068849,0.0275396,0.034424500000000004,-0.0206547,0.024776312576001998,-0.034329670329239996,-0.009258608058492,0.005001526251630001,0.001241758241784,0.000672619047633,0.5870000000000033,1.8853139999919222,0.2733669998633559,0.07942499996715924,17.816927999774634
pid,05:00:17.821,211,-99.405,-88.237,53.245,-89.939,-32.101,0.002,0.39274348049980573,0.0,0.0,0.0,0.0,0.0,-100.0,-88.237,53.245,-89.939,-32.101,0.002,-99.20506448586464,-88.2369939188838,53.245,-89.93893456972836,-32.101,0.002,4.907710606067703,0.00014926992134534498,0.0,0.00160608203802443,0.0,0.0,0.1999355141353618,6.081116197265146e-06,0.0,6.543027163274928e-05,0.0,0.0,0.413094,-0.0068849,-0.0,0.0068849,-0.0068849,0.034424500000000004,0.025071062270748,-0.034485714285282,-0.009397313797196,0.0035873015873760005,0.00103479853482,0.0009830586080790001,0.5949999999999989,1.9205730004614452,0.26775599963002605,0.08092500047496287,17.791094000131125
pid,05:00:17.841,212,-99.397,-88.237,53.245,-89.939,-32.101,0.002,0.3957310563618946,0.0,0.0,0.0,0.0,0.0,-100.0,-88.237,53.245,-89.939,-32.101,0.002,-99.20167399071933,-88.2369939188838,53.245,-89.93893456972836,-32.101,0.002,4.831035499227571,0.00015040540859361128,0.0,0.0016182994067843897,0.0,0.0,0.19532600928067723,6.081116197265146e-06,0.0,6.543027163274928e-05,0.0,0.0,0.3373601,0.0206547,0.0481943,0.0757339,0.0137698,-0.0481943,0.024238827838523998,-0.032994627594213996,-0.008946520146408,0.004190934066021001,0.0008795787545970001,0.000724358974374,0.6029999999999944,3.4702419998211553,0.3220710004825378,0.1364800000374089,16.11688899993169
pid,05:00:17.862,213,-99.39,-88.237,53.245,-89.939,-32.101,0.002,0.34643218879080806,0.0,0.0,0.0,0.0,0.0,-100.0,-88.237,53.245,-89.939,-32.101,0.002,-99.19879027294398,-88.2369939188838,53.245,-89.93893456972836,-32.101,0.002,4.73151459014749,0.00015047817109216393,0.0,0.0016190823008926866,0.0,0.0,0.19120972705601957,6.081116197265146e-06,0.0,6.543027163274928e-05,0.0,0.0,0.3373601,0.0206547,0.0481943,0.0757339,0.0137698,-0.0481943,0.024238827838523998,-0.032994627594213996,-0.008946520146408,0.004190934066021001,0.0008795787545970001,0.000724358974374,0.6099999999999994,1.8865359998017084,0.33144100052595604,0.12197999967611395,19.891553999514144
pid,05:00:17.884,214,-99.384,-88.237,53.245,-89.939,-32.101,0.002,0.2674654479753529,0.0,0.0,0.0,0.0,0.0,-100.0,-88.237,53.245,-89.939,-32.101,0.002,-99.19648120331048,-88.2369939188838,53.245,-89.93893456972836,-32.101,0.002,4.179566580029754,0.00013554070570794872,0.0,0.001458361409295942,0.0,0.0,0.18751879668951688,6.081116197265146e-06,0.0,6.543027163274928e-05,0.0,0.0,0.28916580000000003,0.0481943,0.0068849,-0.0068849,-0.0068849,0.0068849,0.02522710622679,-0.034485714285282,-0.008946520146408,0.005053266178371,0.000776098901115,0.0008968253968440001,0.6159999999999997,2.0964220002497314,0.319755999953486,0.14338799974211724,17.492597999989812
pid,05:00:17.905,215,-99.378,-88.237,53.245,-89.939,-32.101,0.001,0.29657094371642495,0.0,0.0,0.0,0.0,-0.049428490619402285,-100.0,-88.237,53.245,-89.939,-32.101,0.002,-99.19411039509058,-88.2369939188838,53.245,-89.93893456972836,-32.101,0.0015010115623474121,4.544692805635423,0.00015029019751179522,0.0,0.0016170597836411707,0.0,0.01238212265485057,0.18388960490942452,6.081116197265146e-06,0.0,6.543027163274928e-05,0.0,0.0005010115623474121,0.3235903,-0.0481943,-0.0137698,-0.0206547,-0.0,0.0206547,0.025504517704198,-0.034277655677226,-0.009119902319787999,0.004432387057479,0.00103479853482,0.000724358974374,0.6220008038580013,3.0534690004060394,0.7720110006630421,0.5542729995795526,16.05281499996636
pid,05:00:17.925,216,-99.373,-88.237,53.245,-89.939,-32.101,0.002,0.24101317029421618,0.0,0.0,0.0,0.0,0.04820263405888708,-100.0,-88.237,53.245,-89.939,-32.101,0.002,-99.19226077448607,-88.2369939188838,53.245,-89.93893456972836,-32.101,0.002001011562347412,4.356053373767488,0.00014656290941757527,0.0,0.0015769557197767622,0.0,2.4379984830027358e-05,0.18073922551393196,6.081116197265146e-06,0.0,6.543027163274928e-05,0.0,1.0115623474121066e-06,0.3373601,0.0275396,0.0137698,-0.0068849,-0.0137698,-0.0068849,0.026076678876352,-0.033393406592988,-0.00892918192907,0.004466880341973001,0.00046565934066900006,0.000672619047633,0.6269999999999953,3.6268150006435462,0.2886259999286267,0.11583200011955341,16.175703999579127
pid,05:00:17.946,217,-99.367,-88.237,53.245,-89.939,-32.101,0.002,0.29299039502638113,0.0,0.0,0.0,0.0,0.0,-100.0,-88.237,53.245,-89.939,-32.101,0.002,-99.18990891860008,-88.2369939188838,53.245,-89.93893456972836,-32.101,0.002001011562347412,4.3238321579174555,0.00014847571979161159,0.0,0.0015975367608612482,0.0,2.469817098017301e-05,0.17709108139992225,6.081116197265146e-06,0.0,6.543027163274928e-05,0.0,1.0115623474121066e-06,0.2960507,0.0068849,-0.0,0.0137698,-0.0,-0.0,0.025799267398944,-0.033254700854283996,-0.008981196581083999,0.004501373626467,0.00120726495729,0.00043116605617500006,0.6329999999999956,3.3819460004451685,0.28468199980125064,0.1786840002750978,16.52964400000201
pid,05:00:17.966,218,-99.362,-88.237,53.245,-89.939,-32.101,0.002,0.24238086982698856,0.0,0.0,0.0,0.0,0.0,-100.0,-88.237,53.245,-89.939,-32.101,0.002,-99.18806697383404,-88.2369939188838,53.245,-89.93893456972836,-32.101,0.002001011562347412,4.215803817366409,0.00014739462339563925,0.0,0.0015859046149654448,0.0,2.4518336164950363e-05,0.17393302616595463,6.081116197265146e-06,0.0,6.543027163274928e-05,0.0,1.0115623474121066e-06,0.28916580000000003,0.0206547,0.0619641,0.0275396,-0.0,-0.0413094,0.02436019535989,-0.034728449328014,-0.009085225885112,0.004518620268714001,0.000362179487187,0.000275946275952,0.6380000000000052,2.9412479998427443,0.2787930006888928,0.09749899982125498,16.953991000264068
pid,05:00:17.987,219,-99.356,-88.237,53.245,-89.939,-32.101,0.002,0.2928165316950683,0.0,0.0,0.0,0.0,0.0,-100.0,-88.237,53.245,-89.939,-32.101,0.002,-99.1857267726469,-88.2369939188838,53.245,-89.93893456972836,-32.101,0.002001011562347412,4.154901322838053,0.00014838761286489917,0.0,0.0015965887671117844,0.0,2.4683514846877042e-05,0.1702732273530927,6.081116197265146e-06,0.0,6.543027163274928e-05,0.0,1.0115623474121066e-06,0.3029356,-0.0068849,-0.0,-0.0137698,0.0413094,-0.0206547,0.024290842490538,-0.034971184370746,-0.008946520146408,0.0038632478633280004,0.0008968253968440001,0.001121031746055,0.6440000000000055,2.885988999878464,0.34203399991383776,0.10516600013943389,17.05304699953558
pid,05:00:18.008,220,-99.35,-88.237,53.245,-89.939,-32.101,0.002,0.28997561818727624,0.0,0.0,0.0,0.0,0.0,-100.0,-88.237,53.245,-89.939,-32.101,0.002,-99.1833992429781,-88.2369939188838,53.245,-89.93893456972836,-32.101,0.002001011562347412,4.025846458991006,0.00014694795243542616,0.0,0.0015810986219050905,0.0,2.444403475214897e-05,0.16660075702189658,6.081116197265146e-06,0.0,6.543027163274928e-05,0.0,1.0115623474121066e-06,0.28916580000000003,-0.0206547,0.0137698,0.0137698,0.0275396,-0.0137698,0.024724297923988,-0.034208302807874,-0.008617094016986,0.004466880341973001,0.001172771672796,0.0009830586080790001,0.6500000000000057,2.5588990001779166,0.35662600021169055,0.10231400028715143,17.395969000062905
pid,05:00:18.028,221,-99.344,-88.237,53.245,-89.939,-32.101,0.002,0.28358733843433087,0.0,0.0,0.0,0.0,0.0,-100.0,-88.237,53.245,-89.939,-32.101,0.002,-99.1810932090807,-88.2369939188838,53.245,-89.93893456972836,-32.101,0.002001011562347412,3.8498586041400618,0.00014371062981103318,0.0,0.0015462663819503408,0.0,2.39055228135811e-05,0.16290679091929405,6.081116197265146e-06,0.0,6.543027163274928e-05,0.0,1.0115623474121066e-06,0.28916580000000003,-0.0413094,-0.0413094,-0.0137698,0.0826188,-0.0,0.023354578754286,-0.03536996336952,-0.008461050060944,0.0050877594628650005,0.001448717948748,0.00043116605617500006,0.6560000000000059,1.9061100001636078,0.3490150002107839,0.10022199967352208,17.927332999533974
pid,05:00:18.049,222,-99.338,-88.237,53.245,-89.939,-32.101,0.002,0.29355088709772603,0.0,0.0,0.0,0.0,0.0,-100.0,-88.237,53.245,-89.939,-32.101,0.002,-99.17876975276947,-88.2369939188838,53.245,-89.93893456972836,-32.101,0.002001011562347412,3.895181693942459,0.00014875975457617486,0.0,0.0016005928565672664,0.0,2.4745418703122637e-05,0.15923024723052492,6.081116197265146e-06,0.0,6.543027163274928e-05,0.0,1.0115623474121066e-06,0.2203168,0.0413094,0.034424500000000004,0.0206547,-0.034424500000000004,-0.0137698,0.025244444444128,-0.034607081806647996,-0.009761416361294,0.004466880341973001,0.001465964590995,0.00043116605617500006,0.6620000000000061,1.9087029995716875,0.35516300067683915,0.10344299971620785,18.067592000079458
pid,05:00:18.070,223,-99.333,-88.237,53.245,-89.94,-32.101,0.002,0.24285803620002694,0.0,0.0,-0.048571607240281485,0.0,0.0,-100.0,-88.237,53.245,-89.939,-32.101,0.002,-99.17695636789084,-88.2369939188838,53.245,-89.9394335403204,-32.101,0.002001011562347412,3.789645005558554,0.00014768479381215355,0.0,0.013756928537580308,0.0,2.4566604518661778e-05,0.15604363210916006,6.081116197265146e-06,0.0,0.0005664596796037813,0.0,1.0115623474121066e-06,0.1858923,-0.0206547,-0.0068849,-0.0206547,-0.0,-0.0,0.024724297923988,-0.034017582417156,-0.009085225885112,0.004466880341973001,0.001345238095266,0.000741605616621,0.6670007496247677,1.9243690003349911,0.36416300008568214,0.13662899982591625,19.71055600006366
pid,05:00:18.092,224,-99.323,-88.237,53.245,-89.939,-32.101,0.002,0.44717778133185626,0.0,0.0,0.04471777813337627,0.0,0.0,-100.0,-88.237,53.245,-89.939,-32.101,0.002,-99.17271333752154,-88.2369939188838,53.245,-89.93893354032039,-32.101,0.002001011562347412,3.3602428145422722,0.00013596700250611329,0.0,0.0014859646036640064,0.0,2.2617410309718006e-05,0.15028666247845024,6.081116197265146e-06,0.0,6.645967960139387e-05,0.0,1.0115623474121066e-06,0.1858923,0.0137698,0.0137698,-0.0137698,0.0275396,-0.0137698,0.02297313797285,-0.033965567765142,-0.009431990231872,0.0038977411478220004,0.000638125763139,0.00034493284494,0.6770000000000067,1.9981830000688205,0.2811269996527699,0.08360999981960049,17.93498200004251
pid,05:00:18.112,225,-99.319,-88.237,53.245,-89.939,-32.101,0.002,0.19557283907397446,0.0,0.0,0.0,0.0,0.0,-100.0,-88.237,53.245,-89.939,-32.101,0.002,-99.17140975324392,-88.2369939188838,53.245,-89.93893354032039,-32.101,0.002001011562347412,3.6080804472227332,0.00014866264498526426,0.0,0.0016247135280138194,0.0,2.472926502302268e-05,0.14759024675608146,6.081116197265146e-06,0.0,6.645967960139387e-05,0.0,1.0115623474121066e-06,0.2478564,0.0481943,-0.0068849,0.0206547,-0.0275396,-0.0137698,0.024030769230468,-0.034086935286508,-0.008773137973028,0.004777319902419,0.000638125763139,-3.4493284494e-05,0.6809999999999974,1.9069989994022762,0.5647540001518792,0.14477600052487105,17.74746499995672
pid,05:00:18.133,226,-99.315,-88.237,53.245,-89.939,-32.101,0.002,0.1947148544041004,0.0,0.0,0.0,0.0,0.0,-100.0,-88.237,53.245,-89.939,-32.101,0.002,-99.17011334619998,-88.2369939188838,53.245,-89.93893354032039,-32.101,0.002001011562347412,3.5264479624664533,0.00014801045692537277,0.0,0.0016175858547249455,0.0,2.462077689959728e-05,0.14488665380001464,6.081116197265146e-06,0.0,6.645967960139387e-05,0.0,1.0115623474121066e-06,0.2409715,-0.0481943,0.0206547,-0.0481943,-0.0068849,0.0068849,0.024464224663918,-0.033566788766368,-0.009241269841154,0.004725579975678001,0.001345238095266,0.001052045177067,0.6850000000000023,1.9611470006566378,0.3002200000992161,0.21933099924353883,17.937833000360115
pid,05:00:18.153,227,-99.31,-88.237,53.245,-89.939,-32.101,0.002,0.24298184430338582,0.0,0.0,0.0,0.0,0.0,-100.0,-88.237,53.245,-89.939,-32.101,0.002,-99.16832327578545,-88.2369939188838,53.245,-89.93893354032039,-32.101,0.002001011562347412,3.442487174454597,0.0001477600829584504,0.0,0.0016148495521980963,0.0,2.4579128480228023e-05,0.14167672421454824,6.081116197265146e-06,0.0,6.645967960139387e-05,0.0,1.0115623474121066e-06,0.1721225,0.0206547,0.0481943,-0.0206547,0.034424500000000004,0.034424500000000004,0.02366666666637,-0.034329670329239996,-0.009431990231872,0.004777319902419,0.0008795787545970001,0.000810592185609,0.6899999999999977,1.9025540004804498,0.40523699954064796,0.09035099992615869,17.88929700069275
pid,05:00:18.174,228,-99.306,-88.237,53.245,-89.939,-32.101,0.002,0.19528827843115473,0.0,0.0,0.0,0.0,0.0,-100.0,-88.237,53.245,-89.939,-32.101,0.002,-99.16703401992798,-88.2369939188838,53.245,-89.93893354032039,-32.101,0.002001011562347412,3.392303376091219,0.0001484463391928867,0.0,0.0016223495518643404,0.0,2.4693283668955888e-05,0.13896598007201533,6.081116197265146e-06,0.0,6.645967960139387e-05,0.0,1.0115623474121066e-06,0.2340866,-0.0137698,-0.0068849,-0.0413094,-0.0206547,0.0413094,0.02522710622679,-0.03372283272241,-0.008617094016986,0.0038632478633280004,0.000776098901115,0.001362484737513,0.6940000000000026,1.9552399999156478,0.3328849998069927,0.0824250000732718,17.9027779995522
pid,05:00:18.194,229,-99.302,-88.237,53.245,-89.939,-32.101,0.002,0.19587194993766666,0.0,0.0,0.0,0.0,0.0,-100.0,-88.237,53.245,-89.939,-32.101,0.002,-99.16574673045159,-88.2369939188838,53.245,-89.93893354032039,-32.101,0.002001011562347412,3.3360241989866957,0.00014889001097509626,0.0,0.0016271983795347034,0.0,2.4767086183949383e-05,0.1362532695484191,6.081116197265146e-06,0.0,6.645967960139387e-05,0.0,1.0115623474121066e-06,0.1927772,0.0,0.0137698,-0.0,-0.0068849,-0.0275396,0.024550915750608,-0.034086935286508,-0.007958241758142,0.0055706654457810005,0.001448717948748,0.000672619047633,0.6979999999999933,1.9314430001031724,0.3750890000446816,0.08973900003184099,17.884593000417226
pid,05:00:18.215,230,-99.298,-88.237,53.245,-89.939,-32.101,0.002,0.19578052139030158,0.0,0.0,0.0,0.0,0.0,-100.0,-88.237,53.245,-89.939,-32.101,0.002,-99.16446386001587,-88.2369939188838,53.245,-89.93893354032039,-32.101,0.002001011562347412,3.2679718888137015,0.0001488205125220073,0.0,0.001626438840533357,0.0,2.475552547436227e-05,0.1335361399841304,6.081116197265146e-06,0.0,6.645967960139387e-05,0.0,1.0115623474121066e-06,0.2409715,0.0206547,0.0275396,-0.0275396,-0.0206547,0.0481943,0.024204151403848,-0.034208302807874,-0.008287667887564,0.004708333333431,0.001172771672796,0.000672619047633,0.7019999999999982,1.9325729999764008,0.34121899989258964,0.08705499931238592,17.919537000125274
pid,05:00:18.235,231,-99.294,-88.237,53.245,-89.939,-32.101,0.002,0.19462450262775663,0.0,0.0,0.0,0.0,0.0,-100.0,-88.237,53.245,-89.939,-32.101,0.002,-99.163189359622,-88.2369939188838,53.245,-89.93893354032039,-32.101,0.002001011562347412,3.182369477744349,0.00014794177696902537,0.0,0.001616835260961515,0.0,2.4609352342725896e-05,0.1308106403780016,6.081116197265146e-06,0.0,6.645967960139387e-05,0.0,1.0115623474121066e-06,0.2134319,0.0275396,-0.0068849,0.0137698,0.0206547,-0.034424500000000004,0.023684004883708,-0.03415628815586,-0.008738461538352,0.004518620268714001,0.0009485653235850001,0.00051739926741,0.7060000000000031,1.9340910002938472,0.3638299995145644,0.08916600017983001,17.883462999634503
pid,05:00:18.256,232,-99.289,-88.237,53.245,-89.939,-32.101,0.002,0.24475421315509227,0.0,0.0,0.0,0.0,0.0,-100.0,-88.237,53.245,-89.939,-32.101,0.002,-99.16141559839726,-88.2369939188838,53.245,-89.93893354032039,-32.101,0.002001011562347412,3.122681982517165,0.00014883788105201547,0.0,0.0016266286588005401,0.0,2.4758414639839413e-05,0.1275844016027463,6.081116197265146e-06,0.0,6.645967960139387e-05,0.0,1.0115623474121066e-06,0.2685111,0.0275396,-0.0137698,0.0413094,-0.0757339,-0.0206547,0.023614652014356,-0.031659584859187996,-0.008773137973028,0.004777319902419,0.00103479853482,0.001121031746055,0.7109999999999985,1.8933330002255389,0.35236699932283955,0.08114800039038528,17.94529600010719
pid,05:00:18.276,233,-99.285,-88.237,53.245,-89.939,-32.101,0.002,0.1958810974900234,0.0,0.0,0.0,0.0,0.0,-100.0,-88.237,53.245,-89.939,-32.101,0.002,-99.16014563310623,-88.2369939188838,53.245,-89.93893354032039,-32.101,0.002001011562347412,3.0570763016928866,0.0001488969643906701,0.0,0.001627274372453771,0.0,2.4768242848803273e-05,0.12485436689377138,6.081116197265146e-06,0.0,6.645967960139387e-05,0.0,1.0115623474121066e-06,0.1858923,0.0206547,-0.0619641,0.0275396,0.034424500000000004,0.0137698,0.023857387057087998,-0.032751892551482,-0.009900122099998,0.0050187728938770005,0.0008450854701030001,0.00051739926741,0.7150000000000034,1.866887999312894,0.40231100047094515,0.11459100005595246,20.472641000196745
pid,05:00:18.299,234,-99.28,-88.237,53.245,-89.939,-32.101,0.002,0.2173079394025338,0.0,0.0,0.0,0.0,0.0,-100.0,-88.237,53.245,-89.939,-32.101,0.002,-99.15847395074844,-88.2369939188838,53.245,-89.93893354032039,-32.101,0.002001011562347412,2.6408575346610625,0.0001321474830586792,0.0,0.001444221602808794,0.0,2.1982052929351546e-05,0.12152604925155686,6.081116197265146e-06,0.0,6.645967960139387e-05,0.0,1.0115623474121066e-06,0.2685111,0.0206547,0.0206547,-0.0137698,-0.0275396,-0.0,0.024204151403848,-0.034017582417156,-0.009934798534674,0.004760073260172,0.001276251526278,0.001052045177067,0.7199999999999989,1.9867759992848733,0.3044969998882152,0.11983199965470703,17.63187399956223
pid,05:00:18.319,235,-99.276,-88.237,53.245,-89.939,-32.101,0.002,0.19837086609542423,0.0,0.0,0.0,0.0,0.0,-100.0,-88.237,53.245,-89.939,-32.101,0.002,-99.1572038966465,-88.2369939188838,53.245,-89.93893354032039,-32.101,0.002001011562347412,2.94571073887077,0.00015078953591558846,0.0,0.0016479580254290924,0.0,2.508306237067692e-05,0.11879610335350321,6.081116197265146e-06,0.0,6.645967960139387e-05,0.0,1.0115623474121066e-06,0.1858923,-0.0275396,0.0137698,-0.06884900000000001,0.034424500000000004,-0.0,0.023389255188962,-0.033324053723636,-0.00814896214886,0.004225427350515,0.001345238095266,0.0008968253968440001,0.7240000000000038,2.196773999457946,0.27925599988520844,0.1081649998013745,17.457652999837592
pid,05:00:18.339,236,-99.272,-88.237,53.245,-89.939,-32.101,0.002,0.19842952099303252,0.0,0.0,0.0,0.0,0.0,-100.0,-88.237,53.245,-89.939,-32.101,0.002,-99.15593765843391,-88.2369939188838,53.245,-89.93893354032039,-32.101,0.002001011562347412,2.878774355292788,0.00015083412182212766,0.0,0.001648445298647729,0.0,2.5090479006505032e-05,0.11606234156609219,6.081116197265146e-06,0.0,6.645967960139387e-05,0.0,1.0115623474121066e-06,0.1583527,-0.034424500000000004,-0.0068849,0.0137698,-0.0481943,-0.0206547,0.024481562881256,-0.03372283272241,-0.009241269841154,0.004708333333431,0.000741605616621,0.00051739926741,0.7279999999999944,1.8947029993796605,0.2844040000127279,0.10572100018180208,17.75757599989447
pid,05:00:18.360,237,-99.268,-88.237,53.245,-89.939,-32.101,0.002,0.19841544065495653,0.0,0.0,0.0,0.0,0.0,-100.0,-88.237,53.245,-89.939,-32.101,0.002,-99.15467550423622,-88.2369939188838,53.245,-89.93893354032039,-32.101,0.002001011562347412,2.8106662204929287,0.00015082341880009572,0.0,0.001648328326797217,0.0,2.508869861393633e-05,0.11332449576377712,6.081116197265146e-06,0.0,6.645967960139387e-05,0.0,1.0115623474121066e-06,0.1996621,0.0137698,0.034424500000000004,-0.0137698,-0.0,-0.0275396,0.02401343101313,-0.034277655677226,-0.009258608058492,0.004173687423774,0.001276251526278,0.001052045177067,0.7319999999999993,2.0187199997963035,0.3096450000157347,0.13042499995208345,17.581706999408198
pid,05:00:18.380,238,-99.265,-88.237,53.245,-89.939,-32.101,0.002,0.14862877391921187,0.0,0.0,0.0,0.0,0.0,-100.0,-88.237,53.245,-89.939,-32.101,0.002,-99.15391728523254,-88.2369939188838,53.245,-89.93893354032039,-32.101,0.002001011562347412,2.7516812832506488,0.00015063814079920734,0.0,0.0016463034490983403,0.0,2.5057878573115996e-05,0.11108271476746268,6.081116197265146e-06,0.0,6.645967960139387e-05,0.0,1.0115623474121066e-06,0.2203168,-0.0206547,0.0481943,0.034424500000000004,0.0068849,-0.0275396,0.023545299145004,-0.034017582417156,-0.009119902319787999,0.0048118131869130006,0.001103785103808,0.0009658119658320001,0.7349999999999994,2.028961000178242,0.2908299993578112,0.12099899959139293,17.699484000331722
pid,05:00:18.400,239,-99.261,-88.237,53.245,-89.939,-32.101,0.002,0.19674710635277876,0.0,0.0,0.0,0.0,0.0,-100.0,-88.237,53.245,-89.939,-32.101,0.002,-99.15266850339651,-88.2369939188838,53.245,-89.93893354032039,-32.101,0.002001011562347412,2.6642385604469743,0.00014955525195619826,0.0,0.001634468706397869,0.0,2.4877745593564203e-05,0.1083314966034834,6.081116197265146e-06,0.0,6.645967960139387e-05,0.0,1.0115623474121066e-06,0.1514678,0.0275396,-0.0137698,-0.0206547,0.0137698,0.0068849,0.025244444444128,-0.034728449328014,-0.009085225885112,0.004725579975678001,0.0009485653235850001,0.000586385836398,0.7390000000000043,1.8740920004347572,0.2710349999688333,0.07814800028427271,17.82968599945889
pid,05:00:18.420,240,-99.258,-88.237,53.245,-89.939,-32.101,0.002,0.1487658367028502,0.0,0.0,0.0,0.0,0.0,-100.0,-88.237,53.245,-89.939,-32.101,0.002,-99.15191665903806,-88.2369939188838,53.245,-89.93893354032039,-32.101,0.002001011562347412,2.6302628297391255,0.00015077705658486315,0.0,0.001647821640546044,0.0,2.5080986498309338e-05,0.10608334096193062,6.081116197265146e-06,0.0,6.645967960139387e-05,0.0,1.0115623474121066e-06,0.13081310000000002,0.0413094,-0.0068849,-0.0,0.0068849,0.0137698,0.023337240536948,-0.033445421245002,-0.00892918192907,0.005656898657016,0.0008795787545970001,0.000758852258868,0.7420000000000044,1.8397589992673602,0.2664969997567823,0.07512899992434541,17.876296999929764
pid,05:00:18.441,241,-99.255,-88.237,53.245,-89.939,-32.101,0.002,0.14608191696852044,0.0,0.0,0.0,0.0,0.0,-100.0,-88.237,53.245,-89.939,-32.101,0.002,-99.15118164078474,-88.2369939188838,53.245,-89.93893354032039,-32.101,0.002001011562347412,2.527664155115105,0.00014805685195575478,0.0,0.0016180928996083577,0.0,2.4628494473855303e-05,0.10381835921525351,6.081116197265146e-06,0.0,6.645967960139387e-05,0.0,1.0115623474121066e-06,0.2134319,-0.0619641,0.0275396,0.0068849,0.0137698,-0.034424500000000004,0.023909401709102,-0.033254700854283996,-0.008461050060944,0.005053266178371,0.001241758241784,0.000741605616621,0.7450000000000045,1.8514620005589677,0.3044039995074854,0.07560999983979855,17.81659399966884
pid,05:00:18.461,242,-99.252,-88.237,53.245,-89.94,-32.101,0.002,0.1488098205943976,0.0,0.0,-0.04960327353170083,0.0,0.0,-100.0,-88.237,53.245,-89.939,-32.101,0.002,-99.150435623281,-88.2369939188838,53.245,-89.9394325323224,-32.101,0.002001011562347412,2.5189627797224885,0.00015082163511076426,0.0,0.014074127216028031,0.0,2.5088401906406333e-05,0.1015643767189971,6.081116197265146e-06,0.0,0.000567467677598188,0.0,1.0115623474121066e-06,0.1652376,0.0137698,-0.0068849,-0.0137698,-0.0137698,0.0068849,0.025348473748156,-0.034277655677226,-0.009605372405252,0.004466880341973001,0.001448717948748,0.0008968253968440001,0.7480006684489039,1.8481100005374174,0.2726259999690228,0.07927699971332913,17.846816000201216
pid,05:00:18.481,243,-99.249,-88.237,53.245,-89.939,-32.101,0.002,0.1488397444996508,0.0,0.0,0.04961324816678527,0.0,0.0,-100.0,-88.237,53.245,-89.939,-32.101,0.002,-99.14969247757674,-88.2369939188838,53.245,-89.9389325323224,-32.101,0.002001011562347412,2.4634843773952495,0.00015085196356826229,0.0,0.0016736453158348187,0.0,2.509344688904661e-05,0.0993075224232598,6.081116197265146e-06,0.0,6.746767759580052e-05,0.0,1.0115623474121066e-06,0.206547,-0.0206547,-0.0,-0.0068849,-0.06884900000000001,0.0068849,0.025036385836071998,-0.033254700854283996,-0.009119902319787999,0.004432387057479,0.0009485653235850001,0.001138278388302,0.7510000000000048,1.850628999818582,0.3862920002575265,0.13996200050314656,17.677428999377298
pid,05:00:18.501,244,-99.245,-88.237,53.245,-89.939,-32.101,0.002,0.19826537461546798,0.0,0.0,0.0,0.0,0.0,-100.0,-88.237,53.245,-89.939,-32.101,0.002,-99.14845408307791,-88.2369939188838,53.245,-89.9389325323224,-32.101,0.002001011562347412,2.3927140482746885,0.00015070934767266478,0.0,0.0016720630465690803,0.0,2.5069723469628935e-05,0.09654591692209635,6.081116197265146e-06,0.0,6.746767759580052e-05,0.0,1.0115623474121066e-06,0.1927772,-0.0137698,-0.0137698,0.0275396,-0.0206547,0.0206547,0.02401343101313,-0.034728449328014,-0.008461050060944,0.004432387057479,0.000810592185609,0.000655372405386,0.7549999999999955,1.950665000549634,0.40871799956221366,0.12610999965545489,17.548486000123376
pid,05:00:18.522,245,-99.243,-88.237,53.245,-89.939,-32.101,0.002,0.0991842603107271,0.0,0.0,0.0,0.0,0.0,-100.0,-88.237,53.245,-89.939,-32.101,0.002,-99.1482173090148,-88.2369939188838,53.245,-89.9389325323224,-32.101,0.002001011562347412,2.3502377738955995,0.00015078775302758342,0.0,0.0016729329242418129,0.0,2.508276579644344e-05,0.09478269098519831,6.081116197265146e-06,0.0,6.746767759580052e-05,0.0,1.0115623474121066e-06,0.1721225,0.0550792,0.0619641,0.0206547,-0.034424500000000004,-0.0,0.024412210011904,-0.032491819291412,-0.009934798534674,0.0050187728938770005,0.001569444444477,0.0008968253968440001,0.757000000000005,1.8572949993540533,0.7971580007506418,0.3105529995082179,17.071768000278098
