controller,timestamp,loop,q0,q1,q2,q3,q4,q5,qvel0,qvel1,qvel2,qvel3,qvel4,qvel5,target0,target1,target2,target3,target4,target5,cmd_pos0,cmd_pos1,cmd_pos2,cmd_pos3,cmd_pos4,cmd_pos5,cmd_vel0,cmd_vel1,cmd_vel2,cmd_vel3,cmd_vel4,cmd_vel5,u0,u1,u2,u3,u4,u5,hal_vel0,hal_vel1,hal_vel2,hal_vel3,hal_vel4,hal_vel5,hal_torq0,hal_torq1,hal_torq2,hal_torq3,hal_torq4,hal_torq5,err_norm,poll_ms,solve_ms,hal_write_ms,sleep_ms
pid,05:09:17.173,1,-89.997,-89.981,-0.062,-90.095,20.779,-0.0,0.0,0.0,0.0,0.0,0.0,0.0,-89.997,-89.981,-0.062,-90.095,30.0,-0.0,-89.997,-89.981,-0.062,-90.095,25.398721000000002,0.0,0.0,0.0,0.0,0.0,115.493025,0.0,0.0,0.0,0.0,0.0,4.619721000000002,0.0,0.0,-0.0068849,-0.034424500000000004,-0.0757339,0.0826188,0.034424500000000004,-0.00806227106217,0.012344810744656,-0.013159706959542,-0.00041391941392800006,0.0028112026862610003,0.001276251526278,9.221,1.9054800004596473,0.30336700001498684,0.27768199925048975,17.559208000420767
pid,05:09:17.194,2,-89.997,-89.981,-0.062,-90.095,20.784,-0.0,0.0,0.0,0.0,0.0,0.24422405962496596,0.0,-89.997,-89.981,-0.062,-90.095,30.0,-0.0,-89.997,-89.981,-0.062,-90.095,25.410654959960937,0.0,0.0,0.0,0.0,0.0,112.99404568058694,0.0,0.0,0.0,0.0,0.0,4.626654959960938,0.0,0.0275396,0.06884900000000001,0.0275396,-0.0619641,0.0550792,0.0275396,-0.00797557997548,0.012258119657965999,-0.014650793650609999,-0.001172771672796,0.0019661172161580002,0.001362484737513,9.216000000000001,1.9117210003969376,0.317515000460844,0.086221999481495,19.351689999894006
pid,05:09:17.216,3,-89.997,-89.981,-0.062,-90.095,20.786,-0.0,0.0,0.0,0.0,0.0,0.08991969128534948,0.0,-89.997,-89.981,-0.062,-90.095,30.0,-0.0,-89.997,-89.981,-0.062,-90.095,25.421901881261824,0.0,0.0,0.0,0.0,0.0,104.21471649793116,0.0,0.0,0.0,0.0,0.0,4.635901881261823,0.0,-0.0068849,0.0481943,0.0206547,0.0068849,0.034424500000000004,-0.0068849,-0.008686446886338,0.013142368742204,-0.013281074480908,-0.0009485653235850001,0.0033113553114240005,0.001052045177067,9.213999999999999,2.256736000163073,1.6997980001178803,0.2174969995394349,15.861947999837867
pid,05:09:17.236,4,-89.997,-89.981,-0.062,-90.095,20.788,-0.0,0.0,0.0,0.0,0.0,0.09796800037366396,0.0,-89.997,-89.981,-0.062,-90.095,30.0,-0.0,-89.997,-89.981,-0.062,-90.095,25.43230495161629,0.0,0.0,0.0,0.0,0.0,113.7483173089015,0.0,0.0,0.0,0.0,0.0,4.644304951616288,0.0,0.034424500000000004,0.0137698,0.0275396,-0.0068849,4.5646887000000005,-0.0413094,-0.00927594627583,0.012258119657965999,-0.013922588522413999,-0.000327686202693,0.005967338217462001,0.001431471306501,9.212,2.350789999582048,0.5266429998300737,0.1323510005022399,17.0204370006104
pid,05:09:17.257,5,-89.997,-89.981,-0.062,-90.095,20.789,-0.0,0.0,0.0,0.0,0.0,0.04955287501630526,0.0,-89.997,-89.981,-0.062,-90.095,30.0,-0.0,-89.997,-89.981,-0.062,-90.095,25.442099064215185,0.0,0.0,0.0,0.0,0.0,115.28721818363006,0.0,0.0,0.0,0.0,0.0,4.6530990642151835,0.0,0.0550792,-0.0550792,-0.0413094,-0.0206547,6.6576983,-0.0068849,-0.008374358974254,0.012050061049909999,-0.014009279609104,-0.000638125763139,0.002276556776604,0.0009658119658320001,9.210999999999999,1.9113139996989048,0.7274179997693864,0.16016500012483448,17.31709999967279
pid,05:09:17.277,6,-89.997,-89.981,-0.062,-90.095,20.834,-0.0,0.0,0.0,0.0,0.0,2.218504178567559,0.0,-89.997,-89.981,-0.062,-90.095,30.0,-0.0,-89.997,-89.981,-0.062,-90.095,25.473895192750454,0.0,0.0,0.0,0.0,0.0,114.37363192480929,0.0,0.0,0.0,0.0,0.0,4.639895192750455,0.0,0.0137698,-0.034424500000000004,-0.0068849,0.0826188,6.9399792,0.034424500000000004,-0.008911843711731999,0.011477899877756,-0.013801221001048,-0.00010347985348200002,0.002690476190532,0.0009830586080790001,9.166,2.3377910001727287,0.29646000075445045,0.30108999999356456,21.595704999526788
pid,05:09:17.302,7,-89.997,-89.981,-0.062,-90.095,21.091,-0.0,0.0,0.0,0.0,0.0,10.341204447557068,0.0,-89.997,-89.981,-0.062,-90.095,30.0,-0.0,-89.997,-89.981,-0.062,-90.095,25.61346553282356,0.0,0.0,0.0,0.0,0.0,90.98782233844027,0.0,0.0,0.0,0.0,0.0,4.52246553282356,0.0,0.034424500000000004,0.0068849,-0.0413094,0.0206547,6.678353,0.0206547,-0.008738461538352,0.012292796092642,-0.013489133088964,-0.0008623321123500001,0.0035355616606350003,0.000362179487187,8.908999999999999,2.1853480002391734,0.3577190000214614,0.13890599984733853,17.350044000522757
pid,05:09:17.322,8,-89.997,-89.981,-0.062,-90.095,21.229,-0.0,0.0,0.0,0.0,0.0,6.82716589801951,0.0,-89.997,-89.981,-0.062,-90.095,30.0,-0.0,-89.997,-89.981,-0.062,-90.095,25.691330104287623,0.0,0.0,0.0,0.0,0.0,110.38068084673453,0.0,0.0,0.0,0.0,0.0,4.4623301042876236,0.0,0.0206547,-0.0068849,0.0137698,0.034424500000000004,6.8573604,-0.0,-0.008738461538352,0.012552869352712,-0.01421733821716,-0.0008623321123500001,0.0030871489622130003,0.00051739926741,8.771,1.9756459996642661,0.3189779999956954,0.1174059998447774,17.622633999963
pid,05:09:17.342,9,-89.997,-89.981,-0.062,-90.095,21.365,-0.0,0.0,0.0,0.0,0.0,6.746045200279063,0.0,-89.997,-89.981,-0.062,-90.095,30.0,-0.0,-89.997,-89.981,-0.062,-90.095,25.76803416692829,0.0,0.0,0.0,0.0,0.0,109.20245407526286,0.0,0.0,0.0,0.0,0.0,4.403034166928293,0.0,-0.0137698,0.0206547,0.0619641,0.0206547,6.3272231,0.0481943,-0.008825152625042,0.012864957264796,-0.013593162392991999,0.00020695970696400003,0.004242673992762,0.0008795787545970001,8.635000000000002,2.047034999122843,0.2999600001203362,0.11749900022550719,17.57006000025285
pid,05:09:17.362,10,-89.997,-89.981,-0.062,-90.095,21.497,-0.0,0.0,0.0,0.0,0.0,6.546470794116328,0.0,-89.997,-89.981,-0.062,-90.095,30.0,-0.0,-89.997,-89.981,-0.062,-90.095,25.84260669428921,0.0,0.0,0.0,0.0,0.0,107.75904282909238,0.0,0.0,0.0,0.0,0.0,4.345606694289209,0.0,0.0275396,0.0481943,0.0068849,-0.0413094,5.232524,-0.0068849,-0.008599755799648,0.012604884004726,-0.014113308913132,-0.00024145299145800003,0.004363400488491,0.0008968253968440001,8.503,1.9331100002091262,0.2982930000143824,0.10372100041422527,17.695096999887028
pid,05:09:17.383,11,-89.997,-89.981,-0.062,-90.095,21.631,-0.0,0.0,0.0,0.0,0.0,6.529085476638571,0.0,-89.997,-89.981,-0.062,-90.095,30.0,-0.0,-89.997,-89.981,-0.062,-90.095,25.918194773002625,0.0,0.0,0.0,0.0,0.0,104.44575047735879,0.0,0.0,0.0,0.0,0.0,4.287194773002625,0.0,0.0068849,-0.0275396,-0.0,-0.0275396,6.8298208,-0.0413094,-0.008599755799648,0.01057631257618,-0.014009279609104,-0.001172771672796,0.0028456959707550003,0.001121031746055,8.369,2.0278310003050137,0.3234409996366594,0.13373900037549902,17.56067099995562
pid,05:09:17.403,12,-89.997,-89.981,-0.062,-90.095,21.745,-0.0,0.0,0.0,0.0,0.0,5.629540548177489,0.0,-89.997,-89.981,-0.062,-90.095,30.0,-0.0,-89.997,-89.981,-0.062,-90.095,25.983553092761994,0.0,0.0,0.0,0.0,0.0,104.6539758829236,0.0,0.0,0.0,0.0,0.0,4.238553092761993,0.0,-0.0137698,-0.0413094,0.0206547,-0.0137698,5.9003593,0.034424500000000004,-0.008513064712957999,0.013055677655513999,-0.01421733821716,-0.0008623321123500001,0.004449633699726001,0.001638431013465,8.254999999999999,2.873841000109678,0.43099500089738285,0.11955499940086156,16.628848000436847
pid,05:09:17.423,13,-89.997,-89.981,-0.062,-90.095,21.875,-0.0,0.0,0.0,0.0,0.0,6.42979552369043,0.0,-89.997,-89.981,-0.062,-90.095,30.0,-0.0,-89.997,-89.981,-0.062,-90.095,26.056766806527136,0.0,0.0,0.0,0.0,0.0,103.41502112971394,0.0,0.0,0.0,0.0,0.0,4.181766806527136,0.0,-0.0068849,0.0137698,-0.034424500000000004,-0.0413094,6.6439285,0.0206547,-0.008825152625042,0.012292796092642,-0.013593162392991999,-0.000638125763139,0.002207570207616,0.000362179487187,8.125,2.1526260006794473,0.358162999873457,0.10962800024572061,17.43606199943315
pid,05:09:17.443,14,-89.997,-89.981,-0.062,-90.095,22.003,-0.0,0.0,0.0,0.0,0.0,6.331323552997788,0.0,-89.997,-89.981,-0.062,-90.095,30.0,-0.0,-89.997,-89.981,-0.062,-90.095,26.12885055071926,0.0,0.0,0.0,0.0,0.0,102.03943268717863,0.0,0.0,0.0,0.0,0.0,4.12585055071926,0.0,0.0,-0.0137698,-0.0619641,0.0206547,6.0311724,-0.0137698,-0.00927594627583,0.012258119657965999,-0.014026617826442,-0.001638431013465,-0.018436660562043003,-0.0008623321123500001,7.997,3.6310740006229025,1.3156340000932687,0.13296199995238567,15.748226999676262
pid,05:09:17.464,15,-89.997,-89.981,-0.062,-90.095,22.128,-0.0,0.0,0.0,0.0,0.0,5.952677233298515,0.0,-89.997,-89.981,-0.062,-90.095,30.0,-0.0,-89.997,-89.981,-0.062,-90.095,26.199615739317892,0.0,0.0,0.0,0.0,0.0,96.9480572567101,0.0,0.0,0.0,0.0,0.0,4.071615739317892,0.0,0.0137698,0.0068849,-0.0137698,0.0068849,6.5475399,0.0137698,-0.008218315018212,0.012258119657965999,-0.013593162392991999,-0.001327991453019,0.0035183150183880005,0.0009830586080790001,7.872,2.2844019995318376,0.30988500020612264,0.16072100061137462,17.31128500068735
pid,05:09:17.485,16,-89.997,-89.981,-0.062,-90.095,22.255,-0.0,0.0,0.0,0.0,0.0,6.270250703330022,0.0,-89.997,-89.981,-0.062,-90.095,30.0,-0.0,-89.997,-89.981,-0.062,-90.095,26.270959245475293,0.0,0.0,0.0,0.0,0.0,99.13807591923772,0.0,0.0,0.0,0.0,0.0,4.015959245475294,0.0,0.034424500000000004,-0.0206547,-0.0206547,0.0757339,6.0793667000000005,0.0275396,-0.008686446886338,0.011737973137826,-0.013801221001048,-0.001396978022007,0.004449633699726001,0.00044841269842200006,7.745000000000001,1.9889790000888752,0.2822010001182207,0.08944399996835273,17.76685400000133
pid,05:09:17.505,17,-89.997,-89.981,-0.062,-90.095,22.382,-0.0,0.0,0.0,0.0,0.0,6.25060558554342,0.0,-89.997,-89.981,-0.062,-90.095,30.0,-0.0,-89.997,-89.981,-0.062,-90.095,26.342198383601666,0.0,0.0,0.0,0.0,0.0,97.45526825354375,0.0,0.0,0.0,0.0,0.0,3.9601983836016643,0.0,0.0137698,0.0,-0.0275396,-0.0,6.464921100000001,-0.0137698,-0.009449328449209999,0.012102075701924,-0.014026617826442,5.173992674100001e-05,0.0018626373626760002,0.001052045177067,7.6179999999999986,2.5480479998805095,0.6941780002307496,0.667604000227584,16.066297999714152
pid,05:09:17.525,18,-89.997,-89.981,-0.062,-90.095,22.509,-0.0,0.0,0.0,0.0,0.0,6.26921755505073,0.0,-89.997,-89.981,-0.062,-90.095,30.0,-0.0,-89.997,-89.981,-0.062,-90.095,26.413285909410476,0.0,0.0,0.0,0.0,0.0,96.36542426462037,0.0,0.0,0.0,0.0,0.0,3.9042859094104756,0.0,0.0068849,0.0481943,-0.034424500000000004,-0.0068849,6.0242875,0.06884900000000001,-0.008599755799648,0.011842002441854,-0.013801221001048,-0.00010347985348200002,0.0035700549451290003,0.001276251526278,7.491,3.221615000256861,0.28534899956866866,0.09946199952537427,16.379220000089845
pid,05:09:17.546,19,-89.997,-89.981,-0.062,-90.095,22.631,-0.0,0.0,0.0,0.0,0.0,5.996918807425459,0.0,-89.997,-89.981,-0.062,-90.095,30.0,-0.0,-89.997,-89.981,-0.062,-90.095,26.48178157534218,0.0,0.0,0.0,0.0,0.0,94.64272316580724,0.0,0.0,0.0,0.0,0.0,3.850781575342179,0.0,-0.0068849,-0.0068849,0.0137698,-0.0275396,6.0174026000000005,0.0206547,-0.008911843711731999,0.014373382173202,-0.014009279609104,-0.00041391941392800006,0.00293192918199,0.0008968253968440001,7.369,3.13144900064799,0.27779299944086233,0.10218400075245881,16.633088999697065
pid,05:09:17.566,20,-89.997,-89.981,-0.062,-90.095,22.762,-0.0,0.0,0.0,0.0,0.0,6.462870061281873,0.0,-89.997,-89.981,-0.062,-90.095,30.0,-0.0,-89.997,-89.981,-0.062,-90.095,26.554617155285836,0.0,0.0,0.0,0.0,0.0,93.55416743053742,0.0,0.0,0.0,0.0,0.0,3.7926171552858357,0.0,0.0137698,0.0137698,0.0068849,0.0137698,5.6249633,-0.0,-0.00875579975569,0.011807326007178,-0.01421733821716,-0.001396978022007,0.00275946275952,0.000500152625163,7.2379999999999995,3.8464239996756078,0.29692199950659415,0.13681400014320388,15.760670999952708
pid,05:09:17.586,21,-89.997,-89.981,-0.062,-90.095,22.875,-0.0,0.0,0.0,0.0,0.0,5.50082232100368,0.0,-89.997,-89.981,-0.062,-90.095,30.0,-0.0,-89.997,-89.981,-0.062,-90.095,26.61843537929869,0.0,0.0,0.0,0.0,0.0,91.11492429947424,0.0,0.0,0.0,0.0,0.0,3.7434353792986883,0.0,-0.0068849,-0.0275396,-0.0206547,-0.0481943,5.7420066,0.0206547,-0.008218315018212,0.012206105005952,-0.014425396825216,-0.001172771672796,0.00327686202693,0.001414224664254,7.125,1.9654799998534145,0.29449699923134176,0.11401699975976953,17.684058999293484
pid,05:09:17.607,22,-89.997,-89.981,-0.062,-90.095,22.994,-0.0,0.0,0.0,0.0,0.0,5.886846602033343,0.0,-89.997,-89.981,-0.062,-90.095,30.0,-0.0,-89.997,-89.981,-0.062,-90.095,26.685016538842678,0.0,0.0,0.0,0.0,0.0,91.29600071317199,0.0,0.0,0.0,0.0,0.0,3.6910165388426783,0.0,0.0206547,-0.0481943,-0.0137698,0.0206547,5.673157600000001,-0.0137698,-0.008079609279508,0.011789987789839999,-0.011789987789839999,-0.001172771672796,0.002483516483568,0.001052045177067,7.006,2.722397999605164,0.2952559998448123,0.11905399969691643,16.9271970007685
pid,05:09:17.627,23,-89.997,-89.981,-0.062,-90.095,23.104,-0.0,0.0,0.0,0.0,0.0,5.4405320566489115,0.0,-89.997,-89.981,-0.062,-90.095,30.0,-0.0,-89.997,-89.981,-0.062,-90.095,26.746987915833948,0.0,0.0,0.0,0.0,0.0,90.0899660821787,0.0,0.0,0.0,0.0,0.0,3.642987915833949,0.0,-0.0275396,0.06884900000000001,-0.0619641,0.0413094,5.370222,-0.0,-0.00806227106217,0.011495238095094,-0.014113308913132,-0.00224206349211,0.0031216422467070003,0.001121031746055,6.896000000000001,6.374138999490242,0.414441000430088,0.2058870004475466,13.037865999649512
pid,05:09:17.647,24,-89.997,-89.981,-0.062,-90.095,23.218,-0.0,0.0,0.0,0.0,0.0,5.634781526568265,0.0,-89.997,-89.981,-0.062,-90.095,30.0,-0.0,-89.997,-89.981,-0.062,-90.095,26.81084841252184,0.0,0.0,0.0,0.0,0.0,88.79349062560543,0.0,0.0,0.0,0.0,0.0,3.592848412521839,0.0,0.0481943,0.0550792,0.0068849,-0.0068849,5.5423445000000005,-0.0206547,-0.008287667887564,0.012015384615234,-0.013385103784935999,-0.001483211233242,0.003035409035472,0.001431471306501,6.782,2.819045000251208,0.307737999719393,0.12431399954948574,16.77395700062334
pid,05:09:17.668,25,-89.997,-89.981,-0.062,-90.095,23.327,-0.0,0.0,0.0,0.0,0.0,5.224307347731772,0.0,-89.997,-89.981,-0.062,-90.095,30.0,-0.0,-89.997,-89.981,-0.062,-90.095,26.872309689410688,0.0,0.0,0.0,0.0,0.0,84.96232779987427,0.0,0.0,0.0,0.0,0.0,3.5453096894106864,0.0,0.0137698,0.0137698,-0.0137698,0.0275396,5.0879411,-0.0137698,-0.008686446886338,0.011772649572502,-0.013281074480908,-0.001638431013465,0.005001526251630001,0.001345238095266,6.672999999999998,2.128792999428697,0.32482999995409045,0.08859199988364708,17.610801000046195
pid,05:09:17.688,26,-89.997,-89.981,-0.062,-90.095,23.436,-0.0,0.0,0.0,0.0,0.0,5.349689745959963,0.0,-89.997,-89.981,-0.062,-90.095,30.0,-0.0,-89.997,-89.981,-0.062,-90.095,26.93349676879263,0.0,0.0,0.0,0.0,0.0,85.82808532357036,0.0,0.0,0.0,0.0,0.0,3.4974967687926295,0.0,-0.0413094,0.0481943,-0.0413094,-0.0,5.5354596,-0.0206547,-0.008443711843605999,0.012518192918035999,-0.013159706959542,-0.00017246642247,0.0032941086691770003,0.001345238095266,6.564,1.9326649999129586,0.28081200071028434,0.08640699979878264,17.760687999725633
pid,05:09:17.709,27,-89.997,-89.981,-0.062,-90.095,23.543,-0.0,0.0,0.0,0.0,0.0,5.293464744875058,0.0,-89.997,-89.981,-0.062,-90.095,30.0,-0.0,-89.997,-89.981,-0.062,-90.095,26.993522730835437,0.0,0.0,0.0,0.0,0.0,85.3514973227454,0.0,0.0,0.0,0.0,0.0,3.450522730835438,0.0,-0.0137698,-0.0481943,0.0757339,0.0275396,5.2807183,0.0275396,-0.008981196581083999,0.011547252747108,-0.014113308913132,-0.000327686202693,0.004259920635009001,0.0008968253968440001,6.457000000000001,1.916813999741862,0.27490400043461705,0.08351799988304265,17.785892000574677
pid,05:09:17.729,28,-89.997,-89.981,-0.062,-90.095,23.647,-0.0,0.0,0.0,0.0,0.0,5.145960291150998,0.0,-89.997,-89.981,-0.062,-90.095,30.0,-0.0,-89.997,-89.981,-0.062,-90.095,27.05194244613266,0.0,0.0,0.0,0.0,0.0,84.2389356800642,0.0,0.0,0.0,0.0,0.0,3.4049424461326616,0.0,-0.0068849,0.0206547,-0.0068849,-0.0481943,5.0672864,-0.0206547,-0.00918925518914,0.012015384615234,-0.013801221001048,-0.0019316239316640002,0.004259920635009001,0.000586385836398,6.3530000000000015,1.9354060004843632,0.2816460000758525,0.0918139994610101,17.74983599989355
pid,05:09:17.749,29,-89.997,-89.981,-0.062,-90.095,23.758,-0.0,0.0,0.0,0.0,0.0,5.492971011243942,0.0,-89.997,-89.981,-0.062,-90.095,30.0,-0.0,-89.997,-89.981,-0.062,-90.095,27.11374925167179,0.0,0.0,0.0,0.0,0.0,83.03168180376842,0.0,0.0,0.0,0.0,0.0,3.355749251671792,0.0,0.0550792,0.0275396,0.0137698,-0.0413094,5.4734955,-0.0619641,-0.008287667887564,0.012518192918035999,-0.013385103784935999,0.00051739926741,0.0019316239316640002,0.0008968253968440001,6.242000000000001,1.8863879995478783,0.27225600024394225,0.08322099984070519,17.816503000176453
pid,05:09:17.769,30,-89.997,-89.981,-0.062,-90.095,23.858,-0.0,0.0,0.0,0.0,0.0,4.9488560876901815,0.0,-89.997,-89.981,-0.062,-90.095,30.0,-0.0,-89.997,-89.981,-0.062,-90.095,27.169954726119997,0.0,0.0,0.0,0.0,0.0,81.95193654256485,0.0,0.0,0.0,0.0,0.0,3.311954726119996,0.0,0.0,0.0275396,0.0137698,0.0550792,4.6266528000000005,-0.0,-0.008651770451661999,0.011789987789839999,-0.013679853479682,0.000586385836398,0.0047428266179250006,0.000741605616621,6.1419999999999995,1.8861470007323078,0.2701269995668554,0.08466600047540851,17.820983000092383
pid,05:09:17.790,31,-89.997,-89.981,-0.062,-90.096,23.964,-0.0,0.0,0.0,0.0,-0.04918043243773776,5.213125838375217,0.0,-89.997,-89.981,-0.062,-90.095,30.0,-0.0,-89.997,-89.981,-0.062,-90.0954989833355,27.229091313072203,0.0,0.0,0.0,0.0,0.01232010810943456,80.28930136241266,0.0,0.0,0.0,0.0,0.000501016664500753,3.2650913130722046,0.0,0.0137698,0.0206547,0.0137698,0.034424500000000004,5.2531787,-0.0206547,-0.008963858363746,0.011460561660417999,-0.013159706959542,-0.00155219780223,0.0029836691087310003,0.000810592185609,6.036000082836316,1.8805920008162502,0.5186799999137293,0.16568399951211177,17.765539999345492
pid,05:09:17.810,32,-89.997,-89.981,-0.062,-90.096,24.061,-0.0,0.0,0.0,0.0,0.0,4.731224858126401,0.0,-89.997,-89.981,-0.062,-90.095,30.0,-0.0,-89.997,-89.981,-0.062,-90.09549795823098,27.28367940883255,0.0,0.0,0.0,0.0,0.01224367266728332,78.59392231361056,0.0,0.0,0.0,0.0,0.0005020417690246859,3.222679408832551,0.0,-0.0068849,0.034424500000000004,-0.0481943,-0.034424500000000004,5.2394089,-0.0068849,-0.008963858363746,0.012518192918035999,-0.014009279609104,-0.0017764041514410002,0.0018798840049230002,0.001431471306501,5.9390000841892565,2.038275000813883,0.44208799954503775,0.18016499961959198,17.639690000578412
pid,05:09:17.831,33,-89.997,-89.981,-0.062,-90.095,24.161,-0.0,0.0,0.0,0.0,0.04884139922702533,4.884139922679282,0.0,-89.997,-89.981,-0.062,-90.095,30.0,-0.0,-89.997,-89.981,-0.062,-90.09499795823098,27.339656919809343,0.0,0.0,0.0,0.0,4.986142810587877e-05,77.62502581270668,0.0,0.0,0.0,0.0,2.0417690222984675e-06,3.1786569198093417,0.0,0.034424500000000004,-0.0068849,-0.0,-0.034424500000000004,5.0190921,-0.0137698,-0.008599755799648,0.012015384615234,-0.013801221001048,-0.00010347985348200002,0.0025697496948030004,0.001327991453019,5.838999999999999,2.014220000091882,0.8730280005693203,0.13396099984674947,17.300896999586257
pid,05:09:17.851,34,-89.997,-89.981,-0.062,-90.095,24.268,-0.0,0.0,0.0,0.0,0.0,5.217887780490607,0.0,-89.997,-89.981,-0.062,-90.095,30.0,-0.0,-89.997,-89.981,-0.062,-90.09499795823098,27.399034048887252,0.0,0.0,0.0,0.0,4.978374607627538e-05,76.34291730835949,0.0,0.0,0.0,0.0,2.0417690222984675e-06,3.1310340488872512,0.0,0.0137698,-0.0206547,0.0206547,-0.0137698,5.294488100000001,0.0137698,-0.008721123321014,0.011599267399122,-0.014026617826442,-0.002017857142899,0.001241758241784,0.0008968253968440001,5.731999999999999,2.1107009997649584,0.2802379995046067,0.09048100037034601,17.590670999197755
pid,05:09:17.871,35,-89.997,-89.981,-0.062,-90.095,24.368,-0.0,0.0,0.0,0.0,0.0,4.943198585739435,0.0,-89.997,-89.981,-0.062,-90.095,30.0,-0.0,-89.997,-89.981,-0.062,-90.09499795823098,27.454730765195848,0.0,0.0,0.0,0.0,5.0464348851154334e-05,76.2916157653742,0.0,0.0,0.0,0.0,2.0417690222984675e-06,3.086730765195849,0.0,-0.0206547,0.0757339,-0.0206547,0.0275396,4.3306021,-0.0206547,-0.008599755799648,0.011772649572502,-0.013593162392991999,-0.0009485653235850001,0.00275946275952,0.001121031746055,5.6320000000000014,2.161403999707545,0.30057099957048194,0.1934789997903863,17.648300000473682
pid,05:09:17.892,36,-89.997,-89.981,-0.062,-90.095,24.471,-0.0,0.0,0.0,0.0,0.0,5.030195519538056,0.0,-89.997,-89.981,-0.062,-90.095,30.0,-0.0,-89.997,-89.981,-0.062,-90.09499795823098,27.511891449733735,0.0,0.0,0.0,0.0,4.985678356877236e-05,74.25377934879604,0.0,0.0,0.0,0.0,2.0417690222984675e-06,3.040891449733735,0.0,-0.0619641,0.0206547,-0.0068849,-0.0826188,4.612883,0.0068849,-0.008218315018212,0.012258119657965999,-0.015188278388087999,-0.0019316239316640002,0.0030181623932250003,0.000724358974374,5.529,1.9723870000234456,0.27408999994804617,0.14053599988983478,17.891464000058477
pid,05:09:17.912,37,-89.997,-89.981,-0.062,-90.095,24.566,-0.0,0.0,0.0,0.0,0.0,4.649733123286017,0.0,-89.997,-89.981,-0.062,-90.095,30.0,-0.0,-89.997,-89.981,-0.062,-90.09499795823098,27.564942628546714,0.0,0.0,0.0,0.0,4.996674251730492e-05,73.39096249888559,0.0,0.0,0.0,0.0,2.0417690222984675e-06,2.9989426285467147,0.0,-0.034424500000000004,0.0275396,0.0068849,0.0757339,4.915818600000001,0.0275396,-0.009241269841154,0.011495238095094,-0.01421733821716,-0.001172771672796,0.0017246642247000002,0.0009658119658320001,5.434000000000001,1.9510539996190346,0.329403999785427,0.0822769998194417,17.918705000738555
pid,05:09:17.933,38,-89.997,-89.981,-0.062,-90.095,24.656,-0.0,0.0,0.0,0.0,0.0,4.405061731276395,0.0,-89.997,-89.981,-0.062,-90.095,30.0,-0.0,-89.997,-89.981,-0.062,-90.09499795823098,27.615401802893636,0.0,0.0,0.0,0.0,4.996732560063068e-05,72.42415349665089,0.0,0.0,0.0,0.0,2.0417690222984675e-06,2.9594018028936375,0.0,0.0206547,-0.0206547,0.0206547,0.0206547,4.4407605000000006,-0.0137698,-0.00814896214886,0.011772649572502,-0.013159706959542,-0.001086538461561,0.0032596153846830003,0.001121031746055,5.344000000000001,1.9486099999994622,0.3719219994309242,0.08483300007355865,17.876058000183548
pid,05:09:17.953,39,-89.997,-89.981,-0.062,-90.095,24.753,-0.0,0.0,0.0,0.0,0.0,4.74701290458084,0.0,-89.997,-89.981,-0.062,-90.095,30.0,-0.0,-89.997,-89.981,-0.062,-90.09499795823098,27.669262637277605,0.0,0.0,0.0,0.0,4.996032949875674e-05,71.35843490878118,0.0,0.0,0.0,0.0,2.0417690222984675e-06,2.9162626372776046,0.0,-0.0963886,0.0137698,-0.0068849,0.0413094,4.3787964,0.0275396,-0.008825152625042,0.013055677655513999,-0.013801221001048,-0.000638125763139,0.0026732295482850004,0.0008795787545970001,5.247,1.9517760001690476,0.33236700073757675,0.08383200020034565,17.963575000067067
pid,05:09:17.974,40,-89.997,-89.981,-0.062,-90.095,24.844,-0.0,0.0,0.0,0.0,0.0,4.44306692276357,0.0,-89.997,-89.981,-0.062,-90.095,30.0,-0.0,-89.997,-89.981,-0.062,-90.09499795823098,27.72004272880173,0.0,0.0,0.0,0.0,4.9844595774639955e-05,70.21126547688723,0.0,0.0,0.0,0.0,2.0417690222984675e-06,2.8760427288017283,0.0,-0.0068849,-0.0206547,0.0413094,0.0481943,4.337487,-0.034424500000000004,-0.008443711843605999,0.012795604395443999,-0.013801221001048,0.010158272283483,0.0034838217338940005,0.001414224664254,5.155999999999999,1.9966459994975594,0.3368119996594032,0.09168500037048943,17.687745000330324
pid,05:09:17.994,41,-89.997,-89.981,-0.062,-90.095,24.933,-0.0,0.0,0.0,0.0,0.0,4.357591268312547,0.0,-89.997,-89.981,-0.062,-90.095,30.0,-0.0,-89.997,-89.981,-0.062,-90.09499795823098,27.7697171815238,0.0,0.0,0.0,0.0,4.998424093877832e-05,69.44524730831728,0.0,0.0,0.0,0.0,2.0417690222984675e-06,2.836717181523799,0.0,-0.0413094,0.0137698,-0.0275396,0.0413094,3.7385007,0.0137698,-0.008305006104902,0.012292796092642,-0.01421733821716,-0.00155219780223,0.004777319902419,0.00120726495729,5.067,1.9804619996648398,0.27658999988489086,0.09073999990505399,17.723873000250023
pid,05:09:18.014,42,-89.997,-89.981,-0.062,-90.095,25.021,-0.0,0.0,0.0,0.0,0.0,4.349297134238358,0.0,-89.997,-89.981,-0.062,-90.095,30.0,-0.0,-89.997,-89.981,-0.062,-90.09499795823098,27.818754225286007,0.0,0.0,0.0,0.0,5.045602375589703e-05,69.137866104202,0.0,0.0,0.0,0.0,2.0417690222984675e-06,2.797754225286006,0.0,0.0,0.0,0.0137698,-0.0068849,4.220443700000001,0.0275396,-0.008513064712957999,0.012015384615234,-0.013159706959542,-0.001396978022007,0.0031216422467070003,0.001259004884031,4.978999999999999,2.1119780003573396,0.3073489997404977,0.12649800009967294,17.519486999844958
pid,05:09:18.034,43,-89.997,-89.981,-0.062,-90.096,25.099,-0.0,0.0,0.0,0.0,-0.049420919299391144,3.8548317053340737,0.0,-89.997,-89.981,-0.062,-90.095,30.0,-0.0,-89.997,-89.981,-0.062,-90.09549694651365,27.86271265186882,0.0,0.0,0.0,0.0,0.01243068287602113,68.29260996703154,0.0,0.0,0.0,0.0,0.0005030534863550429,2.7637126518688184,0.0,0.0275396,0.0068849,0.0275396,0.0963886,4.2617531,-0.0413094,-0.008911843711731999,0.011287179487038,-0.013801221001048,-0.001483211233242,0.0031216422467070003,0.001345238095266,4.901000102019995,2.1589219995803433,0.28745999952661805,0.12046100073348498,17.518949000077555
pid,05:09:18.055,44,-89.997,-89.981,-0.062,-90.096,25.18,-0.0,0.0,0.0,0.0,0.0,4.000172186833995,0.0,-89.997,-89.981,-0.062,-90.095,30.0,-0.0,-89.997,-89.981,-0.062,-90.09549593405724,27.908092691799162,0.0,0.0,0.0,0.0,0.012446608423367764,67.36321301753188,0.0,0.0,0.0,0.0,0.0005040659427635319,2.728092691799162,0.0,-0.0206547,-0.0413094,0.0068849,-0.034424500000000004,3.9037383,-0.0206547,-0.008617094016986,0.011235164835024,-0.013801221001048,-0.0008623321123500001,0.004087454212539,0.001345238095266,4.820000103734439,2.1162929997444735,0.33992299995588837,0.1120549995903275,17.49243199992634
pid,05:09:18.075,45,-89.997,-89.981,-0.062,-90.096,25.267,-0.0,0.0,0.0,0.0,0.0,4.3015966992809025,0.0,-89.997,-89.981,-0.062,-90.095,30.0,-0.0,-89.997,-89.981,-0.062,-90.09549492280483,27.95637894942379,0.0,0.0,0.0,0.0,0.012486427561063981,66.48634259745374,0.0,0.0,0.0,0.0,0.000505077195171566,2.6893789494237907,0.0,0.0137698,-0.0275396,-0.034424500000000004,-0.0,4.1653645,-0.0,-0.008374358974254,0.01248351648336,-0.013575824175654,-0.001483211233242,0.003000915750978,0.0008968253968440001,4.733000105641242,2.1453660001498065,0.27488599971547956,0.08916600017983001,17.559467999490153
pid,05:09:18.095,46,-89.997,-89.981,-0.062,-90.096,25.351,-0.0,0.0,0.0,0.0,0.0,4.154147243314607,0.0,-89.997,-89.981,-0.062,-90.095,30.0,-0.0,-89.997,-89.981,-0.062,-90.09549391176701,28.003079264279364,0.0,0.0,0.0,0.0,0.012514077607002166,65.57814145689291,0.0,0.0,0.0,0.0,0.0005060882329956939,2.652079264279365,0.0,0.0,-0.0206547,-0.0,-0.0413094,4.0345514,0.0137698,-0.007836874236776,0.011495238095094,-0.013922588522413999,-0.00155219780223,0.0028112026862610003,5.173992674100001e-05,4.649000107550011,1.9937209999625338,0.2737750000960659,0.08609200085629709,17.721650999192207
pid,05:09:18.115,47,-89.997,-89.981,-0.062,-90.096,25.434,-0.0,0.0,0.0,0.0,0.0,4.104160805442017,0.0,-89.997,-89.981,-0.062,-90.095,30.0,-0.0,-89.997,-89.981,-0.062,-90.09549290059805,28.049196261735915,0.0,0.0,0.0,0.0,0.012537454758792754,64.65774696358298,0.0,0.0,0.0,0.0,0.0005070994019575892,2.615196261735914,0.0,0.0481943,0.0895037,0.0757339,0.0068849,3.5181839,-0.0413094,-0.007386080585988,0.012258119657965999,-0.013489133088964,-0.000327686202693,0.0030871489622130003,0.001190018315043,4.566000109505035,2.0097569995414233,0.2720160000535543,0.08423899998888373,17.699041000014404
pid,05:09:18.136,48,-89.997,-89.981,-0.062,-90.096,25.52,-0.0,0.0,0.0,0.0,0.0,4.253757682964148,0.0,-89.997,-89.981,-0.062,-90.095,30.0,-0.0,-89.997,-89.981,-0.062,-90.09549188972711,28.09672496351814,0.0,0.0,0.0,0.0,0.012566151029565415,63.725369828203505,0.0,0.0,0.0,0.0,0.0005081102728894393,2.576724963518142,0.0,-0.0068849,-0.0275396,-0.0,-0.0275396,4.1102853,0.0206547,-0.008513064712957999,0.01283028083012,-0.014026617826442,-0.0009485653235850001,0.003983974359057001,0.001500457875489,4.480000111607142,1.983887000278628,0.2705150000110734,0.08118400000967085,17.72668800003885
pid,05:09:18.156,49,-89.997,-89.981,-0.062,-90.096,25.597,-0.0,0.0,0.0,0.0,0.0,3.8100797263022153,0.0,-89.997,-89.981,-0.062,-90.095,30.0,-0.0,-89.997,-89.981,-0.062,-90.09549087924957,28.13967409613943,0.0,0.0,0.0,0.0,0.012596043178258694,62.907733923989845,0.0,0.0,0.0,0.0,0.0005091207504364093,2.5426740961394287,0.0,-0.0206547,0.0206547,-0.0413094,-0.0275396,4.2273286,-0.0,-0.009223931623816,0.012362148961994,-0.013489133088964,-3.4493284494e-05,0.0030526556777190003,0.001500457875489,4.403000113558934,1.9381839993002359,0.2692749994821497,0.08211000022129156,17.771929000446107
pid,05:09:18.176,50,-89.997,-89.981,-0.062,-90.095,25.67,-0.0,0.0,0.0,0.0,0.04948797696887495,3.612622318710641,0.0,-89.997,-89.981,-0.062,-90.095,30.0,-0.0,-89.997,-89.981,-0.062,-90.09499087924956,28.180548896106245,0.0,0.0,0.0,0.0,0.0002256837435412055,62.12099297457345,0.0,0.0,0.0,0.0,9.12075043402183e-06,2.5105488961062434,0.0,-0.0275396,-0.0206547,-0.0206547,0.0481943,3.7591554,0.0068849,-0.008599755799648,0.011772649572502,-0.014460073259891999,-0.0008623321123500001,0.005467185592299,0.001414224664254,4.329999999999998,1.9437390001257882,0.27225600024394225,0.08846199943945976,17.768874000466894
pid,05:09:18.196,51,-89.997,-89.981,-0.062,-90.096,25.75,-0.0,0.0,0.0,0.0,-0.04875000290595938,3.900000232458045,0.0,-89.997,-89.981,-0.062,-90.095,30.0,-0.0,-89.997,-89.981,-0.062,-90.09548985360861,28.224907870205403,0.0,0.0,0.0,0.0,0.012434819031406353,60.325882931959505,0.0,0.0,0.0,0.0,0.0005101463913916859,2.474907870205403,0.0,-0.0137698,-0.0413094,0.0206547,0.034424500000000004,3.9519326,0.0206547,-0.00797557997548,0.011980708180558,-0.014321367521187999,-0.0017074175824530002,0.002380036630086,0.001345238095266,4.250000117647057,1.861425000242889,0.2675340001587756,0.07564699990325607,17.90716799951042
pid,05:09:18.217,52,-89.997,-89.981,-0.062,-90.096,25.83,-0.0,0.0,0.0,0.0,0.0,3.942987814192797,0.0,-89.997,-89.981,-0.062,-90.095,30.0,-0.0,-89.997,-89.981,-0.062,-90.09548883914948,28.26913816479063,0.0,0.0,0.0,0.0,0.01259688127951114,60.10932538063904,0.0,0.0,0.0,0.0,0.0005111608505217191,2.4391381647906307,0.0,0.0137698,-0.0481943,0.0068849,0.034424500000000004,3.9243930000000002,-0.0,-0.008825152625042,0.012015384615234,-0.01274358974343,-0.001172771672796,0.0023972832723330004,0.001121031746055,4.170000119904077,3.226800000447838,0.4673280000133673,0.1764980006555561,17.382451000230503
pid,05:09:18.238,53,-89.997,-89.981,-0.062,-90.096,25.984,-0.0,0.0,0.0,0.0,0.0,7.165773419125966,0.0,-89.997,-89.981,-0.062,-90.095,30.0,-0.0,-89.997,-89.981,-0.062,-90.09548776459694,28.35045356777525,0.0,0.0,0.0,0.0,0.011917411803917565,55.05672101804968,0.0,0.0,0.0,0.0,0.0005122354030646648,2.366453567775249,0.0,0.0,-0.0481943,-0.0206547,-0.0275396,3.5663782,-0.034424500000000004,-0.008374358974254,0.012327472527317999,-0.014009279609104,-0.001396978022007,0.00258699633705,0.001052045177067,4.016000124501988,4.15921699914179,0.4985129999113269,0.30677499944431474,15.068086000610492
pid,05:09:18.259,54,-89.997,-89.981,-0.062,-90.096,26.073,-0.0,0.0,0.0,0.0,0.0,4.383020101446485,0.0,-89.997,-89.981,-0.062,-90.095,30.0,-0.0,-89.997,-89.981,-0.062,-90.09548674931526,28.398940578921795,0.0,0.0,0.0,0.0,0.012638135215164608,57.273282652721676,0.0,0.0,0.0,0.0,0.0005132506847473906,2.325940578921795,0.0,0.0068849,0.0068849,0.0275396,-0.0481943,3.4149104,-0.0275396,-0.007836874236776,0.012015384615234,-0.013385103784935999,-0.000793345543362,0.004622100122196,0.001431471306501,3.9270001273236543,3.2670040000084555,0.8373619994017645,0.1865720005298499,15.754393999486638
pid,05:09:18.279,55,-89.997,-89.981,-0.062,-90.096,26.133,-0.0,0.0,0.0,0.0,0.0,2.9597798320513093,0.0,-89.997,-89.981,-0.062,-90.095,30.0,-0.0,-89.997,-89.981,-0.062,-90.09548573572636,28.432860127218724,0.0,0.0,0.0,0.0,0.012684241879015238,56.725663509009024,0.0,0.0,0.0,0.0,0.0005142642736473135,2.299860127218725,0.0,0.0619641,0.0481943,-0.0137698,0.0068849,3.7385007,0.0068849,-0.008738461538352,0.012258119657965999,-0.013593162392991999,-0.001638431013465,0.00275946275952,0.000586385836398,3.8670001292991967,3.158188999805134,0.6565120002051117,0.1522759994259104,16.087760999653256
pid,05:09:18.299,56,-89.997,-89.981,-0.062,-90.096,26.205,-0.0,0.0,0.0,0.0,0.0,3.55357473347293,0.0,-89.997,-89.981,-0.062,-90.095,30.0,-0.0,-89.997,-89.981,-0.062,-90.09548472266198,28.47270470655775,0.0,0.0,0.0,0.0,0.01271580923025064,55.96151491806502,0.0,0.0,0.0,0.0,0.000515277338024589,2.267704706557751,0.0,-0.0619641,0.0481943,0.0550792,-0.0137698,4.0758608,-0.0,-0.008738461538352,0.012292796092642,-0.013593162392991999,-0.001017551892573,0.000776098901115,0.001276251526278,3.795000131752305,3.378686999894853,0.7431220001308247,0.1796830001694616,15.745357000014337
pid,05:09:18.319,57,-89.997,-89.981,-0.062,-90.096,26.284,-0.0,0.0,0.0,0.0,0.0,3.897822771706556,0.0,-89.997,-89.981,-0.062,-90.095,30.0,-0.0,-89.997,-89.981,-0.062,-90.09548370927573,28.51597044986105,0.0,0.0,0.0,0.0,0.012736770518476511,55.062185096483915,0.0,0.0,0.0,0.0,0.0005162907242777237,2.231970449861052,0.0,-0.034424500000000004,0.0,-0.0137698,0.0068849,3.5319537000000003,-0.0,-0.008582417582309999,0.012206105005952,-0.013801221001048,-0.000327686202693,0.002000610500652,0.001431471306501,3.7160001345532816,2.8306379999776254,0.3780509996431647,0.14025700056663482,16.71353299934708
pid,05:09:18.340,58,-89.997,-89.981,-0.062,-90.096,26.356,-0.0,0.0,0.0,0.0,0.0,3.544191064114585,0.0,-89.997,-89.981,-0.062,-90.095,30.0,-0.0,-89.997,-89.981,-0.062,-90.09548269352914,28.555671830447675,0.0,0.0,0.0,0.0,0.012732173413043295,54.13928642678416,0.0,0.0,0.0,0.0,0.0005173064708685615,2.1996718304476737,0.0,0.0481943,-0.0413094,0.0137698,-0.0137698,3.4011406,-0.0550792,-0.008651770451661999,0.012240781440628,-0.013801221001048,-0.001396978022007,0.003207875457942,0.001345238095266,3.644000137211851,2.797600000121747,0.39992200072447304,0.16573899938521208,16.685070000676205
pid,05:09:18.360,59,-89.997,-89.981,-0.062,-90.096,26.425,-0.0,0.0,0.0,0.0,0.0,3.4069924774853853,0.0,-89.997,-89.981,-0.062,-90.095,30.0,-0.0,-89.997,-89.981,-0.062,-90.09548168090582,28.593791958781242,0.0,0.0,0.0,0.0,0.01279644387550992,53.543897744917295,0.0,0.0,0.0,0.0,0.0005183190941835392,2.1687919587812416,0.0,0.0137698,-0.034424500000000004,0.0068849,-0.0206547,3.6214574,-0.0068849,-0.008131623931522,0.011789987789839999,-0.014234676434498,-0.001017551892573,0.001569444444477,0.001052045177067,3.5750001398601365,2.7841749997605802,0.35921899961977033,0.1069250001819455,16.810715999781678
pid,05:09:18.380,60,-89.997,-89.981,-0.062,-90.096,26.496,-0.0,0.0,0.0,0.0,0.0,3.5077693177533855,0.0,-89.997,-89.981,-0.062,-90.095,30.0,-0.0,-89.997,-89.981,-0.062,-90.09548066886664,28.632838144083976,0.0,0.0,0.0,0.0,0.012828829685794388,52.785459710021684,0.0,0.0,0.0,0.0,0.0005193311333613337,2.1368381440839777,0.0,0.0206547,0.0206547,-0.0068849,0.0206547,3.3116369000000003,-0.0275396,-0.008686446886338,0.012795604395443999,-0.014321367521187999,-0.001483211233242,0.002552503052556,0.001414224664254,3.5040001426940623,2.660899000147765,0.3569959999367711,0.10690700037230272,16.941159999987576
pid,05:09:18.401,61,-89.997,-89.981,-0.062,-90.095,26.565,-0.0,0.0,0.0,0.0,0.04820485001746957,3.3261346511896446,0.0,-89.997,-89.981,-0.062,-90.095,30.0,-0.0,-89.997,-89.981,-0.062,-90.09498066886664,28.670901063581468,0.0,0.0,0.0,0.0,0.0004659271922789746,50.75732246054475,0.0,0.0,0.0,0.0,1.9331133358946317e-05,2.1059010635814666,0.0,-0.0137698,-0.0275396,-0.0,-0.034424500000000004,2.9536221,-0.0275396,-0.008079609279508,0.012258119657965999,-0.013489133088964,-0.000638125763139,0.004173687423774,0.001052045177067,3.4349999999999987,2.788822999718832,0.4199029999654158,0.33499700020911405,17.065787999854365
pid,05:09:18.422,62,-89.997,-89.981,-0.062,-90.095,26.625,-0.0,0.0,0.0,0.0,0.0,2.8851287460160346,0.0,-89.997,-89.981,-0.062,-90.095,30.0,-0.0,-89.997,-89.981,-0.062,-90.09498066886664,28.70441043903446,0.0,0.0,0.0,0.0,0.00046477340472099573,49.99472360353564,0.0,0.0,0.0,0.0,1.9331133358946317e-05,2.0794104390344614,0.0,-0.0206547,0.0206547,0.0206547,-0.0,3.0431258,-0.0275396,-0.008911843711731999,0.011235164835024,-0.01369719169702,-0.0024662698413210004,0.0036735347986110002,0.000724358974374,3.375,2.0356079994598986,0.6217899999683141,0.633011999525479,17.202639000061026
pid,05:09:18.442,63,-89.997,-89.981,-0.062,-90.095,26.683,-0.0,0.0,0.0,0.0,0.0,2.7925755283367497,0.0,-89.997,-89.981,-0.062,-90.095,30.0,-0.0,-89.997,-89.981,-0.062,-90.09498066886664,28.736855037005903,0.0,0.0,0.0,0.0,0.00046537629286321874,49.444356164602304,0.0,0.0,0.0,0.0,1.9331133358946317e-05,2.0538550370059028,0.0,0.0137698,-0.0068849,0.0068849,-0.034424500000000004,3.1877087,-0.0413094,-0.008079609279508,0.011789987789839999,-0.014009279609104,-0.000569139194151,0.001327991453019,0.001431471306501,3.317,3.8971080002738745,0.31288599984691245,0.4611429994838545,16.376036000110616
pid,05:09:18.464,64,-89.997,-89.981,-0.062,-90.096,26.746,-0.0,0.0,0.0,0.0,-0.04708680228142291,2.966468543715424,0.0,-89.997,-89.981,-0.062,-90.095,30.0,-0.0,-89.997,-89.981,-0.062,-90.09547960699797,28.77181035765028,0.0,0.0,0.0,0.0,0.012251821197687493,47.69446588494097,0.0,0.0,0.0,0.0,0.000520393002034325,2.0258103576502826,0.0,0.0275396,0.0068849,-0.0068849,0.0206547,2.8503486000000002,-0.0,-0.008825152625042,0.011495238095094,-0.01421733821716,-0.0008623321123500001,0.0038632478633280004,0.001190018315043,3.254000153657035,2.0365899999887915,0.309699999888835,0.10370299969508778,17.61754099970858
pid,05:09:18.484,65,-89.997,-89.981,-0.062,-90.095,26.813,-0.0,0.0,0.0,0.0,0.04941102184129335,3.3105384633508557,0.0,-89.997,-89.981,-0.062,-90.095,30.0,-0.0,-89.997,-89.981,-0.062,-90.09497960699797,28.8085353466115,0.0,0.0,0.0,0.0,0.0005038195344368235,49.30072029801146,0.0,0.0,0.0,0.0,2.0393002031937613e-05,1.9955353466115007,0.0,-0.0275396,-0.0413094,-0.0206547,0.0275396,2.8021543,0.0068849,-0.008513064712957999,0.012327472527317999,-0.013159706959542,-0.00041391941392800006,0.00327686202693,0.000724358974374,3.187000000000001,5.460981000396714,0.3040709998458624,0.12690599942288827,14.421462999962387
pid,05:09:18.504,66,-89.997,-89.981,-0.062,-90.096,26.869,-0.0,0.0,0.0,0.0,-0.04874716998698342,2.7298415192580823,0.0,-89.997,-89.981,-0.062,-90.095,30.0,-0.0,-89.997,-89.981,-0.062,-90.0954785812974,28.839746815093516,0.0,0.0,0.0,0.0,0.012708843065075442,48.034164998105574,0.0,0.0,0.0,0.0,0.0005214187026041373,1.9707468150935163,0.0,-0.0275396,0.0068849,-0.0137698,0.0619641,2.9260825,-0.0068849,-0.008443711843605999,0.012084737484586,-0.01421733821716,-0.00010347985348200002,0.0031561355312010003,0.00051739926741,3.1310001596933845,2.05508999988524,0.33251500008191215,0.13048000073467847,17.530541999803972
pid,05:09:18.525,67,-89.997,-89.981,-0.062,-90.095,26.925,-0.0,0.0,0.0,0.0,0.049467548856809575,2.7701827359681555,0.0,-89.997,-89.981,-0.062,-90.095,30.0,-0.0,-89.997,-89.981,-0.062,-90.0949785812974,28.870854913302423,0.0,0.0,0.0,0.0,0.0005297653587165136,48.12833649579543,0.0,0.0,0.0,0.0,2.141870260174983e-05,1.9458549133024228,0.0,0.06884900000000001,0.0481943,0.034424500000000004,-0.0,3.0775503,0.0206547,-0.009171916971802,0.011807326007178,-0.014009279609104,-0.0008623321123500001,0.0029146825397430003,0.000810592185609,3.0749999999999993,1.990572000067914,0.3573479998522089,0.11168400033056969,17.597670999748516
pid,05:09:18.545,68,-89.997,-89.981,-0.062,-90.095,26.984,-0.0,0.0,0.0,0.0,0.0,2.917209161961174,0.0,-89.997,-89.981,-0.062,-90.095,30.0,-0.0,-89.997,-89.981,-0.062,-90.0949785812974,28.90340481459713,0.0,0.0,0.0,0.0,0.000529515554824582,47.45173992080536,0.0,0.0,0.0,0.0,2.141870260174983e-05,1.9194048145971294,0.0,-0.0068849,0.0413094,0.0550792,-0.0137698,2.6438016,0.0068849,-0.008825152625042,0.012102075701924,-0.013593162392991999,-0.00017246642247,0.0038632478633280004,0.001276251526278,3.0159999999999982,1.944497999829764,0.3060340004594764,0.11277700014034053,17.696687999887217
pid,05:09:18.565,69,-89.997,-89.981,-0.062,-90.095,27.043,-0.0,0.0,0.0,0.0,0.0,2.9174843022363506,0.0,-89.997,-89.981,-0.062,-90.095,30.0,-0.0,-89.997,-89.981,-0.062,-90.0949785812974,28.935894770701886,0.0,0.0,0.0,0.0,0.0005295654967545122,46.80076931617171,0.0,0.0,0.0,0.0,2.141870260174983e-05,1.8928947707018864,0.0,-0.0275396,-0.034424500000000004,-0.0206547,0.0413094,2.3959452,0.0413094,-0.008738461538352,0.012760927960768,-0.013385103784935999,-0.0009485653235850001,0.0055706654457810005,0.0008968253968440001,2.9570000000000007,1.9940719994337996,0.31220100026985165,0.1619240001673461,17.589023999789788
pid,05:09:18.585,70,-89.997,-89.981,-0.062,-90.096,27.101,-0.0,0.0,0.0,0.0,-0.0494628819418143,2.8688471526115227,0.0,-89.997,-89.981,-0.062,-90.095,30.0,-0.0,-89.997,-89.981,-0.062,-90.09547757043839,28.967825250979423,0.0,0.0,0.0,0.0,0.01292043586453803,46.1692784973761,0.0,0.0,0.0,0.0,0.0005224295616130803,1.8668252509794243,0.0,0.0137698,0.0550792,0.0137698,0.0275396,2.9467372000000003,-0.0,-0.008981196581083999,0.011495238095094,-0.013385103784935999,-0.002173076923122,0.002121336996381,0.00020695970696400003,2.8990001724732624,2.0488860000114073,0.3664779997052392,0.2569419993960764,17.389951000041037
pid,05:09:18.606,71,-89.997,-89.981,-0.062,-90.096,27.152,-0.0,0.0,0.0,0.0,0.0,2.4742866528634995,0.0,-89.997,-89.981,-0.062,-90.095,30.0,-0.0,-89.997,-89.981,-0.062,-90.09547653983832,28.996260399981498,0.0,0.0,0.0,0.0,0.012697945993837596,44.737538157634766,0.0,0.0,0.0,0.0,0.0005234601616876944,1.844260399981497,0.0,-0.0206547,0.0068849,-0.0275396,-0.034424500000000004,3.1877087,0.0068849,-0.008738461538352,0.011737973137826,-0.013385103784935999,-0.0008623321123500001,0.002138583638628,0.00044841269842200006,2.848000175561791,2.0471820007514907,0.41807000070548384,0.10588799977995222,17.49469100013812
pid,05:09:18.626,72,-89.997,-89.981,-0.062,-90.096,27.206,-0.0,0.0,0.0,0.0,0.0,2.668289480814694,0.0,-89.997,-89.981,-0.062,-90.095,30.0,-0.0,-89.997,-89.981,-0.062,-90.09547552795411,29.026087604471208,0.0,0.0,0.0,0.0,0.012957807806100773,44.96778341825807,0.0,0.0,0.0,0.0,0.0005244720458961183,1.8200876044712082,0.0,-0.0275396,0.0068849,-0.0,0.0068849,3.1601691,0.0275396,-0.008738461538352,0.012344810744656,-0.01369719169702,0.00051739926741,0.002345543345592,0.001121031746055,2.794000178954898,2.084275000015623,0.29131200062693097,0.09674000011727912,17.58911500019167
pid,05:09:18.646,73,-89.997,-89.981,-0.062,-90.096,27.267,-0.0,0.0,0.0,0.0,0.0,3.0174493047611155,0.0,-89.997,-89.981,-0.062,-90.095,30.0,-0.0,-89.997,-89.981,-0.062,-90.09547451716662,29.05935008667326,0.0,0.0,0.0,0.0,0.012996867297298794,44.33053707312097,0.0,0.0,0.0,0.0,0.0005254828333818296,1.7923500866732596,0.0,0.0,0.0068849,0.0413094,-0.0,2.685111,-0.0,-0.008443711843605999,0.012518192918035999,-0.01421733821716,-0.001396978022007,0.0030181623932250003,0.001276251526278,2.7330001829491346,2.0605720001185546,0.27969999973720405,0.1146100003097672,18.702086000303098
pid,05:09:18.668,74,-89.997,-89.981,-0.062,-90.095,27.331,-0.0,0.0,0.0,0.0,0.046881541591442866,3.0004186618380193,0.0,-89.997,-89.981,-0.062,-90.095,30.0,-0.0,-89.997,-89.981,-0.062,-90.09497451716662,29.09419662276125,0.0,0.0,0.0,0.0,0.0005973372566143024,41.33068790173921,0.0,0.0,0.0,0.0,2.5482833379442127e-05,1.7631966227612494,0.0,-0.0206547,-0.034424500000000004,-0.034424500000000004,-0.0,2.5887224,-0.0,-0.008200976800874,0.012050061049909999,-0.013593162392991999,-0.001638431013465,0.0029491758242370003,0.00120726495729,2.6690000000000005,2.0036459991388256,0.28823799948440865,0.09277700064558303,17.678985000202374
pid,05:09:18.688,75,-89.997,-89.981,-0.062,-90.096,27.39,-0.0,0.0,0.0,0.0,-0.04945121850596021,2.9176218918377734,0.0,-89.997,-89.981,-0.062,-90.095,30.0,-0.0,-89.997,-89.981,-0.062,-90.09547350606918,29.126335587056637,0.0,0.0,0.0,0.0,0.013017883207438038,42.93195525740122,0.0,0.0,0.0,0.0,0.000526493930820493,1.7363355870566366,0.0,-0.0275396,-0.0137698,-0.0137698,0.0206547,2.6782261000000003,-0.0,-0.008287667887564,0.012518192918035999,-0.013593162392991999,-0.001483211233242,0.0035873015873760005,0.000362179487187,2.6100001915708737,2.556659000219952,0.30270099978224607,0.1290540003537899,17.062175999853935
pid,05:09:18.708,76,-89.997,-89.981,-0.062,-90.095,27.441,-0.0,0.0,0.0,0.0,0.04946404858800669,2.5226664779762156,0.0,-89.997,-89.981,-0.062,-90.095,30.0,-0.0,-89.997,-89.981,-0.062,-90.09497350606918,29.154422314258575,0.0,0.0,0.0,0.0,0.0006552485406010415,42.37640230192819,0.0,0.0,0.0,0.0,2.6493930818105582e-05,1.713422314258576,0.0,0.0,0.0137698,-0.0137698,-0.034424500000000004,3.0431258,0.034424500000000004,-0.008530402930296,0.012015384615234,-0.014858852258665999,-0.000707112332127,0.002104090354134,0.001190018315043,2.559000000000001,1.9554430000425782,0.30808999963483075,0.12290600079722935,17.66196700009459
pid,05:09:18.728,77,-89.997,-89.981,-0.062,-90.096,27.494,-0.0,0.0,0.0,0.0,-0.04947396730307423,2.622120267050455,0.0,-89.997,-89.981,-0.062,-90.095,30.0,-0.0,-89.997,-89.981,-0.062,-90.09547249543667,29.18345495934105,0.0,0.0,0.0,0.0,0.013048871759245113,41.79201970902828,0.0,0.0,0.0,0.0,0.0005275045633368336,1.6894549593410488,0.0,0.0068849,0.034424500000000004,0.0137698,0.0275396,2.4165999,0.0137698,-0.009293284493168,0.01395726495709,-0.013801221001048,-0.0017074175824530002,0.0033803418804120005,0.0008968253968440001,2.5060001995211416,1.9601650001277449,0.2810519999911776,0.09770300039235735,17.707429000438424
pid,05:09:18.749,78,-89.997,-89.981,-0.062,-90.096,27.547,-0.0,0.0,0.0,0.0,0.0,2.6211618106569285,0.0,-89.997,-89.981,-0.062,-90.095,30.0,-0.0,-89.997,-89.981,-0.062,-90.09547148443461,29.21243494740343,0.0,0.0,0.0,0.0,0.013069102041119366,41.18277813459655,0.0,0.0,0.0,0.0,0.0005285155653922402,1.6654349474034298,0.0,-0.0068849,-0.0137698,0.034424500000000004,-0.0137698,2.1618586,-0.0068849,-0.008981196581083999,0.011807326007178,-0.013922588522413999,-0.0009485653235850001,0.004501373626467,0.00051739926741,2.4530002038320333,1.9171659996572998,0.2771640001810738,0.08081400028459029,17.788781000490417
pid,05:09:18.769,79,-89.997,-89.981,-0.062,-90.096,27.599,-0.0,0.0,0.0,0.0,0.0,2.5737695802503904,0.0,-89.997,-89.981,-0.062,-90.095,30.0,-0.0,-89.997,-89.981,-0.062,-90.09547047424317,29.240860417052268,0.0,0.0,0.0,0.0,0.013104589277979991,40.63240765794597,0.0,0.0,0.0,0.0,0.0005295257568320721,1.6418604170522677,0.0,-0.034424500000000004,0.0,-0.034424500000000004,0.034424500000000004,2.3064415,0.0206547,-0.00875579975569,0.011789987789839999,-0.014009279609104,-0.0009485653235850001,0.0034838217338940005,0.001052045177067,2.401000208246555,1.8865730007746606,0.26857200009544613,0.08679500024300069,17.819558000155666
pid,05:09:18.789,80,-89.997,-89.981,-0.062,-90.096,27.646,-0.0,0.0,0.0,0.0,0.0,2.3262093835552076,0.0,-89.997,-89.981,-0.062,-90.095,30.0,-0.0,-89.997,-89.981,-0.062,-90.09546946401596,29.266738491889,0.0,0.0,0.0,0.0,0.0131291253658703,40.108266894907,0.0,0.0,0.0,0.0,0.0005305359840406254,1.620738491889,0.0,0.0206547,-0.0413094,-0.034424500000000004,-0.0068849,2.4303697,-0.0206547,-0.007923565323466,0.012015384615234,-0.014113308913132,-0.0017074175824530002,0.00413919413928,0.0016556776557120003,2.354000212404408,1.8386850006208988,0.31210799988912186,0.08022200017876457,17.83370500015735
pid,05:09:18.809,81,-89.997,-89.981,-0.062,-90.095,27.688,-0.0,0.0,0.0,0.0,0.04909121127377459,2.0618308734885917,0.0,-89.997,-89.981,-0.062,-90.095,30.0,-0.0,-89.997,-89.981,-0.062,-90.09496946401596,29.29009329220867,0.0,0.0,0.0,0.0,0.0007495242219631058,39.324350143868735,0.0,0.0,0.0,0.0,3.0535984038237984e-05,1.6020932922086715,0.0,-0.06884900000000001,-0.0275396,-0.0068849,0.0137698,2.8159241,0.034424500000000004,-0.008686446886338,0.012102075701924,-0.014026617826442,-0.000327686202693,0.0022593101343570004,0.001276251526278,2.312000000000001,1.8853880001188372,0.3326819996800623,0.10577700049907435,17.73854000020947
pid,05:09:18.830,82,-89.997,-89.981,-0.062,-90.095,27.739,-0.0,0.0,0.0,0.0,0.0,2.5219229427022882,0.0,-89.997,-89.981,-0.062,-90.095,30.0,-0.0,-89.997,-89.981,-0.062,-90.09496946401596,29.31787946436024,0.0,0.0,0.0,0.0,0.0007549941051674816,39.03737593070029,0.0,0.0,0.0,0.0,3.0535984038237984e-05,1.578879464360238,0.0,-0.0068849,0.0137698,0.0137698,-0.034424500000000004,2.891658,0.0137698,-0.008599755799648,0.012015384615234,-0.013922588522413999,-0.000638125763139,0.002017857142899,0.001052045177067,2.2609999999999992,1.9181839998054784,0.41297699954156997,0.10562900024524424,17.626003999794193
pid,05:09:18.850,83,-89.997,-89.981,-0.062,-90.095,27.795,-0.0,0.0,0.0,0.0,0.0,2.7693988421586777,0.0,-89.997,-89.981,-0.062,-90.095,30.0,-0.0,-89.997,-89.981,-0.062,-90.09496946401596,29.348108829053402,0.0,0.0,0.0,0.0,0.0007550564182413756,38.40337315113247,0.0,0.0,0.0,0.0,3.0535984038237984e-05,1.5531088290534,0.0,-0.0206547,-0.0137698,0.0068849,-0.0206547,2.2651321,-0.0206547,-0.008166300366198,0.012015384615234,-0.013801221001048,-0.0008623321123500001,0.0030181623932250003,0.001190018315043,2.2049999999999983,1.967238999895926,0.283571000181837,0.09924000005412381,19.555521000256704
pid,05:09:18.872,84,-89.997,-89.981,-0.062,-90.095,27.851,-0.0,0.0,0.0,0.0,0.0,2.5378002225750547,0.0,-89.997,-89.981,-0.062,-90.095,30.0,-0.0,-89.997,-89.981,-0.062,-90.09496946401596,29.378479858871458,0.0,0.0,0.0,0.0,0.0006919127418917355,34.611060051991835,0.0,0.0,0.0,0.0,3.0535984038237984e-05,1.5274798588714589,0.0,-0.0137698,0.0206547,-0.0,0.0757339,2.4579093000000003,0.0137698,-0.008686446886338,0.013887912087738,-0.013679853479682,-0.000569139194151,0.0017419108669470002,0.000586385836398,2.149000000000001,1.9717390005098423,0.3317929995318991,0.10433200077386573,17.923593999512377
pid,05:09:18.892,85,-89.997,-89.981,-0.062,-90.096,27.95,-0.0,0.0,0.0,0.0,-0.04877608121803476,4.828832040562395,0.0,-89.997,-89.981,-0.062,-90.095,30.0,-0.0,-89.997,-89.981,-0.062,-90.09546843892336,29.4300812987051,0.0,0.0,0.0,0.0,0.012963733123295726,36.09628281729484,0.0,0.0,0.0,0.0,0.0005315610766416512,1.4800812987051017,0.0,-0.0068849,-0.034424500000000004,0.0137698,0.0481943,2.3959452,-0.034424500000000004,-0.009050549450435999,0.012587545787387999,-0.013801221001048,-0.000327686202693,0.002483516483568,0.00120726495729,2.050000243902425,1.9081099999311846,0.35786599983111955,0.0835920000099577,17.928575999576424
pid,05:09:18.913,86,-89.997,-89.981,-0.062,-90.095,28.001,-0.0,0.0,0.0,0.0,0.04894912880623697,2.49640556910626,0.0,-89.997,-89.981,-0.062,-90.095,30.0,-0.0,-89.997,-89.981,-0.062,-90.09496843892336,29.45762321451521,0.0,0.0,0.0,0.0,0.0007724436028839387,35.65021867455972,0.0,0.0,0.0,0.0,3.1561076639263774e-05,1.4566232145152078,0.0,-0.0413094,-0.0413094,-0.0068849,0.0206547,2.4097150000000003,-0.0,-0.008946520146408,0.012050061049909999,-0.013385103784935999,-0.000327686202693,0.002121336996381,0.001121031746055,1.9989999999999988,1.9656840004245169,0.40999599968927214,0.12110999978176551,17.858039000202552
pid,05:09:18.933,87,-89.997,-89.981,-0.062,-90.095,28.048,-0.0,0.0,0.0,0.0,0.0,2.289999163607495,0.0,-89.997,-89.981,-0.062,-90.095,30.0,-0.0,-89.997,-89.981,-0.062,-90.09496843892336,29.483126359351633,0.0,0.0,0.0,0.0,0.0007688812671380983,34.96210811262257,0.0,0.0,0.0,0.0,3.1561076639263774e-05,1.435126359351635,0.0,-0.0206547,0.034424500000000004,0.0137698,0.0275396,2.2651321,0.0137698,-0.008582417582309999,0.012327472527317999,-0.013489133088964,0.00020695970696400003,0.002207570207616,0.000810592185609,1.9520000000000017,1.8679810000321595,0.4021069998998428,0.1009620000331779,17.904852999890863
pid,05:09:18.954,88,-89.997,-89.981,-0.062,-90.095,28.094,-0.0,0.0,0.0,0.0,0.0,2.252054160052436,0.0,-89.997,-89.981,-0.062,-90.095,30.0,-0.0,-89.997,-89.981,-0.062,-90.09496843892336,29.50807293775892,0.0,0.0,0.0,0.0,0.00077257884723499,34.61487871844942,0.0,0.0,0.0,0.0,3.1561076639263774e-05,1.4140729377589203,0.0,-0.0275396,0.0,0.0068849,-0.0481943,1.9690814,0.0068849,-0.008530402930296,0.011772649572502,-0.01274358974343,-0.00041391941392800006,0.00327686202693,0.000362179487187,1.9059999999999988,1.9503880002957885,0.33279300077992957,0.08318500022141961,17.906371999742987
pid,05:09:18.974,89,-89.997,-89.981,-0.062,-90.095,28.138,-0.0,0.0,0.0,0.0,0.0,2.1546920723876477,0.0,-89.997,-89.981,-0.062,-90.095,30.0,-0.0,-89.997,-89.981,-0.062,-90.09496843892336,29.531974091084958,0.0,0.0,0.0,0.0,0.0007727772913054998,34.13164685425566,0.0,0.0,0.0,0.0,3.1561076639263774e-05,1.3939740910849565,0.0,-0.0068849,0.0206547,0.0068849,0.034424500000000004,1.7694193,-0.0068849,-0.008807814407704,0.012015384615234,-0.013922588522413999,-0.000258699633705,0.0036217948718700005,0.000655372405386,1.8619999999999983,1.931886999955168,0.33410800006095087,0.0840539996715961,17.92168700012553
pid,05:09:18.995,90,-89.997,-89.981,-0.062,-90.095,28.176,-0.0,0.0,0.0,0.0,0.0,1.861044253987368,0.0,-89.997,-89.981,-0.062,-90.095,30.0,-0.0,-89.997,-89.981,-0.062,-90.09496843892336,29.552836271413327,0.0,0.0,0.0,0.0,0.0007728494780635209,33.7151740999393,0.0,0.0,0.0,0.0,3.1561076639263774e-05,1.3768362714133282,0.0,-0.034424500000000004,0.0481943,-0.0068849,0.0275396,1.9140022,-0.0068849,-0.008513064712957999,0.012015384615234,-0.013489133088964,-0.000327686202693,0.0033630952381650003,0.0009830586080790001,1.8240000000000016,1.9298320003144909,0.33075600003940053,0.08353599969268544,17.93327900031727
pid,05:09:19.015,91,-89.997,-89.981,-0.062,-90.095,28.215,-0.0,0.0,0.0,0.0,0.0,1.8732290779167948,0.0,-89.997,-89.981,-0.062,-90.095,30.0,-0.0,-89.997,-89.981,-0.062,-90.09496843892336,29.574194426425457,0.0,0.0,0.0,0.0,0.0007579631601886773,32.64208361695525,0.0,0.0,0.0,0.0,3.1561076639263774e-05,1.3591944264254572,0.0,-0.0068849,0.034424500000000004,-0.0206547,-0.0068849,2.0517002,-0.0,-0.008686446886338,0.012084737484586,-0.014113308913132,-0.005311965812076,0.00275946275952,0.001052045177067,1.7850000000000001,1.9691099996634875,0.27234899971517734,0.08344300022145035,17.953297000531165
pid,05:09:19.036,92,-89.997,-89.981,-0.062,-90.095,28.257,-0.0,0.0,0.0,0.0,0.0,2.0552637670338654,0.0,-89.997,-89.981,-0.062,-90.095,30.0,-0.0,-89.997,-89.981,-0.062,-90.09496843892336,29.596975365718365,0.0,0.0,0.0,0.0,0.0007722183008250427,32.7857478318905,0.0,0.0,0.0,0.0,3.1561076639263774e-05,1.339975365718363,0.0,0.0,0.0275396,-0.0,0.034424500000000004,2.1067794,-0.0275396,-0.008686446886338,0.012292796092642,-0.014026617826442,-0.0008623321123500001,0.002035103785146,0.001276251526278,1.7429999999999986,1.9021470006919117,0.3508849995341734,0.08181399971363135,17.94466699993791
pid,05:09:19.056,93,-89.997,-89.981,-0.062,-90.095,28.302,-0.0,0.0,0.0,0.0,0.0,2.202685090094205,0.0,-89.997,-89.981,-0.062,-90.095,30.0,-0.0,-89.997,-89.981,-0.062,-90.09496843892336,29.62120983970976,0.0,0.0,0.0,0.0,0.0007724345882774257,32.28670938482635,0.0,0.0,0.0,0.0,3.1561076639263774e-05,1.3192098397097602,0.0,0.0137698,-0.034424500000000004,0.0068849,-0.0895037,2.1067794,0.0275396,-0.008374358974254,0.01152991452977,-0.013489133088964,-0.000327686202693,0.001327991453019,0.001638431013465,1.6980000000000004,2.5646219992268016,0.3106080002908129,0.13299799957167124,17.0336959999986
pid,05:09:19.077,94,-89.997,-89.981,-0.062,-90.095,28.345,-0.0,0.0,0.0,0.0,0.0,2.125174651803984,0.0,-89.997,-89.981,-0.062,-90.095,30.0,-0.0,-89.997,-89.981,-0.062,-90.09496843892336,29.6443841726861,0.0,0.0,0.0,0.0,0.0007799162797859691,32.10951519474231,0.0,0.0,0.0,0.0,3.1561076639263774e-05,1.2993841726861,0.0,0.0275396,0.0206547,-0.0068849,0.0481943,1.7694193,0.0068849,-0.00814896214886,0.011772649572502,-0.013489133088964,-0.0008623321123500001,0.0028112026862610003,0.001569444444477,1.6550000000000011,1.9448500006546965,0.2830889998222119,0.07781400017847773,17.761668999810354
pid,05:09:19.097,95,-89.997,-89.981,-0.062,-90.095,28.385,-0.0,0.0,0.0,0.0,0.0,1.9777222949159072,0.0,-89.997,-89.981,-0.062,-90.095,30.0,-0.0,-89.997,-89.981,-0.062,-90.09496843892336,29.666017364569665,0.0,0.0,0.0,0.0,0.000780238061561411,31.668707526045882,0.0,0.0,0.0,0.0,3.1561076639263774e-05,1.2810173645696636,0.0,-0.06884900000000001,0.0137698,0.0137698,0.0068849,1.6454911,0.0275396,-0.008911843711731999,0.012015384615234,-0.013385103784935999,-0.00010347985348200002,0.0035873015873760005,0.001500457875489,1.6149999999999984,1.9461100000626175,0.2723870002228068,0.0752949999878183,17.765206000149192
pid,05:09:19.117,96,-89.997,-89.981,-0.062,-90.095,28.422,-0.0,0.0,0.0,0.0,0.0,1.8320494876516498,0.0,-89.997,-89.981,-0.062,-90.095,30.0,-0.0,-89.997,-89.981,-0.062,-90.09496843892336,29.68611082589245,0.0,0.0,0.0,0.0,0.0007813710039230776,31.29612960690843,0.0,0.0,0.0,0.0,3.1561076639263774e-05,1.2641108258924483,0.0,-0.0137698,0.0137698,0.0068849,0.0206547,1.8038438,0.0413094,-0.008825152625042,0.012327472527317999,-0.013575824175654,0.000275946275952,0.0022593101343570004,0.001121031746055,1.5779999999999994,1.9137019999106997,0.33690399959596107,0.12831299954996211,17.671208000137995
pid,05:09:19.137,97,-89.997,-89.981,-0.062,-90.095,28.461,-0.0,0.0,0.0,0.0,0.0,1.9314212036412843,0.0,-89.997,-89.981,-0.062,-90.095,30.0,-0.0,-89.997,-89.981,-0.062,-90.09496843892336,29.70716462989664,0.0,0.0,0.0,0.0,0.0007815093927516566,30.857292171926854,0.0,0.0,0.0,0.0,3.1561076639263774e-05,1.24616462989664,0.0,-0.0275396,-0.0068849,-0.0481943,-0.0275396,2.0103908,-0.0137698,-0.008686446886338,0.012258119657965999,-0.01369719169702,-0.001483211233242,0.001517704517736,0.001121031746055,1.5390000000000015,1.9632200001069577,0.29421899944281904,0.1970529992831871,17.616207999708422
pid,05:09:19.157,98,-89.997,-89.981,-0.062,-90.095,28.497,-0.0,0.0,0.0,0.0,0.0,1.7790482833377208,0.0,-89.997,-89.981,-0.062,-90.095,30.0,-0.0,-89.997,-89.981,-0.062,-90.09496843892336,29.726685330613613,0.0,0.0,0.0,0.0,0.0007798427669288128,30.384299673245046,0.0,0.0,0.0,0.0,3.1561076639263774e-05,1.2296853306136128,0.0,0.0137698,0.0206547,0.0137698,0.0550792,2.0103908,0.034424500000000004,-0.008200976800874,0.012518192918035999,-0.013679853479682,-0.0008623321123500001,0.002380036630086,0.000810592185609,1.5030000000000001,1.916479999636067,0.3349409998918418,0.08210999931179686,17.77370600029826
pid,05:09:19.178,99,-89.997,-89.981,-0.062,-90.095,28.536,-0.0,0.0,0.0,0.0,0.0,1.925102164267882,0.0,-89.997,-89.981,-0.062,-90.095,30.0,-0.0,-89.997,-89.981,-0.062,-90.09496843892336,29.747668264897825,0.0,0.0,0.0,0.0,0.0007789525249828301,29.904938450377166,0.0,0.0,0.0,0.0,3.1561076639263774e-05,1.211668264897824,0.0,-0.0275396,0.0137698,-0.0137698,-0.0,2.0172757,0.0275396,-0.008287667887564,0.011980708180558,-0.014425396825216,-0.000327686202693,0.0017936507936880002,0.000586385836398,1.4639999999999986,1.8977589998030453,0.27709000005415874,0.08329599950229749,17.749151000316488
pid,05:09:19.198,100,-89.997,-89.981,-0.062,-90.096,28.572,-0.0,0.0,0.0,0.0,-0.04948622532675799,1.781504111754673,0.0,-89.997,-89.981,-0.062,-90.095,30.0,-0.0,-89.997,-89.981,-0.062,-90.09546742854118,29.76711109064436,0.0,0.0,0.0,0.0,0.013177475606797467,29.570768360925946,0.0,0.0,0.0,0.0,0.0005325714588195751,1.1951110906443603,0.0,-0.0275396,0.0137698,0.0137698,0.0619641,1.721225,0.0206547,-0.008738461538352,0.012258119657965999,-0.013801221001048,-0.001172771672796,0.002449023199074,0.0009658119658320001,1.428000350140014,2.188106999710726,0.28812699929403607,0.10409200058347778,17.831002000093576
pid,05:09:19.219,101,-89.997,-89.981,-0.062,-90.095,28.608,-0.0,0.0,0.0,0.0,0.048018867276724185,1.7286792219538818,0.0,-89.997,-89.981,-0.062,-90.095,30.0,-0.0,-89.997,-89.981,-0.062,-90.09496742854118,29.786560520919323,0.0,0.0,0.0,0.0,0.0007820222789600808,28.29657061567082,0.0,0.0,0.0,0.0,3.2571458817187704e-05,1.1785605209193228,0.0,-0.0275396,0.0068849,-0.0413094,0.0206547,1.3150159000000001,0.0137698,-0.008825152625042,0.012015384615234,-0.014546764346582,-0.001086538461561,0.004070207570292,0.000379426129434,1.3919999999999995,2.620862000185298,0.3900520005117869,0.1153880002675578,17.15998999952717
pid,05:09:19.239,102,-89.997,-89.981,-0.062,-90.095,28.641,-0.0,0.0,0.0,0.0,0.0,1.6134383065032039,0.0,-89.997,-89.981,-0.062,-90.095,30.0,-0.0,-89.997,-89.981,-0.062,-90.09496742854118,29.804450316854474,0.0,0.0,0.0,0.0,0.0007962430205080744,28.44174710494599,0.0,0.0,0.0,0.0,3.2571458817187704e-05,1.163450316854476,0.0,0.0619641,-0.0481943,0.0206547,0.0206547,1.37698,-0.0,-0.009067887667774,0.012292796092642,-0.01369719169702,-0.0008623321123500001,0.005260225885335,0.000810592185609,1.3590000000000018,1.8999069998244522,0.3168120001646457,0.08773999979894143,23.201613999844994
pid,05:09:19.265,103,-89.997,-89.981,-0.062,-90.095,28.669,-0.0,0.0,0.0,0.0,0.0,1.0760833814380955,0.0,-89.997,-89.981,-0.062,-90.095,30.0,-0.0,-89.997,-89.981,-0.062,-90.09496742854118,29.820181967051983,0.0,0.0,0.0,0.0,0.0006258858132468932,22.120853281352787,0.0,0.0,0.0,0.0,3.2571458817187704e-05,1.1511819670519827,0.0,-0.0275396,-0.0137698,0.0481943,-0.0206547,1.7831891,-0.0,-0.008443711843605999,0.011772649572502,-0.013385103784935999,-0.000793345543362,0.003035409035472,0.001431471306501,1.3309999999999995,3.7364800000432297,0.335571000505297,0.13920200035499875,16.125168000144185
pid,05:09:19.286,104,-89.997,-89.981,-0.062,-90.095,28.695,-0.0,0.0,0.0,0.0,0.0,1.260409657770936,0.0,-89.997,-89.981,-0.062,-90.095,30.0,-0.0,-89.997,-89.981,-0.062,-90.09496742854118,29.83452795800781,0.0,0.0,0.0,0.0,0.0007894881011584029,27.62061622255868,0.0,0.0,0.0,0.0,3.2571458817187704e-05,1.139527958007811,0.0,-0.034424500000000004,0.0,-0.0206547,-0.034424500000000004,1.7349948,-0.0206547,-0.008443711843605999,0.011842002441854,-0.013922588522413999,-0.001172771672796,0.0036562881563640005,0.000275946275952,1.3049999999999997,2.934321000793716,0.29040400022495305,0.11760999950638507,16.728327999771864
pid,05:09:19.306,105,-89.997,-89.981,-0.062,-90.096,28.729,-0.0,0.0,0.0,0.0,-0.049373796351030334,1.6787090759269625,0.0,-89.997,-89.981,-0.062,-90.095,30.0,-0.0,-89.997,-89.981,-0.062,-90.09546641585827,29.85281507799244,0.0,0.0,0.0,0.0,0.013172537374989322,27.743508398375525,0.0,0.0,0.0,0.0,0.0005335841417348774,1.1238150779924396,0.0,-0.0068849,0.0,0.0137698,0.0275396,1.8864626,-0.0068849,-0.00806227106217,0.012518192918035999,-0.013801221001048,0.00012072649572900001,0.002690476190532,0.000724358974374,1.2710003933909706,2.1274959999573184,0.3320890000395593,0.12109100043744547,17.47232100024121
pid,05:09:19.326,106,-89.997,-89.981,-0.062,-90.095,28.766,-0.0,0.0,0.0,0.0,0.04944305737313043,1.8293931227970428,0.0,-89.997,-89.981,-0.062,-90.095,30.0,-0.0,-89.997,-89.981,-0.062,-90.09496641585827,29.872562978168485,0.0,0.0,0.0,0.0,0.0008302513232230708,27.355928408152703,0.0,0.0,0.0,0.0,3.3584141732490025e-05,1.106562978168487,0.0,0.0550792,-0.0137698,0.0137698,0.0275396,1.6454911,0.0068849,-0.007992918192818,0.011217826617686,-0.013922588522413999,-0.00041391941392800006,0.0019488705739110002,0.001500457875489,1.2340000000000018,2.4889559999792255,0.28349700005492195,0.1000359998215572,17.224267000528926
pid,05:09:19.347,107,-89.997,-89.981,-0.062,-90.095,28.802,-0.0,0.0,0.0,0.0,0.0,1.776975556941684,0.0,-89.997,-89.981,-0.062,-90.095,30.0,-0.0,-89.997,-89.981,-0.062,-90.09496641585827,29.891776500769616,0.0,0.0,0.0,0.0,0.0008288638744111225,26.895919505513522,0.0,0.0,0.0,0.0,3.3584141732490025e-05,1.0897765007696165,0.0,0.0206547,-0.034424500000000004,-0.0413094,-0.0481943,1.9346569,-0.0068849,-0.008911843711731999,0.012518192918035999,-0.013922588522413999,-0.001172771672796,0.003069902319966,0.000586385836398,1.1980000000000004,2.0605899999281974,0.312978000692965,0.09522099935566075,17.58933800010709
pid,05:09:19.367,108,-89.997,-89.981,-0.062,-90.095,28.835,-0.0,0.0,0.0,0.0,0.0,1.632044146258124,0.0,-89.997,-89.981,-0.062,-90.095,30.0,-0.0,-89.997,-89.981,-0.062,-90.09496641585827,29.909454318173886,0.0,0.0,0.0,0.0,0.0008304666957555957,26.56904364238464,0.0,0.0,0.0,0.0,3.3584141732490025e-05,1.0744543181738848,0.0,0.0137698,-0.0481943,0.0137698,0.0206547,1.5491025,-0.0,-0.008287667887564,0.01283028083012,-0.013055677655513999,-0.002173076923122,0.002966422466484,0.00051739926741,1.1649999999999991,2.006572000027518,0.27649700041365577,0.09009199948195601,17.680356000710162
pid,05:09:19.387,109,-89.997,-89.981,-0.062,-90.095,28.871,-0.0,0.0,0.0,0.0,0.0,1.78053776399409,0.0,-89.997,-89.981,-0.062,-90.095,30.0,-0.0,-89.997,-89.981,-0.062,-90.09496641585827,29.928595658751487,0.0,0.0,0.0,0.0,0.000830525453112936,26.154014020046475,0.0,0.0,0.0,0.0,3.3584141732490025e-05,1.057595658751488,0.0,0.0137698,-0.0826188,-0.0,0.0068849,1.3563253,0.034424500000000004,-0.008911843711731999,0.012084737484586,-0.013922588522413999,-0.001483211233242,0.0035355616606350003,0.001345238095266,1.1290000000000013,2.0021270001961966,0.2741640000749612,0.1013510000120732,17.617115000575723
pid,05:09:19.407,110,-89.997,-89.981,-0.062,-90.095,28.904,-0.0,0.0,0.0,0.0,0.0,1.6317170678801929,0.0,-89.997,-89.981,-0.062,-90.095,30.0,-0.0,-89.997,-89.981,-0.062,-90.09496641585827,29.946203939124107,0.0,0.0,0.0,0.0,0.0008303002617161756,25.766393267889562,0.0,0.0,0.0,0.0,3.3584141732490025e-05,1.0422039391241071,0.0,-0.0068849,-0.0068849,-0.0,-0.06884900000000001,1.7281099,-0.0,-0.008599755799648,0.012015384615234,-0.013922588522413999,-0.0008623321123500001,0.0022593101343570004,0.001569444444477,1.096,2.5532330000714865,0.2857000008589239,0.10718399971665349,17.10776900017663
pid,05:09:19.428,111,-89.997,-89.981,-0.062,-90.095,28.936,-0.0,0.0,0.0,0.0,0.0,1.550073081720332,0.0,-89.997,-89.981,-0.062,-90.095,30.0,-0.0,-89.997,-89.981,-0.062,-90.09496641585827,29.963302209921835,0.0,0.0,0.0,0.0,0.0008134042823524774,24.881148474869494,0.0,0.0,0.0,0.0,3.3584141732490025e-05,1.0273022099218352,0.0,0.034424500000000004,0.0137698,0.0137698,0.0206547,1.9002324000000002,0.0206547,-0.008686446886338,0.012552869352712,-0.013887912087738,-0.001086538461561,0.002690476190532,0.001500457875489,1.064,1.925646999552555,0.27936799961025827,0.09642500026529888,17.764465999789536
pid,05:09:19.448,112,-89.997,-89.981,-0.062,-90.095,28.965,-0.0,0.0,0.0,0.0,0.0,1.4332742119837347,0.0,-89.997,-89.981,-0.062,-90.095,30.0,-0.0,-89.997,-89.981,-0.062,-90.09496641585827,29.978849287994862,0.0,0.0,0.0,0.0,0.0008299186944009464,25.053862746915687,0.0,0.0,0.0,0.0,3.3584141732490025e-05,1.0138492879948622,0.0,0.034424500000000004,-0.0068849,0.0206547,0.0550792,1.6868005000000001,0.0137698,-0.00814896214886,0.012795604395443999,-0.01369719169702,-0.0008623321123500001,0.0022248168498630004,0.000586385836398,1.0350000000000001,1.9157759998051915,0.28755299990734784,0.08587000047555193,17.771539999557717
pid,05:09:19.468,113,-89.997,-89.981,-0.062,-90.095,28.998,-0.0,0.0,0.0,0.0,0.0,1.632660179058061,0.0,-89.997,-89.981,-0.062,-90.095,30.0,-0.0,-89.997,-89.981,-0.062,-90.09496641585827,29.996361929830076,0.0,0.0,0.0,0.0,0.0008307801644353576,24.696754047288753,0.0,0.0,0.0,0.0,3.3584141732490025e-05,0.9983619298300752,0.0,0.0413094,-0.034424500000000004,0.0275396,-0.0206547,1.6386062000000001,-0.0068849,-0.008374358974254,0.012327472527317999,-0.014113308913132,0.00020695970696400003,0.00241452991458,5.173992674100001e-05,1.001999999999999,2.0128679998379084,0.27870099984284025,0.09277699973608833,17.677189000096405
pid,05:09:19.488,114,-89.997,-89.981,-0.062,-90.095,29.033,-0.0,0.0,0.0,0.0,0.0,1.7309763229884043,0.0,-89.997,-89.981,-0.062,-90.095,30.0,-0.0,-89.997,-89.981,-0.062,-90.09496641585827,30.014839557298185,0.0,0.0,0.0,0.0,0.0008304764880711291,24.2791575236652,0.0,0.0,0.0,0.0,3.3584141732490025e-05,0.9818395572981835,0.0,0.0137698,0.0275396,-0.0206547,-0.0068849,1.7418797000000001,-0.034424500000000004,-0.008426373626268,0.012518192918035999,-0.013281074480908,-0.001172771672796,0.002017857142899,0.000655372405386,0.9669999999999987,1.921406000292336,0.3402380007173633,0.10651800039340742,17.6811519995681
pid,05:09:19.509,115,-89.997,-89.981,-0.062,-90.095,29.069,-0.0,0.0,0.0,0.0,0.0,1.7824715090128889,0.0,-89.997,-89.981,-0.062,-90.095,30.0,-0.0,-89.997,-89.981,-0.062,-90.09496641585827,30.033779712577818,0.0,0.0,0.0,0.0,0.0008314274415404885,23.88461597421823,0.0,0.0,0.0,0.0,3.3584141732490025e-05,0.964779712577819,0.0,0.0,0.1101584,0.0068849,0.034424500000000004,1.5077931,0.034424500000000004,-0.009449328449209999,0.012015384615234,-0.014113308913132,-0.001483211233242,0.00293192918199,0.001052045177067,0.9310000000000009,1.9462949994704104,0.29945899950689636,0.11686999914672924,17.711189000692684
pid,05:09:19.529,116,-89.997,-89.981,-0.062,-90.095,29.102,-0.0,0.0,0.0,0.0,0.0,1.630141235219358,0.0,-89.997,-89.981,-0.062,-90.095,30.0,-0.0,-89.997,-89.981,-0.062,-90.09496641585827,30.051188652225495,0.0,0.0,0.0,0.0,0.0008294983982703198,23.44411457568191,0.0,0.0,0.0,0.0,3.3584141732490025e-05,0.9491886522254944,0.0,0.034424500000000004,-0.0275396,-0.034424500000000004,0.034424500000000004,1.1084689,-0.0275396,-0.008287667887564,0.013298412698246,-0.013593162392991999,-0.000638125763139,0.0033975885226590003,0.001414224664254,0.8979999999999997,1.9689620003191521,0.31066300016391324,0.1197949995912495,17.6521520006645
pid,05:09:19.549,117,-89.997,-89.981,-0.062,-90.095,29.132,-0.0,0.0,0.0,0.0,0.0,1.4836764965982947,0.0,-89.997,-89.981,-0.062,-90.095,30.0,-0.0,-89.997,-89.981,-0.062,-90.09496641585827,30.067066202016832,0.0,0.0,0.0,0.0,0.0008304666957555957,23.122262444929174,0.0,0.0,0.0,0.0,3.3584141732490025e-05,0.9350662020168308,0.0,0.034424500000000004,-0.0137698,-0.034424500000000004,0.0137698,1.3425555,-0.0137698,-0.008825152625042,0.012292796092642,-0.013055677655513999,-0.001172771672796,0.0034148351649060005,0.001190018315043,0.8679999999999986,1.9546459998309729,0.27518200022313977,0.08283199986180989,17.748836999999185
pid,05:09:19.569,118,-89.997,-89.981,-0.062,-90.095,29.158,-0.0,0.0,0.0,0.0,0.0,1.2862624613715077,0.0,-89.997,-89.981,-0.062,-90.095,30.0,-0.0,-89.997,-89.981,-0.062,-90.09496641585827,30.08091719474411,0.0,0.0,0.0,0.0,0.0008307311693559519,22.82911043372412,0.0,0.0,0.0,0.0,3.3584141732490025e-05,0.9229171947441088,0.0,0.0,-0.0550792,-0.0619641,-0.0137698,1.0533897,-0.0,-0.00797557997548,0.011807326007178,-0.013801221001048,-0.00155219780223,0.005277472527582001,0.001276251526278,0.8419999999999987,1.8865730007746606,0.27103399952466134,0.09047999992617406,17.77298399974825
pid,05:09:19.590,119,-89.997,-89.981,-0.062,-90.095,29.183,-0.0,0.0,0.0,0.0,0.0,1.237403823459925,0.0,-89.997,-89.981,-0.062,-90.095,30.0,-0.0,-89.997,-89.981,-0.062,-90.09496641585827,30.094242511411668,0.0,0.0,0.0,0.0,0.0008311429077216936,22.5514993544017,0.0,0.0,0.0,0.0,3.3584141732490025e-05,0.9112425114116682,0.0,0.0068849,0.034424500000000004,0.0275396,-0.0275396,1.2599367000000001,-0.0137698,-0.008374358974254,0.012587545787387999,-0.013281074480908,-0.000793345543362,0.003983974359057001,0.000810592185609,0.8170000000000002,1.8955180003104033,0.33770000027288916,0.08849900041241199,17.735170000378275
pid,05:09:19.610,120,-89.997,-89.981,-0.062,-90.095,29.204,-0.0,0.0,0.0,0.0,0.0,1.0389165496986748,0.0,-89.997,-89.981,-0.062,-90.095,30.0,-0.0,-89.997,-89.981,-0.062,-90.09496641585827,30.105547003360748,0.0,0.0,0.0,0.0,0.0008307409679095117,22.300764336254577,0.0,0.0,0.0,0.0,3.3584141732490025e-05,0.9015470033607471,0.0,0.0206547,-0.034424500000000004,-0.0,-0.0068849,1.3425555,0.0068849,-0.008651770451661999,0.011200488400348,-0.01421733821716,-0.000724358974374,0.0038632478633280004,0.000724358974374,0.7959999999999994,1.9550720007828204,0.2727940000113449,0.09051699998963159,17.74144699993485
pid,05:09:19.630,121,-89.997,-89.981,-0.062,-90.095,29.228,-0.0,0.0,0.0,0.0,0.0,1.164868728013375,0.0,-89.997,-89.981,-0.062,-90.095,30.0,-0.0,-89.997,-89.981,-0.062,-90.09496641585827,30.11834228610611,0.0,0.0,0.0,0.0,0.0008150232595854508,21.6069142981855,0.0,0.0,0.0,0.0,3.3584141732490025e-05,0.8903422861061081,0.0,-0.0275396,-0.0413094,-0.0206547,0.0413094,1.37698,0.0137698,-0.00875579975569,0.011946031745882,-0.013385103784935999,-0.0009485653235850001,0.004449633699726001,0.001276251526278,0.7719999999999985,1.932461000251351,0.3138669999316335,0.08368399994651554,17.734429000483942
pid,05:09:19.651,122,-89.997,-89.981,-0.062,-90.095,29.252,-0.0,0.0,0.0,0.0,0.0,1.1870951673387216,0.0,-89.997,-89.981,-0.062,-90.095,30.0,-0.0,-89.997,-89.981,-0.062,-90.09496641585827,30.13109841756439,0.0,0.0,0.0,0.0,0.0008305744239290586,21.74111423137339,0.0,0.0,0.0,0.0,3.3584141732490025e-05,0.8790984175643928,0.0,0.0413094,0.0,0.0481943,0.0550792,1.6868005000000001,-0.0068849,-0.008963858363746,0.01170329670315,-0.013922588522413999,-0.000793345543362,0.002190323565369,0.0008795787545970001,0.7480000000000011,2.0501830003922805,0.2747369999269722,0.08668400005262811,17.651726000622148
pid,05:09:19.671,123,-89.997,-89.981,-0.062,-90.095,29.281,-0.0,0.0,0.0,0.0,0.0,1.4344574090453404,0.0,-89.997,-89.981,-0.062,-90.095,30.0,-0.0,-89.997,-89.981,-0.062,-90.09496641585827,30.146325208052158,0.0,0.0,0.0,0.0,0.0008306038091908287,21.401244067657302,0.0,0.0,0.0,0.0,3.3584141732490025e-05,0.865325208052159,0.0,0.0619641,0.0068849,-0.0619641,-0.0137698,1.7969589000000001,0.034424500000000004,-0.008825152625042,0.012050061049909999,-0.011685958485812,-0.0008623321123500001,0.002104090354134,0.000724358974374,0.7190000000000012,2.0094789997529006,0.2725160002228222,0.08586999956605723,18.221127000288107
pid,05:09:19.692,124,-89.997,-89.981,-0.062,-90.095,29.311,-0.0,0.0,0.0,0.0,0.0,1.4329702767339114,0.0,-89.997,-89.981,-0.062,-90.095,30.0,-0.0,-89.997,-89.981,-0.062,-90.09496641585827,30.162046437247753,0.0,0.0,0.0,0.0,0.0008020846145124281,20.325404144937934,0.0,0.0,0.0,0.0,3.3584141732490025e-05,0.8510464372477529,0.0,-0.0550792,-0.0068849,-0.0,-0.0275396,1.3976347,0.0137698,-0.008599755799648,0.012015384615234,-0.012968986568824,-0.000258699633705,0.0027077228327790004,0.001190018315043,0.6890000000000001,2.1042380003564176,0.3054039998460212,0.12405500001477776,17.638282000007166
pid,05:09:19.712,125,-89.997,-89.981,-0.062,-90.095,29.343,-0.0,0.0,0.0,0.0,0.0,1.5726674165729297,0.0,-89.997,-89.981,-0.062,-90.095,30.0,-0.0,-89.997,-89.981,-0.062,-90.09496641585827,30.17871485575056,0.0,0.0,0.0,0.0,0.0008252607096027408,20.535961299763308,0.0,0.0,0.0,0.0,3.3584141732490025e-05,0.8357148557505596,0.0,-0.0137698,0.0068849,0.0275396,0.0619641,1.2943612,-0.0275396,-0.009449328449209999,0.011547252747108,-0.014113308913132,-0.001327991453019,0.002552503052556,0.001052045177067,0.657,2.2647910000159754,0.31784799921297235,0.12553599935927195,17.338544999802252
pid,05:09:19.732,126,-89.997,-89.981,-0.062,-90.095,29.375,-0.0,0.0,0.0,0.0,0.0,1.5837460677074129,0.0,-89.997,-89.981,-0.062,-90.095,30.0,-0.0,-89.997,-89.981,-0.062,-90.09496641585827,30.19534627010441,0.0,0.0,0.0,0.0,0.0008310742563198263,20.300315303692166,0.0,0.0,0.0,0.0,3.3584141732490025e-05,0.8203462701044089,0.0,-0.0413094,-0.0068849,0.034424500000000004,0.0137698,1.0671595,0.0068849,-0.008200976800874,0.012327472527317999,-0.013489133088964,-0.000638125763139,0.0038632478633280004,0.001431471306501,0.625,1.921590999700129,0.29023800016148016,0.11433300005592173,17.737502999807475
pid,05:09:19.753,127,-89.997,-89.981,-0.062,-90.095,29.404,-0.0,0.0,0.0,0.0,0.0,1.4342037023935814,0.0,-89.997,-89.981,-0.062,-90.095,30.0,-0.0,-89.997,-89.981,-0.062,-90.09496641585827,30.210448834439276,0.0,0.0,0.0,0.0,0.0008304569036709858,19.941584554203512,0.0,0.0,0.0,0.0,3.3584141732490025e-05,0.8064488344392764,0.0,0.0275396,-0.0206547,-0.034424500000000004,-0.0275396,0.963886,0.0275396,-0.008530402930296,0.012587545787387999,-0.01421733821716,-0.002017857142899,0.005191239316347,0.000655372405386,0.5960000000000001,1.919201999953657,0.2697199997783173,0.07611000000906643,17.815520000112883
pid,05:09:19.773,128,-89.997,-89.981,-0.062,-90.095,29.425,-0.0,0.0,0.0,0.0,0.0,1.0382430100429456,0.0,-89.997,-89.981,-0.062,-90.095,30.0,-0.0,-89.997,-89.981,-0.062,-90.09496641585827,30.22153034569836,0.0,0.0,0.0,0.0,0.0008302023904985656,19.69028723115186,0.0,0.0,0.0,0.0,3.3584141732490025e-05,0.7965303456983577,0.0,-0.0137698,0.0,-0.0,-0.0275396,1.1222387,-0.0206547,-0.007524786324692,0.012015384615234,-0.013281074480908,-3.4493284494e-05,0.004380647130738,0.001190018315043,0.5749999999999993,1.9096839996564086,0.26838599933398655,0.07394299973384477,17.81437299996469
pid,05:09:19.793,129,-89.997,-89.981,-0.062,-90.095,29.447,-0.0,0.0,0.0,0.0,0.0,1.0883759288527466,0.0,-89.997,-89.981,-0.062,-90.095,30.0,-0.0,-89.997,-89.981,-0.062,-90.09496641585827,30.23308925184822,0.0,0.0,0.0,0.0,0.0008307311693559519,19.444559537307455,0.0,0.0,0.0,0.0,3.3584141732490025e-05,0.786089251848221,0.0,0.0,-0.034424500000000004,-0.0206547,-0.0413094,1.1842028,0.0137698,-0.008513064712957999,0.011460561660417999,-0.014321367521187999,-0.000569139194151,0.00413919413928,0.001345238095266,0.5530000000000008,1.9772199993894901,0.2779040005407296,0.08707399956620065,17.713262000143004
pid,05:09:19.813,130,-89.997,-89.981,-0.062,-90.096,29.467,-0.0,0.0,0.0,0.0,-0.04943722964156513,0.9887445928265605,0.0,-89.997,-89.981,-0.062,-90.095,30.0,-0.0,-89.997,-89.981,-0.062,-90.09546540447474,30.243628319271565,0.0,0.0,0.0,0.0,0.013214460873933041,19.1971762828939,0.0,0.0,0.0,0.0,0.000534595525266468,0.7766283192715662,0.0,0.0275396,-0.0275396,0.0068849,0.0550792,1.4045196,0.0481943,-0.008807814407704,0.01170329670315,-0.013385103784935999,-0.000327686202693,0.002380036630086,0.0008968253968440001,0.5330009380854797,1.935276999574853,0.2692749994821497,0.08240699935413431,17.820428000050015
pid,05:09:19.834,131,-89.997,-89.981,-0.062,-90.096,29.492,-0.0,0.0,0.0,0.0,0.0,1.2244284079498464,0.0,-89.997,-89.981,-0.062,-90.095,30.0,-0.0,-89.997,-89.981,-0.062,-90.09546438359023,30.256646928604603,0.0,0.0,0.0,0.0,0.013116478958001861,18.725108428699865,0.0,0.0,0.0,0.0,0.0005356164097776173,0.764646928604602,0.0,-0.0413094,0.0550792,0.0068849,0.0137698,1.1428934,-0.0,-0.008911843711731999,0.012084737484586,-0.013489133088964,-0.0017074175824530002,0.0027422161172730003,0.0009830586080790001,0.5080009842510141,1.8870920002882485,0.38103299993963446,0.08588800028519472,18.055963000733755
pid,05:09:19.854,132,-89.997,-89.981,-0.062,-90.096,29.515,-0.0,0.0,0.0,0.0,0.0,1.1184032647004114,0.0,-89.997,-89.981,-0.062,-90.095,30.0,-0.0,-89.997,-89.981,-0.062,-90.09546335533858,30.268645630653857,0.0,0.0,0.0,0.0,0.013047503072312346,18.323472472836663,0.0,0.0,0.0,0.0,0.0005366446614232245,0.7536456306538568,0.0,0.0481943,0.034424500000000004,0.0068849,0.0481943,1.4733686000000001,-0.0137698,-0.008443711843605999,0.012015384615234,-0.013922588522413999,-0.001259004884031,0.0023282967033450004,0.001259004884031,0.4850010309267388,2.0234060002621845,0.2760720008154749,0.09005500032799318,17.89396399999532
pid,05:09:19.875,133,-89.997,-89.981,-0.062,-90.095,29.543,-0.0,0.0,0.0,0.0,0.048918871005598635,1.3697283881501576,0.0,-89.997,-89.981,-0.062,-90.095,30.0,-0.0,-89.997,-89.981,-0.062,-90.09496335533858,30.283112730558873,0.0,0.0,0.0,0.0,0.0008963077326844759,18.102739597818996,0.0,0.0,0.0,0.0,3.664466142083711e-05,0.7401127305588737,0.0,-0.0963886,-0.0068849,-0.0068849,-0.0,1.3632102000000001,0.034424500000000004,-0.009813431013308,0.012050061049909999,-0.01421733821716,-0.002017857142899,0.0018453907204290002,0.000724358974374,0.45700000000000074,3.2692439999664202,0.3215890001229127,0.13853600012225797,16.323814000315906
pid,05:09:19.895,134,-89.997,-89.981,-0.062,-90.095,29.598,-0.0,0.0,0.0,0.0,0.0,2.717606201258144,0.0,-89.997,-89.981,-0.062,-90.095,30.0,-0.0,-89.997,-89.981,-0.062,-90.09496335533858,30.311019522388936,0.0,0.0,0.0,0.0,0.0009053250830568877,17.61551159693001,0.0,0.0,0.0,0.0,3.664466142083711e-05,0.7130195223889366,0.0,0.0137698,0.0137698,-0.0206547,-0.0137698,1.1635481,0.0068849,-0.008530402930296,0.011980708180558,-0.013801221001048,-0.001483211233242,0.00224206349211,0.00020695970696400003,0.402000000000001,3.69112899988977,0.31744100033392897,0.13288799982547062,15.914392000013322
pid,05:09:19.915,135,-89.997,-89.981,-0.062,-90.095,29.625,-0.0,0.0,0.0,0.0,0.0,1.3348524010467513,0.0,-89.997,-89.981,-0.062,-90.095,30.0,-0.0,-89.997,-89.981,-0.062,-90.09496335533858,30.324898777802943,0.0,0.0,0.0,0.0,0.000905837301685176,17.30114007481317,0.0,0.0,0.0,0.0,3.664466142083711e-05,0.6998987778029431,0.0,0.0413094,0.0137698,0.0206547,0.0068849,1.3425555,-0.0,-0.00875579975569,0.012518192918035999,-0.013801221001048,-0.001086538461561,0.002483516483568,0.001052045177067,0.375,1.9605170000431826,0.2826079999067588,0.09546199999022065,17.716707000545284
pid,05:09:19.935,136,-89.997,-89.981,-0.062,-90.096,29.648,-0.0,0.0,0.0,0.0,-0.0495060845345423,1.1386399442890205,0.0,-89.997,-89.981,-0.062,-90.095,30.0,-0.0,-89.997,-89.981,-0.062,-90.09546234536171,30.336754289659023,0.0,0.0,0.0,0.0,0.013308587986796785,17.048764043612714,0.0,0.0,0.0,0.0,0.0005376546382933611,0.6887542896590233,0.0,0.0275396,-0.0275396,-0.0137698,-0.0137698,0.7779937,-0.0275396,-0.008443711843605999,0.01152991452977,-0.013922588522413999,-0.00155219780223,0.004001221001304,0.000586385836398,0.35200142045167976,1.9650730000648764,0.3347000001667766,0.12868400062870933,17.61665300000459
pid,05:09:19.955,137,-89.997,-89.981,-0.062,-90.096,29.669,-0.0,0.0,0.0,0.0,0.0,1.0402416827088132,0.0,-89.997,-89.981,-0.062,-90.095,30.0,-0.0,-89.997,-89.981,-0.062,-90.0954613359809,30.347588394709586,0.0,0.0,0.0,0.0,0.013341446801287234,16.807046037603474,0.0,0.0,0.0,0.0,0.0005386640191034076,0.6785883947095854,0.0,-0.0413094,0.0,-0.0206547,-0.0,0.8468427000000001,-0.0275396,-0.008981196581083999,0.011737973137826,-0.013922588522413999,-0.0017074175824530002,0.004415140415232,0.001327991453019,0.3310015105705708,2.005719999942812,0.29145999997126637,0.1164619998235139,17.671669999799633
pid,05:09:19.976,138,-89.997,-89.981,-0.062,-90.096,29.684,-0.0,0.0,0.0,0.0,0.0,0.7409383832674108,0.0,-89.997,-89.981,-0.062,-90.095,30.0,-0.0,-89.997,-89.981,-0.062,-90.09546032375097,30.35540825936413,0.0,0.0,0.0,0.0,0.013328894914798899,16.582405006854138,0.0,0.0,0.0,0.0,0.000539676249033505,0.671408259364128,0.0,-0.0137698,0.0068849,-0.0481943,0.0206547,0.7917635000000001,0.0413094,-0.009431990231872,0.012015384615234,-0.013489133088964,-0.0023282967033450004,0.0047428266179250006,0.0009830586080790001,0.3160015822745186,1.915666000058991,0.2732379998633405,0.07412899958580965,17.810371999985364
pid,05:09:19.996,139,-89.997,-89.981,-0.062,-90.095,29.702,-0.0,0.0,0.0,0.0,0.049453550753068835,0.8901639135510224,0.0,-89.997,-89.981,-0.062,-90.095,30.0,-0.0,-89.997,-89.981,-0.062,-90.09496032375097,30.364709552188874,0.0,0.0,0.0,0.0,0.0009810656974803076,16.386670236779715,0.0,0.0,0.0,0.0,3.967624903111755e-05,0.662709552188872,0.0,-0.0068849,-0.0619641,0.0068849,0.13769800000000001,0.5783316000000001,-0.0068849,-0.008305006104902,0.012292796092642,-0.013385103784935999,-0.001483211233242,0.0038977411478220004,0.001414224664254,0.29799999999999827,1.9015360003322712,0.2747939997789217,0.07796199952281313,17.81624299928808
pid,05:09:20.016,140,-89.997,-89.981,-0.062,-90.095,29.715,-0.0,0.0,0.0,0.0,0.0,0.642918901072894,0.0,-89.997,-89.981,-0.062,-90.095,30.0,-0.0,-89.997,-89.981,-0.062,-90.09496032375097,30.371497691174508,0.0,0.0,0.0,0.0,0.0009811004009008055,16.233645160264118,0.0,0.0,0.0,0.0,3.967624903111755e-05,0.6564976911745077,0.0,-0.0550792,0.0206547,-0.0275396,-0.034424500000000004,0.9088068,0.0137698,-0.00806227106217,0.01248351648336,-0.013801221001048,-0.001017551892573,0.00448412698422,0.001052045177067,0.28500000000000014,1.912351000100898,0.2752370000962401,0.07798100068612257,17.800132000047597
pid,05:09:20.037,141,-89.997,-89.981,-0.062,-90.095,29.729,-0.0,0.0,0.0,0.0,0.0,0.6882839393299723,0.0,-89.997,-89.981,-0.062,-90.095,30.0,-0.0,-89.997,-89.981,-0.062,-90.09496032375097,30.378773304172515,0.0,0.0,0.0,0.0,0.0009753044635159215,15.972447480976165,0.0,0.0,0.0,0.0,3.967624903111755e-05,0.6497733041725162,0.0,0.0206547,0.034424500000000004,0.0068849,0.0068849,0.9156917,0.0413094,-0.008443711843605999,0.012015384615234,-0.013679853479682,-0.00048290598291600006,0.0032596153846830003,0.00043116605617500006,0.2710000000000008,1.9063689996983157,0.2723679999689921,0.12485099978221115,17.757984999661858
pid,05:09:20.057,142,-89.997,-89.981,-0.062,-90.095,29.748,-0.0,0.0,0.0,0.0,0.0,0.9398834282749884,0.0,-89.997,-89.981,-0.062,-90.095,30.0,-0.0,-89.997,-89.981,-0.062,-90.09496032375097,30.3885280166111,0.0,0.0,0.0,0.0,0.000981343393605271,15.842675477856778,0.0,0.0,0.0,0.0,3.967624903111755e-05,0.6405280166110998,0.0,0.034424500000000004,-0.0550792,-0.0137698,-0.0275396,1.1015840000000001,-0.0068849,-0.008218315018212,0.012258119657965999,-0.013679853479682,-0.001483211233242,0.004449633699726001,0.001276251526278,0.2519999999999989,1.9070360003752285,0.26942299973597983,0.07679600003029918,17.809835999287316
pid,05:09:20.077,143,-89.997,-89.981,-0.062,-90.095,29.767,-0.0,0.0,0.0,0.0,0.0,0.9400275549683057,0.0,-89.997,-89.981,-0.062,-90.095,30.0,-0.0,-89.997,-89.981,-0.062,-90.09496032375097,30.39826348843193,0.0,0.0,0.0,0.0,0.000981493877989022,15.615922988723225,0.0,0.0,0.0,0.0,3.967624903111755e-05,0.6312634884319301,0.0,0.0137698,0.0206547,-0.0137698,-0.0413094,1.2323971,0.0275396,-0.008894505494394,0.012258119657965999,-0.013055677655513999,-0.0023282967033450004,0.003069902319966,0.000810592185609,0.23300000000000054,1.90866599950823,0.2697379995879601,0.077146999501565,17.81374300026073
pid,05:09:20.097,144,-89.997,-89.981,-0.062,-90.095,29.792,-0.0,0.0,0.0,0.0,0.0,1.2361784400642382,0.0,-89.997,-89.981,-0.062,-90.095,30.0,-0.0,-89.997,-89.981,-0.062,-90.09496032375097,30.41097381405449,0.0,0.0,0.0,0.0,0.000980938472606778,15.303241677968476,0.0,0.0,0.0,0.0,3.967624903111755e-05,0.6189738140544883,0.0,-0.0413094,-0.0275396,0.034424500000000004,-0.0,1.3150159000000001,0.0413094,-0.008738461538352,0.011772649572502,-0.014026617826442,-0.000327686202693,0.0018626373626760002,0.000586385836398,0.2079999999999984,1.9734609995794017,0.5770679999841377,0.2236460004496621,17.264377999708813
pid,05:09:20.117,145,-89.997,-89.981,-0.062,-90.096,29.814,-0.0,0.0,0.0,0.0,-0.04945704953624143,1.0880550897920402,0.0,-89.997,-89.981,-0.062,-90.095,30.0,-0.0,-89.997,-89.981,-0.062,-90.09545931277275,30.42216185600376,0.0,0.0,0.0,0.0,0.013370397490837009,15.03894551914346,0.0,0.0,0.0,0.0,0.0005406872272573082,0.6081618560037612,0.0,-0.0963886,0.0068849,-0.034424500000000004,-0.0,1.1360085,-0.0275396,-0.008287667887564,0.012327472527317999,-0.013593162392991999,-0.001483211233242,0.002052350427393,0.000655372405386,0.1860026881526178,1.9184059992767288,0.3433659994698246,0.089090999608743,17.708577999655972
pid,05:09:20.138,146,-89.997,-89.981,-0.062,-90.096,29.841,-0.0,0.0,0.0,0.0,0.0,1.3360492673604243,0.0,-89.997,-89.981,-0.062,-90.095,30.0,-0.0,-89.997,-89.981,-0.062,-90.09545830233097,30.435822516246795,0.0,0.0,0.0,0.0,0.013402495811866455,14.71689235261082,0.0,0.0,0.0,0.0,0.0005416976690355568,0.5948225162467935,0.0,-0.034424500000000004,-0.0895037,-0.0137698,0.0206547,1.5215629,0.0137698,-0.008894505494394,0.012084737484586,-0.013159706959542,-0.001172771672796,0.000500152625163,0.00044841269842200006,0.15900314462299062,1.897368999379978,0.372423000044364,0.08751799941819627,17.702410999845597
pid,05:09:20.158,147,-89.997,-89.981,-0.062,-90.096,29.867,-0.0,0.0,0.0,0.0,0.0,1.286383844103135,0.0,-89.997,-89.981,-0.062,-90.095,30.0,-0.0,-89.997,-89.981,-0.062,-90.09545729174614,30.44895692402935,0.0,0.0,0.0,0.0,0.013425598650593748,14.396538173756088,0.0,0.0,0.0,0.0,0.000542708253860269,0.581956924029349,0.0,-0.0481943,-0.0275396,-0.0137698,0.0137698,1.1291236,0.0137698,-0.008738461538352,0.012015384615234,-0.013055677655513999,-0.001259004884031,0.001086538461561,0.001121031746055,0.133003759345365,1.9570350004869397,0.28679300066869473,0.10185100018134108,17.70457800012082
pid,05:09:20.178,148,-89.997,-89.981,-0.062,-90.095,29.892,-0.0,0.0,0.0,0.0,0.04953590325042549,1.2383975812546537,0.0,-89.997,-89.981,-0.062,-90.095,30.0,-0.0,-89.997,-89.981,-0.062,-90.09495729174614,30.46156593587017,0.0,0.0,0.0,0.0,0.0010577959656135167,14.106981546934051,0.0,0.0,0.0,0.0,4.270825385788157e-05,0.5695659358701697,0.0,0.0550792,-0.0757339,-0.0206547,0.0413094,1.1773179,0.0137698,-0.008305006104902,0.012344810744656,-0.015101587301398,-0.001396978022007,0.001190018315043,0.001569444444477,0.10800000000000054,2.0403680000526947,0.29870100024709245,0.12516500009951415,17.593597000086447
pid,05:09:20.198,149,-89.997,-89.981,-0.062,-90.096,29.916,-0.0,0.0,0.0,0.0,-0.04941451460909551,1.1859483506126745,0.0,-89.997,-89.981,-0.062,-90.095,30.0,-0.0,-89.997,-89.981,-0.062,-90.09545627989769,30.473650931139947,0.0,0.0,0.0,0.0,0.013433832469432666,13.77802504172949,0.0,0.0,0.0,0.0,0.0005437201023141824,0.5576509311399462,0.0,-0.0275396,-0.0413094,0.0068849,-0.0068849,0.8193031000000001,0.0413094,-0.00814896214886,0.011789987789839999,-0.014546764346582,-0.0008795787545970001,0.0023282967033450004,0.00020695970696400003,0.08400595217006916,2.182403000006161,0.28227500024513574,0.11164700026711216,17.470191000029445
pid,05:09:20.218,150,-89.997,-89.981,-0.062,-90.096,29.933,-0.0,0.0,0.0,0.0,0.0,0.8410574441482193,0.0,-89.997,-89.981,-0.062,-90.095,30.0,-0.0,-89.997,-89.981,-0.062,-90.09545526926517,30.482218643518447,0.0,0.0,0.0,0.0,0.013474995281859147,13.586012605770362,0.0,0.0,0.0,0.0,0.000544730734830523,0.5492186435184472,0.0,0.0550792,0.0137698,0.034424500000000004,-0.0206547,0.8950370000000001,-0.0,-0.008513064712957999,0.012258119657965999,-0.013593162392991999,0.00043116605617500006,0.002017857142899,0.001569444444477,0.06700746227100406,1.966572000128508,0.28058899988536723,0.08572100068704458,17.731540000568202
pid,05:09:20.239,151,-89.997,-89.981,-0.062,-90.096,29.951,-0.0,0.0,0.0,0.0,0.0,0.8849779861681264,0.0,-89.997,-89.981,-0.062,-90.095,30.0,-0.0,-89.997,-89.981,-0.062,-90.09545425229072,30.491268475266455,0.0,0.0,0.0,0.0,0.013415964130881081,13.281269645317066,0.0,0.0,0.0,0.0,0.0005457477092818408,0.5402684752664548,0.0,0.0,-0.0068849,-0.0137698,0.0206547,0.6058712,-0.0,-0.00936263736252,0.011842002441854,-0.013159706959542,-0.001086538461561,0.002724969475026,0.000810592185609,0.04901020301937097,1.9057400004385272,0.2722930003073998,0.09096200028579915,17.890074999741046
pid,05:09:20.259,152,-89.997,-89.981,-0.062,-90.096,29.968,-0.0,0.0,0.0,0.0,0.0,0.8312330146887122,0.0,-89.997,-89.981,-0.062,-90.095,30.0,-0.0,-89.997,-89.981,-0.062,-90.09545322971344,30.4998011977396,0.0,0.0,0.0,0.0,0.013367456283579798,13.00149155329913,0.0,0.0,0.0,0.0,0.000546770286561582,0.5318011977396004,0.0,-0.0137698,-0.034424500000000004,0.0068849,0.034424500000000004,0.7091447000000001,-0.0137698,-0.008738461538352,0.011772649572502,-0.013575824175654,-0.001483211233242,0.0029836691087310003,0.000810592185609,0.032015621187164424,2.2742920000382583,0.5114389996379032,0.17336900054942816,17.51665400024649
pid,05:09:20.280,153,-89.997,-89.981,-0.062,-90.096,29.98,-0.0,0.0,0.0,0.0,0.0,0.5805332010750056,0.0,-89.997,-89.981,-0.062,-90.095,30.0,-0.0,-89.997,-89.981,-0.062,-90.09545219618082,30.50582186839199,0.0,0.0,0.0,0.0,0.013250762696288141,12.719043852201283,0.0,0.0,0.0,0.0,0.0005478038191881751,0.52582186839199,0.0,0.0068849,-0.0206547,0.0137698,-0.0206547,0.8881521,0.0137698,-0.007836874236776,0.012760927960768,-0.013801221001048,-0.001327991453019,0.0019488705739110002,0.00044841269842200006,0.020024984394500598,1.9658869996419526,0.30834899916953873,0.11598000037338352,17.67515200026537
pid,05:09:20.300,154,-89.997,-89.981,-0.062,-90.096,29.996,-0.0,0.0,0.0,0.0,0.0,0.7902039893553519,0.0,-89.997,-89.981,-0.062,-90.095,30.0,-0.0,-89.997,-89.981,-0.062,-90.09545118378401,30.51382591797924,0.0,0.0,0.0,0.0,0.013552398853183897,12.7871283180887,0.0,0.0,0.0,0.0,0.0005488162159963395,0.5178259179792413,0.0,0.0,0.0137698,0.0068849,-0.0,0.7091447000000001,0.0137698,-0.008513064712957999,0.01152991452977,-0.013679853479682,-0.0017074175824530002,0.002052350427393,0.0009830586080790001,0.004123105625620114,1.9039800008613383,0.2724050000324496,0.0740549994588946,17.81964999918273
pid,05:09:20.320,155,-89.997,-89.981,-0.062,-90.096,30.012,-0.0,0.0,0.0,0.0,0.0,0.7908278909721717,0.0,-89.997,-89.981,-0.062,-90.095,30.0,-0.0,-89.997,-89.981,-0.062,-90.09545017218589,30.521813778801917,0.0,0.0,0.0,0.0,0.013588099082071505,12.599217358700892,0.0,0.0,0.0,0.0,0.0005498278141118362,0.5098137788019166,0.0,0.0,-0.0963886,0.0275396,0.0550792,0.826188,-0.0275396,-0.008374358974254,0.012084737484586,-0.013922588522413999,-0.001259004884031,0.0030181623932250003,0.00051739926741,0.012041594578793145,1.9395910003368044,0.3264229999331292,0.11318399992887862,17.948704000446014
pid,05:09:20.341,156,-89.997,-89.981,-0.062,-90.096,30.026,-0.0,0.0,0.0,0.0,0.0,0.6829048449747315,0.0,-89.997,-89.981,-0.062,-90.095,30.0,-0.0,-89.997,-89.981,-0.062,-90.0954491471529,30.528787127943993,0.0,0.0,0.0,0.0,0.0134350027912162,12.26270591656781,0.0,0.0,0.0,0.0,0.0005508528470983265,0.5027871279439928,0.0,0.034424500000000004,0.0137698,0.0275396,0.0619641,0.9156917,-0.0,-0.008599755799648,0.012518192918035999,-0.013055677655513999,-0.001172771672796,0.002017857142899,0.001190018315043,0.02601922366251536,2.8980629995203344,0.6439750004574307,0.5812159997731214,16.49444200029393
pid,05:09:20.362,157,-89.997,-89.981,-0.062,-90.095,30.046,-0.0,0.0,0.0,0.0,0.04810974742515688,0.9621949484985227,0.0,-89.997,-89.981,-0.062,-90.095,30.0,-0.0,-89.997,-89.981,-0.062,-90.0949491471529,30.5387393205843,0.0,0.0,0.0,0.0,0.0012232588148988238,11.852782129820378,0.0,0.0,0.0,0.0,5.085284709593907e-05,0.4927393205842989,0.0,0.0826188,-0.0137698,-0.0137698,0.0137698,0.7435692,-0.034424500000000004,-0.008738461538352,0.011842002441854,-0.014113308913132,-0.004380647130738,0.0019316239316640002,0.001345238095266,0.045999999999999375,1.9721280004887376,0.27983000018139137,0.1387209995300509,17.65474500007258
pid,05:09:20.382,158,-89.997,-89.981,-0.062,-90.096,30.061,-0.0,0.0,0.0,0.0,-0.04897942406077057,0.7346913609080784,0.0,-89.997,-89.981,-0.062,-90.095,30.0,-0.0,-89.997,-89.981,-0.062,-90.09544812631607,30.546177049537658,0.0,0.0,0.0,0.0,0.013515227596579938,11.881846226872499,0.0,0.0,0.0,0.0,0.0005518736839320582,0.4851770495376577,0.0,0.0068849,0.0550792,-0.0619641,-0.0,1.0602746,-0.0068849,-0.007611477411382,0.01170329670315,-0.013922588522413999,-0.001483211233242,0.001000305250326,0.001638431013465,0.0610081961706786,2.4508999995305203,1.177821000055701,0.3407930007597315,16.49192300010327
pid,05:09:20.403,159,-89.997,-89.981,-0.062,-90.096,30.079,-0.0,0.0,0.0,0.0,0.0,0.8715939967675232,0.0,-89.997,-89.981,-0.062,-90.095,30.0,-0.0,-89.997,-89.981,-0.062,-90.09544709372521,30.555095474859236,0.0,0.0,0.0,0.0,0.013386383052476757,11.52672104931885,0.0,0.0,0.0,0.0,0.0005529062747910984,0.4760954748592354,0.0,0.0275396,0.0137698,0.0137698,-0.0137698,0.7297994,0.0481943,-0.008200976800874,0.012084737484586,-0.013489133088964,-0.001638431013465,0.0027422161172730003,0.000586385836398,0.0790063288604154,2.8627109995795763,0.49705099991115276,0.1999790001718793,16.720401999918977
pid,05:09:20.423,160,-89.997,-89.981,-0.062,-90.096,30.096,-0.0,0.0,0.0,0.0,0.0,0.8297240737292606,0.0,-89.997,-89.981,-0.062,-90.095,30.0,-0.0,-89.997,-89.981,-0.062,-90.09544606928826,30.563497128911973,0.0,0.0,0.0,0.0,0.013517930785765533,11.408635948752554,0.0,0.0,0.0,0.0,0.0005539307117459202,0.4674971289119725,0.0,0.0275396,-0.0826188,0.0206547,0.0137698,0.8950370000000001,-0.0481943,-0.009223931623816,0.012084737484586,-0.01421733821716,-0.000793345543362,0.0018626373626760002,0.0009830586080790001,0.09600520819205605,3.63927699982014,1.2806349996026256,0.11566600005608052,15.324899000006553
pid,05:09:20.444,161,-89.997,-89.981,-0.062,-90.096,30.108,-0.0,0.0,0.0,0.0,0.0,0.5806336578838298,0.0,-89.997,-89.981,-0.062,-90.095,30.0,-0.0,-89.997,-89.981,-0.062,-90.09544503593445,30.569385526700973,0.0,0.0,0.0,0.0,0.013426283974038545,11.162331919293052,0.0,0.0,0.0,0.0,0.0005549640655573285,0.46138552670097255,0.0,0.0275396,0.0413094,-0.0137698,0.0137698,0.5783316000000001,0.034424500000000004,-0.008513064712957999,0.012258119657965999,-0.015933821733622,-0.000707112332127,0.002724969475026,0.001121031746055,0.10800462953040543,3.0782460007685586,0.3263669996158569,0.1326100000369479,16.80819800003519
pid,05:09:20.465,162,-89.997,-89.981,-0.062,-90.096,30.125,-0.0,0.0,0.0,0.0,0.0,0.8150796524919722,0.0,-89.997,-89.981,-0.062,-90.095,30.0,-0.0,-89.997,-89.981,-0.062,-90.09544399309158,30.57775517134285,0.0,0.0,0.0,0.0,0.013329115226401093,10.85386846241426,0.0,0.0,0.0,0.0,0.0005560069084253882,0.4527551713428508,0.0,0.0413094,0.0206547,0.034424500000000004,0.0137698,0.5163675,-0.0,-0.008738461538352,0.012518192918035999,-0.013489133088964,-0.000569139194151,0.002828449328508,0.0009830586080790001,0.12500399993600209,4.021681000267563,0.29486799940059427,0.1185729997814633,15.833449000638211
pid,05:09:20.485,163,-89.997,-89.981,-0.062,-90.096,30.14,-0.0,0.0,0.0,0.0,0.0,0.7299858445687512,0.0,-89.997,-89.981,-0.062,-90.095,30.0,-0.0,-89.997,-89.981,-0.062,-90.09544296567441,30.58511133293724,0.0,0.0,0.0,0.0,0.013554239087619544,10.830832410043383,0.0,0.0,0.0,0.0,0.0005570343255953958,0.44511133293724114,0.0,-0.0413094,0.0068849,0.0275396,-0.0206547,0.7297994,-0.0,-0.00814896214886,0.012206105005952,-0.01369719169702,-0.001396978022007,0.0018108974359350002,0.00120726495729,0.14000357138301925,3.033950000826735,0.4137739997531753,0.17938700057129608,16.50257200071792
pid,05:09:20.506,164,-89.997,-89.981,-0.062,-90.095,30.151,-0.0,0.0,0.0,0.0,0.04919081462740163,0.5410989608987965,0.0,-89.997,-89.981,-0.062,-90.095,30.0,-0.0,-89.997,-89.981,-0.062,-90.0949429656744,30.59045784899807,0.0,0.0,0.0,0.0,0.0014027824689861281,10.80864479325874,0.0,0.0,0.0,0.0,5.703432559300836e-05,0.43945784899807094,0.0,0.0550792,-0.034424500000000004,-0.0206547,0.0275396,0.5301373,0.0068849,-0.008374358974254,0.012015384615234,-0.014113308913132,-0.001483211233242,0.00275946275952,0.000586385836398,0.1509999999999998,2.636768999764172,0.32429300063085975,0.10748099975899095,17.01451100052509
pid,05:09:20.526,165,-89.997,-89.981,-0.062,-90.096,30.163,-0.0,0.0,0.0,0.0,-0.04892172391695372,0.5870606870006637,0.0,-89.997,-89.981,-0.062,-90.095,30.0,-0.0,-89.997,-89.981,-0.062,-90.09544194363356,30.596291256340503,0.0,0.0,0.0,0.0,0.01365053974462691,10.598677609109457,0.0,0.0,0.0,0.0,0.0005580563664437932,0.43329125634050314,0.0,0.0068849,0.0413094,-0.0206547,0.0206547,0.28916580000000003,-0.0,-0.008374358974254,0.012258119657965999,-0.014650793650609999,-0.001327991453019,0.0032596153846830003,0.000810592185609,0.1630030674558,2.9983579997860943,0.28242299958947115,0.10642500001267763,16.67331099997682
pid,05:09:20.546,166,-89.997,-89.981,-0.062,-90.096,30.175,-0.0,0.0,0.0,0.0,0.0,0.5935335849056829,0.0,-89.997,-89.981,-0.062,-90.095,30.0,-0.0,-89.997,-89.981,-0.062,-90.09544093273878,30.60211434975481,0.0,0.0,0.0,0.0,0.013826049823179224,10.56277963227593,0.0,0.0,0.0,0.0,0.0005590672612214576,0.42711434975480955,0.0,0.0137698,0.0206547,0.0275396,-0.0068849,0.3786695,-0.0206547,-0.008513064712957999,0.012102075701924,-0.013385103784935999,-0.0017074175824530002,0.0033803418804120005,0.000810592185609,0.17500285711953464,2.83906399999978,0.2812370003084652,0.09957299971574685,16.831363999699533
pid,05:09:20.566,167,-89.997,-89.981,-0.062,-90.096,30.182,-0.0,0.0,0.0,0.0,0.0,0.34656713528561184,0.0,-89.997,-89.981,-0.062,-90.095,30.0,-0.0,-89.997,-89.981,-0.062,-90.09543992283345,30.605430546983243,0.0,0.0,0.0,0.0,0.01386459565383109,10.48193654717472,0.0,0.0,0.0,0.0,0.0005600771665541515,0.4234305469832442,0.0,0.0275396,-0.0413094,-0.034424500000000004,-0.0206547,0.5094826,-0.0068849,-0.008617094016986,0.012518192918035999,-0.014460073259891999,-0.000638125763139,0.0024317765568270004,0.0008968253968440001,0.1820027472320116,2.9355440001381794,0.2866449995053699,0.12222100031067384,16.700273000424204
pid,05:09:20.587,168,-89.997,-89.981,-0.062,-90.096,30.188,-0.0,0.0,0.0,0.0,0.0,0.2973313011732293,0.0,-89.997,-89.981,-0.062,-90.095,30.0,-0.0,-89.997,-89.981,-0.062,-90.09543891385793,30.608240859588147,0.0,0.0,0.0,0.0,0.013902372724224276,10.4125634656246,0.0,0.0,0.0,0.0,0.0005610861420706215,0.42024085958814794,0.0,0.0137698,0.0137698,0.0137698,-0.0137698,0.619641,-0.0068849,-0.008963858363746,0.012015384615234,-0.014546764346582,-0.000707112332127,0.002862942613002,0.0008968253968440001,0.18800265955565515,2.844951999577461,0.30084900026849937,0.12392499957059044,16.77608699992561
pid,05:09:20.607,169,-89.997,-89.981,-0.062,-90.096,30.196,-0.0,0.0,0.0,0.0,0.0,0.3945120336732532,0.0,-89.997,-89.981,-0.062,-90.095,30.0,-0.0,-89.997,-89.981,-0.062,-90.09543789994717,30.612042133077146,0.0,0.0,0.0,0.0,0.013859702185762155,10.258351750872961,0.0,0.0,0.0,0.0,0.0005621000528321929,0.4160421330771449,0.0,-0.034424500000000004,-0.034424500000000004,0.0137698,0.0137698,0.4199789,0.0275396,-0.008513064712957999,0.011547252747108,-0.013801221001048,-0.000793345543362,0.00310439560446,0.001052045177067,0.19600255100380862,2.7955260002272553,0.2890519999709795,0.11742500009859214,16.858623000189255
pid,05:09:20.628,170,-89.997,-89.981,-0.062,-90.096,30.208,-0.0,0.0,0.0,0.0,0.0,0.5895016163034318,0.0,-89.997,-89.981,-0.062,-90.095,30.0,-0.0,-89.997,-89.981,-0.062,-90.09543688213826,30.617830428822995,0.0,0.0,0.0,0.0,0.013831620402970705,10.066487508397765,0.0,0.0,0.0,0.0,0.0005631178617448995,0.40983042882299614,0.0,0.0,0.0137698,-0.0068849,-0.0,0.3373601,-0.0,-0.008686446886338,0.012552869352712,-0.013679853479682,-0.000327686202693,0.004208180708268,0.001327991453019,0.20800240383226187,2.5192149996655644,0.2828679998856387,0.09785000020201551,17.286933999457688
pid,05:09:20.648,171,-89.997,-89.981,-0.062,-90.096,30.219,-0.0,0.0,0.0,0.0,0.0,0.5274647764949317,0.0,-89.997,-89.981,-0.062,-90.095,30.0,-0.0,-89.997,-89.981,-0.062,-90.09543583941459,30.623102072342395,0.0,0.0,0.0,0.0,0.013526128958564643,9.688618603143917,0.0,0.0,0.0,0.0,0.00056416058541231,0.40410207234239337,0.0,-0.06884900000000001,-0.1170433,-0.0,0.034424500000000004,0.4406336,-0.0,-0.008825152625042,0.012050061049909999,-0.014321367521187999,-0.0008795787545970001,0.0036217948718700005,0.00120726495729,0.21900228309312333,1.920609999615408,0.277460000688734,0.13168300029064994,17.726669000694528
pid,05:09:20.668,172,-89.997,-89.981,-0.062,-90.096,30.226,-0.0,0.0,0.0,0.0,0.0,0.3461136417219689,0.0,-89.997,-89.981,-0.062,-90.095,30.0,-0.0,-89.997,-89.981,-0.062,-90.09543482818603,30.62637353468752,0.0,0.0,0.0,0.0,0.013972405337926857,9.898195867131143,0.0,0.0,0.0,0.0,0.0005651718139745299,0.400373534687521,0.0,0.0,0.0206547,-0.0275396,0.0137698,0.7022598,0.0137698,-0.008911843711731999,0.012015384615234,-0.014113308913132,-0.000258699633705,0.0034493284494000005,0.000586385836398,0.22600221237855084,1.9409800006542355,0.27890399996977067,0.08416499986196868,17.759520999788947
pid,05:09:20.689,173,-89.997,-89.981,-0.062,-90.096,30.234,-0.0,0.0,0.0,0.0,0.0,0.39567505866550956,0.0,-89.997,-89.981,-0.062,-90.095,30.0,-0.0,-89.997,-89.981,-0.062,-90.0954338172555,30.630136976941586,0.0,0.0,0.0,0.0,0.014001524415476687,9.796345099430418,0.0,0.0,0.0,0.0,0.0005661827445067047,0.3961369769415839,0.0,0.0413094,-0.034424500000000004,0.0275396,0.0137698,0.5921014,-0.0068849,-0.008443711843605999,0.012292796092642,-0.014321367521187999,-0.000638125763139,0.0035700549451290003,0.001345238095266,0.23400213674238282,1.9269439999334281,0.2751639995040023,0.08433200036961352,22.129420999590366
pid,05:09:20.713,174,-89.997,-89.981,-0.062,-90.096,30.245,-0.0,0.0,0.0,0.0,0.0,0.44818775621220475,0.0,-89.997,-89.981,-0.062,-90.095,30.0,-0.0,-89.997,-89.981,-0.062,-90.09543259009124,30.635336321695807,0.0,0.0,0.0,0.0,0.011559371539368596,7.951998190408177,0.0,0.0,0.0,0.0,0.0005674099087684681,0.39033632169580557,0.0,0.0137698,0.0,-0.0,0.0068849,0.44751850000000004,0.0275396,-0.00806227106217,0.01170329670315,-0.01421733821716,-0.00041391941392800006,0.0031906288156950003,0.001052045177067,0.24500204080782775,1.9090169998889905,0.3069969998250599,0.11418400026741438,17.711522000354307
pid,05:09:20.733,175,-89.997,-89.981,-0.062,-90.096,30.259,-0.0,0.0,0.0,0.0,0.0,0.694232363477262,0.0,-89.997,-89.981,-0.062,-90.095,30.0,-0.0,-89.997,-89.981,-0.062,-90.0954315817833,30.64207516994095,0.0,0.0,0.0,0.0,0.014093368643884609,9.49797073634181,0.0,0.0,0.0,0.0,0.0005684182167016161,0.38307516994094826,0.0,-0.0068849,-0.034424500000000004,0.0206547,-0.0,0.6334108,0.0206547,-0.008443711843605999,0.011737973137826,-0.013385103784935999,-0.000500152625163,0.00310439560446,0.000655372405386,0.25900193049473624,1.8814249997376464,0.2767750002021785,0.16703499932191335,17.718688000059046
pid,05:09:20.753,176,-89.997,-89.981,-0.062,-90.096,30.27,-0.0,0.0,0.0,0.0,0.0,0.5457586410844446,0.0,-89.997,-89.981,-0.062,-90.095,30.0,-0.0,-89.997,-89.981,-0.062,-90.0954305740118,30.647303071638106,0.0,0.0,0.0,0.0,0.014125870614465708,9.359836893373394,0.0,0.0,0.0,0.0,0.0005694259882034203,0.3773030716381065,0.0,0.0,-0.0619641,-0.0137698,0.06884900000000001,0.8124182,0.0206547,-0.008426373626268,0.012015384615234,-0.012431501831346,-0.0008623321123500001,0.0017591575091940002,0.001052045177067,0.27000185184550085,1.8443139997543767,0.3057929998249165,0.09020299967232859,17.805946999942535
pid,05:09:20.774,177,-89.997,-89.981,-0.062,-90.095,30.28,-0.0,0.0,0.0,0.0,0.049609140478314155,0.4960914047808504,0.0,-89.997,-89.981,-0.062,-90.095,30.0,-0.0,-89.997,-89.981,-0.062,-90.0949305740118,30.652020865579605,0.0,0.0,0.0,0.0,0.00172208180066348,9.227817690657249,0.0,0.0,0.0,0.0,6.942598820103285e-05,0.37202086557960357,0.0,0.0619641,-0.0206547,-0.034424500000000004,0.034424500000000004,0.46128830000000004,0.0068849,-0.009067887667774,0.012795604395443999,-0.013489133088964,-0.000327686202693,0.0032596153846830003,0.001259004884031,0.28000000000000114,1.8770910000966978,0.39345900040643755,0.12138800047978293,17.66459699956613
pid,05:09:20.794,178,-89.997,-89.981,-0.062,-90.095,30.296,-0.0,0.0,0.0,0.0,0.0,0.7921908561849139,0.0,-89.997,-89.981,-0.062,-90.095,30.0,-0.0,-89.997,-89.981,-0.062,-90.0949305740118,30.65972194771385,0.0,0.0,0.0,0.0,0.0017187072822435192,9.004287536647272,0.0,0.0,0.0,0.0,6.942598820103285e-05,0.36372194771385224,0.0,0.1032735,0.034424500000000004,-0.0275396,-0.0275396,0.5025977,0.0068849,-0.008287667887564,0.012518192918035999,-0.013489133088964,-0.002483516483568,0.004397893772985001,0.000810592185609,0.2959999999999994,1.9622019999587792,0.2785340002446901,0.09812799999053823,17.703410999274638
pid,05:09:20.814,179,-89.997,-89.981,-0.062,-90.095,30.308,-0.0,0.0,0.0,0.0,0.0,0.5952392823775904,0.0,-89.997,-89.981,-0.062,-90.095,30.0,-0.0,-89.997,-89.981,-0.062,-90.0949305740118,30.66541148433304,0.0,0.0,0.0,0.0,0.0017218781413803144,8.864389810329126,0.0,0.0,0.0,0.0,6.942598820103285e-05,0.3574114843330385,0.0,-0.0137698,0.0068849,0.0068849,-0.0206547,0.68849,-0.0,-0.008599755799648,0.012795604395443999,-0.013489133088964,-0.001172771672796,0.0032596153846830003,0.001190018315043,0.30799999999999983,1.9421099996179692,0.27938600032939576,0.0938319999477244,17.729410999891115
pid,05:09:20.834,180,-89.997,-89.981,-0.062,-90.095,30.317,-0.0,0.0,0.0,0.0,0.0,0.44639250744999565,0.0,-89.997,-89.981,-0.062,-90.095,30.0,-0.0,-89.997,-89.981,-0.062,-90.0949305740118,30.669591922517775,0.0,0.0,0.0,0.0,0.0017217356085414035,8.744132911073262,0.0,0.0,0.0,0.0,6.942598820103285e-05,0.3525919225177745,0.0,-0.0550792,-0.0068849,0.0137698,-0.0068849,0.8468427000000001,0.0206547,-0.008825152625042,0.012015384615234,-0.013489133088964,-0.0008623321123500001,0.001638431013465,0.001121031746055,0.31700000000000017,1.8965730005220394,0.2725159993133275,0.0898689995665336,17.7476700000625
pid,05:09:20.855,181,-89.997,-89.981,-0.062,-90.095,30.328,-0.0,0.0,0.0,0.0,0.0,0.5359074478464524,0.0,-89.997,-89.981,-0.062,-90.095,30.0,-0.0,-89.997,-89.981,-0.062,-90.0949305740118,30.674755297227858,0.0,0.0,0.0,0.0,0.0016911774613285234,8.44676119839242,0.0,0.0,0.0,0.0,6.942598820103285e-05,0.34675529722785825,0.0,-0.0275396,0.0275396,0.0137698,0.0275396,0.5852165,-0.0413094,-0.007836874236776,0.012258119657965999,-0.014546764346582,-0.001327991453019,0.0032596153846830003,0.001052045177067,0.3279999999999994,1.92033200073638,0.2746270001807716,0.08953599990491057,17.764762000297196
pid,05:09:20.875,182,-89.997,-89.981,-0.062,-90.095,30.344,-0.0,0.0,0.0,0.0,0.0,0.7931271081276814,0.0,-89.997,-89.981,-0.062,-90.095,30.0,-0.0,-89.997,-89.981,-0.062,-90.0949305740118,30.682408316274643,0.0,0.0,0.0,0.0,0.0017207385390034067,8.387525289163586,0.0,0.0,0.0,0.0,6.942598820103285e-05,0.3384083162746414,0.0,-0.0757339,0.0,0.0275396,-0.0068849,0.7504541,0.0206547,-0.008981196581083999,0.012604884004726,-0.013055677655513999,-0.001483211233242,0.0025697496948030004,0.000810592185609,0.3440000000000012,1.957110000148532,0.28073700013919733,0.09275799948227359,17.713243999423867
pid,05:09:20.895,183,-89.997,-89.981,-0.062,-90.095,30.357,-0.0,0.0,0.0,0.0,0.0,0.644880688806795,0.0,-89.997,-89.981,-0.062,-90.095,30.0,-0.0,-89.997,-89.981,-0.062,-90.0949305740118,30.688548482271194,0.0,0.0,0.0,0.0,0.0017219799650001802,8.223431293074087,0.0,0.0,0.0,0.0,6.942598820103285e-05,0.33154848227119516,0.0,0.0206547,0.0137698,-0.0137698,-0.0206547,0.8537276,-0.0137698,-0.008443711843605999,0.012327472527317999,-0.013801221001048,-0.001259004884031,0.002552503052556,0.001431471306501,0.3569999999999993,1.9580360003601527,0.2793300000121235,0.09073999990505399,17.72339200033457
pid,05:09:20.915,184,-89.997,-89.981,-0.062,-90.096,30.37,-0.0,0.0,0.0,0.0,-0.049568686773423784,0.6443929280515155,0.0,-89.997,-89.981,-0.062,-90.095,30.0,-0.0,-89.997,-89.981,-0.062,-90.09542956531048,30.694675262781143,0.0,0.0,0.0,0.0,0.014137849224800417,8.046863201900331,0.0,0.0,0.0,0.0,0.0005704346895214485,0.3246752627811418,0.0,0.0206547,0.0,0.0068849,-0.034424500000000004,0.4681732,-0.0,-0.008374358974254,0.012015384615234,-0.013055677655513999,-0.0018626373626760002,0.0035528083028820005,0.000810592185609,0.3700013513488846,2.015516000028583,0.29890400037402287,0.12012800016236724,17.605801000172505
pid,05:09:20.935,185,-89.997,-89.981,-0.062,-90.095,30.387,-0.0,0.0,0.0,0.0,0.04958333628896723,0.8429167169083914,0.0,-89.997,-89.981,-0.062,-90.095,30.0,-0.0,-89.997,-89.981,-0.062,-90.09492956531048,30.702785010703565,0.0,0.0,0.0,0.0,0.0017461934484839443,7.828837190327565,0.0,0.0,0.0,0.0,7.043468951906107e-05,0.31578501070356424,0.0,-0.0137698,0.0,0.0137698,0.0550792,0.5094826,-0.0413094,-0.008530402930296,0.012587545787387999,-0.013055677655513999,0.00012072649572900001,0.0035700549451290003,0.0008795787545970001,0.38700000000000045,1.927610000166169,0.2790159996948205,0.2820710005835281,17.552374999468157
pid,05:09:20.955,186,-89.997,-89.981,-0.062,-90.095,30.399,-0.0,0.0,0.0,0.0,0.0,0.5953448936623442,0.0,-89.997,-89.981,-0.062,-90.095,30.0,-0.0,-89.997,-89.981,-0.062,-90.09492956531048,30.70838289085245,0.0,0.0,0.0,0.0,0.001747205530987028,7.674563510645579,0.0,0.0,0.0,0.0,7.043468951906107e-05,0.30938289085245074,0.0,0.0137698,0.0619641,0.034424500000000004,-0.0413094,0.6402957,0.0137698,-0.008513064712957999,0.012795604395443999,-0.013385103784935999,-0.0008623321123500001,0.0023282967033450004,0.002017857142899,0.3990000000000009,1.9175730003553326,0.2719409994824673,0.08935099958762294,17.78398499936884
pid,05:09:20.976,187,-89.997,-89.981,-0.062,-90.096,30.407,-0.0,0.0,0.0,0.0,-0.04957278776513169,0.3965823021191162,0.0,-89.997,-89.981,-0.062,-90.095,30.0,-0.0,-89.997,-89.981,-0.062,-90.0954285566926,30.71197238337612,0.0,0.0,0.0,0.0,0.01416401889876635,7.559165617629322,0.0,0.0,0.0,0.0,0.0005714433074075487,0.3049723833761213,0.0,0.0,0.0757339,-0.0481943,-0.0206547,0.4199789,0.0137698,-0.008686446886338,0.012258119657965999,-0.013159706959542,-0.002173076923122,0.0033803418804120005,0.000655372405386,0.4070012284993745,1.8524259994592285,0.2723300003708573,0.08742499994696118,17.834817000220937
pid,05:09:20.996,188,-89.997,-89.981,-0.062,-90.096,30.419,-0.0,0.0,0.0,0.0,0.0,0.5952463219641647,0.0,-89.997,-89.981,-0.062,-90.095,30.0,-0.0,-89.997,-89.981,-0.062,-90.09542754870654,30.717550037213325,0.0,0.0,0.0,0.0,0.014197896955931362,7.404617148895393,0.0,0.0,0.0,0.0,0.0005724512934648374,0.2985500372133245,0.0,0.0068849,-0.0068849,-0.034424500000000004,0.0481943,0.2478564,-0.034424500000000004,-0.008374358974254,0.012102075701924,-0.013679853479682,-0.000638125763139,0.0030526556777190003,0.001414224664254,0.41900119331572366,1.8482209998182952,0.3311259997644811,0.11162900045746937,17.75402200019016
pid,05:09:21.016,189,-89.997,-89.981,-0.062,-90.096,30.429,-0.0,0.0,0.0,0.0,0.0,0.49590957459376733,0.0,-89.997,-89.981,-0.062,-90.095,30.0,-0.0,-89.997,-89.981,-0.062,-90.0954265404582,30.722117498680113,0.0,0.0,0.0,0.0,0.014219203871050894,7.267988703823702,0.0,0.0,0.0,0.0,0.0005734595417976607,0.2931174986801146,0.0,-0.0275396,0.0137698,-0.0275396,0.0275396,0.206547,-0.0206547,-0.00918925518914,0.011807326007178,-0.013489133088964,0.00043116605617500006,0.0039322344323160004,0.000724358974374,0.4290011654995808,1.918110000588058,0.29709000045841094,0.1189619997603586,17.723484999805805
pid,05:09:21.036,190,-89.997,-89.981,-0.062,-90.096,30.436,-0.0,0.0,0.0,0.0,0.0,0.3464812480823961,0.0,-89.997,-89.981,-0.062,-90.095,30.0,-0.0,-89.997,-89.981,-0.062,-90.09542553030252,30.725177070804595,0.0,0.0,0.0,0.0,0.014217355554836702,7.156745172083358,0.0,0.0,0.0,0.0,0.0005744696974829822,0.28917707080459465,0.0,0.0,0.0206547,-0.0,-0.0206547,0.26162620000000003,0.0068849,-0.008807814407704,0.012587545787387999,-0.013922588522413999,-0.0017764041514410002,0.003914987790069001,0.001190018315043,0.43600114678748264,1.91457300024922,0.27777499963121954,0.09357299950352171,17.777114000637084
pid,05:09:21.057,191,-89.997,-89.981,-0.062,-90.096,30.441,-0.0,0.0,0.0,0.0,0.0,0.24585027314712232,0.0,-89.997,-89.981,-0.062,-90.095,30.0,-0.0,-89.997,-89.981,-0.062,-90.09542451342344,30.727228627129556,0.0,0.0,0.0,0.0,0.014148353203978368,7.036938616234095,0.0,0.0,0.0,0.0,0.0005754865765652539,0.28622862712955666,0.0,0.0,-0.0068849,-0.0,0.0757339,0.3580148,0.0206547,-0.008911843711731999,0.011477899877756,-0.013159706959542,-0.001172771672796,0.004932539682642001,0.000655372405386,0.4410011337853896,1.9489799997245427,0.27488599971547956,0.09066600068763364,17.732131999764533
pid,05:09:21.077,192,-89.997,-89.981,-0.062,-90.096,30.446,-0.0,0.0,0.0,0.0,0.0,0.24785515056978594,0.0,-89.997,-89.981,-0.062,-90.095,30.0,-0.0,-89.997,-89.981,-0.062,-90.0954235047698,30.72927876760578,0.0,0.0,0.0,0.0,0.01428873120840747,7.021210159811824,0.0,0.0,0.0,0.0,0.0005764952302058646,0.2832787676057791,0.0,0.0,0.0137698,0.0275396,0.0206547,0.5094826,0.0137698,-0.00806227106217,0.011946031745882,-0.012847619047458,-0.0009485653235850001,0.004001221001304,0.000379426129434,0.4460011210748257,2.0239979994585156,0.27207200037082657,0.08857299962983234,17.659836999882828
pid,05:09:21.097,193,-89.997,-89.981,-0.062,-90.096,30.451,-0.0,0.0,0.0,0.0,0.0,0.24806037235925135,0.0,-89.997,-89.981,-0.062,-90.095,30.0,-0.0,-89.997,-89.981,-0.062,-90.09542249695063,30.73132424115753,0.0,0.0,0.0,0.0,0.01432556214669375,6.953733564287562,0.0,0.0,0.0,0.0,0.0005775030493708755,0.28032424115752974,0.0,0.0,0.0,0.0275396,0.0206547,0.47505810000000004,0.0137698,-0.008738461538352,0.011789987789839999,-0.014754822954638,-0.001483211233242,0.002483516483568,0.0009658119658320001,0.451001108646088,1.9943130000683595,0.2745709998634993,0.09168399992631748,17.692503000034776
pid,05:09:21.117,194,-89.997,-89.981,-0.062,-90.095,30.459,-0.0,0.0,0.0,0.0,0.04955463138019881,0.3964370510396539,0.0,-89.997,-89.981,-0.062,-90.095,30.0,-0.0,-89.997,-89.981,-0.062,-90.09492249695063,30.73486111592865,0.0,0.0,0.0,0.0,0.0019203175212757103,6.835097955954632,0.0,0.0,0.0,0.0,7.750304936848806e-05,0.2758611159286488,0.0,0.0413094,0.0,0.034424500000000004,0.0206547,0.3167054,-0.0413094,-0.008513064712957999,0.011980708180558,-0.013922588522413999,-0.001327991453019,0.0038632478633280004,0.0009658119658320001,0.45899999999999963,2.0859790001850342,0.29470099980244413,0.19872099983331282,17.460875999859127
pid,05:09:21.137,195,-89.997,-89.981,-0.062,-90.096,30.468,-0.0,0.0,0.0,0.0,-0.04956458646018254,0.4460812781395298,0.0,-89.997,-89.981,-0.062,-90.095,30.0,-0.0,-89.997,-89.981,-0.062,-90.09542148816585,30.73888900465584,0.0,0.0,0.0,0.0,0.014336849910849212,6.713250746156476,0.0,0.0,0.0,0.0,0.0005785118341492534,0.27088900465583876,0.0,-0.0137698,0.0413094,-0.0206547,0.0413094,0.2203168,0.0137698,-0.008374358974254,0.012102075701924,-0.013489133088964,-0.0017074175824530002,0.004121947497033001,0.001276251526278,0.4680010683748489,2.007869000408391,0.2721270002439269,0.15116500071599148,17.613115000131074
pid,05:09:21.157,196,-89.997,-89.981,-0.062,-90.096,30.475,-0.0,0.0,0.0,0.0,0.0,0.3472188083919449,0.0,-89.997,-89.981,-0.062,-90.095,30.0,-0.0,-89.997,-89.981,-0.062,-90.09542048015595,30.74191019994831,0.0,0.0,0.0,0.0,0.014372870692374501,6.619731540977769,0.0,0.0,0.0,0.0,0.0005795198440523563,0.26691019994830967,0.0,-0.0137698,0.0,-0.0275396,-0.0550792,0.1721225,-0.0550792,-0.008686446886338,0.012015384615234,-0.014009279609104,-0.001259004884031,0.004915293040395,0.001052045177067,0.47500105263041403,1.9737020002139616,0.33094099944719346,0.09253600001102313,17.65115199941647
pid,05:09:21.178,197,-89.997,-89.981,-0.062,-90.096,30.481,-0.0,0.0,0.0,0.0,0.0,0.29760908230843136,0.0,-89.997,-89.981,-0.062,-90.095,30.0,-0.0,-89.997,-89.981,-0.062,-90.09541947212219,30.744425335713387,0.0,0.0,0.0,0.0,0.014397530747467044,6.533147701537346,0.0,0.0,0.0,0.0,0.0005805278778154843,0.2634253357133858,0.0,-0.0275396,-0.0068849,0.0275396,-0.034424500000000004,0.27539600000000003,-0.0137698,-0.008513064712957999,0.012102075701924,-0.013489133088964,-0.0009485653235850001,0.004087454212539,0.001052045177067,0.4810010394999179,1.9533509994289489,0.32469999950990314,0.0949060004131752,17.674040999736462
pid,05:09:21.198,198,-89.997,-89.981,-0.062,-90.096,30.485,-0.0,0.0,0.0,0.0,0.0,0.19842248057420436,0.0,-89.997,-89.981,-0.062,-90.095,30.0,-0.0,-89.997,-89.981,-0.062,-90.09541846417189,30.745936479815004,0.0,0.0,0.0,0.0,0.014423722694710102,6.471957949652882,0.0,0.0,0.0,0.0,0.0005815358281182625,0.2609364798150047,0.0,-0.0137698,-0.0068849,-0.0137698,-0.034424500000000004,0.4544034,0.0068849,-0.00875579975569,0.012015384615234,-0.014321367521187999,-0.0008623321123500001,0.004346153846244,0.0008278388278560001,0.4850010309267388,1.9735539999601315,0.27703399973688647,0.1074800002243137,17.676688999927137
pid,05:09:21.218,199,-89.997,-89.981,-0.062,-90.095,30.49,-0.0,0.0,0.0,0.0,0.049610900832939384,0.24805450416346314,0.0,-89.997,-89.981,-0.062,-90.095,30.0,-0.0,-89.997,-89.981,-0.062,-90.09491846417188,30.747942636736393,0.0,0.0,0.0,0.0,0.0020225329414366067,6.398383285827514,0.0,0.0,0.0,0.0,8.153582811587512e-05,0.25794263673639506,0.0,-0.0275396,0.0068849,-0.0137698,0.034424500000000004,0.6747202,0.0068849,-0.008825152625042,0.01248351648336,-0.013385103784935999,-0.001638431013465,0.002483516483568,0.001483211233242,0.48999999999999844,2.0268680000299355,0.27620099990599556,0.095849999524944,17.811631999393285
pid,05:09:21.238,200,-89.997,-89.981,-0.062,-90.095,30.497,-0.0,0.0,0.0,0.0,0.0,0.34364250099494464,0.0,-89.997,-89.981,-0.062,-90.095,30.0,-0.0,-89.997,-89.981,-0.062,-90.09491846417188,30.750936442073346,0.0,0.0,0.0,0.0,0.0020013697066974473,6.233096717701723,0.0,0.0,0.0,0.0,8.153582811587512e-05,0.2539364420733463,0.0,0.0137698,0.0481943,-0.0206547,0.0068849,0.46128830000000004,0.0206547,-0.009223931623816,0.01283028083012,-0.013263736263569999,-0.001483211233242,0.0035183150183880005,0.001121031746055,0.4969999999999999,2.3954019998200238,0.3107370002908283,0.1393309994455194,17.215507999935653
pid,05:09:21.259,201,-89.997,-89.981,-0.062,-90.096,30.508,-0.0,0.0,0.0,0.0,-0.048508691378245844,0.5335956051581192,0.0,-89.997,-89.981,-0.062,-90.095,30.0,-0.0,-89.997,-89.981,-0.062,-90.09541743342876,30.755912824567318,0.0,0.0,0.0,0.0,0.014129771005676675,6.012963347793911,0.0,0.0,0.0,0.0,0.0005825665712393402,0.24791282456731878,0.0,0.0413094,-0.0206547,-0.0068849,-0.0137698,0.3786695,-0.0,-0.008738461538352,0.011477899877756,-0.014321367521187999,-0.002173076923122,0.002690476190532,0.001052045177067,0.5080009842510141,2.194552000219119,0.28570100039360113,0.11322099999233615,17.507728000055067
pid,05:09:21.279,202,-89.997,-89.981,-0.062,-90.096,30.519,-0.0,0.0,0.0,0.0,0.0,0.5417724753404977,0.0,-89.997,-89.981,-0.062,-90.095,30.0,-0.0,-89.997,-89.981,-0.062,-90.09541641824245,30.760885942872523,0.0,0.0,0.0,0.0,0.014371296970477265,5.956688455460327,0.0,0.0,0.0,0.0,0.00058358175755302,0.24188594287252485,0.0,0.0,-0.0413094,-0.0206547,0.0137698,0.68849,0.0206547,-0.008911843711731999,0.012050061049909999,-0.014858852258665999,-0.0009485653235850001,0.002380036630086,0.000586385836398,0.519000963390241,7.356016999437998,2.552121999542578,0.25227599962818203,9.801048000554147
pid,05:09:21.299,203,-89.997,-89.981,-0.062,-90.095,30.534,-0.0,0.0,0.0,0.0,0.04941917240102775,0.7412875860119048,0.0,-89.997,-89.981,-0.062,-90.095,30.0,-0.0,-89.997,-89.981,-0.062,-90.09491641824245,30.76784566672659,0.0,0.0,0.0,0.0,0.0020652706428602717,5.778229659569714,0.0,0.0,0.0,0.0,8.358175755063257e-05,0.2338456667265909,0.0,0.0,-0.0413094,-0.0206547,0.0137698,0.68849,0.0206547,-0.008911843711731999,0.012050061049909999,-0.014858852258665999,-0.0009485653235850001,0.002380036630086,0.000586385836398,0.5339999999999989,2.132904000063718,0.3036819998669671,0.12207300005684374,17.504784000266227
pid,05:09:21.320,204,-89.997,-89.981,-0.062,-90.095,30.546,-0.0,0.0,0.0,0.0,0.0,0.5919420426212766,0.0,-89.997,-89.981,-0.062,-90.095,30.0,-0.0,-89.997,-89.981,-0.062,-90.09491641824245,30.77329223416662,0.0,0.0,0.0,0.0,0.0020614815119823706,5.605992890189117,0.0,0.0,0.0,0.0,8.358175755063257e-05,0.22729223416662236,0.0,0.0206547,0.0068849,-0.0481943,-0.0068849,0.5852165,0.0137698,-0.008513064712957999,0.011772649572502,-0.014026617826442,-0.0019316239316640002,0.002104090354134,0.00020695970696400003,0.5459999999999994,1.9048880003538216,0.9011570000438951,0.11073899986513425,17.143527999905928
pid,05:09:21.340,205,-89.997,-89.981,-0.062,-90.096,30.559,-0.0,0.0,0.0,0.0,-0.04944189171690294,0.6427445923167522,0.0,-89.997,-89.981,-0.062,-90.095,30.0,-0.0,-89.997,-89.981,-0.062,-90.09541540695429,30.779226924081804,0.0,0.0,0.0,0.0,0.014451693032261665,5.444217866773526,0.0,0.0,0.0,0.0,0.0005845930457155646,0.22022692408180333,0.0,-0.0137698,0.0068849,-0.0068849,-0.034424500000000004,0.344245,-0.0137698,-0.007992918192818,0.012240781440628,-0.013922588522413999,-0.001483211233242,0.0033630952381650003,0.001431471306501,0.5590008944536683,2.317753999705019,0.4610880005202489,0.12472100024751853,17.167472000437556
pid,05:09:21.360,206,-89.997,-89.981,-0.062,-90.096,30.567,-0.0,0.0,0.0,0.0,0.0,0.3951857539925131,0.0,-89.997,-89.981,-0.062,-90.095,30.0,-0.0,-89.997,-89.981,-0.062,-90.09541439477205,30.78265301675415,0.0,0.0,0.0,0.0,0.014463927721838509,5.326437501672391,0.0,0.0,0.0,0.0,0.0005856052279540336,0.21565301675414972,0.0,0.0206547,-0.0068849,-0.0481943,-0.0137698,0.27539600000000003,-0.0068849,-0.00745543345534,0.012015384615234,-0.012847619047458,-0.001259004884031,0.0038460012210810002,0.000724358974374,0.5670008818335296,1.8868699999075034,0.2719230005823192,0.07251799979712814,17.830797999522474
pid,05:09:21.380,207,-89.997,-89.981,-0.062,-90.096,30.572,-0.0,0.0,0.0,0.0,0.0,0.24747784425479788,0.0,-89.997,-89.981,-0.062,-90.095,30.0,-0.0,-89.997,-89.981,-0.062,-90.09541338458061,30.784575187250137,0.0,0.0,0.0,0.0,0.014517431939744327,5.260764908273451,0.0,0.0,0.0,0.0,0.0005866154193938655,0.21257518725013824,0.0,-0.0481943,0.034424500000000004,-0.034424500000000004,0.0137698,0.413094,-0.0137698,-0.008981196581083999,0.012050061049909999,-0.013281074480908,-0.001483211233242,0.0035183150183880005,0.001569444444477,0.5720008741252054,1.8719810004768078,0.2725530002862797,0.07575799918413395,17.846389999249368
pid,05:09:21.401,208,-89.997,-89.981,-0.062,-90.095,30.58,-0.0,0.0,0.0,0.0,0.049467548856809575,0.3957403908525434,0.0,-89.997,-89.981,-0.062,-90.095,30.0,-0.0,-89.997,-89.981,-0.062,-90.09491338458061,30.787988944335936,0.0,0.0,0.0,0.0,0.002142326245159954,5.144351632782571,0.0,0.0,0.0,0.0,8.66154193914781e-05,0.20798894433593773,0.0,-0.0068849,-0.034424500000000004,0.0757339,0.0550792,0.5370222,-0.0481943,-0.008391697191592,0.011789987789839999,-0.014009279609104,-0.00041391941392800006,0.0018626373626760002,0.000810592185609,0.5799999999999983,1.8858700004784623,0.2720520005823346,0.07807300062268041,17.824298999585153
pid,05:09:21.421,209,-89.997,-89.981,-0.062,-90.096,30.589,-0.0,0.0,0.0,0.0,-0.04950141034591858,0.4455126931111568,0.0,-89.997,-89.981,-0.062,-90.095,30.0,-0.0,-89.997,-89.981,-0.062,-90.09541237450838,30.791894011791705,0.0,0.0,0.0,0.0,0.014544145295179856,5.0217698671914786,0.0,0.0,0.0,0.0,0.0005876254916188373,0.20289401179170596,0.0,-0.0550792,-0.0068849,-0.0,-0.0206547,0.4544034,-0.0068849,-0.008911843711731999,0.012015384615234,-0.013922588522413999,-0.00155219780223,0.003035409035472,0.000137973137976,0.5890008488958215,1.8701480003073812,0.27716299973690184,0.088165000306617,17.820261000451865
pid,05:09:21.441,210,-89.997,-89.981,-0.062,-90.095,30.599,-0.0,0.0,0.0,0.0,0.049539998819110934,0.4953999881888213,0.0,-89.997,-89.981,-0.062,-90.095,30.0,-0.0,-89.997,-89.981,-0.062,-90.09491237450838,30.796289449807166,0.0,0.0,0.0,0.0,0.0021704833756673652,4.88685955521171,0.0,0.0,0.0,0.0,8.762549161644984e-05,0.19728944980716534,0.0,0.0275396,-0.0275396,-0.034424500000000004,-0.0,0.2822809,-0.034424500000000004,-0.008738461538352,0.011946031745882,-0.013593162392991999,-0.00041391941392800006,0.0036390415141170003,0.001224511599537,0.5990000000000002,1.8524619999880088,0.2700889999687206,0.12357299965515267,17.799094999645604
pid,05:09:21.461,211,-89.997,-89.981,-0.062,-90.095,30.606,-0.0,0.0,0.0,0.0,0.0,0.3410518196708688,0.0,-89.997,-89.981,-0.062,-90.095,30.0,-0.0,-89.997,-89.981,-0.062,-90.09491237450838,30.799167550178527,0.0,0.0,0.0,0.0,0.002134630954742034,4.70572460640977,0.0,0.0,0.0,0.0,8.762549161644984e-05,0.19316755017852572,0.0,0.0137698,-0.0068849,-0.0413094,0.0068849,0.1514678,0.0137698,-0.008911843711731999,0.012050061049909999,-0.01369719169702,-0.001638431013465,0.0038287545788340004,0.00120726495729,0.6060000000000016,1.8500549995223992,0.5806050003229757,0.20901599964417983,17.40882200010674
pid,05:09:21.482,212,-89.997,-89.981,-0.062,-90.095,30.609,-0.0,0.0,0.0,0.0,0.0,0.14836065225850373,0.0,-89.997,-89.981,-0.062,-90.095,30.0,-0.0,-89.997,-89.981,-0.062,-90.09491237450838,30.80005182088232,0.0,0.0,0.0,0.0,0.0021666958485241352,4.724095460212441,0.0,0.0,0.0,0.0,8.762549161644984e-05,0.19105182088231842,0.0,0.0068849,0.0068849,0.0068849,0.0206547,0.1721225,0.0068849,-0.008738461538352,0.012240781440628,-0.013385103784935999,-0.00155219780223,0.0035355616606350003,0.001121031746055,0.6090000000000018,2.026979000220308,0.3077380006288877,0.1420539992977865,17.571634999512753
pid,05:09:21.502,213,-89.997,-89.981,-0.062,-90.095,30.613,-0.0,0.0,0.0,0.0,0.0,0.19717487777348983,0.0,-89.997,-89.981,-0.062,-90.095,30.0,-0.0,-89.997,-89.981,-0.062,-90.09491237450838,30.801430037816523,0.0,0.0,0.0,0.0,0.0021596931999915085,4.644208709418486,0.0,0.0,0.0,0.0,8.762549161644984e-05,0.18843003781652357,0.0,0.0068849,0.0,-0.0137698,-0.0068849,0.2134319,0.0068849,-0.00875579975569,0.011789987789839999,-0.013593162392991999,-0.001638431013465,0.0036907814408580005,0.0009830586080790001,0.6129999999999995,1.9928320007238653,4.534491000413254,0.19177600006514695,13.669193000168889
pid,05:09:21.523,214,-89.997,-89.981,-0.062,-90.095,30.617,-0.0,0.0,0.0,0.0,0.0,0.19406618778273937,0.0,-89.997,-89.981,-0.062,-90.095,30.0,-0.0,-89.997,-89.981,-0.062,-90.09491237450838,30.80279417228317,0.0,0.0,0.0,0.0,0.002125643138898075,4.507045840904082,0.0,0.0,0.0,0.0,8.762549161644984e-05,0.1857941722831704,0.0,-0.0550792,0.0137698,0.0757339,0.0206547,0.4406336,0.0068849,-0.008374358974254,0.012015384615234,-0.013281074480908,-0.0024662698413210004,0.0023282967033450004,0.0009658119658320001,0.6170000000000009,2.554159000283107,0.3239779998693848,0.13392400069278665,17.031602999850293
pid,05:09:21.543,215,-89.997,-89.981,-0.062,-90.095,30.623,-0.0,0.0,0.0,0.0,0.0,0.29676679245284143,0.0,-89.997,-89.981,-0.062,-90.095,30.0,-0.0,-89.997,-89.981,-0.062,-90.09491237450838,30.805164384838104,0.0,0.0,0.0,0.0,0.0021670280070858194,4.505028348962248,0.0,0.0,0.0,0.0,8.762549161644984e-05,0.18216438483810293,0.0,-0.0137698,0.0,0.0137698,-0.0206547,0.46128830000000004,-0.0068849,-0.008825152625042,0.012587545787387999,-0.01421733821716,-0.000724358974374,0.0027767094017670003,0.001103785103808,0.6230000000000011,2.155866000066453,0.3064419997826917,0.11581400030991063,17.748614000083762
pid,05:09:21.563,216,-89.997,-89.981,-0.062,-90.096,30.631,-0.0,0.0,0.0,0.0,-0.04880389099648632,0.3904311279699833,0.0,-89.997,-89.981,-0.062,-90.095,30.0,-0.0,-89.997,-89.981,-0.062,-90.0954113499999,30.808517919989587,0.0,0.0,0.0,0.0,0.014364205219867988,4.331782608526674,0.0,0.0,0.0,0.0,0.0005886500000968908,0.17751791998958666,0.0,-0.0068849,0.0068849,0.0137698,0.034424500000000004,0.1996621,-0.0068849,-0.008911843711731999,0.012760927960768,-0.013593162392991999,-0.0009485653235850001,0.0035528083028820005,0.000724358974374,0.6310007923925296,2.050329999292444,0.36366299991641426,0.11077699946326902,17.526672000713006
pid,05:09:21.583,217,-89.997,-89.981,-0.062,-90.096,30.64,-0.0,0.0,0.0,0.0,0.0,0.4453917927177647,0.0,-89.997,-89.981,-0.062,-90.095,30.0,-0.0,-89.997,-89.981,-0.062,-90.0954103396535,30.812371298285484,0.0,0.0,0.0,0.0,0.01459054882372401,4.265153419803184,0.0,0.0,0.0,0.0,0.0005896603465060934,0.17237129828548348,0.0,0.0068849,-0.0275396,0.0275396,-0.0481943,0.14458290000000001,0.0137698,-0.008825152625042,0.012050061049909999,-0.013679853479682,-0.001172771672796,0.002897435897496,0.001276251526278,0.6400007812495238,2.059978999568557,0.31260800005838973,0.11820199961221078,17.590245000064897
pid,05:09:21.604,218,-89.997,-89.981,-0.062,-90.096,30.646,-0.0,0.0,0.0,0.0,0.0,0.2964661310463557,0.0,-89.997,-89.981,-0.062,-90.095,30.0,-0.0,-89.997,-89.981,-0.062,-90.09540932773352,30.814717597981453,0.0,0.0,0.0,0.0,0.014592860130126459,4.1682544594161435,0.0,0.0,0.0,0.0,0.0005906722664832387,0.16871759798145192,0.0,0.0068849,0.034424500000000004,-0.0206547,-0.0137698,0.1790074,0.0137698,-0.008287667887564,0.01152991452977,-0.013922588522413999,-0.002017857142899,0.0036735347986110002,0.0008278388278560001,0.6460007739933452,1.986442000088573,0.31010800012154505,0.1189619997603586,17.63530100015487
pid,05:09:21.624,219,-89.997,-89.981,-0.062,-90.096,30.651,-0.0,0.0,0.0,0.0,0.0,0.247428207366807,0.0,-89.997,-89.981,-0.062,-90.095,30.0,-0.0,-89.997,-89.981,-0.062,-90.09540831733942,30.816559831424712,0.0,0.0,0.0,0.0,0.014639898003798165,4.096417230137567,0.0,0.0,0.0,0.0,0.0005916826605840697,0.1655598314247122,0.0,0.0137698,0.0,-0.0068849,0.0275396,0.13769800000000001,-0.0275396,-0.008443711843605999,0.012258119657965999,-0.013593162392991999,-0.0017074175824530002,0.0038977411478220004,-3.4493284494e-05,0.6510007680487019,2.1126080000613,0.30495999999402557,0.10861000009754207,17.51578400035214
pid,05:09:21.644,220,-89.997,-89.981,-0.062,-90.096,30.654,-0.0,0.0,0.0,0.0,0.0,0.14811964544267256,0.0,-89.997,-89.981,-0.062,-90.095,30.0,-0.0,-89.997,-89.981,-0.062,-90.09540730464458,30.81739752900219,0.0,0.0,0.0,0.0,0.01463163765000924,4.033730677002033,0.0,0.0,0.0,0.0,0.0005926953554222791,0.1633975290021894,0.0,0.0137698,0.0137698,0.0068849,-0.0206547,0.1583527,0.0481943,-0.00814896214886,0.012552869352712,-0.013679853479682,0.00020695970696400003,0.0036217948718700005,0.001052045177067,0.6540007645255469,1.988183999856119,0.2923299998656148,0.11570300011953805,17.65479999994568
pid,05:09:21.665,221,-89.997,-89.981,-0.062,-90.096,30.657,-0.0,0.0,0.0,0.0,0.0,0.14563724117177834,0.0,-89.997,-89.981,-0.062,-90.095,30.0,-0.0,-89.997,-89.981,-0.062,-90.09540627468824,30.81822084768629,0.0,0.0,0.0,0.0,0.01441141940307116,3.913293246067659,0.0,0.0,0.0,0.0,0.0005937253117593855,0.16122084768629108,0.0,0.0550792,0.0275396,-0.0137698,0.0550792,0.206547,0.034424500000000004,-0.008218315018212,0.011737973137826,-0.014026617826442,-0.000638125763139,0.003914987790069001,0.0008278388278560001,0.657000761034567,1.975423999283521,0.2852750003512483,0.1011280000966508,17.70235500043782
pid,05:09:21.685,222,-89.997,-89.981,-0.062,-90.096,30.66,-0.0,0.0,0.0,0.0,0.0,0.14828721937423225,0.0,-89.997,-89.981,-0.062,-90.095,30.0,-0.0,-89.997,-89.981,-0.062,-90.09540526313782,30.81905322440481,0.0,0.0,0.0,0.0,0.01469864592547234,3.930926729915734,0.0,0.0,0.0,0.0,0.0005947368621832538,0.1590532244048113,0.0,-0.0206547,-0.0068849,0.0275396,0.0137698,0.28916580000000003,-0.0619641,-0.008374358974254,0.012015384615234,-0.01369719169702,-0.000500152625163,0.0036907814408580005,0.000810592185609,0.660000757575323,2.052385999377293,0.3409589999137097,0.551660999917658,17.13513899994723
pid,05:09:21.706,223,-89.997,-89.981,-0.062,-90.095,30.664,-0.0,0.0,0.0,0.0,0.049034394070705735,0.19613757628195191,0.0,-89.997,-89.981,-0.062,-90.095,30.0,-0.0,-89.997,-89.981,-0.062,-90.09490526313782,30.820376148637294,0.0,0.0,0.0,0.0,0.0023226823166422957,3.8339048477518545,0.0,0.0,0.0,0.0,9.473686218086641e-05,0.15637614863729254,0.0,0.0413094,0.0137698,0.0481943,-0.0413094,0.3235903,0.0206547,-0.008114285714183999,0.012500854700698,-0.013593162392991999,0.00020695970696400003,0.00327686202693,0.0009658119658320001,0.6640000000000015,3.148338000755757,0.30838599923299626,0.1326100000369479,18.30223900014971
pid,05:09:21.727,224,-89.997,-89.981,-0.062,-90.095,30.669,-0.0,0.0,0.0,0.0,0.0,0.22648163547410638,0.0,-89.997,-89.981,-0.062,-90.095,30.0,-0.0,-89.997,-89.981,-0.062,-90.09490526313782,30.82213767816639,0.0,0.0,0.0,0.0,0.002145615948691088,3.468287180383806,0.0,0.0,0.0,0.0,9.473686218086641e-05,0.153137678166388,0.0,0.034424500000000004,-0.034424500000000004,-0.034424500000000004,-0.0,0.2685111,-0.0413094,-0.008200976800874,0.012015384615234,-0.014026617826442,-0.000638125763139,0.0035700549451290003,0.0009830586080790001,0.6690000000000005,2.1266450003167847,0.4860879998886958,0.11046200052078348,17.56876400031615
pid,05:09:21.748,225,-89.997,-89.981,-0.062,-90.095,30.676,-0.0,0.0,0.0,0.0,0.0,0.3421647184960572,0.0,-89.997,-89.981,-0.062,-90.095,30.0,-0.0,-89.997,-89.981,-0.062,-90.09490526313782,30.824946198340417,0.0,0.0,0.0,0.0,0.00231540084143425,3.640295287587277,0.0,0.0,0.0,0.0,9.473686218086641e-05,0.14894619834041833,0.0,-0.034424500000000004,-0.034424500000000004,0.0137698,-0.0550792,0.1858923,-0.0206547,-0.008911843711731999,0.012015384615234,-0.013575824175654,-0.0009485653235850001,0.0036907814408580005,0.000362179487187,0.6759999999999984,1.9402759999138652,0.285200000689656,0.09014699935505632,17.751354999745672
pid,05:09:21.768,226,-89.997,-89.981,-0.062,-90.095,30.681,-0.0,0.0,0.0,0.0,0.0,0.2471774079488323,0.0,-89.997,-89.981,-0.062,-90.095,30.0,-0.0,-89.997,-89.981,-0.062,-90.09490526313782,30.82675742179966,0.0,0.0,0.0,0.0,0.0023416812031604906,3.6027941709725946,0.0,0.0,0.0,0.0,9.473686218086641e-05,0.145757421799658,0.0,0.0,0.0137698,0.034424500000000004,0.0206547,0.1721225,-0.034424500000000004,-0.008287667887564,0.012015384615234,-0.013385103784935999,-0.001396978022007,0.004415140415232,0.00120726495729,0.6810000000000009,1.9260720000602305,0.27816400051960954,0.16809099997772137,17.901778999657836
pid,05:09:21.789,227,-89.997,-89.981,-0.062,-90.095,30.685,-0.0,0.0,0.0,0.0,0.0,0.19583765422720822,0.0,-89.997,-89.981,-0.062,-90.095,30.0,-0.0,-89.997,-89.981,-0.062,-90.09490526313782,30.82805786276674,0.0,0.0,0.0,0.0,0.002319130607348617,3.50201453287655,0.0,0.0,0.0,0.0,9.473686218086641e-05,0.14305786276674226,0.0,-0.0619641,0.0,-0.0,0.034424500000000004,0.06884900000000001,-0.0413094,-0.009137240537126,0.011807326007178,-0.013922588522413999,-0.001172771672796,0.0034838217338940005,0.0008795787545970001,0.6849999999999987,1.9043880001845537,0.39075600034266245,0.08959200022218283,17.894149999847286
pid,05:09:21.809,228,-89.997,-89.981,-0.062,-90.095,30.688,-0.0,0.0,0.0,0.0,0.0,0.14683196415235808,0.0,-89.997,-89.981,-0.062,-90.095,30.0,-0.0,-89.997,-89.981,-0.062,-90.09490526313782,30.82885501852846,0.0,0.0,0.0,0.0,0.0023183999253284715,3.4470031718750134,0.0,0.0,0.0,0.0,9.473686218086641e-05,0.1408550185284625,0.0,-0.0137698,0.0068849,0.0206547,-0.0068849,0.034424500000000004,-0.0481943,-0.008374358974254,0.012050061049909999,-0.014650793650609999,-3.4493284494e-05,0.004104700854786,0.001052045177067,0.6879999999999988,1.8778699995891657,0.34390400014672196,0.08742499994696118,18.012444999840227
pid,05:09:21.829,229,-89.997,-89.981,-0.062,-90.095,30.689,-0.0,0.0,0.0,0.0,0.0,0.048856191030927504,0.0,-89.997,-89.981,-0.062,-90.095,30.0,-0.0,-89.997,-89.981,-0.062,-90.09490526313782,30.828649887832164,0.0,0.0,0.0,0.0,0.0023142411182405205,3.411380798683749,0.0,0.0,0.0,0.0,9.473686218086641e-05,0.1396498878321637,0.0,-0.0137698,-0.034424500000000004,0.0275396,0.0413094,0.0413094,0.0137698,-0.008911843711731999,0.012015384615234,-0.013922588522413999,-0.000569139194151,0.0037770146520930002,-0.000707112332127,0.6890000000000001,1.9298319994049962,0.3766250001717708,0.09133299954555696,17.878056999506953
pid,05:09:21.850,230,-89.997,-89.981,-0.062,-90.095,30.69,-0.0,0.0,0.0,0.0,0.0,0.04895769913163141,0.0,-89.997,-89.981,-0.062,-90.095,30.0,-0.0,-89.997,-89.981,-0.062,-90.09490526313782,30.828445197852613,0.0,0.0,0.0,0.0,0.00231904939771394,3.3889791713395114,0.0,0.0,0.0,0.0,9.473686218086641e-05,0.13844519785261156,0.0,-0.0068849,-0.0413094,-0.0137698,-0.0206547,0.0895037,0.0275396,-0.008911843711731999,0.013073015872852,-0.014113308913132,-3.4493284494e-05,0.004225427350515,0.0009658119658320001,0.6900000000000013,1.9383139997444232,0.33108899970102357,0.08570299996790709,17.920724000759947
pid,05:09:21.871,231,-89.997,-89.981,-0.062,-90.095,30.692,-0.0,0.0,0.0,0.0,0.0,0.09714321448004529,0.0,-89.997,-89.981,-0.062,-90.095,30.0,-0.0,-89.997,-89.981,-0.062,-90.09490526313782,30.828732847531796,0.0,0.0,0.0,0.0,0.0023007608305553795,3.320667083563973,0.0,0.0,0.0,0.0,9.473686218086641e-05,0.13673284753179615,0.0,0.034424500000000004,-0.0275396,0.0206547,-0.0,0.0481943,-0.0,-0.007923565323466,0.011772649572502,-0.013593162392991999,-0.000638125763139,0.004570360195455,0.000586385836398,0.6920000000000002,1.982572000088112,0.28994199965381995,0.11185099992871983,17.987315000027593
pid,05:09:21.891,232,-89.997,-89.981,-0.062,-90.095,30.693,-0.0,0.0,0.0,0.0,0.0,0.04870697804054122,0.0,-89.997,-89.981,-0.062,-90.095,30.0,-0.0,-89.997,-89.981,-0.062,-90.09490526313782,30.828521450491905,0.0,0.0,0.0,0.0,0.0023071731329874544,3.3004201565617084,0.0,0.0,0.0,0.0,9.473686218086641e-05,0.135521450491904,0.0,0.0068849,-0.0206547,0.0206547,0.0413094,0.1101584,-0.0206547,-0.00814896214886,0.011425885225742,-0.013385103784935999,-0.001483211233242,0.004380647130738,0.000655372405386,0.6930000000000014,2.1793289997731335,0.3373299996383139,0.11801700020441785,17.68448599978001
pid,05:09:21.912,233,-89.997,-89.981,-0.062,-90.095,30.694,-0.0,0.0,0.0,0.0,0.0,0.04882889007881702,0.0,-89.997,-89.981,-0.062,-90.095,30.0,-0.0,-89.997,-89.981,-0.062,-90.09490526313782,30.82831080562687,0.0,0.0,0.0,0.0,0.002312947914979961,3.2791237821835306,0.0,0.0,0.0,0.0,9.473686218086641e-05,0.13431080562687114,0.0,0.0413094,-0.0068849,-0.034424500000000004,-0.0413094,0.1514678,0.0068849,-0.008218315018212,0.012795604395443999,-0.013679853479682,-0.001483211233242,0.004673840048937001,0.0008968253968440001,0.6939999999999991,1.9787390001511085,0.3083669998886762,0.11277699923084583,20.512215000053402
pid,05:09:21.935,234,-89.997,-89.981,-0.062,-90.095,30.699,-0.0,0.0,0.0,0.0,0.0,0.21594299600488825,0.0,-89.997,-89.981,-0.062,-90.095,30.0,-0.0,-89.997,-89.981,-0.062,-90.09490526313782,30.830001564284327,0.0,0.0,0.0,0.0,0.0020457761851903774,2.828887027286939,0.0,0.0,0.0,0.0,9.473686218086641e-05,0.1310015642843254,0.0,-0.0206547,-0.0275396,0.0206547,-0.0068849,0.1239282,0.0137698,-0.008443711843605999,0.012292796092642,-0.013489133088964,-0.001638431013465,0.004656593406690001,0.001052045177067,0.6990000000000016,2.00607199985825,0.2824600005624234,0.09779599986359244,17.656947999967088
pid,05:09:21.955,235,-89.997,-89.981,-0.062,-90.095,30.701,-0.0,0.0,0.0,0.0,0.0,0.09922767006938041,0.0,-89.997,-89.981,-0.062,-90.095,30.0,-0.0,-89.997,-89.981,-0.062,-90.09490526313782,30.83029510811186,0.0,0.0,0.0,0.0,0.0023501295260287994,3.2074130823288587,0.0,0.0,0.0,0.0,9.473686218086641e-05,0.12929510811185807,0.0,0.034424500000000004,0.0275396,0.0137698,-0.0206547,0.2340866,0.034424500000000004,-0.008443711843605999,0.011772649572502,-0.012847619047458,-0.000327686202693,0.0033803418804120005,0.001500457875489,0.7010000000000005,1.9175919996996527,0.3007559998877696,0.08542500017938437,17.742150999765727
pid,05:09:21.975,236,-89.997,-89.981,-0.062,-90.095,30.704,-0.0,0.0,0.0,0.0,0.0,0.14885559143983246,0.0,-89.997,-89.981,-0.062,-90.095,30.0,-0.0,-89.997,-89.981,-0.062,-90.09490526313782,30.831085695727825,0.0,0.0,0.0,0.0,0.0023503519419023635,3.152902733517872,0.0,0.0,0.0,0.0,9.473686218086641e-05,0.1270856957278248,0.0,0.0206547,-0.0206547,0.0137698,-0.0,0.2547413,0.0068849,-0.009033211233098,0.011980708180558,-0.013385103784935999,-0.001396978022007,0.004708333333431,0.001052045177067,0.7040000000000006,2.034738000475045,0.2678500004549278,0.08531399998901179,17.6866149995476
pid,05:09:21.995,237,-89.997,-89.981,-0.062,-90.095,30.708,-0.0,0.0,0.0,0.0,0.0,0.19819042668797787,0.0,-89.997,-89.981,-0.062,-90.095,30.0,-0.0,-89.997,-89.981,-0.062,-90.09490526313782,30.832371231349466,0.0,0.0,0.0,0.0,0.0023469923923941393,3.081148426109267,0.0,0.0,0.0,0.0,9.473686218086641e-05,0.12437123134946759,0.0,0.034424500000000004,-0.0481943,0.0137698,0.0206547,0.3098205,0.0068849,-0.009050549450435999,0.012240781440628,-0.013385103784935999,-0.000793345543362,0.0038287545788340004,0.001276251526278,0.7079999999999984,2.00101700011146,0.2691270001378143,0.0866290001795278,17.688615000224672
pid,05:09:22.015,238,-89.997,-89.981,-0.062,-90.095,30.714,-0.0,0.0,0.0,0.0,0.0,0.2976794889993016,0.0,-89.997,-89.981,-0.062,-90.095,30.0,-0.0,-89.997,-89.981,-0.062,-90.09490526313782,30.83465166548109,0.0,0.0,0.0,0.0,0.002350101727004361,2.992960510610378,0.0,0.0,0.0,0.0,9.473686218086641e-05,0.12065166548109119,0.0,-0.0137698,0.0137698,-0.034424500000000004,-0.0137698,0.2960507,-0.0137698,-0.00875579975569,0.013315750915583999,-0.014026617826442,-0.001172771672796,0.0033803418804120005,0.001276251526278,0.7139999999999986,1.9108140004391316,0.27073799992649583,0.08094399981928291,17.78515099977085
pid,05:09:22.035,239,-89.997,-89.981,-0.062,-90.095,30.719,-0.0,0.0,0.0,0.0,0.0,0.2480545041636394,0.0,-89.997,-89.981,-0.062,-90.095,30.0,-0.0,-89.997,-89.981,-0.062,-90.09490526313782,30.83642702635145,0.0,0.0,0.0,0.0,0.0023499905374828336,2.9128302797004952,0.0,0.0,0.0,0.0,9.473686218086641e-05,0.11742702635145008,0.0,0.0068849,0.0206547,-0.0137698,-0.0275396,0.2134319,-0.0,-0.008599755799648,0.011737973137826,-0.013922588522413999,-0.001638431013465,0.0030871489622130003,0.0009658119658320001,0.7190000000000012,1.8720919997576857,0.26690499998949235,0.07873999948060373,17.852038999990327
pid,05:09:22.056,240,-89.997,-89.981,-0.062,-90.095,30.724,-0.0,0.0,0.0,0.0,0.0,0.24775266695802364,0.0,-89.997,-89.981,-0.062,-90.095,30.0,-0.0,-89.997,-89.981,-0.062,-90.09490526313782,30.83819645903921,0.0,0.0,0.0,0.0,0.0023471310265094883,2.829247728413289,0.0,0.0,0.0,0.0,9.473686218086641e-05,0.11419645903920994,0.0,0.034424500000000004,0.0068849,0.0275396,0.0068849,0.1721225,-0.034424500000000004,-0.00892918192907,0.012604884004726,-0.013801221001048,-0.0009485653235850001,0.003949481074563,0.0016556776557120003,0.7240000000000002,1.8283140007042675,0.2656639999258914,0.07412899958580965,17.880075999528344
pid,05:09:22.076,241,-89.997,-89.981,-0.062,-90.095,30.727,-0.0,0.0,0.0,0.0,0.0,0.1462313127556768,0.0,-89.997,-89.981,-0.062,-90.095,30.0,-0.0,-89.997,-89.981,-0.062,-90.09490526313782,30.838950722726345,0.0,0.0,0.0,0.0,0.002308915953897228,2.7284501913699284,0.0,0.0,0.0,0.0,9.473686218086641e-05,0.11195072272634476,0.0,-0.034424500000000004,-0.06884900000000001,0.0413094,-0.0137698,0.0895037,-0.0,-0.007923565323466,0.012015384615234,-0.013593162392991999,0.00020695970696400003,0.0036562881563640005,0.000586385836398,0.7270000000000003,1.910961999783467,0.297089000014239,0.12222100031067384,17.720855000334268
pid,05:09:22.096,242,-89.997,-89.981,-0.062,-90.095,30.729,-0.0,0.0,0.0,0.0,0.0,0.09900398914192554,0.0,-89.997,-89.981,-0.062,-90.095,30.0,-0.0,-89.997,-89.981,-0.062,-90.09490526313782,30.83921438876009,0.0,0.0,0.0,0.0,0.0023448318187294782,2.7279160370234945,0.0,0.0,0.0,0.0,9.473686218086641e-05,0.11021438876009171,0.0,0.0413094,-0.0068849,0.0137698,-0.0137698,0.0963886,-0.0137698,-0.007923565323466,0.011772649572502,-0.013385103784935999,-0.000638125763139,0.0038977411478220004,0.00044841269842200006,0.7289999999999992,1.8934990002890117,0.27862600018124795,0.09007300013763597,17.780688000129885
pid,05:09:22.117,243,-89.997,-89.981,-0.062,-90.095,30.731,-0.0,0.0,0.0,0.0,0.0,0.09920772032747827,0.0,-89.997,-89.981,-0.062,-90.095,30.0,-0.0,-89.997,-89.981,-0.062,-90.09490526313782,30.83947755094385,0.0,0.0,0.0,0.0,0.002349657032037332,2.6904526339585395,0.0,0.0,0.0,0.0,9.473686218086641e-05,0.10847755094384937,0.0,-0.0550792,-0.0206547,-0.0,-0.0206547,0.0895037,-0.0,-0.008981196581083999,0.012258119657965999,-0.014009279609104,-0.00041391941392800006,0.006139804639932,0.000275946275952,0.7310000000000016,1.8464619997757836,0.2702189995034132,0.0760729999456089,17.820187999859627
pid,05:09:22.137,244,-89.997,-89.981,-0.062,-90.095,30.733,-0.0,0.0,0.0,0.0,0.0,0.09914909108095585,0.0,-89.997,-89.981,-0.062,-90.095,30.0,-0.0,-89.997,-89.981,-0.062,-90.09490526313782,30.83973826025343,0.0,0.0,0.0,0.0,0.002348268444329583,2.6457503719239703,0.0,0.0,0.0,0.0,9.473686218086641e-05,0.10673826025342947,0.0,0.0206547,0.0963886,-0.0,0.0206547,0.1032735,0.0137698,-0.008825152625042,0.012292796092642,-0.013281074480908,-3.4493284494e-05,0.0047428266179250006,0.001052045177067,0.7330000000000005,2.2478099999716505,0.2928300000348827,0.11388799975975417,17.384321000463387
pid,05:09:22.157,245,-89.997,-89.981,-0.062,-90.095,30.734,-0.0,0.0,0.0,0.0,0.0,0.04960679353295793,0.0,-89.997,-89.981,-0.062,-90.095,30.0,-0.0,-89.997,-89.981,-0.062,-90.09490526313782,30.839498442228795,0.0,0.0,0.0,0.0,0.0023497959811350387,2.61671972084302,0.0,0.0,0.0,0.0,9.473686218086641e-05,0.10549844222879301,0.0,0.0619641,-0.034424500000000004,0.0757339,0.0275396,0.0275396,0.0068849,-0.008651770451661999,0.011477899877756,-0.013385103784935999,-0.000638125763139,0.0052947191698290005,0.0009830586080790001,0.7340000000000018,1.8478879992471775,0.2683120001165662,0.07585100047435844,17.854668999461865
