controller,timestamp,loop,q0,q1,q2,q3,q4,q5,qvel0,qvel1,qvel2,qvel3,qvel4,qvel5,target0,target1,target2,target3,target4,target5,cmd_pos0,cmd_pos1,cmd_pos2,cmd_pos3,cmd_pos4,cmd_pos5,cmd_vel0,cmd_vel1,cmd_vel2,cmd_vel3,cmd_vel4,cmd_vel5,u0,u1,u2,u3,u4,u5,hal_vel0,hal_vel1,hal_vel2,hal_vel3,hal_vel4,hal_vel5,hal_torq0,hal_torq1,hal_torq2,hal_torq3,hal_torq4,hal_torq5,err_norm,poll_ms,solve_ms,hal_write_ms,sleep_ms
invdyn,00:57:18.636,1,-90.009,-89.982,0.021,-89.96,-40.237,0.002,0.0,0.0,0.0,0.0,0.0,0.0,-90.009,-89.982,0.021,-89.96,-30.0,0.002,-90.009,-89.982,0.021,-89.96,-35.1185,0.002,0.0,0.0,0.0,0.0,127.96250000000002,0.0,0.0,0.0,0.0,0.0,5.1185000000000045,0.0,0.0068849,-0.0275396,-0.0137698,0.0481943,0.1583527,-0.0,0.01283028083012,-0.007195360195269999,0.00364102564098,0.001190018315043,0.000586385836398,0.0019661172161580002,10.237000000000002,2.916354999797477,0.41217800026061013,0.18540399923949735,16.564909999942756
invdyn,00:57:18.656,2,-90.009,-89.982,0.021,-89.96,-40.235,0.002,0.0,0.0,0.0,0.0,0.09603773455310717,0.0,-90.009,-89.982,0.021,-89.96,-30.0,0.002,-90.009,-89.982,0.021,-89.96,-35.1175,0.002,0.0,0.0,0.0,0.0,122.86827664373132,0.0,0.0,0.0,0.0,0.0,5.1175,0.0,0.0275396,0.0137698,0.0413094,-0.06884900000000001,0.1652376,-0.0068849,0.01231013430998,-0.007438095238002,0.003658363858318,0.000155219780223,0.006950396825541,0.001569444444477,10.235,2.5910099993780022,0.24706900057935854,0.10303500039299252,17.434469000363606
invdyn,00:57:18.678,3,-90.009,-89.982,0.021,-89.96,-40.233,0.002,0.0,0.0,0.0,0.0,0.0949077126727941,0.0,-90.009,-89.982,0.021,-89.96,-30.0,0.002,-90.009,-89.982,0.021,-89.96,-35.1165,0.002,0.0,0.0,0.0,0.0,121.39882797243935,0.0,0.0,0.0,0.0,0.0,5.116499999999995,0.0,-0.034424500000000004,-0.0068849,0.034424500000000004,-0.0275396,0.206547,-0.0068849,0.01248351648336,-0.006900610500524,0.003918437118388,0.000155219780223,0.005553418803534001,0.0019661172161580002,10.232999999999997,3.215961000023526,0.33404899932065746,0.11923900001420407,16.85483000073873
invdyn,00:57:18.699,4,-90.009,-89.982,0.021,-89.96,-40.23,0.002,0.0,0.0,0.0,0.0,0.141016608763874,0.0,-90.009,-89.982,0.021,-89.96,-30.0,0.002,-90.009,-89.982,0.021,-89.96,-35.114999999999995,0.002,0.0,0.0,0.0,0.0,120.21665897119799,0.0,0.0,0.0,0.0,0.0,5.115000000000002,0.0,0.0137698,0.0481943,-0.0137698,0.0137698,4.6266528000000005,0.0206547,0.013125030524865999,-0.006640537240454,0.003918437118388,0.001069291819314,0.008485347985524,0.002276556776604,10.229999999999997,2.0591120000972296,0.2292359995408333,0.09273900013795355,17.950218999430945
invdyn,00:57:18.719,5,-90.009,-89.982,0.021,-89.96,-40.226,0.002,0.0,0.0,0.0,0.0,0.1951814977254988,0.0,-90.009,-89.982,0.021,-89.96,-30.0,0.002,-90.009,-89.982,0.021,-89.96,-35.113,0.002,0.0,0.0,0.0,0.0,124.74537473387855,0.0,0.0,0.0,0.0,0.0,5.1129999999999995,0.0,0.0,0.0413094,0.0068849,-0.0413094,8.3651535,0.0068849,0.012795604395443999,-0.0069352869352,0.00364102564098,0.000586385836398,0.002138583638628,0.0025007631258150004,10.225999999999999,2.0069079992026673,0.28140199992776616,0.08873900060279993,18.145197000194457
invdyn,00:57:18.740,6,-90.009,-89.982,0.021,-89.96,-40.176,0.002,0.0,0.0,0.0,0.0,2.4180795129599217,0.0,-90.009,-89.982,0.021,-89.96,-30.0,0.002,-90.009,-89.982,0.021,-89.96,-35.088,0.002,0.0,0.0,0.0,0.0,123.03188561940783,0.0,0.0,0.0,0.0,0.0,5.088000000000001,0.0,-0.0619641,-0.0068849,-0.0481943,-0.0,7.711088,0.0275396,0.013125030524865999,-0.007160683760593999,0.0033809523809099997,0.00051739926741,0.002104090354134,0.002121336996381,10.176000000000002,2.0531860000119195,0.22293999973044265,0.0850730002639466,18.164363000323647
invdyn,00:57:18.761,7,-90.009,-89.982,0.021,-89.96,-40.032,0.002,0.0,0.0,0.0,0.0,6.946128622688643,0.0,-90.009,-89.982,0.021,-89.96,-30.0,0.002,-90.009,-89.982,0.021,-89.96,-35.016,0.002,0.0,0.0,0.0,0.0,120.9784068451559,0.0,0.0,0.0,0.0,0.0,5.015999999999998,0.0,0.0137698,0.0,-0.0,0.0137698,6.6921228,0.0275396,0.013211721611556,-0.006969963369876,0.005305494505428,0.000707112332127,0.006364010989143001,0.001586691086724,10.031999999999996,2.023871000346844,0.22703299964632606,0.0842949993966613,18.074530999911076
invdyn,00:57:18.781,8,-90.009,-89.982,0.021,-89.96,-39.871,0.002,0.0,0.0,0.0,0.0,7.827643116298739,0.0,-90.009,-89.982,0.021,-89.96,-30.0,0.002,-90.009,-89.982,0.021,-89.96,-34.935500000000005,0.002,0.0,0.0,0.0,0.0,119.97929379035345,0.0,0.0,0.0,0.0,0.0,4.9354999999999976,0.0,0.0068849,-0.0206547,-0.0275396,-0.0206547,7.9727142,0.0068849,0.013021001220838,-0.007143345543256,0.0033462759462339997,0.001138278388302,0.0032596153846830003,0.001586691086724,9.871000000000002,2.156962000299245,0.23297699954127893,0.15971900029398967,18.016125000031025
invdyn,00:57:18.802,9,-90.009,-89.982,0.021,-89.96,-39.718,0.002,0.0,0.0,0.0,0.0,7.366537089331159,0.0,-90.009,-89.982,0.021,-89.96,-30.0,0.002,-90.009,-89.982,0.021,-89.96,-34.859,0.002,0.0,0.0,0.0,0.0,116.97386835640658,0.0,0.0,0.0,0.0,0.0,4.859000000000002,0.0,0.0275396,0.0,-0.0,0.0206547,7.6284692000000005,-0.0550792,0.01239682539667,-0.006657875457791999,0.003935775335726,0.000707112332127,0.001069291819314,0.0018798840049230002,9.718000000000004,2.481585999703384,0.4768070002683089,0.13675700029125437,17.50139300020237
invdyn,00:57:18.823,10,-90.009,-89.982,0.021,-89.96,-39.578,0.002,0.0,0.0,0.0,0.0,6.733742646468612,0.0,-90.009,-89.982,0.021,-89.96,-30.0,0.002,-90.009,-89.982,0.021,-89.96,-34.789,0.002,0.0,0.0,0.0,0.0,115.17104833549308,0.0,0.0,0.0,0.0,0.0,4.7890000000000015,0.0,-0.034424500000000004,0.0137698,0.0413094,0.0275396,7.1465262,-0.034424500000000004,0.013541147740978,-0.007420757020664,0.0033636141635719997,0.000638125763139,0.0037080280831050002,0.002190323565369,9.578000000000003,2.0821110001634224,0.23355099983746186,0.11533099950611359,17.711445000713866
invdyn,00:57:18.844,11,-90.009,-89.982,0.021,-89.96,-39.419,0.001,0.0,0.0,0.0,0.0,7.759638089919311,-0.04880275528250954,-90.009,-89.982,0.021,-89.96,-30.0,0.002,-90.009,-89.982,0.021,-89.96,-34.7095,0.0015,0.0,0.0,0.0,0.0,114.9182880014893,0.012200688820627385,0.0,0.0,0.0,0.0,4.7094999999999985,0.0005,0.0206547,0.0275396,-0.0206547,0.0275396,7.1740658,-0.0275396,0.013645177045006,-0.00797557997548,0.003935775335726,0.000758852258868,0.004208180708268,0.002035103785146,9.419000053084188,2.1814239999002893,0.2346440005567274,0.10114599990629358,17.642539000007673
invdyn,00:57:18.864,12,-90.009,-89.982,0.021,-89.96,-39.267,0.002,0.0,0.0,0.0,0.0,7.3837393650901,0.048577232665068394,-90.009,-89.982,0.021,-89.96,-30.0,0.002,-90.009,-89.982,0.021,-89.96,-34.6335,0.002,0.0,0.0,0.0,0.0,112.54130377679724,0.0,0.0,0.0,0.0,0.0,4.633500000000005,0.0,0.0,-0.0550792,-0.0550792,0.0206547,7.4563467,-0.0275396,0.012795604395443999,-0.00641514041506,0.003086202686164,0.001190018315043,0.00103479853482,0.0017419108669470002,9.267000000000003,2.1161300001040217,0.28840199956903234,0.10503500016056933,17.88879400010046
invdyn,00:57:18.884,13,-90.009,-89.982,0.021,-89.96,-39.131,0.002,0.0,0.0,0.0,0.0,6.615161127218041,0.0,-90.009,-89.982,0.021,-89.96,-30.0,0.002,-90.009,-89.982,0.021,-89.96,-34.5655,0.002,0.0,0.0,0.0,0.0,111.03499311144614,0.0,0.0,0.0,0.0,0.0,4.5655,0.0,-0.034424500000000004,0.0137698,0.0068849,-0.0,7.1947205,-0.0275396,0.013125030524865999,-0.007247374847284,0.004750671550612,0.001069291819314,0.0018971306471700002,0.002035103785146,9.131,2.498640999874624,0.2315700003236998,0.11301699942123378,17.579039999873203
invdyn,00:57:18.905,14,-90.009,-89.982,0.021,-89.96,-38.983,0.002,0.0,0.0,0.0,0.0,7.188181662382334,0.0,-90.009,-89.982,0.021,-89.96,-30.0,0.002,-90.009,-89.982,0.021,-89.96,-34.4915,0.002,0.0,0.0,0.0,0.0,109.07337140739708,0.0,0.0,0.0,0.0,0.0,4.491499999999995,0.0,-0.0619641,-0.0137698,-0.0275396,-0.0,6.4236117,0.0137698,0.012986324786161999,-0.006883272283186,0.003086202686164,0.001121031746055,0.004208180708268,0.0016556776557120003,8.982999999999997,2.156886999728158,0.2449769999657292,0.13897900043957634,17.78955500049051
invdyn,00:57:18.926,15,-90.009,-89.982,0.021,-89.96,-38.696,0.002,0.0,0.0,0.0,0.0,13.963660120407809,0.0,-90.009,-89.982,0.021,-89.96,-30.0,0.002,-90.009,-89.982,0.021,-89.96,-34.348,0.002,0.0,0.0,0.0,0.0,105.77350906538909,0.0,0.0,0.0,0.0,0.0,4.347999999999999,0.0,0.034424500000000004,0.0137698,-0.0550792,0.0619641,7.1396413,-0.0550792,0.013125030524865999,-0.007750183150086,0.003086202686164,0.001190018315043,0.0035010683761410003,0.001500457875489,8.695999999999998,2.436105000015232,0.22956999964662828,0.10064700018119765,17.752388999724644
invdyn,00:57:18.946,16,-90.009,-89.982,0.021,-89.96,-38.571,0.002,0.0,0.0,0.0,0.0,6.018343568845778,0.0,-90.009,-89.982,0.021,-89.96,-30.0,0.002,-90.009,-89.982,0.021,-89.96,-34.2855,0.002,0.0,0.0,0.0,0.0,103.16644545715431,0.0,0.0,0.0,0.0,0.0,4.285499999999999,0.0,0.034424500000000004,-0.0206547,0.0068849,-0.0137698,7.0294829000000005,-0.0619641,0.011980708180558,-0.006380463980384,0.004473260073204,0.0008795787545970001,0.0029836691087310003,0.0025007631258150004,8.570999999999998,1.9373169998289086,0.29999399976077257,0.09627599956729682,18.00420000017766
invdyn,00:57:18.967,17,-90.009,-89.982,0.021,-89.96,-38.429,0.002,0.0,0.0,0.0,0.0,6.915587798845637,0.0,-90.009,-89.982,0.021,-89.96,-30.0,0.002,-90.009,-89.982,0.021,-89.96,-34.2145,0.002,0.0,0.0,0.0,0.0,102.62586189519644,0.0,0.0,0.0,0.0,0.0,4.214500000000001,0.0,0.0275396,0.0206547,0.0206547,0.0206547,6.747202000000001,-0.0206547,0.012500854700698,-0.007680830280734,0.0033636141635719997,0.001121031746055,0.0029491758242370003,0.0019661172161580002,8.429000000000002,1.9822799995381502,0.22555099985765992,0.08310999965033261,18.225805999463773
invdyn,00:57:18.988,18,-90.009,-89.982,0.021,-89.96,-38.285,0.002,0.0,0.0,0.0,0.0,6.952445247660641,0.0,-90.009,-89.982,0.021,-89.96,-30.0,0.002,-90.009,-89.982,0.021,-89.96,-34.1425,0.002,0.0,0.0,0.0,0.0,100.00175152233716,0.0,0.0,0.0,0.0,0.0,4.142499999999998,0.0,-0.0619641,-0.0619641,-0.06884900000000001,-0.034424500000000004,6.0036328,-0.0,0.013021001220838,-0.007247374847284,0.00364102564098,0.001190018315043,0.004984279609383,0.002121336996381,8.284999999999997,2.0628900001611328,0.2246630001536687,0.08705399977770867,18.15273300053377
invdyn,00:57:19.008,19,-90.009,-89.982,0.021,-89.96,-38.165,0.002,0.0,0.0,0.0,0.0,5.802855561704359,0.0,-90.009,-89.982,0.021,-89.96,-30.0,0.002,-90.009,-89.982,0.021,-89.96,-34.082499999999996,0.002,0.0,0.0,0.0,0.0,98.70899096107728,0.0,0.0,0.0,0.0,0.0,4.082500000000003,0.0,-0.0206547,0.034424500000000004,-0.0137698,-0.034424500000000004,6.3547627,-0.0,0.012708913308754,-0.007195360195269999,0.004178510378458,0.000707112332127,0.0035010683761410003,0.0018108974359350002,8.165,2.1927759999016416,0.2577539999037981,0.12659099957090802,18.046958000013547
invdyn,00:57:19.029,20,-90.009,-89.982,0.021,-89.96,-38.047,0.002,0.0,0.0,0.0,0.0,5.666680467140014,0.0,-90.009,-89.982,0.021,-89.96,-30.0,0.002,-90.009,-89.982,0.021,-89.96,-34.0235,0.002,0.0,0.0,0.0,0.0,96.609698557362,0.0,0.0,0.0,0.0,0.0,4.0234999999999985,0.0,0.0068849,-0.0137698,-0.0275396,-0.0068849,6.368532500000001,0.0137698,0.013021001220838,-0.007212698412608,0.005305494505428,0.000586385836398,0.0024317765568270004,0.0017419108669470002,8.046999999999997,2.0989069998904597,0.23090300055628177,0.09868399956758367,18.13464099996054
invdyn,00:57:19.050,21,-90.009,-89.982,0.021,-89.96,-37.911,0.002,0.0,0.0,0.0,0.0,6.390819140235297,0.0,-90.009,-89.982,0.021,-89.96,-30.0,0.002,-90.009,-89.982,0.021,-89.96,-33.9555,0.002,0.0,0.0,0.0,0.0,92.93707760735855,0.0,0.0,0.0,0.0,0.0,3.9555000000000007,0.0,0.06884900000000001,-0.0275396,-0.0137698,0.0206547,6.368532500000001,-0.0068849,0.012934310134148,-0.007195360195269999,0.004213186813134,0.00022420634921100003,0.0017764041514410002,0.0018971306471700002,7.911000000000001,2.0078540001122747,0.277957999969658,0.08784999954514205,18.211343999610108
invdyn,00:57:19.071,22,-90.009,-89.982,0.021,-89.96,-37.79,0.002,0.0,0.0,0.0,0.0,5.831580456864565,0.0,-90.009,-89.982,0.021,-89.96,-30.0,0.002,-90.009,-89.982,0.021,-89.96,-33.894999999999996,0.002,0.0,0.0,0.0,0.0,93.85952842763247,0.0,0.0,0.0,0.0,0.0,3.895000000000003,0.0,0.0757339,0.0,-0.0137698,0.034424500000000004,5.6180784,0.0413094,0.012726251526091999,-0.0069352869352,0.003086202686164,0.00041391941392800006,0.004553113553208,0.0016556776557120003,7.789999999999999,2.263108000079228,0.2309219999006018,0.10877600016101496,17.938701000275614
invdyn,00:57:19.092,23,-90.009,-89.982,0.021,-89.96,-37.672,0.002,0.0,0.0,0.0,0.0,5.699373230921692,0.0,-90.009,-89.982,0.021,-89.96,-30.0,0.002,-90.009,-89.982,0.021,-89.96,-33.836,0.002,0.0,0.0,0.0,0.0,92.63896488904751,0.0,0.0,0.0,0.0,0.0,3.8359999999999985,0.0,-0.0413094,0.0,-0.0275396,0.0137698,5.9623234,-0.0275396,0.013021001220838,-0.0069352869352,0.0039010989010499998,0.00041391941392800006,0.0035873015873760005,0.002190323565369,7.671999999999997,2.055519000350614,0.6511920000775717,0.1032009995469707,18.035514000075636
invdyn,00:57:19.113,24,-90.009,-89.982,0.021,-89.96,-37.554,0.002,0.0,0.0,0.0,0.0,5.603802898550487,0.0,-90.009,-89.982,0.021,-89.96,-30.0,0.002,-90.009,-89.982,0.021,-89.96,-33.777,0.002,0.0,0.0,0.0,0.0,89.68459130434785,0.0,0.0,0.0,0.0,0.0,3.777000000000001,0.0,-0.0068849,0.0068849,-0.0275396,0.0206547,6.1413308,0.0137698,0.012726251526091999,-0.00684859584851,0.00364102564098,0.001121031746055,0.002483516483568,0.0018971306471700002,7.554000000000002,1.9565390002753702,0.5915450001339195,0.13421999938145746,17.665390999354713
invdyn,00:57:19.133,25,-90.009,-89.982,0.021,-89.96,-37.436,0.002,0.0,0.0,0.0,0.0,5.735634163866135,0.0,-90.009,-89.982,0.021,-89.96,-30.0,0.002,-90.009,-89.982,0.021,-89.96,-33.718,0.002,0.0,0.0,0.0,0.0,90.36054161548267,0.0,0.0,0.0,0.0,0.0,3.7179999999999964,0.0,-0.0550792,0.0413094,-0.0137698,0.0206547,5.6043086,0.0137698,0.012916971916809999,-0.006640537240454,0.0033636141635719997,0.0008968253968440001,0.002655982906038,0.0019661172161580002,7.436,1.9850580001730123,0.2678279997780919,0.17677399955573492,18.115697000212094
invdyn,00:57:19.154,26,-90.009,-89.982,0.021,-89.96,-37.312,0.002,0.0,0.0,0.0,0.0,5.984692258124019,0.0,-90.009,-89.982,0.021,-89.96,-30.0,0.002,-90.009,-89.982,0.021,-89.96,-33.656,0.002,0.0,0.0,0.0,0.0,88.22594716008466,0.0,0.0,0.0,0.0,0.0,3.655999999999999,0.0,0.0206547,0.034424500000000004,-0.0206547,0.0550792,5.1292505,-0.0137698,0.012847619047458,-0.00745543345534,0.00364102564098,0.001190018315043,0.004173687423774,0.002035103785146,7.311999999999998,3.1799059997865697,0.2519770005164901,0.12414600041665835,16.983532000267587
invdyn,00:57:19.175,27,-90.009,-89.982,0.021,-89.96,-37.202,0.002,0.0,0.0,0.0,0.0,5.311079083688242,0.0,-90.009,-89.982,0.021,-89.96,-30.0,0.002,-90.009,-89.982,0.021,-89.96,-33.601,0.002,0.0,0.0,0.0,0.0,86.93270809255206,0.0,0.0,0.0,0.0,0.0,3.600999999999999,0.0,0.0481943,0.0,-0.0068849,-0.034424500000000004,5.9485536,-0.0206547,0.012708913308754,-0.006969963369876,0.004213186813134,0.000586385836398,0.001396978022007,0.0019661172161580002,7.201999999999998,2.2697379999954137,0.24427300013485365,0.10547900001256494,17.433264999453968
invdyn,00:57:19.195,28,-90.009,-89.982,0.021,-89.96,-37.096,0.002,0.0,0.0,0.0,0.0,5.244364254034243,0.0,-90.009,-89.982,0.021,-89.96,-30.0,0.002,-90.009,-89.982,0.021,-89.96,-33.548,0.002,0.0,0.0,0.0,0.0,87.76888855336412,0.0,0.0,0.0,0.0,0.0,3.5479999999999947,0.0,-0.0068849,0.0550792,-0.0206547,-0.0068849,5.5905388,0.0206547,0.012708913308754,-0.0069352869352,0.0033462759462339997,0.001000305250326,0.002138583638628,0.0019661172161580002,7.0959999999999965,2.0917410001857206,0.24056999973254278,0.11457200071163243,17.606762000468734
invdyn,00:57:19.215,29,-90.009,-89.982,0.021,-89.96,-36.988,0.002,0.0,0.0,0.0,0.0,5.3424952765097755,0.0,-90.009,-89.982,0.021,-89.96,-30.0,0.002,-90.009,-89.982,0.021,-89.96,-33.494,0.002,0.0,0.0,0.0,0.0,86.41980785243368,0.0,0.0,0.0,0.0,0.0,3.4939999999999998,0.0,-0.0413094,-0.0275396,-0.0206547,-0.0550792,5.50792,-0.0137698,0.012795604395443999,-0.006657875457791999,0.004178510378458,0.00034493284494,0.001224511599537,0.0018108974359350002,6.9879999999999995,2.211590000115393,0.24973600011435337,0.12434900054358877,17.461024000112957
invdyn,00:57:19.236,30,-90.009,-89.982,0.021,-89.96,-36.877,0.002,0.0,0.0,0.0,0.0,5.479717332454366,0.0,-90.009,-89.982,0.021,-89.96,-30.0,0.002,-90.009,-89.982,0.021,-89.96,-33.438500000000005,0.002,0.0,0.0,0.0,0.0,84.87391012452629,0.0,0.0,0.0,0.0,0.0,3.4384999999999977,0.0,0.0,-0.0137698,-0.0,-0.0757339,4.6404226,-0.0068849,0.012708913308754,-0.007195360195269999,0.0050280830280199995,0.00046565934066900006,0.005674145299263001,0.002035103785146,6.8770000000000024,2.2307939998427173,0.23784800032444764,0.2588839997770265,18.08119799989072
invdyn,00:57:19.258,31,-90.009,-89.982,0.021,-89.96,-36.767,0.002,0.0,0.0,0.0,0.0,4.888517996588199,0.0,-90.009,-89.982,0.021,-89.96,-30.0,0.002,-90.009,-89.982,0.021,-89.96,-33.3835,0.002,0.0,0.0,0.0,0.0,75.1831847338921,0.0,0.0,0.0,0.0,0.0,3.383500000000005,0.0,0.0,-0.0275396,-0.0206547,0.0757339,4.9433582000000005,-0.0206547,0.01283028083012,-0.008200976800874,0.003658363858318,0.0008968253968440001,0.005329212454323,0.0018108974359350002,6.767000000000003,3.256276000684011,0.24886600022000493,0.12166399937996175,17.241083000044455
invdyn,00:57:19.279,32,-90.009,-89.982,0.021,-89.96,-36.661,0.002,0.0,0.0,0.0,0.0,5.033867641897249,0.0,-90.009,-89.982,0.021,-89.96,-30.0,0.002,-90.009,-89.982,0.021,-89.96,-33.3305,0.002,0.0,0.0,0.0,0.0,79.08158576103081,0.0,0.0,0.0,0.0,0.0,3.3305000000000007,0.0,0.0206547,0.0137698,-0.0068849,-0.0,5.6800425,-0.0206547,0.012691575091416,-0.007195360195269999,0.004178510378458,0.000655372405386,0.001345238095266,0.0019661172161580002,6.661000000000001,3.310422999675211,0.26542200066614896,0.18075600019074045,16.826312999910442
invdyn,00:57:19.300,33,-90.009,-89.982,0.021,-89.96,-36.46,0.002,0.0,0.0,0.0,0.0,9.675941466102012,0.0,-90.009,-89.982,0.021,-89.96,-30.0,0.002,-90.009,-89.982,0.021,-89.96,-33.230000000000004,0.002,0.0,0.0,0.0,0.0,77.74450481470005,0.0,0.0,0.0,0.0,0.0,3.229999999999997,0.0,-0.0137698,-0.0481943,-0.0275396,-0.0068849,5.2876032,-0.0068849,0.01239682539667,-0.0076981684980719995,0.002531379731348,0.000776098901115,0.0019316239316640002,0.002276556776604,6.460000000000001,2.2742739993191208,0.27303200022288365,0.10955299967463361,17.396802999428473
invdyn,00:57:19.320,34,-90.009,-89.982,0.021,-89.96,-36.356,0.002,0.0,0.0,0.0,0.0,5.14365445433638,0.0,-90.009,-89.982,0.021,-89.96,-30.0,0.002,-90.009,-89.982,0.021,-89.96,-33.178,0.002,0.0,0.0,0.0,0.0,78.58910507635166,0.0,0.0,0.0,0.0,0.0,3.1780000000000044,0.0,-0.0137698,0.0137698,0.034424500000000004,0.0481943,4.7436961,-0.0137698,0.01239682539667,-0.007143345543256,0.003918437118388,0.00051739926741,0.002190323565369,0.0017419108669470002,6.356000000000002,2.6357859997006017,0.2646249995450489,0.1476639999964391,16.99190199997247
invdyn,00:57:19.340,35,-90.009,-89.982,0.021,-89.96,-36.259,0.002,0.0,0.0,0.0,0.0,4.797956130006197,0.0,-90.009,-89.982,0.021,-89.96,-30.0,0.002,-90.009,-89.982,0.021,-89.96,-33.1295,0.002,0.0,0.0,0.0,0.0,77.39795726213501,0.0,0.0,0.0,0.0,0.0,3.1295,0.0,0.0137698,0.0413094,0.0137698,0.0068849,4.1171702,-0.034424500000000004,0.012500854700698,-0.00745543345534,0.003935775335726,0.000707112332127,0.0050187728938770005,0.0017419108669470002,6.259,2.430642000035732,0.2271450002808706,0.0950719995671534,17.306452999946487
invdyn,00:57:19.361,36,-90.009,-89.982,0.021,-89.96,-36.163,0.002,0.0,0.0,0.0,0.0,4.748828682627848,0.0,-90.009,-89.982,0.021,-89.96,-30.0,0.002,-90.009,-89.982,0.021,-89.96,-33.0815,0.002,0.0,0.0,0.0,0.0,76.21622700790184,0.0,0.0,0.0,0.0,0.0,3.0814999999999984,0.0,-0.0206547,-0.0068849,0.0275396,-0.0619641,4.2961776,0.0068849,0.013801221001048,-0.0069352869352,0.003935775335726,0.00034493284494,0.004501373626467,0.001586691086724,6.162999999999997,1.967854000213265,0.2224769996246323,0.0773130004745326,17.79594400068163
invdyn,00:57:19.381,37,-90.009,-89.982,0.021,-89.96,-36.088,0.002,0.0,0.0,0.0,0.0,3.7013354669425707,0.0,-90.009,-89.982,0.021,-89.96,-30.0,0.002,-90.009,-89.982,0.021,-89.96,-33.044,0.002,0.0,0.0,0.0,0.0,75.11243440915885,0.0,0.0,0.0,0.0,0.0,3.044000000000004,0.0,0.0206547,0.0137698,-0.0275396,-0.0137698,4.9433582000000005,-0.0,0.012916971916809999,-0.006103052502976,0.003918437118388,0.001069291819314,0.00224206349211,0.0018108974359350002,6.088000000000001,1.9294660005471087,0.22195899964572163,0.07701799950154964,17.831832999945618
invdyn,00:57:19.401,38,-90.009,-89.982,0.021,-89.96,-35.992,0.002,0.0,0.0,0.0,0.0,4.749612909314137,0.0,-90.009,-89.982,0.021,-89.96,-30.0,0.002,-90.009,-89.982,0.021,-89.96,-32.995999999999995,0.002,0.0,0.0,0.0,0.0,74.1137514390865,0.0,0.0,0.0,0.0,0.0,2.996000000000002,0.0,0.0068849,0.0206547,0.0275396,0.0137698,4.8331998,0.0275396,0.012604884004726,-0.0069352869352,0.003935775335726,0.0009485653235850001,0.002793956044014,0.0018971306471700002,5.991999999999997,1.9325579996802844,0.21971800015307963,0.07512899992434541,17.831035999734013
invdyn,00:57:19.421,39,-90.009,-89.982,0.021,-89.96,-35.897,0.002,0.0,0.0,0.0,0.0,4.701080475229713,0.0,-90.009,-89.982,0.021,-89.96,-30.0,0.002,-90.009,-89.982,0.021,-89.96,-32.948499999999996,0.002,0.0,0.0,0.0,0.0,72.95334621692089,0.0,0.0,0.0,0.0,0.0,2.948500000000003,0.0,-0.0068849,0.0,-0.0619641,-0.0,5.0122072,0.0275396,0.012535531135374,-0.007247374847284,0.0033636141635719997,0.0009485653235850001,0.001327991453019,0.001500457875489,5.8969999999999985,1.9690399994942709,0.31845800003793556,0.12972000058653066,17.61778000036429
invdyn,00:57:19.441,40,-90.009,-89.982,0.021,-89.96,-35.8,0.002,0.0,0.0,0.0,0.0,4.800616974831626,0.0,-90.009,-89.982,0.021,-89.96,-30.0,0.002,-90.009,-89.982,0.021,-89.96,-32.9,0.002,0.0,0.0,0.0,0.0,71.76180013923465,0.0,0.0,0.0,0.0,0.0,2.8999999999999986,0.0,0.0137698,0.0413094,-0.0137698,0.0068849,4.7023867,0.0068849,0.012414163614008,-0.007386080585988,0.002808791208756,0.00046565934066900006,0.0023282967033450004,0.0023627899878390004,5.799999999999997,1.9864840005539008,0.24606999977550004,0.11642399931588443,17.83973999954469
invdyn,00:57:19.462,41,-90.009,-89.982,0.021,-89.96,-35.704,0.002,0.0,0.0,0.0,0.0,4.600383703128047,0.0,-90.009,-89.982,0.021,-89.96,-30.0,0.002,-90.009,-89.982,0.021,-89.96,-32.852000000000004,0.002,0.0,0.0,0.0,0.0,68.33486625688367,0.0,0.0,0.0,0.0,0.0,2.8519999999999968,0.0,0.0,-0.0068849,0.0068849,-0.0413094,3.8142346000000003,0.0481943,0.012414163614008,-0.006657875457791999,0.0033636141635719997,0.001534951159983,0.006001831501956,0.0025007631258150004,5.704000000000001,3.5738260003199684,0.2479029999449267,0.12381299984554062,16.650557000502886
invdyn,00:57:19.483,42,-90.009,-89.982,0.021,-89.96,-35.619,0.002,0.0,0.0,0.0,0.0,4.092755513207631,0.0,-90.009,-89.982,0.021,-89.96,-30.0,0.002,-90.009,-89.982,0.021,-89.96,-32.8095,0.002,0.0,0.0,0.0,0.0,67.63880361386309,0.0,0.0,0.0,0.0,0.0,2.8095,0.0,0.0275396,-0.034424500000000004,-0.0206547,-0.0275396,3.9863571,0.0275396,0.01283028083012,-0.0069352869352,0.003086202686164,0.0008968253968440001,0.0048118131869130006,0.002104090354134,5.619,3.102093000052264,0.33160499970108503,0.13932999991084216,16.989161999845237
invdyn,00:57:19.504,43,-90.009,-89.982,0.021,-89.96,-35.543,0.002,0.0,0.0,0.0,0.0,3.6612542812841227,0.0,-90.009,-89.982,0.021,-89.96,-30.0,0.002,-90.009,-89.982,0.021,-89.96,-32.7715,0.002,0.0,0.0,0.0,0.0,66.75767263538735,0.0,0.0,0.0,0.0,0.0,2.771499999999996,0.0,0.0206547,-0.0206547,-0.0275396,0.0137698,4.750581,-0.0137698,0.01231013430998,-0.006900610500524,0.003935775335726,0.001121031746055,0.00012072649572900001,0.0018798840049230002,5.542999999999999,2.2489600005428656,0.2444040001137182,0.11955300033150706,17.44206200055487
invdyn,00:57:19.524,44,-90.009,-89.982,0.021,-89.96,-35.453,0.002,0.0,0.0,0.0,0.0,4.448197211976768,0.0,-90.009,-89.982,0.021,-89.96,-30.0,0.002,-90.009,-89.982,0.021,-89.96,-32.7265,0.002,0.0,0.0,0.0,0.0,67.37783165808425,0.0,0.0,0.0,0.0,0.0,2.7265000000000015,0.0,-0.0275396,-0.0137698,-0.0619641,0.0550792,4.7918904,0.0137698,0.012934310134148,-0.00745543345534,0.0039010989010499998,0.0008795787545970001,0.000189713064717,0.002276556776604,5.453000000000003,2.20216499928938,0.24918100007198518,0.1273120005862438,17.46407900009217
invdyn,00:57:19.544,45,-90.009,-89.982,0.021,-89.96,-35.357,0.002,0.0,0.0,0.0,0.0,4.748660667743979,0.0,-90.009,-89.982,0.021,-89.96,-30.0,0.002,-90.009,-89.982,0.021,-89.96,-32.6785,0.002,0.0,0.0,0.0,0.0,66.24628957579044,0.0,0.0,0.0,0.0,0.0,2.6784999999999997,0.0,-0.0619641,0.0,0.034424500000000004,-0.0206547,4.475185,0.0068849,0.012691575091416,-0.00641514041506,0.004230525030472,0.001241758241784,0.001121031746055,0.002190323565369,5.356999999999999,2.2144609993119957,0.22975600040808786,0.09388699982082471,17.518930000733235
invdyn,00:57:19.565,46,-90.009,-89.982,0.021,-89.96,-35.271,0.002,0.0,0.0,0.0,0.0,4.254359729200503,0.0,-90.009,-89.982,0.021,-89.96,-30.0,0.002,-90.009,-89.982,0.021,-89.96,-32.6355,0.002,0.0,0.0,0.0,0.0,65.18816899016348,0.0,0.0,0.0,0.0,0.0,2.6355000000000004,0.0,-0.0068849,0.034424500000000004,-0.0,0.0481943,4.2479833000000005,0.0206547,0.012795604395443999,-0.006900610500524,0.003086202686164,-0.000137973137976,0.0019316239316640002,0.0017419108669470002,5.271000000000001,1.9629650005299482,0.26944000001094537,0.08334999984072056,17.750945000443608
invdyn,00:57:19.585,47,-90.009,-89.982,0.021,-89.96,-35.192,0.002,0.0,0.0,0.0,0.0,3.906231768561557,0.0,-90.009,-89.982,0.021,-89.96,-30.0,0.002,-90.009,-89.982,0.021,-89.96,-32.596000000000004,0.002,0.0,0.0,0.0,0.0,64.1808713366185,0.0,0.0,0.0,0.0,0.0,2.5959999999999965,0.0,0.0068849,-0.0413094,-0.0068849,-0.0757339,3.3322916,-0.0206547,0.01283028083012,-0.0069352869352,0.00225396825394,0.001017551892573,0.006588217338354001,0.0018971306471700002,5.192,1.9295579995741718,0.22369999987859046,0.08344300022145035,17.820462000599946
invdyn,00:57:19.605,48,-90.009,-89.982,0.021,-89.96,-35.114,0.002,0.0,0.0,0.0,0.0,3.859515749239228,0.0,-90.009,-89.982,0.021,-89.96,-30.0,0.002,-90.009,-89.982,0.021,-89.96,-32.557,0.002,0.0,0.0,0.0,0.0,63.261421607720045,0.0,0.0,0.0,0.0,0.0,2.556999999999995,0.0,0.0137698,-0.0275396,0.0413094,-0.034424500000000004,3.5801480000000003,-0.0275396,0.013229059828894,-0.0076981684980719995,0.0033636141635719997,0.00046565934066900006,0.0037080280831050002,0.0023627899878390004,5.113999999999997,1.9225030000598053,0.22118099968793103,0.08138700013660127,17.837444000178948
invdyn,00:57:19.625,49,-90.009,-89.982,0.021,-89.96,-35.05,0.002,0.0,0.0,0.0,0.0,3.1664086062093073,0.0,-90.009,-89.982,0.021,-89.96,-30.0,0.002,-90.009,-89.982,0.021,-89.96,-32.525,0.002,0.0,0.0,0.0,0.0,62.4623572709257,0.0,0.0,0.0,0.0,0.0,2.5249999999999986,0.0,-0.0413094,0.0,-0.0206547,0.0206547,4.3925662,-0.0206547,0.013229059828894,-0.007247374847284,0.003658363858318,0.001069291819314,0.0025697496948030004,0.0016556776557120003,5.049999999999997,1.9686129999172408,0.22049600011087023,0.07331300002988428,17.799314000512823
invdyn,00:57:19.645,50,-90.009,-89.982,0.021,-89.96,-34.969,0.002,0.0,0.0,0.0,0.0,4.007013233316622,0.0,-90.009,-89.982,0.021,-89.96,-30.0,0.002,-90.009,-89.982,0.021,-89.96,-32.4845,0.002,0.0,0.0,0.0,0.0,61.45323690231879,0.0,0.0,0.0,0.0,0.0,2.484500000000004,0.0,0.0068849,0.0137698,-0.0,-0.034424500000000004,4.4820699,-0.0413094,0.012708913308754,-0.007438095238002,0.00312087912084,0.00046565934066900006,0.001293498168525,0.001517704517736,4.969000000000001,1.9351690007169964,0.22305099992081523,0.1619040003788541,18.255583000609477
invdyn,00:57:19.667,51,-90.009,-89.982,0.021,-89.96,-34.887,0.002,0.0,0.0,0.0,0.0,3.8603377107325194,0.0,-90.009,-89.982,0.021,-89.96,-30.0,0.002,-90.009,-89.982,0.021,-89.96,-32.4435,0.002,0.0,0.0,0.0,0.0,57.516678025456265,0.0,0.0,0.0,0.0,0.0,2.4435000000000002,0.0,-0.034424500000000004,0.0275396,-0.0137698,-0.0,4.2273286,-0.0206547,0.012708913308754,-0.007212698412608,0.0044905982905419995,0.001000305250326,0.001103785103808,0.002035103785146,4.8870000000000005,3.228682999179,0.24706900057935854,0.12162700022599893,16.95216200005234
invdyn,00:57:19.687,52,-90.009,-89.982,0.021,-89.96,-34.799,0.002,0.0,0.0,0.0,0.0,4.247396455696249,0.0,-90.009,-89.982,0.021,-89.96,-30.0,0.002,-90.009,-89.982,0.021,-89.96,-32.3995,0.002,0.0,0.0,0.0,0.0,57.9069761104718,0.0,0.0,0.0,0.0,0.0,2.399499999999996,0.0,0.06884900000000001,-0.0068849,0.0206547,-0.0,3.786695,-0.034424500000000004,0.013125030524865999,-0.007126007325917999,-0.001421733821716,0.000586385836398,0.0026042429792970004,0.002793956044014,4.7989999999999995,3.029687999514863,0.33517900010338053,0.13553500048146816,17.086752000068373
invdyn,00:57:19.708,53,-90.009,-89.982,0.021,-89.96,-34.724,0.002,0.0,0.0,0.0,0.0,3.6099287361863177,0.0,-90.009,-89.982,0.021,-89.96,-30.0,0.002,-90.009,-89.982,0.021,-89.96,-32.361999999999995,0.002,0.0,0.0,0.0,0.0,56.84434449914502,0.0,0.0,0.0,0.0,0.0,2.362000000000002,0.0,0.0275396,-0.0206547,0.0206547,-0.0137698,3.4149104,0.0275396,0.012726251526091999,-0.007923565323466,0.003086202686164,0.0008278388278560001,0.004242673992762,0.0023627899878390004,4.723999999999997,2.385660999607353,0.24430999928881647,0.11712699961208273,17.303859999628912
invdyn,00:57:19.728,54,-90.009,-89.982,0.021,-89.96,-34.645,0.002,0.0,0.0,0.0,0.0,3.9057252849578936,0.0,-90.009,-89.982,0.021,-89.96,-30.0,0.002,-90.009,-89.982,0.021,-89.96,-32.322500000000005,0.002,0.0,0.0,0.0,0.0,57.41168971085733,0.0,0.0,0.0,0.0,0.0,2.322499999999998,0.0,-0.0481943,0.0068849,-0.0137698,0.0275396,3.0431258,0.034424500000000004,0.012604884004726,-0.007438095238002,0.002791452991418,0.000586385836398,0.004242673992762,0.001569444444477,4.645000000000003,2.1178890001465334,0.22607000028074253,0.08916499973565806,17.91873799993482
invdyn,00:57:19.749,55,-90.009,-89.982,0.021,-89.96,-34.582,0.002,0.0,0.0,0.0,0.0,3.071214486622307,0.0,-90.009,-89.982,0.021,-89.96,-30.0,0.002,-90.009,-89.982,0.021,-89.96,-32.291,0.002,0.0,0.0,0.0,0.0,55.84247927659872,0.0,0.0,0.0,0.0,0.0,2.291000000000004,0.0,-0.06884900000000001,0.0550792,-0.0137698,-0.0068849,3.1257446,-0.0481943,0.013125030524865999,-0.007420757020664,0.002271306471278,0.00034493284494,0.00482905982916,0.001362484737513,4.582000000000001,1.9864469995809486,0.22571800036530476,0.07872100013628369,17.772574000446184
invdyn,00:57:19.769,56,-90.009,-89.982,0.021,-89.96,-34.52,0.002,0.0,0.0,0.0,0.0,3.0665540264854187,0.0,-90.009,-89.982,0.021,-89.96,-30.0,0.002,-90.009,-89.982,0.021,-89.96,-32.260000000000005,0.002,0.0,0.0,0.0,0.0,55.89042016013966,0.0,0.0,0.0,0.0,0.0,2.259999999999998,0.0,0.0137698,0.0,-0.0275396,-0.034424500000000004,3.8004648000000003,-0.06884900000000001,0.013159706959542,-0.007472771672678,0.0033636141635719997,0.00137973137976,0.0025007631258150004,0.0019661172161580002,4.520000000000003,1.966447000086191,0.23286600026040105,0.09322000005340669,17.771926000023086
invdyn,00:57:19.789,57,-90.009,-89.982,0.021,-89.96,-34.454,0.002,0.0,0.0,0.0,0.0,3.260436068972139,0.0,-90.009,-89.982,0.021,-89.96,-30.0,0.002,-90.009,-89.982,0.021,-89.96,-32.227000000000004,0.002,0.0,0.0,0.0,0.0,55.00750852727788,0.0,0.0,0.0,0.0,0.0,2.2269999999999968,0.0,-0.0068849,0.0068849,0.0068849,-0.0,3.993242,-0.0,0.01283028083012,-0.007386080585988,0.0033636141635719997,0.001190018315043,0.001500457875489,0.002190323565369,4.454000000000001,1.9455029996606754,0.22488499962491915,0.08147999960783636,17.871312999886868
invdyn,00:57:19.810,58,-90.009,-89.982,0.021,-89.96,-34.374,0.002,0.0,0.0,0.0,0.0,3.9451203367311307,0.0,-90.009,-89.982,0.021,-89.96,-30.0,0.002,-90.009,-89.982,0.021,-89.96,-32.187,0.002,0.0,0.0,0.0,0.0,53.92486360269482,0.0,0.0,0.0,0.0,0.0,2.1870000000000047,0.0,-0.0413094,-0.0068849,-0.0275396,-0.0550792,3.4493349,0.034424500000000004,0.012795604395443999,-0.00797557997548,0.004473260073204,0.00010347985348200002,0.002380036630086,0.0019488705739110002,4.374000000000002,1.9305400001030648,0.22399600038625067,0.14140499934001127,17.773536999811768
invdyn,00:57:19.830,59,-90.009,-89.982,0.021,-89.96,-34.301,0.002,0.0,0.0,0.0,0.0,3.609726155950127,0.0,-90.009,-89.982,0.021,-89.96,-30.0,0.002,-90.009,-89.982,0.021,-89.96,-32.1505,0.002,0.0,0.0,0.0,0.0,53.16928834500486,0.0,0.0,0.0,0.0,0.0,2.150500000000001,0.0,0.0206547,-0.0275396,0.0275396,0.034424500000000004,3.5388386,-0.0275396,0.012500854700698,-0.007438095238002,0.004178510378458,0.000707112332127,0.000810592185609,0.002345543345592,4.301000000000002,1.9728359993678168,0.27580999994825106,0.09335000049759401,17.72274099948845
invdyn,00:57:19.850,60,-90.009,-89.982,0.021,-89.96,-34.228,0.002,0.0,0.0,0.0,0.0,3.6105774863800577,0.0,-90.009,-89.982,0.021,-89.96,-30.0,0.002,-90.009,-89.982,0.021,-89.96,-32.114000000000004,0.002,0.0,0.0,0.0,0.0,52.279183604160295,0.0,0.0,0.0,0.0,0.0,2.113999999999997,0.0,-0.0068849,0.0,-0.0275396,-0.0275396,3.3736010000000003,-0.034424500000000004,0.012795604395443999,-0.007143345543256,0.002826129426094,0.00034493284494,0.00241452991458,0.0028112026862610003,4.2280000000000015,1.9681679996210732,0.28993999967497075,0.08346100003109314,17.74388900048507
invdyn,00:57:19.870,61,-90.009,-89.982,0.021,-89.96,-34.16,0.002,0.0,0.0,0.0,0.0,3.3390230630548685,0.0,-90.009,-89.982,0.021,-89.96,-30.0,0.002,-90.009,-89.982,0.021,-89.96,-32.08,0.002,0.0,0.0,0.0,0.0,51.06741155260011,0.0,0.0,0.0,0.0,0.0,2.0799999999999983,0.0,-0.0068849,0.0619641,-0.0275396,0.0206547,2.8090392,-0.0206547,0.012188766788613999,-0.007420757020664,0.0033809523809099997,0.001069291819314,0.005467185592299,0.001500457875489,4.159999999999997,2.4943999997049104,0.281255000118108,0.15501600046263775,17.14373400045588
invdyn,00:57:19.891,62,-90.009,-89.982,0.021,-89.96,-34.099,0.002,0.0,0.0,0.0,0.0,3.010454934814324,0.0,-90.009,-89.982,0.021,-89.96,-30.0,0.002,-90.009,-89.982,0.021,-89.96,-32.049499999999995,0.002,0.0,0.0,0.0,0.0,50.57317531886851,0.0,0.0,0.0,0.0,0.0,2.049500000000002,0.0,-0.0068849,-0.0068849,-0.0137698,0.0481943,2.7952694,0.0137698,0.012726251526091999,-0.006900610500524,0.005565567765498,0.0008968253968440001,0.005329212454323,0.0018971306471700002,4.098999999999997,2.283200000420038,0.2695140001378604,0.13012699946557404,17.35282199933863
invdyn,00:57:19.911,63,-90.009,-89.982,0.021,-89.96,-34.044,0.002,0.0,0.0,0.0,0.0,2.718342740652567,0.0,-90.009,-89.982,0.021,-89.96,-30.0,0.002,-90.009,-89.982,0.021,-89.96,-32.022,0.002,0.0,0.0,0.0,0.0,49.96808201454105,0.0,0.0,0.0,0.0,0.0,2.0219999999999985,0.0,-0.034424500000000004,-0.0137698,0.0206547,0.0757339,3.3460614,0.0206547,0.012708913308754,-0.006883272283186,0.002808791208756,0.000586385836398,0.002173076923122,0.0019661172161580002,4.043999999999997,3.6578979998012073,0.24751500041020336,0.12523799978225725,17.04745700044441
invdyn,00:57:19.932,64,-90.009,-89.982,0.021,-89.96,-33.984,0.002,0.0,0.0,0.0,0.0,2.822229897947513,0.0,-90.009,-89.982,0.021,-89.96,-30.0,0.002,-90.009,-89.982,0.021,-89.96,-31.992,0.002,0.0,0.0,0.0,0.0,46.84901630593251,0.0,0.0,0.0,0.0,0.0,1.9920000000000009,0.0,-0.0137698,0.0068849,-0.034424500000000004,0.0481943,3.6421121000000003,0.0068849,0.012726251526091999,-0.006657875457791999,0.0033636141635719997,0.000586385836398,0.000603632478645,0.0018971306471700002,3.9840000000000018,2.209387000220886,0.2558470005169511,0.1256280002053245,17.466745999627165
invdyn,00:57:19.952,65,-90.009,-89.982,0.021,-89.96,-33.916,0.002,0.0,0.0,0.0,0.0,3.3604641287573287,0.0,-90.009,-89.982,0.021,-89.96,-30.0,0.002,-90.009,-89.982,0.021,-89.96,-31.958,0.002,0.0,0.0,0.0,0.0,48.38079973607621,0.0,0.0,0.0,0.0,0.0,1.9579999999999984,0.0,-0.0275396,0.0,-0.034424500000000004,-0.0206547,3.4011406,-0.0137698,0.01283028083012,-0.007195360195269999,0.0039010989010499998,0.001190018315043,0.0018453907204290002,0.0018971306471700002,3.915999999999997,2.122942999449151,0.3518089997669449,0.13231199955043849,17.430877000151668
invdyn,00:57:19.973,66,-90.009,-89.982,0.021,-89.96,-33.845,0.002,0.0,0.0,0.0,0.0,3.5117817898794965,0.0,-90.009,-89.982,0.021,-89.96,-30.0,0.002,-90.009,-89.982,0.021,-89.96,-31.9225,0.002,0.0,0.0,0.0,0.0,47.5450738805882,0.0,0.0,0.0,0.0,0.0,1.9224999999999994,0.0,0.0275396,-0.034424500000000004,0.0275396,-0.0206547,3.44245,-0.0137698,0.012708913308754,-0.0076634920633959994,0.003918437118388,0.001190018315043,0.001483211233242,0.0018971306471700002,3.844999999999999,2.6764889998958097,0.282828999843332,0.14088599982642336,17.369025999869336
invdyn,00:57:19.993,67,-90.009,-89.982,0.021,-89.96,-33.779,0.002,0.0,0.0,0.0,0.0,3.1869776309273514,0.0,-90.009,-89.982,0.021,-89.96,-30.0,0.002,-90.009,-89.982,0.021,-89.96,-31.8895,0.002,0.0,0.0,0.0,0.0,45.61965328513376,0.0,0.0,0.0,0.0,0.0,1.8895000000000017,0.0,0.0413094,0.034424500000000004,-0.0413094,0.0481943,3.098205,-0.0481943,0.012916971916809999,-0.00624175824168,0.0033636141635719997,0.000586385836398,0.001638431013465,0.002190323565369,3.7790000000000035,1.987298000130977,0.25692199960758444,0.12586799948621774,17.678649999652407
invdyn,00:57:20.014,68,-90.009,-89.982,0.021,-89.96,-33.713,0.002,0.0,0.0,0.0,0.0,3.2651277865585913,0.0,-90.009,-89.982,0.021,-89.96,-30.0,0.002,-90.009,-89.982,0.021,-89.96,-31.8565,0.002,0.0,0.0,0.0,0.0,45.92204345261967,0.0,0.0,0.0,0.0,0.0,1.8565000000000005,0.0,0.0481943,-0.0137698,-0.034424500000000004,0.0068849,2.5267583,-0.0068849,0.013125030524865999,-0.0068312576311719995,0.0033809523809099997,0.000707112332127,0.0031561355312010003,0.002121336996381,3.713000000000001,1.999890000661253,0.2692909993129433,0.24469899926771177,18.004773000029672
invdyn,00:57:20.034,69,-90.009,-89.982,0.021,-89.96,-33.654,0.002,0.0,0.0,0.0,0.0,2.8520184399777513,0.0,-90.009,-89.982,0.021,-89.96,-30.0,0.002,-90.009,-89.982,0.021,-89.96,-31.827,0.002,0.0,0.0,0.0,0.0,44.157946524064215,0.0,0.0,0.0,0.0,0.0,1.8270000000000017,0.0,0.0137698,0.0068849,-0.0068849,0.0068849,2.1825133,-0.0068849,0.012622222222064,-0.007126007325917999,0.00476800976795,0.0009485653235850001,0.005587912088028,0.0025007631258150004,3.6540000000000035,2.078110999718774,0.29660600011993665,0.12097900071239565,18.117419999725826
invdyn,00:57:20.055,70,-90.009,-89.982,0.021,-89.96,-33.598,0.002,0.0,0.0,0.0,0.0,2.6898264354918444,0.0,-90.009,-89.982,0.021,-89.96,-30.0,0.002,-90.009,-89.982,0.021,-89.96,-31.799,0.002,0.0,0.0,0.0,0.0,43.20533712008427,0.0,0.0,0.0,0.0,0.0,1.7989999999999995,0.0,-0.034424500000000004,-0.0068849,0.034424500000000004,0.0137698,2.3202113,-0.0068849,0.012726251526091999,-0.007160683760593999,0.002531379731348,0.0008968253968440001,0.004208180708268,0.0016556776557120003,3.597999999999999,2.31418100065639,0.23849599983805092,0.11036799969588174,17.906848999700742
invdyn,00:57:20.076,71,-90.009,-89.982,0.021,-89.96,-33.552,0.002,0.0,0.0,0.0,0.0,2.160632316875118,0.0,-90.009,-89.982,0.021,-89.96,-30.0,0.002,-90.009,-89.982,0.021,-89.96,-31.776,0.002,0.0,0.0,0.0,0.0,41.70959776924197,0.0,0.0,0.0,0.0,0.0,1.7759999999999998,0.0,-0.034424500000000004,-0.0068849,0.034424500000000004,-0.0,2.6024922,-0.0068849,0.01283028083012,-0.006883272283186,0.0025140415140099998,0.001310744810772,0.0038632478633280004,0.0017419108669470002,3.5519999999999996,2.2780710005463334,0.2582910001365235,0.11423899923101999,17.875924000691157
invdyn,00:57:20.097,72,-90.009,-89.982,0.021,-89.96,-33.508,0.002,0.0,0.0,0.0,0.0,2.1248719200477493,0.0,-90.009,-89.982,0.021,-89.96,-30.0,0.002,-90.009,-89.982,0.021,-89.96,-31.754,0.002,0.0,0.0,0.0,0.0,42.35256077004563,0.0,0.0,0.0,0.0,0.0,1.7540000000000013,0.0,-0.0413094,-0.0275396,0.0275396,0.0413094,3.235903,-0.0206547,0.012916971916809999,-0.0076634920633959994,0.00364102564098,0.00046565934066900006,0.001517704517736,0.002035103785146,3.5080000000000027,3.258848999394104,0.2603289995022351,0.13940500048192916,16.828738999720372
invdyn,00:57:20.118,73,-90.009,-89.982,0.021,-89.96,-33.457,0.002,0.0,0.0,0.0,0.0,2.4501964880932854,0.0,-90.009,-89.982,0.021,-89.96,-30.0,0.002,-90.009,-89.982,0.021,-89.96,-31.7285,0.002,0.0,0.0,0.0,0.0,41.52122185950083,0.0,0.0,0.0,0.0,0.0,1.7285000000000004,0.0,0.0,-0.0550792,0.0206547,-0.0,3.0087013000000002,0.0275396,0.0130036630035,-0.007507448107354,0.003086202686164,0.000776098901115,0.0009485653235850001,0.002035103785146,3.4570000000000007,2.5811390005401336,0.37732700002379715,0.17647900040174136,17.371858999467804
invdyn,00:57:20.139,74,-90.009,-89.982,0.021,-89.96,-33.398,0.002,0.0,0.0,0.0,0.0,2.850967004608174,0.0,-90.009,-89.982,0.021,-89.96,-30.0,0.002,-90.009,-89.982,0.021,-89.96,-31.699,0.002,0.0,0.0,0.0,0.0,41.04909271889405,0.0,0.0,0.0,0.0,0.0,1.6990000000000016,0.0,0.034424500000000004,0.0,-0.0413094,0.0137698,2.547413,0.0137698,0.01231013430998,-0.007420757020664,0.004473260073204,0.001310744810772,0.0035183150183880005,0.0018971306471700002,3.3980000000000032,2.2387009994417895,0.23008800053503364,0.09053499979927437,18.26088100006018
invdyn,00:57:20.160,75,-90.009,-89.982,0.021,-89.96,-33.28,0.002,0.0,0.0,0.0,0.0,5.603929799135044,0.0,-90.009,-89.982,0.021,-89.96,-30.0,0.002,-90.009,-89.982,0.021,-89.96,-31.64,0.002,0.0,0.0,0.0,0.0,38.94256301093776,0.0,0.0,0.0,0.0,0.0,1.6400000000000006,0.0,0.0,-0.0550792,0.0068849,0.0275396,2.9467372000000003,-0.0,0.012916971916809999,-0.0069352869352,0.0039010989010499998,0.0008968253968440001,0.000396672771681,0.002276556776604,3.280000000000001,2.1855729992239503,0.24129199937306112,0.11890499990840908,18.050161999781267
invdyn,00:57:20.180,76,-90.009,-89.982,0.021,-89.96,-33.225,0.002,0.0,0.0,0.0,0.0,2.6489225716811786,0.0,-90.009,-89.982,0.021,-89.96,-30.0,0.002,-90.009,-89.982,0.021,-89.96,-31.6125,0.002,0.0,0.0,0.0,0.0,38.8307967894175,0.0,0.0,0.0,0.0,0.0,1.6125000000000007,0.0,-0.0413094,-0.034424500000000004,0.0068849,0.0413094,2.6438016,-0.0068849,0.012102075701924,-0.0076981684980719995,0.0033636141635719997,0.000707112332127,0.001276251526278,0.0018108974359350002,3.2250000000000014,2.0459269999264507,0.22621800053457264,0.0870909998411662,18.21210400066775
invdyn,00:57:20.201,77,-90.009,-89.982,0.021,-89.96,-33.168,0.002,0.0,0.0,0.0,0.0,2.7498254928574113,0.0,-90.009,-89.982,0.021,-89.96,-30.0,0.002,-90.009,-89.982,0.021,-89.96,-31.584,0.002,0.0,0.0,0.0,0.0,38.20810158496468,0.0,0.0,0.0,0.0,0.0,1.5839999999999996,0.0,-0.0413094,0.0413094,0.034424500000000004,0.0137698,2.2100529,0.034424500000000004,0.012275457875304,-0.00710866910858,0.004178510378458,0.001259004884031,0.002035103785146,0.002190323565369,3.1679999999999993,2.020853999965766,0.2248660002805991,0.08096100009424845,18.20186300028581
invdyn,00:57:20.222,78,-90.009,-89.982,0.021,-89.96,-33.122,0.002,0.0,0.0,0.0,0.0,2.2224549779410614,0.0,-90.009,-89.982,0.021,-89.96,-30.0,0.002,-90.009,-89.982,0.021,-89.96,-31.561,0.002,0.0,0.0,0.0,0.0,37.709263267022216,0.0,0.0,0.0,0.0,0.0,1.561,0.0,-0.0275396,-0.0068849,-0.0137698,-0.0068849,1.6661458,-0.0068849,0.009761416361294,-0.007143345543256,0.0039010989010499998,0.000534645909657,0.004967032967136,0.0019661172161580002,3.122,2.0064460004505236,0.22440300017478876,0.08064699977694545,18.268638999870745
invdyn,00:57:20.243,79,-90.009,-89.982,0.021,-89.96,-33.082,0.002,0.0,0.0,0.0,0.0,1.9292361119096215,0.0,-90.009,-89.982,0.021,-89.96,-30.0,0.002,-90.009,-89.982,0.021,-89.96,-31.541,0.002,0.0,0.0,0.0,0.0,37.161910605659884,0.0,0.0,0.0,0.0,0.0,1.5410000000000004,0.0,-0.0206547,0.0,-0.0206547,0.034424500000000004,1.858923,0.034424500000000004,0.012206105005952,-0.007472771672678,0.003658363858318,0.001241758241784,0.004708333333431,0.002190323565369,3.0820000000000007,2.015242000197759,0.4210480001347605,0.0967010000749724,17.99749600013456
invdyn,00:57:20.263,80,-90.009,-89.982,0.021,-89.96,-33.048,0.002,0.0,0.0,0.0,0.0,1.6433466546820101,0.0,-90.009,-89.982,0.021,-89.96,-30.0,0.002,-90.009,-89.982,0.021,-89.96,-31.524,0.002,0.0,0.0,0.0,0.0,36.8302985549333,0.0,0.0,0.0,0.0,0.0,1.524000000000001,0.0,-0.0137698,-0.034424500000000004,0.034424500000000004,-0.0068849,1.8864626,0.034424500000000004,0.013142368742204,-0.007160683760593999,0.0033636141635719997,0.00041391941392800006,0.005881105006227001,0.0025007631258150004,3.048000000000002,2.0633340000131284,0.2262739999423502,0.09086800037039211,18.021476999820152
invdyn,00:57:20.284,81,-90.009,-89.982,0.021,-89.96,-33.013,0.002,0.0,0.0,0.0,0.0,1.6922459048521077,0.0,-90.009,-89.982,0.021,-89.96,-30.0,0.002,-90.009,-89.982,0.021,-89.96,-31.5065,0.002,0.0,0.0,0.0,0.0,36.41954936656328,0.0,0.0,0.0,0.0,0.0,1.506499999999999,0.0,-0.0068849,-0.0275396,0.0068849,0.034424500000000004,2.2100529,-0.0137698,0.011633943833798,-0.007143345543256,0.004195848595796,0.001121031746055,0.0037425213675990002,0.0018108974359350002,3.012999999999998,2.424791000521509,0.33858700044220313,0.14186800035531633,17.363266999382176
invdyn,00:57:20.305,82,-90.009,-89.982,0.021,-89.96,-32.975,0.002,0.0,0.0,0.0,0.0,1.799906855935971,0.0,-90.009,-89.982,0.021,-89.96,-30.0,0.002,-90.009,-89.982,0.021,-89.96,-31.4875,0.002,0.0,0.0,0.0,0.0,35.2284401079604,0.0,0.0,0.0,0.0,0.0,1.4875000000000007,0.0,-0.0206547,0.0206547,-0.0068849,0.0206547,2.4923338,-0.0068849,0.012726251526091999,-0.006640537240454,0.0033636141635719997,0.000776098901115,0.002104090354134,0.002207570207616,2.9750000000000014,2.119129000675457,0.3059580003537121,0.12148000041634077,18.011514999670908
invdyn,00:57:20.326,83,-90.009,-89.982,0.021,-89.96,-32.929,0.002,0.0,0.0,0.0,0.0,2.218927717910057,0.0,-90.009,-89.982,0.021,-89.96,-30.0,0.002,-90.009,-89.982,0.021,-89.96,-31.4645,0.002,0.0,0.0,0.0,0.0,35.321952639992666,0.0,0.0,0.0,0.0,0.0,1.464500000000001,0.0,-0.0757339,-0.0137698,0.0137698,0.0068849,2.9742768,-0.0,0.0130036630035,-0.007386080585988,0.003918437118388,0.000586385836398,0.0008795787545970001,0.002276556776604,2.929000000000002,2.0835179993810016,0.22632899981545052,0.08671999967191368,18.311768000785378
invdyn,00:57:20.347,84,-90.009,-89.982,0.021,-89.96,-32.875,0.002,0.0,0.0,0.0,0.0,2.5875975779733644,0.0,-90.009,-89.982,0.021,-89.96,-30.0,0.002,-90.009,-89.982,0.021,-89.96,-31.4375,0.002,0.0,0.0,0.0,0.0,34.44140294756084,0.0,0.0,0.0,0.0,0.0,1.4375,0.0,-0.0068849,-0.0413094,-0.0206547,0.0068849,2.5336432,-0.0275396,0.0130036630035,-0.006900610500524,0.003918437118388,0.0009485653235850001,0.0017936507936880002,0.0019661172161580002,2.875,2.235498000118241,0.24223699983849656,0.12505300037446432,18.07356900008017
invdyn,00:57:20.367,85,-90.009,-89.982,0.021,-89.96,-32.82,0.002,0.0,0.0,0.0,0.0,2.637896879395305,0.0,-90.009,-89.982,0.021,-89.96,-30.0,0.002,-90.009,-89.982,0.021,-89.96,-31.41,0.002,0.0,0.0,0.0,0.0,33.813041817703635,0.0,0.0,0.0,0.0,0.0,1.4100000000000001,0.0,0.0206547,0.0206547,-0.0068849,-0.0068849,2.3064415,-0.0,0.012188766788613999,-0.006640537240454,0.00364102564098,0.00041391941392800006,0.002155830280875,0.001345238095266,2.8200000000000003,2.31956999959948,0.23531100032414543,0.10566399942035787,17.866646000584296
invdyn,00:57:20.388,86,-90.009,-89.982,0.021,-89.96,-32.772,0.002,0.0,0.0,0.0,0.0,2.3198316759809603,0.0,-90.009,-89.982,0.021,-89.96,-30.0,0.002,-90.009,-89.982,0.021,-89.96,-31.386,0.002,0.0,0.0,0.0,0.0,33.492569821973824,0.0,0.0,0.0,0.0,0.0,1.3859999999999992,0.0,0.0068849,-0.0206547,-0.0068849,0.0550792,2.3202113,0.0275396,0.013229059828894,-0.007507448107354,0.00364102564098,0.001069291819314,0.0023627899878390004,0.002655982906038,2.7719999999999985,2.009298000302806,0.862781000250834,0.10868299978028517,17.787796999982675
invdyn,00:57:20.409,87,-90.009,-89.982,0.021,-89.96,-32.725,0.002,0.0,0.0,0.0,0.0,2.245421480072302,0.0,-90.009,-89.982,0.021,-89.96,-30.0,0.002,-90.009,-89.982,0.021,-89.96,-31.3625,0.002,0.0,0.0,0.0,0.0,32.54666772977346,0.0,0.0,0.0,0.0,0.0,1.3625000000000007,0.0,0.0137698,0.0,0.034424500000000004,-0.0757339,2.1480888,-0.0068849,0.01335042735026,-0.007247374847284,0.003086202686164,0.00022420634921100003,0.001155525030549,0.0019661172161580002,2.7250000000000014,2.4809739998090663,0.37491999955818756,0.11472000005596783,17.786500000511296
invdyn,00:57:20.430,88,-90.009,-89.982,0.021,-89.96,-32.678,0.002,0.0,0.0,0.0,0.0,2.2462146259203,0.0,-90.009,-89.982,0.021,-89.96,-30.0,0.002,-90.009,-89.982,0.021,-89.96,-31.339,0.002,0.0,0.0,0.0,0.0,31.99661046922355,0.0,0.0,0.0,0.0,0.0,1.3389999999999986,0.0,0.0,0.0137698,-0.0413094,0.0550792,2.1549737,0.0275396,0.012604884004726,-0.00745543345534,0.002531379731348,0.000776098901115,0.00155219780223,0.0019661172161580002,2.6779999999999973,2.3651620003874996,0.3069199992751237,0.16249700001935707,17.75801900021179
invdyn,00:57:20.451,89,-90.009,-89.982,0.021,-89.96,-32.635,0.002,0.0,0.0,0.0,0.0,2.0708093783727572,0.0,-90.009,-89.982,0.021,-89.96,-30.0,0.002,-90.009,-89.982,0.021,-89.96,-31.3175,0.002,0.0,0.0,0.0,0.0,31.724318093094794,0.0,0.0,0.0,0.0,0.0,1.317499999999999,0.0,-0.0068849,-0.034424500000000004,0.0068849,0.0137698,1.6317213000000002,-0.0,0.013107692307528,-0.007750183150086,0.0044559218558659994,0.000638125763139,0.0036045482296230003,0.001345238095266,2.634999999999998,2.652879000379471,0.3369940004631644,0.1086470001609996,17.416081000192207
invdyn,00:57:20.471,90,-90.009,-89.982,0.021,-89.96,-32.597,0.002,0.0,0.0,0.0,0.0,1.837676862943886,0.0,-90.009,-89.982,0.021,-89.96,-30.0,0.002,-90.009,-89.982,0.021,-89.96,-31.2985,0.002,0.0,0.0,0.0,0.0,31.397676401747947,0.0,0.0,0.0,0.0,0.0,1.2985000000000007,0.0,-0.0481943,-0.0137698,0.0413094,-0.0068849,1.2943612,-0.0068849,0.01283028083012,-0.00771550671541,0.003086202686164,0.0008278388278560001,0.004725579975678001,0.00258699633705,2.5970000000000013,2.089648000037414,0.351548999788065,0.16327499997714767,18.04558799994993
invdyn,00:57:20.493,91,-90.009,-89.982,0.021,-89.96,-32.565,0.002,0.0,0.0,0.0,0.0,1.4883149222121623,0.0,-90.009,-89.982,0.021,-89.96,-30.0,0.002,-90.009,-89.982,0.021,-89.96,-31.2825,0.002,0.0,0.0,0.0,0.0,29.824435745888795,0.0,0.0,0.0,0.0,0.0,1.2824999999999989,0.0,-0.034424500000000004,0.034424500000000004,-0.0068849,0.0137698,1.4871384,-0.0068849,0.013315750915583999,-0.006172405372328,0.0039010989010499998,0.001241758241784,0.004622100122196,0.0019661172161580002,2.5649999999999977,2.240792999145924,0.2626059995236574,0.14909000037732767,17.925460000697058
invdyn,00:57:20.514,92,-90.009,-89.982,0.021,-89.96,-32.539,0.002,0.0,0.0,0.0,0.0,1.252707017563832,0.0,-90.009,-89.982,0.021,-89.96,-30.0,0.002,-90.009,-89.982,0.021,-89.96,-31.2695,0.002,0.0,0.0,0.0,0.0,30.582914592259904,0.0,0.0,0.0,0.0,0.0,1.2695000000000007,0.0,-0.0068849,0.0413094,-0.0137698,-0.034424500000000004,1.5766421000000002,-0.0,0.01231013430998,-0.00788888888879,0.0033462759462339997,0.00034493284494,0.005139499389606001,0.00258699633705,2.5390000000000015,2.178554000238364,0.3062530004172004,0.11668300066958182,17.454801999519987
invdyn,00:57:20.534,93,-90.009,-89.982,0.021,-89.96,-32.513,0.002,0.0,0.0,0.0,0.0,1.2855952656026934,0.0,-90.009,-89.982,0.021,-89.96,-30.0,0.002,-90.009,-89.982,0.021,-89.96,-31.2565,0.002,0.0,0.0,0.0,0.0,31.064431754414898,0.0,0.0,0.0,0.0,0.0,1.256499999999999,0.0,0.0413094,0.0275396,-0.0068849,0.0137698,2.0998945,-0.0137698,0.013211721611556,-0.007438095238002,0.0033636141635719997,0.0008278388278560001,0.003069902319966,0.001500457875489,2.512999999999998,2.1766280005977023,0.25110700062214164,0.1136089995270595,17.54629999959434
invdyn,00:57:20.554,94,-90.009,-89.982,0.021,-89.96,-32.482,0.002,0.0,0.0,0.0,0.0,1.5286802106846664,0.0,-90.009,-89.982,0.021,-89.96,-30.0,0.002,-90.009,-89.982,0.021,-89.96,-31.241,0.002,0.0,0.0,0.0,0.0,30.5982603461249,0.0,0.0,0.0,0.0,0.0,1.2409999999999997,0.0,0.0481943,0.0137698,-0.0137698,0.0137698,2.2375925,-0.0068849,0.012795604395443999,-0.007750183150086,0.004178510378458,0.001121031746055,0.0024662698413210004,0.0019661172161580002,2.4819999999999993,2.1436649994939216,0.29851299950678367,0.11657200047920924,17.497300999821164
invdyn,00:57:20.574,95,-90.009,-89.982,0.021,-89.96,-32.444,0.002,0.0,0.0,0.0,0.0,1.8794565286603797,0.0,-90.009,-89.982,0.021,-89.96,-30.0,0.002,-90.009,-89.982,0.021,-89.96,-31.222,0.002,0.0,0.0,0.0,0.0,30.21968260556823,0.0,0.0,0.0,0.0,0.0,1.2220000000000013,0.0,0.0,0.0413094,0.0206547,0.0206547,2.4923338,-0.0275396,0.012414163614008,-0.0076981684980719995,0.0033636141635719997,0.0008968253968440001,0.001103785103808,0.0018971306471700002,2.4440000000000026,2.1885910000492004,0.2518480005164747,0.11555299988685874,17.454210000323656
invdyn,00:57:20.595,96,-90.009,-89.982,0.021,-89.96,-32.403,0.002,0.0,0.0,0.0,0.0,2.0273565424474076,0.0,-90.009,-89.982,0.021,-89.96,-30.0,0.002,-90.009,-89.982,0.021,-89.96,-31.2015,0.002,0.0,0.0,0.0,0.0,29.70571811890641,0.0,0.0,0.0,0.0,0.0,1.2014999999999993,0.0,0.0137698,-0.0413094,-0.0550792,-0.0068849,2.272017,-0.034424500000000004,0.012466178266022,-0.00641514041506,0.004733333333274,0.000586385836398,0.0019488705739110002,0.0018108974359350002,2.4029999999999987,2.2828859991932404,0.2517729999453877,0.12360900018393295,17.39665400054946
invdyn,00:57:20.615,97,-90.009,-89.982,0.021,-89.96,-32.359,0.002,0.0,0.0,0.0,0.0,2.1756740545127218,0.0,-90.009,-89.982,0.021,-89.96,-30.0,0.002,-90.009,-89.982,0.021,-89.96,-31.1795,0.002,0.0,0.0,0.0,0.0,29.161449401112915,0.0,0.0,0.0,0.0,0.0,1.1795000000000009,0.0,-0.0137698,-0.0137698,0.034424500000000004,-0.0,2.0448153000000002,-0.0275396,0.012431501831346,-0.007160683760593999,0.00364102564098,0.0008968253968440001,0.001638431013465,0.001569444444477,2.3590000000000018,3.0691669999214355,0.29053200069029117,0.1443130004190607,16.54678100021556
invdyn,00:57:20.635,98,-90.009,-89.982,0.021,-89.96,-32.31,0.002,0.0,0.0,0.0,0.0,2.422024583112343,0.0,-90.009,-89.982,0.021,-89.96,-30.0,0.002,-90.009,-89.982,0.021,-89.96,-31.155,0.002,0.0,0.0,0.0,0.0,28.545289729538652,0.0,0.0,0.0,0.0,0.0,1.1550000000000011,0.0,0.034424500000000004,0.0481943,0.0137698,0.0413094,2.0448153000000002,-0.034424500000000004,0.012708913308754,-0.006900610500524,0.00364102564098,0.000758852258868,0.0019316239316640002,0.002190323565369,2.3100000000000023,2.8062840001439326,0.25008800002979115,0.16947800031630322,16.82433200039668
invdyn,00:57:20.655,99,-90.009,-89.982,0.021,-89.96,-32.267,0.002,0.0,0.0,0.0,0.0,2.126076529529611,0.0,-90.009,-89.982,0.021,-89.96,-30.0,0.002,-90.009,-89.982,0.021,-89.96,-31.1335,0.002,0.0,0.0,0.0,0.0,28.02218309560301,0.0,0.0,0.0,0.0,0.0,1.1335000000000015,0.0,0.0275396,-0.0206547,0.0137698,0.0275396,2.0792398,-0.0275396,0.012414163614008,-0.007940903540804,0.003935775335726,0.001190018315043,0.001121031746055,0.002121336996381,2.267000000000003,2.1820540005137445,0.8009300008779974,0.1311270007136045,16.92545900004916
invdyn,00:57:20.676,100,-90.009,-89.982,0.021,-89.96,-32.226,0.002,0.0,0.0,0.0,0.0,2.0310439948507297,0.0,-90.009,-89.982,0.021,-89.96,-30.0,0.002,-90.009,-89.982,0.021,-89.96,-31.113,0.002,0.0,0.0,0.0,0.0,27.567706905715184,0.0,0.0,0.0,0.0,0.0,1.1129999999999995,0.0,-0.0137698,-0.034424500000000004,-0.0,-0.0137698,1.996621,0.0206547,0.012899633699472,-0.007247374847284,0.003086202686164,0.001121031746055,0.001517704517736,0.0017419108669470002,2.225999999999999,2.8056539995304774,0.24914400000852766,0.11694299973896705,16.883960000086518
invdyn,00:57:20.696,101,-90.009,-89.982,0.021,-89.96,-32.186,0.002,0.0,0.0,0.0,0.0,1.9187995791206873,0.0,-90.009,-89.982,0.021,-89.96,-30.0,0.002,-90.009,-89.982,0.021,-89.96,-31.093,0.002,0.0,0.0,0.0,0.0,26.21559924973695,0.0,0.0,0.0,0.0,0.0,1.093,0.0,-0.034424500000000004,0.0550792,-0.034424500000000004,-0.0206547,1.7969589000000001,0.0413094,0.0130036630035,-0.007160683760593999,0.004178510378458,0.00051739926741,0.0016901709402060002,0.001500457875489,2.186,2.127203000782174,0.24401399969065096,0.11307200020382879,17.585651999979746
invdyn,00:57:20.717,102,-90.009,-89.982,0.021,-89.96,-32.148,0.002,0.0,0.0,0.0,0.0,1.8685058851112095,0.0,-90.009,-89.982,0.021,-89.96,-30.0,0.002,-90.009,-89.982,0.021,-89.96,-31.074,0.002,0.0,0.0,0.0,0.0,26.404938429073898,0.0,0.0,0.0,0.0,0.0,1.0740000000000016,0.0,0.0137698,0.0275396,-0.0,0.0068849,1.2668216,0.034424500000000004,0.012102075701924,-0.007247374847284,0.00364102564098,0.00034493284494,0.0033458485959180005,0.0028801892552490003,2.1480000000000032,2.6885820007009897,0.2530699994167662,0.11979400005657226,17.077012000299874
invdyn,00:57:20.737,103,-90.009,-89.982,0.021,-89.96,-32.114,0.002,0.0,0.0,0.0,0.0,1.672723109766407,0.0,-90.009,-89.982,0.021,-89.96,-30.0,0.002,-90.009,-89.982,0.021,-89.96,-31.057,0.002,0.0,0.0,0.0,0.0,26.00100480915848,0.0,0.0,0.0,0.0,0.0,1.0569999999999986,0.0,-0.0413094,-0.0137698,-0.0137698,-0.034424500000000004,1.3219008,-0.0413094,0.012188766788613999,-0.006900610500524,0.003918437118388,0.000586385836398,0.00431166056175,0.0018971306471700002,2.113999999999997,2.175961999455467,0.24025499988056254,0.12527600028988672,17.089863999899535
invdyn,00:57:20.757,104,-90.009,-89.982,0.021,-89.96,-32.083,0.002,0.0,0.0,0.0,0.0,1.5313808682542458,0.0,-90.009,-89.982,0.021,-89.96,-30.0,0.002,-90.009,-89.982,0.021,-89.96,-31.0415,0.002,0.0,0.0,0.0,0.0,25.724728617529955,0.0,0.0,0.0,0.0,0.0,1.0414999999999992,0.0,-0.0481943,0.0,0.0137698,0.0137698,1.1566632000000001,0.0206547,0.012934310134148,-0.007195360195269999,0.004178510378458,0.0008278388278560001,0.005484432234546001,0.0016556776557120003,2.0829999999999984,2.10251899989089,0.2701070006878581,0.13488700005837018,17.542263999530405
invdyn,00:57:20.777,105,-90.009,-89.982,0.021,-89.96,-32.036,0.002,0.0,0.0,0.0,0.0,2.323056929730348,0.0,-90.009,-89.982,0.021,-89.96,-30.0,0.002,-90.009,-89.982,0.021,-89.96,-31.018,0.002,0.0,0.0,0.0,0.0,25.15821228154941,0.0,0.0,0.0,0.0,0.0,1.0180000000000007,0.0,0.0275396,0.0413094,0.0206547,0.0275396,1.1153538,-0.0,0.012622222222064,-0.007195360195269999,0.0033636141635719997,0.00022420634921100003,0.004846306471407,0.002190323565369,2.0360000000000014,2.565380000305595,0.2807539995046682,0.11686800007737475,17.09484499951941
invdyn,00:57:20.798,106,-90.009,-89.982,0.021,-89.96,-32.011,0.002,0.0,0.0,0.0,0.0,1.235595776772177,0.0,-90.009,-89.982,0.021,-89.96,-30.0,0.002,-90.009,-89.982,0.021,-89.96,-31.0055,0.002,0.0,0.0,0.0,0.0,24.847831070889928,0.0,0.0,0.0,0.0,0.0,1.0055000000000014,0.0,0.0275396,-0.0206547,-0.0,0.0481943,1.2117424,0.0068849,0.012622222222064,-0.0069352869352,0.004473260073204,0.0018971306471700002,0.005605158730275001,0.002276556776604,2.011000000000003,5.310072000611399,0.23814399992261315,0.12086800052202307,14.412263999474817
invdyn,00:57:20.818,107,-90.009,-89.982,0.021,-89.96,-31.991,0.002,0.0,0.0,0.0,0.0,0.9879527494142331,0.0,-90.009,-89.982,0.021,-89.96,-30.0,0.002,-90.009,-89.982,0.021,-89.96,-30.9955,0.002,0.0,0.0,0.0,0.0,24.587674051042878,0.0,0.0,0.0,0.0,0.0,0.9954999999999998,0.0,0.0206547,0.0,0.0275396,0.034424500000000004,1.3700951000000001,-0.0137698,0.013142368742204,-0.0063978021977219995,0.00364102564098,0.000362179487187,0.00482905982916,0.002276556776604,1.9909999999999997,2.055203999589139,0.2252550002594944,0.08636799975647591,17.698907999147195
invdyn,00:57:20.838,108,-90.009,-89.982,0.021,-89.96,-31.963,0.002,0.0,0.0,0.0,0.0,1.3841608561392937,0.0,-90.009,-89.982,0.021,-89.96,-30.0,0.002,-90.009,-89.982,0.021,-89.96,-30.9815,0.002,0.0,0.0,0.0,0.0,24.259890719656802,0.0,0.0,0.0,0.0,0.0,0.9815000000000005,0.0,-0.0550792,0.034424500000000004,0.0068849,-0.0275396,1.8520381000000001,-0.034424500000000004,0.013021001220838,-0.007247374847284,0.00476800976795,0.000638125763139,0.0034493284494000005,0.002035103785146,1.963000000000001,2.1134259995960747,0.22927400004846277,0.13929399938206188,17.575762999513245
invdyn,00:57:20.858,109,-90.009,-89.982,0.021,-89.96,-31.934,0.002,0.0,0.0,0.0,0.0,1.4338655664269673,0.0,-90.009,-89.982,0.021,-89.96,-30.0,0.002,-90.009,-89.982,0.021,-89.96,-30.967,0.002,0.0,0.0,0.0,0.0,23.906000047153142,0.0,0.0,0.0,0.0,0.0,0.9670000000000023,0.0,-0.0413094,-0.0413094,-0.0275396,0.0137698,1.8244985,0.0137698,0.01283028083012,-0.007143345543256,0.00364102564098,0.00010347985348200002,0.0022593101343570004,0.0017419108669470002,1.934000000000001,2.4520120005036006,0.23268099994311342,0.10157199994864641,17.26306399996247
invdyn,00:57:20.879,110,-90.009,-89.982,0.021,-89.96,-31.901,0.002,0.0,0.0,0.0,0.0,1.6306405598360694,0.0,-90.009,-89.982,0.021,-89.96,-30.0,0.002,-90.009,-89.982,0.021,-89.96,-30.950499999999998,0.002,0.0,0.0,0.0,0.0,23.48369472915341,0.0,0.0,0.0,0.0,0.0,0.9505000000000017,0.0,0.0068849,-0.0068849,-0.0275396,-0.034424500000000004,1.996621,-0.0137698,0.012604884004726,-0.007195360195269999,0.00364102564098,0.000586385836398,0.001569444444477,0.002035103785146,1.9009999999999998,2.0311680000304477,0.2265700004500104,0.08788700051809428,17.70998200026952
invdyn,00:57:20.899,111,-90.009,-89.982,0.021,-89.96,-31.862,0.002,0.0,0.0,0.0,0.0,1.9161495642396003,0.0,-90.009,-89.982,0.021,-89.96,-30.0,0.002,-90.009,-89.982,0.021,-89.96,-30.930999999999997,0.002,0.0,0.0,0.0,0.0,22.870964670602547,0.0,0.0,0.0,0.0,0.0,0.9310000000000009,0.0,0.0068849,0.0137698,-0.0481943,-0.0481943,2.0241606,-0.0137698,0.013142368742204,-0.007940903540804,0.0039010989010499998,0.00041391941392800006,0.00043116605617500006,0.001569444444477,1.8619999999999983,2.0185749999654945,0.23271800000657095,0.1018129996737116,17.713778999677743
invdyn,00:57:20.919,112,-90.009,-89.982,0.021,-89.96,-31.821,0.002,0.0,0.0,0.0,0.0,2.026735306249769,0.0,-90.009,-89.982,0.021,-89.96,-30.0,0.002,-90.009,-89.982,0.021,-89.96,-30.9105,0.002,0.0,0.0,0.0,0.0,22.50417678464097,0.0,0.0,0.0,0.0,0.0,0.9105000000000025,0.0,-0.0137698,-0.034424500000000004,0.0206547,-0.0275396,1.5215629,-0.0068849,0.012691575091416,-0.006883272283186,0.0033636141635719997,0.0008968253968440001,0.0032941086691770003,0.002655982906038,1.8210000000000015,2.6587669999571517,0.27571699956752127,0.11609000011958415,17.010124000080395
invdyn,00:57:20.939,113,-90.009,-89.982,0.021,-89.96,-31.784,0.002,0.0,0.0,0.0,0.0,1.8288757056155895,0.0,-90.009,-89.982,0.021,-89.96,-30.0,0.002,-90.009,-89.982,0.021,-89.96,-30.892,0.002,0.0,0.0,0.0,0.0,22.04536661363501,0.0,0.0,0.0,0.0,0.0,0.8919999999999995,0.0,0.0550792,-0.0826188,-0.034424500000000004,-0.034424500000000004,1.514678,-0.0275396,0.01335042735026,-0.007247374847284,0.00364102564098,0.00041391941392800006,0.002173076923122,0.0017419108669470002,1.783999999999999,4.026872999929765,0.34236400006193435,0.13951599976280704,15.527928999290452
invdyn,00:57:20.960,114,-90.009,-89.982,0.021,-89.96,-31.752,0.002,0.0,0.0,0.0,0.0,1.5822524432079423,0.0,-90.009,-89.982,0.021,-89.96,-30.0,0.002,-90.009,-89.982,0.021,-89.96,-30.875999999999998,0.002,0.0,0.0,0.0,0.0,21.657080316408678,0.0,0.0,0.0,0.0,0.0,0.8760000000000012,0.0,-0.0481943,-0.0206547,0.0413094,-0.0068849,1.6799156,0.034424500000000004,0.012622222222064,-0.007940903540804,0.00364102564098,0.000638125763139,0.0017936507936880002,0.002655982906038,1.751999999999999,2.037315000052331,3.821729000264895,0.4436959998201928,13.87575500029925
invdyn,00:57:20.980,115,-90.009,-89.982,0.021,-89.96,-31.721,0.002,0.0,0.0,0.0,0.0,1.5212577833416596,0.0,-90.009,-89.982,0.021,-89.96,-30.0,0.002,-90.009,-89.982,0.021,-89.96,-30.860500000000002,0.002,0.0,0.0,0.0,0.0,21.11358584783143,0.0,0.0,0.0,0.0,0.0,0.8604999999999983,0.0,0.0,-0.0068849,-0.0,0.0275396,1.514678,0.0068849,0.012708913308754,-0.006623199023116,0.002791452991418,0.00022420634921100003,0.0017074175824530002,0.002345543345592,1.721,3.049019999707525,0.2411619998383685,0.12323800001468044,16.66024199948879
invdyn,00:57:21.000,116,-90.009,-89.982,0.021,-89.96,-31.693,0.002,0.0,0.0,0.0,0.0,1.3818644263239614,0.0,-90.009,-89.982,0.021,-89.96,-30.0,0.002,-90.009,-89.982,0.021,-89.96,-30.8465,0.002,0.0,0.0,0.0,0.0,20.888361372915874,0.0,0.0,0.0,0.0,0.0,0.8465000000000025,0.0,-0.0137698,-0.0068849,0.0068849,0.0275396,1.2255122,-0.0137698,0.012795604395443999,-0.007611477411382,0.004178510378458,0.000707112332127,0.00224206349211,0.002104090354134,1.6930000000000014,2.1013700006733416,0.22919900038687047,0.09896100073092384,17.62974299981579
invdyn,00:57:21.021,117,-90.009,-89.982,0.021,-89.96,-31.663,0.002,0.0,0.0,0.0,0.0,1.484113983770579,0.0,-90.009,-89.982,0.021,-89.96,-30.0,0.002,-90.009,-89.982,0.021,-89.96,-30.8315,0.002,0.0,0.0,0.0,0.0,20.567346291753164,0.0,0.0,0.0,0.0,0.0,0.8315000000000019,0.0,-0.0206547,0.0068849,0.0275396,0.0137698,1.5009082,-0.0,0.012622222222064,-0.007940903540804,0.004195848595796,0.001259004884031,0.001362484737513,0.0019661172161580002,1.6630000000000003,1.9963160002589575,0.22227399949770188,0.07762799941701815,17.7707590000864
invdyn,00:57:21.041,118,-90.009,-89.982,0.021,-89.96,-31.638,0.002,0.0,0.0,0.0,0.0,1.2365428837603514,0.0,-90.009,-89.982,0.021,-89.96,-30.0,0.002,-90.009,-89.982,0.021,-89.96,-30.819000000000003,0.002,0.0,0.0,0.0,0.0,20.25457243599573,0.0,0.0,0.0,0.0,0.0,0.8189999999999991,0.0,0.0068849,0.034424500000000004,0.0068849,-0.0137698,1.0602746,0.0068849,0.013021001220838,-0.0076634920633959994,0.00364102564098,0.001069291819314,0.002724969475026,0.00241452991458,1.6380000000000017,1.9473719994493877,0.22308899951895,0.07692500003031455,17.818369999986317
invdyn,00:57:21.061,119,-90.009,-89.982,0.021,-89.96,-31.613,0.002,0.0,0.0,0.0,0.0,1.2365428837605272,0.0,-90.009,-89.982,0.021,-89.96,-30.0,0.002,-90.009,-89.982,0.021,-89.96,-30.8065,0.002,0.0,0.0,0.0,0.0,19.945436715055596,0.0,0.0,0.0,0.0,0.0,0.8064999999999998,0.0,0.0619641,0.0,0.0481943,-0.0481943,1.308131,0.0137698,0.013055677655513999,-0.006883272283186,0.003086202686164,0.001431471306501,0.0017074175824530002,0.002276556776604,1.6129999999999995,1.9355770000402117,0.21975500021653716,0.07566499971289886,17.83444300053816
invdyn,00:57:21.081,120,-90.009,-89.982,0.021,-89.96,-31.589,0.002,0.0,0.0,0.0,0.0,1.1870811684100497,0.0,-90.009,-89.982,0.021,-89.96,-30.0,0.002,-90.009,-89.982,0.021,-89.96,-30.7945,0.002,0.0,0.0,0.0,0.0,19.648666422953085,0.0,0.0,0.0,0.0,0.0,0.7944999999999993,0.0,0.0,-0.0206547,-0.0206547,0.0137698,0.8537276,0.0068849,0.012708913308754,-0.007420757020664,0.00364102564098,0.00046565934066900006,0.0033286019536710003,0.0017419108669470002,1.5889999999999986,1.9378919996597688,0.22062600055505754,0.07749900032649748,17.825332000029448
invdyn,00:57:21.102,121,-90.009,-89.982,0.021,-89.96,-31.569,0.002,0.0,0.0,0.0,0.0,0.9810663703876757,0.0,-90.009,-89.982,0.021,-89.96,-30.0,0.002,-90.009,-89.982,0.021,-89.96,-30.7845,0.002,0.0,0.0,0.0,0.0,19.241164189228687,0.0,0.0,0.0,0.0,0.0,0.7844999999999978,0.0,0.034424500000000004,0.0068849,-0.0,0.06884900000000001,1.0533897,-0.0068849,0.012500854700698,-0.007438095238002,0.004473260073204,0.001138278388302,0.002793956044014,0.0018108974359350002,1.568999999999999,1.9760950008276268,0.22340400028042495,0.08449800043308642,17.783073999453336
invdyn,00:57:21.122,122,-90.009,-89.982,0.021,-89.96,-31.55,0.002,0.0,0.0,0.0,0.0,0.9396285431306075,0.0,-90.009,-89.982,0.021,-89.96,-30.0,0.002,-90.009,-89.982,0.021,-89.96,-30.775,0.002,0.0,0.0,0.0,0.0,19.16347686648117,0.0,0.0,0.0,0.0,0.0,0.7750000000000021,0.0,-0.0137698,-0.034424500000000004,0.0137698,-0.034424500000000004,0.6265259,-0.0,0.012500854700698,-0.007126007325917999,0.0050280830280199995,0.001121031746055,0.004518620268714001,0.0023627899878390004,1.5500000000000007,1.946780999787734,0.21986600040690973,0.07618400013598148,17.817481000747648
invdyn,00:57:21.142,123,-90.009,-89.982,0.021,-89.96,-31.534,0.002,0.0,0.0,0.0,0.0,0.7914807817052626,0.0,-90.009,-89.982,0.021,-89.96,-30.0,0.002,-90.009,-89.982,0.021,-89.96,-30.767,0.002,0.0,0.0,0.0,0.0,18.970804986495878,0.0,0.0,0.0,0.0,0.0,0.7669999999999995,0.0,0.0413094,0.0068849,0.0137698,-0.0206547,0.68849,-0.0068849,0.013298412698246,-0.006883272283186,0.00364102564098,0.000638125763139,0.005656898657016,0.002190323565369,1.533999999999999,4.250868999406521,0.24871799996617483,0.12379399959172588,15.414560999488458
invdyn,00:57:21.162,124,-90.009,-89.982,0.021,-89.96,-31.522,0.002,0.0,0.0,0.0,0.0,0.5935125879980886,0.0,-90.009,-89.982,0.021,-89.96,-30.0,0.002,-90.009,-89.982,0.021,-89.96,-30.761,0.002,0.0,0.0,0.0,0.0,18.819294977771992,0.0,0.0,0.0,0.0,0.0,0.7609999999999992,0.0,-0.0413094,0.0206547,-0.0137698,-0.0206547,0.8743823000000001,0.0757339,0.013142368742204,-0.007438095238002,0.003918437118388,0.000638125763139,0.0050877594628650005,0.0018798840049230002,1.5219999999999985,2.3546060001535807,0.2282919995195698,0.0967759997365647,17.317082000772643
invdyn,00:57:21.182,125,-90.009,-89.982,0.021,-89.96,-31.506,0.002,0.0,0.0,0.0,0.0,0.7914341109039862,0.0,-90.009,-89.982,0.021,-89.96,-30.0,0.002,-90.009,-89.982,0.021,-89.96,-30.753,0.002,0.0,0.0,0.0,0.0,18.62343392221148,0.0,0.0,0.0,0.0,0.0,0.7530000000000001,0.0,0.0,0.034424500000000004,-0.034424500000000004,-0.0206547,0.6471806,-0.0275396,0.012500854700698,-0.00814896214886,0.004473260073204,0.000155219780223,0.006157051282179001,0.0018108974359350002,1.5060000000000002,1.940576999913901,0.28986500001337845,0.08551800056011416,17.743426999913936
invdyn,00:57:21.203,126,-90.009,-89.982,0.021,-89.96,-31.491,0.002,0.0,0.0,0.0,0.0,0.7419257302562812,0.0,-90.009,-89.982,0.021,-89.96,-30.0,0.002,-90.009,-89.982,0.021,-89.96,-30.7455,0.002,0.0,0.0,0.0,0.0,18.436854396867883,0.0,0.0,0.0,0.0,0.0,0.7454999999999998,0.0,0.0275396,-0.0206547,0.0206547,-0.034424500000000004,0.7848786,0.0275396,0.012934310134148,-0.007420757020664,0.0033636141635719997,0.000586385836398,0.005070512820618001,0.002190323565369,1.4909999999999997,1.9990760001746821,0.22194099983607884,0.0831279994599754,17.74709300025279
invdyn,00:57:21.223,127,-90.009,-89.982,0.021,-89.96,-31.478,0.002,0.0,0.0,0.0,0.0,0.6437310602929309,0.0,-90.009,-89.982,0.021,-89.96,-30.0,0.002,-90.009,-89.982,0.021,-89.96,-30.739,0.002,0.0,0.0,0.0,0.0,18.296817444482503,0.0,0.0,0.0,0.0,0.0,0.7390000000000008,0.0,-0.0481943,-0.0137698,-0.0481943,-0.0757339,1.0946991,0.0481943,0.012795604395443999,-0.00745543345534,0.003935775335726,0.0008968253968440001,0.004518620268714001,0.001569444444477,1.4780000000000015,1.9879459996445803,0.2501990002201637,0.178256999788573,17.62835499994253
invdyn,00:57:21.243,128,-90.009,-89.982,0.021,-89.96,-31.459,0.002,0.0,0.0,0.0,0.0,0.9397615094340565,0.0,-90.009,-89.982,0.021,-89.96,-30.0,0.002,-90.009,-89.982,0.021,-89.96,-30.7295,0.002,0.0,0.0,0.0,0.0,18.040947924528297,0.0,0.0,0.0,0.0,0.0,0.729499999999998,0.0,0.0206547,0.0137698,0.0068849,-0.0137698,1.1084689,-0.0,0.01248351648336,-0.0069352869352,0.004178510378458,0.001190018315043,0.004346153846244,0.0018798840049230002,1.4589999999999996,2.0623890004571876,0.25727299998834496,0.12240500018378953,17.617206999602786
invdyn,00:57:21.263,129,-90.009,-89.982,0.021,-89.96,-31.439,0.002,0.0,0.0,0.0,0.0,0.9881040331699752,0.0,-90.009,-89.982,0.021,-89.96,-30.0,0.002,-90.009,-89.982,0.021,-89.96,-30.7195,0.002,0.0,0.0,0.0,0.0,17.773521296645306,0.0,0.0,0.0,0.0,0.0,0.7195,0.0,0.0137698,0.0275396,-0.0,-0.0413094,1.4114045,-0.034424500000000004,0.012916971916809999,-0.00641514041506,0.003935775335726,0.000707112332127,0.003207875457942,0.002035103785146,1.439,2.1092959996167338,0.24064399985945784,0.10751699937827652,17.58767000046646
invdyn,00:57:21.284,130,-90.009,-89.982,0.021,-89.96,-31.412,0.002,0.0,0.0,0.0,0.0,1.3354348179856876,0.0,-90.009,-89.982,0.021,-89.96,-30.0,0.002,-90.009,-89.982,0.021,-89.96,-30.706,0.002,0.0,0.0,0.0,0.0,17.459573731441836,0.0,0.0,0.0,0.0,0.0,0.7059999999999995,0.0,-0.0550792,-0.0206547,-0.0206547,0.0275396,1.4940233,-0.0481943,0.011894017093868,-0.007438095238002,0.003918437118388,0.00041391941392800006,0.0036045482296230003,0.001362484737513,1.411999999999999,2.0035759998791036,0.22671800070384052,0.09114699969359208,17.735075000018696
invdyn,00:57:21.304,131,-90.009,-89.982,0.021,-89.96,-31.386,0.002,0.0,0.0,0.0,0.0,1.2756697470930816,0.0,-90.009,-89.982,0.021,-89.96,-30.0,0.002,-90.009,-89.982,0.021,-89.96,-30.692999999999998,0.002,0.0,0.0,0.0,0.0,17.000752591067535,0.0,0.0,0.0,0.0,0.0,0.6930000000000014,0.0,-0.0137698,0.0757339,-0.0068849,0.034424500000000004,1.5077931,-0.0,0.012986324786161999,-0.007247374847284,0.004473260073204,0.001310744810772,0.002311050061098,0.0018108974359350002,1.3859999999999992,1.9972420004705782,0.22684699979436118,0.09981299990613479,17.733353000039642
invdyn,00:57:21.324,132,-90.009,-89.982,0.021,-89.96,-31.353,0.002,0.0,0.0,0.0,0.0,1.632409859653147,0.0,-90.009,-89.982,0.021,-89.96,-30.0,0.002,-90.009,-89.982,0.021,-89.96,-30.6765,0.002,0.0,0.0,0.0,0.0,16.732201061445945,0.0,0.0,0.0,0.0,0.0,0.6765000000000008,0.0,-0.0413094,0.0206547,-0.0,0.0275396,1.6592609,0.0137698,0.012500854700698,-0.0069352869352,0.0039010989010499998,0.001017551892573,0.001362484737513,0.0017419108669470002,1.3530000000000015,1.9753159995161695,0.5635269999402226,0.09868300003290642,17.421173000002455
invdyn,00:57:21.344,133,-90.009,-89.982,0.021,-89.96,-31.319,0.002,0.0,0.0,0.0,0.0,1.6815000294781257,0.0,-90.009,-89.982,0.021,-89.96,-30.0,0.002,-90.009,-89.982,0.021,-89.96,-30.6595,0.002,0.0,0.0,0.0,0.0,16.308077491775624,0.0,0.0,0.0,0.0,0.0,0.6594999999999978,0.0,-0.0137698,0.0481943,-0.0275396,0.0550792,1.6799156,0.0068849,0.01239682539667,-0.007160683760593999,0.00364102564098,0.0008968253968440001,0.001190018315043,0.0018108974359350002,1.318999999999999,3.0771669999012374,0.3187909996995586,0.12012800016236724,16.460005000226374
invdyn,00:57:21.365,134,-90.009,-89.982,0.021,-89.96,-31.287,0.002,0.0,0.0,0.0,0.0,1.5819727021993837,0.0,-90.009,-89.982,0.021,-89.96,-30.0,0.002,-90.009,-89.982,0.021,-89.96,-30.6435,0.002,0.0,0.0,0.0,0.0,15.906241154145341,0.0,0.0,0.0,0.0,0.0,0.6434999999999995,0.0,-0.0206547,0.0206547,-0.0137698,-0.0275396,1.2599367000000001,-0.0068849,0.01343711843695,-0.0063978021977219995,0.003935775335726,0.0009485653235850001,0.002724969475026,0.002035103785146,1.286999999999999,2.0338350004749373,0.2241259999209433,0.08301700017909752,17.72313099991152
invdyn,00:57:21.385,135,-90.009,-89.982,0.021,-89.96,-31.26,0.002,0.0,0.0,0.0,0.0,1.3351199349216514,0.0,-90.009,-89.982,0.021,-89.96,-30.0,0.002,-90.009,-89.982,0.021,-89.96,-30.630000000000003,0.002,0.0,0.0,0.0,0.0,15.576399240754078,0.0,0.0,0.0,0.0,0.0,0.629999999999999,0.0,0.0550792,-0.0137698,-0.0275396,0.0206547,1.0465048000000001,-0.0068849,0.012708913308754,-0.0069352869352,0.003918437118388,0.000776098901115,0.001638431013465,0.002655982906038,1.2600000000000016,2.394365000327525,0.23477400009142002,0.10672000007616589,17.321248999905947
invdyn,00:57:21.405,136,-90.009,-89.982,0.021,-89.96,-31.234,0.002,0.0,0.0,0.0,0.0,1.2858226409310014,0.0,-90.009,-89.982,0.021,-89.96,-30.0,0.002,-90.009,-89.982,0.021,-89.96,-30.617,0.002,0.0,0.0,0.0,0.0,15.25678018181606,0.0,0.0,0.0,0.0,0.0,0.6170000000000009,0.0,-0.0206547,0.0275396,0.0206547,0.0206547,1.2255122,-0.0275396,0.013246398046232,-0.007438095238002,0.0033636141635719997,0.001017551892573,0.0019316239316640002,0.0018971306471700002,1.2340000000000018,1.9724459998542443,0.22190300023794407,0.0800360003267997,17.78527800070151
invdyn,00:57:21.425,137,-90.009,-89.982,0.021,-89.96,-31.215,0.002,0.0,0.0,0.0,0.0,0.9397836741433523,0.0,-90.009,-89.982,0.021,-89.96,-30.0,0.002,-90.009,-89.982,0.021,-89.96,-30.6075,0.002,0.0,0.0,0.0,0.0,15.024173211632348,0.0,0.0,0.0,0.0,0.0,0.6074999999999982,0.0,0.034424500000000004,0.0068849,-0.0,-0.0275396,1.0189652,-0.0275396,0.012535531135374,-0.0063978021977219995,0.003935775335726,0.0008968253968440001,0.001241758241784,0.0018971306471700002,1.2149999999999999,1.9356880002305843,0.22118099968793103,0.07575800009362865,17.827906999627885
invdyn,00:57:21.445,138,-90.009,-89.982,0.021,-89.96,-31.19,0.002,0.0,0.0,0.0,0.0,1.236995092487661,0.0,-90.009,-89.982,0.021,-89.96,-30.0,0.002,-90.009,-89.982,0.021,-89.96,-30.595,0.002,0.0,0.0,0.0,0.0,14.720241600604018,0.0,0.0,0.0,0.0,0.0,0.5950000000000024,0.0,0.0137698,0.0826188,-0.0206547,-0.0206547,1.1497783000000001,-0.0275396,0.01283028083012,-0.007195360195269999,0.0033636141635719997,0.0009485653235850001,0.0018626373626760002,0.0017419108669470002,1.1900000000000013,1.9720390000657062,0.2219219995822641,0.07396199998765951,17.789591999644472
invdyn,00:57:21.466,139,-90.009,-89.982,0.021,-89.96,-31.171,0.002,0.0,0.0,0.0,0.0,0.9401606342316076,0.0,-90.009,-89.982,0.021,-89.96,-30.0,0.002,-90.009,-89.982,0.021,-89.96,-30.5855,0.002,0.0,0.0,0.0,0.0,14.485896087961862,0.0,0.0,0.0,0.0,0.0,0.5854999999999997,0.0,0.0137698,0.0,-0.0413094,-0.0137698,0.9570011,-0.0068849,0.012934310134148,-0.008513064712957999,0.002808791208756,0.000707112332127,0.001603937728971,0.0018971306471700002,1.1709999999999994,1.9300029998703394,0.21895899953960907,0.07612899935338646,17.835333000221
invdyn,00:57:21.486,140,-90.009,-89.982,0.021,-89.96,-31.149,0.002,0.0,0.0,0.0,0.0,1.0886198931136648,0.0,-90.009,-89.982,0.021,-89.96,-30.0,0.002,-90.009,-89.982,0.021,-89.96,-30.5745,0.002,0.0,0.0,0.0,0.0,14.213912013496467,0.0,0.0,0.0,0.0,0.0,0.5745000000000005,0.0,0.0826188,0.0137698,-0.0137698,-0.0275396,0.8193031000000001,-0.0,0.013125030524865999,-0.0069352869352,0.004213186813134,0.001017551892573,0.002690476190532,0.0025697496948030004,1.149000000000001,1.952298999640334,0.32078999993245816,0.16116400001919828,17.604263000066567
invdyn,00:57:21.506,141,-90.008,-89.982,0.021,-89.96,-31.133,0.002,0.04909350968596041,0.0,0.0,0.0,0.7854961549717038,0.0,-90.009,-89.982,0.021,-89.96,-30.0,0.002,-90.0085,-89.982,0.021,-89.96,-30.566499999999998,0.002,-0.012273377421490102,0.0,0.0,0.0,13.905736618481876,0.0,-0.0005000000000023874,0.0,0.0,0.0,0.5665000000000013,0.0,0.0,-0.0068849,-0.0137698,-0.0,1.0120803,-0.0206547,0.012500854700698,-0.0076634920633959994,0.003086202686164,0.0008278388278560001,0.001362484737513,0.001345238095266,1.1330004413061798,2.0018539999000495,0.24647699956403812,0.22003399953973712,17.601171000023896
invdyn,00:57:21.527,142,-90.009,-89.982,0.021,-89.96,-31.113,0.002,-0.04928676850787341,0.0,0.0,0.0,0.9857353701527405,0.0,-90.009,-89.982,0.021,-89.96,-30.0,0.002,-90.009,-89.982,0.021,-89.96,-30.5565,0.002,0.0,0.0,0.0,0.0,13.714043337250288,0.0,0.0,0.0,0.0,0.0,0.5564999999999998,0.0,-0.0137698,0.0206547,-0.034424500000000004,-0.0413094,0.6540655,-0.0275396,0.012622222222064,-0.006883272283186,0.003918437118388,0.000758852258868,0.003035409035472,0.001586691086724,1.1129999999999995,1.9657430002553156,0.3077359997405438,0.16921899987210054,18.172530999436276
invdyn,00:57:21.549,143,-90.009,-89.982,0.021,-89.96,-31.097,0.002,0.0,0.0,0.0,0.0,0.7182027397259483,0.0,-90.009,-89.982,0.021,-89.96,-30.0,0.002,-90.009,-89.982,0.021,-89.96,-30.5485,0.002,0.0,0.0,0.0,0.0,12.310443835616454,0.0,0.0,0.0,0.0,0.0,0.5485000000000007,0.0,0.0,0.0275396,0.0206547,-0.0206547,0.9501162000000001,-0.0137698,0.01283028083012,-0.007195360195269999,0.003918437118388,0.001241758241784,0.002311050061098,0.0018108974359350002,1.0970000000000013,2.041222999650927,0.2760320003289962,0.1377200005663326,17.591003000234195
invdyn,00:57:21.569,144,-90.009,-89.982,0.021,-89.96,-31.082,0.002,0.0,0.0,0.0,0.0,0.7417332971787928,0.0,-90.009,-89.982,0.021,-89.96,-30.0,0.002,-90.009,-89.982,0.021,-89.96,-30.541,0.002,0.0,0.0,0.0,0.0,13.375923792457066,0.0,0.0,0.0,0.0,0.0,0.5410000000000004,0.0,-0.034424500000000004,0.0481943,0.0137698,0.06884900000000001,0.6816051000000001,0.0068849,0.012726251526091999,-0.0069352869352,0.004195848595796,0.00041391941392800006,0.0023972832723330004,0.002190323565369,1.0820000000000007,1.9838170001094113,0.229847999435151,0.08403499941778136,17.766666999705194
invdyn,00:57:21.589,145,-90.009,-89.982,0.021,-89.96,-31.065,0.002,0.0,0.0,0.0,0.0,0.840650891899194,0.0,-90.009,-89.982,0.021,-89.96,-30.0,0.002,-90.009,-89.982,0.021,-89.96,-30.5325,0.002,0.0,0.0,0.0,0.0,13.166076468715751,0.0,0.0,0.0,0.0,0.0,0.5325000000000024,0.0,0.0068849,0.0,0.0206547,-0.0275396,0.4957128,-0.0137698,0.01283028083012,-0.007195360195269999,0.003086202686164,0.000638125763139,0.0038977411478220004,0.002035103785146,1.0650000000000013,1.9549650005501462,0.23925499954202678,0.09912699988490203,17.76318599968363
invdyn,00:57:21.609,146,-90.009,-89.982,0.021,-89.96,-31.054,0.002,0.0,0.0,0.0,0.0,0.544059621235486,0.0,-90.009,-89.982,0.021,-89.96,-30.0,0.002,-90.009,-89.982,0.021,-89.96,-30.527,0.002,0.0,0.0,0.0,0.0,13.032700926864914,0.0,0.0,0.0,0.0,0.0,0.5269999999999975,0.0,0.0550792,-0.0068849,-0.0481943,0.06884900000000001,0.5852165,0.0206547,0.012916971916809999,-0.00667521367513,0.0033636141635719997,0.00010347985348200002,0.0036562881563640005,0.002276556776604,1.0539999999999985,1.9502429995554849,0.2460690002408228,0.09318400043412112,17.765758999303216
invdyn,00:57:21.630,147,-90.009,-89.982,0.021,-89.96,-31.044,0.002,0.0,0.0,0.0,0.0,0.4947455088053559,0.0,-90.009,-89.982,0.021,-89.96,-30.0,0.002,-90.009,-89.982,0.021,-89.96,-30.522,0.002,0.0,0.0,0.0,0.0,12.912857779822364,0.0,0.0,0.0,0.0,0.0,0.522000000000002,0.0,0.0068849,0.0068849,0.034424500000000004,-0.0206547,0.4957128,0.0137698,0.012795604395443999,-0.007160683760593999,0.004473260073204,0.000758852258868,0.0036562881563640005,0.0018108974359350002,1.0440000000000005,1.9680400000652298,0.2273660002174438,0.07825800003047334,17.801925999265222
invdyn,00:57:21.650,148,-90.009,-89.982,0.021,-89.96,-31.032,0.002,0.0,0.0,0.0,0.0,0.5932327711184412,0.0,-90.009,-89.982,0.021,-89.96,-30.0,0.002,-90.009,-89.982,0.021,-89.96,-30.516,0.002,0.0,0.0,0.0,0.0,12.754504579046003,0.0,0.0,0.0,0.0,0.0,0.5160000000000018,0.0,-0.0137698,0.0413094,-0.0137698,-0.06884900000000001,0.3511299,-0.0275396,0.012414163614008,-0.007438095238002,0.003935775335726,0.000638125763139,0.00396672771681,0.0017246642247000002,1.032,1.9574660000216682,0.2276619998156093,0.0934429999688291,17.78198100055306
invdyn,00:57:21.670,149,-90.009,-89.982,0.021,-89.96,-31.022,0.002,0.0,0.0,0.0,0.0,0.494617153504246,0.0,-90.009,-89.982,0.021,-89.96,-30.0,0.002,-90.009,-89.982,0.021,-89.96,-30.511,0.002,0.0,0.0,0.0,0.0,12.63746827203149,0.0,0.0,0.0,0.0,0.0,0.5109999999999992,0.0,-0.0757339,0.034424500000000004,-0.0206547,0.0275396,0.3167054,0.0275396,0.012795604395443999,-0.008478388278282,0.005305494505428,0.00048290598291600006,0.005122252747359,0.002190323565369,1.0219999999999985,1.954336000380863,0.2223290002802969,0.08066500049608294,17.789092999919376
invdyn,00:57:21.690,150,-90.009,-89.982,0.021,-89.96,-31.015,0.002,0.0,0.0,0.0,0.0,0.34612180227749956,0.0,-90.009,-89.982,0.021,-89.96,-30.0,0.002,-90.009,-89.982,0.021,-89.96,-30.5075,0.002,0.0,0.0,0.0,0.0,12.546915332563136,0.0,0.0,0.0,0.0,0.0,0.5075000000000003,0.0,0.0206547,-0.0206547,-0.0,0.0068849,0.3786695,-0.0413094,0.01248351648336,-0.007247374847284,0.002791452991418,0.0008968253968440001,0.004001221001304,0.0038115079365870002,1.0150000000000006,1.9443179999143467,0.22366300072462764,0.15666400031477679,17.718056000376237
invdyn,00:57:21.711,151,-90.009,-89.982,0.021,-89.96,-31.008,0.002,0.0,0.0,0.0,0.0,0.34425091749042736,0.0,-90.009,-89.982,0.021,-89.96,-30.0,0.002,-90.009,-89.982,0.021,-89.96,-30.503999999999998,0.002,0.0,0.0,0.0,0.0,12.393033029652809,0.0,0.0,0.0,0.0,0.0,0.5040000000000013,0.0,0.0206547,0.0,0.0068849,-0.0550792,0.6058712,-0.0137698,0.012708913308754,-0.007212698412608,0.004195848595796,0.0016729242979590003,0.004208180708268,0.0019661172161580002,1.0079999999999991,2.0791669994650874,0.2404770002613077,0.11927499963348964,17.616707000343013
invdyn,00:57:21.731,152,-90.009,-89.982,0.021,-89.96,-30.999,0.002,0.0,0.0,0.0,0.0,0.4451134458240644,0.0,-90.009,-89.982,0.021,-89.96,-30.0,0.002,-90.009,-89.982,0.021,-89.96,-30.499499999999998,0.002,0.0,0.0,0.0,0.0,12.351898121617305,0.0,0.0,0.0,0.0,0.0,0.49950000000000117,0.0,0.0137698,0.0,0.034424500000000004,-0.034424500000000004,0.5301373,0.0413094,0.012916971916809999,-0.007680830280734,0.004195848595796,0.00051739926741,0.004553113553208,0.0018108974359350002,0.9989999999999988,2.488826000444533,0.341586999638821,0.23508799949922832,17.448562000026868
invdyn,00:57:21.752,153,-90.009,-89.982,0.021,-89.96,-30.986,0.002,0.0,0.0,0.0,0.0,0.6278609000045153,0.0,-90.009,-89.982,0.021,-89.96,-30.0,0.002,-90.009,-89.982,0.021,-89.96,-30.493000000000002,0.002,0.0,0.0,0.0,0.0,11.905208603933497,0.0,0.0,0.0,0.0,0.0,0.49299999999999855,0.0,0.0068849,0.0413094,-0.034424500000000004,-0.0275396,0.4062091,-0.0,0.0130036630035,-0.006900610500524,0.001976556776532,0.000638125763139,0.0052947191698290005,0.00258699633705,0.9860000000000007,2.3772540007485077,0.30403200071305037,0.11923799957003212,17.60185500006628
invdyn,00:57:21.772,154,-90.009,-89.982,0.021,-89.96,-30.977,0.002,0.0,0.0,0.0,0.0,0.43736731974650883,0.0,-90.009,-89.982,0.021,-89.96,-30.0,0.002,-90.009,-89.982,0.021,-89.96,-30.488500000000002,0.002,0.0,0.0,0.0,0.0,11.869663094231196,0.0,0.0,0.0,0.0,0.0,0.4884999999999984,0.0,0.0137698,0.0275396,-0.0068849,-0.0137698,0.5507920000000001,-0.0481943,0.012795604395443999,-0.008166300366198,0.00364102564098,0.001241758241784,0.0069331501832940005,0.00241452991458,0.9770000000000003,2.220942999883846,0.28999499954807106,0.10062799992738292,17.84940600009577
invdyn,00:57:21.793,155,-90.009,-89.982,0.021,-89.96,-30.967,0.002,0.0,0.0,0.0,0.0,0.4849130595635238,0.0,-90.009,-89.982,0.021,-89.96,-30.0,0.002,-90.009,-89.982,0.021,-89.96,-30.4835,0.002,0.0,0.0,0.0,0.0,11.72277321494634,0.0,0.0,0.0,0.0,0.0,0.4834999999999994,0.0,-0.0137698,-0.034424500000000004,-0.0068849,-0.0,0.7986484,-0.0068849,0.012708913308754,-0.00615506715499,0.003935775335726,0.000776098901115,0.004777319902419,0.002035103785146,0.9669999999999987,1.993982999920263,0.3056799996556947,0.10992399984388612,18.048754000119516
invdyn,00:57:21.813,156,-90.009,-89.982,0.021,-89.96,-30.955,0.002,0.0,0.0,0.0,0.0,0.581949495883844,0.0,-90.009,-89.982,0.021,-89.96,-30.0,0.002,-90.009,-89.982,0.021,-89.96,-30.4775,0.002,0.0,0.0,0.0,0.0,11.578370178521855,0.0,0.0,0.0,0.0,0.0,0.47749999999999915,0.0,-0.0275396,0.0068849,-0.034424500000000004,-0.0550792,0.7435692,-0.0068849,0.012847619047458,-0.007195360195269999,0.002808791208756,0.001310744810772,0.004794566544666001,0.002190323565369,0.9549999999999983,3.669194000394782,0.3510489996187971,0.11859099959110608,16.435802000160038
invdyn,00:57:21.834,157,-90.009,-89.982,0.021,-89.96,-30.939,0.002,0.0,0.0,0.0,0.0,0.7669496805749947,0.0,-90.009,-89.982,0.021,-89.96,-30.0,0.002,-90.009,-89.982,0.021,-89.96,-30.4695,0.002,0.0,0.0,0.0,0.0,11.25258984468749,0.0,0.0,0.0,0.0,0.0,0.46950000000000003,0.0,0.0,-0.0137698,0.0206547,-0.0,1.1291236,-0.0,0.012535531135374,-0.007386080585988,0.003918437118388,0.000707112332127,0.0026732295482850004,0.001586691086724,0.9390000000000001,3.486197999336582,0.290624000626849,0.18114500016963575,16.77923999977793
invdyn,00:57:21.855,158,-90.009,-89.982,0.021,-89.96,-30.924,0.002,0.0,0.0,0.0,0.0,0.7095760446625206,0.0,-90.009,-89.982,0.021,-89.96,-30.0,0.002,-90.009,-89.982,0.021,-89.96,-30.462,0.002,0.0,0.0,0.0,0.0,10.927471087802397,0.0,0.0,0.0,0.0,0.0,0.46199999999999974,0.0,-0.0275396,-0.0206547,-0.034424500000000004,0.0619641,0.757339,-0.0068849,0.012604884004726,-0.00797557997548,0.005010744810682,0.000638125763139,0.004691086691184,0.0016556776557120003,0.9239999999999995,2.094222999403428,0.2525690006223158,0.11416399956942769,17.601188000298862
invdyn,00:57:21.876,159,-90.009,-89.982,0.021,-89.96,-30.905,0.002,0.0,0.0,0.0,0.0,0.9389310868924075,0.0,-90.009,-89.982,0.021,-89.96,-30.0,0.002,-90.009,-89.982,0.021,-89.96,-30.4525,0.002,0.0,0.0,0.0,0.0,11.18069254786452,0.0,0.0,0.0,0.0,0.0,0.45250000000000057,0.0,0.0137698,0.0137698,-0.034424500000000004,0.0206547,1.2599367000000001,-0.0550792,0.012847619047458,-0.00667521367513,0.003935775335726,0.000586385836398,0.0026042429792970004,0.002793956044014,0.9050000000000011,2.094795999255439,0.24664400007168297,0.10672000007616589,17.614762999983213
invdyn,00:57:21.896,160,-90.009,-89.982,0.021,-89.96,-30.885,0.002,0.0,0.0,0.0,0.0,0.9864192565938572,0.0,-90.009,-89.982,0.021,-89.96,-30.0,0.002,-90.009,-89.982,0.021,-89.96,-30.442500000000003,0.002,0.0,0.0,0.0,0.0,10.912263026069798,0.0,0.0,0.0,0.0,0.0,0.442499999999999,0.0,-0.0413094,0.06884900000000001,0.0206547,0.0275396,1.0740444,0.0068849,0.012691575091416,-0.007247374847284,0.0033636141635719997,-0.000551892551904,0.0018798840049230002,0.0018798840049230002,0.8850000000000016,2.1525729998757015,0.24949499947979348,0.11120100043626735,17.5343190003332
invdyn,00:57:21.916,161,-90.009,-89.982,0.021,-89.96,-30.866,0.002,0.0,0.0,0.0,0.0,0.9322311048722932,0.0,-90.009,-89.982,0.021,-89.96,-30.0,0.002,-90.009,-89.982,0.021,-89.96,-30.433,0.002,0.0,0.0,0.0,0.0,10.622528116043746,0.0,0.0,0.0,0.0,0.0,0.43299999999999983,0.0,0.0,-0.0550792,-0.0068849,-0.0,1.3150159000000001,0.0206547,0.012847619047458,-0.00684859584851,0.003086202686164,0.000758852258868,0.000155219780223,0.001500457875489,0.8659999999999997,2.0807780001632636,0.25110699971264694,0.09462799971515778,17.633595000006608
invdyn,00:57:21.937,162,-90.009,-89.982,0.021,-89.96,-30.841,0.002,0.0,0.0,0.0,0.0,1.235857907267214,0.0,-90.009,-89.982,0.021,-89.96,-30.0,0.002,-90.009,-89.982,0.021,-89.96,-30.4205,0.002,0.0,0.0,0.0,0.0,10.393565000117874,0.0,0.0,0.0,0.0,0.0,0.42050000000000054,0.0,0.0,0.0619641,0.0068849,-0.0,0.9845407,-0.0413094,0.013021001220838,-0.007160683760593999,0.003918437118388,0.0008968253968440001,0.001621184371218,0.0017419108669470002,0.8410000000000011,2.0950370007994934,0.4060299997945549,0.13935000060882885,17.386784999871452
invdyn,00:57:21.957,163,-90.009,-89.982,0.021,-89.96,-30.816,0.002,0.0,0.0,0.0,0.0,1.2366012146943681,0.0,-90.009,-89.982,0.021,-89.96,-30.0,0.002,-90.009,-89.982,0.021,-89.96,-30.408,0.002,0.0,0.0,0.0,0.0,10.09066591190517,0.0,0.0,0.0,0.0,0.0,0.4079999999999977,0.0,-0.06884900000000001,-0.0413094,0.0068849,-0.0826188,1.0396199,-0.034424500000000004,0.013211721611556,-0.007160683760593999,0.004178510378458,0.001069291819314,0.00046565934066900006,0.0017246642247000002,0.815999999999999,2.6017320005848887,0.28642100005527027,0.12164599957031896,17.176324999127246
invdyn,00:57:21.977,164,-90.009,-89.982,0.021,-89.96,-30.795,0.002,0.0,0.0,0.0,0.0,1.0256813275107823,0.0,-90.009,-89.982,0.021,-89.96,-30.0,0.002,-90.009,-89.982,0.021,-89.96,-30.3975,0.002,0.0,0.0,0.0,0.0,9.7073411353712,0.0,0.0,0.0,0.0,0.0,0.39750000000000085,0.0,0.0206547,0.0481943,0.0137698,-0.0206547,0.5576769,-0.034424500000000004,0.012500854700698,-0.007438095238002,0.003623687423642,0.000655372405386,0.002793956044014,0.0018108974359350002,0.7950000000000017,2.954411000246182,0.8778549999988172,0.12381299984554062,16.111289000036777
invdyn,00:57:21.998,165,-90.009,-89.982,0.021,-89.96,-30.773,0.002,0.0,0.0,0.0,0.0,1.086568868269002,0.0,-90.009,-89.982,0.021,-89.96,-30.0,0.002,-90.009,-89.982,0.021,-89.96,-30.386499999999998,0.002,0.0,0.0,0.0,0.0,9.544519717862059,0.0,0.0,0.0,0.0,0.0,0.3865000000000016,0.0,0.0,-0.0068849,-0.0068849,-0.0137698,0.6334108,0.0550792,0.012206105005952,-0.007472771672678,0.0033462759462339997,0.0008278388278560001,0.002345543345592,0.0018108974359350002,0.7729999999999997,2.7720250000129454,0.2367550005146768,0.22573599926545285,16.82594300018536
invdyn,00:57:22.018,166,-90.009,-89.982,0.021,-89.96,-30.759,0.002,0.0,0.0,0.0,0.0,0.6922599264358821,0.0,-90.009,-89.982,0.021,-89.96,-30.0,0.002,-90.009,-89.982,0.021,-89.96,-30.3795,0.002,0.0,0.0,0.0,0.0,9.382594360086772,0.0,0.0,0.0,0.0,0.0,0.37950000000000017,0.0,-0.0413094,-0.0206547,0.0206547,-0.0413094,0.7435692,-0.0481943,0.0130036630035,-0.0069352869352,0.004195848595796,0.0008278388278560001,0.0019316239316640002,0.00241452991458,0.7590000000000003,2.0914260003337404,0.23179199979495024,0.09775699982128572,17.636114000197267
invdyn,00:57:22.038,167,-90.009,-89.982,0.021,-89.96,-30.746,0.002,0.0,0.0,0.0,0.0,0.6431160596339761,0.0,-90.009,-89.982,0.021,-89.96,-30.0,0.002,-90.009,-89.982,0.021,-89.96,-30.372999999999998,0.002,0.0,0.0,0.0,0.0,9.226241932440066,0.0,0.0,0.0,0.0,0.0,0.3730000000000011,0.0,0.0481943,0.0,0.0481943,-0.0137698,0.5025977,0.0068849,0.012171428571276,-0.007160683760593999,0.003918437118388,0.001017551892573,0.0019143772894170002,0.0018971306471700002,0.7459999999999987,2.0423349997145124,0.22503299987874925,0.0885540002855123,17.708723999930953
invdyn,00:57:22.058,168,-90.009,-89.982,0.021,-89.96,-30.732,0.002,0.0,0.0,0.0,0.0,0.6921864840333037,0.0,-90.009,-89.982,0.021,-89.96,-30.0,0.002,-90.009,-89.982,0.021,-89.96,-30.366,0.002,0.0,0.0,0.0,0.0,9.047866184150028,0.0,0.0,0.0,0.0,0.0,0.36599999999999966,0.0,0.0068849,0.0068849,0.0206547,-0.0068849,0.46128830000000004,-0.0137698,0.012778266178106,-0.007750183150086,0.00364102564098,0.000707112332127,0.0027077228327790004,0.002121336996381,0.7319999999999993,2.017927000451891,0.22801399973104708,0.08560900005250005,17.725353999594518
invdyn,00:57:22.078,169,-90.009,-89.982,0.021,-89.96,-30.721,0.002,0.0,0.0,0.0,0.0,0.5440275448960201,0.0,-90.009,-89.982,0.021,-89.96,-30.0,0.002,-90.009,-89.982,0.021,-89.96,-30.360500000000002,0.002,0.0,0.0,0.0,0.0,8.914633178864953,0.0,0.0,0.0,0.0,0.0,0.36049999999999827,0.0,0.06884900000000001,0.0068849,0.0275396,0.0137698,0.5989863,-0.0068849,0.01283028083012,-0.005600244200174,0.0033636141635719997,0.001259004884031,0.002138583638628,0.0018971306471700002,0.7210000000000001,1.9943160004913807,0.30762400001549395,0.09366500034957426,17.656224999882397
invdyn,00:57:22.099,170,-90.009,-89.982,0.021,-89.96,-30.713,0.002,0.0,0.0,0.0,0.0,0.3956424006602559,0.0,-90.009,-89.982,0.021,-89.96,-30.0,0.002,-90.009,-89.982,0.021,-89.96,-30.3565,0.002,0.0,0.0,0.0,0.0,8.81540723971231,0.0,0.0,0.0,0.0,0.0,0.3565000000000005,0.0,-0.0275396,0.0206547,-0.0,0.0275396,0.7091447000000001,-0.0206547,0.012622222222064,-0.007160683760593999,0.004785347985288,0.001190018315043,0.0018626373626760002,0.0023627899878390004,0.713000000000001,1.9937609995395178,0.2309399997102446,0.09403500007465482,17.70065000073373
invdyn,00:57:22.119,171,-90.008,-89.982,0.021,-89.96,-30.703,0.002,0.04891772993422158,0.0,0.0,0.0,0.4891772993399566,0.0,-90.009,-89.982,0.021,-89.96,-30.0,0.002,-90.0085,-89.982,0.021,-89.96,-30.3515,0.002,-0.012229432483555396,0.0,0.0,0.0,8.597291035898385,0.0,-0.0005000000000023874,0.0,0.0,0.0,0.3514999999999979,0.0,0.0,0.0481943,-0.0275396,-0.0206547,0.5989863,0.0206547,0.012119413919261999,-0.007438095238002,0.003086202686164,0.00046565934066900006,0.0035355616606350003,0.001500457875489,0.703000711237193,3.704490000018268,0.2732169996306766,0.1484419999542297,15.919662000669632
invdyn,00:57:22.139,172,-90.009,-89.982,0.021,-89.96,-30.688,0.002,-0.04939938284714893,0.0,0.0,0.0,0.7409907427037239,0.0,-90.009,-89.982,0.021,-89.96,-30.0,0.002,-90.009,-89.982,0.021,-89.96,-30.344,0.002,0.0,0.0,0.0,0.0,8.49669384966903,0.0,0.0,0.0,0.0,0.0,0.34399999999999764,0.0,-0.0068849,-0.0137698,-0.0,0.0137698,0.68849,0.0137698,0.012934310134148,-0.007160683760593999,0.0033636141635719997,0.001190018315043,0.00155219780223,0.0018108974359350002,0.6879999999999988,2.095832999657432,0.2454210007272195,0.10566499986452982,17.618076999497134
invdyn,00:57:22.160,173,-90.009,-89.982,0.021,-89.96,-30.676,0.002,0.0,0.0,0.0,0.0,0.5929741753063372,0.0,-90.009,-89.982,0.021,-89.96,-30.0,0.002,-90.009,-89.982,0.021,-89.96,-30.338,0.002,0.0,0.0,0.0,0.0,8.351052968897246,0.0,0.0,0.0,0.0,0.0,0.3379999999999974,0.0,-0.0275396,0.0275396,-0.0206547,0.0068849,0.8330729,-0.0137698,0.013021001220838,-0.006900610500524,0.003086202686164,-0.00048290598291600006,0.0009830586080790001,0.002345543345592,0.6759999999999984,2.212127999882796,0.24514400047337404,0.11484999959066045,17.478968999967037
invdyn,00:57:22.180,174,-90.009,-89.982,0.021,-89.96,-30.664,0.002,0.0,0.0,0.0,0.0,0.5912675242289223,0.0,-90.009,-89.982,0.021,-89.96,-30.0,0.002,-90.009,-89.982,0.021,-89.96,-30.332,0.002,0.0,0.0,0.0,0.0,8.179200751835554,0.0,0.0,0.0,0.0,0.0,0.33200000000000074,0.0,-0.0413094,-0.0068849,-0.0275396,-0.0068849,0.46128830000000004,0.0275396,0.013021001220838,-0.007212698412608,0.003658363858318,0.001069291819314,0.00137973137976,0.00241452991458,0.6640000000000015,2.2195540004759096,0.27553200015972834,0.1364050003758166,17.425654999897233
invdyn,00:57:22.200,175,-90.009,-89.982,0.021,-89.96,-30.648,0.002,0.0,0.0,0.0,0.0,0.7906601788471259,0.0,-90.009,-89.982,0.021,-89.96,-30.0,0.002,-90.009,-89.982,0.021,-89.96,-30.323999999999998,0.002,0.0,0.0,0.0,0.0,8.005434310826251,0.0,0.0,0.0,0.0,0.0,0.3240000000000016,0.0,0.0068849,0.0550792,-0.0275396,-0.0275396,0.4062091,-0.0,0.012708913308754,-0.006969963369876,0.0033636141635719997,0.001069291819314,0.001638431013465,0.002104090354134,0.6479999999999997,2.218960999925912,0.36223400002199924,0.13962699995317962,17.32136000009632
invdyn,00:57:22.220,176,-90.009,-89.982,0.021,-89.96,-30.635,0.002,0.0,0.0,0.0,0.0,0.6428127888332563,0.0,-90.009,-89.982,0.021,-89.96,-30.0,0.002,-90.009,-89.982,0.021,-89.96,-30.317500000000003,0.002,0.0,0.0,0.0,0.0,7.849733094407263,0.0,0.0,0.0,0.0,0.0,0.317499999999999,0.0,0.0206547,-0.0413094,-0.0137698,-0.0275396,0.6471806,-0.0275396,0.013055677655513999,-0.007923565323466,0.00364102564098,0.0008968253968440001,0.001431471306501,0.002035103785146,0.6350000000000016,2.126055000189808,0.24636599937366555,0.12225699992995942,17.569966999872122
invdyn,00:57:22.241,177,-90.009,-89.982,0.021,-89.96,-30.627,0.002,0.0,0.0,0.0,0.0,0.39548851407907787,0.0,-90.009,-89.982,0.021,-89.96,-30.0,0.002,-90.009,-89.982,0.021,-89.96,-30.313499999999998,0.002,0.0,0.0,0.0,0.0,7.749103072734331,0.0,0.0,0.0,0.0,0.0,0.3135000000000012,0.0,-0.0137698,0.0,-0.0137698,0.0206547,0.68849,-0.0,0.012622222222064,-0.0069352869352,0.0033809523809099997,0.001017551892573,0.000758852258868,0.002035103785146,0.6269999999999989,2.0029830002386007,0.22493999949801946,0.086925000687188,17.775944999812054
invdyn,00:57:22.261,178,-90.009,-89.982,0.021,-89.96,-30.617,0.002,0.0,0.0,0.0,0.0,0.4939007559877494,0.0,-90.009,-89.982,0.021,-89.96,-30.0,0.002,-90.009,-89.982,0.021,-89.96,-30.308500000000002,0.002,0.0,0.0,0.0,0.0,7.618419161112561,0.0,0.0,0.0,0.0,0.0,0.30849999999999866,0.0,0.0,-0.0275396,-0.0137698,-0.0068849,0.3855544,0.0137698,0.01239682539667,-0.007195360195269999,0.0033636141635719997,0.000586385836398,0.00241452991458,0.0027422161172730003,0.6170000000000009,1.9615569999587024,0.26553299994702684,0.07440599983965512,17.76188900021225
invdyn,00:57:22.281,179,-90.009,-89.982,0.021,-89.96,-30.604,0.002,0.0,0.0,0.0,0.0,0.6432222720302824,0.0,-90.009,-89.982,0.021,-89.96,-30.0,0.002,-90.009,-89.982,0.021,-89.96,-30.302,0.002,0.0,0.0,0.0,0.0,7.471274082812306,0.0,0.0,0.0,0.0,0.0,0.3019999999999996,0.0,0.0,-0.0619641,-0.0068849,0.0619641,0.26162620000000003,-0.0275396,0.012639560439402,-0.00771550671541,0.003935775335726,0.000707112332127,0.0025697496948030004,0.00241452991458,0.6039999999999992,1.9807799999398412,0.22273699960351223,0.073666000389494,17.785427000490017
invdyn,00:57:22.301,180,-90.009,-89.982,0.021,-89.96,-30.594,0.002,0.0,0.0,0.0,0.0,0.4948388999656877,0.0,-90.009,-89.982,0.021,-89.96,-30.0,0.002,-90.009,-89.982,0.021,-89.96,-30.297,0.002,0.0,0.0,0.0,0.0,7.348357664491939,0.0,0.0,0.0,0.0,0.0,0.2970000000000006,0.0,-0.0206547,0.0137698,0.0206547,-0.0137698,0.3235903,0.0206547,0.012275457875304,-0.00771550671541,0.0033636141635719997,0.000758852258868,0.0023972832723330004,0.002035103785146,0.5940000000000012,1.9616500003394322,0.22236599943425972,0.07577599990327144,17.804222000449954
invdyn,00:57:22.322,181,-90.009,-89.982,0.021,-89.96,-30.588,0.002,0.0,0.0,0.0,0.0,0.2944852264881865,0.0,-90.009,-89.982,0.021,-89.96,-30.0,0.002,-90.009,-89.982,0.021,-89.96,-30.294,0.002,0.0,0.0,0.0,0.0,7.214888048960308,0.0,0.0,0.0,0.0,0.0,0.2940000000000005,0.0,0.0137698,0.0068849,0.0137698,0.0206547,0.3924393,-0.034424500000000004,0.012102075701924,-0.007438095238002,0.0033462759462339997,0.0009485653235850001,0.002121336996381,0.0018108974359350002,0.588000000000001,2.01968700002908,0.23066199992172187,0.0978680000116583,17.712408999614127
invdyn,00:57:22.342,182,-90.009,-89.982,0.021,-89.96,-30.582,0.002,0.0,0.0,0.0,0.0,0.29671780602260184,0.0,-90.009,-89.982,0.021,-89.96,-30.0,0.002,-90.009,-89.982,0.021,-89.96,-30.291,0.002,0.0,0.0,0.0,0.0,7.195406796047831,0.0,0.0,0.0,0.0,0.0,0.29100000000000037,0.0,-0.0068849,-0.0275396,0.0275396,-0.034424500000000004,0.5370222,-0.0,0.013229059828894,-0.007160683760593999,0.00364102564098,0.0009485653235850001,0.001569444444477,0.0016556776557120003,0.5820000000000007,1.954669000042486,0.2213850002590334,0.07640599960723193,17.82364799964853
invdyn,00:57:22.362,183,-90.009,-89.982,0.021,-89.96,-30.566,0.002,0.0,0.0,0.0,0.0,0.790893131570352,0.0,-90.009,-89.982,0.021,-89.96,-30.0,0.002,-90.009,-89.982,0.021,-89.96,-30.283,0.002,0.0,0.0,0.0,0.0,6.994461132324505,0.0,0.0,0.0,0.0,0.0,0.2829999999999977,0.0,0.0275396,0.0068849,-0.0068849,-0.0137698,0.3580148,0.0068849,0.013021001220838,-0.007680830280734,0.005305494505428,0.000758852258868,0.0025007631258150004,0.002190323565369,0.565999999999999,2.3014970001895563,0.23858799977460876,0.20482900072238408,17.324286000075517
invdyn,00:57:22.383,184,-90.009,-89.982,0.021,-89.96,-30.557,0.002,0.0,0.0,0.0,0.0,0.4373723872642331,0.0,-90.009,-89.982,0.021,-89.96,-30.0,0.002,-90.009,-89.982,0.021,-89.96,-30.2785,0.002,0.0,0.0,0.0,0.0,6.767122769615778,0.0,0.0,0.0,0.0,0.0,0.2784999999999975,0.0,0.0275396,0.034424500000000004,0.0137698,0.0413094,0.2203168,-0.0275396,0.012206105005952,-0.00745543345534,0.003658363858318,0.001069291819314,0.0033113553114240005,0.002121336996381,0.5569999999999986,1.9493540003168164,0.7882819991209544,0.11529399944265606,17.20038100029342
invdyn,00:57:22.403,185,-90.009,-89.982,0.021,-89.96,-30.551,0.002,0.0,0.0,0.0,0.0,0.29677029210251243,0.0,-90.009,-89.982,0.021,-89.96,-30.0,0.002,-90.009,-89.982,0.021,-89.96,-30.2755,0.002,0.0,0.0,0.0,0.0,6.813351289519904,0.0,0.0,0.0,0.0,0.0,0.2754999999999974,0.0,-0.0068849,-0.0068849,-0.0,0.06884900000000001,0.2272017,0.0068849,0.012015384615234,-0.007212698412608,0.004473260073204,0.001069291819314,0.003069902319966,0.002035103785146,0.5509999999999984,2.27992300006008,0.23368100028164918,0.09655400026531424,17.441173000406707
invdyn,00:57:22.423,186,-90.009,-89.982,0.021,-89.96,-30.547,0.002,0.0,0.0,0.0,0.0,0.19792388457625348,0.0,-90.009,-89.982,0.021,-89.96,-30.0,0.002,-90.009,-89.982,0.021,-89.96,-30.2735,0.002,0.0,0.0,0.0,0.0,6.766522803954423,0.0,0.0,0.0,0.0,0.0,0.2735000000000021,0.0,0.0,0.0068849,-0.034424500000000004,0.0068849,0.1927772,-0.0,0.01248351648336,-0.007420757020664,0.003935775335726,0.000707112332127,0.003069902319966,0.002121336996381,0.5470000000000006,1.9935389991587726,0.23056999998516403,0.08996099950309144,17.76870399953623
invdyn,00:57:22.443,187,-90.009,-89.982,0.021,-89.96,-30.543,0.002,0.0,0.0,0.0,0.0,0.1976627158981786,0.0,-90.009,-89.982,0.021,-89.96,-30.0,0.002,-90.009,-89.982,0.021,-89.96,-30.2715,0.002,0.0,0.0,0.0,0.0,6.708178420792187,0.0,0.0,0.0,0.0,0.0,0.27149999999999963,0.0,0.0206547,0.0137698,-0.0137698,-0.0068849,0.2409715,0.0137698,0.012708913308754,-0.007420757020664,0.0033636141635719997,0.001017551892573,0.0033458485959180005,0.0018798840049230002,0.5429999999999993,1.9842990004690364,0.22631100000580773,0.08668300051795086,17.75542699942889
invdyn,00:57:22.463,188,-90.009,-89.982,0.021,-89.96,-30.539,0.002,0.0,0.0,0.0,0.0,0.19796825846331673,0.0,-90.009,-89.982,0.021,-89.96,-30.0,0.002,-90.009,-89.982,0.021,-89.96,-30.2695,0.002,0.0,0.0,0.0,0.0,6.669055706986696,0.0,0.0,0.0,0.0,0.0,0.26950000000000074,0.0,-0.034424500000000004,0.0,-0.0275396,0.0481943,0.28916580000000003,0.034424500000000004,0.012795604395443999,-0.00771550671541,0.003606349206304,0.000586385836398,0.0033975885226590003,0.002345543345592,0.5390000000000015,2.1255739993648604,0.2654759991855826,0.12903500009997515,17.53430099961406
invdyn,00:57:22.484,189,-90.009,-89.982,0.021,-89.96,-30.533,0.002,0.0,0.0,0.0,0.0,0.29665135030001244,0.0,-90.009,-89.982,0.021,-89.96,-30.0,0.002,-90.009,-89.982,0.021,-89.96,-30.2665,0.002,0.0,0.0,0.0,0.0,6.588132071245875,0.0,0.0,0.0,0.0,0.0,0.2665000000000006,0.0,0.0275396,-0.0137698,-0.0068849,0.0206547,0.3580148,0.0206547,0.013125030524865999,-0.0069352869352,0.004473260073204,0.00051739926741,0.0032251221001890003,0.0019661172161580002,0.5330000000000013,2.1204260001468356,0.23707000036665704,0.11997900037385989,17.60272499996063
invdyn,00:57:22.504,190,-90.009,-89.982,0.021,-89.96,-30.526,0.002,0.0,0.0,0.0,0.0,0.345795679928463,0.0,-90.009,-89.982,0.021,-89.96,-30.0,0.002,-90.009,-89.982,0.021,-89.96,-30.262999999999998,0.002,0.0,0.0,0.0,0.0,6.496018844369065,0.0,0.0,0.0,0.0,0.0,0.2630000000000017,0.0,-0.0068849,0.0206547,-0.0137698,-0.0068849,0.3373601,-0.0068849,0.012500854700698,-0.007160683760593999,0.003918437118388,0.000638125763139,0.00327686202693,0.001586691086724,0.5259999999999998,2.062945000034233,0.22703299964632606,0.09057300030690385,17.702631000247493
invdyn,00:57:22.524,191,-90.009,-89.982,0.021,-89.96,-30.519,0.002,0.0,0.0,0.0,0.0,0.3437471081347595,0.0,-90.009,-89.982,0.021,-89.96,-30.0,0.002,-90.009,-89.982,0.021,-89.96,-30.2595,0.002,0.0,0.0,0.0,0.0,6.371598182925096,0.0,0.0,0.0,0.0,0.0,0.2594999999999992,0.0,-0.034424500000000004,-0.0275396,-0.0,-0.0413094,0.206547,0.0206547,0.012708913308754,-0.007212698412608,0.003935775335726,0.0008278388278560001,0.0037942612943400005,0.002104090354134,0.5189999999999984,1.9943530005548382,0.23003299975243863,0.10051700064650504,17.78951899996173
invdyn,00:57:22.545,192,-90.009,-89.982,0.021,-89.96,-30.513,0.002,0.0,0.0,0.0,0.0,0.29345846354757743,0.0,-90.009,-89.982,0.021,-89.96,-30.0,0.002,-90.009,-89.982,0.021,-89.96,-30.256500000000003,0.002,0.0,0.0,0.0,0.0,6.272674658332965,0.0,0.0,0.0,0.0,0.0,0.25649999999999906,0.0,-0.034424500000000004,0.0137698,-0.0275396,0.0206547,0.1101584,-0.0,0.01248351648336,-0.007680830280734,0.003086202686164,0.000638125763139,0.004846306471407,0.0019661172161580002,0.5130000000000017,2.6133979999940493,0.266939999164606,0.13757099986833055,17.036457999893173
invdyn,00:57:22.565,193,-90.009,-89.982,0.021,-89.96,-30.511,0.002,0.0,0.0,0.0,0.0,0.09883485125196173,0.0,-90.009,-89.982,0.021,-89.96,-30.0,0.002,-90.009,-89.982,0.021,-89.96,-30.255499999999998,0.002,0.0,0.0,0.0,0.0,6.313076123711331,0.0,0.0,0.0,0.0,0.0,0.2555000000000014,0.0,-0.0481943,-0.0068849,-0.0068849,-0.0275396,0.1101584,0.0275396,0.013107692307528,-0.007160683760593999,0.004473260073204,0.0008968253968440001,0.0034665750916470003,0.0017419108669470002,0.5109999999999992,2.42810500003543,0.24953299998742295,0.1397380001435522,17.23447299991676
invdyn,00:57:22.585,194,-90.009,-89.982,0.021,-89.96,-30.508,0.002,0.0,0.0,0.0,0.0,0.14837464772124848,0.0,-90.009,-89.982,0.021,-89.96,-30.0,0.002,-90.009,-89.982,0.021,-89.96,-30.253999999999998,0.002,0.0,0.0,0.0,0.0,6.28119342019927,0.0,0.0,0.0,0.0,0.0,0.25400000000000134,0.0,0.0757339,-0.0137698,-0.0137698,-0.0,0.14458290000000001,0.034424500000000004,0.01283028083012,-0.007195360195269999,0.00364102564098,0.000638125763139,0.004035714285798,0.0019488705739110002,0.5079999999999991,2.3869389997344115,0.22466200061899144,0.09736900028656237,17.354693000015686
invdyn,00:57:22.606,195,-90.008,-89.982,0.021,-89.96,-30.506,0.002,0.049343011423361845,0.0,0.0,0.0,0.09868602284619779,0.0,-90.009,-89.982,0.021,-89.96,-30.0,0.002,-90.0085,-89.982,0.021,-89.96,-30.253,0.002,-0.012335752855840461,0.0,0.0,0.0,6.241890945025473,0.0,-0.0005000000000023874,0.0,0.0,0.0,0.2530000000000001,0.0,0.0137698,0.0,0.0068849,0.0275396,0.1170433,-0.0,0.012414163614008,-0.0076634920633959994,0.004750671550612,0.000638125763139,0.0051567460318530005,0.000500152625163,0.5060009881413279,2.9998729996805196,0.2960499996333965,0.10864599971682765,16.65726099963649
invdyn,00:57:22.626,196,-90.009,-89.982,0.021,-89.96,-30.503,0.002,-0.04944130890939985,0.0,0.0,0.0,0.14832392672749695,0.0,-90.009,-89.982,0.021,-89.96,-30.0,0.002,-90.009,-89.982,0.021,-89.96,-30.2515,0.002,0.0,0.0,0.0,0.0,6.2172445953273465,0.0,0.0,0.0,0.0,0.0,0.25150000000000006,0.0,-0.0068849,-0.06884900000000001,-0.0,-0.0068849,0.1239282,0.0068849,0.01283028083012,-0.00797557997548,0.00364102564098,0.0008278388278560001,0.005311965812076,0.0018108974359350002,0.5030000000000001,2.360698999837041,0.22514400006912183,0.1298119996135938,16.85877599993546
invdyn,00:57:22.646,197,-90.009,-89.982,0.021,-89.96,-30.5,0.002,0.0,0.0,0.0,0.0,0.14839739598075852,0.0,-90.009,-89.982,0.021,-89.96,-30.0,0.002,-90.009,-89.982,0.021,-89.96,-30.25,0.002,0.0,0.0,0.0,0.0,6.183224832531371,0.0,0.0,0.0,0.0,0.0,0.25,0.0,0.0275396,-0.0413094,0.0275396,-0.0481943,0.3304752,-0.034424500000000004,0.01335042735026,-0.007212698412608,0.00364102564098,0.001310744810772,0.004656593406690001,0.0018798840049230002,0.5,1.9324470003994065,0.22297699979390018,0.07625800026289653,17.827222000050824
invdyn,00:57:22.666,198,-90.009,-89.982,0.021,-89.96,-30.496,0.002,0.0,0.0,0.0,0.0,0.19794957229668578,0.0,-90.009,-89.982,0.021,-89.96,-30.0,0.002,-90.009,-89.982,0.021,-89.96,-30.247999999999998,0.002,0.0,0.0,0.0,0.0,6.136436741195193,0.0,0.0,0.0,0.0,0.0,0.2480000000000011,0.0,-0.0137698,0.0413094,0.0206547,-0.0137698,0.3786695,-0.0206547,0.012708913308754,-0.006883272283186,0.0039010989010499998,0.00137973137976,0.0051567460318530005,0.0018971306471700002,0.49599999999999866,1.9282439998278278,0.22025500038580503,0.07712800015724497,17.82281400028296
invdyn,00:57:22.686,199,-90.009,-89.982,0.021,-89.96,-30.49,0.002,0.0,0.0,0.0,0.0,0.29720488928256217,0.0,-90.009,-89.982,0.021,-89.96,-30.0,0.002,-90.009,-89.982,0.021,-89.96,-30.244999999999997,0.002,0.0,0.0,0.0,0.0,6.067933156185395,0.0,0.0,0.0,0.0,0.0,0.245000000000001,0.0,0.0,0.0068849,0.0137698,-0.0068849,0.44751850000000004,-0.0481943,0.012258119657965999,-0.006900610500524,0.004473260073204,0.000275946275952,0.0037942612943400005,0.0027422161172730003,0.48999999999999844,1.915206999910879,0.2182729995183763,0.0728880004317034,17.846296000243456
invdyn,00:57:22.706,200,-90.009,-89.982,0.021,-89.96,-30.481,0.002,0.0,0.0,0.0,0.0,0.44575995465479346,0.0,-90.009,-89.982,0.021,-89.96,-30.0,0.002,-90.009,-89.982,0.021,-89.96,-30.2405,0.002,0.0,0.0,0.0,0.0,5.955848283028692,0.0,0.0,0.0,0.0,0.0,0.24050000000000082,0.0,0.0068849,-0.0068849,-0.0481943,-0.0481943,0.3304752,0.0275396,0.012916971916809999,-0.006900610500524,0.004195848595796,0.0008968253968440001,0.00431166056175,0.0018971306471700002,0.48100000000000165,1.925077000123565,0.3219760001229588,0.08944300043367548,17.714576000798843
invdyn,00:57:22.727,201,-90.009,-89.982,0.021,-89.96,-30.473,0.002,0.0,0.0,0.0,0.0,0.38594929836681857,0.0,-90.009,-89.982,0.021,-89.96,-30.0,0.002,-90.009,-89.982,0.021,-89.96,-30.2365,0.002,0.0,0.0,0.0,0.0,5.704813066482619,0.0,0.0,0.0,0.0,0.0,0.2364999999999995,0.0,0.034424500000000004,-0.0068849,-0.0275396,0.0068849,0.2203168,0.034424500000000004,0.013125030524865999,-0.0069352869352,0.002791452991418,0.000776098901115,0.0050877594628650005,0.0019661172161580002,0.472999999999999,2.073332999316335,0.25995900068664923,0.12014599997201003,18.834501000128512
invdyn,00:57:22.749,202,-90.009,-89.982,0.021,-89.96,-30.468,0.002,0.0,0.0,0.0,0.0,0.23195505021452714,0.0,-90.009,-89.982,0.021,-89.96,-30.0,0.002,-90.009,-89.982,0.021,-89.96,-30.234,0.002,0.0,0.0,0.0,0.0,5.427748175021015,0.0,0.0,0.0,0.0,0.0,0.2339999999999982,0.0,0.06884900000000001,0.06884900000000001,-0.0,0.0137698,0.13769800000000001,-0.0068849,0.013125030524865999,-0.007160683760593999,0.0050280830280199995,0.00034493284494,0.005053266178371,0.0018971306471700002,0.46799999999999997,2.6876570000240463,0.24127400047291303,0.12025700016238261,17.14514099967346
invdyn,00:57:22.769,203,-90.008,-89.982,0.021,-89.96,-30.465,0.002,0.04911708082558525,0.0,0.0,0.0,0.14735124247605777,0.0,-90.009,-89.982,0.021,-89.96,-30.0,0.002,-90.0085,-89.982,0.021,-89.96,-30.2325,0.002,-0.012279270206396313,0.0,0.0,0.0,5.70986064594702,0.0,-0.0005000000000023874,0.0,0.0,0.0,0.23249999999999815,0.0,0.0,0.0550792,-0.0,-0.0413094,0.0619641,0.0068849,0.012604884004726,-0.006657875457791999,0.00364102564098,0.00034493284494,0.005553418803534001,0.001569444444477,0.46500107526757384,2.4699010000404087,0.5176759996174951,0.1356089996988885,17.145474999779253
invdyn,00:57:22.790,204,-90.009,-89.982,0.021,-89.96,-30.462,0.002,-0.04889149997692017,0.0,0.0,0.0,0.1466744999300657,0.0,-90.009,-89.982,0.021,-89.96,-30.0,0.002,-90.009,-89.982,0.021,-89.96,-30.231,0.002,0.0,0.0,0.0,0.0,5.646968247307313,0.0,0.0,0.0,0.0,0.0,0.2309999999999981,0.0,-0.0275396,0.0206547,0.0137698,0.0275396,0.1583527,0.0068849,0.012726251526091999,-0.008010256410156,0.0044905982905419995,0.00046565934066900006,0.0047428266179250006,0.0023627899878390004,0.46199999999999974,2.4525120006728685,0.31212400062941015,0.13651600056618918,17.16595500056428
invdyn,00:57:22.810,205,-90.009,-89.982,0.021,-89.96,-30.459,0.002,0.0,0.0,0.0,0.0,0.1481510366995217,0.0,-90.009,-89.982,0.021,-89.96,-30.0,0.002,-90.009,-89.982,0.021,-89.96,-30.2295,0.002,0.0,0.0,0.0,0.0,5.6667771537564855,0.0,0.0,0.0,0.0,0.0,0.22949999999999804,0.0,-0.0481943,0.0619641,0.0413094,-0.0481943,0.2547413,-0.0068849,0.012795604395443999,-0.00667521367513,0.003935775335726,0.001241758241784,0.0050187728938770005,0.0019661172161580002,0.45899999999999963,2.4598640002295724,0.23810699985915562,0.193404000128794,17.173622999507643
invdyn,00:57:22.830,206,-90.009,-89.982,0.021,-89.96,-30.454,0.002,0.0,0.0,0.0,0.0,0.24701436984682953,0.0,-90.009,-89.982,0.021,-89.96,-30.0,0.002,-90.009,-89.982,0.021,-89.96,-30.227,0.002,0.0,0.0,0.0,0.0,5.607226195524154,0.0,0.0,0.0,0.0,0.0,0.2270000000000003,0.0,-0.0275396,-0.0137698,0.0068849,-0.0206547,0.3580148,0.0206547,0.012916971916809999,-0.007507448107354,0.0033809523809099997,0.0008278388278560001,0.006105311355438001,0.001586691086724,0.4540000000000006,3.73563799985277,0.26895900009549223,0.1328309999735211,15.963273999659577
invdyn,00:57:22.850,207,-90.009,-89.982,0.021,-89.96,-30.448,0.002,0.0,0.0,0.0,0.0,0.2952141332144729,0.0,-90.009,-89.982,0.021,-89.96,-30.0,0.002,-90.009,-89.982,0.021,-89.96,-30.224,0.002,0.0,0.0,0.0,0.0,5.510663820003289,0.0,0.0,0.0,0.0,0.0,0.2240000000000002,0.0,0.0481943,0.0137698,-0.0137698,0.0137698,0.5507920000000001,0.0413094,0.012708913308754,-0.00771550671541,0.00364102564098,0.0008968253968440001,0.00448412698422,0.0019661172161580002,0.4480000000000004,3.849375999379845,0.48886100012168754,0.29227199956949335,18.00362599988148
invdyn,00:57:22.873,208,-90.009,-89.982,0.021,-89.96,-30.438,0.002,0.0,0.0,0.0,0.0,0.43698860202961554,0.0,-90.009,-89.982,0.021,-89.96,-30.0,0.002,-90.009,-89.982,0.021,-89.96,-30.219,0.002,0.0,0.0,0.0,0.0,4.78502519222353,0.0,0.0,0.0,0.0,0.0,0.21899999999999764,0.0,0.0413094,0.0206547,-0.0068849,0.0275396,0.3235903,-0.0481943,0.012622222222064,-0.007680830280734,0.00364102564098,0.0009485653235850001,0.004518620268714001,0.0019661172161580002,0.43799999999999883,6.455589999859512,1.4801960005570436,0.1858670002548024,11.267986000348174
invdyn,00:57:22.894,209,-90.009,-89.982,0.021,-89.96,-30.428,0.002,0.0,0.0,0.0,0.0,0.4940054649956616,0.0,-90.009,-89.982,0.021,-89.96,-30.0,0.002,-90.009,-89.982,0.021,-89.96,-30.214,0.002,0.0,0.0,0.0,0.0,5.285858475454641,0.0,0.0,0.0,0.0,0.0,0.2140000000000022,0.0,-0.0275396,0.0,0.0275396,-0.0275396,0.4062091,-0.0137698,0.01231013430998,-0.00667521367513,0.0033636141635719997,0.0008968253968440001,0.004328907203997001,0.002035103785146,0.4280000000000008,7.540145000348275,0.4904360002910835,0.1842379997469834,12.35161499971582
invdyn,00:57:22.914,210,-90.009,-89.982,0.021,-89.96,-30.42,0.002,0.0,0.0,0.0,0.0,0.384670602666502,0.0,-90.009,-89.982,0.021,-89.96,-30.0,0.002,-90.009,-89.982,0.021,-89.96,-30.21,0.002,0.0,0.0,0.0,0.0,5.048801659998415,0.0,0.0,0.0,0.0,0.0,0.21000000000000085,0.0,-0.0275396,-0.0275396,-0.034424500000000004,0.0275396,0.6816051000000001,-0.0206547,0.012691575091416,-0.005530891330822,0.004195848595796,0.000293192918199,0.004104700854786,0.0023627899878390004,0.4200000000000017,7.405999000184238,0.48991699986800086,0.18629299938766053,12.4798720007675
invdyn,00:57:22.935,211,-90.009,-89.982,0.021,-89.96,-30.412,0.002,0.0,0.0,0.0,0.0,0.38127003533822545,0.0,-90.009,-89.982,0.021,-89.96,-30.0,0.002,-90.009,-89.982,0.021,-89.96,-30.206,0.002,0.0,0.0,0.0,0.0,4.908851704978002,0.0,0.0,0.0,0.0,0.0,0.20599999999999952,0.0,0.0481943,0.0413094,0.0275396,-0.0,0.7297994,-0.0206547,0.012500854700698,-0.0069352869352,0.002808791208756,0.000707112332127,0.0017936507936880002,0.0017419108669470002,0.41199999999999903,5.5807529997764505,0.2545140005167923,0.1440720006939955,14.131083000393119
invdyn,00:57:22.956,212,-90.009,-89.982,0.021,-89.96,-30.401,0.002,0.0,0.0,0.0,0.0,0.5280322285295365,0.0,-90.009,-89.982,0.021,-89.96,-30.0,0.002,-90.009,-89.982,0.021,-89.96,-30.200499999999998,0.002,0.0,0.0,0.0,0.0,4.812293719099063,0.0,0.0,0.0,0.0,0.0,0.20050000000000168,0.0,-0.0206547,0.0275396,-0.0137698,0.0206547,0.5025977,-0.0137698,0.012102075701924,-0.007212698412608,0.004473260073204,0.0009485653235850001,0.00327686202693,0.0025697496948030004,0.4009999999999998,5.866118000085407,0.23751400021865265,0.12096099999325816,14.281395000580233
invdyn,00:57:22.977,213,-90.009,-89.982,0.021,-89.96,-30.387,0.002,0.0,0.0,0.0,0.0,0.6773199838514016,0.0,-90.009,-89.982,0.021,-89.96,-30.0,0.002,-90.009,-89.982,0.021,-89.96,-30.1935,0.002,0.0,0.0,0.0,0.0,4.680764888401874,0.0,0.0,0.0,0.0,0.0,0.19350000000000023,0.0,0.0413094,-0.0137698,0.0275396,0.0481943,0.5714467,-0.0206547,0.013229059828894,-0.007750183150086,0.0039010989010499998,0.0008968253968440001,0.0027767094017670003,0.0019661172161580002,0.38700000000000045,2.1725920005337684,0.2958650002256036,0.13925699931860436,17.48702399981994
invdyn,00:57:22.997,214,-90.009,-89.982,0.021,-89.96,-30.376,0.002,0.0,0.0,0.0,0.0,0.541429154833675,0.0,-90.009,-89.982,0.021,-89.96,-30.0,0.002,-90.009,-89.982,0.021,-89.96,-30.188000000000002,0.002,0.0,0.0,0.0,0.0,4.626758232215379,0.0,0.0,0.0,0.0,0.0,0.18799999999999883,0.0,-0.0206547,0.0275396,0.0137698,0.0275396,0.9432313,-0.0,0.012934310134148,-0.00745543345534,0.00364102564098,0.00046565934066900006,0.001362484737513,0.0025697496948030004,0.3760000000000012,2.135554999767919,0.26442099988344125,0.13749800018558744,17.576819000169053
invdyn,00:57:23.017,215,-90.009,-89.982,0.021,-89.96,-30.366,0.002,0.0,0.0,0.0,0.0,0.49157376588072005,0.0,-90.009,-89.982,0.021,-89.96,-30.0,0.002,-90.009,-89.982,0.021,-89.96,-30.183,0.002,0.0,0.0,0.0,0.0,4.497899957807881,0.0,0.0,0.0,0.0,0.0,0.18299999999999983,0.0,0.0275396,0.0,-0.0,0.0068849,0.6058712,-0.0068849,0.012708913308754,-0.00615506715499,0.003935775335726,0.000758852258868,0.001000305250326,0.002345543345592,0.36599999999999966,2.475289000358316,0.2546989999245852,0.12394299938023323,17.191918000207806
invdyn,00:57:23.038,216,-90.009,-89.982,0.021,-89.96,-30.351,0.002,0.0,0.0,0.0,0.0,0.7415322238461457,0.0,-90.009,-89.982,0.021,-89.96,-30.0,0.002,-90.009,-89.982,0.021,-89.96,-30.1755,0.002,0.0,0.0,0.0,0.0,4.337963509499777,0.0,0.0,0.0,0.0,0.0,0.17549999999999955,0.0,-0.0481943,0.0068849,-0.0206547,0.0413094,0.6334108,-0.0137698,0.01248351648336,-0.007143345543256,0.003086202686164,0.000707112332127,0.001259004884031,0.00241452991458,0.3509999999999991,2.092278000418446,0.4146589999436401,0.12918300035380526,17.39765599995735
invdyn,00:57:23.058,217,-90.009,-89.982,0.021,-89.96,-30.335,0.002,0.0,0.0,0.0,0.0,0.7915928140886397,0.0,-90.009,-89.982,0.021,-89.96,-30.0,0.002,-90.009,-89.982,0.021,-89.96,-30.1675,0.002,0.0,0.0,0.0,0.0,4.14349363624569,0.0,0.0,0.0,0.0,0.0,0.16750000000000043,0.0,0.0275396,0.0068849,-0.0137698,0.0481943,0.9294615,-0.0206547,0.012604884004726,-0.006432478632398,0.0033462759462339997,0.000586385836398,-0.0008795787545970001,0.0019661172161580002,0.33500000000000085,2.0311680000304477,0.22473699937108904,0.09444300030736485,17.704556999888155
invdyn,00:57:23.078,218,-90.009,-89.982,0.021,-89.96,-30.323,0.002,0.0,0.0,0.0,0.0,0.5937016136642671,0.0,-90.009,-89.982,0.021,-89.96,-30.0,0.002,-90.009,-89.982,0.021,-89.96,-30.1615,0.002,0.0,0.0,0.0,0.0,3.9951171086156507,0.0,0.0,0.0,0.0,0.0,0.1615000000000002,0.0,0.0206547,-0.034424500000000004,-0.0206547,-0.0,0.47505810000000004,0.0137698,0.013229059828894,-0.007420757020664,0.004473260073204,0.001017551892573,0.001310744810772,0.002276556776604,0.3230000000000004,2.4238270007117535,0.2816800006257836,0.1023680006255745,17.262991999814403
invdyn,00:57:23.098,219,-90.009,-89.982,0.021,-89.96,-30.293,0.002,0.0,0.0,0.0,0.0,1.4765729842637592,0.0,-90.009,-89.982,0.021,-89.96,-30.0,0.002,-90.009,-89.982,0.021,-89.96,-30.1465,0.002,0.0,0.0,0.0,0.0,3.6052990365771995,0.0,0.0,0.0,0.0,0.0,0.14649999999999963,0.0,-0.0206547,0.0481943,0.0068849,-0.0275396,0.3511299,0.0275396,0.012795604395443999,-0.006900610500524,0.00364102564098,0.001241758241784,0.001052045177067,0.0018108974359350002,0.29299999999999926,2.3459770000044955,0.22975600040808786,0.09485000009590294,17.395617999682145
invdyn,00:57:23.119,220,-90.009,-89.982,0.021,-89.96,-30.286,0.002,0.0,0.0,0.0,0.0,0.3450641468630701,0.0,-90.009,-89.982,0.021,-89.96,-30.0,0.002,-90.009,-89.982,0.021,-89.96,-30.143,0.002,0.0,0.0,0.0,0.0,3.52458378581672,0.0,0.0,0.0,0.0,0.0,0.14300000000000068,0.0,0.0137698,0.0206547,0.0068849,-0.0481943,0.48882790000000004,-0.0137698,0.01231013430998,-0.007940903540804,0.0033636141635719997,0.001500457875489,0.001327991453019,0.002190323565369,0.28600000000000136,2.309496000634681,0.23155100006988505,0.09821999992709607,17.44104400040669
invdyn,00:57:23.139,221,-90.009,-89.982,0.021,-89.96,-30.278,0.002,0.0,0.0,0.0,0.0,0.39058564976499516,0.0,-90.009,-89.982,0.021,-89.96,-30.0,0.002,-90.009,-89.982,0.021,-89.96,-30.139,0.002,0.0,0.0,0.0,0.0,3.3932128323322464,0.0,0.0,0.0,0.0,0.0,0.13899999999999935,0.0,-0.0550792,-0.0550792,-0.0,0.0619641,0.5301373,-0.0206547,0.012726251526091999,-0.007472771672678,0.00364102564098,0.001017551892573,0.000776098901115,0.0019661172161580002,0.2779999999999987,2.271200999530265,0.22110700047051068,0.08594300015829504,17.570023000189394
invdyn,00:57:23.160,222,-90.009,-89.982,0.021,-89.96,-30.268,0.002,0.0,0.0,0.0,0.0,0.4923874481996602,0.0,-90.009,-89.982,0.021,-89.96,-30.0,0.002,-90.009,-89.982,0.021,-89.96,-30.134,0.002,0.0,0.0,0.0,0.0,3.298995902938388,0.0,0.0,0.0,0.0,0.0,0.13400000000000034,0.0,0.0619641,-0.0206547,-0.0137698,-0.0413094,0.2960507,-0.0068849,0.013229059828894,-0.00745543345534,0.004750671550612,0.000638125763139,0.000569139194151,0.001431471306501,0.2680000000000007,2.1373880008468404,0.24592099998699268,0.11553500007721595,17.548986000292643
invdyn,00:57:23.180,223,-90.009,-89.982,0.021,-89.96,-30.26,0.002,0.0,0.0,0.0,0.0,0.3956703929059514,0.0,-90.009,-89.982,0.021,-89.96,-30.0,0.002,-90.009,-89.982,0.021,-89.96,-30.130000000000003,0.002,0.0,0.0,0.0,0.0,3.2148219423612288,0.0,0.0,0.0,0.0,0.0,0.129999999999999,0.0,0.0137698,-0.0068849,-0.0068849,-0.0068849,0.1514678,0.034424500000000004,0.012708913308754,-0.007680830280734,0.003918437118388,0.000638125763139,0.000362179487187,0.0018108974359350002,0.26000000000000156,2.1519060001082835,0.23051500011206372,0.10936899980151793,17.61454000006779
invdyn,00:57:23.200,224,-90.009,-89.982,0.021,-89.96,-30.255,0.002,0.0,0.0,0.0,0.0,0.24492858227357986,0.0,-90.009,-89.982,0.021,-89.96,-30.0,0.002,-90.009,-89.982,0.021,-89.96,-30.127499999999998,0.002,0.0,0.0,0.0,0.0,3.1228394239865334,0.0,0.0,0.0,0.0,0.0,0.12750000000000128,0.0,-0.0137698,0.0068849,-0.0,0.0206547,0.14458290000000001,0.0137698,0.013454456654287999,-0.00771550671541,0.004195848595796,0.001534951159983,0.0018453907204290002,0.0017419108669470002,0.254999999999999,2.372216999901866,0.5397309996624244,0.1471820005463087,17.54154200079938
invdyn,00:57:23.221,225,-90.009,-89.982,0.021,-89.96,-30.252,0.002,0.0,0.0,0.0,0.0,0.14437229794851159,0.0,-90.009,-89.982,0.021,-89.96,-30.0,0.002,-90.009,-89.982,0.021,-89.96,-30.125999999999998,0.002,0.0,0.0,0.0,0.0,3.031818256918615,0.0,0.0,0.0,0.0,0.0,0.12600000000000122,0.0,-0.0206547,0.0,-0.0,-0.0,0.0757339,0.0068849,0.012691575091416,-0.008200976800874,0.004195848595796,0.00051739926741,0.002173076923122,0.002035103785146,0.2519999999999989,3.4979190004378324,0.4398809996928321,0.14172000010148622,16.00590199996077
invdyn,00:57:23.241,226,-90.009,-89.982,0.021,-89.96,-30.25,0.002,0.0,0.0,0.0,0.0,0.09859555012276949,0.0,-90.009,-89.982,0.021,-89.96,-30.0,0.002,-90.009,-89.982,0.021,-89.96,-30.125,0.002,0.0,0.0,0.0,0.0,3.0811109413382542,0.0,0.0,0.0,0.0,0.0,0.125,0.0,-0.0068849,0.0137698,0.0206547,-0.0137698,0.1721225,0.034424500000000004,0.012327472527317999,-0.007420757020664,0.003658363858318,0.00041391941392800006,0.0018453907204290002,0.002035103785146,0.25,2.210869000009552,0.2720689999478054,0.1361089998681564,17.46720900064247
invdyn,00:57:23.262,227,-90.009,-89.982,0.021,-89.96,-30.248,0.002,0.0,0.0,0.0,0.0,0.09867905751150291,0.0,-90.009,-89.982,0.021,-89.96,-30.0,0.002,-90.009,-89.982,0.021,-89.96,-30.124000000000002,0.002,0.0,0.0,0.0,0.0,3.059050782858299,0.0,0.0,0.0,0.0,0.0,0.12399999999999878,0.0,0.0,-0.0413094,-0.0550792,-0.0550792,0.1170433,0.0206547,0.013246398046232,-0.006900610500524,0.0033636141635719997,0.00046565934066900006,0.002017857142899,0.001276251526278,0.2480000000000011,2.034760000242386,0.26290299956599483,0.13079400014248677,17.64072500009206
invdyn,00:57:23.282,228,-90.009,-89.982,0.021,-89.96,-30.248,0.002,0.0,0.0,0.0,0.0,0.0,0.0,-90.009,-89.982,0.021,-89.96,-30.0,0.002,-90.009,-89.982,0.021,-89.96,-30.124000000000002,0.002,0.0,0.0,0.0,0.0,3.063050342764272,0.0,0.0,0.0,0.0,0.0,0.12399999999999878,0.0,0.0,-0.0068849,-0.0137698,0.0137698,0.1996621,0.0137698,0.012708913308754,-0.007160683760593999,0.004750671550612,0.001000305250326,0.002017857142899,0.0023627899878390004,0.2480000000000011,1.9534100001692423,0.22362500021699816,0.07520299914176576,17.812130000493198
invdyn,00:57:23.302,229,-90.009,-89.982,0.021,-89.96,-30.246,0.002,0.0,0.0,0.0,0.0,0.0989502689441617,0.0,-90.009,-89.982,0.021,-89.96,-30.0,0.002,-90.009,-89.982,0.021,-89.96,-30.122999999999998,0.002,0.0,0.0,0.0,0.0,3.042720770029237,0.0,0.0,0.0,0.0,0.0,0.12300000000000111,0.0,0.0137698,0.0068849,-0.0068849,-0.0481943,0.1790074,0.0206547,0.01343711843695,-0.007195360195269999,0.0033636141635719997,0.001310744810772,0.0017074175824530002,0.0018971306471700002,0.24599999999999866,1.9430209995334735,0.22475599962490378,0.07777599967084825,17.82070300032501
invdyn,00:57:23.322,230,-90.009,-89.982,0.021,-89.96,-30.24,0.002,0.0,0.0,0.0,0.0,0.29679479196151703,0.0,-90.009,-89.982,0.021,-89.96,-30.0,0.002,-90.009,-89.982,0.021,-89.96,-30.119999999999997,0.002,0.0,0.0,0.0,0.0,2.967947919615039,0.0,0.0,0.0,0.0,0.0,0.120000000000001,0.0,-0.034424500000000004,-0.0068849,-0.0206547,-0.0206547,0.3511299,0.0413094,0.013125030524865999,-0.0069352869352,0.003086202686164,0.00046565934066900006,0.00137973137976,0.00241452991458,0.23999999999999844,1.9334109992996673,0.22010799966665218,0.07498000013583805,17.836444000749907
invdyn,00:57:23.343,231,-90.009,-89.982,0.021,-89.96,-30.235,0.002,0.0,0.0,0.0,0.0,0.2453727710955659,0.0,-90.009,-89.982,0.021,-89.96,-30.0,0.002,-90.009,-89.982,0.021,-89.96,-30.1175,0.002,0.0,0.0,0.0,0.0,2.883130060373466,0.0,0.0,0.0,0.0,0.0,0.11749999999999972,0.0,-0.0206547,-0.0068849,-0.0413094,0.0137698,0.3167054,-0.0137698,0.013211721611556,-0.006900610500524,0.003086202686164,0.001069291819314,0.001603937728971,0.002190323565369,0.23499999999999943,1.990778999243048,0.4043809994982439,0.11272000028839102,17.54495000022871
invdyn,00:57:23.363,232,-90.009,-89.982,0.021,-89.96,-30.229,0.002,0.0,0.0,0.0,0.0,0.29676679245284143,0.0,-90.009,-89.982,0.021,-89.96,-30.0,0.002,-90.009,-89.982,0.021,-89.96,-30.1145,0.002,0.0,0.0,0.0,0.0,2.831649811320745,0.0,0.0,0.0,0.0,0.0,0.1144999999999996,0.0,0.0275396,0.0206547,0.0068849,-0.0068849,0.3511299,-0.0137698,0.013055677655513999,-0.007940903540804,0.003086202686164,0.00046565934066900006,0.001000305250326,0.0019661172161580002,0.2289999999999992,1.9996310002170503,0.7536900002378388,0.10618299984344048,17.19734400012385
invdyn,00:57:23.383,233,-90.009,-89.982,0.021,-89.96,-30.222,0.002,0.0,0.0,0.0,0.0,0.346154448348124,0.0,-90.009,-89.982,0.021,-89.96,-30.0,0.002,-90.009,-89.982,0.021,-89.96,-30.111,0.002,0.0,0.0,0.0,0.0,2.744510269046681,0.0,0.0,0.0,0.0,0.0,0.11100000000000065,0.0,-0.0068849,0.0068849,-0.0137698,0.0206547,0.2547413,0.0275396,0.012916971916809999,-0.00745543345534,0.003935775335726,0.001259004884031,0.001396978022007,0.0018971306471700002,0.2220000000000013,2.2779040000386885,0.26758800049719866,0.13573900014307583,17.492284000582004
invdyn,00:57:23.403,234,-90.009,-89.982,0.021,-89.96,-30.218,0.002,0.0,0.0,0.0,0.0,0.19623622434067026,0.0,-90.009,-89.982,0.021,-89.96,-30.0,0.002,-90.009,-89.982,0.021,-89.96,-30.109,0.002,0.0,0.0,0.0,0.0,2.673718556640739,0.0,0.0,0.0,0.0,0.0,0.10899999999999821,0.0,0.0481943,-0.0068849,0.0413094,-0.0481943,0.0963886,-0.0275396,0.01239682539667,-0.006900610500524,0.00364102564098,0.0009485653235850001,0.00241452991458,0.001276251526278,0.21799999999999997,2.2643120000793715,0.27262500043434557,0.14268300037656445,17.360175000249
invdyn,00:57:23.424,235,-90.009,-89.982,0.021,-89.96,-30.215,0.002,0.0,0.0,0.0,0.0,0.14830120098530858,0.0,-90.009,-89.982,0.021,-89.96,-30.0,0.002,-90.009,-89.982,0.021,-89.96,-30.1075,0.002,0.0,0.0,0.0,0.0,2.6570631843200094,0.0,0.0,0.0,0.0,0.0,0.10749999999999815,0.0,0.0068849,-0.0068849,-0.0137698,0.0275396,-0.0137698,0.0068849,0.012535531135374,-0.00745543345534,0.0033636141635719997,0.0009485653235850001,0.00224206349211,0.002966422466484,0.21499999999999986,2.5009189994307235,0.23060700004862156,0.10640599975886289,17.230380000000878
invdyn,00:57:23.444,236,-90.009,-89.982,0.021,-89.96,-30.213,0.002,0.0,0.0,0.0,0.0,0.0988931093427097,0.0,-90.009,-89.982,0.021,-89.96,-30.0,0.002,-90.009,-89.982,0.021,-89.96,-30.1065,0.002,0.0,0.0,0.0,0.0,2.6330290362511173,0.0,0.0,0.0,0.0,0.0,0.10650000000000048,0.0,-0.034424500000000004,-0.0481943,-0.0137698,-0.0,0.0619641,-0.0,0.012500854700698,-0.0069352869352,0.004195848595796,0.00041391941392800006,0.0019316239316640002,0.0017419108669470002,0.21300000000000097,2.1541480000450974,0.23129300006985432,0.09922000026563182,17.565299999660056
invdyn,00:57:23.464,237,-90.009,-89.982,0.021,-89.96,-30.212,0.002,0.0,0.0,0.0,0.0,0.04948914479900328,0.0,-90.009,-89.982,0.021,-89.96,-30.0,0.002,-90.009,-89.982,0.021,-89.96,-30.106,0.002,0.0,0.0,0.0,0.0,2.622924674343965,0.0,0.0,0.0,0.0,0.0,0.1059999999999981,0.0,-0.0068849,-0.034424500000000004,-0.0137698,-0.0068849,0.06884900000000001,-0.0206547,0.012708913308754,-0.0069352869352,0.004195848595796,0.00034493284494,0.002121336996381,0.002190323565369,0.21199999999999974,2.0781300008820836,0.23312499979510903,0.1143870003943448,17.625798999688413
invdyn,00:57:23.484,238,-90.009,-89.982,0.021,-89.96,-30.21,0.002,0.0,0.0,0.0,0.0,0.09899464230918066,0.0,-90.009,-89.982,0.021,-89.96,-30.0,0.002,-90.009,-89.982,0.021,-89.96,-30.105,0.002,0.0,0.0,0.0,0.0,2.598609360617443,0.0,0.0,0.0,0.0,0.0,0.10500000000000043,0.0,0.0,0.0137698,-0.0,-0.0137698,0.0757339,0.0068849,0.012726251526091999,-0.007472771672678,0.003935775335726,0.000707112332127,0.0024317765568270004,0.0023627899878390004,0.21000000000000085,2.276718999382865,0.2459029992678552,0.1269229996978538,17.416656000023067
invdyn,00:57:23.504,239,-90.009,-89.982,0.021,-89.96,-30.208,0.002,0.0,0.0,0.0,0.0,0.09870924773201996,0.0,-90.009,-89.982,0.021,-89.96,-30.0,0.002,-90.009,-89.982,0.021,-89.96,-30.104,0.002,0.0,0.0,0.0,0.0,2.566440441029363,0.0,0.0,0.0,0.0,0.0,0.1039999999999992,0.0,0.034424500000000004,0.034424500000000004,0.06884900000000001,-0.0275396,0.1514678,0.0137698,0.012084737484586,-0.00797557997548,0.003918437118388,0.001121031746055,0.0018798840049230002,0.002276556776604,0.2079999999999984,2.3095699998521013,0.6948579994059401,0.11514600009832066,16.95190400005231
invdyn,00:57:23.525,240,-90.009,-89.982,0.021,-89.96,-30.207,0.002,0.0,0.0,0.0,0.0,0.04933952875566381,0.0,-90.009,-89.982,0.021,-89.96,-30.0,0.002,-90.009,-89.982,0.021,-89.96,-30.1035,0.002,0.0,0.0,0.0,0.0,2.553320613111562,0.0,0.0,0.0,0.0,0.0,0.10350000000000037,0.0,-0.0068849,0.0413094,0.0137698,0.0275396,0.1101584,0.0275396,0.012726251526091999,-0.007212698412608,0.003086202686164,0.000638125763139,0.002449023199074,0.0022593101343570004,0.20700000000000074,2.0395760002429597,0.22786699992138892,0.09083100030693458,17.703835999782314
invdyn,00:57:23.545,241,-90.009,-89.982,0.021,-89.96,-30.206,0.002,0.0,0.0,0.0,0.0,0.04894684389265064,0.0,-90.009,-89.982,0.021,-89.96,-30.0,0.002,-90.009,-89.982,0.021,-89.96,-30.103,0.002,0.0,0.0,0.0,0.0,2.5207624604684216,0.0,0.0,0.0,0.0,0.0,0.10299999999999798,0.0,-0.0068849,0.0137698,-0.0137698,-0.0,0.0757339,-0.0206547,0.01135653235639,-0.007160683760593999,0.003086202686164,0.0008278388278560001,0.001396978022007,0.002190323565369,0.20599999999999952,2.0894439994663117,0.22401400019589346,0.09553499967296375,18.023737000476103
invdyn,00:57:23.566,242,-90.009,-89.982,0.021,-89.96,-30.204,0.002,0.0,0.0,0.0,0.0,0.09674772218756893,0.0,-90.009,-89.982,0.021,-89.96,-30.0,0.002,-90.009,-89.982,0.021,-89.96,-30.102,0.002,0.0,0.0,0.0,0.0,2.4670669157843825,0.0,0.0,0.0,0.0,0.0,0.10200000000000031,0.0,0.0,0.0275396,0.0275396,-0.0550792,0.0481943,0.0068849,0.01248351648336,-0.007212698412608,0.003935775335726,0.001017551892573,0.002173076923122,0.001431471306501,0.20400000000000063,2.737765999881958,0.28466200001275865,0.1508859995738021,17.23812100044597
invdyn,00:57:23.587,243,-90.009,-89.982,0.021,-89.96,-30.204,0.002,0.0,0.0,0.0,0.0,0.0,0.0,-90.009,-89.982,0.021,-89.96,-30.0,0.002,-90.009,-89.982,0.021,-89.96,-30.102,0.002,0.0,0.0,0.0,0.0,2.456358274769196,0.0,0.0,0.0,0.0,0.0,0.10200000000000031,0.0,0.0,-0.0619641,-0.0137698,0.0275396,0.206547,-0.0137698,0.012535531135374,-0.005877655677582,0.0033636141635719997,0.000293192918199,0.001327991453019,0.002104090354134,0.20400000000000063,2.0444459996724618,0.2818650000335765,0.12449800033209613,17.58824500029732
invdyn,00:57:23.607,244,-90.009,-89.982,0.021,-89.96,-30.201,0.002,0.0,0.0,0.0,0.0,0.14830644476922913,0.0,-90.009,-89.982,0.021,-89.96,-30.0,0.002,-90.009,-89.982,0.021,-89.96,-30.1005,0.002,0.0,0.0,0.0,0.0,2.4841329498845,0.0,0.0,0.0,0.0,0.0,0.10050000000000026,0.0,0.034424500000000004,0.0137698,0.0137698,0.0275396,0.1514678,-0.0,0.012500854700698,-0.007680830280734,0.0044559218558659994,0.001017551892573,0.001327991453019,0.0017419108669470002,0.2010000000000005,2.094258999932208,0.24971800030471059,0.12060900007782038,17.613208000511804
invdyn,00:57:23.627,245,-90.009,-89.982,0.021,-89.96,-30.197,0.002,0.0,0.0,0.0,0.0,0.1975277385326081,0.0,-90.009,-89.982,0.021,-89.96,-30.0,0.002,-90.009,-89.982,0.021,-89.96,-30.0985,0.002,0.0,0.0,0.0,0.0,2.432060280681915,0.0,0.0,0.0,0.0,0.0,0.09849999999999781,0.0,-0.0137698,-0.0275396,-0.0206547,-0.0137698,0.2409715,0.0481943,0.01283028083012,-0.006640537240454,0.003086202686164,0.001121031746055,0.001603937728971,0.002345543345592,0.19699999999999918,2.1282400002746726,0.2641989995026961,0.15281200012395857,17.500153999208123
