controller,timestamp,loop,q0,q1,q2,q3,q4,q5,qvel0,qvel1,qvel2,qvel3,qvel4,qvel5,target0,target1,target2,target3,target4,target5,cmd_pos0,cmd_pos1,cmd_pos2,cmd_pos3,cmd_pos4,cmd_pos5,cmd_vel0,cmd_vel1,cmd_vel2,cmd_vel3,cmd_vel4,cmd_vel5,u0,u1,u2,u3,u4,u5,hal_vel0,hal_vel1,hal_vel2,hal_vel3,hal_vel4,hal_vel5,hal_torq0,hal_torq1,hal_torq2,hal_torq3,hal_torq4,hal_torq5,err_norm,poll_ms,solve_ms,hal_write_ms,sleep_ms
pid,08:22:07.601,1,-0.0,-110.298,111.389,-87.09,-90.3,-0.0,0.0,0.0,0.0,0.0,0.0,0.0,0.0,-110.3,111.4,-90.1,-65.3,0.0,0.0,-110.299002,111.394511,-88.59801,-82.3,0.0,0.0,-0.025049999999941615,0.13777500000012388,-37.70024999999988,200.0,0.0,0.0,-0.0010019999999997253,0.005510999999998489,-1.5080099999999987,8.0,0.0,0.0481943,0.0137698,0.0206547,-0.0137698,-0.0068849,0.0206547,-0.00849572649562,-0.02002564102539,-0.024516239315931998,-0.00034493284494,-0.0019488705739110002,0.0018971306471700002,25.180552515780903,1.9529429991962388,0.4264389972377103,0.1399060020048637,17.546741000842303
pid,08:22:07.621,2,-0.0,-110.298,111.389,-87.09,-90.3,-0.0,0.0,0.0,0.0,0.0,0.0,0.0,0.0,-110.3,111.4,-90.1,-65.3,0.0,0.0,-110.29900403695297,111.39452220324135,-88.60107561422348,-82.3,0.0,0.0,-0.024645560466256527,0.1355505825648487,-37.091568501802406,196.3717402500117,0.0,0.0,-0.0010040369529633608,0.005522203241355328,-1.511075614223472,8.0,0.0,0.06884900000000001,0.0068849,0.0275396,-0.0206547,-0.0068849,-0.0068849,-0.009119902319787999,-0.021655433455162,-0.025331135530818,0.00048290598291600006,-0.002000610500652,0.0018971306471700002,25.180552515780903,3.9129399992816616,0.9680459988885559,0.1528510001662653,15.317375000449829
pid,08:22:07.642,3,-0.0,-110.298,111.389,-87.089,-90.3,-0.0,0.0,0.0,0.0,0.048274757147691486,0.0,0.0,0.0,-110.3,111.4,-90.1,-65.3,0.0,0.0,-110.29900610842896,111.39453359635925,-88.60369422131538,-82.3,0.0,0.0,-0.02428482003585335,0.13356651019762483,-36.560747843331285,193.09902858984393,0.0,0.0,-0.0010061084289532118,0.005533596359256876,-1.5146942213153807,8.0,0.0,0.0275396,0.0137698,-0.0413094,0.0068849,-0.0206547,-0.0275396,-0.008426373626268,-0.0208058608056,-0.024290842490538,0.001310744810772,-0.00103479853482,0.001431471306501,25.18067207204764,2.8036740004608873,0.5484570028784219,0.1528309985587839,16.54375100042671
pid,08:22:07.663,4,-0.0,-110.298,111.389,-87.089,-90.3,-0.0,0.0,0.0,0.0,0.0,0.0,0.0,0.0,-110.3,111.4,-90.1,-65.3,0.0,0.0,-110.29900814948273,111.394544822155,-88.60676702776908,-82.3,0.0,0.0,-0.024696788898176253,0.13583233894040808,-37.18096623937009,195.97719839267359,0.0,0.0,-0.0010081494827289816,0.005544822155002294,-1.5177670277690822,8.0,0.0,0.0206547,0.0413094,0.0137698,-1.0258501,3.7591554,-0.0206547,-0.008599755799648,-0.021031257630993998,-0.024204151403848,0.0052257326008410005,0.004052960928045001,0.0018108974359350002,25.18067207204764,2.546343999711098,0.2827749995049089,0.08729500041226856,17.183929001475917
pid,08:22:07.682,5,-0.0,-110.298,111.389,-87.088,-90.3,-0.0,0.0,0.0,0.0,0.049235276855228105,0.0,0.0,0.0,-110.3,111.4,-90.1,-65.3,0.0,0.0,-110.29901018054676,111.39455599300719,-88.60932581020354,-82.3,0.0,0.0,-0.024868259446584214,0.13677542695665493,-37.45144872600923,196.94110741997207,0.0,0.0,-0.0010101805467570557,0.005555993007192228,-1.5213258102035496,8.0,0.0,-0.1032735,-0.034424500000000004,-0.0137698,-1.2668216,7.1327564,0.0068849,-0.008911843711731999,-0.0208058608056,-0.024256166055861998,0.004915293040395,0.007847222222385,0.0016556776557120003,25.180791667459545,3.1333370025095064,0.4031629978271667,0.5026799990446307,16.3392720023694
pid,08:22:07.704,6,-0.0,-110.298,111.389,-87.106,-90.266,-0.0,0.0,0.0,0.0,-0.8491162372206861,1.603886225860849,0.0,0.0,-110.3,111.4,-90.1,-65.3,0.0,0.0,-110.29901230039788,111.3945676521883,-88.62149922731876,-82.266,0.0,0.0,-0.023876686243800706,0.13132177434132802,-35.74541670588103,188.6924971601453,0.0,0.0,-0.0010123003978748102,0.005567652188304351,-1.5154992273187702,8.0,0.0,0.0,0.0275396,0.0275396,-1.0602746,11.1328833,-0.0137698,-0.00823565323555,-0.020580463980206,-0.023996092795792,0.0070021367522820005,0.004018467643551,0.001431471306501,25.144886498053644,4.449082000064664,0.38201500137802213,0.1397949999955017,15.366577998065623
pid,08:22:07.724,7,-0.0,-110.298,111.389,-87.129,-90.154,-0.0,0.0,0.0,0.0,-1.1198703551077092,5.4532817292181335,0.0,0.0,-110.3,111.4,-90.1,-65.3,0.0,0.0,-110.29901435420703,111.39457894813872,-88.63605016083478,-82.154,0.0,0.0,-0.02469446100083631,0.13581953550503836,-36.68914779953088,194.76006175777485,0.0,0.0,-0.0010143542070295553,0.005578948138719397,-1.5070501608347797,8.0,0.0,-0.0206547,-0.034424500000000004,-0.0137698,-1.4664837,11.4908981,-0.0619641,-0.009154578754464,-0.0208058608056,-0.024758974358664,0.006639957265095001,0.0034320818071530003,0.002035103785146,25.03094648629971,3.8809400030004326,0.3685510018840432,0.153053999383701,15.658037998946384
pid,08:22:07.744,8,-0.0,-110.298,111.389,-87.15,-89.965,-0.0,0.0,0.0,0.0,-1.0364105146730442,9.327694632056696,0.0,0.0,-110.3,111.4,-90.1,-65.3,0.0,0.0,-110.29901638043117,111.39459009237146,-88.64953884143591,-81.965,0.0,0.0,-0.02508065156608185,0.13794358361389572,-37.003281486303486,197.4115266043819,0.0,0.0,-0.001016380431167363,0.005590092371463129,-1.499538841435907,8.0,0.0,-0.0413094,0.0206547,0.034424500000000004,-1.5284478000000001,10.9401061,0.034424500000000004,-0.008461050060944,-0.020875213674952,-0.024776312576001998,0.006639957265095001,0.007226343101493,0.00120726495729,24.840790043796922,2.1724399994127452,0.3510150017973501,0.15149799946811981,17.373742997733643
pid,08:22:07.765,9,-0.0,-110.298,111.389,-87.177,-89.742,-0.0,0.0,0.0,0.0,-1.3336262659569962,11.014765085496204,0.0,0.0,-110.3,111.4,-90.1,-65.3,0.0,0.0,-110.29901840498638,111.3946012274251,-88.66599772886991,-81.742,0.0,0.0,-0.025151326652162402,0.13833229658733998,-36.77345335502128,197.5742616232512,0.0,0.0,-0.001018404986382393,0.005601227425103161,-1.4889977288699043,8.0,0.0,-0.0275396,-0.0068849,0.0206547,-1.5009082,10.9194514,0.0137698,-0.008773137973028,-0.021655433455162,-0.024758974358664,0.006657203907342001,0.004397893772985001,0.0018108974359350002,24.616161723550654,1.960256999154808,0.2815340012602974,0.08214699846575968,17.743071002769284
pid,08:22:07.785,10,-0.0,-110.298,111.389,-87.204,-89.528,-0.0,0.0,0.0,0.0,-1.335277357889244,10.583309429201334,0.0,0.0,-110.3,111.4,-90.1,-65.3,0.0,0.0,-110.29902042703819,111.39461234871006,-88.68242565989256,-81.528,0.0,0.0,-0.025232465175449085,0.1387785584654182,-36.557561277369686,197.8188678355402,0.0,0.0,-0.0010204270381848346,0.005612348710059223,-1.4784256598925651,8.0,0.0,0.0137698,0.0,0.0206547,-1.652376,10.4512782,0.0137698,-0.008911843711731999,-0.020268376068122,-0.024256166055861998,0.0076920024421620005,0.008036935287102,0.001345238095266,24.40046977006796,1.9975899995188229,0.38071900053182617,0.1848499996413011,17.504758998256875
pid,08:22:07.806,11,-0.0,-110.298,111.389,-87.236,-89.31,-0.0,0.0,0.0,0.0,-1.5598187967046477,10.626265552547036,0.0,0.0,-110.3,111.4,-90.1,-65.3,0.0,0.0,-110.29902247855854,111.39462363207197,-88.70136343703031,-81.31,0.0,0.0,-0.024920019919288328,0.13706010955652845,-35.71408489191941,194.97734958801584,0.0,0.0,-0.0010224785585393192,0.005623632071973361,-1.4653634370303052,8.0,0.0,0.0068849,-0.034424500000000004,0.0137698,-1.996621,11.6767904,-0.0068849,-0.008807814407704,-0.021967521367245998,-0.023475946275652,0.007398809523963001,0.004121947497033001,0.0016556776557120003,24.180213419240122,2.362716000789078,0.34868199873017147,0.1416650011378806,17.18107700071414
pid,08:22:07.826,12,-0.0,-110.298,111.389,-87.269,-89.087,-0.0,0.0,0.0,0.0,-1.63123630835235,11.023202932198744,0.0,0.0,-110.3,111.4,-90.1,-65.3,0.0,0.0,-110.29902450156402,111.39463475860214,-88.72072700129509,-81.087,0.0,0.0,-0.02532127498786099,0.13926701243368522,-35.880451429211064,197.7256131336107,0.0,0.0,-0.00102450156401801,0.005634758602141687,-1.4517270012950831,8.0,0.0,-0.0068849,-0.0481943,0.0068849,-2.1136643,11.7938337,0.0206547,-0.008686446886338,-0.020875213674952,-0.0234065934063,0.0075540293041860005,0.0052947191698290005,0.001345238095266,23.954875391034708,2.063627001916757,0.3122000016446691,0.12149800022598356,17.559313997480785
pid,08:22:07.846,13,-0.0,-110.298,111.389,-87.306,-88.862,-0.0,0.0,0.0,0.0,-1.828509378828897,11.119313790178571,0.0,0.0,-110.3,111.4,-90.1,-65.3,0.0,0.0,-110.29902652507019,111.39464588788604,-88.74205383940696,-80.862,0.0,0.0,-0.025365009708678752,0.13950755339818371,-35.484296133235894,197.67668960316712,0.0,0.0,-0.0010265250701877449,0.005645887886046808,-1.4360538394069664,8.0,0.0,0.0895037,-0.0137698,0.0275396,-2.1962831,12.4272445,-0.0275396,-0.00771550671541,-0.020649816849557998,-0.024204151403848,0.006036324786450001,0.0030181623932250003,0.00120726495729,23.72708167895917,2.015959998971084,0.2884969981096219,0.09598000178812072,18.355991000134964
pid,08:22:07.867,14,-0.0,-110.298,111.389,-87.346,-88.625,-0.0,0.0,0.0,0.0,-1.911367116296325,11.324850164053705,0.0,0.0,-110.3,111.4,-90.1,-65.3,0.0,0.0,-110.29902861781311,111.39465739797211,-88.7649355464077,-80.625,0.0,0.0,-0.024575828290135944,0.13516705559618425,-33.901334294340025,191.13671162960262,0.0,0.0,-0.0010286178131053703,0.005657397972115064,-1.4189355464076954,8.0,0.0,-0.0275396,0.0137698,-0.0137698,-2.4234848,12.0829995,0.0206547,-0.00814896214886,-0.021880830280556,-0.023441269840975998,0.005984584859709,0.004173687423774,0.001569444444477,23.487023353332795,2.1108850014570635,0.2949230001831893,0.08996199903776869,17.568555002071662
pid,08:22:07.887,15,-0.0,-110.298,111.389,-87.385,-88.392,-0.0,0.0,0.0,0.0,-1.9290296469257082,11.524715582914894,0.0,0.0,-110.3,111.4,-90.1,-65.3,0.0,0.0,-110.29903063955497,111.39466851755238,-88.78718006099224,-80.392,0.0,0.0,-0.02548890072873137,0.1401889540084753,-34.67752446130792,197.8491945564754,0.0,0.0,-0.0010306395549690706,0.005668517552379626,-1.4021800609922366,8.0,0.0,0.0,-0.034424500000000004,0.0206547,-2.8090392,12.103654200000001,-0.0206547,-0.008998534798422,-0.021430036629767998,-0.023996092795792,0.0035183150183880005,0.004760073260172,0.0016556776557120003,23.251060491943154,1.9852750010613818,0.2806450029311236,0.08744300066609867,17.71664600164513
pid,08:22:07.907,16,-0.0,-110.298,111.389,-87.427,-88.15,-0.0,0.0,0.0,0.0,-2.07685323210062,11.96663052781692,0.0,0.0,-110.3,111.4,-90.1,-65.3,0.0,0.0,-110.2990326618452,111.39467964014864,-88.81088285188437,-80.15,0.0,0.0,-0.02553198917714897,0.1404259404747729,-34.21573302124458,197.79554591433725,0.0,0.0,-0.0010326618452012326,0.0056796401486423065,-1.3838828518843656,8.0,0.0,0.0068849,-0.0206547,0.0137698,-2.7470751,11.9521864,0.0550792,-0.00806227106217,-0.022487667887386,-0.023215873015582,0.002793956044014,0.0025697496948030004,0.001431471306501,23.005815656046632,2.0102749986108392,0.27421900085755624,0.08562799848732539,17.704294001305243
pid,08:22:07.927,17,-0.0,-110.298,111.389,-87.477,-87.919,-0.0,0.0,0.0,0.0,-2.471686683088242,11.41919247586876,0.0,0.0,-110.3,111.4,-90.1,-65.3,0.0,0.0,-110.29903468475533,111.39469076615428,-88.83853589850426,-79.919,0.0,0.0,-0.02557416530926188,0.14065790920139465,-33.65290148879736,197.73493464707062,0.0,0.0,-0.0010346847553250882,0.005690766154287985,-1.3615358985042576,8.0,0.0,-0.0206547,0.0206547,-0.0,-2.3890603,10.995185300000001,0.0275396,-0.008859829059718,-0.021430036629767998,-0.023909401709102,0.00327686202693,0.006088064713191001,0.0017246642247000002,22.77058222795368,1.9472570020298008,0.27645999944070354,0.07981399903655984,17.763238000043202
pid,08:22:07.948,18,-0.0,-110.298,111.389,-87.532,-87.678,-0.0,0.0,0.0,0.0,-2.7186310604092796,11.912547010158608,0.0,0.0,-110.3,111.4,-90.1,-65.3,0.0,0.0,-110.29903670783233,111.39470189307785,-88.86863352938651,-79.678,0.0,0.0,-0.0256220555777563,0.14092130567811478,-33.03466753977417,197.71862257524688,0.0,0.0,-0.0010367078323270107,0.005701893077855402,-1.3366335293865177,8.0,0.0,-0.0068849,-0.0068849,0.0206547,-1.9208871,12.4134747,0.0206547,-0.008374358974254,-0.020875213674952,-0.024481562881256,0.005484432234546001,0.0036390415141170003,0.001500457875489,22.524866991838152,1.9163869983458426,0.2773670021269936,0.07825799912097864,17.783033999876352
pid,08:22:07.968,19,-0.0,-110.298,111.389,-87.584,-87.455,-0.0,0.0,0.0,0.0,-2.5724035571913775,11.031653716415395,0.0,0.0,-110.3,111.4,-90.1,-65.3,0.0,0.0,-110.2990387292881,111.39471301108456,-88.8971765207386,-79.455,0.0,0.0,-0.02569260495830589,0.1413093272711388,-32.48096108815123,197.87719670700352,0.0,0.0,-0.0010387292880977839,0.005713011084566233,-1.313176520738594,8.0,0.0,-0.0275396,0.0206547,-0.0137698,-1.5766421000000002,11.153538000000001,0.0068849,-0.008287667887564,-0.021724786324514,-0.023354578754286,0.0070021367522820005,0.006019078144203001,0.001138278388302,22.297408055646287,1.9548860000213608,0.27836700246552937,0.08279500252683647,17.762070998287527
pid,08:22:07.988,20,-0.0,-110.298,111.389,-87.627,-87.212,-0.0,0.0,0.0,0.0,-2.125750763173946,12.012963615147731,0.0,0.0,-110.3,111.4,-90.1,-65.3,0.0,0.0,-110.29904075210285,111.39472413656569,-88.9211777311778,-79.212,0.0,0.0,-0.025725343917529002,0.1414893915468665,-31.98952674109825,197.7442570394729,0.0,0.0,-0.0010407521028525935,0.005724136565689264,-1.294177731177811,8.0,0.0,-0.0275396,0.0206547,0.0068849,-1.5215629,12.4134747,-0.0068849,-0.008807814407704,-0.021204639804374,-0.023736019535722,0.0073470695972220005,0.00396672771681,0.001569444444477,22.051113305227933,2.52541800000472,0.29621900102938525,0.10377699800301343,17.17046599878813
pid,08:22:08.009,21,-0.0,-110.298,111.389,-87.699,-86.737,-0.0,0.0,0.0,0.0,-3.467640639353429,22.87679588462286,0.0,0.0,-110.3,111.4,-90.1,-65.3,0.0,0.0,-110.29904282844257,111.39473555643416,-88.95967037701368,-78.737,0.0,0.0,-0.025112182550924386,0.1381170040305302,-30.357998834454758,192.64670218629433,0.0,0.0,-0.0010428284425643142,0.005735556434160571,-1.2606703770136818,8.0,0.0,0.0137698,0.0206547,-0.0413094,-1.721225,11.2086172,-0.0,-0.008721123321014,-0.021117948717684,-0.02366666666637,0.006829670329812001,0.0059155982907210004,0.0017419108669470002,21.57104297432092,1.9517200016707648,0.27914499878534116,0.09185100134345703,17.732496999087743
pid,08:22:08.029,22,-0.0,-110.298,111.389,-87.731,-86.498,-0.0,0.0,0.0,0.0,-1.5825882630379466,11.819956089565476,0.0,0.0,-110.3,111.4,-90.1,-65.3,0.0,0.0,-110.2990448504467,111.39474667745685,-88.97806544090271,-78.498,0.0,0.0,-0.025837000837115084,0.14210350460459192,-30.837361406454498,197.8235328797651,0.0,0.0,-0.001044850446703549,0.005746677456855309,-1.2470654409027162,8.0,0.0,-0.0413094,-0.0137698,-0.0413094,-1.5077931,12.7301801,0.0137698,-0.008461050060944,-0.021880830280556,-0.023441269840975998,0.0073470695972220005,0.001603937728971,0.0009658119658320001,21.329966947935016,1.9275899976491928,0.29833000007783994,0.11192400052095763,17.832699999416946
pid,08:22:08.049,23,-0.0,-110.298,111.389,-87.762,-86.258,-0.0,0.0,0.0,0.0,-1.5253445953875413,11.809119448159805,0.0,0.0,-110.3,111.4,-90.1,-65.3,0.0,0.0,-110.29904688277435,111.39475785525894,-88.99594123192787,-78.258,0.0,0.0,-0.025755757771930305,0.14165666774607422,-30.357832083010642,196.81865746932263,0.0,0.0,-0.0010468827743466136,0.005757855258949007,-1.2339412319278722,8.0,0.0,-0.06884900000000001,0.0206547,0.0206547,-1.4940233,11.1397682,-0.0206547,-0.008374358974254,-0.019973626373375998,-0.023250549450258,0.007536782661939001,0.0056396520147690005,0.001431471306501,21.08800922325291,1.9435350004641805,0.37519900070037693,0.12386899834382348,17.634888001339277
pid,08:22:08.070,24,-0.0,-110.298,111.389,-87.794,-86.021,-0.0,0.0,0.0,0.0,-1.5797569237648477,11.700074716634433,0.0,0.0,-110.3,111.4,-90.1,-65.3,0.0,0.0,-110.29904890840244,111.39476899621344,-89.01427678111553,-78.021,0.0,0.0,-0.025890942361729185,0.14240018298997045,-30.12094834182739,197.4696154706277,0.0,0.0,-0.001048908402438542,0.005768996213447508,-1.2202767811155297,8.0,0.0,0.0275396,-0.0206547,-0.0481943,-1.5628723,11.8695676,-0.0481943,-0.009119902319787999,-0.021204639804374,-0.023736019535722,0.007243589743740001,0.0016729242979590003,0.001362484737513,20.84892328155102,2.0846820007136557,0.3296270006103441,0.7916020003904123,17.672202000539983
pid,08:22:08.091,25,-0.0,-110.298,111.389,-87.828,-85.797,-0.0,0.0,0.0,0.0,-1.6137414959830856,10.631708679416269,0.0,0.0,-110.3,111.4,-90.1,-65.3,0.0,0.0,-110.29905101530743,111.39478058419084,-89.0336702251768,-77.797,0.0,0.0,-0.02494216197798872,0.137181890879381,-28.612354012334396,189.8519407038588,0.0,0.0,-0.0010510153074250184,0.005780584190844706,-1.205670225176803,8.0,0.0,0.0413094,-0.0137698,-0.0068849,-1.7487646000000001,11.821373300000001,-0.0137698,-0.008721123321014,-0.021655433455162,-0.02314652014623,0.008312881563054,0.004639346764443,0.001431471306501,20.62253907742691,2.9429140013235155,0.3157560022373218,0.1351649989373982,16.904951000469737
pid,08:22:08.111,26,-0.0,-110.298,111.389,-87.859,-85.564,-0.0,0.0,0.0,0.0,-1.5139599687943504,11.379118475134977,0.0,0.0,-110.3,111.4,-90.1,-65.3,0.0,0.0,-110.29905306291771,111.3947918460474,-89.05146457249879,-77.564,0.0,0.0,-0.025714437129523343,0.14142940421283515,-29.118445596276324,195.3496733928717,0.0,0.0,-0.0010530629177054607,0.00579184604740135,-1.1924645724987926,8.0,0.0,0.0481943,0.0,-0.0137698,-1.7969589000000001,11.9177619,0.0481943,-0.008721123321014,-0.021724786324514,-0.022851770451484,0.0075540293041860005,0.0035528083028820005,0.0016556776557120003,20.387542814179444,2.116514999215724,0.31318199762608856,0.12229499770910479,17.51151799908257
pid,08:22:08.132,27,-0.0,-110.298,111.389,-87.89,-85.338,-0.0,0.0,0.0,0.0,-1.5323012668673006,11.170970526191693,0.0,0.0,-110.3,111.4,-90.1,-65.3,0.0,0.0,-110.29905508601856,111.39480297310209,-89.06920009894132,-77.338,0.0,0.0,-0.026075961982144163,0.14341779090225612,-29.14338395963695,197.71629249896884,0.0,0.0,-0.0010550860185531974,0.005802973102092324,-1.1792000989413225,8.0,0.0,0.0895037,0.0137698,0.034424500000000004,-1.927772,11.5872867,0.0275396,-0.00840903540893,-0.020580463980206,-0.022921123320835998,0.006191544566673,0.005467185592299,0.001052045177067,20.159505673503006,2.1350520000851247,0.31994100208976306,0.11777699910453521,17.5134450000769
pid,08:22:08.152,28,-0.0,-110.298,111.389,-87.924,-85.096,-0.0,0.0,0.0,0.0,-1.6778795180725865,11.942554216866988,0.0,0.0,-110.3,111.4,-90.1,-65.3,0.0,0.0,-110.29905711238575,111.39481411812163,-89.08840478644133,-77.096,0.0,0.0,-0.026083929710970833,0.14346161341080294,-28.7313373811063,197.3975903614458,0.0,0.0,-0.0010571123857516795,0.0058141181216342375,-1.1644047864413238,8.0,0.0,0.0206547,0.0137698,0.0068849,-2.0930096000000002,12.1725032,0.0068849,-0.008686446886338,-0.021273992673726,-0.022765079364793998,0.005743131868251001,0.00275946275952,0.002276556776604,19.915238311403662,2.132218000042485,0.3182740001648199,0.12133199925301597,17.47816600254737
pid,08:22:08.172,29,-0.0,-110.298,111.39,-87.962,-84.865,-0.0,0.0,0.0,0.049465798660487156,-1.8797003490893736,11.426599490518406,0.0,0.0,-110.3,111.4,-90.1,-65.3,0.0,0.0,-110.29905913398457,111.3953242261157,-89.10956587557554,-76.865,0.0,0.0,-0.02619545421731795,0.13168354853059214,-28.382631275297083,197.86319464100387,0.0,0.0,-0.0010591339845689163,0.005324226115703823,-1.1475658755755376,8.0,0.0,-0.034424500000000004,-0.0481943,-0.0,-2.0861247,11.029609800000001,0.0068849,-0.008547741147634,-0.021967521367245998,-0.022609035408752,0.004932539682642001,0.007122863248011001,0.001500457875489,19.681472836147194,2.1742179997090716,0.31451500035473146,0.16646100266370922,17.62812800006941
pid,08:22:08.192,30,-0.0,-110.298,111.39,-88.006,-84.626,-0.0,0.0,0.0,0.0,-2.1511507733909982,11.6846598827378,0.0,0.0,-110.3,111.4,-90.1,-65.3,0.0,0.0,-110.29906117940139,111.39533445319987,-89.13370742699861,-76.626,0.0,0.0,-0.025940419204751236,0.1304001491649005,-27.566689815306887,195.55916121737712,0.0,0.0,-0.0010611794013897224,0.005334453199864697,-1.1277074269986116,8.0,0.0,-0.0481943,0.0068849,0.0137698,-1.9759663,12.351510600000001,-0.0137698,-0.008807814407704,-0.02219291819264,-0.023319902319609998,0.0050877594628650005,0.0031906288156950003,0.0018971306471700002,19.439115617743525,2.1474950008268934,0.3664399991976097,0.10757299969554879,17.66847899853019
pid,08:22:08.213,31,-0.0,-110.298,111.39,-88.051,-84.393,-0.0,0.0,0.0,0.0,-2.1781803074367256,11.278133591838817,0.0,0.0,-110.3,111.4,-90.1,-65.3,0.0,0.0,-110.29906324534606,111.39534478292323,-89.1583239873147,-76.393,0.0,0.0,-0.02573266749751654,0.1293544545654571,-26.79945892356774,193.6160273277016,0.0,0.0,-0.001063245346060171,0.0053447829232311506,-1.1073239873147003,8.0,0.0,-0.0206547,-0.0619641,0.0275396,-1.4527139,11.0984588,0.0275396,-0.008374358974254,-0.02149938949912,-0.023354578754286,0.006708943834083001,0.006605463980601,0.001500457875489,19.202634038068844,2.0487010006036144,0.373143997421721,0.15731399980722927,17.6419800009171
pid,08:22:08.234,32,-0.0,-110.298,111.39,-88.093,-84.152,-0.0,0.0,0.0,0.0,-2.0504075888960798,11.76543402199847,0.0,0.0,-110.3,111.4,-90.1,-65.3,0.0,0.0,-110.2990652937193,111.39535502478934,-89.18137952984333,-76.152,0.0,0.0,-0.026003408648021805,0.130714088890252,-26.566924376069256,195.27691322819066,0.0,0.0,-0.0010652937192929812,0.0053550247893383585,-1.0883795298433228,8.0,0.0,-0.0275396,-0.0550792,0.0137698,-1.3907498,12.4823237,0.0275396,-0.008807814407704,-0.022418315018034,-0.022661050060766,0.007726495726656001,0.0038632478633280004,0.001586691086724,18.958535201855657,2.1691619986086152,0.715547997970134,0.13797999781672843,17.330243001197232
pid,08:22:08.254,33,-0.0,-110.298,111.39,-88.13,-83.917,-0.0,0.0,0.0,0.0,-1.7855700297995254,11.340782621702134,0.0,0.0,-110.3,111.4,-90.1,-65.3,0.0,0.0,-110.29906736588669,111.39536538562632,-89.20192061472892,-75.917,0.0,0.0,-0.025754818082390243,0.12946313206316676,-25.86472059438747,193.03459781620703,0.0,0.0,-0.0010673658866835467,0.005365385626319608,-1.0719206147289242,8.0,0.0,0.0413094,-0.0137698,0.0068849,-1.308131,11.1604229,0.0619641,-0.008374358974254,-0.021343345543078,-0.022400976800696,0.007950702075867,0.006139804639932,0.001431471306501,18.720942631181803,6.057231999875512,0.32033000024966896,0.2016830003412906,13.53185599873541
pid,08:22:08.275,34,-0.0,-110.298,111.39,-88.161,-83.666,-0.0,0.0,0.0,0.0,-1.5268312685684988,12.362408013246046,0.0,0.0,-110.3,111.4,-90.1,-65.3,0.0,0.0,-110.29906939623547,111.39537553737021,-89.21938903786898,-75.666,0.0,0.0,-0.026335284045077716,0.1323796539062932,-26.064217376260785,197.0104862668655,0.0,0.0,-0.001069396235465092,0.005375537370213124,-1.0583890378689773,8.0,0.0,0.034424500000000004,-0.0137698,-0.0275396,-1.2048575000000001,11.979726000000001,-0.0206547,-0.008807814407704,-0.021273992673726,-0.023094505494216,0.008261141636313,0.0031216422467070003,0.0019661172161580002,18.46807464247424,2.9681539999728557,0.32112600092659704,0.12540599709609523,16.70176699917647
pid,08:22:08.295,35,-0.0,-110.298,111.39,-88.185,-83.439,-0.0,0.0,0.0,0.0,-1.179210402389783,11.153365055936463,0.0,0.0,-110.3,111.4,-90.1,-65.3,0.0,0.0,-110.29907143149566,111.39538571367122,-89.23333779951095,-75.439,0.0,0.0,-0.026321732606979013,0.1323101996954962,-25.754392466701706,196.53506706495637,0.0,0.0,-0.0010714314956601356,0.005385713671216763,-1.0483377995109464,8.0,0.0,0.0,0.0413094,-0.0068849,-1.5215629,11.6217112,-0.0137698,-0.008461050060944,-0.02019902319877,-0.022851770451484,0.0069331501832940005,0.0030181623932250003,0.0016556776557120003,18.23980948365415,2.742600998317357,0.2810890000546351,0.09688799764262512,16.958449999947334
pid,08:22:08.315,36,-0.0,-110.298,111.39,-88.211,-83.211,-0.0,0.0,0.0,0.0,-1.2847319722439625,11.266111141217637,0.0,0.0,-110.3,111.4,-90.1,-65.3,0.0,0.0,-110.2990734552641,111.39539583251333,-89.24824924878835,-75.211,0.0,0.0,-0.02652119804901751,0.13331151051454407,-25.626678328935064,197.65107265294583,0.0,0.0,-0.0010734552640911943,0.005395832513329424,-1.0372492487883562,8.0,0.0,0.0757339,0.0068849,-0.0206547,-1.2805914,12.000380700000001,0.0481943,-0.00797557997548,-0.02002564102539,-0.022834432234146,0.008261141636313,0.0038115079365870002,0.0018281440781820002,18.01033997458127,2.801136997732101,0.3427740011829883,0.18547899890108965,16.80996999857598
pid,08:22:08.336,37,-0.0,-110.298,111.39,-88.236,-82.97,-0.0,0.0,0.0,0.0,-1.2123667476011544,11.687215446872454,0.0,0.0,-110.3,111.4,-90.1,-65.3,0.0,0.0,-110.29907551734638,111.39540614292478,-89.26267110948324,-74.97,0.0,0.0,-0.026078429344372107,0.13108455829582677,-24.89403827719955,193.9786796161406,0.0,0.0,-0.001075517346379229,0.005406142924783808,-1.0266711094832317,8.0,0.0,-0.034424500000000004,0.0619641,-0.034424500000000004,-1.4664837,11.8971072,-0.0,-0.008287667887564,-0.020875213674952,-0.022609035408752,0.008071428571596,0.004190934066021001,0.001431471306501,17.768047163377297,2.2443829984695185,0.2791260012600105,0.08101799903670326,17.485906999354484
pid,08:22:08.356,38,-0.0,-110.298,111.39,-88.262,-82.745,-0.0,0.0,0.0,0.0,-1.2828579293468099,11.101655157810253,0.0,0.0,-110.3,111.4,-90.1,-65.3,0.0,0.0,-110.2990775440712,111.39541627654887,-89.27753366958856,-74.745,0.0,0.0,-0.026583383768333586,0.13362140996630945,-25.053565779818054,197.36275836107615,0.0,0.0,-0.00107754407119387,0.005416276548871224,-1.0155336695885637,8.0,0.0,-0.0068849,0.0,-0.0068849,-1.5077931,11.5528622,0.034424500000000004,-0.00832234432224,-0.020875213674952,-0.022609035408752,0.007778235653397001,0.006364010989143001,0.001569444444477,17.541561304513355,2.0568299987644423,0.2855519996955991,0.08631399759906344,17.750589999195654
pid,08:22:08.377,39,-0.0,-110.298,111.39,-88.29,-82.501,-0.0,0.0,0.0,0.0,-1.3401249743253112,11.67823191911814,0.0,0.0,-110.3,111.4,-90.1,-65.3,0.0,0.0,-110.29907963342858,111.39542672333575,-89.29342453801394,-74.501,0.0,0.0,-0.02583649501329077,0.12986584769616905,-24.012755057911164,191.44642490357623,0.0,0.0,-0.0010796334285743114,0.0054267233357450095,-1.003424538013931,8.0,0.0,-0.06884900000000001,-0.034424500000000004,0.0275396,-1.4182894000000001,12.262006900000001,0.0068849,-0.008513064712957999,-0.022262271061992,-0.022834432234146,0.007381562881716001,0.0029146825397430003,0.0016556776557120003,17.295970773564584,2.1673289993486833,0.3739589992619585,0.13683200086234137,17.319724000117276
pid,08:22:08.397,40,-0.0,-110.298,111.39,-88.318,-82.278,-0.0,0.0,0.0,0.0,-1.3842913788628293,11.024892053089367,0.0,0.0,-110.3,111.4,-90.1,-65.3,0.0,0.0,-110.29908165612412,111.39543683681346,-89.3092267597413,-74.278,0.0,0.0,-0.02673798656256292,0.13439582730623176,-24.5026188930078,197.7559112661779,0.0,0.0,-0.0010816561241142608,0.005436836813458967,-0.9912267597413091,8.0,0.0,-0.0137698,-0.0275396,-0.0,-1.3494404,11.0778041,-0.0068849,-0.008721123321014,-0.018968009767772,-0.02262637362609,0.00827838827856,0.007450549450704001,0.0016556776557120003,17.07126568242672,1.9224429997848347,0.2789230020425748,0.0794810002844315,17.787534001399763
pid,08:22:08.418,41,-0.0,-110.298,111.39,-88.346,-82.037,-0.0,0.0,0.0,0.0,-1.376342021376621,11.846372398274875,0.0,0.0,-110.3,111.4,-90.1,-65.3,0.0,0.0,-110.29908369050217,111.39544700870371,-89.3250109092927,-74.037,0.0,0.0,-0.02663444243384005,0.13387405303072966,-24.061675961524816,196.620288768048,0.0,0.0,-0.001083690502170498,0.005447008703711731,-0.9790109092926969,8.0,0.0,0.0137698,0.0137698,-0.0,-1.4527139,11.8351431,0.034424500000000004,-0.008651770451661999,-0.020875213674952,-0.021690109889838,0.007502289377445,0.003000915750978,0.001500457875489,16.828659750556497,1.9163130018569063,0.31383000168716535,0.09292500180890784,17.73799700094969
pid,08:22:08.438,42,-0.0,-110.298,111.39,-88.377,-81.803,-0.0,0.0,0.0,0.0,-1.5329877736770363,11.571585130339875,0.0,0.0,-110.3,111.4,-90.1,-65.3,0.0,0.0,-110.29908571269704,111.39545711967803,-89.34225303016662,-73.803,0.0,0.0,-0.0268449079075503,0.1349306088049107,-23.866469254041036,197.80487402289634,0.0,0.0,-0.001085712697033614,0.005457119678027311,-0.9652530301666218,8.0,0.0,0.0757339,0.0,0.0137698,-1.3838649,10.9401061,-0.0206547,-0.00814896214886,-0.021031257630993998,-0.02262637362609,0.0075540293041860005,0.007019383394529,0.001431471306501,16.592704481186907,1.9966639993072022,0.2850519995263312,0.0908699985302519,17.679609001788776
pid,08:22:08.458,43,-0.0,-110.298,111.39,-88.403,-81.576,-0.0,0.0,0.0,0.0,-1.2871885837046761,11.238146480801882,0.0,0.0,-110.3,111.4,-90.1,-65.3,0.0,0.0,-110.29908773260307,111.39546721920824,-89.35696692044496,-73.576,0.0,0.0,-0.02692532670760123,0.13533350287421209,-23.614140946695475,198.02901287756282,0.0,0.0,-0.0010877326030680479,0.005467219208242113,-0.9539669204449552,8.0,0.0,0.0413094,-0.0137698,0.0137698,-1.6730307,12.5649425,-0.0275396,-0.008374358974254,-0.020355067154812,-0.02279975579947,0.006605463980601,0.0030181623932250003,0.001345238095266,16.364232001533097,1.9780719994741958,0.366885000403272,1.632797000638675,16.01459000085015
pid,08:22:08.478,44,-0.0,-110.298,111.39,-88.432,-81.348,-0.0,0.0,0.0,0.0,-1.4331728859090236,11.267704068527255,0.0,0.0,-110.3,111.4,-90.1,-65.3,0.0,0.0,-110.2990897560854,111.39547733661986,-89.37315450470209,-73.348,0.0,0.0,-0.026927739204141272,0.13534431604442193,-23.255812372247192,197.67901874609703,0.0,0.0,-0.0010897560853919686,0.005477336619861717,-0.9411545047020837,8.0,0.0,-0.0413094,0.0137698,-0.0206547,-2.0310455000000003,11.504667900000001,-0.0068849,-0.008686446886338,-0.020355067154812,-0.021794139193866,0.005053266178371,0.0055706654457810005,0.002190323565369,16.13445480950627,2.2094949999882374,0.31825500263948925,0.12647999756154604,17.406852999556577
pid,08:22:08.498,45,-0.0,-110.298,111.39,-88.465,-81.107,-0.0,0.0,0.0,0.0,-1.6310440838548361,11.911564369969698,0.0,0.0,-110.3,111.4,-90.1,-65.3,0.0,0.0,-110.2990917793293,111.39548745283938,-89.3913085065937,-73.107,0.0,0.0,-0.026980912362506496,0.13561026498634407,-22.891666810666734,197.7023131945181,0.0,0.0,-0.0010917793293003797,0.005487452839375351,-0.9263085065936991,8.0,0.0,0.034424500000000004,-0.0275396,-0.0068849,-2.3890603,12.2069277,-0.0206547,-0.007923565323466,-0.021430036629767998,-0.02227960927933,0.0036217948718700005,0.002966422466484,0.001569444444477,15.891336570597202,2.1438660005514976,0.3162749999319203,0.1270360007765703,17.474797001341358
pid,08:22:08.519,46,-0.0,-110.298,111.39,-88.502,-80.863,-0.0,0.0,0.0,0.0,-1.8291774967287766,12.062684032484283,0.0,0.0,-110.3,111.4,-90.1,-65.3,0.0,0.0,-110.29909380209637,111.3954975666747,-89.4114246974802,-72.863,0.0,0.0,-0.027037272710065348,0.13589223308313378,-22.479718805412457,197.7489185653163,0.0,0.0,-0.0010938020963635608,0.0054975666747054674,-0.9094246974802047,8.0,0.0,0.0068849,0.06884900000000001,-0.034424500000000004,-2.1687435,11.786948800000001,0.0206547,-0.00849572649562,-0.020580463980206,-0.021534065933796,0.0030871489622130003,0.005984584859709,0.0017419108669470002,15.64482908184043,2.023774999543093,0.2907010020862799,0.13973900058772415,17.627314002311323
pid,08:22:08.539,47,-0.0,-110.298,111.39,-88.545,-80.614,-0.0,0.0,0.0,0.0,-2.1246489097273633,12.30319950051221,0.0,0.0,-110.3,111.4,-90.1,-65.3,0.0,0.0,-110.29909582596017,111.39550768599368,-89.4344982515788,-72.614,0.0,0.0,-0.02707262129648408,0.13606859350673442,-21.975249888616535,197.64175904437664,0.0,0.0,-0.0010958259601636655,0.005507685993677569,-0.8894982515788001,8.0,0.0,0.0275396,0.0413094,0.0068849,-1.8107287,12.4134747,0.0137698,-0.00840903540893,-0.020580463980206,-0.021811477411204,0.0033630952381650003,0.003000915750978,0.002190323565369,15.392749104692124,2.1006999995734077,0.34194099862361327,0.14683200060972013,17.49844499863684
pid,08:22:08.559,48,-0.0,-110.298,111.39,-88.587,-80.385,-0.0,0.0,0.0,0.0,-2.0656750469043934,11.26284727954968,0.0,0.0,-110.3,111.4,-90.1,-65.3,0.0,0.0,-110.29909785919381,111.39551785216189,-89.45703639282942,-72.385,0.0,0.0,-0.026997861210068412,0.13569154194425628,-21.395386506742376,196.73095684803002,0.0,0.0,-0.0010978591938055615,0.005517852161887049,-0.8700363928294195,8.0,0.0,0.0206547,0.0,0.0413094,-1.0602746,12.000380700000001,-0.0275396,-0.008721123321014,-0.021204639804374,-0.02201953601926,0.006070818070944,0.004225427350515,0.001052045177067,15.160689232353528,2.1209219994489104,0.3042560019821394,0.12199800039525144,17.548683998029446
pid,08:22:08.580,49,-0.0,-110.298,111.39,-88.623,-80.153,-0.0,0.0,0.0,0.0,-1.7761394610236754,11.446232082152108,0.0,0.0,-110.3,111.4,-90.1,-65.3,0.0,0.0,-110.29909988606167,111.39552798650122,-89.47653323474884,-72.153,0.0,0.0,-0.027132653288257376,0.13636770784475535,-21.05547304906295,197.34882900262312,0.0,0.0,-0.0010998860616666661,0.005527986501220994,-0.8535332347488378,8.0,0.0,0.0,-0.034424500000000004,-0.0206547,-1.0258501,12.227582400000001,0.0206547,-0.007836874236776,-0.021117948717684,-0.021794139193866,0.006657203907342001,0.004449633699726001,0.002017857142899,14.926260147806625,2.4426589989161585,0.31238599694916047,0.12762899859808385,17.167781999887666
pid,08:22:08.600,50,-0.0,-110.298,111.39,-88.649,-79.909,-0.0,0.0,0.0,0.0,-1.2857771594310405,12.06652411158534,0.0,0.0,-110.3,111.4,-90.1,-65.3,0.0,0.0,-110.29910190818501,111.3955380971179,-89.49100028522967,-71.909,0.0,0.0,-0.027246314924359357,0.13693766886370407,-20.81970644197883,197.81187068172707,0.0,0.0,-0.0011019081850065504,0.005538097117906204,-0.8420002852296733,8.0,0.0,0.0757339,0.0068849,0.0137698,-0.8193031000000001,12.000380700000001,0.0275396,-0.008027594627494,-0.023025152624864,-0.021984859584583998,0.008088675213843,0.0022248168498630004,0.002104090354134,14.680885055063957,1.921515999129042,0.28286700035096146,0.09159099863609299,17.78338599979179
pid,08:22:08.620,51,-0.0,-110.298,111.39,-88.674,-79.678,-0.0,0.0,0.0,0.0,-1.2261608802930861,11.32972653390597,0.0,0.0,-110.3,111.4,-90.1,-65.3,0.0,0.0,-110.29910394706917,111.39554829153872,-89.50495400963783,-71.678,0.0,0.0,-0.027072334202493123,0.13606196074471985,-20.377665998807096,196.18574084684917,0.0,0.0,-0.0011039470691684983,0.005548291538715944,-0.8309540096378214,8.0,0.0,0.0137698,0.0,-0.0068849,-1.1428934,11.8007186,-0.034424500000000004,-0.008807814407704,-0.021117948717684,-0.022314285714006,0.007295329670481,0.004328907203997001,0.0017419108669470002,14.448545393914225,2.2610499981965404,0.3442189990892075,0.15535100101260468,17.283910001424374
pid,08:22:08.640,52,-0.0,-110.298,111.39,-88.691,-79.435,-0.0,0.0,0.0,0.0,-0.8401556280854356,12.009283389694458,0.0,0.0,-110.3,111.4,-90.1,-65.3,0.0,0.0,-110.2991059705038,111.39555840871192,-89.514879519341,-71.435,0.0,0.0,-0.02732903950788385,0.13735083419159197,-20.35844161878885,197.68367719662066,0.0,0.0,-0.0011059705038007905,0.005558408711920038,-0.8238795193409914,8.0,0.0,0.0068849,-0.034424500000000004,-0.0068849,-0.7986484,12.385935100000001,0.0068849,-0.008374358974254,-0.021568742368471998,-0.021204639804374,0.008795787545970001,0.0034493284494000005,0.001431471306501,14.20505579010516,2.1301810011209454,0.40984799852594733,0.17964600192499347,21.665233998646727
pid,08:22:08.665,53,-0.0,-110.298,111.39,-88.729,-78.948,-0.0,0.0,0.0,0.0,-1.5443544048678943,19.792120925545888,0.0,0.0,-110.3,111.4,-90.1,-65.3,0.0,0.0,-110.2991084310789,111.39557071158744,-89.53556624357462,-71.03980092880725,0.0,0.0,-0.022523821305323266,0.11319938129342112,-16.389791198451555,160.69818513381261,0.0,0.0,-0.0011084310789044594,0.005570711587438382,-0.8065662435746219,7.90819907119274,0.0,0.034424500000000004,0.0,-0.034424500000000004,-1.170433,11.786948800000001,-0.0068849,-0.008686446886338,-0.021343345543078,-0.02175946275919,0.007467796092951001,0.0052257326008410005,0.0017419108669470002,13.716692349105156,2.122125999449054,1.0616190011205617,0.25846000062301755,17.036485998687567
pid,08:22:08.686,54,-0.0,-110.298,111.39,-88.729,-78.948,-0.0,0.0,0.0,0.0,0.0,0.0,0.0,0.0,-110.3,111.4,-90.1,-65.3,0.0,0.0,-110.29911050820542,111.39558109721995,-89.53699011379241,-71.02562661755084,0.0,0.0,-0.026731838523370625,0.13434658919211492,-19.449708831624914,190.70512486943443,0.0,0.0,-0.0011105082054143622,0.0055810972199452635,-0.8079901137924139,7.922373382449152,0.0,0.0895037,0.0826188,0.0206547,-0.8330729,12.1311938,-0.0206547,-0.008339682539578,-0.020580463980206,-0.02149938949912,0.008778540903723,0.00396672771681,0.0008968253968440001,13.716692349105156,2.0210160000715405,0.44549599988386035,0.100887002190575,17.490444999566535
pid,08:22:08.706,55,-0.0,-110.298,111.39,-88.748,-78.719,-0.0,0.0,0.0,0.0,-0.9396174643040912,11.32486312239865,0.0,0.0,-110.3,111.4,-90.1,-65.3,0.0,0.0,-110.29911253030491,111.39559120771742,-89.54785705305099,-70.89755934098959,0.0,0.0,-0.0275092869488706,0.13825253731157078,-19.777885684034153,193.39900629532025,0.0,0.0,-0.0011125303049084323,0.005591207717415614,-0.7998570530509852,7.821440659010406,0.0,0.0550792,-0.0206547,0.0137698,-1.1979726,11.0502645,0.0137698,-0.00832234432224,-0.021967521367245998,-0.021273992673726,0.008002442002608,0.006743437118577,0.002035103785146,13.486940683490822,2.1140890021342784,0.44821700066677295,0.11133199950563721,17.371038000419503
pid,08:22:08.726,56,-0.0,-110.298,111.39,-88.768,-78.495,-0.0,0.0,0.0,0.0,-0.9897011526797544,11.084652910014938,0.0,0.0,-110.3,111.4,-90.1,-65.3,0.0,0.0,-110.29911455111694,111.3956013117776,-89.55920291386605,-70.77222703359126,0.0,0.0,-0.027576813128924984,0.13859061807013137,-19.576360896423893,191.08093266850727,0.0,0.0,-0.0011145511169416977,0.005601311777596152,-0.7912029138660444,7.722772966408741,0.0,0.0068849,-0.0068849,-0.0206547,-0.9501162000000001,9.9349107,-0.0068849,-0.008773137973028,-0.022487667887386,-0.021464713064444,0.007467796092951001,0.0051567460318530005,0.002190323565369,13.262064432055825,1.97707199913566,0.4232179999235086,0.09675899855210446,17.55425900046248
pid,08:22:08.746,57,-0.0,-110.298,111.39,-88.787,-78.251,-0.0,0.0,0.0,0.0,-0.9401828177723849,12.073926712441885,0.0,0.0,-110.3,111.4,-90.1,-65.3,0.0,0.0,-110.2991165720005,111.3956114161954,-89.5700296239233,-70.63714080209732,0.0,0.0,-0.027625837096747867,0.13883571290208202,-19.373447321559034,188.37946302116524,0.0,0.0,-0.001116572000498195,0.005611416195392849,-0.7830296239232979,7.613859197902684,0.0,0.0619641,0.0275396,-0.0275396,-1.1566632000000001,11.2361568,0.0206547,-0.008599755799648,-0.021117948717684,-0.021724786324514,0.008606074481253001,0.005984584859709,0.0017419108669470002,13.017391213296163,1.9640169994090684,0.42821700117201544,0.09455499821342528,17.569665997143602
pid,08:22:08.767,58,-0.0,-110.298,111.39,-88.807,-78.059,-0.0,0.0,0.0,0.0,-0.9892459727821802,9.49676133871118,0.0,0.0,-110.3,111.4,-90.1,-65.3,0.0,0.0,-110.29911859374236,111.39562152490473,-89.58133668004035,-70.52824309985637,0.0,0.0,-0.027664108870427754,0.1390267718225228,-19.150236057689934,186.24427338675443,0.0,0.0,-0.0011185937423618952,0.005621524904725561,-0.7743366800403493,7.530756900143629,0.0,-0.0068849,0.0137698,-0.0206547,-1.1153538,11.842028,0.0068849,-0.00840903540893,-0.021967521367245998,-0.021724786324514,0.007795482295644001,0.002966422466484,0.0022593101343570004,12.824353161075999,1.9397379983274732,0.48079100088216364,0.09764700007508509,17.81927499905578
pid,08:22:08.788,59,-0.0,-110.298,111.39,-88.828,-77.834,-0.0,0.0,0.0,0.0,-1.0219564672576615,10.949533577759968,0.0,0.0,-110.3,111.4,-90.1,-65.3,0.0,0.0,-110.29912064862442,111.39563179931498,-89.59314358502388,-70.40286515405178,0.0,0.0,-0.027267954982068535,0.13703461267237085,-18.617700835615054,180.8165789257206,0.0,0.0,-0.0011206486244219604,0.005631799314983255,-0.7651435850238784,7.431134845948222,0.0,-0.034424500000000004,0.0619641,-0.0275396,-1.2599367000000001,11.9246468,-0.0206547,-0.008807814407704,-0.021430036629767998,-0.02123931623905,0.007381562881716001,0.003069902319966,0.001569444444477,12.598382594603171,3.794904001551913,0.41495799814583734,0.18953499966301024,15.98725599978934
pid,08:22:08.808,60,-0.0,-110.298,111.39,-88.853,-77.608,-0.0,0.0,0.0,0.0,-1.2136858187874928,10.971719801842633,0.0,0.0,-110.3,111.4,-90.1,-65.3,0.0,0.0,-110.29912270846557,111.39564209852075,-89.60692789598464,-70.27718889157772,0.0,0.0,-0.027252306865995102,0.13695469925698306,-18.30063191490346,177.9460296500996,0.0,0.0,-0.0011227084655729413,0.00564209852075237,-0.7539278959846456,7.330811108422282,0.0,0.0481943,-0.0137698,-0.0068849,-0.9294615,11.3394303,-0.0137698,-0.008686446886338,-0.021655433455162,-0.020944566544304,0.008554334554512,0.004535866910961001,0.001431471306501,12.371013580139671,2.9367650022322778,0.30149699887260795,0.12520200107246637,16.700675998436054
pid,08:22:08.828,61,-0.0,-110.298,111.39,-88.898,-77.144,-0.0,0.0,0.0,0.0,-2.2104498342839913,22.792193846838444,0.0,0.0,-110.3,111.4,-90.1,-65.3,0.0,0.0,-110.29912474425029,111.39565227744437,-89.6306514026022,-70.03313297445774,0.0,0.0,-0.027624341574179943,0.13882306378027476,-17.994324127443257,174.64683153583107,0.0,0.0,-0.0011247442502906324,0.005652277444369247,-0.7326514026022011,7.110867025542262,0.0,-0.0963886,0.034424500000000004,-0.0413094,-1.2255122,11.3945095,-0.0068849,-0.00849572649562,-0.020355067154812,-0.02149938949912,0.012089896215147,0.0035700549451290003,0.0019661172161580002,11.904841200116875,1.93947899970226,0.3099409987044055,0.11894300041603856,17.703071996947983
pid,08:22:08.848,62,-0.0,-110.298,111.39,-88.918,-76.905,-0.0,0.0,0.0,0.0,-0.9881156723015833,11.807982283998093,0.0,0.0,-110.3,111.4,-90.1,-65.3,0.0,0.0,-110.29912676830483,111.395662397717,-89.64184761882782,-69.90188839806318,0.0,0.0,-0.027834435526173425,0.13987759817428977,-17.88112941303948,172.99710821868194,0.0,0.0,-0.001126768304828829,0.005662397717003387,-0.7238476188278185,7.003111601936823,0.0,0.0206547,0.0068849,-0.034424500000000004,-1.0740444,10.588976200000001,-0.0,-0.008374358974254,-0.023423931623638,-0.02123931623905,0.007674755799915001,0.006364010989143001,0.0017419108669470002,11.665044063354415,1.924109001265606,0.27236700043431483,0.08053599958657287,17.787533997761784
pid,08:22:08.869,63,-0.0,-110.298,111.39,-88.942,-76.686,-0.0,0.0,0.0,0.0,-1.1868712240897046,10.830199919824265,0.0,0.0,-110.3,111.4,-90.1,-65.3,0.0,0.0,-110.29912879042816,111.39567250833369,-89.65501842823981,-69.78087644990683,0.0,0.0,-0.027911018275219694,0.1402611856180152,-17.63043864008301,170.7394258415475,0.0,0.0,-0.0011287904281545025,0.005672508333688597,-0.7130184282398204,6.90512355009318,0.0,-0.0413094,0.034424500000000004,0.0275396,-1.4871384,10.871257100000001,0.034424500000000004,-0.006276434676356,-0.021117948717684,-0.021395360195092,0.006432997558131001,0.0029836691087310003,0.002035103785146,11.444739577640036,1.9756829969992395,0.3218300007574726,0.12109100134694017,17.624812997382833
pid,08:22:08.889,64,-0.0,-110.298,111.39,-88.966,-76.481,-0.0,0.0,0.0,0.0,-1.18540369057577,10.125323190334937,0.0,0.0,-110.3,111.4,-90.1,-65.3,0.0,0.0,-110.2991308150549,111.39568263146735,-89.66816639159678,-69.66705777416229,0.0,0.0,-0.027926507071379468,0.14033775653277067,-17.34063816660582,168.27650545578723,0.0,0.0,-0.0011308150548927642,0.005682631467351484,-0.7021663915967906,6.813942225837707,0.0,0.0275396,-0.0619641,0.0275396,-1.3907498,10.2240765,0.0206547,-0.008565079364972,-0.021794139193866,-0.021169963369697998,0.00586385836398,0.0036735347986110002,0.001500457875489,11.23836380439786,2.0895710003969725,0.38579199826926924,0.13705400124308653,17.45725900036632
pid,08:22:08.909,65,-0.0,-110.298,111.39,-88.993,-76.266,-0.0,0.0,0.0,0.0,-1.3328100932116125,10.61311740890635,0.0,0.0,-110.3,111.4,-90.1,-65.3,0.0,0.0,-110.29913284084988,111.39569276044226,-89.68278766911983,-69.548450340271,0.0,0.0,-0.027960402198409555,0.14050682547554802,-17.02511051066282,165.80033311364286,0.0,0.0,-0.0011328408498769704,0.0056927604422583045,-0.6897876691198377,6.717549659729002,0.0,-0.0068849,-0.0206547,-0.034424500000000004,-1.5972968,10.802408100000001,-0.0137698,-0.00806227106217,-0.020649816849557998,-0.021169963369697998,0.0050877594628650005,0.00327686202693,0.002345543345592,11.021738020838646,2.095885000017006,0.36392199763213284,1.0805070014612284,17.04845000131172
pid,08:22:08.930,66,-0.0,-110.298,111.39,-89.025,-76.053,-0.0,0.0,0.0,0.0,-1.5198302363244083,10.116370010531348,0.0,0.0,-110.3,111.4,-90.1,-65.3,0.0,0.0,-110.29913494634819,111.39570328793383,-89.69991937446356,-69.43063012858629,0.0,0.0,-0.026951965259078173,0.13543796012961437,-16.02754488110187,157.263718229609,0.0,0.0,-0.001134946348187782,0.005703287933826573,-0.6749193744635562,6.62236987141371,0.0,0.0275396,-0.0275396,0.0137698,-1.8658079,10.3135802,-0.0,-0.008773137973028,-0.023025152624864,-0.020909890109627998,0.0039322344323160004,0.002724969475026,0.001500457875489,10.806606220271005,1.9681829980982002,0.8749169974180404,0.40155099850380793,17.188670000905404
pid,08:22:08.951,67,-0.0,-110.298,111.39,-89.058,-75.842,-0.0,0.0,0.0,0.0,-1.5873667599431769,10.149526859030159,0.0,0.0,-110.3,111.4,-90.1,-65.3,0.0,0.0,-110.29913702526284,111.39571368250704,-89.71750248899221,-69.31417216950655,0.0,0.0,-0.027346607688362345,0.1374198437658423,-15.861701956454263,157.00086231449836,0.0,0.0,-0.0011370252628353228,0.0057136825070358555,-0.659502488992203,6.52782783049345,0.0,0.0206547,-0.0206547,-0.0206547,-1.3563253,10.2240765,0.0413094,-0.008027594627494,-0.021724786324514,-0.02097924297898,0.00293192918199,0.004242673992762,0.001345238095266,10.593376798736086,3.2990940017043613,0.5045129983045626,0.10944300083792768,16.544712998438627
pid,08:22:08.972,68,-0.0,-110.298,111.39,-89.09,-75.652,-0.0,0.0,0.0,0.0,-1.5515424132428413,9.212283078630273,0.0,0.0,-110.3,111.4,-90.1,-65.3,0.0,0.0,-110.29913908772659,111.39572399482584,-89.7345440331912,-69.20849685708285,0.0,0.0,-0.027614733128273564,0.1387659491481099,-15.625584448419643,156.2088815015722,0.0,0.0,-0.0011390877265853305,0.0057239948258427376,-0.6445440331911954,6.443503142917152,0.0,-0.0068849,0.0206547,-0.0275396,-1.0671595,9.6250902,-0.0137698,-0.008686446886338,-0.020580463980206,-0.020389743589488,0.004242673992762,0.0038460012210810002,0.001345238095266,10.401158973883634,3.390464000403881,0.3407000003790017,0.1030730018101167,17.14817000174662
pid,08:22:08.993,69,-0.0,-110.298,111.39,-89.122,-75.434,-0.0,0.0,0.0,0.0,-1.4894214883368313,10.146683889295945,0.0,0.0,-110.3,111.4,-90.1,-65.3,0.0,0.0,-110.29914123621178,111.39573473725176,-89.75159464244604,-69.08861048265695,0.0,0.0,-0.02655908964194711,0.13346001394906903,-14.652059209390254,147.6712421718601,0.0,0.0,-0.0011412362117795283,0.005734737251756883,-0.6295946424460368,6.345389517343051,0.0,-0.0481943,-0.0068849,0.0275396,-0.68849,9.501162,0.0206547,-0.008287667887564,-0.021031257630993998,-0.020944566544304,0.005812118437239001,0.004121947497033001,0.0017419108669470002,10.18108756469563,3.6785900010727346,0.2901820007537026,0.09857300028670579,16.307067999150604
pid,08:22:09.014,70,-0.0,-110.298,111.39,-89.148,-75.234,-0.0,0.0,0.0,0.0,-1.2581847382142772,9.678344140111358,0.0,0.0,-110.3,111.4,-90.1,-65.3,0.0,0.0,-110.29914330268097,111.39574506959772,-89.76557828178167,-68.97834633017779,0.0,0.0,-0.027663192006765723,0.1390069016891619,-14.942837861354006,151.36092259472272,0.0,0.0,-0.0011433026809726243,0.005745069597722363,-0.6175782817816753,6.255653669822209,0.0,0.0206547,-0.0275396,0.0068849,-0.9088068,9.5080469,0.0275396,-0.008027594627494,-0.022487667887386,-0.020875213674952,0.005984584859709,0.0038460012210810002,0.00120726495729,9.97951722279189,3.67399800234125,0.34897699879365973,0.1513130009698216,16.318271002091933
pid,08:22:09.035,71,-0.0,-110.298,111.39,-89.164,-75.054,-0.0,0.0,0.0,0.0,-0.7621243995232799,8.573899494633684,0.0,0.0,-110.3,111.4,-90.1,-65.3,0.0,0.0,-110.29914540207577,111.39575556657172,-89.77456079854727,-68.87810758174658,0.0,0.0,-0.027279339662647232,0.137076803668235,-14.541352561410385,147.08744689938112,0.0,0.0,-0.0011454020757639682,0.005755566571721715,-0.6105607985472687,6.175892418253426,0.0,-0.034424500000000004,0.0413094,0.0206547,-0.5852165,8.654319300000001,-0.0068849,-0.008773137973028,-0.021655433455162,-0.020129670329418,0.00655372405386,0.0072090964592460005,0.001586691086724,9.798811968805202,3.039097999135265,0.34073699862346984,0.122665998787852,16.86456300012651
pid,08:22:09.055,72,-0.0,-110.298,111.39,-89.18,-74.863,-0.0,0.0,0.0,0.0,-0.7758070796053549,9.261197012785953,0.0,0.0,-110.3,111.4,-90.1,-65.3,0.0,0.0,-110.29914746444416,111.39576587841368,-89.78350948800802,-68.77274636727572,0.0,0.0,-0.02781909498039805,0.1397877904211052,-14.631466668920789,147.65193390181733,0.0,0.0,-0.0011474644441591408,0.005765878413683367,-0.6035094880080152,6.090253632724284,0.0,-0.0550792,0.0,-0.0413094,-0.48882790000000004,9.3978885,-0.0137698,-0.008287667887564,-0.021430036629767998,-0.02149938949912,0.0070021367522820005,0.004449633699726001,0.001362484737513,9.607157383950781,2.678971999557689,0.41558799784979783,0.17723799828672782,17.366186999424826
pid,08:22:09.076,73,-0.0,-110.298,111.39,-89.194,-74.688,-0.0,0.0,0.0,0.0,-0.6614876196911385,8.26859524614158,0.0,0.0,-110.3,111.4,-90.1,-65.3,0.0,0.0,-110.29914958088588,111.39577646062232,-89.7914682361102,-68.67531178981066,0.0,0.0,-0.027158340137370524,0.13646632811767997,-14.114922905204352,142.04710043229701,0.0,0.0,-0.0011495808858796863,0.0057764606223145165,-0.5974682361102026,6.012688210189339,0.0,-0.0068849,-0.0206547,-0.0206547,-0.8399578,9.294615,0.0206547,-0.00788888888879,-0.020649816849557998,-0.021360683760416,0.006381257631390001,0.0038632478633280004,0.0019661172161580002,9.431621493677536,6.124806001025718,0.5009939995943569,0.21140499666216783,13.500226999894949
pid,08:22:09.097,74,-0.0,-110.298,111.39,-89.204,-74.507,-0.0,0.0,0.0,0.0,-0.4862510143982222,8.8011433606157,0.0,0.0,-110.3,111.4,-90.1,-65.3,0.0,0.0,-110.29915163743686,111.39578674337722,-89.79738957094906,-68.575344457376,0.0,0.0,-0.02799924359473175,0.14069049186169935,-14.426814040378861,144.21367623321902,0.0,0.0,-0.0011516374368625293,0.0057867433772145205,-0.5933895709490713,5.931655542624,0.0,0.0275396,0.0068849,0.0068849,-0.7435692,8.2205706,0.0275396,-0.008114285714183999,-0.021967521367245998,-0.020355067154812,0.006760683760824001,0.0054326923078050005,0.001638431013465,9.250501013458685,1.9968870001321193,0.2966819993162062,0.1082579983631149,17.655145999015076
pid,08:22:09.117,75,-0.0,-110.298,111.39,-89.217,-74.33,-0.0,0.0,0.0,0.0,-0.6429264818594953,8.753691329929937,0.0,0.0,-110.3,111.4,-90.1,-65.3,0.0,0.0,-110.29915365944099,111.39579685339785,-89.80478228577137,-68.47771510874033,0.0,0.0,-0.028527623294631013,0.14334425234357762,-14.534646041929447,144.7149590759825,0.0,0.0,-0.0011536594409875534,0.005796853397853852,-0.5877822857713682,5.852284891259671,0.0,-0.0275396,0.0068849,-0.0137698,-0.481943,9.6113204,-0.0206547,-0.008911843711731999,-0.02219291819264,-0.020424420024164,0.008071428571596,0.002035103785146,0.0016556776557120003,9.073075167769748,1.938256998982979,0.28895899959024973,0.17423800090909936,17.663646998698823
pid,08:22:09.137,76,-0.0,-110.298,111.39,-89.233,-74.149,-0.0,0.0,0.0,0.0,-0.7911075693456532,8.949404378219583,0.0,0.0,-110.3,111.4,-90.1,-65.3,0.0,0.0,-110.29915568192196,111.39580696580268,-89.81365903126955,-68.37826664171219,0.0,0.0,-0.02857089738172502,0.14356045629450406,-14.35511733894056,142.66471376298205,0.0,0.0,-0.0011556819219578074,0.0058069658026767,-0.5806590312695477,5.7707333582878135,0.0,0.0619641,0.0,0.0068849,-0.68849,9.019219,-0.034424500000000004,-0.008634432234324,-0.022574358974076,-0.020355067154812,0.007467796092951001,0.002121336996381,0.0019661172161580002,8.891377508575376,1.945312997122528,0.8131389986374415,0.12635100210900418,17.16359600322903
pid,08:22:09.158,77,-0.0,-110.298,111.39,-89.244,-73.971,-0.0,0.0,0.0,0.0,-0.5441687090874787,8.805639110691615,0.0,0.0,-110.3,111.4,-90.1,-65.3,0.0,0.0,-110.29915770335388,111.39581707296229,-89.82002420413255,-68.2805027236104,0.0,0.0,-0.028635724526677377,0.14388495838894258,-14.247924889367141,140.7541162254527,0.0,0.0,-0.0011577033538827664,0.005817072962287284,-0.5760242041325512,5.690497276389607,0.0,0.0275396,-0.0275396,-0.0068849,-0.8055333,8.2343404,0.034424500000000004,-0.00814896214886,-0.021811477411204,-0.020389743589488,0.0077609890111500004,0.006484737484872,0.0018281440781820002,8.71315562812923,2.7360259991837665,0.28118299815105274,0.09175800005323254,16.943209997407394
pid,08:22:09.178,78,-0.0,-110.298,111.39,-89.255,-73.79,-0.0,0.0,0.0,0.0,-0.5438800424376032,8.949298880113039,0.0,0.0,-110.3,111.4,-90.1,-65.3,0.0,0.0,-110.29915972585869,111.39582718548633,-89.8263787124133,-68.18141719070672,0.0,0.0,-0.028670534056281175,0.14405863134511973,-14.125521743428006,138.6543752879289,0.0,0.0,-0.0011597258586846237,0.005827185486324993,-0.5713787124133063,5.6085828092932815,0.0,0.0206547,0.0068849,0.0137698,-0.6471806,9.1500321,-0.0068849,-0.00814896214886,-0.021967521367245998,-0.020268376068122,0.007847222222385,0.006484737484872,0.001586691086724,8.531953410561977,1.9739240015042014,0.2730530031840317,0.08146199979819357,17.741386000125203
pid,08:22:09.198,79,-0.0,-110.298,111.391,-89.272,-73.628,-0.0,0.0,0.0,0.049450635478554404,-0.8406608031319112,8.011002947487865,0.0,0.0,-110.3,111.4,-90.1,-65.3,0.0,0.0,-110.2991617480774,111.3963362854705,-89.83571591095686,-68.09199667202235,0.0,0.0,-0.028724590346321792,0.13194135380463465,-13.938055013027745,136.87944128929004,0.0,0.0,-0.001161748077393554,0.005336285470491475,-0.5637159109568586,5.536003327977653,0.0,0.0481943,0.0413094,0.0137698,-0.8468427000000001,8.743823,-0.0,-0.008686446886338,-0.020424420024164,-0.020355067154812,0.006881410256553,0.00224206349211,0.001276251526278,8.369065240515217,1.974978997168364,0.27844200303661637,0.08977700053947046,19.172889999026665
pid,08:22:09.220,80,-0.0,-110.298,111.391,-89.286,-73.628,-0.0,0.0,0.0,0.0,-0.6455116250946207,0.0,0.0,0.0,-110.3,111.4,-90.1,-65.3,0.0,0.0,-110.29916391689969,111.39634604517079,-89.84359862162829,-68.08296569601298,0.0,0.0,-0.026832924620953876,0.12324765378655449,-12.854871157067855,127.83514659904145,0.0,0.0,-0.0011639168996850913,0.005346045170782077,-0.5575986216282871,5.545034303987023,0.0,0.0,0.0275396,-0.0,-0.9225766000000001,7.7455125,-0.0068849,-0.009119902319787999,-0.021655433455162,-0.020389743589488,0.006398504273637,0.006243284493414001,0.001569444444477,8.367691736673862,2.1322000029613264,0.31197800126392394,0.12570200124173425,17.484981999587035
pid,08:22:09.240,81,-0.0,-110.298,111.391,-89.3,-73.275,-0.0,0.0,0.0,0.0,-0.6878969096317138,17.34482922143315,0.0,0.0,-110.3,111.4,-90.1,-65.3,0.0,0.0,-110.29916595208836,111.39635520351983,-89.85141269709825,-67.89835038117171,0.0,0.0,-0.028644815655611416,0.13156528399055203,-13.546967509488953,132.09216632020113,0.0,0.0,-0.001165952088356903,0.005355203519826546,-0.5514126970982574,5.376649618828296,0.0,0.0137698,-0.0206547,-0.034424500000000004,-0.68849,8.8333267,-0.0,-0.007923565323466,-0.022643711843427998,-0.019574847374601998,0.006743437118577,0.001396978022007,0.0018971306471700002,8.015030255713333,1.9212020015402231,0.2816260021063499,0.08990700007416308,17.774089999875287
pid,08:22:09.260,82,-0.0,-110.298,111.391,-89.319,-73.106,-0.0,0.0,0.0,0.0,-0.9395620740883172,8.35715739583634,0.0,0.0,-110.3,111.4,-90.1,-65.3,0.0,0.0,-110.29916797430705,111.396364303504,-89.86170237350225,-67.80595766156911,0.0,0.0,-0.028878535853171395,0.1326341085854595,-13.418488622638947,131.04523084869953,0.0,0.0,-0.0011679743070516224,0.005364303503995416,-0.5427023735022516,5.300042338430885,0.0,-0.0068849,0.0,-0.0413094,-1.0809293,8.5923552,0.0068849,-0.00797557997548,-0.021273992673726,-0.019782905982658,0.0055706654457810005,0.002483516483568,0.0017419108669470002,7.8449781389115385,2.3469010011467617,0.35181199928047135,0.12683200111496262,17.782219001674093
pid,08:22:09.281,83,-0.0,-110.298,111.391,-89.334,-72.948,-0.0,0.0,0.0,0.0,-0.7211747039741674,7.596373548527668,0.0,0.0,-110.3,111.4,-90.1,-65.3,0.0,0.0,-110.2991700542469,111.39637366323329,-89.86999899046182,-67.71900397161245,0.0,0.0,-0.02812711750472015,0.12917833305060242,-12.884963775891396,125.70065542847803,0.0,0.0,-0.0011700542468986441,0.005373663233285697,-0.5359989904618203,5.228996028387542,0.0,-0.0068849,0.0,-0.034424500000000004,-0.7022598,7.001943300000001,0.0275396,-0.008027594627494,-0.022661050060766,-0.019869597069348,0.006622710622848001,0.0067261904763300006,0.001500457875489,7.686269901584248,6.2478600011672825,0.4474950001167599,0.1867199971457012,13.439006001135567
pid,08:22:09.302,84,-0.0,-110.298,111.391,-89.351,-72.767,-0.0,0.0,0.0,0.0,-0.8280667069259864,8.816474938449261,0.0,0.0,-110.3,111.4,-90.1,-65.3,0.0,0.0,-110.29917210722161,111.39638290161945,-89.87926782948732,-67.62083919056654,0.0,0.0,-0.028546557857507676,0.131100047579801,-12.865911821723811,125.33424808176937,0.0,0.0,-0.0011721072216062112,0.005382901619441327,-0.5282678294873193,5.146160809433454,0.0,-0.0550792,-0.0137698,0.0275396,-0.8193031000000001,8.330729,0.0206547,-0.008426373626268,-0.021880830280556,-0.019834920634671998,0.007260836385987001,0.0024662698413210004,0.0017246642247000002,7.504476997099796,2.0459959996514954,0.2860160020645708,0.08314799924846739,17.64840599935269
pid,08:22:09.322,85,-0.0,-110.298,111.391,-89.369,-72.618,-0.0,0.0,0.0,0.0,-0.8903318749484399,7.3699694092951855,0.0,0.0,-110.3,111.4,-90.1,-65.3,0.0,0.0,-110.29917412893963,111.39639199935056,-89.88900676742553,-67.53894172431231,0.0,0.0,-0.029037900562452226,0.1333519136526234,-12.860516672995423,125.61242993236785,0.0,0.0,-0.0011741289396240973,0.005391999350550236,-0.520006767425528,5.079058275687686,0.0,0.0413094,0.0,0.034424500000000004,-0.8812672,8.3926931,-0.0,-0.008461050060944,-0.022574358974076,-0.019869597069348,0.006105311355438001,0.0023627899878390004,0.0018108974359350002,7.354425198477442,2.0085529977222905,0.2834410006471444,0.08807400081423111,17.683479003608227
pid,08:22:09.342,86,-0.0,-110.298,111.391,-89.384,-72.464,-0.0,0.0,0.0,0.0,-0.7419607288165857,7.617463482516478,0.0,0.0,-110.3,111.4,-90.1,-65.3,0.0,0.0,-110.29917615060997,111.3964010968671,-89.89723052540779,-67.45470010114909,0.0,0.0,-0.029088585458980503,0.13358005893037922,-12.693229822748895,123.89012679373785,0.0,0.0,-0.0011761506099645658,0.00540109686708945,-0.513230525407792,5.009299898850912,0.0,0.0,0.0206547,0.0068849,-0.5576769,6.9812886,-0.0068849,-0.008114285714183999,-0.02219291819264,-0.019834920634671998,0.007243589743740001,0.005950091575215001,0.0018971306471700002,7.199697007513581,1.9853310004691593,0.2809039979183581,0.08733199865673669,17.75644199733506
pid,08:22:09.362,87,-0.0,-110.298,111.391,-89.402,-72.307,-0.0,0.0,0.0,0.0,-0.8880383927731587,7.745668203632084,0.0,0.0,-110.3,111.4,-90.1,-65.3,0.0,0.0,-110.29917817754936,111.39641021809436,-89.90693792725563,-67.3690987189889,0.0,0.0,-0.029062969370403705,0.13345781614050892,-12.455674038063327,121.80683103504052,0.0,0.0,-0.001178177549363113,0.005410218094354491,-0.5049379272556251,4.937901281011108,0.0,0.0413094,-0.0413094,0.0068849,-0.7711088,7.4907712,0.0068849,-0.00814896214886,-0.02219291819264,-0.020060317460066,0.006674450549589,0.004794566544666001,0.0016556776557120003,7.041685735674382,2.10140300259809,1.3170229976822156,0.13473900253302418,16.478991998155834
pid,08:22:09.383,88,-0.0,-110.298,111.391,-89.415,-72.153,-0.0,0.0,0.0,0.0,-0.642843103041994,7.615218297571148,0.0,0.0,-110.3,111.4,-90.1,-65.3,0.0,0.0,-110.29918019981575,111.3964193182931,-89.9141305534935,-67.28516942321062,0.0,0.0,-0.029180127375550955,0.13399120722708685,-12.34087053194985,120.35581973325876,0.0,0.0,-0.0011801998157494609,0.005419318293093056,-0.4991305534934867,4.8678305767893875,0.0,0.0206547,-0.0895037,-0.0068849,-0.8606125,7.8487860000000005,-0.0,-0.007923565323466,-0.02219291819264,-0.020251037850784,0.006295024420155001,0.001052045177067,0.002017857142899,6.887156089417467,1.9769970022025518,0.2777189984044526,0.08605500261182897,17.72308999716188
pid,08:22:09.403,89,-0.0,-110.298,111.391,-89.428,-72.006,-0.0,0.0,0.0,0.0,-0.6430553825828184,7.271472403057167,0.0,0.0,-110.3,111.4,-90.1,-65.3,0.0,0.0,-110.29918222141457,111.39642841548778,-89.92130981069565,-67.20489100238085,0.0,0.0,-0.02923976323231227,0.13426045378103488,-12.200981886498674,118.74534551107418,0.0,0.0,-0.0011822214145666976,0.0054284154877706214,-0.4933098106956493,4.801108997619153,0.0,0.0619641,0.0068849,0.0068849,-0.6540655,7.662893700000001,-0.034424500000000004,-0.00884249084238,-0.023649328449032,-0.020355067154812,0.008054181929349001,0.0017246642247000002,0.001431471306501,6.739592346722466,1.9754610002564732,0.2755530003923923,0.08218500079237856,17.731016003381228
pid,08:22:09.423,90,-0.0,-110.299,111.391,-89.445,-71.846,-0.0,0.0,-0.049465798660487156,0.0,-0.840918577224064,7.914527785639986,0.0,0.0,-110.3,111.4,-90.1,-65.3,0.0,0.0,-110.29968323221398,111.39643751268244,-89.93047188430785,-67.11827430945635,0.0,0.0,-0.016898313567190244,0.13448545378103488,-12.007127242192658,116.93036356466419,0.0,0.0,-0.0006832322139729285,0.005437512682433976,-0.4854718843078558,4.72772569054365,0.0,0.0137698,-0.0413094,0.0275396,-0.9845407,6.3547627,0.0068849,-0.008721123321014,-0.022054212453936,-0.0190720390718,0.006295024420155001,0.007191849816999001,0.0019661172161580002,6.578694627355802,1.9580709995352663,0.27886699899681844,0.09057300121639855,17.735126999468775
pid,08:22:09.443,91,-0.0,-110.298,111.391,-89.46,-71.691,-0.0,0.0,0.04907742531879324,0.0,-0.7361613797784116,7.6070009243766865,0.0,0.0,-110.3,111.4,-90.1,-65.3,0.0,0.0,-110.29918526981068,111.3964466818676,-89.93862391525268,-67.03426316919327,0.0,0.0,-0.029084995307843062,0.13365456129554906,-11.744814728244963,114.2703270210501,0.0,0.0,-0.0011852698106764592,0.005446681867596226,-0.4786239152526832,4.656736830806736,0.0,0.0413094,0.0206547,-0.0,-0.8950370000000001,7.7386276,-0.0137698,-0.008287667887564,-0.021724786324514,-0.019574847374601998,0.006070818070944,0.0016901709402060002,0.001431471306501,6.422971742114398,2.0007380007882603,0.27370099996915087,0.08449899905826896,18.26988099855953
pid,08:22:09.464,92,-0.0,-110.299,111.391,-89.476,-71.559,-0.0,0.0,-0.048118578344997213,0.0,-0.7698972535165364,6.351652341509545,0.0,0.0,-110.3,111.4,-90.1,-65.3,0.0,0.0,-110.29968630891037,111.39645603376485,-89.9472723134613,-66.96175944421292,0.0,0.0,-0.016512104536048053,0.13126829408257246,-11.338476868503703,110.6063399266916,0.0,0.0,-0.000686308910360367,0.005456033764843937,-0.4712723134612986,4.5972405557870815,0.0,0.034424500000000004,0.034424500000000004,0.0137698,-1.0258501,7.3393034,-0.0068849,-0.008374358974254,-0.021430036629767998,-0.019834920634671998,0.006070818070944,0.0034148351649060005,0.001431471306501,6.290034896564565,1.9278690015198663,0.2746640020632185,0.0865540023369249,18.186363002314465
pid,08:22:09.485,93,-0.0,-110.298,111.391,-89.496,-71.417,-0.0,0.0,0.04847393299224551,0.0,-0.9694786598400882,6.883298484865797,0.0,0.0,-110.3,111.4,-90.1,-65.3,0.0,0.0,-110.2991883718748,111.39646531710483,-89.95789532872199,-66.88444986747503,0.0,0.0,-0.028802529314481733,0.13246270755950756,-11.194941606897245,109.85526570347989,0.0,0.0,-0.0011883718748038063,0.005465317104821565,-0.4618953287219938,4.532550132524975,0.0,0.0481943,0.0481943,0.0206547,-1.0809293,6.8986698,-0.0137698,-0.008998534798422,-0.020875213674952,-0.02002564102539,0.00551892551904,0.004035714285798,0.0018971306471700002,6.146754428151498,2.2454019999713637,0.33370000164723024,0.23794199660187587,19.915918997867266
pid,08:22:09.508,94,-0.0,-110.298,111.391,-89.514,-71.271,-0.0,0.0,0.0,0.0,-0.7850010085781426,6.367230402911394,0.0,0.0,-110.3,111.4,-90.1,-65.3,0.0,0.0,-110.29919066486549,111.39647563556291,-89.96756717499255,-66.80460414378643,0.0,0.0,-0.025963142230248506,0.11939942887446334,-9.89029693964125,97.3923681065766,0.0,0.0,-0.001190664865490021,0.005475635562902426,-0.45356717499255694,4.466395856213566,0.0,-0.06884900000000001,-0.0206547,0.0481943,-1.1360085,6.7334322,-0.0137698,-0.007490109890016,-0.021724786324514,-0.019453479853236,0.004587606837702001,0.005001526251630001,0.0018971306471700002,5.999693492171083,1.9599980005295947,0.32331200054613873,0.2313859986315947,17.527314001199557
pid,08:22:09.528,95,-0.0,-110.298,111.391,-89.537,-71.131,-0.0,0.0,0.0,0.0,-1.1374450785271353,6.923578738857737,0.0,0.0,-110.3,111.4,-90.1,-65.3,0.0,0.0,-110.29919268694114,111.39648473490334,-89.9796363892889,-66.72870878221988,0.0,0.0,-0.029491649813636518,0.13562140701789266,-10.945099621161939,108.85574956315146,0.0,0.0,-0.0011926869411382768,0.005484734903333788,-0.44263638928889293,4.4022912177801174,0.0,-0.0068849,-0.0068849,0.0137698,-1.0671595,6.953749,0.0137698,-0.008339682539578,-0.022262271061992,-0.019730891330644,0.0050187728938770005,0.002173076923122,0.001431471306501,5.858123846420457,1.9246830015617888,0.276404000032926,0.0787030003266409,17.796088999602944
pid,08:22:09.548,96,-0.0,-110.299,111.391,-89.581,-70.869,-0.0,0.0,-0.04943023817684734,0.0,-2.174930479770746,12.950722402272188,0.0,0.0,-110.3,111.4,-90.1,-65.3,0.0,0.0,-110.29969369846773,111.3964938386426,-90.00216137158633,-66.5920755906701,0.0,0.0,-0.017144840241230284,0.1357808763037431,-10.409053454149994,105.70469610826962,0.0,0.0,-0.0006936984677281544,0.0054938386425931185,-0.4211613715863223,4.276924409329894,0.0,0.0,0.0275396,-0.0,-0.9845407,5.6593878,-0.0206547,-0.008027594627494,-0.021655433455162,-0.01976556776532,0.0038287545788340004,0.004104700854786,0.001500457875489,5.593139011324501,4.662524999730522,0.3523480008880142,0.14184999963617884,15.229708998958813
pid,08:22:09.569,97,-0.0,-110.299,111.391,-89.599,-70.731,-0.0,0.0,0.0,0.0,-0.8748055896735054,6.706842854163542,0.0,0.0,-110.3,111.4,-90.1,-65.3,0.0,0.0,-110.29969472726775,111.3965030978427,-90.01167680039167,-66.5174881778121,0.0,0.0,-0.016881980475413002,0.13372613203635506,-10.028110325310985,102.38899150570086,0.0,0.0,-0.0006947272677422234,0.005503097842691318,-0.4126768003916652,4.213511822187897,0.0,0.0,-0.0550792,0.0068849,-0.9845407,5.6593878,-0.0206547,-0.008374358974254,-0.022331623931344,-0.019522832722588,0.004173687423774,0.004104700854786,0.001500457875489,5.454066739598991,2.2335870016831905,0.41979200250352733,0.15936799900373444,17.215021998708835
pid,08:22:09.589,98,-0.0,-110.299,111.391,-89.619,-70.62,-0.0,0.0,0.0,0.0,-0.9868486188883265,5.477009834830809,0.0,0.0,-110.3,111.4,-90.1,-65.3,0.0,0.0,-110.29969574059439,111.3965122177825,-90.02216421050787,-66.45659728006125,0.0,0.0,-0.01716476611676007,0.13599311264177585,-9.94655110812424,102.71620560120708,0.0,0.0,-0.0006957405943808226,0.005512217782495554,-0.40316421050786744,4.163402719938759,0.0,0.0550792,-0.0481943,0.0275396,-0.68849,6.368532500000001,0.0206547,-0.009119902319787999,-0.02149938949912,-0.019037362637123998,0.003242368742436,0.005036019536124,0.0017419108669470002,5.341707872955997,1.9374050025362521,0.3605700003390666,0.09268400026485324,17.662776001088787
pid,08:22:09.609,99,-0.0,-110.299,111.391,-89.635,-70.495,-0.0,0.0,0.0,0.0,-0.7919291016157752,6.186946106371178,0.0,0.0,-110.3,111.4,-90.1,-65.3,0.0,0.0,-110.29969675078583,111.39652130950547,-90.03063394952774,-66.38884933552742,0.0,0.0,-0.017243038245820238,0.13664017738758708,-9.791063694315472,101.61813146292829,0.0,0.0,-0.0006967507858206545,0.005521309505468253,-0.3956339495277348,4.10615066447258,0.0,0.034424500000000004,-0.0550792,-0.0068849,-0.7779937,7.0363678,-0.0413094,-0.008686446886338,-0.02288644688616,-0.0190720390718,0.004622100122196,0.0016901709402060002,0.0018108974359350002,5.2157772191687855,1.8784810017677955,0.3558289972716011,0.10309199933544733,17.673331996775232
pid,08:22:09.629,100,-0.0,-110.299,111.391,-89.65,-70.358,-0.0,0.0,0.0,0.0,-0.7423284131535448,6.779932840135475,0.0,0.0,-110.3,111.4,-90.1,-65.3,0.0,0.0,-110.29969776112033,111.39653040251589,-90.03858860004902,-66.31523906366826,0.0,0.0,-0.01726559684010044,0.13684583079066837,-9.615345294797667,100.03521035420583,0.0,0.0,-0.0006977611203211609,0.005530402515887545,-0.38858860004901885,4.042760936331746,0.0,0.0413094,-0.0895037,-0.0137698,-0.4337487,6.8917849,-0.0275396,-0.009345299145182,-0.021724786324514,-0.019522832722588,0.005674145299263001,0.000603632478645,0.0019661172161580002,5.0779864119550435,1.935739001055481,0.44992100083618425,0.09611000132281333,17.567906001204392
pid,08:22:09.650,101,-0.0,-110.299,111.391,-89.662,-70.221,-0.0,0.0,0.0,0.0,-0.5893428568083312,6.728330948561548,0.0,0.0,-110.3,111.4,-90.1,-65.3,0.0,0.0,-110.29969877920341,111.39653956526375,-90.04503452044487,-66.24172907675505,0.0,0.0,-0.017159188833987246,0.13602930075057687,-9.405777438965682,97.71478724664246,0.0,0.0,-0.0006987792034038875,0.0055395652637457715,-0.3830345204448662,3.979270923244954,0.0,0.0275396,-0.0137698,-0.0413094,-0.2478564,5.783316,0.0619641,-0.007923565323466,-0.022262271061992,-0.018707936507702,0.005932844932968,0.005984584859709,0.0016556776557120003,4.940462225338845,1.9767019985010847,0.2839600019797217,0.14153599840938114,18.148510996979894
pid,08:22:09.671,102,-0.0,-110.299,111.391,-89.669,-70.094,-0.0,0.0,0.0,0.0,-0.33776391141744466,6.1280023928678755,0.0,0.0,-110.3,111.4,-90.1,-65.3,0.0,0.0,-110.29969981543016,111.3965488913045,-90.04898113417387,-66.17326140571832,0.0,0.0,-0.01688374264008044,0.1338725165027497,-9.167422438826526,94.59171451797522,0.0,0.0,-0.0006998154301527393,0.005548891304499648,-0.3799811341738746,3.920738594281673,0.0,0.0206547,0.0,0.0137698,-0.27539600000000003,6.623273800000001,0.034424500000000004,-0.007524786324692,-0.020268376068122,-0.01881196581173,0.006915903541047001,0.0009658119658320001,0.002207570207616,4.813343848095622,4.663357998651918,0.8486940023431089,0.5881609977222979,14.173036001011496
pid,08:22:09.691,103,-0.0,-110.299,111.391,-89.673,-69.982,-0.0,0.0,0.0,0.0,-0.19432468495205366,5.441091178650598,0.0,0.0,-110.3,111.4,-90.1,-65.3,0.0,0.0,-110.29970084463548,111.3965581541524,-90.05142060484647,-66.11244266639947,0.0,0.0,-0.01702392662376033,0.1350108193222007,-9.192058102008325,93.9938137193639,0.0,0.0,-0.0007008446354745956,0.005558154152396355,-0.3784206048464682,3.8695573336005253,0.0,-0.0206547,0.0,0.034424500000000004,-0.3648997,6.5613097,0.0137698,-0.008287667887564,-0.022054212453936,-0.019002686202448,0.005743131868251001,0.0016729242979590003,0.001431471306501,4.701439673121417,4.144512000493705,1.2995239994779695,0.14401699809241109,14.465235002717236
pid,08:22:09.711,104,-0.0,-110.299,111.391,-89.678,-69.854,-0.0,0.0,0.0,0.0,-0.246994005205471,6.323046533265814,0.0,0.0,-110.3,111.4,-90.1,-65.3,0.0,0.0,-110.2997018568058,111.39656726368523,-90.05434774071931,-66.04383324278592,0.0,0.0,-0.017335442354446062,0.13750807556504785,-9.295563583037858,94.10883478659005,0.0,0.0,-0.0007018568057901575,0.005567263685222201,-0.37634774071931076,3.810166757214077,0.0,0.0206547,-0.0137698,0.0206547,-0.44751850000000004,5.6180784,0.0413094,-0.00814896214886,-0.021724786324514,-0.018742612942378,0.006070818070944,0.0035355616606350003,0.0018971306471700002,4.57351965120956,3.6208319979778025,1.3493369988282211,0.13190600293455645,15.021655999589711
pid,08:22:09.732,105,-0.0,-110.299,111.391,-89.685,-69.726,-0.0,0.0,0.0,0.0,-0.34473596580859933,6.303743374781318,0.0,0.0,-110.3,111.4,-90.1,-65.3,0.0,0.0,-110.29970287207556,111.39657640111304,-90.05826907766819,-65.97533965884448,0.0,0.0,-0.01730752027180635,0.13731328738832552,-9.191376856881071,92.35625108052416,0.0,0.0,-0.0007028720755499762,0.005576401113032148,-0.3732690776681835,3.7506603411555233,0.0,-0.0137698,-0.0413094,0.0481943,-0.3648997,5.0122072,-0.0206547,-0.00849572649562,-0.021655433455162,-0.018933333333096,0.006295024420155001,0.0068641636143060005,0.0018108974359350002,4.4454227020610775,4.468008999538142,0.31738599864183925,0.12818399773095734,15.138709997700062
pid,08:22:09.752,106,-0.0,-110.299,111.391,-89.694,-69.606,-0.0,0.0,0.0,0.0,-0.44474635060147544,5.929951341353005,0.0,0.0,-110.3,111.4,-90.1,-65.3,0.0,0.0,-110.29970388388824,111.39658550742722,-90.06317987361908,-65.91098279341459,0.0,0.0,-0.01739165503008956,0.13800744691732175,-9.12174452819951,91.29696766880305,0.0,0.0,-0.0007038838882351683,0.005585507427213088,-0.3691798736190748,3.695017206585405,0.0,0.0,-0.0206547,-0.0137698,-0.2478564,5.9760932,-0.0,-0.00797557997548,-0.021204639804374,-0.018742612942378,0.007450549450704001,0.0037252747253520005,0.0019661172161580002,4.325107397510491,2.028349001193419,0.30831099866190925,0.13196200234233402,17.58429500114289
pid,08:22:09.772,107,-0.0,-110.299,111.391,-89.702,-69.507,-0.0,0.0,0.0,0.0,-0.39553047127309104,4.894689582006697,0.0,0.0,-110.3,111.4,-90.1,-65.3,0.0,0.0,-110.29970489518833,111.396594609128,-90.06758237105369,-65.85722825394869,0.0,0.0,-0.017425470377312062,0.13830239906171488,-9.037435469505086,90.22474617223057,0.0,0.0,-0.00070489518832062,0.005594609127996364,-0.36558237105369074,3.6497717460513144,0.0,0.0275396,0.0550792,-0.0481943,-0.2478564,6.1206761,-0.0068849,-0.008599755799648,-0.021967521367245998,-0.018517216116984,0.0074850427351980005,0.002483516483568,0.001431471306501,4.225794008230887,2.0181079999019857,0.2947940010926686,0.10079500134452246,17.657943000813248
pid,08:22:09.792,108,-0.0,-110.299,111.391,-89.709,-69.397,-0.0,0.0,0.0,0.0,-0.3459179037657404,5.435852773457722,0.0,0.0,-110.3,111.4,-90.1,-65.3,0.0,0.0,-110.2997059069891,111.3966037153349,-90.0714779851532,-65.79808290621042,0.0,0.0,-0.01744184756572967,0.13845896156748105,-8.956258913238008,88.92356120782092,0.0,0.0,-0.0007059069890971159,0.005603715334899562,-0.3624779851531912,3.5989170937895807,0.0,-0.0206547,0.0068849,0.06884900000000001,-0.206547,5.7488915,0.0206547,-0.008287667887564,-0.022348962148682,-0.018968009767772,0.008330128205301001,0.00241452991458,0.001500457875489,4.115625347380403,2.0012929999211337,0.3458480023255106,0.3113850034424104,17.385705003107432
pid,08:22:09.813,109,-0.0,-110.299,111.391,-89.713,-69.275,-0.0,0.0,0.0,0.0,-0.19775358031048101,6.031484199483723,0.0,0.0,-110.3,111.4,-90.1,-65.3,0.0,0.0,-110.29970691834879,111.39661281757212,-90.07386938135384,-65.73306275143624,0.0,0.0,-0.017474454307439404,0.13874434631480242,-8.920401523414926,87.55384651752152,0.0,0.0,-0.0007069183487828923,0.0056128175721141815,-0.3608693813538508,3.5419372485637695,0.0,0.0206547,0.0413094,-0.0275396,-0.3304752,5.136135400000001,-0.0,-0.008287667887564,-0.021273992673726,-0.019037362637123998,0.008105921856090001,0.0051567460318530005,0.001345238095266,3.9938047022857877,4.551489000732545,0.2936080018116627,0.12331399921094999,15.372152000054484
pid,08:22:09.833,110,-0.0,-110.299,111.391,-89.717,-69.157,-0.0,0.0,0.0,0.0,-0.19324582459882172,5.700751825658719,0.0,0.0,-110.3,111.4,-90.1,-65.3,0.0,0.0,-110.2997079533,111.39662213213302,-90.0762657676673,-65.67007094461917,0.0,0.0,-0.01710112740432665,0.13580669500566153,-8.678326190363677,84.2293100779792,0.0,0.0,-0.0007079532999938465,0.005622132133012769,-0.3592657676672957,3.486929055380827,0.0,-0.0619641,-0.034424500000000004,-0.0,-0.5094826,5.0328619,-0.0,-0.008686446886338,-0.021273992673726,-0.018482539682308,0.006984890110035001,0.005001526251630001,0.001276251526278,3.8759798761087487,3.5482399980537593,0.28114499946241267,0.09983199925045483,16.20253200235311
pid,08:22:09.854,111,-0.0,-110.299,111.391,-89.723,-69.051,-0.0,0.0,0.0,0.0,-0.28884733428982445,5.102969572453109,0.0,0.0,-110.3,111.4,-90.1,-65.3,0.0,0.0,-110.29970899191093,111.39663147963142,-90.07965732398986,-65.6131751150012,0.0,0.0,-0.01706586862540959,0.13555315663703327,-8.584959774117573,82.75054614892402,0.0,0.0,-0.0007089919109262155,0.005631479631418301,-0.3566573239898645,3.437824884998804,0.0,0.0,-0.0068849,-0.0206547,-0.5370222,5.7282368,-0.0413094,-0.009119902319787999,-0.020875213674952,-0.018777289377053998,0.007519536019692001,0.002121336996381,0.00120726495729,3.7699087522113888,3.1266340010915883,0.28168199787614867,0.09901800149236806,16.60121300301398
pid,08:22:09.874,112,-0.0,-110.299,111.391,-89.732,-68.952,-0.0,0.0,0.0,0.0,-0.4425564322309276,4.868120754540204,0.0,0.0,-110.3,111.4,-90.1,-65.3,0.0,0.0,-110.29971000873041,111.39664063100672,-90.08453151355744,-65.5599616902709,0.0,0.0,-0.017456607254519977,0.1386831963257972,-8.667504938274421,83.39824290801553,0.0,0.0,-0.0007100087304081626,0.005640631006713193,-0.3525315135574374,3.3920383097291023,0.0,0.0068849,0.0206547,-0.0068849,-0.3029356,5.5698841,0.0481943,-0.008807814407704,-0.022661050060766,-0.01811843711821,0.007674755799915001,0.00155219780223,0.0018108974359350002,3.6705054147896314,3.0213200006983243,0.2846080024028197,0.1035169989336282,16.651398000249173
pid,08:22:09.895,113,-0.0,-110.299,111.391,-89.743,-68.842,-0.0,0.0,0.0,0.0,-0.5440339598611169,5.440339598613278,0.0,0.0,-110.3,111.4,-90.1,-65.3,0.0,0.0,-110.29971101969672,111.39664972970343,-90.09039242852687,-65.50138084763289,0.0,0.0,-0.0175826755063176,0.13971112830461907,-8.59060356896915,82.60955753867653,0.0,0.0,-0.0007110196967090587,0.005649729703421258,-0.3473924285268737,3.340619152367111,0.0,-0.0068849,0.0,0.0068849,-0.2272017,5.2187542,0.0137698,-0.008686446886338,-0.023337240536948,-0.018447863247632,0.008864774114958,0.00241452991458,0.0017246642247000002,3.5599571626636197,4.885780999757117,0.32044100225903094,0.13211000259616412,14.932082998711849
pid,08:22:09.916,114,-0.0,-110.299,111.391,-89.75,-68.729,-0.0,0.0,0.0,0.0,-0.3364517785114249,5.431292995966241,0.0,0.0,-110.3,111.4,-90.1,-65.3,0.0,0.0,-110.29971205996466,111.39665909211493,-90.09425652230739,-65.44131376885176,0.0,0.0,-0.01711241725097119,0.13600082905896504,-8.273265656742671,79.0105628326114,0.0,0.0,-0.0007120599646555092,0.005659092114925102,-0.3442565223073899,3.2876862311482427,0.0,0.0206547,0.0068849,0.0137698,-0.2685111,4.1653645,0.0137698,-0.008738461538352,-0.021343345543078,-0.018707936507702,0.009123473748663001,0.005398199023311,0.0016556776557120003,3.446827962054389,2.815969997755019,0.33682900175335817,0.1014440022117924,17.15574499758077
pid,08:22:09.936,115,-0.0,-110.299,111.391,-89.755,-68.623,-0.0,0.0,0.0,0.0,-0.24044393487710303,5.097411419398958,0.0,0.0,-110.3,111.4,-90.1,-65.3,0.0,0.0,-110.29971309970809,111.39666844980574,-90.09711523378849,-65.3848587014556,0.0,0.0,-0.017146049976940258,0.13629443759460588,-8.225953299357915,77.85914355107782,0.0,0.0,-0.0007130997080793122,0.0056684498057393284,-0.3421152337884905,3.238141298544406,0.0,-0.0619641,-0.0275396,0.0275396,-0.3580148,4.8194300000000005,-0.0275396,-0.008599755799648,-0.023267887667596,-0.018673260073026,0.008657814407994001,0.005346459096570001,0.0018108974359350002,3.3408735384626653,2.103811002598377,0.28114499946241267,0.0911110000743065,17.587536000064574
pid,08:22:09.956,116,-0.0,-110.299,111.391,-89.76,-68.531,-0.0,0.0,0.0,0.0,-0.24732315965800095,4.5507461376983604,0.0,0.0,-110.3,111.4,-90.1,-65.3,0.0,0.0,-110.29971411053133,111.39667754721499,-90.09995891369343,-65.33559273153544,0.0,0.0,-0.017661607295194347,0.14041889163150137,-8.407971268839624,79.02982220292719,0.0,0.0,-0.000714110531319534,0.005677547214986589,-0.33995891369342246,3.195407268464564,0.0,-0.0137698,0.0413094,-0.0,-0.5783316000000001,5.4803804000000005,0.0137698,-0.008461050060944,-0.022348962148682,-0.018413186812956,0.007174603174752001,0.001052045177067,0.0017419108669470002,3.2488525666764336,2.0590700005413964,0.28301499696681276,0.09349900210509077,17.62551699721371
pid,08:22:09.977,117,-0.0,-110.299,111.391,-89.765,-68.442,-0.0,0.0,0.0,0.0,-0.24729107953517984,4.40178121573084,0.0,0.0,-110.3,111.4,-90.1,-65.3,0.0,0.0,-110.29971512148572,111.39668664580441,-90.10279758341073,-65.28791631287336,0.0,0.0,-0.017684316419889032,0.14062567799070252,-8.353432906609186,77.9976759934555,0.0,0.0,-0.0007151214857117338,0.005686645804402701,-0.3377975834107332,3.1540836871266293,0.0,-0.0068849,-0.034424500000000004,-0.0068849,-0.5576769,5.2600636000000005,-0.0,-0.008634432234324,-0.022106227105949998,-0.018222466422237998,0.007795482295644001,0.0022593101343570004,0.001431471306501,3.15982135570984,2.111403999151662,0.27751599918701686,0.08325900125782937,17.59042499907082
pid,08:22:09.997,118,-0.0,-110.299,111.391,-89.774,-68.337,-0.0,0.0,0.0,0.0,-0.4443066348089292,5.183577406103472,0.0,0.0,-110.3,111.4,-90.1,-65.3,0.0,0.0,-110.29971613429976,111.39669576113081,-90.10762776078938,-65.23234039661884,0.0,0.0,-0.017676845599612405,0.14059247003921244,-8.235168204175935,76.63449225585863,0.0,0.0,-0.0007161342997505926,0.005695761130809274,-0.3336277607893834,3.1046596033811653,0.0,-0.0137698,-0.0206547,0.0137698,-0.3786695,4.7712357,0.0137698,-0.00875579975569,-0.021430036629767998,-0.018343833943604,0.008364621489795,0.002897435897496,0.0017419108669470002,3.0544601814395995,2.009478001127718,0.27618300009635277,0.07897999967099167,17.70184999986668
pid,08:22:10.017,119,-0.0,-110.299,111.392,-89.786,-68.231,-0.0,0.0,0.0,0.04913319119978003,-0.5895982944029462,5.208118267226258,0.0,0.0,-110.3,111.4,-90.1,-65.3,0.0,0.0,-110.29971715194178,111.39720390226698,-90.11394730038404,-65.17635768785476,0.0,0.0,-0.017617981737326913,0.1278421625355697,-8.0565487066864,75.04216238549301,0.0,0.0,-0.0007171519417710215,0.005203902266984528,-0.3279473003840394,3.0546423121452335,0.0,0.0550792,0.0,-0.034424500000000004,-0.344245,3.9794722,-0.0413094,-0.008114285714183999,-0.022487667887386,-0.01811843711821,0.008778540903723,0.005449938950052,0.001362484737513,2.9477825564311866,1.9168130020261742,0.2745340025285259,0.1616650006326381,17.75953399919672
pid,08:22:10.038,120,-0.0,-110.299,111.392,-89.795,-68.13,-0.0,0.0,0.0,0.0,-0.4437060510602453,4.979367906342519,0.0,0.0,-110.3,111.4,-90.1,-65.3,0.0,0.0,-110.29971816612672,111.39721201574659,-90.11875662679434,-65.12298754444122,0.0,0.0,-0.01770303644962891,0.1284779402770636,-7.980709687749668,74.12386789693917,0.0,0.0,-0.0007181661267168238,0.005212015746593579,-0.32375662679433503,3.0070124555587796,0.0,-0.0137698,-0.0275396,0.034424500000000004,-0.44751850000000004,3.8968534,-0.0,-0.008599755799648,-0.021967521367245998,-0.018083760683534,0.008830280830464,0.006743437118577,0.001431471306501,2.846399480044919,2.0738299972435925,0.329940998199163,0.1396650004608091,17.494630003056955
pid,08:22:10.058,121,-0.0,-110.299,111.391,-89.801,-68.041,-0.0,0.0,0.0,-0.04852665070008472,-0.29115990420326676,4.318871912348227,0.0,0.0,-110.3,111.4,-90.1,-65.3,0.0,0.0,-110.29971919648838,111.39672128900148,-90.12206470492839,-65.07566332315206,0.0,0.0,-0.01745009838821525,0.13881749646548852,-7.790097394166469,71.94892856345375,0.0,0.0,-0.0007191964883759283,0.005721289001471064,-0.32106470492838923,2.96533667684794,0.0,-0.0137698,-0.034424500000000004,-0.0,-0.6816051000000001,4.8125451,0.0275396,-0.008461050060944,-0.022487667887386,-0.018153113552886,0.007881715506879002,0.0037770146520930002,0.001586691086724,2.7572747414793457,2.021830998273799,0.3160149972245563,0.08866500138537958,19.964715000241995
pid,08:22:10.081,122,-0.0,-110.299,111.392,-89.808,-67.965,-0.0,0.0,0.0,0.04411898851306878,-0.3088329195946163,3.3530431270245753,0.0,0.0,-110.3,111.4,-90.1,-65.3,0.0,0.0,-110.29972032978725,111.39723035539245,-90.12589562819957,-65.03464308165312,0.0,0.0,-0.01589011080477749,0.11537899474072756,-7.012616784511984,64.64219161047887,0.0,0.0,-0.0007203297872422354,0.0052303553924559765,-0.3178956281995653,2.930356918346888,0.0,0.0,0.0137698,-0.0068849,-0.5439071,4.6955018,0.0137698,-0.00849572649562,-0.021655433455162,-0.018638583638349998,0.008709554334735001,0.002828449328508,0.0016556776557120003,2.68096139472392,3.4242049987369683,0.3237370001443196,0.13536899859900586,16.684304999216693
pid,08:22:10.102,123,-0.0,-110.299,111.392,-89.819,-67.879,-0.0,0.0,0.0,0.0,-0.5298331859573706,4.142332181122817,0.0,0.0,-110.3,111.4,-90.1,-65.3,0.0,0.0,-110.29972136784983,111.39723865989303,-90.13168732378244,-64.9889659182787,0.0,0.0,-0.017372937550828166,0.12616435733083187,-7.53055095309994,69.60163477474485,0.0,0.0,-0.0007213678498203535,0.005238659893038289,-0.31268732378244124,2.8900340817213106,0.0,0.0137698,0.0481943,-0.0137698,-0.2822809,4.5922283,-0.06884900000000001,-0.008807814407704,-0.02149938949912,-0.01811843711821,0.009088980464169,0.002897435897496,0.0019661172161580002,2.5942758141724322,3.670609003165737,0.37810700086993165,0.15520200031460263,16.33036400016863
pid,08:22:10.122,124,-0.0,-110.299,111.392,-89.832,-67.781,-0.0,0.0,0.0,0.0,-0.6271243300435021,4.727552641869617,0.0,0.0,-110.3,111.4,-90.1,-65.3,0.0,0.0,-110.29972240432691,111.39724695170975,-90.13846509964227,-64.93739441862107,0.0,0.0,-0.017424512674401874,0.12655734906736976,-7.391989242115785,68.58824019736397,0.0,0.0,-0.0007224043269076219,0.005246951709750647,-0.3064650996422813,2.843605581378938,0.0,-0.0068849,-0.0481943,-0.0137698,-0.2203168,4.475185,-0.0068849,-0.00788888888879,-0.019661538461292,-0.017390231990014,0.008675061050241,0.0023972832723330004,0.0016556776557120003,2.495445851947111,2.3279199995158706,0.3559589968062937,0.14520200056722388,16.736526999011403
pid,08:22:10.143,125,-0.0,-110.299,111.392,-89.841,-67.686,-0.0,0.0,0.0,0.0,-0.4443850917053355,4.690731523556085,0.0,0.0,-110.3,111.4,-90.1,-65.3,0.0,0.0,-110.29972341696215,111.39725505279159,-90.1432273721671,-64.88747827095986,0.0,0.0,-0.017859761836796616,0.12973706203954924,-7.461407694241032,69.090074177713,0.0,0.0,-0.0007234169621455067,0.0052550527915968814,-0.3022273721671098,2.7985217290401465,0.0,-0.0137698,0.0137698,-0.06884900000000001,-0.3580148,3.1739389,-0.0068849,-0.008374358974254,-0.020875213674952,-0.017667643467422,0.009157967033157001,0.006226037851167001,0.0017419108669470002,2.4000295831510177,1.984202001040103,0.2817009990394581,0.08514699948136695,17.713590001221746
pid,08:22:10.163,126,-0.0,-110.299,111.392,-89.846,-67.596,-0.0,0.0,0.0,0.0,-0.24727358479490316,4.450924526299823,0.0,0.0,-110.3,111.4,-90.1,-65.3,0.0,0.0,-110.29972442798805,111.39726314099885,-90.14598417274713,-64.84015695548058,0.0,0.0,-0.01791319055297668,0.13014357420631253,-7.41781617767729,68.14471887491015,0.0,0.0,-0.0007244279880467275,0.0052631409988492805,-0.29998417274713063,2.7558430445194233,0.0,0.0206547,0.0068849,-0.0481943,-0.5714467,3.6696517,0.0206547,-0.008599755799648,-0.021811477411204,-0.01811843711821,0.008330128205301001,0.006605463980601,0.001500457875489,2.3100209955755866,2.103126000292832,0.28188599753775634,0.0977769996097777,17.60673900207621
pid,08:22:10.183,127,-0.0,-110.299,111.392,-89.851,-67.523,-0.0,0.0,0.0,0.0,-0.24669474179485856,3.601743230208581,0.0,0.0,-110.3,111.4,-90.1,-65.3,0.0,0.0,-110.29972544138623,111.39727124818421,-90.14873650889157,-64.80140417134761,0.0,0.0,-0.017896257546035587,0.13003892097413944,-7.3450031183977575,67.14033802199737,0.0,0.0,-0.0007254413862227693,0.005271248184214983,-0.29773650889157466,2.721595828652383,0.0,-0.0275396,0.0137698,0.0481943,-0.6471806,4.1447098,-0.0068849,-0.00849572649562,-0.022661050060766,-0.017563614163393998,0.007881715506879002,0.004708333333431,0.001345238095266,2.2369164043387926,2.158106999559095,0.3132559977530036,0.1335540000582114,17.44483400034369
pid,08:22:10.203,128,-0.0,-110.299,111.392,-89.861,-67.453,-0.0,0.0,0.0,0.0,-0.49438395077760766,3.460687655441146,0.0,0.0,-110.3,111.4,-90.1,-65.3,0.0,0.0,-110.29972645274592,111.39727933906174,-90.15397822385788,-64.76422671393156,0.0,0.0,-0.017957328928776453,0.13050102514187595,-7.242186590129398,66.46431799555634,0.0,0.0,-0.0007264527459085457,0.005279339061743826,-0.2929782238578724,2.6887732860684395,0.0,-0.034424500000000004,0.034424500000000004,-0.0,-0.3717846,4.612883,0.0413094,-0.00806227106217,-0.022123565323288,-0.017823687423463998,0.008088675213843,0.002017857142899,0.001586691086724,2.1662398297510874,1.9860899992636405,0.28692299747490324,0.09516600039205514,17.712053999275668
pid,08:22:10.224,129,-0.0,-110.299,111.392,-89.873,-67.376,-0.0,0.0,0.0,0.0,-0.5908163868998932,3.7910718159407484,0.0,0.0,-110.3,111.4,-90.1,-65.3,0.0,0.0,-110.29972746828986,111.39728746341324,-90.16020875233173,-64.72361844471693,0.0,0.0,-0.017908341107975644,0.13016333456992177,-7.0703182224438015,65.29460363217522,0.0,0.0,-0.0007274682898525953,0.005287463413239379,-0.28720875233172194,2.652381555283071,0.0,0.0206547,-0.0275396,-0.0275396,-0.3235903,4.5578038,0.0068849,-0.008634432234324,-0.022054212453936,-0.017390231990014,0.009451159951356002,0.0028801892552490003,0.001345238095266,2.0883893315184374,2.013182001974201,0.3321069998492021,0.13481400310411118,17.56766600010451
pid,08:22:10.244,130,-0.0,-110.299,111.392,-89.883,-67.286,-0.0,0.0,0.0,0.0,-0.49369147107937866,4.443223239718617,0.0,0.0,-110.3,111.4,-90.1,-65.3,0.0,0.0,-110.29972848106813,111.3972955656395,-90.16542852521896,-64.67660706704855,0.0,0.0,-0.01798224450891529,0.13071877953826191,-6.971627704512784,64.41175178470542,0.0,0.0,-0.0007284810681227327,0.005295565639499955,-0.2824285252189611,2.609392932951451,0.0,-0.0206547,-0.0137698,0.0275396,-0.4268638,4.2824078000000005,0.0206547,-0.008634432234324,-0.021967521367245998,-0.01759829059807,0.0076920024421620005,0.002862942613002,0.0018108974359350002,1.9978363296326394,1.9989780012110714,0.2780340000754222,0.08675799836055376,17.700405001960462
pid,08:22:10.264,131,-0.0,-110.299,111.392,-89.89,-67.197,-0.0,0.0,0.0,0.0,-0.34410163611669614,4.375006516337657,0.0,0.0,-110.3,111.4,-90.1,-65.3,0.0,0.0,-110.29972949820947,111.39730370277023,-90.16914212490082,-64.63017754992246,0.0,0.0,-0.017930109101640865,0.13035805719389243,-6.860947277670898,63.08912890657967,0.0,0.0,-0.0007294982094663283,0.0053037027702345085,-0.27914212490081525,2.566822450077538,0.0,-0.034424500000000004,0.0826188,0.0068849,-0.5852165,3.6903064000000003,-0.0481943,-0.008426373626268,-0.021204639804374,-0.017130158729944,0.008054181929349001,0.005553418803534001,0.001345238095266,1.9086052499141928,2.0604409983207006,0.2728670006035827,0.07918399933259934,17.657165000855457
pid,08:22:10.285,132,-0.0,-110.299,111.392,-89.897,-67.112,-0.0,0.0,0.0,0.0,-0.34515339038866005,4.191148311859698,0.0,0.0,-110.3,111.4,-90.1,-65.3,0.0,0.0,-110.29973051225137,111.39731181510544,-90.17284797540664,-64.58584010599851,0.0,0.0,-0.01800991287722638,0.1309564994828799,-6.800704567384399,62.2794751484176,0.0,0.0,-0.000730512251365667,0.005311815105443429,-0.2758479754066343,2.5261598940014807,0.0,0.0275396,-0.0413094,-0.0137698,-0.5163675,3.1739389,-0.034424500000000004,-0.00485470085464,-0.022487667887386,-0.018153113552886,0.007881715506879002,0.008036935287102,0.001345238095266,1.8233535038494282,2.8995249995205086,0.33240399716305546,0.12314700143178925,16.710435000277357
pid,08:22:10.305,133,-0.0,-110.299,111.392,-89.907,-67.035,-0.0,0.0,0.0,0.0,-0.494185901287357,3.80523143991602,0.0,0.0,-110.3,111.4,-90.1,-65.3,0.0,0.0,-110.29973152401638,111.39731990922546,-90.17804324605225,-64.54558469371796,0.0,0.0,-0.018075442767291897,0.13145120676789696,-6.697287541915521,61.5116973407326,0.0,0.0,-0.0007315240163734416,0.005319909225462993,-0.27104324605225827,2.4894153062820408,0.0,-0.0068849,-0.0206547,0.0206547,-0.2822809,3.7660403000000002,0.0068849,-0.008599755799648,-0.022348962148682,-0.017130158729944,0.009606379731579,0.004208180708268,0.0017419108669470002,1.7457201952202985,1.9857759980368428,0.28266400113352574,0.09922199751599692,19.557236999389715
pid,08:22:10.327,134,-0.0,-110.299,111.392,-89.925,-66.901,-0.0,0.0,0.0,0.0,-0.8150258226099281,6.067414457207028,0.0,0.0,-110.3,111.4,-90.1,-65.3,0.0,0.0,-110.29973262827588,111.39732874330139,-90.18723649146318,-64.47681677427292,0.0,0.0,-0.016586415644575775,0.12064064979717311,-5.936930893697592,54.88255354737021,0.0,0.0,-0.0007326282758697289,0.005328743301390659,-0.2622364914631845,2.4241832257270772,0.0,0.0137698,0.0206547,0.0137698,-0.206547,4.3443719000000005,0.034424500000000004,-0.008773137973028,-0.022574358974076,-0.01759829059807,0.009796092796296,0.0027767094017670003,0.002017857142899,1.6105561151353889,2.369271998759359,0.2939789992524311,0.15160999828367494,17.25216900013038
pid,08:22:10.347,135,-0.0,-110.299,111.392,-89.93,-66.823,-0.0,0.0,0.0,0.0,-0.2471861482071231,3.856103912023814,0.0,0.0,-110.3,111.4,-90.1,-65.3,0.0,0.0,-110.29973363965941,111.39733683436967,-90.18990842666388,-64.43627643715143,0.0,0.0,-0.01813455615785202,0.13191915314543393,-6.424576287349102,58.996500433457804,0.0,0.0,-0.0007336396594013195,0.005336834369671806,-0.2599084266638698,2.386723562848559,0.0,0.0413094,-0.034424500000000004,0.0413094,-0.26162620000000003,4.4201058,-0.0068849,-0.008461050060944,-0.022574358974076,-0.016870085469874,0.009157967033157001,0.001396978022007,0.0018281440781820002,1.5324796899143507,2.0635340006265324,0.3252930000599008,0.09027700070873834,17.581980999239022
pid,08:22:10.367,136,-0.0,-110.299,111.392,-89.935,-66.735,-0.0,0.0,0.0,0.0,-0.247381508481149,4.353914549271879,0.0,0.0,-110.3,111.4,-90.1,-65.3,0.0,0.0,-110.29973465024423,111.39734491904831,-90.19257517316103,-64.39082624791861,0.0,0.0,-0.01817388856239299,0.13222341368829807,-6.371933488392547,57.99052389323377,0.0,0.0,-0.0007346502442260316,0.005344919048312136,-0.2575751731610296,2.344173752081389,0.0,0.0,-0.0137698,0.0137698,-0.4681732,4.4201058,0.0068849,-0.007628815628719999,-0.021655433455162,-0.01785836385814,0.0074850427351980005,0.00020695970696400003,0.002104090354134,1.4444774141536463,2.054163000138942,0.2805340009217616,0.09001800208352506,17.665184001089074
pid,08:22:10.388,137,-0.0,-110.299,111.392,-89.942,-66.649,-0.0,0.0,0.0,0.0,-0.34573867169054845,4.2476465379179675,0.0,0.0,-110.3,111.4,-90.1,-65.3,0.0,0.0,-110.29973566256952,111.3973530176506,-90.19623512055635,-64.34646062110663,0.0,0.0,-0.018167642828406536,0.13219608657573956,-6.278493777025431,56.86263616963027,0.0,0.0,-0.0007356625695109642,0.005353017650605807,-0.2542351205563591,2.3025393788933712,0.0,0.034424500000000004,0.0206547,0.0275396,-0.47505810000000004,3.5181839,0.0068849,-0.008547741147634,-0.023267887667596,-0.017268864468648,0.007795482295644001,0.0029836691087310003,0.001276251526278,1.3582451914142788,2.1320509986253455,0.35847800245392136,0.17338700126856565,17.41220400072052
pid,08:22:10.408,138,-0.0,-110.299,111.392,-89.952,-66.574,-0.0,0.0,0.0,0.0,-0.49258405853294174,3.694380438995313,0.0,0.0,-110.3,111.4,-90.1,-65.3,0.0,0.0,-110.29973667762471,111.39736113809204,-90.20138534872294,-64.30766744080782,0.0,0.0,-0.018143782710169972,0.13204055798672706,-6.142162360626598,55.81796449958306,0.0,0.0,-0.0007366776247010876,0.005361138092041529,-0.24938534872293872,2.266332559192179,0.0,0.0068849,0.0,-0.0206547,-0.48882790000000004,2.9949315000000003,-0.0,-0.00814896214886,-0.022106227105949998,-0.017043467643254,0.007743742368903001,0.0048807997559010005,0.0018798840049230002,1.2825930765445452,2.055163997283671,0.3089970014116261,0.12127700028941035,17.56764700257918
pid,08:22:10.428,139,-0.0,-110.299,111.392,-89.962,-66.505,-0.0,0.0,0.0,0.0,-0.4944888647860961,3.4119731670224467,0.0,0.0,-110.3,111.4,-90.1,-65.3,0.0,0.0,-110.29973768876982,111.39736922725297,-90.2065248867488,-64.27194901094437,0.0,0.0,-0.018238944117473774,0.13275115445481478,-6.045741683014686,55.21094242935117,0.0,0.0,-0.0007376887698171686,0.005369227252970177,-0.24452488674879191,2.233050989055627,0.0,0.0481943,-0.0068849,0.034424500000000004,-0.3786695,2.8985429000000003,0.0413094,-0.008599755799648,-0.022487667887386,-0.016280586080382,0.008813034188217,0.005622405372522001,0.001345238095266,1.212903128860666,1.949237997905584,0.27831199986394495,0.07892500070738606,17.749350001395214
pid,08:22:10.448,140,-0.0,-110.299,111.392,-89.97,-66.446,-0.0,0.0,0.0,0.0,-0.395927173181765,2.9199629022170117,0.0,0.0,-110.3,111.4,-90.1,-65.3,0.0,0.0,-110.29973869905663,111.39737730954742,-90.21065622403383,-64.24129122226238,0.0,0.0,-0.018279439332478532,0.13306393552740287,-5.955146155647776,54.556507128697675,0.0,0.0,-0.0007386990566260465,0.005377309547426989,-0.24065622403382747,2.204708777737622,0.0,-0.0206547,0.0068849,-0.0206547,-0.3648997,3.6008027,-0.0068849,-0.00806227106217,-0.023579975579679998,-0.016245909645706,0.008830280830464,0.0038115079365870002,0.001500457875489,1.1533780819835275,1.898369002446998,0.2695900002436247,0.07811000250512734,17.81531100277789
pid,08:22:10.469,141,-0.0,-110.299,111.392,-89.977,-66.383,-0.0,0.0,0.0,0.0,-0.3397651742217141,3.0578865679933576,0.0,0.0,-110.3,111.4,-90.1,-65.3,0.0,0.0,-110.29973972917986,111.3973855505333,-90.21428292919158,-64.20867559880018,0.0,0.0,-0.01795244383354591,0.13070160823038068,-5.758605412611391,52.768550641975125,0.0,0.0,-0.0007397291798554306,0.005385550533304695,-0.23728292919157923,2.1743244011998115,0.0,-0.0619641,-0.0275396,0.0206547,-0.5783316000000001,3.8899685,0.0275396,-0.0078021978020999996,-0.021273992673726,-0.016800732600522,0.007829975580138001,0.001638431013465,0.0018971306471700002,1.0899922018069643,1.8964429982588626,0.27223800134379417,0.08451699977740645,17.80957100345404
pid,08:22:10.489,142,-0.0,-110.299,111.392,-89.986,-66.311,-0.0,0.0,0.0,0.0,-0.44519218794227555,3.5615375035375014,0.0,0.0,-110.3,111.4,-90.1,-65.3,0.0,0.0,-110.29974073997927,111.39739363692856,-90.2188981603241,-64.17165368059874,0.0,0.0,-0.018320647336873556,0.1334002791774213,-5.760246753467164,52.91223715002606,0.0,0.0,-0.000740739979264049,0.005393636928559431,-0.2328981603240976,2.1393463194012696,0.0,0.034424500000000004,-0.0275396,-0.0068849,-0.7160296,3.6283423,0.0275396,-0.009223931623816,-0.022487667887386,-0.017043467643254,0.006691697191836001,0.0008968253968440001,0.0017419108669470002,1.0174389416569518,2.3344389992416836,0.4429020009411033,0.1241650024894625,17.132097000285285
pid,08:22:10.509,143,-0.0,-110.299,111.392,-89.999,-66.235,-0.0,0.0,0.0,0.0,-0.6433816564202802,3.761308145229229,0.0,0.0,-110.3,111.4,-90.1,-65.3,0.0,0.0,-110.29974175026608,111.39740171922303,-90.2255001992917,-64.13270906243324,0.0,0.0,-0.01835494287824237,0.13366796389352,-5.6048489769200485,52.02213175730688,0.0,0.0,-0.0007417502660729269,0.0054017192230304545,-0.2265001992917064,2.1022909375667638,0.0,-0.0413094,0.0068849,-0.0,-0.5094826,3.6076876,-0.0,-0.008773137973028,-0.02288644688616,-0.016835409035198,0.007605769230927001,0.001586691086724,0.0018971306471700002,0.9404738167540893,1.9534429993655067,0.27814600252895616,0.16027600213419646,17.669534998276504
pid,08:22:10.530,144,-0.0,-110.299,111.392,-89.999,-66.235,-0.0,0.0,0.0,0.0,0.0,0.0,0.0,0.0,-110.3,111.4,-90.1,-65.3,0.0,0.0,-110.29974276132775,111.39740980771637,-90.22560231652021,-64.13176371977329,0.0,0.0,-0.018365875963734082,0.13376552305058065,-5.6030785164595125,52.00563788466529,0.0,0.0,-0.0007427613277428691,0.005409807716375781,-0.22660231652021423,2.10323628022671,0.0,-0.034424500000000004,0.0275396,-0.0206547,-0.48882790000000004,3.4080255,-0.0137698,-0.00788888888879,-0.022661050060766,-0.016800732600522,0.0072090964592460005,0.002155830280875,0.001500457875489,0.9404738167540893,2.0325709992903285,0.4717539995908737,0.18412799909128807,17.160762999992585
pid,08:22:10.550,145,-0.0,-110.299,111.392,-90.021,-66.094,-0.0,0.0,0.0,0.0,-1.0893010034237205,6.981429158305069,0.0,0.0,-110.3,111.4,-90.1,-65.3,0.0,0.0,-110.29974377114964,111.3974178862915,-90.23668209244966,-64.0604619211912,0.0,0.0,-0.01841342408202246,0.13412974940398972,-5.339607266497359,50.343978857867974,0.0,0.0,-0.0007437711496294241,0.005417886291510854,-0.2156820924496543,2.033538078808789,0.0,0.0206547,0.0275396,0.0413094,-0.8399578,2.7746147,-0.0068849,-0.008565079364972,-0.023337240536948,-0.017008791208578,0.006105311355438001,0.0036045482296230003,0.0018971306471700002,0.7979611519366054,2.099921999615617,0.31658999796491116,0.15109100058907643,17.47553700261051
pid,08:22:10.570,146,-0.0,-110.299,111.392,-90.036,-66.025,-0.0,0.0,0.0,0.0,-0.7419432291236999,3.412938853968317,0.0,0.0,-110.3,111.4,-90.1,-65.3,0.0,0.0,-110.29974478200864,111.3974259731636,-90.24424678742646,-64.02522904840708,0.0,0.0,-0.018419532282841405,0.1341921350049175,-5.1502431305941325,49.45721724441912,0.0,0.0,-0.0007447820086383672,0.00542597316361082,-0.20824678742646086,1.9997709515929216,0.0,-0.06884900000000001,-0.0413094,-0.0,-0.7091447000000001,2.3684056,-0.0,-0.008859829059718,-0.022487667887386,-0.016766056165845998,0.005967338217462001,0.006708943834083001,0.002190323565369,0.7278639982854019,1.9782390008913353,0.28984900200157426,0.3751260010176338,17.406575003406033
pid,08:22:10.590,147,-0.0,-110.299,111.392,-90.051,-65.978,-0.0,0.0,0.0,0.0,-0.738147900461117,2.312863421445299,0.0,0.0,-110.3,111.4,-90.1,-65.3,0.0,0.0,-110.29974579806519,111.39743410161591,-90.25179657419682,-64.00104016207456,0.0,0.0,-0.01835030919934864,0.13370568995590923,-4.940585655438504,48.64295845535175,0.0,0.0,-0.0007457980651821572,0.005434101615918507,-0.20079657419681496,1.9769598379254347,0.0,0.0413094,0.0068849,0.0275396,-0.4957128,2.6782261000000003,-0.0206547,-0.008651770451661999,-0.022574358974076,-0.016505982905775998,0.006053571428697,0.007226343101493,0.001586691086724,0.6798161516174764,2.0059229973412585,1.1510809999890625,0.23266400239663199,16.522622001502896
pid,08:22:10.611,148,-0.0,-110.299,111.392,-90.061,-65.93,-0.0,0.0,0.0,0.0,-0.4907398003957161,2.355551041897624,0.0,0.0,-110.3,111.4,-90.1,-65.3,0.0,0.0,-110.29974681693507,111.39744225257492,-90.25683631012201,-63.976398274052144,0.0,0.0,-0.018324639682084292,0.13353649711605414,-4.805233586972875,47.93550605219447,0.0,0.0,-0.000746816935063066,0.005442252574923145,-0.19583631012200442,1.9536017259478626,0.0,0.0275396,-0.0137698,-0.0068849,-0.7297994,3.3116369000000003,-0.0275396,-0.00814896214886,-0.021724786324514,-0.01621123321103,0.0036390415141170003,0.0027767094017670003,0.002104090354134,0.6312574752032734,3.155706999677932,0.7040660020720679,0.11501799963298254,16.07818200136535
pid,08:22:10.631,149,-0.0,-110.299,111.392,-90.074,-65.874,-0.0,0.0,0.0,0.0,-0.642827945579712,2.7691049963458614,0.0,0.0,-110.3,111.4,-90.1,-65.3,0.0,0.0,-110.2997478280921,111.3974503418312,-90.26336260020494,-63.94781786991358,0.0,0.0,-0.01848941523411429,0.13475507854108665,-4.6818296638253525,47.62321928833318,0.0,0.0,-0.0007478280920878433,0.005450341831206629,-0.18936260020494444,1.926182130086417,0.0,0.06884900000000001,-0.0068849,0.0137698,-0.4957128,3.3667161,0.0068849,-0.008547741147634,-0.02158608058581,-0.016575335775128,0.0055706654457810005,0.002017857142899,0.0019661172161580002,0.5746451078709343,3.775164001126541,0.6897890016261954,0.34470000173314475,14.93363899862743
pid,08:22:10.651,150,-0.0,-110.299,111.392,-90.074,-65.811,-0.0,0.0,0.0,0.0,0.0,3.11516966896103,0.0,0.0,-110.3,111.4,-90.1,-65.3,0.0,0.0,-110.29974883927298,111.39745843127822,-90.26338889090776,-63.91580115648508,0.0,0.0,-0.018513979286381477,0.1349519012545043,-4.68236927455666,46.85607899975255,0.0,0.0,-0.0007488392729726456,0.005458431278228204,-0.18938889090776456,1.895198843514926,0.0,-0.0137698,-0.0275396,-0.034424500000000004,-0.4337487,3.098205,-0.0275396,-0.00823565323555,-0.021655433455162,-0.016505982905775998,0.004932539682642001,0.001103785103808,0.001500457875489,0.5117245352726504,3.5087769974779803,0.6074379998608492,0.5463279994728509,15.317523000703659
pid,08:22:10.671,151,-0.0,-110.299,111.392,-90.101,-65.743,-0.0,0.0,0.0,0.0,-1.322197408056092,3.3299786573269183,0.0,0.0,-110.3,111.4,-90.1,-65.3,0.0,0.0,-110.29974986030054,111.39746659949876,-90.2768878698802,-63.881348841273784,0.0,0.0,-0.018360432329106856,0.13385043866914295,-4.3066386234091425,45.582784014302355,0.0,0.0,-0.0007498603005302584,0.005466599498760161,-0.17588786988019933,1.861651158726211,0.0,-0.0275396,-0.034424500000000004,-0.0137698,-0.6609504,3.2703275,-0.0,-0.008634432234324,-0.021880830280556,-0.016280586080382,0.004380647130738,0.001000305250326,0.001431471306501,0.44307448583731185,4.037457001686562,0.526382998941699,0.11118399925180711,15.306485998735297
pid,08:22:10.692,152,-0.0,-110.299,111.392,-90.109,-65.679,-0.0,0.0,0.0,0.0,-0.3940117189791266,3.1520937518344128,0.0,0.0,-110.3,111.4,-90.1,-65.3,0.0,0.0,-110.29975087549877,111.39747472108459,-90.28087873309612,-63.84896408114433,0.0,0.0,-0.01849085912551499,0.13481901659224427,-4.232639692699682,45.06597488639171,0.0,0.0,-0.0007508754987668453,0.005474721084596013,-0.171878733096122,1.8300359188556712,0.0,-0.0550792,0.0137698,0.0206547,-0.5301373,2.7814996,-0.0481943,-0.00823565323555,-0.022262271061992,-0.017008791208578,0.0038115079365870002,0.0027077228327790004,0.001052045177067,0.3791925632182201,1.941497997904662,0.2995160029968247,0.1048319973051548,17.7051089995075
pid,08:22:10.712,153,-0.0,-110.299,111.392,-90.119,-65.615,-0.0,0.0,0.0,0.0,-0.49482138643789175,3.1668568732012417,0.0,0.0,-110.3,111.4,-90.1,-65.3,0.0,0.0,-110.2997518859644,111.39748280480957,-90.2858595342493,-63.816645784473415,0.0,0.0,-0.01860246276707048,0.13565045387206992,-4.128283303878914,44.4932063116417,0.0,0.0,-0.0007518859643909082,0.005482804809574304,-0.16685953424929778,1.7983542155265795,0.0,0.0206547,0.0137698,-0.0275396,-0.3029356,2.4992187,0.0206547,-0.008374358974254,-0.022661050060766,-0.015985836385636,0.004967032967136,0.0038977411478220004,0.001431471306501,0.31567546626242415,1.9355900003574789,0.2903669992520008,0.1017400027194526,17.73984900137293
pid,08:22:10.732,154,-0.0,-110.299,111.392,-90.131,-65.554,-0.0,0.0,0.0,0.0,-0.5923182149834292,3.010950926165297,0.0,0.0,-110.3,111.4,-90.1,-65.3,0.0,0.0,-110.2997528989334,111.3974909085617,-90.29182813220977,-63.7858884903431,0.0,0.0,-0.018581489679054087,0.1355152149129399,-3.9692263412336923,43.636860553816504,0.0,0.0,-0.0007528989333991376,0.005490908561711194,-0.16082813220977243,1.7681115096569044,0.0,0.0068849,0.0206547,-0.0275396,-0.2409715,2.3064415,0.0137698,-0.008599755799648,-0.022054212453936,-0.016714041513832,0.004121947497033001,0.005036019536124,0.001431471306501,0.2560117184817972,2.699935001146514,0.3884590005327482,0.37860700103919953,16.542751000088174
pid,08:22:10.753,155,-0.0,-110.299,111.392,-90.14,-65.5,-0.0,0.0,0.0,0.0,-0.44313829899631896,2.658829793977914,0.0,0.0,-110.3,111.4,-90.1,-65.3,0.0,0.0,-110.29975391441775,111.39749903243637,-90.29628751283646,-63.75868539347648,0.0,0.0,-0.018560464036953946,0.13537954888785791,-3.8476101440393427,42.86906626401364,0.0,0.0,-0.0007539144177428625,0.005499032436375728,-0.1562875128364567,1.7413146065235168,0.0,-0.0275396,0.06884900000000001,-0.0413094,-0.2203168,2.2995566000000003,0.0068849,-0.007923565323466,-0.022730402930118,-0.015985836385636,0.005605158730275001,0.005829365079486001,0.0018281440781820002,0.20412006270820557,4.711395002232166,0.3044789991690777,0.12201800200273283,15.266523998434423
pid,08:22:10.773,156,-0.0,-110.299,111.392,-90.144,-65.456,-0.0,0.0,0.0,0.0,-0.19346866855809064,2.1281553541362475,0.0,0.0,-110.3,111.4,-90.1,-65.3,0.0,0.0,-110.29975494817687,111.39750730250931,-90.29824202743531,-63.73652412705422,0.0,0.0,-0.01825735232579051,0.13318631047778082,-3.7301249604463464,41.583088469521954,0.0,0.0,-0.0007549481768620581,0.005507302509315082,-0.15424202743530202,1.719475872945786,0.0,0.0068849,0.0,-0.0,-0.1858923,2.7195355,-0.034424500000000004,-0.00823565323555,-0.022262271061992,-0.016714041513832,0.0052257326008410005,0.004363400488491,0.0016556776557120003,0.16228678319568407,3.622831998654874,0.44225400051800534,0.12040599904139526,16.13829200141481
pid,08:22:10.794,157,-0.0,-110.299,111.392,-90.148,-65.414,-0.0,0.0,0.0,0.0,-0.1938442056610156,2.0353641594454843,0.0,0.0,-110.3,111.4,-90.1,-65.3,0.0,0.0,-110.29975597993327,111.39751555656052,-90.30019250312805,-63.71540650682449,0.0,0.0,-0.018317791207254547,0.1336448350319147,-3.687704359560902,41.157813303292926,0.0,0.0,-0.0007559799332597095,0.005515556560524715,-0.15219250312804888,1.6985934931755082,0.0,-0.06884900000000001,0.0,0.0068849,-0.2685111,2.9811617,0.0068849,-0.00814896214886,-0.023788034187736,-0.016505982905775998,0.005036019536124,0.0029836691087310003,0.0018108974359350002,0.12395563722558686,4.068456997629255,0.36157000067760237,0.12427699766703881,15.833053999813274
pid,08:22:10.815,158,-0.0,-110.299,111.392,-90.151,-65.367,-0.0,0.0,0.0,0.0,-0.14545541979262344,2.278801576750871,0.0,0.0,-110.3,111.4,-90.1,-65.3,0.0,0.0,-110.29975701117706,111.39752380651093,-90.30163990969419,-63.69183741348982,0.0,0.0,-0.01835189642442647,0.13391126581678062,-3.6518985503484793,40.61024620695442,0.0,0.0,-0.0007570111770576204,0.005523806510936424,-0.15063990969419194,1.675162586510183,0.0,-0.0481943,-0.0206547,-0.0413094,-0.2547413,2.9949315000000003,-0.0275396,-0.008287667887564,-0.022418315018034,-0.016453968253762,0.005536172161287001,0.002138583638628,0.0018971306471700002,0.08458723307923785,3.538184002536582,0.29275600172695704,0.11455400090198964,16.113347999635153
pid,08:22:10.835,159,-0.0,-110.299,111.392,-90.156,-65.313,-0.0,0.0,0.0,0.0,-0.24721820110857634,2.6699565719675653,0.0,0.0,-110.3,111.4,-90.1,-65.3,0.0,0.0,-110.29975802242947,111.39753189653015,-90.3040832795596,-63.66482426720858,0.0,0.0,-0.018739694141080288,0.13675855089015987,-3.6608881986913326,40.74590397707184,0.0,0.0,-0.0007580224294656546,0.005531896530158065,-0.1480832795596001,1.6481757327914224,0.0,-0.0275396,0.0275396,-0.0137698,-0.28916580000000003,2.9811617,-0.0206547,-0.008911843711731999,-0.0208058608056,-0.016453968253762,0.005208485958594001,0.001103785103808,0.001500457875489,0.05805170109481351,3.12831900009769,0.2873680023185443,0.10540600123931654,16.61337900077342
pid,08:22:10.855,160,-0.0,-110.299,111.392,-90.162,-65.253,-0.0,0.0,0.0,0.0,-0.29555043511962503,2.9555043511962507,0.0,0.0,-110.3,111.4,-90.1,-65.3,0.0,0.0,-110.29975903748465,111.39754001697159,-90.30702034613847,-63.63487197480202,0.0,0.0,-0.018694488238121653,0.13644620221038745,-3.5717355335351617,39.85320349387546,0.0,0.0,-0.0007590374846415671,0.005540016971593786,-0.14502034613846604,1.6181280251979828,0.0,0.0619641,-0.0137698,-0.034424500000000004,-0.1996621,2.6988808,-0.0,-0.008773137973028,-0.023649328449032,-0.015985836385636,0.0047428266179250006,0.0033803418804120005,0.001345238095266,0.07821764506811316,2.991246001329273,0.37547700048889965,0.14614700194215402,16.685713002516422
pid,08:22:10.876,161,-0.0,-110.299,111.393,-90.167,-65.194,-0.0,0.0,0.0,0.04759115871669799,-0.2379557935821373,2.807878364271655,0.0,0.0,-110.3,111.4,-90.1,-65.3,0.0,0.0,-110.29976008809996,111.39804737127876,-90.30944995491267,-63.605483340024946,0.0,0.0,-0.018086736701627103,0.12010512381436125,-3.389679206701201,37.79967424431539,0.0,0.0,-0.0007600880999518722,0.005047371278763535,-0.14244995491266366,1.5885166599750562,0.0,-0.0619641,-0.0137698,-0.0206547,-0.0550792,2.4372546,0.0137698,-0.008634432234324,-0.024342857142552,-0.016505982905775998,0.0051739926741,0.003035409035472,0.001327991453019,0.12559856687080417,1.9349060021340847,0.2878300001611933,0.10631400073179975,17.584109999006614
pid,08:22:10.896,162,-0.0,-110.299,111.393,-90.173,-65.136,-0.0,0.0,0.0,0.0,-0.29676679245284143,2.8687456603777015,0.0,0.0,-110.3,111.4,-90.1,-65.3,0.0,0.0,-110.29976109899474,111.3980544475422,-90.31237615959405,-63.57664912676811,0.0,0.0,-0.018822408950327593,0.12499934872650115,-3.4468513189267687,38.563629746462226,0.0,0.0,-0.0007610989947295366,0.005054447542192975,-0.13937615959405036,1.5593508732318853,0.0,-0.0550792,0.0,-0.0481943,-0.0826188,2.547413,-0.0,-0.008807814407704,-0.022661050060766,-0.01621123321103,0.0057086385837570005,0.00293192918199,0.0016556776557120003,0.17965244223222138,2.072053001029417,0.2812929997162428,0.09307399886893108,17.610610000701854
pid,08:22:10.916,163,-0.0,-110.299,111.393,-90.175,-65.086,-0.0,0.0,0.0,0.0,-0.09892809717531045,2.4732024293883845,0.0,0.0,-110.3,111.4,-90.1,-65.3,0.0,0.0,-110.2997621098299,111.39806152338839,-90.31330034695625,-63.55186544549465,0.0,0.0,-0.01884851882761672,0.12518171940571152,-3.420447540774749,37.9422530721151,0.0,0.0,-0.0007621098298926654,0.00506152338839172,-0.1383003469562567,1.53413455450535,0.0,-0.0275396,0.0481943,0.0068849,-0.0275396,2.0517002,0.034424500000000004,-0.009119902319787999,-0.02149938949912,-0.015691086690889998,0.00655372405386,0.004535866910961001,0.0017419108669470002,0.2268722107266553,2.305030997376889,0.9530089992040303,0.13799800217384472,16.647602002194617
pid,08:22:10.937,164,-0.0,-110.299,111.393,-90.177,-65.036,-0.0,0.0,0.0,0.0,-0.09886630209362689,2.47165755232873,0.0,0.0,-110.3,111.4,-90.1,-65.3,0.0,0.0,-110.29976312129688,111.39806860365725,-90.31422246399879,-63.52713247277737,0.0,0.0,-0.01886174516768503,0.12527852509201534,-3.391669394917792,37.294038191236126,0.0,0.0,-0.0007631212968703949,0.005068603657250037,-0.13722246399878202,1.508867527222634,0.0,-0.0206547,0.0,0.0206547,-0.0619641,1.5697572,-0.034424500000000004,-0.008911843711731999,-0.021117948717684,-0.015691086690889998,0.006226037851167001,0.006260531135661,0.001431471306501,0.2750908940695779,1.960108998900978,0.28829299844801426,0.0912770010472741,17.72427499963669
pid,08:22:10.957,165,-0.0,-110.299,111.393,-90.179,-64.99,-0.0,0.0,0.0,0.0,-0.09890826769773675,2.2748901570535676,0.0,0.0,-110.3,111.4,-90.1,-65.3,0.0,0.0,-110.29976413233472,111.39807568092203,-90.31514259201049,-63.50444589450359,0.0,0.0,-0.018894751379376972,0.12550670184652324,-3.366406983917249,36.73339578656318,0.0,0.0,-0.0007641323347087337,0.005075680922033143,-0.1361425920104864,1.485554105496405,0.0,-0.0275396,-0.0206547,0.0413094,-0.0068849,1.5491025,-0.0137698,-0.00884249084238,-0.022574358974076,-0.015569719169524,0.00655372405386,0.0058466117217330004,0.0017419108669470002,0.3199859371910001,1.9283869987702928,0.28166400079499,0.0901099992915988,17.762237999704666
pid,08:22:10.977,166,-0.0,-110.299,111.393,-90.18,-64.954,-0.0,0.0,0.0,0.0,-0.04946113207570787,1.7806007547170486,0.0,0.0,-110.3,111.4,-90.1,-65.3,0.0,0.0,-110.29976514322948,111.39808275718546,-90.31556172042846,-63.48679566409587,0.0,0.0,-0.018922425164949287,0.12569946222886014,-3.3525180792451024,36.284793719929176,0.0,0.0,-0.0007651432294721872,0.005082757185462583,-0.1355617204284556,1.4672043359041211,0.0,-0.0137698,-0.0275396,-0.034424500000000004,-0.0550792,1.9140022,-0.034424500000000004,-0.008998534798422,-0.021811477411204,-0.015691086690889998,0.006226037851167001,0.006174297924426001,0.00120726495729,0.3551985360330256,1.9446270016487688,0.3610140011005569,0.2667009975994006,17.464184998971177
pid,08:22:10.997,167,-0.0,-110.299,111.393,-90.181,-64.92,-0.0,0.0,0.0,0.0,-0.04953005361187056,1.684021822819084,0.0,0.0,-110.3,111.4,-90.1,-65.3,0.0,0.0,-110.2997661527176,111.3980898236022,-90.31597995189189,-63.47017926957607,0.0,0.0,-0.018973792588598284,0.1260496179472302,-3.3427821268982134,35.90484925308806,0.0,0.0,-0.0007661527175883975,0.005089823602205001,-0.13497995189189282,1.4498207304239301,0.0,0.0275396,-0.0137698,0.0068849,-0.1239282,2.2444774,0.0068849,-0.00849572649562,-0.023111843711554,-0.015985836385636,0.006398504273637,0.004449633699726001,0.0018971306471700002,0.388601338134594,2.379142002610024,0.3404039998713415,0.17314599972451106,17.06400400144048
pid,08:22:11.018,168,-0.0,-110.299,111.393,-90.182,-64.885,-0.0,0.0,0.0,0.0,-0.04882377454712686,1.7088321091411143,0.0,0.0,-110.3,111.4,-90.1,-65.3,0.0,0.0,-110.29976717680883,111.39809699224091,-90.31639597640991,-63.45310426744223,0.0,0.0,-0.01872823377591651,0.12442720001871048,-3.280859426123477,34.95527721053007,0.0,0.0,-0.0007671768088215458,0.005096992240908094,-0.13439597640990542,1.431895732557777,0.0,-0.0275396,-0.0137698,-0.0,-0.1032735,2.6369167,-0.0137698,-0.009657387057266,-0.022054212453936,-0.01595115995096,0.0072090964592460005,0.0017764041514410002,0.0016556776557120003,0.42308273422581866,2.09564400211093,0.28347900297376327,0.09564699939801358,17.63403600125457
pid,08:22:11.038,169,-0.0,-110.299,111.393,-90.183,-64.843,-0.0,0.0,0.0,0.0,-0.04933604658025086,2.0721139563607207,0.0,0.0,-110.3,111.4,-90.1,-65.3,0.0,0.0,-110.2997681902666,111.39810408644533,-90.31681185941457,-63.43256741764546,0.0,0.0,-0.018949735387727335,0.12590772330773828,-3.3008740645178434,34.79258379050762,0.0,0.0,-0.0007681902665979123,0.0051040864453284485,-0.13381185941456408,1.4104325823545452,0.0,0.0275396,0.0068849,0.0481943,-0.1032735,2.8365788000000003,-0.0275396,-0.007836874236776,-0.021811477411204,-0.01586446886427,0.006346764346896,0.0009830586080790001,0.0016556776557120003,0.464529869868447,1.9715529997483827,0.2816080013872124,0.09286900240113027,17.717405000439612
pid,08:22:11.058,170,-0.0,-110.299,111.393,-90.184,-64.793,-0.0,0.0,0.0,0.0,-0.04946346525732844,2.4731732628896186,0.0,0.0,-110.3,111.4,-90.1,-65.3,0.0,0.0,-110.2997692011137,111.39811116237497,-90.31722694825888,-63.408079917120936,0.0,0.0,-0.019023676281754085,0.12640790128080784,-3.294933263302448,34.25147320215586,0.0,0.0,-0.0007692011136981591,0.005111162374973333,-0.13322694825887993,1.38492008287907,0.0,0.0137698,0.0068849,-0.0,-0.06884900000000001,2.7401902000000002,0.0137698,-0.00823565323555,-0.022123565323288,-0.015448351648158,0.007191849816999001,0.0008795787545970001,0.00044841269842200006,0.5139601151840396,2.0219600010022987,0.27807100195786916,0.09292500180890784,17.667923999397317
pid,08:22:11.079,171,-0.0,-110.299,111.393,-90.186,-64.737,-0.0,0.0,0.0,0.0,-0.09835625175921647,2.7539750492454815,0.0,0.0,-110.3,111.4,-90.1,-65.3,0.0,0.0,-110.2997702178259,111.3981182793603,-90.31813951101064,-63.38065232608318,0.0,0.0,-0.018938934597922327,0.12585369333326368,-3.249186753060036,33.351318322038225,0.0,0.0,-0.0007702178258881531,0.0051182793603032906,-0.13213951101063515,1.3563476739168152,0.0,-0.0137698,0.0,0.0206547,-0.0206547,2.3890603,0.0137698,-0.008859829059718,-0.023111843711554,-0.015743101342904,0.00655372405386,0.001638431013465,0.002345543345592,0.569574402514724,1.993811998545425,0.27790500098490156,0.09814700024435297,17.689590000372846
pid,08:22:11.099,172,-0.0,-110.299,111.393,-90.187,-64.682,-0.0,0.0,0.0,0.0,-0.04946696544357144,2.720683099421736,0.0,0.0,-110.3,111.4,-90.1,-65.3,0.0,0.0,-110.29977122860146,111.39812535478926,-90.3185515735364,-63.353776985383035,0.0,0.0,-0.01907516928868474,0.12676787412439441,-3.2537285711168087,32.851580983016916,0.0,0.0,-0.0007712286014509573,0.0051253547892571305,-0.1315515735363988,1.3282230146169667,0.0,-0.034424500000000004,0.0,0.0068849,-0.0481943,2.3064415,0.0206547,-0.00823565323555,-0.02219291819264,-0.015326984126791999,0.007295329670481,0.0018798840049230002,0.0018281440781820002,0.6241337997577078,3.1175229996733833,0.340310998581117,0.10622099944157526,16.742971001804108
pid,08:22:11.119,173,-0.0,-110.299,111.393,-90.188,-64.631,-0.0,0.0,0.0,0.0,-0.04870245352492455,2.4838251297593863,0.0,0.0,-110.3,111.4,-90.1,-65.3,0.0,0.0,-110.29977225524378,111.39813254128552,-90.318961229012,-63.32896380909681,0.0,0.0,-0.01880536255950998,0.1249836767107606,-3.189066584746917,31.70617853746475,0.0,0.0,-0.0007722552437741115,0.00513254128551921,-0.13096122901200147,1.3020361909031877,0.0,-0.0619641,-0.0206547,-0.0068849,-0.0757339,2.134319,0.0206547,-0.00814896214886,-0.023198534798244,-0.014893528693342,0.007157356532505,0.002207570207616,0.0016556776557120003,0.674799970361586,2.64060200061067,0.3632000007200986,0.2093679977406282,17.081559999496676
pid,08:22:11.140,174,-0.0,-110.299,111.393,-90.189,-64.583,-0.0,0.0,0.0,0.0,-0.048787995812032366,2.34182379899974,0.0,0.0,-110.3,111.4,-90.1,-65.3,0.0,0.0,-110.29977328008604,111.39813971518136,-90.31937001805066,-63.30569862099886,0.0,0.0,-0.01886339279966894,0.12537820137265818,-3.1802459473653495,31.158487164999414,0.0,0.0,-0.0007732800860367206,0.005139715181357474,-0.1303700180506695,1.2773013790011376,0.0,0.0068849,-0.0206547,-0.0068849,-0.06884900000000001,2.0241606,-0.034424500000000004,-0.008686446886338,-0.022817094016808,-0.015222954822764,0.007450549450704001,0.002483516483568,0.002104090354134,0.7225371962743496,1.912702002300648,0.3213849995518103,0.08392499876208603,17.750887000147486
pid,08:22:11.160,175,-0.0,-110.299,111.393,-90.19,-64.539,-0.0,0.0,0.0,0.0,-0.049433151046813444,2.1750586460492545,0.0,0.0,-110.3,111.4,-90.1,-65.3,0.0,0.0,-110.29977429155302,111.39814679545022,-90.31977898602247,-63.28446834737063,0.0,0.0,-0.019137835647128027,0.1272111584481359,-3.207692109360198,31.007726338570183,0.0,0.0,-0.0007742915530144501,0.005146795450215791,-0.1297789860224725,1.2545316526293746,0.0,-0.0895037,-0.0068849,-0.0,-0.0895037,1.6317213000000002,-0.0413094,-0.00849572649562,-0.021724786324514,-0.014928205128017999,0.007174603174752001,0.004432387057479,0.001586691086724,0.7663360881493146,2.1290329968906008,0.29201500001363456,0.10233200009679422,17.54009199794382
pid,08:22:11.180,176,-0.0,-110.299,111.393,-90.192,-64.502,-0.0,0.0,0.0,0.0,-0.09887096317925191,1.8291128188207268,0.0,0.0,-110.3,111.4,-90.1,-65.3,0.0,0.0,-110.29977530297232,111.39815387538529,-90.3206859354472,-63.26677545996904,0.0,0.0,-0.019163737907070606,0.1273921558626119,-3.1808255963297225,30.531960003948384,0.0,0.0,-0.000775302972314762,0.0051538753852895525,-0.12868593544720852,1.2352245400309556,0.0,-0.0550792,0.034424500000000004,0.0206547,-0.1790074,1.2599367000000001,-0.0206547,-0.00823565323555,-0.023423931623638,-0.015656410256214,0.007122863248011001,0.006088064713191001,0.001569444444477,0.8033168739669314,2.8472099984355737,0.2903120002883952,0.16820200107758865,16.999709001538577
pid,08:22:11.201,177,-0.0,-110.299,111.393,-90.194,-64.469,-0.0,0.0,0.0,0.0,-0.09772604207973222,1.6124796943079434,0.0,0.0,-110.3,111.4,-90.1,-65.3,0.0,0.0,-110.29977632624102,111.39816103826618,-90.32158974818945,-63.25112579625845,0.0,0.0,-0.01896682272405553,0.12609196069348605,-3.1172102751111277,29.754506420524656,0.0,0.0,-0.0007763262410094285,0.00516103826618064,-0.12758974818945035,1.2178742037415446,0.0,-0.0481943,0.0206547,0.0068849,-0.2685111,1.2943612,0.0413094,-0.00849572649562,-0.021898168497894,-0.015569719169524,0.0068641636143060005,0.0057086385837570005,0.0019661172161580002,0.8363294805278639,1.9134979993395973,0.3341449992149137,0.14222099707694724,17.645054002059624
pid,08:22:11.221,178,-0.0,-110.299,111.393,-90.197,-64.441,-0.0,0.0,0.0,0.0,-0.1485252658789702,1.3862358148699196,0.0,0.0,-110.3,111.4,-90.1,-65.3,0.0,0.0,-110.2997773361702,111.39816810777045,-90.32299178505897,-63.23799332542419,0.0,0.0,-0.019242343559147987,0.1279324301161188,-3.1188272290748102,29.779481032590148,0.0,0.0,-0.0007773361701879367,0.005168107770444408,-0.12599178505897157,1.2030066745758106,0.0,-0.0137698,-0.0137698,0.0068849,-0.3373601,1.3563253,-0.0275396,-0.008599755799648,-0.022487667887386,-0.015222954822764,0.006622710622848001,0.006415750915884,0.001586691086724,0.8644882879484213,1.9477009991533123,0.29795899899909273,0.1198130012198817,17.705202000797726
pid,08:22:11.241,179,-0.0,-110.299,111.393,-90.201,-64.415,-0.0,0.0,0.0,0.0,-0.19771396247714834,1.2851407561042738,0.0,0.0,-110.3,111.4,-90.1,-65.3,0.0,0.0,-110.29977834773254,111.39817518870687,-90.32488961726187,-63.22588855810166,0.0,0.0,-0.019236276798192682,0.12790088322578813,-3.061838392335234,29.387991875648254,0.0,0.0,-0.0007783477325347121,0.005175188706871836,-0.12388961726188086,1.1891114418983477,0.0,-0.034424500000000004,0.0137698,-0.034424500000000004,-0.2478564,1.2874763,0.0068849,-0.008686446886338,-0.022262271061992,-0.015066910866721999,0.006708943834083001,0.006415750915884,0.0019661172161580002,0.8907726982794116,1.9356459997652564,0.2757190013653599,0.1602020020072814,22.33481899747858
pid,08:22:11.266,180,-0.0,-110.299,111.393,-90.207,-64.391,-0.0,0.0,0.0,0.0,-0.24167465980352587,0.9666986392141035,0.0,0.0,-110.3,111.4,-90.1,-65.3,0.0,0.0,-110.2997795890708,111.39818387807465,-90.3277567940688,-63.215016934573654,0.0,0.0,-0.015700576955828847,0.10440099751282031,-2.4319880937953005,23.683775605967554,0.0,0.0,-0.0007795890707882336,0.005183878074646486,-0.12075679406881079,1.175983065426351,0.0,0.034424500000000004,-0.0275396,0.034424500000000004,-0.2409715,1.9690814,-0.0137698,-0.008287667887564,-0.021724786324514,-0.014546764346582,0.006657203907342001,0.004208180708268,0.0016556776557120003,0.9153032284439868,2.013294000789756,0.28007099899696186,0.24225699962698855,17.50968499982264
pid,08:22:11.286,181,-0.0,-110.299,111.393,-90.213,-64.363,-0.0,0.0,0.0,0.0,-0.2960859344667446,1.3817343608450416,0.0,0.0,-110.3,111.4,-90.1,-65.3,0.0,0.0,-110.29978060229016,111.39819097061014,-90.33064230028151,-63.201966321110724,0.0,0.0,-0.019260446543766033,0.1280811153245191,-2.902685867639251,28.647145146773354,0.0,0.0,-0.0007806022901490905,0.005190970610144063,-0.11764230028151701,1.1610336788892752,0.0,-0.0206547,-0.0413094,-0.0068849,-0.1170433,2.1756284,-0.0275396,-0.008911843711731999,-0.020961904761642,-0.015396336996143999,0.007019383394529,0.0038804945055750002,0.00120726495729,0.9438156599675571,1.9743869997910224,0.461291001556674,0.10264700176776387,17.52198100075475
pid,08:22:11.307,182,-0.0,-110.299,111.393,-90.217,-64.33,-0.0,0.0,0.0,0.0,-0.19785619435132382,1.6323136033964885,0.0,0.0,-110.3,111.4,-90.1,-65.3,0.0,0.0,-110.29978161312532,111.39819804645634,-90.33252403256654,-63.18644683122635,0.0,0.0,-0.01933087480379001,0.1285582112389588,-2.8571431799633586,28.2823847514594,0.0,0.0,-0.0007816131253122194,0.005198046456342809,-0.11552403256654031,1.14355316877365,0.0,0.0413094,0.034424500000000004,0.0137698,-0.13769800000000001,2.5611828,0.0206547,-0.00814896214886,-0.022348962148682,-0.015066910866721999,0.007174603174752001,0.00155219780223,0.001431471306501,0.9770562931581777,3.5972209989267867,0.399791999370791,0.15127600272535346,15.889182999671903
pid,08:22:11.327,183,-0.0,-110.299,111.393,-90.22,-64.293,-0.0,0.0,0.0,0.0,-0.1484867065529139,1.8313360474854692,0.0,0.0,-110.3,111.4,-90.1,-65.3,0.0,0.0,-110.29978262331676,111.39820511779642,-90.33390280959367,-63.168964094007016,0.0,0.0,-0.019368193129504652,0.12881513313517096,-2.8188421772812795,27.817398288018886,0.0,0.0,-0.0007826233167520513,0.005205117796421632,-0.11390280959366805,1.12403590599299,0.0,-0.0206547,-0.0137698,-0.0137698,-0.06884900000000001,2.0723549,0.0481943,-0.008599755799648,-0.020961904761642,-0.015101587301398,0.007709249084409,0.0028456959707550003,0.001569444444477,1.0141493972783215,3.254151000874117,0.38966200008871965,1.4141520005068742,16.300215997034684
pid,08:22:11.348,184,-0.0,-110.299,111.393,-90.222,-64.249,-0.0,0.0,0.0,0.0,-0.09288886920295489,2.0435551224702877,0.0,0.0,-110.3,111.4,-90.1,-65.3,0.0,0.0,-110.29978369987202,111.39821265368319,-90.33477146985292,-63.148095553576944,0.0,0.0,-0.018199248726439878,0.12104937654479707,-2.618803578254394,25.56544228224517,0.0,0.0,-0.0007836998720165411,0.005212653683187796,-0.1127714698529303,1.1009044464230513,0.0,-0.0068849,-0.0275396,0.0068849,-0.0137698,2.0172757,-0.0068849,-0.008374358974254,-0.022730402930118,-0.014841514041328,0.00793345543362,0.003069902319966,0.0019661172161580002,1.0580808097683296,3.4062790000461973,0.43710600220947526,0.2801629998430144,15.892701998382108
pid,08:22:11.368,185,-0.0,-110.299,111.393,-90.223,-64.209,-0.0,0.0,0.0,0.0,-0.049504915904632955,1.980196636175469,0.0,0.0,-110.3,111.4,-90.1,-65.3,0.0,0.0,-110.29978470987272,111.39821972368813,-90.33514723976612,-63.12919746434689,0.0,0.0,-0.01942349812909192,0.12920099111251157,-2.7759198367659224,26.727766860430865,0.0,0.0,-0.0007847098727182811,0.005219723688128397,-0.11214723976611651,1.0798025356531156,0.0,0.0,-0.0206547,-0.0068849,-0.0137698,2.1549737,0.034424500000000004,-0.00823565323555,-0.023337240536948,-0.015101587301398,0.007571275946433,0.0024317765568270004,0.0018971306471700002,1.097934424271317,3.322168002341641,0.4476249996514525,1.0856740009330679,15.172338997217594
pid,08:22:11.389,186,-0.0,-110.299,111.393,-90.223,-64.169,-0.0,0.0,0.0,0.0,0.0,1.97989284618502,0.0,0.0,-110.3,111.4,-90.1,-65.3,0.0,0.0,-110.2997857200284,111.39822679477787,-90.33502299061774,-63.11033995041847,0.0,0.0,-0.01944551829152556,0.12935616986484877,-2.772418971653718,26.200418233850204,0.0,0.0,-0.0007857200283893917,0.005226794777868804,-0.11202299061774568,1.0586600495815262,0.0,-0.0206547,0.06884900000000001,-0.0275396,0.0137698,1.8107287,-0.0,-0.008686446886338,-0.023111843711554,-0.038421489621008,0.0077609890111500004,0.0031561355312010003,0.001362484737513,1.137690643364883,3.5564620011427905,2.268920001370134,0.6164010010252241,13.376896000409033
pid,08:22:11.409,187,-0.0,-110.299,111.393,-90.224,-64.131,-0.0,0.0,0.0,0.0,-0.049508421959891254,1.8813200344667214,0.0,0.0,-110.3,111.4,-90.1,-65.3,0.0,0.0,-110.29978672995757,111.39823386428213,-90.33539775939941,-63.09252055763006,0.0,0.0,-0.019474879353949797,0.12956018067974795,-2.757563638853005,25.706739214639,0.0,0.0,-0.0007867299575678999,0.005233864282132572,-0.11139775939940932,1.0384794423699404,0.0,-0.06884900000000001,0.0137698,-0.0275396,-0.0619641,1.5835270000000001,0.0206547,-0.008773137973028,-0.023423931623638,-0.014373382173202,0.007898962149126,0.0032941086691770003,0.002104090354134,1.1755794315995816,3.0219309992389753,0.4055320023326203,0.8042699992074631,15.736056000605458
pid,08:22:11.429,188,-0.0,-110.299,111.393,-90.225,-64.095,-0.0,0.0,0.0,0.0,-0.04952186643950626,1.7827871918391154,0.0,0.0,-110.3,111.4,-90.1,-65.3,0.0,0.0,-110.29978773961258,111.39824093186712,-90.33577155252456,-63.07573719190359,0.0,0.0,-0.019505167941664927,0.12977036397241398,-2.742807014735024,25.237898324891376,0.0,0.0,-0.000787739612576388,0.005240931867120935,-0.11077155252456805,1.019262808096407,0.0,-0.0413094,-0.0413094,-0.0068849,-0.0550792,1.652376,-0.0,-0.008686446886338,-0.022574358974076,-0.01447741147723,0.007795482295644001,0.002966422466484,0.0016556776557120003,1.2114866899805363,3.045281999220606,0.41295800110674463,0.16712800061213784,16.397251998569118
pid,08:22:11.449,189,-0.0,-110.299,111.393,-90.226,-64.058,-0.0,0.0,0.0,0.0,-0.04952420535611424,1.8323955981670776,0.0,0.0,-110.3,111.4,-90.1,-65.3,0.0,0.0,-110.2997887492199,111.39824799911833,-90.33614434200287,-63.058491124188905,0.0,0.0,-0.01953108917001881,0.1299514930218626,-2.727405506068963,24.749941410345826,0.0,0.0,-0.0007887492198932478,0.005247999118324742,-0.11014434200286871,0.9995088758111024,0.0,-0.0550792,-0.0068849,0.0206547,-0.0550792,1.6592609,-0.0481943,-0.008565079364972,-0.023423931623638,-0.015309645909454,0.008209401709572,0.0032596153846830003,0.001431471306501,1.2483949695508938,3.0107639977359213,1.7582590007805265,0.44777299990528263,14.802177000092342
pid,08:22:11.470,190,-0.0,-110.299,111.393,-90.227,-64.024,-0.0,0.0,0.0,0.0,-0.04918908395806245,1.672428854566434,0.0,0.0,-110.3,111.4,-90.1,-65.3,0.0,0.0,-110.29978976570558,111.39825511451816,-90.3365152483201,-63.04278815993071,0.0,0.0,-0.019423925799378586,0.12924713462111198,-2.693477372139788,24.13245579079153,0.0,0.0,-0.0007897657055764284,0.00525511451816385,-0.1095152483200934,0.9812118400692924,0.0,0.0275396,-0.0068849,0.034424500000000004,-0.13769800000000001,1.1084689,-0.0137698,-0.00806227106217,-0.022574358974076,-0.014980219780032,0.007950702075867,0.0057776251527450005,0.001431471306501,1.2823240620061658,4.478007998841349,0.8104539992928039,0.15286800044123083,14.492513000732288
pid,08:22:11.491,191,-0.0,-110.299,111.393,-90.23,-63.967,-0.0,0.0,0.0,0.0,-0.14023551439366608,2.6644747734796557,0.0,0.0,-110.3,111.4,-90.1,-65.3,0.0,0.0,-110.29979083533478,111.39826260192251,-90.3378761965251,-63.01571397564411,0.0,0.0,-0.018483866662065952,0.12300061460884247,-2.521345651754627,22.23401416017476,0.0,0.0,-0.000790835334768758,0.005262601922510157,-0.10787619652509761,0.9512860243558876,0.0,0.0068849,0.0137698,-0.0275396,-0.2203168,0.8950370000000001,0.0068849,-0.007836874236776,-0.022054212453936,-0.014512087911906,0.00793345543362,0.006122557997685,0.00120726495729,1.3393427492617407,6.835428001068067,0.5558270022447687,0.22742300279787742,12.340128996584099
pid,08:22:11.512,192,-0.0,-110.299,111.393,-90.233,-63.942,-0.0,0.0,0.0,0.0,-0.14843065598717134,1.2369221332263107,0.0,0.0,-110.3,111.4,-90.1,-65.3,0.0,0.0,-110.29979184590769,111.3982696759329,-90.33924179032802,-63.00458633365631,0.0,0.0,-0.019589034586332574,0.13036357592638717,-2.6282564386064817,23.190154237788,0.0,0.0,-0.0007918459076847739,0.005269675932893847,-0.10624179032801351,0.9374136663436872,0.0,0.0,0.0137698,0.0275396,-0.13769800000000001,1.0533897,0.0137698,-0.008339682539578,-0.023111843711554,-0.014512087911906,0.008002442002608,0.006846916972059001,0.0016556776557120003,1.3645156649888615,8.036062998144189,0.48245699872495607,0.16299900016747415,11.341713998263003
pid,08:22:11.531,193,-0.0,-110.299,111.393,-90.236,-63.923,-0.0,0.0,0.0,0.0,-0.1484411622447471,0.9401273608832811,0.0,0.0,-110.3,111.4,-90.1,-65.3,0.0,0.0,-110.29979285640907,111.39827674944259,-90.3406043621397,-62.99647779406309,0.0,0.0,-0.019615421142510078,0.13054780335516922,-2.5879321819810435,22.92233884913945,0.0,0.0,-0.0007928564090633472,0.0052767494425864925,-0.10460436213969615,0.9265222059369123,0.0,-0.0206547,0.0,-0.0206547,-0.1790074,0.9225766000000001,-0.0068849,-0.008565079364972,-0.023510622710328,-0.015101587301398,0.007950702075867,0.0072090964592460005,0.001500457875489,1.383717818053952,8.704889001819538,0.42681100239860825,0.26701599927037023,10.517869999603136
pid,08:22:11.552,194,-0.0,-110.299,111.393,-90.239,-63.901,-0.0,0.0,0.0,0.0,-0.1479524498218688,1.0849846320269212,0.0,0.0,-110.3,111.4,-90.1,-65.3,0.0,0.0,-110.29979387024832,111.3982838463173,-90.34196343848467,-62.986896155166626,0.0,0.0,-0.019575841346398243,0.13029300118766848,-2.5389488276480883,22.54065053911373,0.0,0.0,-0.0007938702483158977,0.0052838463172975025,-0.1029634384846645,0.9141038448333774,0.0,-0.0481943,0.0206547,0.0068849,-0.2685111,1.239282,-0.0413094,-0.008773137973028,-0.021724786324514,-0.013835897435724,0.007450549450704001,0.006829670329812001,0.0018108974359350002,1.4059061135082902,6.420153997169109,0.42806900091818534,0.1630910010135267,13.022416998865083
pid,08:22:11.572,195,-0.0,-110.299,111.393,-90.243,-63.883,-0.0,0.0,0.0,0.0,-0.19787486289125572,0.8904368830127598,0.0,0.0,-110.3,111.4,-90.1,-65.3,0.0,0.0,-110.29979488098812,111.39829092149591,-90.34381890269279,-62.97932837346792,0.0,0.0,-0.019660870817308215,0.13086754569695414,-2.4936908184037265,22.351737399896273,0.0,0.0,-0.0007948809881099805,0.005290921495912926,-0.1008189026927937,0.9036716265320806,0.0,-0.0481943,-0.0137698,0.0068849,-0.2547413,1.1910877,-0.0137698,-0.00823565323555,-0.02288644688616,-0.014772161171976,0.006881410256553,0.006381257631390001,0.0017419108669470002,1.424214871429162,6.388098998286296,0.39768100032233633,0.14114700024947524,13.898963999963598
pid,08:22:11.593,196,-0.0,-110.299,111.393,-90.248,-63.864,-0.0,0.0,0.0,0.0,-0.23755148274892426,0.9026956344444268,0.0,0.0,-110.3,111.4,-90.1,-65.3,0.0,0.0,-110.29979593339156,111.39829828832006,-90.34616314698219,-62.971339624822136,0.0,0.0,-0.018907515733525414,0.1258616246461075,-2.3318801116873953,21.205279571430186,0.0,0.0,-0.0007959333915579236,0.005298288320062738,-0.09816314698218775,0.8926603751778615,0.0,0.0068849,0.0068849,0.0206547,-0.1996621,1.4940233,0.034424500000000004,-0.00823565323555,-0.022054212453936,-0.013419780219612,0.007398809523963001,0.005346459096570001,0.002190323565369,1.4436239122430756,3.233909999835305,0.44512499880511314,0.1959610017365776,16.123941000842024
pid,08:22:11.613,197,-0.0,-110.299,111.393,-90.254,-63.839,-0.0,0.0,0.0,0.0,-0.2966653385045321,1.2361055771021,0.0,0.0,-110.3,111.4,-90.1,-65.3,0.0,0.0,-110.29979694463205,111.39830536700345,-90.34900741594791,-62.960317047166825,0.0,0.0,-0.019702154086303866,0.13115987483063188,-2.348783934385486,21.72289797003385,0.0,0.0,-0.0007969446320430507,0.005305367003444417,-0.0950074159479044,0.8786829528331737,0.0,-0.0137698,-0.0275396,-0.034424500000000004,-0.13081310000000002,1.7625344,0.0068849,-0.00849572649562,-0.022955799755512,-0.014338705738526,0.007795482295644001,0.004328907203997001,0.0019661172161580002,1.469110955646305,2.9505429993150756,0.4515510008786805,0.13522099834517576,16.505511001014384
pid,08:22:11.633,198,-0.0,-110.299,111.393,-90.259,-63.81,-0.0,0.0,0.0,0.0,-0.24716575523266224,1.4335613803505651,0.0,0.0,-110.3,111.4,-90.1,-65.3,0.0,0.0,-110.29979795609903,111.3983124472723,-90.35134659269809,-62.947324132967,0.0,0.0,-0.01972274218587416,0.13130550421940038,-2.282491532740796,21.32239321963988,0.0,0.0,-0.0007979560990207801,0.005312447272302734,-0.09234659269809242,0.8626758670330048,0.0,-0.0481943,0.0206547,-0.0068849,-0.0619641,1.8451532000000002,-0.0275396,-0.00771550671541,-0.021811477411204,-0.01421733821716,0.007726495726656001,0.003069902319966,0.0019661172161580002,1.4984762260376328,3.1900779977149796,0.3674590006994549,0.12581299961311743,16.366363997804
pid,08:22:11.654,199,-0.0,-110.299,111.393,-90.262,-63.78,-0.0,0.0,0.0,0.0,-0.14830644476922913,1.4830644476922914,0.0,0.0,-110.3,111.4,-90.1,-65.3,0.0,0.0,-110.29979896751833,111.39831952720738,-90.3526827427721,-62.93386149029732,0.0,0.0,-0.01974867202143971,0.13148669466323717,-2.241472530408644,20.914632359389042,0.0,0.0,-0.000798967518321092,0.005319527207376495,-0.09068274277210264,0.8461385097026835,0.0,-0.0275396,0.0137698,0.0206547,-0.0275396,1.8658079,-0.0413094,-0.008426373626268,-0.023111843711554,-0.01421733821716,0.008657814407994001,0.002518009768062,0.0019661172161580002,1.5286248722299365,2.9957280021335464,0.36499600173556246,0.12999899990973063,16.556009999476373
pid,08:22:11.674,200,-0.0,-110.299,111.393,-90.264,-63.745,-0.0,0.0,0.0,0.0,-0.09895843999552253,1.7317726999258631,0.0,0.0,-110.3,111.4,-90.1,-65.3,0.0,0.0,-110.29979997804355,111.39832660088396,-90.35351701663494,-62.91793285702467,0.0,0.0,-0.019791144805141155,0.13177802848927916,-2.2146160798168655,20.46131856014581,0.0,0.0,-0.0007999780435454795,0.005326600883961419,-0.08951701663494305,0.8270671429753307,0.0,-0.0206547,0.0275396,-0.0,-0.0413094,1.6386062000000001,0.0137698,-0.008686446886338,-0.022747741147456,-0.013107692307528,0.008209401709572,0.003138888888954,0.0018971306471700002,1.5636403039062403,2.9828760016243905,0.3668290009954944,0.12501699893618934,16.583657998126
pid,08:22:11.694,201,-0.0,-110.299,111.394,-90.264,-63.706,-0.0,0.0,0.0,0.048881243736102684,0.0,1.906368505698627,0.0,0.0,-110.3,111.4,-90.1,-65.3,0.0,0.0,-110.29980100093078,111.39883273820735,-90.35334926312923,-62.90006333926916,0.0,0.0,-0.019576960865055944,0.1181151271123546,-2.183751554320162,19.69759317442843,0.0,0.0,-0.0008010009307781729,0.004832738207340981,-0.08934926312923608,0.8059366607308434,0.0,0.034424500000000004,-0.0206547,-0.0275396,-0.0413094,1.5835270000000001,-0.0,-0.00797557997548,-0.022817094016808,-0.014252014651835999,0.008261141636313,0.002449023199074,0.0016556776557120003,1.6024259733291837,3.798607998760417,0.42799600123544224,0.146720001794165,16.474121999635827
pid,08:22:11.715,202,-0.0,-110.299,111.394,-90.265,-63.668,-0.0,0.0,0.0,0.0,-0.0474055856326506,1.8014122540323019,0.0,0.0,-110.3,111.4,-90.1,-65.3,0.0,0.0,-110.29980205565882,111.39883906657553,-90.35367523300408,-62.88278465541601,0.0,0.0,-0.019010959107869495,0.11469939246360862,-2.1018506758252524,18.61179662878491,0.0,0.0,-0.0008020556588093086,0.004839066575527795,-0.08867523300408209,0.7852153445839889,0.0,0.0481943,0.0068849,0.0206547,-0.0,1.7556495,0.0068849,-0.008946520146408,-0.022817094016808,-0.014009279609104,0.008571581196759001,0.000362179487187,0.002035103785146,1.6403310641452826,6.536392997077201,0.5022349978389684,0.19833199985441752,12.779715998476604
pid,08:22:11.736,203,-0.0,-110.299,111.394,-90.265,-63.633,-0.0,0.0,0.0,0.0,0.0,1.722385517006555,0.0,0.0,-110.3,111.4,-90.1,-65.3,0.0,0.0,-110.29980307169151,111.3988451627717,-90.35350758760929,-62.866978381919864,0.0,0.0,-0.01975998643670671,0.11921768836459386,-2.1777741006205584,18.848350581361313,0.0,0.0,-0.0008030716915072844,0.004845162771701439,-0.08850758760928557,0.7660216180801385,0.0,-0.0068849,0.0137698,0.0206547,-0.0,1.3356706,0.0275396,-0.00814896214886,-0.023111843711554,-0.014546764346582,0.009175213675404002,0.0028112026862610003,0.001569444444477,1.6751570075667486,10.63749799868674,0.5687910015694797,0.2403130019956734,9.462529000302311
pid,08:22:11.757,204,-0.0,-110.299,111.394,-90.266,-63.602,-0.0,0.0,0.0,0.0,-0.04727521105510563,1.4655315427015565,0.0,0.0,-110.3,111.4,-90.1,-65.3,0.0,0.0,-110.29980412932825,111.39885150859213,-90.35383201991081,-62.85327424910068,0.0,0.0,-0.019007691854092363,0.11467804631375549,-2.0761386393298746,17.698083947994274,0.0,0.0,-0.0008041293282445849,0.004851508592125242,-0.08783201991080603,0.7487257508993181,0.0,-0.0137698,0.0275396,-0.0481943,-0.034424500000000004,1.2599367000000001,0.0137698,-0.008461050060944,-0.022817094016808,-0.013749206349034,0.008640567765747,0.0019143772894170002,0.001431471306501,1.7061057997674134,4.239992998918751,0.6255859989323653,0.19727499966393225,15.132821001316188
pid,08:22:11.777,205,-0.0,-110.299,111.394,-90.267,-63.573,-0.0,0.0,0.0,0.0,-0.04896055657324784,1.419856140637407,0.0,0.0,-110.3,111.4,-90.1,-65.3,0.0,0.0,-110.29980515055847,111.39885763597346,-90.35416147446394,-62.840537913691996,0.0,0.0,-0.019710309734050545,0.11891628044641112,-2.1337371507697913,17.930875707390285,0.0,0.0,-0.0008051505584631968,0.004857635973451124,-0.08716147446394018,0.7324620863080042,0.0,-0.0481943,-0.034424500000000004,0.0206547,-0.0963886,1.2943612,-0.0206547,-0.008807814407704,-0.022054212453936,-0.013419780219612,0.008485347985524,0.0018281440781820002,0.001345238095266,1.7350662811546969,3.765014997043181,0.47482799709541723,0.29086799986544065,15.467372999410145
pid,08:22:11.797,206,-0.0,-110.299,111.394,-90.267,-63.547,-0.0,0.0,0.0,0.0,0.0,1.288283429219649,0.0,0.0,-110.3,111.4,-90.1,-65.3,0.0,0.0,-110.29980615965319,111.39886369054175,-90.3539929556465,-62.8293068567276,0.0,0.0,-0.019972348509573513,0.1204963832650439,-2.1552227541966915,17.780618918120716,0.0,0.0,-0.0008061596531803161,0.004863690541739629,-0.08699295564650811,0.717693143272399,0.0,-0.0413094,0.034424500000000004,-0.0068849,-0.0550792,0.9156917,0.0275396,-0.008599755799648,-0.024048107447806,-0.01421733821716,0.00896825396844,0.003035409035472,0.00120726495729,1.7609471883052032,1.9451650005066767,0.37912600237177685,0.16342399976565503,17.534981001517735
pid,08:22:11.824,207,-0.0,-110.299,111.394,-90.268,-63.523,-0.0,0.0,0.0,0.0,-0.03802598344548125,0.9126236026869567,0.0,0.0,-110.3,111.4,-90.1,-65.3,0.0,0.0,-110.29980747454357,111.39887157988406,-90.35427205406188,-62.81964341694117,0.0,0.0,-0.015352506813055751,0.09262330801173789,-1.640289849774623,13.372912891768948,0.0,0.0,-0.0008074745435635577,0.00487157988405329,-0.08627205406187954,0.7033565830588344,0.0,-0.0137698,0.0068849,-0.0,-0.0481943,0.9432313,0.0137698,-0.008911843711731999,-0.022574358974076,-0.013801221001048,0.008554334554512,0.0035700549451290003,0.002035103785146,1.7849341724556624,2.1066259978397284,0.5585309991147369,0.16810899978736416,17.21757699851878
pid,08:22:11.844,208,-0.0,-110.299,111.394,-90.27,-63.501,-0.0,0.0,0.0,0.0,-0.09871040926290803,1.0858145018947938,0.0,0.0,-110.3,111.4,-90.1,-65.3,0.0,0.0,-110.29980848760796,111.39887765827037,-90.35509983311653,-62.81046591976881,0.0,0.0,-0.01995153566622158,0.12036891102824954,-2.1000598387893388,17.04072541744135,0.0,0.0,-0.000808487607955044,0.004877658270359575,-0.08509983311653002,0.6905340802311883,0.0,-0.0068849,0.0137698,-0.0,-0.0895037,0.7711088,0.0137698,-0.008686446886338,-0.022574358974076,-0.013246398046232,0.008726800976982,0.0038632478633280004,0.0018281440781820002,1.8070246262848768,2.0186090005154256,0.2791820006677881,0.08520299888914451,17.689331001747632
pid,08:22:11.864,209,-0.0,-110.299,111.394,-90.271,-63.484,-0.0,0.0,0.0,0.0,-0.04942499587589295,0.8402249298859659,0.0,0.0,-110.3,111.4,-90.1,-65.3,0.0,0.0,-110.29980949924183,111.3988837280736,-90.35542684372425,-62.80380304688215,0.0,0.0,-0.020004748344215575,0.12068911994771161,-2.0863982014328037,16.80936580124208,0.0,0.0,-0.0008094992418250513,0.004883728073593829,-0.0844268437242448,0.68019695311785,0.0,-0.0481943,0.034424500000000004,0.034424500000000004,-0.0757339,0.5714467,0.0137698,-0.008461050060944,-0.022348962148682,-0.014252014651835999,0.00896825396844,0.004466880341973001,0.0016556776557120003,1.8240433108892962,1.959868000994902,0.27797800066764466,0.08236899884650484,17.75112699760939
pid,08:22:11.884,210,-0.0,-110.299,111.394,-90.273,-63.465,-0.0,0.0,0.0,0.0,-0.09887679015524051,0.9393295064768925,0.0,0.0,-110.3,111.4,-90.1,-65.3,0.0,0.0,-110.29981051060152,111.39888979623176,-90.35625187849759,-62.79615889191628,0.0,0.0,-0.02003517166617714,0.12087183897738898,-2.0579196300639504,16.533215472836865,0.0,0.0,-0.0008105106015108277,0.00488979623175112,-0.08325187849759175,0.6688411080837255,0.0,0.0619641,0.0206547,-0.0137698,-0.0413094,0.47505810000000004,0.0206547,-0.008200976800874,-0.02288644688616,-0.01404395604378,0.008882020757205001,0.005553418803534001,0.002035103785146,1.8431470369994842,1.9292760007374454,0.27649700132315047,0.0804250012151897,17.782053000701126
pid,08:22:11.905,211,-0.0,-110.299,111.394,-90.274,-63.453,-0.0,0.0,0.0,0.0,-0.049172360430725544,0.5900683251659113,0.0,0.0,-110.3,111.4,-90.1,-65.3,0.0,0.0,-110.29981152743292,111.39889589722014,-90.35657494983434,-62.7920369795084,0.0,0.0,-0.019952359715195926,0.12037141136958315,-2.030202597891984,16.250555937419474,0.0,0.0,-0.0008115274329156819,0.004895897220137613,-0.08257494983433844,0.6609630204916002,0.0,-0.034424500000000004,-0.034424500000000004,-0.0,-0.0619641,0.757339,-0.0413094,-0.007923565323466,-0.022123565323288,-0.013246398046232,0.008157661782831001,0.0049497863248890005,0.0018108974359350002,1.8551878611073276,1.9217759981984273,0.2724229998420924,0.07955500041134655,17.876607002108358
pid,08:22:11.925,212,-0.0,-110.299,111.394,-90.276,-63.431,-0.0,0.0,0.0,0.0,-0.09819736380001931,1.0801710018030033,0.0,0.0,-110.3,111.4,-90.1,-65.3,0.0,0.0,-110.29981254579019,111.3989020073638,-90.3573957189536,-62.78294028925895,0.0,0.0,-0.01994746364089109,0.12034105011358022,-1.9982112564675316,15.909438794980456,0.0,0.0,-0.0008125457901826394,0.004902007363796201,-0.0813957189536012,0.6480597107410446,0.0,0.0,-0.0413094,0.0068849,-0.0963886,0.4337487,0.0206547,-0.008339682539578,-0.02288644688616,-0.01421733821716,0.009571886447085001,0.007019383394529,0.001276251526278,1.8772783491001008,2.1027740003773943,0.7068999984767288,0.14305399963632226,17.085114999645157
pid,08:22:11.945,213,-0.0,-110.299,111.394,-90.278,-63.42,-0.0,0.0,0.0,0.0,-0.09895260339302209,0.544239318658809,0.0,0.0,-110.3,111.4,-90.1,-65.3,0.0,0.0,-110.29981355637503,111.39890807087279,-90.35821583485365,-62.779340188741685,0.0,0.0,-0.02012588032871803,0.1214165976243035,-1.984391423018677,15.848739053247517,0.0,0.0,-0.0008135563750215624,0.004908070872787107,-0.08021583485364658,0.6406598112583168,0.0,-0.0068849,-0.0137698,-0.0,-0.0826188,0.44751850000000004,-0.0206547,-0.008599755799648,-0.022123565323288,-0.013107692307528,0.010106532356742,0.007036630036776001,0.001431471306501,1.8884175915300057,1.899128001241479,0.3692739992402494,0.09270299779018387,19.5636079988617
pid,08:22:11.968,214,-0.0,-110.299,111.394,-90.28,-63.411,-0.0,0.0,0.0,0.0,-0.09056820193885308,0.40755690872580413,0.0,0.0,-110.3,111.4,-90.1,-65.3,0.0,0.0,-110.29981466051531,111.39891469571448,-90.35901708960294,-62.77692590973377,0.0,0.0,-0.018445584515414483,0.11127878848440656,-1.7891089319491067,14.356737562890075,0.0,0.0,-0.0008146605153029896,0.00491469571447567,-0.07901708960294229,0.6340740902662318,0.0,0.0068849,0.0137698,0.0275396,-0.1514678,0.68849,0.034424500000000004,-0.008200976800874,-0.02288644688616,-0.013367765567598,0.007795482295644001,0.006312271062402001,0.001569444444477,1.8975663361263517,2.082681003230391,0.3021630000148434,0.1140730018960312,17.610238999623107
pid,08:22:11.988,215,-0.0,-110.299,111.394,-90.282,-63.4,-0.0,0.0,0.0,0.0,-0.09863612633140241,0.542498694824115,0.0,0.0,-110.3,111.4,-90.1,-65.3,0.0,0.0,-110.29981567434264,111.39892077867843,-90.35983257302999,-62.77335218164921,0.0,0.0,-0.020113739376181126,0.12134163684362233,-1.9192758765255868,15.452528344072636,0.0,0.0,-0.0008156743426326329,0.004920778678425108,-0.07783257302999402,0.62664781835079,0.0,-0.0413094,0.0,-0.0068849,-0.1996621,0.6816051000000001,0.0068849,-0.00806227106217,-0.022817094016808,-0.013662515262343999,0.008295634920807001,0.007036630036776001,0.0018281440781820002,1.9087066301556128,1.9260360022599343,0.28190399825689383,0.08218500079237856,17.78040399949532
pid,08:22:12.008,216,-0.0,-110.299,111.394,-90.286,-63.386,-0.0,0.0,0.0,0.0,-0.19783752933293047,0.6924313526642024,0.0,0.0,-110.3,111.4,-90.1,-65.3,0.0,0.0,-110.29981668527317,111.39892684426165,-90.36164453994989,-62.76828710269928,0.0,0.0,-0.02019637458564768,0.12183933701641105,-1.8706661113992422,15.275849179863986,0.0,0.0,-0.0008166852731648078,0.004926844261646579,-0.07564453994989151,0.61771289730072,0.0,-0.0137698,0.0137698,0.0206547,-0.3304752,0.4681732,0.0068849,-0.008859829059718,-0.022054212453936,-0.012691575091416,0.008019688644855002,0.007502289377445,0.0016556776557120003,1.923026000864258,3.9432539997505955,0.49703100012266077,0.13464700168697163,15.480762001971016
pid,08:22:12.028,217,-0.0,-110.299,111.394,-90.291,-63.375,-0.0,0.0,0.0,0.0,-0.2472269442510159,0.5438992773528674,0.0,0.0,-110.3,111.4,-90.1,-65.3,0.0,0.0,-110.29981769648981,111.3989329115615,-90.36395139757155,-62.764733694732186,0.0,0.0,-0.020215660449935283,0.1219548651608887,-1.8035551100474458,15.087427383085606,0.0,0.0,-0.0008176964898041206,0.004932911561496667,-0.07295139757155766,0.6102663052678139,0.0,-0.034424500000000004,0.0206547,-0.0068849,-0.2340866,0.5783316000000001,0.0137698,-0.008565079364972,-0.023025152624864,-0.013454456654287999,0.007726495726656001,0.007243589743740001,0.002104090354134,1.9344619406956525,1.9250719997216947,0.2784040007099975,0.07938800263218582,21.152127999812365
pid,08:22:12.052,218,-0.0,-110.299,111.394,-90.297,-63.365,-0.0,0.0,0.0,0.0,-0.254259312769643,0.42376552128263795,0.0,0.0,-110.3,111.4,-90.1,-65.3,0.0,0.0,-110.29981887638759,111.39893999094821,-90.36671895770787,-62.762016796946526,0.0,0.0,-0.017350578962654323,0.10466989196482726,-1.4772245228183765,12.776174568334106,0.0,0.0,-0.0008188763875836003,0.004939990948201967,-0.0697189577078774,0.6029832030534763,0.0,0.06884900000000001,-0.0413094,0.034424500000000004,-0.13769800000000001,0.8812672,0.0206547,-0.008599755799648,-0.022955799755512,-0.013159706959542,0.007898962149126,0.006708943834083001,0.0017246642247000002,1.9450118251568504,4.961392001860077,0.3446260016062297,0.12225799946463667,14.641122001194162
pid,08:22:12.072,219,-0.0,-110.299,111.394,-90.302,-63.348,-0.0,0.0,0.0,0.0,-0.24707548392465192,0.8400566453423419,0.0,0.0,-110.3,111.4,-90.1,-65.3,0.0,0.0,-110.29981988822412,111.39894606196738,-90.36901456672906,-62.7554919018507,0.0,0.0,-0.0202574279737817,0.12220506541079311,-1.6557656504551688,14.639422507923065,0.0,0.0,-0.0008198882241146066,0.004946061967373794,-0.06701456672905692,0.5925080981493025,0.0,-0.0275396,0.0275396,-0.0206547,-0.0068849,1.3700951000000001,-0.0068849,-0.009119902319787999,-0.022747741147456,-0.013419780219612,0.007829975580138001,0.004208180708268,0.001569444444477,1.9624334383616677,4.315657999541145,0.333107996993931,0.10868399840546772,15.290283001377247
pid,08:22:12.092,220,-0.0,-110.299,111.394,-90.306,-63.329,-0.0,0.0,0.0,0.0,-0.19759753138719172,0.9385882740912667,0.0,0.0,-110.3,111.4,-90.1,-65.3,0.0,0.0,-110.29982090038251,111.39895213491775,-90.37080606209993,-62.747986866045,0.0,0.0,-0.020275986137453145,0.12231620435543669,-1.6006897362376515,14.350845121664,0.0,0.0,-0.0008209003825072614,0.004952134917743933,-0.06480606209993311,0.581013133955004,0.0,-0.0757339,0.0,0.0068849,-0.0550792,1.1566632000000001,-0.0,-0.008599755799648,-0.021135286935022,-0.013333089132922,0.008519841270018001,0.004397893772985001,0.001500457875489,1.9817451904823655,4.357601999799954,0.285477999568684,0.10959200153592974,15.485021001950372
pid,08:22:12.113,221,-0.0,-110.299,111.394,-90.307,-63.306,-0.0,0.0,0.0,0.0,-0.047695607182479074,1.0969989651919352,0.0,0.0,-110.3,111.4,-90.1,-65.3,0.0,0.0,-110.29982194869709,111.39895842480517,-90.37108906098365,-62.73857720530033,0.0,0.0,-0.019601671090034866,0.11824754087495547,-1.5283833386778225,13.53178736112533,0.0,0.0,-0.0008219486970801881,0.004958424805167283,-0.06408906098364753,0.5674227946996666,0.0,0.034424500000000004,0.0481943,0.0275396,-0.0275396,1.4182894000000001,-0.0275396,-0.007871550671452,-0.023111843711554,-0.01274358974343,0.008433608058783001,0.0035183150183880005,0.001345238095266,2.0047249187856178,3.538906999892788,0.350330003129784,0.16081300054793246,15.972590001183562
pid,08:22:12.134,222,-0.0,-110.299,111.394,-90.308,-63.281,-0.0,0.0,0.0,0.0,-0.0481196824379334,1.2029920609425226,0.0,0.0,-110.3,111.4,-90.1,-65.3,0.0,0.0,-110.29982298777294,111.39896465926029,-90.37137293320656,-62.728175099444385,0.0,0.0,-0.019800955141876873,0.11944891350790132,-1.5247427105225086,13.300879329195563,0.0,0.0,-0.00082298777293488,0.004964659260281223,-0.06337293320655135,0.5528249005556134,0.0,0.0275396,-0.0550792,-0.0481943,-0.0,1.721225,0.0137698,-0.00823565323555,-0.023423931623638,-0.013038339438176,0.008675061050241,0.0019316239316640002,0.0018971306471700002,2.0296950509867235,3.1297999994421843,0.2995149989146739,0.12094299745513126,16.565453999646707
pid,08:22:12.154,223,-0.0,-110.299,111.394,-90.309,-63.256,-0.0,0.0,0.0,0.0,-0.04912801171256717,1.2282002928256988,0.0,0.0,-110.3,111.4,-90.1,-65.3,0.0,0.0,-110.29982400552225,111.39897076575613,-90.37166022360086,-62.717755379033086,0.0,0.0,-0.020240876474220033,0.1221019191449805,-1.5391860995021245,13.221444021669146,0.0,0.0,-0.000824005522247262,0.0049707657561270935,-0.06266022360085799,0.5382446209669141,0.0,0.0206547,0.0137698,0.0137698,-0.0413094,1.4940233,-0.034424500000000004,-0.00814896214886,-0.023337240536948,-0.012864957264796,0.008502594627771,0.0018971306471700002,0.001431471306501,2.0546663962794516,4.666229000577005,0.31127500187722035,0.3259229997638613,14.73876999807544
pid,08:22:12.175,224,-0.0,-110.299,111.394,-90.309,-63.226,-0.0,0.0,0.0,0.0,0.0,1.4834840839425225,0.0,0.0,-110.3,111.4,-90.1,-65.3,0.0,0.0,-110.29982501665545,111.3989768325553,-90.37144889676333,-62.70485246927738,0.0,0.0,-0.020398317955511853,0.12305086473712226,-1.5440324068025681,12.885234453548714,0.0,0.0,-0.0008250166554404359,0.004976832555300348,-0.06244889676332832,0.5211475307226223,0.0,0.0619641,0.0275396,-0.0206547,-0.0275396,1.2737065,0.0206547,-0.009258608058492,-0.02288644688616,-0.013107692307528,0.009209706959898001,0.0008968253968440001,0.001431471306501,2.0845128927401704,2.708785999857355,0.28883000049972907,0.10409099922981113,16.955652998149162
pid,08:22:12.195,225,-0.0,-110.299,111.394,-90.309,-63.193,-0.0,0.0,0.0,0.0,0.0,1.63227510407214,0.0,0.0,-110.3,111.4,-90.1,-65.3,0.0,0.0,-110.29982602751446,111.39898289770937,-90.37123762722969,-62.690482349216936,0.0,0.0,-0.02042885071389902,0.12323424056278774,-1.5392262039929934,12.427985617120894,0.0,0.0,-0.0008260275144493789,0.004982897709368217,-0.06223762722969184,0.5025176507830622,0.0,-0.0275396,0.034424500000000004,-0.0206547,-0.0413094,1.3425555,0.0206547,-0.009119902319787999,-0.022348962148682,-0.012604884004726,0.009295940171133001,0.0008795787545970001,0.001586691086724,2.1173490501095937,2.436956001474755,0.280940999800805,0.0934430026973132,17.249725002329797
pid,08:22:12.215,226,-0.0,-110.299,111.394,-90.31,-63.163,-0.0,0.0,0.0,0.0,-0.04946988264457188,1.4840964793301263,0.0,0.0,-110.3,111.4,-90.1,-65.3,0.0,0.0,-110.29982703823042,111.39898896200515,-90.37152537687778,-62.677642249226565,0.0,0.0,-0.020456742100447903,0.12340168245565503,-1.5218265868961345,12.005295485640143,0.0,0.0,-0.0008270382304118584,0.004988962005143094,-0.06152537687778192,0.48535775077343146,0.0,0.0,-0.034424500000000004,-0.0068849,-0.0550792,0.9776558000000001,0.0275396,-0.008287667887564,-0.022348962148682,-0.012899633699472,0.009485653235850001,0.0018798840049230002,0.0018108974359350002,2.1473020281273905,2.6132880011573434,0.2792009981931187,0.10277699766447768,17.098708001867635
pid,08:22:12.236,227,-0.0,-110.299,111.394,-90.311,-63.139,-0.0,0.0,0.0,0.0,-0.048873269634351284,1.1729584712185273,0.0,0.0,-110.3,111.4,-90.1,-65.3,0.0,0.0,-110.29982806128454,111.39899510032988,-90.37180951245784,-62.66785306918621,0.0,0.0,-0.02023503121634182,0.12206344263578084,-1.4859798493356295,11.513245493474788,0.0,0.0,-0.0008280612845368296,0.00499510032987871,-0.060809512457836945,0.471146930813795,0.0,0.0068849,0.0550792,-0.0068849,-0.0481943,1.2461669,-0.0068849,-0.009085225885112,-0.022487667887386,-0.012951648351486,0.009088980464169,0.001414224664254,0.002104090354134,2.1712851033431746,2.5692130002425984,0.27738599965232424,0.08764700032770634,17.21333599925856
pid,08:22:12.256,228,-0.0,-110.299,111.394,-90.311,-63.115,-0.0,0.0,0.0,0.0,0.0,1.162152162368143,0.0,0.0,-110.3,111.4,-90.1,-65.3,0.0,0.0,-110.29982909385157,111.39900129573203,-90.37159164081574,-62.65810922813415,0.0,0.0,-0.02007360859159106,0.12108888853359247,-1.4670147165714253,11.062012468540088,0.0,0.0,-0.0008290938515642665,0.005001295732029121,-0.060591640815729875,0.4568907718658508,0.0,-0.0137698,0.0,0.0206547,-0.0275396,0.8055333,-0.034424500000000004,-0.00814896214886,-0.023718681318383998,-0.012656898656739999,0.008571581196759001,0.0018971306471700002,0.0016556776557120003,2.1951726583574205,2.0380530004331376,0.2753119988483377,0.08379599967156537,17.688239000563044
pid,08:22:12.276,229,-0.0,-110.299,111.394,-90.312,-63.094,-0.0,0.0,0.0,0.0,-0.04934127002753244,1.0361666705879977,0.0,0.0,-110.3,111.4,-90.1,-65.3,0.0,0.0,-110.29983010720206,111.39900737583496,-90.37187681051253,-62.64984467930794,0.0,0.0,-0.020479271804183404,0.12353514160180121,-1.4771989379572454,10.957593806319602,0.0,0.0,-0.0008301072020486799,0.005007375834949812,-0.05987681051253446,0.44415532069206165,0.0,-0.0068849,-0.0068849,-0.0137698,-0.1032735,1.032735,0.0275396,-0.008859829059718,-0.022123565323288,-0.013073015872852,0.008675061050241,0.001224511599537,0.0018108974359350002,2.2161716991244123,2.5775649992283434,0.29105200155754574,0.11970200284849852,17.068004999600817
pid,08:22:12.297,230,-0.0,-110.299,111.394,-90.314,-63.074,-0.0,0.0,0.0,0.0,-0.09890476920333019,0.9890476920357615,0.0,0.0,-110.3,111.4,-90.1,-65.3,0.0,0.0,-110.29983111827565,111.39901344227648,-90.37266044076442,-62.64209532911777,0.0,0.0,-0.02055039030815769,0.123963337817635,-1.4504493387961852,10.679357947886592,0.0,0.0,-0.0008311182756415292,0.005013442276478486,-0.058660440764427335,0.4319046708822256,0.0,0.0550792,0.0413094,-0.0550792,-0.06884900000000001,0.757339,-0.0137698,-0.008981196581083999,-0.022123565323288,-0.012812942612782,0.009192460317651,0.0019661172161580002,0.0016556776557120003,2.2362712268416804,1.9937010001740418,0.2741270000115037,0.08487000013701618,17.708126997604268
pid,08:22:12.317,231,-0.0,-110.299,111.394,-90.315,-63.058,-0.0,0.0,0.0,0.0,-0.04918158579794127,0.7869053727632163,0.0,0.0,-110.3,111.4,-90.1,-65.3,0.0,0.0,-110.2998321349163,111.39901954212047,-90.37294186302185,-62.63637463748455,0.0,0.0,-0.020462857390614368,0.12343452073125294,-1.424836353743972,10.368101970521364,0.0,0.0,-0.0008321349162940805,0.005019542120464848,-0.05794186302185267,0.42162536251544935,0.0,0.0206547,0.0,-0.0068849,-0.0550792,0.6471806,-0.0137698,-0.008721123321014,-0.023423931623638,-0.012899633699472,0.009088980464169,0.0024662698413210004,0.0018971306471700002,2.252293497748459,1.9510909987729974,0.27486800172482617,0.08831400191411376,17.74986799864564
pid,08:22:12.337,232,-0.0,-110.299,111.394,-90.317,-63.038,-0.0,0.0,0.0,0.0,-0.0989071015054349,0.9890710150568086,0.0,0.0,-110.3,111.4,-90.1,-65.3,0.0,0.0,-110.29983314596605,111.39902560841895,-90.37372246522665,-62.62866163201332,0.0,0.0,-0.020601013158199268,0.12426709050502534,-1.4025636564559483,10.121617878155467,0.0,0.0,-0.0008331459660411156,0.0050256084189470585,-0.05672246522665603,0.40933836798667755,0.0,-0.034424500000000004,-0.0068849,-0.0275396,-0.0963886,0.9294615,-0.034424500000000004,-0.008807814407704,-0.023874725274426,-0.013159706959542,0.009209706959898001,0.001310744810772,0.002017857142899,2.2723930117829534,1.9680900004459545,0.275182999757817,0.20518299788818695,17.610294999030884
pid,08:22:12.357,233,-0.0,-110.299,111.394,-90.318,-63.025,-0.0,0.0,0.0,0.0,-0.0494996577527324,0.6434955507823558,0.0,0.0,-110.3,111.4,-90.1,-65.3,0.0,0.0,-110.29983415607404,111.39903166906691,-90.37400226168394,-62.62445962769985,0.0,0.0,-0.020645220088587043,0.12453294836786549,-1.3860463933603198,9.913305672457357,0.0,0.0,-0.0008341560740348086,0.005031669066909217,-0.05600226168394329,0.40054037230014927,0.0,0.0068849,-0.0068849,-0.0137698,-0.0963886,0.619641,0.0137698,-0.008599755799648,-0.022054212453936,-0.01231013430998,0.00896825396844,0.0017764041514410002,0.001586691086724,2.285429062561338,1.9495720007398631,0.4453839974303264,0.13418299931799993,18.018920000031358
pid,08:22:12.379,234,-0.0,-110.299,111.394,-90.32,-63.009,-0.0,0.0,0.0,0.0,-0.09090681318183784,0.7272545054563175,0.0,0.0,-110.3,111.4,-90.1,-65.3,0.0,0.0,-110.2998352561016,111.39903826923228,-90.37476025562047,-62.61897979084253,0.0,0.0,-0.018982617596869346,0.11450324996480936,-1.2445200818730369,8.86387357277549,0.0,0.0,-0.0008352561015954052,0.005038269232272796,-0.05476025562047937,0.3900202091574698,0.0,-0.0206547,-0.0206547,0.034424500000000004,-0.1032735,0.4062091,0.0206547,-0.008599755799648,-0.023111843711554,-0.012154090353938,0.007881715506879002,0.00224206349211,0.0016556776557120003,2.301546871128195,2.0878299983451143,0.28944199948455207,0.09497999781160615,17.828034000558546
pid,08:22:12.400,235,-0.0,-110.299,111.394,-90.322,-62.994,-0.0,0.0,0.0,0.0,-0.0977613481422268,0.7332101110632278,0.0,0.0,-110.3,111.4,-90.1,-65.3,0.0,0.0,-110.29983627900076,111.39904440662718,-90.37553317200899,-62.61383859628439,0.0,0.0,-0.020438940634054242,0.12328699811207378,-1.3083687664757908,9.29127283467553,0.0,0.0,-0.0008362790007510057,0.0050444066271779775,-0.05353317200898289,0.38016140371561136,0.0,0.0413094,-0.0068849,0.0137698,-0.1721225,0.46128830000000004,-0.0137698,-0.00849572649562,-0.023423931623638,-0.012656898656739999,0.008330128205301001,0.002483516483568,0.0018108974359350002,2.3166693764972144,1.915608998388052,0.3572189998521935,0.08944300134317018,17.914957999892067
pid,08:22:12.420,236,-0.0,-110.299,111.395,-90.324,-62.985,-0.0,0.0,0.0,0.04896398594413353,-0.09792797188896288,0.4406758735013767,0.0,0.0,-110.3,111.4,-90.1,-65.3,0.0,0.0,-110.29983730015945,111.39954951242066,-90.37630443246125,-62.611702578663824,0.0,0.0,-0.020498776619304843,0.11138113110998739,-1.2805167479365527,9.139064845729125,0.0,0.0,-0.0008373001594463858,0.0045495124206667015,-0.0523044324612556,0.3732974213361757,0.0,-0.034424500000000004,0.0068849,0.0068849,-0.2203168,0.6540655,-0.0,-0.00840903540893,-0.023718681318383998,-0.012102075701924,0.008640567765747,0.001534951159983,0.002017857142899,2.3258174906900995,1.8847760002245195,0.3546819971234072,0.08990700007416308,17.95529200171586
pid,08:22:12.441,237,-0.0,-110.299,111.395,-90.326,-62.976,-0.0,0.0,0.0,0.0,-0.09787541274318842,0.440439357345391,0.0,0.0,-110.3,111.4,-90.1,-65.3,0.0,0.0,-110.29983832186652,111.39955462095594,-90.37707352666615,-62.60957702586651,0.0,0.0,-0.02051277467402023,0.11144635148835744,-1.2497106256781585,8.965949957996456,0.0,0.0,-0.0008383218665102277,0.004554620955943278,-0.051073526666158386,0.3664229741334921,0.0,-0.0550792,0.0,-0.0,-0.2547413,0.3373601,0.0068849,-0.00840903540893,-0.021811477411204,-0.012656898656739999,0.008019688644855002,0.0023627899878390004,0.0018971306471700002,2.3349685222717653,1.8854240006476175,0.3540520010574255,0.09053599933395162,17.949476001376752
pid,08:22:12.461,238,-0.0,-110.299,111.395,-90.33,-62.964,-0.0,0.0,0.0,0.0,-0.19583536827384737,0.5875061048208463,0.0,0.0,-110.3,111.4,-90.1,-65.3,0.0,0.0,-110.29983934313249,111.39955972728586,-90.37883863548994,-62.605962703204156,0.0,0.0,-0.020546633932371095,0.11161948403189764,-1.1955415208940448,8.764545734212696,0.0,0.0,-0.00083934313248335,0.004559727285865733,-0.04883863548994327,0.3580372967958425,0.0,-0.0137698,-0.0206547,0.0137698,-0.3029356,0.3029356,-0.0,-0.008461050060944,-0.022747741147456,-0.011807326007178,0.007950702075867,0.002862942613002,0.0018108974359350002,2.3473010032801493,2.10877399877063,0.28770099743269384,0.10572100291028619,17.69092399990768
pid,08:22:12.482,239,-0.0,-110.299,111.395,-90.335,-62.954,-0.0,0.0,0.0,0.0,-0.24469709698474898,0.4893941939698457,0.0,0.0,-110.3,111.4,-90.1,-65.3,0.0,0.0,-110.29984036480379,111.39956483564234,-90.38109854273557,-62.60335954406261,0.0,0.0,-0.02056348278944053,0.11170020298950682,-1.1280179582632968,8.580070165336549,0.0,0.0,-0.0008403648037784706,0.004564835642341336,-0.04609854273557801,0.3506404559373877,0.0,0.0,0.0,-0.0137698,-0.1858923,0.3029356,-0.0137698,-0.008721123321014,-0.022661050060766,-0.012362148961994,0.007657509157668001,0.0036217948718700005,0.002345543345592,2.357746169544123,1.8445919995428994,0.34179300200776197,0.13683200086234137,17.97323600112577
pid,08:22:12.502,240,-0.0,-110.299,111.395,-90.341,-62.948,-0.0,0.0,0.0,0.0,-0.2931405607520292,0.2931405607520292,0.0,0.0,-110.3,111.4,-90.1,-65.3,0.0,0.0,-110.29984138820362,111.39956995264149,-90.38385190337657,-62.60276658046246,0.0,0.0,-0.020553750818136395,0.11163653999478984,-1.0468025820917821,8.433493182797738,0.0,0.0,-0.0008413882036109044,0.004569952641489294,-0.04285190337657241,0.34523341953754283,0.0,0.0550792,0.0,0.0137698,-0.06884900000000001,0.3855544,-0.0137698,-0.008339682539578,-0.02288644688616,-0.012067399267248,0.009244200244392,0.002690476190532,0.001569444444477,2.3643204097583697,2.916858000389766,0.2980900026159361,0.12466500265873037,16.957634998107096
pid,08:22:12.523,241,-0.0,-110.299,111.395,-90.345,-62.942,-0.0,0.0,0.0,0.0,-0.19385316479121512,0.2907797471864783,0.0,0.0,-110.3,111.4,-90.1,-65.3,0.0,0.0,-110.29984241991234,111.39957511118507,-90.38559913474083,-62.602199349617955,0.0,0.0,-0.0204132207610539,0.11086247281229329,-0.9837838446605534,8.23392893432398,0.0,0.0,-0.0008424199123311382,0.004575111185076253,-0.04059913474083032,0.33980065038204543,0.0,-0.0068849,0.0068849,0.0275396,-0.0275396,0.4544034,-0.0137698,-0.008911843711731999,-0.022054212453936,-0.012067399267248,0.008088675213843,0.0024662698413210004,0.0018281440781820002,2.370699263930368,2.08944100086228,0.28423800176824443,0.1102579990401864,17.574369001522427
pid,08:22:12.543,242,-0.0,-110.299,111.395,-90.347,-62.936,-0.0,0.0,0.0,0.0,-0.09890826769773675,0.296724803093913,0.0,0.0,-110.3,111.4,-90.1,-65.3,0.0,0.0,-110.29984343095016,111.39958016637421,-90.38634940839766,-62.60158944303989,0.0,0.0,-0.020855573550749313,0.1132540804604626,-0.9729954548884256,8.268992222209155,0.0,0.0,-0.0008434309501552661,0.004580166374211103,-0.039349408397669094,0.33441055696010835,0.0,0.0137698,0.0275396,-0.0206547,-0.0068849,0.3648997,0.0068849,-0.008287667887564,-0.023337240536948,-0.01222344322329,0.007864468864632001,0.0036217948718700005,0.0016556776557120003,2.3768742078620795,2.0622369993361644,0.27479300115373917,0.09342500197817571,17.634054998779902
pid,08:22:12.563,243,-0.0,-110.299,111.395,-90.349,-62.928,-0.0,0.0,0.0,0.0,-0.0989257638836286,0.39570305553275714,0.0,0.0,-110.3,111.4,-90.1,-65.3,0.0,0.0,-110.29984444180917,111.39958522066927,-90.38709770450353,-62.59998720061779,0.0,0.0,-0.020884262756773596,0.11339911432023272,-0.9422111300516189,8.112229185584395,0.0,0.0,-0.0008444418091642092,0.004585220669270029,-0.03809770450352801,0.32801279938220773,0.0,-0.034424500000000004,0.0275396,-0.0,-0.0206547,0.1721225,0.0137698,-0.00823565323555,-0.021898168497894,-0.012362148961994,0.008709554334735001,0.004104700854786,0.00120726495729,2.385038993391933,2.074385000014445,0.31460799800697714,0.1297210001212079,17.544999998790445
pid,08:22:12.583,244,-0.0,-110.299,111.395,-90.349,-62.919,-0.0,0.0,0.0,0.0,0.0,0.44415503000354667,0.0,0.0,-110.3,111.4,-90.1,-65.3,0.0,0.0,-110.29984545496893,111.39959028646803,-90.38684542772532,-62.59789953398704,0.0,0.0,-0.020861837616026717,0.11326660132971873,-0.933846504823945,7.923243728673959,0.0,0.0,-0.0008454549689247415,0.004590286468030058,-0.03784542772531552,0.3211004660129575,0.0,0.0206547,0.0,0.0481943,0.1652376,0.1927772,-0.0068849,-0.006640537240454,-0.022487667887386,-0.012258119657965999,0.008709554334735001,0.004656593406690001,0.0017419108669470002,2.3939899749163542,2.0736819969897624,0.2956079988507554,0.18101699970429763,17.73833100014599
pid,08:22:12.604,245,-0.0,-110.299,111.395,-90.35,-62.912,-0.0,0.0,0.0,0.0,-0.04888922043967296,0.3422245430808371,0.0,0.0,-110.3,111.4,-90.1,-65.3,0.0,0.0,-110.29984647768927,111.39959540006971,-90.38708974764108,-62.59684179015159,0.0,0.0,-0.020691817173933355,0.1123327635095675,-0.9066444242469808,7.703919597398378,0.0,0.0,-0.0008464776892651571,0.004595400069717925,-0.0370897476410903,0.3151582098484056,0.0,-0.0137698,0.0,0.0206547,0.0068849,0.0963886,0.0137698,-0.008461050060944,-0.023267887667596,-0.012362148961994,0.007243589743740001,0.0051567460318530005,0.0019661172161580002,2.4010560176722224,1.9300159983686171,0.2809229990816675,0.16685000082361512,17.907718000060413
pid,08:22:12.624,246,-0.0,-110.299,111.395,-90.35,-62.909,-0.0,0.0,0.0,0.0,0.0,0.1467720194562116,0.0,0.0,-110.3,111.4,-90.1,-65.3,0.0,0.0,-110.29984749968243,111.39960051003551,-90.38683424935101,-62.59778537579775,0.0,0.0,-0.020731539979541476,0.11253769140699207,-0.9010395270671868,7.612933146411469,0.0,0.0,-0.0008474996824219261,0.004600510035515981,-0.03683424935101698,0.31121462420225043,0.0,0.0757339,-0.0137698,-0.0413094,-0.0275396,0.2272017,-0.0068849,-0.00806227106217,-0.023805372405074,-0.012015384615234,0.008088675213843,0.004846306471407,0.001500457875489,2.404039725129348,1.9606650021160021,0.3512740004225634,0.08570299905841239,17.886792000354035
pid,08:22:12.645,247,-0.0,-110.299,111.395,-90.351,-62.906,-0.0,0.0,0.0,0.0,-0.04893485159627622,0.14680455478813326,0.0,0.0,-110.3,111.4,-90.1,-65.3,0.0,0.0,-110.29984852144909,111.39960561886883,-90.3870777859187,-62.598731485188004,0.0,0.0,-0.02076113559345308,0.11268763792716141,-0.882730549922904,7.518069586230656,0.0,0.0,-0.0008485214490860926,0.004605618868836814,-0.036077785918706695,0.30726851481199446,0.0,0.0,0.0481943,-0.0481943,-0.0068849,0.1858923,-0.0206547,-0.00823565323555,-0.023510622710328,-0.011807326007178,0.009382173382368,0.005605158730275001,0.001500457875489,2.4071275412823465,1.992590001464123,0.3362739989825059,0.0927399996726308,17.835958999057766
pid,08:22:12.668,248,-0.0,-110.299,111.395,-90.352,-62.899,-0.0,0.0,0.0,0.0,-0.048791968637902666,0.34154378046358524,0.0,0.0,-110.3,111.4,-90.1,-65.3,0.0,0.0,-110.29984954620791,111.39961074266292,-90.38731954669714,-62.597691931104656,0.0,0.0,-0.020725515966008978,0.11248360570260321,-0.8616551073716239,7.3507069239091685,0.0,0.0,-0.0008495462079025629,0.004610742662919165,-0.03531954669713855,0.3013080688953451,0.0,-0.0481943,-0.0275396,-0.0137698,0.0206547,0.1996621,0.0206547,-0.00806227106217,-0.023961416361116,-0.004178510378458,0.009847832723037001,0.0057776251527450005,0.0016556776557120003,2.4141936542042326,4.479916002310347,0.3393669976503588,0.13827600196236745,15.125875997910043
pid,08:22:12.685,249,-0.0,-110.299,111.395,-90.352,-62.896,-0.0,0.0,0.0,0.0,0.0,0.14799595398838508,0.0,0.0,-110.3,111.4,-90.1,-65.3,0.0,0.0,-110.29985055974913,111.39961581036901,-90.38706413430928,-62.59862848420143,0.0,0.0,-0.02097990024918268,0.11385354316545013,-0.8648916679798975,7.3349635282633185,0.0,0.0,-0.0008505597491250683,0.004615810369017481,-0.03506413430928035,0.2973715157985737,0.0,0.0413094,-0.0206547,-0.034424500000000004,0.0068849,0.2822809,-0.0068849,-0.008686446886338,-0.023423931623638,-0.012102075701924,0.0076920024421620005,0.004346153846244,0.001276251526278,2.417177279390154,1.9644049971248023,0.4326070011302363,0.1506830012658611,17.519535998872016
pid,08:22:12.706,250,-0.0,-110.299,111.395,-90.352,-62.891,-0.0,0.0,0.0,0.0,0.0,0.2469852785303348,0.0,0.0,-110.3,111.4,-90.1,-65.3,0.0,0.0,-110.2998515719552,111.3996208713994,-90.38680905837774,-62.59856688864231,0.0,0.0,-0.02103257365429266,0.11412872096352514,-0.8597324978799539,7.22266734601344,0.0,0.0,-0.0008515719551951406,0.0046208713994104755,-0.03480905837773207,0.29243311135768835,0.0,-0.0413094,0.0,0.0275396,-0.0481943,0.3924393,0.0275396,-0.008374358974254,-0.021811477411204,-0.011928693528543999,0.0086233211235,0.004415140415232,0.00120726495729,2.422150077926634,2.226828997663688,0.32984899735311046,0.13570300143328495,19.42638699983945
pid,08:22:12.728,251,-0.0,-110.299,111.395,-90.353,-62.884,-0.0,0.0,0.0,0.0,-0.04457236373641537,0.3120065461577579,0.0,0.0,-110.3,111.4,-90.1,-65.3,0.0,0.0,-110.29985269372654,111.39962648025609,-90.38702525022983,-62.597777088189126,0.0,0.0,-0.019003287467571732,0.1031065803977954,-0.7582929147405103,6.378815867525355,0.0,0.0,-0.0008526937265287415,0.004626480256092691,-0.03402525022983127,0.28622291181087434,0.0,-0.034424500000000004,0.0206547,0.0206547,0.0068849,0.3580148,-0.0,-0.00840903540893,-0.023337240536948,-0.011859340659191999,0.009002747252934,0.0050877594628650005,0.001500457875489,2.4292161287131258,1.9203870033379644,0.27831199986394495,0.08205500125768594,17.803275000915164
pid,08:22:12.748,252,-0.0,-110.299,111.395,-90.353,-62.876,-0.0,0.0,0.0,0.0,0.0,0.39405799109829837,0.0,0.0,-110.3,111.4,-90.1,-65.3,0.0,0.0,-110.29985370880556,111.39963155565118,-90.3867684352374,-62.596237639737126,0.0,0.0,-0.02102567355622303,0.11406884472305627,-0.8316701095113005,6.890162104379283,0.0,0.0,-0.0008537088055504682,0.004631555651187114,-0.03376843523740547,0.2797623602628718,0.0,0.0137698,-0.0137698,0.0137698,-0.0275396,0.1858923,0.0206547,-0.008461050060944,-0.022348962148682,-0.012032722832572,0.009071733821922001,0.006777930403071001,0.0016729242979590003,2.437172747262696,2.2988459968473762,0.38516199856530875,0.17883100008475594,17.684664999251254
pid,08:22:12.769,253,-0.0,-110.299,111.395,-90.353,-62.87,-0.0,0.0,0.0,0.0,0.0,0.289601878063948,0.0,0.0,-110.3,111.4,-90.1,-65.3,0.0,0.0,-110.29985474471044,111.3996367351756,-90.38650635130166,-62.595754888606066,0.0,0.0,-0.020627972784021807,0.1119006012452874,-0.8086251886694376,6.618491609127945,0.0,0.0,-0.0008547447104376715,0.004636735175608919,-0.03350635130166779,0.27424511139393104,0.0,-0.0481943,-0.0206547,0.0068849,0.0068849,0.13769800000000001,-0.034424500000000004,-0.00806227106217,-0.023649328449032,-0.011720634920487999,0.009295940171133001,0.005053266178371,0.0018971306471700002,2.443140397111881,1.946869000676088,0.3379779991519172,0.28127399855293334,17.792200997064356
pid,08:22:12.790,254,-0.0,-110.299,111.395,-90.354,-62.866,-0.0,0.0,0.0,0.0,-0.04867588896133167,0.19470355584428908,0.0,0.0,-110.3,111.4,-90.1,-65.3,0.0,0.0,-110.29985577191304,111.39964187118865,-90.3867454418397,-62.59625509974956,0.0,0.0,-0.02082772930770015,0.11297360327514863,-0.7969567454854676,6.565036406206512,0.0,0.0,-0.0008557719130379837,0.004641871188653113,-0.03274544183969397,0.26974490025043707,0.0,-0.0275396,0.0137698,0.0550792,-0.0619641,0.0963886,0.0068849,-0.00814896214886,-0.023111843711554,-0.011894017093868,0.008312881563054,0.006364010989143001,0.0017419108669470002,2.447222507251842,2.278069001476979,0.3536629992595408,0.5857710020791274,17.41113000025507
pid,08:22:12.811,255,-0.0,-110.299,111.395,-90.354,-62.864,-0.0,0.0,0.0,0.0,0.0,0.09511001258529293,0.0,0.0,-110.3,111.4,-90.1,-65.3,0.0,0.0,-110.29985682332706,111.3996471282587,-90.38647838268041,-62.59781634428501,0.0,0.0,-0.0203731193549347,0.11049710679274173,-0.7722548463700467,6.329182711255232,0.0,0.0,-0.0008568233270551673,0.004647128258710609,-0.03247838268040937,0.2661836557149897,0.0,0.0,-0.0275396,0.0068849,-0.0275396,0.2409715,-0.0413094,-0.008565079364972,-0.023718681318383998,-0.012067399267248,0.008537087912265,0.006088064713191001,0.0018281440781820002,2.449211709918112,2.0674229999713134,0.30223700014175847,0.11373899906175211,17.56890599790495
pid,08:22:12.831,256,-0.0,-110.299,111.395,-90.354,-62.86,-0.0,0.0,0.0,0.0,0.0,0.19785152776620282,0.0,0.0,-110.3,111.4,-90.1,-65.3,0.0,0.0,-110.29985783418607,111.39965218255377,-90.38622162449121,-62.598282840275765,0.0,0.0,-0.021215475535524435,0.11505517821400578,-0.796887204087311,6.472642486762527,0.0,0.0,-0.0008578341860641103,0.004652182553769535,-0.03222162449121413,0.2617171597242347,0.0,-0.0481943,-0.034424500000000004,-0.0275396,0.0068849,0.2822809,-0.0068849,-0.00823565323555,-0.0242735042732,-0.011668620268474,0.007467796092951001,0.006381257631390001,0.001345238095266,2.4531901679242054,2.300290001585381,0.5318090006767306,0.19447899830993265,17.373555998347
pid,08:22:12.852,257,-0.0,-110.299,111.395,-90.354,-62.856,-0.0,0.0,0.0,0.0,0.0,0.19428192924544846,0.0,0.0,-110.3,111.4,-90.1,-65.3,0.0,0.0,-110.2998588636179,111.39965732971287,-90.38596014880895,-62.59879877164364,0.0,0.0,-0.02085771008031782,0.11310437521872582,-0.7761599211972872,6.24619385617514,0.0,0.0,-0.00085886361789278,0.004657329712870251,-0.03196014880894893,0.25720122835636516,0.0,-0.0206547,0.0,0.0275396,0.0068849,0.5301373,-0.0137698,-0.008287667887564,-0.023198534798244,-0.011564590964446,0.008537087912265,0.004001221001304,0.0017419108669470002,2.4571686958774284,3.225631997338496,0.3014229987456929,0.5397899985837284,16.89800600070157
pid,08:22:12.873,258,-0.0,-110.299,111.395,-90.355,-62.851,-0.0,0.0,0.0,0.0,-0.04625237365349655,0.2312618682664968,0.0,0.0,-110.3,111.4,-90.1,-65.3,0.0,0.0,-110.2998599446435,111.39966273484087,-90.38618448728084,-62.598946203339096,0.0,0.0,-0.01988724048593258,0.10783127705317525,-0.7211782789496015,5.829043191943381,0.0,0.0,-0.0008599446434942593,0.004662734840877647,-0.031184487280839335,0.25205379666090266,0.0,-0.0413094,0.0068849,-0.0206547,-0.0137698,0.481943,-0.0068849,-0.008374358974254,-0.024342857142552,-0.011512576312432,0.008468101343277001,0.006070818070944,0.001586691086724,2.4622453167789753,3.6444059987843502,0.2891080002882518,0.10766600098577328,16.309586997522274
pid,08:22:12.894,259,-0.0,-110.299,111.395,-90.355,-62.842,-0.0,0.0,0.0,0.0,0.0,0.4361343454299843,0.0,0.0,-110.3,111.4,-90.1,-65.3,0.0,0.0,-110.29986097643567,111.39966789380169,-90.38592138027906,-62.59698234847784,0.0,0.0,-0.020861188566379023,0.11310160042994595,-0.7492153304332223,5.93670072585585,0.0,0.0,-0.000860976435660632,0.0046678938016953,-0.03092138027905378,0.24501765152216137,0.0,0.0137698,0.0,-0.0,0.0206547,0.3580148,-0.0,-0.007923565323466,-0.022955799755512,-0.011720634920487999,0.0076920024421620005,0.005656898657016,0.0016556776557120003,2.471197078340778,3.2351509980799165,0.2831819983839523,0.1683310001681093,16.602880001300946
pid,08:22:12.914,260,-0.0,-110.299,111.395,-90.355,-62.832,-0.0,0.0,0.0,0.0,0.0,0.4852215962331724,0.0,0.0,-110.3,111.4,-90.1,-65.3,0.0,0.0,-110.29986200689268,111.39967304608679,-90.38565861373901,-62.59452551640272,0.0,0.0,-0.020913218021376235,0.11337314407530145,-0.7438110748370182,5.761387399787177,0.0,0.0,-0.0008620068926745716,0.00467304608679342,-0.030658613739007023,0.23747448359728196,0.0,0.0206547,0.0137698,-0.0068849,-0.0413094,0.4062091,-0.0,-0.00806227106217,-0.023961416361116,-0.011720634920487999,0.008778540903723,0.004915293040395,0.0022593101343570004,2.481143889418747,2.809302997775376,0.2769599996099714,0.09377600144944154,17.950384000869235
pid,08:22:12.936,261,-0.0,-110.299,111.395,-90.356,-62.823,-0.0,0.0,0.0,0.0,-0.04648612942866794,0.4183751648619751,0.0,0.0,-110.3,111.4,-90.1,-65.3,0.0,0.0,-110.29986308248233,111.39967842403507,-90.38588326278686,-62.59268975198269,0.0,0.0,-0.02006068199082051,0.10874091260945341,-0.6945786108370727,5.3531159990912185,0.0,0.0,-0.0008630824823256944,0.004678424035077455,-0.029883262786867704,0.23031024801731093,0.0,0.0550792,0.0275396,-0.0137698,-0.0481943,0.5921014,-0.0,-0.008565079364972,-0.022730402930118,-0.011408547008404,0.009554639804838,0.0049497863248890005,0.0018108974359350002,2.4901989880328808,2.0926629986206535,0.45049499749438837,0.17179399947053753,17.329852998955175
pid,08:22:12.956,262,-0.0,-110.299,111.395,-90.356,-62.815,-0.0,0.0,0.0,0.0,0.0,0.3943636598696739,0.0,0.0,-110.3,111.4,-90.1,-65.3,0.0,0.0,-110.29986409677458,111.39968349549628,-90.38562360397339,-62.59121026819944,0.0,0.0,-0.021298022906337685,0.11543752655595198,-0.7301545550919265,5.515908604630669,0.0,0.0,-0.0008640967745776607,0.004683495496280443,-0.029623603973391255,0.22378973180055795,0.0,0.06884900000000001,0.0275396,0.0206547,-0.0275396,0.7711088,0.0068849,-0.00840903540893,-0.023423931623638,-0.01135653235639,0.008830280830464,0.0029836691087310003,0.001569444444477,2.49815672046411,2.1054220014775638,0.44147599692223594,0.14333199942484498,17.11250399966957
pid,08:22:12.976,263,-0.0,-110.299,111.395,-90.357,-62.806,-0.0,0.0,0.0,0.0,-0.04945180154711407,0.4450662139219184,0.0,0.0,-110.3,111.4,-90.1,-65.3,0.0,0.0,-110.29986510786009,111.39968855092383,-90.38586375499725,-62.589231915462015,0.0,0.0,-0.021390571106698286,0.11592864491385109,-0.7136823420108416,5.359786149134597,0.0,0.0,-0.0008651078600792061,0.004688550923830803,-0.02886375499724636,0.21676808453798202,0.0,0.0275396,-0.0068849,0.034424500000000004,-0.0619641,0.6609504,-0.0137698,-0.00788888888879,-0.024498901098593998,-0.011755311355164,0.007812728937891,0.004190934066021001,0.001052045177067,2.5072117979939392,1.969294000446098,0.2809229990816675,0.08286899901577272,17.73973799936357
pid,08:22:12.997,264,-0.0,-110.299,111.395,-90.357,-62.791,-0.0,0.0,0.0,0.0,0.0,0.7413225243908468,0.0,0.0,-110.3,111.4,-90.1,-65.3,0.0,0.0,-110.2998661195655,111.39969360945082,-90.38560374670982,-62.584270284307,0.0,0.0,-0.02140246475686598,0.11598261355296713,-0.7068200572653007,5.108446490137616,0.0,0.0,-0.000866119565486656,0.00469360945082542,-0.02860374670981969,0.20672971569299392,0.0,0.06884900000000001,-0.0137698,-0.0275396,-0.0206547,0.5783316000000001,-0.0413094,-0.00840903540893,-0.023423931623638,-0.011460561660417999,0.009796092796296,0.0038632478633280004,0.002035103785146,2.52213322407838,2.3271600002772175,0.2952189970528707,0.11575800090213306,17.312520001723897
pid,08:22:13.017,265,-0.0,-110.299,111.395,-90.358,-62.778,-0.0,0.0,0.0,0.0,-0.049472800188959984,0.643146402453316,0.0,0.0,-110.3,111.4,-90.1,-65.3,0.0,0.0,-110.29986713022184,111.3996986627326,-90.38584299736976,-62.58031915963888,0.0,0.0,-0.02144968010127013,0.11622800126224625,-0.6887355227646442,4.889912358162319,0.0,0.0,-0.0008671302218346,0.004698662732607772,-0.027842997369759814,0.19768084036111588,0.0,-0.0481943,-0.0068849,0.0206547,-0.0206547,0.9845407,-0.034424500000000004,-0.009223931623816,-0.02288644688616,-0.01100976800963,0.009019993895181001,0.0018108974359350002,0.001121031746055,2.5351674500908215,1.933534997078823,0.2782379997370299,0.09099900125875138,17.75638600156526
pid,08:22:13.037,266,-0.0,-110.299,111.395,-90.358,-62.767,-0.0,0.0,0.0,0.0,0.0,0.544277840694388,0.0,0.0,-110.3,111.4,-90.1,-65.3,0.0,0.0,-110.29986814073514,111.39970371529913,-90.3855822849369,-62.57737878984213,0.0,0.0,-0.021477716579200428,0.11636945482980908,-0.6823830221308333,4.691210127937498,0.0,0.0,-0.0008681407351360804,0.004703715299129385,-0.02758228493689785,0.18962121015787403,0.0,-0.0206547,0.0137698,-0.0206547,-0.0137698,0.7022598,-0.0275396,-0.008183638583535999,-0.023198534798244,-0.01100976800963,0.009019993895181001,0.002690476190532,0.002138583638628,2.5461105631924106,1.8857209979614709,0.27760900047724135,0.09433299783268012,17.803404000005685
pid,08:22:13.057,267,-0.0,-110.299,111.395,-90.358,-62.751,-0.0,0.0,0.0,0.0,0.0,0.7916581809605098,0.0,0.0,-110.3,111.4,-90.1,-65.3,0.0,0.0,-110.29986915127229,111.39970876798488,-90.38532156635284,-62.57195464903116,0.0,0.0,-0.021502209850013467,0.11649170929589804,-0.6759169224960063,4.429459901793091,0.0,0.0,-0.000869151272283375,0.004708767984880069,-0.027321566352839,0.17904535096883478,0.0,-0.0137698,-0.034424500000000004,0.0550792,-0.0206547,0.8124182,-0.034424500000000004,-0.00849572649562,-0.023579975579679998,-0.010454945054813999,0.008364621489795,0.0016901709402060002,0.001121031746055,2.5620286883639696,1.913887001137482,0.2741450007306412,0.15751699902466498,17.719256997224875
pid,08:22:13.078,268,-0.0,-110.299,111.395,-90.359,-62.735,-0.0,0.0,0.0,0.0,-0.04945821590661426,0.7913314545132081,0.0,0.0,-110.3,111.4,-90.1,-65.3,0.0,0.0,-110.29987016222668,111.39971382275677,-90.3855597291684,-62.56654774701595,0.0,0.0,-0.021518335640417687,0.11656863182611046,-0.6567984098224914,4.1656739490596335,0.0,0.0,-0.0008701622266755749,0.004713822756770014,-0.02655972916841165,0.16845225298404642,0.0,-0.0757339,0.0137698,-0.034424500000000004,-0.0,0.8468427000000001,-0.0068849,-0.008461050060944,-0.023510622710328,-0.010957753357616,0.009744352869555,0.000724358974374,0.0018971306471700002,2.5780480988530816,1.9312570002512075,0.3869220017804764,0.09279599908040836,17.644313997152494
pid,08:22:13.098,269,-0.0,-110.299,111.396,-90.359,-62.721,-0.0,0.0,0.0,0.04949206461609293,0.0,0.692888904622136,0.0,0.0,-110.3,111.4,-90.1,-65.3,0.0,0.0,-110.29987117248965,111.40021786380863,-90.38529807106018,-62.56215321520567,0.0,0.0,-0.021558062574316514,0.10437539407894439,-0.6507729160913827,3.9308276685310304,0.0,0.0,-0.0008711724896386386,0.0042178638086340925,-0.026298071060182338,0.1588467847943278,0.0,-0.034424500000000004,-0.0068849,-0.034424500000000004,-0.0206547,0.5507920000000001,-0.0137698,-0.009345299145182,-0.021811477411204,-0.011911355311206,0.008778540903723,0.002173076923122,0.0016729242979590003,2.591975887233522,1.9689239998115227,0.275219001196092,0.09055500049726106,17.718497998430394
pid,08:22:13.118,270,-0.0,-110.299,111.396,-90.36,-62.702,-0.0,0.0,0.0,0.0,-0.049446554671618355,0.9394845387561814,0.0,0.0,-110.3,111.4,-90.1,-65.3,0.0,0.0,-110.29987218368244,111.40022190857984,-90.38553516093253,-62.55528029409647,0.0,0.0,-0.021563239068500814,0.10437941670507883,-0.6313128655466126,3.6273919796640253,0.0,0.0,-0.0008721836824321372,0.004221908579836509,-0.025535160932534495,0.14671970590352856,0.0,0.0550792,0.0,-0.0068849,-0.0413094,0.5163675,0.034424500000000004,-0.008339682539578,-0.023198534798244,-0.011408547008404,0.008726800976982,0.000741605616621,0.002190323565369,2.6109808501787213,1.9320719984534662,0.2793300009216182,0.09205400056089275,17.75188600004185
pid,08:22:13.138,271,-0.0,-110.299,111.396,-90.36,-62.69,-0.0,0.0,0.0,0.0,0.0,0.5893221553521053,0.0,0.0,-110.3,111.4,-90.1,-65.3,0.0,0.0,-110.2998732018013,111.40022598105527,-90.38527045002937,-62.551937584316725,0.0,0.0,-0.021441548649808698,0.1037693443318774,-0.6205181699177036,3.390135015982489,0.0,0.0,-0.000873201801297796,0.004225981055270722,-0.025270450029367453,0.13806241568327238,0.0,0.034424500000000004,-0.0068849,-0.0068849,-0.0137698,0.5852165,0.0137698,-0.00849572649562,-0.023198534798244,-0.011408547008404,0.00896825396844,0.001517704517736,0.0018281440781820002,2.62292146279678,1.9875719990523066,0.27212599889026023,0.09610999768483452,17.732349002471892
pid,08:22:13.159,272,-0.0,-110.299,111.396,-90.361,-62.68,-0.0,0.0,0.0,0.0,-0.049383097464148956,0.4938309746390333,0.0,0.0,-110.3,111.4,-90.1,-65.3,0.0,0.0,-110.29987421429348,111.40023003102398,-90.38550618957042,-62.54959031382799,0.0,0.0,-0.021585704829462187,0.10444601716636837,-0.6050957740126024,3.2200171212353457,0.0,0.0,-0.0008742142934750063,0.0042300310239795635,-0.024506189570416836,0.13040968617200832,0.0,0.0137698,0.0,0.0068849,0.0206547,0.344245,-0.0137698,-0.00814896214886,-0.023423931623638,-0.010506959706828,0.009468406593603,0.000776098901115,0.001500457875489,2.6329713253280964,2.216216998931486,0.3465150002739392,0.172238997038221,17.30483500068658
pid,08:22:13.179,273,-0.0,-110.299,111.396,-90.361,-62.669,-0.0,0.0,0.0,0.0,0.0,0.5438608088834732,0.0,0.0,-110.3,111.4,-90.1,-65.3,0.0,0.0,-110.29987522558164,111.40023407617664,-90.38524224335909,-62.54675101299286,0.0,0.0,-0.02163640421752763,0.10467036792295854,-0.5992911855644192,3.0221105890396407,0.0,0.0,-0.0008752255816375509,0.004234076176643953,-0.024242243359083204,0.12224898700713993,0.0,0.0,0.0137698,-0.0275396,-0.06884900000000001,0.2203168,-0.0413094,-0.008599755799648,-0.023805372405074,-0.010420268620138,0.008709554334735001,0.0018108974359350002,0.0017419108669470002,2.643917358768993,2.0295159993111156,0.33558900031493977,0.13268399925436825,17.561222000949783
pid,08:22:13.199,274,-0.0,-110.299,111.396,-90.362,-62.661,-0.0,0.0,0.0,0.0,-0.04937844646888963,0.39502757175462555,0.0,0.0,-110.3,111.4,-90.1,-65.3,0.0,0.0,-110.29987623816919,111.40023812652684,-90.38547694542169,-62.54542323153019,0.0,0.0,-0.02163363976578726,0.10463605191787753,-0.5796275463845478,2.8535006374938763,0.0,0.0,-0.0008762381691838073,0.004238126526843189,-0.023476945421691653,0.1155767684698148,0.0,0.0,0.0413094,0.034424500000000004,-0.0413094,0.1101584,0.0275396,-0.008183638583535999,-0.023267887667596,-0.011460561660417999,0.008675061050241,0.002552503052556,0.002035103785146,2.6519769983919503,2.1495139990292955,0.30944100217311643,0.11844400069094263,17.482593000750057
pid,08:22:13.219,275,-0.0,-110.299,111.396,-90.362,-62.656,-0.0,0.0,0.0,0.0,0.0,0.2473319102264477,0.0,0.0,-110.3,111.4,-90.1,-65.3,0.0,0.0,-110.29987724895668,111.40024216967679,-90.38521211910009,-62.5455957536459,0.0,0.0,-0.021697166019807305,0.10492239296633327,-0.5741097757426642,2.7306493147857944,0.0,0.0,-0.0008772489566695185,0.004242169676786034,-0.02321211910009424,0.11040424635410062,0.0,-0.0068849,0.0137698,0.0481943,-0.0068849,0.1170433,0.0068849,-0.009570695970576,-0.022123565323288,-0.011408547008404,0.009796092796296,0.002345543345592,0.0016556776557120003,2.6569525776723966,1.9970339999417774,0.8424910010944586,0.11968399849138223,17.12089200009359
pid,08:22:13.240,276,-0.0,-110.299,111.396,-90.363,-62.653,-0.0,0.0,0.0,0.0,-0.049407529567215135,0.1482225887009433,0.0,0.0,-110.3,111.4,-90.1,-65.3,0.0,0.0,-110.29987826094818,111.40024621764279,-90.38544596533536,-62.546774495148654,0.0,0.0,-0.021696351882220483,0.1048975618669412,-0.5544998479832164,2.624169885854995,0.0,0.0,-0.0008782609481698955,0.004246217642787542,-0.022445965335364804,0.10622550485134497,0.0,-0.0206547,0.0275396,0.0275396,-0.0206547,0.0895037,-0.0,-0.008461050060944,-0.023198534798244,-0.011165811965672,0.008899267399452002,0.0025352564103090004,0.0017419108669470002,2.6600366538827984,2.0560520024446305,0.28018200100632384,0.08620299922768027,17.645369000092614
pid,08:22:13.260,277,-0.0,-110.299,111.396,-90.363,-62.651,-0.0,0.0,0.0,0.0,0.0,0.09893859835327118,0.0,0.0,-110.3,111.4,-90.1,-65.3,0.0,0.0,-110.29987927167606,111.40025026055432,-90.3851801439023,-62.548451913309094,0.0,0.0,-0.021748476800243454,0.10512870547034162,-0.5486180872430736,2.536490990257909,0.0,0.0,-0.0008792716760552821,0.0042502605543148775,-0.02218014390230394,0.1025480866909092,0.0,-0.0413094,0.0137698,-0.0275396,-0.0137698,0.0963886,-0.0,-0.008287667887564,-0.023267887667596,-0.011217826617686,0.009951312576519001,0.0025352564103090004,0.001052045177067,2.662026859368622,1.877405997220194,0.27225600206293166,0.08557299952371977,17.832885998359416
pid,08:22:13.280,278,-0.0,-110.299,111.396,-90.364,-62.649,-0.0,0.0,0.0,0.0,-0.0494582159073171,0.0989164318142828,0.0,0.0,-110.3,111.4,-90.1,-65.3,0.0,0.0,-110.29988028263044,111.40025430437184,-90.38541325194598,-62.55013195337057,0.0,0.0,-0.021768604197693782,0.10520515207839626,-0.5295306190081503,2.4449185982548767,0.0,0.0,-0.0008802826304332712,0.0042543043718410445,-0.021413251945972434,0.09886804662943405,0.0,-0.0206547,-0.0068849,-0.0137698,-0.0550792,0.1239282,0.0137698,-0.008426373626268,-0.023423931623638,-0.010368253968124,0.008381868132042001,0.0037252747253520005,0.0019661172161580002,2.664115988465965,1.9437750015640631,0.2756629983196035,0.08198099749279208,17.769756002962822
pid,08:22:13.300,279,-0.0,-110.299,111.396,-90.365,-62.648,-0.0,0.0,0.0,0.0,-0.049440143334909974,0.04944014333526127,0.0,0.0,-110.3,111.4,-90.1,-65.3,0.0,0.0,-110.29988129395437,111.40025834966755,-90.38564525110482,-62.55231398442984,0.0,0.0,-0.02178564971221417,0.10526670896799006,-0.510352086908813,2.365365162490064,0.0,0.0,-0.0008812939543645371,0.004258349667551897,-0.02064525110482407,0.0956860155701662,0.0,0.034424500000000004,-0.0137698,-0.0137698,-0.0137698,0.2134319,-0.0413094,-0.00840903540893,-0.023198534798244,-0.010420268620138,0.009451159951356002,0.002966422466484,0.0019661172161580002,2.665210310650919,1.920942999277031,0.2798489986162167,0.08447999789495952,17.77731199763366
pid,08:22:13.320,280,-0.0,-110.299,111.396,-90.366,-62.646,-0.0,0.0,0.0,0.0,-0.04948213864400013,0.09896427728764867,0.0,0.0,-110.3,111.4,-90.1,-65.3,0.0,0.0,-110.29988230442,111.40026239153003,-90.38587646724939,-62.55399576019049,0.0,0.0,-0.021829154817910687,0.10545612432174527,-0.4917650540912537,2.276283275034268,0.0,0.0,-0.0008823044199885999,0.004262391530033938,-0.019876467249389407,0.092004239809512,0.0,0.06884900000000001,-0.0275396,0.0206547,-0.06884900000000001,0.1170433,-0.0206547,-0.008686446886338,-0.022955799755512,-0.010420268620138,0.008657814407994001,0.002793956044014,0.002017857142899,2.6672999456379074,1.889942999696359,0.27277499975753017,0.08177699783118442,17.817293002735823
pid,08:22:13.341,281,-0.0,-110.299,111.396,-90.366,-62.644,-0.0,0.0,0.0,0.0,0.0,0.09706565457881387,0.0,0.0,-110.3,111.4,-90.1,-65.3,0.0,0.0,-110.29988333465052,111.40026651245213,-90.3856024259305,-62.55573205245733,0.0,0.0,-0.02143536401593762,0.10353295598352763,-0.47568057606848957,2.141946526636761,0.0,0.0,-0.0008833346505099371,0.004266512452133497,-0.019602425930500544,0.08826794754266842,0.0,-0.0206547,0.0,-0.0137698,-0.1514678,0.28916580000000003,0.034424500000000004,-0.008911843711731999,-0.023874725274426,-0.010212210012082,0.009157967033157001,0.0016556776557120003,0.0017419108669470002,2.669289980500432,1.8829979999281932,0.2807929995469749,0.09175800005323254,17.823163001594367
pid,08:22:13.361,282,-0.0,-110.299,111.396,-90.367,-62.641,-0.0,0.0,0.0,0.0,-0.04941917240102775,0.14825751720238095,0.0,0.0,-110.3,111.4,-90.1,-65.3,0.0,0.0,-110.2998843464036,111.40027055946446,-90.38583228785753,-62.5569223039031,0.0,0.0,-0.021851833690561564,0.1055237572109581,-0.46533804016620267,2.077525079236992,0.0,0.0,-0.0008843464035948045,0.004270559464458756,-0.01883228785752067,0.08407769609689808,0.0,-0.0481943,0.034424500000000004,-0.0275396,-0.13081310000000002,0.26162620000000003,-0.0275396,-0.007923565323466,-0.023788034187736,-0.010454945054813999,0.009157967033157001,0.002345543345592,0.0016556776557120003,2.6723747865896352,1.9214610001654364,0.2824420007527806,0.20847899941145442,17.615425000258256
pid,08:22:13.381,283,-0.0,-110.299,111.396,-90.369,-62.637,-0.0,0.0,0.0,0.0,-0.09888611474555822,0.19777222949146775,0.0,0.0,-110.3,111.4,-90.1,-65.3,0.0,0.0,-110.29988535766792,111.40027460452175,-90.38656025775433,-62.55761530079842,0.0,0.0,-0.021887394985150722,0.1056747583077937,-0.4341164158148651,1.9625111185769848,0.0,0.0,-0.0008853576679115349,0.0042746045217540996,-0.017560257754325903,0.07938469920158298,0.0,-0.0826188,0.0275396,0.0137698,-0.2340866,0.26162620000000003,0.0068849,-0.00840903540893,-0.023198534798244,-0.010957753357616,0.007795482295644001,0.002155830280875,0.001276251526278,2.6765550620153484,2.001164000830613,0.44717999844579026,0.13792399840895087,17.459890001191525
pid,08:22:13.402,284,-0.0,-110.299,111.396,-90.372,-62.632,-0.0,0.0,0.0,0.0,-0.14829595757219183,0.24715992928710345,0.0,0.0,-110.3,111.4,-90.1,-65.3,0.0,0.0,-110.29988636915874,111.40027865048505,-90.38778513225078,-62.55781395831108,0.0,0.0,-0.02190749385957927,0.10575109513268657,-0.3901452170888705,1.8335816817914186,0.0,0.0,-0.0008863691587350786,0.004278650485048274,-0.015785132250783818,0.07418604168891818,0.0,0.0619641,-0.0137698,-0.0,-0.2547413,0.13769800000000001,0.0206547,-0.00840903540893,-0.0242735042732,-0.010420268620138,0.006708943834083001,0.0024662698413210004,0.001586691086724,2.681832395956168,1.9800160007434897,0.28468199889175594,0.08696200166014023,17.70433099954971
pid,08:22:13.422,285,-0.0,-110.299,111.396,-90.375,-62.627,-0.0,0.0,0.0,0.0,-0.1485165006373693,0.24752750106204766,0.0,0.0,-110.3,111.4,-90.1,-65.3,0.0,0.0,-110.29988737914753,111.40028269044018,-90.38900738533496,-62.558013658332825,0.0,0.0,-0.0219650742881035,0.10600836624815244,-0.34672130883799823,1.7076016760304795,0.0,0.0,-0.0008873791475281223,0.0042826904401778165,-0.014007385334963374,0.06898634166717699,0.0,0.034424500000000004,-0.0068849,-0.0068849,-0.1583527,0.1032735,0.034424500000000004,-0.008565079364972,-0.023718681318383998,-0.010905738705602,0.007053876679023001,0.001500457875489,0.0016556776557120003,2.687112018506109,2.165273999708006,0.3055519991903566,0.12299900117795914,17.470019000029424
pid,08:22:13.442,286,-0.0,-110.299,111.396,-90.38,-62.623,-0.0,0.0,0.0,0.0,-0.24670925239669345,0.19736740191777546,0.0,0.0,-110.3,111.4,-90.1,-65.3,0.0,0.0,-110.2998883924861,111.40028674379445,-90.39122365053653,-62.558726365673536,0.0,0.0,-0.021917464607790843,0.10575793567447182,-0.2768978433032805,1.585690027351345,0.0,0.0,-0.0008883924860896286,0.0042867437944522635,-0.011223650536535956,0.0642736343264616,0.0,-0.0413094,-0.034424500000000004,0.034424500000000004,-0.1583527,0.1170433,-0.0137698,-0.008565079364972,-0.022955799755512,-0.010715018314883999,0.007881715506879002,0.003000915750978,0.0017419108669470002,2.6916065834367395,2.150291998987086,0.2875339996535331,0.10527700214879587,17.539535998366773
pid,08:22:13.462,287,-0.0,-110.299,111.396,-90.385,-62.62,-0.0,0.0,0.0,0.0,-0.24703764783537355,0.1482225887009433,0.0,0.0,-110.3,111.4,-90.1,-65.3,0.0,0.0,-110.2998894044776,111.40029079176045,-90.3934352329588,-62.55993850289583,0.0,0.0,-0.02197163901174717,0.1059987103850597,-0.2083820109078024,1.483745097005619,0.0,0.0,-0.0008894044775900056,0.0042907917604537715,-0.008435232958788674,0.060061497104165085,0.0,-0.0413094,0.0206547,0.0068849,-0.0481943,0.06884900000000001,-0.0206547,-0.008287667887564,-0.024048107447806,-0.010905738705602,0.007398809523963001,0.0027767094017670003,0.0018971306471700002,2.69511446881204,1.9793489991570823,0.2716269991651643,0.08201800301321782,17.729794002661947
pid,08:22:13.483,288,-0.0,-110.299,111.396,-90.388,-62.619,-0.0,0.0,0.0,0.0,-0.14839914613579833,0.04946638204514895,0.0,0.0,-110.3,111.4,-90.1,-65.3,0.0,0.0,-110.29989041526508,111.4002948349104,-90.39464412616253,-62.56214842414856,0.0,0.0,-0.022022810840598893,0.1062249722495135,-0.16433044155612078,1.406120885471376,0.0,0.0,-0.0008904152650757169,0.004294834910396617,-0.006644126162527186,0.056851575851439407,0.0,-0.0206547,-0.0550792,-0.0275396,-0.0619641,0.1170433,-0.0137698,-0.008773137973028,-0.023423931623638,-0.010715018314883999,0.007778235653397001,0.0027767094017670003,0.0017419108669470002,2.6964276367074995,2.0406080002430826,0.2797010020003654,0.08631399759906344,17.66292499814881
pid,08:22:13.503,289,-0.0,-110.299,111.396,-90.39,-62.617,-0.0,0.0,0.0,0.0,-0.09891409907178003,0.09891409907213145,0.0,0.0,-110.3,111.4,-90.1,-65.3,0.0,0.0,-110.2998914262433,111.40029887882328,-90.39535094247817,-62.5638608787179,0.0,0.0,-0.022043655936245837,0.10630493145623011,-0.1323209136037113,1.3140520767743327,0.0,0.0,-0.0008914262432995201,0.004298878823277619,-0.0053509424781736925,0.05313912128210063,0.0,-0.0137698,-0.0137698,0.0137698,-0.034424500000000004,0.0068849,-0.0413094,-0.008807814407704,-0.024048107447806,-0.009917460317335999,0.007778235653397001,0.003000915750978,0.001569444444477,2.6986303933662357,2.1304039983078837,0.27805299760075286,0.08987000182969496,17.583962002390763
pid,08:22:13.523,290,-0.0,-110.299,111.396,-90.391,-62.616,-0.0,0.0,0.0,0.0,-0.049329663867758416,0.049329663867407905,0.0,0.0,-110.3,111.4,-90.1,-65.3,0.0,0.0,-110.2998924398322,111.4003029331789,-90.39555598810672,-62.56608135133982,0.0,0.0,-0.022011878472292953,0.10613112367991577,-0.11237268094447447,1.2312350795639384,0.0,0.0,-0.0008924398321994431,0.004302933178905732,-0.004555988106716313,0.049918648660181475,0.0,0.06884900000000001,-0.0481943,-0.0068849,-0.0963886,0.0550792,-0.0,-0.007091330891242,-0.023718681318383998,-0.010316239316109999,0.007640262515421,0.0025352564103090004,0.001586691086724,2.6997322089422116,2.982283000164898,0.3080710012000054,0.12186899766675197,16.634509000141406
pid,08:22:13.543,291,-0.0,-110.299,111.396,-90.391,-62.615,-0.0,0.0,0.0,0.0,0.0,0.04914873621662106,0.0,0.0,-110.3,111.4,-90.1,-65.3,0.0,0.0,-110.29989345715236,111.40030700245953,-90.3952599479413,-62.568312855958936,0.0,0.0,-0.021956144951137936,0.1058418638841389,-0.10468552883189218,1.1473070635934999,0.0,0.0,-0.0008934571523582235,0.004307002459526643,-0.004259947941292808,0.046687144041065665,0.0,-0.06884900000000001,0.0,0.0068849,-0.0206547,0.0413094,-0.0,-0.007836874236776,-0.024412210011904,-0.010905738705602,0.0074850427351980005,0.0032596153846830003,0.001052045177067,2.7007263837715922,1.9509980011207517,0.27736799893318675,0.09116599903791212,17.7451640010986
pid,08:22:13.564,292,-0.0,-110.299,111.396,-90.392,-62.614,-0.0,0.0,0.0,0.0,-0.04934127002753244,0.04934127002823362,0.0,0.0,-110.3,111.4,-90.1,-65.3,0.0,0.0,-110.29989447050285,111.40031105586148,-90.39546404959917,-62.570534715366364,0.0,0.0,-0.02206715530650943,0.10635648568346398,-0.08546030333146784,1.0723161729760373,0.0,0.0,-0.000894470502842637,0.004311055861478508,-0.0034640495991737907,0.043465284633633416,0.0,-0.0481943,-0.0206547,0.0137698,-0.0206547,0.0206547,-0.0206547,-0.008565079364972,-0.024654945054635998,-0.010108180708054,0.008330128205301001,0.0027767094017670003,0.0025697496948030004,2.701828454954163,1.951719998032786,0.27607099764281884,0.07962900053826161,17.752183000993682
pid,08:22:13.584,293,-0.0,-110.299,111.396,-90.393,-62.613,-0.0,0.0,0.0,0.0,-0.04947863631025159,0.04947863630990002,0.0,0.0,-110.3,111.4,-90.1,-65.3,0.0,0.0,-110.29989548104,111.40031509801007,-90.39566796221494,-62.57275002868175,0.0,0.0,-0.02215359035018427,0.10675258254109415,-0.06600356606098508,0.9957568461720331,0.0,0.0,-0.0008954810399899316,0.004315098010067686,-0.0026679622149430315,0.04024997131824648,0.0,0.0068849,0.0413094,0.0481943,0.0206547,0.1032735,-0.0137698,-0.00806227106217,-0.023510622710328,-0.010160195360068,0.008088675213843,0.00224206349211,0.0017246642247000002,2.7029308167246886,1.9194430024072062,0.2790889993775636,0.0891839990799781,17.77886699710507
