controller,timestamp,loop,q0,q1,q2,q3,q4,q5,qvel0,qvel1,qvel2,qvel3,qvel4,qvel5,target0,target1,target2,target3,target4,target5,cmd_pos0,cmd_pos1,cmd_pos2,cmd_pos3,cmd_pos4,cmd_pos5,cmd_vel0,cmd_vel1,cmd_vel2,cmd_vel3,cmd_vel4,cmd_vel5,u0,u1,u2,u3,u4,u5,hal_vel0,hal_vel1,hal_vel2,hal_vel3,hal_vel4,hal_vel5,hal_torq0,hal_torq1,hal_torq2,hal_torq3,hal_torq4,hal_torq5,err_norm,poll_ms,solve_ms,hal_write_ms,sleep_ms
invdyn,00:58:10.095,1,-90.008,-89.983,0.02,-89.963,0.04,49.809,0.0,0.0,0.0,0.0,0.0,0.0,-90.008,-89.983,0.02,-89.963,0.04,60.0,-90.008,-89.983,0.02,-89.963,0.04,54.9045,0.0,0.0,0.0,0.0,0.0,127.38750000000003,0.0,0.0,0.0,0.0,0.0,5.095500000000001,0.0275396,0.0,0.0413094,0.0068849,-0.0481943,0.0481943,0.014997557997369999,-0.010281562881434,0.000589499389492,0.001638431013465,-0.000586385836398,-0.0024317765568270004,10.191000000000003,3.5178099997210666,0.24073599979601568,0.4246970001986483,15.807155999937095
invdyn,00:58:10.115,2,-90.008,-89.983,0.02,-89.963,0.04,49.81,0.0,0.0,0.0,0.0,0.0,0.04907857385263485,-90.008,-89.983,0.02,-89.963,0.04,60.0,-90.008,-89.983,0.02,-89.963,0.04,54.905,0.0,0.0,0.0,0.0,0.0,125.02766688899027,0.0,0.0,0.0,0.0,0.0,5.094999999999999,-0.0275396,0.0137698,-0.0137698,0.0068849,0.0275396,0.0757339,0.01543101343082,-0.010524297924165999,-0.00052014652014,0.0019661172161580002,-0.000741605616621,-0.00327686202693,10.189999999999998,6.416612999601057,0.24855199990270194,0.13596000007964903,13.234422000095947
invdyn,00:58:10.136,3,-90.008,-89.983,0.02,-89.963,0.04,49.812,0.0,0.0,0.0,0.0,0.0,0.09528719259363264,-90.008,-89.983,0.02,-89.963,0.04,60.0,-90.008,-89.983,0.02,-89.963,0.04,54.906,0.0,0.0,0.0,0.0,0.0,121.34823976827401,0.0,0.0,0.0,0.0,0.0,5.094000000000001,-0.0137698,0.0137698,-0.0068849,0.0413094,0.0619641,0.1032735,0.015136263736073999,-0.010472283272152,0.00060683760683,0.002345543345592,-0.000724358974374,-0.0033113553114240005,10.188000000000002,4.255019999618526,0.23506999968958553,0.1779039994289633,15.443292000782094
invdyn,00:58:10.157,4,-90.008,-89.983,0.02,-89.963,0.04,49.814,0.0,0.0,0.0,0.0,0.0,0.09701626072687822,-90.008,-89.983,0.02,-89.963,0.04,60.0,-90.008,-89.983,0.02,-89.963,0.04,54.907,0.0,0.0,0.0,0.0,0.0,123.52595397034672,0.0,0.0,0.0,0.0,0.0,5.092999999999996,-0.0619641,-0.06884900000000001,0.0206547,-0.034424500000000004,-0.0206547,4.5922283,0.014408058607878,-0.00996947496935,-0.0005028083028019999,0.0017936507936880002,-0.000586385836398,-0.0059155982907210004,10.186,5.388907999986259,0.27019899971492123,1.590269000189437,12.605987999450008
invdyn,00:58:10.177,5,-90.008,-89.983,0.02,-89.963,0.04,49.816,0.0,0.0,0.0,0.0,0.0,0.0981422186865041,-90.008,-89.983,0.02,-89.963,0.04,60.0,-90.008,-89.983,0.02,-89.963,0.04,54.908,0.0,0.0,0.0,0.0,0.0,124.93504438776701,0.0,0.0,0.0,0.0,0.0,5.091999999999999,-0.034424500000000004,0.0137698,-0.0413094,-0.0619641,-0.0137698,6.967518800000001,0.014512087911906,-0.009501343101224,0.0008669108669,0.0017246642247000002,-0.000655372405386,-0.0055706654457810005,10.183999999999997,3.327388000798237,0.2355699998588534,0.17318200025329133,16.332979999788222
invdyn,00:58:10.197,6,-90.008,-89.983,0.02,-89.963,0.04,49.865,0.0,0.0,0.0,0.0,0.0,2.415477416700921,-90.008,-89.983,0.02,-89.963,0.04,60.0,-90.008,-89.983,0.02,-89.963,0.04,54.932500000000005,0.0,0.0,0.0,0.0,0.0,124.90236539930655,0.0,0.0,0.0,0.0,0.0,5.067500000000003,0.0068849,0.0275396,-0.0,-0.0550792,-0.0,7.6491239,0.015309645909454,-0.009986813186687999,0.00031208791208399997,0.0019661172161580002,-0.000724358974374,-0.0035183150183880005,10.134999999999998,2.846413999577635,0.22240300040721195,0.08355400041182293,18.114911999873584
invdyn,00:58:10.219,7,-90.008,-89.983,0.02,-89.963,0.04,49.995,0.0,0.0,0.0,0.0,0.0,6.0123444701729065,-90.008,-89.983,0.02,-89.963,0.04,60.0,-90.008,-89.983,0.02,-89.963,0.04,54.9975,0.0,0.0,0.0,0.0,0.0,115.67982004631165,0.0,0.0,0.0,0.0,0.0,5.002500000000005,-0.0275396,-0.0413094,0.0068849,0.0275396,0.0206547,7.6697786,0.015136263736073999,-0.01048962148949,-0.001074969474956,0.0026387362637910004,-0.0008968253968440001,-0.002035103785146,10.005000000000003,2.221999000539654,0.22431099932873622,0.08468299984087935,17.588106999937736
invdyn,00:58:10.239,8,-90.008,-89.983,0.02,-89.963,0.04,50.138,0.0,0.0,0.0,0.0,0.0,7.035524181534561,-90.008,-89.983,0.02,-89.963,0.04,60.0,-90.008,-89.983,0.02,-89.963,0.04,55.069,0.0,0.0,0.0,0.0,0.0,121.30129279421945,0.0,0.0,0.0,0.0,0.0,4.9310000000000045,-0.0413094,0.0413094,-0.0137698,-0.0068849,0.0137698,7.5596202,0.014685470085286,-0.010246886446757999,-0.000797557997548,0.0022593101343570004,-0.000258699633705,-0.0035873015873760005,9.862000000000002,2.04540899994754,0.29079100022499915,0.11697900026774732,17.60318099968572
invdyn,00:58:10.259,9,-90.008,-89.983,0.02,-89.963,0.04,50.292,0.0,0.0,0.0,0.0,0.0,7.6168346972950465,-90.008,-89.983,0.02,-89.963,0.04,60.0,-90.008,-89.983,0.02,-89.963,0.04,55.146,0.0,0.0,0.0,0.0,0.0,120.03933643074454,0.0,0.0,0.0,0.0,0.0,4.853999999999999,0.034424500000000004,-0.0413094,0.0206547,-0.0206547,-0.034424500000000004,7.3117638000000005,0.014512087911906,-0.010472283272152,0.0008669108669,0.002190323565369,-0.00034493284494,-0.0033113553114240005,9.707999999999998,2.0765940007549943,0.23343999964708928,2.117037999596505,15.620474000570539
invdyn,00:58:10.280,10,-90.008,-89.983,0.02,-89.963,0.04,50.59,0.0,0.0,0.0,0.0,0.0,14.733510054930896,-90.008,-89.983,0.02,-89.963,0.04,60.0,-90.008,-89.983,0.02,-89.963,0.04,55.295,0.0,0.0,0.0,0.0,0.0,116.31067920880774,0.0,0.0,0.0,0.0,0.0,4.704999999999998,-0.0206547,0.0137698,-0.0137698,0.0137698,-0.0,7.2635695,0.01491086691068,-0.010454945054813999,-0.00024273504273199999,0.002104090354134,-0.000655372405386,-0.0018281440781820002,9.409999999999997,2.1429439993880806,0.2316070003871573,0.09477599996898789,17.581922000317718
invdyn,00:58:10.300,11,-90.008,-89.983,0.02,-89.963,0.04,50.735,0.0,0.0,0.0,0.0,0.0,7.120892666877227,-90.008,-89.983,0.02,-89.963,0.04,60.0,-90.008,-89.983,0.02,-89.963,0.04,55.3675,0.0,0.0,0.0,0.0,0.0,113.75012165279193,0.0,0.0,0.0,0.0,0.0,4.6325,-0.034424500000000004,-0.0206547,-0.0068849,0.0068849,0.034424500000000004,7.5802749,0.014512087911906,-0.010264224664096,0.000589499389492,0.0018626373626760002,-5.173992674100001e-05,-0.0009658119658320001,9.265,2.0299280004110187,0.2216259999840986,0.08442499984084861,17.721714999424876
invdyn,00:58:10.320,12,-90.008,-89.983,0.02,-89.963,0.04,50.883,0.0,0.0,0.0,0.0,0.0,7.3212835778649525,-90.008,-89.983,0.02,-89.963,0.04,60.0,-90.008,-89.983,0.02,-89.963,0.04,55.441500000000005,0.0,0.0,0.0,0.0,0.0,112.75024050573191,0.0,0.0,0.0,0.0,0.0,4.558500000000002,0.0275396,-0.034424500000000004,0.0137698,-0.0275396,-0.0206547,6.526885200000001,0.015136263736073999,-0.01048962148949,-0.001074969474956,0.002104090354134,0.00012072649572900001,-0.004984279609383,9.116999999999997,2.0089469999220455,0.22338500002661021,0.08066500049608294,17.753381000147783
invdyn,00:58:10.340,13,-90.008,-89.983,0.02,-89.963,0.04,51.024,0.0,0.0,0.0,0.0,0.0,6.973937382813795,-90.008,-89.983,0.02,-89.963,0.04,60.0,-90.008,-89.983,0.02,-89.963,0.04,55.512,0.0,0.0,0.0,0.0,0.0,110.9894715392507,0.0,0.0,0.0,0.0,0.0,4.4879999999999995,-0.0481943,0.0068849,0.0068849,-0.0068849,-0.0413094,7.2773393,0.014806837606652,-0.010767032966898,-0.00024273504273199999,0.002035103785146,-0.00034493284494,-0.002052350427393,8.975999999999999,2.0095770005355007,1.22151599953213,0.14346100033435505,16.66458599993348
invdyn,00:58:10.361,14,-90.008,-89.983,0.02,-89.963,0.04,51.158,0.0,0.0,0.0,0.0,0.0,6.6143757473050115,-90.008,-89.983,0.02,-89.963,0.04,60.0,-90.008,-89.983,0.02,-89.963,0.04,55.579,0.0,0.0,0.0,0.0,0.0,109.1125193240126,0.0,0.0,0.0,0.0,0.0,4.420999999999999,0.0137698,0.0,-0.0137698,-0.0550792,0.0413094,6.9812886,0.014720146519961999,-0.011044444444306,-0.000797557997548,0.0019488705739110002,3.4493284494e-05,-0.0024317765568270004,8.841999999999999,1.9530970002961112,0.21827399996254826,0.0792579994595144,17.813270000260673
invdyn,00:58:10.381,15,-90.008,-89.983,0.02,-89.963,0.04,51.298,0.0,0.0,0.0,0.0,0.0,6.925211812435164,-90.008,-89.983,0.02,-89.963,0.04,60.0,-90.008,-89.983,0.02,-89.963,0.04,55.649,0.0,0.0,0.0,0.0,0.0,107.61284498537596,0.0,0.0,0.0,0.0,0.0,4.350999999999999,0.0206547,0.0413094,0.0275396,-0.0275396,-0.0275396,7.160296000000001,0.014512087911906,-0.010732356532222,3.4676434676e-05,0.002035103785146,-0.00043116605617500006,-0.001414224664254,8.701999999999998,2.596067000013136,0.26471700039110146,0.12936799976159818,17.225705999408092
invdyn,00:58:10.401,16,-90.008,-89.983,0.02,-89.963,0.04,51.436,0.0,0.0,0.0,0.0,0.0,6.765559968674297,-90.008,-89.983,0.02,-89.963,0.04,60.0,-90.008,-89.983,0.02,-89.963,0.04,55.718,0.0,0.0,0.0,0.0,0.0,104.96423110820193,0.0,0.0,0.0,0.0,0.0,4.282000000000004,0.034424500000000004,0.0137698,-0.0137698,-0.0137698,0.034424500000000004,6.2170647,0.014494749694568,-0.009171916971802,-0.00052014652014,0.0019661172161580002,-0.000655372405386,-0.004915293040395,8.564,2.1163889996387297,0.2659399997355649,0.13370099986786954,17.524310999760928
invdyn,00:58:10.422,17,-90.008,-89.983,0.02,-89.963,0.04,51.563,0.0,0.0,0.0,0.0,0.0,6.289351295826321,-90.008,-89.983,0.02,-89.963,0.04,60.0,-90.008,-89.983,0.02,-89.963,0.04,55.7815,0.0,0.0,0.0,0.0,0.0,104.45523008442053,0.0,0.0,0.0,0.0,0.0,4.218499999999999,0.0481943,-0.0068849,-0.0068849,0.0206547,-0.0275396,7.1327564,0.015101587301398,-0.010558974358842,0.000294749694746,0.0024317765568270004,-0.00043116605617500006,-0.0019661172161580002,8.436999999999998,1.9181900006515207,0.21871900025871582,0.07323900081246393,17.8425280000738
invdyn,00:58:10.442,18,-90.008,-89.983,0.02,-89.963,0.04,51.693,0.0,0.0,0.0,0.0,0.0,6.441188867362625,-90.008,-89.983,0.02,-89.963,0.04,60.0,-90.008,-89.983,0.02,-89.963,0.04,55.8465,0.0,0.0,0.0,0.0,0.0,102.89799215612156,0.0,0.0,0.0,0.0,0.0,4.153500000000001,-0.06884900000000001,0.0550792,-0.0068849,0.034424500000000004,0.0068849,6.8573604,0.014928205128017999,-0.01048962148949,3.4676434676e-05,0.0016556776557120003,-0.00034493284494,-0.0009140720390910001,8.307000000000002,1.9508739997036173,0.21982999987812946,0.07868399916333146,17.805825999857916
invdyn,00:58:10.462,19,-90.008,-89.983,0.02,-89.963,0.04,51.829,0.0,0.0,0.0,0.0,0.0,6.73616683789766,-90.008,-89.983,0.02,-89.963,0.04,60.0,-90.008,-89.983,0.02,-89.963,0.04,55.914500000000004,0.0,0.0,0.0,0.0,0.0,101.17871182437618,0.0,0.0,0.0,0.0,0.0,4.085500000000003,-0.06884900000000001,-0.0275396,-0.0068849,-0.0068849,0.0413094,6.2446043,0.015014896214708,-0.011304517704376,1.7338217338e-05,0.0019661172161580002,-0.001190018315043,-0.0008623321123500001,8.171,1.9535960000212071,0.24230999952123966,0.11177600026712753,17.75677099976747
invdyn,00:58:10.482,20,-90.008,-89.983,0.02,-89.963,0.04,51.958,0.0,0.0,0.0,0.0,0.0,6.380561280203667,-90.008,-89.983,0.02,-89.963,0.04,60.0,-90.008,-89.983,0.02,-89.963,0.04,55.979,0.0,0.0,0.0,0.0,0.0,99.44277871201314,0.0,0.0,0.0,0.0,0.0,4.021000000000001,0.034424500000000004,-0.0275396,-0.034424500000000004,0.0619641,-0.0137698,5.8728197,0.014685470085286,-0.00996947496935,3.4676434676e-05,0.00241452991458,-0.000724358974374,-0.004518620268714001,8.042000000000002,1.9466150006337557,0.2228479997938848,0.08305400024255505,17.813491999731923
invdyn,00:58:10.503,21,-90.008,-89.983,0.02,-89.963,0.04,52.077,0.0,0.0,0.0,0.0,0.0,5.735322501321433,-90.008,-89.983,0.02,-89.963,0.04,60.0,-90.008,-89.983,0.02,-89.963,0.04,56.0385,0.0,0.0,0.0,0.0,0.0,95.46420205455843,0.0,0.0,0.0,0.0,0.0,3.961500000000001,0.0413094,0.0,-0.0137698,-0.0,-0.0206547,6.685237900000001,0.01491086691068,-0.010246886446757999,0.000589499389492,0.0031216422467070003,-0.000586385836398,-0.001259004884031,7.923000000000002,2.081020000332501,0.22384799922292586,0.09618300009606173,17.66549399962969
invdyn,00:58:10.523,22,-90.008,-89.983,0.02,-89.963,0.04,52.2,0.0,0.0,0.0,0.0,0.0,6.08314536364517,-90.008,-89.983,0.02,-89.963,0.04,60.0,-90.008,-89.983,0.02,-89.963,0.04,56.1,0.0,0.0,0.0,0.0,0.0,96.44010942363924,0.0,0.0,0.0,0.0,0.0,3.8999999999999986,0.0137698,-0.0619641,-0.0757339,-0.0,0.034424500000000004,6.1137912000000005,0.014408058607878,-0.00996947496935,1.7338217338e-05,0.00241452991458,-0.000810592185609,-0.0033286019536710003,7.799999999999997,2.014595000218833,0.27805100035038777,0.08616500053904019,17.680826999821875
invdyn,00:58:10.543,23,-90.008,-89.983,0.02,-89.963,0.04,52.326,0.0,0.0,0.0,0.0,0.0,6.2358529776161395,-90.008,-89.983,0.02,-89.963,0.04,60.0,-90.008,-89.983,0.02,-89.963,0.04,56.163,0.0,0.0,0.0,0.0,0.0,94.94828521870464,0.0,0.0,0.0,0.0,0.0,3.836999999999996,-0.0206547,-0.0137698,0.0206547,-0.0550792,0.0206547,6.1826402,0.014408058607878,-0.010437606837476,-0.00024273504273199999,0.0022593101343570004,-0.0008968253968440001,-0.001276251526278,7.6739999999999995,2.0433910003703204,0.5538980003620964,0.10692399973777356,17.340647999844805
invdyn,00:58:10.563,24,-90.008,-89.983,0.02,-89.963,0.04,52.45,0.0,0.0,0.0,0.0,0.0,6.138319772451106,-90.008,-89.983,0.02,-89.963,0.04,60.0,-90.008,-89.983,0.02,-89.963,0.04,56.225,0.0,0.0,0.0,0.0,0.0,93.43611750404226,0.0,0.0,0.0,0.0,0.0,3.7749999999999986,-0.034424500000000004,-0.0068849,0.06884900000000001,-0.0068849,0.0550792,5.2118693,0.01491086691068,-0.010177533577406,0.001144322344308,0.0017246642247000002,-0.00103479853482,-0.005277472527582001,7.549999999999997,1.9885780002368847,0.22718099990015617,0.08799900024314411,17.756123000253865
invdyn,00:58:10.584,25,-90.008,-89.983,0.02,-89.963,0.04,52.56,0.0,0.0,0.0,0.0,0.0,5.4433563397397045,-90.008,-89.983,0.02,-89.963,0.04,60.0,-90.008,-89.983,0.02,-89.963,0.04,56.28,0.0,0.0,0.0,0.0,0.0,92.04220719923545,0.0,0.0,0.0,0.0,0.0,3.719999999999999,-0.0137698,0.0,0.0137698,-0.0068849,0.0068849,5.7970858000000005,0.014997557997369999,-0.01022954822942,-0.00052014652014,0.0018626373626760002,-0.00043116605617500006,-0.0035873015873760005,7.439999999999998,2.0209650001561386,0.22405199979402823,0.08477600022160914,17.726289999700384
invdyn,00:58:10.604,26,-90.008,-89.983,0.02,-89.963,0.04,52.669,0.0,0.0,0.0,0.0,0.0,5.394253135581957,-90.008,-89.983,0.02,-89.963,0.04,60.0,-90.008,-89.983,0.02,-89.963,0.04,56.3345,0.0,0.0,0.0,0.0,0.0,90.70015994714055,0.0,0.0,0.0,0.0,0.0,3.6655000000000015,-0.0413094,-0.0275396,-0.0068849,0.0137698,0.0275396,5.9278989,0.014616117215934,-0.010784371184235999,-0.000814896214886,0.002121336996381,-0.000724358974374,-0.00224206349211,7.331000000000003,1.9620969997049542,0.21862599987798603,0.08625800001027528,17.792917999940983
invdyn,00:58:10.624,27,-90.008,-89.983,0.02,-89.963,0.04,52.79,0.0,0.0,0.0,0.0,0.0,5.987691973713815,-90.008,-89.983,0.02,-89.963,0.04,60.0,-90.008,-89.983,0.02,-89.963,0.04,56.394999999999996,0.0,0.0,0.0,0.0,0.0,89.19681638528063,0.0,0.0,0.0,0.0,0.0,3.604999999999997,0.0,0.0,0.0550792,0.0895037,0.0275396,5.7902009,0.014581440781258,-0.009726739926618,-0.000797557997548,0.00224206349211,-0.00034493284494,-0.002483516483568,7.210000000000001,1.9747260002986877,0.22171799992065644,0.08586900003137998,17.7684929994939
invdyn,00:58:10.644,28,-90.008,-89.983,0.02,-89.963,0.04,52.905,0.0,0.0,0.0,0.0,0.0,5.6960906943789364,-90.008,-89.983,0.02,-89.963,0.04,60.0,-90.008,-89.983,0.02,-89.963,0.04,56.4525,0.0,0.0,0.0,0.0,0.0,87.85600755786488,0.0,0.0,0.0,0.0,0.0,3.5474999999999994,-0.0413094,0.0413094,-0.0275396,0.034424500000000004,-0.0068849,5.4941502,0.014095970695794,-0.010246886446757999,5.2014652013999995e-05,0.0019661172161580002,-0.00043116605617500006,-0.0030526556777190003,7.094999999999999,1.9469480002953787,0.2238849992863834,0.08623899975646054,17.795862000639318
invdyn,00:58:10.664,29,-90.008,-89.983,0.02,-89.963,0.04,53.018,0.0,0.0,0.0,0.0,0.0,5.598879553938455,-90.008,-89.983,0.02,-89.963,0.04,60.0,-90.008,-89.983,0.02,-89.963,0.04,56.509,0.0,0.0,0.0,0.0,0.0,86.48534744601426,0.0,0.0,0.0,0.0,0.0,3.4909999999999997,0.0068849,0.0137698,-0.0137698,-0.0413094,-0.0137698,5.1292505,0.015101587301398,-0.01048962148949,-0.00024273504273199999,0.0017246642247000002,-0.0009658119658320001,-0.004794566544666001,6.981999999999999,1.9464670003799256,0.23492200034525013,0.10814600045705447,17.759381999894686
invdyn,00:58:10.685,30,-90.008,-89.983,0.02,-89.963,0.04,53.119,0.0,0.0,0.0,0.0,0.0,4.996988581674014,-90.008,-89.983,0.02,-89.963,0.04,60.0,-90.008,-89.983,0.02,-89.963,0.04,56.5595,0.0,0.0,0.0,0.0,0.0,85.10960007549306,0.0,0.0,0.0,0.0,0.0,3.4405,-0.0137698,0.0,0.0137698,-0.0,0.0137698,5.6938123,0.014928205128017999,-0.010264224664096,-0.000797557997548,0.0019661172161580002,-0.000638125763139,-0.002035103785146,6.881,1.9379300001673982,0.24044100064202212,0.11355400056345388,17.72295699993265
invdyn,00:58:10.706,31,-90.008,-89.983,0.02,-89.963,0.04,53.226,0.0,0.0,0.0,0.0,0.0,5.144261620109778,-90.008,-89.983,0.02,-89.963,0.04,60.0,-90.008,-89.983,0.02,-89.963,0.04,56.613,0.0,0.0,0.0,0.0,0.0,81.41875751080342,0.0,0.0,0.0,0.0,0.0,3.3870000000000005,0.0206547,0.0068849,0.0137698,-0.0,-0.0137698,5.2738334,0.014494749694568,-0.010194871794744,3.4676434676e-05,0.0023282967033450004,-0.0008968253968440001,-0.0035528083028820005,6.774000000000001,1.9529289993442944,0.22392200025933562,0.08559099933336256,17.802622000090196
invdyn,00:58:10.726,32,-90.008,-89.983,0.02,-89.963,0.04,53.339,0.0,0.0,0.0,0.0,0.0,5.587526549089858,-90.008,-89.983,0.02,-89.963,0.04,60.0,-90.008,-89.983,0.02,-89.963,0.04,56.6695,0.0,0.0,0.0,0.0,0.0,82.3418458926719,0.0,0.0,0.0,0.0,0.0,3.3305000000000007,-0.0137698,0.0481943,0.034424500000000004,-0.0413094,0.0137698,5.3220277000000005,0.015032234432046,-0.010264224664096,0.000589499389492,0.002276556776604,-0.0009830586080790001,-0.001569444444477,6.661000000000001,2.462625000589469,0.24173600013455143,0.12362800043774769,17.230909000318206
invdyn,00:58:10.746,33,-90.008,-89.983,0.02,-89.963,0.04,53.448,0.0,0.0,0.0,0.0,0.0,5.376364273534514,-90.008,-89.983,0.02,-89.963,0.04,60.0,-90.008,-89.983,0.02,-89.963,0.04,56.724000000000004,0.0,0.0,0.0,0.0,0.0,80.79343743164578,0.0,0.0,0.0,0.0,0.0,3.2760000000000034,0.0137698,-0.0275396,-0.0,0.0275396,0.0275396,4.8676243,0.015101587301398,-0.010246886446757999,0.001144322344308,0.00155219780223,-0.0008795787545970001,-0.0033803418804120005,6.552,2.4549210002078325,0.3621790001488989,0.2974210001411848,16.91608199962502
invdyn,00:58:10.766,34,-90.008,-89.983,0.02,-89.963,0.04,53.552,0.0,0.0,0.0,0.0,0.0,5.1425629369392345,-90.008,-89.983,0.02,-89.963,0.04,60.0,-90.008,-89.983,0.02,-89.963,0.04,56.775999999999996,0.0,0.0,0.0,0.0,0.0,79.70972552255874,0.0,0.0,0.0,0.0,0.0,3.2239999999999966,0.034424500000000004,-0.0068849,0.0137698,0.0481943,-0.0,4.7781206,0.015205616605426,-0.010472283272152,-0.00026007326007,0.002190323565369,-0.00043116605617500006,-0.0035528083028820005,6.448,1.9609850005508633,0.22433000049204566,0.08371999956580112,17.804381000132707
invdyn,00:58:10.787,35,-90.008,-89.983,0.02,-89.963,0.04,53.646,0.0,0.0,0.0,0.0,0.0,4.541486119750329,-90.008,-89.983,0.02,-89.963,0.04,60.0,-90.008,-89.983,0.02,-89.963,0.04,56.823,0.0,0.0,0.0,0.0,0.0,76.74628405556706,0.0,0.0,0.0,0.0,0.0,3.1769999999999996,0.0068849,0.0,-0.0,0.0275396,-0.0206547,5.3839918,0.014806837606652,-0.00996947496935,0.000294749694746,0.0017246642247000002,-0.000189713064717,-0.0017419108669470002,6.353999999999999,2.222980000624375,0.22756999987905147,0.08531399998901179,17.47103499928926
invdyn,00:58:10.807,36,-90.008,-89.983,0.02,-89.963,0.04,53.745,0.0,0.0,0.0,0.0,0.0,4.89994567102871,-90.008,-89.983,0.02,-89.963,0.04,60.0,-90.008,-89.983,0.02,-89.963,0.04,56.8725,0.0,0.0,0.0,0.0,0.0,77.3968691219334,0.0,0.0,0.0,0.0,0.0,3.127500000000005,0.0206547,0.0,0.0206547,-0.0137698,0.0275396,4.8676243,0.015101587301398,-0.010472283272152,0.000329426129422,0.0018626373626760002,-0.00043116605617500006,-0.0032596153846830003,6.255000000000003,2.036427999883017,0.2248659993711044,0.08453600003122119,17.71058600024844
invdyn,00:58:10.827,37,-90.008,-89.983,0.02,-89.963,0.04,53.849,0.0,0.0,0.0,0.0,0.0,5.146871059090012,-90.008,-89.983,0.02,-89.963,0.04,60.0,-90.008,-89.983,0.02,-89.963,0.04,56.924499999999995,0.0,0.0,0.0,0.0,0.0,76.10193241457434,0.0,0.0,0.0,0.0,0.0,3.075499999999998,0.0068849,0.0,0.0137698,-0.0206547,0.0068849,5.0810562,0.015326984126791999,-0.010281562881434,0.000294749694746,0.002104090354134,-0.000810592185609,-0.0017419108669470002,6.151000000000003,2.0403729995450703,0.2212919998783036,0.08523999986209674,17.707344999507768
invdyn,00:58:10.848,38,-90.008,-89.983,0.02,-89.963,0.04,53.949,0.0,0.0,0.0,0.0,0.0,4.949556885097013,-90.008,-89.983,0.02,-89.963,0.04,60.0,-90.008,-89.983,0.02,-89.963,0.04,56.9745,0.0,0.0,0.0,0.0,0.0,74.87442177930401,0.0,0.0,0.0,0.0,0.0,3.025500000000001,0.0275396,0.0137698,0.0206547,-0.0206547,0.0137698,4.7023867,0.014616117215934,-0.009986813186687999,3.4676434676e-05,0.0017246642247000002,-0.00103479853482,-0.0028456959707550003,6.051000000000002,1.9915399998353678,0.2224039999418892,0.08199900003091898,17.79351000004681
invdyn,00:58:10.868,39,-90.008,-89.983,0.02,-89.963,0.04,54.047,0.0,0.0,0.0,0.0,0.0,4.828628057232757,-90.008,-89.983,0.02,-89.963,0.04,60.0,-90.008,-89.983,0.02,-89.963,0.04,57.0235,0.0,0.0,0.0,0.0,0.0,73.32862965486459,0.0,0.0,0.0,0.0,0.0,2.9765000000000015,-0.0550792,0.0137698,0.0068849,0.0137698,0.0068849,4.4407605000000006,0.014806837606652,-0.009431990231872,-0.00024273504273199999,0.0022593101343570004,-0.000810592185609,-0.004397893772985001,5.953000000000003,2.134815000317758,0.2753099997789832,0.12759099990944378,17.514978999315645
invdyn,00:58:10.888,40,-90.008,-89.983,0.02,-89.963,0.04,54.131,0.0,0.0,0.0,0.0,0.0,4.151846427603593,-90.008,-89.983,0.02,-89.963,0.04,60.0,-90.008,-89.983,0.02,-89.963,0.04,57.0655,0.0,0.0,0.0,0.0,0.0,72.5213889392993,0.0,0.0,0.0,0.0,0.0,2.9345,0.0481943,-0.0206547,0.0206547,0.0206547,-0.0275396,5.0328619,0.01543101343082,-0.010784371184235999,-0.001074969474956,0.00155219780223,-0.0008968253968440001,-0.000724358974374,5.869,2.0811310005228734,0.2526070002204506,0.12214599973958684,17.59777400002349
invdyn,00:58:10.908,41,-90.008,-89.983,0.02,-89.963,0.04,54.222,0.0,0.0,0.0,0.0,0.0,4.464008607985831,-90.008,-89.983,0.02,-89.963,0.04,60.0,-90.008,-89.983,0.02,-89.963,0.04,57.111000000000004,0.0,0.0,0.0,0.0,0.0,70.86000477181818,0.0,0.0,0.0,0.0,0.0,2.889000000000003,-0.0206547,-0.0137698,-0.0,-0.0,0.0275396,4.544034,0.016332600732396,-0.01048962148949,-0.00024273504273199999,0.002104090354134,-0.0008968253968440001,-0.0018453907204290002,5.777999999999999,2.1574819993475103,0.23321800017583882,0.10862799990718486,17.555755999637768
invdyn,00:58:10.929,42,-90.008,-89.983,0.02,-89.963,0.04,54.32,0.0,0.0,0.0,0.0,0.0,4.823641561245754,-90.008,-89.983,0.02,-89.963,0.04,60.0,-90.008,-89.983,0.02,-89.963,0.04,57.16,0.0,0.0,0.0,0.0,0.0,69.89358180580655,0.0,0.0,0.0,0.0,0.0,2.8399999999999963,0.0619641,0.0068849,0.0413094,-0.0137698,-0.0413094,4.6335377,0.014581440781258,-0.010732356532222,-0.000537484737478,0.001569444444477,-0.000500152625163,-0.0024662698413210004,5.68,3.693308000038087,0.2704210000956664,0.12394300028972793,16.101409999464522
invdyn,00:58:10.949,43,-90.008,-89.983,0.02,-89.963,0.04,54.412,0.0,0.0,0.0,0.0,0.0,4.516655757660823,-90.008,-89.983,0.02,-89.963,0.04,60.0,-90.008,-89.983,0.02,-89.963,0.04,57.206,0.0,0.0,0.0,0.0,0.0,68.5844357983941,0.0,0.0,0.0,0.0,0.0,2.794000000000004,0.0068849,-0.0413094,-0.0206547,0.034424500000000004,-0.0,4.7230414000000005,0.014928205128017999,-0.01048962148949,0.000294749694746,0.0022593101343570004,-0.000810592185609,-0.001138278388302,5.588000000000001,1.9766329996855347,0.22251500013226178,0.07766500038997037,17.79686200006836
invdyn,00:58:10.969,44,-90.008,-89.983,0.02,-89.963,0.04,54.504,0.0,0.0,0.0,0.0,0.0,4.547742698880315,-90.008,-89.983,0.02,-89.963,0.04,60.0,-90.008,-89.983,0.02,-89.963,0.04,57.251999999999995,0.0,0.0,0.0,0.0,0.0,67.91954856806132,0.0,0.0,0.0,0.0,0.0,2.7479999999999976,0.0275396,0.0,-0.034424500000000004,-0.0206547,-0.0137698,3.8968534,0.014789499389313999,-0.010038827838702,-0.00052014652014,0.001500457875489,-0.0008795787545970001,-0.004346153846244,5.496000000000002,2.9018209997957456,0.23229200087371282,0.19018200055143097,16.72762199996214
invdyn,00:58:10.990,45,-90.008,-89.983,0.02,-89.963,0.04,54.587,0.0,0.0,0.0,0.0,0.0,4.105225551585749,-90.008,-89.983,0.02,-89.963,0.04,60.0,-90.008,-89.983,0.02,-89.963,0.04,57.2935,0.0,0.0,0.0,0.0,0.0,66.93248768292823,0.0,0.0,0.0,0.0,0.0,2.7064999999999984,-0.0137698,-0.0413094,-0.034424500000000004,-0.0275396,-0.034424500000000004,3.6903064000000003,0.014702808302624,-0.011027106226968,-0.001074969474956,0.0018626373626760002,-3.4493284494e-05,-0.00431166056175,5.412999999999997,2.9145250000510714,0.5769709996457095,0.1300530002481537,16.417681999882916
invdyn,00:58:11.010,46,-90.008,-89.983,0.02,-89.963,0.04,54.661,0.0,0.0,0.0,0.0,0.0,3.6608576719388544,-90.008,-89.983,0.02,-89.963,0.04,60.0,-90.008,-89.983,0.02,-89.963,0.04,57.3305,0.0,0.0,0.0,0.0,0.0,66.03148348135828,0.0,0.0,0.0,0.0,0.0,2.6694999999999993,0.0137698,-0.0137698,-0.0,-0.034424500000000004,-0.0206547,4.220443700000001,0.01482417582399,-0.010472283272152,0.000329426129422,0.0026387362637910004,-0.0008968253968440001,-0.002655982906038,5.338999999999999,1.9578000001274631,0.22608899962506257,0.08572099977754988,17.78564100004587
invdyn,00:58:11.030,47,-90.008,-89.983,0.02,-89.963,0.04,54.743,0.0,0.0,0.0,0.0,0.0,4.057726852288852,-90.008,-89.983,0.02,-89.963,0.04,60.0,-90.008,-89.983,0.02,-89.963,0.04,57.3715,0.0,0.0,0.0,0.0,0.0,65.03496970268992,0.0,0.0,0.0,0.0,0.0,2.6284999999999954,-0.0550792,0.0,0.0068849,0.0826188,-0.0137698,4.2273286,0.015101587301398,-0.009726739926618,1.7338217338e-05,0.0025697496948030004,-0.00051739926741,-0.001086538461561,5.256999999999998,1.9504669999150792,0.21981099962431472,0.07644400011486141,17.816085000049497
invdyn,00:58:11.050,48,-90.008,-89.983,0.02,-89.963,0.04,54.832,0.0,0.0,0.0,0.0,0.0,4.402819555345808,-90.008,-89.983,0.02,-89.963,0.04,60.0,-90.008,-89.983,0.02,-89.963,0.04,57.416,0.0,0.0,0.0,0.0,0.0,63.91508837648168,0.0,0.0,0.0,0.0,0.0,2.583999999999996,0.0068849,0.0,-0.0,0.0481943,-0.0,4.0758608,0.014408058607878,-0.010246886446757999,0.00031208791208399997,0.002035103785146,-0.000655372405386,-0.0022248168498630004,5.167999999999999,1.929392999954871,0.21818100049131317,0.075831999311049,17.83599200007302
invdyn,00:58:11.070,49,-90.008,-89.983,0.02,-89.963,0.04,54.915,0.0,0.0,0.0,0.0,0.0,4.1068721554377685,-90.008,-89.983,0.02,-89.963,0.04,60.0,-90.008,-89.983,0.02,-89.963,0.04,57.457499999999996,0.0,0.0,0.0,0.0,0.0,62.901942501209206,0.0,0.0,0.0,0.0,0.0,2.542499999999997,-0.0206547,0.0206547,-0.0275396,-0.0068849,-0.034424500000000004,4.1240551000000005,0.014720146519961999,-0.010524297924165999,3.4676434676e-05,0.0018798840049230002,-0.000724358974374,-0.001603937728971,5.085000000000001,1.925855999616033,0.22149599953991128,0.08377599988307338,17.76677100042434
invdyn,00:58:11.091,50,-90.008,-89.983,0.02,-89.963,0.04,54.998,0.0,0.0,0.0,0.0,0.0,4.107356702101223,-90.008,-89.983,0.02,-89.963,0.04,60.0,-90.008,-89.983,0.02,-89.963,0.04,57.498999999999995,0.0,0.0,0.0,0.0,0.0,61.88252477081542,0.0,0.0,0.0,0.0,0.0,2.5009999999999977,0.0413094,0.034424500000000004,-0.0137698,0.0068849,0.0826188,3.6076876,0.014373382173202,-0.010454945054813999,-0.000537484737478,0.002035103785146,-0.000586385836398,-0.0034838217338940005,5.0020000000000024,1.9339489999765647,0.31519799995294306,0.0819610004327842,17.7153829999952
invdyn,00:58:11.111,51,-90.008,-89.983,0.02,-89.963,0.04,55.077,0.0,0.0,0.0,0.0,0.0,3.8917797066043693,-90.008,-89.983,0.02,-89.963,0.04,60.0,-90.008,-89.983,0.02,-89.963,0.04,57.5385,0.0,0.0,0.0,0.0,0.0,60.63047941649736,0.0,0.0,0.0,0.0,0.0,2.461500000000001,0.0137698,0.0068849,-0.0,-0.0413094,0.0481943,3.4355651000000003,0.014269352869174,-0.00996947496935,-0.00052014652014,0.0023282967033450004,-0.000655372405386,-0.004535866910961001,4.923000000000002,2.10855699970125,0.2496250008334755,0.12196000079711666,17.580460000317544
invdyn,00:58:11.131,52,-90.008,-89.983,0.02,-89.963,0.04,55.148,0.0,0.0,0.0,0.0,0.0,3.5090506569259556,-90.008,-89.983,0.02,-89.963,0.04,60.0,-90.008,-89.983,0.02,-89.963,0.04,57.574,0.0,0.0,0.0,0.0,0.0,59.95040065987152,0.0,0.0,0.0,0.0,0.0,2.425999999999995,0.0068849,-0.0137698,-0.0481943,-0.0275396,0.0481943,3.717846,0.01491086691068,-0.010472283272152,-0.00024273504273199999,0.0019661172161580002,-0.00043116605617500006,-0.0038460012210810002,4.851999999999997,2.023835999352741,0.2294409996466129,0.09170199973596027,17.716511999424256
invdyn,00:58:11.151,53,-90.008,-89.983,0.02,-89.963,0.04,55.217,0.0,0.0,0.0,0.0,0.0,3.413019352555943,-90.008,-89.983,0.02,-89.963,0.04,60.0,-90.008,-89.983,0.02,-89.963,0.04,57.6085,0.0,0.0,0.0,0.0,0.0,59.1466360988266,0.0,0.0,0.0,0.0,0.0,2.3915000000000006,0.0275396,0.0068849,0.0275396,0.0137698,-0.0206547,4.3719115,0.014806837606652,-0.010767032966898,3.4676434676e-05,0.002035103785146,-0.000810592185609,-0.0009830586080790001,4.783000000000001,2.073502000712324,0.22629299928667024,0.08505400001013186,17.677937999906135
invdyn,00:58:11.172,54,-90.008,-89.983,0.02,-89.963,0.04,55.297,0.0,0.0,0.0,0.0,0.0,3.9566572725663915,-90.008,-89.983,0.02,-89.963,0.04,60.0,-90.008,-89.983,0.02,-89.963,0.04,57.6485,0.0,0.0,0.0,0.0,0.0,58.15049735275046,0.0,0.0,0.0,0.0,0.0,2.3515000000000015,-0.0275396,-0.0068849,-0.0413094,0.0068849,-0.034424500000000004,4.0070118,0.014789499389313999,-0.01022954822942,-0.000797557997548,0.0022593101343570004,-0.000586385836398,-0.0008450854701030001,4.703000000000003,1.9987619998573791,0.4253819997757091,0.1169420002042898,17.515053000352054
invdyn,00:58:11.192,55,-90.008,-89.983,0.02,-89.963,0.04,55.378,0.0,0.0,0.0,0.0,0.0,4.005595925297266,-90.008,-89.983,0.02,-89.963,0.04,60.0,-90.008,-89.983,0.02,-89.963,0.04,57.689,0.0,0.0,0.0,0.0,0.0,57.14155668741747,0.0,0.0,0.0,0.0,0.0,2.311,-0.0068849,0.0068849,0.0413094,0.0550792,0.0550792,4.0207816,0.014720146519961999,-0.010246886446757999,-0.00052014652014,0.002190323565369,-0.000724358974374,-0.000758852258868,4.622,2.181629000006069,0.2477549996910966,0.11047899988625431,17.51099700049963
invdyn,00:58:11.212,56,-90.008,-89.983,0.02,-89.963,0.04,55.459,0.0,0.0,0.0,0.0,0.0,4.007060494191341,-90.008,-89.983,0.02,-89.963,0.04,60.0,-90.008,-89.983,0.02,-89.963,0.04,57.7295,0.0,0.0,0.0,0.0,0.0,56.160684271982035,0.0,0.0,0.0,0.0,0.0,2.2704999999999984,-0.0275396,-0.0206547,0.0137698,-0.0,0.0206547,3.5939178000000003,0.014390720390539999,-0.010524297924165999,-0.00024273504273199999,0.0023282967033450004,-0.00043116605617500006,-0.0025007631258150004,4.540999999999997,1.999113999772817,0.2239599998574704,0.174959999640123,17.652438999903097
invdyn,00:58:11.232,57,-90.008,-89.983,0.02,-89.963,0.04,55.53,0.0,0.0,0.0,0.0,0.0,3.500224309171375,-90.008,-89.983,0.02,-89.963,0.04,60.0,-90.008,-89.983,0.02,-89.963,0.04,57.765,0.0,0.0,0.0,0.0,0.0,55.091558669001735,0.0,0.0,0.0,0.0,0.0,2.2349999999999994,-0.0068849,0.0068849,-0.0,-0.0068849,-0.0206547,3.2840973,0.014720146519961999,-0.009986813186687999,-0.001074969474956,0.0024317765568270004,-0.0008968253968440001,-0.001621184371218,4.469999999999999,2.001780000682629,0.22110800000518793,0.08338799943885533,17.748141000083706
invdyn,00:58:11.253,58,-90.008,-89.983,0.02,-89.963,0.04,55.6,0.0,0.0,0.0,0.0,0.0,3.4641583878047193,-90.008,-89.983,0.02,-89.963,0.04,60.0,-90.008,-89.983,0.02,-89.963,0.04,57.8,0.0,0.0,0.0,0.0,0.0,54.4367746655025,0.0,0.0,0.0,0.0,0.0,2.1999999999999957,-0.0137698,0.0413094,0.0137698,0.034424500000000004,-0.0,3.0155862,0.01430402930385,-0.010732356532222,-0.00024273504273199999,0.0018626373626760002,-0.000724358974374,-0.00482905982916,4.399999999999999,1.9858550003846176,0.22236599943425972,0.07885000013629906,17.83878799960803
invdyn,00:58:11.273,59,-90.008,-89.983,0.02,-89.963,0.04,55.66,0.0,0.0,0.0,0.0,0.0,2.957762211461376,-90.008,-89.983,0.02,-89.963,0.04,60.0,-90.008,-89.983,0.02,-89.963,0.04,57.83,0.0,0.0,0.0,0.0,0.0,53.48619999059757,0.0,0.0,0.0,0.0,0.0,2.1700000000000017,0.0068849,0.0206547,-0.0206547,-0.0275396,-0.0481943,3.3598312,0.015014896214708,-0.010194871794744,-0.000797557997548,0.002793956044014,-0.000655372405386,-0.004242673992762,4.340000000000003,2.2572760008188197,1.07011100044474,0.3804749994742451,17.186094999487977
invdyn,00:58:11.294,60,-90.008,-89.983,0.02,-89.963,0.04,55.727,0.0,0.0,0.0,0.0,0.0,3.178113929633701,-90.008,-89.983,0.02,-89.963,0.04,60.0,-90.008,-89.983,0.02,-89.963,0.04,57.8635,0.0,0.0,0.0,0.0,0.0,50.67194336315216,0.0,0.0,0.0,0.0,0.0,2.136500000000005,-0.0206547,0.034424500000000004,0.0137698,-0.0068849,0.0275396,3.3391765,0.014616117215934,-0.010732356532222,0.00031208791208399997,0.001500457875489,-0.0009658119658320001,-0.002828449328508,4.273000000000003,3.5315139994054334,0.26155199975619325,0.1285899998038076,17.34392599973944
invdyn,00:58:11.315,61,-90.008,-89.983,0.02,-89.963,0.04,55.798,0.0,0.0,0.0,0.0,0.0,3.2921959427341907,-90.008,-89.983,0.02,-89.963,0.04,60.0,-90.008,-89.983,0.02,-89.963,0.04,57.899,0.0,0.0,0.0,0.0,0.0,48.710589265380555,0.0,0.0,0.0,0.0,0.0,2.100999999999999,-0.034424500000000004,-0.0275396,0.034424500000000004,0.0550792,0.0137698,3.6421121000000003,0.014616117215934,-0.010246886446757999,-0.00052014652014,0.001638431013465,-0.00034493284494,-0.001621184371218,4.201999999999998,2.370904000599694,0.29234700014058035,0.1421269998900243,17.26146399960271
invdyn,00:58:11.336,62,-90.008,-89.983,0.02,-89.963,0.04,55.868,0.0,0.0,0.0,0.0,0.0,3.459219793814447,-90.008,-89.983,0.02,-89.963,0.04,60.0,-90.008,-89.983,0.02,-89.963,0.04,57.934,0.0,0.0,0.0,0.0,0.0,51.04820067157582,0.0,0.0,0.0,0.0,0.0,2.0659999999999954,0.0275396,0.0,0.0481943,-0.0206547,-0.0137698,3.2840973,0.015326984126791999,-0.010246886446757999,0.00031208791208399997,0.001569444444477,-0.000586385836398,-0.00155219780223,4.131999999999998,2.3757190001560957,0.24649599981785286,0.12564600001496729,17.426202000024205
invdyn,00:58:11.356,63,-90.008,-89.983,0.02,-89.963,0.04,55.936,0.0,0.0,0.0,0.0,0.0,3.3106135970562263,-90.008,-89.983,0.02,-89.963,0.04,60.0,-90.008,-89.983,0.02,-89.963,0.04,57.968,0.0,0.0,0.0,0.0,0.0,49.464461979547536,0.0,0.0,0.0,0.0,0.0,2.0320000000000036,-0.0206547,0.0137698,0.034424500000000004,-0.0068849,-0.0413094,3.1257446,0.014581440781258,-0.010732356532222,-0.00052014652014,0.0017246642247000002,-0.000724358974374,-0.001396978022007,4.064,4.770270000335586,0.245737000113877,0.1212759998452384,15.461512999536353
invdyn,00:58:11.377,64,-90.008,-89.983,0.02,-89.963,0.04,56.007,0.0,0.0,0.0,0.0,0.0,3.4170854972517346,-90.008,-89.983,0.02,-89.963,0.04,60.0,-90.008,-89.983,0.02,-89.963,0.04,58.0035,0.0,0.0,0.0,0.0,0.0,48.0437408117133,0.0,0.0,0.0,0.0,0.0,1.9965000000000046,-0.0137698,0.0550792,-0.0481943,0.0068849,0.0068849,2.2651321,0.015222954822764,-0.010246886446757999,-0.001074969474956,0.0017246642247000002,-0.000275946275952,-0.004501373626467,3.993000000000002,2.6252520001435187,0.22986600015428849,0.10464599927217932,17.098356000133208
invdyn,00:58:11.397,65,-90.008,-89.983,0.02,-89.963,0.04,56.07,0.0,0.0,0.0,0.0,0.0,3.114729030128837,-90.008,-89.983,0.02,-89.963,0.04,60.0,-90.008,-89.983,0.02,-89.963,0.04,58.035,0.0,0.0,0.0,0.0,0.0,48.574940827007396,0.0,0.0,0.0,0.0,0.0,1.9649999999999963,0.0068849,0.0481943,0.0068849,-0.0068849,-0.0137698,2.4303697,0.014702808302624,-0.011027106226968,3.4676434676e-05,0.0017936507936880002,-0.000655372405386,-0.0058466117217330004,3.9299999999999997,3.0631879999418743,0.23779200000717537,0.30097600028966554,16.44671899975947
invdyn,00:58:11.417,66,-90.008,-89.983,0.02,-89.963,0.04,56.121,0.0,0.0,0.0,0.0,0.0,2.5219526756977575,-90.008,-89.983,0.02,-89.963,0.04,60.0,-90.008,-89.983,0.02,-89.963,0.04,58.060500000000005,0.0,0.0,0.0,0.0,0.0,47.95418837760405,0.0,0.0,0.0,0.0,0.0,1.9395000000000024,0.0619641,0.0757339,0.0206547,-0.0206547,0.0137698,3.0018164,0.014494749694568,-0.01048962148949,-0.00052014652014,0.002345543345592,-0.00043116605617500006,-0.0035355616606350003,3.878999999999998,2.9487090005204664,0.5316759998095222,0.1288859994019731,16.417868000644376
invdyn,00:58:11.438,67,-90.008,-89.983,0.02,-89.963,0.04,56.171,0.0,0.0,0.0,0.0,0.0,2.47366918694474,-90.008,-89.983,0.02,-89.963,0.04,60.0,-90.008,-89.983,0.02,-89.963,0.04,58.085499999999996,0.0,0.0,0.0,0.0,0.0,47.35839658405974,0.0,0.0,0.0,0.0,0.0,1.9144999999999968,-0.0275396,-0.0068849,-0.0413094,-0.0206547,-0.0068849,3.1463993,0.014494749694568,-0.010506959706828,3.4676434676e-05,0.0022593101343570004,-0.000275946275952,-0.002190323565369,3.8290000000000006,2.166055000088818,0.22990400066191796,0.13877499986847397,17.518792999908328
invdyn,00:58:11.458,68,-90.008,-89.983,0.02,-89.963,0.04,56.228,0.0,0.0,0.0,0.0,0.0,2.8194507695030255,-90.008,-89.983,0.02,-89.963,0.04,60.0,-90.008,-89.983,0.02,-89.963,0.04,58.114000000000004,0.0,0.0,0.0,0.0,0.0,46.64459781826757,0.0,0.0,0.0,0.0,0.0,1.8860000000000028,0.0068849,-0.0068849,-0.0,0.0206547,0.0481943,3.4906443,0.014460073259891999,-0.01100976800963,1.7338217338e-05,0.0025007631258150004,-0.000586385836398,-0.001103785103808,3.7719999999999985,2.2026659999028197,0.2250139996249345,0.09542399948259117,17.533052000544558
invdyn,00:58:11.478,69,-90.008,-89.983,0.02,-89.963,0.04,56.285,0.0,0.0,0.0,0.0,0.0,2.8207481240263728,-90.008,-89.983,0.02,-89.963,0.04,60.0,-90.008,-89.983,0.02,-89.963,0.04,58.1425,0.0,0.0,0.0,0.0,0.0,45.9608740384162,0.0,0.0,0.0,0.0,0.0,1.8575000000000017,-0.0206547,-0.034424500000000004,-0.0,-0.0206547,-0.0068849,3.0018164,0.015032234432046,-0.009449328449209999,-0.00052014652014,0.001190018315043,-0.00034493284494,-0.001638431013465,3.7150000000000034,2.137888999641291,0.2225700000053621,0.09366500034957426,17.677086999356106
invdyn,00:58:11.498,70,-90.008,-89.983,0.02,-89.963,0.04,56.354,0.0,0.0,0.0,0.0,0.0,3.4004673591203054,-90.008,-89.983,0.02,-89.963,0.04,60.0,-90.008,-89.983,0.02,-89.963,0.04,58.177,0.0,0.0,0.0,0.0,0.0,44.92066663533394,0.0,0.0,0.0,0.0,0.0,1.8230000000000004,0.0481943,-0.0206547,0.034424500000000004,-0.0,-0.0481943,2.8710033,0.015621733821538,-0.010506959706828,0.000589499389492,0.002173076923122,-0.00043116605617500006,-0.0034665750916470003,3.646000000000001,2.1248149996608845,0.30025500018382445,0.09348000003228663,17.541217999678338
invdyn,00:58:11.519,71,-90.008,-89.983,0.02,-89.963,0.04,56.472,0.0,0.0,0.0,0.0,0.0,5.708774014948888,-90.008,-89.983,0.02,-89.963,0.04,60.0,-90.008,-89.983,0.02,-89.963,0.04,58.236000000000004,0.0,0.0,0.0,0.0,0.0,42.67066678970193,0.0,0.0,0.0,0.0,0.0,1.764000000000003,-0.0481943,0.034424500000000004,-0.0137698,0.0413094,-0.06884900000000001,3.0568956000000003,0.014390720390539999,-0.009744078143956,-0.001074969474956,0.001638431013465,-0.000275946275952,-0.0016729242979590003,3.5279999999999987,2.190611000514764,0.24675500026205555,0.12257199978193967,17.50684899980115
invdyn,00:58:11.539,72,-90.008,-89.983,0.02,-89.963,0.04,56.53,0.0,0.0,0.0,0.0,0.0,2.8642871002684416,-90.008,-89.983,0.02,-89.963,0.04,60.0,-90.008,-89.983,0.02,-89.963,0.04,58.265,0.0,0.0,0.0,0.0,0.0,42.8408458531531,0.0,0.0,0.0,0.0,0.0,1.7349999999999994,0.0,-0.034424500000000004,0.0068849,-0.0137698,0.034424500000000004,2.7264204000000003,0.015032234432046,-0.00996947496935,0.0008495726495619999,0.0024317765568270004,-0.00012072649572900001,-0.0019661172161580002,3.469999999999999,2.0229470001140726,0.22692200036544818,0.08979499943961855,17.717974999868602
invdyn,00:58:11.560,73,-90.008,-89.983,0.02,-89.963,0.04,56.586,0.0,0.0,0.0,0.0,0.0,2.771097839808273,-90.008,-89.983,0.02,-89.963,0.04,60.0,-90.008,-89.983,0.02,-89.963,0.04,58.293,0.0,0.0,0.0,0.0,0.0,42.234500112079864,0.0,0.0,0.0,0.0,0.0,1.7070000000000007,-0.0068849,0.0550792,0.0137698,0.0206547,0.0137698,2.0998945,0.014928205128017999,-0.009934798534674,0.00031208791208399997,0.002104090354134,-0.000586385836398,-0.00448412698422,3.4140000000000015,2.0067440000275383,0.22351499956130283,0.08583199996792246,17.741938000654045
invdyn,00:58:11.580,74,-90.008,-89.983,0.02,-89.963,0.04,56.634,0.0,0.0,0.0,0.0,0.0,2.3755350088496474,-90.008,-89.983,0.02,-89.963,0.04,60.0,-90.008,-89.983,0.02,-89.963,0.04,58.317,0.0,0.0,0.0,0.0,0.0,41.6460981238938,0.0,0.0,0.0,0.0,0.0,1.6829999999999998,0.0137698,0.0275396,0.0068849,0.0137698,-0.0137698,1.927772,0.014789499389313999,-0.00996947496935,5.2014652013999995e-05,0.0019488705739110002,-0.00020695970696400003,-0.0069331501832940005,3.3659999999999997,1.9818730006591068,0.2200700000685174,0.08020299992494984,17.771992000234604
invdyn,00:58:11.600,75,-90.008,-89.983,0.02,-89.963,0.04,56.672,0.0,0.0,0.0,0.0,0.0,1.8809869945946867,-90.008,-89.983,0.02,-89.963,0.04,60.0,-90.008,-89.983,0.02,-89.963,0.04,58.336,0.0,0.0,0.0,0.0,0.0,41.183715250076744,0.0,0.0,0.0,0.0,0.0,1.6640000000000015,0.0068849,-0.0137698,0.0068849,-0.0068849,-0.0137698,2.3339811,0.015136263736073999,-0.010784371184235999,-0.000797557997548,0.001276251526278,-0.000258699633705,-0.006088064713191001,3.328000000000003,2.0197429994368576,0.2201630004492472,0.0828140000521671,17.735141999764892
invdyn,00:58:11.620,76,-90.008,-89.983,0.02,-89.963,0.04,56.719,0.0,0.0,0.0,0.0,0.0,2.32555077387714,-90.008,-89.983,0.02,-89.963,0.04,60.0,-90.008,-89.983,0.02,-89.963,0.04,58.3595,0.0,0.0,0.0,0.0,0.0,40.585808984522444,0.0,0.0,0.0,0.0,0.0,1.6404999999999959,-0.0068849,-0.0206547,-0.0068849,-0.0826188,-0.0,2.4303697,0.014269352869174,-0.010472283272152,0.00031208791208399997,0.002104090354134,-0.00041391941392800006,-0.004104700854786,3.280999999999999,2.0003179997729603,0.22047800030122744,0.08323899965034798,17.75299300061306
invdyn,00:58:11.640,77,-90.008,-89.983,0.02,-89.963,0.04,56.766,0.0,0.0,0.0,0.0,0.0,2.3257977087977393,-90.008,-89.983,0.02,-89.963,0.04,60.0,-90.008,-89.983,0.02,-89.963,0.04,58.382999999999996,0.0,0.0,0.0,0.0,0.0,40.00866909708706,0.0,0.0,0.0,0.0,0.0,1.6169999999999973,0.0413094,0.0137698,0.0137698,-0.0068849,-0.0206547,3.0431258,0.015222954822764,-0.010767032966898,0.00031208791208399997,0.0022593101343570004,-0.00034493284494,-0.0017591575091940002,3.2340000000000018,2.0386690002851537,0.2201629995397525,0.08075800087681273,17.731604999426054
invdyn,00:58:11.661,78,-90.008,-89.983,0.02,-89.963,0.04,56.825,0.0,0.0,0.0,0.0,0.0,2.915559409498678,-90.008,-89.983,0.02,-89.963,0.04,60.0,-90.008,-89.983,0.02,-89.963,0.04,58.4125,0.0,0.0,0.0,0.0,0.0,39.224157309989714,0.0,0.0,0.0,0.0,0.0,1.5874999999999986,-0.0619641,-0.0137698,-0.0206547,-0.0275396,0.0275396,2.6782261000000003,0.015222954822764,-0.011321855921713999,-0.00024273504273199999,0.0031906288156950003,-0.000810592185609,-0.001603937728971,3.174999999999997,1.9365230000403244,0.21607100006804103,0.07594300041091628,17.83104700007243
invdyn,00:58:11.681,79,-90.008,-89.983,0.02,-89.963,0.04,56.88,0.0,0.0,0.0,0.0,0.0,2.7216460594619964,-90.008,-89.983,0.02,-89.963,0.04,60.0,-90.008,-89.983,0.02,-89.963,0.04,58.44,0.0,0.0,0.0,0.0,0.0,38.59788957055211,0.0,0.0,0.0,0.0,0.0,1.5599999999999952,-0.0068849,-0.0206547,-0.0137698,-0.0413094,-0.0206547,2.4165999,0.01491086691068,-0.011061782661644,-0.00024273504273199999,0.002052350427393,-0.000569139194151,-0.0032941086691770003,3.1199999999999974,1.916133999657177,0.2168299997720169,0.0764619999245042,17.845992000729893
invdyn,00:58:11.701,80,-90.008,-89.983,0.02,-89.963,0.04,56.931,0.0,0.0,0.0,0.0,0.0,2.524125079649521,-90.008,-89.983,0.02,-89.963,0.04,60.0,-90.008,-89.983,0.02,-89.963,0.04,58.4655,0.0,0.0,0.0,0.0,0.0,37.973234654143,0.0,0.0,0.0,0.0,0.0,1.5345000000000013,0.0068849,-0.0275396,-0.0137698,0.0275396,-0.0068849,2.478564,0.014720146519961999,-0.010264224664096,-0.001629792429772,0.0018798840049230002,-0.000189713064717,-0.001448717948748,3.0690000000000026,1.9279300004200195,0.21451499924296513,0.07555399952252628,17.84027000030619
invdyn,00:58:11.722,81,-90.008,-89.983,0.02,-89.963,0.04,56.983,0.0,0.0,0.0,0.0,0.0,2.506277742665713,-90.008,-89.983,0.02,-89.963,0.04,60.0,-90.008,-89.983,0.02,-89.963,0.04,58.4915,0.0,0.0,0.0,0.0,0.0,36.35307668087751,0.0,0.0,0.0,0.0,0.0,1.508500000000005,0.0550792,-0.0206547,-0.0,-0.0137698,0.0206547,2.4923338,0.014408058607878,-0.010506959706828,-0.00052014652014,0.0019661172161580002,-0.000724358974374,-0.002483516483568,3.017000000000003,1.9325970006320858,0.21784799992019543,0.12597900058608502,17.80067800063989
invdyn,00:58:11.742,82,-90.008,-89.983,0.02,-89.963,0.04,57.031,0.0,0.0,0.0,0.0,0.0,2.372371846387797,-90.008,-89.983,0.02,-89.963,0.04,60.0,-90.008,-89.983,0.02,-89.963,0.04,58.5155,0.0,0.0,0.0,0.0,0.0,36.68527089544326,0.0,0.0,0.0,0.0,0.0,1.4845000000000041,0.0550792,-0.0068849,-0.0,0.0137698,0.0137698,2.5818375000000002,0.014581440781258,-0.011287179487038,0.000589499389492,0.0018798840049230002,-0.00012072649572900001,-0.001483211233242,2.969000000000001,3.22150000010879,0.5392309994931566,0.1284969994230778,16.168965000360913
invdyn,00:58:11.762,83,-90.008,-89.983,0.02,-89.963,0.04,57.079,0.0,0.0,0.0,0.0,0.0,2.3718128718354397,-90.008,-89.983,0.02,-89.963,0.04,60.0,-90.008,-89.983,0.02,-89.963,0.04,58.539500000000004,0.0,0.0,0.0,0.0,0.0,36.083673951203416,0.0,0.0,0.0,0.0,0.0,1.4605000000000032,-0.0206547,-0.0550792,-0.0275396,0.0275396,-0.0137698,2.1962831,0.014512087911906,-0.010784371184235999,-0.00024273504273199999,0.0023282967033450004,-0.00051739926741,-0.002552503052556,2.9209999999999994,1.9812809996437863,0.22399600038625067,0.08794299992587185,17.879194999295578
invdyn,00:58:11.783,84,-90.008,-89.983,0.02,-89.963,0.04,57.127,0.0,0.0,0.0,0.0,0.0,2.278867983473967,-90.008,-89.983,0.02,-89.963,0.04,60.0,-90.008,-89.983,0.02,-89.963,0.04,58.563500000000005,0.0,0.0,0.0,0.0,0.0,34.09993602354403,0.0,0.0,0.0,0.0,0.0,1.4365000000000023,0.0275396,-0.0137698,-0.0481943,-0.06884900000000001,-0.0,1.7074552,0.014581440781258,-0.009986813186687999,-0.00024273504273199999,0.0017936507936880002,-0.00034493284494,-0.004518620268714001,2.8729999999999976,2.0219839998389944,0.2265880002596532,0.6746549997842521,16.808083999421797
invdyn,00:58:11.804,85,-90.008,-89.983,0.02,-89.963,0.04,57.161,0.0,0.0,0.0,0.0,0.0,1.6799747425958989,-90.008,-89.983,0.02,-89.963,0.04,60.0,-90.008,-89.983,0.02,-89.963,0.04,58.5805,0.0,0.0,0.0,0.0,0.0,35.06947275169048,0.0,0.0,0.0,0.0,0.0,1.4194999999999993,0.0481943,-0.0137698,0.0068849,-0.0068849,-0.0206547,1.7143401,0.014720146519961999,-0.01083638583625,0.000589499389492,0.0022938034188510004,-0.000810592185609,-0.0052947191698290005,2.8389999999999986,2.4513839998689946,0.23575500017614104,0.11809100033133291,17.248075999305
invdyn,00:58:11.824,86,-90.008,-89.983,0.02,-89.963,0.04,57.195,0.0,0.0,0.0,0.0,0.0,1.6822141011878249,-90.008,-89.983,0.02,-89.963,0.04,60.0,-90.008,-89.983,0.02,-89.963,0.04,58.5975,0.0,0.0,0.0,0.0,0.0,34.695665836999986,0.0,0.0,0.0,0.0,0.0,1.4024999999999963,0.0413094,0.0,-0.0,0.0481943,0.0550792,2.0103908,0.015014896214708,-0.010784371184235999,3.4676434676e-05,0.0018626373626760002,-0.0008968253968440001,-0.005587912088028,2.8049999999999997,2.043298999524268,0.22521899973071413,0.08735099982004613,17.701456999930087
invdyn,00:58:11.844,87,-90.008,-89.983,0.02,-89.963,0.04,57.234,0.0,0.0,0.0,0.0,0.0,1.9301905200184808,-90.008,-89.983,0.02,-89.963,0.04,60.0,-90.008,-89.983,0.02,-89.963,0.04,58.617000000000004,0.0,0.0,0.0,0.0,0.0,34.22376268186482,0.0,0.0,0.0,0.0,0.0,1.3830000000000027,-0.0068849,0.0481943,-0.0206547,0.0275396,0.0206547,2.134319,0.01543101343082,-0.009449328449209999,0.000589499389492,0.0025007631258150004,0.00020695970696400003,-0.00413919413928,2.7659999999999982,2.0003729996460606,0.22786600038671168,0.09266599954571575,17.73790100014594
invdyn,00:58:11.864,88,-90.008,-89.983,0.02,-89.963,0.04,57.276,0.0,0.0,0.0,0.0,0.0,2.0776125486496837,-90.008,-89.983,0.02,-89.963,0.04,60.0,-90.008,-89.983,0.02,-89.963,0.04,58.638000000000005,0.0,0.0,0.0,0.0,0.0,33.68700346738998,0.0,0.0,0.0,0.0,0.0,1.3620000000000019,-0.0413094,0.0206547,-0.0,0.06884900000000001,-0.0413094,2.3477509,0.014789499389313999,-0.01152991452977,3.4676434676e-05,0.001569444444477,-0.000810592185609,-0.002190323565369,2.7239999999999966,1.9988920003015664,0.22414399973058607,0.09098000009544194,17.755233999196207
invdyn,00:58:11.884,89,-90.008,-89.983,0.02,-89.963,0.04,57.326,0.0,0.0,0.0,0.0,0.0,2.470783948726267,-90.008,-89.983,0.02,-89.963,0.04,60.0,-90.008,-89.983,0.02,-89.963,0.04,58.663,0.0,0.0,0.0,0.0,0.0,33.03438139447206,0.0,0.0,0.0,0.0,0.0,1.3369999999999962,-0.0275396,-0.034424500000000004,0.0619641,-0.0137698,-0.0137698,2.4923338,0.015222954822764,-0.01048962148949,-0.00052014652014,0.0022593101343570004,-0.00043116605617500006,-0.000379426129434,2.6739999999999995,1.9877619997714646,0.23379200047202175,0.10407300032966305,17.724659999657888
invdyn,00:58:11.905,90,-90.008,-89.983,0.02,-89.963,0.04,57.376,0.0,0.0,0.0,0.0,0.0,2.4739026317961104,-90.008,-89.983,0.02,-89.963,0.04,60.0,-90.008,-89.983,0.02,-89.963,0.04,58.688,0.0,0.0,0.0,0.0,0.0,32.45760252916684,0.0,0.0,0.0,0.0,0.0,1.3120000000000047,0.0068849,-0.0413094,0.0206547,-0.0413094,-0.0275396,2.3202113,0.014928205128017999,-0.010194871794744,-0.00024273504273199999,0.0017419108669470002,-0.000724358974374,-0.001621184371218,2.6240000000000023,2.0952240001861355,0.22605200047109975,0.09692500043456675,17.82717700007197
invdyn,00:58:11.926,91,-90.008,-89.983,0.02,-89.963,0.04,57.422,0.0,0.0,0.0,0.0,0.0,2.199099378811163,-90.008,-89.983,0.02,-89.963,0.04,60.0,-90.008,-89.983,0.02,-89.963,0.04,58.711,0.0,0.0,0.0,0.0,0.0,30.81129455747425,0.0,0.0,0.0,0.0,0.0,1.2890000000000015,0.0137698,-0.0275396,0.0068849,-0.0413094,0.0068849,2.2651321,0.014512087911906,-0.009986813186687999,3.4676434676e-05,0.0017246642247000002,-0.00041391941392800006,-0.001638431013465,2.578000000000003,1.9262269997852854,0.22090299989940831,0.08307299958687508,17.93717500004277
invdyn,00:58:11.946,92,-90.008,-89.983,0.02,-89.963,0.04,57.462,0.0,0.0,0.0,0.0,0.0,1.9680480480483558,-90.008,-89.983,0.02,-89.963,0.04,60.0,-90.008,-89.983,0.02,-89.963,0.04,58.731,0.0,0.0,0.0,0.0,0.0,31.218162162162123,0.0,0.0,0.0,0.0,0.0,1.2689999999999984,0.0137698,-0.034424500000000004,0.0137698,-0.0275396,-0.0,2.2857868,0.014408058607878,-0.00996947496935,1.7338217338e-05,0.0018626373626760002,-0.000810592185609,-0.0017419108669470002,2.5379999999999967,2.8550810002343496,0.24081100036710268,0.1684420003584819,16.818768000121054
invdyn,00:58:11.966,93,-90.008,-89.983,0.02,-89.963,0.04,57.505,0.0,0.0,0.0,0.0,0.0,2.1232482017352448,-90.008,-89.983,0.02,-89.963,0.04,60.0,-90.008,-89.983,0.02,-89.963,0.04,58.7525,0.0,0.0,0.0,0.0,0.0,30.799443391450705,0.0,0.0,0.0,0.0,0.0,1.2474999999999952,0.0619641,0.0137698,-0.0137698,0.0068849,-0.0206547,2.1412039000000003,0.014789499389313999,-0.01022954822942,-0.00052014652014,0.0018108974359350002,-0.000189713064717,-0.001465964590995,2.4949999999999974,2.327460000742576,1.893708999887167,0.13901600050303387,15.687084000092
invdyn,00:58:11.986,94,-90.008,-89.983,0.02,-89.963,0.04,57.545,0.0,0.0,0.0,0.0,0.0,1.975858958203253,-90.008,-89.983,0.02,-89.963,0.04,60.0,-90.008,-89.983,0.02,-89.963,0.04,58.7725,0.0,0.0,0.0,0.0,0.0,30.31708588993179,0.0,0.0,0.0,0.0,0.0,1.2274999999999991,0.0413094,-0.0206547,0.0068849,-0.0275396,0.034424500000000004,2.2031680000000002,0.01491086691068,-0.01048962148949,-0.000797557997548,0.0018626373626760002,-0.000258699633705,-0.0008968253968440001,2.4549999999999983,1.967558999240282,0.22429300042858813,0.15792300018802052,17.714642000100866
invdyn,00:58:12.007,95,-90.008,-89.983,0.02,-89.963,0.04,57.588,0.0,0.0,0.0,0.0,0.0,2.1267785193745063,-90.008,-89.983,0.02,-89.963,0.04,60.0,-90.008,-89.983,0.02,-89.963,0.04,58.794,0.0,0.0,0.0,0.0,0.0,29.82435923681044,0.0,0.0,0.0,0.0,0.0,1.205999999999996,-0.0481943,-0.0481943,-0.0,0.0275396,-0.0275396,1.6041817,0.014928205128017999,-0.010472283272152,-0.00052014652014,0.001638431013465,-0.000586385836398,-0.002518009768062,2.411999999999999,2.356071000576776,0.2270519999001408,0.09762799982127035,17.383461999997962
invdyn,00:58:12.027,96,-90.008,-89.983,0.02,-89.963,0.04,57.623,0.0,0.0,0.0,0.0,0.0,1.730874276348976,-90.008,-89.983,0.02,-89.963,0.04,60.0,-90.008,-89.983,0.02,-89.963,0.04,58.811499999999995,0.0,0.0,0.0,0.0,0.0,29.387772534870862,0.0,0.0,0.0,0.0,0.0,1.1884999999999977,-0.0137698,-0.0275396,-0.0,0.0619641,-0.0,1.3563253,0.015014896214708,-0.010732356532222,-0.00024273504273199999,0.0018798840049230002,-0.001121031746055,-0.004622100122196,2.3770000000000024,1.9971329993495601,0.2279780001117615,0.08640600026410539,17.74625300004118
invdyn,00:58:12.047,97,-90.008,-89.983,0.02,-89.963,0.04,57.657,0.0,0.0,0.0,0.0,0.0,1.67876836144885,-90.008,-89.983,0.02,-89.963,0.04,60.0,-90.008,-89.983,0.02,-89.963,0.04,58.8285,0.0,0.0,0.0,0.0,0.0,28.921722579961667,0.0,0.0,0.0,0.0,0.0,1.1715000000000018,0.0206547,-0.0206547,0.0275396,-0.0,-0.0206547,1.4114045,0.014702808302624,-0.00970940170928,0.00031208791208399997,0.0017246642247000002,-0.000724358974374,-0.0034838217338940005,2.3430000000000035,1.9916330002160976,0.2221629993073293,0.08007299948076252,17.760381999323727
invdyn,00:58:12.067,98,-90.008,-89.983,0.02,-89.963,0.04,57.686,0.0,0.0,0.0,0.0,0.0,1.4352698738600134,-90.008,-89.983,0.02,-89.963,0.04,60.0,-90.008,-89.983,0.02,-89.963,0.04,58.843,0.0,0.0,0.0,0.0,0.0,28.631159380273047,0.0,0.0,0.0,0.0,0.0,1.1570000000000036,0.0,0.0206547,-0.0275396,-0.0413094,-0.0068849,1.5559874,0.014702808302624,-0.00996947496935,-0.00052014652014,0.0017936507936880002,-0.000724358974374,-0.004984279609383,2.314,1.993095999750949,0.2217920000475715,0.08114599950204138,17.76199399955658
invdyn,00:58:12.087,99,-90.008,-89.983,0.02,-89.963,0.04,57.712,0.0,0.0,0.0,0.0,0.0,1.286732947104035,-90.008,-89.983,0.02,-89.963,0.04,60.0,-90.008,-89.983,0.02,-89.963,0.04,58.856,0.0,0.0,0.0,0.0,0.0,28.308124836285078,0.0,0.0,0.0,0.0,0.0,1.1439999999999984,-0.0275396,-0.0550792,0.0068849,0.0275396,-0.0550792,1.5697572,0.014928205128017999,-0.010264224664096,0.000589499389492,0.0022593101343570004,-0.0008968253968440001,-0.004967032967136,2.2879999999999967,1.996558999962872,0.220848000026308,0.08005499967111973,18.257652000102098
invdyn,00:58:12.108,100,-90.008,-89.983,0.02,-89.963,0.04,57.743,0.0,0.0,0.0,0.0,0.0,1.4949001356664329,-90.008,-89.983,0.02,-89.963,0.04,60.0,-90.008,-89.983,0.02,-89.963,0.04,58.8715,0.0,0.0,0.0,0.0,0.0,27.209593598381176,0.0,0.0,0.0,0.0,0.0,1.1284999999999954,0.0481943,-0.0275396,0.0481943,0.0068849,-0.0137698,1.7281099,0.014928205128017999,-0.010472283272152,0.000329426129422,0.0019488705739110002,-0.00043116605617500006,-0.003914987790069001,2.256999999999998,3.1667610001022695,0.2628479996928945,0.13790499997412553,16.52275499964162
invdyn,00:58:12.129,101,-90.008,-89.983,0.02,-89.963,0.04,57.781,0.0,0.0,0.0,0.0,0.0,1.862980281229018,-90.008,-89.983,0.02,-89.963,0.04,60.0,-90.008,-89.983,0.02,-89.963,0.04,58.8905,0.0,0.0,0.0,0.0,0.0,27.197060816102315,0.0,0.0,0.0,0.0,0.0,1.1095000000000041,-0.0550792,0.0481943,-0.0,0.0068849,0.0206547,2.1687435,0.014494749694568,-0.009744078143956,-0.001352380952364,0.002724969475026,-0.000810592185609,-0.0019488705739110002,2.219000000000001,2.013188000091759,0.24382899937336333,0.11271999937889632,17.732605000674084
invdyn,00:58:12.149,102,-90.008,-89.983,0.02,-89.963,0.04,57.82,0.0,0.0,0.0,0.0,0.0,1.9223646876322826,-90.008,-89.983,0.02,-89.963,0.04,60.0,-90.008,-89.983,0.02,-89.963,0.04,58.91,0.0,0.0,0.0,0.0,0.0,26.863814224603953,0.0,0.0,0.0,0.0,0.0,1.0899999999999963,0.0413094,0.0,0.0068849,-0.0137698,0.0206547,2.134319,0.015014896214708,-0.010437606837476,3.4676434676e-05,0.002190323565369,-0.000586385836398,-0.0009830586080790001,2.1799999999999997,1.970188999621314,0.26171799981966615,0.12175699976069154,17.706345999613404
invdyn,00:58:12.169,103,-90.008,-89.983,0.02,-89.963,0.04,57.864,0.0,0.0,0.0,0.0,0.0,2.174187413114525,-90.008,-89.983,0.02,-89.963,0.04,60.0,-90.008,-89.983,0.02,-89.963,0.04,58.932,0.0,0.0,0.0,0.0,0.0,26.386729059164523,0.0,0.0,0.0,0.0,0.0,1.068000000000005,-0.0275396,0.0,0.0068849,-0.0275396,-0.0,1.9828512,0.014512087911906,-0.009674725274604,-0.001352380952364,0.0025007631258150004,-0.000724358974374,-0.001000305250326,2.136000000000003,2.4389399995925487,0.2437919993099058,0.11714599986589747,17.27902000038739
invdyn,00:58:12.189,104,-90.008,-89.983,0.02,-89.963,0.04,57.905,0.0,0.0,0.0,0.0,0.0,2.0247308348935804,-90.008,-89.983,0.02,-89.963,0.04,60.0,-90.008,-89.983,0.02,-89.963,0.04,58.9525,0.0,0.0,0.0,0.0,0.0,25.864701823790504,0.0,0.0,0.0,0.0,0.0,1.0474999999999994,0.0206547,-0.0137698,-0.0137698,-0.0413094,0.0413094,1.8176136,0.014095970695794,-0.01048962148949,3.4676434676e-05,0.0019661172161580002,-0.0008968253968440001,-0.002138583638628,2.094999999999999,2.4656430005052243,0.24625500009278767,0.12140499984525377,17.2267620000639
invdyn,00:58:12.210,105,-90.008,-89.983,0.02,-89.963,0.04,57.939,0.0,0.0,0.0,0.0,0.0,1.6807865637338142,-90.008,-89.983,0.02,-89.963,0.04,60.0,-90.008,-89.983,0.02,-89.963,0.04,58.9695,0.0,0.0,0.0,0.0,0.0,25.471331675408095,0.0,0.0,0.0,0.0,0.0,1.0304999999999964,0.0206547,-0.0481943,-0.0,0.0137698,-0.0137698,1.7143401,0.015136263736073999,-0.010732356532222,-0.00024273504273199999,0.002190323565369,-0.000189713064717,-0.001052045177067,2.061,2.413606000118307,0.2392370006418787,0.10255399956804467,17.299408999861043
invdyn,00:58:12.230,106,-90.008,-89.983,0.02,-89.963,0.04,57.971,0.0,0.0,0.0,0.0,0.0,1.5828122221303256,-90.008,-89.983,0.02,-89.963,0.04,60.0,-90.008,-89.983,0.02,-89.963,0.04,58.9855,0.0,0.0,0.0,0.0,0.0,25.090046864865545,0.0,0.0,0.0,0.0,0.0,1.0145000000000053,0.0068849,0.0550792,-0.0,-0.0068849,0.0619641,1.6179515,0.014702808302624,-0.010784371184235999,-0.00024273504273199999,0.0017246642247000002,-0.00034493284494,-0.002518009768062,2.0290000000000035,2.3372570003630244,0.2632729992910754,0.1308860000790446,17.375814999468275
invdyn,00:58:12.250,107,-90.008,-89.983,0.02,-89.963,0.04,58.005,0.0,0.0,0.0,0.0,0.0,1.6764199092472347,-90.008,-89.983,0.02,-89.963,0.04,60.0,-90.008,-89.983,0.02,-89.963,0.04,59.0025,0.0,0.0,0.0,0.0,0.0,24.591600874614972,0.0,0.0,0.0,0.0,0.0,0.9974999999999952,-0.0206547,0.0068849,-0.0137698,-0.0137698,-0.0,1.5284478000000001,0.015448351648158,-0.010992429792291999,-0.00024273504273199999,0.0016556776557120003,-0.00034493284494,-0.002173076923122,1.9949999999999974,1.941911999892909,0.22382899987860583,0.07372099935309961,17.824622000262025
invdyn,00:58:12.270,108,-90.008,-89.983,0.02,-89.963,0.04,58.04,0.0,0.0,0.0,0.0,0.0,1.7313233715840797,-90.008,-89.983,0.02,-89.963,0.04,60.0,-90.008,-89.983,0.02,-89.963,0.04,59.019999999999996,0.0,0.0,0.0,0.0,0.0,24.238527202179487,0.0,0.0,0.0,0.0,0.0,0.9799999999999969,0.034424500000000004,0.0068849,-0.0413094,-0.0068849,-0.0068849,1.7418797000000001,0.014997557997369999,-0.010246886446757999,-0.001074969474956,0.002035103785146,-0.000810592185609,-0.001517704517736,1.9600000000000009,1.9402439993427834,0.22043999979359796,0.07566600015707081,17.82023299983848
invdyn,00:58:12.290,109,-90.008,-89.983,0.02,-89.963,0.04,58.072,0.0,0.0,0.0,0.0,0.0,1.5837834444511774,-90.008,-89.983,0.02,-89.963,0.04,60.0,-90.008,-89.983,0.02,-89.963,0.04,59.036,0.0,0.0,0.0,0.0,0.0,23.855738132043154,0.0,0.0,0.0,0.0,0.0,0.9639999999999986,-0.0619641,0.0,-0.0,-0.0137698,-0.0137698,1.7349948,0.014512087911906,-0.009726739926618,3.4676434676e-05,0.0019661172161580002,-0.00043116605617500006,-0.00103479853482,1.9279999999999973,1.924021999911929,0.24660700000822544,0.07875800019974122,17.801826000322762
invdyn,00:58:12.311,110,-90.008,-89.983,0.02,-89.963,0.04,58.103,0.0,0.0,0.0,0.0,0.0,1.5337834452006534,-90.008,-89.983,0.02,-89.963,0.04,60.0,-90.008,-89.983,0.02,-89.963,0.04,59.051500000000004,0.0,0.0,0.0,0.0,0.0,23.46441286730443,0.0,0.0,0.0,0.0,0.0,0.9485000000000028,0.0206547,0.0068849,-0.0068849,0.1032735,0.0275396,1.2668216,0.015032234432046,-0.010160195360068,3.4676434676e-05,0.0018626373626760002,-0.000655372405386,-0.003069902319966,1.8969999999999985,1.9955219995608786,0.2231819998996798,0.08025799979805015,17.802362000111316
invdyn,00:58:12.331,111,-90.008,-89.983,0.02,-89.963,0.04,58.133,0.0,0.0,0.0,0.0,0.0,1.4691425368952546,-90.008,-89.983,0.02,-89.963,0.04,60.0,-90.008,-89.983,0.02,-89.963,0.04,59.066500000000005,0.0,0.0,0.0,0.0,0.0,22.857409303194437,0.0,0.0,0.0,0.0,0.0,0.9335000000000022,-0.0275396,-0.0068849,-0.0137698,0.034424500000000004,-0.0,1.2117424,0.015240293040102,-0.010819047618912,-0.00052014652014,0.0017936507936880002,-0.000500152625163,-0.0027767094017670003,1.8669999999999973,1.9678369999382994,0.22234800053411163,0.09459100056119496,17.780141000002914
invdyn,00:58:12.351,112,-90.008,-89.983,0.02,-89.963,0.04,58.159,0.0,0.0,0.0,0.0,0.0,1.2857013640809756,-90.008,-89.983,0.02,-89.963,0.04,60.0,-90.008,-89.983,0.02,-89.963,0.04,59.079499999999996,0.0,0.0,0.0,0.0,0.0,22.7593866468598,0.0,0.0,0.0,0.0,0.0,0.920499999999997,-0.0275396,0.0206547,0.0206547,-0.0137698,0.0137698,0.9845407,0.014286691086512,-0.00970940170928,-0.00024273504273199999,0.002655982906038,-0.000655372405386,-0.0048118131869130006,1.841000000000001,1.9761139992624521,0.2192190004279837,0.08751699988351902,17.79560299928562
invdyn,00:58:12.372,113,-90.008,-89.983,0.02,-89.963,0.04,58.178,0.0,0.0,0.0,0.0,0.0,0.9389864027335111,-90.008,-89.983,0.02,-89.963,0.04,60.0,-90.008,-89.983,0.02,-89.963,0.04,59.089,0.0,0.0,0.0,0.0,0.0,22.510963497113266,0.0,0.0,0.0,0.0,0.0,0.9110000000000014,0.0068849,0.0413094,-0.0068849,0.0275396,0.0481943,1.0120803,0.014408058607878,-0.010558974358842,-0.001629792429772,0.0022593101343570004,-0.00034493284494,-0.004553113553208,1.8220000000000027,2.142556000762852,0.4628999995475169,0.17070099966076668,17.276872000365984
invdyn,00:58:12.392,114,-90.008,-89.983,0.02,-89.963,0.04,58.2,0.0,0.0,0.0,0.0,0.0,1.0868888313037217,-90.008,-89.983,0.02,-89.963,0.04,60.0,-90.008,-89.983,0.02,-89.963,0.04,59.1,0.0,0.0,0.0,0.0,0.0,22.231817003934097,0.0,0.0,0.0,0.0,0.0,0.8999999999999986,0.0413094,-0.0275396,-0.0137698,0.0275396,-0.034424500000000004,0.9570011,0.014408058607878,-0.010767032966898,0.0008669108669,0.0016556776557120003,-0.0008968253968440001,-0.005553418803534001,1.7999999999999972,2.253147000374156,0.2469219998602057,0.17025699980877107,17.38025899976492
invdyn,00:58:12.412,115,-90.008,-89.983,0.02,-89.963,0.04,58.219,0.0,0.0,0.0,0.0,0.0,0.9389974666838667,-90.008,-89.983,0.02,-89.963,0.04,60.0,-90.008,-89.983,0.02,-89.963,0.04,59.1095,0.0,0.0,0.0,0.0,0.0,22.004664317948823,0.0,0.0,0.0,0.0,0.0,0.8904999999999959,0.0068849,0.0413094,0.0275396,-0.0068849,-0.0137698,1.2737065,0.014685470085286,-0.009674725274604,0.00031208791208399997,0.0018626373626760002,-0.001121031746055,-0.00431166056175,1.7809999999999988,2.4702909995539812,0.23851500009186566,0.11681199976010248,17.254020999644126
invdyn,00:58:12.432,116,-90.008,-89.983,0.02,-89.963,0.04,58.244,0.0,0.0,0.0,0.0,0.0,1.235028208661579,-90.008,-89.983,0.02,-89.963,0.04,60.0,-90.008,-89.983,0.02,-89.963,0.04,59.122,0.0,0.0,0.0,0.0,0.0,21.687095344098562,0.0,0.0,0.0,0.0,0.0,0.8780000000000001,-0.0068849,-0.034424500000000004,-0.0275396,-0.0206547,-0.0481943,1.3838649,0.01491086691068,-0.010992429792291999,3.4676434676e-05,0.001638431013465,-0.000655372405386,-0.004777319902419,1.7560000000000002,2.019262000430899,0.2239400000689784,0.09664600020187208,17.71441999972012
invdyn,00:58:12.452,117,-90.008,-89.983,0.02,-89.963,0.04,58.268,0.0,0.0,0.0,0.0,0.0,1.1880338482964183,-90.008,-89.983,0.02,-89.963,0.04,60.0,-90.008,-89.983,0.02,-89.963,0.04,59.134,0.0,0.0,0.0,0.0,0.0,21.43411067968039,0.0,0.0,0.0,0.0,0.0,0.8659999999999997,-0.0068849,0.0481943,-0.0413094,0.0137698,-0.0,1.2943612,0.01491086691068,-0.00996947496935,0.00031208791208399997,0.001638431013465,-0.000810592185609,-0.004449633699726001,1.7319999999999993,1.9986329998573638,0.22084900047047995,0.09059100011654664,17.78719599951728
invdyn,00:58:12.473,118,-90.008,-89.983,0.02,-89.963,0.04,58.298,0.0,0.0,0.0,0.0,0.0,1.4784640691827415,-90.008,-89.983,0.02,-89.963,0.04,60.0,-90.008,-89.983,0.02,-89.963,0.04,59.149,0.0,0.0,0.0,0.0,0.0,20.9695487145744,0.0,0.0,0.0,0.0,0.0,0.8509999999999991,-0.0413094,0.0068849,0.0275396,-0.0068849,0.034424500000000004,1.7763042,0.014702808302624,-0.010506959706828,5.2014652013999995e-05,0.002035103785146,-0.00103479853482,-0.0019661172161580002,1.7019999999999982,1.9338749998496496,0.2248110004074988,0.10005399963119999,17.78836300036346
invdyn,00:58:12.493,119,-90.008,-89.983,0.02,-89.963,0.04,58.329,0.0,0.0,0.0,0.0,0.0,1.53481543037909,-90.008,-89.983,0.02,-89.963,0.04,60.0,-90.008,-89.983,0.02,-89.963,0.04,59.164500000000004,0.0,0.0,0.0,0.0,0.0,20.682875678738366,0.0,0.0,0.0,0.0,0.0,0.8355000000000032,-0.0068849,-0.0068849,-0.0481943,0.0413094,0.0481943,1.7969589000000001,0.014494749694568,-0.00996947496935,0.00060683760683,0.002104090354134,-0.000362179487187,-0.001431471306501,1.6709999999999994,1.928892999785603,0.25986599939642474,0.10990600003424333,17.74838299934345
invdyn,00:58:12.513,120,-90.008,-89.983,0.02,-89.963,0.04,58.361,0.0,0.0,0.0,0.0,0.0,1.584082521922662,-90.008,-89.983,0.02,-89.963,0.04,60.0,-90.008,-89.983,0.02,-89.963,0.04,59.180499999999995,0.0,0.0,0.0,0.0,0.0,20.283681667433854,0.0,0.0,0.0,0.0,0.0,0.8194999999999979,0.0550792,-0.0137698,0.034424500000000004,-0.0206547,0.0206547,1.514678,0.01491086691068,-0.010524297924165999,0.00031208791208399997,0.002035103785146,-0.0008968253968440001,-0.0018453907204290002,1.639000000000003,2.0508910001808545,0.24688499979674816,0.11392400028853444,17.63208800002758
invdyn,00:58:12.534,121,-90.008,-89.983,0.02,-89.963,0.04,58.395,0.0,0.0,0.0,0.0,0.0,1.6681835154297227,-90.008,-89.983,0.02,-89.963,0.04,60.0,-90.008,-89.983,0.02,-89.963,0.04,59.197500000000005,0.0,0.0,0.0,0.0,0.0,19.687018693119303,0.0,0.0,0.0,0.0,0.0,0.802500000000002,0.0481943,-0.0619641,0.0068849,0.0206547,0.0206547,1.3494404,0.014806837606652,-0.010246886446757999,0.0008669108669,0.0019661172161580002,-0.00043116605617500006,-0.002345543345592,1.6049999999999969,1.996633000089787,0.33236499984923285,0.12048000007780502,17.593773999578843
invdyn,00:58:12.554,122,-90.008,-89.983,0.02,-89.963,0.04,58.426,0.0,0.0,0.0,0.0,0.0,1.5333312578126252,-90.008,-89.983,0.02,-89.963,0.04,60.0,-90.008,-89.983,0.02,-89.963,0.04,59.213,0.0,0.0,0.0,0.0,0.0,19.46341451449324,0.0,0.0,0.0,0.0,0.0,0.786999999999999,0.0068849,0.0413094,-0.0068849,0.0137698,-0.0137698,1.0396199,0.01430402930385,-0.00996947496935,-0.00024273504273199999,0.0019661172161580002,-0.00051739926741,-0.0027077228327790004,1.573999999999998,1.9915590000891825,0.3452709997873171,0.11875700056407368,17.56566399944859
invdyn,00:58:12.574,123,-90.008,-89.983,0.02,-89.963,0.04,58.452,0.0,0.0,0.0,0.0,0.0,1.286262461371332,-90.008,-89.983,0.02,-89.963,0.04,60.0,-90.008,-89.983,0.02,-89.963,0.04,59.226,0.0,0.0,0.0,0.0,0.0,19.145522021183766,0.0,0.0,0.0,0.0,0.0,0.7740000000000009,0.0550792,-0.0206547,-0.0137698,-0.0481943,0.0275396,1.3563253,0.014997557997369999,-0.01022954822942,-0.000797557997548,0.0022593101343570004,-0.001448717948748,-0.0019488705739110002,1.5480000000000018,2.0893720002277405,0.24136600040947087,0.10668300001270836,17.600273999960336
invdyn,00:58:12.594,124,-90.008,-89.983,0.02,-89.963,0.04,58.475,0.0,0.0,0.0,0.0,0.0,1.1385458751329351,-90.008,-89.983,0.02,-89.963,0.04,60.0,-90.008,-89.983,0.02,-89.963,0.04,59.2375,0.0,0.0,0.0,0.0,0.0,18.872635430189998,0.0,0.0,0.0,0.0,0.0,0.7624999999999957,-0.0275396,0.0068849,0.0206547,-0.0206547,0.0068849,1.2117424,0.014494749694568,-0.00996947496935,-0.000797557997548,0.002035103785146,-0.000741605616621,-0.002052350427393,1.5249999999999986,1.9798550001723925,0.24927400045271497,0.12436799988790881,17.61936599996261
invdyn,00:58:12.614,125,-90.008,-89.983,0.02,-89.963,0.04,58.501,0.0,0.0,0.0,0.0,0.0,1.288100825645625,-90.008,-89.983,0.02,-89.963,0.04,60.0,-90.008,-89.983,0.02,-89.963,0.04,59.2505,0.0,0.0,0.0,0.0,0.0,18.565991708106477,0.0,0.0,0.0,0.0,0.0,0.7495000000000047,0.034424500000000004,0.034424500000000004,-0.0068849,-0.0481943,-0.0137698,1.2048575000000001,0.014702808302624,-0.01083638583625,-0.00024273504273199999,0.00241452991458,-0.000500152625163,-0.001621184371218,1.4990000000000023,2.347756000744994,0.35091999961878173,0.16955299997789552,17.19898400006059
invdyn,00:58:12.635,126,-90.008,-89.983,0.02,-89.963,0.04,58.524,0.0,0.0,0.0,0.0,0.0,1.1353032999107187,-90.008,-89.983,0.02,-89.963,0.04,60.0,-90.008,-89.983,0.02,-89.963,0.04,59.262,0.0,0.0,0.0,0.0,0.0,18.21421381160852,0.0,0.0,0.0,0.0,0.0,0.7379999999999995,-0.06884900000000001,-0.0137698,0.0550792,0.0206547,0.0068849,1.239282,0.014390720390539999,-0.010767032966898,5.2014652013999995e-05,0.0019661172161580002,-0.000655372405386,-0.002518009768062,1.475999999999999,2.134149000085017,0.25527300022076815,0.12146100016252603,17.534941000121762
invdyn,00:58:12.655,127,-90.008,-89.983,0.02,-89.963,0.04,58.55,0.0,0.0,0.0,0.0,0.0,1.2865811399108584,-90.008,-89.983,0.02,-89.963,0.04,60.0,-90.008,-89.983,0.02,-89.963,0.04,59.275,0.0,0.0,0.0,0.0,0.0,17.93791012375978,0.0,0.0,0.0,0.0,0.0,0.7250000000000014,0.0206547,-0.0068849,-0.0206547,0.0206547,-0.0137698,1.1153538,0.013783882783709999,-0.00996947496935,3.4676434676e-05,0.00241452991458,-0.000586385836398,-0.002518009768062,1.4500000000000028,2.115037999828928,0.2473839995218441,0.1157019996753661,17.56523800031573
invdyn,00:58:12.675,128,-90.008,-89.983,0.02,-89.963,0.04,58.571,0.0,0.0,0.0,0.0,0.0,1.0390758776897335,-90.008,-89.983,0.02,-89.963,0.04,60.0,-90.008,-89.983,0.02,-89.963,0.04,59.2855,0.0,0.0,0.0,0.0,0.0,17.676659871649704,0.0,0.0,0.0,0.0,0.0,0.714500000000001,-0.0206547,-0.034424500000000004,0.0206547,-0.0413094,0.0206547,1.2668216,0.015101587301398,-0.01100976800963,-0.00052014652014,0.002017857142899,-0.0008968253968440001,-0.001603937728971,1.429000000000002,2.1280939999996917,0.24571799986006226,0.10579500030871714,17.587774000276113
invdyn,00:58:12.695,129,-90.008,-89.983,0.02,-89.963,0.04,58.596,0.0,0.0,0.0,0.0,0.0,1.235100944662937,-90.008,-89.983,0.02,-89.963,0.04,60.0,-90.008,-89.983,0.02,-89.963,0.04,59.298,0.0,0.0,0.0,0.0,0.0,17.340817263068665,0.0,0.0,0.0,0.0,0.0,0.7020000000000053,0.0206547,0.0068849,0.0275396,-0.0550792,0.034424500000000004,0.8399578,0.014286691086512,-0.010177533577406,0.0008669108669,0.0022593101343570004,-0.0009658119658320001,-0.0028456959707550003,1.4040000000000035,2.1768700007669395,0.3341430001455592,0.10472000030858908,17.899158000545867
invdyn,00:58:12.716,130,-90.008,-89.983,0.02,-89.963,0.04,58.618,0.0,0.0,0.0,0.0,0.0,1.0626439569300785,-90.008,-89.983,0.02,-89.963,0.04,60.0,-90.008,-89.983,0.02,-89.963,0.04,59.309,0.0,0.0,0.0,0.0,0.0,16.68834032360221,0.0,0.0,0.0,0.0,0.0,0.6909999999999954,0.0068849,0.0481943,0.0275396,0.1032735,-0.0275396,0.9570011,0.014702808302624,-0.009692063491942,0.00031208791208399997,0.0018798840049230002,3.4493284494e-05,-0.0027767094017670003,1.381999999999998,2.1408709999377606,0.2509400001144968,0.10848000056284945,18.08611700016627
invdyn,00:58:12.737,131,-90.008,-89.983,0.02,-89.963,0.04,58.64,0.0,0.0,0.0,0.0,0.0,1.0496853265382002,-90.008,-89.983,0.02,-89.963,0.04,60.0,-90.008,-89.983,0.02,-89.963,0.04,59.32,0.0,0.0,0.0,0.0,0.0,16.222409591955127,0.0,0.0,0.0,0.0,0.0,0.6799999999999997,0.0068849,0.0068849,0.0413094,-0.0068849,0.0413094,0.7917635000000001,0.015032234432046,-0.01048962148949,-0.001352380952364,0.0019661172161580002,-0.00034493284494,-0.0034838217338940005,1.3599999999999994,2.1251669995763223,0.2321820002180175,0.10696100071072578,18.075025000143796
invdyn,00:58:12.758,132,-90.008,-89.983,0.02,-89.963,0.04,58.657,0.0,0.0,0.0,0.0,0.0,0.8207275489765284,-90.008,-89.983,0.02,-89.963,0.04,60.0,-90.008,-89.983,0.02,-89.963,0.04,59.3285,0.0,0.0,0.0,0.0,0.0,16.20936909229038,0.0,0.0,0.0,0.0,0.0,0.6715000000000018,0.0206547,0.0481943,-0.0206547,-0.0,-0.0068849,0.5921014,0.014616117215934,-0.010524297924165999,0.000589499389492,0.002173076923122,-0.00043116605617500006,-0.005622405372522001,1.3430000000000035,3.0748540002605296,0.24314399979630252,0.12160899950686144,17.145818999779294
invdyn,00:58:12.778,133,-90.008,-89.983,0.02,-89.963,0.04,58.676,0.0,0.0,0.0,0.0,0.0,0.9145047852932328,-90.008,-89.983,0.02,-89.963,0.04,60.0,-90.008,-89.983,0.02,-89.963,0.04,59.338,0.0,0.0,0.0,0.0,0.0,15.931635996419613,0.0,0.0,0.0,0.0,0.0,0.661999999999999,-0.0068849,-0.034424500000000004,0.0413094,-0.0068849,0.0206547,0.7779937,0.014616117215934,-0.00970940170928,-0.00024273504273199999,0.001259004884031,-0.00051739926741,-0.0035873015873760005,1.323999999999998,2.4269030000141356,0.28453200047806604,0.18492300023353891,17.615939999814145
invdyn,00:58:12.800,134,-90.008,-89.983,0.02,-89.963,0.04,58.688,0.0,0.0,0.0,0.0,0.0,0.5688798869737429,-90.008,-89.983,0.02,-89.963,0.04,60.0,-90.008,-89.983,0.02,-89.963,0.04,59.344,0.0,0.0,0.0,0.0,0.0,15.54938357728169,0.0,0.0,0.0,0.0,0.0,0.6559999999999988,0.0413094,0.0206547,0.0275396,-0.0275396,-0.0275396,0.757339,0.01543101343082,-0.010767032966898,-0.000797557997548,0.002035103785146,-0.00043116605617500006,-0.004863553113654001,1.3119999999999976,2.6903430007223506,0.2414030004729284,0.12786799925379455,17.537534000439337
invdyn,00:58:12.820,135,-90.008,-89.983,0.02,-89.963,0.04,58.701,0.0,0.0,0.0,0.0,0.0,0.6260658376676901,-90.008,-89.983,0.02,-89.963,0.04,60.0,-90.008,-89.983,0.02,-89.963,0.04,59.3505,0.0,0.0,0.0,0.0,0.0,15.639606214047047,0.0,0.0,0.0,0.0,0.0,0.6494999999999962,0.0275396,-0.0413094,0.0481943,0.034424500000000004,0.0137698,0.6265259,0.014408058607878,-0.010437606837476,5.2014652013999995e-05,0.0022593101343570004,-0.000724358974374,-0.006105311355438001,1.2989999999999995,2.2992570002315915,0.3179949999321252,0.12086800052202307,17.7716779999173
invdyn,00:58:12.841,136,-90.008,-89.983,0.02,-89.963,0.04,58.717,0.0,0.0,0.0,0.0,0.0,0.772698491652189,-90.008,-89.983,0.02,-89.963,0.04,60.0,-90.008,-89.983,0.02,-89.963,0.04,59.3585,0.0,0.0,0.0,0.0,0.0,15.490190074841696,0.0,0.0,0.0,0.0,0.0,0.6415000000000006,0.06884900000000001,0.0206547,0.0275396,0.0481943,-0.0,1.0120803,0.01482417582399,-0.010264224664096,-0.001074969474956,0.0019661172161580002,-0.000586385836398,-0.005242979243088,1.2830000000000013,3.537606000463711,0.33662399982858915,0.1402200005031773,16.64508600060799
invdyn,00:58:12.862,137,-90.008,-89.983,0.02,-89.963,0.04,58.73,0.0,0.0,0.0,0.0,0.0,0.6195778876199322,-90.008,-89.983,0.02,-89.963,0.04,60.0,-90.008,-89.983,0.02,-89.963,0.04,59.364999999999995,0.0,0.0,0.0,0.0,0.0,15.131998409181334,0.0,0.0,0.0,0.0,0.0,0.634999999999998,0.0206547,0.0275396,-0.0137698,0.0137698,-0.0275396,0.8881521,0.015535042734847999,-0.010819047618912,-0.001629792429772,0.0022593101343570004,-0.0008968253968440001,-0.004001221001304,1.2700000000000031,3.6312709999037907,0.33647600048425375,0.14729400027135853,16.636493999612867
invdyn,00:58:12.883,138,-90.008,-89.983,0.02,-89.963,0.04,58.745,0.0,0.0,0.0,0.0,0.0,0.7153202278489919,-90.008,-89.983,0.02,-89.963,0.04,60.0,-90.008,-89.983,0.02,-89.963,0.04,59.3725,0.0,0.0,0.0,0.0,0.0,14.962114765840877,0.0,0.0,0.0,0.0,0.0,0.6275000000000048,-0.0137698,-0.0137698,-0.0137698,0.0068849,0.0206547,1.1015840000000001,0.014616117215934,-0.010767032966898,-0.00024273504273199999,0.002104090354134,-0.00051739926741,-0.004052960928045001,1.2550000000000026,3.718585000569874,0.33003099997586105,0.14899799953127513,16.55077300074481
invdyn,00:58:12.904,139,-90.008,-89.983,0.02,-89.963,0.04,58.765,0.0,0.0,0.0,0.0,0.0,0.9542268228871927,-90.008,-89.983,0.02,-89.963,0.04,60.0,-90.008,-89.983,0.02,-89.963,0.04,59.3825,0.0,0.0,0.0,0.0,0.0,14.730876578318728,0.0,0.0,0.0,0.0,0.0,0.6174999999999997,-0.0275396,-0.0275396,0.0137698,0.0068849,-0.0068849,1.0396199,0.014494749694568,-0.010194871794744,0.00031208791208399997,0.001345238095266,-0.00103479853482,-0.0034665750916470003,1.2349999999999994,3.7151219994484563,0.33217899999726797,0.14327500048239017,16.584347000389243
invdyn,00:58:12.925,140,-90.008,-89.983,0.02,-89.963,0.04,58.785,0.0,0.0,0.0,0.0,0.0,0.9512834818895388,-90.008,-89.983,0.02,-89.963,0.04,60.0,-90.008,-89.983,0.02,-89.963,0.04,59.3925,0.0,0.0,0.0,0.0,0.0,14.447617881200285,0.0,0.0,0.0,0.0,0.0,0.6075000000000017,0.034424500000000004,-0.06884900000000001,-0.0,-0.0206547,0.0068849,1.1153538,0.014616117215934,-0.010246886446757999,5.2014652013999995e-05,0.0017936507936880002,-0.000741605616621,-0.004104700854786,1.2150000000000034,3.4165529996244004,0.43751099929068005,0.13975699948787224,16.653863999636087
invdyn,00:58:12.946,141,-90.008,-89.983,0.02,-89.963,0.04,58.808,0.0,0.0,0.0,0.0,0.0,1.0865705371525358,-90.008,-89.983,0.02,-89.963,0.04,60.0,-90.008,-89.983,0.02,-89.963,0.04,59.403999999999996,0.0,0.0,0.0,0.0,0.0,14.078174785713482,0.0,0.0,0.0,0.0,0.0,0.5959999999999965,-0.06884900000000001,0.0275396,-0.0481943,0.0137698,0.0481943,1.2186273,0.014720146519961999,-0.010524297924165999,-0.000537484737478,0.002518009768062,-0.00010347985348200002,-0.003000915750978,1.1920000000000002,3.288276999228401,0.30654999955004314,0.12983100077690324,16.990357999929984
invdyn,00:58:12.967,142,-90.008,-89.983,0.02,-89.963,0.04,58.826,0.0,0.0,0.0,0.0,0.0,0.8593222167841249,-90.008,-89.983,0.02,-89.963,0.04,60.0,-90.008,-89.983,0.02,-89.963,0.04,59.413,0.0,0.0,0.0,0.0,0.0,14.011726145896166,0.0,0.0,0.0,0.0,0.0,0.5869999999999962,0.0413094,0.0068849,-0.0068849,-0.0206547,-0.0068849,1.3563253,0.014806837606652,-0.010506959706828,0.0008669108669,0.002190323565369,-0.00043116605617500006,-0.001534951159983,1.1739999999999995,4.148300000451854,0.3331060006530606,0.16275599955406506,16.567440000471834
invdyn,00:58:12.989,143,-90.008,-89.983,0.02,-89.963,0.04,58.852,0.0,0.0,0.0,0.0,0.0,1.2106386021002271,-90.008,-89.983,0.02,-89.963,0.04,60.0,-90.008,-89.983,0.02,-89.963,0.04,59.426,0.0,0.0,0.0,0.0,0.0,13.363587646262166,0.0,0.0,0.0,0.0,0.0,0.5740000000000052,-0.0275396,0.0,-0.034424500000000004,0.0550792,-0.0068849,1.0465048000000001,0.014789499389313999,-0.01022954822942,-0.00024273504273199999,0.0022593101343570004,-0.00034493284494,-0.0023972832723330004,1.1480000000000032,3.6453630000323756,0.33273600001848536,0.2084219995595049,16.450201000225206
invdyn,00:58:13.009,144,-90.008,-89.983,0.02,-89.963,0.04,58.875,0.0,0.0,0.0,0.0,0.0,1.1008169431957184,-90.008,-89.983,0.02,-89.963,0.04,60.0,-90.008,-89.983,0.02,-89.963,0.04,59.4375,0.0,0.0,0.0,0.0,0.0,13.461076751032705,0.0,0.0,0.0,0.0,0.0,0.5625,-0.0068849,0.0275396,-0.034424500000000004,0.0068849,-0.0,1.1360085,0.014806837606652,-0.01022954822942,0.000589499389492,0.001569444444477,-0.001121031746055,-0.0009485653235850001,1.125,3.072022000196739,0.3886599997713347,0.27395799952500965,17.017190999467857
invdyn,00:58:13.030,145,-90.008,-89.983,0.02,-89.963,0.04,58.923,0.0,0.0,0.0,0.0,0.0,2.2885823803570267,-90.008,-89.983,0.02,-89.963,0.04,60.0,-90.008,-89.983,0.02,-89.963,0.04,59.4615,0.0,0.0,0.0,0.0,0.0,12.837516789814687,0.0,0.0,0.0,0.0,0.0,0.5384999999999991,0.0,-0.0137698,0.0275396,0.0137698,0.0206547,0.7711088,0.015101587301398,-0.011027106226968,0.000589499389492,0.0017246642247000002,-0.00043116605617500006,-0.002017857142899,1.0769999999999982,7.338153000091552,0.34264199985045707,2.58351100001164,9.763703999851714
invdyn,00:58:13.051,146,-90.008,-89.983,0.02,-89.963,0.04,58.923,0.0,0.0,0.0,0.0,0.0,0.0,-90.008,-89.983,0.02,-89.963,0.04,60.0,-90.008,-89.983,0.02,-89.963,0.04,59.4615,0.0,0.0,0.0,0.0,0.0,13.295459759830447,0.0,0.0,0.0,0.0,0.0,0.5384999999999991,0.0,-0.0137698,0.0275396,0.0137698,0.0206547,0.7711088,0.014390720390539999,-0.011027106226968,0.000589499389492,0.0017246642247000002,-0.00043116605617500006,-0.002017857142899,1.0769999999999982,3.4849960002247826,0.8839479996822774,0.918984000236378,14.622861999669112
invdyn,00:58:13.071,147,-90.008,-89.983,0.02,-89.963,0.04,58.942,0.0,0.0,0.0,0.0,0.0,0.9360086445853075,-90.008,-89.983,0.02,-89.963,0.04,60.0,-90.008,-89.983,0.02,-89.963,0.04,59.471000000000004,0.0,0.0,0.0,0.0,0.0,13.030225604886068,0.0,0.0,0.0,0.0,0.0,0.5290000000000035,-0.0413094,-0.0137698,0.0206547,0.0275396,-0.0550792,0.8330729,0.01491086691068,-0.01100976800963,3.4676434676e-05,0.001500457875489,3.4493284494e-05,-0.003000915750978,1.0579999999999998,3.508791999593086,0.34117900031560566,0.13734999993175734,16.078874000413634
invdyn,00:58:13.091,148,-90.008,-89.983,0.02,-89.963,0.04,58.956,0.0,0.0,0.0,0.0,0.0,0.6911355194088199,-90.008,-89.983,0.02,-89.963,0.04,60.0,-90.008,-89.983,0.02,-89.963,0.04,59.478,0.0,0.0,0.0,0.0,0.0,12.884740754690295,0.0,0.0,0.0,0.0,0.0,0.5219999999999985,-0.0068849,-0.0275396,0.0275396,-0.0,-0.0137698,0.6058712,0.015101587301398,-0.010246886446757999,-0.000797557997548,0.0017936507936880002,-0.000810592185609,-0.0029836691087310003,1.043999999999997,2.891469000132929,0.28745799954776885,0.11401699975976953,16.744899000514124
invdyn,00:58:13.112,149,-90.008,-89.983,0.02,-89.963,0.04,58.987,0.0,0.0,0.0,0.0,0.0,1.5289318689588085,-90.008,-89.983,0.02,-89.963,0.04,60.0,-90.008,-89.983,0.02,-89.963,0.04,59.4935,0.0,0.0,0.0,0.0,0.0,12.490386961736531,0.0,0.0,0.0,0.0,0.0,0.5064999999999955,0.0206547,-0.0137698,-0.0619641,-0.0137698,-0.034424500000000004,0.9570011,0.015136263736073999,-0.010472283272152,1.7338217338e-05,0.001638431013465,-0.000655372405386,-0.000741605616621,1.0129999999999981,2.965078999295656,0.29314299990801373,0.11610900037339889,16.747048000070208
invdyn,00:58:13.132,150,-90.008,-89.983,0.02,-89.963,0.04,59.002,0.0,0.0,0.0,0.0,0.0,0.7386678877109223,-90.008,-89.983,0.02,-89.963,0.04,60.0,-90.008,-89.983,0.02,-89.963,0.04,59.501000000000005,0.0,0.0,0.0,0.0,0.0,12.286509198924511,0.0,0.0,0.0,0.0,0.0,0.49900000000000233,0.0,-0.0068849,-0.0137698,0.0068849,-0.0137698,0.8606125,0.015326984126791999,-0.010558974358842,-0.000537484737478,0.0018626373626760002,-0.00043116605617500006,-0.00068986568988,0.9979999999999976,2.8857469997092267,0.28388400005496806,0.12771999990945915,16.757788000177243
invdyn,00:58:13.152,151,-90.008,-89.983,0.02,-89.963,0.04,59.022,0.0,0.0,0.0,0.0,0.0,0.9774767825304805,-90.008,-89.983,0.02,-89.963,0.04,60.0,-90.008,-89.983,0.02,-89.963,0.04,59.510999999999996,0.0,0.0,0.0,0.0,0.0,11.949653666437522,0.0,0.0,0.0,0.0,0.0,0.4889999999999972,0.0137698,0.0206547,0.0137698,-0.0757339,-0.034424500000000004,0.7711088,0.014199999999821999,-0.010264224664096,5.2014652013999995e-05,0.001345238095266,-0.000655372405386,-0.002035103785146,0.9780000000000015,2.9360790003920556,0.3044580007554032,0.15953399997670203,16.768158000559197
invdyn,00:58:13.173,152,-90.008,-89.983,0.02,-89.963,0.04,59.037,0.0,0.0,0.0,0.0,0.0,0.734228363364793,-90.008,-89.983,0.02,-89.963,0.04,60.0,-90.008,-89.983,0.02,-89.963,0.04,59.5185,0.0,0.0,0.0,0.0,0.0,11.784365232004493,0.0,0.0,0.0,0.0,0.0,0.48150000000000404,-0.0137698,0.0,0.0068849,0.06884900000000001,0.0068849,0.6334108,0.014928205128017999,-0.010732356532222,-0.000797557997548,0.001500457875489,-0.00034493284494,-0.0033975885226590003,0.963000000000001,3.2010200002332567,0.3344020005897619,0.16827499985083705,16.90154599964444
invdyn,00:58:13.194,153,-90.008,-89.983,0.02,-89.963,0.04,59.056,0.0,0.0,0.0,0.0,0.0,0.912651038147403,-90.008,-89.983,0.02,-89.963,0.04,60.0,-90.008,-89.983,0.02,-89.963,0.04,59.528,0.0,0.0,0.0,0.0,0.0,11.336086579095074,0.0,0.0,0.0,0.0,0.0,0.4720000000000013,-0.0413094,0.0,-0.034424500000000004,0.0068849,-0.0206547,0.8399578,0.01491086691068,-0.010472283272152,-0.001352380952364,0.0017936507936880002,-3.4493284494e-05,-0.0017074175824530002,0.9440000000000026,3.511902999889571,0.49028800003725337,0.1818490000005113,15.989709000677976
invdyn,00:58:13.214,154,-90.008,-89.983,0.02,-89.963,0.04,59.072,0.0,0.0,0.0,0.0,0.0,0.7842019257738433,-90.008,-89.983,0.02,-89.963,0.04,60.0,-90.008,-89.983,0.02,-89.963,0.04,59.536,0.0,0.0,0.0,0.0,0.0,11.370927923716897,0.0,0.0,0.0,0.0,0.0,0.46399999999999864,0.034424500000000004,-0.0068849,-0.0137698,0.0206547,0.0137698,0.9294615,0.014286691086512,-0.010264224664096,-0.001352380952364,0.001483211233242,-5.173992674100001e-05,-0.001259004884031,0.9279999999999973,6.881956999677641,0.3293649997431203,0.20647800010920037,12.640969000131008
invdyn,00:58:13.234,155,-90.008,-89.983,0.02,-89.963,0.04,59.085,0.0,0.0,0.0,0.0,0.0,0.6405247688746477,-90.008,-89.983,0.02,-89.963,0.04,60.0,-90.008,-89.983,0.02,-89.963,0.04,59.542500000000004,0.0,0.0,0.0,0.0,0.0,11.27077237539205,0.0,0.0,0.0,0.0,0.0,0.4575000000000031,0.0068849,-0.0137698,0.0068849,0.0413094,0.0068849,0.5714467,0.014789499389313999,-0.010784371184235999,-0.00024273504273199999,0.0022593101343570004,-0.000500152625163,-0.002552503052556,0.9149999999999991,6.779626000025019,0.7806540006640716,0.17477500023233006,12.312179000218748
invdyn,00:58:13.255,156,-90.008,-89.983,0.02,-89.963,0.04,59.103,0.0,0.0,0.0,0.0,0.0,0.885528132587387,-90.008,-89.983,0.02,-89.963,0.04,60.0,-90.008,-89.983,0.02,-89.963,0.04,59.551500000000004,0.0,0.0,0.0,0.0,0.0,11.032204651817427,0.0,0.0,0.0,0.0,0.0,0.4485000000000028,0.0068849,0.0481943,-0.0137698,-0.0206547,0.0137698,0.7435692,0.014286691086512,-0.01048962148949,5.2014652013999995e-05,0.0018798840049230002,-0.00034493284494,-0.002104090354134,0.8969999999999985,4.342556000665354,1.9248739999966347,0.18392299989500316,13.590341999588418
invdyn,00:58:13.275,157,-90.008,-89.983,0.02,-89.963,0.04,59.116,0.0,0.0,0.0,0.0,0.0,0.6409614783292636,-90.008,-89.983,0.02,-89.963,0.04,60.0,-90.008,-89.983,0.02,-89.963,0.04,59.558,0.0,0.0,0.0,0.0,0.0,10.896345131599059,0.0,0.0,0.0,0.0,0.0,0.44200000000000017,-0.0413094,0.0137698,-0.0206547,-0.0,-0.0275396,0.7711088,0.014702808302624,-0.009397313797196,-0.001074969474956,0.002345543345592,-0.000810592185609,-0.001396978022007,0.8840000000000003,6.235189999642898,0.3530490002958686,0.20188500002404908,13.237959000434785
invdyn,00:58:13.295,158,-90.008,-89.983,0.02,-89.963,0.04,59.128,0.0,0.0,0.0,0.0,0.0,0.5913369911296705,-90.008,-89.983,0.02,-89.963,0.04,60.0,-90.008,-89.983,0.02,-89.963,0.04,59.564,0.0,0.0,0.0,0.0,0.0,10.74262200552194,0.0,0.0,0.0,0.0,0.0,0.43599999999999994,-0.0068849,-0.0757339,-0.0413094,0.034424500000000004,-0.0137698,0.4337487,0.014581440781258,-0.011027106226968,-0.000797557997548,0.001569444444477,-0.000655372405386,-0.00275946275952,0.8719999999999999,6.577258999641344,0.33153200001834193,0.164997999490879,12.986093999643344
invdyn,00:58:13.316,159,-90.008,-89.983,0.02,-89.963,0.04,59.145,0.0,0.0,0.0,0.0,0.0,0.8382592257322702,-90.008,-89.983,0.02,-89.963,0.04,60.0,-90.008,-89.983,0.02,-89.963,0.04,59.572500000000005,0.0,0.0,0.0,0.0,0.0,10.539877029425902,0.0,0.0,0.0,0.0,0.0,0.427500000000002,-0.0206547,-0.0275396,-0.0481943,-0.034424500000000004,-0.0275396,0.413094,0.01491086691068,-0.010784371184235999,-0.00052014652014,0.0017936507936880002,-0.0008968253968440001,-0.0033458485959180005,0.8549999999999969,6.248671999856015,0.3817160004473408,0.16310800037899753,13.410974999715108
invdyn,00:58:13.337,160,-90.008,-89.983,0.02,-89.963,0.04,59.156,0.0,0.0,0.0,0.0,0.0,0.5216442122875187,-90.008,-89.983,0.02,-89.963,0.04,60.0,-90.008,-89.983,0.02,-89.963,0.04,59.578,0.0,0.0,0.0,0.0,0.0,10.006084435700894,0.0,0.0,0.0,0.0,0.0,0.42200000000000415,-0.0137698,-0.0206547,0.0137698,-0.0550792,0.0068849,0.5439071,0.014997557997369999,-0.010454945054813999,-0.00024273504273199999,0.0017936507936880002,-0.0008968253968440001,-0.003138888888954,0.8440000000000012,4.113263000363077,0.27768000018113526,0.14699799976369832,15.607326999997895
invdyn,00:58:13.357,161,-90.008,-89.983,0.02,-89.963,0.04,59.164,0.0,0.0,0.0,0.0,0.0,0.3856122092490025,-90.008,-89.983,0.02,-89.963,0.04,60.0,-90.008,-89.983,0.02,-89.963,0.04,59.582,0.0,0.0,0.0,0.0,0.0,10.07411896662681,0.0,0.0,0.0,0.0,0.0,0.41799999999999926,0.0068849,0.0413094,-0.0206547,0.0550792,-0.0137698,0.5301373,0.014806837606652,-0.01022954822942,0.000589499389492,0.0017936507936880002,-0.0008968253968440001,-0.002862942613002,0.8359999999999985,3.2491480005774065,0.40506699951947667,0.13768299959338037,16.356350000023667
invdyn,00:58:13.378,162,-90.008,-89.983,0.02,-89.963,0.04,59.174,0.0,0.0,0.0,0.0,0.0,0.48997161314430165,-90.008,-89.983,0.02,-89.963,0.04,60.0,-90.008,-89.983,0.02,-89.963,0.04,59.587,0.0,0.0,0.0,0.0,0.0,10.11791381143185,0.0,0.0,0.0,0.0,0.0,0.4130000000000038,-0.0757339,0.0068849,-0.0068849,-0.034424500000000004,0.0137698,0.3924393,0.01430402930385,-0.010506959706828,-0.001074969474956,0.0022593101343570004,-0.000586385836398,-0.0037770146520930002,0.8260000000000005,3.074188000027789,0.26107000030606287,0.13305299944477156,16.655198000080418
invdyn,00:58:13.398,163,-90.008,-89.983,0.02,-89.963,0.04,59.185,0.0,0.0,0.0,0.0,0.0,0.5400728566747633,-90.008,-89.983,0.02,-89.963,0.04,60.0,-90.008,-89.983,0.02,-89.963,0.04,59.5925,0.0,0.0,0.0,0.0,0.0,10.003622231586805,0.0,0.0,0.0,0.0,0.0,0.40749999999999886,-0.0550792,0.0275396,-0.0206547,0.0206547,-0.0137698,0.2822809,0.014616117215934,-0.009223931623816,0.000589499389492,0.0016556776557120003,-0.000741605616621,-0.005311965812076,0.8149999999999977,2.8620070006581955,0.23627399968972895,0.09838700043474091,16.97454400073184
invdyn,00:58:13.419,164,-90.008,-89.983,0.02,-89.963,0.04,59.194,0.0,0.0,0.0,0.0,0.0,0.44259794346283143,-90.008,-89.983,0.02,-89.963,0.04,60.0,-90.008,-89.983,0.02,-89.963,0.04,59.597,0.0,0.0,0.0,0.0,0.0,9.909276178639653,0.0,0.0,0.0,0.0,0.0,0.4029999999999987,0.0137698,0.0068849,-0.0275396,-0.0481943,0.0757339,0.3098205,0.014408058607878,-0.01152991452977,-0.001074969474956,0.0017246642247000002,-0.000724358974374,-0.005605158730275001,0.8059999999999974,2.64391800010344,0.2607730002637254,0.12288700054341462,17.184151000037673
invdyn,00:58:13.439,165,-90.008,-89.983,0.02,-89.963,0.04,59.198,0.0,0.0,0.0,0.0,0.0,0.19425043707801065,-90.008,-89.983,0.02,-89.963,0.04,60.0,-90.008,-89.983,0.02,-89.963,0.04,59.599000000000004,0.0,0.0,0.0,0.0,0.0,9.736803158540676,0.0,0.0,0.0,0.0,0.0,0.40100000000000335,0.0137698,0.0068849,0.0137698,0.0068849,0.0068849,0.4406336,0.014806837606652,-0.010558974358842,-0.00052014652014,0.0017936507936880002,-0.000741605616621,-0.005277472527582001,0.8019999999999996,2.4401800001214724,0.27371699979994446,0.10049899992736755,17.33918599984463
invdyn,00:58:13.460,166,-90.008,-89.983,0.02,-89.963,0.04,59.204,0.0,0.0,0.0,0.0,0.0,0.2912845965091087,-90.008,-89.983,0.02,-89.963,0.04,60.0,-90.008,-89.983,0.02,-89.963,0.04,59.602000000000004,0.0,0.0,0.0,0.0,0.0,9.660939117551731,0.0,0.0,0.0,0.0,0.0,0.39800000000000324,-0.0137698,0.0137698,-0.0068849,-0.0275396,-0.0,0.5439071,0.014720146519961999,-0.010524297924165999,-0.00052014652014,0.002190323565369,-0.0009658119658320001,-0.00431166056175,0.7959999999999994,2.0456880001802347,0.23129300006985432,0.08905400045478018,17.705809000290174
invdyn,00:58:13.480,167,-90.008,-89.983,0.02,-89.963,0.04,59.211,0.0,0.0,0.0,0.0,0.0,0.34596274082355716,-90.008,-89.983,0.02,-89.963,0.04,60.0,-90.008,-89.983,0.02,-89.963,0.04,59.6055,0.0,0.0,0.0,0.0,0.0,9.748735803923898,0.0,0.0,0.0,0.0,0.0,0.39450000000000074,0.0068849,0.0,0.0275396,-0.0206547,-0.0,0.3993242,0.01447741147723,-0.010784371184235999,-0.00024273504273199999,0.001500457875489,-0.00034493284494,-0.004018467643551,0.7890000000000015,2.0073730001968215,0.23349599996436154,0.10379499963164562,17.727863999425608
invdyn,00:58:13.500,168,-90.008,-89.983,0.02,-89.963,0.04,59.223,0.0,0.0,0.0,0.0,0.0,0.5930929615969492,-90.008,-89.983,0.02,-89.963,0.04,60.0,-90.008,-89.983,0.02,-89.963,0.04,59.6115,0.0,0.0,0.0,0.0,0.0,9.600692315850266,0.0,0.0,0.0,0.0,0.0,0.3885000000000005,-0.0137698,-0.0206547,0.0137698,0.0206547,-0.0206547,0.2960507,0.014581440781258,-0.00996947496935,-0.00052014652014,0.0017936507936880002,-0.00103479853482,-0.006381257631390001,0.777000000000001,2.0307989998400444,0.23177399998530746,0.09953599965228932,17.707327999232803
invdyn,00:58:13.520,169,-90.008,-89.983,0.02,-89.963,0.04,59.233,0.0,0.0,0.0,0.0,0.0,0.4943256844511032,-90.008,-89.983,0.02,-89.963,0.04,60.0,-90.008,-89.983,0.02,-89.963,0.04,59.6165,0.0,0.0,0.0,0.0,0.0,9.478694999351827,0.0,0.0,0.0,0.0,0.0,0.38350000000000506,-0.06884900000000001,-0.0068849,-0.0275396,-0.0619641,-0.0275396,0.3511299,0.014616117215934,-0.011044444444306,-0.001074969474956,0.0023282967033450004,-0.000724358974374,-0.0055706654457810005,0.767000000000003,1.9955030002165586,0.2231069993285928,0.08679500024300069,17.76508599959925
invdyn,00:58:13.540,170,-90.008,-89.983,0.02,-89.963,0.04,59.239,0.0,0.0,0.0,0.0,0.0,0.2964975670676503,-90.008,-89.983,0.02,-89.963,0.04,60.0,-90.008,-89.983,0.02,-89.963,0.04,59.6195,0.0,0.0,0.0,0.0,0.0,9.40144368910309,0.0,0.0,0.0,0.0,0.0,0.38050000000000495,0.0137698,-0.0275396,-0.0206547,-0.0413094,0.0275396,0.6058712,0.015326984126791999,-0.010177533577406,-0.00024273504273199999,0.0017246642247000002,-0.000638125763139,-0.0055706654457810005,0.7610000000000028,2.215555000475433,0.5145100003574044,0.20720099928439595,17.138596000222606
invdyn,00:58:13.561,171,-90.008,-89.983,0.02,-89.963,0.04,59.246,0.0,0.0,0.0,0.0,0.0,0.34214079451855756,-90.008,-89.983,0.02,-89.963,0.04,60.0,-90.008,-89.983,0.02,-89.963,0.04,59.623000000000005,0.0,0.0,0.0,0.0,0.0,9.213362823814547,0.0,0.0,0.0,0.0,0.0,0.37700000000000244,0.0068849,0.0068849,0.0550792,0.0275396,-0.0137698,0.7917635000000001,0.014095970695794,-0.00970940170928,-0.00024273504273199999,0.0022593101343570004,-0.00103479853482,-0.0033975885226590003,0.7539999999999978,2.0589650002875715,0.27560700073081534,0.1268500000151107,17.596255000171368
invdyn,00:58:13.581,172,-90.008,-89.983,0.02,-89.963,0.04,59.256,0.0,0.0,0.0,0.0,0.0,0.49405201658489983,-90.008,-89.983,0.02,-89.963,0.04,60.0,-90.008,-89.983,0.02,-89.963,0.04,59.628,0.0,0.0,0.0,0.0,0.0,9.189367508480963,0.0,0.0,0.0,0.0,0.0,0.3719999999999999,-0.0275396,0.0206547,0.0413094,-0.0550792,0.0826188,0.619641,0.014390720390539999,-0.009934798534674,-0.00052014652014,0.0018798840049230002,-0.000638125763139,-0.00413919413928,0.7439999999999998,2.0530199999484466,0.30134699954942334,0.10909100001299521,17.591977999472874
invdyn,00:58:13.601,173,-90.008,-89.983,0.02,-89.963,0.04,59.27,0.0,0.0,0.0,0.0,0.0,0.6920151790135074,-90.008,-89.983,0.02,-89.963,0.04,60.0,-90.008,-89.983,0.02,-89.963,0.04,59.635000000000005,0.0,0.0,0.0,0.0,0.0,9.020912154995601,0.0,0.0,0.0,0.0,0.0,0.365000000000002,0.0275396,-0.0137698,-0.0068849,0.0550792,0.0068849,0.6471806,0.014702808302624,-0.009900122099998,-0.00024273504273199999,0.0017246642247000002,-0.0008968253968440001,-0.004173687423774,0.7299999999999969,1.9725399997696513,0.2453659999446245,0.10294300045643467,17.72243800041906
invdyn,00:58:13.622,174,-90.008,-89.983,0.02,-89.963,0.04,59.283,0.0,0.0,0.0,0.0,0.0,0.6427370158190364,-90.008,-89.983,0.02,-89.963,0.04,60.0,-90.008,-89.983,0.02,-89.963,0.04,59.6415,0.0,0.0,0.0,0.0,0.0,8.862354621967592,0.0,0.0,0.0,0.0,0.0,0.3584999999999994,0.0,0.0206547,-0.0275396,-0.0275396,-0.0137698,0.9501162000000001,0.015118925518735999,-0.011044444444306,-0.001352380952364,0.001259004884031,-0.000655372405386,-0.002380036630086,0.7169999999999987,1.9618930000433465,0.22556999920197995,0.07466600072802976,17.79730699945503
invdyn,00:58:13.642,175,-90.008,-89.983,0.02,-89.963,0.04,59.295,0.0,0.0,0.0,0.0,0.0,0.5937296277072843,-90.008,-89.983,0.02,-89.963,0.04,60.0,-90.008,-89.983,0.02,-89.963,0.04,59.6475,0.0,0.0,0.0,0.0,0.0,8.720403906950388,0.0,0.0,0.0,0.0,0.0,0.35249999999999915,-0.034424500000000004,-0.0826188,-0.0275396,0.0206547,0.0206547,0.6402957,0.015101587301398,-0.01048962148949,-0.00052014652014,0.0025007631258150004,-0.000655372405386,-0.004104700854786,0.7049999999999983,1.981465999961074,0.22312599958240753,0.07486999948014272,17.78132699928392
invdyn,00:58:13.662,176,-90.008,-89.983,0.02,-89.963,0.04,59.312,0.0,0.0,0.0,0.0,0.0,0.8411963569437831,-90.008,-89.983,0.02,-89.963,0.04,60.0,-90.008,-89.983,0.02,-89.963,0.04,59.656,0.0,0.0,0.0,0.0,0.0,8.510927846727414,0.0,0.0,0.0,0.0,0.0,0.3440000000000012,0.0,-0.0413094,0.0550792,-0.0275396,0.0413094,0.6609504,0.01447741147723,-0.010454945054813999,-0.000797557997548,0.0019488705739110002,-0.000655372405386,-0.004121947497033001,0.6880000000000024,1.938282000082836,0.22168200030137086,0.07234999975480605,17.829936000453017
invdyn,00:58:13.682,177,-90.008,-89.983,0.02,-89.963,0.04,59.328,0.0,0.0,0.0,0.0,0.0,0.7915834768456723,-90.008,-89.983,0.02,-89.963,0.04,60.0,-90.008,-89.983,0.02,-89.963,0.04,59.664,0.0,0.0,0.0,0.0,0.0,8.311626506876747,0.0,0.0,0.0,0.0,0.0,0.3359999999999985,-0.0137698,0.0,-0.0137698,0.0275396,0.0206547,0.9088068,0.014408058607878,-0.01022954822942,-0.000537484737478,0.0018626373626760002,-0.001276251526278,-0.0016556776557120003,0.671999999999997,1.9476150000627968,0.21825499970873352,0.0751469997339882,17.817361999732384
invdyn,00:58:13.702,178,-90.008,-89.983,0.02,-89.963,0.04,59.339,0.0,0.0,0.0,0.0,0.0,0.544245738619394,-90.008,-89.983,0.02,-89.963,0.04,60.0,-90.008,-89.983,0.02,-89.963,0.04,59.6695,0.0,0.0,0.0,0.0,0.0,8.176055300626395,0.0,0.0,0.0,0.0,0.0,0.3305000000000007,0.0413094,-0.0137698,-0.0068849,-0.0137698,0.0550792,0.7642239000000001,0.014581440781258,-0.009449328449209999,3.4676434676e-05,0.002104090354134,-0.0008968253968440001,-0.002966422466484,0.6610000000000014,1.9402260004426353,0.2538290000302368,0.07879499935370404,17.79338199958147
invdyn,00:58:13.723,179,-90.008,-89.983,0.02,-89.963,0.04,59.372,0.0,0.0,0.0,0.0,0.0,1.6323521045369929,-90.008,-89.983,0.02,-89.963,0.04,60.0,-90.008,-89.983,0.02,-89.963,0.04,59.686,0.0,0.0,0.0,0.0,0.0,7.766038800372674,0.0,0.0,0.0,0.0,0.0,0.31400000000000006,-0.0275396,0.0068849,-0.0068849,0.0206547,0.0068849,0.9570011,0.015014896214708,-0.010246886446757999,-0.00024273504273199999,0.0018798840049230002,-0.0008968253968440001,-0.001362484737513,0.6280000000000001,2.046984000116936,0.2279959999214043,0.08836899996822467,17.70229100020515
invdyn,00:58:13.743,180,-90.008,-89.983,0.02,-89.963,0.04,59.388,0.0,0.0,0.0,0.0,0.0,0.7913314545132081,-90.008,-89.983,0.02,-89.963,0.04,60.0,-90.008,-89.983,0.02,-89.963,0.04,59.694,0.0,0.0,0.0,0.0,0.0,7.567107033783409,0.0,0.0,0.0,0.0,0.0,0.3060000000000045,-0.0137698,0.0,0.0137698,0.0137698,-0.0275396,0.826188,0.014702808302624,-0.01048962148949,-0.000797557997548,0.0018626373626760002,-0.00010347985348200002,-0.001155525030549,0.6120000000000019,1.9974659999206779,0.2919950002251426,0.11266399997111876,17.658513000242237
invdyn,00:58:13.763,181,-90.008,-89.983,0.02,-89.963,0.04,59.405,0.0,0.0,0.0,0.0,0.0,0.8358125424922358,-90.008,-89.983,0.02,-89.963,0.04,60.0,-90.008,-89.983,0.02,-89.963,0.04,59.7025,0.0,0.0,0.0,0.0,0.0,7.313359746805753,0.0,0.0,0.0,0.0,0.0,0.29749999999999943,-0.0550792,-0.0068849,-0.0,-0.0068849,-0.0206547,0.5094826,0.01491086691068,-0.011321855921713999,0.00031208791208399997,0.0019661172161580002,-0.000275946275952,-0.001621184371218,0.5949999999999989,2.0725949998450233,0.2297000000908156,0.10146200020244578,17.667549999714538
invdyn,00:58:13.783,182,-90.008,-89.983,0.02,-89.963,0.04,59.419,0.0,0.0,0.0,0.0,0.0,0.6920314901237726,-90.008,-89.983,0.02,-89.963,0.04,60.0,-90.008,-89.983,0.02,-89.963,0.04,59.7095,0.0,0.0,0.0,0.0,0.0,7.179826710036337,0.0,0.0,0.0,0.0,0.0,0.29050000000000153,-0.0275396,0.0,0.0275396,-0.0206547,-0.0275396,0.6265259,0.015136263736073999,-0.010767032966898,-0.00052014652014,0.0017936507936880002,-0.001431471306501,-0.001276251526278,0.5810000000000031,2.0255399995221524,0.5956929999229033,0.15744199936307268,17.26485299968772
invdyn,00:58:13.804,183,-90.008,-89.983,0.02,-89.963,0.04,59.429,0.0,0.0,0.0,0.0,0.0,0.493163235311661,-90.008,-89.983,0.02,-89.963,0.04,60.0,-90.008,-89.983,0.02,-89.963,0.04,59.7145,0.0,0.0,0.0,0.0,0.0,7.039905184070334,0.0,0.0,0.0,0.0,0.0,0.285499999999999,-0.034424500000000004,-0.0206547,-0.0068849,-0.0,-0.0206547,0.6747202,0.014928205128017999,-0.010264224664096,5.2014652013999995e-05,0.0019661172161580002,-0.0008968253968440001,-0.00048290598291600006,0.570999999999998,2.093704999424517,0.24645799931022339,0.1257009998880676,25.278273000367335
invdyn,00:58:13.832,184,-90.008,-89.983,0.02,-89.963,0.04,59.442,0.0,0.0,0.0,0.0,0.0,0.46562784580956884,-90.008,-89.983,0.02,-89.963,0.04,60.0,-90.008,-89.983,0.02,-89.963,0.04,59.721000000000004,0.0,0.0,0.0,0.0,0.0,4.9965449608034005,0.0,0.0,0.0,0.0,0.0,0.27900000000000347,0.0068849,0.0,-0.0137698,0.034424500000000004,0.0481943,0.3648997,0.014494749694568,-0.00996947496935,-0.000797557997548,0.0018798840049230002,-0.000275946275952,-0.002035103785146,0.5579999999999998,2.121148999322031,0.2719019994401606,0.13157100056560012,17.534182000417786
invdyn,00:58:13.852,185,-90.008,-89.983,0.02,-89.963,0.04,59.452,0.0,0.0,0.0,0.0,0.0,0.4941393244659188,-90.008,-89.983,0.02,-89.963,0.04,60.0,-90.008,-89.983,0.02,-89.963,0.04,59.726,0.0,0.0,0.0,0.0,0.0,6.769708745184457,0.0,0.0,0.0,0.0,0.0,0.2740000000000009,-0.0068849,0.0068849,0.034424500000000004,-0.0413094,-0.0481943,0.2960507,0.014494749694568,-0.00996947496935,-0.00024273504273199999,0.001396978022007,-0.000586385836398,-0.0029836691087310003,0.5480000000000018,2.2082959994804696,0.24157000007107854,0.11609000011958415,17.47114599947963
invdyn,00:58:13.872,186,-90.008,-89.983,0.02,-89.963,0.04,59.458,0.0,0.0,0.0,0.0,0.0,0.29745782064466925,-90.008,-89.983,0.02,-89.963,0.04,60.0,-90.008,-89.983,0.02,-89.963,0.04,59.729,0.0,0.0,0.0,0.0,0.0,6.717589116225213,0.0,0.0,0.0,0.0,0.0,0.2710000000000008,0.0137698,-0.0206547,0.0137698,0.0206547,-0.0206547,0.3167054,0.014928205128017999,-0.010732356532222,3.4676434676e-05,0.002035103785146,-0.00051739926741,-0.002655982906038,0.5420000000000016,2.0234280000295257,0.22795899985794676,0.08903500020096544,17.702030999316776
invdyn,00:58:13.892,187,-90.008,-89.983,0.02,-89.963,0.04,59.463,0.0,0.0,0.0,0.0,0.0,0.2479753106858229,-90.008,-89.983,0.02,-89.963,0.04,60.0,-90.008,-89.983,0.02,-89.963,0.04,59.7315,0.0,0.0,0.0,0.0,0.0,6.658137091910927,0.0,0.0,0.0,0.0,0.0,0.26849999999999596,0.0275396,0.0275396,-0.0068849,-0.0,0.034424500000000004,0.46128830000000004,0.014408058607878,-0.010732356532222,0.0008669108669,0.0019661172161580002,-0.000500152625163,-0.0018971306471700002,0.536999999999999,1.9633550000435207,0.2210709999417304,0.08523900032741949,17.773253000086697
invdyn,00:58:13.912,188,-90.008,-89.983,0.02,-89.963,0.04,59.471,0.0,0.0,0.0,0.0,0.0,0.39680272462786365,-90.008,-89.983,0.02,-89.963,0.04,60.0,-90.008,-89.983,0.02,-89.963,0.04,59.7355,0.0,0.0,0.0,0.0,0.0,6.559645041508049,0.0,0.0,0.0,0.0,0.0,0.2645000000000053,-0.0137698,-0.0137698,0.0137698,0.0481943,0.0137698,0.3580148,0.014494749694568,-0.009917460317335999,-0.001074969474956,0.002190323565369,-0.00034493284494,-0.0018108974359350002,0.5290000000000035,1.921873999890522,0.21749600000475766,0.08105500000965549,17.822141000578995
invdyn,00:58:13.933,189,-90.008,-89.983,0.02,-89.963,0.04,59.478,0.0,0.0,0.0,0.0,0.0,0.3472598760469908,-90.008,-89.983,0.02,-89.963,0.04,60.0,-90.008,-89.983,0.02,-89.963,0.04,59.739000000000004,0.0,0.0,0.0,0.0,0.0,6.473916260585684,0.0,0.0,0.0,0.0,0.0,0.2610000000000028,-0.0137698,-0.0068849,-0.0,0.034424500000000004,0.034424500000000004,0.3924393,0.014494749694568,-0.010246886446757999,-0.00024273504273199999,0.0025007631258150004,-0.00012072649572900001,-0.002155830280875,0.5219999999999985,1.9627450001280522,0.2573100000518025,0.11510900003486313,17.708679000861594
invdyn,00:58:13.953,190,-90.008,-89.983,0.02,-89.963,0.04,59.487,0.0,0.0,0.0,0.0,0.0,0.44556527897453324,-90.008,-89.983,0.02,-89.963,0.04,60.0,-90.008,-89.983,0.02,-89.963,0.04,59.7435,0.0,0.0,0.0,0.0,0.0,6.349305225386835,0.0,0.0,0.0,0.0,0.0,0.2564999999999955,0.0068849,0.0413094,-0.1101584,0.0275396,-0.034424500000000004,0.27539600000000003,0.014061294261117999,-0.010784371184235999,-0.00024273504273199999,0.000638125763139,-0.0008968253968440001,-0.0035528083028820005,0.5129999999999981,1.9762250003623194,0.23645900000701658,0.11568300033104606,17.721641999742133
invdyn,00:58:13.973,191,-90.008,-89.983,0.02,-89.963,0.04,59.494,0.0,0.0,0.0,0.0,0.0,0.3445660434929547,-90.008,-89.983,0.02,-89.963,0.04,60.0,-90.008,-89.983,0.02,-89.963,0.04,59.747,0.0,0.0,0.0,0.0,0.0,6.226800643124555,0.0,0.0,0.0,0.0,0.0,0.2530000000000001,0.0137698,0.034424500000000004,0.0481943,-0.0,0.0275396,0.206547,0.014286691086512,-0.010246886446757999,-0.00052014652014,0.0018281440781820002,-0.000586385836398,-0.0029836691087310003,0.5060000000000002,1.955669999915699,0.472751000415883,0.5724160000681877,17.04457999949227
invdyn,00:58:13.993,192,-90.008,-89.983,0.02,-89.963,0.04,59.499,0.0,0.0,0.0,0.0,0.0,0.2474953679118514,-90.008,-89.983,0.02,-89.963,0.04,60.0,-90.008,-89.983,0.02,-89.963,0.04,59.7495,0.0,0.0,0.0,0.0,0.0,6.199758966188677,0.0,0.0,0.0,0.0,0.0,0.2504999999999953,-0.0137698,0.0550792,-0.0068849,-0.0413094,0.0068849,0.3167054,0.014408058607878,-0.01022954822942,3.4676434676e-05,0.001500457875489,-0.00034493284494,-0.0024317765568270004,0.5009999999999977,3.0154669993862626,0.6547660004798672,0.29699500009883195,15.941356999974232
invdyn,00:58:14.013,193,-90.008,-89.983,0.02,-89.963,0.04,59.504,0.0,0.0,0.0,0.0,0.0,0.24787272770230157,-90.008,-89.983,0.02,-89.963,0.04,60.0,-90.008,-89.983,0.02,-89.963,0.04,59.751999999999995,0.0,0.0,0.0,0.0,0.0,6.147243647022697,0.0,0.0,0.0,0.0,0.0,0.24799999999999756,-0.0137698,0.0481943,-0.0275396,0.0206547,0.0068849,0.5714467,0.014199999999821999,-0.011321855921713999,3.4676434676e-05,0.002190323565369,-0.001121031746055,-0.001396978022007,0.4960000000000022,3.487940000013623,0.5759169998782454,0.3534199995556264,15.804470999682962
invdyn,00:58:14.034,194,-90.008,-89.983,0.02,-89.963,0.04,59.51,0.0,0.0,0.0,0.0,0.0,0.2940035748916545,-90.008,-89.983,0.02,-89.963,0.04,60.0,-90.008,-89.983,0.02,-89.963,0.04,59.754999999999995,0.0,0.0,0.0,0.0,0.0,6.002572987371077,0.0,0.0,0.0,0.0,0.0,0.24499999999999744,-0.0206547,-0.0137698,-0.0275396,-0.0068849,-0.0757339,0.5370222,0.014720146519961999,-0.00996947496935,5.2014652013999995e-05,0.0018798840049230002,-0.000569139194151,-0.001414224664254,0.490000000000002,3.357497999786574,0.3032730000995798,0.46989899965410586,15.923339000437409
invdyn,00:58:14.054,195,-90.008,-89.983,0.02,-89.963,0.04,59.519,0.0,0.0,0.0,0.0,0.0,0.4450137457855072,-90.008,-89.983,0.02,-89.963,0.04,60.0,-90.008,-89.983,0.02,-89.963,0.04,59.7595,0.0,0.0,0.0,0.0,0.0,5.94587810341171,0.0,0.0,0.0,0.0,0.0,0.24050000000000438,0.0550792,-0.0275396,-0.0,0.0068849,-0.0481943,0.3993242,0.014286691086512,-0.011027106226968,3.4676434676e-05,0.0018798840049230002,-0.0009658119658320001,-0.001983363858405,0.48100000000000165,4.2772420001711,0.23975500062078936,0.42871400000876747,15.080871999998635
invdyn,00:58:14.074,196,-90.008,-89.983,0.02,-89.963,0.04,59.531,0.0,0.0,0.0,0.0,0.0,0.5951055618615435,-90.008,-89.983,0.02,-89.963,0.04,60.0,-90.008,-89.983,0.02,-89.963,0.04,59.7655,0.0,0.0,0.0,0.0,0.0,5.814677260688626,0.0,0.0,0.0,0.0,0.0,0.23450000000000415,0.0481943,0.0481943,-0.0206547,0.034424500000000004,0.0068849,0.48882790000000004,0.014581440781258,-0.010715018314883999,0.0008669108669,0.0017246642247000002,-0.00034493284494,-0.0017591575091940002,0.4690000000000012,4.172670000116341,0.24105200009216787,0.33173500014527235,15.125502000046254
invdyn,00:58:14.094,197,-90.008,-89.983,0.02,-89.963,0.04,59.539,0.0,0.0,0.0,0.0,0.0,0.39530680238461874,-90.008,-89.983,0.02,-89.963,0.04,60.0,-90.008,-89.983,0.02,-89.963,0.04,59.7695,0.0,0.0,0.0,0.0,0.0,5.694888621851494,0.0,0.0,0.0,0.0,0.0,0.23049999999999926,0.0068849,0.0206547,-0.0137698,-0.0413094,-0.0068849,0.413094,0.014581440781258,-0.010194871794744,1.7338217338e-05,0.0023282967033450004,3.4493284494e-05,-0.001414224664254,0.4609999999999985,3.8134159995024675,0.5840640005772002,0.10331300018151524,15.535049999925832
invdyn,00:58:14.115,198,-90.008,-89.983,0.02,-89.963,0.04,59.546,0.0,0.0,0.0,0.0,0.0,0.34722291472014355,-90.008,-89.983,0.02,-89.963,0.04,60.0,-90.008,-89.983,0.02,-89.963,0.04,59.772999999999996,0.0,0.0,0.0,0.0,0.0,5.62997154582117,0.0,0.0,0.0,0.0,0.0,0.22699999999999676,0.0068849,0.0137698,-0.0481943,-0.0206547,-0.0,0.5163675,0.014893528693342,-0.010264224664096,-0.000797557997548,0.002345543345592,-0.001190018315043,-0.001310744810772,0.4540000000000006,3.5720689993468113,0.796616000116046,0.10373899931437336,15.562846000648278
invdyn,00:58:14.135,199,-90.008,-89.983,0.02,-89.963,0.04,59.553,0.0,0.0,0.0,0.0,0.0,0.34714080660216345,-90.008,-89.983,0.02,-89.963,0.04,60.0,-90.008,-89.983,0.02,-89.963,0.04,59.7765,0.0,0.0,0.0,0.0,0.0,5.541855019686237,0.0,0.0,0.0,0.0,0.0,0.22350000000000136,-0.0206547,-0.0206547,0.0206547,0.0137698,-0.0137698,0.46128830000000004,0.01430402930385,-0.00970940170928,0.000294749694746,0.001586691086724,-0.000500152625163,-0.002035103785146,0.44700000000000273,4.2287429996576975,0.24995900002977578,0.12638699990930036,15.420237999933306
invdyn,00:58:14.155,200,-90.008,-89.983,0.02,-89.963,0.04,59.562,0.0,0.0,0.0,0.0,0.0,0.44633972615699186,-90.008,-89.983,0.02,-89.963,0.04,60.0,-90.008,-89.983,0.02,-89.963,0.04,59.781,0.0,0.0,0.0,0.0,0.0,5.430466668243225,0.0,0.0,0.0,0.0,0.0,0.2190000000000012,-0.0275396,0.0,-0.0206547,0.0068849,-0.0137698,0.2340866,0.014928205128017999,-0.009986813186687999,5.2014652013999995e-05,0.002655982906038,-0.00043116605617500006,-0.001327991453019,0.4380000000000024,4.332814999543189,0.24064399985945784,0.11775699931604322,15.351942000052077
invdyn,00:58:14.176,201,-90.008,-89.983,0.02,-89.963,0.04,59.574,0.0,0.0,0.0,0.0,0.0,0.5695300427727829,-90.008,-89.983,0.02,-89.963,0.04,60.0,-90.008,-89.983,0.02,-89.963,0.04,59.787,0.0,0.0,0.0,0.0,0.0,5.054579129608279,0.0,0.0,0.0,0.0,0.0,0.21300000000000097,0.034424500000000004,0.0068849,0.0068849,-0.0206547,0.0068849,0.1790074,0.015101587301398,-0.01022954822942,3.4676434676e-05,0.0017936507936880002,-0.000655372405386,-0.003069902319966,0.42600000000000193,3.681510999740567,0.2323099997738609,0.11853500018332852,16.01239399951737
invdyn,00:58:14.197,202,-90.008,-89.983,0.02,-89.963,0.04,59.582,0.0,0.0,0.0,0.0,0.0,0.3931668541433634,-90.008,-89.983,0.02,-89.963,0.04,60.0,-90.008,-89.983,0.02,-89.963,0.04,59.791,0.0,0.0,0.0,0.0,0.0,5.13574203224596,0.0,0.0,0.0,0.0,0.0,0.20899999999999608,-0.0550792,0.0,0.0413094,0.0275396,-0.0137698,0.14458290000000001,0.01447741147723,-0.010506959706828,0.000294749694746,0.002017857142899,-0.000189713064717,-0.0027422161172730003,0.41799999999999926,3.7237889991956763,0.3507350002109888,0.16762700033723377,15.80154500061326
invdyn,00:58:14.217,203,-90.008,-89.983,0.02,-89.963,0.04,59.586,0.0,0.0,0.0,0.0,0.0,0.1948460135879531,-90.008,-89.983,0.02,-89.963,0.04,60.0,-90.008,-89.983,0.02,-89.963,0.04,59.793,0.0,0.0,0.0,0.0,0.0,5.041640601591099,0.0,0.0,0.0,0.0,0.0,0.20700000000000074,-0.0206547,0.034424500000000004,0.0413094,0.0068849,-0.0826188,0.3029356,0.013991941391765999,-0.01022954822942,0.0008669108669,0.001259004884031,-0.000500152625163,-0.002483516483568,0.4140000000000015,3.3434430006309412,0.31410599967784947,0.11986800018348731,16.147799000464147
invdyn,00:58:14.237,204,-90.008,-89.983,0.02,-89.963,0.04,59.59,0.0,0.0,0.0,0.0,0.0,0.19625688416840775,-90.008,-89.983,0.02,-89.963,0.04,60.0,-90.008,-89.983,0.02,-89.963,0.04,59.795,0.0,0.0,0.0,0.0,0.0,5.02908265680926,0.0,0.0,0.0,0.0,0.0,0.2049999999999983,0.0619641,0.0481943,0.034424500000000004,0.0206547,0.0275396,0.413094,0.015014896214708,-0.01100976800963,0.000589499389492,0.0017246642247000002,-0.000810592185609,-0.0022248168498630004,0.4099999999999966,2.817950999997265,0.2281440001752344,0.09133200001087971,16.92217499930848
invdyn,00:58:14.258,205,-90.008,-89.983,0.02,-89.963,0.04,59.595,0.0,0.0,0.0,0.0,0.0,0.24737859038609172,-90.008,-89.983,0.02,-89.963,0.04,60.0,-90.008,-89.983,0.02,-89.963,0.04,59.7975,0.0,0.0,0.0,0.0,0.0,5.009416455322928,0.0,0.0,0.0,0.0,0.0,0.20250000000000057,-0.0137698,-0.0413094,0.0068849,-0.0,-0.0068849,0.5232524000000001,0.014494749694568,-0.01022954822942,-0.00052014652014,0.001345238095266,-0.000810592185609,-0.000776098901115,0.40500000000000114,2.907801999754156,0.3046239999093814,0.1304970001001493,16.778973000327824
invdyn,00:58:14.278,206,-90.008,-89.983,0.02,-89.963,0.04,59.601,0.0,0.0,0.0,0.0,0.0,0.291852113002748,-90.008,-89.983,0.02,-89.963,0.04,60.0,-90.008,-89.983,0.02,-89.963,0.04,59.8005,0.0,0.0,0.0,0.0,0.0,4.8520413786705126,0.0,0.0,0.0,0.0,0.0,0.19950000000000045,-0.0206547,0.0413094,-0.0068849,-0.0619641,0.0275396,0.3304752,0.014789499389313999,-0.010246886446757999,-0.00024273504273199999,0.002190323565369,-0.000724358974374,-0.0017764041514410002,0.3990000000000009,2.7559529999052756,0.24569899960624753,0.12229399999341695,16.977321000013035
invdyn,00:58:14.299,207,-90.008,-89.983,0.02,-89.963,0.04,59.611,0.0,0.0,0.0,0.0,0.0,0.4885960579655148,-90.008,-89.983,0.02,-89.963,0.04,60.0,-90.008,-89.983,0.02,-89.963,0.04,59.805499999999995,0.0,0.0,0.0,0.0,0.0,4.751596663715612,0.0,0.0,0.0,0.0,0.0,0.1944999999999979,0.0206547,-0.0275396,0.0206547,-0.0619641,0.0206547,0.2134319,0.014893528693342,-0.010784371184235999,-0.00024273504273199999,0.0018626373626760002,-0.00103479853482,-0.0022938034188510004,0.3890000000000029,2.0555199998852913,0.28610600020329,0.0845909999043215,17.64662500045233
invdyn,00:58:14.319,208,-90.008,-89.983,0.02,-89.963,0.04,59.62,0.0,0.0,0.0,0.0,0.0,0.4422557085115275,-90.008,-89.983,0.02,-89.963,0.04,60.0,-90.008,-89.983,0.02,-89.963,0.04,59.81,0.0,0.0,0.0,0.0,0.0,4.668254700954867,0.0,0.0,0.0,0.0,0.0,0.19000000000000483,0.0206547,-0.034424500000000004,-0.0,-0.0,-0.0275396,0.206547,0.014616117215934,-0.01048962148949,-0.00024273504273199999,0.001500457875489,-0.000724358974374,-0.0022938034188510004,0.38000000000000256,2.1520740001506056,0.22236699987843167,0.07888700019975659,17.665254999883473
invdyn,00:58:14.339,209,-90.008,-89.983,0.02,-89.963,0.04,59.626,0.0,0.0,0.0,0.0,0.0,0.29530420089182063,-90.008,-89.983,0.02,-89.963,0.04,60.0,-90.008,-89.983,0.02,-89.963,0.04,59.813,0.0,0.0,0.0,0.0,0.0,4.601823797230725,0.0,0.0,0.0,0.0,0.0,0.18700000000000472,-0.0137698,-0.0413094,-0.0,0.0137698,0.0206547,0.2547413,0.014702808302624,-0.01022954822942,3.4676434676e-05,0.0018626373626760002,-0.000586385836398,-0.0023972832723330004,0.37400000000000233,1.96570700063603,0.21807099983561784,0.07946200003061676,17.78099300008762
invdyn,00:58:14.359,210,-90.008,-89.983,0.02,-89.963,0.04,59.626,0.0,0.0,0.0,0.0,0.0,0.0,-90.008,-89.983,0.02,-89.963,0.04,60.0,-90.008,-89.983,0.02,-89.963,0.04,59.813,0.0,0.0,0.0,0.0,0.0,4.635220008037284,0.0,0.0,0.0,0.0,0.0,0.18700000000000472,-0.0275396,0.034424500000000004,-0.0275396,-0.0413094,-0.0137698,0.28916580000000003,0.014494749694568,-0.01022954822942,-0.00024273504273199999,0.0019661172161580002,-0.000586385836398,-0.00206959706964,0.37400000000000233,1.9603370001277654,0.3343089992995374,0.14973799989093095,17.588700000487734
invdyn,00:58:14.380,211,-90.008,-89.983,0.02,-89.963,0.04,59.634,0.0,0.0,0.0,0.0,0.0,0.39438220049142825,-90.008,-89.983,0.02,-89.963,0.04,60.0,-90.008,-89.983,0.02,-89.963,0.04,59.817,0.0,0.0,0.0,0.0,0.0,4.5107464181192,0.0,0.0,0.0,0.0,0.0,0.18299999999999983,-0.0481943,0.0137698,-0.0413094,0.0275396,0.0137698,0.4544034,0.015326984126791999,-0.010281562881434,-0.00024273504273199999,0.0024317765568270004,-0.000724358974374,-0.001414224664254,0.36599999999999966,2.0579089996317634,0.2448659997753566,0.12573900039569708,17.627032999371295
invdyn,00:58:14.400,212,-90.008,-89.983,0.02,-89.963,0.04,59.639,0.0,0.0,0.0,0.0,0.0,0.24731149319572077,-90.008,-89.983,0.02,-89.963,0.04,60.0,-90.008,-89.983,0.02,-89.963,0.04,59.819500000000005,0.0,0.0,0.0,0.0,0.0,4.46397245218044,0.0,0.0,0.0,0.0,0.0,0.1805000000000021,0.0481943,0.034424500000000004,0.034424500000000004,0.0068849,0.0068849,0.4406336,0.015014896214708,-0.010506959706828,5.2014652013999995e-05,0.0019488705739110002,-0.00051739926741,-0.001483211233242,0.3609999999999971,2.3357749996648636,0.26160700053878827,0.19521899957908317,17.245409999304684
invdyn,00:58:14.420,213,-90.008,-89.983,0.02,-89.963,0.04,59.647,0.0,0.0,0.0,0.0,0.0,0.3956703929057757,-90.008,-89.983,0.02,-89.963,0.04,60.0,-90.008,-89.983,0.02,-89.963,0.04,59.823499999999996,0.0,0.0,0.0,0.0,0.0,4.364739021744277,0.0,0.0,0.0,0.0,0.0,0.17649999999999721,0.0413094,0.0275396,-0.0068849,-0.0137698,0.0068849,0.2340866,0.014494749694568,-0.010784371184235999,-0.00052014652014,0.0018798840049230002,-0.001121031746055,-0.0018798840049230002,0.35300000000000153,3.3765719999792054,0.2356630002395832,0.21651499992003664,15.49292100025923
invdyn,00:58:14.440,214,-90.008,-89.983,0.02,-89.963,0.04,59.656,0.0,0.0,0.0,0.0,0.0,0.4448249628809294,-90.008,-89.983,0.02,-89.963,0.04,60.0,-90.008,-89.983,0.02,-89.963,0.04,59.828,0.0,0.0,0.0,0.0,0.0,4.250549645306513,0.0,0.0,0.0,0.0,0.0,0.17200000000000415,-0.0275396,0.034424500000000004,-0.0,-0.0275396,0.0206547,0.1514678,0.014928205128017999,-0.01057631257618,0.000329426129422,0.0018108974359350002,-0.000724358974374,-0.001621184371218,0.3440000000000012,2.8080639995096135,0.23534800038760295,0.12064600014127791,16.895082999326405
invdyn,00:58:14.461,215,-90.008,-89.983,0.02,-89.963,0.04,59.662,0.0,0.0,0.0,0.0,0.0,0.29677029210251243,-90.008,-89.983,0.02,-89.963,0.04,60.0,-90.008,-89.983,0.02,-89.963,0.04,59.831,0.0,0.0,0.0,0.0,0.0,4.1795149471102375,0.0,0.0,0.0,0.0,0.0,0.16900000000000404,0.0137698,0.0275396,-0.0,0.0137698,-0.0137698,0.0895037,0.015326984126791999,-0.010194871794744,-0.00024273504273199999,0.0017246642247000002,-0.000741605616621,-0.0022938034188510004,0.33800000000000097,4.480331000195292,0.24808799935271963,0.12177600001450628,15.290498000467778
invdyn,00:58:14.481,216,-90.008,-89.983,0.02,-89.963,0.04,59.666,0.0,0.0,0.0,0.0,0.0,0.19700354618246052,-90.008,-89.983,0.02,-89.963,0.04,60.0,-90.008,-89.983,0.02,-89.963,0.04,59.833,0.0,0.0,0.0,0.0,0.0,4.1124490265611815,0.0,0.0,0.0,0.0,0.0,0.1670000000000016,-0.0275396,-0.034424500000000004,-0.0275396,-0.034424500000000004,-0.0137698,0.13081310000000002,0.014702808302624,-0.009449328449209999,-0.000537484737478,0.001569444444477,-0.000724358974374,-0.0022593101343570004,0.3340000000000032,1.9473739994282369,0.2359770005568862,0.09549900005367817,17.76414200048748
invdyn,00:58:14.501,217,-90.008,-89.983,0.02,-89.963,0.04,59.668,0.0,0.0,0.0,0.0,0.0,0.09908701969088049,-90.008,-89.983,0.02,-89.963,0.04,60.0,-90.008,-89.983,0.02,-89.963,0.04,59.834,0.0,0.0,0.0,0.0,0.0,4.112111317166525,0.0,0.0,0.0,0.0,0.0,0.16600000000000392,-0.0275396,0.0,0.0068849,0.0206547,-0.0275396,0.13081310000000002,0.014512087911906,-0.011027106226968,-0.00024273504273199999,0.0022593101343570004,-0.001121031746055,-0.0036217948718700005,0.33200000000000074,1.9398929998715175,0.22503299987874925,0.0876280000738916,17.792808000194782
invdyn,00:58:14.521,218,-90.008,-89.983,0.02,-89.963,0.04,59.67,0.0,0.0,0.0,0.0,0.0,0.09909755463686062,-90.008,-89.983,0.02,-89.963,0.04,60.0,-90.008,-89.983,0.02,-89.963,0.04,59.835,0.0,0.0,0.0,0.0,0.0,4.087774128765484,0.0,0.0,0.0,0.0,0.0,0.16499999999999915,0.0826188,0.0413094,-0.034424500000000004,-0.0413094,-0.034424500000000004,0.1652376,0.014720146519961999,-0.009986813186687999,-0.00052014652014,0.0019488705739110002,-0.00048290598291600006,-0.0033113553114240005,0.3299999999999983,1.9233190005252254,0.2268289999847184,0.08573900049668737,17.811178000556538
invdyn,00:58:14.541,219,-90.008,-89.983,0.02,-89.963,0.04,59.672,0.0,0.0,0.0,0.0,0.0,0.09910575003225842,-90.008,-89.983,0.02,-89.963,0.04,60.0,-90.008,-89.983,0.02,-89.963,0.04,59.836,0.0,0.0,0.0,0.0,0.0,4.063335751332102,0.0,0.0,0.0,0.0,0.0,0.16400000000000148,-0.0481943,0.0206547,-0.0068849,-0.0275396,-0.0068849,0.1239282,0.014390720390539999,-0.011547252747108,-0.00024273504273199999,0.0019488705739110002,-0.00034493284494,-0.0038804945055750002,0.32800000000000296,1.930263000758714,0.2254959999845596,0.08620199969300302,17.806122999900253
invdyn,00:58:14.562,220,-90.008,-89.983,0.02,-89.963,0.04,59.674,0.0,0.0,0.0,0.0,0.0,0.09909053109065219,-90.008,-89.983,0.02,-89.963,0.04,60.0,-90.008,-89.983,0.02,-89.963,0.04,59.837,0.0,0.0,0.0,0.0,0.0,4.037939141939148,0.0,0.0,0.0,0.0,0.0,0.1630000000000038,-0.0275396,-0.0068849,-0.0,-0.0,0.0481943,0.1927772,0.014581440781258,-0.010732356532222,0.00031208791208399997,0.002966422466484,-0.00043116605617500006,-0.0033803418804120005,0.3260000000000005,1.9152640006723232,0.22525599979417166,0.08512800013704691,17.821530000219354
invdyn,00:58:14.582,221,-90.008,-89.983,0.02,-89.963,0.04,59.677,0.0,0.0,0.0,0.0,0.0,0.14749978899986493,-90.008,-89.983,0.02,-89.963,0.04,60.0,-90.008,-89.983,0.02,-89.963,0.04,59.838499999999996,0.0,0.0,0.0,0.0,0.0,3.970202653912885,0.0,0.0,0.0,0.0,0.0,0.16149999999999665,-0.0550792,-0.0068849,0.0068849,-0.0137698,0.0068849,0.2547413,0.014806837606652,-0.010194871794744,-0.000537484737478,0.001190018315043,-0.00043116605617500006,-0.00224206349211,0.3230000000000004,1.9454849998510326,0.23895899994386127,0.11566499961190857,17.746030999660434
invdyn,00:58:14.602,222,-90.008,-89.983,0.02,-89.963,0.04,59.681,0.0,0.0,0.0,0.0,0.0,0.1980968214234013,-90.008,-89.983,0.02,-89.963,0.04,60.0,-90.008,-89.983,0.02,-89.963,0.04,59.8405,0.0,0.0,0.0,0.0,0.0,3.9495553771312846,0.0,0.0,0.0,0.0,0.0,0.1595000000000013,0.0275396,-0.0068849,-0.0,0.034424500000000004,0.0068849,0.27539600000000003,0.014720146519961999,-0.009986813186687999,-0.00024273504273199999,0.001500457875489,-0.000655372405386,-0.0034148351649060005,0.3190000000000026,1.9641330000013113,0.2502549996279413,0.1197199999296572,17.72945700031414
invdyn,00:58:14.622,223,-90.008,-89.983,0.02,-89.963,0.04,59.685,0.0,0.0,0.0,0.0,0.0,0.19782120033039152,-90.008,-89.983,0.02,-89.963,0.04,60.0,-90.008,-89.983,0.02,-89.963,0.04,59.8425,0.0,0.0,0.0,0.0,0.0,3.894604881499795,0.0,0.0,0.0,0.0,0.0,0.15749999999999886,-0.0275396,0.0,0.0137698,-0.0137698,0.0137698,0.2685111,0.014581440781258,-0.00996947496935,-0.00052014652014,0.001500457875489,-0.00043116605617500006,-0.0028112026862610003,0.3149999999999977,1.9548740001482656,0.23034800051391358,0.1589049998074188,17.721049999636307
invdyn,00:58:14.643,224,-90.008,-89.983,0.02,-89.963,0.04,59.69,0.0,0.0,0.0,0.0,0.0,0.2473523306281955,-90.008,-89.983,0.02,-89.963,0.04,60.0,-90.008,-89.983,0.02,-89.963,0.04,59.845,0.0,0.0,0.0,0.0,0.0,3.8339611247405454,0.0,0.0,0.0,0.0,0.0,0.15500000000000114,0.0068849,0.0481943,-0.0,-0.034424500000000004,0.0137698,0.1996621,0.01447741147723,-0.01048962148949,0.00031208791208399997,0.0018798840049230002,-0.00103479853482,-0.002552503052556,0.3100000000000023,1.9482629995764,0.3088650000790949,0.09149899960902985,17.717828000058944
invdyn,00:58:14.663,225,-90.008,-89.983,0.02,-89.963,0.04,59.695,0.0,0.0,0.0,0.0,0.0,0.24738442664540278,-90.008,-89.983,0.02,-89.963,0.04,60.0,-90.008,-89.983,0.02,-89.963,0.04,59.8475,0.0,0.0,0.0,0.0,0.0,3.7726125063404585,0.0,0.0,0.0,0.0,0.0,0.1524999999999963,-0.0137698,0.0550792,0.0413094,-0.034424500000000004,-0.0137698,0.13769800000000001,0.015101587301398,-0.010784371184235999,-0.000797557997548,0.001414224664254,-0.00103479853482,-0.003173382173448,0.3049999999999997,2.0499460006249137,0.30521700045937905,0.16127500020957086,17.530127000100038
invdyn,00:58:14.683,226,-90.008,-89.983,0.02,-89.963,0.04,59.7,0.0,0.0,0.0,0.0,0.0,0.24732315965764948,-90.008,-89.983,0.02,-89.963,0.04,60.0,-90.008,-89.983,0.02,-89.963,0.04,59.85,0.0,0.0,0.0,0.0,0.0,3.709847394862809,0.0,0.0,0.0,0.0,0.0,0.14999999999999858,-0.0137698,-0.0413094,-0.0068849,0.0206547,-0.0,0.1170433,0.014581440781258,-0.010784371184235999,3.4676434676e-05,0.002035103785146,-0.000586385836398,-0.005467185592299,0.29999999999999716,2.0738349994644523,0.2386070000284235,0.09555399992677849,17.644792000282905
invdyn,00:58:14.703,227,-90.008,-89.983,0.02,-89.963,0.04,59.703,0.0,0.0,0.0,0.0,0.0,0.14847969791728688,-90.008,-89.983,0.02,-89.963,0.04,60.0,-90.008,-89.983,0.02,-89.963,0.04,59.8515,0.0,0.0,0.0,0.0,0.0,3.6748725234526747,0.0,0.0,0.0,0.0,0.0,0.14849999999999852,0.0,0.034424500000000004,-0.0,-0.0550792,-0.0275396,0.0413094,0.014061294261117999,-0.01100976800963,0.000329426129422,0.002173076923122,-0.000741605616621,-0.004104700854786,0.29699999999999704,2.0164480001767515,0.23770000007061753,0.09649799994804198,17.69697600047948
invdyn,00:58:14.723,228,-90.008,-89.983,0.02,-89.963,0.04,59.705,0.0,0.0,0.0,0.0,0.0,0.09898763334254283,-90.008,-89.983,0.02,-89.963,0.04,60.0,-90.008,-89.983,0.02,-89.963,0.04,59.8525,0.0,0.0,0.0,0.0,0.0,3.650168979514795,0.0,0.0,0.0,0.0,0.0,0.14750000000000085,-0.0275396,0.034424500000000004,0.0413094,-0.0,0.0068849,0.1101584,0.014512087911906,-0.010767032966898,-0.000797557997548,0.0019661172161580002,-0.00034493284494,-0.004104700854786,0.2950000000000017,2.1049649994893116,0.22860699937155005,0.09909100026561646,17.613514000004216
invdyn,00:58:14.744,229,-90.008,-89.983,0.02,-89.963,0.04,59.707,0.0,0.0,0.0,0.0,0.0,0.09909989604019294,-90.008,-89.983,0.02,-89.963,0.04,60.0,-90.008,-89.983,0.02,-89.963,0.04,59.8535,0.0,0.0,0.0,0.0,0.0,3.6295336924676214,0.0,0.0,0.0,0.0,0.0,0.14649999999999608,0.0481943,0.0550792,-0.0550792,-0.0275396,-0.0068849,0.0757339,0.015014896214708,-0.009484004883886,3.4676434676e-05,0.001327991453019,-0.000724358974374,-0.0037770146520930002,0.29299999999999926,1.9646329992610845,0.22510800044983625,0.09538700032862835,17.77554899945244
invdyn,00:58:14.764,230,-90.008,-89.983,0.02,-89.963,0.04,59.708,0.0,0.0,0.0,0.0,0.0,0.049473967302722695,-90.008,-89.983,0.02,-89.963,0.04,60.0,-90.008,-89.983,0.02,-89.963,0.04,59.854,0.0,0.0,0.0,0.0,0.0,3.611599613107194,0.0,0.0,0.0,0.0,0.0,0.1460000000000008,0.0,-0.0550792,-0.0137698,-0.0137698,0.0068849,0.1101584,0.014928205128017999,-0.010194871794744,0.0008669108669,0.002173076923122,-0.000655372405386,-0.003914987790069001,0.2920000000000016,2.005280000048515,0.22808900030213408,0.09759099975781282,17.71714299957239
invdyn,00:58:14.784,231,-90.008,-89.983,0.02,-89.963,0.04,59.711,0.0,0.0,0.0,0.0,0.0,0.14773531207439625,-90.008,-89.983,0.02,-89.963,0.04,60.0,-90.008,-89.983,0.02,-89.963,0.04,59.8555,0.0,0.0,0.0,0.0,0.0,3.557958765791593,0.0,0.0,0.0,0.0,0.0,0.14450000000000074,-0.0413094,-0.0137698,-0.0206547,-0.0206547,0.0550792,-0.0275396,0.014616117215934,-0.010732356532222,-0.00024273504273199999,0.001569444444477,-0.000655372405386,-0.004346153846244,0.2890000000000015,1.985095999771147,0.2278849997310317,0.10496100003365427,17.74405000014667
invdyn,00:58:14.804,232,-90.008,-89.983,0.02,-89.963,0.04,59.712,0.0,0.0,0.0,0.0,0.0,0.04946696544427441,-90.008,-89.983,0.02,-89.963,0.04,60.0,-90.008,-89.983,0.02,-89.963,0.04,59.856,0.0,0.0,0.0,0.0,0.0,3.5616215119707104,0.0,0.0,0.0,0.0,0.0,0.14399999999999835,-0.0206547,-0.034424500000000004,-0.0481943,0.0137698,-0.0068849,0.1239282,0.015136263736073999,-0.009986813186687999,-0.000537484737478,0.001190018315043,-0.000724358974374,-0.005311965812076,0.2879999999999967,2.2466289992735256,0.36662299953604816,0.15666400031477679,17.263038999772107
invdyn,00:58:14.825,233,-90.008,-89.983,0.02,-89.963,0.04,59.714,0.0,0.0,0.0,0.0,0.0,0.09891876466611381,-90.008,-89.983,0.02,-89.963,0.04,60.0,-90.008,-89.983,0.02,-89.963,0.04,59.857,0.0,0.0,0.0,0.0,0.0,3.5363458368218272,0.0,0.0,0.0,0.0,0.0,0.14300000000000068,-0.0413094,-0.0413094,-0.0275396,0.034424500000000004,0.0068849,0.14458290000000001,0.014616117215934,-0.010767032966898,5.2014652013999995e-05,0.00241452991458,-0.000586385836398,-0.0048118131869130006,0.28600000000000136,2.090298000439361,0.25905199981934857,0.1274050000574789,17.641661999732605
invdyn,00:58:14.845,234,-90.008,-89.983,0.02,-89.963,0.04,59.715,0.0,0.0,0.0,0.0,0.0,0.04924452584762809,-90.008,-89.983,0.02,-89.963,0.04,60.0,-90.008,-89.983,0.02,-89.963,0.04,59.8575,0.0,0.0,0.0,0.0,0.0,3.508672466626706,0.0,0.0,0.0,0.0,0.0,0.1424999999999983,0.0550792,0.0137698,-0.034424500000000004,-0.1032735,-0.0,0.1032735,0.015014896214708,-0.010784371184235999,0.000294749694746,0.0024317765568270004,-0.00051739926741,-0.005743131868251001,0.2849999999999966,2.004353999836894,0.24732900055823848,0.11540600007720059,17.694271999971534
invdyn,00:58:14.865,235,-90.008,-89.983,0.02,-89.963,0.04,59.717,0.0,0.0,0.0,0.0,0.0,0.09890943391753959,-90.008,-89.983,0.02,-89.963,0.04,60.0,-90.008,-89.983,0.02,-89.963,0.04,59.8585,0.0,0.0,0.0,0.0,0.0,3.4989212248411325,0.0,0.0,0.0,0.0,0.0,0.14150000000000063,-0.0068849,0.034424500000000004,-0.0137698,0.0413094,0.0481943,0.1032735,0.015032234432046,-0.010524297924165999,5.2014652013999995e-05,0.00241452991458,-0.000500152625163,-0.005139499389606001,0.28300000000000125,2.0087069997316576,0.23186700036603725,0.0941460002650274,17.73532700008218
invdyn,00:58:14.885,236,-90.008,-89.983,0.02,-89.963,0.04,59.72,0.0,0.0,0.0,0.0,0.0,0.14831868170727958,-90.008,-89.983,0.02,-89.963,0.04,60.0,-90.008,-89.983,0.02,-89.963,0.04,59.86,0.0,0.0,0.0,0.0,0.0,3.4607692398364063,0.0,0.0,0.0,0.0,0.0,0.14000000000000057,0.0137698,0.0275396,0.0068849,-0.0275396,0.0137698,0.1790074,0.014581440781258,-0.010472283272152,0.000589499389492,0.0022938034188510004,-0.001276251526278,-0.0048118131869130006,0.28000000000000114,1.9420589997025672,0.22536599954037229,0.08333200003107777,17.811474000154703
invdyn,00:58:14.905,237,-90.008,-89.983,0.02,-89.963,0.04,59.723,0.0,0.0,0.0,0.0,0.0,0.1484691862042982,-90.008,-89.983,0.02,-89.963,0.04,60.0,-90.008,-89.983,0.02,-89.963,0.04,59.8615,0.0,0.0,0.0,0.0,0.0,3.427163714882433,0.0,0.0,0.0,0.0,0.0,0.1385000000000005,-0.0068849,-0.0068849,-0.0,0.034424500000000004,-0.0206547,0.2478564,0.014616117215934,-0.010506959706828,-0.001352380952364,0.0022593101343570004,-0.000810592185609,-0.0048118131869130006,0.277000000000001,1.933597000061127,0.22544000057678204,0.08568399971409235,17.809992999900714
invdyn,00:58:14.926,238,-90.008,-89.983,0.02,-89.963,0.04,59.727,0.0,0.0,0.0,0.0,0.0,0.19800797828385108,-90.008,-89.983,0.02,-89.963,0.04,60.0,-90.008,-89.983,0.02,-89.963,0.04,59.8635,0.0,0.0,0.0,0.0,0.0,3.3785111294701213,0.0,0.0,0.0,0.0,0.0,0.13650000000000517,0.0137698,-0.0068849,-0.0206547,-0.0206547,-0.0,0.3029356,0.015101587301398,-0.00996947496935,-0.00024273504273199999,0.00241452991458,-0.00120726495729,-0.003949481074563,0.27300000000000324,1.9401709996600403,0.2264969998577726,0.0862400002006325,17.806122999900253
invdyn,00:58:14.946,239,-90.008,-89.983,0.02,-89.963,0.04,59.733,0.0,0.0,0.0,0.0,0.0,0.2969523876951509,-90.008,-89.983,0.02,-89.963,0.04,60.0,-90.008,-89.983,0.02,-89.963,0.04,59.8665,0.0,0.0,0.0,0.0,0.0,3.303595313108466,0.0,0.0,0.0,0.0,0.0,0.13350000000000506,-0.0413094,-0.0068849,-0.0,-0.0550792,-0.0413094,0.3304752,0.014720146519961999,-0.010264224664096,-0.00024273504273199999,0.0018798840049230002,-0.000655372405386,-0.003983974359057001,0.267000000000003,1.9585039999583387,0.22840300061943708,0.0979429996732506,17.76580899968394
invdyn,00:58:14.966,240,-90.008,-89.983,0.02,-89.963,0.04,59.739,0.0,0.0,0.0,0.0,0.0,0.29704001321971807,-90.008,-89.983,0.02,-89.963,0.04,60.0,-90.008,-89.983,0.02,-89.963,0.04,59.8695,0.0,0.0,0.0,0.0,0.0,3.230310143764346,0.0,0.0,0.0,0.0,0.0,0.13050000000000495,-0.0275396,-0.06884900000000001,0.0206547,-0.0,0.0275396,0.2340866,0.014390720390539999,-0.010021489621364,0.00060683760683,0.002104090354134,-0.000586385836398,-0.0051567460318530005,0.2610000000000028,3.4736439993139356,0.24719900011405116,0.12420100028975867,16.197094999370165
invdyn,00:58:14.986,241,-90.008,-89.983,0.02,-89.963,0.04,59.744,0.0,0.0,0.0,0.0,0.0,0.24636436257707262,-90.008,-89.983,0.02,-89.963,0.04,60.0,-90.008,-89.983,0.02,-89.963,0.04,59.872,0.0,0.0,0.0,0.0,0.0,3.153463840984919,0.0,0.0,0.0,0.0,0.0,0.1280000000000001,-0.0137698,-0.0137698,-0.0206547,0.0068849,-0.0206547,0.1239282,0.014408058607878,-0.010784371184235999,-0.000797557997548,0.0018798840049230002,-0.000741605616621,-0.004190934066021001,0.2560000000000002,1.9670030005727313,0.22471900047094095,0.10351600030844565,17.695476999506354
invdyn,00:58:15.007,242,-90.008,-89.983,0.02,-89.963,0.04,59.747,0.0,0.0,0.0,0.0,0.0,0.14865511252880237,-90.008,-89.983,0.02,-89.963,0.04,60.0,-90.008,-89.983,0.02,-89.963,0.04,59.8735,0.0,0.0,0.0,0.0,0.0,3.1341452891487993,0.0,0.0,0.0,0.0,0.0,0.12650000000000006,-0.0413094,0.0206547,-0.0206547,-0.0137698,-0.0,0.1101584,0.014078632478456,-0.009726739926618,3.4676434676e-05,0.0026387362637910004,-0.00043116605617500006,-0.0050877594628650005,0.2530000000000001,1.9165779995091725,0.47823200020502554,0.13427500016405247,17.52221999959147
invdyn,00:58:15.027,243,-90.008,-89.983,0.02,-89.963,0.04,59.749,0.0,0.0,0.0,0.0,0.0,0.09886047635334345,-90.008,-89.983,0.02,-89.963,0.04,60.0,-90.008,-89.983,0.02,-89.963,0.04,59.8745,0.0,0.0,0.0,0.0,0.0,3.101747445582331,0.0,0.0,0.0,0.0,0.0,0.12549999999999528,0.0206547,-0.0068849,0.0275396,-0.0757339,-0.034424500000000004,0.06884900000000001,0.014720146519961999,-0.010767032966898,-0.009223931623816,0.0017246642247000002,-0.000258699633705,-0.006174297924426001,0.25099999999999767,2.38655200064386,0.23732999943604227,0.11970200012001442,18.05348900052195
invdyn,00:58:15.048,244,-90.008,-89.983,0.02,-89.963,0.04,59.751,0.0,0.0,0.0,0.0,0.0,0.09540206302790262,-90.008,-89.983,0.02,-89.963,0.04,60.0,-90.008,-89.983,0.02,-89.963,0.04,59.8755,0.0,0.0,0.0,0.0,0.0,2.9693892117504173,0.0,0.0,0.0,0.0,0.0,0.12450000000000472,-0.0206547,-0.0550792,0.034424500000000004,0.0068849,-0.0275396,0.0757339,0.015101587301398,-0.010472283272152,-0.000537484737478,0.0017246642247000002,3.4493284494e-05,-0.005587912088028,0.24900000000000233,2.936894999947981,0.24880999990273267,0.12690500079770572,16.761269999733486
invdyn,00:58:15.068,245,-90.008,-89.983,0.02,-89.963,0.04,59.753,0.0,0.0,0.0,0.0,0.0,0.09877317256982682,-90.008,-89.983,0.02,-89.963,0.04,60.0,-90.008,-89.983,0.02,-89.963,0.04,59.8765,0.0,0.0,0.0,0.0,0.0,3.0496217030896746,0.0,0.0,0.0,0.0,0.0,0.12349999999999994,0.0068849,0.0,0.0068849,0.0206547,0.0275396,0.0963886,0.01491086691068,-0.009674725274604,3.4676434676e-05,0.0016556776557120003,-0.00103479853482,-0.006812423687565,0.2469999999999999,3.3988680006586947,0.23679200057813432,0.11981199986621505,16.312888999891584
invdyn,00:58:15.088,246,-90.008,-89.983,0.02,-89.963,0.04,59.754,0.0,0.0,0.0,0.0,0.0,0.04942033698586338,-90.008,-89.983,0.02,-89.963,0.04,60.0,-90.008,-89.983,0.02,-89.963,0.04,59.876999999999995,0.0,0.0,0.0,0.0,0.0,3.0393507246377087,0.0,0.0,0.0,0.0,0.0,0.12299999999999756,-0.0068849,0.0206547,0.0206547,-0.0,-0.0068849,0.0963886,0.015014896214708,-0.010246886446757999,0.000294749694746,0.0028112026862610003,-0.000810592185609,-0.005587912088028,0.24600000000000222,2.0063729998582858,0.229588999900443,0.13847900027030846,17.6870509994842
