controller,timestamp,loop,q0,q1,q2,q3,q4,q5,qvel0,qvel1,qvel2,qvel3,qvel4,qvel5,target0,target1,target2,target3,target4,target5,cmd_pos0,cmd_pos1,cmd_pos2,cmd_pos3,cmd_pos4,cmd_pos5,cmd_vel0,cmd_vel1,cmd_vel2,cmd_vel3,cmd_vel4,cmd_vel5,u0,u1,u2,u3,u4,u5,hal_vel0,hal_vel1,hal_vel2,hal_vel3,hal_vel4,hal_vel5,hal_torq0,hal_torq1,hal_torq2,hal_torq3,hal_torq4,hal_torq5,err_norm,poll_ms,solve_ms,hal_write_ms,sleep_ms
pid,05:37:20.388,1,-25.964,-111.007,14.599,-91.307,-70.675,-3.602,0.0,0.0,0.0,0.0,0.0,0.0,10.0,-110.3,111.4,-90.1,-90.3,0.0,-17.964,-110.652793,22.599,-90.702293,-78.675,-1.7973979999999998,200.0,8.855175000000099,200.0,15.117675000000096,-200.0,45.11505,8.0,0.3542070000000024,8.0,0.6047070000000048,-8.0,1.804602,12.0967693,-0.034424500000000004,11.6079414,-0.1239282,-12.2206975,-0.9225766000000001,0.019834920634671998,-0.00892918192907,0.02869474969439,0.0025007631258150004,-0.002793956044014,0.0034838217338940005,105.18514450244389,2.8133249998063548,0.2846079987648409,0.13790599950880278,16.871915000592708
pid,05:37:20.409,2,-25.737,-111.008,14.849,-91.309,-70.911,-3.612,10.50450151150733,-0.04627533705466165,11.568834263774576,-0.09255067410998091,-10.920979545003394,-0.4627533705509937,10.0,-110.3,111.4,-90.1,-90.3,0.0,-17.737,-110.65252801367569,22.849,-90.7019866886072,-78.911,-1.7984952731590271,185.10134822039322,8.224792990401358,185.10134822039322,14.04487279081625,-185.10134822039322,41.96027124279,8.0,0.35547198632430366,8.0,0.6070133113927909,-8.0,1.813504726840973,11.6905602,-0.0275396,11.910877000000001,-0.2272017,-11.9934958,-0.8193031000000001,0.020909890109627998,-0.00927594627583,0.02800122100087,0.0016729242979590003,-0.0038804945055750002,0.0038115079365870002,104.83401919224504,2.3131819998525316,0.2851639983418863,0.10416599980089813,17.36409499972069
pid,05:37:20.430,3,-25.487,-111.008,15.073,-91.311,-71.147,-3.626,12.21703619988582,0.0,10.946464435097704,-0.09773628959955323,-11.53288217269242,-0.6841540271935956,10.0,-110.3,111.4,-90.1,-90.3,0.0,-17.487,-110.6518036153965,23.073,-90.70174764013815,-79.147,-1.8017852898817062,195.47257919817312,8.703328249938812,195.47257919817312,14.88651627059634,-195.47257919817312,44.572994299758825,8.0,0.3561963846034928,8.0,0.6092523598618556,-8.0,1.8242147101182937,11.9177619,-0.0550792,12.103654200000001,-0.2340866,-12.3377408,-0.7297994,0.022296947496668,-0.006969963369876,0.028972161171798,0.001121031746055,-0.004449633699726001,0.0038460012210810002,104.49962281271641,2.58412400035013,0.49323600069328677,0.16648000018903986,17.02758000101312
pid,05:37:20.450,4,-25.25,-111.008,15.32,-91.315,-71.384,-3.644,11.477180127235489,0.0,11.961449330916391,-0.19370768147187886,-11.477180127235318,-0.8716845666254979,10.0,-110.3,111.4,-90.1,-90.3,0.0,-17.25,-110.65107261702346,23.32,-90.7024931725912,-79.384,-1.8070229197244645,193.7076814723303,8.642446976296295,193.7076814723303,14.830909677916242,-193.7076814723303,44.4795713922481,8.0,0.3569273829765365,8.0,0.6125068274087937,-8.0,1.8369770802755356,11.8489129,0.0,12.0210354,0.2822809,-12.4410143,2.134319,0.019314774114532,-0.0008495726495619999,0.027342368742026,-0.000534645909657,-0.0031216422467070003,0.001138278388302,104.14893269256292,2.3371450006379746,0.31779299933987204,0.2163680001103785,17.70720300009998
pid,05:37:20.471,5,-25.012,-111.009,15.558,-91.319,-71.635,-3.658,11.465111774704807,-0.04817273854940997,11.465111774704807,-0.1926909541969553,-12.091357375844398,-0.6744183396885092,10.0,-110.3,111.4,-90.1,-90.3,0.0,-17.012,-110.6508367236309,23.558,-90.7032279341631,-79.635,-1.8102261665086745,192.69095419671982,8.626852935223082,192.69095419671982,14.831713366724959,-192.69095419671982,44.50616288939679,8.0,0.3581632763690976,8.0,0.6157720658369072,-8.0,1.8477738334913254,10.995185300000001,0.0206547,11.2636964,0.3993242,-11.0984588,2.1067794,0.021776800976528,0.001785836385814,0.028382661782305998,-0.000724358974374,-0.005191239316347,0.00020695970696400003,103.80405068685904,2.029647999734152,0.34938499993586447,0.22718299987900537,17.686462999336072
pid,05:37:20.492,6,-24.771,-111.009,15.787,-91.313,-71.864,-3.64,11.729800222799835,0.0,11.14574378017086,0.2920282213145302,-11.145743780170774,0.8760846639435473,10.0,-110.3,111.4,-90.1,-90.3,0.0,-16.771,-110.6501083693676,23.787,-90.69898182172108,-79.864,-1.7974868018846513,194.68548087634608,8.733873711520648,194.68548087634608,14.942553038131367,-194.68548087634608,44.83882099951263,8.0,0.3588916306323995,7.999999999999998,0.6140181782789256,-8.0,1.8425131981153489,12.0141505,0.0275396,11.876452500000001,0.6471806,-11.9039921,2.0723549,0.020389743589488,0.006779242979158,0.024915018314705998,0.000310439560446,-0.0029146825397430003,-0.0017246642247000002,103.46969583409434,2.3526260010839906,0.3606630016292911,0.1512950002506841,17.567685999893
pid,05:37:20.512,7,-24.549,-111.009,16.013,-91.306,-72.086,-3.603,10.76158624196761,0.0,10.955488696777815,0.3393292959181381,-10.761586241967265,1.7935977069945872,10.0,-110.3,111.4,-90.1,-90.3,0.0,-16.549,-110.64937707382965,24.013,-90.69423789729404,-80.086,-1.7752705003004075,193.90245481022606,8.716471023808463,193.90245481022606,14.82777168431884,-193.90245481022606,44.300154590102174,8.0,0.35962292617034564,8.0,0.6117621027059528,-8.0,1.8277294996995928,11.786948800000001,-0.0137698,11.6699055,0.48882790000000004,-11.718099800000001,2.0723549,0.021690109889838,0.010472283272152,0.026978266177928,-0.0009658119658320001,-0.002793956044014,-0.002017857142899,103.14553646183629,1.9817219999822555,0.2877380011341302,0.08644400077173486,17.715443998895353
pid,05:37:20.533,8,-24.316,-111.008,16.248,-91.295,-72.322,-3.563,11.5190102781707,0.049437812352899894,11.617885902875974,0.5438159358790886,-11.667323715228873,1.9775124941065552,10.0,-110.3,111.4,-90.1,-90.3,0.0,-16.316,-110.64816102272796,24.248,-90.68752930821705,-80.322,-1.7516669832448961,197.75124941065536,8.894825917774615,197.75124941065536,15.016011035054312,-197.75124941065536,44.77417089526167,8.0,0.35983897727203384,8.0,0.6074706917829502,-8.0,1.811333016755104,11.5322075,0.0,11.5804018,0.48882790000000004,-11.4633585,2.2169378,0.023007814407526,0.014147985347808,0.028191941391588,-0.001448717948748,-0.004432387057479,-0.0024662698413210004,102.80721619614063,2.0231660000717966,0.38777400004619267,0.14725800065207295,17.71753699904366
pid,05:37:20.553,9,-24.082,-111.008,16.493,-91.284,-72.568,-3.524,11.374976947950262,0.0,11.909698086529088,0.5347211385786526,-11.958309099127053,1.8958294913250653,10.0,-110.3,111.4,-90.1,-90.3,0.0,-16.082,-110.64743279268073,24.493,-90.68081147717761,-80.568,-1.7285422901849747,194.44405039231367,8.763768528725222,194.44405039231367,14.660802440967657,-194.44405039231367,43.639508675567605,8.0,0.3605672073192636,8.0,0.6031885228223928,-8.0,1.7954577098150253,11.7938337,0.034424500000000004,11.945301500000001,0.826188,-11.5322075,2.4854489,0.018603907203674,0.018326495726266,0.027255677655336,-0.00010347985348200002,-0.005036019536124,-0.002724969475026,102.45812263066311,3.358301999469404,0.6302900001173839,0.17318400023214053,16.31447600084357
pid,05:37:20.574,10,-23.862,-111.008,16.711,-91.275,-72.79,-3.484,10.656383226894366,0.0,10.559507015740664,0.43594295019114493,-10.753259438048241,1.9375242230716836,10.0,-110.3,111.4,-90.1,-90.3,0.0,-15.861999999999998,-110.64670196310806,24.711,-90.67509858911562,-80.79,-1.704945948050499,193.7524223071682,8.750296227829663,193.7524223071682,14.529043938042198,-193.7524223071682,43.087003997574804,8.0,0.36129803689193807,8.0,0.5999014108843852,-8.0,1.779054051949501,11.7456394,0.0137698,11.380739700000001,0.7917635000000001,-11.7456394,2.9467372000000003,0.0234065934063,0.021117948717684,0.029180219779853998,-0.00051739926741,-0.0033975885226590003,-0.001121031746055,102.14334050734782,2.0381099984660977,0.2865530004783068,0.09457300075155217,17.64350099983858
pid,05:37:20.594,11,-23.618,-111.008,16.945,-91.261,-73.023,-3.44,11.995805799751494,0.0,11.504174414515875,0.6882839393304963,-11.455011275991719,2.163178095037159,10.0,-110.3,111.4,-90.1,-90.3,0.0,-15.617999999999999,-110.64598191143799,24.945,-90.66691782641935,-81.023,-1.679447391913414,196.65255409428698,8.898972718006405,196.65255409428698,14.60347209706498,-196.65255409428698,43.27714587469817,8.0,0.3620180885620101,8.0,0.5940821735806452,-8.0,1.7605526080865859,11.9177619,0.034424500000000004,12.1449636,0.5163675,-11.8144884,2.8503486000000002,0.022158241757964,0.025313797313479998,0.024394871794566,-0.0008623321123500001,-0.003000915750978,-0.001310744810772,101.80419668658067,1.9953700011683395,0.32183099938265514,0.0983320005616406,17.64562999960617
pid,05:37:20.614,12,-23.387,-111.007,17.177,-91.244,-73.259,-3.385,11.424174319066054,0.049455300082070774,11.473629619148651,0.840740101402934,-11.671450819479043,2.7200415045395667,10.0,-110.3,111.4,-90.1,-90.3,0.0,-15.387,-110.64476712455082,25.177,-90.65726122642087,-81.259,-1.6485251095752715,197.82120033014974,8.957167777549914,197.82120033014974,14.508671058707769,-197.82120033014974,42.938943395873125,8.0,0.36223287544918037,8.0,0.5867387735791283,-8.0,1.7364748904247282,11.5115528,0.0275396,12.0072656,0.6334108,-11.8282582,2.2995566000000003,0.02297313797285,0.029405616605248,0.023840048839749998,-0.00137973137976,-0.0027422161172730003,-0.004570360195455,101.47082333853415,2.1260909998090938,0.28203399961057585,0.08992500079330057,17.5719079998089
pid,05:37:20.635,13,-23.152,-111.007,17.414,-91.234,-73.497,-3.328,11.62446268515895,0.0,11.723394282479571,0.4946579866027627,-11.772860081139708,2.819550523634302,10.0,-110.3,111.4,-90.1,-90.3,0.0,-15.152000000000001,-110.6440524893694,25.414,-90.65111497989224,-81.497,-1.616661169145584,197.86319464100387,8.976744242546564,197.86319464100387,14.416436523363059,-197.86319464100387,42.326371023256904,8.0,0.3629475106306046,8.0,0.5828850201077529,-8.0,1.7113388308544157,11.6836753,0.0413094,11.5459773,0.6540655,-11.3738548,2.4303697,0.021117948717684,0.032491819291412,0.027255677655336,-0.001172771672796,-0.004915293040395,-0.0024317765568270004,101.13172349960224,2.0599060007953085,0.2789049995044479,0.08336900100403,17.65137000074901
pid,05:37:20.655,14,-22.92,-111.006,17.65,-91.223,-73.73,-3.278,11.471194982788669,0.04944480596053222,11.668974206629743,0.5438928655630438,-11.5206397887492,2.4722402980147975,10.0,-110.3,111.4,-90.1,-90.3,0.0,-14.920000000000002,-110.64283856200504,25.65,-90.6444793702178,-81.73,-1.5883463619213105,197.77922384118452,8.97822341696142,197.77922384118452,14.302420141804653,-197.77922384118452,41.77229813745461,8.0,0.36316143799496103,8.0,0.5785206297822043,-8.0,1.6896536380786895,11.8076035,0.034424500000000004,11.9039921,0.5094826,-12.0072656,2.7746147,0.021135286935022,0.036947741147278,0.025521855921536,-0.0017419108669470002,-0.004915293040395,-0.001052045177067,100.79612417647813,2.113257998644258,0.30481199974019546,0.12001700088148937,17.524594000860816
pid,05:37:20.675,15,-22.697,-111.005,17.885,-91.208,-73.96,-3.229,11.024112394512406,0.049435481589977216,11.617338173589323,0.7415322238461457,-11.370160765639964,2.422338597897314,10.0,-110.3,111.4,-90.1,-90.3,0.0,-14.697,-110.64162551140117,25.885,-90.63585871763753,-81.96,-1.5605804890136719,197.7419263589647,8.981796420654357,197.7419263589647,14.142039915480227,-197.7419263589647,41.2395610096648,8.0,0.36337448859882215,8.0,0.5721412823624661,-8.0,1.6684195109863282,12.0623448,0.1170433,11.8971072,0.5645618,-11.876452500000001,2.6369167,0.019800244199996,0.038265445664966,0.026510134309801998,-0.003242368742436,-0.0030871489622130003,-0.0017764041514410002,100.46539585349774,2.090961999783758,0.28162699891254306,0.08777699986239895,17.60651899894583
pid,05:37:20.695,16,-22.436,-111.003,18.132,-91.196,-74.203,-3.172,12.911182525829089,0.09893626456550986,12.218628673868938,0.5936175873944651,-12.020756144737918,2.8196835401235996,10.0,-110.3,111.4,-90.1,-90.3,0.0,-14.436,-110.63991495293904,26.132,-90.62875093374777,-82.203,-1.5288743845443726,197.87252913148086,8.980569568972061,197.87252913148086,14.030375923350048,-197.87252913148086,40.64117765136576,8.0,0.363085047060963,8.0,0.5672490662522307,-8.0,1.6431256154556275,11.8351431,0.13769800000000001,11.8144884,0.7779937,-11.9521864,2.4854489,0.020337728937474,0.041230280829764,0.02618070818038,-0.0017074175824530002,-0.0035010683761410003,-0.0019488705739110002,100.1093618898852,1.9890740004484542,0.27535000117495656,0.08309099939651787,17.716740001560538
pid,05:37:20.715,17,-22.21,-111.001,18.359,-91.187,-74.427,-3.123,11.179006816519992,0.09892926386277862,11.228471448451558,0.4451816873835582,-11.080077552657214,2.4237669646437214,10.0,-110.3,111.4,-90.1,-90.3,0.0,-14.21,-110.63820636584092,26.359,-90.62315216887521,-82.427,-1.5012175835351944,197.85852772601834,8.972726790386208,197.85852772601834,13.945262715982306,-197.85852772601834,40.11043515170885,8.0,0.3627936341590896,8.0,0.5638478311247894,-8.0,1.6217824164648058,11.8557978,0.13081310000000002,12.0898844,0.5645618,-11.821373300000001,2.0448153000000002,0.021516727716458,0.04533943833887,0.025989987789661998,-0.0025007631258150004,-0.0048118131869130006,-0.004190934066021001,99.78722367618012,1.9827220003207913,0.27753399990615435,0.08199900003091898,17.74885099985113
pid,05:37:20.736,18,-21.971,-110.999,18.607,-91.173,-74.661,-3.071,11.8067306133987,0.09880109299962374,12.251335531894725,0.6916076509938561,-11.559727880900518,2.568828417977954,10.0,-110.3,111.4,-90.1,-90.3,0.0,-13.971,-110.63649888378906,26.607,-90.61506614850092,-82.661,-1.4721093183259966,197.60218599830398,8.953876623763286,197.60218599830398,13.781118587334024,-197.60218599830398,39.493036733887685,8.0,0.36250111621093595,8.0,0.5579338514990866,-8.0,1.5988906816740036,12.1311938,0.1101584,11.876452500000001,0.3786695,-12.0829995,1.9002324000000002,0.020355067154812,0.048616361415752,0.027116971916632,-0.0036390415141170003,-0.0027077228327790004,-0.0047428266179250006,99.44010751200946,2.0838319996983046,0.2837189986166777,0.10835099965333939,17.585518999112537
pid,05:37:20.756,19,-21.745,-110.996,18.83,-91.159,-74.899,-3.025,11.18032534440456,0.14841139837705788,11.031913946027501,0.6925865257593692,-11.773970937912791,2.2756414417814814,10.0,-110.3,111.4,-90.1,-90.3,0.0,-13.745000000000001,-110.63429543377686,26.83,-90.606995812922,-82.899,-1.4460519386034012,197.88186450273636,8.946846745423642,197.88186450273636,13.653952219039118,-197.88186450273636,39.0556482927675,8.0,0.36170456622313907,8.0,0.5520041870780119,-8.0,1.5789480613965987,11.9728411,0.2547413,11.6699055,0.7091447000000001,-11.752524300000001,2.1962831,0.01933211233187,0.051650549449902,0.026718192917858,-0.003069902319966,-0.0037080280831050002,-0.0036907814408580005,99.12061969136393,1.9477959995128913,0.3187570000591222,0.0760729999456089,17.722315000355593
pid,05:37:20.776,20,-21.496,-110.993,19.079,-91.151,-75.136,-2.983,12.319163169255928,0.14842365264164192,12.319163169255928,0.39579640704484714,-11.725468558689009,2.0779311369828988,10.0,-110.3,111.4,-90.1,-90.3,0.0,-13.495999999999999,-110.63209507370519,27.079,-90.60193365067768,-83.07339784840345,-1.4220372573714257,197.89820352218172,8.927804569505854,197.89820352218172,13.58240551817123,-196.34959685498427,38.61396531640657,8.0,0.36090492629480764,8.0,0.5490663493223167,-7.9373978484034495,1.5609627426285744,12.0416901,0.3235903,11.8557978,0.9914256,-11.718099800000001,2.3752905,0.019384126983884,0.05279487179421,0.02540048840017,-0.0033113553114240005,-0.005242979243088,-0.0025007631258150004,98.77041607688003,1.9981659988843603,0.30892300128471106,0.23086799956217874,17.766240000128164
pid,05:37:20.797,21,-21.258,-110.99,19.318,-91.141,-75.377,-2.939,11.550679240479942,0.14559679714891263,11.599211506196305,0.4853226571625823,-11.696276037628856,2.1354196915173063,10.0,-110.3,111.4,-90.1,-90.3,0.0,-13.258,-110.62988420641946,27.318,-90.59586116829443,-83.2092721563816,-1.3970093748311996,194.1290628652095,8.738617691343713,194.1290628652095,13.228411316304824,-190.05895672795438,37.41814937636972,8.0,0.36011579358053325,8.0,0.5451388317055716,-7.832272156381606,1.5419906251688005,11.8557978,0.6265259,11.8351431,0.6540655,-11.628596100000001,2.7677298,0.021811477411204,0.049292551891933996,0.023077167276878,-0.0029146825397430003,-0.004277167277256,-0.001327991453019,98.43297577031795,1.9993329988210462,0.5512349998753052,0.1176289988507051,17.66870299979928
pid,05:37:20.817,22,-21.022,-110.985,19.545,-91.124,-75.615,-2.89,11.513565235597254,0.2439314668556515,11.074488595256666,0.829366987310463,-11.611137822339549,2.3905283751875555,10.0,-110.3,111.4,-90.1,-90.3,0.0,-13.021999999999998,-110.62668216497231,27.545,-90.58631169319676,-83.34332249017953,-1.369547477338791,195.1451734846987,8.74049950989267,195.1451734846987,13.115909738976205,-188.5181041364731,37.088621413746175,8.0,0.358317835027691,8.0,0.5376883068032328,-7.728322490179536,1.5204525226612091,11.8351431,0.8606125,11.945301500000001,1.0465048000000001,-11.8833374,2.6438016,0.022782417582131998,0.047454700854106,0.025209768009452,-0.001534951159983,-0.0030526556777190003,-0.000258699633705,98.10822919103168,1.9710740016307682,0.27721999867935665,0.2473680015100399,17.791498999940814
pid,05:37:20.838,23,-20.786,-110.975,19.796,-91.107,-75.853,-2.838,11.547816607946848,0.48931426304885156,12.281788002519777,0.8318342471824218,-11.645679460556687,2.5444341678527285,10.0,-110.3,111.4,-90.1,-90.3,0.0,-12.786000000000001,-110.62099242419528,27.796,-90.57678270214129,-83.47708498648404,-1.3406475005607605,195.7257052194405,8.66104780342515,195.7257052194405,12.972144317867958,-186.52867632906742,36.63379673935463,8.0,0.3540075758047152,8.0,0.5302172978587123,-7.62408498648405,1.4973524994392395,12.0279203,0.7848786,11.9659562,0.9432313,-11.6767904,2.3270962,0.018621245421012,0.045235409034842,0.026111355311027998,-0.001345238095266,-0.00258699633705,-0.00224206349211,97.76149722155448,2.040073000898701,0.4898110000794986,0.12836899986723438,17.67475900123827
pid,05:37:20.858,24,-20.546,-110.96,20.033,-91.09,-76.092,-2.785,11.706259492272544,0.7316412182670556,11.559931248619133,0.8291933807024321,-11.657483411054857,2.5851323045434955,10.0,-110.3,111.4,-90.1,-90.3,0.0,-12.546,-110.61281586307811,28.033,-90.56726786046552,-83.61114950217008,-1.311292617664814,195.10432487120744,8.467140830017053,195.10432487120744,12.748412646544521,-183.37732340332124,35.94083548602761,8.0,0.3471841369218822,8.0,0.522732139534483,-7.51914950217008,1.473707382335186,11.6148263,0.7711088,11.7249847,1.0465048000000001,-11.4220491,2.2375925,0.020875213674952,0.043016117215578,0.027238339437998,-0.001086538461561,-0.0034148351649060005,-0.001431471306501,97.42702907304523,2.0993880007154075,0.4458479997992981,0.1340910002909368,17.611573999602115
pid,05:37:20.879,25,-20.309,-110.944,20.257,-91.069,-76.331,-2.739,11.578377804179105,0.7816626365686259,10.943276911966837,1.0259322104969288,-11.676085633750532,2.2472800801360577,10.0,-110.3,111.4,-90.1,-90.3,0.0,-12.309000000000001,-110.6041567552023,28.257,-90.55577612827348,-83.74494620701074,-1.285489362273693,195.4156591422648,8.301336460898803,195.4156591422648,12.536497647622813,-181.10014811103727,35.50484241769749,8.0,0.3398432447977058,8.0,0.5132238717265238,-7.4139462070107385,1.453510637726307,11.697445100000001,0.6747202,11.6423659,1.0878142,-11.7456394,2.3752905,0.021204639804374,0.042339926739395996,0.024654945054635998,-0.000793345543362,-0.001586691086724,-0.001603937728971,97.1064915904184,2.0815179996134248,0.28422000104910694,0.09999899884860497,17.74792499963951
pid,05:37:20.899,26,-20.077,-110.928,20.491,-91.051,-76.559,-2.697,11.358053622494802,0.7833140429309399,11.455967877861083,0.8812282982970464,-11.162225111761893,2.0561993626930213,10.0,-110.3,111.4,-90.1,-90.3,0.0,-12.077000000000002,-110.59551537770557,28.491,-90.5458048703127,-83.87297991430759,-1.2617349114637375,195.82851073266957,8.13874605317895,195.82851073266957,12.366451234508054,-179.03572426843928,35.13322809933118,8.0,0.3324846222944302,8.0,0.5051951296873085,-7.313979914307595,1.4352650885362626,11.6423659,0.5370222,12.0761146,1.0051954,-11.6010565,2.3477509,0.022817094016808,0.043397557997013995,0.024550915750608,-0.0009140720390910001,-0.0031216422467070003,-0.001155525030549,96.78047264298725,2.391496000200277,0.28768299853254575,0.10812899927259423,17.579797000507824
pid,05:37:20.920,27,-19.855,-110.914,20.726,-91.028,-76.785,-2.653,10.796399652153811,0.6808540321175993,11.428621253405966,1.1185459099076327,-10.990929375615934,2.1398269580845284,10.0,-110.3,111.4,-90.1,-90.3,0.0,-11.855,-110.58788411170768,28.726,-90.53335077447224,-83.99987496310472,-1.237007307730198,194.5297234622297,7.929904195767923,194.5297234622297,12.027997131590382,-175.43845392341586,34.431583356472835,8.0,0.3261158882923212,8.0,0.49464922552776613,-7.2148749631047195,1.415992692269802,11.6148263,0.4681732,11.718099800000001,1.032735,-11.0915739,2.1962831,0.022609035408752,0.04213186813134,0.02349328449299,-0.00024145299145800003,-0.004173687423774,-0.001483211233242,96.45738496870005,1.9669630000862526,0.28333099908195436,0.0897209993127035,17.929738000020734
pid,05:37:20.940,28,-19.611,-110.902,20.96,-91.009,-77.011,-2.607,11.908842244900322,0.5856807661426616,11.420774939781554,0.927327879726112,-11.03032109568633,2.2451096035467755,10.0,-110.3,111.4,-90.1,-90.3,0.0,-11.611,-110.58126739348698,28.96,-90.52291955044794,-84.12648886415958,-1.211336569521904,195.22692204754645,7.826954946228099,195.22692204754645,11.861998754192102,-173.6418737266835,34.05888446831982,8.0,0.32073260651301894,8.0,0.48608044955206253,-7.1154888641595875,1.3956634304780962,11.8833374,0.3993242,11.773179,0.9019219,-10.6096309,1.8038438,0.022505006104723998,0.043588278387732,0.023458608058314,-0.000793345543362,-0.0035183150183880005,-0.0029491758242370003,96.12901526594351,1.937167000505724,0.3468850009085145,0.1377949993184302,17.85499800098478
pid,05:37:20.961,29,-19.379,-110.892,21.208,-90.986,-77.23,-2.56,11.357125676937407,0.48953127917858846,12.140375723622663,1.1259219421099882,-10.720735014006008,2.300797012138196,10.0,-110.3,111.4,-90.1,-90.3,0.0,-11.379000000000001,-110.57566273345279,29.208,-90.51051460316705,-84.2493383686304,-1.185221823428154,195.8125116713352,7.742849337231545,195.8125116713352,11.638248727112638,-171.80928452906153,33.64984596818394,8.0,0.3163372665472082,8.0,0.4754853968329513,-7.0193383686304,1.374778176571846,12.0554599,0.48882790000000004,11.773179,0.8606125,-10.4443933,1.8520381000000001,0.021308669108401998,0.04360561660507,0.025695238094916,0.000137973137976,-0.004932539682642001,-0.0034838217338940005,95.79267438066441,1.9523339997249423,0.37412600067909807,0.09707299977890216,17.852572998890537
pid,05:37:20.981,30,-19.143,-110.883,21.445,-90.97,-77.447,-2.52,11.554421599411722,0.4406347220114794,11.60338101296861,0.7833506169095287,-10.624192741831873,1.9583765422731694,10.0,-110.3,111.4,-90.1,-90.3,0.0,-11.143,-110.57056734233427,29.445,-90.50162611213254,-84.37096454709769,-1.1626482631902695,195.83765422731676,7.648259847657827,195.83765422731676,11.46565543766129,-169.49662185708942,33.22757251227399,8.0,0.3124326576657239,8.0,0.4683738878674575,-6.9239645470976825,1.3573517368097305,11.752524300000001,0.5094826,11.628596100000001,0.48882790000000004,-10.3686594,1.9621965000000001,0.02097924297898,0.04308547008493,0.023822710622412,-0.001396978022007,-0.004035714285798,-0.004242673992762,95.46655577740302,2.117406000252231,0.35114499951305334,0.1869610005087452,17.844109001089237
pid,05:37:21.002,31,-18.907,-110.873,21.667,-90.951,-77.657,-2.485,11.334009778439373,0.4802546516283489,10.661653266159105,0.9124838380949549,-10.0853476842042,1.6808912807007568,10.0,-110.3,111.4,-90.1,-90.3,0.0,-10.907,-110.56497078382301,29.667,-90.49124012383747,-84.48912735557556,-1.1425610940794944,192.10186065151427,7.3966231953284245,192.10186065151427,11.040090957966445,-164.05804715177192,32.23562645478903,8.0,0.3080292161769904,8.0,0.4597598761625221,-6.832127355575565,1.3424389059205055,11.821373300000001,0.46128830000000004,11.7594092,0.5714467,-10.4581631,2.1136643,0.02149938949912,0.043189499388958,0.022661050060766,-0.002345543345592,-0.003914987790069001,-0.003173382173448,95.15618288897471,2.4994209998112638,0.39649599966651294,0.1379430013912497,18.374012001004303
pid,05:37:21.023,32,-18.436,-110.854,22.136,-90.928,-78.082,-2.413,21.811566311884473,0.8798721017535539,21.718948195910325,1.0651083337011857,-19.681349644481607,3.3342521750651444,10.0,-110.3,111.4,-90.1,-90.3,0.0,-10.436,-110.55487262870598,30.136,-90.47884613026905,-84.71481915922165,-1.1039557722430229,185.23623194806342,6.926153391379259,185.23623194806342,10.399946299231589,-153.57980353089258,30.31030252538312,8.0,0.2991273712940199,8.0,0.4491538697309494,-6.632819159221654,1.309044227756977,11.6836753,0.4544034,11.7594092,0.5507920000000001,-10.079493600000001,2.3959452,0.02028571428546,0.042721367520832,0.024915018314705998,-0.001086538461561,-0.005105006105112,-0.001224511599537,94.5132921075126,2.138832000127877,0.3513849987939466,0.14270300016505644,17.42137300061586
pid,05:37:21.044,33,-18.201,-110.844,22.368,-90.914,-78.275,-2.371,11.592607350779154,0.493302440458941,11.444616618641543,0.6906234166419566,-9.520737100853285,2.071870249926483,10.0,-110.3,111.4,-90.1,-90.3,0.0,-10.201,-110.54932124282645,30.368,-90.47102107860374,-84.82350742245913,-1.0805525812129975,197.32097618347544,7.268287503251948,197.32097618347544,10.926129149826615,-161.51973464304604,31.829043048562188,8.0,0.29467875717354275,8.0,0.4429789213962607,-6.548507422459124,1.2904474187870025,11.9659562,0.481943,11.7249847,0.5507920000000001,-9.845407,2.2857868,0.018829304029068,0.043432234431689996,0.022227594627315998,-0.0027077228327790004,-0.0038632478633280004,-0.001155525030549,94.19752769048667,2.0975359984731767,0.31381200096802786,0.11938799980271142,17.528057000163244
pid,05:37:21.064,34,-17.966,-110.835,22.615,-90.901,-78.489,-2.325,11.612958197841529,0.44475159055565094,12.205960318582397,0.6424189641361744,-10.57520448654501,2.273174796173232,10.0,-110.3,111.4,-90.1,-90.3,0.0,-9.966000000000001,-110.54427992941665,30.615,-90.46371062619018,-84.94245780130625,-1.055200144432068,197.66737358028183,7.183234099910416,197.66737358028183,10.804730251944042,-159.4547567619232,31.374750302841793,8.0,0.2907200705833475,8.0,0.43728937380981847,-6.453457801306243,1.2697998555679322,11.2705813,0.3855544,11.663020600000001,0.9019219,-9.5975506,2.0172757,0.019436141635897998,0.04386568986514,0.021655433455162,0.000638125763139,-0.004121947497033001,-0.0008795787545970001,93.86536396882506,2.1277019986882806,0.6415309999283636,0.1904419987113215,17.42929799911508
pid,05:37:21.085,35,-17.731,-110.826,22.84,-90.891,-78.693,-2.278,11.4075903893338,0.4368864404425887,10.922161011064372,0.48542937826908306,-9.902759316697987,2.2815180778667727,10.0,-110.3,111.4,-90.1,-90.3,0.0,-9.731000000000002,-110.53923814102936,30.84,-90.45789588357735,-85.05641319638491,-1.029353768108368,194.1717513078098,6.96013154557655,194.1717513078098,10.512073098051156,-154.44938557966066,30.306478201286975,8.0,0.28676185897063533,8.0,0.4331041164226548,-6.363413196384911,1.248646231891632,11.1948474,0.3717846,11.2568115,0.7091447000000001,-9.287730100000001,1.6248364,0.023788034187736,0.043276190475648,0.022661050060766,-0.000793345543362,-0.0026732295482850004,-0.004070207570292,93.55584455821027,2.7905839997401927,0.4374210002424661,0.7872340011090273,16.328753999914625
pid,05:37:21.105,36,-17.466,-110.817,23.117,-90.874,-78.924,-2.233,12.878783833889534,0.4373926585094715,13.461974045235497,0.8261861327405733,-11.22641156840977,2.1869632925472713,10.0,-110.3,111.4,-90.1,-90.3,0.0,-9.466000000000001,-110.53420623909759,31.117,-90.44859957391547,-85.18361709653139,-1.0045564044456483,194.3967371153133,6.871773049499395,194.3967371153133,10.337056849786817,-152.10614239461657,29.850678338246198,8.0,0.2827937609024076,8.0,0.4254004260845221,-6.259617096531386,1.2284435955543518,11.9315317,0.5025977,11.9866109,0.6402957,-9.5493563,1.7763042,0.019349450549208,0.042981440780902,0.020823199022938,-0.000275946275952,-0.004328907203997001,-0.0023627899878390004,93.18548854301298,2.702382000279613,0.5249210007605143,0.15803499991307035,16.626102000373066
pid,05:37:21.125,37,-17.278,-110.809,23.308,-90.859,-79.082,-2.204,9.272559084655393,0.39457698232553773,9.420525453027382,0.7398318418608213,-7.79289540093305,1.4303415609308627,10.0,-110.3,111.4,-90.1,-90.3,0.0,-9.277999999999999,-110.52969024346399,31.308,-90.44033014231252,-85.27398927534819,-0.9878221129398348,197.28849116287822,6.888075054257464,197.28849116287822,10.324843064817328,-152.70102767877097,29.992237540469667,8.0,0.27930975653600854,8.0,0.4186698576874761,-6.191989275348192,1.2161778870601654,11.979726000000001,0.5094826,11.7594092,0.9019219,-9.6319751,1.8038438,0.019453479853236,0.042704029303494,0.021707448107175998,-0.00017246642247,-0.0027767094017670003,-0.0025007631258150004,92.9291453205075,2.991305000250577,0.5046440001024166,0.11435099986556452,16.66412099984882
pid,05:37:21.146,38,-17.041,-110.801,23.533,-90.848,-79.274,-2.167,11.585124796046722,0.391059064845245,10.998536198778682,0.5377062141622987,-9.385417556291438,1.8086481749102785,10.0,-110.3,111.4,-90.1,-90.3,0.0,-9.041,-110.52517778890657,31.533,-90.43406504049825,-85.38126736706495,-0.9671055679779053,195.52953242273088,6.7414234958627235,195.52953242273088,10.1170636355998,-149.26889158285158,29.326849656239798,8.0,0.27582221109342697,8.0,0.41393495950174497,-6.107267367064949,1.1998944320220946,11.6699055,0.5301373,11.7456394,0.6953749,-9.2395358,1.9690814,0.022054212453936,0.042166544566016,0.023614652014356,-0.000776098901115,-0.003069902319966,-0.001155525030549,92.62237548238548,2.0842769990849774,0.31740399936097674,0.11201800043636467,17.533760001242626
pid,05:37:21.166,39,-16.804,-110.792,23.781,-90.834,-79.467,-2.128,11.723256023492597,0.4451869376009981,12.267373391671361,0.6925130140457627,-9.54678655077649,1.929143396270904,10.0,-110.3,111.4,-90.1,-90.3,0.0,-8.803999999999998,-110.52018046973276,31.781,-90.42632310498286,-85.4887174861908,-0.9454545614700318,197.86086115599164,6.722805792211677,197.86086115599164,10.082912690186806,-148.9327759319755,29.247432352953666,8.0,0.27181953026723704,8.0,0.407676895017147,-6.021717486190795,1.1825454385299683,11.4633585,0.47505810000000004,11.8282582,0.5783316000000001,-9.5424714,2.0448153000000002,0.023267887667596,0.040519413918906,0.02444688644658,-0.001086538461561,-0.002190323565369,-0.000379426129434,92.29413128688086,2.083851000861614,0.3084229992964538,0.10951799959002528,17.543150001074537
pid,05:37:21.186,40,-16.572,-110.782,24.003,-90.816,-79.652,-2.09,11.483107481708723,0.4949615293842513,10.988145952324823,0.8909307528912304,-9.156788293604077,1.8808538116592055,10.0,-110.3,111.4,-90.1,-90.3,0.0,-8.572,-110.51469356320429,32.003,-90.41659981644678,-85.59197387771606,-0.9243432862739562,197.98461175359924,6.615320138529612,197.98461175359924,9.884386284387645,-147.00292775076701,28.84776148812839,8.0,0.26730643679570676,8.0,0.39940018355322593,-5.9399738777160564,1.1656567137260436,11.773179,0.5232524000000001,11.8076035,0.8674974,-9.287730100000001,1.8382683,0.021984859584583998,0.039825885225386,0.023042490842201998,-0.00024145299145800003,-0.0032596153846830003,-0.0017591575091940002,91.99347681765268,2.136627999789198,0.3995890001533553,0.13742500050284434,17.368577000524965
pid,05:37:21.207,41,-16.339,-110.771,24.249,-90.804,-79.836,-2.05,11.427552146306695,0.5394981699970987,12.065140892667062,0.5885434581789065,-9.024333025409435,1.961811527262949,10.0,-110.3,111.4,-90.1,-90.3,0.0,-8.338999999999999,-110.50871339475441,32.248999999999995,-90.40988211243678,-85.69464156913757,-0.9022533811311721,196.18115272629475,6.431961070218359,196.18115272629475,9.664812686525902,-143.66938205544963,28.145781840924236,8.0,0.2622866052455919,7.9999999999999964,0.3941178875632261,-5.858641569137575,1.1477466188688277,11.8695676,0.3993242,11.718099800000001,0.7022598,-8.6680891,1.5422176,0.024221489621186,0.039687179486681996,0.022036874236598,-0.00020695970696400003,-0.0038977411478220004,-0.0035183150183880005,91.67036039527717,2.191368999774568,0.3129420001641847,0.11829499999294057,17.434780000257888
pid,05:37:21.227,42,-16.103,-110.76,24.472,-90.789,-80.021,-2.014,11.662787270392089,0.5436044914163737,11.02034559871821,0.7412788519317378,-9.142439173824533,1.779069244636105,10.0,-110.3,111.4,-90.1,-90.3,0.0,-8.103000000000002,-110.50274798285294,32.472,-90.40168500634957,-85.79754150160551,-0.8822156864147186,197.6743605151226,6.356515997596508,197.6743605151226,9.570280460971194,-142.73426841486688,27.96559255362718,8.0,0.25725201714706714,8.0,0.38731499365043476,-5.776541501605507,1.1317843135852812,11.8902223,0.3580148,12.103654200000001,0.5852165,-9.1224925,1.3219008,0.02175946275919,0.040554090353582,0.020961904761642,-0.0009485653235850001,-0.002345543345592,-0.0033458485959180005,91.3687263290892,2.201459999923827,0.2844419996108627,0.09557299927109852,17.489019999629818
pid,05:37:21.247,43,-15.87,-110.751,24.72,-90.773,-80.201,-1.984,11.52145471693676,0.44503473155550954,12.263179269529012,0.7911728560989179,-8.900694631109488,1.4834491051849659,10.0,-110.3,111.4,-90.1,-90.3,0.0,-7.869999999999999,-110.49779195102978,32.72,-90.39300449766445,-85.89775317651034,-0.8652095508556366,197.7932140246634,6.26035422784193,197.7932140246634,9.395066465233105,-140.84739003589874,27.66114484454505,8.0,0.2532080489702224,8.0,0.3799955023355466,-5.696753176510342,1.1187904491443634,11.945301500000001,0.3580148,11.786948800000001,0.8055333,-8.9090606,1.7625344,0.021811477411204,0.041421001220482,0.020753846153586,0.000379426129434,-0.004518620268714001,-0.002121336996381,91.04538256825549,2.16447899947525,0.28114499946241267,0.32825599919306114,16.25597600104811
pid,05:37:21.268,44,-15.633,-110.743,24.96,-90.761,-80.38,-1.954,11.447046234986589,0.3863981851476987,11.59194555441689,0.5795972777208617,-8.645659392669291,1.4489931943021006,10.0,-110.3,111.4,-90.1,-90.3,0.0,-7.632999999999999,-110.49333335674334,32.96,-90.3863202294402,-85.99752237588167,-0.8481867670278549,193.19909257361323,6.02942111538592,193.19909257361323,9.048473959730098,-135.66252819153837,26.705264145764,8.0,0.24966664325665988,8.0,0.3746797705597942,-5.617522375881677,1.105813232972145,11.628596100000001,0.3304752,11.876452500000001,0.6609504,-8.5579307,1.9484267,0.021516727716458,0.041039560439046,0.021378021977754,0.000275946275952,-0.0037425213675990002,-0.00137973137976,90.72916827018751,2.0982400001230417,0.301701000353205,0.11836900011985563,17.549001999213942
pid,05:37:21.288,45,-15.394,-110.736,25.198,-90.748,-80.558,-1.923,11.808677771233311,0.34586085522395305,11.75926907762985,0.6423130168448855,-8.79474746142123,1.5316695017080888,10.0,-110.3,111.4,-90.1,-90.3,0.0,-7.394,-110.48939213884401,33.198,-90.37916447439719,-86.09638096481562,-0.8307407532196045,197.63477441394747,6.0922861260337795,197.63477441394747,9.111840737295458,-136.82208407497924,26.983551229873957,8.0,0.24660786115599365,8.0,0.36883552560281885,-5.538380964815616,1.0922592467803955,12.1243089,0.4062091,11.8351431,0.3786695,-8.7713626,1.8726928,0.019522832722588,0.040848840048328,0.021534065933796,-0.001569444444477,-0.0017419108669470002,-0.0019661172161580002,90.4149021621989,3.981055000622291,0.674955999784288,0.11835099940071814,15.976997001416748
pid,05:37:21.309,46,-15.157,-110.729,25.434,-90.732,-80.732,-1.89,11.329625913219896,0.3346303012345819,11.281821584472159,0.7648692599644674,-8.317953202110441,1.577542848676194,10.0,-110.3,111.4,-90.1,-90.3,0.0,-7.157,-110.4854434347086,33.434,-90.37050344639349,-86.19338842674493,-0.8122639447908402,191.217314991053,5.821529057933215,191.217314991053,8.640550044894583,-130.53900388567226,25.7602243432681,8.0,0.24355656529139935,7.9999999999999964,0.3614965536065142,-5.461388426744932,1.0777360552091597,11.945301500000001,0.3924393,11.6423659,0.481943,-8.337613900000001,1.9415418,0.018170451770224,0.039843223442724,0.02297313797285,-0.000586385836398,-0.004242673992762,-0.001414224664254,90.10399543860417,1.99536999934935,0.28225700043549296,0.0779249985498609,17.705926000417094
pid,05:37:21.329,47,-14.918,-110.721,25.671,-90.723,-80.903,-1.854,11.82455713881291,0.3958010757759437,11.725606869868749,0.4452762102482003,-8.460247994715806,1.7811048409927244,10.0,-110.3,111.4,-90.1,-90.3,0.0,-6.917999999999999,-110.48101796845722,33.671,-90.36537383719015,-86.28838511644602,-0.7923902763109207,197.90053788808154,5.936571640723872,197.90053788808154,8.846801247865026,-133.22132640989184,26.2616419181608,8.0,0.2399820315427803,8.0,0.3576261628098507,-5.385385116446017,1.0616097236890794,11.4427038,0.4268638,11.663020600000001,0.5645618,-7.6284692000000005,1.6248364,0.02219291819264,0.040259340658836,0.025435164834845998,-0.000534645909657,-0.005260225885335,-0.001603937728971,89.79239644869715,1.957296999535174,0.27990499984298367,0.08418499965046067,17.740870000125142
pid,05:37:21.349,48,-14.68,-110.713,25.906,-90.715,-81.061,-1.815,11.774665329857607,0.3957870699116645,11.62624517864091,0.39578706991096146,-7.816794630745884,1.9294619658170138,10.0,-110.3,111.4,-90.1,-90.3,0.0,-6.68,-110.4766005723052,33.906,-90.36075229086208,-86.37672246038915,-0.7710559566597939,197.8935349555904,5.847739801000209,197.8935349555904,8.762916426402885,-131.49338856615424,25.823722129053184,8.0,0.23639942769479205,8.0,0.3542477091379226,-5.315722460389139,1.043944043340206,11.876452500000001,0.3648997,12.1311938,0.44751850000000004,-8.3100743,1.4733686000000001,0.020511111110853998,0.039773870573372,0.018846642246406,-0.001103785103808,-0.003242368742436,-0.001431471306501,89.4847952224287,1.949444000274525,0.343719000738929,0.08501800039084628,17.67973999994865
pid,05:37:21.370,49,-14.449,-110.705,26.137,-90.704,-81.22,-1.777,11.422019475160912,0.3955677740313277,11.422019475161,0.5439056892938661,-7.8619095088765905,1.8789469266498495,10.0,-110.3,111.4,-90.1,-90.3,0.0,-6.449,-110.47219103439379,34.137,-90.35464152321147,-86.46540419924258,-0.750259045873165,197.78388701577347,5.755732768714797,197.78388701577347,8.637184687642938,-129.68205393688254,25.38410210818617,8.0,0.23280896560621045,8.0,0.34935847678852383,-5.245404199242586,1.0267409541268349,11.380739700000001,0.3580148,11.539092400000001,0.2272017,-7.6215843,1.5077931,0.022331623931344,0.03970451770402,0.022106227105949998,-0.000655372405386,-0.005812118437239001,-0.0008623321123500001,89.18332658070118,2.0091299993509892,0.27620100081549026,0.0850549986353144,17.665018000116106
pid,05:37:21.390,50,-14.213,-110.696,26.375,-90.693,-81.389,-1.742,11.678749177059155,0.4453760279387122,11.777721627712143,0.5443484785915249,-8.363172080182016,1.7320178864282556,10.0,-110.3,111.4,-90.1,-90.3,0.0,-6.212999999999999,-110.4672909230523,34.375,-90.34854236658144,-86.55890771480799,-0.7309989601235389,197.94490130608682,5.658974458027077,197.94490130608682,8.522954031395686,-127.91960904615549,25.015312632337153,8.0,0.2287090769476947,8.0,0.34445763341855695,-5.169907714807991,1.011001039876461,11.70433,0.413094,12.1656183,0.2478564,-7.7937068,1.4389441,0.021603418803148,0.039167032966542,0.020164346764094,-0.002121336996381,-0.003914987790069001,-0.0027422161172730003,88.87333089290622,2.003831999900285,0.2785159995255526,0.08179500036931131,17.687555999145843
pid,05:37:21.410,51,-13.982,-110.689,26.606,-90.686,-81.537,-1.714,11.380028236178479,0.34484934049050353,11.380028236178566,0.3448493404898035,-7.291100341794517,1.3793973619610296,10.0,-110.3,111.4,-90.1,-90.3,0.0,-5.981999999999999,-110.46339611295986,34.606,-90.34444761410285,-86.64180159871579,-0.7152593598704338,197.05676599443262,5.557096546987816,197.05676599443262,8.413151072822256,-125.74196176076757,24.60107507639272,8.0,0.2256038870401369,8.0,0.34155238589715964,-5.104801598715781,0.9987406401295662,12.296431400000001,0.3786695,11.8695676,0.206547,-8.0622179,1.37698,0.021395360195092,0.040207326006821996,0.019713553113305998,-0.001983363858405,-0.0034320818071530003,-0.0023627899878390004,88.57415786785671,2.064259000690072,0.31357100124296267,0.24107199897116516,18.13492099972791
pid,05:37:21.431,52,-13.746,-110.682,26.846,-90.681,-81.696,-1.687,11.275524490818738,0.3344435230323208,11.466635075408865,0.23888823073814794,-7.596645737458031,1.2899964459835016,10.0,-110.3,111.4,-90.1,-90.3,0.0,-5.746,-110.45949634441662,34.846000000000004,-90.34133958917188,-86.73030580956936,-0.699993889890194,191.110584590149,5.315350461498216,191.110584590149,8.114087459436412,-120.26364078404791,23.57841433714175,8.0,0.22250365558338103,8.000000000000004,0.3396604108281167,-5.034305809569361,0.9870061101098061,11.9246468,0.3580148,11.786948800000001,0.3580148,-7.4770014,1.721225,0.020840537240276,0.040242002441498,0.021568742368471998,-0.002104090354134,-0.005036019536124,-0.001052045177067,88.2644305595408,2.1996650011715246,0.289349000013317,0.11479500062705483,17.478354000559193
pid,05:37:21.451,53,-13.509,-110.675,27.085,-90.677,-81.857,-1.657,11.709998327227325,0.34586492949641273,11.808816878511976,0.19763710256877687,-7.954893378411875,1.4822782692692824,10.0,-110.3,111.4,-90.1,-90.3,0.0,-5.509,-110.45561686101485,35.085,-90.33875569071103,-86.81934975186586,-0.6833170792322159,197.63710256923747,5.419780992696346,197.63710256923747,8.356203156051004,-122.59305336174295,24.05448391021216,8.0,0.21938313898515105,8.0,0.3382443092889815,-4.962349751865858,0.9736829207677842,11.8144884,0.3029356,11.9246468,0.44751850000000004,-8.0002538,1.5215629,0.02132600732574,0.040762148961637996,0.01950549450525,-0.0016901709402060002,-0.001517704517736,-0.0017246642247000002,87.95564653846847,2.095350999297807,0.28609000037249643,0.0971650006249547,17.59075999871129
pid,05:37:21.471,54,-13.27,-110.668,27.322,-90.671,-82.016,-1.626,11.818701879318107,0.3461544483477726,11.71980060836135,0.2967038128699209,-7.862651041052905,1.5329696998278737,10.0,-110.3,111.4,-90.1,-90.3,0.0,-5.27,-110.45174477277327,35.322,-90.33517834727097,-86.90722578173876,-0.666173015425682,197.80254191327313,5.346979205935177,197.80254191327313,8.303297067415095,-120.93711158745775,23.73202716821901,8.0,0.21625522722673907,8.000000000000004,0.3358216527290381,-4.891225781738754,0.9598269845743179,11.8007186,0.3511299,11.9866109,0.3924393,-7.4701165000000005,1.4664837,0.020077655677404,0.039461782661288,0.019661538461292,-0.0027767094017670003,-0.004242673992762,-0.001603937728971,87.6489188809537,2.012165999985882,0.2935900010925252,0.0882399999682093,17.69524099836417
pid,05:37:21.492,55,-13.033,-110.661,27.558,-90.663,-82.17,-1.597,11.710136273678263,0.345869003864162,11.660726415983445,0.39527886155924286,-7.609118085005946,1.4328858731505,10.0,-110.3,111.4,-90.1,-90.3,0.0,-5.0329999999999995,-110.44787946105528,35.558,-90.3306086229019,-86.9924528849721,-0.6500569411497116,197.6394307793799,5.265127750553725,197.6394307793799,8.211705320704967,-119.13835539328285,23.39416089145698,8.0,0.21312053894472172,8.0,0.33239137709809086,-4.822452884972094,0.9469430588502884,11.4151642,0.4062091,11.4908981,0.27539600000000003,-7.5527353,1.4940233,0.023319902319609998,0.037745299144826,0.024308180707876,-0.001483211233242,-0.002793956044014,-0.001465964590995,87.34468874522366,2.024868999797036,0.2842939993570326,0.08336999962921254,17.679073998806416
pid,05:37:21.512,56,-12.797,-110.654,27.794,-90.653,-82.319,-1.566,11.669937208945843,0.3461422053503375,11.66993720894593,0.4944888647853934,-7.367884085309107,1.5329154808361096,10.0,-110.3,111.4,-90.1,-90.3,0.0,-4.797000000000001,-110.4440215156846,35.794,-90.32504945965337,-87.0750228341341,-0.6329734878997804,197.79554591433725,5.191601116928583,197.79554591433725,8.10839452009541,-117.59001660732594,23.06856103917662,8.0,0.20997848431539978,7.9999999999999964,0.3279505403466345,-4.7560228341341,0.9330265121002197,11.9384166,0.344245,11.752524300000001,0.2340866,-7.538965500000001,1.445829,0.02366666666637,0.038646886446402,0.022331623931344,-0.0036562881563640005,-0.0035700549451290003,-0.001483211233242,87.04163536492177,2.3011640005279332,0.2987200005009072,0.12094399971829262,20.928154001012444
pid,05:37:21.536,57,-12.569,-110.646,28.023,-90.647,-82.463,-1.534,9.57316067031052,0.33590037439667453,9.615148217110104,0.251925280797655,-6.046206739143124,1.343601497587444,10.0,-110.3,111.4,-90.1,-90.3,0.0,-4.569000000000001,-110.43960948875475,36.022999999999996,-90.32139807603883,-87.15635536317825,-0.6151467557888031,167.95018719843034,4.33291562495249,167.95018719843034,6.835613010180917,-98.53123897931809,19.290196796644445,8.0,0.206390511245246,7.9999999999999964,0.32560192396117316,-4.693355363178256,0.918853244211197,11.9659562,0.2960507,12.2069277,0.206547,-7.0363678,0.9570011,0.022487667887386,0.039635164834668,0.018482539682308,-0.0033630952381650003,-0.0038977411478220004,-0.004656593406690001,86.74834027230725,2.0524619994830573,0.31670099997427315,0.11675800124066882,17.592742000488215
pid,05:37:21.556,58,-12.334,-110.638,28.26,-90.643,-82.618,-1.507,11.607897966153653,0.3951624839539458,11.706688587142226,0.1975812419773239,-7.6562731266120005,1.333673383345313,10.0,-110.3,111.4,-90.1,-90.3,0.0,-4.334,-110.43526735101271,36.260000000000005,-90.31884842871952,-87.24163140499591,-0.6001213073353767,197.5812419770824,5.007021072026765,197.5812419770824,8.005783755302573,-114.19285443041703,22.397777302403636,8.0,0.20273264898729337,8.000000000000004,0.3241515712804812,-4.623631404995919,0.9068786926646232,11.9590713,0.2960507,11.8144884,0.2960507,-7.2635695,1.2737065,0.02305982905954,0.03745054945008,0.019193406593166,-0.0025007631258150004,-0.004380647130738,-0.0027422161172730003,86.44512954470021,1.991981000173837,0.3048670005227905,0.11590699978114571,17.665184999714256
pid,05:37:21.576,59,-12.097,-110.632,28.501,-90.638,-82.764,-1.482,11.703794098947423,0.29629858478349014,11.901326488803054,0.2469154873193412,-7.20993222973136,1.2345774365978246,10.0,-110.3,111.4,-90.1,-90.3,0.0,-4.0969999999999995,-110.431931203609,36.501000000000005,-90.31580370792675,-87.32226154606342,-0.5861207939248085,197.5323898556526,4.9400084358326275,197.5323898556526,7.955525446982506,-112.55053709762876,22.120645074752158,8.0,0.20006879639100816,8.000000000000004,0.32219629207325795,-4.55826154606342,0.8958792060751914,11.9246468,0.4268638,11.8489129,0.5783316000000001,-6.8367057,0.9432313,0.018395848595618,0.037849328448854,0.017893040292816,-0.0019488705739110002,-0.0036562881563640005,-0.005001526251630001,86.13889306230955,1.9936289991164813,0.736289999622386,0.10092499906022567,17.454576000091038
pid,05:37:21.597,60,-11.858,-110.626,28.739,-90.632,-82.906,-1.46,11.689019881295208,0.2934481978567958,11.640111848319105,0.2934481978567958,-6.944940682611066,1.0759767254748782,10.0,-110.3,111.4,-90.1,-90.3,0.0,-3.8580000000000005,-110.4285979250245,36.739000000000004,-90.31225982999133,-87.40082063150406,-0.573628196583271,195.63213190452313,4.8272735962290625,195.63213190452313,7.818931389288727,-109.91641783369664,21.675350695308946,8.0,0.19740207497549989,8.000000000000004,0.3197401700086715,-4.494820631504055,0.8863718034167289,10.1552275,0.3717846,9.9349107,0.5301373,-5.989863000000001,1.2186273,0.020840537240276,0.037329181928714,0.019956288156038,-0.001241758241784,-0.0033630952381650003,-0.0031561355312010003,85.83592034224367,2.0162960008747177,0.31716299963591155,0.12225800128362607,17.599575001440826
pid,05:37:21.617,61,-11.619,-110.619,28.976,-90.625,-83.05,-1.438,11.55375743116309,0.33839456911380406,11.457073268559098,0.33839456911380406,-6.961259707478571,1.063525788642625,10.0,-110.3,111.4,-90.1,-90.3,0.0,-3.6189999999999998,-110.42476798474121,36.976,-90.30821682482289,-87.4803192743063,-0.5611408795695305,193.36832520774985,4.694789936539803,193.36832520774985,7.656979004748646,-107.08542727602779,21.194597445097564,8.0,0.19423201525879108,8.0,0.3167831751771075,-4.430319274306299,0.8768591204304694,11.9039921,0.3993242,11.752524300000001,0.5301373,-6.5819644,1.2461669,0.02097924297898,0.035820757020308,0.018603907203674,-0.0018971306471700002,-0.004604853479949001,-0.003069902319966,85.53423096632132,1.983648000532412,0.37168200105952565,0.10592500075290445,17.615148999539088
pid,05:37:21.638,62,-11.411,-110.612,29.186,-90.612,-83.17,-1.418,10.277008269525277,0.3458608552246552,10.375825656732284,0.6423130168455876,-5.929043232418649,0.9881738720697382,10.0,-110.3,111.4,-90.1,-90.3,0.0,-3.4109999999999996,-110.4209522508316,37.186,-90.3011986973815,-87.54753460371494,-0.5497059094290733,197.63477441394747,4.719709851148518,197.63477441394747,7.678143166321137,-108.14413298680638,21.450638339368595,8.0,0.19104774916839062,8.0,0.3108013026185006,-4.377534603714935,0.8682940905709267,11.697445100000001,0.26162620000000003,11.8833374,0.3993242,-7.1740658,1.4527139,0.019488156287912,0.036600976800518,0.020251037850784,-0.004001221001304,-0.001569444444477,-0.002190323565369,85.26886787685174,2.1019430005253525,0.29125699984433595,0.0933699993765913,17.588223001439474
pid,05:37:21.658,63,-11.179,-110.605,29.415,-90.601,-83.305,-1.392,11.467004419095172,0.3459872022998312,11.3187241895379,0.5436941750430936,-6.672610330077204,1.2850953228296362,10.0,-110.3,111.4,-90.1,-90.3,0.0,-3.1790000000000003,-110.417143713408,37.415,-90.29519188672829,-87.62211073249578,-0.5352977648596763,197.70697274302077,4.642562216606458,197.70697274302077,7.557549539400721,-106.69036173976818,21.172000681471616,8.0,0.18785628659200881,8.0,0.3058081132717092,-4.317110732495777,0.8567022351403236,11.5804018,0.27539600000000003,11.697445100000001,0.7297994,-6.5062305,1.6592609,0.020164346764094,0.038022710622234,0.019470818070574,-0.001638431013465,-0.00275946275952,-0.0017936507936880002,84.97824416284442,2.0656840006267885,0.28475700128183234,0.09579500147083309,17.63957500043034
pid,05:37:21.678,64,-10.708,-110.593,29.884,-90.581,-83.577,-1.335,23.260808251598398,0.5926320573655867,23.162036242037527,0.9877200956090771,-13.432993300285695,2.815002272486427,10.0,-110.3,111.4,-90.1,-90.3,0.0,-2.708,-110.41084707066345,37.884,-90.2847049066596,-87.76491731669903,-0.5054461673717499,197.54401912185472,4.497902719495189,197.54401912185472,7.316415448068504,-103.41225231134239,20.484174771915363,8.0,0.18215292933655292,8.0,0.2962950933404045,-4.1879173166990284,0.8295538326282501,11.821373300000001,0.2822809,11.4840132,0.8468427000000001,-6.7403171,1.5353327,0.021742124541852,0.036895726495264,0.022747741147456,0.000379426129434,-0.0033286019536710003,-0.0018798840049230002,84.38588557335878,2.195127999584656,0.3119230004813289,0.12540600073407404,17.43331699981354
pid,05:37:21.698,65,-10.475,-110.587,30.117,-90.564,-83.705,-1.304,11.509920642585444,0.296392806246846,11.509920642585444,0.839779617699865,-6.323046533265814,1.5313628322753088,10.0,-110.3,111.4,-90.1,-90.3,0.0,-2.4749999999999996,-110.40755657778311,38.117000000000004,-90.27573525963354,-87.83559257992506,-0.4886262972812653,197.59520416455652,4.432144956116772,197.59520416455652,7.119966278269158,-102.02316051886179,20.13924165738985,8.0,0.1794434222168917,8.000000000000004,0.2882647403664578,-4.1305925799250645,0.8153737027187348,11.8833374,0.3029356,12.0898844,0.5507920000000001,-6.3478778,1.4114045,0.022071550671274,0.037121123320658,0.01933211233187,-0.001103785103808,-0.0036045482296230003,-0.001362484737513,84.09306642048439,2.252479000162566,0.2867200000764569,0.10990699956892058,17.426075999537716
pid,05:37:21.719,66,-10.239,-110.582,30.356,-90.551,-83.832,-1.27,11.6596275914059,0.24702600829297647,11.807843196381492,0.6422676215600538,-6.274460610629246,1.679776856388995,10.0,-110.3,111.4,-90.1,-90.3,0.0,-2.2390000000000008,-110.40477118273306,38.356,-90.26877882996129,-87.90563844937085,-0.47034100751686103,197.62080663399925,4.378012728385277,197.62080663399925,6.971596909029975,-100.62946453749296,19.753656890831135,8.0,0.1772288172669363,8.0,0.28222117003871006,-4.073638449370861,0.799658992483139,11.8902223,0.26162620000000003,11.9315317,0.8881521,-6.9812886,1.5009082,0.02123931623905,0.036826373625912,0.016280586080382,0.00020695970696400003,-0.00048290598291600006,-0.001259004884031,83.79425938571211,2.0008149986097123,0.27936799961025827,0.08751799941819627,17.704462999972748
pid,05:37:21.739,67,-10.003,-110.576,30.596,-90.537,-83.964,-1.243,11.668423990946845,0.2966548472274726,11.866193889098376,0.6921946435305352,-6.526406639004397,1.3349468125235717,10.0,-110.3,111.4,-90.1,-90.3,0.0,-2.003,-110.4014920704894,38.596000000000004,-90.26133690224218,-87.97804589565992,-0.45558399114418036,197.7698981516409,4.31405193074543,197.7698981516409,6.814732845966301,-99.23218099508438,19.46589798429838,8.0,0.17450792951059668,8.000000000000004,0.27566309775782827,-4.014045895659919,0.7874160088558197,11.8489129,0.2547413,12.0141505,0.8468427000000001,-5.8728197,1.0946991,0.020216361416108,0.03745054945008,0.01811843711821,0.000327686202693,-0.0031561355312010003,-0.0036217948718700005,83.49469153784568,2.0070919999852777,0.2776460005406989,0.08820299990475178,17.69072199931543
pid,05:37:21.759,68,-9.764,-110.571,30.834,-90.519,-84.089,-1.22,11.821768196613085,0.24731732628875097,11.77230473135523,0.8903423746403469,-6.182933157224397,1.1376597009292957,10.0,-110.3,111.4,-90.1,-90.3,0.0,-1.7639999999999993,-110.39871813092756,38.834,-90.25191335731077,-88.04682426694632,-0.44285075769233706,197.8538610311807,4.260829122706273,197.8538610311807,6.605515435740042,-97.88385156227885,19.220247273503468,8.0,0.17228186907243526,8.000000000000004,0.267086642689236,-3.957824266946318,0.7771492423076629,11.842028,0.2547413,12.0141505,0.6678353,-6.471806,1.2117424,0.020112332112079998,0.036358241757786,0.019401465201222,-0.00017246642247,-0.001190018315043,-0.0025352564103090004,83.1974156750076,2.0372400013002334,0.27996099925076123,0.09037000017997343,17.672129999482422
pid,05:37:21.779,69,-9.526,-110.565,31.068,-90.505,-84.212,-1.197,11.762871794871772,0.2965429864253506,11.565176470588323,0.691933634992953,-6.079131221719687,1.136748114630463,10.0,-110.3,111.4,-90.1,-90.3,0.0,-1.5259999999999998,-110.39545004163313,39.068,-90.24450363593625,-88.11448323911428,-0.4301398034076691,197.6953242835596,4.18990425020033,197.6953242835596,6.437364146033678,-96.43783618348172,18.95058440568439,8.0,0.16954995836687203,7.9999999999999964,0.26049636406374077,-3.902483239114275,0.766860196592331,11.9521864,0.2478564,11.70433,0.9363464,-5.783316,0.963886,0.022435653235372,0.037398534798066,0.019886935286686,0.0018108974359350002,-0.0036217948718700005,-0.004363400488491,82.9049196549879,3.022304999831249,0.2909779996116413,0.12068399882991798,16.653306000080192
pid,05:37:21.800,70,-9.291,-110.559,31.305,-90.489,-84.332,-1.178,11.607624565742185,0.29636488252959964,11.70641285991866,0.7903063534117978,-5.927297650591291,0.9384887946770363,10.0,-110.3,111.4,-90.1,-90.3,0.0,-1.2910000000000004,-110.39218786482144,39.305,-90.23610986458587,-88.18052444070577,-0.4194473544340134,197.57658835305895,4.119771570558801,197.57658835305895,6.245646272908337,-95.04729114850147,18.734030474639344,8.0,0.16681213517856008,8.0,0.25289013541413397,-3.8485244407057735,0.7585526455659866,11.8351431,0.28916580000000003,11.7938337,0.6334108,-6.1137912000000005,1.3012461,0.022314285714006,0.037138461537996,0.020320390720136,0.001241758241784,-0.002190323565369,-0.001327991453019,82.61098483857944,2.040666000539204,0.4109410001547076,0.1549239987070905,17.433816001357627
pid,05:37:21.820,71,-9.054,-110.554,31.544,-90.473,-84.451,-1.154,11.487127299620973,0.2423444577976903,11.58406508274017,0.7755022649535732,-5.767798095590264,1.1632533974299724,10.0,-110.3,111.4,-90.1,-90.3,0.0,-1.0540000000000003,-110.38942584108639,39.544,-90.22772508169936,-88.2460582077384,-0.406256900141716,193.87556623832856,3.98836353094672,193.87556623832856,5.944101708699336,-91.97113236658734,18.12113961072848,8.0,0.16457415891360938,7.9999999999999964,0.24527491830063752,-3.795058207738407,0.7477430998582839,11.8144884,0.2478564,11.8351431,0.47505810000000004,-5.5285747,1.1015840000000001,0.023614652014356,0.038022710622234,0.018569230768998,0.000310439560446,-0.004346153846244,-0.0019143772894170002,82.31513721060058,1.9397039995965315,0.36214499959896784,0.1316090001637349,17.621036999116768
pid,05:37:21.840,72,-8.819,-110.549,31.78,-90.462,-84.57,-1.132,11.618570637119085,0.24720363057677758,11.668011363234546,0.5438479872691917,-5.883446407732646,1.0876959745388115,10.0,-110.3,111.4,-90.1,-90.3,0.0,-0.8190000000000008,-110.38667402439643,39.78,-90.22185898675251,-88.31135302554368,-0.39411209494876853,197.76290446160192,4.012757050616021,197.76290446160192,5.936373032522076,-92.4876051184653,18.240856908752285,8.0,0.1623259756035793,8.0,0.24014101324749504,-3.741353025543688,0.7378879050512314,11.945301500000001,0.2478564,12.2482371,0.5989863,-5.5905388,1.2599367000000001,0.0225396825394,0.038022710622234,0.018083760683534,0.001448717948748,-0.005122252747359,-0.0016729242979590003,82.02320726477355,1.9969439999840688,0.30536699887306895,0.11842400090245064,17.641999998886604
pid,05:37:21.861,73,-8.582,-110.549,32.019,-90.452,-84.681,-1.106,11.718971611807984,0.0,11.817865887012971,0.4944713760259061,-5.488632273884957,1.2856255776666883,10.0,-110.3,111.4,-90.1,-90.3,0.0,-0.5820000000000007,-110.38642224035787,40.019,-90.21650305108356,-88.3725348508954,-0.3799937288980484,197.78855041026125,4.019502426070572,197.78855041026125,5.8223250190276925,-91.26791586844524,17.949465993751772,8.0,0.16257775964213295,8.0,0.2354969489164347,-3.6915348508954082,0.7260062711019517,11.8971072,0.26162620000000003,11.7662941,0.5989863,-5.294488100000001,1.2461669,0.020042979242728,0.036358241757786,0.015205616605426,0.005950091575215001,-0.004173687423774,-0.0018971306471700002,81.72891891491041,1.967518999663298,0.2798490004352061,0.8990839996840805,17.213338000146905
pid,05:37:21.881,74,-8.344,-110.539,32.259,-90.438,-84.792,-1.084,11.57035968287827,0.48614956650773633,11.667589596179798,0.6806093931102781,-5.396260188233317,1.0695290463164737,10.0,-110.3,111.4,-90.1,-90.3,0.0,-0.3439999999999994,-110.38117643123198,40.259,-90.20915542144108,-88.43369977418185,-0.36787884566593176,194.45982660299504,3.836292977062043,194.45982660299504,5.562634633200536,-88.52053832844585,17.407099437317445,8.0,0.1578235687680234,8.0,0.22884457855892038,-3.641699774181845,0.7161211543340683,11.9659562,0.2547413,11.752524300000001,0.3648997,-5.4666106,1.0533897,0.021828815628541998,0.036531623931166,0.019626862026616,5.173992674100001e-05,-0.004104700854786,-0.00241452991458,81.43392844508976,2.0076660002814606,0.32794199978525285,0.18994200036104303,17.53592699969886
pid,05:37:21.901,75,-8.11,-110.534,32.491,-90.43,-84.896,-1.059,11.5724037683791,0.24727358479420036,11.473494334461298,0.39563773567086113,-5.143290563724006,1.2363679239721328,10.0,-110.3,111.4,-90.1,-90.3,0.0,-0.10999999999999943,-110.37843985117007,40.491,-90.20482178289222,-88.49116335817575,-0.35430816923189157,197.8188678355402,3.846591565233397,197.8188678355402,5.568062496185802,-88.89889314976824,17.425167516937663,8.0,0.15556014882993452,8.0,0.22517821710778207,-3.5951633581757534,0.7046918307681084,11.8007186,0.3235903,11.8695676,0.1927772,-5.673157600000001,1.3838649,0.020771184370923998,0.035647374846927996,0.017130158729944,-0.00044841269842200006,-0.003173382173448,-0.001172771672796,81.14857197757703,2.023777000431437,0.34955299997818656,0.09516600039205514,17.58888900076272
pid,05:37:21.922,76,-7.872,-110.529,32.73,-90.424,-85.006,-1.036,11.772860081139708,0.24732899330173283,11.822325879799843,0.29679479196151703,-5.441237852627578,1.1377133691857677,10.0,-110.3,111.4,-90.1,-90.3,0.0,0.1280000000000001,-110.37570837810564,40.73,-90.20149428388405,-88.55151453024149,-0.3417609810452461,197.86319464100387,3.7913462524648494,197.86319464100387,5.503211477073473,-87.69085394995986,17.170543766853005,8.0,0.15329162189435408,8.0,0.22250571611596115,-3.5455145302414905,0.6942390189547539,11.979726000000001,0.3235903,11.7387545,0.2960507,-5.5629992,0.9570011,0.019748229547982,0.036184859584405996,0.01777167277145,-0.0008795787545970001,-0.0038460012210810002,-0.0022593101343570004,80.85563946318155,2.023110000664019,0.2807750006468268,0.09046199920703657,17.661906998910126
pid,05:37:21.942,77,-7.633,-110.523,32.967,-90.419,-85.115,-1.012,11.825533579492497,0.29687531998727074,11.726575139496843,0.24739609998986103,-5.393234979768283,1.187501279949039,10.0,-110.3,111.4,-90.1,-90.3,0.0,0.367,-110.3724830309801,40.967,-90.19867192633676,-88.61125410354137,-0.32873832951593396,197.91687999150633,3.7237311117743426,197.91687999150633,5.450830614245818,-86.49596297880123,16.90362725499888,8.0,0.15051696901988976,8.0,0.22032807366323937,-3.496254103541375,0.683261670484066,11.6767904,0.27539600000000003,12.048575,0.3098205,-5.5905388,1.1566632000000001,0.018742612942378,0.034693772893338,0.017806349206126,5.173992674100001e-05,-0.004466880341973001,-0.0017246642247000002,80.56499262707098,2.0528509994619526,0.28159000066807494,0.14662800094811246,17.77907299947401
pid,05:37:21.962,78,-7.399,-110.517,33.201,-90.414,-85.224,-0.992,11.452091386432054,0.29364336888288434,11.45209138643214,0.2447028074021718,-5.334521201372631,0.9788112296095782,10.0,-110.3,111.4,-90.1,-90.3,0.0,0.601,-110.36926133348274,41.201,-90.19585112903643,-88.67093998601436,-0.31772485524225236,195.76224592191548,3.6152066458658956,195.76224592191548,5.338164115645008,-84.34758915252843,16.499702088387668,8.0,0.14773866651725598,8.0,0.21814887096357438,-3.446939986014357,0.6742751447577476,11.594171600000001,0.2685111,11.5872867,0.44751850000000004,-5.0328619,0.7022598,0.022505006104723998,0.034919169718732,0.020129670329418,0.00068986568988,-0.004863553113654001,-0.0035873015873760005,80.27891583099515,1.9965739993494935,0.3526270011207089,0.10338799984310754,17.837256998973317
pid,05:37:21.983,79,-7.166,-110.511,33.434,-90.405,-85.33,-0.974,11.397565217391287,0.2934995334950662,11.397565217391158,0.44024930024259923,-5.185158425079039,0.8804986004851659,10.0,-110.3,111.4,-90.1,-90.3,0.0,0.8339999999999996,-110.36604566022682,41.434,-90.19103937385607,-88.72902006223201,-0.3077292829613686,195.66635566337004,3.5453359251259418,195.66635566337004,5.233111996629597,-83.13423355045249,16.295845386021178,8.0,0.14495433977317873,8.0,0.21396062614392974,-3.3990200622320117,0.6662707170386314,12.0898844,0.2134319,11.9659562,0.3029356,-5.2669485,0.8124182,0.020771184370923998,0.035473992673548,0.019713553113305998,0.000155219780223,-0.004294413919503,-0.0037080280831050002,79.99472378850996,1.992443998460658,0.352700000803452,0.1080920010281261,17.836517001342145
pid,05:37:22.003,80,-6.929,-110.507,33.673,-90.399,-85.433,-0.96,11.590122634579739,0.1956138841274721,11.687929576643908,0.29342082619190313,-5.037057516294568,0.6846485944477486,10.0,-110.3,111.4,-90.1,-90.3,0.0,1.0709999999999997,-110.36383401880789,41.673,-90.18773366958428,-88.78549619163275,-0.299747757540226,195.613884127928,3.5006567069969634,195.613884127928,5.165828434759383,-81.97435019617089,16.144313206466357,8.0,0.1431659811921122,8.0,0.21126633041572518,-3.3524961916327385,0.660252242459774,11.8007186,0.206547,12.117424,0.2547413,-5.3220277000000005,0.6816051000000001,0.021430036629767998,0.035820757020308,0.015881807081608,0.000603632478645,-0.0033286019536710003,-0.0033458485959180005,79.70457395281655,2.0018880004499806,0.35823700090986677,0.11020300007658079,17.852738999863504
pid,05:37:22.024,81,-6.692,-110.503,33.911,-90.393,-85.544,-0.942,11.480361347546403,0.1937613729546064,11.528801690784968,0.2906420594315654,-5.376878099483272,0.8719261782946639,10.0,-110.3,111.4,-90.1,-90.3,0.0,1.3079999999999998,-110.36162448272037,41.911,-90.18443123572396,-88.8459053228259,-0.2897754275183677,193.7613729543696,3.424139291279331,193.7613729543696,5.051571265190014,-79.97271358951112,15.796991079827226,8.0,0.14137551727962716,8.0,0.20856876427603765,-3.3019053228259025,0.6522245724816322,11.8007186,0.1858923,11.8971072,0.0757339,-5.2738334,1.0878142,0.019436141635897998,0.036011477411026,0.016003174602974,-0.001276251526278,-0.0025697496948030004,-0.0026042429792970004,79.4153759860142,2.006814000196755,0.29421900035231374,0.10494299931451678,17.820942999605904
pid,05:37:22.044,82,-6.455,-110.499,34.152,-90.39,-85.646,-0.927,11.590392910861079,0.19561844575316858,11.786011356613987,0.1467138343147027,-4.988270366699892,0.7335691715734809,10.0,-110.3,111.4,-90.1,-90.3,0.0,1.545,-110.35942102542448,42.152,-90.18263474016713,-88.90166356531381,-0.28132766413497934,195.61844575292952,3.41302775828133,195.61844575292952,5.070558728957122,-79.60848081764117,15.788177350947356,8.0,0.13957897457551383,8.0,0.20736525983286924,-3.25566356531381,0.6456723358650207,11.6010565,0.2409715,11.5872867,0.0757339,-4.750581,0.9225766000000001,0.020476434676178,0.03545665445621,0.019886935286686,-0.0008450854701030001,-0.004622100122196,-0.0036907814408580005,79.1243532359033,2.0380179994390346,0.4118109991395613,0.13642399972013664,17.74355500128877
pid,05:37:22.065,83,-6.219,-110.495,34.388,-90.388,-85.749,-0.91,11.50673932855946,0.19502948014462126,11.50673932855933,0.09751474007231063,-5.02200911373543,0.8288752906165728,10.0,-110.3,111.4,-90.1,-90.3,0.0,1.7809999999999997,-110.35722105565596,42.388,-90.18133940020132,-88.95783055206537,-0.27189447188186644,195.02948014507578,3.3588694862946165,195.02948014507578,5.038113668150895,-78.22706930536827,15.55617367832233,8.0,0.13777894434404914,8.0,0.20666059979868123,-3.208830552065379,0.6381055281181336,11.7249847,0.26162620000000003,11.6767904,0.1170433,-4.8951639,1.0946991,0.022903785103497998,0.035699389498942,0.017563614163393998,-0.001086538461561,-0.0038460012210810002,-0.0034838217338940005,78.83885320703239,8.100035000097705,0.3487190006126184,0.12192500071250834,11.48763300079736
pid,05:37:22.085,84,-5.984,-110.491,34.62,-90.386,-85.851,-0.889,11.609538639120874,0.1976091683257029,11.461331762876728,0.09880458416320248,-5.039033792299457,1.0374481337086734,10.0,-110.3,111.4,-90.1,-90.3,0.0,2.016,-110.35502774478721,42.62,-90.1800499399476,-89.01333337957858,-0.26049471605825425,197.6091683254614,3.3586705334919844,197.6091683254614,5.087202510441603,-78.11325863829633,15.524800805985794,8.0,0.135972255212792,8.0,0.2059500600524018,-3.162333379578584,0.6285052839417458,11.4840132,0.2547413,11.786948800000001,0.1583527,-5.1636750000000005,0.963886,0.02288644688616,0.034520390719958,0.016679365079156,-0.0018971306471700002,-0.0026042429792970004,-0.0027422161172730003,78.55799676035535,4.480902000068454,0.3122380003333092,0.13103499986755196,15.226190000248607
pid,05:37:22.106,85,-5.752,-110.486,34.855,-90.383,-85.947,-0.87,11.058841563341716,0.23833710265800964,11.201843824936613,0.14300226159494125,-4.57607237103812,0.9056809901012611,10.0,-110.3,111.4,-90.1,-90.3,0.0,2.248,-110.35233264297771,42.855,-90.1782530914955,-89.0658993912816,-0.2500821430783272,190.66968212658114,3.1857890592675133,190.66968212658114,4.879878495118846,-74.33494444005629,14.774942590480844,8.0,0.13366735702228993,8.0,0.2047469085044895,-3.1188993912816017,0.6199178569216728,11.5528622,0.2409715,11.6836753,0.2478564,-4.8469696,1.2255122,0.022071550671274,0.034867155066717996,0.016488644688437998,-0.000758852258868,-0.00327686202693,-0.0019661172161580002,78.2756841107122,3.4993560002476443,0.28746000134560745,0.1029069990181597,16.257457999017788
pid,05:37:22.127,86,-5.507,-110.481,35.088,-90.38,-86.051,-0.847,11.882430591690666,0.2424985835043597,11.30043399128152,0.14549915010234013,-5.043970536880895,1.1154934841178996,10.0,-110.3,111.4,-90.1,-90.3,0.0,2.4930000000000003,-110.3496460439496,43.088,-90.17646443001556,-89.12227982923984,-0.23770894210147864,193.99886680311283,3.18531482798531,193.99886680311283,4.935708741388308,-74.4781008134734,14.775221848197868,8.0,0.1313539560503898,8.0,0.20353556998443878,-3.0712798292398418,0.6092910578985213,11.7594092,0.1858923,11.7938337,0.5370222,-4.9708978,1.0809293,0.023007814407526,0.034988522588084,0.018898656898419998,0.000310439560446,-0.0017764041514410002,-0.001621184371218,77.99276225394252,3.185672998370137,0.2820529989548959,0.09379599941894412,16.532288998860167
pid,05:37:22.147,87,-5.286,-110.476,35.321,-90.376,-86.147,-0.827,10.826475554205896,0.24494288584153948,11.414338480225974,0.1959543086729531,-4.702903408162014,0.9797715433670499,10.0,-110.3,111.4,-90.1,-90.3,0.0,2.7140000000000004,-110.34696641023683,43.321,-90.17418273169326,-89.17451857247353,-0.2268648677806855,195.9543086734098,3.1605859847111866,195.9543086734098,4.94337041117536,-74.15691360811967,14.699883118082644,8.0,0.1290335897631678,8.0,0.20181726830674052,-3.027518572473525,0.6001351322193145,12.323971,0.1927772,11.9246468,0.5852165,-4.3650266,1.2943612,0.018187789987562,0.03519658119614,0.013489133088964,0.0008968253968440001,-0.003069902319966,-0.000586385836398,77.7156002807673,2.973767999719712,0.28442300026654266,0.09540700011712033,16.7348420000053
pid,05:37:22.167,88,-5.053,-110.472,35.556,-90.368,-86.242,-0.804,11.427819404328947,0.19618574084708892,11.525912274752361,0.39237148169417785,-4.659411345112612,1.1280680098693783,10.0,-110.3,111.4,-90.1,-90.3,0.0,2.947,-110.34479106619882,43.556,-90.16990952121543,-89.22615546844006,-0.21454523634719858,196.18574084684917,3.119572365015111,196.18574084684917,4.8578159168820445,-73.18109392226097,14.455327437866154,8.0,0.12720893380117104,8.0,0.19809047878456454,-2.9841554684400506,0.5894547636528015,11.428934,0.1996621,11.291236,0.206547,-4.0965155,0.8881521,0.02279975579947,0.035300610500168,0.01707814407793,-0.000275946275952,-0.004708333333431,-0.002121336996381,77.43461973174531,3.134544000204187,0.2833120015566237,0.09283299914386589,16.551751001316006
pid,05:37:22.188,89,-4.816,-110.468,35.797,-90.356,-86.339,-0.781,11.706275001177639,0.19757426162279074,11.903849262800868,0.5927227848697761,-4.791175844363556,1.1360520043336955,10.0,-110.3,111.4,-90.1,-90.3,0.0,3.184,-110.34262100356149,43.797,-90.16365037814903,-89.27866510002613,-0.2022546475391388,197.5742616232512,3.0964578305502735,197.5742616232512,4.750416813839575,-72.60027019466293,14.293148210042867,8.0,0.12537899643851347,8.0,0.1923496218509655,-2.939665100026133,0.5787453524608612,11.6423659,0.2203168,11.7318696,0.1858923,-4.7161565,1.0602746,0.02305982905954,0.035005860805422,0.014806837606652,0.00034493284494,-0.0035700549451290003,-0.001569444444477,77.14739598327348,2.7379380007914733,0.2786269997159252,0.09070300075109117,16.953210999417934
pid,05:37:22.208,90,-4.586,-110.465,36.027,-90.346,-86.423,-0.758,11.211588489609944,0.14623811073404858,11.211588489610161,0.4874603691130335,-4.094667100553361,1.1211588489609976,10.0,-110.3,111.4,-90.1,-90.3,0.0,3.4139999999999997,-110.34095175903369,44.027,-90.15839804994393,-89.32464183356763,-0.18997714843559266,194.98414764539072,3.0234300664660747,194.98414764539072,4.57242579103727,-70.7217699612988,13.844431444423783,8.0,0.12404824096631728,8.0,0.18760195005607727,-2.9016418335676235,0.5680228515644073,12.034805200000001,0.2203168,12.0210354,0.2134319,-4.4820699,0.7160296,0.0208058608056,0.034260317459888,0.013575824175654,-0.001086538461561,-0.002449023199074,-0.0019143772894170002,76.87349321450145,2.379700001256424,0.2767200003290782,0.08596199950261507,17.289133998929174
pid,05:37:22.229,91,-4.34,-110.46,36.271,-90.341,-86.518,-0.738,11.828485429324795,0.24041637051519582,11.73231888111887,0.24041637051519582,-4.567911039779838,0.9616654820589255,10.0,-110.3,111.4,-90.1,-90.3,0.0,3.66,-110.33828538101244,44.271,-90.15564744304942,-89.37607459404468,-0.17920972981262207,192.33309641178494,2.926218693557226,192.33309641178494,4.456178900768093,-68.71279205605863,13.434232863739538,8.0,0.12171461898755354,8.0,0.18535255695057629,-2.8580745940446803,0.5587902701873779,11.8007186,0.27539600000000003,11.6010565,0.2685111,-4.2410984,0.68849,0.019956288156038,0.033618803418382,0.017841025640801998,-0.000620879120892,-0.0036045482296230003,-0.003138888888954,76.58285767715905,1.9513889983500121,0.27646000125969294,0.07814699893060606,17.651166999712586
pid,05:37:22.249,92,-4.114,-110.456,36.494,-90.337,-86.606,-0.721,11.158740688421151,0.19749983519283443,11.01061581202613,0.19749983519283443,-4.34499637425218,0.8393742995715033,10.0,-110.3,111.4,-90.1,-90.3,0.0,3.886,-110.33612740619706,44.494,-90.15340744284916,-89.42381535665989,-0.16997960262107858,197.49983519329473,2.9593521900339805,197.49983519329473,4.5324374725009475,-69.56475856818291,13.603304708810093,8.0,0.11987259380293835,8.0,0.18359255715084544,-2.8178153566598922,0.5510203973789214,11.945301500000001,0.2685111,11.773179,0.3786695,-4.3787964,0.8950370000000001,0.020597802197544,0.03363614163572,0.016610012209804,3.4493284494e-05,-0.0025352564103090004,-0.001293498168525,76.31749349919717,2.004462001423235,0.31964500158210285,0.1290359996346524,17.50881699990714
pid,05:37:22.269,93,-3.879,-110.451,36.727,-90.333,-86.69,-0.708,11.626382316166923,0.2473698365146681,11.527434381561106,0.19789586921159386,-4.1558132534385495,0.6431615749368946,10.0,-110.3,111.4,-90.1,-90.3,0.0,4.121,-110.33347480068731,44.727,-90.15117196547317,-89.46946374003886,-0.16276407480049138,197.895869211352,2.907218934027654,197.895869211352,4.497877117459782,-68.75554909705346,13.487492167826558,8.0,0.11752519931268068,8.0,0.1818280345268306,-2.7794637400388638,0.5452359251995086,11.470243400000001,0.1790074,11.8695676,0.5507920000000001,-4.1102853,0.5232524000000001,0.02097924297898,0.033878876678452,0.014494749694568,0.000741605616621,-0.003138888888954,-0.0032251221001890003,76.04139677833385,2.059387999906903,0.37460800012922846,0.12748100016324315,17.537704999995185
pid,05:37:22.290,94,-3.642,-110.446,36.964,-90.327,-86.776,-0.691,11.682199621581606,0.24645990762807965,11.682199621581693,0.29575188915397577,-4.239110411206752,0.8379636859362337,10.0,-110.3,111.4,-90.1,-90.3,0.0,4.3580000000000005,-110.33082670357751,44.964,-90.14794170489836,-89.51603835794926,-0.15356314943838123,197.16792610264307,2.8385599997532194,197.16792610264307,4.413069087083302,-67.53096005981831,13.245663654546307,8.0,0.11517329642248342,8.0,0.1790582951016404,-2.7400383579492598,0.5374368505616187,11.2361568,0.1652376,11.5459773,0.3235903,-4.0414363,0.6334108,0.02271306471278,0.03424297924255,0.015604395604199999,0.000396672771681,-0.004173687423774,-0.004087454212539,75.76140945098633,2.1336279987735907,0.3073490006499924,0.12301700007810723,17.493834000561037
pid,05:37:22.310,95,-3.397,-110.442,37.199,-90.317,-86.862,-0.677,12.111692989486592,0.19774192635920634,11.617338173589147,0.4943548158976646,-4.251451416717668,0.6920967422563715,10.0,-110.3,111.4,-90.1,-90.3,0.0,4.603,-110.32868308203744,45.199,-90.14272222691106,-89.56251561748981,-0.1458784185748101,197.7419263589647,2.800938205871907,197.7419263589647,4.307752821519492,-66.75064504561314,13.128125580229597,8.0,0.11331691796254972,8.0,0.17427777308893155,-2.7005156174898133,0.53112158142519,11.979726000000001,0.1239282,11.9934958,0.3098205,-4.4820699,0.9845407,0.021013919413656,0.03398290598248,0.014668131867947999,-0.000137973137976,-0.001621184371218,-0.003914987790069001,75.48253729174716,2.0230730006005615,0.28544199994939845,0.09481400047661737,17.66198099903704
pid,05:37:22.330,96,-3.177,-110.439,37.43,-90.306,-86.942,-0.667,10.88260404995812,0.14839914613579833,11.42673425245612,0.544130202497693,-3.957310563621055,0.49466382045264284,10.0,-110.3,111.4,-90.1,-90.3,0.0,4.823,-110.32704258257675,45.43,-90.13701400468874,-89.60590984187125,-0.14020422332096105,197.86552818105696,2.7690641915297136,197.86552818105696,4.179562902183066,-65.88699098607168,13.029340574518521,8.0,0.11195741742324117,8.0,0.16898599531126024,-2.6639098418712592,0.526795776679039,12.3446257,0.1858923,11.8076035,0.2685111,-4.220443700000001,0.6953749,0.018187789987562,0.034312332111901996,0.014529426129243999,0.000275946275952,-0.002724969475026,-0.0028801892552490003,75.21287814596646,2.0329259987192927,0.284755999018671,0.09309199958806857,17.65094400070666
pid,05:37:22.350,97,-2.929,-110.436,37.67,-90.3,-87.029,-0.649,12.267662747225542,0.1483991461350954,11.871931690863516,0.29679829227159665,-4.303575237938152,0.890394876814757,10.0,-110.3,111.4,-90.1,-90.3,0.0,5.071,-110.32540511547852,45.67,-90.13381184719132,-89.65271612774133,-0.13054822224187856,197.86552818105696,2.73536440499594,197.86552818105696,4.1103633291151676,-64.89287217658713,12.822966855314831,8.0,0.11059488452148969,8.0,0.16618815280867238,-2.623716127741332,0.5184517777581215,11.8282582,0.2340866,11.6079414,0.3029356,-3.8899685,0.8950370000000001,0.020528449328192,0.034468376067944,0.017286202685986,-0.000569139194151,-0.0033113553114240005,-0.002052350427393,74.92964085727357,2.0178880004095845,0.2781270013656467,0.0845180002215784,17.68540699958976
pid,05:37:22.371,98,-2.704,-110.433,37.909,-90.294,-87.117,-0.632,11.12914843685506,0.14838864582473998,11.821628784037033,0.29677729164947997,-4.352733610859274,0.8408689930068288,10.0,-110.3,111.4,-90.1,-90.3,0.0,5.295999999999999,-110.32377067122984,45.909,-90.13061574054288,-89.69993369197846,-0.12140935934591301,197.8515277663125,2.7013986967582655,197.8515277663125,4.04072816831968,-63.8796721346273,12.627642289573922,8.0,0.10922932877016933,8.0,0.16338425945711776,-2.582933691978454,0.510590640654087,11.7938337,0.2203168,12.0554599,0.4268638,-4.1515947,0.9707709,0.022817094016808,0.03354945054903,0.013939926739752,0.001138278388302,-0.00310439560446,-0.0016729242979590003,74.6518917040955,1.9961670004704501,0.31990400020731613,0.07877700045355596,17.67746299992723
pid,05:37:22.391,99,-2.466,-110.429,38.145,-90.29,-87.197,-0.617,11.770222636214642,0.19781886783578195,11.67131320229708,0.19781886783507918,-3.95637735671072,0.7418207543832764,10.0,-110.3,111.4,-90.1,-90.3,0.0,5.534,-110.32164024888802,46.145,-90.12842364562083,-89.74307090536355,-0.1132855563621522,197.8188678355402,2.654723052009828,197.8188678355402,3.9953564365355163,-62.95760799100344,12.45552761910601,8.0,0.1073597511119857,8.0,0.1615763543791786,-2.5460709053635497,0.5037144436378478,11.8351431,0.14458290000000001,11.9384166,0.5921014,-3.8693138,0.6816051000000001,0.020181684981432,0.033445421245002,0.014338705738526,0.001190018315043,-0.0037942612943400005,-0.0033286019536710003,74.37579055042036,2.0662580009229714,0.27394199969421607,0.08329599950229749,17.640685000515077
pid,05:37:22.411,100,-2.229,-110.425,38.381,-90.283,-87.277,-0.597,11.723947351040247,0.1978725291317227,11.674479218757227,0.346276925980339,-3.957450582629533,0.9893626456574053,10.0,-110.3,111.4,-90.1,-90.3,0.0,5.771,-110.31951390492249,46.381,-90.12473867805528,-89.78612640782595,-0.102682137582779,197.87252913148086,2.6091000526489645,197.87252913148086,3.914446004611602,-62.06089852838839,12.226490703920364,8.0,0.10548609507750939,8.0,0.1582613219447211,-2.5091264078259456,0.494317862417221,11.9315317,0.14458290000000001,11.8695676,0.3373601,-3.7798101,0.9363464,0.022348962148682,0.033445421245002,0.018395848595618,0.001345238095266,-0.0031216422467070003,-0.001431471306501,74.10038362923636,2.029055000093649,0.3002940011356259,0.1294430003326852,17.58576000065659
pid,05:37:22.431,101,-1.993,-110.421,38.618,-90.272,-87.358,-0.583,11.645772721390166,0.19738597832818686,11.69511921597242,0.5428114404035658,-3.997066061155251,0.6908509241502647,10.0,-110.3,111.4,-90.1,-90.3,0.0,6.007,-110.31739130249548,46.618,-90.11906440022516,-89.82960736931562,-0.09509141679811484,197.3859783286469,2.5563630150359447,197.3859783286469,3.77341787285449,-60.98257982958213,12.038289128781013,8.0,0.1036086975045265,8.0,0.1529355997748496,-2.4716073693156204,0.4879085832018851,12.0072656,0.1790074,11.9177619,0.2272017,-3.9794722,0.8124182,0.022331623931344,0.033653479853058,0.013991941391765999,0.00046565934066900006,-0.0018108974359350002,-0.002207570207616,73.82473197377693,2.0228699995641364,0.28416399982234,0.09283200051868334,17.69133299967507
pid,05:37:22.452,102,-1.757,-110.421,38.854,-90.261,-87.431,-0.567,11.63824182852844,0.0,11.638241828528287,0.5424604242115586,-3.5999646334004125,0.7890333443070129,10.0,-110.3,111.4,-90.1,-90.3,0.0,6.243,-110.3172686207347,46.854,-90.11340116251039,-89.8690162451148,-0.08651653615045551,197.25833607675304,2.557734909102787,197.25833607675304,3.63938763625785,-60.11487847992991,11.847421073919483,8.0,0.10373137926531228,8.0,0.14759883748961045,-2.4380162451148095,0.48048346384954443,11.9934958,0.1790074,12.1793881,0.1996621,-4.0965155,0.7435692,0.022175579975302,0.033844200243776,0.012656898656739999,0.00048290598291600006,-0.002035103785146,-0.0017591575091940002,73.55095089120195,2.228219998869463,0.2842009998857975,0.17499799832876306,17.598018999706255
pid,05:37:22.472,103,-1.521,-110.414,39.093,-90.256,-87.507,-0.548,11.54458426442117,0.34242410953816077,11.691337454223346,0.2445886496697176,-3.7177474749834616,0.9294368687457676,10.0,-110.3,111.4,-90.1,-90.3,0.0,6.479,-110.31365209856558,47.093,-90.11074171112108,-89.90987103825807,-0.07645641203928,195.67091973595205,2.4543957709057986,195.67091973595205,3.5528528730261413,-58.77149825785485,11.533420943983112,8.0,0.10034790143441796,8.0,0.1452582888789209,-2.40287103825807,0.47154358796072005,11.7456394,0.1858923,12.0072656,0.2478564,-3.4011406,0.9363464,0.022140903540626,0.032925274724862,0.01404395604378,0.000638125763139,-0.004018467643551,-0.001345238095266,73.27464892444044,1.9739630006370135,0.2866459999495419,0.19168300059391186,21.483741998963524
pid,05:37:22.496,104,-1.284,-110.411,39.333,-90.252,-87.587,-0.534,9.849881569560042,0.12468204518430913,9.97456361474414,0.16624272691260902,-3.3248545382480463,0.581849544193421,10.0,-110.3,111.4,-90.1,-90.3,0.0,6.716,-110.31201855888891,47.333,-90.10855884597825,-89.95313494044542,-0.06881397791910182,166.24272691240586,2.0568680855034174,166.24272691240586,2.980756074504581,-49.16909059279619,9.666724104032896,8.0,0.09898144111109275,8.0,0.14344115402174396,-2.36613494044542,0.4651860220808982,12.0072656,0.1583527,11.8902223,0.3029356,-3.855544,0.5576769,0.020823199022938,0.032959951159538,0.011911355311206,0.001103785103808,-0.0018453907204290002,-0.002552503052556,72.99768554550207,1.9675559997267555,0.33831199834821746,0.11455499952717219,17.620019001697074
pid,05:37:22.516,105,-1.033,-110.408,39.584,-90.248,-87.661,-0.515,12.447771847472662,0.148778149571392,12.447771847472895,0.19837086609471946,-3.669861022760767,0.9422616139521144,10.0,-110.3,111.4,-90.1,-90.3,0.0,6.9670000000000005,-110.31040967193174,47.584,-90.10640963051844,-89.99279561340809,-0.05879474844741828,198.37086609518178,2.419884737676675,198.37086609518178,3.510925528099463,-57.820039423588454,11.31222885845699,8.0,0.0975903280682644,8.0,0.14159036948156256,-2.33179561340809,0.45620525155258174,12.103654200000001,0.2340866,11.7456394,0.4681732,-4.0001269,0.619641,0.018153113552886,0.032318437118032,0.009067887667774,0.002000610500652,-0.001138278388302,-0.002518009768062,72.70851435010896,1.9140740005241241,0.2786450004350627,0.08209099905798212,17.771240000001853
pid,05:37:22.536,106,-0.794,-110.404,39.82,-90.242,-87.733,-0.501,11.857145547236312,0.1984459505816035,11.708311084300153,0.29766892587205274,-3.572027110464633,0.694560827034764,10.0,-110.3,111.4,-90.1,-90.3,0.0,7.103,-110.30830485749769,47.82,-90.1032665185027,-90.03138271583319,-0.051289825067997064,195.89095896762595,2.373789189986157,198.44595058136096,3.4413872016490057,-57.013092855410754,11.155395393811432,7.897,0.09569514250230782,8.0,0.13873348149729736,-2.298382715833185,0.44971017493200294,11.8076035,0.2340866,11.470243400000001,0.4062091,-3.2978671,0.6127561,0.019453479853236,0.031382173381779996,0.01447741147723,0.002086843711887,-0.0033630952381650003,-0.0017246642247000002,72.43671932107362,1.903037000374752,0.27735000003303867,0.0833510002848925,17.78870199996163
pid,05:37:22.557,107,-0.556,-110.4,40.045,-90.234,-87.808,-0.491,11.805020659642151,0.19840370856495193,11.160208606804625,0.39680741713131357,-3.7200695356016595,0.49600927141353623,10.0,-110.3,111.4,-90.1,-90.3,0.0,7.222,-110.30620405293035,48.045,-90.09913144038248,-90.07139476565123,-0.045794874642372196,192.8980056527241,2.326182968377969,198.40370856541432,3.344802799623959,-56.13323943159362,11.041293492910441,7.7780000000000005,0.09379594706965122,8.0,0.13486855961751587,-2.2633947656512277,0.4452051253576278,9.9004862,0.2272017,10.148342600000001,0.2478564,-2.7608449,0.3511299,0.023354578754286,0.030810012209626,0.014685470085286,0.001638431013465,-0.004466880341973001,-0.0027422161172730003,72.17647997789862,1.899667000543559,0.30797900035395287,0.08233300104620866,18.18205099880288
pid,05:37:22.577,108,-0.333,-110.396,40.278,-90.226,-87.881,-0.477,10.827080057415383,0.19420771403459397,11.312599342501127,0.388415428068498,-3.5442907811266826,0.6797269991202488,10.0,-110.3,111.4,-90.1,-90.3,0.0,7.3335,-110.30410518971014,48.278,-90.09500168240595,-90.1103859128356,-0.0383036480169297,186.1116799555494,2.2308351297518674,194.20771403435663,3.1801104752859914,-54.1204927290248,10.649776959230445,7.6665,0.09189481028985824,8.0,0.13099831759404879,-2.229385912835596,0.4386963519830703,12.186273,0.2409715,12.385935100000001,0.2478564,-3.3942557,0.3304752,0.020736507936248,0.030549938949556,0.013159706959542,0.002086843711887,-0.0034148351649060005,-0.004397893772985001,71.91115320310196,2.150386999346665,0.45769899952574633,0.14540600022883154,17.04384000004211
pid,05:37:22.597,109,-0.125,-110.39,40.485,-90.219,-87.935,-0.468,10.324196255709925,0.29781335353010524,10.274560696788278,0.3474489124520246,-2.680320181770947,0.44672003029513857,10.0,-110.3,111.4,-90.1,-90.3,0.0,7.4375,-110.30101452889967,48.485,-90.09138180866765,-90.1397682774663,-0.03333221180248269,187.6844571726113,2.208421796987102,198.5422356867293,3.1672001276774635,-54.71745287241714,10.787489306217603,7.5625,0.0889854711003295,8.0,0.12761819133234553,-2.2047682774663,0.43466778819751734,11.7387545,0.13081310000000002,11.786948800000001,0.0757339,-3.8280044,0.1652376,0.019280097679856,0.031104761904372,0.013679853479682,0.000603632478645,-0.0025007631258150004,-0.005122252747359,71.67487258446994,1.894557000923669,0.2747569997154642,0.1626840003154939,17.780109999876004
pid,05:37:22.618,110,0.103,-110.387,40.713,-90.215,-88.002,-0.461,11.231707973644339,0.14778563123216795,11.231707973644415,0.19704750830909057,-3.300545764184618,0.34483313954171246,10.0,-110.3,111.4,-90.1,-90.3,0.0,7.5515,-110.29942622532177,48.713,-90.08926508554744,-90.17560070990324,-0.02936430433797843,183.46354570546023,2.15702426170095,197.0475083095498,3.096968950048869,-53.53782549328777,10.631592290957565,7.4485,0.08757377467823346,8.0,0.1257349144525648,-2.1736007099032406,0.4316356956620216,11.773179,0.1032735,12.069229700000001,0.0275396,-3.1050899000000003,0.5783316000000001,0.018829304029068,0.030549938949556,0.012084737484586,0.000810592185609,-0.0038287545788340004,-0.004208180708268,71.41510132317954,2.4828099994920194,0.3589040006772848,0.16055400010372978,17.01050699921325
pid,05:37:22.638,111,0.34,-110.384,40.952,-90.213,-88.073,-0.455,11.688655848737126,0.14795766897136162,11.78729429471789,0.09863844598137499,-3.501664832321991,0.2959153379427123,10.0,-110.3,111.4,-90.1,-90.3,0.0,7.67,-110.29784106582927,48.952,-90.08815052575397,-90.21335845025777,-0.025903023753643117,180.75495226000658,2.1246458434928255,197.27689196180802,3.0787395302902123,-52.780407843880845,10.58136472801138,7.33,0.08615893417072584,8.0,0.12484947424601955,-2.1403584502577786,0.4290969762463569,11.3187756,0.0963886,11.635481,0.0550792,-3.2152483000000003,0.6127561,0.022591697191414,0.031971672771272,0.0138705738704,0.000741605616621,-0.0034493284494000005,-0.004415140415232,71.14367633880049,2.2213680003915215,0.30403399978240486,0.11838800128316507,17.394651000358863
pid,05:37:22.658,112,0.583,-110.382,41.192,-90.212,-88.141,-0.447,12.043767541890196,0.09912565878075827,11.895079053718813,0.04956282939002697,-3.370272398554233,0.3965026351239575,10.0,-110.3,111.4,-90.1,-90.3,0.0,7.7915,-110.29675834254552,49.192,-90.08753753785419,-90.24953649379015,-0.021452080975055743,178.63682783069032,2.112408862690057,198.2513175619786,3.084355888426851,-52.25251725267636,10.545679454056671,7.2085,0.08524165745448897,8.0,0.12446246214581436,-2.1085364937901403,0.42554791902494427,11.346315200000001,0.06884900000000001,11.9384166,0.1032735,-3.2152483000000003,0.47505810000000004,0.018759951159715998,0.032734554334143996,0.012639560439402,0.0008278388278560001,-0.003242368742436,-0.004018467643551,70.87117545942073,1.99285100097768,0.27923800007556565,0.08761000026424881,17.681147999610403
pid,05:37:22.678,113,0.805,-110.381,41.429,-90.21,-88.202,-0.437,11.01700806928702,0.04962616247450279,11.761400506401097,0.09925232494900559,-3.0271959109298607,0.49626162474265884,10.0,-110.3,111.4,-90.1,-90.3,0.0,7.9025,-110.29617673236656,49.429,-90.08642670921611,-90.2821502981782,-0.016011789021968925,176.1108440805509,2.104726630587612,198.50464989706336,3.0662341029603244,-51.61493833414181,10.446014678873137,7.0975,0.08482326763343906,8.0,0.1235732907838809,-2.0801502981781965,0.4209882109780311,11.064034300000001,0.2134319,11.8282582,0.13769800000000001,-3.2772124000000002,0.481943,0.019314774114532,0.031312820512428,0.013281074480908,0.000500152625163,-0.002897435897496,-0.004777319902419,70.6052413068605,1.9782969993684674,0.3385339987289626,0.12177699863968883,17.598185999304405
pid,05:37:22.698,114,1.033,-110.379,41.667,-90.208,-88.264,-0.426,11.298722937687558,0.09911160471632659,11.79428096127033,0.09911160471632659,-3.0724597462131666,0.5451138259410672,10.0,-110.3,111.4,-90.1,-90.3,0.0,8.0165,-110.29509702424336,49.667,-90.08531774114894,-90.31520454803704,-0.010081970534801588,173.03647288451995,2.0789396419339856,198.22320943311516,3.039808886245015,-50.82454358946336,10.305575832711073,6.983500000000001,0.08390297575664363,8.0,0.12268225885105721,-2.051204548037049,0.4159180294651984,10.8850269,0.14458290000000001,11.9659562,0.2960507,-2.6369167,0.5507920000000001,0.020251037850784,0.031208791208399998,0.014390720390539999,0.001069291819314,-0.0050187728938770005,-0.0038977411478220004,70.33806263325711,2.387811000517104,0.31327500073530246,0.13566500092565548,17.199708001498948
pid,05:37:22.719,115,1.252,-110.375,41.9,-90.204,-88.329,-0.417,10.851951420065218,0.19820915835759775,11.54568347431581,0.19820915835759775,-3.2208988233069142,0.4459706063040503,10.0,-110.3,111.4,-90.1,-90.3,0.0,8.126,-110.29302134661006,49.9,-90.08321280149745,-90.34969335623978,-0.005161202893734063,170.3112193185577,2.031114986460984,198.2091583573555,2.992641119441431,-50.06499117982375,10.203777669167334,6.874,0.08197865338993893,8.0,0.1207871985025406,-2.0206933562397893,0.4118387971062659,10.7679836,0.1652376,11.70433,0.3167054,-2.7677298,0.9707709,0.021828815628541998,0.031676923076526,0.015014896214708,0.001345238095266,-0.004898046398148,-0.002518009768062,70.07747623166804,2.0670359990617726,0.28088599901821,0.08866600001056213,17.621221999434056
pid,05:37:22.739,116,1.467,-110.372,42.138,-90.201,-88.39,-0.407,10.660543326634357,0.14875176734839196,11.80097354297196,0.14875176734839196,-3.0246192694175384,0.49583922449462153,10.0,-110.3,111.4,-90.1,-90.3,0.0,8.2335,-110.29144874243069,50.138,-90.08161095396804,-90.38211938377619,0.00024921239805214546,167.75480562714267,1.9970236542617739,198.33568979784846,2.9598885998817868,-49.388546517614316,10.09650668257477,6.766499999999999,0.08055125756931147,8.0,0.1193890460319551,-1.9921193837761848,0.4072492123980521,10.4099688,0.13769800000000001,11.9866109,0.2685111,-3.0018164,0.6471806,0.023094505494216,0.031503540903146,0.013575824175654,0.000793345543362,-0.004208180708268,-0.00482905982916,69.81307805132215,1.969277998796315,0.27694199889083393,0.08340699969267007,17.728925000483287
pid,05:37:22.759,117,1.681,-110.369,42.375,-90.196,-88.445,-0.391,10.612088483229092,0.148767595559292,11.752640049183716,0.2479459925985851,-2.72740591858655,0.7934271763161919,10.0,-110.3,111.4,-90.1,-90.3,0.0,8.340499999999999,-110.28987917082834,50.375,-90.07901415869522,-90.41148975076675,0.008643451478004383,165.11963377117792,1.9617692524207957,198.35679407904848,2.9006170542320984,-48.75832531892508,9.90899922623284,6.659499999999999,0.07912082917165719,8.0,0.11698584130478196,-1.9664897507667547,0.3996434514780044,10.4099688,0.0895037,12.2000428,0.26162620000000003,-3.1119748,0.8055333,0.021950183149908,0.031954334553934,0.010767032966898,0.002086843711887,-0.0032941086691770003,-0.0031906288156950003,69.55044406040842,1.972019001186709,0.2733860001171706,0.0850730011734413,17.728035998516134
pid,05:37:22.779,118,1.891,-110.366,42.612,-90.19,-88.503,-0.376,10.414470469997042,0.148778149571392,11.753473816139614,0.297556299142784,-2.87637755838048,0.7438907478569324,10.0,-110.3,111.4,-90.1,-90.3,0.0,8.4455,-110.28831262879896,50.612,-90.07592341956425,-90.44230150874853,0.016522539402961667,162.52773022760863,1.9263638887260206,198.37086609518178,2.8286837577771786,-48.08761498876731,9.733129512905704,6.554499999999999,0.07768737120103708,8.0,0.11407658043574997,-1.9393015087485281,0.39252253940296167,10.3411198,0.0826188,11.9728411,0.1996621,-3.1532842000000003,0.9501162000000001,0.021395360195092,0.031711599511202,0.013073015872852,0.00017246642247,-0.0023627899878390004,-0.0019143772894170002,69.2887282752397,1.9524259987520054,0.2747010003076866,0.08262800110969692,17.747535999660613
pid,05:37:22.799,119,2.086,-110.364,42.853,-90.184,-88.564,-0.362,9.670008039725696,0.09917956963798119,11.95113814140457,0.2975387089146483,-3.0249768739651213,0.694256987467487,10.0,-110.3,111.4,-90.1,-90.3,0.0,8.543,-110.28724809938002,50.853,-90.07283872470188,-90.47455186923742,0.023887533928871107,160.10062028848427,1.903055118101302,198.35913927642468,2.7562318611256167,-47.37192804061247,9.568039885954125,6.456999999999999,0.07675190061998194,8.0,0.11116127529811592,-1.9105518692374233,0.3858875339288711,10.0175295,0.1858923,12.0761146,0.1032735,-2.6919959,0.6127561,0.019522832722588,0.032041025640624,0.011928693528543999,0.00041391941392800006,-0.0048807997559010005,-0.0038977411478220004,69.02520189756783,2.1156279999559047,0.27762699937738944,0.08512800013704691,17.572315999132115
pid,05:37:22.819,120,2.504,-110.36,43.331,-90.178,-88.682,-0.329,20.732452012676795,0.19839666997801078,23.70840206234339,0.29759500496666375,-5.852701764344622,1.6367725273165874,10.0,-110.3,111.4,-90.1,-90.3,0.0,8.752,-110.28518761449385,51.331,-90.06976009434986,-90.53518294500113,0.040719192721366815,154.94779925263705,1.855316019689265,198.3966699777683,2.6843046049619748,-45.958165643477045,9.168882082848492,6.248000000000001,0.07481238550614933,8.0,0.1082399056501373,-1.853182945001123,0.36971919272136683,10.1552275,0.2134319,11.8695676,0.0895037,-2.8365788000000003,0.8743823000000001,0.021308669108401998,0.030549938949556,0.01187667887653,0.00017246642247,-0.005122252747359,-0.0024317765568270004,68.50047172100349,1.9460559997241944,0.27538600079424214,0.08318400068674237,17.755202999978792
pid,05:37:22.840,121,2.693,-110.356,43.582,-90.177,-88.737,-0.314,9.30929205909294,0.19702205416093788,12.363133898583628,0.0492555135397095,-2.709053244709221,0.7388327031026147,10.0,-110.3,111.4,-90.1,-90.3,0.0,8.8465,-110.28313076806593,51.582,-90.06918193051148,-90.56426956940889,0.04853793876361839,151.5469012847312,1.7946057200953318,197.02205416069708,2.655317190783925,-45.0015505087841,8.928496175799138,6.153500000000001,0.0728692319340638,8.0,0.10781806948853045,-1.827269569408898,0.3625379387636184,9.762788200000001,0.1583527,11.979726000000001,0.0481943,-3.2703275,0.8674974,0.02132600732574,0.03094871794833,0.01170329670315,0.001103785103808,-0.0022248168498630004,-0.001327991453019,68.22920198126313,1.8986119994224282,0.27670100098475814,0.08190699918486644,17.783220999262994
pid,05:37:22.860,122,2.889,-110.353,43.808,-90.176,-88.797,-0.296,9.723046528681241,0.14882214074512687,11.21126793613242,0.04960738024861061,-2.9764428149025375,0.8929328444707282,10.0,-110.3,111.4,-90.1,-90.3,0.0,8.9445,-110.28157734859514,51.808,-90.06860532900619,-90.59578446496725,0.05783628146839137,150.1987455470136,1.7715453132938825,198.42952099349498,2.663784140319448,-44.616492469248946,8.776445480236545,6.0555,0.07142265140485904,8.0,0.10739467099381272,-1.7987844649672553,0.35383628146839136,9.8798315,0.1032735,11.9728411,0.0550792,-2.8985429000000003,0.68849,0.02019902319877,0.029596336995965998,0.014130647130469999,-0.00024145299145800003,-0.00431166056175,-0.002518009768062,67.98235061396451,1.8992780005646637,0.2735349989961833,0.07668400030524936,17.755202999978792
pid,05:37:22.880,123,3.084,-110.349,44.055,-90.175,-88.857,-0.281,9.676872692853777,0.1984999526734607,12.25737207761476,0.049624988168717785,-2.977499290108963,0.7443748225272104,10.0,-110.3,111.4,-90.1,-90.3,0.0,9.042,-110.27952797830629,52.055,-90.06802976223754,-90.627238369596,0.06561940496158591,147.8328397539044,1.7237741272954041,198.49995267392333,2.654198391670662,-43.92402907329622,8.600491935092284,5.958,0.0694720216937128,8.0,0.10697023776245373,-1.770238369596001,0.34661940496158594,9.4736224,0.1721225,12.0416901,0.0137698,-2.7126506,0.9914256,0.018898656898419998,0.029752380952008,0.01361050061033,-0.0008623321123500001,-0.0047428266179250006,0.000137973137976,67.71520742787398,1.9015010002476629,0.2747749986156123,0.0838329997350229,17.78840600127296
pid,05:37:22.900,124,3.28,-110.346,44.28,-90.174,-88.912,-0.265,9.71213401854804,0.14865511252880237,11.149133439659826,0.04955170417579801,-2.725343729694945,0.79282726682025,10.0,-110.3,111.4,-90.1,-90.3,0.0,9.14,-110.27798156214286,52.28,-90.06745509275723,-90.6561389268756,0.07388680242490764,145.18649323645815,1.6852147556147135,198.20681670506232,2.639740862590989,-43.212528073424174,8.396209291499792,5.860000000000001,0.06801843785714823,8.0,0.10654490724277821,-1.7441389268755927,0.33888680242490765,9.0811831,0.13769800000000001,11.6561357,0.034424500000000004,-2.7401902000000002,0.5783316000000001,0.018309157508928,0.029110866910502,0.014078632478456,5.173992674100001e-05,-0.0038460012210810002,-0.001638431013465,67.4704169321637,1.9716480001079617,0.2986270010296721,0.10753599963209126,17.662407999523566
pid,05:37:22.920,125,3.453,-110.343,44.519,-90.174,-88.962,-0.249,8.581467808316384,0.14881158049104118,11.855322579119026,0.0,-2.4801930081837846,0.7936617626188569,10.0,-110.3,111.4,-90.1,-90.3,0.0,9.2265,-110.27643821874189,52.519,-90.06738050178814,-90.68248761223555,0.0821377909560203,143.19394332749894,1.6508606448863157,198.41544065471405,2.6443693400115227,-42.671413465336485,8.212856338745919,5.7735,0.06656178125811607,8.0,0.10661949821187022,-1.7204876122355444,0.3311377909560203,9.1844566,0.0895037,12.000380700000001,-0.0068849,-2.8090392,0.48882790000000004,0.019522832722588,0.029249572649206,0.010246886446757999,0.00048290598291600006,-0.0033630952381650003,-0.001603937728971,67.21451435515993,1.9122220001008827,0.29547900157922413,0.10777700117614586,17.734683999151457
pid,05:37:22.940,126,3.64,-110.341,44.77,-90.174,-89.014,-0.238,9.274057299611,0.0991877786059387,12.448066214986108,0.0,-2.5788822437417207,0.5455327823300585,10.0,-110.3,111.4,-90.1,-90.3,0.0,9.32,-110.27539688300418,52.77,-90.06730589582253,-90.70978414293528,0.08787773987245556,140.84664561976044,1.626756861102211,198.3755572109302,2.645687795916124,-42.05026553303064,8.080772278729617,5.68,0.06560311699581689,8.0,0.10669410417747827,-1.6957841429352811,0.32587773987245555,9.0123341,0.1239282,11.9246468,0.0550792,-2.9742768,0.68849,0.01759829059807,0.028937484737122,0.010021489621364,-0.00046565934066900006,-0.0038287545788340004,-0.0016729242979590003,66.94568019670874,1.9304079996800283,0.31053400016389787,0.12410999988787808,17.678407000857987
pid,05:37:22.961,127,3.818,-110.339,44.999,-90.173,-89.07,-0.226,8.818119789759638,0.09907999763751786,11.344659729522196,0.049539998819110934,-2.774239933856836,0.5944799858264918,10.0,-110.3,111.4,-90.1,-90.3,0.0,9.409,-110.27435752087163,52.999,-90.06673221798468,-90.73902556403876,0.0941058383841514,138.48906669816336,1.6011941698340777,198.15999527549755,2.632252897761877,-41.341762235575544,7.929021427732828,5.591000000000001,0.0646424791283664,8.0,0.10626778201532261,-1.669025564038762,0.3201058383841514,8.564815600000001,0.0826188,11.8626827,0.034424500000000004,-2.9536221,0.5370222,0.01803174603152,0.029232234431868,0.010333577533448,-0.00034493284494,-0.0025007631258150004,-0.0017074175824530002,66.69993066713039,1.947407999978168,0.2803309998853365,0.0895550001587253,17.730239998854813
pid,05:37:22.981,128,3.993,-110.337,45.249,-90.172,-89.129,-0.214,8.676365871533598,0.09915846710301011,12.394808387905151,0.04957923355185734,-2.925174779546196,0.5949508026194478,10.0,-110.3,111.4,-90.1,-90.3,0.0,9.4965,-110.27332020686197,53.249,-90.06615960693884,-90.76970650202036,0.10032165454816813,136.429655925672,1.5785976682546525,198.31693420648241,2.623742783387365,-40.67248542666482,7.79191336058772,5.503499999999999,0.06367979313803573,8.0,0.10584039306115756,-1.6407065020203504,0.31432165454816813,8.6818589,0.1996621,11.910877000000001,0.0413094,-2.6300318000000003,0.344245,0.021655433455162,0.029492307691938,0.010888400488264,-1.7246642247e-05,-0.0036735347986110002,-0.00224206349211,66.43389526439046,1.9189449994883034,0.2777010013232939,0.0764619999245042,17.772481000065454
pid,05:37:23.001,129,4.154,-110.334,45.473,-90.171,-89.18,-0.206,7.987543989969484,0.14883622341558606,11.113104681696505,0.049612074471392,-2.530215798064963,0.39689659577488146,10.0,-110.3,111.4,-90.1,-90.3,0.0,9.577,-110.27178594101,53.473,-90.06558805177737,-90.79633525949717,0.10452926529836645,134.52313993044876,1.5432842639044142,198.44829788744056,2.614852712722839,-40.09487263283326,7.703000517837285,5.423,0.062214058990008425,8.0,0.10541194822263833,-1.6163352594971627,0.31052926529836644,8.3926931,0.1721225,11.9590713,0.0137698,-2.5405281,0.2685111,0.01985225885201,0.02886813186777,0.012726251526091999,-0.000793345543362,-0.004173687423774,-0.003035409035472,66.19552913905893,1.907277999634971,0.2882190001400886,0.10055499842565041,17.73512900035712
pid,05:37:23.021,130,4.331,-110.331,45.722,-90.17,-89.229,-0.201,8.779260282396372,0.14880102173553697,12.350484804049216,0.04960034057874728,-2.430416688346634,0.24800170289255105,10.0,-110.3,111.4,-90.1,-90.3,0.0,9.665500000000002,-110.27025469122458,53.722,-90.06501748774576,-90.82191488918066,0.10723188487482066,132.29650840803197,1.5064940019040098,198.40136231404176,2.603584181299038,-39.504560507970446,7.644203233473664,5.334500000000001,0.06074530877542372,8.0,0.10498251225423871,-1.592914889180662,0.30823188487482067,8.7162834,0.1858923,11.8695676,0.1101584,-2.5680677000000003,0.3648997,0.0199389499387,0.026943589743252,0.012882295482134,-0.00022420634921100003,-0.0031906288156950003,-0.0025007631258150004,65.93125622950014,1.8882410004152916,0.2766640009213006,0.08112899922707584,17.797721000533784
pid,05:37:23.041,131,4.489,-110.328,45.961,-90.169,-89.279,-0.194,7.802161953424825,0.14814231557136354,11.802004473851378,0.049380771857355094,-2.469038592855825,0.3456654029998355,10.0,-110.3,111.4,-90.1,-90.3,0.0,9.744499999999999,-110.2687263401084,53.961,-90.06444762249517,-90.84794869238138,0.11092831760835636,129.76032324754527,1.4634895381220039,197.52308742847725,2.581438550342653,-38.737948717005345,7.528797842296732,5.255499999999999,0.05927365989160194,8.0,0.10455237750483093,-1.5689486923813831,0.30492831760835637,8.2274555,0.13769800000000001,11.8626827,0.0550792,-2.4992187,0.5301373,0.020632478632219998,0.027429059828716,0.01231013430998,-0.00034493284494,-0.0030871489622130003,-0.0018971306471700002,65.67891186674761,1.9177039994247025,0.3401630001462763,0.0966099996730918,17.687665998892044
pid,05:37:23.062,132,4.655,-110.325,46.186,-90.168,-89.33,-0.185,8.232780314765128,0.14878518641142327,11.158888980856393,0.04959506213667123,-2.5293481689941957,0.4463555592342533,10.0,-110.3,111.4,-90.1,-90.3,0.0,9.8275,-110.26720113598633,54.186,-90.06387906728315,-90.87442661231756,0.11561482811164853,128.26522945217627,1.4332691261071369,198.38024854855684,2.5819420639346133,-38.29796690207043,7.454505539771316,5.1725,0.05779886401367662,8.0,0.10412093271685308,-1.5444266123175652,0.3006148281116485,8.2412253,0.1101584,12.262006900000001,0.0895037,-2.6093771,0.4199789,0.020077655677404,0.027775824175476,0.00892918192907,-0.0008623321123500001,-0.0035700549451290003,-0.0019316239316640002,65.44016499826388,1.9176109999534674,0.35192300128983334,0.09531399882689584,17.673499998636544
pid,05:37:23.082,133,4.824,-110.323,46.438,-90.166,-89.382,-0.175,8.386126897367623,0.0992441052947655,12.504757267080867,0.0992441052947655,-2.580346737651915,0.4962205264714586,10.0,-110.3,111.4,-90.1,-90.3,0.0,9.911999999999999,-110.26617796080636,54.438,-90.06281256459283,-90.90135160428285,0.12079116100263593,126.23850193433896,1.4098131101922111,198.48821058858326,2.560186176149118,-37.696672648624556,7.338882281916591,5.087999999999999,0.0568220391936336,8.0,0.10318743540716468,-1.5193516042828463,0.2957911610026359,7.662893700000001,0.0895037,11.9315317,0.0895037,-2.1549737,0.3029356,0.02158608058581,0.027585103784757998,0.009848107447983999,-0.000396672771681,-0.006570970696107001,-0.003000915750978,65.17461663868842,1.945426000020234,0.2852380002877908,0.09986899931391235,17.75411000016902
pid,05:37:23.102,134,4.981,-110.322,46.679,-90.165,-89.429,-0.168,7.765306163842409,0.04946054881381614,11.91999226424215,0.04946054881381614,-2.324645794271148,0.3462238416999789,10.0,-110.3,111.4,-90.1,-90.3,0.0,9.9905,-110.26565572085904,54.679,-90.06224685565758,-90.92573210401535,0.12446099332761759,123.88630964257497,1.393409484428327,197.8421952571314,2.5411134557848856,-37.01459564627769,7.232640618377141,5.009500000000001,0.05634427914095852,8.0,0.10275314434242944,-1.4967321040153507,0.2924609933276176,8.1104122,0.1101584,12.000380700000001,0.1101584,-2.2375925,0.3029356,0.017806349206126,0.028313308912954,0.009778754578631999,0.00010347985348200002,-0.00448412698422,-0.0036045482296230003,64.92141230749682,2.0732760003738804,0.30847899870423134,0.11883200022566598,17.52846499948646
pid,05:37:23.122,135,5.14,-110.32,46.905,-90.163,-89.472,-0.163,7.887573459491415,0.09921476049722122,11.21126793613242,0.09921476049722122,-2.1331173506796817,0.24803690124186895,10.0,-110.3,111.4,-90.1,-90.3,0.0,10.07,-110.26463556256819,54.905,-90.06118335704136,-90.94806665725707,0.12712528339815135,122.28219231224126,1.3732423499585633,198.42952099349498,2.525428461431154,-36.611899969248995,7.196177626599644,4.930000000000001,0.05536443743180541,8.0,0.10181664295863868,-1.4760666572570784,0.29012528339815136,7.5940447,0.06884900000000001,11.8971072,0.0895037,-2.478564,0.2960507,0.021794139193866,0.02791452991418,0.010784371184235999,0.000275946275952,-0.0032596153846830003,-0.0038115079365870002,64.68339158547579,1.9885929996235063,0.28264600041438825,0.09297999895352405,17.674814000201877
pid,05:37:23.142,136,5.295,-110.319,47.154,-90.161,-89.518,-0.157,7.692328225758754,0.04962792403668488,12.357353085251255,0.09925584807407502,-2.2828845057093674,0.2977675442229193,10.0,-110.3,111.4,-90.1,-90.3,0.0,10.1475,-110.26411642011928,55.154,-90.06012189970541,-90.971854520154,0.13028346047592157,120.40975069514288,1.3618790666036378,198.51169614861269,2.503185349216222,-36.075890843637175,7.1286408768147655,4.852500000000001,0.05488357988072323,8.0,0.10087810029459376,-1.453854520153996,0.28728346047592157,7.9038652,0.0963886,11.8351431,0.1721225,-2.7057657,0.3993242,0.019106715506476,0.028417338216982,0.011477899877756,-0.000672619047633,-0.00155219780223,-0.0032596153846830003,64.42302225136602,1.9305559999338584,0.27751600100600626,0.09053599933395162,17.745777000527596
pid,05:37:23.162,137,5.449,-110.317,47.391,-90.157,-89.567,-0.15,7.642067343413545,0.09924762783701349,11.760843898629682,0.1984952556733218,-2.431566881994842,0.3473666974278889,10.0,-110.3,111.4,-90.1,-90.3,0.0,10.224499999999999,-110.2630992912464,55.391,-90.05806446760225,-90.99709307684898,0.13393459758949275,118.48926168334872,1.3373793706253567,198.49525567307919,2.4547792248054217,-35.48333636567999,7.044958817869903,4.775499999999999,0.05390070875358788,8.0,0.09893553239774633,-1.4300930768489906,0.28393459758949274,7.284224200000001,0.1239282,11.8626827,0.3717846,-2.8090392,0.6678353,0.02245299145271,0.028937484737122,0.010905738705602,0.0009658119658320001,-0.0022593101343570004,-0.0016729242979590003,64.17497182702928,1.941037000506185,0.28188599935674574,0.11155500033055432,17.70905500052322
pid,05:37:23.183,138,5.598,-110.315,47.615,-90.151,-89.62,-0.14,7.392111659155697,0.09922297529044924,11.1129732325564,0.29766892587205274,-2.6294088452036024,0.49611487645340147,10.0,-110.3,111.4,-90.1,-90.3,0.0,10.299,-110.26208417377997,55.615,-90.05501306821631,-91.0242784019947,0.1390756939430236,116.61180171037225,1.312616429379148,198.44595058136096,2.381027240150026,-34.834170295589125,6.922680171084536,4.701,0.05291582622002977,8.0,0.09598693178368478,-1.404278401994702,0.2790756939430236,7.4081524000000005,0.0619641,11.910877000000001,0.2272017,-1.9208871,0.3717846,0.019644200243954,0.026735531135196,0.010871062270926,0.000275946275952,-0.004277167277256,-0.0028801892552490003,63.94050871708795,7.747611998638604,0.30214499929570593,0.12699900071311276,11.866738999742665
pid,05:37:23.203,139,5.747,-110.313,47.864,-90.144,-89.669,-0.128,7.387218477759785,0.09915729500325594,12.3450832279339,0.3470505325117481,-2.4293537275850547,0.5949437700209228,10.0,-110.3,111.4,-90.1,-90.3,0.0,10.3735,-110.26107106329727,55.864,-90.0514686942749,-91.04941476465463,0.14520478177261342,114.6878063334082,1.2872832239625316,198.31459000697407,2.2937884947104967,-34.21954851150723,6.772561785647582,4.6265,0.051928936702736905,8.0,0.09253130572510315,-1.3804147646546312,0.2732047817726134,7.4081524000000005,0.0619641,11.910877000000001,0.2272017,-1.9208871,0.3717846,0.019644200243954,0.026735531135196,0.010871062270926,0.000275946275952,-0.004277167277256,-0.0028801892552490003,63.68145691643684,2.0889060015178984,0.8463630001642741,0.23109100038709585,16.578898999796365
pid,05:37:23.223,140,5.893,-110.312,48.104,-90.138,-89.714,-0.119,7.232754399640937,0.04953941369640738,11.889459287081099,0.2972364821770363,-2.229273616327772,0.44585472326553793,10.0,-110.3,111.4,-90.1,-90.3,0.0,10.4465,-110.26055895172881,56.104,-90.0484303409748,-91.07250621291399,0.1498248881597518,112.78886013275694,1.274179685635334,198.15765478468333,2.218614196537135,-33.64980064518222,6.6587136731864005,4.5535000000000005,0.05144104827118667,8.0,0.08956965902520153,-1.3585062129139942,0.2688248881597518,7.4976561,0.06884900000000001,11.9866109,0.1032735,-1.9690814,0.47505810000000004,0.018794627594392,0.02886813186777,0.009293284493168,0.00034493284494,-0.0037770146520930002,-0.003173382173448,63.431933676973784,2.0024810000904836,1.2510619999375194,0.2258690001326613,16.676825000104145
pid,05:37:23.243,141,6.04,-110.31,48.344,-90.135,-89.753,-0.112,7.204181716208649,0.09801607777131766,11.761929332585627,0.1470241166573247,-1.911313516545221,0.3430562722004109,10.0,-110.3,111.4,-90.1,-90.3,0.0,10.52,-110.25954874932098,56.344,-90.04689463254738,-91.09256428462267,0.15343915512752526,109.77800710413162,1.2362584275566237,196.03215554309216,2.1589356370818495,-32.82470927539021,6.50432621814825,4.4799999999999995,0.05045125067901779,8.0,0.08810536745262709,-1.3395642846226679,0.26543915512752525,7.125871500000001,0.0963886,12.0072656,0.0206547,-2.2513623000000003,0.6334108,0.019661538461292,0.027931868131518,0.009848107447983999,0.000275946275952,-0.001414224664254,-0.001517704517736,63.18270185739132,3.1219709999277256,0.5818829995405395,0.11340600030962378,16.11260800018499
pid,05:37:23.263,142,6.183,-110.309,48.573,-90.133,-89.794,-0.102,7.090752385118271,0.04958568101504991,11.355120952392172,0.09917136203009982,-2.0330129216071815,0.49585681014813193,10.0,-110.3,111.4,-90.1,-90.3,0.0,10.5915,-110.25903967412043,56.573,-90.045861356812,-91.11357451256514,0.15854200740051266,109.29923737690189,1.2386583912303437,198.34272405925262,2.160414482591923,-32.71600042766618,6.459576434960454,4.4085,0.049960325879567336,8.0,0.08713864318799835,-1.31957451256514,0.26054200740051264,6.8091661000000006,0.0481943,11.9521864,0.0619641,-2.1136643,0.3580148,0.018863980463744,0.027723809523461998,0.011755311355164,-0.000275946275952,-0.001310744810772,-0.0018626373626760002,62.94496825005157,3.1336559986812063,0.46279100024548825,0.26264600091963075,16.141235999384662
pid,05:37:23.284,143,6.324,-110.308,48.812,-90.131,-89.838,-0.088,6.970402904153506,0.0494354815892747,11.815080099948002,0.09887096317925191,-2.1751611899484598,0.6920967422563763,10.0,-110.3,111.4,-90.1,-90.3,0.0,10.661999999999999,-110.25853158276605,56.812,-90.04483000281381,-91.13604178828001,0.16563101229858393,107.2255595681486,1.2227475147212647,197.7419263589647,2.1299276547429153,-32.084660463615606,6.269185619537031,4.337999999999999,0.04946841723395323,8.0,0.08616999718618956,-1.2980417882800168,0.2536310122985839,7.0088282,0.1101584,12.034805200000001,0.13081310000000002,-1.9553116000000001,0.3580148,0.016020512820312,0.027845177044827998,0.01361050061033,0.001103785103808,-0.0033630952381650003,-0.003069902319966,62.697630999903026,1.9814259994745953,4.069925000294461,0.14372099940374028,13.84881400008453
pid,05:37:23.304,144,6.461,-110.306,49.058,-90.13,-89.882,-0.078,6.778813075843217,0.09896077483030016,12.17217530406891,0.04948038741515008,-2.1771370462567594,0.49480387414913796,10.0,-110.3,111.4,-90.1,-90.3,0.0,10.7305,-110.25752551975775,57.058,-90.04429968777227,-91.15846417785883,0.1707098314065933,105.62825703398728,1.1992680310616275,197.92154965965528,2.120242325303513,-31.57997102085707,6.153129405948068,4.269499999999999,0.04847448024224832,8.0,0.08570031222772911,-1.276464177858827,0.2487098314065933,6.4855758,0.14458290000000001,11.752524300000001,0.0895037,-1.8244985,0.48882790000000004,0.020424420024164,0.026995604395266,0.009310622710506,-0.0008450854701030001,-0.0032596153846830003,-0.0016556776557120003,62.443824586583425,2.059313999779988,0.3499220001685899,0.13040600060776342,17.505743000583607
pid,05:37:23.324,145,6.597,-110.304,49.284,-90.128,-89.926,-0.071,6.730444279258557,0.09897712175357155,11.184414758179607,0.09897712175357155,-2.177496678583497,0.3464199261383081,10.0,-110.3,111.4,-90.1,-90.3,0.0,10.7985,-110.25652147841978,57.284,-90.0432713984065,-91.18084204295873,0.17428156515550608,103.96309426215,1.1748218527840417,197.95424350760445,2.0965482789872665,-31.050163416929127,6.069315834589925,4.2015,0.04747852158021715,8.0,0.08472860159349693,-1.2548420429587281,0.2452815651555061,6.5819644,0.06884900000000001,12.1793881,0.0413094,-1.8864626,0.6678353,0.017632967032746,0.027446398046053998,0.009865445665322,-0.000293192918199,-0.0032596153846830003,-0.0008450854701030001,62.210317327594474,3.8436300001194468,0.6606970000575529,0.10672099961084314,15.354946999650565
pid,05:37:23.344,146,6.73,-110.302,49.521,-90.127,-89.959,-0.064,6.597547479095952,0.09921124028692595,11.756531974028217,0.04960562014381544,-1.6369854647381552,0.3472393410050497,10.0,-110.3,111.4,-90.1,-90.3,0.0,10.865,-110.25551946251917,57.521,-90.04274418374824,-91.19768575401307,0.17784607397508617,102.55961964684872,1.1528479431718661,198.42248057431433,2.089781007935884,-30.722887495416995,5.998462239411966,4.135,0.04648053748083214,8.0,0.08425581625175482,-1.238685754013062,0.24184607397508617,6.4511513,0.0963886,12.034805200000001,0.0826188,-1.8451532000000002,0.47505810000000004,0.017528937728718,0.027810500610152,0.008582417582309999,-0.000293192918199,-0.004156440781527,-0.0016729242979590003,61.9663186820066,3.998406999016879,0.43966299926978536,0.10605400166241452,15.428818000145839
pid,05:37:23.364,147,6.86,-110.3,49.769,-90.126,-89.993,-0.052,6.447434314768826,0.09919129715076333,12.299720846635802,0.04959564857467687,-1.686252051554519,0.5951477829017384,10.0,-110.3,111.4,-90.1,-90.3,0.0,10.93,-110.25451946251917,57.769,-90.04221797177124,-91.21499525697232,0.1838984979290962,100.92714485041978,1.1278183769540118,198.3825943005794,2.077612014473368,-30.302823662646347,5.849769501347995,4.069999999999999,0.045480537480827365,8.0,0.08378202822876801,-1.2219952569723205,0.2358984979290962,6.3134533,0.0619641,11.842028,0.0757339,-1.8313834,0.3373601,0.019748229547982,0.02713431013397,0.008825152625042,-0.000551892551904,-0.0038115079365870002,-0.0016556776557120003,61.711728139795284,4.2406270003993995,0.2889970000978792,0.10636899969540536,15.409558000101242
pid,05:37:23.385,148,6.99,-110.298,49.996,-90.125,-90.029,-0.041,6.447053148093403,0.09918543304735973,11.257546650901759,0.04959271652403224,-1.7853377948567037,0.5455198817617497,10.0,-110.3,111.4,-90.1,-90.3,0.0,10.995000000000001,-110.25352147894431,57.996,-90.04169276645707,-91.2332684825778,0.18943983464431757,99.30941483890038,1.1029053430565259,198.37086609518178,2.065716008737898,-29.861472737511082,5.714068697652969,4.005000000000001,0.04447852105569439,8.0,0.08330723354292502,-1.2042684825778025,0.23043983464431758,6.4373815,0.13769800000000001,11.9866109,0.0619641,-2.0241606,0.3373601,0.018066422466196,0.027116971916632,0.010923076922939999,-0.000327686202693,-0.002173076923122,-0.001345238095266,61.47834632616594,4.2612190009094775,0.3078299996559508,0.12738799887301866,15.347041000495665
pid,05:37:23.405,149,7.114,-110.297,50.236,-90.124,-90.067,-0.033,6.149060616450487,0.0495891985199989,11.901407644742655,0.0495891985199989,-1.8843895437507971,0.396713588158097,10.0,-110.3,111.4,-90.1,-90.3,0.0,11.057,-110.25302450379658,58.236,-90.04116856763886,-91.25250341277122,0.19347310801935194,97.76510488171103,1.090354805618291,198.35679407904848,2.0537721715160937,-29.394082040883923,5.615309956479587,3.9430000000000005,0.04397549620341579,8.0,0.08283143236113233,-1.1855034127712258,0.22647310801935194,6.1895251,0.0619641,11.8489129,0.13081310000000002,-1.9415418,0.5025977,0.018621245421012,0.02644078144045,0.010038827838702,0.000258699633705,-0.0023627899878390004,-0.001293498168525,61.23250652227133,2.5594019989512162,0.3296270006103441,0.1469430008000927,17.06659899900842
pid,05:37:23.425,150,7.239,-110.295,50.473,-90.123,-90.108,-0.027,6.163815704393421,0.09862105127006489,11.68659457553002,0.04931052563468207,-2.021731551041586,0.2958631538108843,10.0,-110.3,111.4,-90.1,-90.3,0.0,11.1195,-110.25202957370806,58.473,-90.04064524604607,-91.27319809737206,0.19650048554134367,95.67474736359468,1.0594471536110883,197.24210254058949,2.030478103011,-28.72826532524473,5.510463210877155,3.8805000000000005,0.042970426291944364,8.0,0.08235475395393621,-1.1651980973720555,0.22350048554134366,6.058712,0.14458290000000001,12.048575,0.13769800000000001,-1.5559874,0.6334108,0.018707936507702,0.02661416361383,0.008617094016986,-0.000586385836398,-0.004380647130738,-0.00044841269842200006,60.98984011292373,2.098924998790608,0.32144199940375984,0.15675799841119442,17.466465000325115
pid,05:37:23.446,151,7.363,-110.293,50.712,-90.121,-90.15,-0.018,6.006741306230898,0.09688292429382052,11.577509453138743,0.09688292429450891,-2.03454141017505,0.43597315932320846,10.0,-110.3,111.4,-90.1,-90.3,0.0,11.1815,-110.2510367989235,58.712,-90.03962357039975,-91.2943529234171,0.20101906466674804,92.48686160420395,1.0163794082579025,193.76584858809264,1.9709966170699615,-27.717064411272045,5.304801865265346,3.8184999999999993,0.041963201076512746,8.0,0.08137642960024039,-1.1443529234170882,0.21901906466674803,5.9072442,0.1239282,12.0072656,0.26162620000000003,-1.652376,0.3786695,0.019193406593166,0.025365811965494,0.01074969474956,-3.4493284494e-05,-0.0036390415141170003,-0.001103785103808,60.745456019360006,3.893204000632977,0.3339039994898485,0.14220299999578856,15.83436900000379
pid,05:37:23.466,152,7.484,-110.291,50.95,-90.118,-90.19,-0.007,5.90300417563243,0.09757031695306838,11.610867717359675,0.1463554754289093,-1.9514063390516618,0.5366367432393138,10.0,-110.3,111.4,-90.1,-90.3,0.0,11.242,-110.2500460230403,58.95,-90.03810512216614,-91.31446566262245,0.2065262389798164,91.66731277697005,0.9989731281070132,195.140633905205,1.948842138284414,-27.42861777609768,5.2084557037394585,3.758000000000001,0.040953976959698934,8.0,0.0798948778338513,-1.1244656626224554,0.2135262389798164,5.9141291,0.1652376,11.9177619,0.2272017,-1.8038438,0.2203168,0.020909890109627998,0.026406105005774,0.010246886446757999,0.00024145299145800003,-0.003138888888954,-0.001517704517736,60.502440529287746,3.368079000210855,0.2854049998859409,0.09981399853131734,16.415734000474913
pid,05:37:23.487,153,7.603,-110.289,51.197,-90.114,-90.223,0.002,5.821141970773113,0.09783431883629509,12.082538376310596,0.19566863767259018,-1.6142662608026923,0.440254434764354,10.0,-110.3,111.4,-90.1,-90.3,0.0,11.3015,-110.24905726653861,59.197,-90.03609081225919,-91.33104436711072,0.2110241947073936,90.46005705422017,0.9769425301657905,195.6686376730462,1.905548078432202,-27.1011914742311,5.112434927387657,3.698500000000001,0.03994273346138755,8.0,0.0779091877408149,-1.1080443671107219,0.20902419470739358,5.9141291,0.13769800000000001,11.8489129,0.3235903,-1.7281099,0.14458290000000001,0.017806349206126,0.026371428571097998,0.008825152625042,0.000810592185609,-0.0027422161172730003,-0.00275946275952,60.2507515969718,3.3566900001460453,0.2903300010075327,0.11190699842700269,16.297457999826293
pid,05:37:23.507,154,7.718,-110.287,51.423,-90.108,-90.254,0.007,5.643903911634285,0.09815485063688906,11.091498121994269,0.2944645519113646,-1.5214001848756162,0.24538712659279455,10.0,-110.3,111.4,-90.1,-90.3,0.0,11.359,-110.24807051091719,59.423,-90.03308266187238,-91.34659123183489,0.21351706311893456,89.34545279243649,0.9552795465758313,196.30970127423564,1.8383750335117195,-26.8107822920444,5.067662871113813,3.641,0.038929489082818236,8.0,0.07491733812761936,-1.0925912318348878,0.20651706311893456,5.5010351,0.0275396,11.9177619,0.206547,-1.4940233,0.1652376,0.020337728937474,0.02462026861996,0.008825152625042,0.000275946275952,-0.004018467643551,-0.002483516483568,60.02041695123419,2.9590649992314866,0.3395710009499453,0.2215350014012074,16.531713999938802
pid,05:37:23.527,155,7.834,-110.285,51.674,-90.102,-90.287,0.01,5.7371530452213735,0.0989164318146342,12.414012192677204,0.29674929544249695,-1.6321211249337333,0.14837464772124284,10.0,-110.3,111.4,-90.1,-90.3,0.0,11.417,-110.24708567523288,59.674,-90.03008063996363,-91.36310437424183,0.21500695357513422,88.60439379753552,0.937587430151527,197.8328636283238,1.778501618289156,-26.611101239903185,5.069639086185954,3.583,0.037914324767115204,8.0,0.07191936003637522,-1.0761043742418224,0.2050069535751342,5.7351217000000005,0.0481943,11.752524300000001,0.1927772,-1.5628723,0.1927772,0.019020024419786,0.026215384615056,0.006172405372328,0.000275946275952,-0.0034148351649060005,-0.002276556776604,59.76526691984234,3.017693999936455,0.3059230002691038,0.11786899995058775,16.610546999800135
pid,05:37:23.548,156,7.944,-110.283,51.907,-90.096,-90.32,0.013,5.381640713394237,0.09784801297057598,11.399293511098522,0.2935440389124232,-1.6144922140176323,0.146772019456206,10.0,-110.3,111.4,-90.1,-90.3,0.0,11.472,-110.24610304911661,59.907,-90.02708472793627,-91.37958393437862,0.216493667664051,86.30194744024915,0.9025733321552898,195.69602594160804,1.6858056086947737,-25.91954563868382,4.977862758267136,3.5279999999999996,0.03689695088338851,8.0,0.06891527206373382,-1.0595839343786224,0.203493667664051,5.5698841,0.0963886,11.8282582,0.13769800000000001,-1.9071173000000001,0.2822809,0.017286202685986,0.026475457875126,-0.008721123321014,-0.000327686202693,-0.00310439560446,-0.002793956044014,59.528523070877554,2.6827710007637506,0.30971900014264975,0.12922099995194003,16.92985800036695
pid,05:37:23.568,157,8.055,-110.282,52.144,-90.092,-90.356,0.016,5.418934342082279,0.04881922830728077,11.570157108770388,0.1952769132284293,-1.7574922190537825,0.14645768492114303,10.0,-110.3,111.4,-90.1,-90.3,0.0,11.5275,-110.2456214844756,60.144,-90.02509292142915,-91.3975265799284,0.21797728067827216,84.7623851481115,0.8879855274282736,195.27691322819066,1.6331759720538503,-25.423261946691515,4.930187489134608,3.4725,0.03637851552439031,8.0,0.06690707857084988,-1.0415265799284015,0.20197728067827214,5.0397468000000005,0.1032735,11.70433,0.0757339,-1.7831891,0.3717846,0.02054578754553,0.026198046397718,0.00988278388266,-0.00022420634921100003,-0.002207570207616,-0.0027767094017670003,59.28794431416897,2.2855709994473727,0.2790159996948205,0.08533299842383713,17.48729800056026
pid,05:37:23.589,158,8.167,-110.28,52.379,-90.09,-90.39,0.02,5.5087251747267745,0.09837009240560592,11.558485857685605,0.09837009240560592,-1.6722915708994943,0.19674018481167035,10.0,-110.3,111.4,-90.1,-90.3,0.0,11.5835,-110.24464181585836,60.379,-90.02410308712054,-91.41443508870601,0.2199569492955207,84.02035517613396,0.8695469603288738,196.74018481167033,1.6205713523032441,-25.193443584947644,4.917445894847318,3.416500000000001,0.03535818414164282,8.0,0.06589691287946664,-1.0244350887060136,0.19995694929552071,5.4046465,0.0413094,11.7938337,0.0826188,-1.2737065,0.3993242,0.018482539682308,0.02479365079334,0.00823565323555,0.000500152625163,-0.004432387057479,-0.00206959706964,59.049532851666164,2.198034999310039,0.27566400058276486,0.07851800000935327,17.734720999214915
pid,05:37:23.609,159,8.272,-110.279,52.612,-90.089,-90.422,0.026,5.145182779367975,0.04900174075611925,11.417405596121469,0.04900174075611925,-1.568055704188156,0.29401044453531155,10.0,-110.3,111.4,-90.1,-90.3,0.0,11.636,-110.24416324366855,60.612,-90.02361431121159,-91.43031060333252,0.22293041962575907,82.42092795139902,0.853530851264677,196.0069630235411,1.602006285577504,-24.70448739295518,4.824966684724574,3.363999999999999,0.03483675633144401,8.0,0.06538568878841033,-1.008310603332518,0.19693041962575908,5.2394089,0.0481943,11.8626827,0.034424500000000004,-1.3012461,0.2960507,0.018569230768998,0.025053724053409998,0.008998534798422,-0.000327686202693,-0.004449633699726001,-0.0018798840049230002,58.81352778060504,1.9183709991921205,0.2778489997581346,0.09005499850900378,17.763369000022067
pid,05:37:23.629,160,8.376,-110.277,52.849,-90.088,-90.451,0.033,5.155996501264706,0.09915377887024479,11.749722796151133,0.04957688943547466,-1.43772979362172,0.3470382260466657,10.0,-110.3,111.4,-90.1,-90.3,0.0,11.687999999999999,-110.24318643996048,60.849,-90.02312641362475,-91.44465831463336,0.22639713798952096,82.09932890475403,0.838185563745596,198.30755774095175,1.6081153094962464,-24.631244200491743,4.794014263598967,3.3119999999999994,0.033813560039519075,8.0,0.0648735863752421,-0.9936583146333646,0.19339713798952096,4.8331998,0.0481943,11.6905602,0.0963886,-1.5215629,0.1927772,0.02227960927933,0.024758974358664,0.009657387057266,-0.000534645909657,-0.0038804945055750002,-0.0027767094017670003,58.57372738694372,1.9111849996988894,0.27421899903856684,0.0763139996706741,17.789331999665592
pid,05:37:23.650,161,8.481,-110.276,53.085,-90.087,-90.48,0.04,5.1774834530513605,0.04930936621977201,11.637010427810837,0.04930936621907128,-1.4299716203670818,0.3451655635367559,10.0,-110.3,111.4,-90.1,-90.3,0.0,11.7405,-110.24271077610778,61.085,-90.02263959570455,-91.45897579352855,0.22985657774400706,80.36193959628973,0.8207352660326107,197.23746487814628,1.5867853727208867,-24.136337961580413,4.68085376058358,3.259500000000001,0.03328922389221134,8.0,0.06436040429545642,-0.9789757935285479,0.18985657774400705,5.2600636000000005,0.06884900000000001,11.8144884,0.0481943,-1.4320592,0.1721225,0.018066422466196,0.024481562881256,0.0077675213674239995,0.00017246642247,-0.004156440781527,-0.002449023199074,58.33507804914638,2.1704240007238695,0.37871899985475466,0.12386900016281288,17.439779998312588
pid,05:37:23.670,162,8.579,-110.274,53.316,-90.086,-90.506,0.044,4.8313523119960875,0.09859902677519981,11.3881875925622,0.0492995133879502,-1.2817873480803998,0.19719805355085904,10.0,-110.3,111.4,-90.1,-90.3,0.0,11.7895,-110.24173714553642,61.316,-90.02215379462766,-91.47176686651707,0.23181195255708686,79.13804386562919,0.7952715127765675,197.1980535508592,1.5737934282541473,-23.805918282634703,4.6295189347304815,3.2104999999999997,0.0322628544635819,8.0,0.06384620537234298,-0.9657668665170718,0.18781195255708688,5.0397468000000005,0.0137698,11.9315317,-0.0,-1.6592609,0.06884900000000001,0.01837851037828,0.025573870573549998,0.007819536019438,-0.000569139194151,-0.0030181623932250003,-0.004018467643551,58.1017688284961,2.1088869998493465,0.2936830005637603,0.09916599992720876,17.56537099936395
pid,05:37:23.690,163,8.68,-110.273,53.554,-90.085,-90.536,0.047,4.9950442052140245,0.049455883220177424,11.770500206346002,0.049455883220177424,-1.4836764965982947,0.14836764965982396,10.0,-110.3,111.4,-90.1,-90.3,0.0,11.84,-110.24126444259214,61.554,-90.02166895965861,-91.48652827003002,0.23326443546009062,78.14029548750723,0.7847550105413317,197.8235328797651,1.5660462676602878,-23.50460755992871,4.605936084071265,3.16,0.03173555740785616,8.0,0.0633310403413816,-0.9505282700300199,0.18626443546009064,4.757465900000001,-0.0068849,11.9246468,-0.0,-1.9759663,0.1101584,0.020216361416108,0.024464224663918,0.00650183150175,-0.0009658119658320001,-0.000603632478645,-0.0028456959707550003,57.86156733964265,2.0321470001363195,0.28173800092190504,0.08798100134299602,17.666482001004624
pid,05:37:23.710,164,8.782,-110.272,53.794,-90.085,-90.566,0.049,5.042181406750911,0.04943315104611096,11.863956251178326,0.0,-1.4829945313973785,0.0988663020931549,10.0,-110.3,111.4,-90.1,-90.3,0.0,11.891,-110.24079276366759,61.794,-90.02168413166332,-91.50125921981335,0.23421487357807153,76.84383330190458,0.771336013683407,197.73260418630963,1.5649514415661105,-23.116405140368578,4.5778774108287745,3.109,0.031207236332420507,8.0,0.06331586833667302,-0.9352592198133465,0.18521487357807154,4.750581,0.0068849,11.9934958,-0.0,-1.8658079,0.1239282,0.020961904761642,0.024741636141326,0.006085714285638,-0.0009658119658320001,-0.000551892551904,-0.0033975885226590003,57.61951861999544,2.0892209995508892,0.30457100001513027,0.1164619989140192,17.538279000291368
pid,05:37:23.730,165,8.879,-110.271,54.032,-90.085,-90.601,0.051,4.799597579246617,0.04948038741515008,11.776332204749467,0.0,-1.731813559521815,0.09896077482982739,10.0,-110.3,111.4,-90.1,-90.3,0.0,11.939499999999999,-110.24032206820775,62.032,-90.02169928918408,-91.51845505889654,0.23516333800745007,75.71736284167189,0.7589779750846993,197.92154965965528,1.5660718474052562,-22.698015874986687,4.556236656116177,3.0604999999999993,0.030677931792254753,8.0,0.06330071081590916,-0.917455058896536,0.18416333800745008,4.7643508,0.0137698,11.8144884,0.0137698,-1.5766421000000002,0.1721225,0.020268376068122,0.024464224663918,0.008027594627494,-0.000776098901115,-0.0018626373626760002,-0.0029491758242370003,57.37977285594638,2.0800730017072055,0.2826269992510788,0.08912799967220053,17.60076000027766
pid,05:37:23.750,166,8.974,-110.27,54.269,-90.084,-90.637,0.053,4.707634361597839,0.04955404591179248,11.744308881038833,0.04955404591108827,-1.7839456528160789,0.09910809182311182,10.0,-110.3,111.4,-90.1,-90.3,0.0,11.987,-110.23985233818817,62.269,-90.02121543317365,-91.53611502611636,0.23610986104202264,74.65317016575891,0.7469693087747038,198.21618364622347,1.5556146535250206,-22.277393641970143,4.536917230467503,3.013,0.030147661811824378,8.0,0.0627845668263518,-0.8991150261163625,0.18310986104202265,4.6610773000000005,0.0275396,11.8971072,0.0206547,-1.3563253,0.1996621,0.020909890109627998,0.023649328449032,0.009761416361294,-1.7246642247e-05,-0.003035409035472,-0.003069902319966,57.141240544811424,1.9878519997291733,0.32629300039843656,0.1004249988909578,17.63600099911855
pid,05:37:23.771,167,9.07,-110.269,54.505,-90.084,-90.671,0.056,4.758593930225966,0.049568686772719375,11.698210078472366,0.0,-1.68533535028866,0.14870606031956143,10.0,-110.3,111.4,-90.1,-90.3,0.0,12.035,-110.23938360792923,62.505,-90.02123157239484,-91.552740797925,0.23755337376785274,73.48557814124987,0.7340228309540704,198.2747470927484,1.5556742636027616,-21.85336671374195,4.499681158457029,2.965,0.029616392070778375,8.0,0.06276842760516388,-0.8817407979249907,0.18155337376785274,4.5509189,0.0619641,11.6905602,0.1101584,-1.4595988,0.2685111,0.020164346764094,0.023909401709102,0.00910256410245,-0.0009830586080790001,-0.00293192918199,-0.0033803418804120005,56.90384801575373,2.0195729994156864,0.27816399961011484,0.08399900070799049,17.669074000878027
pid,05:37:23.791,168,9.161,-110.267,54.74,-90.083,-90.702,0.059,4.512296972347962,0.09917136203009982,11.652635038481062,0.04958568101504991,-1.5371561114587962,0.14875704304443924,10.0,-110.3,111.4,-90.1,-90.3,0.0,12.0805,-110.2384168836646,62.74,-90.02074871444034,-91.56783543896675,0.23899388078641884,72.3826978613735,0.7086566445080165,198.34272405925262,1.543386194261604,-21.466519943962986,4.462559578646835,2.919500000000001,0.028583116335397563,8.0,0.06225128555965398,-0.8658354389667551,0.17999388078641884,4.6610773000000005,0.0550792,12.0554599,0.0275396,-1.1428934,0.2685111,0.02045909645884,0.024481562881256,0.007472771672678,-0.00046565934066900006,-0.003983974359057001,-0.004208180708268,56.667680241915676,1.965019000635948,0.27831199986394495,0.08979499943961855,17.712111000946607
pid,05:37:23.811,169,9.252,-110.266,54.977,-90.082,-90.726,0.064,4.512990564476134,0.049593302905862585,11.753612788800082,0.04959330290656735,-1.1902392697519784,0.24796651453165297,10.0,-110.3,111.4,-90.1,-90.3,0.0,12.126000000000001,-110.23795116248655,62.977,-90.02026686205195,-91.57940594549179,0.24142935594511025,71.265576276397,0.6955172474875198,198.3732116253222,1.530775104807639,-21.161609778418857,4.399653896930497,2.8740000000000006,0.02804883751345244,8.0,0.06173313794803903,-0.8534059454917866,0.17742935594511025,4.4683001,0.0068849,12.1449636,0.0137698,-1.2737065,0.3580148,0.020320390720136,0.024758974358664,0.006692551892467999,-0.000793345543362,-0.003207875457942,-0.0037770146520930002,56.42961531855415,2.01781399846368,0.2755899986368604,0.08331399840244558,17.66979600142804
pid,05:37:23.831,170,9.344,-110.265,55.216,-90.08,-90.75,0.07,4.562907577334154,0.049596821493000036,11.853640336770624,0.09919364298529526,-1.1903237158263624,0.29758092895657956,10.0,-110.3,111.4,-90.1,-90.3,0.0,12.172,-110.23748644700575,63.216,-90.01928702463435,-91.59095228738785,0.2443587869067191,70.1299055907672,0.6822923882438334,198.38728597105288,1.5055853007521305,-20.85428024075295,4.323820814953645,2.828000000000001,0.02751355299425029,8.0,0.06071297536564657,-0.8409522873878501,0.1743587869067191,4.5784585,0.0275396,12.1518485,0.13081310000000002,-1.3632102000000001,0.2134319,0.018621245421012,0.023649328449032,0.006605860805778,-0.00017246642247,-0.003035409035472,-0.0034838217338940005,56.18968959693584,1.9696489998750621,0.2734789995884057,0.08303600043291226,17.718091999995522
pid,05:37:23.851,171,9.434,-110.263,55.454,-90.079,-90.779,0.076,4.441027764705876,0.09868950588212294,11.744051199999978,0.049344752941412086,-1.430997835293938,0.2960685176470584,10.0,-110.3,111.4,-90.1,-90.3,0.0,12.216999999999999,-110.23652393832731,63.454,-90.01880830349253,-91.60496692676544,0.24728177770566928,68.66322371764707,0.6532273610471693,197.3790117647059,1.4850721966353078,-20.378566969411754,4.22592850210588,2.7829999999999995,0.026476061672696005,8.0,0.06019169650745937,-0.8259669267654459,0.17128177770566927,4.4614152,0.06884900000000001,11.9934958,0.0895037,-1.0533897,0.13769800000000001,0.017580952380732,0.024516239315931998,0.005530891330822,0.000155219780223,-0.003069902319966,-0.004328907203997001,55.95098121570345,1.9629260004876414,0.2837749998434447,0.09590599984221626,17.717443999572424
pid,05:37:23.872,172,9.523,-110.263,55.694,-90.078,-90.803,0.082,4.3975809438541305,0.0,11.858645241853878,0.04941102184059117,-1.1858645241854229,0.2964661310463448,10.0,-110.3,111.4,-90.1,-90.3,0.0,12.2615,-110.23656137936639,63.694,-90.018330565732,-91.61645793101788,0.2501988002676963,67.65604165586787,0.6531796307872844,197.64408736422968,1.4741638599299185,-20.09689379815279,4.155437296833398,2.7385,0.026438620633612686,8.0,0.05966943426800242,-0.8134579310178793,0.1681988002676963,4.2135588,0.0137698,11.6423659,0.1927772,-1.4871384,0.1583527,0.019089377289138,0.023684004883708,0.008911843711731999,-0.000327686202693,-0.003069902319966,-0.0037080280831050002,55.710389973504945,1.9552039993868675,0.2820899990183534,0.08553599946026225,17.72081499984779
pid,05:37:23.892,173,9.613,-110.262,55.933,-90.075,-90.829,0.086,4.463713934348683,0.049596821493000036,11.85364033677027,0.1487904644782953,-1.2895173588116577,0.19838728597105237,10.0,-110.3,111.4,-90.1,-90.3,0.0,12.3065,-110.23609968827296,63.933,-90.01685576896,-91.62892463071346,0.2521121011633872,66.79451934537887,0.6422865686666873,198.38728597105288,1.4418845238625835,-19.8368595585801,4.11931611459417,2.6935000000000002,0.025900311727042435,8.0,0.05814423104000355,-0.7999246307134626,0.16611210116338723,4.1378249,0.0068849,11.9384166,0.26162620000000003,-1.2323971,0.14458290000000001,0.019644200243954,0.024845665445354,0.007507448107354,0.000258699633705,-0.0033630952381650003,-0.004259920635009001,55.47095784282079,2.032592001341982,0.4651990002457751,0.1302580003539333,16.307513000356266
pid,05:37:23.912,174,9.699,-110.261,56.17,-90.072,-90.855,0.089,4.233488380827206,0.049226609079620995,11.666706351814561,0.14767982723816342,-1.2798918360645495,0.14767982723815795,10.0,-110.3,111.4,-90.1,-90.3,0.0,12.349499999999999,-110.23563930099535,64.17,-90.01538420886325,-91.64136091120243,0.25352170289945597,65.23756368245623,0.6242106079409346,196.90643631754378,1.3935017090043997,-19.354940585535783,4.049422776853198,2.650499999999999,0.025360699004650655,8.0,0.05661579113674975,-0.7863609112024221,0.16452170289945597,4.337487,0.034424500000000004,11.70433,0.44751850000000004,-1.2943612,0.1032735,0.018690598290364,0.023736019535722,0.006605860805778,0.001448717948748,-0.002552503052556,-0.004501373626467,55.23370123393869,2.0723699999507517,0.32570100120210554,0.1215920001413906,17.535631001010188
pid,05:37:23.932,175,9.78,-110.26,56.407,-90.067,-90.882,0.091,4.006162728173176,0.049458799112782684,11.721735389839843,0.24729399556672482,-1.3353875760577838,0.09891759822649884,10.0,-110.3,111.4,-90.1,-90.3,0.0,12.39,-110.23517973869372,64.407,-90.0129175699644,-91.65427254269123,0.25442970713567725,64.54373284279045,0.6137901589430843,197.8351964529975,1.3374260213433415,-19.097836274821827,4.041518527180319,2.610000000000001,0.02482026130628867,8.0,0.05408243003559221,-0.7722725426912262,0.16342970713567725,4.220443700000001,0.0413094,12.0141505,0.3373601,-1.3287857,0.13081310000000002,0.017407570207352,0.023788034187736,0.008721123321014,0.0008278388278560001,-0.002017857142899,-0.003949481074563,54.99661937792178,3.0083239998930367,0.3473109991318779,0.10831399958988186,16.59847299924877
pid,05:37:23.953,176,9.863,-110.258,56.644,-90.06,-90.91,0.093,4.106775259823766,0.09895843999622568,11.726575139496843,0.34635453998468047,-1.385418159940128,0.09895843999575325,10.0,-110.3,111.4,-90.1,-90.3,0.0,12.4315,-110.23422218075322,64.644,-90.00945799097347,-91.667656122303,0.25533572828960405,63.54368828227301,0.5882539747903043,197.91687999150633,1.2503895918792296,-18.744116979084318,4.016122606778419,2.5685000000000002,0.023777819246774357,8.000000000000007,0.050542009026528945,-0.757656122303004,0.16233572828960405,3.9519326,0.0895037,11.979726000000001,0.2340866,-0.8606125,0.1790074,0.018499877899645998,0.02349328449299,0.005530891330822,0.0009658119658320001,-0.00448412698422,-0.0047428266179250006,54.75967876092774,1.9300009989819955,0.28568299967446364,0.08733199865673669,17.746296000041184
pid,05:37:23.973,177,9.947,-110.257,56.88,-90.051,-90.934,0.096,4.1639665295702555,0.04957103011346408,11.698763106888121,0.44613927102540335,-1.189704722734409,0.1487130903417956,10.0,-110.3,111.4,-90.1,-90.3,0.0,12.4735,-110.23376555285978,64.88,-90.00500741500187,-91.67901663589477,0.2567388975400924,62.620603791424394,0.5758777394342317,198.28412045572733,1.1399499079800748,-18.465621046660022,3.9839963652200603,2.5265000000000004,0.02323444714022571,7.999999999999993,0.04599258499813175,-0.7450166358947712,0.16073889754009238,3.9243930000000002,0.0413094,12.1449636,0.0757339,-0.9363464,0.1790074,0.020337728937474,0.024342857142552,0.005062759462696,0.0009485653235850001,-0.004190934066021001,-0.003914987790069001,54.52383543919118,1.9570919994293945,0.2804790001391666,0.08348099981958512,17.727573000229313
pid,05:37:23.993,178,10.027,-110.256,57.119,-90.045,-90.956,0.099,3.9675580570401587,0.049594475713238745,11.853079695407326,0.29756685427802293,-1.0910784656863188,0.14878342713900594,10.0,-110.3,111.4,-90.1,-90.3,0.0,12.513472779226303,-110.23330991263914,65.119,-90.00206286472606,-91.68935527191162,0.25813908803653707,61.657656930189674,0.5626514932720548,198.37790285200776,1.0647223562646013,-18.185185110911316,3.9462098183086582,2.486472779226304,0.022690087360857092,8.0,0.04293713527394516,-0.7333552719116199,0.15913908803653706,3.9519326,0.0206547,11.7249847,0.0963886,-0.9294615,0.3167054,0.017667643467422,0.024377533577227998,0.00511477411471,0.000586385836398,-0.004259920635009001,-0.004190934066021001,54.28510650261267,1.881612000943278,0.27420100013841875,0.08607299969298765,19.72442499936733
pid,05:37:24.015,179,10.103,-110.256,57.359,-90.043,-90.972,0.103,3.4358789342071456,0.0,10.850144002759425,0.0904178666894504,-0.723342933516888,0.18083573337932177,10.0,-110.3,111.4,-90.1,-90.3,0.0,12.551358863687515,-110.23335857558774,65.35900000000001,-90.00112590536403,-91.69661205596924,0.26002517249774926,55.34384633633699,0.5117973235427721,180.83573337932225,0.9465415766363583,-16.379469069586975,3.549470278455633,2.448358863687515,0.022641424412256583,8.000000000000007,0.041874094635971915,-0.7246120559692457,0.15702517249774928,3.8624289000000003,0.0137698,12.0279203,0.0481943,-0.8330729,0.47505810000000004,0.016436630036424,0.023961416361116,0.005582905982836,0.000655372405386,-0.00448412698422,-0.0022938034188510004,54.045422266830336,2.171795000322163,0.3386999997019302,0.13831399883201811,17.418503000953933
pid,05:37:24.035,180,10.183,-110.255,57.597,-90.041,-90.991,0.108,3.9473480383506887,0.04934185047961916,11.743360414093265,0.09868370095923833,-0.937495159108557,0.24670925239691804,10.0,-110.3,111.4,-90.1,-90.3,0.0,12.59117342272997,-110.23290417582321,65.59700000000001,-90.00018569233941,-91.70541183902024,0.26241573193264,59.41186647638375,0.54512442637491,197.36740191753427,1.006926733003997,-17.625201070819312,3.8095789783424485,2.40817342272997,0.02209582417678746,8.000000000000007,0.04081430766058247,-0.7144118390202436,0.15441573193264002,3.6627668,0.0895037,11.876452500000001,0.1996621,-1.1773179,0.3855544,0.018794627594392,0.025175091574775998,0.0063978021977219995,0.000724358974374,-0.0032596153846830003,-0.002311050061098,53.80790786678107,2.1218319998297375,0.31142300031206105,0.12381399938021787,17.538946000058786
pid,05:37:24.056,181,10.262,-110.254,57.835,-90.039,-91.007,0.117,3.863554399916078,0.04890575189721001,11.639568951645792,0.09781150379511502,-0.7824920303630052,0.4401517670790438,10.0,-110.3,111.4,-90.1,-90.3,0.0,12.630405560576916,-110.2324512050562,65.83500000000001,-89.99924805719185,-91.71268902015686,0.26679611410093296,57.9143273693201,0.5269300096079793,195.62300759068597,0.9720493262130482,-17.256126068351037,3.6629457957277585,2.3684055605769156,0.021548794943811345,8.000000000000007,0.03975194280815231,-0.7056890201568535,0.14979611410093296,3.5939178000000003,0.0275396,11.7456394,0.1170433,-1.0396199,0.2409715,0.017615628815408,0.023562637362341998,0.007056654456566,0.00022420634921100003,-0.003000915750978,-0.0035700549451290003,53.5704885548004,1.98957300017355,0.2979969995067222,0.10648100032994989,17.685814998912974
pid,05:37:24.076,182,10.336,-110.253,58.072,-90.037,-91.028,0.126,3.644993611424269,0.04925667042488758,11.673830890642709,0.09851334084907518,-1.0343900789177394,0.4433100338218712,10.0,-110.3,111.4,-90.1,-90.3,0.0,12.667064490020277,-110.23199891433048,66.072,-89.99831200792121,-91.7224500339508,0.27116821264219276,57.41023766176955,0.5172217776917057,197.02668169860954,0.9528208376082132,-17.103148224351617,3.5752514031261726,2.3310644900202764,0.021001085669524855,8.0,0.03868799207879192,-0.6944500339508011,0.14516821264219276,3.4699896,0.034424500000000004,10.7266742,0.1239282,-1.2737065,0.1652376,0.018863980463744,0.023129181928892,0.008357020756916,0.000586385836398,-0.002828449328508,-0.004208180708268,53.3342340153114,2.1655539985658834,0.28214500161993783,0.0871659995027585,17.507296999610844
pid,05:37:24.096,183,10.408,-110.252,58.308,-90.036,-91.049,0.132,3.571562409820902,0.04960503346997217,11.70678789885739,0.04960503346997217,-1.0417057028644812,0.2976302008184122,10.0,-110.3,111.4,-90.1,-90.3,0.0,12.702653241431713,-110.23154729651736,66.30799999999999,-89.99787651750374,-91.73219507024288,0.27403516162824626,56.91317542132839,0.5072785204011533,198.42013387894127,0.9455583126050758,-16.944957162878023,3.52282947322421,2.294653241431714,0.020452703482632728,7.999999999999993,0.03812348249626041,-0.6831950702428742,0.14203516162824625,3.511299,0.0619641,12.2482371,0.1032735,-1.3150159000000001,0.1721225,0.01811843711821,0.022938461538174,0.005409523809456,0.001121031746055,-0.003000915750978,-0.0035010683761410003,53.099074878946816,1.906629999211873,0.2848490003088955,0.1030549992719898,21.232244000202627
pid,05:37:24.120,184,10.475,-110.251,58.528,-90.034,-91.073,0.136,2.82891107129196,0.042222553302466555,9.288961726630244,0.08444510660553313,-1.0133412792681975,0.16889021321146003,10.0,-110.3,111.4,-90.1,-90.3,0.0,12.735590745842456,-110.23110532237816,66.52799999999999,-89.99695467478561,-91.74327968268393,0.2758741102595329,47.72395663114821,0.42000204316584816,168.89021321145987,0.7820741092433358,-14.150459814975155,2.952921038061969,2.260590745842457,0.019894677621849155,7.999999999999993,0.03704532521439319,-0.6702796826839403,0.1398741102595329,3.3322916,0.034424500000000004,11.8833374,0.0826188,-1.3012461,0.1514678,0.02045909645884,0.022383638583357998,0.006432478632398,0.000569139194151,-0.0027422161172730003,-0.004001221001304,52.8800226077864,2.062016999843763,0.30907099971955176,0.11620300028880592,17.555334999997285
pid,05:37:24.140,185,10.547,-110.25,58.762,-90.032,-91.097,0.139,3.567596257442633,0.04954994802027251,11.594687836688491,0.09909989604054502,-1.189198752480907,0.14864984406010787,10.0,-110.3,111.4,-90.1,-90.3,0.0,12.771038777554036,-110.23065577651786,66.762,-89.99602329241561,-91.75447544369698,0.27723384775114057,55.10050291117333,0.4792526340138458,198.19979208014365,0.8913219953691105,-16.288937029817614,3.424739985339286,2.2240387775540356,0.019344223482136158,8.0,0.035976707584381984,-0.6574754436969812,0.13823384775114056,3.3667161,0.0068849,11.9246468,0.1858923,-1.6110666,0.2272017,0.019522832722588,0.023840048839749998,0.005409523809456,0.001362484737513,-0.000258699633705,-0.0035183150183880005,52.64712629384438,1.9379069999558851,0.2798120003717486,0.07979600013641175,17.752554998878622
pid,05:37:24.160,186,10.616,-110.25,58.997,-90.029,-91.125,0.143,3.422990206746417,0.0,11.658010124426333,0.14882566116289536,-1.3890395041872583,0.19843421488385177,10.0,-110.3,111.4,-90.1,-90.3,0.0,12.804917916882038,-110.23070617105293,66.997,-89.99459485265541,-91.7676439338684,0.27908971938085547,54.29452603521079,0.4785694749018785,198.43421488385295,0.8533948001609069,-15.940318058380983,3.3756070773879916,2.1889179168820387,0.019293828947070324,8.0,0.034405147344585885,-0.6426439338683991,0.13608971938085548,3.4631047,0.0,11.9934958,0.2409715,-1.2186273,0.4199789,0.018274481074252,0.023129181928892,0.002531379731348,0.001396978022007,-0.0025352564103090004,-0.0031906288156950003,52.413380734312504,1.9089259985776152,0.2781269995466573,0.07846200060157571,17.78499899955932
pid,05:37:24.180,187,10.682,-110.249,59.236,-90.026,-91.153,0.147,3.2742419984387556,0.04960972724930839,11.856724812527952,0.14882918174722018,-1.38907236297429,0.19843890899628622,10.0,-110.3,111.4,-90.1,-90.3,0.0,12.837230551683902,-110.23025757226276,67.23599999999999,-89.99316943480301,-91.78078422343731,0.2809415629525184,53.46019991395216,0.46490336401484406,198.43890899628605,0.8143576924278408,-15.572102047997411,3.32240220269439,2.1552305516839017,0.01874242773723722,7.999999999999993,0.03283056519698846,-0.6277842234373026,0.13394156295251838,2.8641184,0.06884900000000001,9.9762201,0.28916580000000003,-0.9501162000000001,0.46128830000000004,0.020667155066896,0.02323321123292,0.007680830280734,0.002000610500652,-0.001103785103808,-0.001241758241784,52.175715759345366,1.8914079992100596,0.273849000222981,0.07985099910001736,17.802369000492035
pid,05:37:24.201,188,10.75,-110.249,59.476,-90.022,-91.179,0.153,3.372982710092462,0.0,11.90464485915003,0.19841074765203645,-1.2896698597410565,0.29761612147874855,10.0,-110.3,111.4,-90.1,-90.3,0.0,12.870474544250966,-110.2303089807682,67.476,-89.99124805957604,-91.7928981827259,0.2837873374361991,52.59061746286573,0.46356238752097967,198.41074765249888,0.762689436410677,-15.225499677144601,3.2437016755244907,2.120474544250966,0.01869101923179528,8.0,0.03075194042396845,-0.6138981827259045,0.1307873374361991,3.3942557,0.0413094,12.034805200000001,0.3786695,-0.6540655,0.344245,0.01751159951138,0.022158241757964,0.0058603174602439995,0.0030871489622130003,-0.003914987790069001,-0.0026732295482850004,51.93716406389553,1.900315000966657,0.27262699950370006,0.12320199857640546,17.754943000909407
pid,05:37:24.221,189,10.809,-110.248,59.686,-90.016,-91.202,0.162,2.9270431491294113,0.04961090083223437,10.418289174867567,0.2976654049962263,-1.1410507191519657,0.4464981074943229,10.0,-110.3,111.4,-90.1,-90.3,0.0,12.899159199249745,-110.22986138860512,67.686,-89.98833271838951,-91.80348910832404,0.2881240668673515,51.84734037926998,0.4499364255773197,198.44360333081,0.6862993821443719,-14.920208252507539,3.128564286986657,2.0901591992497455,0.018138611394888926,8.000000000000007,0.02766728161049059,-0.6014891083240457,0.12612406686735148,3.0844352,0.0413094,12.000380700000001,0.2134319,-0.9432313,0.2547413,0.021430036629767998,0.02054578754553,0.0069352869352,0.002017857142899,-0.00275946275952,-0.0027077228327790004,51.72854033316619,1.9168329999956768,0.27620100081549026,0.0781659982749261,17.778499000996817
pid,05:37:24.241,190,10.875,-110.247,59.912,-90.01,-91.218,0.17,3.2743969151428054,0.04961207447209703,11.212328830640347,0.2976724468311721,-0.7937931915500274,0.39689659577488146,10.0,-110.3,111.4,-90.1,-90.3,0.0,12.93127735747099,-110.22941480302143,67.912,-89.98542342211532,-91.81056393032074,0.29195273760747903,51.00809269682525,0.4362190510515946,198.44829788744056,0.6096475061391209,-14.699162920205248,3.025164150114734,2.0562773574709894,0.017585196978572526,8.000000000000007,0.024576577884687367,-0.5925639303207362,0.12195273760747902,3.3736010000000003,0.0481943,11.594171600000001,0.0895037,-0.6265259,0.13769800000000001,0.0182051282049,0.021915506715232,0.008669108669,0.0018971306471700002,-0.0035873015873760005,-0.004259920635009001,51.50400277648331,1.8933709998236736,0.2742930009844713,0.08001700007298496,17.801016998419072
pid,05:37:24.261,191,11.003,-110.245,60.388,-90.003,-91.249,0.179,6.318358385312469,0.09872434977027715,23.49639524538068,0.34553522419702226,-1.5302274214424525,0.4442595739672816,10.0,-110.3,111.4,-90.1,-90.3,0.0,12.994261397373677,-110.22847051369476,68.388,-89.98202167548466,-91.82510266797541,0.29627142468881607,49.14649666970697,0.40796569688135603,197.44869954101446,0.5177678617630733,-14.218840324232088,2.8943862872660935,1.9912613973736768,0.0165294863052452,8.000000000000007,0.02097832451534032,-0.5761026679754195,0.11727142468881607,3.2840973,0.0550792,12.0761146,0.06884900000000001,-0.5852165,0.0963886,0.017442246642028,0.02305982905954,0.0049934065933439995,0.001293498168525,-0.0038977411478220004,-0.004156440781527,51.03112020130462,1.9348890000401298,0.2753669996309327,0.083980999988853,17.756740000550053
pid,05:37:24.281,192,11.067,-110.244,60.627,-90.001,-91.26,0.181,3.171421469246949,0.049553460457220144,11.843277049219278,0.09910692091373609,-0.545088065027309,0.09910692091396715,10.0,-110.3,111.4,-90.1,-90.3,0.0,13.025184782350063,-110.2280270183258,68.62700000000001,-89.98112156760025,-91.82963401715756,0.2970887936491966,48.51741608982539,0.39575825788620106,198.21384182793412,0.49252255693406616,-14.11366837208466,2.876300722797192,1.958184782350063,0.015972981674195807,8.000000000000007,0.019878432399750068,-0.5696340171575542,0.11608879364919661,3.1670540000000003,0.0413094,12.048575,-0.034424500000000004,-0.9019219,0.206547,0.017910378510154,0.02227960927933,0.0038490842490359997,0.001465964590995,-0.0033458485959180005,-0.0032596153846830003,50.79373303863382,1.9347590005054371,0.2746270001807716,0.21725700025854167,17.618314999708673
pid,05:37:24.301,193,11.131,-110.243,60.868,-90.0,-91.274,0.184,3.175060098172574,0.0496103140341833,11.95608568218107,0.0496103140341833,-0.6945443964750412,0.1488309421018394,10.0,-110.3,111.4,-90.1,-90.3,0.0,13.056044898414612,-110.2275844660573,68.868,-89.9807223530941,-91.83565236644745,0.2984033483405113,47.75104096989769,0.3823847399491255,198.44125613578566,0.47818505841869136,-13.931875138683473,2.837793018853864,1.9250448984146118,0.015415533942700677,7.999999999999993,0.0192776469059055,-0.5616523664474471,0.1144033483405113,2.960507,0.0275396,12.0829995,0.0757339,-0.7779937,0.1996621,0.018863980463744,0.022591697191414,0.0033462759462339997,0.001517704517736,-0.0032941086691770003,-0.0033113553114240005,50.55450490312412,1.9007790015166393,0.46277299952635076,0.1294800003961427,17.554260000906652
pid,05:37:24.322,194,11.192,-110.243,61.108,-90.0,-91.291,0.187,3.0214046291922503,0.0,11.887493623051235,0.0,-0.8420307982992776,0.14859367028814374,10.0,-110.3,111.4,-90.1,-90.3,0.0,13.085341617012023,-110.22764200552034,69.108,-89.9808232995205,-91.8431519873619,0.29971457852315897,46.88976333018422,0.3803501279995135,198.1248937175248,0.4749227180445002,-13.67438172649975,2.7914454862895592,1.8933416170120232,0.015357994479657577,8.000000000000007,0.01917670047950537,-0.5521519873619098,0.11271457852315897,2.8090392,0.034424500000000004,11.9246468,0.0550792,-0.7160296,0.2478564,0.020857875457614,0.021828815628541998,0.004698656898598,0.001172771672796,-0.0038804945055750002,-0.003035409035472,50.31636341191602,2.1438870007841615,0.343663999956334,0.32233000092674047,17.227856000317843
pid,05:37:24.342,195,11.247,-110.242,61.345,-89.999,-91.305,0.192,2.7197208205611743,0.049449469464282275,11.719524263145578,0.04944946946498499,-0.6922925725069791,0.24724734732374462,10.0,-110.3,111.4,-90.1,-90.3,0.0,13.111580733919144,-110.2272006512456,69.345,-89.98042542397307,-91.84913579850198,0.30202044094991676,46.10126403324689,0.3659099721646865,197.79787785899552,0.4592514650318706,-13.45361327634978,2.7202262176255587,1.8645807339191443,0.01479934875440847,8.0,0.018574576026921363,-0.5441357985019692,0.11002044094991675,2.9260825,0.0275396,11.8833374,0.0963886,-1.0671595,0.3924393,0.021482051281782,0.022054212453936,0.004143833943782,0.001362484737513,-0.00258699633705,-0.0016901709402060002,50.08111907695355,2.037461999861989,0.2986449999298202,0.11342500147293322,17.600686000150745
pid,05:37:24.362,196,11.303,-110.241,61.584,-89.998,-91.323,0.198,2.7716210277892963,0.04949323263933007,11.82888260074362,0.04949323263862673,-0.890878187503018,0.29695939583456277,10.0,-110.3,111.4,-90.1,-90.3,0.0,13.138264392340183,-110.22676025535392,69.584,-89.98002846836376,-91.85710232387781,0.3048204136033057,45.416583762168855,0.352385497244719,197.97293055637502,0.44473459807673804,-13.21722528438259,2.6434437905363124,1.8352643923401821,0.014239744646076247,8.0,0.017971531636248983,-0.5341023238778178,0.10682041360330569,2.9742768,0.0619641,11.5528622,-0.0137698,-0.7642239000000001,0.4337487,0.018846642246406,0.022591697191414,0.005565567765498,0.0016729242979590003,-0.0032596153846830003,-0.0019661172161580002,49.844069687376056,2.028315000643488,0.4561989990179427,0.2775529992504744,17.28402200023993
pid,05:37:24.382,197,11.363,-110.24,61.821,-89.998,-91.341,0.207,2.968332999138895,0.04947221665255219,11.724915346598625,0.0,-0.8904998997417212,0.4452499498708427,10.0,-110.3,111.4,-90.1,-90.3,0.0,13.166886851477622,-110.22632089545058,69.821,-89.9801315565281,-91.86505021820068,0.30911120526981345,44.62114056628255,0.33836781193898036,197.88886660926386,0.44199575334111624,-12.96296296575886,2.52583383486866,1.803886851477623,0.013679104549410681,8.0,0.017868443471911633,-0.524050218200685,0.10211120526981346,2.8710033,0.034424500000000004,11.9521864,-0.034424500000000004,-0.8881521,0.3373601,0.019540170939926,0.022678388278104,0.005825641025567999,0.001414224664254,-0.0030526556777190003,-0.0023282967033450004,49.60922841568896,2.009961999647203,0.283460998616647,0.09386999954585917,17.66668500022206
pid,05:37:24.402,198,11.422,-110.24,62.056,-89.997,-91.357,0.215,2.922998027427085,0.0,11.642449770260185,0.04954233944815236,-0.7926774311669176,0.3963387155833268,10.0,-110.3,111.4,-90.1,-90.3,0.0,13.194951715373993,-110.22638144971657,70.056,-89.97973550801801,-91.87198345388174,0.3128942191500663,43.91808785391148,0.3373474204651338,198.16935779166323,0.42766166108371234,-12.7567425411346,2.4249543175606227,1.772951715373992,0.01361855028342518,8.0,0.017264491981990204,-0.5149834538817402,0.09789421915006633,2.75396,0.0137698,11.8833374,0.0275396,-0.9570011,0.1996621,0.01976556776532,0.021742124541852,0.00494139194133,0.0009830586080790001,-0.0017246642247000002,-0.001327991453019,49.37641241524136,1.9784070009336574,0.28023900085827336,0.09525799941911828,17.69990699904156
pid,05:37:24.423,199,11.478,-110.239,62.294,-89.997,-91.378,0.22,2.777422003594699,0.049596821492295225,11.804043515277623,0.0,-1.041533251348067,0.24798410746381633,10.0,-110.3,111.4,-90.1,-90.3,0.0,13.221461700534821,-110.22594294559288,70.294,-89.97983934531736,-91.88139669069052,0.3151724307436942,43.23507937044746,0.3237941983257094,198.38728597105288,0.42555696349692773,-12.483437904112611,2.3601250293136866,1.7434617005348212,0.013057054407127566,8.0,0.017160654682641052,-0.5033966906905221,0.09517243074369422,2.5680677000000003,0.0826188,12.0279203,0.0757339,-0.8812672,0.14458290000000001,0.021256654456388,0.022227594627315998,0.0058603174602439995,0.0019316239316640002,-0.0028112026862610003,-0.002052350427393,49.140701399145705,1.9567039998946711,0.28242299958947115,0.15214700033538975,17.65174100000877
pid,05:37:24.443,200,11.532,-110.238,62.533,-89.996,-91.395,0.223,2.6027926774612573,0.048199864397660594,11.519767590986085,0.048199864397660594,-0.8193976947561203,0.14459959319229146,10.0,-110.3,111.4,-90.1,-90.3,0.0,13.246872484445571,-110.22550726112651,70.533,-89.97944722943829,-91.88876079537869,0.3164411022920608,41.32831060458061,0.3010741598272054,192.79945758972178,0.3989206482377777,-11.899601691010002,2.2519242298118782,1.7148724844455714,0.012492738873490339,8.0,0.016552770561702346,-0.4937607953786909,0.09344110229206079,2.7333053,-0.0068849,12.0554599,-0.0068849,-0.7160296,0.1858923,0.020251037850784,0.022088888888612,0.0038317460316979997,0.001483211233242,-0.002966422466484,-0.0019143772894170002,48.903927521212445,3.1738960005895933,0.5963459989288822,0.11623999853327405,16.07568200051901
pid,05:37:24.464,201,11.585,-110.238,62.772,-89.996,-91.416,0.227,2.597122602051586,0.0,11.711552865854946,0.0,-1.029048578171406,0.19600925298502248,10.0,-110.3,111.4,-90.1,-90.3,0.0,13.271755213856697,-110.22557052344608,70.77199999999999,-89.97955334687757,-91.89812207362651,0.3182094805736541,41.32745367958033,0.3045365517910555,196.00925298502233,0.40296202407882786,-11.812548437390452,2.234737769049231,1.6867552138566957,0.012429476553919017,7.999999999999993,0.01644665312242921,-0.48212207362651327,0.0912094805736541,2.7057657,0.0206547,11.8833374,0.0068849,-0.8468427000000001,0.27539600000000003,0.018361172160941998,0.021984859584583998,0.002548717948686,0.001983363858405,-0.0027422161172730003,-0.001241758241784,48.66730169220398,4.342754999015597,0.7476970004063332,0.1209620004374301,14.686045999042108
pid,05:37:24.484,202,11.641,-110.237,63.011,-89.995,-91.432,0.23,2.7705748493105027,0.04947455088078166,11.824417660450571,0.049474550880078585,-0.7915928140889913,0.14842365264163643,10.0,-110.3,111.4,-90.1,-90.3,0.0,13.298096785461903,-110.2251341925435,71.011,-89.97915946203995,-91.90497805111409,0.3194770378370284,40.99205961316158,0.2935277473725018,197.89820352218172,0.3918517506400688,-11.700188327612361,2.2134181305542753,1.6570967854619028,0.011865807456487687,7.999999999999993,0.015840537960059464,-0.4729780511140831,0.0894770378370284,2.5405281,0.034424500000000004,11.9246468,0.0275396,-0.5714467,0.3511299,0.017372893772676,0.021690109889838,0.004733333333274,0.0018453907204290002,-0.0033630952381650003,-0.00155219780223,48.43074973609225,3.5176699984731385,1.0065269998449367,0.25697899945953395,16.0488860001351
pid,05:37:24.505,203,11.697,-110.236,63.249,-89.994,-91.448,0.235,2.6574159548349474,0.04745385633589128,11.294017808048674,0.04745385633656564,-0.759261701381004,0.23726928168169417,10.0,-110.3,111.4,-90.1,-90.3,0.0,13.324308732676506,-110.22470162647295,71.249,-89.97877114948558,-91.91176845500469,0.32172942887735356,38.61103740765045,0.26807569709356005,189.8154253453562,0.361333842239335,-11.003800818559318,2.057822929039337,1.6273087326765072,0.01129837352705465,7.999999999999993,0.015228850514418468,-0.463768455004697,0.08672942887735358,2.4165999,0.0137698,11.7249847,0.0481943,-0.4268638,0.44751850000000004,0.020961904761642,0.021048595848331998,0.008651770451661999,0.0017246642247000002,-0.0033630952381650003,-0.000379426129434,48.195301337371056,2.6882519996433984,0.5705130006390391,0.3647739995358279,16.43745600085822
pid,05:37:24.526,204,11.753,-110.236,63.483,-89.993,-91.463,0.24,2.7430079062000483,0.0,11.461854465192605,0.04898228403951964,-0.7347342605893142,0.244911420196429,10.0,-110.3,111.4,-90.1,-90.3,0.0,13.350519310200214,-110.22476695621538,71.483,-89.97838037264872,-91.91808129109144,0.3239844423432349,39.12507230523537,0.2751100706420548,195.92913615714303,0.3580513697345889,-11.145460530602973,2.0568749048686756,1.597519310200214,0.011233043784628194,8.000000000000007,0.014619627351279973,-0.4550812910914459,0.08398444234323493,2.3821754,0.0137698,11.6079414,0.0963886,-0.5783316000000001,0.2547413,0.021117948717684,0.02071916971891,0.006189743589666,0.0018281440781820002,-0.0030871489622130003,-0.000741605616621,47.96391989819015,5.393411998738884,0.41453300036664587,0.16449900067527778,14.082626999879722
pid,05:37:24.546,205,11.799,-110.235,63.715,-89.992,-91.472,0.248,2.2553711921071398,0.04902980852430303,11.374915577584305,0.04902980852360628,-0.44126827671663704,0.3922384681925517,10.0,-110.3,111.4,-90.1,-90.3,0.0,13.371684711968898,-110.22433324242162,71.715,-89.97799050972986,-91.92138609980344,0.3277315349717139,38.55421514828279,0.2614945408201845,196.11923409627568,0.34344131273248324,-11.016657213370602,1.9546109464966193,1.5726847119688987,0.010666757578377428,8.0,0.014009490270140645,-0.4493860998034478,0.07973153497171392,2.4303697,-0.0068849,12.034805200000001,0.0481943,-0.7022598,0.1583527,0.02028571428546,0.020407081806826,0.0033462759462339997,0.001621184371218,-0.0029146825397430003,-0.000327686202693,47.73412409377593,4.5848089994251495,0.40960700061987154,0.16010999934223946,14.888396999594988
pid,05:37:24.566,206,11.846,-110.234,63.951,-89.992,-91.481,0.255,2.3247554512542012,0.0494628819418143,11.673240138212293,0.0,-0.44516593747421995,0.34624017359104714,10.0,-110.3,111.4,-90.1,-90.3,0.0,13.393318666231632,-110.22389995911645,71.951,-89.97809968250323,-91.92469227530955,0.3309737659235,38.26742025690768,0.24978856491383522,197.8515277663125,0.34377488164690995,-10.973149316013554,1.878940707265585,1.5473186662316323,0.010100040883543215,7.999999999999993,0.013900317496776893,-0.4436922753095587,0.07597376592349997,2.3752905,0.0413094,11.628596100000001,0.0757339,-0.344245,0.0757339,0.020094993894741998,0.021117948717684,0.0017164835164619999,0.00224206349211,-0.004777319902419,-0.001534951159983,47.500432871711816,3.7648910001735203,0.41566300023987424,0.1592210010130657,15.848851000555442
pid,05:37:24.587,207,11.894,-110.234,64.199,-89.991,-91.495,0.259,2.352633269062228,0.0,12.155271890154715,0.04901319310569707,-0.6861847034769729,0.19605277242185234,10.0,-110.3,111.4,-90.1,-90.3,0.0,13.415386533391477,-110.22396728792715,72.199,-89.97771087705421,-91.93047321578264,0.3327095513482093,37.28400597458369,0.24586762709901827,196.05277242185218,0.32567117457210665,-10.671966408705707,1.8063702369734127,1.5213865333914764,0.010032712072842287,8.0,0.013289122945792542,-0.4354732157826362,0.07370955134820928,2.4303697,-0.0206547,12.0141505,0.0826188,-0.3373601,0.0619641,0.019228083027842,0.020909890109627998,0.002236630036602,0.002086843711887,-0.004932539682642001,-0.0018281440781820002,47.254978362073146,4.082831999767222,0.40951400114863645,0.15799900029378477,15.424780000103055
pid,05:37:24.607,208,11.942,-110.233,64.431,-89.989,-91.504,0.261,2.367044371810852,0.04931342441226071,11.440714463752405,0.09862684882522221,-0.4438208197145511,0.09862684882545215,10.0,-110.3,111.4,-90.1,-90.3,0.0,13.437417495524883,-110.22353522074746,72.431,-89.97682342247295,-91.93375245286227,0.3334449175257682,36.8720788155172,0.23337033812646546,197.25369765090414,0.3002343677429977,-10.59628255020329,1.7862534822465703,1.4954174955248831,0.009464779252539302,8.0,0.012176577527057475,-0.42975245286226027,0.0724449175257682,2.2651321,0.034424500000000004,11.8557978,0.1170433,-0.44751850000000004,0.0206547,0.020042979242728,0.021117948717684,0.00494139194133,0.0024317765568270004,-0.004984279609383,-0.001586691086724,47.025449195090104,3.827852000540588,0.4028849998576334,0.1479620004829485,15.685296000810922
pid,05:37:24.627,209,11.99,-110.233,64.668,-89.988,-91.511,0.262,2.369272859933629,0.0,11.698284745922725,0.04935985124885291,-0.34551895873986604,0.04935985124861727,10.0,-110.3,111.4,-90.1,-90.3,0.0,13.459401687180996,-110.22360308967161,72.668,-89.97643687500286,-91.93602574738264,0.33367951964330667,36.26472435186056,0.23191504800301752,197.4394049944689,0.28537706491406717,-10.489603833819757,1.7690452135829757,1.469401687180996,0.009396910328391073,8.0,0.01156312499713863,-0.425025747382648,0.07167951964330666,2.2444774,0.0481943,11.8351431,0.1170433,-0.8124182,0.0206547,0.01985225885201,0.020823199022938,0.003103540903502,0.0024662698413210004,-0.0030871489622130003,-0.0018453907204290002,46.79094059751311,3.8648150002700277,0.39623699922231026,0.1394990013068309,15.669814998545917
pid,05:37:24.647,210,12.037,-110.232,64.903,-89.986,-91.519,0.264,2.3178672059636503,0.04931632353137635,11.589336029818076,0.09863264706205187,-0.3945305882496091,0.09863264706228184,10.0,-110.3,111.4,-90.1,-90.3,0.0,13.480836448073386,-110.2231720323615,72.903,-89.97555245539475,-91.93878984827995,0.3344118597884177,35.602352699620205,0.217681454091211,197.2652941245635,0.2576172449295446,-10.351245986431229,1.7362270288774675,1.4438364480733856,0.008827967638495693,8.0,0.010447544605256098,-0.41978984827994736,0.07041185978841769,1.9828512,0.0,11.70433,0.1996621,-0.6334108,0.0481943,0.023909401709102,0.02071916971891,0.004733333333274,0.0025697496948030004,-0.0037770146520930002,-0.0018453907204290002,46.558497129954695,3.6534470000333386,0.3930889997718623,0.13164700067136437,15.976127000612905
pid,05:37:24.668,211,12.082,-110.231,65.141,-89.984,-91.531,0.265,2.1779792291714712,0.04839953842626387,11.519090145395777,0.09679907685252774,-0.5807944611124153,0.04839953842603281,10.0,-110.3,111.4,-90.1,-90.3,0.0,13.501185601115226,-110.22274331403302,73.141,-89.97467229124831,-91.94351814193726,0.33463809684705725,34.343964017424405,0.19980989486497105,193.59815370413108,0.2257283990768848,-9.982843831063805,1.6852258721324693,1.4191856011152257,0.008256685966969712,8.0,0.009327708751683872,-0.4125181419372552,0.06963809684705724,2.1136643,0.034424500000000004,11.8557978,0.2685111,-0.4681732,0.0550792,0.022123565323288,0.021013919413656,0.003138217338178,0.003242368742436,-0.004622100122196,-0.002138583638628,46.323143330305214,3.7584829988190904,0.39468099930672906,0.13386899991019163,15.77244300096936
pid,05:37:24.688,212,12.123,-110.231,65.376,-89.98,-91.546,0.266,2.0252315809307766,0.0,11.608034671188967,0.19758356887084158,-0.7409383832674108,0.04939589221782556,10.0,-110.3,111.4,-90.1,-90.3,0.0,13.519536636996268,-110.22281315789746,73.376,-89.97279375883865,-91.94975690345764,0.3348688436884879,34.49158659965612,0.2021981850503861,197.58356887130205,0.17797935585091196,-9.97196624269819,1.7009189900014103,1.3965366369962684,0.008186842102531955,8.0,0.00720624116135582,-0.4037569034576336,0.06886884368848789,2.2995566000000003,-0.0137698,11.842028,0.2409715,-0.7504541,0.0550792,0.021048595848331998,0.02123931623905,0.005617582417512,0.003173382173448,-0.0033286019536710003,-0.001638431013465,46.09075978978868,4.627751999578322,0.4196440004307078,0.16540599972358905,14.816952998444322
pid,05:37:24.708,213,12.166,-110.23,65.61,-89.975,-91.556,0.267,2.1284601640408845,0.049499073581877884,11.582783218268455,0.2474953679122031,-0.4949907358229994,0.049499073582345,10.0,-110.3,111.4,-90.1,-90.3,0.0,13.538848717260361,-110.22238386629152,73.61,-89.97042002382803,-91.95348819284439,0.3350991416711806,33.977369836549244,0.18849578142453888,197.99629432937982,0.11335228877090345,-9.837648652858894,1.6854222122381515,1.3728487172603607,0.007616133708481243,8.0,0.0045799761719678145,-0.3974881928443921,0.06809914167118059,2.3064415,0.0206547,11.9659562,0.1721225,-0.8606125,0.0206547,0.020251037850784,0.020181684981432,0.00156043956042,0.0038632478633280004,-0.0027767094017670003,-0.002155830280875,45.859404771540596,3.631502999269287,0.4023849996883655,0.16051700004027225,15.836777000004076
pid,05:37:24.729,214,12.209,-110.229,65.846,-89.969,-91.569,0.268,2.1189326566097666,0.049277503642323736,11.62949085953308,0.29566502185254184,-0.6406075473474074,0.04927750364208849,10.0,-110.3,111.4,-90.1,-90.3,0.0,13.55810732936859,-110.22195590727854,73.846,-89.96755294452237,-91.95870058703423,0.33532721231174456,33.240320668264495,0.17355765236857107,197.11001456835376,0.03565364078436765,-9.601736048451446,1.6588584749518276,1.3491073293685911,0.007044092721457673,8.0,0.0014470554776266908,-0.38970058703422694,0.06732721231174454,2.1412039000000003,0.0,11.6767904,0.0757339,-0.6816051000000001,0.06884900000000001,0.021378021977754,0.019696214895967998,0.00355433455429,0.003173382173448,-0.0032251221001890003,-0.0018971306471700002,45.62620939766967,3.143191999697592,0.37051499930385035,0.11916599942196626,16.43960399997013
pid,05:37:24.749,215,12.253,-110.229,66.085,-89.966,-91.586,0.269,2.1660216426844676,0.0,11.765435740944561,0.1476832938193995,-0.8368719983096974,0.04922776460646468,10.0,-110.3,111.4,-90.1,-90.3,0.0,13.577818986582756,-110.22202802105474,74.085,-89.96618904657888,-91.96589441356659,0.33555399251174917,32.60893860883547,0.17160746917916606,196.91105842585856,-0.0046531702424575045,-9.350676383183462,1.6381521384943987,1.3248189865827555,0.0069719789452591385,8.0,-0.00018904657888185739,-0.37989441356658915,0.06655399251174915,2.1067794,0.0137698,11.945301500000001,0.034424500000000004,-1.0809293,0.0895037,0.01837851037828,0.019470818070574,0.0017338217338,0.00310439560446,-0.001431471306501,-0.002086843711887,45.39024551596963,2.882065999074257,0.36560800072038546,0.11736899978131987,16.70352699875366
pid,05:37:24.769,216,12.296,-110.228,66.319,-89.964,-91.6,0.271,2.116793878077943,0.04922776460669969,11.519296917913161,0.09845552921269982,-0.6891887044902979,0.09845552921292935,10.0,-110.3,111.4,-90.1,-90.3,0.0,13.5969869692564,-110.22160115051794,74.319,-89.96532718000935,-91.9715740204811,0.33627874133777613,32.022340139315986,0.15750052802749098,196.91105842585856,-0.03266705254563241,-9.145879207060892,1.6067632561911669,1.3009869692564013,0.0063988494820534925,8.0,-0.0013271800093548336,-0.37157402048110555,0.06527874133777611,1.9690814,-0.0068849,11.9590713,0.034424500000000004,-0.8674974,0.1032735,0.019522832722588,0.019158730158489998,0.004785347985288,0.0029491758242370003,-0.002966422466484,-0.0018798840049230002,45.159221627481585,2.8369909996399656,0.3631449999375036,0.10922099863819312,16.730897999877925
pid,05:37:24.790,217,12.339,-110.228,66.545,-89.963,-91.618,0.272,2.130245110082259,0.0,11.196171973920393,0.04954058395563672,-0.8917305111972369,0.049540583955400216,10.0,-110.3,111.4,-90.1,-90.3,0.0,13.616126278471947,-110.22167381821203,74.545,-89.96496545048284,-91.97924379796981,0.33650421893787374,31.634790810143627,0.15670136999194803,198.1623358216007,-0.048684782327766296,-8.948114350845715,1.5977883368846242,1.2771262784719468,0.006326181787969176,8.0,-0.001965450482842357,-0.36124379796982,0.06450421893787373,1.9071173000000001,0.0413094,11.8007186,0.034424500000000004,-0.9983105,0.0481943,0.0208058608056,0.019349450549208,0.005132112332048,0.0028801892552490003,-0.001621184371218,-0.001603937728971,44.936366197101435,2.825029001542134,0.3551070003595669,0.11231399912503548,16.77458199992543
pid,05:37:24.810,218,12.38,-110.228,66.782,-89.962,-91.637,0.274,2.028289111153066,0.0,11.724500471786872,0.049470466125217286,-0.9399388563882677,0.09894093225136827,10.0,-110.3,111.4,-90.1,-90.3,0.0,13.634220802855491,-110.22174658890295,74.782,-89.96460492764044,-91.98739248666763,0.3372272860307693,31.02344387089545,0.15467958092326706,197.88186450273636,-0.06443349229793448,-8.667039821192624,1.5639416559020551,1.2542208028554906,0.006253411097048911,8.0,-0.0026049276404336297,-0.35039248666763,0.06322728603076927,1.8313834,0.06884900000000001,11.7456394,-0.0068849,-0.6953749,0.1652376,0.021430036629767998,0.019089377289138,0.00459462759457,0.0029491758242370003,-0.0030181623932250003,-0.00103479853482,44.7025412812292,3.1001740007923217,0.38058899917814415,0.12440700083971024,16.44056700024521
pid,05:37:24.830,219,12.418,-110.227,67.028,-89.961,-91.655,0.276,1.8812978281396793,0.04950783758215796,12.178928045326241,0.04950783758286151,-0.8911410764872859,0.09901567516525032,10.0,-110.3,111.4,-90.1,-90.3,0.0,13.650778765273094,-110.22132031460333,75.028,-89.96424530945349,-91.99502401647568,0.33794854228687277,30.516105443224756,0.14059447106950168,198.03135033050046,-0.08033412666422433,-8.416926890934786,1.5334691850094406,1.2327787652730944,0.00567968539667163,8.0,-0.0032453094534901084,-0.3400240164756809,0.06194854228687274,1.8933475,0.0481943,11.718099800000001,-0.034424500000000004,-0.5439071,0.1790074,0.022418315018034,0.019349450549208,0.00364102564098,0.002690476190532,-0.0028801892552490003,-0.000741605616621,44.4596216695554,3.886630000124569,0.9259910002583638,0.14757200005988125,14.95617399996263
pid,05:37:24.850,220,12.455,-110.226,67.264,-89.961,-91.673,0.279,1.8275188770343556,0.049392402082244366,11.656606891353517,0.0,-0.8890632374761872,0.1481772062460257,10.0,-110.3,111.4,-90.1,-90.3,0.0,13.666793565225602,-110.22089522491025,75.264,-89.96438601935434,-92.00263412659169,0.3391661101837158,29.926697507006768,0.12606855188538563,197.5696083280341,-0.08362181470351497,-8.140710660283968,1.4858743529522576,1.2117935652256016,0.005104775089748159,8.0,-0.003386019354337577,-0.3296341265916851,0.06016611018371576,1.9553116000000001,0.0206547,12.186273,-0.0,-0.5852165,0.1652376,0.02115262515236,0.020112332112079998,0.0033982905982479997,0.0030526556777190003,-0.0016729242979590003,-0.00068986568988,44.22670333633291,3.3802460002334556,0.46966199988673907,0.16186899847525638,16.025294000428403
pid,05:37:24.871,221,12.491,-110.226,67.502,-89.96,-91.684,0.283,1.7690021088148258,0.0,11.695069497164793,0.04913894746731369,-0.5405284221376574,0.19655578986831368,10.0,-110.3,111.4,-90.1,-90.3,0.0,13.682258915901183,-110.22097052159833,75.502,-89.964028472548,-92.00672587502002,0.34087815122795095,29.26860464407893,0.12357163748304943,196.55578986831623,-0.09897745045454422,-7.929204909438104,1.422035716340971,1.1912589159011837,0.00502947840166712,8.0,-0.00402847254800065,-0.32272587502002636,0.05787815122795098,1.8658079,0.0206547,11.9384166,-0.0,-0.5921014,0.1652376,0.021135286935022,0.019280097679856,0.001404395604378,0.0032251221001890003,-0.002190323565369,-0.001172771672796,43.99159131015837,3.3729870010574814,0.42014500104414765,0.16536899966013152,16.084663000583532
pid,05:37:24.891,222,12.53,-110.225,67.737,-89.96,-91.695,0.287,1.9205590569670636,0.049245104025032016,11.572599445827239,0.0,-0.541696144272553,0.1969804160991877,10.0,-110.3,111.4,-90.1,-90.3,0.0,13.69919013261795,-110.22054667130041,75.737,-89.96417061865854,-92.01080949056148,0.3425867517013549,28.788444852768535,0.10965231753390964,196.98041609918752,-0.10269127484382297,-7.776035607359268,1.3686876849668894,1.1691901326179508,0.004453328699582926,8.0,-0.004170618658548619,-0.31580949056149166,0.05558675170135491,1.8382683,0.0206547,11.9934958,-0.0,-0.3648997,0.13769800000000001,0.020771184370923998,0.019609523809278,0.00199389499387,0.003173382173448,-0.0028801892552490003,-0.00137973137976,43.7597084999432,3.798761001235107,0.4212179992464371,0.16844300080265384,15.585056000418263
pid,05:37:24.911,223,12.569,-110.225,67.977,-89.96,-91.708,0.291,1.9344590350048037,0.0,11.904363292337253,0.0,-0.6448196783351695,0.19840605487228022,10.0,-110.3,111.4,-90.1,-90.3,0.0,13.71610049390793,-110.22062227383184,75.977,-89.96431174338387,-92.01589017903804,0.34429341387939444,28.448960442289508,0.10857092229184187,198.40605487228004,-0.10693449930224823,-7.6359094696073555,1.3217169998107834,1.1471004939079297,0.004377726168158347,8.0,-0.004311743383880184,-0.30789017903803995,0.05329341387939446,1.7900740000000002,0.06884900000000001,11.876452500000001,0.0068849,-0.2409715,0.0550792,0.02123931623905,0.018447863247632,0.002392673992644,0.0028801892552490003,-0.0026387362637910004,-0.00103479853482,43.522971635677635,1.9578329993237276,0.2721639993978897,0.0889429993549129,17.726480999044725
pid,05:37:24.931,224,12.605,-110.224,68.218,-89.96,-91.717,0.293,1.7860346809869445,0.049612074471392,11.956509947718278,0.0,-0.44650867024675817,0.09922414894372036,10.0,-110.3,111.4,-90.1,-90.3,0.0,13.731475124955178,-110.2201988680892,76.218,-89.96445283806848,-92.01896209926605,0.3449981228609084,27.94338389498712,0.09429101971810534,198.44829788744056,-0.11045726693238991,-7.490483078233273,1.2898673718861613,1.1264751249551779,0.003801131910805111,8.0,-0.004452838068488063,-0.3019620992660492,0.051998122860908436,1.6317213000000002,0.0137698,11.9246468,0.0413094,-0.1583527,0.0550792,0.022262271061992,0.018569230768998,0.00329426129422,0.0027422161172730003,-0.0037080280831050002,-0.002000610500652,43.28498888760398,2.697437999813701,0.3064230004383717,0.13303599916980602,16.905321999729495
pid,05:37:24.951,225,12.643,-110.224,68.467,-89.96,-91.722,0.295,1.884857521286673,0.0,12.350776915799196,0.0,-0.2480075685901245,0.09920302743614011,10.0,-110.3,111.4,-90.1,-90.3,0.0,13.747810891747475,-110.22027547865439,76.467,-89.96459396279381,-92.02002867527007,0.3457007529039382,27.40014630144276,0.09237094830898855,198.40605487228004,-0.11393375426913552,-7.391336712393597,1.2574170453405853,1.1048108917474746,0.0037245213456174042,8.0,-0.004593962793819628,-0.2980286752700749,0.05070075290393822,1.6179515,0.0275396,11.8489129,-0.0137698,-0.27539600000000003,0.0895037,0.024810989010678,0.018898656898419998,0.0020632478632219998,0.0029491758242370003,-0.0035873015873760005,-0.0017074175824530002,43.03908018301507,2.0342219995654887,0.31288599893741775,0.1309809995291289,17.556890001287684
pid,05:37:24.971,226,12.675,-110.223,68.692,-89.96,-91.725,0.296,1.586441710104844,0.04957630344101305,11.154668274174393,0.0,-0.14872891032233462,0.049576303440776376,10.0,-110.3,111.4,-90.1,-90.3,0.0,13.761113030254842,-110.21985313672351,76.692,-89.96473515928315,-92.02009149671792,0.34590222318363184,26.92273457944754,0.07800492434078056,198.30521376310531,-0.11737584673118104,-7.314772792040495,1.2369838794605374,1.0861130302548414,0.0031468632764841686,8.0,-0.004735159283157486,-0.2950914967179301,0.049902223183631855,1.6592609,0.0413094,11.786948800000001,0.0206547,-0.3648997,-0.0206547,0.023527960927666,0.0182051282049,0.0045599511598939995,0.0029836691087310003,-0.0035528083028820005,-0.001241758241784,42.816733399454954,2.1438320000015665,0.2903870008594822,0.11416500092309434,17.533833999550552
pid,05:37:24.992,227,12.707,-110.223,68.917,-89.96,-91.729,0.297,1.5821964870918321,0.0,11.124819049864856,0.0,-0.19777456088672055,0.049443640221619754,10.0,-110.3,111.4,-90.1,-90.3,0.0,13.774375569999219,-110.21993100315856,76.917,-89.96487673461961,-92.02064641703367,0.34610188121986385,26.387466832193795,0.07587118783452874,197.77456088647884,-0.12056175599431933,-7.210030257868645,1.2138878746198265,1.0673755699992178,0.0030689968414350233,8.0,-0.0048767346196143535,-0.2916464170336752,0.04910188121986386,1.721225,0.0206547,11.8489129,0.0481943,-0.46128830000000004,-0.0137698,0.023562637362341998,0.018395848595618,0.003918437118388,0.00275946275952,-0.003000915750978,-0.0017764041514410002,42.5944704979414,1.9394079990888713,0.27871899874298833,0.08714700015843846,17.74320299955434
pid,05:37:25.012,228,12.739,-110.222,69.151,-89.96,-91.734,0.298,1.586985693002579,0.04959330290656735,11.604832880081084,0.0,-0.24796651453142723,0.04959330290633059,10.0,-110.3,111.4,-90.1,-90.3,0.0,13.78761410843134,-110.21950964280892,77.151,-89.96501788270997,-92.0217006573081,0.34630143742752073,26.002118555643577,0.06175251926121572,198.3732116253222,-0.12442668859221662,-7.134012922115569,1.1977139085771031,1.0486141084313392,0.002490357191078374,8.0,-0.005017882709978494,-0.28770065730810757,0.048301437427520744,1.7831891,0.034424500000000004,12.0967693,-0.0413094,-0.4406336,0.0619641,0.022227594627315998,0.018066422466196,0.0019418803418559999,0.002621489621544,-0.0033286019536710003,-0.001638431013465,42.36332099824093,1.9200739989173599,0.2758680002443725,0.087850999989314,17.766701999789802
pid,05:37:25.032,229,12.772,-110.222,69.389,-89.96,-91.741,0.298,1.6367338173733863,0.0,11.804322682874892,0.0,-0.347185961261275,0.0,10.0,-110.3,111.4,-90.1,-90.3,0.0,13.801319640600681,-110.2195882750206,77.389,-89.9651590174489,-92.02374797760248,0.3460010220546722,25.52609491905732,0.059808361090722614,198.39197786344394,-0.12793845943994192,-7.011866314180598,1.190377213111651,1.029319640600681,0.0024117249793960127,8.0,-0.005159017448903569,-0.28274797760248305,0.048001022054672215,1.5904119,0.0550792,11.9521864,-0.0068849,-0.3235903,0.0275396,0.02323321123292,0.018066422466196,0.003086202686164,0.00310439560446,-0.004190934066021001,-0.001396978022007,42.12836424548194,1.9040750012209173,0.7556229993497254,0.1168509988929145,17.264726000576047
pid,05:37:25.052,230,12.804,-110.221,69.629,-89.96,-91.75,0.299,1.5873610710315316,0.04960503346926724,11.905208032736928,0.0,-0.44644530122763476,0.04960503346973536,10.0,-110.3,111.4,-90.1,-90.3,0.0,13.814493314516545,-110.21916790403652,77.629,-89.96530013216065,-92.02678643237353,0.34619964134883874,25.062777343768488,0.0454405907941429,198.42013387894127,-0.13145661661184702,-6.865000120928596,1.1706698944343252,1.0104933145165447,0.0018320959634792189,8.0,-0.005300132160655835,-0.27678643237352674,0.04719964134883875,1.6868005000000001,0.0068849,12.138078700000001,0.0275396,-0.2203168,0.0275396,0.021984859584583998,0.018066422466196,0.00024273504273199999,0.003242368742436,-0.004898046398148,-0.001310744810772,41.891485996560206,1.9025009987672092,0.3174230005242862,0.08344299931195565,17.743665999660152
pid,05:37:25.073,231,12.84,-110.221,69.867,-89.96,-91.758,0.3,1.7548981195230036,0.0,11.601826456846634,0.0,-0.3899773598937891,0.0487471699867507,10.0,-110.3,111.4,-90.1,-90.3,0.0,13.829580324900151,-110.21924893438148,77.867,-89.96544373024034,-92.0292909609437,0.3463919311780929,24.1196201567258,0.04267974668194569,194.98867994700262,-0.1326832216940344,-6.612333294495722,1.1307376775760667,0.9895803249001514,0.0017510656185208973,8.0,-0.00544373024034428,-0.271290960943702,0.04639193117809293,1.5353327,0.0068849,11.9246468,0.0068849,-0.2409715,0.0550792,0.02219291819264,0.018950671550434,0.0018898656898419998,0.00310439560446,-0.004346153846244,-0.001396978022007,41.65689971661357,2.001351000217255,0.27512700035003945,0.09736900028656237,17.69705500009877
pid,05:37:25.093,232,12.871,-110.22,70.107,-89.959,-91.763,0.3,1.5328793369723124,0.04944772054772912,11.86745293139807,0.049447720547026425,-0.2472386027379429,0.0,10.0,-110.3,111.4,-90.1,-90.3,0.0,13.842177258825302,-110.21882982789802,78.107,-89.96508630506325,-92.03031162075996,0.34608858049106594,24.011250848236926,0.0289311715454885,197.79088218997205,-0.15047695596699237,-6.608975161217961,1.1394876242764331,0.9711772588253016,0.0011701721019790057,8.0,-0.006086305063249142,-0.26731162075995485,0.046088580491065956,1.5628723,0.0206547,11.6492508,0.06884900000000001,-0.3098205,0.0068849,0.0216727716725,0.017199511599296,0.00511477411471,0.0032941086691770003,-0.004553113553208,-0.002017857142899,41.419936504055634,2.0240180001565022,0.3063119984290097,0.1197949986817548,17.58627900017018
pid,05:37:25.113,233,12.902,-110.22,70.345,-89.959,-91.767,0.301,1.5378105995197573,0.0,11.806416860829536,0.0,-0.19842717413112676,0.04960679353289735,10.0,-110.3,111.4,-90.1,-90.3,0.0,13.85475225622654,-110.21891046201515,78.345,-89.96522842269468,-92.03083299263716,0.3462851946253776,23.631492231316027,0.02702424293033757,198.42717413158923,-0.1544860393252381,-6.5439543964589495,1.123226649939089,0.9527522562265407,0.0010895379848534503,8.0,-0.006228422694675828,-0.26383299263716253,0.04528519462537761,1.445829,0.0137698,12.0210354,0.0481943,-0.3924393,0.0068849,0.022400976800696,0.016939438339226,0.0024446886446579997,0.0034148351649060005,-0.0038287545788340004,-0.001534951159983,41.18499241228534,1.8965559993375791,0.2733130004344275,0.0870730000315234,17.78581399958057
pid,05:37:25.133,234,12.935,-110.22,70.592,-89.959,-91.772,0.301,1.6364242037313523,0.0,12.248387221867532,0.0,-0.24794306117188683,0.0,10.0,-110.3,111.4,-90.1,-90.3,0.0,13.868292907428742,-110.21899112569618,78.592,-89.96537059243249,-92.0318487809062,0.34598169752550123,23.140350043744537,0.02501433832260963,198.3544489371261,-0.15795441891877893,-6.442770217954066,1.1152899781159102,0.9332929074287417,0.0010088743038210168,8.0,-0.006370592432489275,-0.25984878090619645,0.04498169752550124,1.3356706,0.0068849,11.821373300000001,0.0550792,-0.5094826,0.0068849,0.022765079364793998,0.016887423687211998,0.004438583638528,0.002690476190532,-0.0033113553114240005,-0.00224206349211,40.94130866252324,1.9775189994106768,0.2777939989755396,0.2668489996722201,17.517909000162035
pid,05:37:25.153,235,12.965,-110.219,70.829,-89.959,-91.779,0.301,1.4888553375771745,0.04962851125281051,11.76195716685967,0.0,-0.3473995787675578,0.0,10.0,-110.3,111.4,-90.1,-90.3,0.0,13.880305713248253,-110.21857273201275,78.829,-89.96551264787244,-92.03385871001481,0.3456784444231986,22.712629944742897,0.01060233705655826,198.51404501029415,-0.16160650911077648,-6.324129178893442,1.108662340902098,0.9153057132482534,0.0004272679872485696,8.0,-0.00651264787244088,-0.2548587100148154,0.04467844442319863,1.308131,0.0068849,12.0072656,0.0413094,-0.3993242,-0.0068849,0.022088888888612,0.01725152625131,0.0017164835164619999,0.0033630952381650003,-0.0038460012210810002,-0.002017857142899,40.70751466252885,1.8847599985747365,0.32712599931983277,0.0977020008576801,17.735203000484034
pid,05:37:25.174,236,12.992,-110.219,71.053,-89.959,-91.789,0.302,1.339621084508426,0.0,11.113893441847447,0.0,-0.4961559572255779,0.049615595722532456,10.0,-110.3,111.4,-90.1,-90.3,0.0,13.890790532279016,-110.21865435957241,79.053,-89.96565474029111,-92.03735817376375,0.3458741046328544,22.297013844397654,0.008574577860295763,198.46238289012965,-0.16508945196115446,-6.161219371924328,1.0884199190758959,0.8987905322790155,0.0003456404275823388,8.0,-0.0066547402911112385,-0.2483581737637479,0.043874104632854405,1.4114045,-0.0068849,12.1243089,-0.0137698,-0.2478564,0.0481943,0.023857387057087998,0.01725152625131,0.001595115995096,0.0023282967033450004,-0.0038460012210810002,-0.002552503052556,40.48663038584467,1.8942050010082312,0.32799699874885846,0.08098100079223514,17.744091999702505
pid,05:37:25.194,237,13.019,-110.218,71.288,-89.959,-91.798,0.302,1.339636931448475,0.04961618264577302,11.659802921866655,0.0,-0.4465456438161877,0.0,10.0,-110.3,111.4,-90.1,-90.3,0.0,13.901248178112507,-110.21823699390221,79.288,-89.96579683102894,-92.04034858564138,0.34556976844263076,21.886893372271846,-0.005879366368866588,198.4647305849648,-0.16861640487358062,-6.012205844620504,1.0808827944520016,0.8822481781125067,-0.00023699390220599525,8.0,-0.006796831028935912,-0.2423485856413805,0.043569768442630774,1.3632102000000001,0.0413094,12.117424,-0.0068849,-0.2340866,-0.0137698,0.02314652014623,0.01725152625131,0.001109645909632,0.003242368742436,-0.004604853479949001,-0.0017246642247000002,40.2547974532229,2.0437580005818745,0.30958899878896773,0.16025800141505897,17.524353999760933
pid,05:37:25.214,238,13.048,-110.218,71.54,-89.959,-91.804,0.303,1.4379167523731797,0.0,12.495000744760555,0.0,-0.29750001773239415,0.049583336288730524,10.0,-110.3,111.4,-90.1,-90.3,0.0,13.912674564850331,-110.2183196829729,79.54,-89.9659390158944,-92.04183194707632,0.34576422224235526,21.436724864642823,-0.007925474175646662,198.33334515492191,-0.17202977930262234,-5.896250706044306,1.0601964062843552,0.8646745648503309,-0.00031968297290063674,8.0,-0.0069390158944031555,-0.23783194707631594,0.042764222242355265,1.4733686000000001,-0.0068849,11.8076035,-0.0275396,-0.1927772,0.0413094,0.02366666666637,0.017424908424689998,0.0017164835164619999,0.0037770146520930002,-0.005053266178371,-0.0017419108669470002,40.006128705487114,2.5465689996053698,0.2983680005854694,0.12157300079707056,17.104376000133925
pid,05:37:25.234,239,13.074,-110.218,71.782,-89.959,-91.808,0.303,1.2849590422774093,0.0,11.960003393504724,0.0,-0.19768600650445992,0.0,10.0,-110.3,111.4,-90.1,-90.3,0.0,13.92256458245516,-110.21840264281559,79.782,-89.9660816663556,-92.0423062953353,0.34545767550659173,20.96866794580998,-0.009949606282604854,197.6860065042183,-0.1749932926543348,-5.7898844779538665,1.0491610395437607,0.8485645824551593,-0.0004026428155867734,8.0,-0.0070816663556030335,-0.23430629533528702,0.04245767550659174,1.37698,0.0206547,12.2206975,-0.0550792,-0.2960507,0.0206547,0.021100610500346,0.017216849816634,-0.00036410256409799996,0.003242368742436,-0.004070207570292,-0.00224206349211,39.76717085737934,2.1142020013940055,0.30629300090367906,0.11977699978160672,17.514372000732692
pid,05:37:25.254,240,13.102,-110.217,72.009,-89.959,-91.812,0.304,1.3862521778134749,0.04950900635071682,11.238544441559245,0.0,-0.19803602540146012,0.04950900635048046,10.0,-110.3,111.4,-90.1,-90.3,0.0,13.93343181911707,-110.2179864659481,80.009,-89.96622406468916,-92.04277930043935,0.34565066065979,20.58168160632924,-0.024419474444594025,198.03602540192168,-0.17882813228579614,-5.7128269255057775,1.0310414115536235,0.8314318191170695,-0.0009864659481024773,8.0,-0.007224064689154375,-0.2307793004393517,0.041650660659790006,1.3907498,0.0275396,12.138078700000001,0.0137698,-0.4406336,0.0413094,0.020320390720136,0.017234188033972,0.0024793650793339997,0.00293192918199,-0.004673840048937001,-0.002138583638628,39.54337637329418,2.071869999781484,0.27510799918673,0.08748100117372815,17.61589000125241
pid,05:37:25.275,241,13.132,-110.217,72.259,-89.959,-91.817,0.304,1.4589560095540353,0.0,12.157966746283886,0.0,-0.24315933492545655,0.0,10.0,-110.3,111.4,-90.1,-90.3,0.0,13.945211708319187,-110.2180718009405,80.259,-89.966369031363,-92.04371962352991,0.3453381083984375,19.77400181486679,-0.0260618403867671,194.52746794054218,-0.1791848765274685,-5.512899287213361,1.0051746945249624,0.8132117083191872,-0.001071800940508183,8.0,-0.007369031362998157,-0.2267196235299167,0.04133810839843749,1.2255122,0.0206547,11.718099800000001,0.0068849,-0.5783316000000001,0.0481943,0.021083272283008,0.016436630036424,0.0008669108669,0.003000915750978,-0.0029836691087310003,-0.00120726495729,39.29691819977745,1.9937769993703114,0.26929400155495387,0.08762900142755825,17.69409199914662
pid,05:37:25.295,242,13.16,-110.217,72.486,-89.959,-91.824,0.305,1.3890723629740256,0.0,11.261408085539426,0.0,-0.34726809074374876,0.049609727249071554,10.0,-110.3,111.4,-90.1,-90.3,0.0,13.95602684904337,-110.21815545388985,80.486,-89.96651114059019,-92.04568363443613,0.34553070900630944,19.745337431989697,-0.028660876162055184,198.43890899628605,-0.18631281800425836,-5.498832319979633,1.0053587095072498,0.7960268490433702,-0.0011554538898508326,8.0,-0.007511140590182208,-0.2216836344361326,0.04053070900630945,1.2461669,0.0206547,11.8282582,-0.0481943,-0.2478564,-0.0,0.021516727716458,0.015933821733622,0.004109157509106,0.0028801892552490003,-0.004397893772985001,-0.002449023199074,39.07335878830997,2.3949960013851523,0.27840499933518004,0.09764799870026764,17.27824499903363
pid,05:37:25.315,243,13.187,-110.216,72.733,-89.959,-91.835,0.305,1.3392567083337887,0.04960210030889707,12.25171877623907,0.0,-0.5456231033950482,0.0,10.0,-110.3,111.4,-90.1,-90.3,0.0,13.966314283466339,-110.21774012772369,80.733,-89.96665327166843,-92.04963632092475,0.3452232623476982,19.327812630234533,-0.04315699495029657,198.4084012346409,-0.18980917449340712,-5.323206160195871,0.9975791468560407,0.7793142834663396,-0.001740127723692808,8.0,-0.007653271668431216,-0.21463632092475393,0.040223262347698185,1.3287857,0.034424500000000004,12.0623448,0.0137698,-0.2134319,0.0481943,0.020493772893515998,0.016263247863044,-0.001768498168476,0.0035528083028820005,-0.004622100122196,-0.00275946275952,38.83001474375203,1.9677590007631807,2.7796960002888227,0.14603599993279204,15.13509800133761
pid,05:37:25.335,244,13.21,-110.216,72.969,-89.959,-91.844,0.305,1.1404302163377011,0.0,11.701805698072562,0.0,-0.44625530204517594,0.0,10.0,-110.3,111.4,-90.1,-90.3,0.0,13.974577347135545,-110.21782483259963,80.969,-89.96679545485306,-92.05257936463356,0.3449157029767036,18.955371943492143,-0.04524117905192265,198.33568979784846,-0.1932646144460101,-5.171091520274294,0.9895885604563184,0.7645773471355444,-0.001824832599638171,8.0,-0.0077954548530527745,-0.20857936463356452,0.039915702976703604,1.1153538,0.0,11.9039921,0.0068849,-0.206547,0.0619641,0.021811477411204,0.016419291819086,0.003675702075656,0.0033630952381650003,-0.004622100122196,-0.002655982906038,38.59727657490876,1.9770930011873133,0.27227600003243424,0.09190699893224519,17.70625900098821
pid,05:37:25.356,245,13.238,-110.216,73.197,-89.959,-91.849,0.306,1.3889737912763094,0.0,11.31021515753662,0.0,-0.24803103415697478,0.04960620683129913,10.0,-110.3,111.4,-90.1,-90.3,0.0,13.985313642644883,-110.21790949942398,81.197,-89.96693757416534,-92.05351806807518,0.3451072738308906,18.535697562446792,-0.04736151168514217,198.42482732519633,-0.19687647289227914,-5.072682792837452,0.9699817571317053,0.7473136426448832,-0.0019094994239878815,8.0,-0.007937574165339356,-0.20451806807517414,0.03910727383089063,1.2048575000000001,0.0,12.069229700000001,-0.0206547,-0.2409715,0.0550792,0.021915506715232,0.016401953601748,-0.000381440781436,0.003242368742436,-0.004277167277256,-0.0037080280831050002,38.37282667461443,1.999610998609569,0.3121089994237991,0.07955500041134655,17.663814998741145
pid,05:37:25.376,246,13.261,-110.215,73.442,-89.959,-91.853,0.306,1.140484146312613,0.04958626723051596,12.148635471590564,0.0,-0.19834506892347314,0.0,10.0,-110.3,111.4,-90.1,-90.3,0.0,13.993525433850289,-110.2174952086382,81.442,-89.96707975062657,-92.05395211031437,0.3447987206597328,18.161600958196416,-0.06186404116511289,198.3450689239354,-0.20032233686411424,-4.982232521339251,0.9619418654269024,0.7325254338502898,-0.0024952086381944127,8.0,-0.008079750626563964,-0.20095211031437543,0.03879872065973283,1.1084689,0.0137698,11.8076035,-0.0137698,-0.44751850000000004,0.0481943,0.022383638583357998,0.015257631257439999,-0.00026007326007,0.00310439560446,-0.0038460012210810002,-0.002345543345592,38.13104294403709,1.9295559995953226,0.2695340008358471,0.07598100091854576,17.789868999898317
pid,05:37:25.396,247,13.283,-110.215,73.681,-89.959,-91.858,0.307,1.0892881443968436,0.0,11.83363029594761,0.0,-0.24756548736339473,0.0495130974725833,10.0,-110.3,111.4,-90.1,-90.3,0.0,14.00121014944315,-110.21758104451227,81.681,-89.96722213719416,-92.05487878923417,0.3449887016792297,17.780404567588644,-0.06389775425850518,198.05238989033302,-0.20355174016347288,-4.8740393408175064,0.940469144550294,0.7182101494431503,-0.0025810445122687042,8.0,-0.008222137194152879,-0.19687878923416235,0.037988701679229686,1.0258501,0.0137698,11.635481,0.0068849,-0.5025977,0.0137698,0.02314652014623,0.016263247863044,0.003172893772854,0.0027422161172730003,-0.002724969475026,-0.002552503052556,37.89524731414219,1.9752590014832094,0.27896000028704293,0.08048100062296726,17.73370299997623
pid,05:37:25.416,248,13.305,-110.215,73.908,-89.959,-91.865,0.307,1.0882989102231568,0.0,11.22926602821173,0.0,-0.346276925979636,0.0,10.0,-110.3,111.4,-90.1,-90.3,0.0,14.008869614994527,-110.21766695840883,81.908,-89.96736465318727,-92.05679696278571,0.34467840089988705,17.409557612221082,-0.06596472568042897,197.87252913148086,-0.2068918851840817,-4.743918763268402,0.9319400599613146,0.7038696149945274,-0.002666958408823916,8.0,-0.008364653187271642,-0.19179696278571612,0.037678400899887055,1.0533897,0.034424500000000004,12.048575,0.0481943,-0.3786695,0.0481943,0.02279975579947,0.01543101343082,0.00112698412697,0.00293192918199,-0.004518620268714001,-0.0024317765568270004,37.671523316691086,2.0417209998413455,0.28001600003335625,0.09510999916528817,17.636351998589817
pid,05:37:25.436,249,13.326,-110.215,74.156,-89.959,-91.874,0.308,1.0412993013111156,0.0,12.297248891673892,0.0,-0.4462711291333353,0.04958568101481319,10.0,-110.3,111.4,-90.1,-90.3,0.0,14.016015824210644,-110.21775266863632,82.156,-89.96750683132935,-92.05970981104373,0.3448678273696899,17.10745227724119,-0.06824647446998006,198.34272405925262,-0.2109085123717345,-4.604273725868055,0.9140581638313208,0.6900158242106436,-0.0027526686363188446,8.0,-0.008506831329341935,-0.1857098110437363,0.03686782736968991,1.0602746,-0.034424500000000004,12.117424,0.0068849,-0.1996621,-0.0068849,0.022435653235372,0.015621733821538,0.00015604395604199998,0.003173382173448,-0.004553113553208,-0.003207875457942,37.42695897344586,1.960999999937485,0.32003400156099815,0.1295910005865153,17.634186000577756
pid,05:37:25.456,250,13.348,-110.214,74.381,-89.959,-91.885,0.309,1.0898413568290384,0.04953824349246501,11.146104785751124,0.0,-0.5449206784150031,0.04953824349222851,10.0,-110.3,111.4,-90.1,-90.3,0.0,14.023636616790295,-110.21733947026061,82.381,-89.96764914562034,-92.0636100369215,0.3450559471149444,16.734925617411538,-0.08271574545279459,198.15297396891387,-0.21423174087007937,-4.424013749586512,0.8930741437615146,0.6756366167902943,-0.0033394702606130977,8.0,-0.008649145620339027,-0.1786100369214978,0.03605594711494442,1.1084689,0.0068849,11.786948800000001,0.0137698,-0.1721225,0.0550792,0.02288644688616,0.014806837606652,0.0034329670329239998,0.0034148351649060005,-0.005036019536124,-0.00258699633705,37.20551636518435,2.010759000768303,0.29633000121975783,0.11649900079646613,17.626037000809447
pid,05:37:25.477,251,13.369,-110.214,74.631,-89.959,-91.891,0.309,1.0336617377833626,0.0,12.305496878373939,0.0,-0.2953319250809857,0.0,10.0,-110.3,111.4,-90.1,-90.3,0.0,14.030714365708828,-110.21742682959366,82.631,-89.96779237429428,-92.0649938892603,0.3447420629997253,16.28544812321037,-0.08433768173493414,196.88795005398302,-0.21638906886339782,-4.282162522297219,0.8796476893395292,0.6617143657088285,-0.003426829593664138,8.0,-0.008792374294273486,-0.17399388926028792,0.03574206299972532,1.1635481,-0.0068849,12.1311938,0.0757339,-0.1996621,-0.0068849,0.02149938949912,0.015448351648158,0.001803174603152,0.003173382173448,-0.0051567460318530005,-0.0028456959707550003,36.958944262519196,1.9450370000413386,0.27473799855215475,0.0901099992915988,17.73483299984946
pid,05:37:25.497,252,13.39,-110.214,74.867,-89.959,-91.894,0.309,1.0417180230151897,0.0,11.706926353884754,0.0,-0.14881686043074138,0.0,10.0,-110.3,111.4,-90.1,-90.3,0.0,14.037797414171697,-110.21751351331997,82.867,-89.96793449528741,-92.06488721647263,0.34443060635519024,16.067196228696808,-0.08714500355986417,198.42248057431433,-0.22160058970099036,-4.238483173867168,0.8787786001561142,0.6477974141716967,-0.0035135133199730717,8.0,-0.008934495287405753,-0.17088721647262162,0.03543060635519024,1.0396199,0.0137698,12.1793881,-0.0068849,-0.1996621,0.034424500000000004,0.022054212453936,0.014460073259891999,-3.4676434676e-05,0.0028801892552490003,-0.005053266178371,-0.0030526556777190003,36.72622745395993,1.9088899989583297,0.4842550006287638,0.10009200013882946,17.566000000442727
pid,05:37:25.517,253,13.413,-110.214,75.106,-89.959,-91.897,0.31,1.1369758742206406,0.0,11.81466234516198,0.0,-0.14830120098530858,0.0494337336617677,10.0,-110.3,111.4,-90.1,-90.3,0.0,14.045845318055154,-110.21760049845504,83.106,-89.96807711045074,-92.06477192274332,0.34461705528688424,15.641953450917558,-0.08899304083818149,197.73493464707062,-0.2243577302201353,-4.146796272407873,0.8556251456032615,0.6328453180551534,-0.0036004984550430663,8.0,-0.009077110450732562,-0.16777192274331298,0.034617055286884246,1.0740444,0.0068849,11.9590713,0.0137698,-0.2409715,0.0550792,0.021620757020486,0.016089865689663998,-0.00034676434676,0.0034838217338940005,-0.0036562881563640005,-0.0027767094017670003,36.4907767935954,2.098201999615412,0.4494400000112364,0.13986900012241676,17.361762000291492
pid,05:37:25.537,254,13.456,-110.213,75.587,-89.959,-91.905,0.311,2.1269791730546608,0.04946463193174078,23.79248795905414,0.0,-0.3957170554518174,0.04946463193150463,10.0,-110.3,111.4,-90.1,-90.3,0.0,14.063851912903786,-110.21718844007778,83.587,-89.96821963652897,-92.06714955142736,0.3448026892561912,15.033585570323401,-0.1035898234073425,197.85852772601834,-0.22802296372370437,-4.01033393960652,0.8360187911762612,0.6078519129037865,-0.004188440077783184,8.0,-0.009219636528968067,-0.16214955142736187,0.033802689256191176,1.032735,-0.0206547,11.8695676,0.0481943,-0.413094,0.06884900000000001,0.02002564102539,0.015465689865495999,-0.001196336996322,0.003069902319966,-0.0033630952381650003,-0.0025352564103090004,36.01687244889539,1.9798519988398766,0.34158999915234745,0.11875899872393347,17.60170399938943
pid,05:37:25.558,255,13.477,-110.213,75.823,-89.959,-91.912,0.312,1.0406841452320301,0.0,11.695307536892352,0.0,-0.34689471507757813,0.049556387868190076,10.0,-110.3,111.4,-90.1,-90.3,0.0,14.07084378796816,-110.21727621887254,83.823,-89.96836189871358,-92.06902312134504,0.3449878963370323,14.714376544832652,-0.1059569805286364,198.22555147276015,-0.23197094191651127,-3.8907493528242987,0.8173804929168085,0.5938437879681597,-0.004276218872547588,8.0,-0.009361898713578398,-0.15702312134503416,0.03298789633703231,0.9019219,0.0275396,11.910877000000001,-0.0137698,-0.4957128,0.0275396,0.02123931623905,0.014633455433272,-0.00052014652014,0.0033458485959180005,-0.0025697496948030004,-0.0031216422467070003,35.784574833299345,1.9616110002971254,0.43529200047487393,0.13846100046066567,17.50177899884875
pid,05:37:25.578,256,13.496,-110.213,76.061,-89.959,-91.923,0.313,0.9423061806056513,0.0,11.803624788639814,0.0,-0.545545683508317,0.049595062137139254,10.0,-110.3,111.4,-90.1,-90.3,0.0,14.076819243538381,-110.21736392921733,84.061,-89.96850404996204,-92.07288686974049,0.3451723407287597,14.402883236866087,-0.10821467034801771,198.38024854855684,-0.23567697421087297,-3.7168243091602875,0.7977946187700262,0.5808192435383805,-0.004363929217333862,8.0,-0.009504049962032468,-0.14988686974048449,0.032172340728759685,1.0258501,0.0206547,11.7249847,-0.0068849,-0.3304752,0.0550792,0.020181684981432,0.014460073259891999,0.00277411477408,0.0032251221001890003,-0.00396672771681,-0.002655982906038,35.55033734017161,1.9956840005761478,0.27392300034989603,0.08055500074988231,17.698703000860405
pid,05:37:25.598,257,13.515,-110.212,76.285,-89.959,-91.931,0.314,0.9423953265612683,0.04959975402907208,11.110344902616465,0.0,-0.39679803223610094,0.04959975402954015,10.0,-110.3,111.4,-90.1,-90.3,0.0,14.082775879192354,-110.21695263933468,84.285,-89.96864618776368,-92.07524270836115,0.34535580690097806,14.0807719759233,-0.12282484639845201,198.39901611816043,-0.2392242702007701,-3.5772014276338266,0.7776201548431338,0.5677758791923537,-0.004952639334675268,8.0,-0.009646187763678427,-0.14424270836114772,0.031355806900978056,0.9156917,0.0137698,11.773179,0.0550792,-0.2409715,0.0826188,0.02054578754553,0.014147985347808,0.001629792429772,0.0036562881563640005,-0.0035010683761410003,-0.002655982906038,35.329942428484095,2.1655349992215633,0.28536699937831145,0.11596199874475133,17.46790900142514
pid,05:37:25.618,258,13.534,-110.212,76.521,-89.959,-91.936,0.315,0.9426071158213538,0.0,11.708172596517999,0.0,-0.2480545041639919,0.049610900832702545,10.0,-110.3,111.4,-90.1,-90.3,0.0,14.088714161968232,-110.21704132952023,84.521,-89.96878829362916,-92.07609387718439,0.34553833635044096,13.759934639950812,-0.1250524494463509,198.44360333081,-0.24280303227890448,-3.475091724131684,0.75751718813872,0.5547141619682314,-0.0050413295202247355,8.0,-0.009788293629156897,-0.14009387718438404,0.030538336350440953,0.8330729,0.06884900000000001,12.0967693,-0.0275396,-0.2203168,0.0275396,0.020164346764094,0.014633455433272,-0.00010402930402799999,0.0037252747253520005,-0.003914987790069001,-0.0031216422467070003,35.09753756319666,2.032295999015332,0.2754969991656253,0.08786999933363404,17.650056001002667
pid,05:37:25.638,259,13.551,-110.212,76.772,-89.959,-91.94,0.316,0.8433055161320576,0.0,12.451157914656307,0.0,-0.19842482732473388,0.04960620683129913,10.0,-110.3,111.4,-90.1,-90.3,0.0,14.093634972763063,-110.21713002809811,84.772,-89.96893041294145,-92.07644085823297,0.34571982782077787,13.459031346390415,-0.12724061744242923,198.42482732519633,-0.24630505914688824,-3.384156716872444,0.7371439629340517,0.5426349727630626,-0.005130028098108141,8.0,-0.009930412941443478,-0.13644085823297303,0.029719827820777867,0.757339,0.0206547,12.0554599,-0.0137698,-0.1858923,0.06884900000000001,0.020753846153586,0.013367765567598,3.4676434676e-05,0.002690476190532,-0.0038460012210810002,-0.0032941086691770003,34.85003681490164,1.937315000759554,0.272552999376785,0.08153599992510863,17.75333200021123
pid,05:37:25.658,260,13.567,-110.212,76.998,-89.959,-91.945,0.316,0.7938025809962037,0.0,11.212461456571322,0.0,-0.24806330656108783,0.0,10.0,-110.3,111.4,-90.1,-90.3,0.0,14.098040124285223,-110.21721871513653,84.998,-89.96907251376437,-92.07728301529883,0.34540136072826383,13.173156914692303,-0.12945717327678005,198.45064524905075,-0.24986210697753372,-3.2814562176932363,0.7293398759655071,0.531040124285223,-0.005218715136521723,8.0,-0.010072513764370683,-0.1322830152988388,0.029401360728263826,0.826188,0.0137698,12.0279203,-0.0137698,-0.3304752,0.0413094,0.021447374847105998,0.014789499389313999,-0.0006241758241679999,0.0033630952381650003,-0.0030871489622130003,-0.002483516483568,34.62736777463745,1.941778000400518,0.345551999998861,0.08757300020079128,17.66992500051856
pid,05:37:25.679,261,13.583,-110.212,77.25,-89.959,-91.95,0.317,0.7900644447322266,0.0,12.443515004532328,0.0,-0.24689513897929777,0.04937902779576416,10.0,-110.3,111.4,-90.1,-90.3,0.0,14.102412065815926,-110.21730782179165,85.25,-89.96921528692769,-92.07811226551533,0.34558037425470345,12.824031417689948,-0.13104753989230453,197.51611118305647,-0.25221046857215773,-3.163029559929758,0.705635547368172,0.519412065815926,-0.005307821791646461,8.0,-0.010215286927689249,-0.12811226551532684,0.028580374254703445,0.7504541,0.0206547,11.9590713,0.06884900000000001,-0.3648997,0.0826188,0.022817094016808,0.013818559218386,0.000450793650788,0.0029836691087310003,-0.003242368742436,-0.003914987790069001,34.37893254596484,2.0399069999257335,0.3162929988320684,0.12238799899932928,17.55913099987083
pid,05:37:25.699,262,13.598,-110.212,77.477,-89.959,-91.956,0.318,0.7437324601326633,0.0,11.255151230007403,0.0,-0.2974929840530653,0.04958216400884238,10.0,-110.3,111.4,-90.1,-90.3,0.0,14.106283744955064,-110.21739656338023,85.477,-89.96935747515488,-92.07944231016636,0.34575969442319865,12.600904002695284,-0.13378664530152884,198.32865603536936,-0.25677301592315704,-3.060268434149319,0.6881928608631913,0.5082837449550635,-0.005396563380230646,8.0,-0.010357475154876283,-0.12344231016635376,0.027759694423198644,0.6953749,0.0619641,11.752524300000001,-0.0068849,-0.1996621,0.034424500000000004,0.023961416361116,0.014460073259891999,0.00329426129422,0.0032251221001890003,-0.0030526556777190003,-0.0031216422467070003,34.15533074060329,2.2505529996124096,0.2864970010705292,0.11807299961219542,17.41385400055151
pid,05:37:25.719,263,13.613,-110.211,77.726,-89.959,-91.962,0.32,0.7419257302561932,0.04946171535065304,12.315967122253564,0.0,-0.29677029210251243,0.09892343070083383,10.0,-110.3,111.4,-90.1,-90.3,0.0,14.110131425201894,-110.21698653195429,85.726,-89.96950000963736,-92.08076222286225,0.3464362119097709,12.294486522541572,-0.1480520697295633,197.84686140166747,-0.25967424392961713,-2.9370916307974544,0.6537901942121953,0.4971314252018946,-0.005986531954292218,8.0,-0.010500009637354424,-0.11876222286224447,0.026436211909770913,0.7297994,0.0550792,12.0210354,-0.0275396,-0.1790074,0.06884900000000001,0.023857387057087998,0.014147985347808,0.001283028083012,0.0028801892552490003,-0.0034838217338940005,-0.0023282967033450004,33.909946785567215,2.0294440000725444,0.27277500157651957,0.08555400017939974,17.66212899929087
pid,05:37:25.739,264,13.627,-110.211,77.949,-89.959,-91.966,0.321,0.6942734044314681,0.0,11.058783513443162,0.0,-0.19836382983708412,0.049590957459386645,10.0,-110.3,111.4,-90.1,-90.3,0.0,14.113474508512022,-110.21707626605559,85.949,-89.96964217265176,-92.08108248114586,0.34661256419610975,12.062368328347825,-0.1506639257371566,198.3638298375464,-0.2638777656244839,-2.853525213412506,0.6350757907375434,0.48647450851202123,-0.006076266055586643,8.0,-0.01064217265175671,-0.11508248114586195,0.025612564196109744,0.8055333,0.0137698,12.0829995,-0.034424500000000004,-0.0550792,0.06884900000000001,0.023614652014356,0.013506471306302,0.002219291819264,0.0034665750916470003,-0.004121947497033001,-0.002655982906038,33.69022007942365,2.0554620004986646,0.2759419985522982,0.08981400060292799,17.635019001318142
pid,05:37:25.759,265,13.642,-110.211,78.198,-89.959,-91.968,0.322,0.7433106886732781,0.0,12.338957431977175,0.0,-0.09910809182358496,0.04955404591155591,10.0,-110.3,111.4,-90.1,-90.3,0.0,14.117299732887746,-110.21716606699752,86.198,-89.9697844415598,-92.08039947023391,0.3467876664061546,11.776512392634807,-0.15277678354458507,198.21618364622347,-0.2672063560920544,-2.784924254202964,0.6141645795654579,0.47529973288774663,-0.006166066997522535,8.0,-0.010784441559792413,-0.11239947023391039,0.024787666406154596,0.8330729,-0.0275396,11.7594092,-0.0068849,-0.0481943,0.1101584,0.022661050060766,0.014165323565146,0.001144322344308,0.003173382173448,-0.004449633699726001,-0.002345543345592,33.44474066277089,2.197867999711889,0.3003310011990834,0.1188690002891235,17.424558000129764
pid,05:37:25.779,266,13.658,-110.211,78.435,-89.959,-91.97,0.324,0.7935585275580316,0.0,11.754585689453778,0.0,-0.09919481594452269,0.09919481594475395,10.0,-110.3,111.4,-90.1,-90.3,0.0,14.121612040174009,-110.21725578942824,86.435,-89.96992658608484,-92.07971591451168,0.34746103643369675,11.496977748708161,-0.15513547023067192,198.38963188950774,-0.27096517389747254,-2.720812486549105,0.5818032977284274,0.46361204017400937,-0.00625578942823779,8.0,-0.010926586084835321,-0.10971591451168194,0.023461036433696736,0.6540655,0.0275396,11.8557978,0.0137698,-0.0757339,0.0895037,0.02366666666637,0.013367765567598,0.00112698412697,0.0033630952381650003,-0.004225427350515,-0.002345543345592,33.21135147807148,2.2927739992155693,0.2793299991026288,0.100184000984882,17.375928999172174
pid,05:37:25.800,267,13.672,-110.211,78.662,-89.959,-91.971,0.326,0.6943226599820829,0.0,11.257945986851633,0.0,-0.049594475713238745,0.09918895142600397,10.0,-110.3,111.4,-90.1,-90.3,0.0,14.124910014951231,-110.21734551716375,86.662,-89.97006873901415,-92.07853125107289,0.3481323707957268,11.230917368337066,-0.1573512984320724,198.37790285200776,-0.2744741541052302,-2.6664780098613354,0.5488216629499117,0.4529100149512306,-0.006345517163751424,8.0,-0.011068739014149287,-0.10753125107288497,0.022132370795726775,0.7229145,-0.0068849,11.9177619,0.0275396,-0.0550792,0.0963886,0.024585592185284,0.013991941391765999,-0.001803174603152,0.0033630952381650003,-0.004432387057479,-0.0018453907204290002,32.98767265206808,2.092684000672307,0.2723680008784868,0.0916660010261694,17.58857500135491
pid,05:37:25.820,268,13.686,-110.21,78.915,-89.959,-91.972,0.328,0.6944786820100678,0.04960562014381544,12.550221896325388,0.0,-0.049605620143110506,0.09921124028715726,10.0,-110.3,111.4,-90.1,-90.3,0.0,14.128194710123541,-110.21693623269128,86.915,-89.97021086000728,-92.07734595816135,0.34880176309537886,10.967671409944089,-0.17203806205577865,198.42248057431433,-0.27806083150198707,-2.6128757921067587,0.5159421792130372,0.44219471012354106,-0.006936232691288069,8.0,-0.011210860007281553,-0.10534595816135095,0.020801763095378845,0.8468427000000001,0.0137698,11.821373300000001,0.0068849,-0.06884900000000001,0.1032735,0.02279975579947,0.014806837606652,-0.002132600732574,0.0033630952381650003,-0.004242673992762,-0.0030526556777190003,32.73824934232128,1.9155560003127903,0.2701819994399557,0.07746200026303995,17.7862210002786
pid,05:37:25.840,269,13.702,-110.21,79.142,-89.959,-91.973,0.33,0.7936617626188569,0.0,11.260076257154509,0.0,-0.04960386016391536,0.09920772032735711,10.0,-110.3,111.4,-90.1,-90.3,0.0,14.132463145697118,-110.21702695143748,87.142,-89.97035298604297,-92.07615959746838,0.34946912769269944,10.676316842388504,-0.17428195824071924,198.41544065471405,-0.2815759660578491,-2.558557123681324,0.48287194378873094,0.43046314569711797,-0.0070269514374814435,8.0,-0.011352986042965085,-0.10315959746837677,0.01946912769269943,0.7091447000000001,-0.0275396,12.0967693,-0.0206547,-0.0413094,0.2134319,0.022227594627315998,0.013038339438176,-0.001161660561646,0.0034665750916470003,-0.005053266178371,-0.0017246642247000002,32.51490701201528,1.9108340002276236,0.30446100026892964,0.07611100045323838,17.745944000125746
pid,05:37:25.860,270,13.717,-110.21,79.392,-89.959,-91.974,0.332,0.743591816473453,0.0,12.393196941223747,0.0,-0.04957278776513169,0.09914557552979006,10.0,-110.3,111.4,-90.1,-90.3,0.0,14.13621411304474,-110.21711772704649,87.392,-89.97049520116377,-92.07497117114067,0.35013426655721663,10.390806127007785,-0.1764227861220705,198.29115105957996,-0.28492458380299335,-2.502711218664596,0.4494830736564661,0.41921411304474,-0.0071177270464914955,8.0,-0.011495201163768343,-0.10097117114067089,0.018134266557216616,0.6334108,-0.0206547,12.034805200000001,0.0206547,0.0137698,0.1652376,0.022574358974076,0.011894017093868,0.00012136752136599999,0.003173382173448,-0.004466880341973001,-0.001396978022007,32.2686943336727,2.0176110010652337,0.2700339991861256,0.08696199984115083,17.672111000138102
pid,05:37:25.881,271,13.731,-110.21,79.631,-89.959,-91.974,0.336,0.6819293685909401,0.0,11.641508506660374,0.0,0.0,0.19483696245456358,10.0,-110.3,111.4,-90.1,-90.3,0.0,14.139384244263173,-110.2172101119809,87.631,-89.97063993756103,-92.07325281136036,0.35178936280202866,9.946043208317398,-0.17559953966486977,194.8369624545634,-0.2834862596939627,-2.4172645350659354,0.38454393593004105,0.4083842442631731,-0.007210111980910483,8.0,-0.011639937561028546,-0.09925281136035835,0.01578936280202864,0.6953749,0.0068849,11.7249847,0.0481943,-0.0068849,0.0137698,0.022955799755512,0.013974603174428,8.669108669e-05,0.0034665750916470003,-0.0051739926741,-0.002017857142899,32.03330883627229,1.904926000861451,0.26862699996854644,0.07875899973441847,17.823682999733137
pid,05:37:25.901,272,13.744,-110.21,79.867,-89.959,-91.974,0.338,0.6433664735519296,0.0,11.679575981404557,0.0,0.0,0.09897945746952846,10.0,-110.3,111.4,-90.1,-90.3,0.0,14.142101641190052,-110.2173010399394,87.867,-89.97078239136266,-92.07156155133248,0.35244787780237197,9.850971115680089,-0.18066324304140688,197.95891493905677,-0.2915536761924627,-2.4141473551933648,0.3575107766162043,0.39810164119005265,-0.007301039939406451,8.0,-0.011782391362658018,-0.09756155133247546,0.014447877802371945,0.7022598,-0.0068849,11.773179,0.034424500000000004,-0.034424500000000004,0.0137698,0.02106593406567,0.012864957264796,0.001439072039054,0.004018467643551,-0.004466880341973001,-0.002552503052556,31.80081958063345,1.9123699985357234,0.2697569998417748,0.08062899905780796,17.783368999516824
pid,05:37:25.921,273,13.757,-110.21,80.103,-89.959,-91.974,0.338,0.6449798554513252,0.0,11.708865068192882,0.0,0.0,0.0,10.0,-110.3,111.4,-90.1,-90.3,0.0,14.144815398907662,-110.21739174044656,88.103,-89.97092448882388,-92.06987452189922,0.3521072470088005,9.620504612664009,-0.18336629556775313,198.4553401388708,-0.2958098106907744,-2.378351356770165,0.3499573129443208,0.38781539890766226,-0.007391740446564654,8.0,-0.011924488823879642,-0.09587452189921919,0.01410724700880045,0.6540655,0.034424500000000004,12.186273,0.0206547,-0.0413094,-0.0068849,0.020649816849557998,0.012708913308754,-0.001751159951138,0.0036562881563640005,-0.004691086691184,-0.0026387362637910004,31.568366429069474,1.9201670002075844,0.35951500103692524,0.12818399954994675,17.652241000178037
pid,05:37:25.941,274,13.772,-110.21,80.342,-89.959,-91.976,0.338,0.7412875860119048,0.0,11.81118220378945,0.0,-0.09883834480135321,0.0,10.0,-110.3,111.4,-90.1,-90.3,0.0,14.148499066281321,-110.21748279822397,88.342,-89.9710671460085,-92.06917882373332,0.35176527446699146,9.30313613264684,-0.18489684773544038,197.67668960316712,-0.29817418448943545,-2.3024101770901786,0.34013423601423287,0.3764990662813208,-0.007482798223975351,8.0,-0.012067146008490681,-0.09317882373332509,0.01376527446699144,0.619641,-0.0206547,11.5459773,0.0137698,-0.0068849,0.0137698,0.02123931623905,0.012708913308754,0.0008669108669,0.0037252747253520005,-0.005967338217462001,-0.002138583638628,31.33334564006851,2.650455999173573,0.3675150001072325,0.14790600107517093,16.874544000529568
pid,05:37:25.962,275,13.784,-110.21,80.577,-89.959,-91.977,0.338,0.5933446662030003,0.0,11.619666379808288,0.0,-0.049445388850484245,0.0,10.0,-110.3,111.4,-90.1,-90.3,0.0,14.150672622513772,-110.2175738077216,88.577,-89.9712097275548,-92.06798301342725,0.3514234832425117,9.065135200466855,-0.18724493393615596,197.7815554009926,-0.3018573633511422,-2.2493452388389645,0.3318646743253909,0.36667262251377153,-0.0075738077216129795,8.0,-0.012209727554790106,-0.09098301342724824,0.013423483242511691,0.5989863,-0.0137698,11.8282582,-0.0068849,-0.0550792,-0.0206547,0.021898168497894,0.011894017093868,-0.0019418803418559999,0.0033630952381650003,-0.005260225885335,-0.0024662698413210004,31.10193786567005,2.941602000646526,0.4154959988227347,1.2322109996603103,15.334392999648117
pid,05:37:25.982,276,13.796,-110.21,80.804,-89.959,-91.978,0.338,0.5939888829880741,0.0,11.236289703192497,0.0,-0.049499073581877884,0.0,10.0,-110.3,111.4,-90.1,-90.3,0.0,14.1528382073164,-110.21766471851396,88.804,-89.9713521544628,-92.06678803220987,0.3510820627112389,8.83158034047328,-0.18969823285539994,197.99629432937982,-0.3057101013275189,-2.1974626697940964,0.32377499237623086,0.35683820731640026,-0.0076647185139648855,8.0,-0.012352154462803355,-0.08878803220987663,0.013082062711238851,0.5921014,0.0481943,11.773179,0.034424500000000004,-0.0481943,-0.0137698,0.02175946275919,0.012864957264796,-0.000572161172154,0.0032941086691770003,-0.0055706654457810005,-0.002966422466484,30.878515848401786,1.9865739996021148,0.32401499993284233,0.0879439994605491,17.660944000454037
pid,05:37:26.002,277,13.807,-110.209,81.056,-89.959,-91.979,0.339,0.5444384078921473,0.04949440071699636,12.472588980800543,0.0,-0.04949440071769972,0.04949440071746343,10.0,-110.3,111.4,-90.1,-90.3,0.0,14.15449231773615,-110.21725664810467,89.056,-89.97149459481764,-92.06559188075066,0.3512395997304916,8.599462010136554,-0.2043289249376633,197.97760286985357,-0.30920624135311825,-2.1429066223758655,0.3028958268411541,0.3474923177361493,-0.008256648104662645,8.0,-0.012494594817638927,-0.08659188075066027,0.012239599730491602,0.6265259,0.0206547,11.718099800000001,-0.034424500000000004,-0.0895037,-0.0137698,0.020112332112079998,0.011113797313657999,0.0019245421245179999,0.0034665750916470003,-0.006105311355438001,-0.00224206349211,30.63027438662606,2.0396849995449884,0.27512700035003945,0.09385100020153914,17.634759000429767
pid,05:37:26.022,278,13.819,-110.209,81.293,-89.959,-91.98,0.339,0.59530968573695,0.0,11.757366293304761,0.0,-0.049609140478314155,0.0,10.0,-110.3,111.4,-90.1,-90.3,0.0,14.156643228673936,-110.21734836507368,89.293,-89.97163670572567,-92.06439864439965,0.3508979288239479,8.375095181378423,-0.2070776078511643,198.43656191230912,-0.31344805476228943,-2.093472103090506,0.2951230112126977,0.3376432286739348,-0.008348365073672426,8.0,-0.012636705725668662,-0.0843986443996414,0.011897928823947856,0.6127561,0.0413094,11.9384166,0.0068849,-0.1239282,-0.0275396,0.019384126983884,0.011113797313657999,0.0005028083028019999,0.003949481074563,-0.006260531135661,-0.00137973137976,30.397067177607774,1.968833999853814,0.2777009995043045,0.09222100015904289,17.705294998449972
pid,05:37:26.042,279,13.831,-110.209,81.526,-89.959,-91.981,0.339,0.5953096857368618,0.0,11.558929731391505,0.0,-0.04960914047760917,0.0,10.0,-110.3,111.4,-90.1,-90.3,0.0,14.158782045066358,-110.2174400820427,89.526,-89.9717788166337,-92.06320440016985,0.3505562579174042,8.130492759944211,-0.20935260785116416,198.43656191230912,-0.31697305476228926,-2.039044817971106,0.2866480112126974,0.32778204506635866,-0.008440082042696417,8.0,-0.012778816633698398,-0.0822044001698572,0.011556257917404167,0.5370222,0.0068849,12.0072656,0.0137698,-0.1032735,-0.0137698,0.021378021977754,0.012067399267248,-5.2014652013999995e-05,0.0036045482296230003,-0.005415445665558001,-0.002138583638628,30.167884927518543,2.0186840010865126,0.2734240006248001,0.09585100087861065,17.665018000116106
pid,05:37:26.062,280,13.842,-110.209,81.764,-89.959,-91.982,0.339,0.5454360429375825,0.0,11.80125256537568,0.0,-0.04958509481273972,0.0,10.0,-110.3,111.4,-90.1,-90.3,0.0,14.160407896983624,-110.21753184348869,89.764,-89.97192099645662,-92.06200832597017,0.35021442132186886,7.894142880491344,-0.21152613415605473,198.34037925001184,-0.3203444171866841,-1.983610214510309,0.27803407225611126,0.31840789698362393,-0.008531843488682966,8.0,-0.012920996456614375,-0.08000832597016938,0.01121442132186884,0.48882790000000004,-0.0275396,11.8557978,0.0275396,-0.13081310000000002,-0.0,0.021100610500346,0.010160195360068,0.003276923076882,0.004087454212539,-0.0057086385837570005,-0.00224206349211,29.93368782826467,1.9638519988802727,0.2770529990812065,0.09877699994831346,17.70457400016312
pid,05:37:26.083,281,13.852,-110.209,82.001,-89.959,-91.984,0.339,0.49254935118312615,0.0,11.67341962304078,0.0,-0.09850987023639775,0.0,10.0,-110.3,111.4,-90.1,-90.3,0.0,14.161497628915312,-110.21762422001886,90.001,-89.97206412932205,-92.06129885259867,0.34987029336881637,7.622142815747777,-0.2123926987375062,197.01974047325464,-0.3217364210673152,-1.903674984733755,0.2677077972990421,0.3094976289153113,-0.008624220018859319,8.0,-0.01306412932204637,-0.0772988525986733,0.010870293368816342,0.4544034,-0.0413094,11.8351431,0.034424500000000004,-0.0895037,0.0137698,0.021204639804374,0.011581929181783999,-1.7338217338e-05,0.00413919413928,-0.006001831501956,-0.0018108974359350002,29.700472117459682,1.9928330002585426,0.3112379999947734,0.5512730003829347,17.265708000195445
pid,05:37:26.103,282,13.862,-110.209,82.24,-89.959,-91.986,0.339,0.4899029375693407,0.0,11.708680207907008,0.0,-0.09798058751433808,0.0,10.0,-110.3,111.4,-90.1,-90.3,0.0,14.162556031811238,-110.21771709555912,90.24,-89.97220803537893,-92.0605781035781,0.34952430646610255,7.3621641444256625,-0.2135265360741964,195.96117502774047,-0.32353276658280905,-1.826801601062814,0.25779443268118796,0.30055603181123836,-0.00871709555912048,8.0,-0.013208035378923455,-0.0745781035780908,0.010524306466102529,0.4337487,0.0068849,12.227582400000001,-0.0619641,-0.1032735,-0.034424500000000004,0.02123931623905,0.01222344322329,-0.00242735042732,0.0037770146520930002,-0.0056396520147690005,-0.00275946275952,29.465341046728113,2.4880500004655914,0.7600480003020493,0.2155900001525879,16.432103999250103
pid,05:37:26.123,283,13.872,-110.209,82.482,-89.959,-91.988,0.339,0.49384260349454984,0.0,11.95099100456858,0.0,-0.09876852069868189,0.0,10.0,-110.3,111.4,-90.1,-90.3,0.0,14.163635754406453,-110.21780923017788,90.482,-89.97235079341459,-92.05986905702352,0.3491810796995163,7.201108011409163,-0.21751865829124842,197.53704139782414,-0.3296595289288748,-1.7746001115598076,0.2513925452597363,0.2916357544064532,-0.008809230177874383,8.0,-0.013350793414588225,-0.07186905702351964,0.01018107969951626,0.46128830000000004,0.0068849,11.9934958,-0.034424500000000004,-0.206547,0.0275396,0.02071916971891,0.010957753357616,-0.0024967032966719998,0.004018467643551,-0.005053266178371,-0.0008795787545970001,29.22730803546574,4.994859998987522,1.2812290005967952,0.16066500029410236,13.56948300053773
pid,05:37:26.144,284,13.882,-110.209,82.722,-89.959,-91.99,0.34,0.49073980039545456,0.0,11.777755209490909,0.0,-0.09814796007886427,0.04907398003954654,10.0,-110.3,111.4,-90.1,-90.3,0.0,14.164680501544478,-110.21790194733667,90.722,-89.97249445406723,-92.05914716693162,0.34933466394138335,6.9361286451813315,-0.2184269929564205,196.29592015818602,-0.3311132847697664,-1.6966633448970092,0.2290445559676592,0.282680501544478,-0.008901947336667604,8.0,-0.013494454067227935,-0.06914716693162859,0.009334663941383325,0.4062091,0.0206547,11.773179,-0.0137698,-0.2547413,-0.0206547,0.021950183149908,0.011894017093868,-5.2014652013999995e-05,0.004018467643551,-0.0047428266179250006,-0.002017857142899,28.99133439495327,3.5710400006792042,1.476670999181806,0.14420200022868812,14.833212000667118
pid,05:37:26.164,285,13.89,-110.209,82.958,-89.959,-91.994,0.34,0.3957403908526313,0.0,11.674341530151525,0.0,-0.19787019542653533,0.0,10.0,-110.3,111.4,-90.1,-90.3,0.0,14.164748630964757,-110.21799392682838,90.958,-89.9726369717412,-92.05943493331671,0.3489910043020248,6.795570662762885,-0.22245375739768475,197.8701954262935,-0.3372937829315964,-1.6184528803853964,0.22238147229003638,0.27474863096475666,-0.008993926828381404,8.0,-0.013636971741192383,-0.06543493331670902,0.008991004302024763,0.3511299,-0.034424500000000004,11.5528622,-0.0413094,-0.206547,0.0068849,0.022817094016808,0.01014285714273,0.001508424908406,0.0037770146520930002,-0.004449633699726001,-0.002121336996381,28.759222207841443,3.6778729991056025,0.8860660000209464,0.3405700008443091,15.048506000312045
pid,05:37:26.184,286,13.899,-110.209,83.207,-89.959,-91.998,0.34,0.44664074683192706,0.0,12.357060662351715,0.0,-0.19850699859224186,0.0,10.0,-110.3,111.4,-90.1,-90.3,0.0,14.165320305991173,-110.21808561125326,91.207,-89.9727790322237,-92.05972416239977,0.34864844711017606,6.608305575801361,-0.22544467753223948,198.50699859199923,-0.3419042912785251,-1.5315847773228153,0.21459715979033686,0.26632030599117407,-0.00908561125325491,8.0,-0.013779032223695253,-0.061724162399769966,0.008648447110176039,0.2822809,0.0068849,11.8833374,-0.0068849,-0.2203168,-0.0206547,0.02279975579947,0.010454945054813999,-0.0008322344322239999,0.0038460012210810002,-0.004708333333431,-0.001276251526278,28.514459770439288,3.4043759987980593,0.8062710003287066,0.4031810003652936,15.36063200001081
pid,05:37:26.204,287,13.906,-110.209,83.43,-89.959,-92.003,0.34,0.3453726385131876,0.0,11.002585484061349,0.0,-0.24669474179485856,0.0,10.0,-110.3,111.4,-90.1,-90.3,0.0,14.164861972737313,-110.21817783048678,91.43,-89.97292192136574,-92.06049834531545,0.3483038917322159,6.385988752499732,-0.2264122522172953,197.35579343606634,-0.34344647966106434,-1.41845394512407,0.20485264267733064,0.2588619727373125,-0.009177830486777339,8.0,-0.013921921365735557,-0.057498345315451616,0.008303891732215851,0.344245,-0.0481943,11.8007186,0.0275396,-0.1170433,-0.0275396,0.023510622710328,0.010298901098772,-0.00060683760683,0.0037770146520930002,-0.004725579975678001,-0.0030871489622130003,28.295259443942193,4.048962000524625,0.4926429992337944,0.15168299978540745,15.322614999604411
pid,05:37:26.225,288,13.913,-110.208,83.665,-89.959,-92.007,0.34,0.34643218879054427,0.04949031268460209,11.630223480825931,0.0,-0.19796125073770507,0.0,10.0,-110.3,111.4,-90.1,-90.3,0.0,14.16440867381096,-110.21777077796983,91.665,-89.97306437348652,-92.06077376538515,0.3479603901643753,6.2211469392330665,-0.24177942844834552,197.96125073746313,-0.34802512077860837,-1.330640231563328,0.19698109916224046,0.25140867381096044,-0.009770777969833944,8.0,-0.014064373486519344,-0.05377376538514511,0.007960390164375275,0.4337487,0.0068849,12.0416901,-0.0275396,-0.0963886,-0.0137698,0.022834432234146,0.011425885225742,-0.000797557997548,0.0037770146520930002,-0.005553418803534001,-0.002121336996381,28.064204745547308,4.201663999992888,0.28429299891286064,0.10788699910335708,15.39102100105083
pid,05:37:26.245,289,13.921,-110.208,83.9,-89.959,-92.009,0.34,0.39605335095956545,0.0,11.63406718443849,0.0,-0.09901333773967151,0.0,10.0,-110.3,111.4,-90.1,-90.3,0.0,14.164448601269722,-110.21786369474458,91.9,-89.97320677854347,-92.06004773529767,0.3476170020837783,6.026164644956488,-0.24415933477723947,198.02667547980454,-0.35166514053005166,-1.2636016639715395,0.18854619997167077,0.2434486012697228,-0.009863694744581153,8.0,-0.014206778543467635,-0.05104773529767215,0.0076170020837783015,0.3786695,-0.0206547,12.0210354,-0.0137698,0.0275396,0.034424500000000004,0.022591697191414,0.010801709401574,-0.002791452991418,0.003914987790069001,-0.004846306471407,-0.0027767094017670003,27.83323313954022,4.344643999502296,0.28290500085859094,0.10681400090106763,15.315243999793893
pid,05:37:26.265,290,13.929,-110.208,84.139,-89.959,-92.011,0.341,0.39630126728795373,0.0,11.839500360225802,0.0,-0.09907531682174645,0.04953765841098872,10.0,-110.3,111.4,-90.1,-90.3,0.0,14.164482931387425,-110.21795655339288,92.139,-89.97334909451531,-92.05932076630592,0.34777281948518746,5.832636508344287,-0.24661217046377407,198.1506336439547,-0.3554102713033934,-1.1968488077100472,0.16775480906825224,0.23548293138742515,-0.009956553392882483,8.0,-0.014349094515310412,-0.048320766305920415,0.006772819485187431,0.4062091,0.0137698,11.9590713,-0.0206547,-0.0619641,-0.0068849,0.022730402930118,0.011425885225742,-0.001439072039054,0.003949481074563,-0.004967032967136,-0.0024662698413210004,27.59839323221554,4.267644999345066,0.28233000011823606,0.10423999992781319,15.433928998390911
pid,05:37:26.285,291,13.938,-110.208,84.378,-89.959,-92.011,0.341,0.44267579801582463,0.0,11.755501747308887,0.0,0.0,0.0,10.0,-110.3,111.4,-90.1,-90.3,0.0,14.164979776012899,-110.21805007556009,92.378,-89.97349242740202,-92.05758145730495,0.34742617753934857,5.5821363044421854,-0.24716251214904056,196.74479911813683,-0.3564137147429112,-1.1455824325116908,0.1580396261345765,0.22697977601289843,-0.010050075560087635,8.0,-0.014492427402018393,-0.04658145730495278,0.006426177539348543,0.3511299,0.0275396,11.786948800000001,-0.0826188,0.0481943,0.0137698,0.023267887667596,0.009518681318561999,-0.002184615384588,0.004087454212539,-0.0051567460318530005,-0.0028456959707550003,27.363634170190192,2.0339069997135084,0.3654970005300129,0.11255400022491813,17.534630998852663
pid,05:37:26.305,292,13.946,-110.208,84.617,-89.959,-92.012,0.341,0.3963902185469144,0.0,11.842157779090586,0.0,-0.049548777318606345,0.0,10.0,-110.3,111.4,-90.1,-90.3,0.0,14.164997841227056,-110.21814291337061,92.617,-89.9736347114377,-92.05635386674405,0.34708207217645637,5.4255376340815555,-0.2512844779798851,198.19510927347903,-0.36256602907249846,-1.0988399332545438,0.15067961995274462,0.2189978412270559,-0.010142913370614792,8.0,-0.014634711437693682,-0.0443538667440464,0.0060820721764563435,0.28916580000000003,-0.0068849,11.9039921,-0.0068849,-0.034424500000000004,0.0481943,0.023302564102271998,0.010472283272152,0.001074969474956,0.004570360195455,-0.005346459096570001,-0.002552503052556,27.128869770043867,2.0469249993766425,0.43169999844394624,0.11801700020441785,17.449502000090433
pid,05:37:26.326,293,13.953,-110.208,84.854,-89.959,-92.012,0.341,0.34682505256690327,0.0,11.742505351194014,0.0,0.0,0.0,10.0,-110.3,111.4,-90.1,-90.3,0.0,14.164508654201033,-110.21823575556803,92.854,-89.97377700219678,-92.0546261945486,0.34673795055341716,5.239750007973683,-0.2535726044959161,198.18574432395397,-0.36607389740575735,-1.0559880117891314,0.14214750016537736,0.21150865420103315,-0.0102357555680328,8.0,-0.014777002196780131,-0.04262619454860328,0.005737950553417137,0.3373601,-0.0137698,11.8902223,-0.0,-0.0481943,-0.0206547,0.023371916971624,0.009813431013308,-0.0014564102563919999,0.004190934066021001,-0.006329517704649,-0.0024662698413210004,26.895945698190282,2.1027769998909207,0.3090350001002662,1.651464999667951,16.003405000446946
pid,05:37:26.346,294,13.959,-110.208,85.087,-89.959,-92.013,0.341,0.2963718629656349,0.0,11.509107345165253,0.0,-0.04939531049450646,0.0,10.0,-110.3,111.4,-90.1,-90.3,0.0,14.163501188755037,-110.21832888181734,93.087,-89.97391972829628,-92.05339222427607,0.3463927760858535,5.050699857501246,-0.2550991622130565,197.5812419770824,-0.368482305842297,-0.9975932298351495,0.13318892459340564,0.20450118875503698,-0.010328881817343927,8.0,-0.014919728296277412,-0.040392224276061484,0.005392776085853479,0.3373601,-0.0068849,11.718099800000001,0.0206547,-0.0275396,-0.034424500000000004,0.024048107447806,0.009657387057266,0.000589499389492,0.005346459096570001,-0.0057086385837570005,-0.002552503052556,26.66695792549274,2.1625160006806254,0.3179220002493821,0.11210999946342781,17.51548299944261
pid,05:37:26.366,295,13.966,-110.208,85.325,-89.959,-92.013,0.341,0.3452020881343017,0.0,11.736870996566784,0.0,0.0,0.0,10.0,-110.3,111.4,-90.1,-90.3,0.0,14.16298006591797,-110.2184221605115,93.325,-89.97406268803405,-92.05165541554689,0.34604703657817837,4.856995005408501,-0.2569822551027286,197.25833607675304,-0.3714050973050245,-0.9531378688918771,0.12444625469124548,0.19698006591797146,-0.010422160511495804,8.0,-0.015062688034049643,-0.03865541554688434,0.005047036578178343,0.3373601,-0.0413094,12.048575,0.034424500000000004,0.0137698,0.0137698,0.023701343101045998,0.009657387057266,-0.000554822954816,0.003949481074563,-0.005346459096570001,-0.0024662698413210004,26.433194585596347,2.2145910006656777,0.3189409999322379,0.1074070005415706,17.405372998837265
pid,05:37:26.386,296,13.972,-110.208,85.562,-89.959,-92.013,0.341,0.2972680817888769,0.0,11.742089230659934,0.0,0.0,0.0,10.0,-110.3,111.4,-90.1,-90.3,0.0,14.16197156291008,-110.21851500599908,93.562,-89.97420498383569,-92.04992667293548,0.3457029027600288,4.706040175059397,-0.2604813052789168,198.17872119257711,-0.37666303153887953,-0.9147601025312967,0.1165019068594422,0.1899715629100811,-0.01051500599908195,8.0,-0.015204983835687358,-0.03692667293547913,0.004702902760028771,0.3304752,0.0550792,12.158733400000001,-0.0206547,-0.0757339,-0.0137698,0.023475946275652,0.01014285714273,-0.00372771672767,0.0038287545788340004,-0.005415445665558001,-0.00224206349211,26.200343948124047,2.054258000498521,0.2949049994640518,0.09635100104787853,17.609389999051928
