controller,timestamp,loop,q0,q1,q2,q3,q4,q5,qvel0,qvel1,qvel2,qvel3,qvel4,qvel5,target0,target1,target2,target3,target4,target5,cmd_pos0,cmd_pos1,cmd_pos2,cmd_pos3,cmd_pos4,cmd_pos5,cmd_vel0,cmd_vel1,cmd_vel2,cmd_vel3,cmd_vel4,cmd_vel5,u0,u1,u2,u3,u4,u5,hal_vel0,hal_vel1,hal_vel2,hal_vel3,hal_vel4,hal_vel5,hal_torq0,hal_torq1,hal_torq2,hal_torq3,hal_torq4,hal_torq5,err_norm,poll_ms,solve_ms,hal_write_ms,sleep_ms
pid,05:09:57.945,1,-89.997,-89.981,-0.062,-90.095,59.232,-0.0,0.0,0.0,0.0,0.0,0.0,0.0,-89.997,-89.981,-0.062,-90.095,50.0,-0.0,-89.997,-89.981,-0.062,-90.095,54.606768,0.0,0.0,0.0,0.0,0.0,-115.6308,0.0,0.0,0.0,0.0,0.0,-4.625231999999997,0.0,0.0413094,-0.0137698,0.0275396,-0.0550792,-0.034424500000000004,-0.0481943,-0.008825152625042,0.01152991452977,-0.01421733821716,-0.0017764041514410002,-0.002552503052556,0.001121031746055,9.232,2.0684789997176267,0.3518660005283891,0.190535000001546,20.3064400002404
pid,05:09:57.968,2,-89.997,-89.981,-0.062,-90.095,59.231,-0.0,0.0,0.0,0.0,0.0,-0.043002183786565354,0.0,-89.997,-89.981,-0.062,-90.095,50.0,-0.0,-89.997,-89.981,-0.062,-90.095,54.59553482416201,0.0,0.0,0.0,0.0,0.0,-99.66756271403675,0.0,0.0,0.0,0.0,0.0,-4.635465175837993,0.0,0.0550792,-0.0137698,0.0137698,0.0137698,-0.0757339,-0.0206547,-0.008287667887564,0.012258119657965999,-0.01421733821716,-0.001638431013465,-0.0033975885226590003,0.001500457875489,9.231000000000002,1.9776650005951524,0.29766399984509917,0.10459199984325096,17.67711499996949
pid,05:09:57.988,3,-89.997,-89.981,-0.062,-90.095,59.23,-0.0,0.0,0.0,0.0,0.0,-0.04901319310569707,0.0,-89.997,-89.981,-0.062,-90.095,50.0,-0.0,-89.997,-89.981,-0.062,-90.095,54.5856189920001,0.0,0.0,0.0,0.0,0.0,-113.81797160022198,0.0,0.0,0.0,0.0,0.0,-4.644381007999897,0.0,0.0481943,-0.0619641,-0.0619641,-0.0413094,-0.0413094,0.0275396,-0.00797557997548,0.011789987789839999,-0.01421733821716,-0.001396978022007,-0.0037080280831050002,0.00120726495729,9.229999999999997,2.193903999796021,0.5193839997446048,0.18135000027541537,17.369062999932794
pid,05:09:58.009,4,-89.997,-89.981,-0.062,-90.095,59.23,-0.0,0.0,0.0,0.0,0.0,0.0,0.0,-89.997,-89.981,-0.062,-90.095,50.0,-0.0,-89.997,-89.981,-0.062,-90.095,54.5761142554574,0.0,0.0,0.0,0.0,0.0,-112.98410331823388,0.0,0.0,0.0,0.0,0.0,-4.653885744542599,0.0,0.034424500000000004,-0.0206547,-0.0275396,-0.0481943,-4.268638,-0.0,-0.005704273504202,0.012015384615234,-0.013159706959542,-0.001259004884031,-0.00620879120892,0.0008968253968440001,9.229999999999997,1.9778870000664028,0.3144230004181736,0.13812799988954794,17.625190000217117
pid,05:09:58.029,5,-89.997,-89.981,-0.062,-90.095,59.229,-0.0,0.0,0.0,0.0,0.0,-0.04943140328328747,0.0,-89.997,-89.981,-0.062,-90.095,50.0,-0.0,-89.997,-89.981,-0.062,-90.095,54.5662790966444,0.0,0.0,0.0,0.0,0.0,-115.24241868586108,0.0,0.0,0.0,0.0,0.0,-4.6627209033555985,0.0,-0.0413094,0.0206547,-0.0,-0.0,-6.0242875,-0.034424500000000004,-0.008963858363746,0.012604884004726,-0.013385103784935999,-0.00155219780223,-0.003949481074563,0.001121031746055,9.229,1.9239439998273156,0.2845519993570633,0.08829599937598687,17.78044700040482
pid,05:09:58.049,6,-89.997,-89.981,-0.062,-90.095,59.187,-0.0,0.0,0.0,0.0,0.0,-2.0760210712392513,0.0,-89.997,-89.981,-0.062,-90.095,50.0,-0.0,-89.997,-89.981,-0.062,-90.095,54.5359859828763,0.0,0.0,0.0,0.0,0.0,-114.94765597830414,0.0,0.0,0.0,0.0,0.0,-4.6510140171237,0.0,0.0137698,0.034424500000000004,-0.0413094,-0.0275396,-6.816051,-0.0068849,-0.008738461538352,0.01283028083012,-0.013593162392991999,-0.002017857142899,-0.0029836691087310003,0.0009658119658320001,9.186999999999998,1.9923309992009308,0.4283110001779278,0.13388799925451167,17.552985999827797
pid,05:09:58.070,7,-89.997,-89.981,-0.062,-90.095,59.073,-0.0,0.0,0.0,0.0,0.0,-5.616381699653354,0.0,-89.997,-89.981,-0.062,-90.095,50.0,-0.0,-89.997,-89.981,-0.062,-90.095,54.46977790145206,0.0,0.0,0.0,0.0,0.0,-113.3923348847595,0.0,0.0,0.0,0.0,0.0,-4.603222098547938,0.0,-0.0413094,-0.0137698,-0.0068849,0.0413094,-6.905554700000001,-0.0481943,-0.009050549450435999,0.012656898656739999,-0.013489133088964,-0.0019316239316640002,-0.0031561355312010003,0.001500457875489,9.073,2.515529999982391,0.2857750005205162,0.11129500035167439,17.52624599976116
pid,05:09:58.090,8,-89.997,-89.981,-0.062,-90.095,58.933,-0.0,0.0,0.0,0.0,0.0,-6.7962472656566755,0.0,-89.997,-89.981,-0.062,-90.095,50.0,-0.0,-89.997,-89.981,-0.062,-90.095,54.39057708848047,0.0,0.0,0.0,0.0,0.0,-110.25510461382392,0.0,0.0,0.0,0.0,0.0,-4.54242291151953,0.0,0.0206547,0.0068849,-0.0413094,0.0068849,-6.6370436,0.0137698,-0.009067887667774,0.012050061049909999,-0.013922588522413999,-0.0017074175824530002,-0.0052947191698290005,0.001190018315043,8.933,1.980868999453378,0.2746639993347344,0.08542499926988967,17.735225999786053
pid,05:09:58.111,9,-89.997,-89.981,-0.062,-90.095,58.802,-0.0,0.0,0.0,0.0,0.0,-6.475361201136094,0.0,-89.997,-89.981,-0.062,-90.095,50.0,-0.0,-89.997,-89.981,-0.062,-90.095,54.3161736314826,0.0,0.0,0.0,0.0,0.0,-110.8677329073692,0.0,0.0,0.0,0.0,0.0,-4.485826368517401,0.0,0.0206547,0.0,-0.0068849,0.0137698,-7.4150373,0.0068849,-0.008738461538352,0.012552869352712,-0.01421733821716,-0.001172771672796,-0.001362484737513,0.000741605616621,8.802,2.0118869997531874,0.7180480006354628,0.11511000047903508,17.214229999808595
pid,05:09:58.131,10,-89.997,-89.981,-0.062,-90.095,58.666,-0.0,0.0,0.0,0.0,0.0,-6.728300825666569,0.0,-89.997,-89.981,-0.062,-90.095,50.0,-0.0,-89.997,-89.981,-0.062,-90.095,54.23941528349447,0.0,0.0,0.0,0.0,0.0,-109.49777059906815,0.0,0.0,0.0,0.0,0.0,-4.426584716505523,0.0,0.0068849,-0.0481943,-0.0275396,-0.1583527,-6.7334322,0.0275396,-0.00927594627583,0.012587545787387999,-0.013922588522413999,-0.001483211233242,-0.0035183150183880005,0.001345238095266,8.665999999999997,1.9810910007436178,0.2758859991445206,0.08527599948138231,17.723688999467413
pid,05:09:58.151,11,-89.997,-89.981,-0.062,-90.095,58.527,-0.0,0.0,0.0,0.0,0.0,-6.8055173637454605,0.0,-89.997,-89.981,-0.062,-90.095,50.0,-0.0,-89.997,-89.981,-0.062,-90.095,54.161207253401756,0.0,0.0,0.0,0.0,0.0,-106.87582137945769,0.0,0.0,0.0,0.0,0.0,-4.365792746598245,0.0,-0.0068849,0.0481943,0.0137698,0.0206547,-6.4993456,-0.0,-0.009310622710506,0.012518192918035999,-0.013489133088964,-0.001483211233242,-0.0031216422467070003,0.000293192918199,8.527000000000001,1.9347030001881649,0.2714040001592366,0.08455500028503593,17.778817999897
pid,05:09:58.171,12,-89.997,-89.981,-0.062,-90.095,58.385,-0.0,0.0,0.0,0.0,0.0,-7.021576317744157,0.0,-89.997,-89.981,-0.062,-90.095,50.0,-0.0,-89.997,-89.981,-0.062,-90.095,54.08172860169935,0.0,0.0,0.0,0.0,0.0,-106.39348077159494,0.0,0.0,0.0,0.0,0.0,-4.3032713983006445,0.0,-0.0137698,0.0,0.0206547,-0.0068849,-6.4511513,0.0068849,-0.00901587301576,0.012292796092642,-0.014113308913132,-0.001172771672796,-0.004208180708268,0.001259004884031,8.384999999999998,1.9664430001284927,0.271627000074659,0.08447999971394893,17.726095999933023
pid,05:09:58.192,13,-89.997,-89.981,-0.062,-90.095,58.252,-0.0,0.0,0.0,0.0,0.0,-6.5903766554431025,0.0,-89.997,-89.981,-0.062,-90.095,50.0,-0.0,-89.997,-89.981,-0.062,-90.095,54.00690194559622,0.0,0.0,0.0,0.0,0.0,-105.17592149552841,0.0,0.0,0.0,0.0,0.0,-4.245098054403783,0.0,0.0481943,0.0481943,-0.0275396,0.0137698,-7.0501376,0.0206547,-0.008825152625042,0.011495238095094,-0.012847619047458,-0.000638125763139,-0.001345238095266,0.001362484737513,8.252000000000002,2.252495999528037,0.2778310008579865,0.10355399990658043,17.430709999644023
pid,05:09:58.212,14,-89.997,-89.981,-0.062,-90.095,58.12,-0.0,0.0,0.0,0.0,0.0,-6.525945071784117,0.0,-89.997,-89.981,-0.062,-90.095,50.0,-0.0,-89.997,-89.981,-0.062,-90.095,53.9326898016982,0.0,0.0,0.0,0.0,0.0,-103.50816800241634,0.0,0.0,0.0,0.0,0.0,-4.187310198301795,0.0,-0.034424500000000004,-0.0206547,0.0068849,-0.0619641,-6.3272231,-0.0068849,-0.008287667887564,0.010420268620138,-0.013922588522413999,-0.0009485653235850001,-0.0035355616606350003,0.0017246642247000002,8.119999999999997,1.9353880006747204,0.27436700020189164,0.0768509999033995,17.77040999968449
pid,05:09:58.232,15,-89.997,-89.981,-0.062,-90.095,57.987,-0.0,0.0,0.0,0.0,0.0,-6.584697844613676,0.0,-89.997,-89.981,-0.062,-90.095,50.0,-0.0,-89.997,-89.981,-0.062,-90.095,53.85812359254885,0.0,0.0,0.0,0.0,0.0,-102.20828413842396,0.0,0.0,0.0,0.0,0.0,-4.128876407451152,0.0,0.0,0.0963886,-0.0068849,0.0068849,-6.623273800000001,0.0068849,-0.009518681318561999,0.011807326007178,-0.01456410256392,-0.0018626373626760002,-0.0019661172161580002,0.0008968253968440001,7.987000000000002,1.9035359991903533,0.2685710005607689,0.07651800024177646,17.80190999943443
pid,05:09:58.252,16,-89.997,-89.981,-0.062,-90.095,57.856,-0.0,0.0,0.0,0.0,0.0,-6.493958444628306,0.0,-89.997,-89.981,-0.062,-90.095,50.0,-0.0,-89.997,-89.981,-0.062,-90.095,53.78469979684878,0.0,0.0,0.0,0.0,0.0,-100.91165776668244,0.0,0.0,0.0,0.0,0.0,-4.071300203151225,0.0,-0.0068849,0.0137698,0.0137698,-0.0275396,-6.265259,0.0068849,-0.00806227106217,0.01283028083012,-0.01369719169702,-0.0017074175824530002,-0.0034665750916470003,0.000586385836398,7.856000000000002,1.81372199949692,0.2682009999261936,0.07696200009377208,17.887372000586765
pid,05:09:58.272,17,-89.997,-89.981,-0.062,-90.095,57.729,-0.0,0.0,0.0,0.0,0.0,-6.297232595254823,0.0,-89.997,-89.981,-0.062,-90.095,50.0,-0.0,-89.997,-89.981,-0.062,-90.095,53.713406032007214,0.0,0.0,0.0,0.0,0.0,-99.5556268683162,0.0,0.0,0.0,0.0,0.0,-4.0155939679927855,0.0,-0.0137698,0.0068849,0.034424500000000004,0.0481943,-6.6990077,-0.0275396,-0.008825152625042,0.011789987789839999,-0.013593162392991999,-0.000638125763139,-0.0018971306471700002,0.0008968253968440001,7.728999999999999,1.8227030004709377,0.2664779995029676,0.07542500043200562,17.88535400010005
pid,05:09:58.292,18,-89.997,-89.981,-0.062,-90.095,57.603,-0.0,0.0,0.0,0.0,0.0,-6.2455069134225605,0.0,-89.997,-89.981,-0.062,-90.095,50.0,-0.0,-89.997,-89.981,-0.062,-90.095,53.64273669456768,0.0,0.0,0.0,0.0,0.0,-98.15020576607816,0.0,0.0,0.0,0.0,0.0,-3.9602633054323206,0.0,-0.0206547,0.0757339,0.0206547,-0.0068849,-6.0655969,-0.0481943,-0.009050549450435999,0.012500854700698,-0.013263736263569999,-0.0017764041514410002,-0.0037770146520930002,0.00051739926741,7.6030000000000015,1.8636849999893457,0.3070149996347027,0.07462899975507753,17.80128100017464
pid,05:09:58.313,19,-89.997,-89.981,-0.062,-90.095,57.475,-0.0,0.0,0.0,0.0,0.0,-6.347792659856229,0.0,-89.997,-89.981,-0.062,-90.095,50.0,-0.0,-89.997,-89.981,-0.062,-90.095,53.57120021652508,0.0,0.0,0.0,0.0,0.0,-96.798873480822,0.0,0.0,0.0,0.0,0.0,-3.9037997834749234,0.0,-0.0275396,0.0137698,-0.034424500000000004,-0.0275396,-5.989863000000001,0.0275396,-0.008738461538352,0.012552869352712,-0.01421733821716,-0.0008623321123500001,-0.003914987790069001,0.00051739926741,7.475000000000001,1.811666999856243,0.2826270001605735,0.10109200047736522,17.846391000603035
pid,05:09:58.333,20,-89.997,-89.981,-0.062,-90.095,57.349,-0.0,0.0,0.0,0.0,0.0,-6.2480174028187365,0.0,-89.997,-89.981,-0.062,-90.095,50.0,-0.0,-89.997,-89.981,-0.062,-90.095,53.50079007391262,0.0,0.0,0.0,0.0,0.0,-95.41143884084455,0.0,0.0,0.0,0.0,0.0,-3.848209926087378,0.0,0.0137698,0.0275396,0.0481943,0.0206547,-5.7626613,-0.0206547,-0.008981196581083999,0.011772649572502,-0.013385103784935999,-0.0008623321123500001,-0.0035183150183880005,0.001121031746055,7.348999999999997,1.9128320000163512,0.29490399992937455,0.12524000067060115,17.76366899957793
pid,05:09:58.354,21,-89.997,-89.981,-0.062,-90.095,57.23,-0.0,0.0,0.0,0.0,0.0,-5.737630053683703,0.0,-89.997,-89.981,-0.062,-90.095,50.0,-0.0,-89.997,-89.981,-0.062,-90.095,53.433792466085436,0.0,0.0,0.0,0.0,0.0,-91.51779175045691,0.0,0.0,0.0,0.0,0.0,-3.7962075339145613,0.0,-0.06884900000000001,0.06884900000000001,-0.0137698,-0.0,-6.0862516,-0.0,-0.009414652014534,0.012015384615234,-0.01421733821716,-0.0009485653235850001,-0.002793956044014,0.001569444444477,7.229999999999997,1.897684000141453,0.3535880005074432,0.09392499941895949,17.72255900050368
pid,05:09:58.374,22,-89.997,-89.981,-0.062,-90.095,57.113,-0.0,0.0,0.0,0.0,0.0,-5.785383304056551,0.0,-89.997,-89.981,-0.062,-90.095,50.0,-0.0,-89.997,-89.981,-0.062,-90.095,53.36810002129602,0.0,0.0,0.0,0.0,0.0,-92.58838381263335,0.0,0.0,0.0,0.0,0.0,-3.7448999787039767,0.0,0.0,-0.0137698,-0.034424500000000004,0.0137698,-5.6525029,-0.0275396,-0.008530402930296,0.012015384615234,-0.013922588522413999,-0.000569139194151,-0.0032941086691770003,0.001345238095266,7.1129999999999995,1.992609000808443,0.2870150001399452,0.09057299939740915,17.696688999421895
pid,05:09:58.394,23,-89.997,-89.981,-0.062,-90.095,56.999,-0.0,0.0,0.0,0.0,0.0,-5.638037166304928,0.0,-89.997,-89.981,-0.062,-90.095,50.0,-0.0,-89.997,-89.981,-0.062,-90.095,53.304024101286416,0.0,0.0,0.0,0.0,0.0,-91.37022563837141,0.0,0.0,0.0,0.0,0.0,-3.6949758987135866,0.0,0.034424500000000004,0.0550792,0.0481943,0.0413094,-5.6869274,-0.0,-0.008911843711731999,0.012552869352712,-0.013489133088964,-0.001483211233242,-0.002311050061098,0.001190018315043,6.999000000000002,1.966998000170861,0.2780899994831998,0.08544299998902716,19.275134999588772
pid,05:09:58.416,24,-89.997,-89.981,-0.062,-90.095,56.881,-0.0,0.0,0.0,0.0,0.0,-5.421728107267366,0.0,-89.997,-89.981,-0.062,-90.095,50.0,-0.0,-89.997,-89.981,-0.062,-90.095,53.23753610129881,0.0,0.0,0.0,0.0,0.0,-83.7028416415332,0.0,0.0,0.0,0.0,0.0,-3.6434638987011922,0.0,0.0137698,-0.034424500000000004,0.0068849,-0.0413094,-5.514804900000001,-0.0275396,-0.009223931623816,0.012292796092642,-0.013385103784935999,-0.0019316239316640002,-0.0035700549451290003,0.001121031746055,6.881,2.1910330005994183,0.30179300028976286,0.11983199965470703,17.44057999985671
pid,05:09:58.436,25,-89.997,-89.981,-0.062,-90.095,56.769,-0.0,0.0,0.0,0.0,0.0,-5.540038776328607,0.0,-89.997,-89.981,-0.062,-90.095,50.0,-0.0,-89.997,-89.981,-0.062,-90.095,53.1746938387208,0.0,0.0,0.0,0.0,0.0,-88.89551565840742,0.0,0.0,0.0,0.0,0.0,-3.5943061612791993,0.0,-0.0206547,0.0481943,-0.0137698,-0.0550792,-5.5423445000000005,-0.0137698,-0.00806227106217,0.012084737484586,-0.013055677655513999,-0.002017857142899,-0.0030526556777190003,0.0016556776557120003,6.768999999999998,2.1030339994467795,0.27940399922954384,0.09109200072998647,17.62150499962445
pid,05:09:58.456,26,-89.997,-89.981,-0.062,-90.095,56.657,-0.0,0.0,0.0,0.0,0.0,-5.535599538073671,0.0,-89.997,-89.981,-0.062,-90.095,50.0,-0.0,-89.997,-89.981,-0.062,-90.095,53.11195939202833,0.0,0.0,0.0,0.0,0.0,-87.60680871401802,0.0,0.0,0.0,0.0,0.0,-3.5450406079716643,0.0,0.0481943,-0.0137698,0.0550792,-0.0137698,-5.9692083,-0.0137698,-0.008651770451661999,0.012050061049909999,-0.01274358974343,-0.001345238095266,-0.001534951159983,0.0017936507936880002,6.6569999999999965,2.0965889998478815,0.28321900026639923,0.10588700024527498,17.563078999955906
pid,05:09:58.476,27,-89.997,-89.981,-0.062,-90.095,56.549,-0.0,0.0,0.0,0.0,0.0,-5.351836958447884,0.0,-89.997,-89.981,-0.062,-90.095,50.0,-0.0,-89.997,-89.981,-0.062,-90.095,53.05135145530033,0.0,0.0,0.0,0.0,0.0,-86.66131828326698,0.0,0.0,0.0,0.0,0.0,-3.497648544699672,0.0,0.0619641,-0.0206547,0.0275396,0.0550792,-4.6748471,0.0206547,-0.008825152625042,0.012292796092642,-0.013922588522413999,-0.0008623321123500001,-0.004604853479949001,0.0009658119658320001,6.5489999999999995,2.0442750001166132,0.2736269998422358,0.09257300007448066,17.641262999859464
pid,05:09:58.497,28,-89.997,-89.981,-0.062,-90.095,56.432,-0.0,0.0,0.0,0.0,0.0,-5.798851038687741,0.0,-89.997,-89.981,-0.062,-90.095,50.0,-0.0,-89.997,-89.981,-0.062,-90.095,52.98636272162724,0.0,0.0,0.0,0.0,0.0,-85.38776628475885,0.0,0.0,0.0,0.0,0.0,-3.4456372783727645,0.0,-0.034424500000000004,0.0,0.0413094,0.0206547,-5.2738334,-0.0,-0.008443711843605999,0.012518192918035999,-0.013385103784935999,-0.0017764041514410002,-0.002966422466484,0.000362179487187,6.432000000000002,2.03227599922684,0.2705159995457507,0.08983199950307608,17.659652000475035
pid,05:09:58.517,29,-89.997,-89.981,-0.062,-90.095,56.33,-0.0,0.0,0.0,0.0,0.0,-5.055468336780103,0.0,-89.997,-89.981,-0.062,-90.095,50.0,-0.0,-89.997,-89.981,-0.062,-90.095,52.92897696310806,0.0,0.0,0.0,0.0,0.0,-84.2831582140502,0.0,0.0,0.0,0.0,0.0,-3.401023036891935,0.0,-0.0137698,-0.0275396,-0.0068849,-0.0068849,-5.0397468000000005,-0.0206547,-0.008599755799648,0.011807326007178,-0.013593162392991999,-0.0017074175824530002,-0.0022248168498630004,0.0008968253968440001,6.329999999999998,2.0372019998831092,0.27605300056166016,0.08968400015874067,17.648115999691072
pid,05:09:58.537,30,-89.997,-89.981,-0.062,-90.095,56.226,-0.0,0.0,0.0,0.0,0.0,-5.15514342441142,0.0,-89.997,-89.981,-0.062,-90.095,50.0,-0.0,-89.997,-89.981,-0.062,-90.095,52.87069678866196,0.0,0.0,0.0,0.0,0.0,-83.15898695594213,0.0,0.0,0.0,0.0,0.0,-3.3553032113380397,0.0,0.06884900000000001,0.0137698,-0.0068849,-0.0481943,-5.3633371,0.0481943,-0.00814896214886,0.012327472527317999,-0.01421733821716,-0.0017074175824530002,-0.002483516483568,0.001276251526278,6.225999999999999,2.0145530006629997,0.27366399990569334,0.13190600020607235,17.63020799990045
pid,05:09:58.557,31,-89.997,-89.981,-0.062,-90.095,56.12,-0.0,0.0,0.0,0.0,0.0,-5.22740736734438,0.0,-89.997,-89.981,-0.062,-90.095,50.0,-0.0,-89.997,-89.981,-0.062,-90.095,52.81149180065918,0.0,0.0,0.0,0.0,0.0,-81.57981196298688,0.0,0.0,0.0,0.0,0.0,-3.308508199340821,0.0,-0.0206547,-0.06884900000000001,0.0137698,-0.0068849,-5.6318482,0.0068849,-0.008738461538352,0.012240781440628,-0.013489133088964,-0.001483211233242,-0.001276251526278,0.0009140720390910001,6.119999999999997,2.052275000096415,0.29308899956959067,0.12323999999352964,17.526839000311156
pid,05:09:58.577,32,-89.997,-89.981,-0.062,-90.095,56.02,-0.0,0.0,0.0,0.0,0.0,-4.946054881428004,0.0,-89.997,-89.981,-0.062,-90.095,50.0,-0.0,-89.997,-89.981,-0.062,-90.095,52.75540614234734,0.0,0.0,0.0,0.0,0.0,-80.73430192761882,0.0,0.0,0.0,0.0,0.0,-3.264593857652663,0.0,-0.0206547,0.0206547,-0.0206547,-0.0068849,-4.9227035,0.0206547,-0.008599755799648,0.012015384615234,-0.013159706959542,-0.001017551892573,-0.0027767094017670003,0.001345238095266,6.020000000000003,2.343217000088771,0.30999699993117247,0.12814700039598392,17.28476700009196
pid,05:09:58.598,33,-89.997,-89.981,-0.062,-90.095,55.912,-0.0,0.0,0.0,0.0,0.0,-5.327729017689325,0.0,-89.997,-89.981,-0.062,-90.095,50.0,-0.0,-89.997,-89.981,-0.062,-90.095,52.69541394569206,0.0,0.0,0.0,0.0,0.0,-79.33842064551185,0.0,0.0,0.0,0.0,0.0,-3.216586054307939,0.0,0.0068849,-0.0550792,-0.0206547,-0.0068849,-5.0328619,-0.0068849,-0.00797557997548,0.011772649572502,-0.013922588522413999,-0.000724358974374,-0.0030871489622130003,0.001121031746055,5.911999999999999,2.5163820000670967,0.3256069994677091,0.13640599991049385,17.986388999815972
pid,05:09:58.619,34,-89.997,-89.981,-0.062,-90.095,55.712,-0.0,0.0,0.0,0.0,0.0,-9.458347051527593,0.0,-89.997,-89.981,-0.062,-90.095,50.0,-0.0,-89.997,-89.981,-0.062,-90.095,52.58937483550835,0.0,0.0,0.0,0.0,0.0,-73.83718129399034,0.0,0.0,0.0,0.0,0.0,-3.1226251644916516,0.0,0.0413094,-0.0206547,0.0206547,-0.0550792,-4.9640129,0.0413094,-0.00884249084238,0.012552869352712,-0.014113308913132,-0.0023972832723330004,-0.002190323565369,0.0009830586080790001,5.712000000000003,6.9080209996172925,0.591383000028145,0.123368999993545,12.447521000467532
pid,05:09:58.639,35,-89.997,-89.981,-0.062,-90.095,55.612,-0.0,0.0,0.0,0.0,0.0,-4.939123881300118,0.0,-89.997,-89.981,-0.062,-90.095,50.0,-0.0,-89.997,-89.981,-0.062,-90.095,52.53369366599846,0.0,0.0,0.0,0.0,0.0,-76.02068164112107,0.0,0.0,0.0,0.0,0.0,-3.078306334001539,0.0,-0.034424500000000004,-0.0206547,0.0206547,-0.0550792,-4.9640129,0.0413094,-0.008374358974254,0.012552869352712,-0.014113308913132,-0.0023972832723330004,-0.002190323565369,0.0009830586080790001,5.612000000000002,2.0047749994773767,0.27658999988489086,0.09535099979984807,17.684448000181874
pid,05:09:58.659,36,-89.997,-89.981,-0.062,-90.095,55.517,-0.0,0.0,0.0,0.0,0.0,-4.6995279936782195,0.0,-89.997,-89.981,-0.062,-90.095,50.0,-0.0,-89.997,-89.981,-0.062,-90.095,52.48061741450358,0.0,0.0,0.0,0.0,0.0,-75.10297347398779,0.0,0.0,0.0,0.0,0.0,-3.036382585496426,0.0,-0.0137698,0.0068849,-0.0,-0.0413094,-5.1843297,-0.0137698,-0.008894505494394,0.012327472527317999,-0.01369719169702,-0.0009485653235850001,-0.000741605616621,0.000810592185609,5.517000000000003,1.9360180003786809,0.2749599998423946,0.1310360003117239,17.721410999911313
pid,05:09:58.679,37,-89.997,-89.981,-0.062,-90.095,55.417,-0.0,0.0,0.0,0.0,0.0,-4.947571807726405,0.0,-89.997,-89.981,-0.062,-90.095,50.0,-0.0,-89.997,-89.981,-0.062,-90.095,52.42514301189709,0.0,0.0,0.0,0.0,0.0,-74.012136435435,0.0,0.0,0.0,0.0,0.0,-2.99185698810291,0.0,0.0275396,-0.034424500000000004,0.0206547,0.0068849,-4.4820699,-0.0068849,-0.008443711843605999,0.012084737484586,-0.013922588522413999,-0.001483211233242,-0.0034148351649060005,0.000810592185609,5.417000000000002,1.9214989997635712,0.2720339998631971,0.08348099981958512,17.784558000130346
pid,05:09:58.700,38,-89.997,-89.981,-0.062,-90.095,55.32,-0.0,0.0,0.0,0.0,0.0,-4.799257876918423,0.0,-89.997,-89.981,-0.062,-90.095,50.0,-0.0,-89.997,-89.981,-0.062,-90.095,52.371266764014244,0.0,0.0,0.0,0.0,0.0,-72.94706809142062,0.0,0.0,0.0,0.0,0.0,-2.948733235985756,0.0,-0.0068849,-0.0137698,0.0481943,0.0275396,-4.1860192000000005,0.0275396,-0.00927594627583,0.012240781440628,-0.014113308913132,-0.00155219780223,-0.004656593406690001,0.00120726495729,5.32,2.087496999592986,0.2784230000543175,0.10131399994861567,17.59248599955754
pid,05:09:58.720,39,-89.997,-89.981,-0.062,-90.095,55.238,-0.0,0.0,0.0,0.0,0.0,-4.056913172204762,0.0,-89.997,-89.981,-0.062,-90.095,50.0,-0.0,-89.997,-89.981,-0.062,-90.095,52.324973133342745,0.0,0.0,0.0,0.0,0.0,-72.06034796541515,0.0,0.0,0.0,0.0,0.0,-2.9130268666572547,0.0,0.0137698,0.0481943,-0.0481943,-0.0,-4.4820699,-0.0137698,-0.008686446886338,0.012344810744656,-0.014425396825216,-0.0009485653235850001,-0.0034148351649060005,0.000741605616621,5.2379999999999995,1.926369000102568,0.27316399973642547,0.07636900045326911,17.78187399941089
pid,05:09:58.740,40,-89.997,-89.981,-0.062,-90.095,55.15,-0.0,0.0,0.0,0.0,0.0,-4.355404472240298,0.0,-89.997,-89.981,-0.062,-90.095,50.0,-0.0,-89.997,-89.981,-0.062,-90.095,52.275770401852604,0.0,0.0,0.0,0.0,0.0,-71.1274570796389,0.0,0.0,0.0,0.0,0.0,-2.8742295981473944,0.0,0.0413094,0.0275396,0.0275396,0.0826188,-4.2961776,-0.0206547,-0.008530402930296,0.011287179487038,-0.013385103784935999,-0.001172771672796,-0.0038804945055750002,0.001052045177067,5.149999999999999,1.895870000225841,0.27160799982084427,0.07488800019928021,17.807353999160114
pid,05:09:58.760,41,-89.997,-89.981,-0.062,-90.095,55.065,-0.0,0.0,0.0,0.0,0.0,-4.191493233949041,0.0,-89.997,-89.981,-0.062,-90.095,50.0,-0.0,-89.997,-89.981,-0.062,-90.095,52.228134702282425,0.0,0.0,0.0,0.0,0.0,-69.94530412357592,0.0,0.0,0.0,0.0,0.0,-2.836865297717573,0.0,-0.0275396,-0.0137698,-0.0137698,-0.0068849,-4.7299263,-0.0,-0.008911843711731999,0.011460561660417999,-0.01421733821716,-0.0027767094017670003,-0.002190323565369,0.000810592185609,5.064999999999998,1.884498999970674,0.27181200039194664,0.08266500026365975,17.819391000557516
pid,05:09:58.781,42,-89.997,-89.981,-0.062,-90.095,54.976,-0.0,0.0,0.0,0.0,0.0,-4.402559924519333,0.0,-89.997,-89.981,-0.062,-90.095,50.0,-0.0,-89.997,-89.981,-0.062,-90.095,52.178605083065506,0.0,0.0,0.0,0.0,0.0,-69.18931884466328,0.0,0.0,0.0,0.0,0.0,-2.7973949169344934,0.0,-0.0068849,-0.0757339,0.0206547,0.0068849,-4.6886169,0.0068849,-0.008530402930296,0.011772649572502,-0.013801221001048,-0.0023282967033450004,-0.0018971306471700002,0.000741605616621,4.975999999999999,1.895647999845096,0.2714789998208289,0.08001700007298496,17.80148400030157
pid,05:09:58.801,43,-89.997,-89.981,-0.062,-90.095,54.88,-0.0,0.0,0.0,0.0,0.0,-4.757862954778923,0.0,-89.997,-89.981,-0.062,-90.095,50.0,-0.0,-89.997,-89.981,-0.062,-90.095,52.1256818643384,0.0,0.0,0.0,0.0,0.0,-68.25348032989876,0.0,0.0,0.0,0.0,0.0,-2.754318135661606,0.0,0.0206547,-0.0481943,0.0481943,-0.0137698,-4.062091000000001,0.0481943,-0.008287667887564,0.01283028083012,-0.013679853479682,-0.00224206349211,-0.0035183150183880005,0.000655372405386,4.880000000000003,1.9744249993891572,0.279034000413958,0.09022099948197138,20.483900999352045
pid,05:09:58.824,44,-89.997,-89.981,-0.062,-90.095,54.793,-0.0,0.0,0.0,0.0,0.0,-3.780570528693381,0.0,-89.997,-89.981,-0.062,-90.095,50.0,-0.0,-89.997,-89.981,-0.062,-90.095,52.07666694275665,0.0,0.0,0.0,0.0,0.0,-59.01890058809999,0.0,0.0,0.0,0.0,0.0,-2.7163330572433466,0.0,0.034424500000000004,-0.0137698,0.0413094,-0.034424500000000004,-4.1171702,0.0206547,-0.008825152625042,0.011460561660417999,-0.014754822954638,-0.001465964590995,-0.0034148351649060005,-0.0008450854701030001,4.792999999999999,4.544508999970276,0.3320519999761018,0.14631399972131476,15.355193999312178
pid,05:09:58.845,45,-89.997,-89.981,-0.062,-90.095,54.707,-0.0,0.0,0.0,0.0,0.0,-4.1010760502529,0.0,-89.997,-89.981,-0.062,-90.095,50.0,-0.0,-89.997,-89.981,-0.062,-90.095,52.02873162828016,0.0,0.0,0.0,0.0,0.0,-63.85919927564096,0.0,0.0,0.0,0.0,0.0,-2.678268371719838,0.0,-0.0137698,-0.0137698,-0.0068849,0.0413094,-3.6352272,-0.0137698,-0.008218315018212,0.012500854700698,-0.013385103784935999,-0.001327991453019,-0.004604853479949001,0.000810592185609,4.707000000000001,3.8272390002020984,0.2940339991255314,0.11572099992918083,16.125056999953813
pid,05:09:58.866,46,-89.997,-89.981,-0.062,-90.095,54.62,-0.0,0.0,0.0,0.0,0.0,-4.193291826111098,0.0,-89.997,-89.981,-0.062,-90.095,50.0,-0.0,-89.997,-89.981,-0.062,-90.095,51.98043897352743,0.0,0.0,0.0,0.0,0.0,-63.61177975188745,0.0,0.0,0.0,0.0,0.0,-2.6395610264725704,0.0,-0.0481943,-0.0275396,0.0550792,0.0206547,-4.1929041,0.0137698,-0.008374358974254,0.011980708180558,-0.013593162392991999,-0.001086538461561,-0.001138278388302,0.000586385836398,4.619999999999997,3.1976889995348756,0.28138600009697257,0.10183199992752634,16.54960799987748
pid,05:09:58.886,47,-89.997,-89.981,-0.062,-90.095,54.542,-0.0,0.0,0.0,0.0,0.0,-3.8233418100222347,0.0,-89.997,-89.981,-0.062,-90.095,50.0,-0.0,-89.997,-89.981,-0.062,-90.095,51.936805906205656,0.0,0.0,0.0,0.0,0.0,-63.849663474534886,0.0,0.0,0.0,0.0,0.0,-2.6051940937943456,0.0,0.0206547,0.0206547,-0.0206547,0.0413094,-4.13094,0.0068849,-0.008911843711731999,0.011495238095094,-0.013489133088964,-0.0017764041514410002,-0.001190018315043,-0.001000305250326,4.542000000000002,2.988154000377108,0.2777740000965423,0.16522100031579612,16.893048999918392
pid,05:09:58.906,48,-89.997,-89.981,-0.062,-90.095,54.46,-0.0,0.0,0.0,0.0,0.0,-4.003829152163573,0.0,-89.997,-89.981,-0.062,-90.095,50.0,-0.0,-89.997,-89.981,-0.062,-90.095,51.89123877826262,0.0,0.0,0.0,0.0,0.0,-62.71268941792297,0.0,0.0,0.0,0.0,0.0,-2.5687612217373825,0.0,0.0413094,0.0068849,-0.0,-0.0275396,-3.7935799,-0.0,-0.008599755799648,0.011772649572502,-0.013489133088964,-0.0023282967033450004,-0.002017857142899,0.00020695970696400003,4.460000000000001,2.7997120005238685,0.2752009995674598,0.09631300054024905,17.0423990002746
pid,05:09:58.927,49,-89.997,-89.981,-0.062,-90.095,54.382,-0.0,0.0,0.0,0.0,0.0,-3.8172301732689156,0.0,-89.997,-89.981,-0.062,-90.095,50.0,-0.0,-89.997,-89.981,-0.062,-90.095,51.84776176240969,0.0,0.0,0.0,0.0,0.0,-62.01135042808469,0.0,0.0,0.0,0.0,0.0,-2.5342382375903085,0.0,0.0619641,0.0068849,-0.0137698,-0.0275396,-3.3873708000000002,-0.0275396,-0.009137240537126,0.011789987789839999,-0.01421733821716,-0.002017857142899,-0.0036045482296230003,0.000724358974374,4.381999999999998,2.7938779994656215,0.3439960000832798,0.10318399927200517,17.16756499990879
pid,05:09:58.948,50,-89.997,-89.981,-0.062,-90.095,54.303,-0.0,0.0,0.0,0.0,0.0,-3.8152427316377002,0.0,-89.997,-89.981,-0.062,-90.095,50.0,-0.0,-89.997,-89.981,-0.062,-90.095,51.803806777184484,0.0,0.0,0.0,0.0,0.0,-60.348283406993716,0.0,0.0,0.0,0.0,0.0,-2.4991932228155136,0.0,-0.0963886,0.0206547,-0.0137698,0.0413094,-3.9175081,0.0275396,-0.008911843711731999,0.012587545787387999,-0.013679853479682,-0.0017074175824530002,-0.001465964590995,0.0009658119658320001,4.302999999999997,2.4184189996958594,0.3923479998775292,0.09638800020184135,17.551948999425804
pid,05:09:58.968,51,-89.997,-89.981,-0.062,-90.095,54.232,-0.0,0.0,0.0,0.0,0.0,-3.4239216326529625,0.0,-89.997,-89.981,-0.062,-90.095,50.0,-0.0,-89.997,-89.981,-0.062,-90.095,51.76391894311237,0.0,0.0,0.0,0.0,0.0,-59.510676914216724,0.0,0.0,0.0,0.0,0.0,-2.468081056887627,0.0,-0.0275396,-0.0068849,0.0413094,0.0068849,-3.9863571,-0.0,-0.009050549450435999,0.011772649572502,-0.013593162392991999,-0.001396978022007,-0.001362484737513,0.001276251526278,4.231999999999999,1.8940909994853428,0.27318200045556296,0.08797999998932937,17.81385499998578
pid,05:09:58.989,52,-89.997,-89.981,-0.062,-90.095,54.157,-0.0,0.0,0.0,0.0,0.0,-3.7075737218019933,0.0,-89.997,-89.981,-0.062,-90.095,50.0,-0.0,-89.997,-89.981,-0.062,-90.095,51.7222143739872,0.0,0.0,0.0,0.0,0.0,-60.18098136817289,0.0,0.0,0.0,0.0,0.0,-2.434785626012797,0.0,0.0481943,-0.034424500000000004,0.0137698,-0.0206547,-3.6421121000000003,0.0206547,-0.008530402930296,0.012344810744656,-0.013489133088964,-0.000569139194151,-0.003069902319966,0.001190018315043,4.1569999999999965,1.9397019996176823,0.34303299980820157,0.09497999963059556,17.90159499978472
pid,05:09:59.009,53,-89.997,-89.981,-0.062,-90.095,54.079,-0.0,0.0,0.0,0.0,0.0,-3.8163395975501033,0.0,-89.997,-89.981,-0.062,-90.095,50.0,-0.0,-89.997,-89.981,-0.062,-90.095,51.67904595563936,0.0,0.0,0.0,0.0,0.0,-58.71179263970838,0.0,0.0,0.0,0.0,0.0,-2.3999540443606406,0.0,-0.0413094,0.034424500000000004,0.0068849,0.0619641,-3.6696517,-0.0137698,-0.008443711843605999,0.012084737484586,-0.013801221001048,0.00051739926741,-0.0009140720390910001,0.001414224664254,4.079000000000001,1.949610000337998,0.6325679996734834,0.15720199917268474,17.533042000650312
pid,05:09:59.030,54,-89.997,-89.981,-0.062,-90.095,54.008,-0.0,0.0,0.0,0.0,0.0,-3.4478254990042076,0.0,-89.997,-89.981,-0.062,-90.095,50.0,-0.0,-89.997,-89.981,-0.062,-90.095,51.639419180660724,0.0,0.0,0.0,0.0,0.0,-57.51023482655262,0.0,0.0,0.0,0.0,0.0,-2.3685808193392788,0.0,0.0413094,0.0206547,0.0068849,0.0550792,-3.9863571,-0.0275396,-0.007923565323466,0.011737973137826,-0.014546764346582,-0.000569139194151,-0.0008278388278560001,0.00051739926741,4.008000000000003,1.9438500003161607,0.39014400044834474,0.12610999965545489,23.58316600020771
pid,05:09:59.056,55,-89.997,-89.981,-0.062,-90.095,53.93,-0.0,0.0,0.0,0.0,0.0,-2.974954187505796,0.0,-89.997,-89.981,-0.062,-90.095,50.0,-0.0,-89.997,-89.981,-0.062,-90.095,51.59526716855097,0.0,0.0,0.0,0.0,0.0,-44.523866754014726,0.0,0.0,0.0,0.0,0.0,-2.334732831449031,0.0,0.0,0.0137698,0.034424500000000004,-0.0550792,-3.5044141,-0.0137698,-0.009223931623816,0.012015384615234,-0.014321367521187999,-0.0009485653235850001,-0.0026732295482850004,0.001052045177067,3.9299999999999997,1.9883869999830495,0.34312600018893136,0.10998099969583564,17.620041999180103
pid,05:09:59.076,56,-89.997,-89.981,-0.062,-90.095,53.855,-0.0,0.0,0.0,0.0,0.0,-3.707879630830301,0.0,-89.997,-89.981,-0.062,-90.095,50.0,-0.0,-89.997,-89.981,-0.062,-90.095,51.553868376939775,0.0,0.0,0.0,0.0,0.0,-56.882127153361026,0.0,0.0,0.0,0.0,0.0,-2.301131623060222,0.0,0.0068849,0.0206547,-0.0068849,-0.0,-3.4080255,-0.0,-0.008443711843605999,0.011772649572502,-0.013922588522413999,-0.001172771672796,-0.0025007631258150004,0.001121031746055,3.854999999999997,2.0981640000172774,0.3023859999302658,0.32590400041954126,17.56931900035852
pid,05:09:59.096,57,-89.997,-89.981,-0.062,-90.095,53.78,-0.0,0.0,0.0,0.0,0.0,-3.6634888839715156,0.0,-89.997,-89.981,-0.062,-90.095,50.0,-0.0,-89.997,-89.981,-0.062,-90.095,51.51249911448288,0.0,0.0,0.0,0.0,0.0,-55.37976192325342,0.0,0.0,0.0,0.0,0.0,-2.267500885517123,0.0,0.0,-0.0137698,-0.0137698,-0.0,-3.3942557,0.0137698,-0.007992918192818,0.012084737484586,-0.013922588522413999,-0.000569139194151,-0.002035103785146,0.001052045177067,3.780000000000001,1.9379060004212079,0.27259000034973724,0.2908300002673059,17.771224999705737
pid,05:09:59.117,58,-89.997,-89.981,-0.062,-90.095,53.714,-0.0,0.0,0.0,0.0,0.0,-3.23052939666251,0.0,-89.997,-89.981,-0.062,-90.095,50.0,-0.0,-89.997,-89.981,-0.062,-90.095,51.475705247133256,0.0,0.0,0.0,0.0,0.0,-54.779371193418115,0.0,0.0,0.0,0.0,0.0,-2.238294752866743,0.0,-0.0137698,0.0068849,-0.0275396,0.0137698,-2.616262,-0.0275396,-0.008287667887564,0.012258119657965999,-0.013489133088964,-0.0017764041514410002,-0.0035528083028820005,0.001138278388302,3.7139999999999986,1.912777000143251,0.47421799990843283,0.0925920003282954,17.838409999967553
pid,05:09:59.137,59,-89.997,-89.981,-0.062,-90.095,53.647,-0.0,0.0,0.0,0.0,0.0,-3.273669858577395,0.0,-89.997,-89.981,-0.062,-90.095,50.0,-0.0,-89.997,-89.981,-0.062,-90.095,51.438473212283135,0.0,0.0,0.0,0.0,0.0,-53.95513117021968,0.0,0.0,0.0,0.0,0.0,-2.2085267877168633,0.0,0.0826188,-0.0481943,-0.0137698,0.0137698,-3.1395144,-0.0206547,-0.00814896214886,0.010957753357616,-0.013385103784935999,-0.001483211233242,-0.0033113553114240005,0.0008278388278560001,3.6469999999999985,2.01472000026115,0.36764400010724785,0.09710999984235968,17.80133600004774
pid,05:09:59.158,60,-89.997,-89.981,-0.062,-90.095,53.593,-0.0,0.0,0.0,0.0,0.0,-2.6420812598422723,0.0,-89.997,-89.981,-0.062,-90.095,50.0,-0.0,-89.997,-89.981,-0.062,-90.095,51.40780144784975,0.0,0.0,0.0,0.0,0.0,-53.45807540436282,0.0,0.0,0.0,0.0,0.0,-2.185198552150254,0.0,0.0206547,-0.034424500000000004,0.0068849,0.0206547,-3.1050899000000003,-0.0275396,-0.008963858363746,0.012518192918035999,-0.013922588522413999,-0.001259004884031,-0.004121947497033001,0.001190018315043,3.5930000000000035,2.0573869996951544,0.3367369999978109,0.09938799939845921,17.78346499941108
pid,05:09:59.179,61,-89.997,-89.981,-0.062,-90.095,53.529,-0.0,0.0,0.0,0.0,0.0,-3.0755313985861785,0.0,-89.997,-89.981,-0.062,-90.095,50.0,-0.0,-89.997,-89.981,-0.062,-90.095,51.3721296271019,0.0,0.0,0.0,0.0,0.0,-51.824394957253055,0.0,0.0,0.0,0.0,0.0,-2.156870372898105,0.0,0.0,0.0619641,0.034424500000000004,-0.0137698,-3.5939178000000003,0.034424500000000004,-0.008599755799648,0.011477899877756,-0.013679853479682,-0.000327686202693,-0.0033113553114240005,0.0009830586080790001,3.5290000000000035,2.110719000484096,0.30786699971940834,0.15653500031476142,17.868613000246114
pid,05:09:59.199,62,-89.997,-89.981,-0.062,-90.095,53.403,-0.0,0.0,0.0,0.0,0.0,-6.11216580310904,0.0,-89.997,-89.981,-0.062,-90.095,50.0,-0.0,-89.997,-89.981,-0.062,-90.095,51.30562204882431,0.0,0.0,0.0,0.0,0.0,-50.871118211787554,0.0,0.0,0.0,0.0,0.0,-2.0973779511756874,0.0,0.0137698,-0.0068849,-0.0206547,0.0068849,-3.2978671,-0.0137698,-0.00806227106217,0.012344810744656,-0.013489133088964,-0.0024662698413210004,-0.0031561355312010003,0.000655372405386,3.4029999999999987,2.4695669999346137,0.3010710006492445,0.12724000043817796,17.46656100021937
pid,05:09:59.220,63,-89.997,-89.981,-0.062,-90.095,53.333,-0.0,0.0,0.0,0.0,0.0,-3.408973829041186,0.0,-89.997,-89.981,-0.062,-90.095,50.0,-0.0,-89.997,-89.981,-0.062,-90.095,51.267200051301,0.0,0.0,0.0,0.0,0.0,-50.30184257963912,0.0,0.0,0.0,0.0,0.0,-2.065799948698995,0.0,-0.0068849,0.0206547,-0.0413094,-0.0137698,-2.9880466,0.0275396,-0.008738461538352,0.011547252747108,-0.013159706959542,-0.002017857142899,-0.0038804945055750002,0.001276251526278,3.3329999999999984,4.478768999433669,0.3651810002338607,0.136572999508644,15.066271999785386
pid,05:09:59.240,64,-89.997,-89.981,-0.062,-90.095,53.268,-0.0,0.0,0.0,0.0,0.0,-3.211262456123707,0.0,-89.997,-89.981,-0.062,-90.095,50.0,-0.0,-89.997,-89.981,-0.062,-90.095,51.231392629330635,0.0,0.0,0.0,0.0,0.0,-50.30831374842754,0.0,0.0,0.0,0.0,0.0,-2.0366073706693655,0.0,0.0137698,0.0137698,-0.0481943,-0.0068849,-2.9880466,0.0275396,-0.008582417582309999,0.011789987789839999,-0.014113308913132,-0.001172771672796,-0.0038804945055750002,0.001276251526278,3.2680000000000007,1.9882200003848993,0.3004790005434188,0.10851700062630698,17.66261500051769
pid,05:09:59.260,65,-89.997,-89.981,-0.062,-90.095,53.208,-0.0,0.0,0.0,0.0,0.0,-2.9670031478797148,0.0,-89.997,-89.981,-0.062,-90.095,50.0,-0.0,-89.997,-89.981,-0.062,-90.095,51.19814895228672,0.0,0.0,0.0,0.0,0.0,-49.693619877786794,0.0,0.0,0.0,0.0,0.0,-2.0098510477132763,0.0,-0.0206547,0.0068849,0.0275396,-0.0068849,-3.2290181000000002,-0.0206547,-0.008200976800874,0.012639560439402,-0.014858852258665999,-0.001017551892573,-0.00327686202693,0.001121031746055,3.2079999999999984,1.9124250002278131,0.2712380000957637,0.0796470003479044,17.79942800021672
pid,05:09:59.280,66,-89.997,-89.981,-0.062,-90.095,53.145,-0.0,0.0,0.0,0.0,0.0,-3.1158676021458667,0.0,-89.997,-89.981,-0.062,-90.095,50.0,-0.0,-89.997,-89.981,-0.062,-90.095,51.16346950076151,0.0,0.0,0.0,0.0,0.0,-49.00148162890164,0.0,0.0,0.0,0.0,0.0,-1.9815304992384952,0.0,0.0481943,0.0,0.0137698,-0.0275396,-3.0706654,-0.0,-0.008374358974254,0.012015384615234,-0.013922588522413999,-0.0018453907204290002,-0.002138583638628,0.0008968253968440001,3.145000000000003,1.8988880001415964,0.27401500028645387,0.0772399998822948,17.81298300011258
pid,05:09:59.301,67,-89.997,-89.981,-0.062,-90.095,53.08,-0.0,0.0,0.0,0.0,0.0,-3.215276912916552,0.0,-89.997,-89.981,-0.062,-90.095,50.0,-0.0,-89.997,-89.981,-0.062,-90.095,51.127856238585,0.0,0.0,0.0,0.0,0.0,-48.282175129009794,0.0,0.0,0.0,0.0,0.0,-1.9521437614150017,0.0,0.0068849,0.0275396,-0.0275396,0.034424500000000004,-2.7952694,-0.0206547,-0.00806227106217,0.01170329670315,-0.013922588522413999,-0.001086538461561,-0.0039322344323160004,0.00120726495729,3.0799999999999983,1.8964990003951243,0.31447800029127393,0.08023999998840736,17.76835500004381
pid,05:09:59.321,68,-89.997,-89.981,-0.062,-90.095,53.023,-0.0,0.0,0.0,0.0,0.0,-2.8205817298047364,0.0,-89.997,-89.981,-0.062,-90.095,50.0,-0.0,-89.997,-89.981,-0.062,-90.095,51.09630170912075,0.0,0.0,0.0,0.0,0.0,-47.67026314123245,0.0,0.0,0.0,0.0,0.0,-1.9266982908792514,0.0,-0.0413094,-0.0413094,0.0206547,-0.0895037,-2.9949315000000003,-0.034424500000000004,-0.008374358974254,0.011789987789839999,-0.013887912087738,-0.002017857142899,-0.00224206349211,0.000586385836398,3.0230000000000032,1.8890549999923678,0.2734600002440857,0.08155500017892336,17.81870600007096
pid,05:09:59.341,69,-89.997,-89.981,-0.062,-90.096,52.965,-0.0,0.0,0.0,0.0,-0.049482722414497214,-2.869997900027126,0.0,-89.997,-89.981,-0.062,-90.095,50.0,-0.0,-89.997,-89.981,-0.062,-90.0954989895463,51.06430571389723,0.0,0.0,0.0,0.0,0.012395680603624422,-47.0257638767977,0.0,0.0,0.0,0.0,0.0005010104537035431,-1.9006942861027767,0.0,0.0137698,0.0,-0.0068849,-0.0,-3.1601691,0.0137698,-0.009137240537126,0.012015384615234,-0.01274358974343,-0.000569139194151,-0.002207570207616,0.000655372405386,2.9650001686340626,1.90551699961361,0.2744610001172987,0.08057400009420235,17.800280000301427
pid,05:09:59.361,70,-89.997,-89.981,-0.062,-90.095,52.902,-0.0,0.0,0.0,0.0,0.04947221665255219,-3.116749649096024,0.0,-89.997,-89.981,-0.062,-90.095,50.0,-0.0,-89.997,-89.981,-0.062,-90.0949989895463,51.02987275455523,0.0,0.0,0.0,0.0,2.4994692207099682e-05,-46.30914234367371,0.0,0.0,0.0,0.0,1.0104537011557113e-06,-1.8721272454447728,0.0,0.0137698,-0.0413094,0.0206547,0.034424500000000004,-3.4631047,0.0275396,-0.008599755799648,0.011772649572502,-0.014754822954638,-0.001259004884031,-0.000155219780223,0.000655372405386,2.902000000000001,1.9329980004840763,0.2725530002862797,0.11333200018270873,17.744688999300706
pid,05:09:59.382,71,-89.997,-89.981,-0.062,-90.096,52.835,-0.0,0.0,0.0,0.0,-0.049171783960187426,-3.294509525316835,0.0,-89.997,-89.981,-0.062,-90.095,50.0,-0.0,-89.997,-89.981,-0.062,-90.09549797270299,50.99349000374603,0.0,0.0,0.0,0.0,0.01234278889559112,-45.275165847946646,0.0,0.0,0.0,0.0,0.0005020272970170936,-1.8415099962539685,0.0,-0.0137698,-0.0137698,0.0068849,0.0481943,-2.5818375000000002,-0.0,-0.008686446886338,0.012015384615234,-0.01421733821716,-0.000638125763139,-0.0038115079365870002,0.001500457875489,2.8350001763668384,1.885499999843887,0.3328120001242496,0.09936999958881643,17.743577000146615
pid,05:09:59.402,72,-89.997,-89.981,-0.062,-90.095,52.774,-0.0,0.0,0.0,0.0,0.049450635478554404,-3.0164887641774123,0.0,-89.997,-89.981,-0.062,-90.095,50.0,-0.0,-89.997,-89.981,-0.062,-90.09499797270298,50.96018518640327,0.0,0.0,0.0,0.0,5.012556297036362e-05,-44.84714758617275,0.0,0.0,0.0,0.0,2.027297014706164e-06,-1.8138148135967285,0.0,-0.0137698,-0.0895037,-0.0413094,-0.0068849,-2.7195355,-0.0,-0.008963858363746,0.011807326007178,-0.013489133088964,-0.001396978022007,-0.0033975885226590003,0.0008968253968440001,2.774000000000001,2.190995999626466,1.1149700003443286,0.3883480003423756,16.23266699971282
pid,05:09:59.422,73,-89.997,-89.981,-0.062,-90.095,52.722,-0.0,0.0,0.0,0.0,0.0,-2.5680117742637947,0.0,-89.997,-89.981,-0.062,-90.095,50.0,-0.0,-89.997,-89.981,-0.062,-90.09499797270298,50.93142928003597,0.0,0.0,0.0,0.0,5.00588713193098e-05,-44.213525879996716,0.0,0.0,0.0,0.0,2.027297014706164e-06,-1.7905707199640304,0.0,-0.0206547,-0.034424500000000004,-0.0068849,0.0550792,-2.7126506,-0.0,-0.008374358974254,0.011980708180558,-0.012847619047458,-0.00224206349211,-0.002828449328508,0.00020695970696400003,2.7220000000000013,2.9390249992502504,1.3381720000325004,0.15259100018738536,16.379831999984162
pid,05:09:59.443,74,-89.997,-89.981,-0.062,-90.095,52.667,-0.0,0.0,0.0,0.0,0.0,-2.584001344161286,0.0,-89.997,-89.981,-0.062,-90.095,50.0,-0.0,-89.997,-89.981,-0.062,-90.09499797270298,50.90109094946909,0.0,0.0,0.0,0.0,4.7623074769199676e-05,-41.482830547622534,0.0,0.0,0.0,0.0,2.027297014706164e-06,-1.765909050530908,0.0,0.0206547,0.0,0.06884900000000001,0.0137698,-2.6988808,-0.0068849,-0.008374358974254,0.012015384615234,-0.013489133088964,-0.001259004884031,-0.0029146825397430003,0.00120726495729,2.6670000000000016,5.236779999904684,0.31888499961496564,0.13681400014320388,14.703016000567004
pid,05:09:59.464,75,-89.997,-89.981,-0.062,-90.095,52.612,-0.0,0.0,0.0,0.0,0.0,-2.6627120365667714,0.0,-89.997,-89.981,-0.062,-90.095,50.0,-0.0,-89.997,-89.981,-0.062,-90.09499797270298,50.870893323927405,0.0,0.0,0.0,0.0,4.9073710697865795e-05,-42.146051848411766,0.0,0.0,0.0,0.0,2.027297014706164e-06,-1.7411066760725973,0.0,0.0068849,-0.0619641,-0.0,-0.0068849,-2.6713412,-0.0068849,-0.008530402930296,0.01170329670315,-0.014026617826442,-0.001086538461561,-0.002104090354134,0.000810592185609,2.612000000000002,5.145150999851467,0.3472380003586295,0.1334429998678388,14.572684000086156
pid,05:09:59.484,76,-89.997,-89.981,-0.062,-90.095,52.558,-0.0,0.0,0.0,0.0,0.0,-2.648166869329443,0.0,-89.997,-89.981,-0.062,-90.095,50.0,-0.0,-89.997,-89.981,-0.062,-90.09499797270298,50.841285255651954,0.0,0.0,0.0,0.0,4.970945187564658e-05,-42.09395472288607,0.0,0.0,0.0,0.0,2.027297014706164e-06,-1.716714744348046,0.0,-0.06884900000000001,-0.0068849,0.0206547,0.0206547,-2.616262,0.0206547,-0.008634432234324,0.012015384615234,-0.014546764346582,-0.001483211233242,-0.002104090354134,0.00051739926741,2.558,1.9511290001901216,0.28105299952585483,0.08533199979865458,18.001223000283062
pid,05:09:59.505,77,-89.997,-89.981,-0.062,-90.095,52.504,-0.0,0.0,0.0,0.0,0.0,-2.623444019737399,0.0,-89.997,-89.981,-0.062,-90.095,50.0,-0.0,-89.997,-89.981,-0.062,-90.09499797270298,50.81170818522501,0.0,0.0,0.0,0.0,4.924537262284037e-05,-41.107711491868756,0.0,0.0,0.0,0.0,2.027297014706164e-06,-1.6922918147749897,0.0,-0.0206547,-0.0481943,-0.0068849,-0.0275396,-2.6644563,0.0068849,-0.00936263736252,0.012240781440628,-0.013489133088964,-0.002173076923122,-0.0031561355312010003,0.0008278388278560001,2.503999999999998,3.934755999580375,0.2980330000355025,0.11990700022579404,15.899447999800032
pid,05:09:59.526,78,-89.997,-89.981,-0.062,-90.095,52.455,-0.0,0.0,0.0,0.0,0.0,-2.3831549067127153,0.0,-89.997,-89.981,-0.062,-90.095,50.0,-0.0,-89.997,-89.981,-0.062,-90.09499797270298,50.78468432494926,0.0,0.0,0.0,0.0,4.929962082144159e-05,-40.6185815995547,0.0,0.0,0.0,0.0,2.027297014706164e-06,-1.6703156750507375,0.0,-0.0275396,0.0206547,0.0275396,-0.0206547,-2.7677298,-0.0619641,-0.008530402930296,0.011772649572502,-0.013281074480908,-0.001327991453019,-0.0027077228327790004,0.000362179487187,2.4549999999999983,3.416204999666661,0.28486700011853827,0.107554999885906,16.279444000247167
pid,05:09:59.546,79,-89.997,-89.981,-0.062,-90.095,52.399,-0.0,0.0,0.0,0.0,0.0,-2.750588736781575,0.0,-89.997,-89.981,-0.062,-90.095,50.0,-0.0,-89.997,-89.981,-0.062,-90.09499797270298,50.754242229586126,0.0,0.0,0.0,0.0,4.978803883246052e-05,-40.39332319673745,0.0,0.0,0.0,0.0,2.027297014706164e-06,-1.6447577704138752,0.0,0.0275396,0.0757339,-0.0275396,-0.0,-2.8847731000000003,0.0413094,-0.008513064712957999,0.011807326007178,-0.013801221001048,-0.0027767094017670003,-0.001103785103808,0.001276251526278,2.399000000000001,3.1743380004627397,0.2818120001393254,0.10409200058347778,16.53568199981237
pid,05:09:59.566,80,-89.997,-89.981,-0.062,-90.095,52.351,-0.0,0.0,0.0,0.0,0.0,-2.3621009949315708,0.0,-89.997,-89.981,-0.062,-90.095,50.0,-0.0,-89.997,-89.981,-0.062,-90.09499797270298,50.72785350869226,0.0,0.0,0.0,0.0,4.988208654050475e-05,-39.93787439622441,0.0,0.0,0.0,0.0,2.027297014706164e-06,-1.623146491307736,0.0,0.0068849,-0.0206547,0.0275396,-0.0826188,-2.3202113,0.0137698,-0.00814896214886,0.011789987789839999,-0.013489133088964,-0.002017857142899,-0.002724969475026,0.001276251526278,2.350999999999999,3.053671999623475,0.2792010000121081,0.10027699954662239,16.622348000055354
pid,05:09:59.587,81,-89.997,-89.981,-0.062,-90.095,52.289,-0.0,0.0,0.0,0.0,0.0,-3.037008011585149,0.0,-89.997,-89.981,-0.062,-90.095,50.0,-0.0,-89.997,-89.981,-0.062,-90.09499797270298,50.694517031484125,0.0,0.0,0.0,0.0,4.9652558802470054e-05,-39.05207701386262,0.0,0.0,0.0,0.0,2.027297014706164e-06,-1.5944829685158766,0.0,-0.0206547,0.0068849,-0.034424500000000004,0.0206547,-2.2444774,-0.0137698,-0.009050549450435999,0.012639560439402,-0.014026617826442,-0.0008623321123500001,-0.0022938034188510004,0.000379426129434,2.2890000000000015,2.9493769998225616,0.27705200045602396,0.10527599988563452,16.732809000131965
pid,05:09:59.607,82,-89.997,-89.981,-0.062,-90.095,52.24,-0.0,0.0,0.0,0.0,0.0,-2.423138275796994,0.0,-89.997,-89.981,-0.062,-90.095,50.0,-0.0,-89.997,-89.981,-0.062,-90.09499797270298,50.66775219994116,0.0,0.0,0.0,0.0,5.012674495402166e-05,-38.875243095512666,0.0,0.0,0.0,0.0,2.027297014706164e-06,-1.5722478000588396,0.0,0.0826188,-0.0826188,-0.0,0.0137698,-2.2238227,0.0068849,-0.009137240537126,0.012327472527317999,-0.013922588522413999,-0.002017857142899,-0.003035409035472,0.0019488705739110002,2.240000000000002,3.003155000442348,0.2886259999286267,0.10718400062614819,16.696754999429686
pid,05:09:59.627,83,-89.997,-89.981,-0.062,-90.095,52.194,-0.0,0.0,0.0,0.0,0.0,-2.2325358882678676,0.0,-89.997,-89.981,-0.062,-90.095,50.0,-0.0,-89.997,-89.981,-0.062,-90.09499797270298,50.64249190033007,0.0,0.0,0.0,0.0,4.9195797318016466e-05,-37.64997297229843,0.0,0.0,0.0,0.0,2.027297014706164e-06,-1.551508099669931,0.0,0.0137698,-0.0068849,-0.0206547,-0.0275396,-2.3615207000000003,0.0206547,-0.008443711843605999,0.012275457875304,-0.01421733821716,-0.0023972832723330004,-0.00258699633705,0.000155219780223,2.1940000000000026,4.010070000731503,0.40221800009021536,0.13664700054505374,15.788486999554152
pid,05:09:59.648,84,-89.997,-89.981,-0.062,-90.095,52.149,-0.0,0.0,0.0,0.0,0.0,-2.155346351490318,0.0,-89.997,-89.981,-0.062,-90.095,50.0,-0.0,-89.997,-89.981,-0.062,-90.09499797270298,50.61774852538633,0.0,0.0,0.0,0.0,4.855030261528264e-05,-36.670858655806796,0.0,0.0,0.0,0.0,2.027297014706164e-06,-1.5312514746136685,0.0,0.0206547,-0.0619641,-0.0275396,0.0206547,-2.3890603,-0.0550792,-0.008218315018212,0.012015384615234,-0.013385103784935999,-0.002017857142899,-0.002138583638628,0.001121031746055,2.149000000000001,2.274049999869021,0.3037189999304246,0.12055400020472007,17.354006999994454
pid,05:09:59.669,85,-89.997,-89.981,-0.062,-90.095,52.103,-0.0,0.0,0.0,0.0,0.0,-2.2747828711563547,0.0,-89.997,-89.981,-0.062,-90.095,50.0,-0.0,-89.997,-89.981,-0.062,-90.09499797270298,50.59262221255827,0.0,0.0,0.0,0.0,5.012674495402166e-05,-37.34545130269055,0.0,0.0,0.0,0.0,2.027297014706164e-06,-1.5103777874417332,0.0,-0.0206547,-0.034424500000000004,0.0068849,0.0481943,-2.0585851,-0.0137698,-0.00806227106217,0.012015384615234,-0.01369719169702,-0.0008623321123500001,-0.0033803418804120005,0.001052045177067,2.1030000000000015,2.076016000501113,0.3484600001684157,0.2708490001168684,17.303304000051867
pid,05:09:59.689,86,-89.997,-89.981,-0.062,-90.095,52.054,-0.0,0.0,0.0,0.0,0.0,-2.4174094122351746,0.0,-89.997,-89.981,-0.062,-90.095,50.0,-0.0,-89.997,-89.981,-0.062,-90.09499797270298,50.56604052131701,0.0,0.0,0.0,0.0,5.0008233647626955e-05,-36.7041555999271,0.0,0.0,0.0,0.0,2.027297014706164e-06,-1.4879594786829955,0.0,0.0,0.034424500000000004,-0.0137698,-0.034424500000000004,-1.9897361,0.0068849,-0.008825152625042,0.012552869352712,-0.01456410256392,-0.00041391941392800006,-0.0038460012210810002,0.00120726495729,2.054000000000002,2.3174389998530387,0.29484900005627424,0.19522100046742707,17.27774900064105
pid,05:09:59.709,87,-89.997,-89.981,-0.062,-90.095,52.008,-0.0,0.0,0.0,0.0,0.0,-2.2706600447216356,0.0,-89.997,-89.981,-0.062,-90.095,50.0,-0.0,-89.997,-89.981,-0.062,-90.09499797270298,50.54100657527972,0.0,0.0,0.0,0.0,5.003589502201131e-05,-36.20699299328001,0.0,0.0,0.0,0.0,2.027297014706164e-06,-1.466993424720286,0.0,-0.1032735,0.0137698,-0.0137698,0.0550792,-2.1756284,-0.0137698,-0.008911843711731999,0.012518192918035999,-0.013385103784935999,-0.00010347985348200002,-0.002828449328508,0.0009658119658320001,2.0080000000000027,2.1318670005712193,0.28153400035080267,0.11186899973836262,17.479615999945963
pid,05:09:59.729,88,-89.997,-89.981,-0.062,-90.095,51.969,-0.0,0.0,0.0,0.0,0.0,-1.9287339613965901,0.0,-89.997,-89.981,-0.062,-90.095,50.0,-0.0,-89.997,-89.981,-0.062,-90.09499797270298,50.51951586527157,0.0,0.0,0.0,0.0,5.012970015705865e-05,-35.84191380969451,0.0,0.0,0.0,0.0,2.027297014706164e-06,-1.4494841347284293,0.0,-0.0206547,0.034424500000000004,-0.0068849,-0.0206547,-2.3959452,-0.0206547,-0.00814896214886,0.012864957264796,-0.013593162392991999,-0.0008623321123500001,-0.002052350427393,0.000724358974374,1.9690000000000012,2.0850529999734135,0.3366820001247106,0.10029500026575988,17.540337999889744
pid,05:09:59.750,89,-89.997,-89.981,-0.062,-90.095,51.927,-0.0,0.0,0.0,0.0,0.0,-2.077686060363106,0.0,-89.997,-89.981,-0.062,-90.095,50.0,-0.0,-89.997,-89.981,-0.062,-90.09499797270298,50.49656816967058,0.0,0.0,0.0,0.0,5.014388998337364e-05,-35.38081278779765,0.0,0.0,0.0,0.0,2.027297014706164e-06,-1.4304318303294181,0.0,0.0068849,0.0619641,0.0137698,-0.0137698,-2.5956073,0.0206547,-0.008738461538352,0.012015384615234,-0.013385103784935999,-0.001483211233242,-0.0008278388278560001,0.001276251526278,1.9269999999999996,2.1192560006966232,0.27910799963137833,0.09568499990564305,17.565411999385105
pid,05:09:59.770,90,-89.997,-89.981,-0.062,-90.095,51.876,-0.0,0.0,0.0,0.0,0.0,-2.5237379393339716,0.0,-89.997,-89.981,-0.062,-90.095,50.0,-0.0,-89.997,-89.981,-0.062,-90.09499797270298,50.46917264798212,0.0,0.0,0.0,0.0,5.0160454937178364e-05,-34.80846629784445,0.0,0.0,0.0,0.0,2.027297014706164e-06,-1.4068273520178778,0.0,0.0137698,-0.0413094,0.0481943,-0.1101584,-2.3684056,0.0068849,-0.008738461538352,0.012015384615234,-0.014338705738526,-0.001086538461561,-0.001138278388302,0.000586385836398,1.8759999999999977,2.1088119992782595,0.27562699960981263,0.09653600045567146,17.584319999514264
pid,05:09:59.790,91,-89.997,-89.981,-0.062,-90.095,51.826,-0.0,0.0,0.0,0.0,0.0,-2.426192183993013,0.0,-89.997,-89.981,-0.062,-90.095,50.0,-0.0,-89.997,-89.981,-0.062,-90.09499797270298,50.4422910987668,0.0,0.0,0.0,0.0,4.9186121844793965e-05,-33.571437210937326,0.0,0.0,0.0,0.0,2.027297014706164e-06,-1.3837089012331987,0.0,-0.0206547,0.0481943,-0.0068849,-0.0,-2.0241606,-0.0275396,-0.008374358974254,0.012050061049909999,-0.014338705738526,-0.000569139194151,-0.0031561355312010003,0.001052045177067,1.8260000000000005,2.144532999409421,0.2766449997579912,0.08975800028565573,17.567152999617974
pid,05:09:59.811,92,-89.997,-89.981,-0.062,-90.096,51.777,-0.0,0.0,0.0,0.0,-0.049367403867892644,-2.4190027895151642,0.0,-89.997,-89.981,-0.062,-90.095,50.0,-0.0,-89.997,-89.981,-0.062,-90.09549695988893,50.415991328208925,0.0,0.0,0.0,0.0,0.012416892162345514,-33.59473238384671,0.0,0.0,0.0,0.0,0.0005030401110701632,-1.361008671791076,0.0,0.0068849,-0.0137698,0.0275396,0.0137698,-1.8176136,-0.0068849,-0.008218315018212,0.012050061049909999,-0.013922588522413999,-0.003242368742436,-0.0030181623932250003,0.0009830586080790001,1.7770002813730796,2.040256999862322,0.27518199931364506,0.08859199988364708,17.679300000054354
pid,05:09:59.831,93,-89.997,-89.981,-0.062,-90.095,51.737,-0.0,0.0,0.0,0.0,0.04941102184129335,-1.9764408736422545,0.0,-89.997,-89.981,-0.062,-90.095,50.0,-0.0,-89.997,-89.981,-0.062,-90.09499695988893,50.39423362321186,0.0,0.0,0.0,0.0,7.510749711413475e-05,-33.17372938545817,0.0,0.0,0.0,0.0,3.040111067775797e-06,-1.3427663767881413,0.0,0.0068849,0.0137698,0.0068849,0.0826188,-1.7556495,-0.0068849,-0.008651770451661999,0.012518192918035999,-0.013263736263569999,-0.002017857142899,-0.0036390415141170003,0.000810592185609,1.7370000000000019,2.275402999657672,0.35553400084609166,0.12559100014186697,17.56661599938525
pid,05:09:59.851,94,-89.997,-89.981,-0.062,-90.095,51.704,-0.0,0.0,0.0,0.0,0.0,-1.6093673782615372,0.0,-89.997,-89.981,-0.062,-90.095,50.0,-0.0,-89.997,-89.981,-0.062,-90.09499695988893,50.375986601346014,0.0,0.0,0.0,0.0,7.413114506337429e-05,-32.38274911648296,0.0,0.0,0.0,0.0,3.040111067775797e-06,-1.3280133986539866,0.0,-0.0275396,-0.0068849,-0.0481943,0.0137698,-1.8313834,-0.0068849,-0.008686446886338,0.012015384615234,-0.013489133088964,-0.001638431013465,-0.004570360195455,0.001121031746055,1.7040000000000006,2.102236999235174,0.29492199973901734,0.11992499912594212,17.709095999634883
pid,05:09:59.872,95,-89.997,-89.981,-0.062,-90.096,51.667,-0.0,0.0,0.0,0.0,-0.04885277674268574,-1.8075527394706945,0.0,-89.997,-89.981,-0.062,-90.095,50.0,-0.0,-89.997,-89.981,-0.062,-90.09549593640565,50.35578045472431,0.0,0.0,0.0,0.0,0.012312453119235085,-32.028357852846646,0.0,0.0,0.0,0.0,0.0005040635943487359,-1.3112195452756907,0.0,0.0206547,0.0,-0.0,0.0068849,-1.7763042,0.0137698,-0.008374358974254,0.012015384615234,-0.013489133088964,-0.000724358974374,-0.004018467643551,0.001500457875489,1.6670002999399867,2.459993000229588,0.283238000520214,0.11109099978057202,17.440505999729794
pid,05:09:59.892,96,-89.997,-89.981,-0.062,-90.095,51.628,-0.0,0.0,0.0,0.0,0.0488806740711134,-1.9063462887643923,0.0,-89.997,-89.981,-0.062,-90.095,50.0,-0.0,-89.997,-89.981,-0.062,-90.09499593640565,50.33461517490673,0.0,0.0,0.0,0.0,9.93156152766172e-05,-31.610761041803116,0.0,0.0,0.0,0.0,4.063594346348509e-06,-1.2933848250932698,0.0,0.0137698,-0.06884900000000001,0.0413094,-0.0206547,-1.9690814,-0.0068849,-0.00806227106217,0.011789987789839999,-0.014650793650609999,-0.0019316239316640002,-0.002345543345592,0.001345238095266,1.6280000000000001,1.9512030003170366,0.2723300003708573,0.08198100022127619,17.75344799989398
pid,05:09:59.913,97,-89.997,-89.981,-0.062,-90.095,51.59,-0.0,0.0,0.0,0.0,0.0,-1.8799885820779458,0.0,-89.997,-89.981,-0.062,-90.095,50.0,-0.0,-89.997,-89.981,-0.062,-90.09499593640565,50.31400825025368,0.0,0.0,0.0,0.0,0.00010051988110311152,-31.56381474143365,0.0,0.0,0.0,0.0,4.063594346348509e-06,-1.275991749746325,0.0,0.0275396,-0.0206547,0.0206547,-0.0,-1.8244985,-0.0137698,-0.008825152625042,0.013315750915583999,-0.013055677655513999,-0.0017074175824530002,-0.0035873015873760005,0.0009830586080790001,1.5900000000000034,1.9624429996838444,0.27183000020158943,0.08062899996730266,17.749651000485756
pid,05:09:59.933,98,-89.997,-89.981,-0.062,-90.095,51.55,-0.0,0.0,0.0,0.0,0.0,-1.9787486289174783,0.0,-89.997,-89.981,-0.062,-90.095,50.0,-0.0,-89.997,-89.981,-0.062,-90.09499593640565,50.29244160355854,0.0,0.0,0.0,0.0,0.00010051039664147442,-31.10489940927261,0.0,0.0,0.0,0.0,4.063594346348509e-06,-1.2575583964414605,0.0,-0.0137698,-0.0413094,-0.0,-0.0481943,-1.7143401,0.0068849,-0.008825152625042,0.012986324786161999,-0.01369719169702,-0.0008623321123500001,-0.0034493284494000005,0.0018798840049230002,1.5499999999999972,1.9981280001957202,0.4691059994001989,0.13048100026935572,17.73113299987017
pid,05:09:59.953,99,-89.997,-89.981,-0.062,-90.095,51.513,-0.0,0.0,0.0,0.0,0.0,-1.8033099537520736,0.0,-89.997,-89.981,-0.062,-90.095,50.0,-0.0,-89.997,-89.981,-0.062,-90.09499593640565,50.272389430015565,0.0,0.0,0.0,0.0,9.902594761719646e-05,-30.232505264635453,0.0,0.0,0.0,0.0,4.063594346348509e-06,-1.2406105699844332,0.0,-0.0619641,0.0137698,0.0275396,0.034424500000000004,-1.9553116000000001,-0.0137698,-0.008738461538352,0.012206105005952,-0.013489133088964,0.00020695970696400003,-0.0036735347986110002,0.0008968253968440001,1.5129999999999981,2.162311000574846,0.4060889996253536,0.11953600005654152,17.634263000218198
pid,05:09:59.974,100,-89.997,-89.981,-0.062,-90.095,51.477,-0.0,0.0,0.0,0.0,0.0,-1.7574922190537825,0.0,-89.997,-89.981,-0.062,-90.095,50.0,-0.0,-89.997,-89.981,-0.062,-90.09499593640565,50.25287670639086,0.0,0.0,0.0,0.0,9.919076994751432e-05,-29.88037727333989,0.0,0.0,0.0,0.0,4.063594346348509e-06,-1.2241232936091393,0.0,0.0137698,0.0137698,0.0275396,-0.0068849,-1.927772,0.0137698,-0.008981196581083999,0.012292796092642,-0.013489133088964,-0.001327991453019,-0.0033458485959180005,0.001190018315043,1.4769999999999968,2.0315720003054594,0.27181199948245194,0.14699799976369832,17.834668999967107
pid,05:09:59.994,101,-89.997,-89.981,-0.062,-90.095,51.444,-0.0,0.0,0.0,0.0,0.0,-1.604833002886772,0.0,-89.997,-89.981,-0.062,-90.095,50.0,-0.0,-89.997,-89.981,-0.062,-90.09499593640565,50.23489206593561,0.0,0.0,0.0,0.0,9.880894407968617e-05,-29.400247221804843,0.0,0.0,0.0,0.0,4.063594346348509e-06,-1.2091079340643915,0.0,0.0137698,-0.0137698,0.0068849,0.0137698,-2.0448153000000002,0.0068849,-0.00806227106217,0.01152991452977,-0.012622222222064,-0.0023282967033450004,-0.003207875457942,0.000810592185609,1.4440000000000026,2.2524400001202594,0.4105139996681828,0.1214439998875605,17.71878099953028
pid,05:10:00.015,102,-89.997,-89.981,-0.062,-90.095,51.407,-0.0,0.0,0.0,0.0,0.0,-1.7792035219667264,0.0,-89.997,-89.981,-0.062,-90.095,50.0,-0.0,-89.997,-89.981,-0.062,-90.09499593640565,50.21492907984781,0.0,0.0,0.0,0.0,9.7702180592964e-05,-28.661307832007196,0.0,0.0,0.0,0.0,4.063594346348509e-06,-1.192070920152183,0.0,0.06884900000000001,-0.034424500000000004,0.0068849,0.0481943,-2.3270962,0.034424500000000004,-0.008374358974254,0.011477899877756,-0.01361050061033,-0.002552503052556,-0.00137973137976,0.000534645909657,1.4069999999999965,3.177689000040118,0.38910700004635146,0.12981300005776575,16.791105000265816
pid,05:10:00.036,103,-89.997,-89.981,-0.062,-90.095,51.324,-0.0,0.0,0.0,0.0,0.0,-4.009619939416898,0.0,-89.997,-89.981,-0.062,-90.095,50.0,-0.0,-89.997,-89.981,-0.062,-90.09499593640565,50.17205872552919,0.0,0.0,0.0,0.0,9.815342708776121e-05,-27.824377729852664,0.0,0.0,0.0,0.0,4.063594346348509e-06,-1.1519412744708077,0.0,0.0206547,-0.0826188,-0.0137698,0.0275396,-2.1480888,-0.0137698,-0.008651770451661999,0.012552869352712,-0.013489133088964,-0.001017551892573,-0.001586691086724,0.000586385836398,1.323999999999998,3.356040000653593,0.5113650004204828,0.1750170004015672,16.388108999308315
pid,05:10:00.056,104,-89.997,-89.981,-0.062,-90.095,51.278,-0.0,0.0,0.0,0.0,0.0,-2.2263016973794745,0.0,-89.997,-89.981,-0.062,-90.095,50.0,-0.0,-89.997,-89.981,-0.062,-90.09499593640565,50.1477384192996,0.0,0.0,0.0,0.0,9.833464108143835e-05,-27.35112256082755,0.0,0.0,0.0,0.0,4.063594346348509e-06,-1.1302615807003988,0.0,0.0,0.0206547,0.0068849,0.0206547,-1.6248364,0.034424500000000004,-0.008443711843605999,0.011287179487038,-0.01369719169702,-0.0030181623932250003,-0.002173076923122,0.00120726495729,1.2779999999999987,3.069893999963824,0.6247350002013263,0.16598000001977198,16.540755999812973
pid,05:10:00.077,105,-89.997,-89.981,-0.062,-90.095,51.237,-0.0,0.0,0.0,0.0,0.0,-1.9882354899873589,0.0,-89.997,-89.981,-0.062,-90.095,50.0,-0.0,-89.997,-89.981,-0.062,-90.09499593640565,50.125962991910455,0.0,0.0,0.0,0.0,9.85290547107327e-05,-26.939063538697244,0.0,0.0,0.0,0.0,4.063594346348509e-06,-1.1110370080895464,0.0,0.0275396,-0.0206547,0.0275396,-0.034424500000000004,-1.4527139,0.0068849,-0.008513064712957999,0.012518192918035999,-0.014113308913132,-0.006243284493414001,-0.0033286019536710003,0.000741605616621,1.2370000000000019,3.140783000162628,0.5107719998704852,0.14646100044046761,23.776107999765372
pid,05:10:00.105,106,-89.997,-89.981,-0.062,-90.095,51.205,-0.0,0.0,0.0,0.0,0.0,-1.1495968206113387,0.0,-89.997,-89.981,-0.062,-90.095,50.0,-0.0,-89.997,-89.981,-0.062,-90.09499593640565,50.108285882192135,0.0,0.0,0.0,0.0,7.299211148452011e-05,-19.69967285861482,0.0,0.0,0.0,0.0,4.063594346348509e-06,-1.0967141178078634,0.0,-0.0413094,0.0206547,-0.034424500000000004,-0.0137698,-1.7694193,0.0206547,-0.00927594627583,0.012518192918035999,-0.014321367521187999,-0.0009485653235850001,-0.001603937728971,0.0009830586080790001,1.2049999999999983,5.37833300040802,0.32559000010223826,0.13410900010057958,14.194706000125734
pid,05:10:00.125,107,-89.997,-89.981,-0.062,-90.095,51.174,-0.0,0.0,0.0,0.0,0.0,-1.5107408732832361,0.0,-89.997,-89.981,-0.062,-90.095,50.0,-0.0,-89.997,-89.981,-0.062,-90.09499593640565,50.09158137383986,0.0,0.0,0.0,0.0,9.901674296517432e-05,-26.37506549263355,0.0,0.0,0.0,0.0,4.063594346348509e-06,-1.0824186261601412,0.0,0.0,0.0068849,0.0206547,0.0275396,-1.6041817,-0.0481943,-0.008513064712957999,0.011547252747108,-0.014113308913132,-0.001172771672796,-0.002793956044014,0.0009830586080790001,1.1739999999999995,3.677351000078488,0.2942379996966338,0.16553499972360441,15.915336999569263
pid,05:10:00.146,108,-89.997,-89.981,-0.062,-90.095,51.142,-0.0,0.0,0.0,0.0,0.0,-1.5845500566677515,0.0,-89.997,-89.981,-0.062,-90.095,50.0,-0.0,-89.997,-89.981,-0.062,-90.09499593640565,50.07442823892164,0.0,0.0,0.0,0.0,0.00010060888505903726,-26.43157647677799,0.0,0.0,0.0,0.0,4.063594346348509e-06,-1.0675717610783622,0.0,0.0757339,0.0619641,-0.0,0.0137698,-1.6386062000000001,-0.0413094,-0.008513064712957999,0.012240781440628,-0.014754822954638,-0.002017857142899,-0.00275946275952,0.001345238095266,1.142000000000003,3.260929000134638,0.3428110003369511,0.12668399995163782,16.3704990000042
pid,05:10:00.166,109,-89.997,-89.981,-0.062,-90.095,51.108,-0.0,0.0,0.0,0.0,0.0,-1.6758288991259904,0.0,-89.997,-89.981,-0.062,-90.095,50.0,-0.0,-89.997,-89.981,-0.062,-90.09499593640565,50.05630425782728,0.0,0.0,0.0,0.0,0.00010014542399220518,-25.918560556183564,0.0,0.0,0.0,0.0,4.063594346348509e-06,-1.0516957421727184,0.0,-0.0137698,-0.0895037,-0.0,-0.0275396,-1.6248364,0.0068849,-0.008825152625042,0.010992429792291999,-0.013489133088964,-0.001483211233242,-0.001241758241784,0.000724358974374,1.107999999999997,2.508621999368188,0.32984900008159457,0.10031400051957462,17.078509999919333
pid,05:10:00.186,110,-89.997,-89.981,-0.062,-90.095,51.074,-0.0,0.0,0.0,0.0,0.0,-1.6811432209083839,0.0,-89.997,-89.981,-0.062,-90.095,50.0,-0.0,-89.997,-89.981,-0.062,-90.09499593640565,50.03821821115541,0.0,0.0,0.0,0.0,0.00010046300116756094,-25.60731665671305,0.0,0.0,0.0,0.0,4.063594346348509e-06,-1.035781788844588,0.0,0.0137698,0.0963886,-0.0481943,0.0757339,-1.7556495,-0.0275396,-0.008374358974254,0.012015384615234,-0.01421733821716,-0.000793345543362,-0.000310439560446,0.001052045177067,1.073999999999998,2.4028449997786083,0.2734789995884057,0.09140700058196671,17.280415999266552
pid,05:10:00.207,111,-89.997,-89.981,-0.062,-90.095,51.047,-0.0,0.0,0.0,0.0,0.0,-1.3161582929465998,0.0,-89.997,-89.981,-0.062,-90.095,50.0,-0.0,-89.997,-89.981,-0.062,-90.09499593640565,50.0236442901783,0.0,0.0,0.0,0.0,9.904321095313614e-05,-24.94255748363024,0.0,0.0,0.0,0.0,4.063594346348509e-06,-1.0233557098217005,0.0,-0.0413094,-0.0550792,-0.0275396,-0.0275396,-1.1084689,-0.0068849,-0.00875579975569,0.011842002441854,-0.014026617826442,-0.000655372405386,-0.003000915750978,0.001500457875489,1.046999999999997,2.3947160007082857,0.2755530003923923,0.09346200022264384,17.392710999956762
pid,05:10:00.227,112,-89.997,-89.981,-0.062,-90.095,51.012,-0.0,0.0,0.0,0.0,0.0,-1.7253004571789545,0.0,-89.997,-89.981,-0.062,-90.095,50.0,-0.0,-89.997,-89.981,-0.062,-90.09499593640565,50.00511780230332,0.0,0.0,0.0,0.0,0.00010015601678330053,-24.81677594302302,0.0,0.0,0.0,0.0,4.063594346348509e-06,-1.006882197696683,0.0,-0.0137698,0.0137698,0.0206547,-0.0206547,-1.2530518,-0.0068849,-0.008374358974254,0.01283028083012,-0.013593162392991999,-0.001086538461561,-0.0034148351649060005,0.00051739926741,1.0120000000000005,2.501586000107636,0.2835340001183795,0.0964620003287564,17.200119999870367
pid,05:10:00.247,113,-89.997,-89.981,-0.062,-90.095,50.983,-0.0,0.0,0.0,0.0,0.0,-1.4357611841641038,0.0,-89.997,-89.981,-0.062,-90.095,50.0,-0.0,-89.997,-89.981,-0.062,-90.09499593640565,49.9896250536375,0.0,0.0,0.0,0.0,0.0001005922590245366,-24.590503263934426,0.0,0.0,0.0,0.0,4.063594346348509e-06,-0.9933749463624935,0.0,0.0137698,0.0206547,-0.0275396,0.0206547,-1.2530518,0.0068849,-0.008686446886338,0.012240781440628,-0.014113308913132,-0.001483211233242,-0.0038632478633280004,0.0009658119658320001,0.982999999999997,3.30083700009709,0.3081269996982883,0.1351470000372501,20.673658999839972
pid,05:10:00.272,114,-89.997,-89.981,-0.062,-90.095,50.958,-0.0,0.0,0.0,0.0,0.0,-1.0166530928834017,0.0,-89.997,-89.981,-0.062,-90.095,50.0,-0.0,-89.997,-89.981,-0.062,-90.09499593640565,49.9759471690588,0.0,0.0,0.0,0.0,8.262531510607614e-05,-19.968140959026545,0.0,0.0,0.0,0.0,4.063594346348509e-06,-0.9820528309411998,0.0,0.0206547,0.0068849,0.0068849,0.0275396,-1.4389441,-0.0,-0.008686446886338,0.012050061049909999,-0.014130647130469999,-0.001172771672796,-0.0035528083028820005,0.001500457875489,0.9579999999999984,1.9422210007178364,0.3046829997401801,0.10255399956804467,17.69896600035281
pid,05:10:00.292,115,-89.997,-89.981,-0.062,-90.095,50.936,-0.0,0.0,0.0,0.0,0.0,-1.0895196533360911,0.0,-89.997,-89.981,-0.062,-90.095,50.0,-0.0,-89.997,-89.981,-0.062,-90.09499593640565,49.96400216545391,0.0,0.0,0.0,0.0,0.00010062195222793729,-24.06842599404909,0.0,0.0,0.0,0.0,4.063594346348509e-06,-0.9719978345460873,0.0,0.0413094,-0.0481943,0.0137698,-0.0413094,-1.927772,-0.0137698,-0.009137240537126,0.012518192918035999,-0.014113308913132,-0.0009485653235850001,-0.0016901709402060002,0.000293192918199,0.9359999999999999,1.8976290002683527,0.2702009996937704,0.07574000028398586,17.808521000006294
pid,05:10:00.312,116,-89.997,-89.981,-0.062,-90.095,50.907,-0.0,0.0,0.0,0.0,0.0,-1.4377977729971694,0.0,-89.997,-89.981,-0.062,-90.095,50.0,-0.0,-89.997,-89.981,-0.062,-90.09499593640565,49.94858746797371,0.0,0.0,0.0,0.0,0.00010073494645311582,-23.758679382065722,0.0,0.0,0.0,0.0,4.063594346348509e-06,-0.9584125320262871,0.0,-0.0137698,-0.0275396,0.0137698,0.0550792,-1.8658079,0.0619641,-0.009501343101224,0.012795604395443999,-0.013489133088964,-0.002311050061098,-0.000293192918199,0.001327991453019,0.9069999999999965,1.8700179998631938,0.2720160000535543,0.07383299998764414,17.836039000030723
pid,05:10:00.332,117,-89.997,-89.981,-0.062,-90.095,50.876,-0.0,0.0,0.0,0.0,0.0,-1.5367382578890791,0.0,-89.997,-89.981,-0.062,-90.095,50.0,-0.0,-89.997,-89.981,-0.062,-90.09499593640565,49.932203908269884,0.0,0.0,0.0,0.0,0.00010072065949699435,-23.393025190450267,0.0,0.0,0.0,0.0,4.063594346348509e-06,-0.943796091730114,0.0,0.0068849,0.0275396,-0.0068849,-0.0,-1.4389441,0.0068849,-0.008738461538352,0.012050061049909999,-0.014425396825216,-0.000724358974374,-0.002449023199074,0.0008278388278560001,0.8759999999999977,1.8751469997368986,0.27760899956774665,0.10129499969480094,17.793373000131396
pid,05:10:00.352,118,-89.997,-89.981,-0.062,-90.095,50.842,-0.0,0.0,0.0,0.0,0.0,-1.685395104771081,0.0,-89.997,-89.981,-0.062,-90.095,50.0,-0.0,-89.997,-89.981,-0.062,-90.09499593640565,49.91435461186695,0.0,0.0,0.0,0.0,0.00010071708839115375,-22.991897001808212,0.0,0.0,0.0,0.0,4.063594346348509e-06,-0.9276453881330511,0.0,-0.0137698,0.0068849,-0.034424500000000004,-0.0206547,-1.5422176,-0.0068849,-0.00806227106217,0.012292796092642,-0.013679853479682,-0.0017074175824530002,-0.00048290598291600006,0.000655372405386,0.8419999999999987,1.9817570000668638,0.3490330000204267,0.12394300028972793,17.60352299970691
pid,05:10:00.373,119,-89.997,-89.981,-0.062,-90.095,50.811,-0.0,0.0,0.0,0.0,0.0,-1.5295613772982812,0.0,-89.997,-89.981,-0.062,-90.095,50.0,-0.0,-89.997,-89.981,-0.062,-90.09499593640565,49.898032774954316,0.0,0.0,0.0,0.0,0.00010025027350736636,-22.523216228534114,0.0,0.0,0.0,0.0,4.063594346348509e-06,-0.9129672250456835,0.0,0.0481943,0.0275396,-0.0068849,0.034424500000000004,-1.6317213000000002,0.0068849,-0.008651770451661999,0.012067399267248,-0.012535531135374,-0.001483211233242,-0.001327991453019,0.000741605616621,0.8109999999999999,2.016498000557476,0.2810890000546351,0.09636899994802661,17.684541000562604
pid,05:10:00.393,120,-89.997,-89.981,-0.062,-90.095,50.775,-0.0,0.0,0.0,0.0,0.0,-1.7789644430830807,0.0,-89.997,-89.981,-0.062,-90.095,50.0,-0.0,-89.997,-89.981,-0.062,-90.09499593640565,49.87924861088324,0.0,0.0,0.0,0.0,0.00010040263672613271,-22.132081542790807,0.0,0.0,0.0,0.0,4.063594346348509e-06,-0.8957513891167608,0.0,0.0206547,0.0275396,0.0206547,-0.0137698,-1.3287857,-0.0137698,-0.008686446886338,0.012552869352712,-0.014026617826442,-0.0009485653235850001,-0.002449023199074,0.0008278388278560001,0.7749999999999986,1.9052589996135794,0.2722749995882623,0.07574000028398586,17.842835000010382
pid,05:10:00.413,121,-89.997,-89.981,-0.062,-90.095,50.742,-0.0,0.0,0.0,0.0,0.0,-1.6198014277355792,0.0,-89.997,-89.981,-0.062,-90.095,50.0,-0.0,-89.997,-89.981,-0.062,-90.09499593640565,49.86199277749586,0.0,0.0,0.0,0.0,9.973054417835801e-05,-21.597529627723777,0.0,0.0,0.0,0.0,4.063594346348509e-06,-0.8800072225041404,0.0,0.0413094,0.0137698,0.0550792,-0.0206547,-1.0258501,-0.0206547,-0.008738461538352,0.012015384615234,-0.01421733821716,-0.001172771672796,-0.0033286019536710003,0.0008968253968440001,0.7419999999999973,1.9521280000844854,0.27449700064607896,0.086535999798798,17.686503999357228
pid,05:10:00.434,122,-89.997,-89.981,-0.062,-90.095,50.716,-0.0,0.0,0.0,0.0,0.0,-1.286004599110653,0.0,-89.997,-89.981,-0.062,-90.095,50.0,-0.0,-89.997,-89.981,-0.062,-90.09499593640565,49.848268985372066,0.0,0.0,0.0,0.0,0.00010049617330441034,-21.45973222312764,0.0,0.0,0.0,0.0,4.063594346348509e-06,-0.8677310146279353,0.0,-0.0137698,0.0068849,-0.034424500000000004,0.0275396,-1.1566632000000001,-0.0,-0.008651770451661999,0.012050061049909999,-0.013679853479682,-0.001483211233242,-0.003035409035472,0.001121031746055,0.7160000000000011,1.9209609999961685,0.3516999995554215,0.08809100017970195,17.699281000204792
pid,05:10:00.454,123,-89.997,-89.981,-0.062,-90.095,50.691,-0.0,0.0,0.0,0.0,0.0,-1.236674136100885,0.0,-89.997,-89.981,-0.062,-90.095,50.0,-0.0,-89.997,-89.981,-0.062,-90.09499593640565,49.83507053945589,0.0,0.0,0.0,0.0,0.00010050684042977582,-21.17011652363489,0.0,0.0,0.0,0.0,4.063594346348509e-06,-0.855929460544111,0.0,0.0206547,0.0068849,-0.0137698,0.0137698,-0.9570011,0.0206547,-0.008963858363746,0.012015384615234,-0.01369719169702,-0.000707112332127,-0.0036045482296230003,0.000655372405386,0.6910000000000025,1.9663679995574057,0.2775709999696119,0.08225799956562696,17.727336999996623
pid,05:10:00.474,124,-89.997,-89.981,-0.062,-90.095,50.672,-0.0,0.0,0.0,0.0,0.0,-0.940804382216406,0.0,-89.997,-89.981,-0.062,-90.095,50.0,-0.0,-89.997,-89.981,-0.062,-90.09499593640565,49.824891971188066,0.0,0.0,0.0,0.0,0.00010060650957477266,-20.97270909780885,0.0,0.0,0.0,0.0,4.063594346348509e-06,-0.847108028811931,0.0,-0.0413094,0.0413094,-0.0206547,0.0413094,-1.2323971,0.0068849,-0.00814896214886,0.012292796092642,-0.014113308913132,-0.002000610500652,-0.0033113553114240005,0.001327991453019,0.671999999999997,1.9722940005522105,0.30747799974051304,0.1339800001005642,17.618115000004764
pid,05:10:00.494,125,-89.997,-89.981,-0.062,-90.095,50.648,-0.0,0.0,0.0,0.0,0.0,-1.1896906621910819,0.0,-89.997,-89.981,-0.062,-90.095,50.0,-0.0,-89.997,-89.981,-0.062,-90.09499593640565,49.81223835590411,0.0,0.0,0.0,0.0,0.00010071708839115375,-20.71453799580446,0.0,0.0,0.0,0.0,4.063594346348509e-06,-0.8357616440958964,0.0,0.0137698,-0.0413094,-0.0068849,-0.0275396,-1.0878142,-0.0,-0.008443711843605999,0.012587545787387999,-0.01369719169702,-0.00041391941392800006,-0.003035409035472,0.001121031746055,0.6480000000000032,1.9250180002927664,0.2748669994616648,0.08342599994648481,17.76798399987456
pid,05:10:00.514,126,-89.997,-89.981,-0.062,-90.095,50.627,-0.0,0.0,0.0,0.0,0.0,-1.0412377529790446,0.0,-89.997,-89.981,-0.062,-90.095,50.0,-0.0,-89.997,-89.981,-0.062,-90.09499593640565,49.8011060795598,0.0,0.0,0.0,0.0,0.00010074209145120924,-20.475045950432687,0.0,0.0,0.0,0.0,4.063594346348509e-06,-0.8258939204402012,0.0,-0.0068849,0.0413094,0.0413094,0.0413094,-1.3976347,-0.0068849,-0.00814896214886,0.012518192918035999,-0.013679853479682,-0.0019316239316640002,-0.00327686202693,0.001121031746055,0.6270000000000024,1.9322580001244205,0.27510899963090196,0.08975800028565573,17.756354000084684
pid,05:10:00.534,127,-89.997,-89.981,-0.062,-90.095,50.602,-0.0,0.0,0.0,0.0,0.0,-1.239539447242403,0.0,-89.997,-89.981,-0.062,-90.095,50.0,-0.0,-89.997,-89.981,-0.062,-90.09499593640565,49.78799899924326,0.0,0.0,0.0,0.0,0.00010073970967256179,-20.17972701065083,0.0,0.0,0.0,0.0,4.063594346348509e-06,-0.8140010007567398,0.0,-0.0413094,-0.034424500000000004,-0.0,-0.0481943,-1.1979726,-0.0068849,-0.008374358974254,0.011980708180558,-0.014009279609104,-0.002104090354134,-0.002828449328508,0.001569444444477,0.6019999999999968,1.9181099996785633,0.27314500039210543,0.08235099994635675,17.775798999537074
pid,05:10:00.555,128,-89.997,-89.981,-0.062,-90.095,50.578,-0.0,0.0,0.0,0.0,0.0,-1.1898172190437097,0.0,-89.997,-89.981,-0.062,-90.095,50.0,-0.0,-89.997,-89.981,-0.062,-90.09499593640565,49.77541605256128,0.0,0.0,0.0,0.0,0.0001007278024684494,-19.894337508143856,0.0,0.0,0.0,0.0,4.063594346348509e-06,-0.8025839474387197,0.0,0.0550792,-0.0413094,-0.0206547,-0.0,-1.4664837,-0.0275396,-0.008374358974254,0.01248351648336,-0.013593162392991999,-0.001483211233242,-0.0034148351649060005,0.0008968253968440001,0.578000000000003,1.9373129998712102,0.2792369996313937,0.09161100024357438,17.746799000633473
pid,05:10:00.575,129,-89.997,-89.981,-0.062,-90.095,50.552,-0.0,0.0,0.0,0.0,0.0,-1.2875077213697057,0.0,-89.997,-89.981,-0.062,-90.095,50.0,-0.0,-89.997,-89.981,-0.062,-90.09499593640565,49.76185869668055,0.0,0.0,0.0,0.0,0.00010061363636411679,-19.56371209609208,0.0,0.0,0.0,0.0,4.063594346348509e-06,-0.7901413033194515,0.0,0.0550792,0.0275396,-0.0413094,0.0137698,-1.4251743000000001,0.0550792,-0.009223931623816,0.011980708180558,-0.013385103784935999,-0.0017074175824530002,-0.002449023199074,0.000275946275952,0.5519999999999996,1.9836649998978828,0.2710900007514283,0.08146199979819357,17.70411500001501
pid,05:10:00.595,130,-89.997,-89.981,-0.062,-90.095,50.523,-0.0,0.0,0.0,0.0,0.0,-1.4373220523241645,0.0,-89.997,-89.981,-0.062,-90.095,50.0,-0.0,-89.997,-89.981,-0.062,-90.09499593640565,49.746831083541394,0.0,0.0,0.0,0.0,0.00010070161652495324,-19.234563792321545,0.0,0.0,0.0,0.0,4.063594346348509e-06,-0.7761689164586087,0.0,-0.0413094,0.034424500000000004,0.034424500000000004,-0.0413094,-1.0051954,-0.0413094,-0.008911843711731999,0.011789987789839999,-0.013922588522413999,-0.0027767094017670003,-0.0034838217338940005,0.00044841269842200006,0.5230000000000032,1.892498999950476,0.2683120001165662,0.08016599986149231,17.895927000608935
pid,05:10:00.615,131,-89.997,-89.981,-0.062,-90.095,50.498,-0.0,0.0,0.0,0.0,0.0,-1.2279845415156792,0.0,-89.997,-89.981,-0.062,-90.095,50.0,-0.0,-89.997,-89.981,-0.062,-90.09499593640565,49.7338241553359,0.0,0.0,0.0,0.0,9.980062068205519e-05,-18.767922484939653,0.0,0.0,0.0,0.0,4.063594346348509e-06,-0.7641758446640949,0.0,0.0206547,0.0413094,0.0206547,0.0137698,-1.1291236,0.0137698,-0.008443711843605999,0.012292796092642,-0.013159706959542,-0.001259004884031,-0.003173382173448,0.001121031746055,0.49799999999999756,1.915073000418488,0.30551500003639376,0.1692949999778648,17.649616000198876
pid,05:10:00.636,132,-89.997,-89.981,-0.062,-90.095,50.473,-0.0,0.0,0.0,0.0,0.0,-1.233444690161319,0.0,-89.997,-89.981,-0.062,-90.095,50.0,-0.0,-89.997,-89.981,-0.062,-90.09499593640565,49.720844806724074,0.0,0.0,0.0,0.0,0.00010024437726486487,-18.554836586470127,0.0,0.0,0.0,0.0,4.063594346348509e-06,-0.7521551932759252,0.0,-0.0206547,0.0413094,0.034424500000000004,0.0826188,-0.9570011,0.0137698,-0.007992918192818,0.012258119657965999,-0.013489133088964,-0.001396978022007,-0.0034838217338940005,0.001052045177067,0.472999999999999,1.9334250000611064,0.30458899982477305,0.1218130000779638,17.695650999485224
pid,05:10:00.656,133,-89.997,-89.981,-0.062,-90.095,50.453,-0.0,0.0,0.0,0.0,0.0,-0.9886513689022064,0.0,-89.997,-89.981,-0.062,-90.095,50.0,-0.0,-89.997,-89.981,-0.062,-90.09499593640565,49.71038660678196,0.0,0.0,0.0,0.0,0.00010043695270469531,-18.35464369425689,0.0,0.0,0.0,0.0,4.063594346348509e-06,-0.7426133932180434,0.0,-0.0206547,-0.0206547,0.0068849,-0.0619641,-1.2255122,0.0068849,-0.009050549450435999,0.012050061049909999,-0.01421733821716,-0.000569139194151,-0.002518009768062,0.001414224664254,0.45300000000000296,1.9127769992337562,0.31940400003804825,0.08737000007386087,17.750947000422457
pid,05:10:00.676,134,-89.997,-89.981,-0.062,-90.095,50.41,-0.0,0.0,0.0,0.0,0.0,-2.1260264051304545,0.0,-89.997,-89.981,-0.062,-90.095,50.0,-0.0,-89.997,-89.981,-0.062,-90.09499593640565,49.68847198352146,0.0,0.0,0.0,0.0,0.00010045707987599836,-17.837065291564457,0.0,0.0,0.0,0.0,4.063594346348509e-06,-0.7215280164785369,0.0,-0.0895037,-0.0275396,0.0413094,0.0137698,-1.0258501,-0.0068849,-0.008738461538352,0.012292796092642,-0.013887912087738,-0.000258699633705,-0.0033803418804120005,0.000655372405386,0.4099999999999966,1.9699800004673307,0.29229399933683453,0.10583200037217466,17.689299999801733
pid,05:10:00.696,135,-89.997,-89.981,-0.062,-90.095,50.386,-0.0,0.0,0.0,0.0,0.0,-1.1868992123753008,0.0,-89.997,-89.981,-0.062,-90.095,50.0,-0.0,-89.997,-89.981,-0.062,-90.09499593640565,49.67608172292042,0.0,0.0,0.0,0.0,0.00010048076923124902,-17.554196748266786,0.0,0.0,0.0,0.0,4.063594346348509e-06,-0.7099182770795807,0.0,-0.0137698,-0.0068849,-0.0137698,-0.0275396,-1.4527139,-0.034424500000000004,-0.008599755799648,0.012518192918035999,-0.013593162392991999,-0.001172771672796,-0.001638431013465,0.001190018315043,0.3860000000000028,1.9124059999739984,0.27118199977849144,0.07411100068566157,17.821336000451993
pid,05:10:00.717,136,-89.997,-89.981,-0.062,-90.095,50.363,-0.0,0.0,0.0,0.0,0.0,-1.1370294779771295,0.0,-89.997,-89.981,-0.062,-90.095,50.0,-0.0,-89.997,-89.981,-0.062,-90.09499593640565,49.66421458204317,0.0,0.0,0.0,0.0,0.00010044405549120956,-17.27260041298633,0.0,0.0,0.0,0.0,4.063594346348509e-06,-0.6987854179568274,0.0,0.0275396,0.0137698,-0.0,0.0895037,-1.1979726,-0.0,-0.008911843711731999,0.012795604395443999,-0.013801221001048,-0.00224206349211,-0.002345543345592,0.001052045177067,0.36299999999999955,1.9448499997452018,0.2695339999263524,0.07407300017803209,17.780429000595177
pid,05:10:00.737,137,-89.997,-89.981,-0.062,-90.095,50.337,-0.0,0.0,0.0,0.0,0.0,-1.2860955975137602,0.0,-89.997,-89.981,-0.062,-90.095,50.0,-0.0,-89.997,-89.981,-0.062,-90.09499593640565,49.65087393862534,0.0,0.0,0.0,0.0,0.00010050328446971675,-16.969686670645018,0.0,0.0,0.0,0.0,4.063594346348509e-06,-0.6861260613746651,0.0,-0.0206547,0.0,0.0137698,0.034424500000000004,-1.5904119,0.0206547,-0.008287667887564,0.013402442002274,-0.01421733821716,-0.0017764041514410002,-0.002104090354134,0.0009658119658320001,0.3370000000000033,1.9154620003973832,0.27279300047666766,0.07477700000890763,17.804260999582766
pid,05:10:00.757,138,-89.997,-89.981,-0.062,-90.095,50.309,-0.0,0.0,0.0,0.0,0.0,-1.3858759278274309,0.0,-89.997,-89.981,-0.062,-90.095,50.0,-0.0,-89.997,-89.981,-0.062,-90.09499593640565,49.63656178947019,0.0,0.0,0.0,0.0,0.00010056495675104958,-16.641355873650262,0.0,0.0,0.0,0.0,4.063594346348509e-06,-0.6724382105298048,0.0,0.0137698,-0.0068849,0.0068849,-0.0481943,-1.4595988,0.0068849,-0.008218315018212,0.011842002441854,-0.01421733821716,0.00020695970696400003,-0.000258699633705,0.000586385836398,0.3089999999999975,1.8847030005417764,0.27060899992648046,0.07325800015678396,17.823686999690835
pid,05:10:00.777,139,-89.997,-89.981,-0.062,-90.095,50.282,-0.0,0.0,0.0,0.0,0.0,-1.3385443714245697,0.0,-89.997,-89.981,-0.062,-90.095,50.0,-0.0,-89.997,-89.981,-0.062,-90.09499593640565,49.62277737603712,0.0,0.0,0.0,0.0,0.0001007278024684494,-16.34071727446688,0.0,0.0,0.0,0.0,4.063594346348509e-06,-0.6592226239628758,0.0,0.0068849,-0.034424500000000004,0.0275396,-0.0275396,-1.2737065,0.0413094,-0.008599755799648,0.010472283272152,-0.012622222222064,-0.001259004884031,0.00022420634921100003,0.0009658119658320001,0.2819999999999965,1.8556109998826287,0.26986699958797544,0.07559200003015576,17.850334999820916
pid,05:10:00.797,140,-89.997,-89.981,-0.062,-90.095,50.253,-0.0,0.0,0.0,0.0,0.0,-1.4381547702092146,0.0,-89.997,-89.981,-0.062,-90.095,50.0,-0.0,-89.997,-89.981,-0.062,-90.09499593640565,49.60802229222584,0.0,0.0,0.0,0.0,0.0001007599583816013,-15.992720122657458,0.0,0.0,0.0,0.0,4.063594346348509e-06,-0.6449777077741601,0.0,-0.0068849,0.0550792,0.0550792,0.0206547,-1.2943612,0.0275396,-0.00849572649562,0.011495238095094,-0.013385103784935999,-0.00155219780223,0.000137973137976,0.001121031746055,0.2530000000000001,1.8476660006854217,0.2687559999685618,0.09042500005307375,17.841576000137138
pid,05:10:00.818,141,-89.997,-89.981,-0.062,-90.095,50.228,-0.0,0.0,0.0,0.0,0.0,-1.230954169797075,0.0,-89.997,-89.981,-0.062,-90.095,50.0,-0.0,-89.997,-89.981,-0.062,-90.09499593640565,49.59529076451588,0.0,0.0,0.0,0.0,0.00010004196797568431,-15.57672143376692,0.0,0.0,0.0,0.0,4.063594346348509e-06,-0.6327092354841213,0.0,-0.0757339,-0.0481943,-0.0481943,-0.034424500000000004,-0.7022598,-0.0068849,-0.00927594627583,0.011581929181783999,-0.014113308913132,-0.000638125763139,-0.0024662698413210004,0.001569444444477,0.22800000000000153,1.857813999777136,0.37405100010801107,0.08270299986179452,17.748280999512644
pid,05:10:00.838,142,-89.997,-89.981,-0.062,-90.095,50.21,-0.0,0.0,0.0,0.0,0.0,-0.89039487681479,0.0,-89.997,-89.981,-0.062,-90.095,50.0,-0.0,-89.997,-89.981,-0.062,-90.09499593640565,49.5860784991436,0.0,0.0,0.0,0.0,0.00010050565508179751,-15.431569663808665,0.0,0.0,0.0,0.0,4.063594346348509e-06,-0.6239215008563974,0.0,-0.0137698,0.0068849,0.0068849,-0.0,-0.9088068,0.0137698,-0.008859829059718,0.012344810744656,-0.014113308913132,-0.0008623321123500001,-0.0019316239316640002,0.000672619047633,0.21000000000000085,2.0234060002621845,0.27883099937753286,0.09429500005353475,17.64568899943697
pid,05:10:00.858,143,-89.997,-89.981,-0.062,-90.095,50.195,-0.0,0.0,0.0,0.0,0.0,-0.7438467722866208,0.0,-89.997,-89.981,-0.062,-90.095,50.0,-0.0,-89.997,-89.981,-0.062,-90.09499593640565,49.578381886070254,0.0,0.0,0.0,0.0,0.00010075638448853976,-15.288979792669661,0.0,0.0,0.0,0.0,4.063594346348509e-06,-0.6166181139297464,0.0,-0.0481943,0.0,-0.0137698,0.0413094,-0.7160296,0.0275396,-0.008686446886338,0.012587545787387999,-0.014460073259891999,-0.0008623321123500001,-0.0030181623932250003,0.00044841269842200006,0.19500000000000028,1.9360179994691862,0.2784970001812326,0.09111000053962925,17.758224999852246
pid,05:10:00.878,144,-89.997,-89.981,-0.062,-90.095,50.178,-0.0,0.0,0.0,0.0,0.0,-0.8407995849253884,0.0,-89.997,-89.981,-0.062,-90.095,50.0,-0.0,-89.997,-89.981,-0.062,-90.09499593640565,49.56970193831253,0.0,0.0,0.0,0.0,0.00010049024810198448,-15.042845816989725,0.0,0.0,0.0,0.0,4.063594346348509e-06,-0.6082980616874707,0.0,0.0068849,-0.0068849,-0.0,-0.0275396,-0.5989863,0.0206547,-0.008374358974254,0.012500854700698,-0.013593162392991999,-0.0019316239316640002,-0.0035700549451290003,0.00041391941392800006,0.17799999999999727,2.0817750000787782,0.3040889996555052,0.11731300037354231,17.537394000100903
pid,05:10:00.898,145,-89.997,-89.981,-0.062,-90.095,50.166,-0.0,0.0,0.0,0.0,0.0,-0.5947539526859583,0.0,-89.997,-89.981,-0.062,-90.095,50.0,-0.0,-89.997,-89.981,-0.062,-90.09499593640565,49.563534474103925,0.0,0.0,0.0,0.0,0.00010070161652495324,-14.929948036820791,0.0,0.0,0.0,0.0,4.063594346348509e-06,-0.602465525896072,0.0,-0.0137698,0.0137698,-0.034424500000000004,0.0068849,-0.9432313,-0.0,-0.008738461538352,0.011980708180558,-0.013679853479682,-0.001172771672796,-0.0030871489622130003,0.000362179487187,0.16599999999999682,2.0511830007308163,0.3732370005309349,0.13496100018528523,17.454099000133283
pid,05:10:00.919,146,-89.997,-89.981,-0.062,-90.095,50.152,-0.0,0.0,0.0,0.0,0.0,-0.6943555008984764,0.0,-89.997,-89.981,-0.062,-90.095,50.0,-0.0,-89.997,-89.981,-0.062,-90.09499593640565,49.556381238477705,0.0,0.0,0.0,0.0,0.00010077068158216693,-14.77039869648095,0.0,0.0,0.0,0.0,4.063594346348509e-06,-0.5956187615222959,0.0,0.0275396,-0.0137698,0.0275396,0.0275396,-0.7642239000000001,0.0137698,-0.008287667887564,0.012327472527317999,-0.013801221001048,-0.0017764041514410002,-0.003000915750978,0.00051739926741,0.15200000000000102,2.029128000685887,0.29607099986606045,0.12094399971829262,17.63515200036636
pid,05:10:00.939,147,-89.997,-89.981,-0.062,-90.095,50.134,-0.0,0.0,0.0,0.0,0.0,-0.8893460084108193,0.0,-89.997,-89.981,-0.062,-90.095,50.0,-0.0,-89.997,-89.981,-0.062,-90.09499593640565,49.547245633214,0.0,0.0,0.0,0.0,0.00010038726131204359,-14.49521261163139,0.0,0.0,0.0,0.0,4.063594346348509e-06,-0.5867543667860033,0.0,-0.0068849,-0.0275396,-0.0137698,-0.034424500000000004,-0.8055333,0.0206547,-0.008374358974254,0.012292796092642,-0.013922588522413999,-0.002690476190532,-0.0025007631258150004,0.001327991453019,0.13400000000000034,1.983497999390238,0.27592300011747284,0.0932020002437639,17.735688999891863
pid,05:10:00.959,148,-89.997,-89.981,-0.062,-90.095,50.119,-0.0,0.0,0.0,0.0,0.0,-0.7412875860119048,0.0,-89.997,-89.981,-0.062,-90.095,50.0,-0.0,-89.997,-89.981,-0.062,-90.09499593640565,49.5396252345972,0.0,0.0,0.0,0.0,0.00010040973465973103,-14.316110708054476,0.0,0.0,0.0,0.0,4.063594346348509e-06,-0.5793747654027968,0.0,0.0,0.0,-0.0275396,-0.0137698,-1.0602746,-0.0481943,-0.008200976800874,0.012552869352712,-0.014113308913132,-0.001483211233242,-0.002173076923122,0.00103479853482,0.11899999999999977,1.9644240001071012,0.27279299956717296,0.08551700011594221,17.756817999725172
pid,05:10:00.979,149,-89.997,-89.981,-0.062,-90.095,50.099,-0.0,0.0,0.0,0.0,0.0,-0.9886047635323808,0.0,-89.997,-89.981,-0.062,-90.095,50.0,-0.0,-89.997,-89.981,-0.062,-90.09499593640565,49.529525093465324,0.0,0.0,0.0,0.0,0.0001004322180717322,-14.0746401328061,0.0,0.0,0.0,0.0,4.063594346348509e-06,-0.5694749065346727,0.0,0.0275396,-0.0275396,0.0068849,-0.0068849,-0.7091447000000001,0.0481943,-0.008218315018212,0.012518192918035999,-0.013281074480908,-0.001172771672796,-0.0031216422467070003,0.001052045177067,0.09899999999999665,1.9542390000424348,0.2752559994405601,0.08896200051822234,17.76396500008559
pid,05:10:00.999,150,-89.997,-89.981,-0.062,-90.095,50.083,-0.0,0.0,0.0,0.0,0.0,-0.7900179408093684,0.0,-89.997,-89.981,-0.062,-90.095,50.0,-0.0,-89.997,-89.981,-0.062,-90.09499593640565,49.52144104474115,0.0,0.0,0.0,0.0,0.0001003222635561497,-13.863801546146941,0.0,0.0,0.0,0.0,4.063594346348509e-06,-0.561558955258846,0.0,-0.0137698,0.0137698,0.0068849,-0.0,-0.8881521,0.034424500000000004,-0.008911843711731999,0.012015384615234,-0.013055677655513999,-0.0008623321123500001,-0.0035873015873760005,0.001500457875489,0.08299999999999841,7.348406000346586,0.44438400072976947,0.4356069994173595,11.83348999984446
pid,05:10:01.020,151,-89.997,-89.981,-0.062,-90.095,50.068,-0.0,0.0,0.0,0.0,0.0,-0.7363164608812965,0.0,-89.997,-89.981,-0.062,-90.095,50.0,-0.0,-89.997,-89.981,-0.062,-90.09499593640565,49.51387178104448,0.0,0.0,0.0,0.0,9.973638012804367e-05,-13.600457635192198,0.0,0.0,0.0,0.0,4.063594346348509e-06,-0.554128218955519,0.0,-0.0137698,0.0137698,0.0068849,-0.0,-0.8881521,0.034424500000000004,-0.008911843711731999,0.012015384615234,-0.013055677655513999,-0.0008623321123500001,-0.0035873015873760005,0.001500457875489,0.06799999999999784,1.9147949997204705,0.2730349997364101,0.0794809993749368,17.81892799954221
pid,05:10:01.040,152,-89.997,-89.981,-0.062,-90.095,50.048,-0.0,0.0,0.0,0.0,0.0,-0.9862452972157556,0.0,-89.997,-89.981,-0.062,-90.095,50.0,-0.0,-89.997,-89.981,-0.062,-90.09499593640565,49.50382311161089,0.0,0.0,0.0,0.0,0.00010019252022244983,-13.417297425684273,0.0,0.0,0.0,0.0,4.063594346348509e-06,-0.54417688838911,0.0,-0.034424500000000004,0.0413094,0.0206547,-0.0,-0.826188,0.0068849,-0.009119902319787999,0.01248351648336,-0.013281074480908,-0.000327686202693,-0.0033630952381650003,0.001052045177067,0.04800000000000182,1.982147000489931,0.27195999973628204,0.0859989995660726,17.716984999424312
pid,05:10:01.060,153,-89.997,-89.981,-0.062,-90.095,50.031,-0.0,0.0,0.0,0.0,0.0,-0.8413650984697114,0.0,-89.997,-89.981,-0.062,-90.095,50.0,-0.0,-89.997,-89.981,-0.062,-90.09499593640565,49.49529179345894,0.0,0.0,0.0,0.0,0.00010055783685606207,-13.256652586687416,0.0,0.0,0.0,0.0,4.063594346348509e-06,-0.5357082065410594,0.0,0.0,0.034424500000000004,0.0068849,-0.0550792,-1.0809293,-0.0413094,-0.008374358974254,0.012050061049909999,-0.013385103784935999,-0.0009485653235850001,-0.001121031746055,0.001052045177067,0.030999999999998806,1.8774989994199132,0.270904999524646,0.07716599975537974,17.85635399937746
pid,05:10:01.081,154,-89.997,-89.981,-0.062,-90.095,50.012,-0.0,0.0,0.0,0.0,0.0,-0.9367127744604011,0.0,-89.997,-89.981,-0.062,-90.095,50.0,-0.0,-89.997,-89.981,-0.062,-90.09499593640565,49.485779623239516,0.0,0.0,0.0,0.0,0.00010016896657154418,-12.971509186656638,0.0,0.0,0.0,0.0,4.063594346348509e-06,-0.5262203767604845,0.0,-0.0068849,0.0137698,0.0206547,-0.06884900000000001,-0.6609504,0.0068849,-0.008391697191592,0.012518192918035999,-0.013281074480908,-0.001345238095266,-0.002276556776604,0.00051739926741,0.012000000000000455,2.2871250002935994,0.3457550001257914,0.13533199944504304,17.27785999992193
pid,05:10:01.101,155,-89.997,-89.981,-0.062,-90.095,49.995,-0.0,0.0,0.0,0.0,0.0,-0.8405716104543676,0.0,-89.997,-89.981,-0.062,-90.095,50.0,-0.0,-89.997,-89.981,-0.062,-90.09499593640565,49.47728467932272,0.0,0.0,0.0,0.0,0.00010046300116756094,-12.799317672309488,0.0,0.0,0.0,0.0,4.063594346348509e-06,-0.5177153206772758,0.0,0.0137698,0.0619641,0.0481943,-0.0275396,-0.9776558000000001,-0.0,-0.008287667887564,0.012258119657965999,-0.013922588522413999,-0.0019316239316640002,-0.001638431013465,0.001276251526278,0.005000000000002558,1.9127220002701506,0.2870340003937599,0.08066600003076019,17.786391000299773
pid,05:10:01.121,156,-89.997,-89.981,-0.062,-90.095,49.979,-0.0,0.0,0.0,0.0,0.0,-0.7915367939326587,0.0,-89.997,-89.981,-0.062,-90.095,50.0,-0.0,-89.997,-89.981,-0.062,-90.09499593640565,49.46930590385723,0.0,0.0,0.0,0.0,0.00010051513864855799,-12.607550960852986,0.0,0.0,0.0,0.0,4.063594346348509e-06,-0.5096940961427663,0.0,0.0206547,-0.0068849,0.0206547,0.0275396,-0.619641,-0.0137698,-0.008374358974254,0.011807326007178,-0.013801221001048,-0.0023282967033450004,-0.0035700549451290003,0.000275946275952,0.021000000000000796,1.9348140003785375,0.28636799925152445,0.07851800000935327,17.87390899971797
pid,05:10:01.141,157,-89.997,-89.981,-0.062,-90.095,49.964,-0.0,0.0,0.0,0.0,0.0,-0.7381392402093341,0.0,-89.997,-89.981,-0.062,-90.095,50.0,-0.0,-89.997,-89.981,-0.062,-90.09499593640565,49.461842482321735,0.0,0.0,0.0,0.0,9.998328132013858e-05,-12.355405618814066,0.0,0.0,0.0,0.0,4.063594346348509e-06,-0.5021575176782633,0.0,0.0619641,0.0275396,-0.0137698,0.0068849,-0.4544034,0.0275396,-0.00814896214886,0.012518192918035999,-0.014113308913132,-0.0017074175824530002,-0.0036390415141170003,0.001638431013465,0.036000000000001364,2.367623999816715,1.2568949996420997,0.17655400006333366,16.230370999437582
pid,05:10:01.162,158,-89.997,-89.981,-0.062,-90.095,49.954,-0.0,0.0,0.0,0.0,0.0,-0.49609140478067415,0.0,-89.997,-89.981,-0.062,-90.095,50.0,-0.0,-89.997,-89.981,-0.062,-90.09499593640565,49.456888844745635,0.0,0.0,0.0,0.0,0.0001007957112616733,-12.330628567116518,0.0,0.0,0.0,0.0,4.063594346348509e-06,-0.4971111552543661,0.0,-0.034424500000000004,0.0275396,-0.0206547,-0.0206547,-0.6609504,-0.0619641,-0.00814896214886,0.012015384615234,-0.01421733821716,-0.00010347985348200002,-0.0036390415141170003,0.000655372405386,0.045999999999999375,1.8427400000291527,0.3563489999578451,0.09729499925015261,17.79052099936962
pid,05:10:01.182,159,-89.997,-89.981,-0.062,-90.095,49.943,-0.0,0.0,0.0,0.0,0.0,-0.5445412206263845,0.0,-89.997,-89.981,-0.062,-90.095,50.0,-0.0,-89.997,-89.981,-0.062,-90.09499593640565,49.45144641614485,0.0,0.0,0.0,0.0,0.00010058157376091083,-12.166872207076814,0.0,0.0,0.0,0.0,4.063594346348509e-06,-0.4915535838551506,0.0,-0.0068849,0.0,-0.034424500000000004,0.0137698,-0.619641,-0.0206547,-0.008513064712957999,0.011772649572502,-0.013922588522413999,-0.0023282967033450004,-0.0034838217338940005,0.000724358974374,0.05700000000000216,2.093330000207061,0.4605690000971663,0.2239599998574704,17.21673100018961
pid,05:10:01.202,160,-89.997,-89.981,-0.062,-90.095,49.929,-0.0,0.0,0.0,0.0,0.0,-0.6934043739074955,0.0,-89.997,-89.981,-0.062,-90.095,50.0,-0.0,-89.997,-89.981,-0.062,-90.09499593640565,49.44451809149313,0.0,0.0,0.0,0.0,0.00010063264607293813,-11.99792408706487,0.0,0.0,0.0,0.0,4.063594346348509e-06,-0.4844819085068721,0.0,-0.0137698,0.0068849,-0.034424500000000004,0.06884900000000001,-0.4544034,-0.0068849,-0.008686446886338,0.012518192918035999,-0.014858852258665999,-3.4493284494e-05,-0.004225427350515,0.0019316239316640002,0.07099999999999795,1.9662580007206998,0.4637729998648865,0.210628000786528,17.438081000364036
pid,05:10:01.222,161,-89.997,-89.981,-0.062,-90.095,49.917,-0.0,0.0,0.0,0.0,0.0,-0.5865202414524658,0.0,-89.997,-89.981,-0.062,-90.095,50.0,-0.0,-89.997,-89.981,-0.062,-90.09499593640565,49.43860299904871,0.0,0.0,0.0,0.0,9.93075139259409e-05,-11.691230187836497,0.0,0.0,0.0,0.0,4.063594346348509e-06,-0.4783970009512899,0.0,-0.0068849,-0.0206547,-0.0206547,-0.0137698,-0.8674974,-0.034424500000000004,-0.008374358974254,0.011807326007178,-0.014113308913132,-0.0008623321123500001,-0.0026732295482850004,0.000655372405386,0.08299999999999841,2.166588999898522,0.4782169999089092,0.152776000504673,17.202879000251414
pid,05:10:01.243,162,-89.997,-89.981,-0.062,-90.095,49.907,-0.0,0.0,0.0,0.0,0.0,-0.4945121850574939,0.0,-89.997,-89.981,-0.062,-90.095,50.0,-0.0,-89.997,-89.981,-0.062,-90.09499593640565,49.43369703110981,0.0,0.0,0.0,0.0,0.0001004748458450628,-11.70270426699831,0.0,0.0,0.0,0.0,4.063594346348509e-06,-0.47330296889018797,0.0,0.0275396,0.0826188,0.0068849,0.0895037,-0.6816051000000001,-0.0481943,-0.00936263736252,0.012258119657965999,-0.013922588522413999,-0.002017857142899,-0.0035183150183880005,0.00044841269842200006,0.09300000000000352,2.487195999492542,0.512921000336064,0.16825700004119426,16.880938000213064
pid,05:10:01.263,163,-89.997,-89.981,-0.062,-90.095,49.892,-0.0,0.0,0.0,0.0,0.0,-0.742030735843615,0.0,-89.997,-89.981,-0.062,-90.095,50.0,-0.0,-89.997,-89.981,-0.062,-90.09499593640565,49.42630619100857,0.0,0.0,0.0,0.0,0.00010051039664147442,-11.51863732546266,0.0,0.0,0.0,0.0,4.063594346348509e-06,-0.465693808991432,0.0,0.0068849,0.0481943,-0.0413094,-0.06884900000000001,-0.7229145,-0.0137698,-0.008287667887564,0.013038339438176,-0.013159706959542,-0.0017074175824530002,-0.0030526556777190003,0.001121031746055,0.10799999999999699,2.5242890005756635,0.43505099984031403,0.23638599941477878,16.82284599974082
pid,05:10:01.283,164,-89.997,-89.981,-0.062,-90.095,49.875,-0.0,0.0,0.0,0.0,0.0,-0.8407698421122388,0.0,-89.997,-89.981,-0.062,-90.095,50.0,-0.0,-89.997,-89.981,-0.062,-90.09499593640565,49.41793256328631,0.0,0.0,0.0,0.0,0.0001004866933158901,-11.302603429422092,0.0,0.0,0.0,0.0,4.063594346348509e-06,-0.4570674367136931,0.0,0.0,0.0068849,-0.0137698,0.0413094,-1.1222387,-0.0068849,-0.00797557997548,0.012795604395443999,-0.013922588522413999,-0.001483211233242,-0.0019143772894170002,0.000724358974374,0.125,2.414475000477978,0.46088399994914653,0.1957019994733855,16.946603000178584
pid,05:10:01.303,165,-89.997,-89.981,-0.062,-90.095,49.862,-0.0,0.0,0.0,0.0,0.0,-0.6422373616017919,0.0,-89.997,-89.981,-0.062,-90.095,50.0,-0.0,-89.997,-89.981,-0.062,-90.09499593640565,49.41157223127413,0.0,0.0,0.0,0.0,0.0001003766195528939,-11.126213145335704,0.0,0.0,0.0,0.0,4.063594346348509e-06,-0.45042776872587353,0.0,-0.034424500000000004,-0.0068849,0.0275396,0.0550792,-0.7711088,0.0206547,-0.00814896214886,0.011980708180558,-0.01421733821716,-0.000638125763139,-0.002655982906038,0.001121031746055,0.13799999999999812,3.599351999582723,1.2741160007863073,0.11864700081787305,15.041790999930527
pid,05:10:01.323,166,-89.997,-89.981,-0.062,-90.095,49.843,-0.0,0.0,0.0,0.0,0.0,-0.9424064709916167,0.0,-89.997,-89.981,-0.062,-90.095,50.0,-0.0,-89.997,-89.981,-0.062,-90.09499593640565,49.402230496316434,0.0,0.0,0.0,0.0,0.00010077783165063139,-10.931158749663005,0.0,0.0,0.0,0.0,4.063594346348509e-06,-0.44076950368356904,0.0,-0.0206547,-0.0137698,-0.0826188,-0.0413094,-1.0189652,0.0275396,-0.008513064712957999,0.012327472527317999,-0.013489133088964,-0.001483211233242,-0.0016901709402060002,0.000810592185609,0.15699999999999648,3.427742999519978,1.258172000234481,0.11203600024600746,15.235973999551788
pid,05:10:01.344,167,-89.997,-89.981,-0.062,-90.095,49.825,-0.0,0.0,0.0,0.0,0.0,-0.88751642254253,0.0,-89.997,-89.981,-0.062,-90.095,50.0,-0.0,-89.997,-89.981,-0.062,-90.09499593640565,49.393407957821374,0.0,0.0,0.0,0.0,0.0001001807420125631,-10.640139590894158,0.0,0.0,0.0,0.0,4.063594346348509e-06,-0.4315920421786288,0.0,-0.0275396,0.0413094,-0.0275396,0.0206547,-0.8468427000000001,0.0206547,-0.008911843711731999,0.011304517704376,-0.013385103784935999,-0.001396978022007,-0.002207570207616,0.000810592185609,0.17499999999999716,3.63927699982014,0.8495470001435024,0.10759100041468628,15.372415999991063
pid,05:10:01.364,168,-89.997,-89.981,-0.062,-90.095,49.807,-0.0,0.0,0.0,0.0,0.0,-0.8928589235663855,0.0,-89.997,-89.981,-0.062,-90.095,50.0,-0.0,-89.997,-89.981,-0.062,-90.09499593640565,49.38460250143337,0.0,0.0,0.0,0.0,0.00010078379081614404,-10.476149330203315,0.0,0.0,0.0,0.0,4.063594346348509e-06,-0.42239749856663167,0.0,0.0068849,-0.0413094,0.0275396,-0.0206547,-0.8055333,-0.0206547,-0.009067887667774,0.012050061049909999,-0.013489133088964,-0.000327686202693,-0.002449023199074,0.001121031746055,0.19299999999999784,4.254918999322399,0.2869039999495726,0.1080169995475444,15.389454000796832
pid,05:10:01.384,169,-89.997,-89.981,-0.062,-90.095,49.788,-0.0,0.0,0.0,0.0,0.0,-0.9310439516791233,0.0,-89.997,-89.981,-0.062,-90.095,50.0,-0.0,-89.997,-89.981,-0.062,-90.09499593640565,49.37531881775188,0.0,0.0,0.0,0.0,9.956276140898535e-05,-10.111166281678575,0.0,0.0,0.0,0.0,4.063594346348509e-06,-0.41268118224811445,0.0,-0.0206547,-0.06884900000000001,-0.034424500000000004,-0.0275396,-0.9225766000000001,0.0068849,-0.008599755799648,0.01283028083012,-0.013922588522413999,-0.0027767094017670003,-0.001327991453019,0.001190018315043,0.2120000000000033,4.037570000036794,0.2883120005208184,0.10664700039342279,15.61933900029544
pid,05:10:01.405,170,-89.997,-89.981,-0.062,-90.095,49.773,-0.0,0.0,0.0,0.0,0.0,-0.728557234670518,0.0,-89.997,-89.981,-0.062,-90.095,50.0,-0.0,-89.997,-89.981,-0.062,-90.09499593640565,49.36805249877501,0.0,0.0,0.0,0.0,9.86853685373249e-05,-9.834247722644928,0.0,0.0,0.0,0.0,4.063594346348509e-06,-0.4049475012249957,0.0,0.0137698,0.0,-0.0757339,-0.0,-0.5576769,-0.0137698,-0.008114285714183999,0.012015384615234,-0.01369719169702,-0.00224206349211,-0.002862942613002,0.000586385836398,0.22699999999999676,3.578278000532009,0.2860889999283245,0.10857300003408454,16.165946000000986
pid,05:10:01.426,171,-89.997,-89.981,-0.062,-90.095,49.753,-0.0,0.0,0.0,0.0,0.0,-0.9693666293032243,0.0,-89.997,-89.981,-0.062,-90.095,50.0,-0.0,-89.997,-89.981,-0.062,-90.09499593640565,49.358307304327965,0.0,0.0,0.0,0.0,9.847781873696444e-05,-9.565048200353601,0.0,0.0,0.0,0.0,4.063594346348509e-06,-0.3946926956720347,0.0,0.0206547,-0.0481943,0.0137698,0.0413094,-0.7711088,0.0275396,-0.009518681318561999,0.011737973137826,-0.013922588522413999,-0.001086538461561,-0.002966422466484,0.001500457875489,0.2469999999999999,3.2900590003919206,0.3983110000262968,0.1332949996140087,16.22390800002904
pid,05:10:01.446,172,-89.997,-89.981,-0.062,-90.095,49.739,-0.0,0.0,0.0,0.0,0.0,-0.6885987217826111,0.0,-89.997,-89.981,-0.062,-90.095,50.0,-0.0,-89.997,-89.981,-0.062,-90.09499593640565,49.351572625761506,0.0,0.0,0.0,0.0,9.993520961642559e-05,-9.527928381577208,0.0,0.0,0.0,0.0,4.063594346348509e-06,-0.3874273742384915,0.0,-0.034424500000000004,-0.0068849,-0.0481943,0.0619641,-0.6402957,-0.0206547,-0.008374358974254,0.012518192918035999,-0.014113308913132,-0.00041391941392800006,-0.001241758241784,0.001327991453019,0.2610000000000028,3.467298000032315,0.2944790003311937,0.12672100001509534,16.165686000022106
pid,05:10:01.466,173,-89.997,-89.981,-0.062,-90.095,49.726,-0.0,0.0,0.0,0.0,0.0,-0.6411122059047388,0.0,-89.997,-89.981,-0.062,-90.095,50.0,-0.0,-89.997,-89.981,-0.062,-90.09499593640565,49.345350424247265,0.0,0.0,0.0,0.0,0.0001002007666173699,-9.386118814906682,0.0,0.0,0.0,0.0,4.063594346348509e-06,-0.3806495757527344,0.0,0.034424500000000004,-0.0206547,-0.0,-0.0068849,-0.3304752,0.0068849,-0.008287667887564,0.012119413919261999,-0.014460073259891999,-0.00224206349211,-0.0029146825397430003,0.00120726495729,0.2740000000000009,4.48276800034364,0.325533999784966,0.13862800005881581,15.107085999261471
pid,05:10:01.486,174,-89.997,-89.981,-0.062,-90.095,49.712,-0.0,0.0,0.0,0.0,0.0,-0.6908102868165732,0.0,-89.997,-89.981,-0.062,-90.095,50.0,-0.0,-89.997,-89.981,-0.062,-90.09499593640565,49.338642255454545,0.0,0.0,0.0,0.0,0.00010025617044352711,-9.211406092668442,0.0,0.0,0.0,0.0,4.063594346348509e-06,-0.37335774454545856,0.0,0.0275396,0.0,0.0068849,-0.0,-0.3029356,0.0137698,-0.00814896214886,0.012015384615234,-0.012968986568824,-0.001638431013465,-0.0022938034188510004,0.000362179487187,0.2879999999999967,2.2047180000299704,0.2999050002472359,0.11092400018242188,17.450765999456053
pid,05:10:01.507,175,-89.997,-89.981,-0.062,-90.095,49.704,-0.0,0.0,0.0,0.0,0.0,-0.39552580892333594,0.0,-89.997,-89.981,-0.062,-90.095,50.0,-0.0,-89.997,-89.981,-0.062,-90.09499593640565,49.33494160380888,0.0,0.0,0.0,0.0,0.00010045352743608997,-9.123257543337068,0.0,0.0,0.0,0.0,4.063594346348509e-06,-0.3690583961911216,0.0,-0.0206547,0.0206547,-0.0068849,0.0757339,-0.3580148,0.0137698,-0.008530402930296,0.012292796092642,-0.013679853479682,-0.0019316239316640002,-0.003242368742436,0.000724358974374,0.2959999999999994,2.906581999923219,0.28783099969587056,0.10799899973790161,16.75379099924612
pid,05:10:01.527,176,-89.997,-89.981,-0.062,-90.095,49.698,-0.0,0.0,0.0,0.0,0.0,-0.29681579506051653,0.0,-89.997,-89.981,-0.062,-90.095,50.0,-0.0,-89.997,-89.981,-0.062,-90.09499593640565,49.33224684362936,0.0,0.0,0.0,0.0,0.00010051158210129846,-9.046776158670063,0.0,0.0,0.0,0.0,4.063594346348509e-06,-0.3657531563706371,0.0,-0.0481943,0.0,0.0068849,0.0137698,-0.48882790000000004,-0.0,-0.008443711843605999,0.012587545787387999,-0.013801221001048,-0.0017074175824530002,-0.0027767094017670003,0.001121031746055,0.3019999999999996,2.8547669999170466,0.2814600002238876,0.1094250001187902,16.815642000437947
pid,05:10:01.547,177,-89.997,-89.981,-0.062,-90.095,49.692,-0.0,0.0,0.0,0.0,0.0,-0.29466797808066314,0.0,-89.997,-89.981,-0.062,-90.095,50.0,-0.0,-89.997,-89.981,-0.062,-90.09499593640565,49.32956041689444,0.0,0.0,0.0,0.0,9.978426069084226e-05,-8.899944927509248,0.0,0.0,0.0,0.0,4.063594346348509e-06,-0.36243958310556224,0.0,-0.034424500000000004,-0.0206547,0.0413094,-0.0,-0.48882790000000004,-0.0,-0.008599755799648,0.011928693528543999,-0.014130647130469999,-0.0009485653235850001,-0.0030526556777190003,0.000810592185609,0.30799999999999983,2.568437000263657,0.2851819999705185,0.10303599992766976,17.228396999598772
pid,05:10:01.568,178,-89.997,-89.981,-0.062,-90.095,49.683,-0.0,0.0,0.0,0.0,0.0,-0.43452282616204424,0.0,-89.997,-89.981,-0.062,-90.095,50.0,-0.0,-89.997,-89.981,-0.062,-90.09499593640565,49.325388708048344,0.0,0.0,0.0,0.0,9.809580541981136e-05,-8.632792735904868,0.0,0.0,0.0,0.0,4.063594346348509e-06,-0.3576112919516561,0.0,0.0206547,0.06884900000000001,0.034424500000000004,-0.0619641,-0.3511299,-0.0,-0.008374358974254,0.011807326007178,-0.013593162392991999,-0.0023282967033450004,-0.003914987790069001,0.0009658119658320001,0.31700000000000017,2.0255909994375543,0.3750710002350388,0.09868399956758367,17.573690000062925
pid,05:10:01.588,179,-89.997,-89.981,-0.062,-90.095,49.674,-0.0,0.0,0.0,0.0,0.0,-0.4448983594192135,0.0,-89.997,-89.981,-0.062,-90.095,50.0,-0.0,-89.997,-89.981,-0.062,-90.09499593640565,49.321218446283815,0.0,0.0,0.0,0.0,0.00010043813643268777,-8.719551915649152,0.0,0.0,0.0,0.0,4.063594346348509e-06,-0.35278155371618425,0.0,0.0068849,0.0,-0.0206547,0.0550792,-0.3304752,-0.0068849,-0.008374358974254,0.012084737484586,-0.013489133088964,-0.002017857142899,-0.0038460012210810002,0.001121031746055,0.3260000000000005,1.928535999468295,0.28045999988535186,0.09262900039175292,17.7442060003159
pid,05:10:01.608,180,-89.997,-89.981,-0.062,-90.095,49.665,-0.0,0.0,0.0,0.0,0.0,-0.4457810108644477,0.0,-89.997,-89.981,-0.062,-90.095,50.0,-0.0,-89.997,-89.981,-0.062,-90.09499593640565,49.31705661681223,0.0,0.0,0.0,0.0,0.00010063739962258729,-8.617030726724124,0.0,0.0,0.0,0.0,4.063594346348509e-06,-0.3479433831877685,0.0,0.0068849,0.0068849,-0.0068849,-0.06884900000000001,-0.3924393,-0.0068849,-0.008374358974254,0.011772649572502,-0.013159706959542,-0.001259004884031,-0.0037942612943400005,0.001052045177067,0.33500000000000085,1.8858139992516953,0.28329399992799154,0.08961000003182562,17.79572499981441
pid,05:10:01.629,181,-89.997,-89.981,-0.062,-90.095,49.659,-0.0,0.0,0.0,0.0,0.0,-0.2954914402461188,0.0,-89.997,-89.981,-0.062,-90.095,50.0,-0.0,-89.997,-89.981,-0.062,-90.09499593640565,49.3144028197341,0.0,0.0,0.0,0.0,0.00010006311204049377,-8.485459758459932,0.0,0.0,0.0,0.0,4.063594346348509e-06,-0.34459718026590025,0.0,0.0,0.0,0.0481943,-0.0068849,-0.6058712,-0.0068849,-0.007906227106128,0.011737973137826,-0.014026617826442,-0.001396978022007,-0.002655982906038,0.000810592185609,0.3410000000000011,1.8976660003318102,0.288033999822801,0.09451799996895716,17.778168999939226
pid,05:10:01.649,182,-89.997,-89.981,-0.062,-90.095,49.653,-0.0,0.0,0.0,0.0,0.0,-0.29678429152663427,0.0,-89.997,-89.981,-0.062,-90.095,50.0,-0.0,-89.997,-89.981,-0.062,-90.09499593640565,49.31175357953835,0.0,0.0,0.0,0.0,0.0001005009139694639,-8.439714761059005,0.0,0.0,0.0,0.0,4.063594346348509e-06,-0.3412464204616512,0.0,0.0,0.0,-0.0068849,0.0068849,-0.7091447000000001,0.0068849,-0.008599755799648,0.012206105005952,-0.013281074480908,-0.0023282967033450004,-0.0025007631258150004,0.001345238095266,0.3470000000000013,1.8965359995490871,0.27699700058292365,0.08375899960810784,17.794520999814267
pid,05:10:01.669,183,-89.997,-89.981,-0.062,-90.095,49.644,-0.0,0.0,0.0,0.0,0.0,-0.4459916824196766,0.0,-89.997,-89.981,-0.062,-90.095,50.0,-0.0,-89.997,-89.981,-0.062,-90.09499593640565,49.30761277906227,0.0,0.0,0.0,0.0,0.00010068495983034845,-8.334772367249503,0.0,0.0,0.0,0.0,4.063594346348509e-06,-0.33638722093773055,0.0,-0.0137698,0.0068849,0.0068849,-0.0068849,-0.4406336,-0.034424500000000004,-0.008513064712957999,0.012015384615234,-0.014026617826442,-0.000724358974374,-0.002966422466484,0.001414224664254,0.35600000000000165,1.9743680004467024,0.2751830006673117,0.09122100073000183,22.414954999476322
pid,05:10:01.694,184,-89.997,-89.981,-0.062,-90.095,49.63,-0.0,0.0,0.0,0.0,0.0,-0.5618948174230877,0.0,-89.997,-89.981,-0.062,-90.095,50.0,-0.0,-89.997,-89.981,-0.062,-90.09499593640565,49.30107371942329,0.0,0.0,0.0,0.0,8.154687858876878e-05,-6.600784727512846,0.0,0.0,0.0,0.0,4.063594346348509e-06,-0.3289262805767095,0.0,-0.0275396,-0.0413094,-0.0068849,0.0068849,-0.2960507,-0.0206547,-0.008963858363746,0.012292796092642,-0.013922588522413999,-0.0019316239316640002,-0.004363400488491,0.001121031746055,0.36999999999999744,2.1377369994297624,0.33971799985010875,0.1319620005233446,17.439264999666193
pid,05:10:01.714,185,-89.997,-89.981,-0.062,-90.095,49.619,-0.0,0.0,0.0,0.0,0.0,-0.5439441641123755,0.0,-89.997,-89.981,-0.062,-90.095,50.0,-0.0,-89.997,-89.981,-0.062,-90.09499593640565,49.2959589611702,0.0,0.0,0.0,0.0,0.00010047129214855802,-7.987103992737555,0.0,0.0,0.0,0.0,4.063594346348509e-06,-0.32304103882979973,0.0,0.034424500000000004,-0.0068849,-0.0,0.0137698,-0.4406336,-0.0068849,-0.008513064712957999,0.011737973137826,-0.013055677655513999,-0.00155219780223,-0.0036045482296230003,0.001190018315043,0.3810000000000002,1.9912019997718744,0.28244099939911393,0.09996199969464215,17.684465999991517
pid,05:10:01.734,186,-89.997,-89.981,-0.062,-90.095,49.612,-0.0,0.0,0.0,0.0,0.0,-0.34632185616371397,0.0,-89.997,-89.981,-0.062,-90.095,50.0,-0.0,-89.997,-89.981,-0.062,-90.09499593640565,49.29285108196068,0.0,0.0,0.0,0.0,0.00010052225249820932,-7.8948746920037465,0.0,0.0,0.0,0.0,4.063594346348509e-06,-0.31914891803932477,0.0,-0.0481943,-0.0413094,0.0137698,0.0068849,-0.6540655,0.034424500000000004,-0.008287667887564,0.011807326007178,-0.013159706959542,-0.0009485653235850001,-0.002207570207616,0.001414224664254,0.3879999999999981,2.0022939997943467,0.28349700005492195,0.09892499929264886,17.680355999800668
pid,05:10:01.755,187,-89.997,-89.981,-0.062,-90.095,49.603,-0.0,0.0,0.0,0.0,0.0,-0.44513444099856647,0.0,-89.997,-89.981,-0.062,-90.095,50.0,-0.0,-89.997,-89.981,-0.062,-90.09499593640565,49.28875242138434,0.0,0.0,0.0,0.0,0.00010049143308657349,-7.771245569012902,0.0,0.0,0.0,0.0,4.063594346348509e-06,-0.31424757861566377,0.0,0.0,-0.0206547,0.0068849,-0.0068849,-0.4406336,0.0275396,-0.008305006104902,0.012344810744656,-0.012968986568824,-0.0008623321123500001,-0.0033803418804120005,0.001431471306501,0.39699999999999847,1.9594980003603268,0.2784409998639603,0.08935099958762294,17.735354999786068
pid,05:10:01.775,188,-89.997,-89.981,-0.062,-90.095,49.591,-0.0,0.0,0.0,0.0,0.0,-0.5937436357202065,0.0,-89.997,-89.981,-0.062,-90.095,50.0,-0.0,-89.997,-89.981,-0.062,-90.09499593640565,49.28316573107767,0.0,0.0,0.0,0.0,0.00010053055326224716,-7.615609917883695,0.0,0.0,0.0,0.0,4.063594346348509e-06,-0.3078342689223277,0.0,0.034424500000000004,0.0550792,-0.0068849,0.0275396,-0.3373601,0.0068849,-0.008738461538352,0.012084737484586,-0.013801221001048,-0.000724358974374,-0.002828449328508,0.0009658119658320001,0.4089999999999989,1.953480000338459,0.27329300064593554,0.08788800005277153,17.750947999957134
pid,05:10:01.795,189,-89.997,-89.981,-0.062,-90.095,49.58,-0.0,0.0,0.0,0.0,0.0,-0.544187964426549,0.0,-89.997,-89.981,-0.062,-90.095,50.0,-0.0,-89.997,-89.981,-0.062,-90.09499593640565,49.278090216761115,0.0,0.0,0.0,0.0,0.00010051632422024359,-7.467985017326765,0.0,0.0,0.0,0.0,4.063594346348509e-06,-0.30190978323888373,0.0,0.0206547,0.0137698,-0.0068849,-0.0413094,-0.4544034,-0.0068849,-0.008825152625042,0.011980708180558,-0.014650793650609999,-0.001483211233242,-0.0033803418804120005,0.0009658119658320001,0.4200000000000017,1.9498870005918434,0.273200999799883,0.08568399971409235,17.753446999449807
pid,05:10:01.815,190,-89.997,-89.981,-0.062,-90.095,49.572,-0.0,0.0,0.0,0.0,0.0,-0.3958617793138681,0.0,-89.997,-89.981,-0.062,-90.095,50.0,-0.0,-89.997,-89.981,-0.062,-90.09499593640565,49.27452269094515,0.0,0.0,0.0,0.0,0.00010053885539729236,-7.359993554251294,0.0,0.0,0.0,0.0,4.063594346348509e-06,-0.29747730905485525,0.0,-0.0068849,-0.0481943,-0.0,0.0068849,-0.6678353,0.0068849,-0.008443711843605999,0.011980708180558,-0.013489133088964,-0.001259004884031,-0.0017591575091940002,0.001345238095266,0.42799999999999727,2.0899229994029156,0.27760899956774665,0.09653600045567146,17.58659700044518
pid,05:10:01.836,191,-89.997,-89.981,-0.062,-90.095,49.564,-0.0,0.0,0.0,0.0,0.0,-0.39417371895791187,0.0,-89.997,-89.981,-0.062,-90.095,50.0,-0.0,-89.997,-89.981,-0.062,-90.09499593640565,49.27096513546038,0.0,0.0,0.0,0.0,0.00010011013086531368,-7.219165146242038,0.0,0.0,0.0,0.0,4.063594346348509e-06,-0.2930348645396208,0.0,-0.0137698,0.0206547,-0.0481943,-0.0413094,-0.6127561,0.0413094,-0.008686446886338,0.011807326007178,-0.013801221001048,-0.0008623321123500001,-0.003173382173448,0.001121031746055,0.43599999999999994,1.9681280000440893,0.2722569997786195,0.08618399988336023,17.738835999807634
pid,05:10:01.856,192,-89.997,-89.981,-0.062,-90.095,49.552,-0.0,0.0,0.0,0.0,0.0,-0.5933027006000249,0.0,-89.997,-89.981,-0.062,-90.095,50.0,-0.0,-89.997,-89.981,-0.062,-90.09499593640565,49.26541819255876,0.0,0.0,0.0,0.0,0.0001004558957014451,-7.084573345738087,0.0,0.0,0.0,0.0,4.063594346348509e-06,-0.2865818074412374,0.0,0.0,0.0,-0.0068849,-0.0550792,-0.4544034,0.0206547,-0.008599755799648,0.012050061049909999,-0.013385103784935999,-0.001638431013465,-0.002897435897496,0.000293192918199,0.4480000000000004,2.1069969998279703,0.2740159998211311,0.09138799941865727,17.57070800067595
pid,05:10:01.876,193,-89.997,-89.981,-0.062,-90.095,49.538,-0.0,0.0,0.0,0.0,0.0,-0.6938632131210966,0.0,-89.997,-89.981,-0.062,-90.095,50.0,-0.0,-89.997,-89.981,-0.062,-90.09499593640565,49.2588842786603,0.0,0.0,0.0,0.0,0.00010069923665974255,-6.916718972904903,0.0,0.0,0.0,0.0,4.063594346348509e-06,-0.2791157213397,0.0,-0.0206547,-0.0619641,-0.034424500000000004,-0.0619641,-0.6540655,-0.034424500000000004,-0.008513064712957999,0.011772649572502,-0.013159706959542,-0.0023282967033450004,-0.0017074175824530002,0.0008968253968440001,0.4620000000000033,1.8754060001811013,0.41899600000760984,0.09114700060308678,19.942091000302753
pid,05:10:01.898,194,-89.997,-89.981,-0.062,-90.095,49.516,-0.0,0.0,0.0,0.0,0.0,-0.9784292909477734,0.0,-89.997,-89.981,-0.062,-90.095,50.0,-0.0,-89.997,-89.981,-0.062,-90.09499593640565,49.24842841609049,0.0,0.0,0.0,0.0,9.036226659216715e-05,-5.949997161872121,0.0,0.0,0.0,0.0,4.063594346348509e-06,-0.26757158390950764,0.0,-0.0137698,0.0,0.0206547,0.0068849,-0.7366843000000001,0.0068849,-0.008443711843605999,0.012518192918035999,-0.01369719169702,-0.001172771672796,-0.001448717948748,0.001052045177067,0.48400000000000176,2.7202319997741142,0.3193120001014904,0.13596100052382099,16.862696999851323
pid,05:10:01.919,195,-89.997,-89.981,-0.062,-90.095,49.5,-0.0,0.0,0.0,0.0,0.0,-0.7912941315189733,0.0,-89.997,-89.981,-0.062,-90.095,50.0,-0.0,-89.997,-89.981,-0.062,-90.09499593640565,49.24093391712236,0.0,0.0,0.0,0.0,0.00010048432359821118,-6.406170970521992,0.0,0.0,0.0,0.0,4.063594346348509e-06,-0.2590660828776379,0.0,-0.0481943,0.034424500000000004,0.0413094,-0.0068849,-0.4406336,-0.0481943,-0.008218315018212,0.012552869352712,-0.014113308913132,-0.001172771672796,-0.0018281440781820002,0.0018108974359350002,0.5,2.0831270003327518,0.29805299982399447,0.11986900062765926,17.552059999616176
pid,05:10:01.939,196,-89.997,-89.981,-0.062,-90.095,49.489,-0.0,0.0,0.0,0.0,0.0,-0.5442393186591606,0.0,-89.997,-89.981,-0.062,-90.095,50.0,-0.0,-89.997,-89.981,-0.062,-90.09499593640565,49.235950325971125,0.0,0.0,0.0,0.0,0.00010052580980065458,-6.25998100819823,0.0,0.0,0.0,0.0,4.063594346348509e-06,-0.2530496740288726,0.0,-0.034424500000000004,-0.0206547,0.0137698,0.0826188,-0.2409715,-0.0206547,-0.008825152625042,0.012552869352712,-0.013159706959542,-0.001638431013465,-0.0017591575091940002,0.000741605616621,0.5110000000000028,1.973349999389029,0.27740400037146173,0.08946200068749022,17.721317999530584
pid,05:10:01.959,197,-89.997,-89.981,-0.062,-90.096,49.482,-0.0,0.0,0.0,0.0,-0.049476301696511044,-0.3463341118738196,0.0,-89.997,-89.981,-0.062,-90.095,50.0,-0.0,-89.997,-89.981,-0.062,-90.09549492582083,49.232973808913705,0.0,0.0,0.0,0.0,0.012494601233928534,-6.160447480229775,0.0,0.0,0.0,0.0,0.0005050741791734481,-0.2490261910862941,0.0,-0.0413094,0.0137698,0.0275396,-0.0275396,-0.4337487,0.0068849,-0.008911843711731999,0.012518192918035999,-0.013159706959542,-0.000638125763139,-0.002138583638628,0.000724358974374,0.5180009652500667,1.87398099933489,0.272275000497757,0.0824249991637771,17.828613000347104
pid,05:10:01.979,198,-89.997,-89.981,-0.062,-90.095,49.474,-0.0,0.0,0.0,0.0,0.04938774933495075,-0.3951019946778514,0.0,-89.997,-89.981,-0.062,-90.095,50.0,-0.0,-89.997,-89.981,-0.062,-90.09499492582083,49.22950632963705,0.0,0.0,0.0,0.0,0.0001253011445264208,-6.037496052904837,0.0,0.0,0.0,0.0,5.074179171060678e-06,-0.24449367036294944,0.0,0.0137698,-0.0137698,-0.0206547,-0.0413094,-0.4957128,-0.0068849,-0.009223931623816,0.012518192918035999,-0.014113308913132,-0.0017074175824530002,-0.0019661172161580002,0.001121031746055,0.5260000000000034,1.8846840002879617,0.27344099999027094,0.08438799977739109,17.81081700028153
pid,05:10:02.000,199,-89.997,-89.981,-0.062,-90.095,49.465,-0.0,0.0,0.0,0.0,0.0,-0.4454811475503219,0.0,-89.997,-89.981,-0.062,-90.095,50.0,-0.0,-89.997,-89.981,-0.062,-90.09499492582083,49.225546756546976,0.0,0.0,0.0,0.0,0.0001255806200367114,-5.926216982121188,0.0,0.0,0.0,0.0,5.074179171060678e-06,-0.23945324345302765,0.0,0.0275396,-0.0206547,0.0275396,0.0206547,-0.3786695,-0.0206547,-0.008287667887564,0.012084737484586,-0.014113308913132,-0.0008623321123500001,-0.0018281440781820002,0.0009658119658320001,0.5349999999999966,2.203625999754877,0.27947899980063085,0.10168399967369623,17.492375999609067
pid,05:10:02.020,200,-89.997,-89.981,-0.062,-90.095,49.456,-0.0,0.0,0.0,0.0,0.0,-0.44479351463450806,0.0,-89.997,-89.981,-0.062,-90.095,50.0,-0.0,-89.997,-89.981,-0.062,-90.09499492582083,49.22159712428379,0.0,0.0,0.0,0.0,0.00012538677711329137,-5.79227105168029,0.0,0.0,0.0,0.0,5.074179171060678e-06,-0.23440287571621354,0.0,-0.0068849,0.0137698,-0.0275396,0.0068849,-0.14458290000000001,-0.0068849,-0.008530402930296,0.012587545787387999,-0.013489133088964,-0.001172771672796,-0.00327686202693,0.00051739926741,0.5439999999999969,2.8617670004678075,0.2979040000354871,0.12014700041618198,16.758920999563998
pid,05:10:02.040,201,-89.997,-89.981,-0.062,-90.095,49.451,-0.0,0.0,0.0,0.0,0.0,-0.24534119491349604,0.0,-89.997,-89.981,-0.062,-90.095,50.0,-0.0,-89.997,-89.981,-0.062,-90.09499492582083,49.21965654929209,0.0,0.0,0.0,0.0,0.00012449051813955255,-5.6758078632061695,0.0,0.0,0.0,0.0,5.074179171060678e-06,-0.23134345070791085,0.0,0.0068849,0.0,-0.0,-0.034424500000000004,-0.1032735,0.0275396,-0.008443711843605999,0.01283028083012,-0.01369719169702,-0.001638431013465,-0.0031906288156950003,0.001190018315043,0.5489999999999995,1.8823139998858096,0.27210799999011215,0.0770920005379594,17.83633600007306
pid,05:10:02.060,202,-89.997,-89.981,-0.062,-90.095,49.448,-0.0,0.0,0.0,0.0,0.0,-0.14809001035684582,0.0,-89.997,-89.981,-0.062,-90.095,50.0,-0.0,-89.997,-89.981,-0.062,-90.09499492582083,49.21871566870737,0.0,0.0,0.0,0.0,0.00012523920770232103,-5.659119832631106,0.0,0.0,0.0,0.0,5.074179171060678e-06,-0.22928433129263226,0.0,0.0275396,0.0137698,0.0206547,-0.0481943,-0.0619641,-0.06884900000000001,-0.009137240537126,0.011842002441854,-0.013593162392991999,-0.0009485653235850001,-0.0025697496948030004,0.001345238095266,0.5519999999999996,2.0001640004920773,4.660081999645627,0.25444199945923174,13.798820999909367
pid,05:10:02.081,203,-89.997,-89.981,-0.062,-90.095,49.446,-0.0,0.0,0.0,0.0,0.0,-0.09559776179797208,0.0,-89.997,-89.981,-0.062,-90.095,50.0,-0.0,-89.997,-89.981,-0.062,-90.09499492582083,49.218295180182935,0.0,0.0,0.0,0.0,0.00012127004296403165,-5.44201778127383,0.0,0.0,0.0,0.0,5.074179171060678e-06,-0.22770481981706325,0.0,-0.0275396,0.0550792,-0.0206547,-0.0275396,-0.1239282,-0.0757339,-0.008443711843605999,0.011737973137826,-0.013801221001048,-0.001483211233242,-0.003035409035472,0.0008278388278560001,0.554000000000002,2.055349000329443,0.40836700009094784,0.1324620006926125,17.455895000239252
pid,05:10:02.102,204,-89.997,-89.981,-0.062,-90.095,49.444,-0.0,0.0,0.0,0.0,0.0,-0.09889427520490014,0.0,-89.997,-89.981,-0.062,-90.095,50.0,-0.0,-89.997,-89.981,-0.062,-90.09499492582083,49.21785739675093,0.0,0.0,0.0,0.0,0.00012545181788233063,-5.591052210329647,0.0,0.0,0.0,0.0,5.074179171060678e-06,-0.2261426032490732,0.0,-0.0137698,0.0550792,-0.0137698,-0.0550792,-0.1652376,0.034424500000000004,-0.00814896214886,0.012552869352712,-0.01369719169702,-0.0019316239316640002,-0.0035873015873760005,0.001052045177067,0.5559999999999974,1.934461999553605,0.35810699955618475,0.11673999961203663,17.633689999456692
pid,05:10:02.122,205,-89.997,-89.981,-0.062,-90.095,49.441,-0.0,0.0,0.0,0.0,0.0,-0.1487570430444451,0.0,-89.997,-89.981,-0.062,-90.095,50.0,-0.0,-89.997,-89.981,-0.062,-90.09499492582083,49.21692106754112,0.0,0.0,0.0,0.0,0.00012580331493079093,-5.555553233522904,0.0,0.0,0.0,0.0,5.074179171060678e-06,-0.22407893245888033,0.0,0.0068849,-0.0137698,-0.0481943,-0.06884900000000001,-0.1858923,0.034424500000000004,-0.008287667887564,0.013055677655513999,-0.014546764346582,-0.0009485653235850001,-0.003983974359057001,0.001052045177067,0.5589999999999975,1.8939800002044649,0.27894200047740014,0.13414699969871435,17.755243999999948
pid,05:10:02.142,206,-89.997,-89.981,-0.062,-90.095,49.438,-0.0,0.0,0.0,0.0,0.0,-0.14834840839425226,0.0,-89.997,-89.981,-0.062,-90.095,50.0,-0.0,-89.997,-89.981,-0.062,-90.09499492582083,49.21598932439613,0.0,0.0,0.0,0.0,0.00012545773402559317,-5.489155062060856,0.0,0.0,0.0,0.0,5.074179171060678e-06,-0.2220106756038689,0.0,0.034424500000000004,-0.0068849,-0.0275396,0.0137698,-0.2685111,-0.0,-0.00814896214886,0.012552869352712,-0.013922588522413999,-0.001483211233242,-0.0039322344323160004,0.0018108974359350002,0.5619999999999976,2.1635889997924096,0.5178470000828383,0.21360900063882582,17.090213000301446
pid,05:10:02.162,207,-89.997,-89.981,-0.062,-90.095,49.434,-0.0,0.0,0.0,0.0,0.0,-0.19771862257548853,0.0,-89.997,-89.981,-0.062,-90.095,50.0,-0.0,-89.997,-89.981,-0.062,-90.09499492582083,49.214561855190276,0.0,0.0,0.0,0.0,0.00012540746458682928,-5.423375966530709,0.0,0.0,0.0,0.0,5.074179171060678e-06,-0.2194381448097218,0.0,0.0481943,0.0413094,0.0137698,-0.0275396,-0.344245,-0.0206547,-0.007923565323466,0.012015384615234,-0.013263736263569999,-0.001483211233242,-0.004173687423774,0.00120726495729,0.5660000000000025,2.084183000079065,0.5976240008749301,0.17320200004178332,17.092732000492106
pid,05:10:02.182,208,-89.997,-89.981,-0.062,-90.095,49.427,-0.0,0.0,0.0,0.0,0.0,-0.34573052919138947,0.0,-89.997,-89.981,-0.062,-90.095,50.0,-0.0,-89.997,-89.981,-0.062,-90.09499492582083,49.21164193124103,0.0,0.0,0.0,0.0,0.0001253070464667673,-5.31827564840676,0.0,0.0,0.0,0.0,5.074179171060678e-06,-0.21535806875896668,0.0,-0.0413094,0.0481943,-0.0068849,0.0757339,-0.27539600000000003,0.0481943,-0.008825152625042,0.012292796092642,-0.013159706959542,-0.000569139194151,-0.0037252747253520005,0.0009140720390910001,0.5730000000000004,2.148051999938616,0.36123700010648463,0.13536900041799527,17.429988000003505
pid,05:10:02.203,209,-89.997,-89.981,-0.062,-90.095,49.419,-0.0,0.0,0.0,0.0,0.0,-0.3950926902789564,0.0,-89.997,-89.981,-0.062,-90.095,50.0,-0.0,-89.997,-89.981,-0.062,-90.09499492582083,49.20823014764118,0.0,0.0,0.0,0.0,0.00012529819376472793,-5.20460174988221,0.0,0.0,0.0,0.0,5.074179171060678e-06,-0.2107698523588155,0.0,0.0137698,-0.0206547,-0.0137698,-0.0275396,-0.2272017,-0.0137698,-0.008374358974254,0.012015384615234,-0.013593162392991999,-0.0017764041514410002,-0.0038804945055750002,0.0008795787545970001,0.5810000000000031,2.0482189993344946,0.30877500012138626,0.10844400003406918,17.581781999979285
pid,05:10:02.223,210,-89.997,-89.981,-0.062,-90.095,49.411,-0.0,0.0,0.0,0.0,0.0,-0.3957170554518174,0.0,-89.997,-89.981,-0.062,-90.095,50.0,-0.0,-89.997,-89.981,-0.062,-90.09499492582083,49.20482552253532,0.0,0.0,0.0,0.0,0.00012549620256210124,-5.099172320730251,0.0,0.0,0.0,0.0,5.074179171060678e-06,-0.20617447746467832,0.0,0.0068849,-0.0068849,-0.0,-0.0,-0.1721225,-0.0068849,-0.008513064712957999,0.012050061049909999,-0.014113308913132,-0.001259004884031,-0.004121947497033001,0.001052045177067,0.5889999999999986,1.9801830003416399,0.3059600003325613,0.10898100026679458,17.654837000009138
pid,05:10:02.243,211,-89.997,-89.981,-0.062,-90.095,49.406,-0.0,0.0,0.0,0.0,0.0,-0.24280180148901542,0.0,-89.997,-89.981,-0.062,-90.095,50.0,-0.0,-89.997,-89.981,-0.062,-90.09499492582083,49.202937132494924,0.0,0.0,0.0,0.0,0.00012320198441701473,-4.930403004573166,0.0,0.0,0.0,0.0,5.074179171060678e-06,-0.20306286750507496,0.0,0.034424500000000004,-0.0413094,-0.0068849,0.0137698,-0.206547,0.0137698,-0.008513064712957999,0.012015384615234,-0.013801221001048,-0.001396978022007,-0.004415140415232,0.000724358974374,0.5940000000000012,2.125736999914807,0.29040400022495305,0.10679600018193014,17.57228299993585
pid,05:10:02.264,212,-89.997,-89.981,-0.062,-90.095,49.402,-0.0,0.0,0.0,0.0,0.0,-0.19730473233595236,0.0,-89.997,-89.981,-0.062,-90.095,50.0,-0.0,-89.997,-89.981,-0.062,-90.09499492582083,49.20154330143261,0.0,0.0,0.0,0.0,0.0001251449454329054,-4.943881906976203,0.0,0.0,0.0,0.0,5.074179171060678e-06,-0.20045669856739323,0.0,-0.0068849,-0.0068849,0.034424500000000004,0.0068849,-0.3029356,0.0481943,-0.008686446886338,0.012050061049909999,-0.013593162392991999,-0.00041391941392800006,-0.0036217948718700005,0.001052045177067,0.597999999999999,2.1037570004409645,0.3046450001420453,0.10510999982216163,17.54243100003805
pid,05:10:02.284,213,-89.997,-89.981,-0.062,-90.095,49.398,-0.0,0.0,0.0,0.0,0.0,-0.1978655281809473,0.0,-89.997,-89.981,-0.062,-90.095,50.0,-0.0,-89.997,-89.981,-0.062,-90.09499492582083,49.200151795499806,0.0,0.0,0.0,0.0,0.00012550064275749565,-4.893417435388224,0.0,0.0,0.0,0.0,5.074179171060678e-06,-0.1978482045001968,0.0,0.0068849,0.0,-0.0,-0.0068849,-0.5645618,0.0206547,-0.008287667887564,0.012292796092642,-0.014026617826442,-0.00155219780223,-0.003069902319966,0.000362179487187,0.6019999999999968,2.1259780005493667,0.29488600011973176,0.11712899959093193,17.74879900040105
pid,05:10:02.305,214,-89.997,-89.981,-0.062,-90.095,49.393,-0.0,0.0,0.0,0.0,0.0,-0.2410159401469979,0.0,-89.997,-89.981,-0.062,-90.095,50.0,-0.0,-89.997,-89.981,-0.062,-90.09499492582083,49.198281421905044,0.0,0.0,0.0,0.0,0.00012229580637434422,-4.693028116361925,0.0,0.0,0.0,0.0,5.074179171060678e-06,-0.19471857809495674,0.0,0.0206547,0.0413094,0.0068849,0.0068849,-0.5301373,0.0481943,-0.008825152625042,0.011772649572502,-0.014009279609104,-0.000258699633705,-0.003242368742436,0.001052045177067,0.6069999999999993,4.045068999403156,0.36636599998018937,0.1699980002740631,15.63985800021328
pid,05:10:02.325,215,-89.997,-89.981,-0.062,-90.095,49.385,-0.0,0.0,0.0,0.0,0.0,-0.3898595529117814,0.0,-89.997,-89.981,-0.062,-90.095,50.0,-0.0,-89.997,-89.981,-0.062,-90.09499492582083,49.19491241837072,0.0,0.0,0.0,0.0,0.00012363857647500597,-4.6317162242528855,0.0,0.0,0.0,0.0,5.074179171060678e-06,-0.1900875816292782,0.0,-0.034424500000000004,-0.0068849,-0.0,0.0206547,-0.3855544,-0.0206547,-0.008513064712957999,0.011807326007178,-0.013801221001048,-0.002552503052556,-0.002552503052556,0.001500457875489,0.615000000000002,2.756564000264916,0.2835530003721942,0.10007299988501472,17.01926999976422
pid,05:10:02.346,216,-89.997,-89.981,-0.062,-90.095,49.374,-0.0,0.0,0.0,0.0,0.0,-0.5384467007443676,0.0,-89.997,-89.981,-0.062,-90.095,50.0,-0.0,-89.997,-89.981,-0.062,-90.09499492582083,49.19005185027647,0.0,0.0,0.0,0.0,0.0001241897742927761,-4.50210337848659,0.0,0.0,0.0,0.0,5.074179171060678e-06,-0.18394814972353402,0.0,-0.0206547,-0.0275396,-0.0,-0.0,-0.3580148,-0.0206547,-0.009137240537126,0.012258119657965999,-0.014321367521187999,-0.000793345543362,-0.002897435897496,0.001345238095266,0.6259999999999977,3.130338999653759,0.2795899999910034,0.09555500037095044,16.620237000097404
pid,05:10:02.366,217,-89.997,-89.981,-0.062,-90.095,49.366,-0.0,0.0,0.0,0.0,0.0,-0.39046747503911383,0.0,-89.997,-89.981,-0.062,-90.095,50.0,-0.0,-89.997,-89.981,-0.062,-90.09499492582083,49.18670132818747,0.0,0.0,0.0,0.0,0.00012383137058732065,-4.375643728780216,0.0,0.0,0.0,0.0,5.074179171060678e-06,-0.179298671812532,0.0,-0.0137698,0.0206547,0.0137698,-0.0,-0.413094,-0.0275396,-0.008825152625042,0.012050061049909999,-0.01369719169702,-0.001327991453019,-0.002793956044014,0.0008968253968440001,0.6340000000000003,2.867600000172388,0.2765519993772614,0.09559200043440796,16.819290000057663
pid,05:10:02.386,218,-89.997,-89.981,-0.062,-90.095,49.359,-0.0,0.0,0.0,0.0,0.0,-0.3463954034378789,0.0,-89.997,-89.981,-0.062,-90.095,50.0,-0.0,-89.997,-89.981,-0.062,-90.09499492582083,49.18384899844456,0.0,0.0,0.0,0.0,0.00012554802439918844,-4.333678703311757,0.0,0.0,0.0,0.0,5.074179171060678e-06,-0.1751510015554416,0.0,0.0275396,-0.0895037,-0.0137698,-0.034424500000000004,-0.6816051000000001,-0.0,-0.008513064712957999,0.011789987789839999,-0.01369719169702,-0.00155219780223,-0.001396978022007,0.000741605616621,0.6409999999999982,2.8443230003176723,0.28003399984299904,0.09564699939801358,18.413495999993756
pid,05:10:02.408,219,-89.997,-89.981,-0.062,-90.095,49.351,-0.0,0.0,0.0,0.0,0.0,-0.36706411560731195,0.0,-89.997,-89.981,-0.062,-90.095,50.0,-0.0,-89.997,-89.981,-0.062,-90.09499492582083,49.18055623183775,0.0,0.0,0.0,0.0,0.0001164093181500532,-3.9102369388270644,0.0,0.0,0.0,0.0,5.074179171060678e-06,-0.17044376816225082,0.0,0.0068849,-0.0206547,-0.0068849,0.0137698,-0.6127561,-0.0275396,-0.008651770451661999,0.012084737484586,-0.013922588522413999,-0.001172771672796,-0.002121336996381,0.000586385836398,0.6490000000000009,2.1550519995798822,0.3390520005268627,0.1350170005025575,17.426857999453205
pid,05:10:02.428,220,-89.997,-89.981,-0.062,-90.095,49.339,-0.0,0.0,0.0,0.0,0.0,-0.5913995252978862,0.0,-89.997,-89.981,-0.062,-90.095,50.0,-0.0,-89.997,-89.981,-0.062,-90.09499492582083,49.1752268444829,0.0,0.0,0.0,0.0,0.0001250361314131884,-4.035640267889431,0.0,0.0,0.0,0.0,5.074179171060678e-06,-0.1637731555170987,0.0,-0.0137698,-0.0826188,-0.0068849,-0.0137698,-0.3235903,0.0275396,-0.008443711843605999,0.012015384615234,-0.01421733821716,-0.0024662698413210004,-0.0028112026862610003,0.0009658119658320001,0.6610000000000014,2.1201449999352917,0.328088999594911,0.15372000052593648,17.46171000013419
pid,05:10:02.449,221,-89.997,-89.981,-0.062,-90.095,49.327,-0.0,0.0,0.0,0.0,0.0,-0.5887362178475151,0.0,-89.997,-89.981,-0.062,-90.095,50.0,-0.0,-89.997,-89.981,-0.062,-90.09499492582083,49.1699127204113,0.0,0.0,0.0,0.0,0.00012447304394674075,-3.8534571190417406,0.0,0.0,0.0,0.0,5.074179171060678e-06,-0.15708727958870128,0.0,0.0619641,0.0137698,-0.0068849,-0.0068849,-0.3304752,-0.0137698,-0.00797557997548,0.011668620268474,-0.013281074480908,5.173992674100001e-05,-0.002207570207616,0.001052045177067,0.6730000000000018,1.9966640002166969,0.3287190002083662,0.15720200008217944,17.576819000169053
pid,05:10:02.469,222,-89.997,-89.981,-0.062,-90.095,49.319,-0.0,0.0,0.0,0.0,0.0,-0.3953626958876093,0.0,-89.997,-89.981,-0.062,-90.095,50.0,-0.0,-89.997,-89.981,-0.062,-90.09499492582083,49.166601708024025,0.0,0.0,0.0,0.0,0.00012538382231708274,-3.765787472770144,0.0,0.0,0.0,0.0,5.074179171060678e-06,-0.15239829197597743,0.0,-0.0137698,-0.0137698,-0.0413094,0.0068849,-0.4062091,-0.0068849,-0.008686446886338,0.012240781440628,-0.013385103784935999,-0.001483211233242,-0.001603937728971,0.001345238095266,0.6809999999999974,1.9051290000788867,0.28212699999130564,0.09199899977829773,17.788946999644395
pid,05:10:02.489,223,-89.997,-89.981,-0.062,-90.095,49.312,-0.0,0.0,0.0,0.0,0.0,-0.34621159379299304,0.0,-89.997,-89.981,-0.062,-90.095,50.0,-0.0,-89.997,-89.981,-0.062,-90.09499492582083,49.16379723643589,0.0,0.0,0.0,0.0,0.00012548140417964734,-3.6649653555728126,0.0,0.0,0.0,0.0,5.074179171060678e-06,-0.14820276356410744,0.0,-0.0275396,0.0137698,-0.0068849,0.034424500000000004,-0.5714467,-0.0206547,-0.008513064712957999,0.012795604395443999,-0.014026617826442,-0.001396978022007,-0.001310744810772,0.001414224664254,0.6880000000000024,1.9074430001637666,0.28001600003335625,0.17134999961854191,20.76393500010454
pid,05:10:02.512,224,-89.997,-89.981,-0.062,-90.095,49.305,-0.0,0.0,0.0,0.0,0.0,-0.3012747478270672,0.0,-89.997,-89.981,-0.062,-90.095,50.0,-0.0,-89.997,-89.981,-0.062,-90.09499492582083,49.16110463898706,0.0,0.0,0.0,0.0,0.00010919443218834528,-3.09657418590499,0.0,0.0,0.0,0.0,5.074179171060678e-06,-0.14389536101293743,0.0,-0.0275396,-0.0275396,0.0137698,0.0206547,-0.5576769,0.0068849,-0.007923565323466,0.012015384615234,-0.013489133088964,-0.001172771672796,-0.000603632478645,0.0008968253968440001,0.6950000000000003,1.9106099998680293,0.32112600001710234,0.10662800013960805,17.702318000374362
pid,05:10:02.533,225,-89.997,-89.981,-0.062,-90.095,49.295,-0.0,0.0,0.0,0.0,0.0,-0.4961324816653851,0.0,-89.997,-89.981,-0.062,-90.095,50.0,-0.0,-89.997,-89.981,-0.062,-90.09499492582083,49.15681513469744,0.0,0.0,0.0,0.0,0.0001258732552643815,-3.4279000075585637,0.0,0.0,0.0,0.0,5.074179171060678e-06,-0.1381848653025628,0.0,-0.0550792,0.0137698,-0.034424500000000004,-0.0550792,-0.26162620000000003,-0.0206547,-0.008894505494394,0.01170329670315,-0.014113308913132,-0.0009485653235850001,-0.002207570207616,0.001500457875489,0.7049999999999983,1.8406660001346609,0.28177500007586787,0.10818400005518924,17.811595000239322
pid,05:10:02.553,226,-89.997,-89.981,-0.062,-90.095,49.284,-0.0,0.0,0.0,0.0,0.0,-0.545752185382033,0.0,-89.997,-89.981,-0.062,-90.095,50.0,-0.0,-89.997,-89.981,-0.062,-90.09499492582083,49.1520367076211,0.0,0.0,0.0,0.0,0.00012587474420150242,-3.2736025093625187,0.0,0.0,0.0,0.0,5.074179171060678e-06,-0.1319632923788987,0.0,0.0,-0.034424500000000004,0.0481943,0.0206547,-0.2478564,0.0413094,-0.008443711843605999,0.012015384615234,-0.013281074480908,-0.000638125763139,-0.000810592185609,0.000741605616621,0.7160000000000011,1.8261109999002656,0.26879300003201934,0.09114699969359208,17.859760999272112
pid,05:10:02.573,227,-89.997,-89.981,-0.062,-90.095,49.276,-0.0,0.0,0.0,0.0,0.0,-0.3969529397844718,0.0,-89.997,-89.981,-0.062,-90.095,50.0,-0.0,-89.997,-89.981,-0.062,-90.09499492582083,49.14876626513529,0.0,0.0,0.0,0.0,0.00012588814622087793,-3.1566128183958666,0.0,0.0,0.0,0.0,5.074179171060678e-06,-0.1272337348647099,0.0,-0.0068849,-0.0275396,-0.0137698,-0.06884900000000001,-0.3098205,0.0137698,-0.008686446886338,0.012258119657965999,-0.013679853479682,-0.002017857142899,-0.001052045177067,0.0018108974359350002,0.7239999999999966,1.8311110006834497,0.2670899993972853,0.08920300024328753,17.859391000456526
pid,05:10:02.593,228,-89.997,-89.981,-0.062,-90.095,49.27,-0.0,0.0,0.0,0.0,0.0,-0.29769005287626665,0.0,-89.997,-89.981,-0.062,-90.095,50.0,-0.0,-89.997,-89.981,-0.062,-90.09499492582083,49.146501929622175,0.0,0.0,0.0,0.0,0.00012587772218142131,-3.0636789250742575,0.0,0.0,0.0,0.0,5.074179171060678e-06,-0.12349807037782767,0.0,-0.0068849,-0.0206547,0.0206547,0.06884900000000001,-0.4544034,0.0068849,-0.008981196581083999,0.012015384615234,-0.014026617826442,-0.0024662698413210004,-0.00022420634921100003,0.001121031746055,0.7299999999999969,1.826574000006076,0.2672750006240676,0.08781399992585648,17.864594000457146
pid,05:10:02.613,229,-89.997,-89.981,-0.062,-90.095,49.264,-0.0,0.0,0.0,0.0,0.0,-0.2977287935073345,0.0,-89.997,-89.981,-0.062,-90.095,50.0,-0.0,-89.997,-89.981,-0.062,-90.09499492582083,49.14424354415465,0.0,0.0,0.0,0.0,0.00012589410359002925,-2.9712454261292645,0.0,0.0,0.0,0.0,5.074179171060678e-06,-0.11975645584535499,0.0,0.034424500000000004,-0.0068849,0.0068849,-0.0550792,-0.5232524000000001,0.0137698,-0.009449328449209999,0.012500854700698,-0.013281074480908,-0.001396978022007,0.0017246642247000002,0.001500457875489,0.7359999999999971,1.8285739997736528,0.26603399965097196,0.08668400005262811,17.82813200043165
pid,05:10:02.633,230,-89.997,-89.981,-0.062,-90.095,49.257,-0.0,0.0,0.0,0.0,0.0,-0.34730917005797507,0.0,-89.997,-89.981,-0.062,-90.095,50.0,-0.0,-89.997,-89.981,-0.062,-90.09499492582083,49.141492300658705,0.0,0.0,0.0,0.0,0.00012587921122422178,-2.865491656678775,0.0,0.0,0.0,0.0,5.074179171060678e-06,-0.11550769934129335,0.0,0.0550792,-0.0068849,-0.0413094,-0.0137698,-0.3580148,0.0137698,-0.008443711843605999,0.012258119657965999,-0.014460073259891999,-0.001345238095266,-0.000569139194151,0.001052045177067,0.7430000000000021,1.8321479992664536,0.267422999968403,0.1670540004852228,17.77781800046796
pid,05:10:02.654,231,-89.997,-89.981,-0.062,-90.095,49.246,-0.0,0.0,0.0,0.0,0.0,-0.5431629111626979,0.0,-89.997,-89.981,-0.062,-90.095,50.0,-0.0,-89.997,-89.981,-0.062,-90.09499492582083,49.13675579166937,0.0,0.0,0.0,0.0,0.00012527754232359508,-2.697154646570619,0.0,0.0,0.0,0.0,5.074179171060678e-06,-0.10924420833062953,0.0,0.0275396,0.0,-0.0206547,0.0206547,-0.1721225,0.0068849,-0.008374358974254,0.012240781440628,-0.014009279609104,-0.00224206349211,0.00024145299145800003,0.000293192918199,0.7539999999999978,2.0607940004992997,0.31475600007979665,0.13070200020592893,17.536115999973845
pid,05:10:02.674,232,-89.997,-89.981,-0.062,-90.095,49.237,-0.0,0.0,0.0,0.0,0.0,-0.4449350667719785,0.0,-89.997,-89.981,-0.062,-90.095,50.0,-0.0,-89.997,-89.981,-0.062,-90.09499492582083,49.13302747730541,0.0,0.0,0.0,0.0,0.000125426680497057,-2.5700567404203287,0.0,0.0,0.0,0.0,5.074179171060678e-06,-0.10397252269459045,0.0,-0.0068849,0.0137698,-0.0413094,0.0413094,-0.13769800000000001,-0.0068849,-0.007923565323466,0.012206105005952,-0.013801221001048,-0.001259004884031,-0.001293498168525,0.001121031746055,0.7629999999999981,2.182162999815773,0.2940889999081264,0.11955399986618431,17.445543000576436
pid,05:10:02.694,233,-89.997,-89.981,-0.062,-90.095,49.232,-0.0,0.0,0.0,0.0,0.0,-0.24793426730520457,0.0,-89.997,-89.981,-0.062,-90.095,50.0,-0.0,-89.997,-89.981,-0.062,-90.09499492582083,49.13130187610912,0.0,0.0,0.0,0.0,0.0001258062895318415,-2.496651556588029,0.0,0.0,0.0,0.0,5.074179171060678e-06,-0.10069812389087929,0.0,-0.0206547,-0.0619641,0.0826188,0.0206547,-0.13081310000000002,-0.0,-0.00875579975569,0.012292796092642,-0.013922588522413999,-0.0017764041514410002,-0.000724358974374,0.000810592185609,0.7680000000000007,1.9275539998488966,0.2850339997166884,0.09135100026469445,17.728095000165922
pid,05:10:02.714,234,-89.997,-89.981,-0.062,-90.095,49.228,-0.0,0.0,0.0,0.0,0.0,-0.19827943366335005,0.0,-89.997,-89.981,-0.062,-90.095,50.0,-0.0,-89.997,-89.981,-0.062,-90.09499492582083,49.130080575125696,0.0,0.0,0.0,0.0,0.00012576317157977183,-2.4269260135911397,0.0,0.0,0.0,0.0,5.074179171060678e-06,-0.0979194248743056,0.0,-0.0137698,-0.0481943,-0.0206547,-0.0275396,-0.2409715,0.0206547,-0.008218315018212,0.011460561660417999,-0.013801221001048,-0.001086538461561,-0.00010347985348200002,0.001414224664254,0.7719999999999985,1.994684000237612,0.3247560007366701,0.12746199990942841,17.577059999894118
pid,05:10:02.734,235,-89.997,-89.981,-0.062,-90.095,49.224,-0.0,0.0,0.0,0.0,0.0,-0.19846238289037219,0.0,-89.997,-89.981,-0.062,-90.095,50.0,-0.0,-89.997,-89.981,-0.062,-90.09499492582083,49.12886258730221,0.0,0.0,0.0,0.0,0.00012587921122422178,-2.3601497032506344,0.0,0.0,0.0,0.0,5.074179171060678e-06,-0.09513741269778819,0.0,0.034424500000000004,-0.0275396,-0.0,0.06884900000000001,-0.2409715,-0.0068849,-0.008513064712957999,0.012327472527317999,-0.014113308913132,-0.002017857142899,-0.000758852258868,0.001345238095266,0.7760000000000034,1.8972020006913226,0.2708489992073737,0.08496200007357402,17.797149999751127
pid,05:10:02.755,236,-89.997,-89.981,-0.062,-90.095,49.221,-0.0,0.0,0.0,0.0,0.0,-0.1488397444996508,0.0,-89.997,-89.981,-0.062,-90.095,50.0,-0.0,-89.997,-89.981,-0.062,-90.09499492582083,49.12814765986729,0.0,0.0,0.0,0.0,0.0001258732552643815,-2.303353096924479,0.0,0.0,0.0,0.0,5.074179171060678e-06,-0.09285234013270838,0.0,-0.0550792,-0.0068849,-0.0,0.0137698,-0.28916580000000003,-0.0,-0.007854212454114,0.012760927960768,-0.013263736263569999,-3.4493284494e-05,0.000327686202693,0.0009830586080790001,0.7790000000000035,1.8845550002879463,0.27370099996915087,0.08198000068659894,17.808483999942837
pid,05:10:02.775,237,-89.997,-89.981,-0.062,-90.095,49.217,-0.0,0.0,0.0,0.0,0.0,-0.19845768766697464,0.0,-89.997,-89.981,-0.062,-90.095,50.0,-0.0,-89.997,-89.981,-0.062,-90.09499492582083,49.126936744945525,0.0,0.0,0.0,0.0,0.0001258762331738486,-2.2342181677351935,0.0,0.0,0.0,0.0,5.074179171060678e-06,-0.09006325505447421,0.0,0.0963886,0.0275396,0.0275396,-0.0,-0.1721225,0.0068849,-0.008894505494394,0.01170329670315,-0.01421733821716,-0.0024662698413210004,-0.00046565934066900006,0.001121031746055,0.7830000000000013,1.877517999673728,0.3166639999108156,0.08447999971394893,17.771298999832652
pid,05:10:02.795,238,-89.997,-89.981,-0.062,-90.095,49.212,-0.0,0.0,0.0,0.0,0.0,-0.24807210958363016,0.0,-89.997,-89.981,-0.062,-90.095,50.0,-0.0,-89.997,-89.981,-0.062,-90.09499492582083,49.125230868881225,0.0,0.0,0.0,0.0,0.0001258762331738486,-2.1525001403392867,0.0,0.0,0.0,0.0,5.074179171060678e-06,-0.08676913111877838,0.0,-0.0413094,0.0550792,0.0137698,0.034424500000000004,-0.14458290000000001,-0.0206547,-0.008651770451661999,0.011547252747108,-0.013489133088964,-0.0009485653235850001,-0.000776098901115,0.0008968253968440001,0.7879999999999967,1.880146999610588,0.26879300003201934,0.08142499973473605,17.816706000303384
pid,05:10:02.815,239,-89.997,-89.981,-0.062,-90.095,49.208,-0.0,0.0,0.0,0.0,0.0,-0.1984670783355869,0.0,-89.997,-89.981,-0.062,-90.095,50.0,-0.0,-89.997,-89.981,-0.062,-90.09499492582083,49.12402898613739,0.0,0.0,0.0,0.0,0.00012588218941551107,-2.0831852232710792,0.0,0.0,0.0,0.0,5.074179171060678e-06,-0.08397101386260886,0.0,0.0137698,-0.0068849,-0.034424500000000004,-0.0206547,-0.1170433,-0.0206547,-0.008443711843605999,0.012327472527317999,-0.013055677655513999,-0.001396978022007,-0.001000305250326,0.000586385836398,0.7920000000000016,1.8752400001176284,0.2719229996728245,0.08237000020017149,17.820095000388392
pid,05:10:02.835,240,-89.997,-89.981,-0.062,-90.095,49.204,-0.0,0.0,0.0,0.0,0.0,-0.19845768766697464,0.0,-89.997,-89.981,-0.062,-90.095,50.0,-0.0,-89.997,-89.981,-0.062,-90.09499492582083,49.12283117224503,0.0,0.0,0.0,0.0,0.0001258762331738486,-2.0135722333625075,0.0,0.0,0.0,0.0,5.074179171060678e-06,-0.08116882775497203,0.0,0.0481943,0.0068849,-0.0481943,0.0068849,-0.0826188,0.0068849,-0.008599755799648,0.012258119657965999,-0.014650793650609999,-0.000569139194151,-0.000379426129434,0.0008968253968440001,0.7959999999999994,1.9124059999739984,0.2679229992281762,0.08025799979805015,17.785891000130505
pid,05:10:02.855,241,-89.997,-89.981,-0.062,-90.095,49.202,-0.0,0.0,0.0,0.0,0.0,-0.0987673577997981,0.0,-89.997,-89.981,-0.062,-90.095,50.0,-0.0,-89.997,-89.981,-0.062,-90.09499492582083,49.12263913149166,0.0,0.0,0.0,0.0,0.0001252908174684847,-1.9595658238140303,0.0,0.0,0.0,0.0,5.074179171060678e-06,-0.07936086850833846,0.0,-0.0275396,0.0,0.0275396,-0.0206547,-0.0413094,-0.0137698,-0.008374358974254,0.011737973137826,-0.01369719169702,-0.0017074175824530002,-0.001414224664254,0.001121031746055,0.7980000000000018,1.8826840005203849,0.27023799975722795,0.08457300009467872,17.810168999858433
pid,05:10:02.876,242,-89.997,-89.981,-0.062,-90.095,49.2,-0.0,0.0,0.0,0.0,0.0,-0.0990191815099738,0.0,-89.997,-89.981,-0.062,-90.095,50.0,-0.0,-89.997,-89.981,-0.062,-90.09499492582083,49.122447055762294,0.0,0.0,0.0,0.0,0.00012561026712526192,-1.919807265531143,0.0,0.0,0.0,0.0,5.074179171060678e-06,-0.0775529442377092,0.0,0.0275396,0.0068849,0.0413094,0.0068849,-0.0826188,-0.0,-0.007906227106128,0.012240781440628,-0.013385103784935999,-0.001483211233242,-0.000293192918199,0.0016556776557120003,0.7999999999999972,1.844444000198564,0.26695999986259267,0.07592600013595074,17.854464999800257
pid,05:10:02.896,243,-89.997,-89.981,-0.062,-90.095,49.199,-0.0,0.0,0.0,0.0,0.0,-0.04962733683586572,0.0,-89.997,-89.981,-0.062,-90.095,50.0,-0.0,-89.997,-89.981,-0.062,-90.09499492582083,49.122754070656775,0.0,0.0,0.0,0.0,0.00012590899947998973,-1.8919412089308156,0.0,0.0,0.0,0.0,5.074179171060678e-06,-0.07624592934322294,0.0,-0.0826188,0.0137698,0.0068849,-0.0,-0.0481943,0.0068849,-0.009154578754464,0.011980708180558,-0.013801221001048,-0.001172771672796,-0.000534645909657,0.001345238095266,0.8010000000000019,1.8348699995840434,0.2673680000953027,0.07642499986104667,17.86848300071142
pid,05:10:02.916,244,-89.997,-89.981,-0.062,-90.095,49.199,-0.0,0.0,0.0,0.0,0.0,0.0,0.0,-89.997,-89.981,-0.062,-90.095,50.0,-0.0,-89.997,-89.981,-0.062,-90.09499492582083,49.12356177305507,0.0,0.0,0.0,0.0,0.00012580182768301429,-1.8703058177755343,0.0,0.0,0.0,0.0,5.074179171060678e-06,-0.07543822694492519,0.0,-0.0895037,-0.034424500000000004,0.034424500000000004,0.0137698,-0.0068849,0.0206547,-0.009137240537126,0.011287179487038,-0.013801221001048,-0.0019316239316640002,-0.0019143772894170002,0.001103785103808,0.8010000000000019,1.9140180002068519,0.32260700027109124,0.12409099963406334,17.66191099977732
pid,05:10:02.936,245,-89.997,-89.981,-0.062,-90.095,49.198,-0.0,0.0,0.0,0.0,0.0,-0.049624401036313166,0.0,-89.997,-89.981,-0.062,-90.095,50.0,-0.0,-89.997,-89.981,-0.062,-90.09499492582083,49.12386984326172,0.0,0.0,0.0,0.0,0.0001259015510944122,-1.8393323134368895,0.0,0.0,0.0,0.0,5.074179171060678e-06,-0.07413015673827772,0.0,0.0068849,-0.0206547,-0.0068849,0.0413094,-0.0,0.0137698,-0.008738461538352,0.012552869352712,-0.013887912087738,-0.001327991453019,-0.001017551892573,0.001327991453019,0.8019999999999996,1.8937019995064475,0.4023299998152652,0.13101700005790917,17.598116000044683
